id,name_he,primaryMuscle,secondaryMuscles,muscleGroups,movementGroup,movementType,programIds,targetPrograms,exec_locations,exec_methods_count,video_fullTutorial_he_per_method,has_fullTutorial_he_any,has_any_video,tags,exerciseRole,isFollowAlong,isFinisherVideo,fieldReady,gap_no_primaryMuscle,gap_no_targetPrograms_or_level,gap_no_execution_methods,gap_no_video,core_candidate,core_secondary,core_role
"kbxV76kyWw1nL3i8Mewi","דגל אנושי","shoulders","back|abs|obliques|forearms|glutes|traps|core","","core","compound","pull|push|human_flag","pull:21 | push:21 | human_flag:10","park|gym","2","park[ft_he:n] | gym[ft_he:n]","false","true","","main","false","","","false","false","false","false","true","false","primary"
"FSbQ2OfFSDzWxGOSRljt","דגל אקצנטרי בטאק","shoulders","back|abs|obliques|forearms|glutes|traps|core","","core","compound","pull|push|human_flag","pull:18 | push:18 | human_flag:9","park|gym","2","park[ft_he:n] | gym[ft_he:n]","false","true","","main","false","","","false","false","false","false","true","false","primary"
"DWiXoX8UHKQiAS1ye40c","דגל ב-45°","shoulders","back|abs|obliques|forearms|glutes|traps|core","","core","compound","pull|push|human_flag","pull:13 | push:13 | human_flag:2","park|gym|home","3","park[ft_he:n] | gym[ft_he:n] | home[ft_he:n]","false","true","","main","false","","","false","false","false","false","true","false","primary"
"ycvdr08dAy8xr1p5COyy","דגל בטאק","shoulders","back|abs|obliques|forearms|glutes|traps|core","","core","compound","pull|push|human_flag","pull:16 | push:16 | human_flag:7","park|gym","2","park[ft_he:n] | gym[ft_he:n]","false","true","","main","false","","","false","false","false","false","true","false","primary"
"FU3FAudvpYTZqYU0m8GV","דגל בעזרת גומייה","shoulders","back|abs|obliques|forearms|glutes|traps|core","","core","compound","pull|push|human_flag","pull:19 | push:19 | human_flag:9","park|gym","2","park[ft_he:n] | gym[ft_he:n]","false","true","","main","false","","","false","false","false","false","true","false","primary"
"WJIrY4OW1QgfhTeNLvNS","דגל בפישוק","shoulders","back|abs|obliques|forearms|glutes|traps|core","","core","compound","pull|push|human_flag","pull:20 | push:20 | human_flag:9","park|gym","2","park[ft_he:n] | gym[ft_he:n]","false","true","","main","false","","","false","false","false","false","true","false","primary"
"fg0NDJmRtK2RPXU7gHqr","דגל נמוך","shoulders","back|abs|obliques|forearms|glutes|traps|core","","core","compound","pull|push|human_flag","pull:14 | push:14 | human_flag:3","park|gym|home","3","park[ft_he:n] | gym[ft_he:n] | home[ft_he:n]","false","true","","main","false","","","false","false","false","false","true","false","primary"
"0vBLmiJuZnq6djGSa5LD","דגל פלאנק צידי","shoulders","back|abs|obliques|forearms|glutes|traps|core","","core","compound","pull|push|human_flag","pull:12 | push:12 | human_flag:1","park|gym","2","park[ft_he:n] | gym[ft_he:n]","false","true","","main","false","","","false","false","false","false","true","false","primary"
"5LGfy2EB72CeLhQDcnY6","דרגון פלאג בטאק","abs","back|shoulders|obliques|forearms|core","","core","compound","pull|core","pull:14 | core:14","park|home|gym|airport","4","park[ft_he:n] | home[ft_he:n] | gym[ft_he:n] | airport[ft_he:n]","false","true","","main","false","","","false","false","false","false","true","false","primary"
"qnSex7AN2TXhTiytUXX8","דרגון פלאג בטאק מתקדם","abs","back|shoulders|obliques|forearms|core","","core","compound","pull|core","pull:15 | core:15","park|home|gym|airport","4","park[ft_he:n] | home[ft_he:n] | gym[ft_he:n] | airport[ft_he:n]","false","true","","main","false","","","false","false","false","false","true","false","primary"
"LxyBLJUs5ryW7fgrDPba","דרגון פלאג בפישוק","abs","back|shoulders|obliques|forearms|core","","core","compound","pull|core","pull:18 | core:18","park|home|gym|airport","4","park[ft_he:n] | home[ft_he:n] | gym[ft_he:n] | airport[ft_he:n]","false","true","","main","false","","","false","false","false","false","true","false","primary"
"PMZewv23o1W4ZP01jo95","הרמות רגל אחת בישיבת L","abs","chest|shoulders|obliques|forearms|triceps|quads|traps|core","","core","compound","core|push","core:4 | push:4","park|home|street|office","4","park[ft_he:y] | home[ft_he:n] | street[ft_he:n] | office[ft_he:n]","true","true","","main","false","","","false","false","false","false","true","false","primary"
"mMW69g4YfMnlNGuLQgne","הרמות רגליים בישיבת פייק/L","abs","chest|shoulders|obliques|forearms|triceps|quads|traps|core","","core","compound","core|push|legs","core:8 | push:8 | legs:5","park|home|street|office|airport","5","park[ft_he:y] | home[ft_he:n] | street[ft_he:n] | office[ft_he:n] | airport[ft_he:n]","true","true","","main","false","","","false","false","false","false","true","false","primary"
"k10Af7WEV0qDqx8PY7xQ","חימום פלג גוף עליון לבדיקה","","","chest|back|shoulders|abs|obliques","squat","compound","upper_body","upper_body:1","park|street","1","park+street[ft_he:n]","false","true","","warmup","true","","","true","false","false","false","true","false","primary"
"Ma6QH3kwbEZoIiME7r0K","ישיבת L","abs","chest|shoulders|obliques|forearms|triceps|quads|traps|core","","core","compound","core|push","core:12 | push:12","park|home|street|office","5","park[ft_he:n] | home[ft_he:n] | street[ft_he:n] | office[ft_he:n] | home[ft_he:n]","false","true","","main","false","","","false","false","false","false","true","false","primary"
"Ao3amXO9YEBEOSE48RRi","ישיבת L ברכיים כפופות","abs","chest|shoulders|obliques|forearms|triceps|quads|traps|core","","core","compound","core|push","core:7 | push:7","park|home|street|office","5","park[ft_he:y] | home[ft_he:n] | street[ft_he:n] | office[ft_he:n] | home[ft_he:n]","true","true","","main","false","","","false","false","false","false","true","false","primary"
"XWL3TUAVmN0Dmp2btFgN","ישיבת L בתמיכת הרגליים","abs","chest|shoulders|obliques|forearms|triceps|quads|traps|core","","core","compound","core|push","core:3 | push:3","park|home|street|office","4","park[ft_he:y] | home[ft_he:n] | street[ft_he:n] | office[ft_he:n]","true","true","","","","","","false","false","false","false","true","false","primary"
"PBpgwYAqyAPwGd276lny","ישיבת L על הרצפה","abs","chest|shoulders|obliques|forearms|triceps|quads|traps|core","","core","compound","core|push","core:14 | push:14","park|home|street|office","4","park[ft_he:n] | home[ft_he:n] | street[ft_he:n] | office[ft_he:n]","false","true","","main","false","","","false","false","false","false","true","false","primary"
"IEoGYRVKRxjaA0fQZNDw","ישיבת L רגל אחת","abs","chest|shoulders|obliques|forearms|triceps|quads|traps|core","","core","compound","core|push","core:10 | push:10","park|home|street|office","5","park[ft_he:y] | home[ft_he:n] | street[ft_he:n] | office[ft_he:n] | home[ft_he:n]","true","true","","main","false","","","false","false","false","false","true","false","primary"
"vVTTFbDP1LffViDAQfHn","כפיפת ירך על הגבהה","quads","abs|core","","core","compound","legs","legs:4","park|office|home|street","4","park[ft_he:y] | office[ft_he:n] | home[ft_he:n] | street[ft_he:n]","true","true","","main","false","","","false","false","false","false","true","false","primary"
"ETMVVSpt0lIpeF3mkEn6","מתיחות פלג גוף עליון לבדיקה","","","chest|back|shoulders|abs|obliques","","compound","upper_body","upper_body:1","park|street","1","park+street[ft_he:n]","false","true","","cooldown","true","","","true","false","false","false","true","false","primary"
"FHh3m3suMMtoLk1PrxYv","פלאנק","abs","core|obliques|chest|shoulders|traps","","core","compound","push|full_body|upper_body","push:2 | full_body:2 | upper_body:2","park|home|office","3","park[ft_he:y] | home[ft_he:n] | office[ft_he:n]","true","true","","main","false","","","false","false","false","false","true","false","primary"
"mIEhyPgMAxSryv46CZ2f","פלאנק גבוה טבעות","abs","core|obliques|chest|shoulders|traps","","core","compound","push","push:7","park|home|office","3","park[ft_he:y] | home[ft_he:n] | office[ft_he:n]","true","true","","main","false","","","false","false","false","false","true","false","primary"
"iEZGhtBNV7Tv5iNuT70E","פלאנק על הברכיים","abs","core|obliques|chest|shoulders|traps","","core","compound","full_body|push|upper_body","full_body:1 | push:1 | upper_body:1","park|home|office","3","park[ft_he:y] | home[ft_he:n] | office[ft_he:n]","true","true","","main","false","","","false","false","false","false","true","false","primary"
"BWbscvj0m3hvxghEMtKV","פלאנק עליות ונגיעות בכתפיים","shoulders","core|obliques|chest|traps|abs","","core","compound","push","push:3","park|home|office|street","4","park[ft_he:y] | home[ft_he:n] | office[ft_he:n] | street[ft_he:n]","true","true","","main","false","","","false","false","false","false","true","false","primary"
"ggzAxOz0vT3SOObT3Y7q","קופנהגן פלאנק","abs","core|obliques|shoulders|traps|hamstrings|legs","","core","compound","core|legs","core:7 | legs:7","park|home|office|street","4","park[ft_he:n] | home[ft_he:n] | office[ft_he:n] | street[ft_he:n]","false","true","","main","false","","","false","false","false","false","true","false","primary"
"RxpMhnXQBW80jq1no41f","שולחן הפוך","shoulders","back|abs|obliques|triceps|hamstrings|glutes|traps|core","","core","compound","push|full_body|upper_body|legs","push:1 | full_body:1 | upper_body:1 | legs:1","home|office|park","3","home[ft_he:n] | office[ft_he:n] | park[ft_he:y]","true","true","","main","false","","","false","false","false","false","true","false","primary"
"qHy5Te1jSPSi5jA3W9d6","qHy5Te1jSPSi5jA3W9d6","","","","","","","","","0","","false","false","","","","","","true","true","true","true","false","false",""
"BcsFnuiLx1fZY2SIVhoC","אופניים","","","","","","","","park|home","2","park[ft_he:n] | home[ft_he:n]","false","true","","","","","","true","true","false","false","false","false",""
"PnlKBGNsM3XSPN7LG3OH","בננה סופרמן על המתח","shoulders","chest|back|forearms|traps","","vertical_pull","compound","pull|muscle_up","pull:10 | muscle_up:1","home|office|park","3","home[ft_he:n] | office[ft_he:n] | park[ft_he:y]","true","true","","main","false","","","false","false","false","false","false","false",""
"2rRyq5b7CLbJuOgm8ODa","בק לבר","shoulders","chest|back|abs|forearms|biceps|core|traps","","horizontal_pull","compound","pull|push","pull:19 | push:19","park|home","4","park[ft_he:n] | home[ft_he:n] | home[ft_he:n] | park[ft_he:n]","false","true","","main","false","","","false","false","false","false","false","true","secondary"
"aSZkQwSZNbaZoPZtxn5q","בק לבר בטאק","shoulders","chest|back|abs|forearms|biceps|core|traps","","horizontal_pull","compound","pull|push","pull:13 | push:13","park|home","4","park[ft_he:n] | home[ft_he:n] | home[ft_he:n] | park[ft_he:y]","true","true","","main","false","","","false","false","false","false","false","true","secondary"
"k0IkLkbf3b8YbUfD5lBR","בק לבר בטאק מתקדם","shoulders","chest|back|abs|forearms|biceps|core|traps","","horizontal_pull","compound","pull|push","pull:15 | push:15","park|home","4","park[ft_he:n] | home[ft_he:n] | home[ft_he:n] | park[ft_he:n]","false","true","","main","false","","","false","false","false","false","false","true","secondary"
"Y3A9AJWaJ6m2cVIoJS7T","בק לבר בפישוק","shoulders","chest|back|abs|forearms|biceps|core|traps","","horizontal_pull","compound","pull|push","pull:17 | push:17","park|home","4","park[ft_he:n] | home[ft_he:n] | home[ft_he:n] | park[ft_he:n]","false","true","","main","false","","","false","false","false","false","false","true","secondary"
"6kRZiBHmQI34xaUcysBi","גוד מורנינג בישיבה","hamstrings","glutes|core","","hinge","compound","full_body|legs","full_body:1 | legs:1","park|home|office","3","park[ft_he:y] | home[ft_he:n] | office[ft_he:n]","true","true","","main","false","","","false","false","false","false","false","true","secondary"
"3sR44gVtDlzdot9Yq7MQ","גליל בטן אקצנטרי","","","","","","","","park|home","2","park[ft_he:n] | home[ft_he:n]","false","true","","main","false","","","true","true","false","false","false","false",""
"iuwmGaZnuvhZ1mZFXJyt","גליל בטן עם תמיכת הברכיים","","","","","","","","park|home","2","park[ft_he:n] | home[ft_he:n]","false","true","","","","","","true","true","false","false","false","false",""
"iq5FQ7UX4utmSCVSpPec","גמישות קרסול לעמוד","calves","legs","","isolation","compound","legs","legs:5","park|home|street|office","4","park[ft_he:y] | home[ft_he:n] | street[ft_he:n] | office[ft_he:n]","true","true","","main","false","","","false","false","false","false","false","false",""
"VS3FjnFAgULO96XLMK72","דדליפט הפוך","back","chest|shoulders|core|forearms|triceps|traps","","horizontal_pull","compound","pull|front_lever","pull:16 | front_lever:7","home|park","4","home[ft_he:n] | park[ft_he:y] | home[ft_he:n] | park[ft_he:n]","true","true","","main","false","","","false","false","false","false","false","true","secondary"
"3O5BDlJVD34kjYm3Emo8","דדליפט רגל אחת","hamstrings","glutes|core","","hinge","compound","legs","legs:4","park|home|office|street","4","park[ft_he:y] | home[ft_he:n] | office[ft_he:n] | street[ft_he:n]","true","true","","main","false","","","false","false","false","false","false","true","secondary"
"01HnnltgrzYyUMECUELx","דדליפט רגל אחת כנגד גומייה","hamstrings","glutes|core","","hinge","compound","legs","legs:5","park|home|street|office","4","park[ft_he:y] | home[ft_he:n] | street[ft_he:n] | office[ft_he:n]","true","true","","main","false","","","false","false","false","false","false","true","secondary"
"A7E66cGMdurMPAH6eBar","דדליפט רומני","hamstrings","glutes|core","","hinge","compound","full_body|legs","full_body:1 | legs:1","park|home|office","3","park[ft_he:y] | home[ft_he:n] | office[ft_he:n]","true","true","","main","false","","","false","false","false","false","false","true","secondary"
"DsKs15sWsVm33GaQI9Ty","דדליפט רומני בהתנגדות גומייה","hamstrings","glutes|core","","hinge","compound","legs","legs:3","park|home|office|street","4","park[ft_he:n] | home[ft_he:n] | office[ft_he:n] | street[ft_he:n]","false","true","","main","false","","","false","false","false","false","false","true","secondary"
"s3kFyaLCqNnyvbAs8QdA","דדליפט רומני על הגבהה","hamstrings","glutes|core","","hinge","compound","full_body|legs","full_body:2 | legs:2","park|home|office","4","park[ft_he:n] | park[ft_he:n] | home[ft_he:n] | office[ft_he:n]","false","true","","main","false","","","false","false","false","false","false","true","secondary"
"utqS1uxJEWc2CrkW9ONb","דרגון סקוואט","glutes","abs|quads|hamstrings|calves|core|legs","","squat","compound","legs","legs:12","home|park|street|office","4","home[ft_he:n] | park[ft_he:n] | street[ft_he:n] | office[ft_he:n]","false","true","","","","","","false","false","false","false","false","true","secondary"
"bSZmgdOBt9qbwvK5ihz6","דרגון סקוואט אקצנטרי","glutes","abs|quads|hamstrings|calves|core|legs","","squat","compound","legs","legs:9","home|park|street|office","4","home[ft_he:n] | park[ft_he:n] | street[ft_he:n] | office[ft_he:n]","false","true","","main","false","","","false","false","false","false","false","true","secondary"
"DYbteakuCXCRkiFoGP8K","דרגון סקוואט ברך כפופה","glutes","abs|quads|hamstrings|calves|core|legs","","squat","compound","legs","legs:7","home|park|street|office","4","home[ft_he:n] | park[ft_he:n] | street[ft_he:n] | office[ft_he:n]","false","true","","main","false","","","false","false","false","false","false","true","secondary"
"8xwrNMDXevR0MQiyQoZk","דרגון סקוואט בתמיכת יד","glutes","abs|quads|hamstrings|calves|core|legs","","squat","compound","legs","legs:8","home|park|street|office","4","home[ft_he:n] | park[ft_he:n] | street[ft_he:n] | office[ft_he:n]","false","true","","main","false","","","false","false","false","false","false","true","secondary"
"SlvsagDhHXcl3ppLeCe0","דרגון סקוואט טווח חלקי","glutes","abs|quads|hamstrings|calves|core|legs","","squat","compound","legs","legs:6","home|park|street|office","4","home[ft_he:n] | park[ft_he:n] | street[ft_he:n] | office[ft_he:n]","false","true","","main","false","","","false","false","false","false","false","true","secondary"
"4rDvdGHq9KAxewpBe4Mg","דרגון סקוואט מוגבה","glutes","abs|quads|hamstrings|calves|core|legs","","squat","compound","legs","legs:10","home|park|street|office","4","home[ft_he:n] | park[ft_he:n] | street[ft_he:n] | office[ft_he:n]","false","true","","main","false","","","false","false","false","false","false","true","secondary"
"i5IBSF7eXfN640A6isyM","החזקות מקבילים אקצנטרי","chest","shoulders|triceps|traps","","vertical_push","compound","push|planche","push:10 | planche:1","park|home|office","4","park[ft_he:y] | home[ft_he:n] | home[ft_he:n] | office[ft_he:n]","true","true","","main","false","","","false","false","false","false","false","false",""
"BLbgAyNJSZCc4YsoOxtP","החזקת הולו באדי","","","","","","","","park|home","2","park[ft_he:n] | home[ft_he:n]","false","true","","","","","","true","true","false","false","false","false",""
"rUIkmXn3wSpWdt3QbZ2C","החזקת חתירה ב-90° מעלות במרפק","back","forearms|shoulders|biceps|traps|core","","horizontal_pull","compound","pull","pull:3","park|home","7","park[ft_he:y] | park[ft_he:n] | park[ft_he:n] | park[ft_he:n] | home[ft_he:n] | home[ft_he:n] | home[ft_he:n]","true","true","","main","false","","","false","false","false","false","false","true","secondary"
"tqu4x2f4Zb8FUeokI0aL","החזקת מקבילים","chest","shoulders|triceps|traps","","vertical_push","compound","push","push:5","park|home","3","park[ft_he:y] | home[ft_he:n] | home[ft_he:n]","true","true","","main","false","","","false","false","false","false","false","false",""
"jPzXgBtka83RxOgOy8kQ","החזקת מקבילים ב-120°","chest","shoulders|triceps|traps","","vertical_push","compound","push","push:6","park|home|office","4","park[ft_he:y] | home[ft_he:n] | home[ft_he:n] | office[ft_he:n]","true","true","","main","false","","","false","false","false","false","false","false",""
"4YCuuEsNVwUcxNxp3m9H","החזקת מקבילים ב-120° עם גומייה","chest","shoulders|triceps|traps","","vertical_push","compound","push","push:5","park|home","4","park[ft_he:n] | home[ft_he:n] | park[ft_he:n] | home[ft_he:n]","false","true","","main","false","","","false","false","false","false","false","false",""
"Bkb5i5YfYocKrQILfbY3","החזקת מקבילים ב-15°","chest","shoulders|triceps|traps","","vertical_push","compound","push","push:7","park|home|office","4","park[ft_he:y] | home[ft_he:n] | home[ft_he:n] | office[ft_he:n]","true","true","","main","false","","","false","false","false","false","false","false",""
"SVWvr2YKMtQN3SJiqWmY","החזקת מקבילים ב-15° עם גומייה","chest","shoulders|triceps|traps","","vertical_push","compound","push","push:5","park|home","2","park[ft_he:n] | home[ft_he:n]","false","true","","main","false","","","false","false","false","false","false","false",""
"bilfw71EhTkDTSv759sV","החזקת מקבילים ב-90°","chest","shoulders|triceps|traps","","vertical_push","compound","push","push:7","park|home|office","4","park[ft_he:y] | home[ft_he:n] | home[ft_he:n] | office[ft_he:n]","true","true","","main","false","","","false","false","false","false","false","false",""
"7ocGV3FbYbue9nXC8aXh","החזקת מקבילים ב-90° עם גומייה","chest","shoulders|triceps|traps","","vertical_push","compound","push","push:5","park|home","4","park[ft_he:n] | home[ft_he:n] | park[ft_he:n] | home[ft_he:n]","false","true","","main","false","","","false","false","false","false","false","false",""
"wKGGFlDiIZDukG4MVoHD","החזקת מתח ב-120°","back","shoulders|abs|obliques|forearms|biceps|traps","","vertical_pull","compound","pull","pull:6","park|home|office","5","park[ft_he:y] | park[ft_he:n] | home[ft_he:n] | home[ft_he:n] | office[ft_he:n]","true","true","","main","false","","","false","false","false","false","false","true","secondary"
"uDGKZMVzOIoGAhSurvzR","החזקת מתח ב-120° עם תמיכה","back","shoulders|abs|obliques|forearms|biceps|traps","","vertical_pull","compound","pull","pull:5","park|home|office","4","park[ft_he:n] | home[ft_he:n] | home[ft_he:n] | office[ft_he:n]","false","true","","main","false","","","false","false","false","false","false","true","secondary"
"2Fl1kzroDz81c4gbuKlU","החזקת מתח ב-15°","back","shoulders|abs|obliques|forearms|biceps|traps","","vertical_pull","compound","pull","pull:6","park|home|office","5","park[ft_he:y] | park[ft_he:n] | home[ft_he:n] | home[ft_he:n] | office[ft_he:n]","true","true","","main","false","","","false","false","false","false","false","true","secondary"
"FymBLLEurdZP6D7GVoXY","החזקת מתח ב-15° עם תמיכה","back","shoulders|abs|obliques|forearms|biceps|traps","","vertical_pull","compound","pull","pull:5","park|home|office","3","park[ft_he:n] | home[ft_he:n] | office[ft_he:n]","false","true","","main","false","","","false","false","false","false","false","true","secondary"
"SLYwYGa0S8N7XSzSsTkc","החזקת מתח ב-90°","back","shoulders|abs|obliques|forearms|biceps|traps","","vertical_pull","compound","pull","pull:7","park|home|office","5","park[ft_he:y] | park[ft_he:n] | home[ft_he:n] | home[ft_he:n] | office[ft_he:n]","true","true","","main","false","","","false","false","false","false","false","true","secondary"
"aI79OpwpSkVK05nTzkYc","החזקת מתח ב-90° עם תמיכה","back","shoulders|abs|obliques|forearms|biceps|traps","","vertical_pull","compound","pull","pull:5","park|home|office","4","park[ft_he:n] | home[ft_he:n] | home[ft_he:n] | office[ft_he:n]","false","true","","main","false","","","false","false","false","false","false","true","secondary"
"WhivG5FdpScdWU0ZHR3x","החזקת מתח יד אחת ב-120°","back","shoulders|abs|obliques|forearms|biceps|traps","","vertical_pull","compound","pull|one_arm_pullup","pull:19 | one_arm_pullup:10","park|home|office","5","park[ft_he:n] | park[ft_he:n] | home[ft_he:n] | home[ft_he:n] | office[ft_he:n]","false","true","","main","false","","","false","false","false","false","false","true","secondary"
"48HQdvWfODiRsyd1WQOl","החזקת מתח יד אחת ב-15°","back","shoulders|abs|obliques|forearms|biceps|traps","","vertical_pull","compound","pull|one_arm_pullup","pull:18 | one_arm_pullup:9","park|home|office","5","park[ft_he:n] | park[ft_he:n] | home[ft_he:n] | home[ft_he:n] | office[ft_he:n]","false","true","","main","false","","","false","false","false","false","false","true","secondary"
"WRY4OTLIfEYxdIWZ82hm","החזקת מתח יד אחת ב-90°","back","shoulders|abs|obliques|forearms|biceps|traps","","vertical_pull","compound","pull|one_arm_pullup","pull:19 | one_arm_pullup:10","park|home|office","5","park[ft_he:n] | park[ft_he:n] | home[ft_he:n] | home[ft_he:n] | office[ft_he:n]","false","true","","main","false","","","false","false","false","false","false","true","secondary"
"uw9RwLsBYD9P1Hrw7jN7","החזקת פיסטול סקוואט","quads","hamstrings|calves|legs|core|glutes","","squat","compound","legs","legs:7","home|park|street|office","4","home[ft_he:n] | park[ft_he:y] | street[ft_he:n] | office[ft_he:n]","true","true","","main","false","","","false","false","false","false","false","true","secondary"
"YMT1UiAdwFPKVjHpyMMz","החזקת שכיבת סמיכה ב-90° במרפק","chest","shoulders|triceps|core","","horizontal_push","compound","push","push:3","park|street|home|office","4","park[ft_he:n] | street[ft_he:n] | home[ft_he:n] | office[ft_he:n]","false","true","","main","false","","","false","false","false","false","false","true","secondary"
"saxsXI4s9c1a4CAvi8H0","החזקת תמיכה על טבעות","chest","shoulders|triceps|traps","","vertical_push","compound","push|planche","push:10 | planche:1","park|home","2","park[ft_he:y] | home[ft_he:n]","true","true","","main","false","","","false","false","false","false","false","false",""
"MV1xme0QqOIXMJ23DogV","החזקת תמיכה על טבעות עם עזרה","chest","shoulders|triceps|traps","","vertical_push","compound","push","push:10","park|home","2","park[ft_he:y] | home[ft_he:n]","true","true","","main","false","","","false","false","false","false","false","false",""
"IvNc2jSwqscdwDfcBlwc","היפ טראסט","glutes","legs|hamstrings|calves|core","","hinge","compound","full_body|legs","full_body:1 | legs:1","home|office|park","3","home[ft_he:n] | office[ft_he:n] | park[ft_he:y]","true","true","","main","false","","","false","false","false","false","false","true","secondary"
"hvCIfyHrdXajHrZtEJ9m","היפ טראסט ארוך","glutes","legs|hamstrings|calves|core","","hinge","compound","legs","legs:7","home|office|park|street","4","home[ft_he:n] | office[ft_he:n] | park[ft_he:n] | street[ft_he:n]","false","true","","main","false","","","false","false","false","false","false","true","secondary"
"TXeGlGA7ECHGKQIhlcs7","היפ טראסט מוגבה","glutes","legs|hamstrings|calves|core","","hinge","compound","legs","legs:5","home|office|street|park","4","home[ft_he:n] | office[ft_he:n] | street[ft_he:n] | park[ft_he:y]","true","true","","main","false","","","false","false","false","false","false","true","secondary"
"sgmx86BRQqbUm0RpXBQM","היפ טראסט מוגבה רגל אחת","glutes","legs|hamstrings|calves|core","","hinge","compound","legs","legs:6","home|office|street|park","4","home[ft_he:n] | office[ft_he:n] | street[ft_he:n] | park[ft_he:n]","false","true","","main","false","","","false","false","false","false","false","true","secondary"
"j7vOGJMwlJR4K7MaaF24","היפ טראסט רגל אחת","glutes","legs|hamstrings|calves|core","","hinge","compound","full_body|legs","full_body:2 | legs:2","home|office|park","3","home[ft_he:n] | office[ft_he:n] | park[ft_he:y]","true","true","","main","false","","","false","false","false","false","false","true","secondary"
"E03CQ89CeVwQlVkjxR0d","הישענות פסודו פלאנץ׳","shoulders","chest|back|core|forearms|biceps|traps","","horizontal_push","isolation","push|planche","push:13 | planche:4","home|park|street|office|airport","5","home[ft_he:n] | park[ft_he:y] | street[ft_he:n] | office[ft_he:n] | airport[ft_he:n]","true","true","","main","false","","","false","false","false","false","false","true","secondary"
"4GVlUbVr5r9gNdUCKagI","הליכות דוב","","","","","","","","park|home","2","park[ft_he:n] | home[ft_he:n]","false","true","","","","","","true","true","false","false","false","false",""
"v6DZcJA4vW0tjZTA0bUU","הליכות דוב","","","","","","","","park|home","2","park[ft_he:n] | home[ft_he:n]","false","true","","","","","","true","true","false","false","false","false",""
"1hY3tAPGhB41EGXkdGaT","הליכות היפ טראסט","glutes","legs|hamstrings|calves|core","","hinge","compound","legs","legs:6","home|office|park|street","4","home[ft_he:n] | office[ft_he:n] | park[ft_he:n] | street[ft_he:n]","false","true","","main","false","","","false","false","false","false","false","true","secondary"
"AdIAFteC2tmYWTPaaDtl","הליכות זחל","","","","","","","","park|home","2","park[ft_he:n] | home[ft_he:n]","false","true","","","","","","true","true","false","false","false","false",""
"T1XghOTmtU74SeRRg9vb","הליכות זחל","","","","","","","","park|home","2","park[ft_he:n] | home[ft_he:n]","false","true","","","","","","true","true","false","false","false","false",""
"ANvq7ORET7uhLRK4XP6X","הליכות קיר","shoulders","abs|forearms|triceps|traps|core","","vertical_push","compound","push|handstand","push:14 | handstand:5","park|home|office","3","park[ft_he:y] | home[ft_he:n] | office[ft_he:n]","true","true","","main","false","","","false","false","false","false","false","true","secondary"
"eEqv5jF3JkNduEM9Qgp7","הליכת סרטן","","","","","","","","park|home","2","park[ft_he:n] | home[ft_he:n]","false","true","","","","","","true","true","false","false","false","false",""
"uujJWUGNVRx0G2GEr9S3","הרחקת כתף ימין","","","","","","","","park|home","2","park[ft_he:n] | home[ft_he:n]","false","true","","","","","","true","true","false","false","false","false",""
"DCnxDF0lbfzXLloH8gYp","הרחקת כתף שמאל","","","","","","","","park|home","2","park[ft_he:n] | home[ft_he:n]","false","true","","","","","","true","true","false","false","false","false",""
"r6F53Wm92MuJiDRQsEdp","הרמות פרונט לבר בטאק","back","chest|shoulders|core|forearms|triceps|traps","","horizontal_pull","compound","pull|front_lever","pull:14 | front_lever:5","home|park","4","home[ft_he:n] | park[ft_he:y] | home[ft_he:n] | park[ft_he:n]","true","true","","main","false","","","false","false","false","false","false","true","secondary"
"H9ySMJX46OSm3TgpGn3l","הרמות פרונט לבר בטאק מתקדם","back","chest|shoulders|core|forearms|triceps|traps","","horizontal_pull","compound","pull|front_lever","pull:17 | front_lever:8","home|park","4","home[ft_he:n] | park[ft_he:y] | home[ft_he:n] | park[ft_he:n]","true","true","","main","false","","","false","false","false","false","false","true","secondary"
"rjZ61De9VjHeFUu44pwL","הרמות פרונט לבר בפישוק","back","chest|shoulders|core|forearms|triceps|traps","","horizontal_pull","compound","pull|front_lever","pull:20 | front_lever:12","home|park","4","home[ft_he:n] | park[ft_he:n] | home[ft_he:n] | park[ft_he:n]","false","true","","main","false","","","false","false","false","false","false","true","secondary"
"n8rmFjVAjKNEfvRt1QwS","הרמות פרונט לבר חצי גוף","back","chest|shoulders|core|forearms|triceps|traps","","horizontal_pull","compound","pull|front_lever","pull:21 | front_lever:13","home|park","4","home[ft_he:n] | park[ft_he:n] | home[ft_he:n] | park[ft_he:n]","false","true","","main","false","","","false","false","false","false","false","true","secondary"
"GXxEpd4yrxil9l6Ajtso","הרמות פרונט לבר רגל אחת","back","chest|shoulders|core|forearms|triceps|traps","","horizontal_pull","compound","pull|front_lever","pull:20 | front_lever:11","home|park","4","home[ft_he:n] | park[ft_he:n] | home[ft_he:n] | park[ft_he:n]","false","true","","main","false","","","false","false","false","false","false","true","secondary"
"ydKO9Yw0MaV10p2bz003","הרמות תאומים טווח מלא","calves","legs","","isolation","isolation","legs","legs:3","home|office|park","3","home[ft_he:n] | office[ft_he:n] | park[ft_he:n]","false","true","","main","false","","","false","false","false","false","false","false",""
"SZqzS51lNqHDjgG0guxA","הרמות תאומים טווח מלא רגל אחת","calves","legs","","isolation","isolation","legs","legs:5","home|office|street|park","4","home[ft_he:n] | office[ft_he:n] | street[ft_he:n] | park[ft_he:y]","true","true","","main","false","","","false","false","false","false","false","false",""
"GSPTjOAgRueyZZPkryqe","חימום דינמי ריצה במקום","","","","","","","","park|home","2","park[ft_he:n] | home[ft_he:n]","false","true","","","","","","true","true","false","false","false","false",""
"ZYssXGqyPrIgvV1vXJcn","חימום דנימי קפיצות כוכב","","","","","","","","park|home","2","park[ft_he:n] | home[ft_he:n]","false","true","","","","","","true","true","false","false","false","false",""
"RAbscOoGqbAN8CbGEYhe","חימום הנפות","","","","","","","","park|home","2","park[ft_he:n] | home[ft_he:n]","false","true","","","","","","true","true","false","false","false","false",""
"WkXqEGdoSpq8KeC6EGAn","חימום כפיפות לפנים","","","","","","","","park|home","2","park[ft_he:n] | home[ft_he:n]","false","true","","","","","","true","true","false","false","false","false",""
"JBfizf0KaVURhTYjXZac","חימום כפיפות צידיות","","","","","","","","park|home","2","park[ft_he:n] | home[ft_he:n]","false","true","","","","","","true","true","false","false","false","false",""
"oGqeJNojQ3UNv73n6mBp","חימום סיבובי אגן","","","","","","","","park|home","2","park[ft_he:n] | home[ft_he:n]","false","true","","","","","","true","true","false","false","false","false",""
"eHCiPK74PTW3b7CdrhaZ","חימום סיבובי ברכיים","","","","","","","","park|home","2","park[ft_he:n] | home[ft_he:n]","false","true","","","","","","true","true","false","false","false","false",""
"UdAmrvtDL0nBYnj8UMe1","חימום סיבובי ידיים","","","","","","","","park|home","2","park[ft_he:n] | home[ft_he:n]","false","true","","","","","","true","true","false","false","false","false",""
"4wCedrBoFjPePiymHoYP","חימום סיבובי ירך","","","","","","","","park|home","2","park[ft_he:n] | home[ft_he:n]","false","true","","","","","","true","true","false","false","false","false",""
"34LJ5pJYnk5GPr77xlG9","חימום סיבובי מפרקים","","","","","","","","park|home","2","park[ft_he:n] | home[ft_he:n]","false","true","","","","","","true","true","false","false","false","false",""
"eHjbkb9XIK2txbwgYWH4","חימום סיבובי קרסול","","","","","","","","park|home","2","park[ft_he:n] | home[ft_he:n]","false","true","","","","","","true","true","false","false","false","false",""
"x7nwPNg3YbxnFLvvLLp2","חימום פשיטה וכפיפת עמוד השדרה","","","","","","","","park|home","2","park[ft_he:n] | home[ft_he:n]","false","true","","","","","","true","true","false","false","false","false",""
"8WN9CquCscUXK5SvNiIn","חימום רוטציות לצדדים עמוד השדרה","","","","","","","","park|home","2","park[ft_he:n] | home[ft_he:n]","false","true","","","","","","true","true","false","false","false","false",""
"3dIrpJQHp5QbimPVTZDk","חצי סמוך קום","","","","","","","","park|home","2","park[ft_he:n] | home[ft_he:n]","false","true","","","","","","true","true","false","false","false","false",""
"SlGTzi1pSjAJ6zaPRb4S","חתירות ב-15°","back","forearms|shoulders|biceps|traps|core","","horizontal_pull","compound","pull","pull:5","park|home","7","park[ft_he:n] | park[ft_he:n] | park[ft_he:n] | home[ft_he:n] | home[ft_he:n] | home[ft_he:n] | home[ft_he:n]","false","true","","main","false","","","false","false","false","false","false","true","secondary"
"pJdp23bQz6WRrkiPz3H2","חתירות ב-15° עם ברכיים כפופות","back","forearms|shoulders|biceps|traps|core","","horizontal_pull","compound","pull","pull:4","park|home","6","park[ft_he:y] | park[ft_he:n] | park[ft_he:n] | home[ft_he:n] | home[ft_he:n] | home[ft_he:n]","true","true","","main","false","","","false","false","false","false","false","true","secondary"
"LL5swCTdRecKz2MLTkEJ","חתירות ב-30°","back","forearms|shoulders|biceps|traps|core","","horizontal_pull","compound","pull","pull:3","park|home","7","park[ft_he:y] | park[ft_he:n] | park[ft_he:n] | park[ft_he:n] | home[ft_he:n] | home[ft_he:n] | home[ft_he:n]","true","true","","main","false","","","false","false","false","false","false","true","secondary"
"lNwM1Ft8IFxFtgXjQSIF","חתירות ב-45°","back","forearms|shoulders|biceps|traps|core","","horizontal_pull","compound","pull|full_body|upper_body","pull:2 | full_body:2 | upper_body:2","park|home","7","park[ft_he:y] | park[ft_he:n] | park[ft_he:n] | park[ft_he:n] | home[ft_he:n] | home[ft_he:n] | home[ft_he:n]","true","true","","main","false","","","false","false","false","false","false","true","secondary"
"1Ievv4bUCLrhl4kSJjt1","חתירות ב-60°","back","forearms|shoulders|biceps|traps|core","","horizontal_pull","compound","pull|full_body|upper_body","pull:1 | full_body:1 | upper_body:1","park|home","7","park[ft_he:y] | park[ft_he:n] | park[ft_he:n] | park[ft_he:n] | home[ft_he:n] | home[ft_he:n] | home[ft_he:n]","true","true","","main","false","","","false","false","false","false","false","true","secondary"
"gkc3KYN1tG5wX59OJbsM","חתירות ב-75°","back","forearms|shoulders|biceps|traps|core","","horizontal_pull","compound","pull|full_body|upper_body","pull:1 | full_body:1 | upper_body:1","park|home","6","park[ft_he:y] | park[ft_he:n] | park[ft_he:n] | home[ft_he:n] | home[ft_he:n] | home[ft_he:n]","true","true","","main","false","","","false","false","false","false","false","true","secondary"
"JA9KlPvSiSUaFY0jDF1S","חתירות באחיזה עמוקה","back","forearms|shoulders|biceps|traps|core","","horizontal_pull","compound","pull|muscle_up","pull:12 | muscle_up:1","park|home","2","park[ft_he:y] | home[ft_he:n]","true","true","","main","false","","","false","false","false","false","false","true","secondary"
"ZovShNVtJBRPgdwsngxr","חתירות בעמידה בהתנגדות גומיה","","","","","","","","park|home","2","park[ft_he:n] | home[ft_he:n]","false","true","","","","","","true","true","false","false","false","false",""
"aZPJ8uG279yATHs2mkba","חתירות יד אחת ב-45°","back","forearms|shoulders|biceps|traps|core","","horizontal_pull","compound","pull|front_lever|one_arm_pullup","pull:15 | front_lever:6 | one_arm_pullup:6","park|home","5","park[ft_he:y] | park[ft_he:n] | home[ft_he:n] | home[ft_he:n] | home[ft_he:n]","true","true","","main","false","","","false","false","false","false","false","true","secondary"
"VlXhoc85miQq4ETZbbmj","חתירות פרונט לבר בטאק","back","chest|shoulders|forearms|biceps|traps|core","","horizontal_pull","compound","pull|front_lever","pull:16 | front_lever:7","park|home","4","park[ft_he:n] | park[ft_he:n] | home[ft_he:n] | home[ft_he:n]","false","true","","main","false","","","false","false","false","false","false","true","secondary"
"J7wQr1CCzBM3HGqZH2co","חתירות פרונט לבר בטאק מתקדם בעזרת גומייה","back","chest|shoulders|forearms|biceps|traps|core","","horizontal_pull","compound","pull|front_lever","pull:17 | front_lever:8","park|home","4","park[ft_he:n] | park[ft_he:n] | home[ft_he:n] | home[ft_he:n]","false","true","","main","false","","","false","false","false","false","false","true","secondary"
"xDcrnqdzgPVeoDcDBoxc","חתירות קשתים ב-30°","back","forearms|shoulders|biceps|traps|core","","horizontal_pull","compound","pull","pull:13","park|home","6","park[ft_he:n] | park[ft_he:y] | park[ft_he:n] | home[ft_he:n] | home[ft_he:n] | home[ft_he:n]","true","true","","main","false","","","false","false","false","false","false","true","secondary"
"btdTyf1wUlNJviGkXWRT","חתירות קשתים ב-45°","back","forearms|shoulders|biceps|traps|core","","horizontal_pull","compound","pull|front_lever|one_arm_pullup","pull:12 | front_lever:3 | one_arm_pullup:3","park|home","6","park[ft_he:n] | park[ft_he:y] | park[ft_he:n] | home[ft_he:n] | home[ft_he:n] | home[ft_he:n]","true","true","","main","false","","","false","false","false","false","false","true","secondary"
"1OEFeykCym2378rgD4QK","כפיפות בטן","","","","","","","","park|home","2","park[ft_he:n] | home[ft_he:n]","false","true","","","","","","true","true","false","false","false","false",""
"OSXBFYoP1sWt4P05isJw","כפיפות בטן אלכוסונים","","","","","","","","park|home","2","park[ft_he:n] | home[ft_he:n]","false","true","","","","","","true","true","false","false","false","false",""
"5cdQOV3Kl5EpnyUt1JuG","כפיפות בטן חצי טווח","","","","","","","","park|home","2","park[ft_he:n] | home[ft_he:n]","false","true","","","","","","true","true","false","false","false","false",""
"wDUc5pDs5ufm3B5a0MqY","כפיפות ברכיים בתלייה אלכסונים","","","","","","","","park|home","2","park[ft_he:n] | home[ft_he:n]","false","true","","","","","","true","true","false","false","false","false",""
"nNc7TeLC8LtaVQJeK4Tf","כפיפות ברכים בפלאנק על trx","","","","","","","","park|home","2","park[ft_he:n] | home[ft_he:n]","false","true","","","","","","true","true","false","false","false","false",""
"CYEuO2uRt1QBCr5e2khC","כפיפת ברך כנגד גומייה","","","","","compound","legs","legs:4","park|home|office|street","4","park[ft_he:y] | home[ft_he:n] | office[ft_he:n] | street[ft_he:n]","true","true","","","","","","true","false","false","false","false","false",""
"OKWZS86a0QZcsdVgtapI","כפיפת ברכיים כנגד טבעות","hamstrings","glutes|core|legs|calves","","hinge","compound","legs","legs:7","park|home|office","3","park[ft_he:y] | home[ft_he:n] | office[ft_he:n]","true","true","","main","false","","","false","false","false","false","false","true","secondary"
"LitmztKbOSD9MvQwBDsE","כפיפת כתף בהתנגדות גומיה","","","","","","","","park|home","2","park[ft_he:n] | home[ft_he:n]","false","true","","","","","","true","true","false","false","false","false",""
"UmPbE7WydxjOSw5UlDIT","כפיפת מרפקים בהתנגדות גומיה","","","","","","","","park|home","2","park[ft_he:n] | home[ft_he:n]","false","true","","","","","","true","true","false","false","false","false",""
"fO2Sk5fpdHBYL239gXLE","כפיפת מרפקים במשקל גוף 30°","biceps","back|shoulders|core|forearms|traps","","isolation","compound","pull|front_lever|one_arm_pullup","pull:15 | front_lever:6 | one_arm_pullup:6","park|home|office","4","park[ft_he:y] | park[ft_he:n] | home[ft_he:n] | office[ft_he:n]","true","true","","main","false","","","false","false","false","false","false","true","secondary"
"SX7oDYmT5RmKnbxbE6Ju","כפיפת מרפקים במשקל גוף 45°","biceps","back|shoulders|core|forearms|traps","","isolation","compound","pull|front_lever|one_arm_pullup","pull:13 | front_lever:4 | one_arm_pullup:4","park|home|office","4","park[ft_he:y] | park[ft_he:n] | home[ft_he:n] | office[ft_he:n]","true","true","","main","false","","","false","false","false","false","false","true","secondary"
"sRdzCXh4FS0CChDzHEX2","כפיפת נורדיק","hamstrings","glutes|back|core|calves|legs","","hinge","compound","legs","legs:13","park|home","2","park[ft_he:y] | home[ft_he:n]","true","true","","main","false","","","false","false","false","false","false","true","secondary"
"NwwlEvJFz8anndYrMrhd","כפיפת נורדיק אקצנטרי","hamstrings","glutes|back|core|calves|legs","","hinge","compound","legs","legs:12","park|home","2","park[ft_he:y] | home[ft_he:n]","true","true","","main","false","","","false","false","false","false","false","true","secondary"
"8zw8ZEGDv5pgAUHLXyRj","כפיפת נורדיק בירך","hamstrings","glutes|back|core|calves|legs","","hinge","compound","legs","legs:6","home|park|street|office","4","home[ft_he:n] | park[ft_he:y] | street[ft_he:n] | office[ft_he:n]","true","true","","main","false","","","false","false","false","false","false","true","secondary"
"t3J7gdxcnsVPVi3QGDmH","כפיפת נורדיק בעזרת גומייה","hamstrings","glutes|back|core|calves|legs","","hinge","compound","legs","legs:8","park|home","2","park[ft_he:y] | home[ft_he:n]","true","true","","main","false","","","false","false","false","false","false","true","secondary"
"BNZ77eaNvZJnt9iwS57O","כפיפת נורדיק טווח חלקי","hamstrings","glutes|back|core|calves|legs","","hinge","compound","legs","legs:10","park|home","2","park[ft_he:y] | home[ft_he:n]","true","true","","main","false","","","false","false","false","false","false","true","secondary"
"b3NXJVRxYK5UcynPHtCV","לאנג׳ אחורי","glutes","quads|hamstrings|calves|legs","","squat","compound","full_body|legs","full_body:1 | legs:1","home|office|park","3","home[ft_he:n] | office[ft_he:n] | park[ft_he:n]","false","true","","main","false","","","false","false","false","false","false","false",""
"CHnLZy3KK4iQ1MAe4kRs","לאנג׳ בהצלבה","glutes","quads|hamstrings|calves|legs","","squat","compound","legs","legs:4","home|office|street|park","4","home[ft_he:n] | office[ft_he:n] | street[ft_he:n] | park[ft_he:y]","true","true","","main","false","","","false","false","false","false","false","false",""
"A6ktP57z5Pvp3XkS6vGQ","לאנג׳ בולגרי","glutes","quads|hamstrings|calves|legs","","squat","compound","legs","legs:5","home|office|street|park","4","home[ft_he:n] | office[ft_he:n] | street[ft_he:n] | park[ft_he:y]","true","true","","main","false","","","false","false","false","false","false","false",""
"iH5gqfgf5ggghCVOGbTc","לאנג׳ בולגרי טווח חלקי","glutes","quads|hamstrings|calves|legs","","squat","compound","legs","legs:4","home|office|street|park","4","home[ft_he:n] | office[ft_he:n] | street[ft_he:n] | park[ft_he:y]","true","true","","main","false","","","false","false","false","false","false","false",""
"mr6Eylc9mY4RBFmhts6y","לאנג׳ עמוק","quads","hamstrings|calves|legs|glutes","","squat","compound","legs","legs:7","home|office|park|street","4","home[ft_he:n] | office[ft_he:n] | park[ft_he:y] | street[ft_he:n]","true","true","","main","false","","","false","false","false","false","false","false",""
"qKejKkdy3IZhYj4CKxJ8","לאנג׳ קדמי","glutes","quads|hamstrings|calves|legs","","squat","compound","full_body|legs","full_body:1 | legs:1","home|office|park","3","home[ft_he:n] | office[ft_he:n] | park[ft_he:y]","true","true","","main","false","","","false","false","false","false","false","false",""
"kb1MB9It40iDOrR1aacW","לחיצה מישיבת L לפייק","shoulders","chest|abs|obliques|forearms|biceps|triceps|quads|traps|core|serratus|hip_flexors","","horizontal_push","compound","push|planche","push:17 | planche:8","home|park","2","home[ft_he:n] | park[ft_he:n]","false","true","","main","false","","","false","false","false","false","false","true","secondary"
"HSYxn9dL4d9nUImW3Y7G","לחיצה מישיבת L לפלנאץ׳ בטאק","shoulders","chest|abs|obliques|forearms|biceps|triceps|quads|traps|core|serratus|hip_flexors","","horizontal_push","compound","push|planche","push:16 | planche:7","home|park","2","home[ft_he:n] | park[ft_he:y]","true","true","","main","false","","","false","false","false","false","false","true","secondary"
"Vr2htqrpnuBObpjzzzyj","לחיצת חזה בשכיבה בהתנגדות גומיה","","","","","","","","park|home","2","park[ft_he:n] | home[ft_he:n]","false","true","","","","","","true","true","false","false","false","false",""
"TZMFGuNweuAnTLIjyhkx","לחיצת כתפיים בהתנגות גומייה","","","","","","","","park|home","2","park[ft_he:n] | home[ft_he:n]","false","true","","","","","","true","true","false","false","false","false",""
"kMBpyHBuiJN98EpoyOXK","לחיצת רגליים כנגד עמוד","quads","hamstrings|glutes|calves|legs","","squat","compound","legs","legs:6","home|park|street|office","4","home[ft_he:n] | park[ft_he:n] | street[ft_he:n] | office[ft_he:n]","false","true","","main","false","","","false","false","false","false","false","false",""
"tWZ1PnXwUFZKOZFqvyp9","מטפס הרים","","","","","","","","park|home","2","park[ft_he:n] | home[ft_he:n]","false","true","","","","","","true","true","false","false","false","false",""
"qhIpGmdbCe3uv5bKRPQK","מספריים אופקיים בשכיבה","","","","","","","","park|home","2","park[ft_he:n] | home[ft_he:n]","false","true","","","","","","true","true","false","false","false","false",""
"ovwmeDEgpucFfaVQGpR7","מספרים בשכיבה","","","","","","","","park|home","2","park[ft_he:n] | home[ft_he:n]","false","true","","","","","","true","true","false","false","false","false",""
"hSVTgimudJNF5uVF7DfM","מקבילים","chest","shoulders|triceps|traps","","vertical_push","compound","push|planche","push:10 | planche:1","park|home|office","5","park[ft_he:y] | home[ft_he:n] | home[ft_he:n] | home[ft_he:n] | office[ft_he:n]","true","true","","main","false","","","false","false","false","false","false","false",""
"0XUsTtJ7pSclRqgJAqFJ","מקבילים אקצנטרי","chest","shoulders|triceps|traps","","vertical_push","compound","push","push:8","park|home|office","4","park[ft_he:y] | home[ft_he:n] | home[ft_he:n] | office[ft_he:n]","true","true","","main","false","","","false","false","false","false","false","false",""
"m11Y20Q6vcvU2IL7pk25","מקבילים בולגריים","chest","shoulders|triceps|traps","","vertical_push","compound","push|planche","push:17 | planche:8","park|home|office","3","park[ft_he:n] | home[ft_he:n] | office[ft_he:n]","false","true","","main","false","","","false","false","false","false","false","false",""
"LpsSUoca7b1lQMqU8ZZi","מקבילים טווח עליון","chest","shoulders|triceps|traps","","vertical_push","compound","push","push:8","park|home|office","4","park[ft_he:y] | home[ft_he:n] | home[ft_he:n] | office[ft_he:n]","true","true","","main","false","","","false","false","false","false","false","false",""
"kgWSXDf5rACGGhcBRtOl","מקבילים טווח תחתון","chest","shoulders|triceps|traps","","vertical_push","compound","push","push:8","park|home|office","4","park[ft_he:y] | home[ft_he:n] | home[ft_he:n] | office[ft_he:n]","true","true","","main","false","","","false","false","false","false","false","false",""
"oFjSRmVT4jDTg3bTfoFg","מקבילים על טבעות","chest","shoulders|triceps|traps","","vertical_push","compound","push|planche","push:14 | planche:5","park|home|office","3","park[ft_he:y] | home[ft_he:n] | office[ft_he:n]","true","true","","main","false","","","false","false","false","false","false","false",""
"tk7WiobxvhIGxqcpU2ab","מקבילים על טבעות בעזרת גומיה דקה","chest","shoulders|triceps|traps","","vertical_push","compound","push|planche","push:12 | planche:3","park|home|office","3","park[ft_he:y] | home[ft_he:n] | office[ft_he:n]","true","true","","main","false","","","false","false","false","false","false","false",""
"nMuPfFBhXptn5GrRBgFe","מקבילים על מוט","chest","shoulders|triceps|traps","","vertical_push","compound","push|planche","push:16 | planche:7","park|home","2","park[ft_he:y] | home[ft_he:n]","true","true","","main","false","","","false","false","false","false","false","false",""
"dfhTg6POZm0fp2L5zo6Z","מקבילים עם גומייה בינונית","chest","shoulders|triceps|traps","","vertical_push","compound","push","push:7","park|home|office","4","park[ft_he:y] | home[ft_he:n] | home[ft_he:n] | office[ft_he:n]","true","true","","main","false","","","false","false","false","false","false","false",""
"KXt9e7KXCi6teocBmhHR","מקבילים עם גומייה דקה","chest","shoulders|triceps|traps","","vertical_push","compound","push","push:9","park|home|office","4","park[ft_he:y] | home[ft_he:n] | home[ft_he:n] | office[ft_he:n]","true","true","","main","false","","","false","false","false","false","false","false",""
"SI8PrjIAPoALx97w2aI1","מקבילים עם גומייה עבה","chest","shoulders|triceps|traps","","vertical_push","compound","push","push:6","park|home|office","4","park[ft_he:n] | home[ft_he:n] | home[ft_he:n] | office[ft_he:n]","false","true","","main","false","","","false","false","false","false","false","false",""
"ErRjOw4bfgMpMOGox75p","משיכות Y","shoulders","forearms|biceps|traps|core|back","","horizontal_pull","compound","pull|front_lever","pull:10 | front_lever:1","park|home","6","park[ft_he:n] | park[ft_he:n] | park[ft_he:y] | home[ft_he:n] | home[ft_he:n] | home[ft_he:n]","true","true","","main","false","","","false","false","false","false","false","true","secondary"
"FYBDtK6zKGBjaxMNBjJN","משיכות פנים","shoulders","forearms|biceps|traps|core|back","","horizontal_pull","compound","pull","pull:10","park|home","5","park[ft_he:y] | park[ft_he:n] | park[ft_he:n] | home[ft_he:n] | home[ft_he:n]","true","true","","main","false","","","false","false","false","false","false","true","secondary"
"sPASfuHeE1eAFQgHrE5z","מתח","back","shoulders|abs|obliques|forearms|biceps|traps","","vertical_pull","compound","pull|front_lever|one_arm_pullup","pull:11 | front_lever:2 | one_arm_pullup:2","park|home|office","5","park[ft_he:y] | park[ft_he:n] | home[ft_he:n] | home[ft_he:n] | office[ft_he:n]","true","true","","main","false","","","false","false","false","false","false","true","secondary"
"YIjtB5lbLr0nxDqCdgpB","מתח אוסטרלי ב-15° מעלות","back","forearms|shoulders|biceps|traps|core","","horizontal_pull","compound","pull","pull:5","park","1","park[ft_he:n]","false","true","","main","false","","","false","false","false","false","false","true","secondary"
"8Fn68O2jggNncaAgMoYG","מתח אוסטרלי ב-30° מעלות","back","forearms|shoulders|biceps|traps|core","","horizontal_pull","compound","pull","pull:3","park","1","park[ft_he:y]","true","true","","main","false","","","false","false","false","false","false","true","secondary"
"yt4SZR62igNtPJqo1Tah","מתח אוסטרלי ב-60° מעלות","back","forearms|shoulders|biceps|traps|core","","horizontal_pull","compound","pull","pull:1","park","1","park[ft_he:n]","false","true","","main","false","","","false","false","false","false","false","true","secondary"
"68xum7WRurKikYoKPrjB","מתח אקצנטרי","back","shoulders|abs|obliques|forearms|biceps|traps","","vertical_pull","compound","pull","pull:8","park|home","4","park[ft_he:y] | park[ft_he:n] | home[ft_he:n] | home[ft_he:n]","true","true","","main","false","","","false","false","false","false","false","true","secondary"
"gEEbTNLGhfAIGMCaDCI9","מתח אקצנטרי עם החזקות","back","shoulders|abs|obliques|forearms|biceps|traps","","vertical_pull","compound","pull","pull:9","park|home","4","park[ft_he:y] | park[ft_he:n] | home[ft_he:n] | home[ft_he:n]","true","true","","main","false","","","false","false","false","false","false","true","secondary"
"s8Vik8xmESBfh6HTGmXx","מתח אקצנטרי עם תמיכה","back","shoulders|abs|obliques|forearms|biceps|traps","","vertical_pull","compound","pull","pull:5","park|home","4","park[ft_he:y] | park[ft_he:n] | home[ft_he:n] | home[ft_he:n]","true","true","","main","false","","","false","false","false","false","false","true","secondary"
"ihFQrvU8P7fQmr7OQWCC","מתח באחיזה מעורבת","back","shoulders|abs|obliques|forearms|biceps|traps","","vertical_pull","compound","pull|front_lever|one_arm_pullup","pull:13 | front_lever:4 | one_arm_pullup:4","park|home|office","5","park[ft_he:n] | park[ft_he:n] | home[ft_he:n] | home[ft_he:n] | office[ft_he:n]","false","true","","main","false","","","false","false","false","false","false","true","secondary"
"i9WbX3wse5v1glqbyE9T","מתח טווח עליון","back","shoulders|abs|obliques|forearms|biceps|traps","","vertical_pull","compound","pull","pull:7","park|home","4","park[ft_he:y] | park[ft_he:n] | home[ft_he:n] | home[ft_he:n]","true","true","","main","false","","","false","false","false","false","false","true","secondary"
"9ZTyLTiFe5TxI2jVbuPZ","מתח טווח תחתון","back","shoulders|abs|obliques|forearms|biceps|traps","","vertical_pull","compound","pull","pull:8","park|home|office","5","park[ft_he:y] | park[ft_he:n] | home[ft_he:n] | home[ft_he:n] | office[ft_he:n]","true","true","","main","false","","","false","false","false","false","false","true","secondary"
"PUJaMMGpcFAeKfHaeJlm","מתח יד אחת בעזרת אצבעות","back","shoulders|abs|obliques|forearms|biceps|traps","","vertical_pull","compound","pull|front_lever|one_arm_pullup","pull:17 | front_lever:8 | one_arm_pullup:8","park|home|office","5","park[ft_he:n] | park[ft_he:n] | home[ft_he:n] | home[ft_he:n] | office[ft_he:n]","false","true","","main","false","","","false","false","false","false","false","true","secondary"
"HFdBVEtBQfpx4EYeLe7j","מתח יד אחת עם גומייה","back","shoulders|abs|obliques|forearms|biceps|traps","","vertical_pull","compound","pull|front_lever","pull:19 | front_lever:10","park|home|office","5","park[ft_he:n] | park[ft_he:n] | home[ft_he:n] | home[ft_he:n] | office[ft_he:n]","false","true","","main","false","","","false","false","false","false","false","true","secondary"
"LyrudhfINxmKc3BYWhFT","מתח יד אחת עם חולצה","back","shoulders|abs|obliques|forearms|biceps|traps","","vertical_pull","compound","pull|front_lever|one_arm_pullup","pull:16 | front_lever:7 | one_arm_pullup:7","park|home|office","5","park[ft_he:n] | park[ft_he:n] | home[ft_he:n] | home[ft_he:n] | office[ft_he:n]","false","true","","main","false","","","false","false","false","false","false","true","secondary"
"Ed0LyBklkJrgH2r97mKA","מתח לא שוויוני עם טבעות","back","shoulders|abs|obliques|forearms|biceps|traps","","vertical_pull","compound","pull|front_lever|one_arm_pullup","pull:18 | front_lever:9 | one_arm_pullup:9","park|home|office","3","park[ft_he:n] | home[ft_he:n] | office[ft_he:n]","false","true","","main","false","","","false","false","false","false","false","true","secondary"
"Am5MHd1RothiK0lvlXAF","מתח מכונת כתיבה (Typewriter)","back","shoulders|abs|obliques|forearms|biceps|traps","","vertical_pull","compound","pull|front_lever|one_arm_pullup","pull:16 | front_lever:7 | one_arm_pullup:7","park|home|office","5","park[ft_he:y] | park[ft_he:n] | home[ft_he:n] | home[ft_he:n] | office[ft_he:n]","true","true","","main","false","","","false","false","false","false","false","true","secondary"
"J1OjYnCc9FkhU0jnlnOC","מתח מתפרץ גבוה","back","shoulders|abs|obliques|forearms|biceps|traps","","vertical_pull","compound","pull|muscle_up|front_lever|one_arm_pullup","pull:16 | muscle_up:7 | front_lever:7 | one_arm_pullup:7","park|home","2","park[ft_he:y] | home[ft_he:n]","true","true","","main","false","","","false","false","false","false","false","true","secondary"
"gzj8eefE4V0Ec4BlvTP2","מתח מתפרץ עם גומייה בינונית","back","shoulders|abs|obliques|forearms|biceps|traps","","vertical_pull","compound","pull|front_lever|one_arm_pullup","pull:13 | front_lever:4 | one_arm_pullup:4","park|home","2","park[ft_he:n] | home[ft_he:n]","false","true","","main","false","","","false","false","false","false","false","true","secondary"
"8C5esYmeG9fZGyoDgzMu","מתח מתפרץ עם טבעות","back","shoulders|abs|obliques|forearms|biceps|traps","","vertical_pull","compound","pull|muscle_up|one_arm_pullup","pull:16 | muscle_up:7 | one_arm_pullup:7","park|home","2","park[ft_he:n] | home[ft_he:n]","false","true","","main","false","","","false","false","false","false","false","true","secondary"
"G9WQ109opm7vPRrnYsHW","מתח סופינציה","back","shoulders|abs|obliques|forearms|biceps|traps","","vertical_pull","compound","pull|front_lever|one_arm_pullup","pull:10 | front_lever:1 | one_arm_pullup:1","park|home|office","5","park[ft_he:y] | park[ft_he:n] | home[ft_he:n] | home[ft_he:n] | office[ft_he:n]","true","true","","main","false","","","false","false","false","false","false","true","secondary"
"fIRs3qc4SPVBTrg6sUmC","מתח סופינציה מתפרץ","back","shoulders|abs|obliques|forearms|biceps|traps","","vertical_pull","compound","pull|front_lever|one_arm_pullup","pull:12 | front_lever:3 | one_arm_pullup:3","park|home|office","3","park[ft_he:y] | home[ft_he:n] | office[ft_he:n]","true","true","","main","false","","","false","false","false","false","false","true","secondary"
"UsdsWvP2QPERD0S0lJVI","מתח עם גומייה בינונית","back","shoulders|abs|obliques|forearms|biceps|traps","","vertical_pull","compound","pull","pull:7","park|home","4","park[ft_he:y] | park[ft_he:n] | home[ft_he:n] | home[ft_he:n]","true","true","","main","false","","","false","false","false","false","false","true","secondary"
"ZyLOv94JNxsC3urlqMMw","מתח עם גומייה דקה","back","shoulders|abs|obliques|forearms|biceps|traps","","vertical_pull","compound","pull","pull:9","park|home","3","park[ft_he:y] | park[ft_he:n] | home[ft_he:n]","true","true","","main","false","","","false","false","false","false","false","true","secondary"
"CFhoMTpjSMjXAlUG4xFw","מתח עם גומייה עבה","back","shoulders|abs|obliques|forearms|biceps|traps","","vertical_pull","compound","pull","pull:6","park|home","3","park[ft_he:y] | park[ft_he:n] | home[ft_he:n]","true","true","","main","false","","","false","false","false","false","false","true","secondary"
"nCze4KVY6zUMkzYISWf1","מתח עם החזקות","back","shoulders|abs|obliques|forearms|biceps|traps","","vertical_pull","compound","pull|front_lever|one_arm_pullup","pull:14 | front_lever:5 | one_arm_pullup:5","park|home","4","park[ft_he:y] | park[ft_he:n] | home[ft_he:n] | home[ft_he:n]","true","true","","main","false","","","false","false","false","false","false","true","secondary"
"6942rEl6J6OU4o3wL0di","מתח צר","back","shoulders|abs|obliques|forearms|biceps|traps","","vertical_pull","compound","pull|front_lever|one_arm_pullup","pull:12 | front_lever:3 | one_arm_pullup:3","park|home|office","5","park[ft_he:n] | park[ft_he:n] | home[ft_he:n] | home[ft_he:n] | office[ft_he:n]","false","true","","main","false","","","false","false","false","false","false","true","secondary"
"DYedWU31zFrpuskfsd1E","מתח קומנדו","back","shoulders|abs|obliques|forearms|biceps|traps","","vertical_pull","compound","pull|front_lever|one_arm_pullup","pull:11 | front_lever:2 | one_arm_pullup:2","park|home|office","3","park[ft_he:n] | home[ft_he:n] | office[ft_he:n]","false","true","","main","false","","","false","false","false","false","false","true","secondary"
"jlnko9XPxuYlyoBBf3Gc","מתח קשתים","back","shoulders|abs|obliques|forearms|biceps|traps","","vertical_pull","compound","pull|front_lever|one_arm_pullup","pull:16 | front_lever:7 | one_arm_pullup:7","park|home|office","5","park[ft_he:n] | park[ft_he:n] | home[ft_he:n] | home[ft_he:n] | office[ft_he:n]","false","true","","main","false","","","false","false","false","false","false","true","secondary"
"vidg1p5HPoqaVjccqUo4","מתח רחב","back","shoulders|abs|obliques|forearms|biceps|traps","","vertical_pull","compound","pull|front_lever|one_arm_pullup","pull:12 | front_lever:3 | one_arm_pullup:3","park|home|office","5","park[ft_he:n] | park[ft_he:n] | home[ft_he:n] | home[ft_he:n] | office[ft_he:n]","false","true","","main","false","","","false","false","false","false","false","true","secondary"
"GhVf8ZD1uJR40zA9a7LF","מתח שכמות (תלייה אקטיבית פסיבית)","shoulders","chest|back|forearms|traps","","vertical_pull","compound","pull","pull:5","home|office|park","3","home[ft_he:n] | office[ft_he:n] | park[ft_he:y]","true","true","","main","false","","","false","false","false","false","false","false",""
"bipC8JTcoyzcJv5Ue0ep","מתח שכמות יד אחת","traps","chest|back|forearms|shoulders","","vertical_pull","compound","pull|one_arm_pullup","pull:15 | one_arm_pullup:6","home|office|park","5","home[ft_he:n] | home[ft_he:n] | office[ft_he:n] | park[ft_he:n] | park[ft_he:n]","false","true","","main","false","","","false","false","false","false","false","false",""
"nSZYgU7RTLsOI8kaxpQj","מתח שכמות יד אחת עם תמיכה","traps","chest|back|forearms|shoulders","","vertical_pull","compound","pull|one_arm_pullup","pull:12 | one_arm_pullup:3","home|office|park","5","home[ft_he:n] | home[ft_he:n] | office[ft_he:n] | park[ft_he:n] | park[ft_he:n]","false","true","","main","false","","","false","false","false","false","false","false",""
"bYVShoP3T506soTMWxHO","מתח שכמות קשתים","traps","chest|back|forearms|shoulders","","vertical_pull","compound","pull|one_arm_pullup","pull:11 | one_arm_pullup:1","home|office|park","3","home[ft_he:n] | office[ft_he:n] | park[ft_he:n]","false","true","","main","false","","","false","false","false","false","false","false",""
"GEnSPwxEqIK6HTakuXOI","מתיחות יד אחורית","","","","","","","","park|home","2","park[ft_he:n] | home[ft_he:n]","false","true","","","","","","true","true","false","false","false","false",""
"J6KQxmkJHwVqVGgnKhVm","מתיחות שורש כף יד","","","","","","","","park|home","2","park[ft_he:n] | home[ft_he:n]","false","true","","","","","","true","true","false","false","false","false",""
"7spjueGo4OFPIrHHu3Jl","מתיחת דוגמנית","","","","","","","","park|home","2","park[ft_he:n] | home[ft_he:n]","false","true","","","","","","true","true","false","false","false","false",""
"24acSdN3XiV2NZ7UnSkZ","מתיחת המסתרינג בשכיבה","","","","","","","","park|home","2","park[ft_he:n] | home[ft_he:n]","false","true","","","","","","true","true","false","false","false","false",""
"ZmVz1kaBwhYqPPAqnkax","מתיחת חתול פרה","","","","","","","","park|home","2","park[ft_he:n] | home[ft_he:n]","false","true","","","","","","true","true","false","false","false","false",""
"g5M36kx6sXaRr8MMWLJj","מתיחת ירך קדמית","","","","","","","","park|home","2","park[ft_he:n] | home[ft_he:n]","false","true","","","","","","true","true","false","false","false","false",""
"4Sjv6yU3LOD6vmaDfz43","מתיחת ישיבה בפייק","","","","","","","","park|home","2","park[ft_he:n] | home[ft_he:n]","false","true","","","","","","true","true","false","false","false","false",""
"ZWx6yKLawdjSrImWUQoL","מתיחת כלב מביט מבט","","","","","","","","park|home","2","park[ft_he:n] | home[ft_he:n]","false","true","","","","","","true","true","false","false","false","false",""
"LvRPIsxlZMgYRNBFxFaM","מתיחת כתף","","","","","","","","park|home","2","park[ft_he:n] | home[ft_he:n]","false","true","","","","","","true","true","false","false","false","false",""
"gWHaGzObmixb1vr66l5I","מתיחת מתפלל","","","","","","","","park|home","2","park[ft_he:n] | home[ft_he:n]","false","true","","","","","","true","true","false","false","false","false",""
"dK6Rcu8r93CeaBNOL0EU","מתיחת פרפר","","","","","","","","park|home","2","park[ft_he:n] | home[ft_he:n]","false","true","","","","","","true","true","false","false","false","false",""
"MkVq2PbvCCAM77AEEjtN","מתיחת קרסול ושוקיים","","","","","","","","park|home","2","park[ft_he:n] | home[ft_he:n]","false","true","","","","","","true","true","false","false","false","false",""
"kx37r35Yh4EkMNO8y6r8","מתיחת ראש לצדדים","","","","","","","","park|home","2","park[ft_he:n] | home[ft_he:n]","false","true","","","","","","true","true","false","false","false","false",""
"NnlKxJJlponyVAw5zqBK","נדנוד הכנה לעליית כוח","back","shoulders|forearms|biceps|traps|core","","vertical_pull","compound","pull|muscle_up","pull:12 | muscle_up:2","park|home|office","3","park[ft_he:n] | home[ft_he:n] | office[ft_he:n]","false","true","","main","false","","","false","false","false","false","false","true","secondary"
"nNngFubkqQMjkODJmAky","נורדיק אחורי","quads","abs|glutes|core|legs","","squat","compound","legs","legs:10","home|park|office","3","home[ft_he:n] | park[ft_he:n] | office[ft_he:n]","false","true","","main","false","","","false","false","false","false","false","true","secondary"
"LKNAvIpuj9EtO3wUzFeV","נורדיק אחורי בעזרת גומייה","quads","abs|glutes|core|legs","","squat","compound","legs","legs:7","home|park|office","3","home[ft_he:n] | park[ft_he:y] | office[ft_he:n]","true","true","","","","","","false","false","false","false","false","true","secondary"
"wIr3N5DkO5epyd52sO2v","סומו סקוואט","glutes","quads|hamstrings|calves|legs","","squat","compound","legs","legs:4","home|street|office|park","4","home[ft_he:n] | street[ft_he:n] | office[ft_he:n] | park[ft_he:y]","true","true","","main","false","","","false","false","false","false","false","false",""
"s0NCgFV5Lqapbe5ceJwy","סיבוב חיצוני של הכתף","","","","","","","","park|home","2","park[ft_he:n] | home[ft_he:n]","false","true","","","","","","true","true","false","false","false","false",""
"6OPvBxXMTy0mHYNra4Wc","סיבובי רגליים בשכיבה","","","","","","","","park|home","2","park[ft_he:n] | home[ft_he:n]","false","true","","","","","","true","true","false","false","false","false",""
"GBj2NlbFzc3eD8TLZzwQ","סיסי לאנג׳","quads","hamstrings|glutes|calves|legs","","squat","compound","legs","legs:5","home|street|office|park","4","home[ft_he:n] | street[ft_he:n] | office[ft_he:n] | park[ft_he:n]","false","true","","","","","","false","false","false","false","false","false",""
"V5XuakR2593PChTPgUGP","סיסי סקוואט","quads","hamstrings|glutes|calves|legs","","squat","compound","legs","legs:11","home|street|office|park","4","home[ft_he:n] | street[ft_he:n] | office[ft_he:n] | park[ft_he:y]","true","true","","main","false","","","false","false","false","false","false","false",""
"99Zbf5ZwAhb9YBo3uelF","סיסי סקוואט אקצנטרי","quads","hamstrings|glutes|calves|legs","","squat","compound","legs","legs:10","home|street|office|park","4","home[ft_he:n] | street[ft_he:n] | office[ft_he:n] | park[ft_he:y]","true","true","","main","false","","","false","false","false","false","false","false",""
"NMpcI24LATvOiqgyvjKw","סיסי סקוואט בעזרת קיר","quads","hamstrings|glutes|calves|legs","","squat","compound","legs","legs:9","home|street|office|park","4","home[ft_he:n] | street[ft_he:n] | office[ft_he:n] | park[ft_he:y]","true","true","","main","false","","","false","false","false","false","false","false",""
"LO3I1YoeYOUtt4AuzWy6","סיסי סקוואט טווח חלקי","quads","hamstrings|glutes|calves|legs","","squat","compound","legs","legs:7","home|street|office|park","4","home[ft_he:n] | street[ft_he:n] | office[ft_he:n] | park[ft_he:y]","true","true","","main","false","","","false","false","false","false","false","false",""
"4kww5BB13UkNaaAjZKS0","סמוך קום","","","","","","","","park|home","2","park[ft_he:n] | home[ft_he:n]","false","true","","","","","","true","true","false","false","false","false",""
"nunGVGOEmOMnxiwh7jcu","סמוך קום מתחילים","","","","","","","","park|home","2","park[ft_he:n] | home[ft_he:n]","false","true","","","","","","true","true","false","false","false","false",""
"f4ZbXHOaV5lRTC9JQPkk","סמוך קום עם שכיבת סמיכה","","","","","","","","park|home","2","park[ft_he:n] | home[ft_he:n]","false","true","","","","","","true","true","false","false","false","false",""
"lGZxrjALhrrGWxnwNOTW","ספר ברכיים כפופת","","","","","","","","park|home","2","park[ft_he:n] | home[ft_he:n]","false","true","","","","","","true","true","false","false","false","false",""
"34JqI5TOOlCgFOW12311","סקוואט","glutes","quads|hamstrings|calves|legs","","squat","compound","legs","legs:3","home|office|park|street","4","home[ft_he:n] | office[ft_he:n] | park[ft_he:y] | street[ft_he:n]","true","true","","main","false","","","false","false","false","false","false","false",""
"liSboXONbRr0gBPLJw5l","סקוואט בהונות","quads","hamstrings|calves|legs|glutes","","squat","compound","legs","legs:6","home|park|street|office","4","home[ft_he:n] | park[ft_he:n] | street[ft_he:n] | office[ft_he:n]","false","true","","main","false","","","false","false","false","false","false","false",""
"7mRRX85Hfx5sQ6oCl7YE","סקוואט בולגרי עם קפיצה על ספה","","","","","","","","park|home","2","park[ft_he:n] | home[ft_he:n]","false","true","","","","","","true","true","false","false","false","false",""
"HQdH6XZltGsDSkUBBdGH","סקוואט בעזרת רצועות","glutes","quads|hamstrings|calves|legs","","squat","compound","full_body|legs","full_body:1 | legs:1","home|office|park","3","home[ft_he:n] | office[ft_he:n] | park[ft_he:y]","true","true","","main","false","","","false","false","false","false","false","false",""
"sgjfCmExjbU1CTmSxoMu","סקוואט וכפיפת ברך לחזה","","","","","","","","park|home","2","park[ft_he:n] | home[ft_he:n]","false","true","","","","","","true","true","false","false","false","false",""
"wjYoZK3nvf3volQSdkdD","סקוואט טווח חלקי","glutes","quads|hamstrings|calves|legs","","squat","compound","full_body|legs","full_body:2 | legs:2","home|office|park|street","4","home[ft_he:n] | office[ft_he:n] | park[ft_he:n] | street[ft_he:n]","false","true","","main","false","","","false","false","false","false","false","false",""
"50zThi9jcQWm6wbWDM4I","סקוואט טווח חלקי (להגבהה)","glutes","quads|hamstrings|calves|legs","","squat","compound","full_body|legs","full_body:1 | legs:1","home|office|park|street","4","home[ft_he:n] | office[ft_he:n] | park[ft_he:y] | street[ft_he:n]","true","true","","main","false","","","false","false","false","false","false","false",""
"8vGnuoSH3MMkYKnxjg1P","סקוואט כנגד גומייה","glutes","quads|hamstrings|calves|legs","","squat","compound","legs","legs:4","home|office|park|street","4","home[ft_he:n] | office[ft_he:n] | park[ft_he:n] | street[ft_he:n]","false","true","","main","false","","","false","false","false","false","false","false",""
"PUIZw7xWhCCzSDK8LecV","סקוואט כנגד קיר","","","","","","","","park|home","2","park[ft_he:n] | home[ft_he:n]","false","true","","","","","","true","true","false","false","false","false",""
"Du2quNOcewafWMcpxGjq","סקוואט כנגד קיר רגל אחת","quads","hamstrings|calves|legs","","squat","compound","legs","legs:5","home|office|park|street","4","home[ft_he:n] | office[ft_he:n] | park[ft_he:n] | street[ft_he:n]","false","true","","main","false","","","false","false","false","false","false","false",""
"zXXMkiGHRGQH66J09OYs","סקוואט סטטי כנגד קיר","","","","","","","","park|home","2","park[ft_he:n] | home[ft_he:n]","false","true","","","","","","true","true","false","false","false","false",""
"Mk130cdYXAUnMR3GHN81","סקוואט עמוק","glutes","quads|hamstrings|calves|legs","","squat","compound","legs","legs:4","home|office|park|street","4","home[ft_he:n] | office[ft_he:n] | park[ft_he:y] | street[ft_he:n]","true","true","","main","false","","","false","false","false","false","false","false",""
"uPBc9pfM6jOLg5LwuShN","סקוואט קפיצה","glutes","quads|hamstrings|calves|legs","","squat","compound","legs","legs:3","home|office|park|street","4","home[ft_he:n] | office[ft_he:n] | park[ft_he:y] | street[ft_he:n]","true","true","","main","false","","","false","false","false","false","false","false",""
"ngkItZpohyxbqrshlVpk","סקוואט קשתים","glutes","quads|hamstrings|calves|legs","","squat","compound","legs","legs:8","home|park|street|office","4","home[ft_he:n] | park[ft_he:y] | street[ft_he:n] | office[ft_he:n]","true","true","","main","false","","","false","false","false","false","false","false",""
"g9078RNsKL3NmNYQK5Zx","סקוואט קשתים טווח חלקי","glutes","quads|hamstrings|calves|legs","","squat","compound","legs","legs:6","home|park|street|office","4","home[ft_he:n] | park[ft_he:y] | street[ft_he:n] | office[ft_he:n]","true","true","","main","false","","","false","false","false","false","false","false",""
"wwF4gZrprMN6mcfJWKT9","סקוואט קשתים מוגבה","glutes","quads|hamstrings|calves|legs","","squat","compound","legs","legs:10","home|park|street|office","4","home[ft_he:n] | park[ft_he:y] | street[ft_he:n] | office[ft_he:n]","true","true","","main","false","","","false","false","false","false","false","false",""
"nrPxCJYZtHAyRF6Iywry","סקוואט+לחיצת כפתיים בהתנגדות גומיה","","","","","","","","park|home","2","park[ft_he:n] | home[ft_he:n]","false","true","","","","","","true","true","false","false","false","false",""
"Ku0VMTQFlcAHLMGJ9i6W","סקין דה קאט אקצנטרי (סיבוב על הטבעות שלילי)","shoulders","chest|back|abs|forearms|biceps|triceps|core|traps","","horizontal_pull","compound","pull","pull:12","park|home","2","park[ft_he:y] | home[ft_he:n]","true","true","","main","false","","","false","false","false","false","false","true","secondary"
"VnLIyB2OtNdPO7Dgl0P6","סקין דה קאט בטאק (סיבוב על הטבעות בטאק)","shoulders","chest|back|abs|forearms|biceps|triceps|core|traps","","horizontal_pull","compound","pull","pull:13","park|home","3","park[ft_he:y] | home[ft_he:n] | park[ft_he:n]","true","true","","main","false","","","false","false","false","false","false","true","secondary"
"Zmw7ImX37gFhnEcf4GLv","סקין דה קאט חצי גוף (סיבוב על הטבעות חצי גוף)","shoulders","chest|back|abs|forearms|biceps|triceps|core|traps","","horizontal_pull","compound","pull|front_lever","pull:13 | front_lever:13","park|home","3","park[ft_he:n] | home[ft_he:n] | park[ft_he:n]","false","true","","main","false","","","false","false","false","false","false","true","secondary"
"pEn9K4g6QMLfi80lkC6i","סקין דה קאט טאק מתקדם","shoulders","chest|back|abs|forearms|biceps|triceps|core|traps","","horizontal_pull","compound","pull|front_lever","pull:17 | front_lever:8","park|home","3","park[ft_he:n] | home[ft_he:n] | park[ft_he:n]","false","true","","main","false","","","false","false","false","false","false","true","secondary"
"rec_cec2f81e-6e9b-4192-9831-79b193856b1b","סשן התאוששות #1","","","","","","","","home","1","home[ft_he:n]","false","true","","recovery","true","","","true","true","false","false","false","false",""
"rec_a8a535cb-d141-48a9-8993-f31d65c97fa0","סשן התאוששות #2","","","","","","","","home","1","home[ft_he:n]","false","true","","recovery","true","","","true","true","false","false","false","false",""
"rec_00695c88-f3cb-4dfd-897d-fbb59c062099","סשן התאוששות #3","","","","","","","","home","1","home[ft_he:n]","false","true","","recovery","true","","","true","true","false","false","false","false",""
"rec_b86593dc-ed19-4141-b916-097319437968","סשן התאוששות #4","","","","","","","","home","1","home[ft_he:n]","false","true","","recovery","true","","","true","true","false","false","false","false",""
"rec_feb437c9-b6db-4f1f-9545-09ae43ee5c3a","סשן התאוששות #5","","","","","","","","home","1","home[ft_he:n]","false","true","","recovery","true","","","true","true","false","false","false","false",""
"rec_8e2b416a-ea9c-4a0a-8256-988309ab64f9","סשן התאוששות #6","","","","","","","","home","1","home[ft_he:n]","false","true","","recovery","true","","","true","true","false","false","false","false",""
"rec_9545bbeb-1af7-4903-97a4-5b5b12465111","סשן התאוששות #7","","","","","","","","home","1","home[ft_he:n]","false","true","","recovery","true","","","true","true","false","false","false","false",""
"sgrEdIolfxaRCgz8Oqyp","עותק של פיסטול סקוואט שלילי שמאל","","","","","","","","park|home","2","park[ft_he:n] | home[ft_he:n]","false","true","","","","","","true","true","false","false","false","false",""
"wBv3BWfJD0S9sSUnI1Ay","עליות l בתלייה","","","","","","","","park|home","2","park[ft_he:n] | home[ft_he:n]","false","true","","","","","","true","true","false","false","false","false",""
"bRUKaSg9p9Tl1rCzEiV4","עליות ברכיים כפופות בתלייה","","","","","","","","park|home","2","park[ft_he:n] | home[ft_he:n]","false","true","","","","","","true","true","false","false","false","false",""
"zOl1jxCkmI36QwSzMDKF","עליות מספרים בשכיבה","","","","","","","","park|home","2","park[ft_he:n] | home[ft_he:n]","false","true","","","","","","true","true","false","false","false","false",""
"DU3SwZWr6uy75WI7T4jB","עליות נגיעה בבהונות בשכיבה","","","","","","","","park|home","2","park[ft_he:n] | home[ft_he:n]","false","true","","","","","","true","true","false","false","false","false",""
"Z3DNlwJAulyI28a8Kji7","עליות ספר רגליים ישרות","","","","","","","","park|home","2","park[ft_he:n] | home[ft_he:n]","false","true","","","","","","true","true","false","false","false","false",""
"tXXikNYiAIcK3yPgybF1","עליות רגליים בשכיבה","","","","","","","","park|home","2","park[ft_he:n] | home[ft_he:n]","false","true","","","","","","true","true","false","false","false","false",""
"B0pnjy0oT9jTizikeLSb","עליות תאומים","calves","legs","","isolation","isolation","full_body|legs","full_body:1 | legs:1","home|office|park","3","home[ft_he:n] | office[ft_he:n] | park[ft_he:y]","true","true","","main","false","","","false","false","false","false","false","false",""
"wfgHCel9MyopaIXRQS8D","עליות תאומים על מדרגה","","","","","","","","park|home","2","park[ft_he:n] | home[ft_he:n]","false","true","","","","","","true","true","false","false","false","false",""
"a4wUp62pLvHMCSL7MjQM","עליית כוח אקצנטרי על מוט","back","shoulders|forearms|biceps|traps|core","","vertical_pull","compound","pull|muscle_up","pull:18 | muscle_up:9","park","1","park[ft_he:y]","true","true","","main","false","","","false","false","false","false","false","true","secondary"
"Ov1KBOGkINWXKbVMCc9L","עליית כוח אקצנטרי עם טבעות","back","shoulders|forearms|biceps|traps|core","","vertical_pull","compound","pull|muscle_up","pull:17 | muscle_up:8","park|home","2","park[ft_he:n] | home[ft_he:n]","false","true","","main","false","","","false","false","false","false","false","true","secondary"
"oIOh1yoQtRmVb3zr3Kf9","עליית כוח בעזרת גומייה","back","shoulders|forearms|biceps|traps|core","","vertical_pull","compound","pull|muscle_up","pull:18 | muscle_up:9","park|home|gym","3","park[ft_he:y] | home[ft_he:n] | gym[ft_he:n]","true","true","","main","false","","","false","false","false","false","false","true","secondary"
"4ce7GeLA60a6zxtbDBW1","עליית כוח בעזרת תנופה","back","shoulders|forearms|biceps|traps|core","","vertical_pull","compound","pull|muscle_up","pull:19 | muscle_up:10","park|home|gym","3","park[ft_he:y] | home[ft_he:n] | gym[ft_he:n]","true","true","","main","false","","","false","false","false","false","false","true","secondary"
"bXbxbp5k0fcmsVIeELpf","עליית כוח בקפיצה","back","shoulders|forearms|biceps|traps|core","","vertical_pull","compound","pull|muscle_up","pull:16 | muscle_up:7","park","1","park[ft_he:y]","true","true","","main","false","","","false","false","false","false","false","true","secondary"
"76ME6NgB01ru8Rubxrwb","עליית כוח בקפיצה עם טבעות","back","shoulders|forearms|biceps|traps|core","","vertical_pull","compound","pull|muscle_up","pull:15 | muscle_up:6","park|home","2","park[ft_he:n] | home[ft_he:n]","false","true","","main","false","","","false","false","false","false","false","true","secondary"
"wL1vJsWuey9JFRnJMcBC","עליית כוח על טבעות בעזרת גומייה","back","shoulders|forearms|biceps|traps|core","","vertical_pull","compound","pull|muscle_up","pull:17 | muscle_up:8","park|home","2","park[ft_he:n] | home[ft_he:n]","false","true","","main","false","","","false","false","false","false","false","true","secondary"
"TKJ54G8YId6YVAJn3fTR","עליית כוח עם טבעות","back","shoulders|forearms|biceps|traps|core|chest","","vertical_pull","compound","pull|muscle_up","pull:18 | muscle_up:9","park|home","2","park[ft_he:n] | home[ft_he:n]","false","true","","main","false","","","false","false","false","false","false","true","secondary"
"VlAlIwnfXNgh9ALF7qIN","עליית מדרגה גובה אגן","glutes","quads|hamstrings|calves|legs","","squat","compound","legs","legs:7","home|office|park|street","4","home[ft_he:n] | office[ft_he:n] | park[ft_he:y] | street[ft_he:n]","true","true","","main","false","","","false","false","false","false","false","false",""
"34giCNuppaFW74zpfFCA","עליית מדרגה גובה ברך","glutes","quads|hamstrings|calves|legs","","squat","compound","legs","legs:3","home|office|park|street","4","home[ft_he:n] | office[ft_he:n] | park[ft_he:y] | street[ft_he:n]","true","true","","main","false","","","false","false","false","false","false","false",""
"xAkMGXWV55BfE3oVS2K0","עליית מדרגה גובה קרסול","glutes","quads|hamstrings|calves|legs","","squat","compound","legs","legs:1","home|office|park|street","4","home[ft_he:n] | office[ft_he:n] | park[ft_he:y] | street[ft_he:n]","true","true","","main","false","","","false","false","false","false","false","false",""
"T95vtujpj07Tq4jRvRxf","עמידת ידיים","shoulders","abs|forearms|triceps|traps|core","","vertical_push","compound","push|handstand","push:20 | handstand:10","park|home|office|airport|street","5","park[ft_he:y] | home[ft_he:n] | office[ft_he:n] | airport[ft_he:n] | street[ft_he:n]","true","true","","main","false","","","false","false","false","false","false","true","secondary"
"PVqGiE3xg76Dg0EXUsqZ","עמידת ידיים חזה לקיר","shoulders","abs|forearms|triceps|traps|core","","vertical_push","compound","push|handstand","push:15 | handstand:6","park|home|office","3","park[ft_he:y] | home[ft_he:n] | office[ft_he:n]","true","true","","main","false","","","false","false","false","false","false","true","secondary"
"RPGCJ5BXPpPG21sF3H4y","עמידת ידיים חזה לקיר ב-45°","shoulders","abs|forearms|triceps|traps|core","","vertical_push","compound","push|handstand","push:14 | handstand:5","park|home|office","3","park[ft_he:y] | home[ft_he:n] | office[ft_he:n]","true","true","","main","false","","","false","false","false","false","false","true","secondary"
"hECufw1PU0a0lcUEadY9","עמידת כלב רגל ויד נגדית","","","","","","","","park|home","2","park[ft_he:n] | home[ft_he:n]","false","true","","","","","","true","true","false","false","false","false",""
"9BBOvu1SNMzNxgPun8ZH","עמידת פייק","shoulders","abs|forearms|triceps|traps|core","","vertical_push","compound","push|handstand_pushup","push:7 | handstand_pushup:8","park|home|office|street","4","park[ft_he:y] | home[ft_he:n] | office[ft_he:n] | street[ft_he:n]","true","true","","main","false","","","false","false","false","false","false","true","secondary"
"yqOBxqITC8gc44CG5IXE","עמידת פייק גובה אגן","shoulders","abs|forearms|triceps|traps|core","","vertical_push","compound","push|planche","push:14 | planche:5","park|home|office|street","4","park[ft_he:n] | home[ft_he:n] | office[ft_he:n] | street[ft_he:n]","false","false","","main","false","","","false","false","false","true","false","true","secondary"
"WQBYjQxJEc9Y6FWHigTH","עמידת פייק גובה ברך","shoulders","abs|forearms|triceps|traps|core","","vertical_push","compound","push|planche","push:13 | planche:4","park|home|office|street","4","park[ft_he:y] | home[ft_he:n] | office[ft_he:n] | street[ft_he:n]","true","true","","main","false","","","false","false","false","false","false","true","secondary"
"OaqZzXOBwfVmdJ99w3iC","עמידת פייק גובה שוק","shoulders","abs|forearms|triceps|traps|core","","vertical_push","compound","push|planche","push:10 | planche:1","park|home|office|street","4","park[ft_he:y] | home[ft_he:n] | office[ft_he:n] | street[ft_he:n]","true","true","","main","false","","","false","false","false","false","false","true","secondary"
"vUt6DeXfFk9zvRO5IQza","פולי עליון על הריצפה עם מגבת","","","","","","","","park|home","2","park[ft_he:n] | home[ft_he:n]","false","true","","","","","","true","true","false","false","false","false",""
"qRoLtKTPXF3CJsQ9hMTg","פינגווינים","","","","","","","","park|home","2","park[ft_he:n] | home[ft_he:n]","false","true","","","","","","true","true","false","false","false","false",""
"MlOTF9ODoGXmsPkQHUyd","פיסטול סקוואט","glutes","quads|hamstrings|calves|legs|core","","squat","compound","legs","legs:10","home|park|street|office","4","home[ft_he:n] | park[ft_he:y] | street[ft_he:n] | office[ft_he:n]","true","true","","main","false","","","false","false","false","false","false","true","secondary"
"XPaeNXfrRfNl9Ab7Lwy0","פיסטול סקוואט טווח חלקי (להגבהה)","glutes","quads|hamstrings|calves|legs|core","","squat","compound","legs","legs:6","home|park|street|office","4","home[ft_he:n] | park[ft_he:y] | street[ft_he:n] | office[ft_he:n]","true","true","","main","false","","","false","false","false","false","false","true","secondary"
"Ox23f2tVbvGoly8Syr3o","פיסטול סקוואט מוגבה","glutes","quads|hamstrings|calves|legs|core","","squat","compound","legs","legs:9","home|park|street|office","4","home[ft_he:n] | park[ft_he:y] | street[ft_he:n] | office[ft_he:n]","true","true","","main","false","","","false","false","false","false","false","true","secondary"
"tdwkQuP5IeaId31mengH","פיסטול סקוואט מוגבה טווח חלקי","glutes","quads|hamstrings|calves|legs|core","","squat","compound","legs","legs:8","home|park|street|office","4","home[ft_he:n] | park[ft_he:n] | street[ft_he:n] | office[ft_he:n]","false","true","","main","false","","","false","false","false","false","false","true","secondary"
"i5JiWYzTrmtMbpwN207A","פיסטול סקוואט שלילי ימין","","","","","","","","park|home","2","park[ft_he:n] | home[ft_he:n]","false","true","","","","","","true","true","false","false","false","false",""
"5LhNqpOowBF268tFTDz7","פיסטול סקוואט שלילי שמאל","","","","","","","","park|home","2","park[ft_he:n] | home[ft_he:n]","false","true","","","","","","true","true","false","false","false","false",""
"IHHbt3DABJGof6QxaeVg","פלאנץ׳ בטאק","shoulders","chest|back|core|forearms|biceps|traps","","horizontal_push","compound","push|planche","push:16 | planche:7","home|park|street|office|airport","5","home[ft_he:n] | park[ft_he:y] | street[ft_he:n] | office[ft_he:n] | airport[ft_he:n]","true","true","","main","false","","","false","false","false","false","false","true","secondary"
"GWXRsgNHry3dgqpTwCWS","פלאנץ׳ בטאק בעזרת גומייה דקה","shoulders","chest|back|core|forearms|biceps|traps","","horizontal_push","compound","push|planche","push:15 | planche:6","home|park","2","home[ft_he:n] | park[ft_he:y]","true","true","","main","false","","","false","false","false","false","false","true","secondary"
"UDep0WLPWfBf9wIhjQGw","פלאנץ׳ בטאק מתקדם ","shoulders","chest|back|core|forearms|biceps|traps","","horizontal_push","compound","push|planche","push:19 | planche:10","home|park","2","home[ft_he:n] | park[ft_he:y]","true","true","","main","false","","","false","false","false","false","false","true","secondary"
"WfIRO7kYSBP26ZgoByDX","פלאנץ׳ בטאק מתקדם בעזרת גומייה דקה","shoulders","chest|back|core|forearms|biceps|traps","","horizontal_push","compound","push|planche","push:18 | planche:9","home|park","2","home[ft_he:n] | park[ft_he:y]","true","true","","main","false","","","false","false","false","false","false","true","secondary"
"W69akLqaO2HD6y9ydzKe","פלאנץ׳ יהלום בעזרת גומייה דקה","shoulders","chest|back|core|forearms|biceps|traps","","horizontal_push","compound","push|planche","push:20 | planche:11","home|park","2","home[ft_he:n] | park[ft_he:y]","true","true","","main","false","","","false","false","false","false","false","true","secondary"
"8YpK2KnydcB6Oz1zTMSh","פלאנק רגל ויד נגדית","","","","","","","","park|home","2","park[ft_he:n] | home[ft_he:n]","false","true","","","","","","true","true","false","false","false","false",""
"vdsST9Joc5fpZzCgpDbq","פרונט לבר בטאק","back","chest|shoulders|core|forearms|triceps|traps","","horizontal_pull","compound","pull|front_lever","pull:14 | front_lever:5","home|park","4","home[ft_he:n] | park[ft_he:y] | home[ft_he:n] | park[ft_he:n]","true","true","","main","false","","","false","false","false","false","false","true","secondary"
"s9wsh3t7hrr49oxJK6uI","פרונט לבר בטאק מתקדם","back","chest|shoulders|core|forearms|triceps|traps","","horizontal_pull","compound","pull|front_lever","pull:16 | front_lever:7","home|park","4","home[ft_he:n] | park[ft_he:y] | home[ft_he:n] | park[ft_he:n]","true","true","","main","false","","","false","false","false","false","false","true","secondary"
"pgF5rdC4szYH0xGDoZWj","פרונט לבר בטאק מתקדם עם גומייה","back","chest|shoulders|core|forearms|triceps|traps","","horizontal_pull","compound","pull|front_lever","pull:15 | front_lever:6","home|park","4","home[ft_he:n] | park[ft_he:y] | home[ft_he:n] | park[ft_he:n]","true","true","","main","false","","","false","false","false","false","false","true","secondary"
"ZvmddvrFV5NgwLAgrvec","פרונט לבר בפישוק","back","chest|shoulders|core|forearms|triceps|traps","","horizontal_pull","compound","pull|front_lever","pull:20 | front_lever:11","home|park","4","home[ft_he:n] | park[ft_he:n] | home[ft_he:n] | park[ft_he:n]","false","true","","main","false","","","false","false","false","false","false","true","secondary"
"DyNJgiO3Y70xKMf48HER","פרונט לבר בפישוק עם גומייה","back","chest|shoulders|core|forearms|triceps|traps","","horizontal_pull","compound","pull|front_lever","pull:19 | front_lever:10","home|park","4","home[ft_he:n] | park[ft_he:n] | home[ft_he:n] | park[ft_he:n]","false","false","","main","false","","","false","false","false","true","false","true","secondary"
"k4GYQX6hRTZxlEzNBofN","פרונט לבר חצי גוף","back","chest|shoulders|core|forearms|triceps|traps","","horizontal_pull","compound","pull|front_lever","pull:21 | front_lever:12","home|park","4","home[ft_he:n] | park[ft_he:n] | home[ft_he:n] | park[ft_he:n]","false","true","","main","false","","","false","false","false","false","false","true","secondary"
"USVeZ8mvQNeaconZ9KuG","פרונט לבר יהלום","back","chest|shoulders|core|forearms|triceps|traps","","horizontal_pull","compound","pull|front_lever","pull:18 | front_lever:9","home|park","4","home[ft_he:n] | park[ft_he:y] | home[ft_he:n] | park[ft_he:n]","true","true","","main","false","","","false","false","false","false","false","true","secondary"
"awTUBO1WaFwllqE2XSwX","פרונט לבר יהלום עם גומייה","back","chest|shoulders|core|forearms|triceps|traps","","horizontal_pull","compound","pull|front_lever","pull:17 | front_lever:8","home|park","4","home[ft_he:n] | park[ft_he:y] | home[ft_he:n] | park[ft_he:n]","true","true","","main","false","","","false","false","false","false","false","true","secondary"
"aca3BmSZGKY8ZSTU7qKM","פרונט לבר מלא","back","chest|shoulders|core|forearms|triceps|traps","","horizontal_pull","compound","pull|front_lever","pull:22 | front_lever:13","home|park","4","home[ft_he:n] | park[ft_he:n] | home[ft_he:n] | park[ft_he:n]","false","true","","main","false","","","false","false","false","false","false","true","secondary"
"3zffAO0k2ZaHs0WkkQuT","פרונט לבר רגל אחת בעזרת גומייה","back","chest|shoulders|core|forearms|triceps|traps","","horizontal_pull","compound","pull|front_lever","pull:18 | front_lever:9","home|park","4","home[ft_he:n] | park[ft_he:n] | home[ft_he:n] | park[ft_he:n]","false","false","","main","false","","","false","false","false","true","false","true","secondary"
"TlzqC2LIRj0pFLWDILMF","פרפר הפוך","shoulders","forearms|traps|core|back|triceps","","horizontal_pull","compound","pull|front_lever","pull:10 | front_lever:1","park|home","7","park[ft_he:n] | park[ft_he:n] | park[ft_he:n] | home[ft_he:n] | home[ft_he:n] | home[ft_he:n] | home[ft_he:n]","false","true","","main","false","","","false","false","false","false","false","true","secondary"
"rrqnDaeeVW1j1sdva2Wj","פרפר רצועות ב-45°","chest","shoulders|triceps|core","","horizontal_push","compound","push","push:7","park|home","3","park[ft_he:n] | home[ft_he:n] | home[ft_he:n]","false","true","","main","false","","","false","false","false","false","false","true","secondary"
"oLzPZ7rQMdOUgGuVr1os","פשיטת ירך אחורית","hamstrings","glutes|core","","hinge","compound","legs|planche","legs:5 | planche:1","park|home|office|street","4","park[ft_he:y] | home[ft_he:n] | office[ft_he:n] | street[ft_he:n]","true","true","","main","false","","","false","false","false","false","false","true","secondary"
"niIBVtXV75LjFsWNJp0k","פשיטת מרפקים בהתנגדות גומיה","","","","","","","","park|home","2","park[ft_he:n] | home[ft_he:n]","false","true","","","","","","true","true","false","false","false","false",""
"CQtZDiAEvfNB8khudfsG","פשיטת מרפקים יד מאחורי הראש בהתנגדות גומיה","","","","","","","","park|home","2","park[ft_he:n] | home[ft_he:n]","false","true","","","","","","true","true","false","false","false","false",""
"PM16d9WoigHe5Z7SDRCt","פשיטת מרפקים למתקדמים","triceps","shoulders|core|biceps|chest|abs|traps","","horizontal_push","compound","push","push:13","park|home|street|office|airport","5","park[ft_he:y] | home[ft_he:n] | street[ft_he:n] | office[ft_he:n] | airport[ft_he:n]","true","true","","main","false","","","false","false","false","false","false","true","secondary"
"xNeEudyiKRcylBmrjGcl","פשיטת מרפקים על הרצפה","triceps","shoulders|glutes|traps|core","","horizontal_push","compound","push|full_body|upper_body","push:1 | full_body:1 | upper_body:1","home|office|park","3","home[ft_he:n] | office[ft_he:n] | park[ft_he:y]","true","true","","main","false","","","false","false","false","false","false","true","secondary"
"kF3kYAMIEf2jyAHwS7qf","פשיטת מרפקים על ספסל","triceps","shoulders|glutes|traps|core","","horizontal_push","compound","push","push:3","home|office|park","4","home[ft_he:n] | office[ft_he:n] | park[ft_he:y] | park[ft_he:n]","true","true","","main","false","","","false","false","false","false","false","true","secondary"
"fuNkwOpFCxk1xLuWGgtW","קפיצה גובה אגן","glutes","quads|hamstrings|calves|legs","","squat","compound","legs","legs:6","home|office|park|street","4","home[ft_he:n] | office[ft_he:n] | park[ft_he:y] | street[ft_he:n]","true","true","","main","false","","","false","false","false","false","false","false",""
"Rrdk6Knl26ESlG1Ok0Pm","קפיצה גובה ברך","glutes","quads|hamstrings|calves|legs","","squat","compound","legs","legs:5","home|office|park|street","4","home[ft_he:n] | office[ft_he:n] | park[ft_he:y] | street[ft_he:n]","true","true","","main","false","","","false","false","false","false","false","false",""
"ePHjx7haP7HrTU7YOgop","קפיצה גובה שוק","glutes","quads|hamstrings|calves|legs","","squat","compound","legs","legs:3","home|office|park|street","4","home[ft_he:n] | office[ft_he:n] | park[ft_he:y] | street[ft_he:n]","true","true","","main","false","","","false","false","false","false","false","false",""
"515aM5b8UHyAova7I6Lv","קפיצה על רגל אחת גובה ברך","glutes","quads|hamstrings|calves|legs","","squat","compound","legs","legs:8","home|office|park|street","4","home[ft_he:n] | office[ft_he:n] | park[ft_he:y] | street[ft_he:n]","true","true","","main","false","","","false","false","false","false","false","false",""
"uRelXXhk4iDsccOxuTsj","קראנץ","","","","","","","","park|home","2","park[ft_he:n] | home[ft_he:n]","false","true","","","","","","true","true","false","false","false","false",""
"CVMlbYHJTiJKSPYkZ9Lk","רגליים למתח","","","","","","","","park|home","2","park[ft_he:n] | home[ft_he:n]","false","true","","","","","","true","true","false","false","false","false",""
"hB253EVZ8ksjQyve6TOu","שחיין חזה","","","","","","","","park|home","2","park[ft_he:n] | home[ft_he:n]","false","true","","","","","","true","true","false","false","false","false",""
"ecr0mBSRkTq6nQ8RVN91","שכיבות סמיכה","chest","shoulders|triceps|core","","horizontal_push","compound","push","push:5","park|home|street|office|airport","5","park[ft_he:y] | home[ft_he:n] | street[ft_he:n] | office[ft_he:n] | airport[ft_he:n]","true","true","","main","false","","","false","false","false","false","false","true","secondary"
"ntLPe0FyD3clX017E2jZ","שכיבות סמיכה אקצנרטי","","chest|shoulders|triceps|core","","horizontal_push","compound","push","push:4","park|home|street|office","4","park[ft_he:y] | home[ft_he:n] | street[ft_he:n] | office[ft_he:n]","true","true","","main","false","","","true","false","false","false","false","true","secondary"
"MbvciviT7WaVagimUNBo","שכיבות סמיכה ב-15°","","chest|shoulders|triceps|core","","horizontal_push","compound","push","push:4","park|street|home|office","4","park[ft_he:y] | street[ft_he:n] | home[ft_he:n] | office[ft_he:n]","true","true","","main","false","","","true","false","false","false","false","true","secondary"
"E2O0vrcD8KuY0kvaYZhn","שכיבות סמיכה ב-30°","","chest|shoulders|triceps|core","","horizontal_push","compound","push","push:3","park|street|home|office","4","park[ft_he:y] | street[ft_he:n] | home[ft_he:n] | office[ft_he:n]","true","true","","main","false","","","true","false","false","false","false","true","secondary"
"dGG8JVTj1NeSAEDhxvJT","שכיבות סמיכה ב-45°","","chest|shoulders|triceps|core","","horizontal_push","compound","push|full_body|upper_body","push:2 | full_body:2 | upper_body:2","park|street|home|office","4","park[ft_he:y] | street[ft_he:n] | home[ft_he:n] | office[ft_he:n]","true","true","","main","false","","","true","false","false","false","false","true","secondary"
"w2uCZ8u7q5i09EFxzOCB","שכיבות סמיכה ב-60°","chest","shoulders|triceps|core","","horizontal_push","compound","push|full_body|upper_body","push:1 | full_body:1 | upper_body:1","park|home|office","4","park[ft_he:y] | park[ft_he:n] | home[ft_he:n] | office[ft_he:n]","true","true","","main","false","","","false","false","false","false","false","true","secondary"
"rzu4LvBRjd2qOH5bvIZm","שכיבות סמיכה ב-75°","chest","triceps|shoulders|core","","horizontal_push","compound","push|full_body|upper_body","push:1 | full_body:1 | upper_body:1","park|home|office","3","park[ft_he:y] | home[ft_he:n] | office[ft_he:n]","true","true","","main","false","","","false","false","false","false","false","true","secondary"
"gGlZXMEjhAXTxxmO3hTN","שכיבות סמיכה בהתנגדות גומיה","","","","","","","","park|home","2","park[ft_he:n] | home[ft_he:n]","false","true","","","","","","true","true","false","false","false","false",""
"W61ECyiZmD9APomgxAfz","שכיבות סמיכה בעמידת ידיים חזה לקיר","shoulders","abs|forearms|triceps|traps|core|chest","","vertical_push","compound","push|handstand_pushup","push:20 | handstand_pushup:11","park|home|office|street","4","park[ft_he:n] | home[ft_he:n] | office[ft_he:n] | street[ft_he:n]","false","true","","main","false","","","false","false","false","false","false","true","secondary"
"T4TOz1GLjfpwU1NQtz3r","שכיבות סמיכה בפישוק","chest","shoulders|triceps|core","","horizontal_push","compound","push","push:5","park|home|street|office","4","park[ft_he:y] | home[ft_he:n] | street[ft_he:n] | office[ft_he:n]","true","true","","main","false","","","false","false","false","false","false","true","secondary"
"0AoeD3sBQjqWvchrHPYp","שכיבות סמיכה ברכיים","chest","shoulders|triceps|core","","horizontal_push","compound","push","push:4","park|home|street|office","4","park[ft_he:y] | home[ft_he:n] | street[ft_he:n] | office[ft_he:n]","true","true","","main","false","","","false","false","false","false","false","true","secondary"
"IZ97XR6J6vBuzFDjQH6r","שכיבות סמיכה טווח עליון","","chest|shoulders|triceps|core","","horizontal_push","compound","push","push:4","park|street|home|office","4","park[ft_he:y] | street[ft_he:n] | home[ft_he:n] | office[ft_he:n]","true","true","","main","false","","","true","false","false","false","false","true","secondary"
"3gE45P8fG6iXVuZ48QGk","שכיבות סמיכה טווח תחתון","","chest|shoulders|triceps|core","","horizontal_push","compound","push","push:4","park|street|home|office","4","park[ft_he:y] | street[ft_he:n] | home[ft_he:n] | office[ft_he:n]","true","true","","main","false","","","true","false","false","false","false","true","secondary"
"CybbIJXFkL7ZxvKkIiQE","שכיבות סמיכה יהלום","chest","shoulders|triceps|core","","horizontal_push","compound","push","push:8","park|home|street|office|airport","5","park[ft_he:y] | home[ft_he:n] | street[ft_he:n] | office[ft_he:n] | airport[ft_he:n]","true","true","","main","false","","","false","false","false","false","false","true","secondary"
"EnS9ade12iVKtUEDuiGW","שכיבות סמיכה לשכמות","","","","","","","","park|home","2","park[ft_he:n] | home[ft_he:n]","false","true","","","","","","true","true","false","false","false","false",""
"gZqAE68NQJnREu60C88S","שכיבות סמיכה מרפקים צמודים","chest","shoulders|triceps|core","","horizontal_push","compound","push","push:7","park|home|street|office|airport","5","park[ft_he:y] | home[ft_he:n] | street[ft_he:n] | office[ft_he:n] | airport[ft_he:n]","true","true","","main","false","","","false","false","false","false","false","true","secondary"
"GEWFBnyTrhoe4HVon0H0","שכיבות סמיכה מתפרץ","chest","shoulders|triceps|core","","horizontal_push","compound","push|planche","push:10 | planche:1","park|home|street|office|airport","6","park[ft_he:y] | home[ft_he:n] | home[ft_he:n] | street[ft_he:n] | office[ft_he:n] | airport[ft_he:n]","true","true","","main","false","","","false","false","false","false","false","true","secondary"
"0bUiqoNXseMCAR2IGuKu","שכיבות סמיכה סופינציה","chest","shoulders|triceps|core|biceps","","horizontal_push","compound","push|planche","push:10 | planche:1","park|home|street|office|airport","5","park[ft_he:y] | home[ft_he:n] | street[ft_he:n] | office[ft_he:n] | airport[ft_he:n]","true","true","","main","false","","","false","false","false","false","false","true","secondary"
"mDPDDIYx8JEqrwSamDqa","שכיבות סמיכה ספינקס","triceps","shoulders|core|biceps|chest|abs|traps","","horizontal_push","compound","push|planche","push:11 | planche:2","park|home|street|office|airport","5","park[ft_he:y] | home[ft_he:n] | street[ft_he:n] | office[ft_he:n] | airport[ft_he:n]","true","true","","main","false","","","false","false","false","false","false","true","secondary"
"xeo8dpAwk2pNe0IuokLk","שכיבות סמיכה על טבעות 75","","","","","","","","park|home","2","park[ft_he:n] | home[ft_he:n]","false","true","","","","","","true","true","false","false","false","false",""
"MwH75rBMKq65J9B86yUq","שכיבות סמיכה פייק","shoulders","abs|forearms|triceps|traps|core|chest","","vertical_push","compound","push|handstand_pushup|planche","push:12 | handstand_pushup:3 | planche:3","park|home|office|street","4","park[ft_he:y] | home[ft_he:n] | office[ft_he:n] | street[ft_he:n]","true","true","","main","false","","","false","false","false","false","false","true","secondary"
"SO7k5qh04cKEoZmWbjeW","שכיבות סמיכה פייק גובה אגן","shoulders","abs|forearms|triceps|traps|core|chest","","vertical_push","compound","push|handstand_pushup|planche","push:15 | handstand_pushup:6 | planche:6","park|home|office|street","4","park[ft_he:y] | home[ft_he:n] | office[ft_he:n] | street[ft_he:n]","true","true","","main","false","","","false","false","false","false","false","true","secondary"
"7G0s5hR2qyc6tSRZsplm","שכיבות סמיכה פייק גובה ברך","shoulders","abs|forearms|triceps|traps|core|chest","","vertical_push","compound","push|handstand_pushup|planche","push:14 | handstand_pushup:5 | planche:5","park|home|office|street","4","park[ft_he:y] | home[ft_he:n] | office[ft_he:n] | street[ft_he:n]","true","true","","main","false","","","false","false","false","false","false","true","secondary"
"wQ6ocm6HRKtQ7CFpZI6A","שכיבות סמיכה פייק גובה שוק","shoulders","abs|forearms|triceps|traps|core|chest","","vertical_push","compound","push|handstand_pushup|planche","push:13 | handstand_pushup:4 | planche:4","park|home|office|street","4","park[ft_he:y] | home[ft_he:n] | office[ft_he:n] | street[ft_he:n]","true","true","","main","false","","","false","false","false","false","false","true","secondary"
"862hyZowOu16yxls8MWf","שכיבות סמיכה פייק עמוקות גובה אגן","shoulders","abs|forearms|triceps|traps|core|chest","","vertical_push","compound","push|handstand_pushup","push:16 | handstand_pushup:7","park|home|office","3","park[ft_he:y] | home[ft_he:n] | office[ft_he:n]","true","true","","main","false","","","false","false","false","false","false","true","secondary"
"JgtE20xpoJKkWbf9OCYi","שכיבות סמיכה פלאנץ׳ בטאק מתקדם","shoulders","chest|back|core|forearms|biceps|traps","","horizontal_push","compound","push|planche","push:20 | planche:11","home|park","2","home[ft_he:n] | park[ft_he:n]","false","true","","main","false","","","false","false","false","false","false","true","secondary"
"wuaexRDa8zO0BVJTGZzR","שכיבות סמיכה פלאנץ׳ טאק","shoulders","chest|back|core|forearms|biceps|traps","","horizontal_push","compound","push|planche","push:18 | planche:9","home|park|street|office|airport","5","home[ft_he:n] | park[ft_he:n] | street[ft_he:n] | office[ft_he:n] | airport[ft_he:n]","false","true","","main","false","","","false","false","false","false","false","true","secondary"
"ygLX09TirHMb4EW0Gn6s","שכיבות סמיכה פסודו פלאנץ׳","shoulders","chest|back|core|forearms|biceps|traps","","horizontal_push","compound","push|planche","push:15 | planche:6","home|park|street|office|airport","5","home[ft_he:n] | park[ft_he:n] | street[ft_he:n] | office[ft_he:n] | airport[ft_he:n]","false","true","","main","false","","","false","false","false","false","false","true","secondary"
"q4o11pc4r1c7tUfCKse5","שכיבות סמיכה קשתים","chest","shoulders|triceps|core","","horizontal_push","compound","push","push:14","park|home|street|office|airport","5","park[ft_he:y] | home[ft_he:n] | street[ft_he:n] | office[ft_he:n] | airport[ft_he:n]","true","true","","main","false","","","false","false","false","false","false","true","secondary"
"UdcGfuqfagFg4g3pB1yt","שכיבות סמיכה קשתים בפישוק","chest","shoulders|triceps|core","","horizontal_push","compound","push","push:13","park|home|street|office|airport","5","park[ft_he:y] | home[ft_he:n] | street[ft_he:n] | office[ft_he:n] | airport[ft_he:n]","true","true","","main","false","","","false","false","false","false","false","true","secondary"
"ZJKCzG7wOjMdJUyI9Jhz","שכיבות סמיכה קשתים עם רצועות","chest","shoulders|triceps|core","","horizontal_push","compound","push","push:15","park|home|office","3","park[ft_he:n] | home[ft_he:n] | office[ft_he:n]","false","true","","main","false","","","false","false","false","false","false","true","secondary"
"wYsAsYROBOsZfwm0GcKX","שכיבות סמיכה רחבות","chest","shoulders|triceps|core","","horizontal_push","compound","push|planche","push:10 | planche:1","park|home|street|office|airport","5","park[ft_he:n] | home[ft_he:n] | street[ft_he:n] | office[ft_he:n] | airport[ft_he:n]","false","true","","main","false","","","false","false","false","false","false","true","secondary"
"tnblRsRC1YpVT2n4lLXd","שכיבות סמיכה רצועות ב-45°","chest","shoulders|triceps|core","","horizontal_push","compound","push","push:7","park|home","3","park[ft_he:n] | home[ft_he:n] | home[ft_he:n]","false","true","","main","false","","","false","false","false","false","false","true","secondary"
"5Sex2i0m3X7PE3SicCHk","שכיבות סמיכה שיפוע שלילי","chest","shoulders|triceps|core|traps","","horizontal_push","compound","push|planche","push:10 | planche:1","park|home|street|office|airport","5","park[ft_he:y] | home[ft_he:n] | street[ft_he:n] | office[ft_he:n] | airport[ft_he:n]","true","true","","main","false","","","false","false","false","false","false","true","secondary"
"48r36be7y2dvotG4YKCM","שכיבות סמיכה שלילי בעמידת ידיים חזה לקיר ","shoulders","abs|forearms|triceps|traps|core|chest","","vertical_push","compound","push|handstand_pushup","push:19 | handstand_pushup:10","park|home|office|street","4","park[ft_he:n] | home[ft_he:n] | office[ft_he:n] | street[ft_he:n]","false","true","","main","false","","","false","false","false","false","false","true","secondary"
"o5zRmGuZsYNqMo2GWVLy","שרימפ סקוואט","quads","hamstrings|calves|core|legs|glutes","","squat","compound","legs","legs:9","home|park|street|office","4","home[ft_he:n] | park[ft_he:y] | street[ft_he:n] | office[ft_he:n]","true","true","","main","false","","","false","false","false","false","false","true","secondary"
"hSungsi3vi6nm7rQLHlP","שרימפ סקוואט בלי ידיים","quads","hamstrings|calves|core|legs|glutes","","squat","compound","legs","legs:8","home|park|street|office","4","home[ft_he:n] | park[ft_he:y] | street[ft_he:n] | office[ft_he:n]","true","true","","main","false","","","false","false","false","false","false","true","secondary"
"Nr5P0Q3N7A0DffKjMVRn","שרימפ סקוואט בלי ידיים טווח חלקי","glutes","quads|hamstrings|calves|core|legs","","squat","compound","legs","legs:5","home|park|street|office","4","home[ft_he:n] | park[ft_he:y] | street[ft_he:n] | office[ft_he:n]","true","true","","main","false","","","false","false","false","false","false","true","secondary"
"AgkrcnND86Xdn6O3x3A5","שרימפ סקוואט בעזרת עמוד","quads","hamstrings|calves|core|legs|glutes","","squat","compound","legs","legs:5","home|park|street|office","4","home[ft_he:n] | park[ft_he:y] | street[ft_he:n] | office[ft_he:n]","true","true","","main","false","","","false","false","false","false","false","true","secondary"
"C8AORxqqLojlgKhEiekN","שרימפ סקוואט בתמיכת רגל","quads","hamstrings|calves|core|legs|glutes","","squat","compound","legs","legs:6","home|park|street|office","4","home[ft_he:n] | park[ft_he:y] | street[ft_he:n] | office[ft_he:n]","true","true","","main","false","","","false","false","false","false","false","true","secondary"
"kdBsatNKmG0HIgxsJg9R","שרימפ סקוואט טווח חלקי","quads","hamstrings|calves|core|legs|glutes","","squat","compound","legs","legs:7","home|park|street|office","4","home[ft_he:n] | park[ft_he:y] | street[ft_he:n] | office[ft_he:n]","true","true","","main","false","","","false","false","false","false","false","true","secondary"
"2HozkIAOCD401ia4dSrH","שרימפ סקוואט עמוק בלי ידיים","quads","hamstrings|calves|core|legs|glutes","","squat","compound","legs","legs:10","home|park|street|office","4","home[ft_he:n] | park[ft_he:y] | street[ft_he:n] | office[ft_he:n]","true","true","","main","false","","","false","false","false","false","false","true","secondary"
"26Sv7XtYoiHHVNC3ixSN","תלייה באחיזה עמוקה","forearms","chest|back|traps|shoulders","","vertical_pull","compound","pull|muscle_up","pull:13 | muscle_up:2","home|office|park","3","home[ft_he:n] | office[ft_he:n] | park[ft_he:n]","false","true","","main","false","","","false","false","false","false","false","false",""
"wv8E2f5tcgx3A5nHaUbg","תלייה מספרים","","","","","","","","park|home","2","park[ft_he:n] | home[ft_he:n]","false","true","","","","","","true","true","false","false","false","false",""
"Xk0WZ34nEX802B0FxkpA","תלייה פסיבית","shoulders","chest|back|forearms|traps","","vertical_pull","compound","pull","pull:2","home|office|park","3","home[ft_he:n] | office[ft_he:n] | park[ft_he:y]","true","true","","main","false","","","false","false","false","false","false","false",""
"DnRgN3J7j5k6aTKX7lj3","תלייה פסיבית בתמיכת הרגליים","shoulders","chest|back|forearms|traps","","vertical_pull","compound","full_body|pull|upper_body","full_body:1 | pull:1 | upper_body:1","home|office|park","3","home[ft_he:n] | office[ft_he:n] | park[ft_he:y]","true","true","","main","false","","","false","false","false","false","false","false",""
