exercise_id,exercise_name,method_index,method_location,method_mapping,previewVideo_id,mainVideoUrl_src,imageUrl_src,fullTutorial_id,flag_still_on_firebase,flag_legacy_no_previewVideo,flag_empty_method,root_media_points_to
"01HnnltgrzYyUMECUELx","דדליפט רגל אחת כנגד גומייה",0,"park","park","","bunny","firebase","7ce83c8f-2bc7-4e4a-bca4-0da1c44f4c15",1,1,,"method[0]=park"
"01HnnltgrzYyUMECUELx","דדליפט רגל אחת כנגד גומייה",1,"home","home","","","","",,,1,"method[0]=park"
"01HnnltgrzYyUMECUELx","דדליפט רגל אחת כנגד גומייה",2,"street","street","","","","",,,1,"method[0]=park"
"01HnnltgrzYyUMECUELx","דדליפט רגל אחת כנגד גומייה",3,"office","office","","","","",,,1,"method[0]=park"
"0AoeD3sBQjqWvchrHPYp","שכיבות סמיכה ברכיים",0,"park","park","","bunny","firebase","113ffbfb-3517-497d-9c53-7aa32881812c",1,1,,"method[1]=home"
"0AoeD3sBQjqWvchrHPYp","שכיבות סמיכה ברכיים",1,"home","home","f0b96ed0-0685-429a-b969-d4527a2f0963","bunny","bunny","",,,,"method[1]=home"
"0AoeD3sBQjqWvchrHPYp","שכיבות סמיכה ברכיים",2,"street","street","","","","",,,1,"method[1]=home"
"0AoeD3sBQjqWvchrHPYp","שכיבות סמיכה ברכיים",3,"office","office","","","","",,,1,"method[1]=home"
"0XUsTtJ7pSclRqgJAqFJ","מקבילים אקצנטרי",0,"park","park","","bunny","firebase","b971f111-dd1d-417e-92ad-06fabecb7a2c",1,1,,"method[1]=home"
"0XUsTtJ7pSclRqgJAqFJ","מקבילים אקצנטרי",1,"home","home","a9e1f839-0a47-43d3-9e49-e5bd99b3573d","bunny","bunny","",,,,"method[1]=home"
"0XUsTtJ7pSclRqgJAqFJ","מקבילים אקצנטרי",2,"home","home","","","","",,,1,"method[1]=home"
"0XUsTtJ7pSclRqgJAqFJ","מקבילים אקצנטרי",3,"office","office","","","","",,,1,"method[1]=home"
"0bUiqoNXseMCAR2IGuKu","שכיבות סמיכה סופינציה",0,"park","park","","bunny","firebase","ddab7a12-1b12-4105-ac09-b13cadc9f2bc",1,1,,"method[1]=home"
"0bUiqoNXseMCAR2IGuKu","שכיבות סמיכה סופינציה",1,"home","home","233e9602-1ba4-4036-8686-162756bcda7c","bunny","bunny","",,,,"method[1]=home"
"0bUiqoNXseMCAR2IGuKu","שכיבות סמיכה סופינציה",2,"street","street","","","","",,,1,"method[1]=home"
"0bUiqoNXseMCAR2IGuKu","שכיבות סמיכה סופינציה",3,"office","office","","","","",,,1,"method[1]=home"
"0bUiqoNXseMCAR2IGuKu","שכיבות סמיכה סופינציה",4,"airport","airport","","","","",,,1,"method[1]=home"
"0vBLmiJuZnq6djGSa5LD","דגל פלאנק צידי",0,"park","park","","bunny","firebase","",1,1,,"method[0]=park"
"0vBLmiJuZnq6djGSa5LD","דגל פלאנק צידי",1,"gym","gym","","","","",,,1,"method[0]=park"
"1Ievv4bUCLrhl4kSJjt1","חתירות ב-60°",0,"park","park","","bunny","firebase","57ca49a1-cbc9-4737-994e-e51f24257c82",1,1,,"method[4]=home"
"1Ievv4bUCLrhl4kSJjt1","חתירות ב-60°",1,"park","park","","","firebase","",1,1,,"method[4]=home"
"1Ievv4bUCLrhl4kSJjt1","חתירות ב-60°",2,"park","park","","","firebase","",1,1,,"method[4]=home"
"1Ievv4bUCLrhl4kSJjt1","חתירות ב-60°",3,"park","park","","","","",,,1,"method[4]=home"
"1Ievv4bUCLrhl4kSJjt1","חתירות ב-60°",4,"home","home","2d5c83cc-3bff-4aa9-89bb-e6b14a52ed2b","bunny","bunny","",,,,"method[4]=home"
"1Ievv4bUCLrhl4kSJjt1","חתירות ב-60°",5,"home","home","","","","",,,1,"method[4]=home"
"1Ievv4bUCLrhl4kSJjt1","חתירות ב-60°",6,"home","home","","","","",,,1,"method[4]=home"
"1OEFeykCym2378rgD4QK","כפיפות בטן",0,"park","park","","","","",,,1,"method[1]=home"
"1OEFeykCym2378rgD4QK","כפיפות בטן",1,"home","home","cc132d16-7560-4dbb-841e-9fc60453a932","bunny","bunny","",,,,"method[1]=home"
"1hY3tAPGhB41EGXkdGaT","הליכות היפ טראסט",0,"home","home","46b23523-5c4c-43c6-a560-c84f87ea80f5","bunny","bunny","",,,,"method[0]=home"
"1hY3tAPGhB41EGXkdGaT","הליכות היפ טראסט",1,"office","office","","","","",,,1,"method[0]=home"
"1hY3tAPGhB41EGXkdGaT","הליכות היפ טראסט",2,"park","park","","bunny","firebase","",1,1,,"method[0]=home"
"1hY3tAPGhB41EGXkdGaT","הליכות היפ טראסט",3,"street","street","","","","",,,1,"method[0]=home"
"24acSdN3XiV2NZ7UnSkZ","מתיחת המסתרינג בשכיבה",0,"park","park","","","","",,,1,"method[1]=home"
"24acSdN3XiV2NZ7UnSkZ","מתיחת המסתרינג בשכיבה",1,"home","home","30a90b06-656d-44b2-918e-686c4e908580","bunny","bunny","",,,,"method[1]=home"
"26Sv7XtYoiHHVNC3ixSN","תלייה באחיזה עמוקה",0,"home","home","","","","",,,1,"(empty)"
"26Sv7XtYoiHHVNC3ixSN","תלייה באחיזה עמוקה",1,"office","office","","","","",,,1,"(empty)"
"26Sv7XtYoiHHVNC3ixSN","תלייה באחיזה עמוקה",2,"park","park","","bunny","firebase","",1,1,,"(empty)"
"2Fl1kzroDz81c4gbuKlU","החזקת מתח ב-15°",0,"park","park","","bunny","firebase","cb647527-16ab-420f-8a15-cb4b89c17178",1,1,,"method[2]=home"
"2Fl1kzroDz81c4gbuKlU","החזקת מתח ב-15°",1,"park","park","","","","",,,1,"method[2]=home"
"2Fl1kzroDz81c4gbuKlU","החזקת מתח ב-15°",2,"home","home","bd3c280f-cc4d-4be5-94e9-9c9262d4fb3d","bunny","bunny","",,,,"method[2]=home"
"2Fl1kzroDz81c4gbuKlU","החזקת מתח ב-15°",3,"home","home","","","","",,,1,"method[2]=home"
"2Fl1kzroDz81c4gbuKlU","החזקת מתח ב-15°",4,"office","office","","","","",,,1,"method[2]=home"
"2HozkIAOCD401ia4dSrH","שרימפ סקוואט עמוק בלי ידיים",0,"home","home","","","","",,,1,"(empty)"
"2HozkIAOCD401ia4dSrH","שרימפ סקוואט עמוק בלי ידיים",1,"park","park","","bunny","firebase","721f40ec-b3ee-4f93-953c-62bdb401041f",1,1,,"(empty)"
"2HozkIAOCD401ia4dSrH","שרימפ סקוואט עמוק בלי ידיים",2,"street","street","","","","",,,1,"(empty)"
"2HozkIAOCD401ia4dSrH","שרימפ סקוואט עמוק בלי ידיים",3,"office","office","","","","",,,1,"(empty)"
"2rRyq5b7CLbJuOgm8ODa","בק לבר",0,"park","park","","","","",,,1,"firebase:ffd7acc8"
"2rRyq5b7CLbJuOgm8ODa","בק לבר",1,"home","home","","","","",,,1,"firebase:ffd7acc8"
"2rRyq5b7CLbJuOgm8ODa","בק לבר",2,"home","home","","","","",,,1,"firebase:ffd7acc8"
"2rRyq5b7CLbJuOgm8ODa","בק לבר",3,"park","park","","bunny","firebase","",1,1,,"firebase:ffd7acc8"
"34JqI5TOOlCgFOW12311","סקוואט",0,"home","home","00f73db9-3f01-4ceb-b111-6705943b53d2","bunny","bunny","",,,,"method[0]=home"
"34JqI5TOOlCgFOW12311","סקוואט",1,"office","office","","","","",,,1,"method[0]=home"
"34JqI5TOOlCgFOW12311","סקוואט",2,"park","park","","bunny","firebase","e9afc159-9da7-4675-9150-417aab470e7a",1,1,,"method[0]=home"
"34JqI5TOOlCgFOW12311","סקוואט",3,"street","street","","","","",,,1,"method[0]=home"
"34LJ5pJYnk5GPr77xlG9","חימום סיבובי מפרקים",0,"park","park","","","","",,,1,"method[1]=home"
"34LJ5pJYnk5GPr77xlG9","חימום סיבובי מפרקים",1,"home","home","bd08d4cb-2c7b-4936-8bf4-abe7bf7083e3","bunny","bunny","",,,,"method[1]=home"
"34giCNuppaFW74zpfFCA","עליית מדרגה גובה ברך",0,"home","home","e4f5e615-a857-4f5f-b702-bef61dd85cfe","bunny","bunny","",,,,"method[0]=home"
"34giCNuppaFW74zpfFCA","עליית מדרגה גובה ברך",1,"office","office","","","","",,,1,"method[0]=home"
"34giCNuppaFW74zpfFCA","עליית מדרגה גובה ברך",2,"park","park","","bunny","firebase","7f9f9c31-92e5-44b6-ab6c-c214254a5d31",1,1,,"method[0]=home"
"34giCNuppaFW74zpfFCA","עליית מדרגה גובה ברך",3,"street","street","","bunny","firebase","",1,1,,"method[0]=home"
"3O5BDlJVD34kjYm3Emo8","דדליפט רגל אחת",0,"park","park","","bunny","firebase","c515a2a9-1e3d-4691-89ad-c0e8e0d00a74",1,1,,"method[1]=home"
"3O5BDlJVD34kjYm3Emo8","דדליפט רגל אחת",1,"home","home","d91724cb-4648-4049-b3b0-b1feadaf54fa","bunny","bunny","",,,,"method[1]=home"
"3O5BDlJVD34kjYm3Emo8","דדליפט רגל אחת",2,"office","office","","","","",,,1,"method[1]=home"
"3O5BDlJVD34kjYm3Emo8","דדליפט רגל אחת",3,"street","street","","","","",,,1,"method[1]=home"
"3dIrpJQHp5QbimPVTZDk","חצי סמוך קום",0,"park","park","","","","",,,1,"method[1]=home"
"3dIrpJQHp5QbimPVTZDk","חצי סמוך קום",1,"home","home","1961acac-b15e-4211-b11d-63f745bc171c","bunny","bunny","",,,,"method[1]=home"
"3gE45P8fG6iXVuZ48QGk","שכיבות סמיכה טווח תחתון",0,"park","park","","bunny","firebase","c6b323e5-0767-430f-81dd-161c6ff8498d",1,1,,"method[0]=park"
"3gE45P8fG6iXVuZ48QGk","שכיבות סמיכה טווח תחתון",1,"street","street","","","","",,,1,"method[0]=park"
"3gE45P8fG6iXVuZ48QGk","שכיבות סמיכה טווח תחתון",2,"home","home","","","","",,,1,"method[0]=park"
"3gE45P8fG6iXVuZ48QGk","שכיבות סמיכה טווח תחתון",3,"office","office","","","firebase","",1,1,,"method[0]=park"
"3sR44gVtDlzdot9Yq7MQ","גליל בטן אקצנטרי",0,"park","park","","","","",,,1,"method[1]=home"
"3sR44gVtDlzdot9Yq7MQ","גליל בטן אקצנטרי",1,"home","home","01abe762-264a-43ec-ae61-9640f2136438","bunny","bunny","",,,,"method[1]=home"
"3zffAO0k2ZaHs0WkkQuT","פרונט לבר רגל אחת בעזרת גומייה",0,"home","home","","","","",,,1,"(empty)"
"3zffAO0k2ZaHs0WkkQuT","פרונט לבר רגל אחת בעזרת גומייה",1,"park","park","","","","",,,1,"(empty)"
"3zffAO0k2ZaHs0WkkQuT","פרונט לבר רגל אחת בעזרת גומייה",2,"home","home","","","","",,,1,"(empty)"
"3zffAO0k2ZaHs0WkkQuT","פרונט לבר רגל אחת בעזרת גומייה",3,"park","park","","","","",,,1,"(empty)"
"48HQdvWfODiRsyd1WQOl","החזקת מתח יד אחת ב-15°",0,"park","park","","bunny","firebase","",1,1,,"method[0]=park"
"48HQdvWfODiRsyd1WQOl","החזקת מתח יד אחת ב-15°",1,"park","park","","","","",,,1,"method[0]=park"
"48HQdvWfODiRsyd1WQOl","החזקת מתח יד אחת ב-15°",2,"home","home","","","","",,,1,"method[0]=park"
"48HQdvWfODiRsyd1WQOl","החזקת מתח יד אחת ב-15°",3,"home","home","","","","",,,1,"method[0]=park"
"48HQdvWfODiRsyd1WQOl","החזקת מתח יד אחת ב-15°",4,"office","office","","","","",,,1,"method[0]=park"
"48r36be7y2dvotG4YKCM","שכיבות סמיכה שלילי בעמידת ידיים חזה לקיר ",0,"park","park","","bunny","firebase","",1,1,,"method[0]=park"
"48r36be7y2dvotG4YKCM","שכיבות סמיכה שלילי בעמידת ידיים חזה לקיר ",1,"home","home","","","","",,,1,"method[0]=park"
"48r36be7y2dvotG4YKCM","שכיבות סמיכה שלילי בעמידת ידיים חזה לקיר ",2,"office","office","","","","",,,1,"method[0]=park"
"48r36be7y2dvotG4YKCM","שכיבות סמיכה שלילי בעמידת ידיים חזה לקיר ",3,"street","street","","","","",,,1,"method[0]=park"
"4GVlUbVr5r9gNdUCKagI","הליכות דוב",0,"park","park","","","","",,,1,"method[1]=home"
"4GVlUbVr5r9gNdUCKagI","הליכות דוב",1,"home","home","9e315978-c065-4b6a-a7ee-bf7803ba75f6","bunny","bunny","",,,,"method[1]=home"
"4Sjv6yU3LOD6vmaDfz43","מתיחת ישיבה בפייק",0,"park","park","","","","",,,1,"method[1]=home"
"4Sjv6yU3LOD6vmaDfz43","מתיחת ישיבה בפייק",1,"home","home","40d5af34-9a20-4348-bbec-71c3773c8751","bunny","bunny","",,,,"method[1]=home"
"4YCuuEsNVwUcxNxp3m9H","החזקת מקבילים ב-120° עם גומייה",0,"park","park","","bunny","firebase","",1,1,,"method[0]=park"
"4YCuuEsNVwUcxNxp3m9H","החזקת מקבילים ב-120° עם גומייה",1,"home","home","","","","",,,1,"method[0]=park"
"4YCuuEsNVwUcxNxp3m9H","החזקת מקבילים ב-120° עם גומייה",2,"park","park","","","","",,,1,"method[0]=park"
"4YCuuEsNVwUcxNxp3m9H","החזקת מקבילים ב-120° עם גומייה",3,"home","home","","","","",,,1,"method[0]=park"
"4ce7GeLA60a6zxtbDBW1","עליית כוח בעזרת תנופה",0,"park","park","","bunny","firebase","5194cbf7-1371-477f-b462-44e399d40540",1,1,,"method[0]=park"
"4ce7GeLA60a6zxtbDBW1","עליית כוח בעזרת תנופה",1,"home","home","","","","",,,1,"method[0]=park"
"4ce7GeLA60a6zxtbDBW1","עליית כוח בעזרת תנופה",2,"gym","gym","","","","",,,1,"method[0]=park"
"4kww5BB13UkNaaAjZKS0","סמוך קום",0,"park","park","","","","",,,1,"method[1]=home"
"4kww5BB13UkNaaAjZKS0","סמוך קום",1,"home","home","8b0f50d3-64e8-457c-bd76-2c7e916d3323","bunny","bunny","",,,,"method[1]=home"
"4rDvdGHq9KAxewpBe4Mg","דרגון סקוואט מוגבה",0,"home","home","","","","",,,1,"(empty)"
"4rDvdGHq9KAxewpBe4Mg","דרגון סקוואט מוגבה",1,"park","park","","bunny","firebase","",1,1,,"(empty)"
"4rDvdGHq9KAxewpBe4Mg","דרגון סקוואט מוגבה",2,"street","street","","","","",,,1,"(empty)"
"4rDvdGHq9KAxewpBe4Mg","דרגון סקוואט מוגבה",3,"office","office","","","","",,,1,"(empty)"
"4wCedrBoFjPePiymHoYP","חימום סיבובי ירך",0,"park","park","","","","",,,1,"method[1]=home"
"4wCedrBoFjPePiymHoYP","חימום סיבובי ירך",1,"home","home","579234fc-2774-4a73-a509-b82c59bdb012","bunny","bunny","",,,,"method[1]=home"
"50zThi9jcQWm6wbWDM4I","סקוואט טווח חלקי (להגבהה)",0,"home","home","8286f82c-fdf8-4f05-8961-a066f5726897","bunny","bunny","",,,,"method[0]=home"
"50zThi9jcQWm6wbWDM4I","סקוואט טווח חלקי (להגבהה)",1,"office","office","","","","",,,1,"method[0]=home"
"50zThi9jcQWm6wbWDM4I","סקוואט טווח חלקי (להגבהה)",2,"park","park","","bunny","firebase","46ce5568-0143-4d13-9c03-91607d0bc9e4",1,1,,"method[0]=home"
"50zThi9jcQWm6wbWDM4I","סקוואט טווח חלקי (להגבהה)",3,"street","street","","bunny","firebase","",1,1,,"method[0]=home"
"515aM5b8UHyAova7I6Lv","קפיצה על רגל אחת גובה ברך",0,"home","home","","","","",,,1,"(empty)"
"515aM5b8UHyAova7I6Lv","קפיצה על רגל אחת גובה ברך",1,"office","office","","","","",,,1,"(empty)"
"515aM5b8UHyAova7I6Lv","קפיצה על רגל אחת גובה ברך",2,"park","park","","bunny","firebase","079e27da-f607-4b6a-8232-585efc89146d",1,1,,"(empty)"
"515aM5b8UHyAova7I6Lv","קפיצה על רגל אחת גובה ברך",3,"street","street","","","","",,,1,"(empty)"
"5LGfy2EB72CeLhQDcnY6","דרגון פלאג בטאק",0,"park","park","","bunny","firebase","",1,1,,"method[0]=park"
"5LGfy2EB72CeLhQDcnY6","דרגון פלאג בטאק",1,"home","home","","","","",,,1,"method[0]=park"
"5LGfy2EB72CeLhQDcnY6","דרגון פלאג בטאק",2,"gym","gym","","","","",,,1,"method[0]=park"
"5LGfy2EB72CeLhQDcnY6","דרגון פלאג בטאק",3,"airport","airport","","","","",,,1,"method[0]=park"
"5LhNqpOowBF268tFTDz7","פיסטול סקוואט שלילי שמאל",0,"park","park","","","","",,,1,"method[1]=home"
"5LhNqpOowBF268tFTDz7","פיסטול סקוואט שלילי שמאל",1,"home","home","0121f09c-4bb1-47a3-beec-a82981233cdb","bunny","bunny","",,,,"method[1]=home"
"5Sex2i0m3X7PE3SicCHk","שכיבות סמיכה שיפוע שלילי",0,"park","park","","bunny","firebase","31ec3ea9-811c-45e7-9931-b016dd01dd47",1,1,,"method[1]=home"
"5Sex2i0m3X7PE3SicCHk","שכיבות סמיכה שיפוע שלילי",1,"home","home","149c24ca-c77a-47ba-9302-76ad826830c3","bunny","bunny","",,,,"method[1]=home"
"5Sex2i0m3X7PE3SicCHk","שכיבות סמיכה שיפוע שלילי",2,"street","street","","","","",,,1,"method[1]=home"
"5Sex2i0m3X7PE3SicCHk","שכיבות סמיכה שיפוע שלילי",3,"office","office","","","","",,,1,"method[1]=home"
"5Sex2i0m3X7PE3SicCHk","שכיבות סמיכה שיפוע שלילי",4,"airport","airport","","","","",,,1,"method[1]=home"
"5cdQOV3Kl5EpnyUt1JuG","כפיפות בטן חצי טווח",0,"park","park","","","","",,,1,"method[1]=home"
"5cdQOV3Kl5EpnyUt1JuG","כפיפות בטן חצי טווח",1,"home","home","69ef4dda-88ee-4e20-aacb-d3678d0be2a8","bunny","bunny","",,,,"method[1]=home"
"68xum7WRurKikYoKPrjB","מתח אקצנטרי",0,"park","park","","bunny","firebase","1806b8a0-c319-41ec-b896-0e98c98530a5",1,1,,"method[2]=home"
"68xum7WRurKikYoKPrjB","מתח אקצנטרי",1,"park","park","","","","",,,1,"method[2]=home"
"68xum7WRurKikYoKPrjB","מתח אקצנטרי",2,"home","home","2c2bac62-5f0d-4903-850c-ad375b0fc2d5","bunny","bunny","",,,,"method[2]=home"
"68xum7WRurKikYoKPrjB","מתח אקצנטרי",3,"home","home","","","","",,,1,"method[2]=home"
"6942rEl6J6OU4o3wL0di","מתח צר",0,"park","park","","bunny","firebase","",1,1,,"method[2]=home"
"6942rEl6J6OU4o3wL0di","מתח צר",1,"park","park","","","","",,,1,"method[2]=home"
"6942rEl6J6OU4o3wL0di","מתח צר",2,"home","home","b0cab8be-bd24-4a35-b7eb-c33b55f27cd5","bunny","bunny","",,,,"method[2]=home"
"6942rEl6J6OU4o3wL0di","מתח צר",3,"home","home","","","","",,,1,"method[2]=home"
"6942rEl6J6OU4o3wL0di","מתח צר",4,"office","office","","","","",,,1,"method[2]=home"
"6OPvBxXMTy0mHYNra4Wc","סיבובי רגליים בשכיבה",0,"park","park","","","","",,,1,"method[1]=home"
"6OPvBxXMTy0mHYNra4Wc","סיבובי רגליים בשכיבה",1,"home","home","bdf6d5aa-fd25-4e54-82ff-856758f8093a","bunny","bunny","",,,,"method[1]=home"
"6kRZiBHmQI34xaUcysBi","גוד מורנינג בישיבה",0,"park","park","","bunny","firebase","8a7a68c8-c6c3-4834-add0-ea08b8e4bbdd",1,1,,"method[1]=home"
"6kRZiBHmQI34xaUcysBi","גוד מורנינג בישיבה",1,"home","home","ccf82992-55f2-4a67-9c3c-862e25ba964c","bunny","bunny","",,,,"method[1]=home"
"6kRZiBHmQI34xaUcysBi","גוד מורנינג בישיבה",2,"office","office","","","firebase","",1,1,,"method[1]=home"
"76ME6NgB01ru8Rubxrwb","עליית כוח בקפיצה עם טבעות",0,"park","park","","bunny","firebase","",1,1,,"method[0]=park"
"76ME6NgB01ru8Rubxrwb","עליית כוח בקפיצה עם טבעות",1,"home","home","","","","",,,1,"method[0]=park"
"7G0s5hR2qyc6tSRZsplm","שכיבות סמיכה פייק גובה ברך",0,"park","park","","bunny","firebase","6115d20f-bb73-4b82-a4f3-85611c4cc088",1,1,,"method[1]=home"
"7G0s5hR2qyc6tSRZsplm","שכיבות סמיכה פייק גובה ברך",1,"home","home","0360fb0d-986c-4392-8f86-3c7934a3ebf2","bunny","bunny","",,,,"method[1]=home"
"7G0s5hR2qyc6tSRZsplm","שכיבות סמיכה פייק גובה ברך",2,"office","office","","","","",,,1,"method[1]=home"
"7G0s5hR2qyc6tSRZsplm","שכיבות סמיכה פייק גובה ברך",3,"street","street","","","","",,,1,"method[1]=home"
"7mRRX85Hfx5sQ6oCl7YE","סקוואט בולגרי עם קפיצה על ספה",0,"park","park","","","","",,,1,"method[1]=home"
"7mRRX85Hfx5sQ6oCl7YE","סקוואט בולגרי עם קפיצה על ספה",1,"home","home","90f6bc40-6da9-481d-9b61-1e84f4ae2b6d","bunny","bunny","",,,,"method[1]=home"
"7ocGV3FbYbue9nXC8aXh","החזקת מקבילים ב-90° עם גומייה",0,"park","park","","bunny","firebase","",1,1,,"method[1]=home"
"7ocGV3FbYbue9nXC8aXh","החזקת מקבילים ב-90° עם גומייה",1,"home","home","34689fee-d63c-43a8-bca3-4793093f3082","bunny","bunny","",,,,"method[1]=home"
"7ocGV3FbYbue9nXC8aXh","החזקת מקבילים ב-90° עם גומייה",2,"park","park","","","","",,,1,"method[1]=home"
"7ocGV3FbYbue9nXC8aXh","החזקת מקבילים ב-90° עם גומייה",3,"home","home","","","","",,,1,"method[1]=home"
"7spjueGo4OFPIrHHu3Jl","מתיחת דוגמנית",0,"park","park","","","","",,,1,"method[1]=home"
"7spjueGo4OFPIrHHu3Jl","מתיחת דוגמנית",1,"home","home","e501bf0e-2801-4cc2-be49-e58284d0167d","bunny","bunny","",,,,"method[1]=home"
"862hyZowOu16yxls8MWf","שכיבות סמיכה פייק עמוקות גובה אגן",0,"park","park","","bunny","firebase","f21171c5-f2ae-46eb-a957-12139cca2d2c",1,1,,"method[0]=park"
"862hyZowOu16yxls8MWf","שכיבות סמיכה פייק עמוקות גובה אגן",1,"home","home","","","","",,,1,"method[0]=park"
"862hyZowOu16yxls8MWf","שכיבות סמיכה פייק עמוקות גובה אגן",2,"office","office","","","","",,,1,"method[0]=park"
"8C5esYmeG9fZGyoDgzMu","מתח מתפרץ עם טבעות",0,"park","park","","bunny","firebase","",1,1,,"method[0]=park"
"8C5esYmeG9fZGyoDgzMu","מתח מתפרץ עם טבעות",1,"home","home","","","","",,,1,"method[0]=park"
"8Fn68O2jggNncaAgMoYG","מתח אוסטרלי ב-30° מעלות",0,"park","park","","bunny","firebase","9c348768-5d65-458e-8b4b-cc3951c72380",1,1,,"method[0]=park"
"8WN9CquCscUXK5SvNiIn","חימום רוטציות לצדדים עמוד השדרה",0,"park","park","","","","",,,1,"method[1]=home"
"8WN9CquCscUXK5SvNiIn","חימום רוטציות לצדדים עמוד השדרה",1,"home","home","618a57d0-d22d-4f9d-817c-9e7af9fd1fa1","bunny","bunny","",,,,"method[1]=home"
"8YpK2KnydcB6Oz1zTMSh","פלאנק רגל ויד נגדית",0,"park","park","","","","",,,1,"method[1]=home"
"8YpK2KnydcB6Oz1zTMSh","פלאנק רגל ויד נגדית",1,"home","home","187e57fa-df3f-4b4a-8c2f-a2e7e3cbe3e4","bunny","bunny","",,,,"method[1]=home"
"8vGnuoSH3MMkYKnxjg1P","סקוואט כנגד גומייה",0,"home","home","f3f4537a-b7da-444a-9e07-45880c994724","bunny","bunny","",,,,"method[0]=home"
"8vGnuoSH3MMkYKnxjg1P","סקוואט כנגד גומייה",1,"office","office","","","","",,,1,"method[0]=home"
"8vGnuoSH3MMkYKnxjg1P","סקוואט כנגד גומייה",2,"park","park","","bunny","firebase","",1,1,,"method[0]=home"
"8vGnuoSH3MMkYKnxjg1P","סקוואט כנגד גומייה",3,"street","street","","","","",,,1,"method[0]=home"
"8xwrNMDXevR0MQiyQoZk","דרגון סקוואט בתמיכת יד",0,"home","home","","","","",,,1,"(empty)"
"8xwrNMDXevR0MQiyQoZk","דרגון סקוואט בתמיכת יד",1,"park","park","","bunny","firebase","",1,1,,"(empty)"
"8xwrNMDXevR0MQiyQoZk","דרגון סקוואט בתמיכת יד",2,"street","street","","","","",,,1,"(empty)"
"8xwrNMDXevR0MQiyQoZk","דרגון סקוואט בתמיכת יד",3,"office","office","","","","",,,1,"(empty)"
"8zw8ZEGDv5pgAUHLXyRj","כפיפת נורדיק בירך",0,"home","home","","","","",,,1,"(empty)"
"8zw8ZEGDv5pgAUHLXyRj","כפיפת נורדיק בירך",1,"park","park","","bunny","firebase","183fa59d-6f52-44b2-9f2f-9f9884828c9b",1,1,,"(empty)"
"8zw8ZEGDv5pgAUHLXyRj","כפיפת נורדיק בירך",2,"street","street","","","","",,,1,"(empty)"
"8zw8ZEGDv5pgAUHLXyRj","כפיפת נורדיק בירך",3,"office","office","","","","",,,1,"(empty)"
"99Zbf5ZwAhb9YBo3uelF","סיסי סקוואט אקצנטרי",0,"home","home","759f8d01-9c44-4016-94db-f1792898b8ae","bunny","bunny","",,,,"method[0]=home"
"99Zbf5ZwAhb9YBo3uelF","סיסי סקוואט אקצנטרי",1,"street","street","","","","",,,1,"method[0]=home"
"99Zbf5ZwAhb9YBo3uelF","סיסי סקוואט אקצנטרי",2,"office","office","","","","",,,1,"method[0]=home"
"99Zbf5ZwAhb9YBo3uelF","סיסי סקוואט אקצנטרי",3,"park","park","","bunny","firebase","eb164398-1628-41e9-98b7-2a862162865a",1,1,,"method[0]=home"
"9BBOvu1SNMzNxgPun8ZH","עמידת פייק",0,"park","park","","bunny","firebase","9cd2c893-08b2-4121-88ce-a71af4ddc4dc",1,1,,"method[1]=home"
"9BBOvu1SNMzNxgPun8ZH","עמידת פייק",1,"home","home","a457725f-fcce-4407-9ae8-670c34c2def6","bunny","bunny","",,,,"method[1]=home"
"9BBOvu1SNMzNxgPun8ZH","עמידת פייק",2,"office","office","","","","",,,1,"method[1]=home"
"9BBOvu1SNMzNxgPun8ZH","עמידת פייק",3,"street","street","","","","",,,1,"method[1]=home"
"9ZTyLTiFe5TxI2jVbuPZ","מתח טווח תחתון",0,"park","park","","bunny","firebase","5cd8ab07-9e9e-475d-9e0d-77d2c0bfa304",1,1,,"method[0]=park"
"9ZTyLTiFe5TxI2jVbuPZ","מתח טווח תחתון",1,"park","park","","","","",,,1,"method[0]=park"
"9ZTyLTiFe5TxI2jVbuPZ","מתח טווח תחתון",2,"home","home","","","","",,,1,"method[0]=park"
"9ZTyLTiFe5TxI2jVbuPZ","מתח טווח תחתון",3,"home","home","","","","",,,1,"method[0]=park"
"9ZTyLTiFe5TxI2jVbuPZ","מתח טווח תחתון",4,"office","office","","","","",,,1,"method[0]=park"
"A6ktP57z5Pvp3XkS6vGQ","לאנג׳ בולגרי",0,"home","home","29a14dc4-31eb-4c81-9687-01317b49da67","bunny","bunny","",,,,"method[0]=home"
"A6ktP57z5Pvp3XkS6vGQ","לאנג׳ בולגרי",1,"office","office","","","","",,,1,"method[0]=home"
"A6ktP57z5Pvp3XkS6vGQ","לאנג׳ בולגרי",2,"street","street","","","","",,,1,"method[0]=home"
"A6ktP57z5Pvp3XkS6vGQ","לאנג׳ בולגרי",3,"park","park","","bunny","firebase","d08da2ac-fd48-4c13-9226-495af4f11351",1,1,,"method[0]=home"
"A7E66cGMdurMPAH6eBar","דדליפט רומני",0,"park","park","b8b23755-60af-4962-bf75-9ebf8603eb6a","bunny","bunny","48769f7b-004e-420a-93ce-ad011923b62f",,,,"method[0]=park"
"A7E66cGMdurMPAH6eBar","דדליפט רומני",1,"home","home","f22cd4ca-42ca-41af-ba62-1a0210428cc0","bunny","bunny","",,,,"method[0]=park"
"A7E66cGMdurMPAH6eBar","דדליפט רומני",2,"office","office","","","firebase","",1,1,,"method[0]=park"
"ANvq7ORET7uhLRK4XP6X","הליכות קיר",0,"park","park","","bunny","firebase","8e07cedc-9b75-48b7-aa8e-f68cb411402b",1,1,,"method[0]=park"
"ANvq7ORET7uhLRK4XP6X","הליכות קיר",1,"home","home","","","","",,,1,"method[0]=park"
"ANvq7ORET7uhLRK4XP6X","הליכות קיר",2,"office","office","","","","",,,1,"method[0]=park"
"AdIAFteC2tmYWTPaaDtl","הליכות זחל",0,"park","park","","","","",,,1,"method[1]=home"
"AdIAFteC2tmYWTPaaDtl","הליכות זחל",1,"home","home","ef262b7a-f339-4e50-bd6b-24c23e5530a4","bunny","bunny","",,,,"method[1]=home"
"AgkrcnND86Xdn6O3x3A5","שרימפ סקוואט בעזרת עמוד",0,"home","home","","","","",,,1,"(empty)"
"AgkrcnND86Xdn6O3x3A5","שרימפ סקוואט בעזרת עמוד",1,"park","park","","bunny","firebase","6ab68e57-4102-4724-acaa-ce73455a5c45",1,1,,"(empty)"
"AgkrcnND86Xdn6O3x3A5","שרימפ סקוואט בעזרת עמוד",2,"street","street","","","","",,,1,"(empty)"
"AgkrcnND86Xdn6O3x3A5","שרימפ סקוואט בעזרת עמוד",3,"office","office","","","","",,,1,"(empty)"
"Am5MHd1RothiK0lvlXAF","מתח מכונת כתיבה (Typewriter)",0,"park","park","","bunny","firebase","f9f05ef4-8d10-4151-95f8-99914ee234dd",1,1,,"method[0]=park"
"Am5MHd1RothiK0lvlXAF","מתח מכונת כתיבה (Typewriter)",1,"park","park","","bunny","firebase","",1,1,,"method[0]=park"
"Am5MHd1RothiK0lvlXAF","מתח מכונת כתיבה (Typewriter)",2,"home","home","","","","",,,1,"method[0]=park"
"Am5MHd1RothiK0lvlXAF","מתח מכונת כתיבה (Typewriter)",3,"home","home","","","","",,,1,"method[0]=park"
"Am5MHd1RothiK0lvlXAF","מתח מכונת כתיבה (Typewriter)",4,"office","office","","","","",,,1,"method[0]=park"
"Ao3amXO9YEBEOSE48RRi","ישיבת L ברכיים כפופות",0,"park","park","","bunny","firebase","f60f0b1a-9914-437c-9484-f17470b22e39",1,1,,"method[1]=home"
"Ao3amXO9YEBEOSE48RRi","ישיבת L ברכיים כפופות",1,"home","home","d29d7c28-5f86-4bc6-bdd7-7c0f2792b44f","bunny","bunny","",,,,"method[1]=home"
"Ao3amXO9YEBEOSE48RRi","ישיבת L ברכיים כפופות",2,"street","street","","","","",,,1,"method[1]=home"
"Ao3amXO9YEBEOSE48RRi","ישיבת L ברכיים כפופות",3,"office","office","","","","",,,1,"method[1]=home"
"Ao3amXO9YEBEOSE48RRi","ישיבת L ברכיים כפופות",4,"home","home","","","","",,,1,"method[1]=home"
"B0pnjy0oT9jTizikeLSb","עליות תאומים",0,"home","home","c0558c4c-462d-488e-8ad3-8aadc5602150","bunny","bunny","",,,,"method[0]=home"
"B0pnjy0oT9jTizikeLSb","עליות תאומים",1,"office","office","","","","",,,1,"method[0]=home"
"B0pnjy0oT9jTizikeLSb","עליות תאומים",2,"park","park","","bunny","firebase","dbd5a928-e017-4fcf-b040-51d52ed27142",1,1,,"method[0]=home"
"BLbgAyNJSZCc4YsoOxtP","החזקת הולו באדי",0,"park","park","","","","",,,1,"method[1]=home"
"BLbgAyNJSZCc4YsoOxtP","החזקת הולו באדי",1,"home","home","cbbb9f6e-ec4e-464c-a7d9-bd74374bcb04","bunny","bunny","",,,,"method[1]=home"
"BNZ77eaNvZJnt9iwS57O","כפיפת נורדיק טווח חלקי",0,"park","park","","bunny","firebase","71fdd76b-271f-4f8d-88de-df296729ad84",1,1,,"method[1]=home"
"BNZ77eaNvZJnt9iwS57O","כפיפת נורדיק טווח חלקי",1,"home","home","d2397a02-3cc5-420e-8f94-726bd5f8c9e9","bunny","bunny","",,,,"method[1]=home"
"BWbscvj0m3hvxghEMtKV","פלאנק עליות ונגיעות בכתפיים",0,"park","park","","bunny","firebase","d9140bbf-c7a8-4166-9bd0-371836cd8720",1,1,,"method[1]=home"
"BWbscvj0m3hvxghEMtKV","פלאנק עליות ונגיעות בכתפיים",1,"home","home","59050b25-8bf4-4cb5-83da-1a2d0661395b","bunny","bunny","",,,,"method[1]=home"
"BWbscvj0m3hvxghEMtKV","פלאנק עליות ונגיעות בכתפיים",2,"office","office","","","","",,,1,"method[1]=home"
"BWbscvj0m3hvxghEMtKV","פלאנק עליות ונגיעות בכתפיים",3,"street","street","","","","",,,1,"method[1]=home"
"BcsFnuiLx1fZY2SIVhoC","אופניים",0,"park","park","","","","",,,1,"method[1]=home"
"BcsFnuiLx1fZY2SIVhoC","אופניים",1,"home","home","8fcb2e35-3c1f-4359-8388-ac79ac881b0a","bunny","bunny","",,,,"method[1]=home"
"Bkb5i5YfYocKrQILfbY3","החזקת מקבילים ב-15°",0,"park","park","","bunny","firebase","f7564b96-d749-43ee-9cab-2affa9c2f18c",1,1,,"method[1]=home"
"Bkb5i5YfYocKrQILfbY3","החזקת מקבילים ב-15°",1,"home","home","aa9c7301-ecf7-49b7-87e1-90833d11a6f7","bunny","bunny","",,,,"method[1]=home"
"Bkb5i5YfYocKrQILfbY3","החזקת מקבילים ב-15°",2,"home","home","","","","",,,1,"method[1]=home"
"Bkb5i5YfYocKrQILfbY3","החזקת מקבילים ב-15°",3,"office","office","","","","",,,1,"method[1]=home"
"C8AORxqqLojlgKhEiekN","שרימפ סקוואט בתמיכת רגל",0,"home","home","","","","",,,1,"(empty)"
"C8AORxqqLojlgKhEiekN","שרימפ סקוואט בתמיכת רגל",1,"park","park","","bunny","firebase","7140dfae-951a-407e-8323-37968e0ba5a5",1,1,,"(empty)"
"C8AORxqqLojlgKhEiekN","שרימפ סקוואט בתמיכת רגל",2,"street","street","","","","",,,1,"(empty)"
"C8AORxqqLojlgKhEiekN","שרימפ סקוואט בתמיכת רגל",3,"office","office","","","","",,,1,"(empty)"
"CFhoMTpjSMjXAlUG4xFw","מתח עם גומייה עבה",0,"park","park","","bunny","firebase","42ba75b9-76c0-42f5-b708-a1b11274f84f",1,1,,"method[0]=park"
"CFhoMTpjSMjXAlUG4xFw","מתח עם גומייה עבה",1,"park","park","","bunny","firebase","",1,1,,"method[0]=park"
"CFhoMTpjSMjXAlUG4xFw","מתח עם גומייה עבה",2,"home","home","","bunny","firebase","",1,1,,"method[0]=park"
"CHnLZy3KK4iQ1MAe4kRs","לאנג׳ בהצלבה",0,"home","home","91f07cb8-ddba-40c4-9e9c-63f9c5252123","bunny","bunny","",,,,"method[0]=home"
"CHnLZy3KK4iQ1MAe4kRs","לאנג׳ בהצלבה",1,"office","office","","","","",,,1,"method[0]=home"
"CHnLZy3KK4iQ1MAe4kRs","לאנג׳ בהצלבה",2,"street","street","","","","",,,1,"method[0]=home"
"CHnLZy3KK4iQ1MAe4kRs","לאנג׳ בהצלבה",3,"park","park","","bunny","firebase","ffb46b39-402f-4ff7-b5cd-7a2d8e5511c6",1,1,,"method[0]=home"
"CQtZDiAEvfNB8khudfsG","פשיטת מרפקים יד מאחורי הראש בהתנגדות גומיה",0,"park","park","","","","",,,1,"method[1]=home"
"CQtZDiAEvfNB8khudfsG","פשיטת מרפקים יד מאחורי הראש בהתנגדות גומיה",1,"home","home","1e1fca6b-f018-4937-b837-789aafe94557","bunny","bunny","",,,,"method[1]=home"
"CVMlbYHJTiJKSPYkZ9Lk","רגליים למתח",0,"park","park","","","","",,,1,"method[1]=home"
"CVMlbYHJTiJKSPYkZ9Lk","רגליים למתח",1,"home","home","59d3f06a-1fc5-444a-b95a-339b5803e4e8","bunny","bunny","",,,,"method[1]=home"
"CYEuO2uRt1QBCr5e2khC","כפיפת ברך כנגד גומייה",0,"park","park","","bunny","firebase","f32e6435-8215-49f2-82c2-db5ca47d7b1d",1,1,,"method[0]=park"
"CYEuO2uRt1QBCr5e2khC","כפיפת ברך כנגד גומייה",1,"home","home","","","","",,,1,"method[0]=park"
"CYEuO2uRt1QBCr5e2khC","כפיפת ברך כנגד גומייה",2,"office","office","","","","",,,1,"method[0]=park"
"CYEuO2uRt1QBCr5e2khC","כפיפת ברך כנגד גומייה",3,"street","street","","","","",,,1,"method[0]=park"
"CybbIJXFkL7ZxvKkIiQE","שכיבות סמיכה יהלום",0,"park","park","","bunny","firebase","132b55fb-6e70-40fb-86d0-6fe6f07bf3d9",1,1,,"method[1]=home"
"CybbIJXFkL7ZxvKkIiQE","שכיבות סמיכה יהלום",1,"home","home","6e0c086f-1319-409f-ab8f-a74a7e6ce475","bunny","bunny","",,,,"method[1]=home"
"CybbIJXFkL7ZxvKkIiQE","שכיבות סמיכה יהלום",2,"street","street","","","","",,,1,"method[1]=home"
"CybbIJXFkL7ZxvKkIiQE","שכיבות סמיכה יהלום",3,"office","office","","","","",,,1,"method[1]=home"
"CybbIJXFkL7ZxvKkIiQE","שכיבות סמיכה יהלום",4,"airport","airport","","","","",,,1,"method[1]=home"
"DCnxDF0lbfzXLloH8gYp","הרחקת כתף שמאל",0,"park","park","","","","",,,1,"method[1]=home"
"DCnxDF0lbfzXLloH8gYp","הרחקת כתף שמאל",1,"home","home","39b51711-9e53-4e7c-9a4b-07a768e8c61e","bunny","bunny","",,,,"method[1]=home"
"DU3SwZWr6uy75WI7T4jB","עליות נגיעה בבהונות בשכיבה",0,"park","park","","","","",,,1,"method[1]=home"
"DU3SwZWr6uy75WI7T4jB","עליות נגיעה בבהונות בשכיבה",1,"home","home","16106339-f40e-414a-807b-16189100c11b","bunny","bunny","",,,,"method[1]=home"
"DWiXoX8UHKQiAS1ye40c","דגל ב-45°",0,"park","park","","bunny","firebase","",1,1,,"method[0]=park"
"DWiXoX8UHKQiAS1ye40c","דגל ב-45°",1,"gym","gym","","","","",,,1,"method[0]=park"
"DWiXoX8UHKQiAS1ye40c","דגל ב-45°",2,"home","home","","","","",,,1,"method[0]=park"
"DYbteakuCXCRkiFoGP8K","דרגון סקוואט ברך כפופה",0,"home","home","","","","",,,1,"(empty)"
"DYbteakuCXCRkiFoGP8K","דרגון סקוואט ברך כפופה",1,"park","park","","bunny","firebase","",1,1,,"(empty)"
"DYbteakuCXCRkiFoGP8K","דרגון סקוואט ברך כפופה",2,"street","street","","","","",,,1,"(empty)"
"DYbteakuCXCRkiFoGP8K","דרגון סקוואט ברך כפופה",3,"office","office","","","","",,,1,"(empty)"
"DYedWU31zFrpuskfsd1E","מתח קומנדו",0,"park","park","","bunny","firebase","",1,1,,"method[0]=park"
"DYedWU31zFrpuskfsd1E","מתח קומנדו",1,"home","home","","","","",,,1,"method[0]=park"
"DYedWU31zFrpuskfsd1E","מתח קומנדו",2,"office","office","","","","",,,1,"method[0]=park"
"DnRgN3J7j5k6aTKX7lj3","תלייה פסיבית בתמיכת הרגליים",0,"home","home","019301da-3c83-4f9a-b902-2e0921f96d8e","bunny","bunny","",,,,"method[0]=home"
"DnRgN3J7j5k6aTKX7lj3","תלייה פסיבית בתמיכת הרגליים",1,"office","office","","","","",,,1,"method[0]=home"
"DnRgN3J7j5k6aTKX7lj3","תלייה פסיבית בתמיכת הרגליים",2,"park","park","","bunny","firebase","569c7c20-8caf-492e-ac49-a44486bf3263",1,1,,"method[0]=home"
"DsKs15sWsVm33GaQI9Ty","דדליפט רומני בהתנגדות גומייה",0,"park","park","","bunny","firebase","",1,1,,"method[0]=park"
"DsKs15sWsVm33GaQI9Ty","דדליפט רומני בהתנגדות גומייה",1,"home","home","","","firebase","",1,1,,"method[0]=park"
"DsKs15sWsVm33GaQI9Ty","דדליפט רומני בהתנגדות גומייה",2,"office","office","","","","",,,1,"method[0]=park"
"DsKs15sWsVm33GaQI9Ty","דדליפט רומני בהתנגדות גומייה",3,"street","street","","","","",,,1,"method[0]=park"
"Du2quNOcewafWMcpxGjq","סקוואט כנגד קיר רגל אחת",0,"home","home","b7b3e7eb-d45b-4973-a11e-d06792db34c2","bunny","bunny","",,,,"method[0]=home"
"Du2quNOcewafWMcpxGjq","סקוואט כנגד קיר רגל אחת",1,"office","office","","","","",,,1,"method[0]=home"
"Du2quNOcewafWMcpxGjq","סקוואט כנגד קיר רגל אחת",2,"park","park","","bunny","firebase","",1,1,,"method[0]=home"
"Du2quNOcewafWMcpxGjq","סקוואט כנגד קיר רגל אחת",3,"street","street","","","","",,,1,"method[0]=home"
"DyNJgiO3Y70xKMf48HER","פרונט לבר בפישוק עם גומייה",0,"home","home","","","","",,,1,"(empty)"
"DyNJgiO3Y70xKMf48HER","פרונט לבר בפישוק עם גומייה",1,"park","park","","","","",,,1,"(empty)"
"DyNJgiO3Y70xKMf48HER","פרונט לבר בפישוק עם גומייה",2,"home","home","","","","",,,1,"(empty)"
"DyNJgiO3Y70xKMf48HER","פרונט לבר בפישוק עם גומייה",3,"park","park","","","","",,,1,"(empty)"
"E03CQ89CeVwQlVkjxR0d","הישענות פסודו פלאנץ׳",0,"home","home","","","","",,,1,"(empty)"
"E03CQ89CeVwQlVkjxR0d","הישענות פסודו פלאנץ׳",1,"park","park","","bunny","firebase","411b1e43-fdf0-4f9c-b08a-c4f0d9890e1e",1,1,,"(empty)"
"E03CQ89CeVwQlVkjxR0d","הישענות פסודו פלאנץ׳",2,"street","street","","","","",,,1,"(empty)"
"E03CQ89CeVwQlVkjxR0d","הישענות פסודו פלאנץ׳",3,"office","office","","","","",,,1,"(empty)"
"E03CQ89CeVwQlVkjxR0d","הישענות פסודו פלאנץ׳",4,"airport","airport","","","","",,,1,"(empty)"
"E2O0vrcD8KuY0kvaYZhn","שכיבות סמיכה ב-30°",0,"park","park","","bunny","firebase","53b2a542-3935-45b4-ab34-41e3f5387cf3",1,1,,"method[2]=home"
"E2O0vrcD8KuY0kvaYZhn","שכיבות סמיכה ב-30°",1,"street","street","","","firebase","",1,1,,"method[2]=home"
"E2O0vrcD8KuY0kvaYZhn","שכיבות סמיכה ב-30°",2,"home","home","a24605d2-3361-4b00-86de-74c6928bf209","bunny","bunny","",,,,"method[2]=home"
"E2O0vrcD8KuY0kvaYZhn","שכיבות סמיכה ב-30°",3,"office","office","","","firebase","",1,1,,"method[2]=home"
"ETMVVSpt0lIpeF3mkEn6","מתיחות פלג גוף עליון לבדיקה",0,"park","park|street","","other","firebase","",1,1,,"method[0]=park"
"Ed0LyBklkJrgH2r97mKA","מתח לא שוויוני עם טבעות",0,"park","park","","bunny","firebase","",1,1,,"method[0]=park"
"Ed0LyBklkJrgH2r97mKA","מתח לא שוויוני עם טבעות",1,"home","home","","","","",,,1,"method[0]=park"
"Ed0LyBklkJrgH2r97mKA","מתח לא שוויוני עם טבעות",2,"office","office","","","","",,,1,"method[0]=park"
"EnS9ade12iVKtUEDuiGW","שכיבות סמיכה לשכמות",0,"park","park","","","","",,,1,"method[1]=home"
"EnS9ade12iVKtUEDuiGW","שכיבות סמיכה לשכמות",1,"home","home","ef25a8aa-3aca-42a2-a8f5-2f0ac338acc0","bunny","bunny","",,,,"method[1]=home"
"ErRjOw4bfgMpMOGox75p","משיכות Y",0,"park","park","","","","",,,1,"method[3]=home"
"ErRjOw4bfgMpMOGox75p","משיכות Y",1,"park","park","","","","",,,1,"method[3]=home"
"ErRjOw4bfgMpMOGox75p","משיכות Y",2,"park","park","","bunny","firebase","86658b5e-8887-404d-a375-b231be9b4e4b",1,1,,"method[3]=home"
"ErRjOw4bfgMpMOGox75p","משיכות Y",3,"home","home","1055a059-97c6-4bc8-b757-6ed7d5870df0","bunny","bunny","",,,,"method[3]=home"
"ErRjOw4bfgMpMOGox75p","משיכות Y",4,"home","home","","","","",,,1,"method[3]=home"
"ErRjOw4bfgMpMOGox75p","משיכות Y",5,"home","home","238414cf-012c-4943-9c37-70d727954a99","bunny","bunny","",,,,"method[3]=home"
"FHh3m3suMMtoLk1PrxYv","פלאנק",0,"park","park","","bunny","firebase","9c21bab0-630b-4b86-aa39-0a2662e36c1c",1,1,,"method[1]=home"
"FHh3m3suMMtoLk1PrxYv","פלאנק",1,"home","home","293469e1-a84b-4533-a424-fb33ea908e66","bunny","bunny","",,,,"method[1]=home"
"FHh3m3suMMtoLk1PrxYv","פלאנק",2,"office","office","","","firebase","",1,1,,"method[1]=home"
"FSbQ2OfFSDzWxGOSRljt","דגל אקצנטרי בטאק",0,"park","park","","bunny","firebase","",1,1,,"method[0]=park"
"FSbQ2OfFSDzWxGOSRljt","דגל אקצנטרי בטאק",1,"gym","gym","","","","",,,1,"method[0]=park"
"FU3FAudvpYTZqYU0m8GV","דגל בעזרת גומייה",0,"park","park","","bunny","firebase","",1,1,,"method[0]=park"
"FU3FAudvpYTZqYU0m8GV","דגל בעזרת גומייה",1,"gym","gym","","","","",,,1,"method[0]=park"
"FYBDtK6zKGBjaxMNBjJN","משיכות פנים",0,"park","park","","bunny","firebase","1b2e0b86-8247-45cc-bd9b-6f84f956ff5c",1,1,,"method[3]=home"
"FYBDtK6zKGBjaxMNBjJN","משיכות פנים",1,"park","park","","","","",,,1,"method[3]=home"
"FYBDtK6zKGBjaxMNBjJN","משיכות פנים",2,"park","park","","","","",,,1,"method[3]=home"
"FYBDtK6zKGBjaxMNBjJN","משיכות פנים",3,"home","home","9730295c-c5cc-4a9a-99c4-1bd7ada40f9a","bunny","bunny","",,,,"method[3]=home"
"FYBDtK6zKGBjaxMNBjJN","משיכות פנים",4,"home","home","8c1f7d3d-f3b7-40cf-94fb-598cae7367b0","bunny","bunny","",,,,"method[3]=home"
"FymBLLEurdZP6D7GVoXY","החזקת מתח ב-15° עם תמיכה",0,"park","park","","bunny","firebase","",1,1,,"method[1]=home"
"FymBLLEurdZP6D7GVoXY","החזקת מתח ב-15° עם תמיכה",1,"home","home","8a4a80f7-8db2-47ae-b6cd-9ae7ff633f02","bunny","bunny","",,,,"method[1]=home"
"FymBLLEurdZP6D7GVoXY","החזקת מתח ב-15° עם תמיכה",2,"office","office","","","","",,,1,"method[1]=home"
"G9WQ109opm7vPRrnYsHW","מתח סופינציה",0,"park","park","","bunny","firebase","7c911b8c-0fa2-4dc1-8330-270559ba6dab",1,1,,"method[2]=home"
"G9WQ109opm7vPRrnYsHW","מתח סופינציה",1,"park","park","","","","",,,1,"method[2]=home"
"G9WQ109opm7vPRrnYsHW","מתח סופינציה",2,"home","home","ca511022-17e2-46b5-a7f3-335ef0f7a1de","bunny","bunny","",,,,"method[2]=home"
"G9WQ109opm7vPRrnYsHW","מתח סופינציה",3,"home","home","","","","",,,1,"method[2]=home"
"G9WQ109opm7vPRrnYsHW","מתח סופינציה",4,"office","office","","","","",,,1,"method[2]=home"
"GBj2NlbFzc3eD8TLZzwQ","סיסי לאנג׳",0,"home","home","","","","",,,1,"(empty)"
"GBj2NlbFzc3eD8TLZzwQ","סיסי לאנג׳",1,"street","street","","","","",,,1,"(empty)"
"GBj2NlbFzc3eD8TLZzwQ","סיסי לאנג׳",2,"office","office","","","","",,,1,"(empty)"
"GBj2NlbFzc3eD8TLZzwQ","סיסי לאנג׳",3,"park","park","","bunny","firebase","",1,1,,"(empty)"
"GEWFBnyTrhoe4HVon0H0","שכיבות סמיכה מתפרץ",0,"park","park","","bunny","firebase","ee19ca50-e6ce-4d9f-a711-3035b92a2d4d",1,1,,"method[1]=home"
"GEWFBnyTrhoe4HVon0H0","שכיבות סמיכה מתפרץ",1,"home","home","f35e6350-5804-4c19-ab2a-e23bc86f00f4","bunny","bunny","",,,,"method[1]=home"
"GEWFBnyTrhoe4HVon0H0","שכיבות סמיכה מתפרץ",2,"home","home","c5fe2ac0-1884-4016-a135-bc5480440c3e","bunny","bunny","",,,,"method[1]=home"
"GEWFBnyTrhoe4HVon0H0","שכיבות סמיכה מתפרץ",3,"street","street","","","","",,,1,"method[1]=home"
"GEWFBnyTrhoe4HVon0H0","שכיבות סמיכה מתפרץ",4,"office","office","","","","",,,1,"method[1]=home"
"GEWFBnyTrhoe4HVon0H0","שכיבות סמיכה מתפרץ",5,"airport","airport","","","","",,,1,"method[1]=home"
"GEnSPwxEqIK6HTakuXOI","מתיחות יד אחורית",0,"park","park","","","","",,,1,"method[1]=home"
"GEnSPwxEqIK6HTakuXOI","מתיחות יד אחורית",1,"home","home","20989b9f-65ed-4343-a08b-0e936e2931e4","bunny","bunny","",,,,"method[1]=home"
"GSPTjOAgRueyZZPkryqe","חימום דינמי ריצה במקום",0,"park","park","","","","",,,1,"method[1]=home"
"GSPTjOAgRueyZZPkryqe","חימום דינמי ריצה במקום",1,"home","home","f5698725-75f4-49f8-a753-65df8a3f8eee","bunny","bunny","",,,,"method[1]=home"
"GWXRsgNHry3dgqpTwCWS","פלאנץ׳ בטאק בעזרת גומייה דקה",0,"home","home","","","","",,,1,"(empty)"
"GWXRsgNHry3dgqpTwCWS","פלאנץ׳ בטאק בעזרת גומייה דקה",1,"park","park","","bunny","firebase","52c9c462-5dac-4d0a-b07c-0ab7a62c9443",1,1,,"(empty)"
"GXxEpd4yrxil9l6Ajtso","הרמות פרונט לבר רגל אחת",0,"home","home","","","","",,,1,"(empty)"
"GXxEpd4yrxil9l6Ajtso","הרמות פרונט לבר רגל אחת",1,"park","park","","bunny","firebase","",1,1,,"(empty)"
"GXxEpd4yrxil9l6Ajtso","הרמות פרונט לבר רגל אחת",2,"home","home","","","","",,,1,"(empty)"
"GXxEpd4yrxil9l6Ajtso","הרמות פרונט לבר רגל אחת",3,"park","park","","","","",,,1,"(empty)"
"GhVf8ZD1uJR40zA9a7LF","מתח שכמות (תלייה אקטיבית פסיבית)",0,"home","home","","","","",,,1,"(empty)"
"GhVf8ZD1uJR40zA9a7LF","מתח שכמות (תלייה אקטיבית פסיבית)",1,"office","office","","","","",,,1,"(empty)"
"GhVf8ZD1uJR40zA9a7LF","מתח שכמות (תלייה אקטיבית פסיבית)",2,"park","park","","bunny","firebase","3e13de0e-d4d9-4d34-9c70-f7f9efc106d8",1,1,,"(empty)"
"H9ySMJX46OSm3TgpGn3l","הרמות פרונט לבר בטאק מתקדם",0,"home","home","","","","",,,1,"(empty)"
"H9ySMJX46OSm3TgpGn3l","הרמות פרונט לבר בטאק מתקדם",1,"park","park","","bunny","firebase","92d82e7a-8f00-4c54-b02a-ea6c13a6a7b4",1,1,,"(empty)"
"H9ySMJX46OSm3TgpGn3l","הרמות פרונט לבר בטאק מתקדם",2,"home","home","","","","",,,1,"(empty)"
"H9ySMJX46OSm3TgpGn3l","הרמות פרונט לבר בטאק מתקדם",3,"park","park","","","","",,,1,"(empty)"
"HFdBVEtBQfpx4EYeLe7j","מתח יד אחת עם גומייה",0,"park","park","","bunny","firebase","",1,1,,"method[0]=park"
"HFdBVEtBQfpx4EYeLe7j","מתח יד אחת עם גומייה",1,"park","park","","","","",,,1,"method[0]=park"
"HFdBVEtBQfpx4EYeLe7j","מתח יד אחת עם גומייה",2,"home","home","","","","",,,1,"method[0]=park"
"HFdBVEtBQfpx4EYeLe7j","מתח יד אחת עם גומייה",3,"home","home","","","","",,,1,"method[0]=park"
"HFdBVEtBQfpx4EYeLe7j","מתח יד אחת עם גומייה",4,"office","office","","","","",,,1,"method[0]=park"
"HQdH6XZltGsDSkUBBdGH","סקוואט בעזרת רצועות",0,"home","home","","","","",,,1,"(empty)"
"HQdH6XZltGsDSkUBBdGH","סקוואט בעזרת רצועות",1,"office","office","","","","",,,1,"(empty)"
"HQdH6XZltGsDSkUBBdGH","סקוואט בעזרת רצועות",2,"park","park","","bunny","firebase","2e1599a5-ef6f-48fe-ae52-2f58f694b19e",1,1,,"(empty)"
"HSYxn9dL4d9nUImW3Y7G","לחיצה מישיבת L לפלנאץ׳ בטאק",0,"home","home","","","","",,,1,"(empty)"
"HSYxn9dL4d9nUImW3Y7G","לחיצה מישיבת L לפלנאץ׳ בטאק",1,"park","park","","bunny","firebase","5ef96187-e835-4d9b-8d6e-6cdfb78843a4",1,1,,"(empty)"
"IEoGYRVKRxjaA0fQZNDw","ישיבת L רגל אחת",0,"park","park","","bunny","firebase","0c8a59b7-c861-4ba8-ae33-f9d7fd0b6adb",1,1,,"method[1]=home"
"IEoGYRVKRxjaA0fQZNDw","ישיבת L רגל אחת",1,"home","home","82efd59c-a479-417e-bb6c-22ca1cb4829f","bunny","bunny","",,,,"method[1]=home"
"IEoGYRVKRxjaA0fQZNDw","ישיבת L רגל אחת",2,"street","street","","","","",,,1,"method[1]=home"
"IEoGYRVKRxjaA0fQZNDw","ישיבת L רגל אחת",3,"office","office","","","","",,,1,"method[1]=home"
"IEoGYRVKRxjaA0fQZNDw","ישיבת L רגל אחת",4,"home","home","","","","",,,1,"method[1]=home"
"IHHbt3DABJGof6QxaeVg","פלאנץ׳ בטאק",0,"home","home","","","","",,,1,"(empty)"
"IHHbt3DABJGof6QxaeVg","פלאנץ׳ בטאק",1,"park","park","","bunny","firebase","f2981b21-dd0e-44d8-8432-f201104362e5",1,1,,"(empty)"
"IHHbt3DABJGof6QxaeVg","פלאנץ׳ בטאק",2,"street","street","","bunny","firebase","",1,1,,"(empty)"
"IHHbt3DABJGof6QxaeVg","פלאנץ׳ בטאק",3,"office","office","","bunny","firebase","",1,1,,"(empty)"
"IHHbt3DABJGof6QxaeVg","פלאנץ׳ בטאק",4,"airport","airport","","bunny","firebase","",1,1,,"(empty)"
"IZ97XR6J6vBuzFDjQH6r","שכיבות סמיכה טווח עליון",0,"park","park","","bunny","firebase","c08aa8d6-56c3-477f-a35b-a12921740755",1,1,,"method[0]=park"
"IZ97XR6J6vBuzFDjQH6r","שכיבות סמיכה טווח עליון",1,"street","street","","","","",,,1,"method[0]=park"
"IZ97XR6J6vBuzFDjQH6r","שכיבות סמיכה טווח עליון",2,"home","home","","","","",,,1,"method[0]=park"
"IZ97XR6J6vBuzFDjQH6r","שכיבות סמיכה טווח עליון",3,"office","office","","","firebase","",1,1,,"method[0]=park"
"IvNc2jSwqscdwDfcBlwc","היפ טראסט",0,"home","home","dff91dcb-b894-47bc-a4fb-25d1154a5af4","bunny","bunny","",,,,"method[0]=home"
"IvNc2jSwqscdwDfcBlwc","היפ טראסט",1,"office","office","","","","",,,1,"method[0]=home"
"IvNc2jSwqscdwDfcBlwc","היפ טראסט",2,"park","park","","bunny","firebase","271bc008-0f64-44ba-bd38-0ffb4ab82fdd",1,1,,"method[0]=home"
"J1OjYnCc9FkhU0jnlnOC","מתח מתפרץ גבוה",0,"park","park","","bunny","firebase","349ce3cc-4228-4d82-b45b-750b0fc6bc91",1,1,,"method[1]=home"
"J1OjYnCc9FkhU0jnlnOC","מתח מתפרץ גבוה",1,"home","home","3abe4480-d6f8-42b7-b594-1eaf60950133","bunny","bunny","",,,,"method[1]=home"
"J6KQxmkJHwVqVGgnKhVm","מתיחות שורש כף יד",0,"park","park","","","","",,,1,"method[1]=home"
"J6KQxmkJHwVqVGgnKhVm","מתיחות שורש כף יד",1,"home","home","d0054993-fba1-4853-a631-083f21889332","bunny","bunny","",,,,"method[1]=home"
"J7wQr1CCzBM3HGqZH2co","חתירות פרונט לבר בטאק מתקדם בעזרת גומייה",0,"park","park","","bunny","firebase","",1,1,,"method[0]=park"
"J7wQr1CCzBM3HGqZH2co","חתירות פרונט לבר בטאק מתקדם בעזרת גומייה",1,"park","park","","","","",,,1,"method[0]=park"
"J7wQr1CCzBM3HGqZH2co","חתירות פרונט לבר בטאק מתקדם בעזרת גומייה",2,"home","home","","","","",,,1,"method[0]=park"
"J7wQr1CCzBM3HGqZH2co","חתירות פרונט לבר בטאק מתקדם בעזרת גומייה",3,"home","home","","","","",,,1,"method[0]=park"
"JA9KlPvSiSUaFY0jDF1S","חתירות באחיזה עמוקה",0,"park","park","","bunny","firebase","a9824c4f-e508-46b6-94aa-148e2d8492b1",1,1,,"method[0]=park"
"JA9KlPvSiSUaFY0jDF1S","חתירות באחיזה עמוקה",1,"home","home","","","","",,,1,"method[0]=park"
"JBfizf0KaVURhTYjXZac","חימום כפיפות צידיות",0,"park","park","","","","",,,1,"method[1]=home"
"JBfizf0KaVURhTYjXZac","חימום כפיפות צידיות",1,"home","home","cbb5cd9b-d73d-4fe7-8d94-a030d37ad56a","bunny","bunny","",,,,"method[1]=home"
"JgtE20xpoJKkWbf9OCYi","שכיבות סמיכה פלאנץ׳ בטאק מתקדם",0,"home","home","","","","",,,1,"(empty)"
"JgtE20xpoJKkWbf9OCYi","שכיבות סמיכה פלאנץ׳ בטאק מתקדם",1,"park","park","","bunny","firebase","",1,1,,"(empty)"
"KXt9e7KXCi6teocBmhHR","מקבילים עם גומייה דקה",0,"park","park","","bunny","firebase","3d6d5e0c-20b0-4bbe-92cf-aefce887a7f4",1,1,,"method[0]=park"
"KXt9e7KXCi6teocBmhHR","מקבילים עם גומייה דקה",1,"home","home","","","","",,,1,"method[0]=park"
"KXt9e7KXCi6teocBmhHR","מקבילים עם גומייה דקה",2,"home","home","","","","",,,1,"method[0]=park"
"KXt9e7KXCi6teocBmhHR","מקבילים עם גומייה דקה",3,"office","office","","","","",,,1,"method[0]=park"
"Ku0VMTQFlcAHLMGJ9i6W","סקין דה קאט אקצנטרי (סיבוב על הטבעות שלילי)",0,"park","park","","bunny","firebase","89fdca4b-6da6-46f8-aea4-3e40dc1df21e",1,1,,"method[0]=park"
"Ku0VMTQFlcAHLMGJ9i6W","סקין דה קאט אקצנטרי (סיבוב על הטבעות שלילי)",1,"home","home","","","","",,,1,"method[0]=park"
"LKNAvIpuj9EtO3wUzFeV","נורדיק אחורי בעזרת גומייה",0,"home","home","","","","",,,1,"(empty)"
"LKNAvIpuj9EtO3wUzFeV","נורדיק אחורי בעזרת גומייה",1,"park","park","","bunny","firebase","2cb1da09-a2fc-4f33-be77-98269518a319",1,1,,"(empty)"
"LKNAvIpuj9EtO3wUzFeV","נורדיק אחורי בעזרת גומייה",2,"office","office","","","","",,,1,"(empty)"
"LL5swCTdRecKz2MLTkEJ","חתירות ב-30°",0,"park","park","","bunny","firebase","52489349-aa3b-4e74-b255-d89ddf6e5739",1,1,,"method[0]=park"
"LL5swCTdRecKz2MLTkEJ","חתירות ב-30°",1,"park","park","","","firebase","",1,1,,"method[0]=park"
"LL5swCTdRecKz2MLTkEJ","חתירות ב-30°",2,"park","park","","","firebase","",1,1,,"method[0]=park"
"LL5swCTdRecKz2MLTkEJ","חתירות ב-30°",3,"park","park","","","","",,,1,"method[0]=park"
"LL5swCTdRecKz2MLTkEJ","חתירות ב-30°",4,"home","home","","","","",,,1,"method[0]=park"
"LL5swCTdRecKz2MLTkEJ","חתירות ב-30°",5,"home","home","","","","",,,1,"method[0]=park"
"LL5swCTdRecKz2MLTkEJ","חתירות ב-30°",6,"home","home","","","","",,,1,"method[0]=park"
"LO3I1YoeYOUtt4AuzWy6","סיסי סקוואט טווח חלקי",0,"home","home","c82dbdba-6f23-41d0-a4c1-0913bc0648af","bunny","bunny","",,,,"method[0]=home"
"LO3I1YoeYOUtt4AuzWy6","סיסי סקוואט טווח חלקי",1,"street","street","","","","",,,1,"method[0]=home"
"LO3I1YoeYOUtt4AuzWy6","סיסי סקוואט טווח חלקי",2,"office","office","","","","",,,1,"method[0]=home"
"LO3I1YoeYOUtt4AuzWy6","סיסי סקוואט טווח חלקי",3,"park","park","","bunny","firebase","c1831d87-db97-4e85-bbfe-de42b6b2f133",1,1,,"method[0]=home"
"LitmztKbOSD9MvQwBDsE","כפיפת כתף בהתנגדות גומיה",0,"park","park","","","","",,,1,"method[1]=home"
"LitmztKbOSD9MvQwBDsE","כפיפת כתף בהתנגדות גומיה",1,"home","home","615f277f-28ce-4ba8-9ca7-2cc6576bc63c","bunny","bunny","",,,,"method[1]=home"
"LpsSUoca7b1lQMqU8ZZi","מקבילים טווח עליון",0,"park","park","","bunny","firebase","82a3e2e4-b311-489f-b67b-fd83d9ae3980",1,1,,"method[0]=park"
"LpsSUoca7b1lQMqU8ZZi","מקבילים טווח עליון",1,"home","home","","","","",,,1,"method[0]=park"
"LpsSUoca7b1lQMqU8ZZi","מקבילים טווח עליון",2,"home","home","","","","",,,1,"method[0]=park"
"LpsSUoca7b1lQMqU8ZZi","מקבילים טווח עליון",3,"office","office","","","","",,,1,"method[0]=park"
"LvRPIsxlZMgYRNBFxFaM","מתיחת כתף",0,"park","park","","","","",,,1,"method[1]=home"
"LvRPIsxlZMgYRNBFxFaM","מתיחת כתף",1,"home","home","674eb900-7c2c-402f-8937-fd496908f800","bunny","bunny","",,,,"method[1]=home"
"LxyBLJUs5ryW7fgrDPba","דרגון פלאג בפישוק",0,"park","park","","bunny","firebase","",1,1,,"method[0]=park"
"LxyBLJUs5ryW7fgrDPba","דרגון פלאג בפישוק",1,"home","home","","","","",,,1,"method[0]=park"
"LxyBLJUs5ryW7fgrDPba","דרגון פלאג בפישוק",2,"gym","gym","","","","",,,1,"method[0]=park"
"LxyBLJUs5ryW7fgrDPba","דרגון פלאג בפישוק",3,"airport","airport","","","","",,,1,"method[0]=park"
"LyrudhfINxmKc3BYWhFT","מתח יד אחת עם חולצה",0,"park","park","","bunny","firebase","",1,1,,"method[0]=park"
"LyrudhfINxmKc3BYWhFT","מתח יד אחת עם חולצה",1,"park","park","","","","",,,1,"method[0]=park"
"LyrudhfINxmKc3BYWhFT","מתח יד אחת עם חולצה",2,"home","home","","","","",,,1,"method[0]=park"
"LyrudhfINxmKc3BYWhFT","מתח יד אחת עם חולצה",3,"home","home","","","","",,,1,"method[0]=park"
"LyrudhfINxmKc3BYWhFT","מתח יד אחת עם חולצה",4,"office","office","","","","",,,1,"method[0]=park"
"MV1xme0QqOIXMJ23DogV","החזקת תמיכה על טבעות עם עזרה",0,"park","park","","bunny","firebase","5315ae35-6096-40d8-8af7-083e90804140",1,1,,"method[0]=park"
"MV1xme0QqOIXMJ23DogV","החזקת תמיכה על טבעות עם עזרה",1,"home","home","","","","",,,1,"method[0]=park"
"Ma6QH3kwbEZoIiME7r0K","ישיבת L",0,"park","park","","bunny","firebase","",1,1,,"method[1]=home"
"Ma6QH3kwbEZoIiME7r0K","ישיבת L",1,"home","home","799d339f-cfbf-4fe7-b551-f2f634976130","bunny","bunny","",,,,"method[1]=home"
"Ma6QH3kwbEZoIiME7r0K","ישיבת L",2,"street","street","","","","",,,1,"method[1]=home"
"Ma6QH3kwbEZoIiME7r0K","ישיבת L",3,"office","office","","","","",,,1,"method[1]=home"
"Ma6QH3kwbEZoIiME7r0K","ישיבת L",4,"home","home","82df7682-242b-4e7c-93bf-009233b4f892","bunny","bunny","",,,,"method[1]=home"
"MbvciviT7WaVagimUNBo","שכיבות סמיכה ב-15°",0,"park","park","","bunny","firebase","d34a42af-7b2e-4c56-a7c0-b1b64bc77dc5",1,1,,"method[2]=home"
"MbvciviT7WaVagimUNBo","שכיבות סמיכה ב-15°",1,"street","street","","","firebase","",1,1,,"method[2]=home"
"MbvciviT7WaVagimUNBo","שכיבות סמיכה ב-15°",2,"home","home","9b94046e-78c6-4b5e-beb9-49897b6ba04a","bunny","bunny","",,,,"method[2]=home"
"MbvciviT7WaVagimUNBo","שכיבות סמיכה ב-15°",3,"office","office","","","firebase","",1,1,,"method[2]=home"
"Mk130cdYXAUnMR3GHN81","סקוואט עמוק",0,"home","home","d257abc6-8aeb-4af9-9d99-05e3df2ac20e","bunny","bunny","",,,,"method[0]=home"
"Mk130cdYXAUnMR3GHN81","סקוואט עמוק",1,"office","office","","","","",,,1,"method[0]=home"
"Mk130cdYXAUnMR3GHN81","סקוואט עמוק",2,"park","park","","bunny","firebase","ba5edc87-cfc5-4eda-ae83-3aeb187f295b",1,1,,"method[0]=home"
"Mk130cdYXAUnMR3GHN81","סקוואט עמוק",3,"street","street","","","","",,,1,"method[0]=home"
"MkVq2PbvCCAM77AEEjtN","מתיחת קרסול ושוקיים",0,"park","park","","","","",,,1,"method[1]=home"
"MkVq2PbvCCAM77AEEjtN","מתיחת קרסול ושוקיים",1,"home","home","ca830b20-7e7d-4740-948c-1e136673f23c","bunny","bunny","",,,,"method[1]=home"
"MlOTF9ODoGXmsPkQHUyd","פיסטול סקוואט",0,"home","home","c51ca5b7-c182-4fec-9dbe-d533e2e6c480","bunny","bunny","",,,,"method[0]=home"
"MlOTF9ODoGXmsPkQHUyd","פיסטול סקוואט",1,"park","park","","bunny","firebase","6895a3ec-6fc4-4061-9d07-280f0b1fdc95",1,1,,"method[0]=home"
"MlOTF9ODoGXmsPkQHUyd","פיסטול סקוואט",2,"street","street","","","","",,,1,"method[0]=home"
"MlOTF9ODoGXmsPkQHUyd","פיסטול סקוואט",3,"office","office","","","","",,,1,"method[0]=home"
"MwH75rBMKq65J9B86yUq","שכיבות סמיכה פייק",0,"park","park","","bunny","firebase","64448c82-8e59-4ccf-9a79-263717f297d2",1,1,,"method[1]=home"
"MwH75rBMKq65J9B86yUq","שכיבות סמיכה פייק",1,"home","home","efeb3e14-78d5-412a-9705-f37ff9f1acbb","bunny","bunny","",,,,"method[1]=home"
"MwH75rBMKq65J9B86yUq","שכיבות סמיכה פייק",2,"office","office","","","","",,,1,"method[1]=home"
"MwH75rBMKq65J9B86yUq","שכיבות סמיכה פייק",3,"street","street","","","","",,,1,"method[1]=home"
"NMpcI24LATvOiqgyvjKw","סיסי סקוואט בעזרת קיר",0,"home","home","1f3c1f66-fb0b-4136-a2be-db5823db9cef","bunny","bunny","",,,,"method[0]=home"
"NMpcI24LATvOiqgyvjKw","סיסי סקוואט בעזרת קיר",1,"street","street","","","","",,,1,"method[0]=home"
"NMpcI24LATvOiqgyvjKw","סיסי סקוואט בעזרת קיר",2,"office","office","","","","",,,1,"method[0]=home"
"NMpcI24LATvOiqgyvjKw","סיסי סקוואט בעזרת קיר",3,"park","park","","bunny","firebase","69ea564d-14d8-43b4-91dc-1316b1c94a4b",1,1,,"method[0]=home"
"NnlKxJJlponyVAw5zqBK","נדנוד הכנה לעליית כוח",0,"park","park","","bunny","firebase","",1,1,,"method[0]=park"
"NnlKxJJlponyVAw5zqBK","נדנוד הכנה לעליית כוח",1,"home","home","","","","",,,1,"method[0]=park"
"NnlKxJJlponyVAw5zqBK","נדנוד הכנה לעליית כוח",2,"office","office","","","","",,,1,"method[0]=park"
"Nr5P0Q3N7A0DffKjMVRn","שרימפ סקוואט בלי ידיים טווח חלקי",0,"home","home","eacf159d-09f9-485e-8cd5-e1e282a0020b","bunny","bunny","",,,,"method[0]=home"
"Nr5P0Q3N7A0DffKjMVRn","שרימפ סקוואט בלי ידיים טווח חלקי",1,"park","park","","bunny","firebase","38f63fb2-8aa3-4682-a7be-a88f06ea10f8",1,1,,"method[0]=home"
"Nr5P0Q3N7A0DffKjMVRn","שרימפ סקוואט בלי ידיים טווח חלקי",2,"street","street","","","","",,,1,"method[0]=home"
"Nr5P0Q3N7A0DffKjMVRn","שרימפ סקוואט בלי ידיים טווח חלקי",3,"office","office","","","","",,,1,"method[0]=home"
"NwwlEvJFz8anndYrMrhd","כפיפת נורדיק אקצנטרי",0,"park","park","","bunny","firebase","8c2548c4-ad76-44ea-a928-f46e6f49edd8",1,1,,"method[0]=park"
"NwwlEvJFz8anndYrMrhd","כפיפת נורדיק אקצנטרי",1,"home","home","","","","",,,1,"method[0]=park"
"OKWZS86a0QZcsdVgtapI","כפיפת ברכיים כנגד טבעות",0,"park","park","","bunny","firebase","997c4ff6-26b6-450c-b0b9-aced49de7ae2",1,1,,"method[0]=park"
"OKWZS86a0QZcsdVgtapI","כפיפת ברכיים כנגד טבעות",1,"home","home","","","","",,,1,"method[0]=park"
"OKWZS86a0QZcsdVgtapI","כפיפת ברכיים כנגד טבעות",2,"office","office","","","","",,,1,"method[0]=park"
"OSXBFYoP1sWt4P05isJw","כפיפות בטן אלכוסונים",0,"park","park","","","","",,,1,"method[1]=home"
"OSXBFYoP1sWt4P05isJw","כפיפות בטן אלכוסונים",1,"home","home","f16da731-05f8-4773-bd89-361a1ee2903c","bunny","bunny","",,,,"method[1]=home"
"OaqZzXOBwfVmdJ99w3iC","עמידת פייק גובה שוק",0,"park","park","","bunny","firebase","67efffc8-b859-4d43-9b96-8b074aa0a00d",1,1,,"method[0]=park"
"OaqZzXOBwfVmdJ99w3iC","עמידת פייק גובה שוק",1,"home","home","","","","",,,1,"method[0]=park"
"OaqZzXOBwfVmdJ99w3iC","עמידת פייק גובה שוק",2,"office","office","","","","",,,1,"method[0]=park"
"OaqZzXOBwfVmdJ99w3iC","עמידת פייק גובה שוק",3,"street","street","","","","",,,1,"method[0]=park"
"Ov1KBOGkINWXKbVMCc9L","עליית כוח אקצנטרי עם טבעות",0,"park","park","","bunny","firebase","",1,1,,"method[0]=park"
"Ov1KBOGkINWXKbVMCc9L","עליית כוח אקצנטרי עם טבעות",1,"home","home","","","","",,,1,"method[0]=park"
"Ox23f2tVbvGoly8Syr3o","פיסטול סקוואט מוגבה",0,"home","home","6a265b5e-82b8-4010-8545-d963f267357e","bunny","bunny","",,,,"method[0]=home"
"Ox23f2tVbvGoly8Syr3o","פיסטול סקוואט מוגבה",1,"park","park","","bunny","firebase","73cbce06-66b2-4ebd-92d6-12d0c7227b04",1,1,,"method[0]=home"
"Ox23f2tVbvGoly8Syr3o","פיסטול סקוואט מוגבה",2,"street","street","","","","",,,1,"method[0]=home"
"Ox23f2tVbvGoly8Syr3o","פיסטול סקוואט מוגבה",3,"office","office","","","","",,,1,"method[0]=home"
"PBpgwYAqyAPwGd276lny","ישיבת L על הרצפה",0,"park","park","","bunny","firebase","",1,1,,"method[0]=park"
"PBpgwYAqyAPwGd276lny","ישיבת L על הרצפה",1,"home","home","","","","",,,1,"method[0]=park"
"PBpgwYAqyAPwGd276lny","ישיבת L על הרצפה",2,"street","street","","","","",,,1,"method[0]=park"
"PBpgwYAqyAPwGd276lny","ישיבת L על הרצפה",3,"office","office","","","","",,,1,"method[0]=park"
"PM16d9WoigHe5Z7SDRCt","פשיטת מרפקים למתקדמים",0,"park","park","","bunny","firebase","86c8619d-0c75-4eab-938b-76ad4762518a",1,1,,"method[0]=park"
"PM16d9WoigHe5Z7SDRCt","פשיטת מרפקים למתקדמים",1,"home","home","","","","",,,1,"method[0]=park"
"PM16d9WoigHe5Z7SDRCt","פשיטת מרפקים למתקדמים",2,"street","street","","","","",,,1,"method[0]=park"
"PM16d9WoigHe5Z7SDRCt","פשיטת מרפקים למתקדמים",3,"office","office","","","","",,,1,"method[0]=park"
"PM16d9WoigHe5Z7SDRCt","פשיטת מרפקים למתקדמים",4,"airport","airport","","","","",,,1,"method[0]=park"
"PMZewv23o1W4ZP01jo95","הרמות רגל אחת בישיבת L",0,"park","park","","bunny","firebase","29b0e393-4122-476f-b964-10f66834ba48",1,1,,"method[0]=park"
"PMZewv23o1W4ZP01jo95","הרמות רגל אחת בישיבת L",1,"home","home","","","","",,,1,"method[0]=park"
"PMZewv23o1W4ZP01jo95","הרמות רגל אחת בישיבת L",2,"street","street","","","","",,,1,"method[0]=park"
"PMZewv23o1W4ZP01jo95","הרמות רגל אחת בישיבת L",3,"office","office","","","","",,,1,"method[0]=park"
"PUIZw7xWhCCzSDK8LecV","סקוואט כנגד קיר",0,"park","park","","","","",,,1,"method[1]=home"
"PUIZw7xWhCCzSDK8LecV","סקוואט כנגד קיר",1,"home","home","0dcfcd85-6d28-400f-870d-7478d59791a7","bunny","bunny","",,,,"method[1]=home"
"PUJaMMGpcFAeKfHaeJlm","מתח יד אחת בעזרת אצבעות",0,"park","park","","bunny","firebase","",1,1,,"method[0]=park"
"PUJaMMGpcFAeKfHaeJlm","מתח יד אחת בעזרת אצבעות",1,"park","park","","","","",,,1,"method[0]=park"
"PUJaMMGpcFAeKfHaeJlm","מתח יד אחת בעזרת אצבעות",2,"home","home","","","","",,,1,"method[0]=park"
"PUJaMMGpcFAeKfHaeJlm","מתח יד אחת בעזרת אצבעות",3,"home","home","","","","",,,1,"method[0]=park"
"PUJaMMGpcFAeKfHaeJlm","מתח יד אחת בעזרת אצבעות",4,"office","office","","","","",,,1,"method[0]=park"
"PVqGiE3xg76Dg0EXUsqZ","עמידת ידיים חזה לקיר",0,"park","park","","bunny","firebase","1ca26f96-dd3e-4935-ae2c-57a2a26eb959",1,1,,"method[0]=park"
"PVqGiE3xg76Dg0EXUsqZ","עמידת ידיים חזה לקיר",1,"home","home","","bunny","firebase","",1,1,,"method[0]=park"
"PVqGiE3xg76Dg0EXUsqZ","עמידת ידיים חזה לקיר",2,"office","office","","","","",,,1,"method[0]=park"
"PnlKBGNsM3XSPN7LG3OH","בננה סופרמן על המתח",0,"home","home","","","","",,,1,"(empty)"
"PnlKBGNsM3XSPN7LG3OH","בננה סופרמן על המתח",1,"office","office","","","","",,,1,"(empty)"
"PnlKBGNsM3XSPN7LG3OH","בננה סופרמן על המתח",2,"park","park","","bunny","firebase","b83f06dc-0ef0-42e9-a6f9-0d7e9de928b3",1,1,,"(empty)"
"RAbscOoGqbAN8CbGEYhe","חימום הנפות",0,"park","park","","","","",,,1,"method[1]=home"
"RAbscOoGqbAN8CbGEYhe","חימום הנפות",1,"home","home","19bc84ae-74eb-4a2f-8c5e-d5c07b4d06a8","bunny","bunny","",,,,"method[1]=home"
"RPGCJ5BXPpPG21sF3H4y","עמידת ידיים חזה לקיר ב-45°",0,"park","park","","bunny","firebase","10689342-5d7e-4385-822a-f68438775fd5",1,1,,"method[0]=park"
"RPGCJ5BXPpPG21sF3H4y","עמידת ידיים חזה לקיר ב-45°",1,"home","home","","","","",,,1,"method[0]=park"
"RPGCJ5BXPpPG21sF3H4y","עמידת ידיים חזה לקיר ב-45°",2,"office","office","","","","",,,1,"method[0]=park"
"Rrdk6Knl26ESlG1Ok0Pm","קפיצה גובה ברך",0,"home","home","29fcef1c-a8fc-4e26-8520-1f9ed043f72b","bunny","bunny","",,,,"method[0]=home"
"Rrdk6Knl26ESlG1Ok0Pm","קפיצה גובה ברך",1,"office","office","","","","",,,1,"method[0]=home"
"Rrdk6Knl26ESlG1Ok0Pm","קפיצה גובה ברך",2,"park","park","","bunny","firebase","453a42a2-3f5d-4bbf-bf44-dcb1c29302a5",1,1,,"method[0]=home"
"Rrdk6Knl26ESlG1Ok0Pm","קפיצה גובה ברך",3,"street","street","","","","",,,1,"method[0]=home"
"RxpMhnXQBW80jq1no41f","שולחן הפוך",0,"home","home","ba4395e4-b45d-4e1d-9a41-5dc479d5bdb4","bunny","bunny","",,,,"method[0]=home"
"RxpMhnXQBW80jq1no41f","שולחן הפוך",1,"office","office","","","","",,,1,"method[0]=home"
"RxpMhnXQBW80jq1no41f","שולחן הפוך",2,"park","park","","bunny","firebase","1f6ddd27-6135-4107-a16f-ef5195d6c757",1,1,,"method[0]=home"
"SI8PrjIAPoALx97w2aI1","מקבילים עם גומייה עבה",0,"park","park","","bunny","firebase","",1,1,,"method[1]=home"
"SI8PrjIAPoALx97w2aI1","מקבילים עם גומייה עבה",1,"home","home","f6e86e60-d3fa-4c8a-8833-447e8f4acf4c","bunny","bunny","",,,,"method[1]=home"
"SI8PrjIAPoALx97w2aI1","מקבילים עם גומייה עבה",2,"home","home","","","","",,,1,"method[1]=home"
"SI8PrjIAPoALx97w2aI1","מקבילים עם גומייה עבה",3,"office","office","","","","",,,1,"method[1]=home"
"SLYwYGa0S8N7XSzSsTkc","החזקת מתח ב-90°",0,"park","park","","bunny","firebase","a19b8c9b-18f4-4f67-906f-55e4d2dfcc5d",1,1,,"method[2]=home"
"SLYwYGa0S8N7XSzSsTkc","החזקת מתח ב-90°",1,"park","park","","","","",,,1,"method[2]=home"
"SLYwYGa0S8N7XSzSsTkc","החזקת מתח ב-90°",2,"home","home","c64c7ff2-5a9d-4cd1-bf97-9bdb4bea6550","bunny","bunny","",,,,"method[2]=home"
"SLYwYGa0S8N7XSzSsTkc","החזקת מתח ב-90°",3,"home","home","","","","",,,1,"method[2]=home"
"SLYwYGa0S8N7XSzSsTkc","החזקת מתח ב-90°",4,"office","office","","","","",,,1,"method[2]=home"
"SO7k5qh04cKEoZmWbjeW","שכיבות סמיכה פייק גובה אגן",0,"park","park","","bunny","firebase","ce048c48-0bdd-4f05-897e-3ce91d6a9065",1,1,,"method[0]=park"
"SO7k5qh04cKEoZmWbjeW","שכיבות סמיכה פייק גובה אגן",1,"home","home","","","","",,,1,"method[0]=park"
"SO7k5qh04cKEoZmWbjeW","שכיבות סמיכה פייק גובה אגן",2,"office","office","","","","",,,1,"method[0]=park"
"SO7k5qh04cKEoZmWbjeW","שכיבות סמיכה פייק גובה אגן",3,"street","street","","","","",,,1,"method[0]=park"
"SVWvr2YKMtQN3SJiqWmY","החזקת מקבילים ב-15° עם גומייה",0,"park","park","","bunny","firebase","",1,1,,"method[0]=park"
"SVWvr2YKMtQN3SJiqWmY","החזקת מקבילים ב-15° עם גומייה",1,"home","home","","","","",,,1,"method[0]=park"
"SX7oDYmT5RmKnbxbE6Ju","כפיפת מרפקים במשקל גוף 45°",0,"park","park","","bunny","firebase","67b0a935-ed11-4d6f-ad6e-a5f354fc9a3a",1,1,,"method[0]=park"
"SX7oDYmT5RmKnbxbE6Ju","כפיפת מרפקים במשקל גוף 45°",1,"park","park","","","","",,,1,"method[0]=park"
"SX7oDYmT5RmKnbxbE6Ju","כפיפת מרפקים במשקל גוף 45°",2,"home","home","","","","",,,1,"method[0]=park"
"SX7oDYmT5RmKnbxbE6Ju","כפיפת מרפקים במשקל גוף 45°",3,"office","office","","","","",,,1,"method[0]=park"
"SZqzS51lNqHDjgG0guxA","הרמות תאומים טווח מלא רגל אחת",0,"home","home","","","","",,,1,"(empty)"
"SZqzS51lNqHDjgG0guxA","הרמות תאומים טווח מלא רגל אחת",1,"office","office","","","","",,,1,"(empty)"
"SZqzS51lNqHDjgG0guxA","הרמות תאומים טווח מלא רגל אחת",2,"street","street","","","","",,,1,"(empty)"
"SZqzS51lNqHDjgG0guxA","הרמות תאומים טווח מלא רגל אחת",3,"park","park","","bunny","firebase","f07d9e4d-f4f9-4a90-bb61-88516f6fc56b",1,1,,"(empty)"
"SlGTzi1pSjAJ6zaPRb4S","חתירות ב-15°",0,"park","park","","bunny","firebase","",1,1,,"method[3]=home"
"SlGTzi1pSjAJ6zaPRb4S","חתירות ב-15°",1,"park","park","","","","",,,1,"method[3]=home"
"SlGTzi1pSjAJ6zaPRb4S","חתירות ב-15°",2,"park","park","","","","",,,1,"method[3]=home"
"SlGTzi1pSjAJ6zaPRb4S","חתירות ב-15°",3,"home","home","d64c936b-3b81-4c09-9a28-f9d1f3a80885","bunny","bunny","",,,,"method[3]=home"
"SlGTzi1pSjAJ6zaPRb4S","חתירות ב-15°",4,"home","home","3a5aed09-2363-4039-97fc-2c1f28ce5dbf","bunny","bunny","",,,,"method[3]=home"
"SlGTzi1pSjAJ6zaPRb4S","חתירות ב-15°",5,"home","home","","","","",,,1,"method[3]=home"
"SlGTzi1pSjAJ6zaPRb4S","חתירות ב-15°",6,"home","home","9f371af3-8c32-4472-b40a-705ef3cd6bd8","bunny","bunny","",,,,"method[3]=home"
"SlvsagDhHXcl3ppLeCe0","דרגון סקוואט טווח חלקי",0,"home","home","","","","",,,1,"(empty)"
"SlvsagDhHXcl3ppLeCe0","דרגון סקוואט טווח חלקי",1,"park","park","","bunny","firebase","",1,1,,"(empty)"
"SlvsagDhHXcl3ppLeCe0","דרגון סקוואט טווח חלקי",2,"street","street","","","","",,,1,"(empty)"
"SlvsagDhHXcl3ppLeCe0","דרגון סקוואט טווח חלקי",3,"office","office","","","","",,,1,"(empty)"
"T1XghOTmtU74SeRRg9vb","הליכות זחל",0,"park","park","","","","",,,1,"method[1]=home"
"T1XghOTmtU74SeRRg9vb","הליכות זחל",1,"home","home","1740bda5-23c9-455c-997e-bbc97eb3b2da","bunny","bunny","",,,,"method[1]=home"
"T4TOz1GLjfpwU1NQtz3r","שכיבות סמיכה בפישוק",0,"park","park","","bunny","firebase","5e466a4a-6e7c-47d4-9613-4a68c8273ad8",1,1,,"method[1]=home"
"T4TOz1GLjfpwU1NQtz3r","שכיבות סמיכה בפישוק",1,"home","home","81794811-7a4d-4d29-947e-0130c74a9181","bunny","bunny","",,,,"method[1]=home"
"T4TOz1GLjfpwU1NQtz3r","שכיבות סמיכה בפישוק",2,"street","street","","","","",,,1,"method[1]=home"
"T4TOz1GLjfpwU1NQtz3r","שכיבות סמיכה בפישוק",3,"office","office","","","","",,,1,"method[1]=home"
"T95vtujpj07Tq4jRvRxf","עמידת ידיים",0,"park","park","","bunny","firebase","e613954b-65c2-4cea-a2c6-4e62d83a69ea",1,1,,"method[0]=park"
"T95vtujpj07Tq4jRvRxf","עמידת ידיים",1,"home","home","","","","",,,1,"method[0]=park"
"T95vtujpj07Tq4jRvRxf","עמידת ידיים",2,"office","office","","","","",,,1,"method[0]=park"
"T95vtujpj07Tq4jRvRxf","עמידת ידיים",3,"airport","airport","","","","",,,1,"method[0]=park"
"T95vtujpj07Tq4jRvRxf","עמידת ידיים",4,"street","street","","","","",,,1,"method[0]=park"
"TKJ54G8YId6YVAJn3fTR","עליית כוח עם טבעות",0,"park","park","","bunny","firebase","",1,1,,"method[0]=park"
"TKJ54G8YId6YVAJn3fTR","עליית כוח עם טבעות",1,"home","home","","","","",,,1,"method[0]=park"
"TXeGlGA7ECHGKQIhlcs7","היפ טראסט מוגבה",0,"home","home","1eb7acc7-c6d1-4dc2-b005-eb96dd3e7365","bunny","bunny","",,,,"method[0]=home"
"TXeGlGA7ECHGKQIhlcs7","היפ טראסט מוגבה",1,"office","office","","","","",,,1,"method[0]=home"
"TXeGlGA7ECHGKQIhlcs7","היפ טראסט מוגבה",2,"street","street","","","","",,,1,"method[0]=home"
"TXeGlGA7ECHGKQIhlcs7","היפ טראסט מוגבה",3,"park","park","","bunny","firebase","5b6f3d54-82d2-48c2-b0f7-6c346636d063",1,1,,"method[0]=home"
"TZMFGuNweuAnTLIjyhkx","לחיצת כתפיים בהתנגות גומייה",0,"park","park","","","","",,,1,"method[1]=home"
"TZMFGuNweuAnTLIjyhkx","לחיצת כתפיים בהתנגות גומייה",1,"home","home","c9f93821-0549-45f5-9d03-91c286ca7338","bunny","bunny","",,,,"method[1]=home"
"TlzqC2LIRj0pFLWDILMF","פרפר הפוך",0,"park","park","","bunny","firebase","",1,1,,"method[3]=home"
"TlzqC2LIRj0pFLWDILMF","פרפר הפוך",1,"park","park","","","","",,,1,"method[3]=home"
"TlzqC2LIRj0pFLWDILMF","פרפר הפוך",2,"park","park","","","","",,,1,"method[3]=home"
"TlzqC2LIRj0pFLWDILMF","פרפר הפוך",3,"home","home","d0060600-f7b6-436a-a962-8eebcf3bdb29","bunny","bunny","",,,,"method[3]=home"
"TlzqC2LIRj0pFLWDILMF","פרפר הפוך",4,"home","home","","","","",,,1,"method[3]=home"
"TlzqC2LIRj0pFLWDILMF","פרפר הפוך",5,"home","home","070e2796-c570-4709-9cd3-5337f8ac845f","bunny","bunny","",,,,"method[3]=home"
"TlzqC2LIRj0pFLWDILMF","פרפר הפוך",6,"home","home","2439705a-9745-4d3b-8605-d2430cfa731d","bunny","bunny","",,,,"method[3]=home"
"UDep0WLPWfBf9wIhjQGw","פלאנץ׳ בטאק מתקדם ",0,"home","home","","","","",,,1,"(empty)"
"UDep0WLPWfBf9wIhjQGw","פלאנץ׳ בטאק מתקדם ",1,"park","park","","bunny","firebase","d5419c57-55df-492f-b784-92d5b1a7b29c",1,1,,"(empty)"
"USVeZ8mvQNeaconZ9KuG","פרונט לבר יהלום",0,"home","home","","","","",,,1,"(empty)"
"USVeZ8mvQNeaconZ9KuG","פרונט לבר יהלום",1,"park","park","","bunny","firebase","324df65c-cb56-4dc8-9321-decfe1a646fe",1,1,,"(empty)"
"USVeZ8mvQNeaconZ9KuG","פרונט לבר יהלום",2,"home","home","","","","",,,1,"(empty)"
"USVeZ8mvQNeaconZ9KuG","פרונט לבר יהלום",3,"park","park","","","","",,,1,"(empty)"
"UdAmrvtDL0nBYnj8UMe1","חימום סיבובי ידיים",0,"park","park","","","","",,,1,"method[1]=home"
"UdAmrvtDL0nBYnj8UMe1","חימום סיבובי ידיים",1,"home","home","8ccd6027-00c8-458f-a4df-a858a3426284","bunny","bunny","",,,,"method[1]=home"
"UdcGfuqfagFg4g3pB1yt","שכיבות סמיכה קשתים בפישוק",0,"park","park","","bunny","firebase","85d56b8f-c571-4797-8c37-d8fdc0fa6677",1,1,,"method[0]=park"
"UdcGfuqfagFg4g3pB1yt","שכיבות סמיכה קשתים בפישוק",1,"home","home","","","","",,,1,"method[0]=park"
"UdcGfuqfagFg4g3pB1yt","שכיבות סמיכה קשתים בפישוק",2,"street","street","","","","",,,1,"method[0]=park"
"UdcGfuqfagFg4g3pB1yt","שכיבות סמיכה קשתים בפישוק",3,"office","office","","","","",,,1,"method[0]=park"
"UdcGfuqfagFg4g3pB1yt","שכיבות סמיכה קשתים בפישוק",4,"airport","airport","","","","",,,1,"method[0]=park"
"UmPbE7WydxjOSw5UlDIT","כפיפת מרפקים בהתנגדות גומיה",0,"park","park","","","","",,,1,"method[1]=home"
"UmPbE7WydxjOSw5UlDIT","כפיפת מרפקים בהתנגדות גומיה",1,"home","home","b057970a-acea-4ee5-99c5-2726d0fa62e5","bunny","bunny","",,,,"method[1]=home"
"UsdsWvP2QPERD0S0lJVI","מתח עם גומייה בינונית",0,"park","park","","bunny","firebase","1dedaf6f-ecbc-401c-91cd-ff8f7f32759a",1,1,,"method[2]=home"
"UsdsWvP2QPERD0S0lJVI","מתח עם גומייה בינונית",1,"park","park","","","","",,,1,"method[2]=home"
"UsdsWvP2QPERD0S0lJVI","מתח עם גומייה בינונית",2,"home","home","1af52a9e-3a7d-4afc-9d3c-e9ebcb45a3c2","bunny","bunny","",,,,"method[2]=home"
"UsdsWvP2QPERD0S0lJVI","מתח עם גומייה בינונית",3,"home","home","1aefc0c8-ff83-48c5-9970-a92af4b66b4b","bunny","bunny","",,,,"method[2]=home"
"V5XuakR2593PChTPgUGP","סיסי סקוואט",0,"home","home","","","","",,,1,"(empty)"
"V5XuakR2593PChTPgUGP","סיסי סקוואט",1,"street","street","","","","",,,1,"(empty)"
"V5XuakR2593PChTPgUGP","סיסי סקוואט",2,"office","office","","","","",,,1,"(empty)"
"V5XuakR2593PChTPgUGP","סיסי סקוואט",3,"park","park","","bunny","firebase","fa3e1f7a-ee46-453e-aa03-a9425c0f1866",1,1,,"(empty)"
"VS3FjnFAgULO96XLMK72","דדליפט הפוך",0,"home","home","","","","",,,1,"(empty)"
"VS3FjnFAgULO96XLMK72","דדליפט הפוך",1,"park","park","","bunny","firebase","f689d5ea-7f10-4e12-969e-5585e6305512",1,1,,"(empty)"
"VS3FjnFAgULO96XLMK72","דדליפט הפוך",2,"home","home","","","","",,,1,"(empty)"
"VS3FjnFAgULO96XLMK72","דדליפט הפוך",3,"park","park","","","","",,,1,"(empty)"
"VlAlIwnfXNgh9ALF7qIN","עליית מדרגה גובה אגן",0,"home","home","230a14a2-d92b-4f3a-8d2e-2a78e0744af7","bunny","bunny","",,,,"method[0]=home"
"VlAlIwnfXNgh9ALF7qIN","עליית מדרגה גובה אגן",1,"office","office","","","","",,,1,"method[0]=home"
"VlAlIwnfXNgh9ALF7qIN","עליית מדרגה גובה אגן",2,"park","park","","bunny","firebase","8e241256-8140-4f1a-b11c-536126c3fe4b",1,1,,"method[0]=home"
"VlAlIwnfXNgh9ALF7qIN","עליית מדרגה גובה אגן",3,"street","street","","","","",,,1,"method[0]=home"
"VlXhoc85miQq4ETZbbmj","חתירות פרונט לבר בטאק",0,"park","park","","bunny","firebase","",1,1,,"method[0]=park"
"VlXhoc85miQq4ETZbbmj","חתירות פרונט לבר בטאק",1,"park","park","","","","",,,1,"method[0]=park"
"VlXhoc85miQq4ETZbbmj","חתירות פרונט לבר בטאק",2,"home","home","","","","",,,1,"method[0]=park"
"VlXhoc85miQq4ETZbbmj","חתירות פרונט לבר בטאק",3,"home","home","","","","",,,1,"method[0]=park"
"VnLIyB2OtNdPO7Dgl0P6","סקין דה קאט בטאק (סיבוב על הטבעות בטאק)",0,"park","park","","bunny","firebase","ed76290d-62ec-4571-9a13-ca6a0c56bd55",1,1,,"method[0]=park"
"VnLIyB2OtNdPO7Dgl0P6","סקין דה קאט בטאק (סיבוב על הטבעות בטאק)",1,"home","home","","","","",,,1,"method[0]=park"
"VnLIyB2OtNdPO7Dgl0P6","סקין דה קאט בטאק (סיבוב על הטבעות בטאק)",2,"park","park","","bunny","firebase","",1,1,,"method[0]=park"
"Vr2htqrpnuBObpjzzzyj","לחיצת חזה בשכיבה בהתנגדות גומיה",0,"park","park","","","","",,,1,"method[1]=home"
"Vr2htqrpnuBObpjzzzyj","לחיצת חזה בשכיבה בהתנגדות גומיה",1,"home","home","f5992256-55b7-4631-aec8-551d76cd6541","bunny","bunny","",,,,"method[1]=home"
"W61ECyiZmD9APomgxAfz","שכיבות סמיכה בעמידת ידיים חזה לקיר",0,"park","park","","bunny","firebase","",1,1,,"method[0]=park"
"W61ECyiZmD9APomgxAfz","שכיבות סמיכה בעמידת ידיים חזה לקיר",1,"home","home","","","","",,,1,"method[0]=park"
"W61ECyiZmD9APomgxAfz","שכיבות סמיכה בעמידת ידיים חזה לקיר",2,"office","office","","","","",,,1,"method[0]=park"
"W61ECyiZmD9APomgxAfz","שכיבות סמיכה בעמידת ידיים חזה לקיר",3,"street","street","","","","",,,1,"method[0]=park"
"W69akLqaO2HD6y9ydzKe","פלאנץ׳ יהלום בעזרת גומייה דקה",0,"home","home","","","","",,,1,"(empty)"
"W69akLqaO2HD6y9ydzKe","פלאנץ׳ יהלום בעזרת גומייה דקה",1,"park","park","","bunny","firebase","23eefdea-8259-44ac-b51a-5ad18b2664ba",1,1,,"(empty)"
"WJIrY4OW1QgfhTeNLvNS","דגל בפישוק",0,"park","park","","bunny","firebase","",1,1,,"method[0]=park"
"WJIrY4OW1QgfhTeNLvNS","דגל בפישוק",1,"gym","gym","","","","",,,1,"method[0]=park"
"WQBYjQxJEc9Y6FWHigTH","עמידת פייק גובה ברך",0,"park","park","","bunny","firebase","f2d92993-b0e2-4544-b211-ff73f947fa00",1,1,,"method[1]=home"
"WQBYjQxJEc9Y6FWHigTH","עמידת פייק גובה ברך",1,"home","home","fc4bdde5-54a9-4136-afa4-72d75dc290a9","bunny","bunny","",,,,"method[1]=home"
"WQBYjQxJEc9Y6FWHigTH","עמידת פייק גובה ברך",2,"office","office","","","","",,,1,"method[1]=home"
"WQBYjQxJEc9Y6FWHigTH","עמידת פייק גובה ברך",3,"street","street","","","","",,,1,"method[1]=home"
"WRY4OTLIfEYxdIWZ82hm","החזקת מתח יד אחת ב-90°",0,"park","park","","bunny","firebase","",1,1,,"method[0]=park"
"WRY4OTLIfEYxdIWZ82hm","החזקת מתח יד אחת ב-90°",1,"park","park","","","","",,,1,"method[0]=park"
"WRY4OTLIfEYxdIWZ82hm","החזקת מתח יד אחת ב-90°",2,"home","home","","","","",,,1,"method[0]=park"
"WRY4OTLIfEYxdIWZ82hm","החזקת מתח יד אחת ב-90°",3,"home","home","","","","",,,1,"method[0]=park"
"WRY4OTLIfEYxdIWZ82hm","החזקת מתח יד אחת ב-90°",4,"office","office","","","","",,,1,"method[0]=park"
"WfIRO7kYSBP26ZgoByDX","פלאנץ׳ בטאק מתקדם בעזרת גומייה דקה",0,"home","home","","","","",,,1,"(empty)"
"WfIRO7kYSBP26ZgoByDX","פלאנץ׳ בטאק מתקדם בעזרת גומייה דקה",1,"park","park","","bunny","firebase","c1f6b87d-a784-42fc-9c8a-05b7225e9d8b",1,1,,"(empty)"
"WhivG5FdpScdWU0ZHR3x","החזקת מתח יד אחת ב-120°",0,"park","park","","bunny","firebase","",1,1,,"method[0]=park"
"WhivG5FdpScdWU0ZHR3x","החזקת מתח יד אחת ב-120°",1,"park","park","","","","",,,1,"method[0]=park"
"WhivG5FdpScdWU0ZHR3x","החזקת מתח יד אחת ב-120°",2,"home","home","","","","",,,1,"method[0]=park"
"WhivG5FdpScdWU0ZHR3x","החזקת מתח יד אחת ב-120°",3,"home","home","","","","",,,1,"method[0]=park"
"WhivG5FdpScdWU0ZHR3x","החזקת מתח יד אחת ב-120°",4,"office","office","","","","",,,1,"method[0]=park"
"WkXqEGdoSpq8KeC6EGAn","חימום כפיפות לפנים",0,"park","park","","","","",,,1,"method[1]=home"
"WkXqEGdoSpq8KeC6EGAn","חימום כפיפות לפנים",1,"home","home","f410f2fb-08fb-4ff5-be11-0432369a61e1","bunny","bunny","",,,,"method[1]=home"
"XPaeNXfrRfNl9Ab7Lwy0","פיסטול סקוואט טווח חלקי (להגבהה)",0,"home","home","de775009-ca63-44c7-b2ab-faf9cca09263","bunny","bunny","",,,,"method[0]=home"
"XPaeNXfrRfNl9Ab7Lwy0","פיסטול סקוואט טווח חלקי (להגבהה)",1,"park","park","","bunny","firebase","83a20cd3-0280-40b1-b7bb-dcacc1c51780",1,1,,"method[0]=home"
"XPaeNXfrRfNl9Ab7Lwy0","פיסטול סקוואט טווח חלקי (להגבהה)",2,"street","street","","","","",,,1,"method[0]=home"
"XPaeNXfrRfNl9Ab7Lwy0","פיסטול סקוואט טווח חלקי (להגבהה)",3,"office","office","","","","",,,1,"method[0]=home"
"XWL3TUAVmN0Dmp2btFgN","ישיבת L בתמיכת הרגליים",0,"park","park","","bunny","firebase","64f747e1-02f7-4210-916b-0c5b91e5a5be",1,1,,"method[0]=park"
"XWL3TUAVmN0Dmp2btFgN","ישיבת L בתמיכת הרגליים",1,"home","home","","","","",,,1,"method[0]=park"
"XWL3TUAVmN0Dmp2btFgN","ישיבת L בתמיכת הרגליים",2,"street","street","","","","",,,1,"method[0]=park"
"XWL3TUAVmN0Dmp2btFgN","ישיבת L בתמיכת הרגליים",3,"office","office","","","","",,,1,"method[0]=park"
"Xk0WZ34nEX802B0FxkpA","תלייה פסיבית",0,"home","home","b4956107-60a2-4f0f-9b09-46f5539de239","bunny","bunny","",,,,"method[0]=home"
"Xk0WZ34nEX802B0FxkpA","תלייה פסיבית",1,"office","office","","","","",,,1,"method[0]=home"
"Xk0WZ34nEX802B0FxkpA","תלייה פסיבית",2,"park","park","","bunny","firebase","47a02b02-b410-4642-947b-b871567d724b",1,1,,"method[0]=home"
"Y3A9AJWaJ6m2cVIoJS7T","בק לבר בפישוק",0,"park","park","","","","",,,1,"firebase:ffd7acc8"
"Y3A9AJWaJ6m2cVIoJS7T","בק לבר בפישוק",1,"home","home","","","","",,,1,"firebase:ffd7acc8"
"Y3A9AJWaJ6m2cVIoJS7T","בק לבר בפישוק",2,"home","home","","","","",,,1,"firebase:ffd7acc8"
"Y3A9AJWaJ6m2cVIoJS7T","בק לבר בפישוק",3,"park","park","","bunny","firebase","",1,1,,"firebase:ffd7acc8"
"YIjtB5lbLr0nxDqCdgpB","מתח אוסטרלי ב-15° מעלות",0,"park","park","","bunny","firebase","",1,1,,"method[0]=park"
"YMT1UiAdwFPKVjHpyMMz","החזקת שכיבת סמיכה ב-90° במרפק",0,"park","park","","bunny","firebase","",1,1,,"method[2]=home"
"YMT1UiAdwFPKVjHpyMMz","החזקת שכיבת סמיכה ב-90° במרפק",1,"street","street","","","","",,,1,"method[2]=home"
"YMT1UiAdwFPKVjHpyMMz","החזקת שכיבת סמיכה ב-90° במרפק",2,"home","home","5bbf9821-4c10-4f68-bc37-de28593e0ac2","bunny","bunny","",,,,"method[2]=home"
"YMT1UiAdwFPKVjHpyMMz","החזקת שכיבת סמיכה ב-90° במרפק",3,"office","office","","","","",,,1,"method[2]=home"
"Z3DNlwJAulyI28a8Kji7","עליות ספר רגליים ישרות",0,"park","park","","","","",,,1,"method[1]=home"
"Z3DNlwJAulyI28a8Kji7","עליות ספר רגליים ישרות",1,"home","home","f29e9de2-6cba-4fcb-a080-528a635aabc2","bunny","bunny","",,,,"method[1]=home"
"ZJKCzG7wOjMdJUyI9Jhz","שכיבות סמיכה קשתים עם רצועות",0,"park","park","","bunny","firebase","",1,1,,"method[0]=park"
"ZJKCzG7wOjMdJUyI9Jhz","שכיבות סמיכה קשתים עם רצועות",1,"home","home","","","","",,,1,"method[0]=park"
"ZJKCzG7wOjMdJUyI9Jhz","שכיבות סמיכה קשתים עם רצועות",2,"office","office","","","","",,,1,"method[0]=park"
"ZWx6yKLawdjSrImWUQoL","מתיחת כלב מביט מבט",0,"park","park","","","","",,,1,"method[1]=home"
"ZWx6yKLawdjSrImWUQoL","מתיחת כלב מביט מבט",1,"home","home","b8cae628-d0d3-4d7f-b1d6-884e935cc94d","bunny","bunny","",,,,"method[1]=home"
"ZYssXGqyPrIgvV1vXJcn","חימום דנימי קפיצות כוכב",0,"park","park","","","","",,,1,"method[1]=home"
"ZYssXGqyPrIgvV1vXJcn","חימום דנימי קפיצות כוכב",1,"home","home","5065cd5d-d93d-43f9-8466-39e7b227157b","bunny","bunny","",,,,"method[1]=home"
"ZmVz1kaBwhYqPPAqnkax","מתיחת חתול פרה",0,"park","park","","","","",,,1,"method[1]=home"
"ZmVz1kaBwhYqPPAqnkax","מתיחת חתול פרה",1,"home","home","02945644-2a66-429e-b16f-c551666899f4","bunny","bunny","",,,,"method[1]=home"
"Zmw7ImX37gFhnEcf4GLv","סקין דה קאט חצי גוף (סיבוב על הטבעות חצי גוף)",0,"park","park","","bunny","firebase","",1,1,,"method[0]=park"
"Zmw7ImX37gFhnEcf4GLv","סקין דה קאט חצי גוף (סיבוב על הטבעות חצי גוף)",1,"home","home","","","","",,,1,"method[0]=park"
"Zmw7ImX37gFhnEcf4GLv","סקין דה קאט חצי גוף (סיבוב על הטבעות חצי גוף)",2,"park","park","","bunny","firebase","",1,1,,"method[0]=park"
"ZovShNVtJBRPgdwsngxr","חתירות בעמידה בהתנגדות גומיה",0,"park","park","","","","",,,1,"method[1]=home"
"ZovShNVtJBRPgdwsngxr","חתירות בעמידה בהתנגדות גומיה",1,"home","home","196c606c-0eb8-4b59-9145-a9419eb4c4b2","bunny","bunny","",,,,"method[1]=home"
"ZvmddvrFV5NgwLAgrvec","פרונט לבר בפישוק",0,"home","home","","","","",,,1,"(empty)"
"ZvmddvrFV5NgwLAgrvec","פרונט לבר בפישוק",1,"park","park","","bunny","firebase","",1,1,,"(empty)"
"ZvmddvrFV5NgwLAgrvec","פרונט לבר בפישוק",2,"home","home","","","","",,,1,"(empty)"
"ZvmddvrFV5NgwLAgrvec","פרונט לבר בפישוק",3,"park","park","","","","",,,1,"(empty)"
"ZyLOv94JNxsC3urlqMMw","מתח עם גומייה דקה",0,"park","park","","bunny","firebase","5eead8e7-86a5-4d14-9467-b879c28067d3",1,1,,"method[0]=park"
"ZyLOv94JNxsC3urlqMMw","מתח עם גומייה דקה",1,"park","park","","","","",,,1,"method[0]=park"
"ZyLOv94JNxsC3urlqMMw","מתח עם גומייה דקה",2,"home","home","","","","",,,1,"method[0]=park"
"a4wUp62pLvHMCSL7MjQM","עליית כוח אקצנטרי על מוט",0,"park","park","","bunny","firebase","38392637-92db-404d-9010-2688921a00e8",1,1,,"method[0]=park"
"aI79OpwpSkVK05nTzkYc","החזקת מתח ב-90° עם תמיכה",0,"park","park","","bunny","firebase","",1,1,,"method[1]=home"
"aI79OpwpSkVK05nTzkYc","החזקת מתח ב-90° עם תמיכה",1,"home","home","47263b0b-82b5-47bc-a763-55e2bbbe7643","bunny","bunny","",,,,"method[1]=home"
"aI79OpwpSkVK05nTzkYc","החזקת מתח ב-90° עם תמיכה",2,"home","home","","","","",,,1,"method[1]=home"
"aI79OpwpSkVK05nTzkYc","החזקת מתח ב-90° עם תמיכה",3,"office","office","","","","",,,1,"method[1]=home"
"aSZkQwSZNbaZoPZtxn5q","בק לבר בטאק",0,"park","park","","","","",,,1,"firebase:ffd7acc8"
"aSZkQwSZNbaZoPZtxn5q","בק לבר בטאק",1,"home","home","","","","",,,1,"firebase:ffd7acc8"
"aSZkQwSZNbaZoPZtxn5q","בק לבר בטאק",2,"home","home","","","","",,,1,"firebase:ffd7acc8"
"aSZkQwSZNbaZoPZtxn5q","בק לבר בטאק",3,"park","park","","bunny","firebase","ffdd9cfa-8d9c-4824-a00c-152d67cd5628",1,1,,"firebase:ffd7acc8"
"aZPJ8uG279yATHs2mkba","חתירות יד אחת ב-45°",0,"park","park","","bunny","firebase","e09823f6-8f0f-486c-b227-62bea75e3a02",1,1,,"method[0]=park"
"aZPJ8uG279yATHs2mkba","חתירות יד אחת ב-45°",1,"park","park","","bunny","firebase","",1,1,,"method[0]=park"
"aZPJ8uG279yATHs2mkba","חתירות יד אחת ב-45°",2,"home","home","","","","",,,1,"method[0]=park"
"aZPJ8uG279yATHs2mkba","חתירות יד אחת ב-45°",3,"home","home","","","","",,,1,"method[0]=park"
"aZPJ8uG279yATHs2mkba","חתירות יד אחת ב-45°",4,"home","home","","","","",,,1,"method[0]=park"
"aca3BmSZGKY8ZSTU7qKM","פרונט לבר מלא",0,"home","home","","","","",,,1,"(empty)"
"aca3BmSZGKY8ZSTU7qKM","פרונט לבר מלא",1,"park","park","","bunny","firebase","",1,1,,"(empty)"
"aca3BmSZGKY8ZSTU7qKM","פרונט לבר מלא",2,"home","home","","","","",,,1,"(empty)"
"aca3BmSZGKY8ZSTU7qKM","פרונט לבר מלא",3,"park","park","","","","",,,1,"(empty)"
"awTUBO1WaFwllqE2XSwX","פרונט לבר יהלום עם גומייה",0,"home","home","","","","",,,1,"(empty)"
"awTUBO1WaFwllqE2XSwX","פרונט לבר יהלום עם גומייה",1,"park","park","","bunny","firebase","04bee879-8bee-48a1-bcc1-35e9b9d6d57e",1,1,,"(empty)"
"awTUBO1WaFwllqE2XSwX","פרונט לבר יהלום עם גומייה",2,"home","home","","","","",,,1,"(empty)"
"awTUBO1WaFwllqE2XSwX","פרונט לבר יהלום עם גומייה",3,"park","park","","","","",,,1,"(empty)"
"b3NXJVRxYK5UcynPHtCV","לאנג׳ אחורי",0,"home","home","8b804dca-2a47-427d-8fda-ab8fa09e8ee1","bunny","bunny","",,,,"method[0]=home"
"b3NXJVRxYK5UcynPHtCV","לאנג׳ אחורי",1,"office","office","","","","",,,1,"method[0]=home"
"b3NXJVRxYK5UcynPHtCV","לאנג׳ אחורי",2,"park","park","","bunny","firebase","",1,1,,"method[0]=home"
"bRUKaSg9p9Tl1rCzEiV4","עליות ברכיים כפופות בתלייה",0,"park","park","","","","",,,1,"method[1]=home"
"bRUKaSg9p9Tl1rCzEiV4","עליות ברכיים כפופות בתלייה",1,"home","home","4e483f34-7eee-4b7e-9fb6-44a7bf651f0a","bunny","bunny","",,,,"method[1]=home"
"bSZmgdOBt9qbwvK5ihz6","דרגון סקוואט אקצנטרי",0,"home","home","","","","",,,1,"(empty)"
"bSZmgdOBt9qbwvK5ihz6","דרגון סקוואט אקצנטרי",1,"park","park","","bunny","firebase","",1,1,,"(empty)"
"bSZmgdOBt9qbwvK5ihz6","דרגון סקוואט אקצנטרי",2,"street","street","","","","",,,1,"(empty)"
"bSZmgdOBt9qbwvK5ihz6","דרגון סקוואט אקצנטרי",3,"office","office","","","","",,,1,"(empty)"
"bXbxbp5k0fcmsVIeELpf","עליית כוח בקפיצה",0,"park","park","","bunny","firebase","eabec949-9419-4fb1-8ea0-bdd1df8c72fb",1,1,,"method[0]=park"
"bYVShoP3T506soTMWxHO","מתח שכמות קשתים",0,"home","home","","","","",,,1,"(empty)"
"bYVShoP3T506soTMWxHO","מתח שכמות קשתים",1,"office","office","","","","",,,1,"(empty)"
"bYVShoP3T506soTMWxHO","מתח שכמות קשתים",2,"park","park","","bunny","firebase","",1,1,,"(empty)"
"bilfw71EhTkDTSv759sV","החזקת מקבילים ב-90°",0,"park","park","","bunny","firebase","c0cf971a-a59a-49ea-a3a0-c1508d66e640",1,1,,"method[1]=home"
"bilfw71EhTkDTSv759sV","החזקת מקבילים ב-90°",1,"home","home","4137f547-283f-460c-9569-210750a68380","bunny","bunny","",,,,"method[1]=home"
"bilfw71EhTkDTSv759sV","החזקת מקבילים ב-90°",2,"home","home","","","","",,,1,"method[1]=home"
"bilfw71EhTkDTSv759sV","החזקת מקבילים ב-90°",3,"office","office","","","","",,,1,"method[1]=home"
"bipC8JTcoyzcJv5Ue0ep","מתח שכמות יד אחת",0,"home","home","","","","",,,1,"(empty)"
"bipC8JTcoyzcJv5Ue0ep","מתח שכמות יד אחת",1,"home","home","","","","",,,1,"(empty)"
"bipC8JTcoyzcJv5Ue0ep","מתח שכמות יד אחת",2,"office","office","","","","",,,1,"(empty)"
"bipC8JTcoyzcJv5Ue0ep","מתח שכמות יד אחת",3,"park","park","","bunny","firebase","",1,1,,"(empty)"
"bipC8JTcoyzcJv5Ue0ep","מתח שכמות יד אחת",4,"park","park","","","","",,,1,"(empty)"
"btdTyf1wUlNJviGkXWRT","חתירות קשתים ב-45°",0,"park","park","","","","",,,1,"firebase:bab07aa7"
"btdTyf1wUlNJviGkXWRT","חתירות קשתים ב-45°",1,"park","park","","bunny","firebase","59158da1-9536-4d0a-8f43-d817e13a2997",1,1,,"firebase:bab07aa7"
"btdTyf1wUlNJviGkXWRT","חתירות קשתים ב-45°",2,"park","park","","bunny","firebase","",1,1,,"firebase:bab07aa7"
"btdTyf1wUlNJviGkXWRT","חתירות קשתים ב-45°",3,"home","home","","","","",,,1,"firebase:bab07aa7"
"btdTyf1wUlNJviGkXWRT","חתירות קשתים ב-45°",4,"home","home","","","","",,,1,"firebase:bab07aa7"
"btdTyf1wUlNJviGkXWRT","חתירות קשתים ב-45°",5,"home","home","","","","",,,1,"firebase:bab07aa7"
"dGG8JVTj1NeSAEDhxvJT","שכיבות סמיכה ב-45°",0,"park","park","","bunny","firebase","82bcc838-2c65-4589-a10a-45e681139f3e",1,1,,"method[2]=home"
"dGG8JVTj1NeSAEDhxvJT","שכיבות סמיכה ב-45°",1,"street","street","","bunny","firebase","",1,1,,"method[2]=home"
"dGG8JVTj1NeSAEDhxvJT","שכיבות סמיכה ב-45°",2,"home","home","a2c42597-4fb6-4a07-8ca2-07f32694909f","bunny","bunny","",,,,"method[2]=home"
"dGG8JVTj1NeSAEDhxvJT","שכיבות סמיכה ב-45°",3,"office","office","","bunny","firebase","",1,1,,"method[2]=home"
"dK6Rcu8r93CeaBNOL0EU","מתיחת פרפר",0,"park","park","","","","",,,1,"method[1]=home"
"dK6Rcu8r93CeaBNOL0EU","מתיחת פרפר",1,"home","home","8ba3db96-b87b-4030-81ac-5570f3ed694c","bunny","bunny","",,,,"method[1]=home"
"dfhTg6POZm0fp2L5zo6Z","מקבילים עם גומייה בינונית",0,"park","park","","bunny","firebase","db5c3f46-9a88-4a69-baa3-ad970ba99489",1,1,,"method[0]=park"
"dfhTg6POZm0fp2L5zo6Z","מקבילים עם גומייה בינונית",1,"home","home","","","","",,,1,"method[0]=park"
"dfhTg6POZm0fp2L5zo6Z","מקבילים עם גומייה בינונית",2,"home","home","","","","",,,1,"method[0]=park"
"dfhTg6POZm0fp2L5zo6Z","מקבילים עם גומייה בינונית",3,"office","office","","","","",,,1,"method[0]=park"
"eEqv5jF3JkNduEM9Qgp7","הליכת סרטן",0,"park","park","","","","",,,1,"method[1]=home"
"eEqv5jF3JkNduEM9Qgp7","הליכת סרטן",1,"home","home","c48f6d7c-d408-498d-834c-cc9f59786f79","bunny","bunny","",,,,"method[1]=home"
"eHCiPK74PTW3b7CdrhaZ","חימום סיבובי ברכיים",0,"park","park","","","","",,,1,"method[1]=home"
"eHCiPK74PTW3b7CdrhaZ","חימום סיבובי ברכיים",1,"home","home","67947683-d7c4-4820-8f9c-1080fb678ce9","bunny","bunny","",,,,"method[1]=home"
"eHjbkb9XIK2txbwgYWH4","חימום סיבובי קרסול",0,"park","park","","","","",,,1,"method[1]=home"
"eHjbkb9XIK2txbwgYWH4","חימום סיבובי קרסול",1,"home","home","9ae01af7-0d14-494e-bc06-f4d12515fe08","bunny","bunny","",,,,"method[1]=home"
"ePHjx7haP7HrTU7YOgop","קפיצה גובה שוק",0,"home","home","","","","",,,1,"(empty)"
"ePHjx7haP7HrTU7YOgop","קפיצה גובה שוק",1,"office","office","","","","",,,1,"(empty)"
"ePHjx7haP7HrTU7YOgop","קפיצה גובה שוק",2,"park","park","","bunny","firebase","66d0230f-e151-4469-bfbf-821ab06a5a36",1,1,,"(empty)"
"ePHjx7haP7HrTU7YOgop","קפיצה גובה שוק",3,"street","street","","","","",,,1,"(empty)"
"ecr0mBSRkTq6nQ8RVN91","שכיבות סמיכה",0,"park","park","","bunny","firebase","fafccc02-f8a2-41ff-beb8-c05180a67c1b",1,1,,"method[1]=home"
"ecr0mBSRkTq6nQ8RVN91","שכיבות סמיכה",1,"home","home","704d0e9a-a2ea-4e29-b8ed-b4dcef8c6384","bunny","bunny","",,,,"method[1]=home"
"ecr0mBSRkTq6nQ8RVN91","שכיבות סמיכה",2,"street","street","","","","",,,1,"method[1]=home"
"ecr0mBSRkTq6nQ8RVN91","שכיבות סמיכה",3,"office","office","","","","",,,1,"method[1]=home"
"ecr0mBSRkTq6nQ8RVN91","שכיבות סמיכה",4,"airport","airport","","","","",,,1,"method[1]=home"
"f4ZbXHOaV5lRTC9JQPkk","סמוך קום עם שכיבת סמיכה",0,"park","park","","","","",,,1,"method[1]=home"
"f4ZbXHOaV5lRTC9JQPkk","סמוך קום עם שכיבת סמיכה",1,"home","home","224f8411-85c5-4f4e-9569-55978888d5e4","bunny","bunny","",,,,"method[1]=home"
"fIRs3qc4SPVBTrg6sUmC","מתח סופינציה מתפרץ",0,"park","park","","bunny","firebase","506def76-f68d-43ec-9255-3eb4e1651aef",1,1,,"method[0]=park"
"fIRs3qc4SPVBTrg6sUmC","מתח סופינציה מתפרץ",1,"home","home","","","","",,,1,"method[0]=park"
"fIRs3qc4SPVBTrg6sUmC","מתח סופינציה מתפרץ",2,"office","office","","","","",,,1,"method[0]=park"
"fO2Sk5fpdHBYL239gXLE","כפיפת מרפקים במשקל גוף 30°",0,"park","park","","bunny","firebase","e21a10bf-ffc3-417d-9b00-a9433d8af6ac",1,1,,"method[0]=park"
"fO2Sk5fpdHBYL239gXLE","כפיפת מרפקים במשקל גוף 30°",1,"park","park","","","","",,,1,"method[0]=park"
"fO2Sk5fpdHBYL239gXLE","כפיפת מרפקים במשקל גוף 30°",2,"home","home","","","","",,,1,"method[0]=park"
"fO2Sk5fpdHBYL239gXLE","כפיפת מרפקים במשקל גוף 30°",3,"office","office","","","","",,,1,"method[0]=park"
"fg0NDJmRtK2RPXU7gHqr","דגל נמוך",0,"park","park","","bunny","firebase","",1,1,,"method[0]=park"
"fg0NDJmRtK2RPXU7gHqr","דגל נמוך",1,"gym","gym","","","","",,,1,"method[0]=park"
"fg0NDJmRtK2RPXU7gHqr","דגל נמוך",2,"home","home","","","","",,,1,"method[0]=park"
"fuNkwOpFCxk1xLuWGgtW","קפיצה גובה אגן",0,"home","home","","","","",,,1,"(empty)"
"fuNkwOpFCxk1xLuWGgtW","קפיצה גובה אגן",1,"office","office","","","","",,,1,"(empty)"
"fuNkwOpFCxk1xLuWGgtW","קפיצה גובה אגן",2,"park","park","","bunny","firebase","52455469-bd15-4f1d-826c-f617b31e80e3",1,1,,"(empty)"
"fuNkwOpFCxk1xLuWGgtW","קפיצה גובה אגן",3,"street","street","","","","",,,1,"(empty)"
"g5M36kx6sXaRr8MMWLJj","מתיחת ירך קדמית",0,"park","park","","","","",,,1,"method[1]=home"
"g5M36kx6sXaRr8MMWLJj","מתיחת ירך קדמית",1,"home","home","b35804dd-1ee2-46cf-a6f4-56dffe719707","bunny","bunny","",,,,"method[1]=home"
"g9078RNsKL3NmNYQK5Zx","סקוואט קשתים טווח חלקי",0,"home","home","361b9016-ef40-4278-8a51-12656e297bb1","bunny","bunny","",,,,"method[0]=home"
"g9078RNsKL3NmNYQK5Zx","סקוואט קשתים טווח חלקי",1,"park","park","","bunny","firebase","27809f8d-0119-4f8e-8a81-da287849eb2d",1,1,,"method[0]=home"
"g9078RNsKL3NmNYQK5Zx","סקוואט קשתים טווח חלקי",2,"street","street","","","","",,,1,"method[0]=home"
"g9078RNsKL3NmNYQK5Zx","סקוואט קשתים טווח חלקי",3,"office","office","","","","",,,1,"method[0]=home"
"gEEbTNLGhfAIGMCaDCI9","מתח אקצנטרי עם החזקות",0,"park","park","","bunny","firebase","217e13a0-0f81-4274-bf06-7e50003f609a",1,1,,"method[0]=park"
"gEEbTNLGhfAIGMCaDCI9","מתח אקצנטרי עם החזקות",1,"park","park","","","","",,,1,"method[0]=park"
"gEEbTNLGhfAIGMCaDCI9","מתח אקצנטרי עם החזקות",2,"home","home","","","","",,,1,"method[0]=park"
"gEEbTNLGhfAIGMCaDCI9","מתח אקצנטרי עם החזקות",3,"home","home","","","","",,,1,"method[0]=park"
"gGlZXMEjhAXTxxmO3hTN","שכיבות סמיכה בהתנגדות גומיה",0,"park","park","","","","",,,1,"method[1]=home"
"gGlZXMEjhAXTxxmO3hTN","שכיבות סמיכה בהתנגדות גומיה",1,"home","home","324259a9-c892-4f23-9713-746576b6b189","bunny","bunny","",,,,"method[1]=home"
"gWHaGzObmixb1vr66l5I","מתיחת מתפלל",0,"park","park","","","","",,,1,"method[1]=home"
"gWHaGzObmixb1vr66l5I","מתיחת מתפלל",1,"home","home","7f58b5fc-23db-433d-9de5-bf6bac543ee2","bunny","bunny","",,,,"method[1]=home"
"gZqAE68NQJnREu60C88S","שכיבות סמיכה מרפקים צמודים",0,"park","park","","bunny","firebase","786d7d1d-0fc6-4f0c-8659-33336735055f",1,1,,"method[0]=park"
"gZqAE68NQJnREu60C88S","שכיבות סמיכה מרפקים צמודים",1,"home","home","","","","",,,1,"method[0]=park"
"gZqAE68NQJnREu60C88S","שכיבות סמיכה מרפקים צמודים",2,"street","street","","","","",,,1,"method[0]=park"
"gZqAE68NQJnREu60C88S","שכיבות סמיכה מרפקים צמודים",3,"office","office","","","","",,,1,"method[0]=park"
"gZqAE68NQJnREu60C88S","שכיבות סמיכה מרפקים צמודים",4,"airport","airport","","","","",,,1,"method[0]=park"
"ggzAxOz0vT3SOObT3Y7q","קופנהגן פלאנק",0,"park","park","","bunny","firebase","",1,1,,"method[1]=home"
"ggzAxOz0vT3SOObT3Y7q","קופנהגן פלאנק",1,"home","home","f1681c7a-56ff-4740-b251-567061c54f3a","bunny","bunny","",,,,"method[1]=home"
"ggzAxOz0vT3SOObT3Y7q","קופנהגן פלאנק",2,"office","office","","","","",,,1,"method[1]=home"
"ggzAxOz0vT3SOObT3Y7q","קופנהגן פלאנק",3,"street","street","","","","",,,1,"method[1]=home"
"gkc3KYN1tG5wX59OJbsM","חתירות ב-75°",0,"park","park","","bunny","firebase","d9b8af3e-7acb-412c-b166-df550f50324d",1,1,,"method[3]=home"
"gkc3KYN1tG5wX59OJbsM","חתירות ב-75°",1,"park","park","","bunny","firebase","",1,1,,"method[3]=home"
"gkc3KYN1tG5wX59OJbsM","חתירות ב-75°",2,"park","park","","","","",,,1,"method[3]=home"
"gkc3KYN1tG5wX59OJbsM","חתירות ב-75°",3,"home","home","a081ad14-15c8-4311-aa40-859fcf1051b3","bunny","bunny","",,,,"method[3]=home"
"gkc3KYN1tG5wX59OJbsM","חתירות ב-75°",4,"home","home","2b02471d-e030-48b5-94bc-1516e8cc647b","bunny","bunny","",,,,"method[3]=home"
"gkc3KYN1tG5wX59OJbsM","חתירות ב-75°",5,"home","home","d9171478-2faf-4666-ac92-2ffa5aaa7777","bunny","bunny","",,,,"method[3]=home"
"gzj8eefE4V0Ec4BlvTP2","מתח מתפרץ עם גומייה בינונית",0,"park","park","","bunny","firebase","",1,1,,"method[0]=park"
"gzj8eefE4V0Ec4BlvTP2","מתח מתפרץ עם גומייה בינונית",1,"home","home","","","","",,,1,"method[0]=park"
"hB253EVZ8ksjQyve6TOu","שחיין חזה",0,"park","park","","","","",,,1,"method[1]=home"
"hB253EVZ8ksjQyve6TOu","שחיין חזה",1,"home","home","28f3cbf7-84e1-4d01-90da-411dd1c9767d","bunny","bunny","",,,,"method[1]=home"
"hECufw1PU0a0lcUEadY9","עמידת כלב רגל ויד נגדית",0,"park","park","","","","",,,1,"method[1]=home"
"hECufw1PU0a0lcUEadY9","עמידת כלב רגל ויד נגדית",1,"home","home","10474747-901b-48d5-9650-7312cfc4a028","bunny","bunny","",,,,"method[1]=home"
"hSVTgimudJNF5uVF7DfM","מקבילים",0,"park","park","","bunny","firebase","ea3f4f13-8f60-419b-9679-d9ea98fa06c9",1,1,,"method[1]=home"
"hSVTgimudJNF5uVF7DfM","מקבילים",1,"home","home","1526266f-3a33-481b-b205-d6ba02cbcdb4","bunny","bunny","",,,,"method[1]=home"
"hSVTgimudJNF5uVF7DfM","מקבילים",2,"home","home","","","","",,,1,"method[1]=home"
"hSVTgimudJNF5uVF7DfM","מקבילים",3,"home","home","2041e05a-0752-42c2-ad18-393b003505d6","bunny","bunny","",,,,"method[1]=home"
"hSVTgimudJNF5uVF7DfM","מקבילים",4,"office","office","","","","",,,1,"method[1]=home"
"hSungsi3vi6nm7rQLHlP","שרימפ סקוואט בלי ידיים",0,"home","home","444fba98-8b15-4fef-bc0b-b18858c7a01b","bunny","bunny","",,,,"method[0]=home"
"hSungsi3vi6nm7rQLHlP","שרימפ סקוואט בלי ידיים",1,"park","park","","bunny","firebase","4301df9d-4e25-40b3-8cd1-bfd6bfb8eb43",1,1,,"method[0]=home"
"hSungsi3vi6nm7rQLHlP","שרימפ סקוואט בלי ידיים",2,"street","street","","","","",,,1,"method[0]=home"
"hSungsi3vi6nm7rQLHlP","שרימפ סקוואט בלי ידיים",3,"office","office","","","","",,,1,"method[0]=home"
"hvCIfyHrdXajHrZtEJ9m","היפ טראסט ארוך",0,"home","home","","","","",,,1,"(empty)"
"hvCIfyHrdXajHrZtEJ9m","היפ טראסט ארוך",1,"office","office","","","","",,,1,"(empty)"
"hvCIfyHrdXajHrZtEJ9m","היפ טראסט ארוך",2,"park","park","","bunny","firebase","",1,1,,"(empty)"
"hvCIfyHrdXajHrZtEJ9m","היפ טראסט ארוך",3,"street","street","","","","",,,1,"(empty)"
"i5IBSF7eXfN640A6isyM","החזקות מקבילים אקצנטרי",0,"park","park","","bunny","firebase","d9a2fc6f-d16c-443d-a962-835b547f0197",1,1,,"method[0]=park"
"i5IBSF7eXfN640A6isyM","החזקות מקבילים אקצנטרי",1,"home","home","","","","",,,1,"method[0]=park"
"i5IBSF7eXfN640A6isyM","החזקות מקבילים אקצנטרי",2,"home","home","","","","",,,1,"method[0]=park"
"i5IBSF7eXfN640A6isyM","החזקות מקבילים אקצנטרי",3,"office","office","","","","",,,1,"method[0]=park"
"i5JiWYzTrmtMbpwN207A","פיסטול סקוואט שלילי ימין",0,"park","park","","","","",,,1,"method[1]=home"
"i5JiWYzTrmtMbpwN207A","פיסטול סקוואט שלילי ימין",1,"home","home","0e49c78e-c31d-41d0-a7c0-8cfc7423cf17","bunny","bunny","",,,,"method[1]=home"
"i9WbX3wse5v1glqbyE9T","מתח טווח עליון",0,"park","park","","bunny","firebase","cbae7eaa-3bab-429b-82f0-46deca275510",1,1,,"method[2]=home"
"i9WbX3wse5v1glqbyE9T","מתח טווח עליון",1,"park","park","","","","",,,1,"method[2]=home"
"i9WbX3wse5v1glqbyE9T","מתח טווח עליון",2,"home","home","4c947c54-3ff6-4e0a-aa48-7a3e310a046f","bunny","bunny","",,,,"method[2]=home"
"i9WbX3wse5v1glqbyE9T","מתח טווח עליון",3,"home","home","","","","",,,1,"method[2]=home"
"iEZGhtBNV7Tv5iNuT70E","פלאנק על הברכיים",0,"park","park","","bunny","firebase","bd839b33-cdb0-411d-ad07-30282e84b715",1,1,,"method[1]=home"
"iEZGhtBNV7Tv5iNuT70E","פלאנק על הברכיים",1,"home","home","2fd639e0-f29b-435d-aa9a-7429f2891e2c","bunny","bunny","",,,,"method[1]=home"
"iEZGhtBNV7Tv5iNuT70E","פלאנק על הברכיים",2,"office","office","","","firebase","",1,1,,"method[1]=home"
"iH5gqfgf5ggghCVOGbTc","לאנג׳ בולגרי טווח חלקי",0,"home","home","cc316c3e-ff59-4f20-b041-c903ccda39f9","bunny","bunny","",,,,"method[0]=home"
"iH5gqfgf5ggghCVOGbTc","לאנג׳ בולגרי טווח חלקי",1,"office","office","","","","",,,1,"method[0]=home"
"iH5gqfgf5ggghCVOGbTc","לאנג׳ בולגרי טווח חלקי",2,"street","street","","","","",,,1,"method[0]=home"
"iH5gqfgf5ggghCVOGbTc","לאנג׳ בולגרי טווח חלקי",3,"park","park","","bunny","firebase","2d255239-23f0-4060-9657-cf0bee04820b",1,1,,"method[0]=home"
"ihFQrvU8P7fQmr7OQWCC","מתח באחיזה מעורבת",0,"park","park","","bunny","firebase","",1,1,,"method[0]=park"
"ihFQrvU8P7fQmr7OQWCC","מתח באחיזה מעורבת",1,"park","park","","","","",,,1,"method[0]=park"
"ihFQrvU8P7fQmr7OQWCC","מתח באחיזה מעורבת",2,"home","home","","","","",,,1,"method[0]=park"
"ihFQrvU8P7fQmr7OQWCC","מתח באחיזה מעורבת",3,"home","home","","","","",,,1,"method[0]=park"
"ihFQrvU8P7fQmr7OQWCC","מתח באחיזה מעורבת",4,"office","office","","","","",,,1,"method[0]=park"
"iq5FQ7UX4utmSCVSpPec","גמישות קרסול לעמוד",0,"park","park","f4fd7684-40c8-4f51-acd4-883165ce3587","bunny","bunny","96dfef1f-24f7-467c-949d-f6f91b4c37f3",,,,"method[0]=park"
"iq5FQ7UX4utmSCVSpPec","גמישות קרסול לעמוד",1,"home","home","c2702223-618f-443e-bf64-690c247eb3d2","bunny","bunny","",,,,"method[0]=park"
"iq5FQ7UX4utmSCVSpPec","גמישות קרסול לעמוד",2,"street","street","","","","",,,1,"method[0]=park"
"iq5FQ7UX4utmSCVSpPec","גמישות קרסול לעמוד",3,"office","office","","","","",,,1,"method[0]=park"
"iuwmGaZnuvhZ1mZFXJyt","גליל בטן עם תמיכת הברכיים",0,"park","park","","","","",,,1,"method[1]=home"
"iuwmGaZnuvhZ1mZFXJyt","גליל בטן עם תמיכת הברכיים",1,"home","home","5528822d-83ff-4c19-8bd8-4c3097eafe76","bunny","bunny","",,,,"method[1]=home"
"j7vOGJMwlJR4K7MaaF24","היפ טראסט רגל אחת",0,"home","home","cf09b02d-edd1-434e-8be6-3690d4a52f35","bunny","bunny","",,,,"method[0]=home"
"j7vOGJMwlJR4K7MaaF24","היפ טראסט רגל אחת",1,"office","office","","","","",,,1,"method[0]=home"
"j7vOGJMwlJR4K7MaaF24","היפ טראסט רגל אחת",2,"park","park","","bunny","firebase","31f2eaa5-510f-4cef-8d30-3e7f904f5db0",1,1,,"method[0]=home"
"jPzXgBtka83RxOgOy8kQ","החזקת מקבילים ב-120°",0,"park","park","","bunny","firebase","9e05dc3d-0196-43ca-8eb7-bdbefda67f6a",1,1,,"method[1]=home"
"jPzXgBtka83RxOgOy8kQ","החזקת מקבילים ב-120°",1,"home","home","7584c393-8a12-4418-8708-b077c1cd5b45","bunny","bunny","",,,,"method[1]=home"
"jPzXgBtka83RxOgOy8kQ","החזקת מקבילים ב-120°",2,"home","home","","","","",,,1,"method[1]=home"
"jPzXgBtka83RxOgOy8kQ","החזקת מקבילים ב-120°",3,"office","office","","","","",,,1,"method[1]=home"
"jlnko9XPxuYlyoBBf3Gc","מתח קשתים",0,"park","park","","bunny","firebase","",1,1,,"method[2]=home"
"jlnko9XPxuYlyoBBf3Gc","מתח קשתים",1,"park","park","","","","",,,1,"method[2]=home"
"jlnko9XPxuYlyoBBf3Gc","מתח קשתים",2,"home","home","9c12c18c-6b37-463f-ac46-40ffe8b96e57","bunny","bunny","",,,,"method[2]=home"
"jlnko9XPxuYlyoBBf3Gc","מתח קשתים",3,"home","home","","","","",,,1,"method[2]=home"
"jlnko9XPxuYlyoBBf3Gc","מתח קשתים",4,"office","office","","","","",,,1,"method[2]=home"
"k0IkLkbf3b8YbUfD5lBR","בק לבר בטאק מתקדם",0,"park","park","","","","",,,1,"firebase:ffd7acc8"
"k0IkLkbf3b8YbUfD5lBR","בק לבר בטאק מתקדם",1,"home","home","","","","",,,1,"firebase:ffd7acc8"
"k0IkLkbf3b8YbUfD5lBR","בק לבר בטאק מתקדם",2,"home","home","","","","",,,1,"firebase:ffd7acc8"
"k0IkLkbf3b8YbUfD5lBR","בק לבר בטאק מתקדם",3,"park","park","","bunny","firebase","",1,1,,"firebase:ffd7acc8"
"k10Af7WEV0qDqx8PY7xQ","חימום פלג גוף עליון לבדיקה",0,"park","park|street","","bunny","firebase","",1,1,,"method[0]=park"
"k4GYQX6hRTZxlEzNBofN","פרונט לבר חצי גוף",0,"home","home","","","","",,,1,"(empty)"
"k4GYQX6hRTZxlEzNBofN","פרונט לבר חצי גוף",1,"park","park","","bunny","firebase","",1,1,,"(empty)"
"k4GYQX6hRTZxlEzNBofN","פרונט לבר חצי גוף",2,"home","home","","","","",,,1,"(empty)"
"k4GYQX6hRTZxlEzNBofN","פרונט לבר חצי גוף",3,"park","park","","","","",,,1,"(empty)"
"kF3kYAMIEf2jyAHwS7qf","פשיטת מרפקים על ספסל",0,"home","home","baa1e44e-19ce-4939-bb77-20cdc4e749b1","bunny","bunny","",,,,"method[0]=home"
"kF3kYAMIEf2jyAHwS7qf","פשיטת מרפקים על ספסל",1,"office","office","","","","",,,1,"method[0]=home"
"kF3kYAMIEf2jyAHwS7qf","פשיטת מרפקים על ספסל",2,"park","park","","bunny","firebase","8d30714b-e7ea-47a9-bd8f-1e498c0c16d7",1,1,,"method[0]=home"
"kF3kYAMIEf2jyAHwS7qf","פשיטת מרפקים על ספסל",3,"park","park","","bunny","firebase","",1,1,,"method[0]=home"
"kMBpyHBuiJN98EpoyOXK","לחיצת רגליים כנגד עמוד",0,"home","home","","","","",,,1,"(empty)"
"kMBpyHBuiJN98EpoyOXK","לחיצת רגליים כנגד עמוד",1,"park","park","","bunny","firebase","",1,1,,"(empty)"
"kMBpyHBuiJN98EpoyOXK","לחיצת רגליים כנגד עמוד",2,"street","street","","bunny","firebase","",1,1,,"(empty)"
"kMBpyHBuiJN98EpoyOXK","לחיצת רגליים כנגד עמוד",3,"office","office","","","","",,,1,"(empty)"
"kb1MB9It40iDOrR1aacW","לחיצה מישיבת L לפייק",0,"home","home","","","","",,,1,"(empty)"
"kb1MB9It40iDOrR1aacW","לחיצה מישיבת L לפייק",1,"park","park","","bunny","firebase","",1,1,,"(empty)"
"kbxV76kyWw1nL3i8Mewi","דגל אנושי",0,"park","park","","bunny","firebase","",1,1,,"method[0]=park"
"kbxV76kyWw1nL3i8Mewi","דגל אנושי",1,"gym","gym","","","","",,,1,"method[0]=park"
"kdBsatNKmG0HIgxsJg9R","שרימפ סקוואט טווח חלקי",0,"home","home","","","","",,,1,"(empty)"
"kdBsatNKmG0HIgxsJg9R","שרימפ סקוואט טווח חלקי",1,"park","park","","bunny","firebase","4e994af8-cfda-4be1-9734-329fe12fda65",1,1,,"(empty)"
"kdBsatNKmG0HIgxsJg9R","שרימפ סקוואט טווח חלקי",2,"street","street","","","","",,,1,"(empty)"
"kdBsatNKmG0HIgxsJg9R","שרימפ סקוואט טווח חלקי",3,"office","office","","","","",,,1,"(empty)"
"kgWSXDf5rACGGhcBRtOl","מקבילים טווח תחתון",0,"park","park","","bunny","firebase","90333eb0-3c5e-413c-805b-52f3b948d886",1,1,,"method[0]=park"
"kgWSXDf5rACGGhcBRtOl","מקבילים טווח תחתון",1,"home","home","","","","",,,1,"method[0]=park"
"kgWSXDf5rACGGhcBRtOl","מקבילים טווח תחתון",2,"home","home","","","","",,,1,"method[0]=park"
"kgWSXDf5rACGGhcBRtOl","מקבילים טווח תחתון",3,"office","office","","","","",,,1,"method[0]=park"
"kx37r35Yh4EkMNO8y6r8","מתיחת ראש לצדדים",0,"park","park","","","","",,,1,"method[1]=home"
"kx37r35Yh4EkMNO8y6r8","מתיחת ראש לצדדים",1,"home","home","48a7da49-4ade-4a5f-b3a7-5afe64619ba1","bunny","bunny","",,,,"method[1]=home"
"lGZxrjALhrrGWxnwNOTW","ספר ברכיים כפופת",0,"park","park","","","","",,,1,"method[1]=home"
"lGZxrjALhrrGWxnwNOTW","ספר ברכיים כפופת",1,"home","home","3f3b6664-ceb7-488c-a227-a8293e1ff516","bunny","bunny","",,,,"method[1]=home"
"lNwM1Ft8IFxFtgXjQSIF","חתירות ב-45°",0,"park","park","","bunny","firebase","ff81788b-62e5-4d72-87fa-c663472b6f7c",1,1,,"method[4]=home"
"lNwM1Ft8IFxFtgXjQSIF","חתירות ב-45°",1,"park","park","","","firebase","",1,1,,"method[4]=home"
"lNwM1Ft8IFxFtgXjQSIF","חתירות ב-45°",2,"park","park","","","firebase","",1,1,,"method[4]=home"
"lNwM1Ft8IFxFtgXjQSIF","חתירות ב-45°",3,"park","park","","","","",,,1,"method[4]=home"
"lNwM1Ft8IFxFtgXjQSIF","חתירות ב-45°",4,"home","home","fa935e12-624b-49c0-93e9-a37593d4553d","bunny","bunny","",,,,"method[4]=home"
"lNwM1Ft8IFxFtgXjQSIF","חתירות ב-45°",5,"home","home","72c86193-89f6-4885-92a8-4e37cfa594bb","bunny","bunny","",,,,"method[4]=home"
"lNwM1Ft8IFxFtgXjQSIF","חתירות ב-45°",6,"home","home","","","","",,,1,"method[4]=home"
"liSboXONbRr0gBPLJw5l","סקוואט בהונות",0,"home","home","","","","",,,1,"(empty)"
"liSboXONbRr0gBPLJw5l","סקוואט בהונות",1,"park","park","","bunny","firebase","",1,1,,"(empty)"
"liSboXONbRr0gBPLJw5l","סקוואט בהונות",2,"street","street","","","","",,,1,"(empty)"
"liSboXONbRr0gBPLJw5l","סקוואט בהונות",3,"office","office","","","","",,,1,"(empty)"
"m11Y20Q6vcvU2IL7pk25","מקבילים בולגריים",0,"park","park","","bunny","firebase","",1,1,,"method[0]=park"
"m11Y20Q6vcvU2IL7pk25","מקבילים בולגריים",1,"home","home","","","","",,,1,"method[0]=park"
"m11Y20Q6vcvU2IL7pk25","מקבילים בולגריים",2,"office","office","","","","",,,1,"method[0]=park"
"mDPDDIYx8JEqrwSamDqa","שכיבות סמיכה ספינקס",0,"park","park","","bunny","firebase","2fce36a5-088b-4f6d-a936-953eab30dd21",1,1,,"method[1]=home"
"mDPDDIYx8JEqrwSamDqa","שכיבות סמיכה ספינקס",1,"home","home","57b312a9-e014-4050-9172-b9ec48c0667a","bunny","bunny","",,,,"method[1]=home"
"mDPDDIYx8JEqrwSamDqa","שכיבות סמיכה ספינקס",2,"street","street","","","","",,,1,"method[1]=home"
"mDPDDIYx8JEqrwSamDqa","שכיבות סמיכה ספינקס",3,"office","office","","","","",,,1,"method[1]=home"
"mDPDDIYx8JEqrwSamDqa","שכיבות סמיכה ספינקס",4,"airport","airport","","","","",,,1,"method[1]=home"
"mIEhyPgMAxSryv46CZ2f","פלאנק גבוה טבעות",0,"park","park","","bunny","firebase","8cae6e0b-03bd-48e3-9e79-f2039061a940",1,1,,"method[0]=park"
"mIEhyPgMAxSryv46CZ2f","פלאנק גבוה טבעות",1,"home","home","","","","",,,1,"method[0]=park"
"mIEhyPgMAxSryv46CZ2f","פלאנק גבוה טבעות",2,"office","office","","","","",,,1,"method[0]=park"
"mMW69g4YfMnlNGuLQgne","הרמות רגליים בישיבת פייק/L",0,"park","park","","bunny","firebase","3e96336c-f1d2-4d56-93f0-dc8ba587ccdf",1,1,,"method[1]=home"
"mMW69g4YfMnlNGuLQgne","הרמות רגליים בישיבת פייק/L",1,"home","home","f80bfddd-7a66-467c-95b5-feb2f8f767ef","bunny","bunny","",,,,"method[1]=home"
"mMW69g4YfMnlNGuLQgne","הרמות רגליים בישיבת פייק/L",2,"street","street","","","","",,,1,"method[1]=home"
"mMW69g4YfMnlNGuLQgne","הרמות רגליים בישיבת פייק/L",3,"office","office","","","","",,,1,"method[1]=home"
"mMW69g4YfMnlNGuLQgne","הרמות רגליים בישיבת פייק/L",4,"airport","airport","","","","",,,1,"method[1]=home"
"mr6Eylc9mY4RBFmhts6y","לאנג׳ עמוק",0,"home","home","51acb379-7cd5-467e-bbbc-e96c31e98527","bunny","bunny","",,,,"method[0]=home"
"mr6Eylc9mY4RBFmhts6y","לאנג׳ עמוק",1,"office","office","","","","",,,1,"method[0]=home"
"mr6Eylc9mY4RBFmhts6y","לאנג׳ עמוק",2,"park","park","","bunny","firebase","8bb86a7f-6de2-4e36-b00f-a2ac2ce3bb31",1,1,,"method[0]=home"
"mr6Eylc9mY4RBFmhts6y","לאנג׳ עמוק",3,"street","street","","bunny","firebase","",1,1,,"method[0]=home"
"n8rmFjVAjKNEfvRt1QwS","הרמות פרונט לבר חצי גוף",0,"home","home","","","","",,,1,"(empty)"
"n8rmFjVAjKNEfvRt1QwS","הרמות פרונט לבר חצי גוף",1,"park","park","","bunny","firebase","",1,1,,"(empty)"
"n8rmFjVAjKNEfvRt1QwS","הרמות פרונט לבר חצי גוף",2,"home","home","","","","",,,1,"(empty)"
"n8rmFjVAjKNEfvRt1QwS","הרמות פרונט לבר חצי גוף",3,"park","park","","","","",,,1,"(empty)"
"nCze4KVY6zUMkzYISWf1","מתח עם החזקות",0,"park","park","","bunny","firebase","dfae344d-c454-40e3-a191-4e7acd8b73cb",1,1,,"method[0]=park"
"nCze4KVY6zUMkzYISWf1","מתח עם החזקות",1,"park","park","","","","",,,1,"method[0]=park"
"nCze4KVY6zUMkzYISWf1","מתח עם החזקות",2,"home","home","","","","",,,1,"method[0]=park"
"nCze4KVY6zUMkzYISWf1","מתח עם החזקות",3,"home","home","","","","",,,1,"method[0]=park"
"nMuPfFBhXptn5GrRBgFe","מקבילים על מוט",0,"park","park","","bunny","firebase","289778d8-15f3-4209-ae44-8943546843fc",1,1,,"method[0]=park"
"nMuPfFBhXptn5GrRBgFe","מקבילים על מוט",1,"home","home","","","","",,,1,"method[0]=park"
"nNc7TeLC8LtaVQJeK4Tf","כפיפות ברכים בפלאנק על trx",0,"park","park","","","","",,,1,"method[1]=home"
"nNc7TeLC8LtaVQJeK4Tf","כפיפות ברכים בפלאנק על trx",1,"home","home","2055a96d-0806-4b14-a090-b44c896bd1e1","bunny","bunny","",,,,"method[1]=home"
"nNngFubkqQMjkODJmAky","נורדיק אחורי",0,"home","home","b9e18f5f-c74a-41f9-84dc-92c7bae70a07","bunny","bunny","",,,,"method[0]=home"
"nNngFubkqQMjkODJmAky","נורדיק אחורי",1,"park","park","","bunny","firebase","",1,1,,"method[0]=home"
"nNngFubkqQMjkODJmAky","נורדיק אחורי",2,"office","office","","","","",,,1,"method[0]=home"
"nSZYgU7RTLsOI8kaxpQj","מתח שכמות יד אחת עם תמיכה",0,"home","home","","","","",,,1,"(empty)"
"nSZYgU7RTLsOI8kaxpQj","מתח שכמות יד אחת עם תמיכה",1,"home","home","","","","",,,1,"(empty)"
"nSZYgU7RTLsOI8kaxpQj","מתח שכמות יד אחת עם תמיכה",2,"office","office","","","","",,,1,"(empty)"
"nSZYgU7RTLsOI8kaxpQj","מתח שכמות יד אחת עם תמיכה",3,"park","park","","bunny","firebase","",1,1,,"(empty)"
"nSZYgU7RTLsOI8kaxpQj","מתח שכמות יד אחת עם תמיכה",4,"park","park","","","","",,,1,"(empty)"
"ngkItZpohyxbqrshlVpk","סקוואט קשתים",0,"home","home","65426bb8-991f-450e-b85a-225cbe7baf34","bunny","bunny","",,,,"method[0]=home"
"ngkItZpohyxbqrshlVpk","סקוואט קשתים",1,"park","park","","bunny","firebase","b150c024-91e5-437c-a2c2-e68aa4ae2614",1,1,,"method[0]=home"
"ngkItZpohyxbqrshlVpk","סקוואט קשתים",2,"street","street","","","","",,,1,"method[0]=home"
"ngkItZpohyxbqrshlVpk","סקוואט קשתים",3,"office","office","","","","",,,1,"method[0]=home"
"niIBVtXV75LjFsWNJp0k","פשיטת מרפקים בהתנגדות גומיה",0,"park","park","","","","",,,1,"method[1]=home"
"niIBVtXV75LjFsWNJp0k","פשיטת מרפקים בהתנגדות גומיה",1,"home","home","b536e6a5-74f2-407b-91ed-aa8c5ccbad2a","bunny","bunny","",,,,"method[1]=home"
"nrPxCJYZtHAyRF6Iywry","סקוואט+לחיצת כפתיים בהתנגדות גומיה",0,"park","park","","","","",,,1,"method[1]=home"
"nrPxCJYZtHAyRF6Iywry","סקוואט+לחיצת כפתיים בהתנגדות גומיה",1,"home","home","a519a718-47ef-4ec4-b3b0-855dea3b328c","bunny","bunny","",,,,"method[1]=home"
"ntLPe0FyD3clX017E2jZ","שכיבות סמיכה אקצנרטי",0,"park","park","","bunny","firebase","4ee6a926-896f-4c9c-b6c2-89bfe8c416ea",1,1,,"method[1]=home"
"ntLPe0FyD3clX017E2jZ","שכיבות סמיכה אקצנרטי",1,"home","home","f64c0b36-b1da-4469-ac79-12ab1a7b28fa","bunny","bunny","",,,,"method[1]=home"
"ntLPe0FyD3clX017E2jZ","שכיבות סמיכה אקצנרטי",2,"street","street","","","","",,,1,"method[1]=home"
"ntLPe0FyD3clX017E2jZ","שכיבות סמיכה אקצנרטי",3,"office","office","","","","",,,1,"method[1]=home"
"nunGVGOEmOMnxiwh7jcu","סמוך קום מתחילים",0,"park","park","","","","",,,1,"method[1]=home"
"nunGVGOEmOMnxiwh7jcu","סמוך קום מתחילים",1,"home","home","4d90f267-88f9-481b-b559-f141fe00bbb1","bunny","bunny","",,,,"method[1]=home"
"o5zRmGuZsYNqMo2GWVLy","שרימפ סקוואט",0,"home","home","e090fd49-76c7-44bf-bbeb-9f6e768e520b","bunny","bunny","",,,,"method[0]=home"
"o5zRmGuZsYNqMo2GWVLy","שרימפ סקוואט",1,"park","park","","bunny","firebase","52ba0d75-f6ef-4c4c-9a2d-812e884571ad",1,1,,"method[0]=home"
"o5zRmGuZsYNqMo2GWVLy","שרימפ סקוואט",2,"street","street","","","","",,,1,"method[0]=home"
"o5zRmGuZsYNqMo2GWVLy","שרימפ סקוואט",3,"office","office","","","","",,,1,"method[0]=home"
"oFjSRmVT4jDTg3bTfoFg","מקבילים על טבעות",0,"park","park","","bunny","firebase","b650f9dc-c497-4964-b948-bdc70ebb0a5f",1,1,,"method[0]=park"
"oFjSRmVT4jDTg3bTfoFg","מקבילים על טבעות",1,"home","home","","","","",,,1,"method[0]=park"
"oFjSRmVT4jDTg3bTfoFg","מקבילים על טבעות",2,"office","office","","","","",,,1,"method[0]=park"
"oGqeJNojQ3UNv73n6mBp","חימום סיבובי אגן",0,"park","park","","","","",,,1,"method[1]=home"
"oGqeJNojQ3UNv73n6mBp","חימום סיבובי אגן",1,"home","home","db91f2aa-97a6-4fef-8a51-6771dc4b6a1d","bunny","bunny","",,,,"method[1]=home"
"oIOh1yoQtRmVb3zr3Kf9","עליית כוח בעזרת גומייה",0,"park","park","","bunny","firebase","5eeb2d9c-07a5-489e-a412-a2579100ac21",1,1,,"method[0]=park"
"oIOh1yoQtRmVb3zr3Kf9","עליית כוח בעזרת גומייה",1,"home","home","","","","",,,1,"method[0]=park"
"oIOh1yoQtRmVb3zr3Kf9","עליית כוח בעזרת גומייה",2,"gym","gym","","","","",,,1,"method[0]=park"
"oLzPZ7rQMdOUgGuVr1os","פשיטת ירך אחורית",0,"park","park","","bunny","firebase","b1d0c3e5-8a53-4dce-819b-79071ba02699",1,1,,"method[1]=home"
"oLzPZ7rQMdOUgGuVr1os","פשיטת ירך אחורית",1,"home","home","93b295bf-ca6b-460b-92dc-8212ac1d3d63","bunny","bunny","",,,,"method[1]=home"
"oLzPZ7rQMdOUgGuVr1os","פשיטת ירך אחורית",2,"office","office","","","","",,,1,"method[1]=home"
"oLzPZ7rQMdOUgGuVr1os","פשיטת ירך אחורית",3,"street","street","","","","",,,1,"method[1]=home"
"ovwmeDEgpucFfaVQGpR7","מספרים בשכיבה",0,"park","park","","","","",,,1,"method[1]=home"
"ovwmeDEgpucFfaVQGpR7","מספרים בשכיבה",1,"home","home","b1121a0a-f4e0-47d5-9a9a-c23af296f3d9","bunny","bunny","",,,,"method[1]=home"
"pEn9K4g6QMLfi80lkC6i","סקין דה קאט טאק מתקדם",0,"park","park","","bunny","firebase","",1,1,,"method[0]=park"
"pEn9K4g6QMLfi80lkC6i","סקין דה קאט טאק מתקדם",1,"home","home","","","","",,,1,"method[0]=park"
"pEn9K4g6QMLfi80lkC6i","סקין דה קאט טאק מתקדם",2,"park","park","","bunny","firebase","",1,1,,"method[0]=park"
"pJdp23bQz6WRrkiPz3H2","חתירות ב-15° עם ברכיים כפופות",0,"park","park","","bunny","firebase","03518ba6-6203-450a-9bd7-51b0a42ee58d",1,1,,"method[3]=home"
"pJdp23bQz6WRrkiPz3H2","חתירות ב-15° עם ברכיים כפופות",1,"park","park","","","firebase","",1,1,,"method[3]=home"
"pJdp23bQz6WRrkiPz3H2","חתירות ב-15° עם ברכיים כפופות",2,"park","park","","","","",,,1,"method[3]=home"
"pJdp23bQz6WRrkiPz3H2","חתירות ב-15° עם ברכיים כפופות",3,"home","home","d6c68223-2a7e-43cf-a030-106f927c45be","bunny","bunny","",,,,"method[3]=home"
"pJdp23bQz6WRrkiPz3H2","חתירות ב-15° עם ברכיים כפופות",4,"home","home","","","","",,,1,"method[3]=home"
"pJdp23bQz6WRrkiPz3H2","חתירות ב-15° עם ברכיים כפופות",5,"home","home","","","","",,,1,"method[3]=home"
"pgF5rdC4szYH0xGDoZWj","פרונט לבר בטאק מתקדם עם גומייה",0,"home","home","","","","",,,1,"(empty)"
"pgF5rdC4szYH0xGDoZWj","פרונט לבר בטאק מתקדם עם גומייה",1,"park","park","","bunny","firebase","3523d3d1-5e1e-413a-9eff-53cc3e5f3bcd",1,1,,"(empty)"
"pgF5rdC4szYH0xGDoZWj","פרונט לבר בטאק מתקדם עם גומייה",2,"home","home","","","","",,,1,"(empty)"
"pgF5rdC4szYH0xGDoZWj","פרונט לבר בטאק מתקדם עם גומייה",3,"park","park","","","","",,,1,"(empty)"
"q4o11pc4r1c7tUfCKse5","שכיבות סמיכה קשתים",0,"park","park","","bunny","firebase","bfb404aa-011e-4d7f-8a14-ded9ce135c7f",1,1,,"method[0]=park"
"q4o11pc4r1c7tUfCKse5","שכיבות סמיכה קשתים",1,"home","home","","","","",,,1,"method[0]=park"
"q4o11pc4r1c7tUfCKse5","שכיבות סמיכה קשתים",2,"street","street","","","","",,,1,"method[0]=park"
"q4o11pc4r1c7tUfCKse5","שכיבות סמיכה קשתים",3,"office","office","","","","",,,1,"method[0]=park"
"q4o11pc4r1c7tUfCKse5","שכיבות סמיכה קשתים",4,"airport","airport","","","","",,,1,"method[0]=park"
"qKejKkdy3IZhYj4CKxJ8","לאנג׳ קדמי",0,"home","home","","","","",,,1,"(empty)"
"qKejKkdy3IZhYj4CKxJ8","לאנג׳ קדמי",1,"office","office","","","","",,,1,"(empty)"
"qKejKkdy3IZhYj4CKxJ8","לאנג׳ קדמי",2,"park","park","","bunny","firebase","97266a9e-3c38-4c0b-a305-7825d01d4fa7",1,1,,"(empty)"
"qRoLtKTPXF3CJsQ9hMTg","פינגווינים",0,"park","park","","","","",,,1,"method[1]=home"
"qRoLtKTPXF3CJsQ9hMTg","פינגווינים",1,"home","home","87695dac-f72f-4c80-8a86-49021ea322f0","bunny","bunny","",,,,"method[1]=home"
"qhIpGmdbCe3uv5bKRPQK","מספריים אופקיים בשכיבה",0,"park","park","","","","",,,1,"method[1]=home"
"qhIpGmdbCe3uv5bKRPQK","מספריים אופקיים בשכיבה",1,"home","home","d398be5b-c6bd-4df9-a845-840c416ccf8d","bunny","bunny","",,,,"method[1]=home"
"qnSex7AN2TXhTiytUXX8","דרגון פלאג בטאק מתקדם",0,"park","park","","bunny","firebase","",1,1,,"method[0]=park"
"qnSex7AN2TXhTiytUXX8","דרגון פלאג בטאק מתקדם",1,"home","home","","","","",,,1,"method[0]=park"
"qnSex7AN2TXhTiytUXX8","דרגון פלאג בטאק מתקדם",2,"gym","gym","","","","",,,1,"method[0]=park"
"qnSex7AN2TXhTiytUXX8","דרגון פלאג בטאק מתקדם",3,"airport","airport","","","","",,,1,"method[0]=park"
"r6F53Wm92MuJiDRQsEdp","הרמות פרונט לבר בטאק",0,"home","home","","","","",,,1,"(empty)"
"r6F53Wm92MuJiDRQsEdp","הרמות פרונט לבר בטאק",1,"park","park","","bunny","firebase","bad5212f-458a-435c-9973-abbe8623f1bd",1,1,,"(empty)"
"r6F53Wm92MuJiDRQsEdp","הרמות פרונט לבר בטאק",2,"home","home","","","","",,,1,"(empty)"
"r6F53Wm92MuJiDRQsEdp","הרמות פרונט לבר בטאק",3,"park","park","","","","",,,1,"(empty)"
"rUIkmXn3wSpWdt3QbZ2C","החזקת חתירה ב-90° מעלות במרפק",0,"park","park","","bunny","firebase","903e0f8e-bc36-4ce6-bd1b-cf1ad5878a77",1,1,,"method[0]=park"
"rUIkmXn3wSpWdt3QbZ2C","החזקת חתירה ב-90° מעלות במרפק",1,"park","park","","","firebase","",1,1,,"method[0]=park"
"rUIkmXn3wSpWdt3QbZ2C","החזקת חתירה ב-90° מעלות במרפק",2,"park","park","","","firebase","",1,1,,"method[0]=park"
"rUIkmXn3wSpWdt3QbZ2C","החזקת חתירה ב-90° מעלות במרפק",3,"park","park","","","","",,,1,"method[0]=park"
"rUIkmXn3wSpWdt3QbZ2C","החזקת חתירה ב-90° מעלות במרפק",4,"home","home","","","","",,,1,"method[0]=park"
"rUIkmXn3wSpWdt3QbZ2C","החזקת חתירה ב-90° מעלות במרפק",5,"home","home","","","","",,,1,"method[0]=park"
"rUIkmXn3wSpWdt3QbZ2C","החזקת חתירה ב-90° מעלות במרפק",6,"home","home","","","","",,,1,"method[0]=park"
"rjZ61De9VjHeFUu44pwL","הרמות פרונט לבר בפישוק",0,"home","home","","","","",,,1,"(empty)"
"rjZ61De9VjHeFUu44pwL","הרמות פרונט לבר בפישוק",1,"park","park","","bunny","firebase","",1,1,,"(empty)"
"rjZ61De9VjHeFUu44pwL","הרמות פרונט לבר בפישוק",2,"home","home","","","","",,,1,"(empty)"
"rjZ61De9VjHeFUu44pwL","הרמות פרונט לבר בפישוק",3,"park","park","","","","",,,1,"(empty)"
"rrqnDaeeVW1j1sdva2Wj","פרפר רצועות ב-45°",0,"park","park","","bunny","firebase","",1,1,,"method[1]=home"
"rrqnDaeeVW1j1sdva2Wj","פרפר רצועות ב-45°",1,"home","home","e6001b2c-02d4-4cbf-9c94-cc09e4a92f8f","bunny","bunny","",,,,"method[1]=home"
"rrqnDaeeVW1j1sdva2Wj","פרפר רצועות ב-45°",2,"home","home","46f4de4e-85a8-4d5f-a357-5ce3f14b5ef9","bunny","bunny","",,,,"method[1]=home"
"rzu4LvBRjd2qOH5bvIZm","שכיבות סמיכה ב-75°",0,"park","park","","bunny","firebase","c9c425f6-b892-465e-ab33-4fe1f4c394a0",1,1,,"method[1]=home"
"rzu4LvBRjd2qOH5bvIZm","שכיבות סמיכה ב-75°",1,"home","home","cefedcc0-0730-47fa-ac82-e5f0a9eb34aa","bunny","bunny","",,,,"method[1]=home"
"rzu4LvBRjd2qOH5bvIZm","שכיבות סמיכה ב-75°",2,"office","office","","bunny","firebase","",1,1,,"method[1]=home"
"s0NCgFV5Lqapbe5ceJwy","סיבוב חיצוני של הכתף",0,"park","park","","","","",,,1,"method[1]=home"
"s0NCgFV5Lqapbe5ceJwy","סיבוב חיצוני של הכתף",1,"home","home","2e84d2ca-4da4-4ddc-bc28-b3ea31a0beae","bunny","bunny","",,,,"method[1]=home"
"s3kFyaLCqNnyvbAs8QdA","דדליפט רומני על הגבהה",0,"park","park","","bunny","firebase","",1,1,,"method[0]=park"
"s3kFyaLCqNnyvbAs8QdA","דדליפט רומני על הגבהה",1,"park","park","","bunny","firebase","",1,1,,"method[0]=park"
"s3kFyaLCqNnyvbAs8QdA","דדליפט רומני על הגבהה",2,"home","home","","","firebase","",1,1,,"method[0]=park"
"s3kFyaLCqNnyvbAs8QdA","דדליפט רומני על הגבהה",3,"office","office","","","firebase","",1,1,,"method[0]=park"
"s8Vik8xmESBfh6HTGmXx","מתח אקצנטרי עם תמיכה",0,"park","park","","bunny","firebase","511e55d4-e689-43d3-ac9b-08ca753641be",1,1,,"method[2]=home"
"s8Vik8xmESBfh6HTGmXx","מתח אקצנטרי עם תמיכה",1,"park","park","","","","",,,1,"method[2]=home"
"s8Vik8xmESBfh6HTGmXx","מתח אקצנטרי עם תמיכה",2,"home","home","03d5d2ca-669b-4a8f-9afd-3125c541bc8d","bunny","bunny","",,,,"method[2]=home"
"s8Vik8xmESBfh6HTGmXx","מתח אקצנטרי עם תמיכה",3,"home","home","","","","",,,1,"method[2]=home"
"s9wsh3t7hrr49oxJK6uI","פרונט לבר בטאק מתקדם",0,"home","home","","","","",,,1,"(empty)"
"s9wsh3t7hrr49oxJK6uI","פרונט לבר בטאק מתקדם",1,"park","park","","bunny","firebase","8f0b326f-eac5-4189-a48f-0d767933db2a",1,1,,"(empty)"
"s9wsh3t7hrr49oxJK6uI","פרונט לבר בטאק מתקדם",2,"home","home","","","","",,,1,"(empty)"
"s9wsh3t7hrr49oxJK6uI","פרונט לבר בטאק מתקדם",3,"park","park","","","","",,,1,"(empty)"
"sPASfuHeE1eAFQgHrE5z","מתח",0,"park","park","","bunny","firebase","93870886-790b-4f6c-a573-5a9a0b39e7ea",1,1,,"method[2]=home"
"sPASfuHeE1eAFQgHrE5z","מתח",1,"park","park","","","","",,,1,"method[2]=home"
"sPASfuHeE1eAFQgHrE5z","מתח",2,"home","home","c5304f9e-26e4-4aaf-b5d9-29bda9673ba3","bunny","bunny","",,,,"method[2]=home"
"sPASfuHeE1eAFQgHrE5z","מתח",3,"home","home","93b57964-278c-4c96-b2bb-8af3fa20b43b","bunny","bunny","",,,,"method[2]=home"
"sPASfuHeE1eAFQgHrE5z","מתח",4,"office","office","","","","",,,1,"method[2]=home"
"sRdzCXh4FS0CChDzHEX2","כפיפת נורדיק",0,"park","park","","bunny","firebase","0d67be24-7183-43f2-938c-38e64bd91c84",1,1,,"method[0]=park"
"sRdzCXh4FS0CChDzHEX2","כפיפת נורדיק",1,"home","home","","","","",,,1,"method[0]=park"
"saxsXI4s9c1a4CAvi8H0","החזקת תמיכה על טבעות",0,"park","park","","bunny","firebase","b3ea81ab-26ad-42cd-89eb-a3e37826926a",1,1,,"method[0]=park"
"saxsXI4s9c1a4CAvi8H0","החזקת תמיכה על טבעות",1,"home","home","","","","",,,1,"method[0]=park"
"sgjfCmExjbU1CTmSxoMu","סקוואט וכפיפת ברך לחזה",0,"park","park","","","","",,,1,"method[1]=home"
"sgjfCmExjbU1CTmSxoMu","סקוואט וכפיפת ברך לחזה",1,"home","home","0aefd30b-9b16-4371-b73b-ee04ce2dfbe7","bunny","bunny","",,,,"method[1]=home"
"sgmx86BRQqbUm0RpXBQM","היפ טראסט מוגבה רגל אחת",0,"home","home","a8da46bc-859d-4583-9188-0224d5023598","bunny","bunny","",,,,"method[0]=home"
"sgmx86BRQqbUm0RpXBQM","היפ טראסט מוגבה רגל אחת",1,"office","office","","","","",,,1,"method[0]=home"
"sgmx86BRQqbUm0RpXBQM","היפ טראסט מוגבה רגל אחת",2,"street","street","","","","",,,1,"method[0]=home"
"sgmx86BRQqbUm0RpXBQM","היפ טראסט מוגבה רגל אחת",3,"park","park","","bunny","firebase","",1,1,,"method[0]=home"
"sgrEdIolfxaRCgz8Oqyp","עותק של פיסטול סקוואט שלילי שמאל",0,"park","park","","","","",,,1,"method[1]=home"
"sgrEdIolfxaRCgz8Oqyp","עותק של פיסטול סקוואט שלילי שמאל",1,"home","home","a7a6b026-1bd4-4557-b13a-8fba2fb8291d","bunny","bunny","",,,,"method[1]=home"
"t3J7gdxcnsVPVi3QGDmH","כפיפת נורדיק בעזרת גומייה",0,"park","park","","bunny","firebase","b7e0a605-debc-475a-ba8d-b432cb915170",1,1,,"method[0]=park"
"t3J7gdxcnsVPVi3QGDmH","כפיפת נורדיק בעזרת גומייה",1,"home","home","","","","",,,1,"method[0]=park"
"tWZ1PnXwUFZKOZFqvyp9","מטפס הרים",0,"park","park","","","","",,,1,"method[1]=home"
"tWZ1PnXwUFZKOZFqvyp9","מטפס הרים",1,"home","home","db1f3a55-16c4-422e-890e-b2915c7f744f","bunny","bunny","",,,,"method[1]=home"
"tXXikNYiAIcK3yPgybF1","עליות רגליים בשכיבה",0,"park","park","","","","",,,1,"method[1]=home"
"tXXikNYiAIcK3yPgybF1","עליות רגליים בשכיבה",1,"home","home","c39c5587-d8d5-4890-8e60-7c46bcff601d","bunny","bunny","",,,,"method[1]=home"
"tdwkQuP5IeaId31mengH","פיסטול סקוואט מוגבה טווח חלקי",0,"home","home","2fbbcf7f-7b02-4ee5-95ae-4e39c99b7d77","bunny","bunny","",,,,"method[0]=home"
"tdwkQuP5IeaId31mengH","פיסטול סקוואט מוגבה טווח חלקי",1,"park","park","","bunny","firebase","",1,1,,"method[0]=home"
"tdwkQuP5IeaId31mengH","פיסטול סקוואט מוגבה טווח חלקי",2,"street","street","","","","",,,1,"method[0]=home"
"tdwkQuP5IeaId31mengH","פיסטול סקוואט מוגבה טווח חלקי",3,"office","office","","","","",,,1,"method[0]=home"
"tk7WiobxvhIGxqcpU2ab","מקבילים על טבעות בעזרת גומיה דקה",0,"park","park","","bunny","firebase","6d6f3868-daeb-4176-92cf-04d9acd3ccfd",1,1,,"method[0]=park"
"tk7WiobxvhIGxqcpU2ab","מקבילים על טבעות בעזרת גומיה דקה",1,"home","home","","","","",,,1,"method[0]=park"
"tk7WiobxvhIGxqcpU2ab","מקבילים על טבעות בעזרת גומיה דקה",2,"office","office","","","","",,,1,"method[0]=park"
"tnblRsRC1YpVT2n4lLXd","שכיבות סמיכה רצועות ב-45°",0,"park","park","","bunny","firebase","",1,1,,"method[1]=home"
"tnblRsRC1YpVT2n4lLXd","שכיבות סמיכה רצועות ב-45°",1,"home","home","fc29bd91-402e-48ba-ae04-1377305065fd","bunny","bunny","",,,,"method[1]=home"
"tnblRsRC1YpVT2n4lLXd","שכיבות סמיכה רצועות ב-45°",2,"home","home","4c403190-5913-453a-a5b4-a1f5768dd550","bunny","bunny","",,,,"method[1]=home"
"tqu4x2f4Zb8FUeokI0aL","החזקת מקבילים",0,"park","park","","bunny","firebase","eeacef7a-8e0e-4372-81be-3b440ef0dcdc",1,1,,"method[1]=home"
"tqu4x2f4Zb8FUeokI0aL","החזקת מקבילים",1,"home","home","c2c5fa35-e85b-428f-9eaf-08d58359899e","bunny","bunny","",,,,"method[1]=home"
"tqu4x2f4Zb8FUeokI0aL","החזקת מקבילים",2,"home","home","","","","",,,1,"method[1]=home"
"uDGKZMVzOIoGAhSurvzR","החזקת מתח ב-120° עם תמיכה",0,"park","park","","bunny","firebase","",1,1,,"method[1]=home"
"uDGKZMVzOIoGAhSurvzR","החזקת מתח ב-120° עם תמיכה",1,"home","home","1155fdde-bcad-49a2-8b16-e824d4ced553","bunny","bunny","",,,,"method[1]=home"
"uDGKZMVzOIoGAhSurvzR","החזקת מתח ב-120° עם תמיכה",2,"home","home","","","","",,,1,"method[1]=home"
"uDGKZMVzOIoGAhSurvzR","החזקת מתח ב-120° עם תמיכה",3,"office","office","","","","",,,1,"method[1]=home"
"uPBc9pfM6jOLg5LwuShN","סקוואט קפיצה",0,"home","home","57d8348b-3788-4dd1-880a-8b06328b7692","bunny","bunny","",,,,"method[0]=home"
"uPBc9pfM6jOLg5LwuShN","סקוואט קפיצה",1,"office","office","","","","",,,1,"method[0]=home"
"uPBc9pfM6jOLg5LwuShN","סקוואט קפיצה",2,"park","park","","bunny","firebase","68513ba7-6aa8-4a6e-b717-d136843340f8",1,1,,"method[0]=home"
"uPBc9pfM6jOLg5LwuShN","סקוואט קפיצה",3,"street","street","","","","",,,1,"method[0]=home"
"uRelXXhk4iDsccOxuTsj","קראנץ",0,"park","park","","","","",,,1,"method[1]=home"
"uRelXXhk4iDsccOxuTsj","קראנץ",1,"home","home","e9b9e6de-06a6-4d16-ba91-f0e08c0977b2","bunny","bunny","",,,,"method[1]=home"
"utqS1uxJEWc2CrkW9ONb","דרגון סקוואט",0,"home","home","","","","",,,1,"(empty)"
"utqS1uxJEWc2CrkW9ONb","דרגון סקוואט",1,"park","park","","bunny","firebase","",1,1,,"(empty)"
"utqS1uxJEWc2CrkW9ONb","דרגון סקוואט",2,"street","street","","","","",,,1,"(empty)"
"utqS1uxJEWc2CrkW9ONb","דרגון סקוואט",3,"office","office","","","","",,,1,"(empty)"
"uujJWUGNVRx0G2GEr9S3","הרחקת כתף ימין",0,"park","park","","","","",,,1,"method[1]=home"
"uujJWUGNVRx0G2GEr9S3","הרחקת כתף ימין",1,"home","home","0f0f2e0d-6020-4415-a193-b8711a5f94e7","bunny","bunny","",,,,"method[1]=home"
"uw9RwLsBYD9P1Hrw7jN7","החזקת פיסטול סקוואט",0,"home","home","2d586b24-1c8a-4a07-bef1-1e3e11f3f678","bunny","bunny","",,,,"method[0]=home"
"uw9RwLsBYD9P1Hrw7jN7","החזקת פיסטול סקוואט",1,"park","park","","bunny","firebase","0719cbe6-1e50-4c49-ab48-a605994acb64",1,1,,"method[0]=home"
"uw9RwLsBYD9P1Hrw7jN7","החזקת פיסטול סקוואט",2,"street","street","","","","",,,1,"method[0]=home"
"uw9RwLsBYD9P1Hrw7jN7","החזקת פיסטול סקוואט",3,"office","office","","","","",,,1,"method[0]=home"
"v6DZcJA4vW0tjZTA0bUU","הליכות דוב",0,"park","park","","","","",,,1,"method[1]=home"
"v6DZcJA4vW0tjZTA0bUU","הליכות דוב",1,"home","home","18ca2320-6420-431a-b6c0-73c842c0df8c","bunny","bunny","",,,,"method[1]=home"
"vUt6DeXfFk9zvRO5IQza","פולי עליון על הריצפה עם מגבת",0,"park","park","","","","",,,1,"method[1]=home"
"vUt6DeXfFk9zvRO5IQza","פולי עליון על הריצפה עם מגבת",1,"home","home","e6b8929b-7136-4b4c-8938-910105e2bc3c","bunny","bunny","",,,,"method[1]=home"
"vVTTFbDP1LffViDAQfHn","כפיפת ירך על הגבהה",0,"park","park","","bunny","firebase","22c7854d-0b69-4d32-b615-dc6afeacd7a3",1,1,,"method[2]=home"
"vVTTFbDP1LffViDAQfHn","כפיפת ירך על הגבהה",1,"office","office","","","","",,,1,"method[2]=home"
"vVTTFbDP1LffViDAQfHn","כפיפת ירך על הגבהה",2,"home","home","edec7b94-6b5e-4cf6-b2be-fb8058219fc8","bunny","bunny","",,,,"method[2]=home"
"vVTTFbDP1LffViDAQfHn","כפיפת ירך על הגבהה",3,"street","street","","","","",,,1,"method[2]=home"
"vdsST9Joc5fpZzCgpDbq","פרונט לבר בטאק",0,"home","home","","","","",,,1,"(empty)"
"vdsST9Joc5fpZzCgpDbq","פרונט לבר בטאק",1,"park","park","","bunny","firebase","17d5c4e9-c6ce-4a01-b876-b5c79cd34967",1,1,,"(empty)"
"vdsST9Joc5fpZzCgpDbq","פרונט לבר בטאק",2,"home","home","","","","",,,1,"(empty)"
"vdsST9Joc5fpZzCgpDbq","פרונט לבר בטאק",3,"park","park","","","","",,,1,"(empty)"
"vidg1p5HPoqaVjccqUo4","מתח רחב",0,"park","park","","bunny","firebase","",1,1,,"method[2]=home"
"vidg1p5HPoqaVjccqUo4","מתח רחב",1,"park","park","","","","",,,1,"method[2]=home"
"vidg1p5HPoqaVjccqUo4","מתח רחב",2,"home","home","9c272222-ed3e-43e6-acd2-4b895953e845","bunny","bunny","",,,,"method[2]=home"
"vidg1p5HPoqaVjccqUo4","מתח רחב",3,"home","home","","","","",,,1,"method[2]=home"
"vidg1p5HPoqaVjccqUo4","מתח רחב",4,"office","office","","","","",,,1,"method[2]=home"
"w2uCZ8u7q5i09EFxzOCB","שכיבות סמיכה ב-60°",0,"park","park","","bunny","firebase","9302eca3-7bb3-45b5-b56a-3123783cb2c3",1,1,,"method[0]=park"
"w2uCZ8u7q5i09EFxzOCB","שכיבות סמיכה ב-60°",1,"park","park","","bunny","firebase","",1,1,,"method[0]=park"
"w2uCZ8u7q5i09EFxzOCB","שכיבות סמיכה ב-60°",2,"home","home","","","firebase","",1,1,,"method[0]=park"
"w2uCZ8u7q5i09EFxzOCB","שכיבות סמיכה ב-60°",3,"office","office","","bunny","firebase","",1,1,,"method[0]=park"
"wBv3BWfJD0S9sSUnI1Ay","עליות l בתלייה",0,"park","park","","","","",,,1,"method[1]=home"
"wBv3BWfJD0S9sSUnI1Ay","עליות l בתלייה",1,"home","home","a3d1b6cf-5d30-4354-b419-e00670f436e8","bunny","bunny","",,,,"method[1]=home"
"wDUc5pDs5ufm3B5a0MqY","כפיפות ברכיים בתלייה אלכסונים",0,"park","park","","","","",,,1,"method[1]=home"
"wDUc5pDs5ufm3B5a0MqY","כפיפות ברכיים בתלייה אלכסונים",1,"home","home","dcb6710b-f51b-4bb1-bf1d-45e1a026a698","bunny","bunny","",,,,"method[1]=home"
"wIr3N5DkO5epyd52sO2v","סומו סקוואט",0,"home","home","0c290f96-b9d6-4612-880f-b67a27d02a6b","bunny","bunny","",,,,"method[0]=home"
"wIr3N5DkO5epyd52sO2v","סומו סקוואט",1,"street","street","","","","",,,1,"method[0]=home"
"wIr3N5DkO5epyd52sO2v","סומו סקוואט",2,"office","office","","","","",,,1,"method[0]=home"
"wIr3N5DkO5epyd52sO2v","סומו סקוואט",3,"park","park","","bunny","firebase","f195c003-f867-4e63-921d-66e7679b6659",1,1,,"method[0]=home"
"wKGGFlDiIZDukG4MVoHD","החזקת מתח ב-120°",0,"park","park","","bunny","firebase","9ebd5c15-d347-4b6a-ae69-4d80b53a3926",1,1,,"method[0]=park"
"wKGGFlDiIZDukG4MVoHD","החזקת מתח ב-120°",1,"park","park","","","","",,,1,"method[0]=park"
"wKGGFlDiIZDukG4MVoHD","החזקת מתח ב-120°",2,"home","home","","","","",,,1,"method[0]=park"
"wKGGFlDiIZDukG4MVoHD","החזקת מתח ב-120°",3,"home","home","","","","",,,1,"method[0]=park"
"wKGGFlDiIZDukG4MVoHD","החזקת מתח ב-120°",4,"office","office","","","","",,,1,"method[0]=park"
"wL1vJsWuey9JFRnJMcBC","עליית כוח על טבעות בעזרת גומייה",0,"park","park","","bunny","firebase","",1,1,,"method[0]=park"
"wL1vJsWuey9JFRnJMcBC","עליית כוח על טבעות בעזרת גומייה",1,"home","home","","","","",,,1,"method[0]=park"
"wQ6ocm6HRKtQ7CFpZI6A","שכיבות סמיכה פייק גובה שוק",0,"park","park","","bunny","firebase","1c7b13a6-aae9-4ed4-828d-7607d4f699f8",1,1,,"method[0]=park"
"wQ6ocm6HRKtQ7CFpZI6A","שכיבות סמיכה פייק גובה שוק",1,"home","home","","","","",,,1,"method[0]=park"
"wQ6ocm6HRKtQ7CFpZI6A","שכיבות סמיכה פייק גובה שוק",2,"office","office","","","","",,,1,"method[0]=park"
"wQ6ocm6HRKtQ7CFpZI6A","שכיבות סמיכה פייק גובה שוק",3,"street","street","","","","",,,1,"method[0]=park"
"wYsAsYROBOsZfwm0GcKX","שכיבות סמיכה רחבות",0,"park","park","","bunny","firebase","",1,1,,"method[1]=home"
"wYsAsYROBOsZfwm0GcKX","שכיבות סמיכה רחבות",1,"home","home","12c81bac-a42c-458e-9ef9-f2d380b35c04","bunny","bunny","",,,,"method[1]=home"
"wYsAsYROBOsZfwm0GcKX","שכיבות סמיכה רחבות",2,"street","street","","","","",,,1,"method[1]=home"
"wYsAsYROBOsZfwm0GcKX","שכיבות סמיכה רחבות",3,"office","office","","","","",,,1,"method[1]=home"
"wYsAsYROBOsZfwm0GcKX","שכיבות סמיכה רחבות",4,"airport","airport","","","","",,,1,"method[1]=home"
"wfgHCel9MyopaIXRQS8D","עליות תאומים על מדרגה",0,"park","park","","","","",,,1,"method[1]=home"
"wfgHCel9MyopaIXRQS8D","עליות תאומים על מדרגה",1,"home","home","a9e8ba77-b209-4944-8a88-fecda4180797","bunny","bunny","",,,,"method[1]=home"
"wjYoZK3nvf3volQSdkdD","סקוואט טווח חלקי",0,"home","home","","","","",,,1,"(empty)"
"wjYoZK3nvf3volQSdkdD","סקוואט טווח חלקי",1,"office","office","","","","",,,1,"(empty)"
"wjYoZK3nvf3volQSdkdD","סקוואט טווח חלקי",2,"park","park","","bunny","firebase","",1,1,,"(empty)"
"wjYoZK3nvf3volQSdkdD","סקוואט טווח חלקי",3,"street","street","","","firebase","",1,1,,"(empty)"
"wuaexRDa8zO0BVJTGZzR","שכיבות סמיכה פלאנץ׳ טאק",0,"home","home","","","","",,,1,"(empty)"
"wuaexRDa8zO0BVJTGZzR","שכיבות סמיכה פלאנץ׳ טאק",1,"park","park","","bunny","firebase","",1,1,,"(empty)"
"wuaexRDa8zO0BVJTGZzR","שכיבות סמיכה פלאנץ׳ טאק",2,"street","street","","","","",,,1,"(empty)"
"wuaexRDa8zO0BVJTGZzR","שכיבות סמיכה פלאנץ׳ טאק",3,"office","office","","","","",,,1,"(empty)"
"wuaexRDa8zO0BVJTGZzR","שכיבות סמיכה פלאנץ׳ טאק",4,"airport","airport","","","","",,,1,"(empty)"
"wv8E2f5tcgx3A5nHaUbg","תלייה מספרים",0,"park","park","","","","",,,1,"method[1]=home"
"wv8E2f5tcgx3A5nHaUbg","תלייה מספרים",1,"home","home","73c63504-88cb-43ec-8571-32a9c653a693","bunny","bunny","",,,,"method[1]=home"
"wwF4gZrprMN6mcfJWKT9","סקוואט קשתים מוגבה",0,"home","home","8987bf79-231b-4f79-8d79-a67b83e62ca1","bunny","bunny","",,,,"method[0]=home"
"wwF4gZrprMN6mcfJWKT9","סקוואט קשתים מוגבה",1,"park","park","","bunny","firebase","44fc328a-66b9-446a-85ba-5816a1078774",1,1,,"method[0]=home"
"wwF4gZrprMN6mcfJWKT9","סקוואט קשתים מוגבה",2,"street","street","","","","",,,1,"method[0]=home"
"wwF4gZrprMN6mcfJWKT9","סקוואט קשתים מוגבה",3,"office","office","","","","",,,1,"method[0]=home"
"x7nwPNg3YbxnFLvvLLp2","חימום פשיטה וכפיפת עמוד השדרה",0,"park","park","","","","",,,1,"method[1]=home"
"x7nwPNg3YbxnFLvvLLp2","חימום פשיטה וכפיפת עמוד השדרה",1,"home","home","26526a7a-1d92-49de-8a9b-8b42ba60dcf1","bunny","bunny","",,,,"method[1]=home"
"xAkMGXWV55BfE3oVS2K0","עליית מדרגה גובה קרסול",0,"home","home","58485a28-4a69-46f7-9030-112acca06a0f","bunny","bunny","",,,,"method[0]=home"
"xAkMGXWV55BfE3oVS2K0","עליית מדרגה גובה קרסול",1,"office","office","","","","",,,1,"method[0]=home"
"xAkMGXWV55BfE3oVS2K0","עליית מדרגה גובה קרסול",2,"park","park","","bunny","firebase","7a4c587f-6fcb-4579-8c02-d0a89e67ec25",1,1,,"method[0]=home"
"xAkMGXWV55BfE3oVS2K0","עליית מדרגה גובה קרסול",3,"street","street","","bunny","firebase","",1,1,,"method[0]=home"
"xDcrnqdzgPVeoDcDBoxc","חתירות קשתים ב-30°",0,"park","park","","","","",,,1,"firebase:492e9c51"
"xDcrnqdzgPVeoDcDBoxc","חתירות קשתים ב-30°",1,"park","park","","bunny","firebase","42b96a2d-0ac6-459f-93bd-afa1c9742188",1,1,,"firebase:492e9c51"
"xDcrnqdzgPVeoDcDBoxc","חתירות קשתים ב-30°",2,"park","park","","bunny","firebase","",1,1,,"firebase:492e9c51"
"xDcrnqdzgPVeoDcDBoxc","חתירות קשתים ב-30°",3,"home","home","","","","",,,1,"firebase:492e9c51"
"xDcrnqdzgPVeoDcDBoxc","חתירות קשתים ב-30°",4,"home","home","","","","",,,1,"firebase:492e9c51"
"xDcrnqdzgPVeoDcDBoxc","חתירות קשתים ב-30°",5,"home","home","","","","",,,1,"firebase:492e9c51"
"xNeEudyiKRcylBmrjGcl","פשיטת מרפקים על הרצפה",0,"home","home","0cdca5ee-0f95-4afe-990d-af73056056d1","bunny","bunny","",,,,"method[0]=home"
"xNeEudyiKRcylBmrjGcl","פשיטת מרפקים על הרצפה",1,"office","office","","","","",,,1,"method[0]=home"
"xNeEudyiKRcylBmrjGcl","פשיטת מרפקים על הרצפה",2,"park","park","","bunny","firebase","1c68b1fb-378e-4445-97c5-0dd82fd59c93",1,1,,"method[0]=home"
"xeo8dpAwk2pNe0IuokLk","שכיבות סמיכה על טבעות 75",0,"park","park","","","","",,,1,"method[1]=home"
"xeo8dpAwk2pNe0IuokLk","שכיבות סמיכה על טבעות 75",1,"home","home","aec035ff-90b9-4b6a-a273-9de9bf096f73","bunny","bunny","",,,,"method[1]=home"
"ycvdr08dAy8xr1p5COyy","דגל בטאק",0,"park","park","","bunny","firebase","",1,1,,"method[0]=park"
"ycvdr08dAy8xr1p5COyy","דגל בטאק",1,"gym","gym","","","","",,,1,"method[0]=park"
"ydKO9Yw0MaV10p2bz003","הרמות תאומים טווח מלא",0,"home","home","","","","",,,1,"(empty)"
"ydKO9Yw0MaV10p2bz003","הרמות תאומים טווח מלא",1,"office","office","","","","",,,1,"(empty)"
"ydKO9Yw0MaV10p2bz003","הרמות תאומים טווח מלא",2,"park","park","","bunny","firebase","",1,1,,"(empty)"
"ygLX09TirHMb4EW0Gn6s","שכיבות סמיכה פסודו פלאנץ׳",0,"home","home","","","","",,,1,"(empty)"
"ygLX09TirHMb4EW0Gn6s","שכיבות סמיכה פסודו פלאנץ׳",1,"park","park","","bunny","firebase","",1,1,,"(empty)"
"ygLX09TirHMb4EW0Gn6s","שכיבות סמיכה פסודו פלאנץ׳",2,"street","street","","","","",,,1,"(empty)"
"ygLX09TirHMb4EW0Gn6s","שכיבות סמיכה פסודו פלאנץ׳",3,"office","office","","","","",,,1,"(empty)"
"ygLX09TirHMb4EW0Gn6s","שכיבות סמיכה פסודו פלאנץ׳",4,"airport","airport","","","","",,,1,"(empty)"
"yqOBxqITC8gc44CG5IXE","עמידת פייק גובה אגן",0,"park","park","","","","",,,1,"firebase:64bd469b"
"yqOBxqITC8gc44CG5IXE","עמידת פייק גובה אגן",1,"home","home","","","","",,,1,"firebase:64bd469b"
"yqOBxqITC8gc44CG5IXE","עמידת פייק גובה אגן",2,"office","office","","","","",,,1,"firebase:64bd469b"
"yqOBxqITC8gc44CG5IXE","עמידת פייק גובה אגן",3,"street","street","","","","",,,1,"firebase:64bd469b"
"yt4SZR62igNtPJqo1Tah","מתח אוסטרלי ב-60° מעלות",0,"park","park","","bunny","firebase","",1,1,,"method[0]=park"
"zOl1jxCkmI36QwSzMDKF","עליות מספרים בשכיבה",0,"park","park","","","","",,,1,"method[1]=home"
"zOl1jxCkmI36QwSzMDKF","עליות מספרים בשכיבה",1,"home","home","38e0da2d-3bc3-482f-8c0a-be5906b7d842","bunny","bunny","",,,,"method[1]=home"
"zXXMkiGHRGQH66J09OYs","סקוואט סטטי כנגד קיר",0,"park","park","","","","",,,1,"method[1]=home"
"zXXMkiGHRGQH66J09OYs","סקוואט סטטי כנגד קיר",1,"home","home","d78c50ce-74fd-4ba4-850e-f29459dbaaa7","bunny","bunny","",,,,"method[1]=home"