[     604ms] [WARNING] [2026-09-01T07:38:02.419Z]  @firebase/auth: Auth (12.6.0): Error while retrieving App Check token: FirebaseError: AppCheck: ReCAPTCHA error. (appCheck/recaptcha-error). @ https://outrun.co.il/_next/static/chunks/2532-16f59635ee5a761a.js:14
[    1054ms] [WARNING] [2026-09-01T07:38:02.868Z]  @firebase/auth: Auth (12.6.0): Error while retrieving App Check token: FirebaseError: AppCheck: ReCAPTCHA error. (appCheck/recaptcha-error). @ https://outrun.co.il/_next/static/chunks/2532-16f59635ee5a761a.js:14
[    1054ms] [WARNING] [2026-09-01T07:38:02.869Z]  @firebase/auth: Auth (12.6.0): Error while retrieving App Check token: FirebaseError: AppCheck: ReCAPTCHA error. (appCheck/recaptcha-error). @ https://outrun.co.il/_next/static/chunks/2532-16f59635ee5a761a.js:14
[    1864ms] [LOG] [getAuthoritiesByManager] Super Admin — returning all 79 top-level authorities @ https://outrun.co.il/_next/static/chunks/7034-7cd1955270212085.js:0
[    2532ms] [LOG] [getAuthoritiesByManager] Super Admin — returning all 79 top-level authorities @ https://outrun.co.il/_next/static/chunks/7034-7cd1955270212085.js:0
[    2864ms] [LOG] [getAuthoritiesByManager] Super Admin — returning all 79 top-level authorities @ https://outrun.co.il/_next/static/chunks/7034-7cd1955270212085.js:0
[    3898ms] [LOG] [getAuthoritiesByManager] Super Admin — returning all 79 top-level authorities @ https://outrun.co.il/_next/static/chunks/7034-7cd1955270212085.js:0
[    3968ms] [LOG] [getAuthoritiesByManager] Super Admin — returning all 79 top-level authorities @ https://outrun.co.il/_next/static/chunks/7034-7cd1955270212085.js:0
[  988049ms] [WARNING] [2026-09-01T07:54:29.834Z]  @firebase/auth: Auth (12.6.0): Error while retrieving App Check token: FirebaseError: AppCheck: ReCAPTCHA error. (appCheck/recaptcha-error). @ https://outrun.co.il/_next/static/chunks/2532-16f59635ee5a761a.js:14
[ 3003312ms] [WARNING] [2026-09-01T08:28:05.126Z]  @firebase/auth: Auth (12.6.0): Error while retrieving App Check token: FirebaseError: AppCheck: ReCAPTCHA error. (appCheck/recaptcha-error). @ https://outrun.co.il/_next/static/chunks/2532-16f59635ee5a761a.js:14
[ 3302095ms] [WARNING] [2026-09-01T08:33:03.909Z]  @firebase/auth: Auth (12.6.0): Error while retrieving App Check token: FirebaseError: AppCheck: ReCAPTCHA error. (appCheck/recaptcha-error). @ https://outrun.co.il/_next/static/chunks/2532-16f59635ee5a761a.js:14
[ 4288495ms] [WARNING] [2026-09-01T08:49:30.309Z]  @firebase/auth: Auth (12.6.0): Error while retrieving App Check token: FirebaseError: AppCheck: ReCAPTCHA error. (appCheck/recaptcha-error). @ https://outrun.co.il/_next/static/chunks/2532-16f59635ee5a761a.js:14
[ 5732816ms] [ERROR] Failed to load resource: net::ERR_INTERNET_DISCONNECTED @ https://firestore.googleapis.com/google.firestore.v1.Firestore/Listen/channel?VER=8&database=projects%2Fappout-1%2Fdatabases%2F(default)&gsessionid=j0wLYEmP3Hk6ryYTSabN_Hw-9CDamxdHNRxaGVJrPrMVlDkbySIGtg&SID=-rFPAJ15vXmWPRyFO0vpyg&RID=84079&TYPE=terminate&zx=ey3mnzbw1j4x:0
[ 5732948ms] [ERROR] Failed to load resource: net::ERR_INTERNET_DISCONNECTED @ https://www.google.com/recaptcha/enterprise/clr?k=6Lf3d9UsAAAAAILBqo6A909pmhyvtYmDoxaKtfMV:0
[ 5732949ms] [ERROR] Failed to load resource: net::ERR_INTERNET_DISCONNECTED @ https://firestore.googleapis.com/google.firestore.v1.Firestore/Listen/channel?VER=8&database=projects%2Fappout-1%2Fdatabases%2F(default)&RID=42249&CVER=22&X-HTTP-Session-Id=gsessionid&zx=ycwdabme23p3&t=1:0
[ 5732950ms] [WARNING] [2026-09-01T09:13:34.764Z]  @firebase/firestore: Firestore (12.6.0): WebChannelConnection RPC 'Listen' stream 0x6e151dd4 transport errored. Name: undefined Message: undefined @ https://outrun.co.il/_next/static/chunks/2532-16f59635ee5a761a.js:14
[ 5732955ms] [ERROR] Failed to load resource: net::ERR_INTERNET_DISCONNECTED @ https://www.google.com/images/cleardot.gif?zx=piyw2lmddp3w:0
[ 5732955ms] [ERROR] Failed to load resource: net::ERR_INTERNET_DISCONNECTED @ https://www.google.com/recaptcha/enterprise/clr?k=6Lf3d9UsAAAAAILBqo6A909pmhyvtYmDoxaKtfMV:0
[ 5732974ms] [ERROR] Failed to load resource: net::ERR_INTERNET_DISCONNECTED @ https://www.google.com/recaptcha/enterprise/clr?k=6Lf3d9UsAAAAAILBqo6A909pmhyvtYmDoxaKtfMV:0
[ 5732975ms] [ERROR] Failed to load resource: net::ERR_INTERNET_DISCONNECTED @ https://firestore.googleapis.com/google.firestore.v1.Firestore/Listen/channel?VER=8&database=projects%2Fappout-1%2Fdatabases%2F(default)&RID=52679&CVER=22&X-HTTP-Session-Id=gsessionid&zx=3imxok8yrbqj&t=1:0
[ 5732975ms] [WARNING] [2026-09-01T09:13:34.790Z]  @firebase/firestore: Firestore (12.6.0): WebChannelConnection RPC 'Listen' stream 0x6e151dd5 transport errored. Name: undefined Message: undefined @ https://outrun.co.il/_next/static/chunks/2532-16f59635ee5a761a.js:14
[ 5732975ms] [ERROR] Failed to load resource: net::ERR_INTERNET_DISCONNECTED @ https://www.google.com/recaptcha/enterprise/clr?k=6Lf3d9UsAAAAAILBqo6A909pmhyvtYmDoxaKtfMV:0
[ 5732978ms] [ERROR] Failed to load resource: net::ERR_INTERNET_DISCONNECTED @ https://www.google.com/images/cleardot.gif?zx=s0fqyk9u4ajg:0
[ 5732978ms] [ERROR] Failed to load resource: net::ERR_INTERNET_DISCONNECTED @ https://www.google.com/recaptcha/enterprise/clr?k=6Lf3d9UsAAAAAILBqo6A909pmhyvtYmDoxaKtfMV:0
[ 5732980ms] [ERROR] Failed to load resource: net::ERR_INTERNET_DISCONNECTED @ https://www.google.com/recaptcha/enterprise/clr?k=6Lf3d9UsAAAAAILBqo6A909pmhyvtYmDoxaKtfMV:0
[ 5733008ms] [ERROR] Failed to load resource: net::ERR_INTERNET_DISCONNECTED @ https://www.google.com/recaptcha/enterprise/clr?k=6Lf3d9UsAAAAAILBqo6A909pmhyvtYmDoxaKtfMV:0
[ 5733010ms] [ERROR] Failed to load resource: net::ERR_INTERNET_DISCONNECTED @ https://www.google.com/recaptcha/enterprise/clr?k=6Lf3d9UsAAAAAILBqo6A909pmhyvtYmDoxaKtfMV:0
[ 5733832ms] [ERROR] Failed to load resource: net::ERR_NAME_NOT_RESOLVED @ https://firestore.googleapis.com/google.firestore.v1.Firestore/Listen/channel?VER=8&database=projects%2Fappout-1%2Fdatabases%2F(default)&RID=73837&CVER=22&X-HTTP-Session-Id=gsessionid&zx=f6usav7wbzkn&t=1:0
[ 5733832ms] [WARNING] [2026-09-01T09:13:35.646Z]  @firebase/firestore: Firestore (12.6.0): WebChannelConnection RPC 'Listen' stream 0x6e151dd6 transport errored. Name: undefined Message: undefined @ https://outrun.co.il/_next/static/chunks/2532-16f59635ee5a761a.js:14
[ 5733832ms] [ERROR] Failed to load resource: net::ERR_NAME_NOT_RESOLVED @ https://www.google.com/recaptcha/enterprise/clr?k=6Lf3d9UsAAAAAILBqo6A909pmhyvtYmDoxaKtfMV:0
[ 5746772ms] [ERROR] Failed to load resource: net::ERR_NETWORK_IO_SUSPENDED @ https://firestore.googleapis.com/google.firestore.v1.Firestore/Listen/channel?gsessionid=9osDVkrHYHrI6E8jK03F4gAuWmdHoddHHnnbzPCquYDNsDjV7vGlUA&VER=8&database=projects%2Fappout-1%2Fdatabases%2F(default)&RID=rpc&SID=1v6_AfUxG5XjWxLTD8wRQw&AID=0&CI=0&TYPE=xmlhttp&zx=osh7mmkgvbl8&t=1:0
[ 5951793ms] [ERROR] Failed to load resource: net::ERR_NETWORK_CHANGED @ https://firestore.googleapis.com/google.firestore.v1.Firestore/Listen/channel?gsessionid=9osDVkrHYHrI6E8jK03F4gAuWmdHoddHHnnbzPCquYDNsDjV7vGlUA&VER=8&database=projects%2Fappout-1%2Fdatabases%2F(default)&RID=rpc&SID=1v6_AfUxG5XjWxLTD8wRQw&AID=4&CI=0&TYPE=xmlhttp&zx=lfgvpysfe1ce&t=1:0
[ 5952173ms] [ERROR] Failed to load resource: the server responded with a status of 400 () @ https://firestore.googleapis.com/google.firestore.v1.Firestore/Listen/channel?gsessionid=9osDVkrHYHrI6E8jK03F4gAuWmdHoddHHnnbzPCquYDNsDjV7vGlUA&VER=8&database=projects%2Fappout-1%2Fdatabases%2F(default)&RID=rpc&SID=1v6_AfUxG5XjWxLTD8wRQw&AID=5&CI=0&TYPE=xmlhttp&zx=dqwplcnhgwow&t=1:0
[ 5952175ms] [WARNING] [2026-09-01T09:17:13.990Z]  @firebase/firestore: Firestore (12.6.0): WebChannelConnection RPC 'Listen' stream 0x6e151dd7 transport errored. Name: undefined Message: undefined @ https://outrun.co.il/_next/static/chunks/2532-16f59635ee5a761a.js:14
[ 6473308ms] [ERROR] Failed to load resource: net::ERR_CONNECTION_RESET @ https://firestore.googleapis.com/google.firestore.v1.Firestore/Listen/channel?gsessionid=YyRwokEax9n-qnnN3mDxl0kp9exHZwrN5b2vHXknHA-VvLLyzzurOA&VER=8&database=projects%2Fappout-1%2Fdatabases%2F(default)&RID=rpc&SID=ItCAytGzYg30Qim844FGnw&AID=7&CI=0&TYPE=xmlhttp&zx=e3cfukeov4t9&t=1:0
[ 6473884ms] [ERROR] Failed to load resource: net::ERR_NETWORK_CHANGED @ https://firestore.googleapis.com/google.firestore.v1.Firestore/Listen/channel?gsessionid=YyRwokEax9n-qnnN3mDxl0kp9exHZwrN5b2vHXknHA-VvLLyzzurOA&VER=8&database=projects%2Fappout-1%2Fdatabases%2F(default)&RID=rpc&SID=ItCAytGzYg30Qim844FGnw&AID=8&CI=0&TYPE=xmlhttp&zx=nc1m8ip9ddax&t=1:0
[ 6474118ms] [ERROR] Failed to load resource: the server responded with a status of 400 () @ https://firestore.googleapis.com/google.firestore.v1.Firestore/Listen/channel?gsessionid=YyRwokEax9n-qnnN3mDxl0kp9exHZwrN5b2vHXknHA-VvLLyzzurOA&VER=8&database=projects%2Fappout-1%2Fdatabases%2F(default)&RID=rpc&SID=ItCAytGzYg30Qim844FGnw&AID=8&CI=0&TYPE=xmlhttp&zx=sxr4reg400mj&t=2:0
[ 6474120ms] [WARNING] [2026-09-01T09:25:55.934Z]  @firebase/firestore: Firestore (12.6.0): WebChannelConnection RPC 'Listen' stream 0x6e151dd8 transport errored. Name: undefined Message: undefined @ https://outrun.co.il/_next/static/chunks/2532-16f59635ee5a761a.js:14
[ 6476534ms] [ERROR] Failed to load resource: net::ERR_NETWORK_CHANGED @ https://firestore.googleapis.com/google.firestore.v1.Firestore/Listen/channel?gsessionid=aeXi7uhNp1t4tco6FivV1BFp2KOLdKJ2o1XaUFNWWbEXAlPAQkkIXQ&VER=8&database=projects%2Fappout-1%2Fdatabases%2F(default)&RID=rpc&SID=5FzDOsI4swM-YbEMI3V6eg&AID=0&CI=0&TYPE=xmlhttp&zx=7tdkzyxyqf4w&t=1:0
[ 6699644ms] [ERROR] Failed to load resource: net::ERR_NETWORK_CHANGED @ https://firestore.googleapis.com/google.firestore.v1.Firestore/Listen/channel?gsessionid=aeXi7uhNp1t4tco6FivV1BFp2KOLdKJ2o1XaUFNWWbEXAlPAQkkIXQ&VER=8&database=projects%2Fappout-1%2Fdatabases%2F(default)&RID=rpc&SID=5FzDOsI4swM-YbEMI3V6eg&AID=5&CI=0&TYPE=xmlhttp&zx=n25yz6n4rpei&t=1:0
[ 6699920ms] [ERROR] Failed to load resource: net::ERR_NETWORK_CHANGED @ https://firestore.googleapis.com/google.firestore.v1.Firestore/Listen/channel?gsessionid=aeXi7uhNp1t4tco6FivV1BFp2KOLdKJ2o1XaUFNWWbEXAlPAQkkIXQ&VER=8&database=projects%2Fappout-1%2Fdatabases%2F(default)&RID=rpc&SID=5FzDOsI4swM-YbEMI3V6eg&AID=8&CI=0&TYPE=xmlhttp&zx=1s9o95skv8h5&t=1:0
[ 6700115ms] [ERROR] Failed to load resource: the server responded with a status of 400 () @ https://firestore.googleapis.com/google.firestore.v1.Firestore/Listen/channel?gsessionid=aeXi7uhNp1t4tco6FivV1BFp2KOLdKJ2o1XaUFNWWbEXAlPAQkkIXQ&VER=8&database=projects%2Fappout-1%2Fdatabases%2F(default)&RID=rpc&SID=5FzDOsI4swM-YbEMI3V6eg&AID=8&CI=0&TYPE=xmlhttp&zx=nby1s4geaql9&t=2:0
[ 6700117ms] [WARNING] [2026-09-01T09:29:41.931Z]  @firebase/firestore: Firestore (12.6.0): WebChannelConnection RPC 'Listen' stream 0x6e151dd9 transport errored. Name: undefined Message: undefined @ https://outrun.co.il/_next/static/chunks/2532-16f59635ee5a761a.js:14
[ 6715979ms] [ERROR] Failed to load resource: net::ERR_NETWORK_CHANGED @ https://firestore.googleapis.com/google.firestore.v1.Firestore/Listen/channel?gsessionid=C9mLymxb-LT31VGiK_SL-wGXGX74VTLTcUGHYxlHH2V_tjxjaDbeew&VER=8&database=projects%2Fappout-1%2Fdatabases%2F(default)&RID=rpc&SID=fGVepJkcrikWSfdnprZBXw&AID=0&CI=0&TYPE=xmlhttp&zx=e1il9d96r224&t=1:0
[ 6715999ms] [ERROR] Failed to load resource: net::ERR_NAME_NOT_RESOLVED @ https://firestore.googleapis.com/google.firestore.v1.Firestore/Listen/channel?gsessionid=C9mLymxb-LT31VGiK_SL-wGXGX74VTLTcUGHYxlHH2V_tjxjaDbeew&VER=8&database=projects%2Fappout-1%2Fdatabases%2F(default)&RID=rpc&SID=fGVepJkcrikWSfdnprZBXw&AID=5&CI=0&TYPE=xmlhttp&zx=gi79064ufq3s&t=1:0
[ 6716013ms] [ERROR] Failed to load resource: net::ERR_NAME_NOT_RESOLVED @ https://firestore.googleapis.com/google.firestore.v1.Firestore/Listen/channel?gsessionid=C9mLymxb-LT31VGiK_SL-wGXGX74VTLTcUGHYxlHH2V_tjxjaDbeew&VER=8&database=projects%2Fappout-1%2Fdatabases%2F(default)&RID=rpc&SID=fGVepJkcrikWSfdnprZBXw&AID=5&CI=0&TYPE=xmlhttp&zx=1hebhs4zh45u&t=2:0
[ 6727160ms] [ERROR] Failed to load resource: net::ERR_INTERNET_DISCONNECTED @ https://firestore.googleapis.com/google.firestore.v1.Firestore/Listen/channel?VER=8&database=projects%2Fappout-1%2Fdatabases%2F(default)&gsessionid=C9mLymxb-LT31VGiK_SL-wGXGX74VTLTcUGHYxlHH2V_tjxjaDbeew&SID=fGVepJkcrikWSfdnprZBXw&RID=28826&TYPE=terminate&zx=lviuh7rmdqjw:0
[ 6728094ms] [ERROR] Failed to load resource: net::ERR_INTERNET_DISCONNECTED @ https://firestore.googleapis.com/google.firestore.v1.Firestore/Listen/channel?VER=8&database=projects%2Fappout-1%2Fdatabases%2F(default)&RID=73044&CVER=22&X-HTTP-Session-Id=gsessionid&zx=ts2875wjsz2s&t=1:0
[ 6733724ms] [WARNING] [2026-09-01T09:30:15.528Z]  @firebase/firestore: Firestore (12.6.0): WebChannelConnection RPC 'Listen' stream 0x6e151ddb transport errored. Name: undefined Message: undefined @ https://outrun.co.il/_next/static/chunks/2532-16f59635ee5a761a.js:14
[ 6734011ms] [ERROR] Failed to load resource: net::ERR_INTERNET_DISCONNECTED @ https://www.google.com/images/cleardot.gif?zx=hko1vy29bq1m:0
[ 6734031ms] [ERROR] Failed to load resource: net::ERR_INTERNET_DISCONNECTED @ https://www.google.com/recaptcha/enterprise/clr?k=6Lf3d9UsAAAAAILBqo6A909pmhyvtYmDoxaKtfMV:0
[ 6734039ms] [ERROR] Failed to load resource: net::ERR_INTERNET_DISCONNECTED @ https://www.google.com/recaptcha/enterprise/clr?k=6Lf3d9UsAAAAAILBqo6A909pmhyvtYmDoxaKtfMV:0
[ 6734165ms] [ERROR] Failed to load resource: net::ERR_INTERNET_DISCONNECTED @ https://www.google.com/recaptcha/enterprise/clr?k=6Lf3d9UsAAAAAILBqo6A909pmhyvtYmDoxaKtfMV:0
[ 6734259ms] [ERROR] Failed to load resource: net::ERR_INTERNET_DISCONNECTED @ https://firestore.googleapis.com/google.firestore.v1.Firestore/Listen/channel?VER=8&database=projects%2Fappout-1%2Fdatabases%2F(default)&RID=21714&CVER=22&X-HTTP-Session-Id=gsessionid&zx=3wh21p87csqw&t=1:0
[ 6734259ms] [WARNING] [2026-09-01T09:30:16.074Z]  @firebase/firestore: Firestore (12.6.0): WebChannelConnection RPC 'Listen' stream 0x6e151ddc transport errored. Name: undefined Message: undefined @ https://outrun.co.il/_next/static/chunks/2532-16f59635ee5a761a.js:14
[ 6734261ms] [ERROR] Failed to load resource: net::ERR_INTERNET_DISCONNECTED @ https://www.google.com/recaptcha/enterprise/clr?k=6Lf3d9UsAAAAAILBqo6A909pmhyvtYmDoxaKtfMV:0
[ 6734541ms] [ERROR] Failed to load resource: net::ERR_INTERNET_DISCONNECTED @ https://www.google.com/images/cleardot.gif?zx=rb7m30i0m7rp:0
[ 6734563ms] [ERROR] Failed to load resource: net::ERR_INTERNET_DISCONNECTED @ https://www.google.com/recaptcha/enterprise/clr?k=6Lf3d9UsAAAAAILBqo6A909pmhyvtYmDoxaKtfMV:0
[ 6734677ms] [ERROR] Failed to load resource: net::ERR_INTERNET_DISCONNECTED @ https://www.google.com/recaptcha/enterprise/clr?k=6Lf3d9UsAAAAAILBqo6A909pmhyvtYmDoxaKtfMV:0
[ 6734751ms] [ERROR] Failed to load resource: net::ERR_INTERNET_DISCONNECTED @ https://firestore.googleapis.com/google.firestore.v1.Firestore/Listen/channel?VER=8&database=projects%2Fappout-1%2Fdatabases%2F(default)&RID=77370&CVER=22&X-HTTP-Session-Id=gsessionid&zx=at27tzra570h&t=1:0
[ 6734752ms] [WARNING] [2026-09-01T09:30:16.567Z]  @firebase/firestore: Firestore (12.6.0): WebChannelConnection RPC 'Listen' stream 0x6e151ddd transport errored. Name: undefined Message: undefined @ https://outrun.co.il/_next/static/chunks/2532-16f59635ee5a761a.js:14
[ 6734754ms] [ERROR] Failed to load resource: net::ERR_INTERNET_DISCONNECTED @ https://www.google.com/recaptcha/enterprise/clr?k=6Lf3d9UsAAAAAILBqo6A909pmhyvtYmDoxaKtfMV:0
[ 6734826ms] [ERROR] Failed to load resource: net::ERR_INTERNET_DISCONNECTED @ https://www.google.com/images/cleardot.gif?zx=whnb6dsu7cm:0
[ 6734829ms] [ERROR] Failed to load resource: net::ERR_INTERNET_DISCONNECTED @ https://www.google.com/recaptcha/enterprise/clr?k=6Lf3d9UsAAAAAILBqo6A909pmhyvtYmDoxaKtfMV:0
[ 6734833ms] [ERROR] Failed to load resource: net::ERR_INTERNET_DISCONNECTED @ https://www.google.com/recaptcha/enterprise/clr?k=6Lf3d9UsAAAAAILBqo6A909pmhyvtYmDoxaKtfMV:0
[ 6734888ms] [ERROR] Failed to load resource: net::ERR_INTERNET_DISCONNECTED @ https://www.google.com/recaptcha/enterprise/clr?k=6Lf3d9UsAAAAAILBqo6A909pmhyvtYmDoxaKtfMV:0
[ 6734957ms] [ERROR] Failed to load resource: net::ERR_INTERNET_DISCONNECTED @ https://www.google.com/recaptcha/enterprise/clr?k=6Lf3d9UsAAAAAILBqo6A909pmhyvtYmDoxaKtfMV:0
[ 6735037ms] [ERROR] Failed to load resource: net::ERR_INTERNET_DISCONNECTED @ https://www.google.com/recaptcha/enterprise/clr?k=6Lf3d9UsAAAAAILBqo6A909pmhyvtYmDoxaKtfMV:0
[ 6737084ms] [ERROR] Failed to load resource: net::ERR_INTERNET_DISCONNECTED @ https://firestore.googleapis.com/google.firestore.v1.Firestore/Listen/channel?VER=8&database=projects%2Fappout-1%2Fdatabases%2F(default)&RID=59826&CVER=22&X-HTTP-Session-Id=gsessionid&zx=ugrlkba0dyrd&t=1:0
[ 6737085ms] [WARNING] [2026-09-01T09:30:18.899Z]  @firebase/firestore: Firestore (12.6.0): WebChannelConnection RPC 'Listen' stream 0x6e151dde transport errored. Name: undefined Message: undefined @ https://outrun.co.il/_next/static/chunks/2532-16f59635ee5a761a.js:14
[ 6737087ms] [ERROR] Failed to load resource: net::ERR_INTERNET_DISCONNECTED @ https://www.google.com/recaptcha/enterprise/clr?k=6Lf3d9UsAAAAAILBqo6A909pmhyvtYmDoxaKtfMV:0
[ 6737210ms] [ERROR] Failed to load resource: net::ERR_INTERNET_DISCONNECTED @ https://www.google.com/images/cleardot.gif?zx=9z2h96tqat3b:0
[ 6737216ms] [ERROR] Failed to load resource: net::ERR_INTERNET_DISCONNECTED @ https://www.google.com/recaptcha/enterprise/clr?k=6Lf3d9UsAAAAAILBqo6A909pmhyvtYmDoxaKtfMV:0
[ 6737301ms] [ERROR] Failed to load resource: net::ERR_INTERNET_DISCONNECTED @ https://www.google.com/recaptcha/enterprise/clr?k=6Lf3d9UsAAAAAILBqo6A909pmhyvtYmDoxaKtfMV:0
[ 6737370ms] [ERROR] Failed to load resource: net::ERR_INTERNET_DISCONNECTED @ https://www.google.com/recaptcha/enterprise/clr?k=6Lf3d9UsAAAAAILBqo6A909pmhyvtYmDoxaKtfMV:0
[ 6738812ms] [ERROR] Failed to load resource: net::ERR_INTERNET_DISCONNECTED @ https://firestore.googleapis.com/google.firestore.v1.Firestore/Listen/channel?VER=8&database=projects%2Fappout-1%2Fdatabases%2F(default)&RID=65886&CVER=22&X-HTTP-Session-Id=gsessionid&zx=9z3hpgy8t26c&t=1:0
[ 6738813ms] [WARNING] [2026-09-01T09:30:20.627Z]  @firebase/firestore: Firestore (12.6.0): WebChannelConnection RPC 'Listen' stream 0x6e151ddf transport errored. Name: undefined Message: undefined @ https://outrun.co.il/_next/static/chunks/2532-16f59635ee5a761a.js:14
[ 6738814ms] [ERROR] Failed to load resource: net::ERR_INTERNET_DISCONNECTED @ https://www.google.com/recaptcha/enterprise/clr?k=6Lf3d9UsAAAAAILBqo6A909pmhyvtYmDoxaKtfMV:0
[ 6738823ms] [ERROR] Failed to load resource: net::ERR_INTERNET_DISCONNECTED @ https://www.google.com/images/cleardot.gif?zx=i4zw9nm4gg5n:0
[ 6738828ms] [ERROR] Failed to load resource: net::ERR_INTERNET_DISCONNECTED @ https://www.google.com/recaptcha/enterprise/clr?k=6Lf3d9UsAAAAAILBqo6A909pmhyvtYmDoxaKtfMV:0
[ 6738840ms] [ERROR] Failed to load resource: net::ERR_INTERNET_DISCONNECTED @ https://www.google.com/recaptcha/enterprise/clr?k=6Lf3d9UsAAAAAILBqo6A909pmhyvtYmDoxaKtfMV:0
[ 6738848ms] [ERROR] Failed to load resource: net::ERR_INTERNET_DISCONNECTED @ https://www.google.com/recaptcha/enterprise/clr?k=6Lf3d9UsAAAAAILBqo6A909pmhyvtYmDoxaKtfMV:0
[ 6743225ms] [ERROR] Failed to load resource: net::ERR_INTERNET_DISCONNECTED @ https://firestore.googleapis.com/google.firestore.v1.Firestore/Listen/channel?VER=8&database=projects%2Fappout-1%2Fdatabases%2F(default)&RID=42734&CVER=22&X-HTTP-Session-Id=gsessionid&zx=t2tytn2r96ss&t=1:0
[ 6743225ms] [WARNING] [2026-09-01T09:30:25.040Z]  @firebase/firestore: Firestore (12.6.0): WebChannelConnection RPC 'Listen' stream 0x6e151de0 transport errored. Name: undefined Message: undefined @ https://outrun.co.il/_next/static/chunks/2532-16f59635ee5a761a.js:14
[ 6743227ms] [ERROR] Failed to load resource: net::ERR_INTERNET_DISCONNECTED @ https://www.google.com/recaptcha/enterprise/clr?k=6Lf3d9UsAAAAAILBqo6A909pmhyvtYmDoxaKtfMV:0
[ 6743234ms] [ERROR] Failed to load resource: net::ERR_INTERNET_DISCONNECTED @ https://www.google.com/images/cleardot.gif?zx=e3m1b1ohw9am:0
[ 6743242ms] [ERROR] Failed to load resource: net::ERR_INTERNET_DISCONNECTED @ https://www.google.com/recaptcha/enterprise/clr?k=6Lf3d9UsAAAAAILBqo6A909pmhyvtYmDoxaKtfMV:0
[ 6743256ms] [ERROR] Failed to load resource: net::ERR_INTERNET_DISCONNECTED @ https://www.google.com/recaptcha/enterprise/clr?k=6Lf3d9UsAAAAAILBqo6A909pmhyvtYmDoxaKtfMV:0
[ 6743263ms] [ERROR] Failed to load resource: net::ERR_INTERNET_DISCONNECTED @ https://www.google.com/recaptcha/enterprise/clr?k=6Lf3d9UsAAAAAILBqo6A909pmhyvtYmDoxaKtfMV:0
[ 7703656ms] [ERROR] Failed to load resource: net::ERR_INTERNET_DISCONNECTED @ https://firestore.googleapis.com/google.firestore.v1.Firestore/Listen/channel?VER=8&database=projects%2Fappout-1%2Fdatabases%2F(default)&RID=61584&CVER=22&X-HTTP-Session-Id=gsessionid&zx=m7c1f1legsxd&t=1:0
[ 7703657ms] [WARNING] [2026-09-01T09:46:25.471Z]  @firebase/firestore: Firestore (12.6.0): WebChannelConnection RPC 'Listen' stream 0x6e151de1 transport errored. Name: undefined Message: undefined @ https://outrun.co.il/_next/static/chunks/2532-16f59635ee5a761a.js:14
[ 7703658ms] [ERROR] Failed to load resource: net::ERR_INTERNET_DISCONNECTED @ https://www.google.com/recaptcha/enterprise/clr?k=6Lf3d9UsAAAAAILBqo6A909pmhyvtYmDoxaKtfMV:0
[ 7703672ms] [ERROR] Failed to load resource: net::ERR_INTERNET_DISCONNECTED @ https://www.google.com/images/cleardot.gif?zx=asqi903sbgao:0
[ 7703672ms] [ERROR] Failed to load resource: net::ERR_INTERNET_DISCONNECTED @ https://www.google.com/recaptcha/enterprise/clr?k=6Lf3d9UsAAAAAILBqo6A909pmhyvtYmDoxaKtfMV:0
[ 7703740ms] [ERROR] Failed to load resource: net::ERR_INTERNET_DISCONNECTED @ https://www.google.com/recaptcha/enterprise/clr?k=6Lf3d9UsAAAAAILBqo6A909pmhyvtYmDoxaKtfMV:0
[ 7703769ms] [ERROR] Failed to load resource: net::ERR_INTERNET_DISCONNECTED @ https://www.google.com/recaptcha/enterprise/clr?k=6Lf3d9UsAAAAAILBqo6A909pmhyvtYmDoxaKtfMV:0
[ 8667659ms] [WARNING] [2026-09-01T10:02:29.474Z]  @firebase/auth: Auth (12.6.0): Error while retrieving App Check token: FirebaseError: AppCheck: ReCAPTCHA error. (appCheck/recaptcha-error). @ https://outrun.co.il/_next/static/chunks/2532-16f59635ee5a761a.js:14
[ 8667700ms] [ERROR] Failed to load resource: net::ERR_INTERNET_DISCONNECTED @ https://securetoken.googleapis.com/v1/token?key=AIzaSyCezG55zVQEZWCEs-lHzx_yQldg-Ej2X60:0
[ 8667704ms] [ERROR] Failed to load resource: net::ERR_INTERNET_DISCONNECTED @ https://www.google.com/recaptcha/enterprise/clr?k=6Lf3d9UsAAAAAILBqo6A909pmhyvtYmDoxaKtfMV:0
[ 8667715ms] [ERROR] Failed to load resource: net::ERR_INTERNET_DISCONNECTED @ https://www.google.com/recaptcha/enterprise/clr?k=6Lf3d9UsAAAAAILBqo6A909pmhyvtYmDoxaKtfMV:0
[ 8667726ms] [ERROR] Failed to load resource: net::ERR_INTERNET_DISCONNECTED @ https://www.google.com/recaptcha/enterprise/clr?k=6Lf3d9UsAAAAAILBqo6A909pmhyvtYmDoxaKtfMV:0
[ 8667746ms] [ERROR] Failed to load resource: net::ERR_INTERNET_DISCONNECTED @ https://www.google.com/recaptcha/enterprise/clr?k=6Lf3d9UsAAAAAILBqo6A909pmhyvtYmDoxaKtfMV:0
[ 9610928ms] [WARNING] [2026-09-01T10:18:12.743Z]  @firebase/auth: Auth (12.6.0): Error while retrieving App Check token: FirebaseError: AppCheck: ReCAPTCHA error. (appCheck/recaptcha-error). @ https://outrun.co.il/_next/static/chunks/2532-16f59635ee5a761a.js:14
[ 9610934ms] [ERROR] Failed to load resource: net::ERR_INTERNET_DISCONNECTED @ https://securetoken.googleapis.com/v1/token?key=AIzaSyCezG55zVQEZWCEs-lHzx_yQldg-Ej2X60:0
[ 9610934ms] [ERROR] Failed to load resource: net::ERR_INTERNET_DISCONNECTED @ https://www.google.com/recaptcha/enterprise/clr?k=6Lf3d9UsAAAAAILBqo6A909pmhyvtYmDoxaKtfMV:0
[ 9610936ms] [ERROR] Failed to load resource: net::ERR_INTERNET_DISCONNECTED @ https://www.google.com/recaptcha/enterprise/clr?k=6Lf3d9UsAAAAAILBqo6A909pmhyvtYmDoxaKtfMV:0
[ 9610938ms] [ERROR] Failed to load resource: net::ERR_INTERNET_DISCONNECTED @ https://www.google.com/recaptcha/enterprise/clr?k=6Lf3d9UsAAAAAILBqo6A909pmhyvtYmDoxaKtfMV:0
[ 9610940ms] [ERROR] Failed to load resource: net::ERR_INTERNET_DISCONNECTED @ https://www.google.com/recaptcha/enterprise/clr?k=6Lf3d9UsAAAAAILBqo6A909pmhyvtYmDoxaKtfMV:0
[ 9629799ms] [WARNING] [2026-09-01T10:18:31.613Z]  @firebase/auth: Auth (12.6.0): Error while retrieving App Check token: FirebaseError: AppCheck: ReCAPTCHA error. (appCheck/recaptcha-error). @ https://outrun.co.il/_next/static/chunks/2532-16f59635ee5a761a.js:14
[ 9629802ms] [ERROR] Failed to load resource: net::ERR_INTERNET_DISCONNECTED @ https://www.google.com/recaptcha/enterprise/clr?k=6Lf3d9UsAAAAAILBqo6A909pmhyvtYmDoxaKtfMV:0
[ 9629803ms] [ERROR] Failed to load resource: net::ERR_INTERNET_DISCONNECTED @ https://securetoken.googleapis.com/v1/token?key=AIzaSyCezG55zVQEZWCEs-lHzx_yQldg-Ej2X60:0
[ 9629804ms] [ERROR] Failed to load resource: net::ERR_INTERNET_DISCONNECTED @ https://www.google.com/recaptcha/enterprise/clr?k=6Lf3d9UsAAAAAILBqo6A909pmhyvtYmDoxaKtfMV:0
[ 9629806ms] [ERROR] Failed to load resource: net::ERR_INTERNET_DISCONNECTED @ https://www.google.com/recaptcha/enterprise/clr?k=6Lf3d9UsAAAAAILBqo6A909pmhyvtYmDoxaKtfMV:0
[ 9629808ms] [ERROR] Failed to load resource: net::ERR_INTERNET_DISCONNECTED @ https://www.google.com/recaptcha/enterprise/clr?k=6Lf3d9UsAAAAAILBqo6A909pmhyvtYmDoxaKtfMV:0
[ 9632122ms] [WARNING] [2026-09-01T10:18:33.937Z]  @firebase/auth: Auth (12.6.0): Error while retrieving App Check token: FirebaseError: AppCheck: ReCAPTCHA error. (appCheck/recaptcha-error). @ https://outrun.co.il/_next/static/chunks/2532-16f59635ee5a761a.js:14
[ 9634586ms] [ERROR] Failed to load resource: net::ERR_NETWORK_CHANGED @ https://firestore.googleapis.com/google.firestore.v1.Firestore/Listen/channel?gsessionid=BinSmVnDaQ4uAjjBDMWxwio9pHjk-mZlyU1z3BGgIZ17ltetid9NEA&VER=8&database=projects%2Fappout-1%2Fdatabases%2F(default)&RID=rpc&SID=bNv8igEWh8z2S0ruOF88yA&AID=0&CI=0&TYPE=xmlhttp&zx=6bu3y7rtf4lp&t=1:0
[ 9634593ms] [ERROR] Failed to load resource: net::ERR_NAME_NOT_RESOLVED @ https://firestore.googleapis.com/google.firestore.v1.Firestore/Listen/channel?gsessionid=BinSmVnDaQ4uAjjBDMWxwio9pHjk-mZlyU1z3BGgIZ17ltetid9NEA&VER=8&database=projects%2Fappout-1%2Fdatabases%2F(default)&RID=rpc&SID=bNv8igEWh8z2S0ruOF88yA&AID=6&CI=0&TYPE=xmlhttp&zx=r7m5d57z0hs7&t=1:0
[ 9702465ms] [WARNING] [2026-09-01T10:19:44.279Z]  @firebase/auth: Auth (12.6.0): Error while retrieving App Check token: FirebaseError: AppCheck: ReCAPTCHA error. (appCheck/recaptcha-error). @ https://outrun.co.il/_next/static/chunks/2532-16f59635ee5a761a.js:14
[10303036ms] [WARNING] [2026-09-01T10:29:44.850Z]  @firebase/auth: Auth (12.6.0): Error while retrieving App Check token: FirebaseError: AppCheck: ReCAPTCHA error. (appCheck/recaptcha-error). @ https://outrun.co.il/_next/static/chunks/2532-16f59635ee5a761a.js:14
[11288361ms] [WARNING] [2026-09-01T10:46:10.175Z]  @firebase/auth: Auth (12.6.0): Error while retrieving App Check token: FirebaseError: AppCheck: ReCAPTCHA error. (appCheck/recaptcha-error). @ https://outrun.co.il/_next/static/chunks/2532-16f59635ee5a761a.js:14
[12703270ms] [WARNING] [2026-09-01T11:09:45.085Z]  @firebase/auth: Auth (12.6.0): Error while retrieving App Check token: FirebaseError: AppCheck: ReCAPTCHA error. (appCheck/recaptcha-error). @ https://outrun.co.il/_next/static/chunks/2532-16f59635ee5a761a.js:14
[13270691ms] [ERROR] Failed to load resource: the server responded with a status of 502 () @ https://www.google.com/recaptcha/enterprise/clr?k=6Lf3d9UsAAAAAILBqo6A909pmhyvtYmDoxaKtfMV:0
[13605501ms] [WARNING] [2026-09-01T11:24:47.315Z]  @firebase/auth: Auth (12.6.0): Error while retrieving App Check token: FirebaseError: AppCheck: ReCAPTCHA error. (appCheck/recaptcha-error). @ https://outrun.co.il/_next/static/chunks/2532-16f59635ee5a761a.js:14
[14588915ms] [WARNING] [2026-09-01T11:41:10.730Z]  @firebase/auth: Auth (12.6.0): Error while retrieving App Check token: FirebaseError: AppCheck: ReCAPTCHA error. (appCheck/recaptcha-error). @ https://outrun.co.il/_next/static/chunks/2532-16f59635ee5a761a.js:14
[15702423ms] [WARNING] [2026-09-01T11:59:44.237Z]  @firebase/auth: Auth (12.6.0): Error while retrieving App Check token: FirebaseError: AppCheck: ReCAPTCHA error. (appCheck/recaptcha-error). @ https://outrun.co.il/_next/static/chunks/2532-16f59635ee5a761a.js:14
[16908053ms] [WARNING] [2026-09-01T12:19:49.866Z]  @firebase/auth: Auth (12.6.0): Error while retrieving App Check token: FirebaseError: AppCheck: ReCAPTCHA error. (appCheck/recaptcha-error). @ https://outrun.co.il/_next/static/chunks/2532-16f59635ee5a761a.js:14
[17607054ms] [ERROR] Failed to load resource: net::ERR_QUIC_PROTOCOL_ERROR.QUIC_TOO_MANY_RTOS @ https://firestore.googleapis.com/google.firestore.v1.Firestore/Listen/channel?gsessionid=88i337_NPcQlk1xG_ABHm390j-sp64987ViB_Ad_G0-pcrCRNph_Xg&VER=8&database=projects%2Fappout-1%2Fdatabases%2F(default)&RID=rpc&SID=-c2Uj-X2f2pQud2iJ-1pMw&AID=35&CI=0&TYPE=xmlhttp&zx=reelm1deumdd&t=1:0
[17607244ms] [ERROR] Failed to load resource: the server responded with a status of 400 () @ https://firestore.googleapis.com/google.firestore.v1.Firestore/Listen/channel?gsessionid=88i337_NPcQlk1xG_ABHm390j-sp64987ViB_Ad_G0-pcrCRNph_Xg&VER=8&database=projects%2Fappout-1%2Fdatabases%2F(default)&RID=rpc&SID=-c2Uj-X2f2pQud2iJ-1pMw&AID=38&CI=0&TYPE=xmlhttp&zx=ep8xlo5qkp08&t=1:0
[17607248ms] [WARNING] [2026-09-01T12:31:29.062Z]  @firebase/firestore: Firestore (12.6.0): WebChannelConnection RPC 'Listen' stream 0x6e151dea transport errored. Name: undefined Message: undefined @ https://outrun.co.il/_next/static/chunks/2532-16f59635ee5a761a.js:14
[18343883ms] [ERROR] Failed to load resource: net::ERR_QUIC_PROTOCOL_ERROR.QUIC_PUBLIC_RESET @ https://firestore.googleapis.com/google.firestore.v1.Firestore/Listen/channel?gsessionid=_-YWG4rgybXns25rXzLqfO4xHn-_xAKu_EOZNbZHbFtxytgf8gTeAw&VER=8&database=projects%2Fappout-1%2Fdatabases%2F(default)&RID=rpc&SID=lDJIhr69FVwEZ4_ZT11oIw&AID=0&CI=0&TYPE=xmlhttp&zx=mhzn6ex03bzw&t=1:0
[18344085ms] [ERROR] Failed to load resource: the server responded with a status of 400 () @ https://firestore.googleapis.com/google.firestore.v1.Firestore/Listen/channel?gsessionid=_-YWG4rgybXns25rXzLqfO4xHn-_xAKu_EOZNbZHbFtxytgf8gTeAw&VER=8&database=projects%2Fappout-1%2Fdatabases%2F(default)&RID=rpc&SID=lDJIhr69FVwEZ4_ZT11oIw&AID=6&CI=0&TYPE=xmlhttp&zx=i8n7v2tkhpue&t=1:0
[18344087ms] [WARNING] [2026-09-01T12:43:45.901Z]  @firebase/firestore: Firestore (12.6.0): WebChannelConnection RPC 'Listen' stream 0x6e151deb transport errored. Name: undefined Message: undefined @ https://outrun.co.il/_next/static/chunks/2532-16f59635ee5a761a.js:14
[18406441ms] [ERROR] Failed to load resource: net::ERR_QUIC_PROTOCOL_ERROR.QUIC_TOO_MANY_RTOS @ https://firestore.googleapis.com/google.firestore.v1.Firestore/Listen/channel?gsessionid=44YtTzxmdzKs_BdkotNINYqrYRgElLqfzSjx8NSJUDM1Tlh8wnqTWA&VER=8&database=projects%2Fappout-1%2Fdatabases%2F(default)&RID=rpc&SID=xj68KL8gvj0B7jmO3Icv4g&AID=0&CI=0&TYPE=xmlhttp&zx=7x08yan6clse&t=1:0
[18511893ms] [ERROR] Failed to load resource: net::ERR_INTERNET_DISCONNECTED @ https://firestore.googleapis.com/google.firestore.v1.Firestore/Listen/channel?VER=8&database=projects%2Fappout-1%2Fdatabases%2F(default)&gsessionid=44YtTzxmdzKs_BdkotNINYqrYRgElLqfzSjx8NSJUDM1Tlh8wnqTWA&SID=xj68KL8gvj0B7jmO3Icv4g&RID=91247&TYPE=terminate&zx=zffpwjct0bq:0
[18512018ms] [ERROR] Failed to load resource: net::ERR_INTERNET_DISCONNECTED @ https://www.google.com/recaptcha/enterprise/clr?k=6Lf3d9UsAAAAAILBqo6A909pmhyvtYmDoxaKtfMV:0
[18512018ms] [ERROR] Failed to load resource: net::ERR_INTERNET_DISCONNECTED @ https://firestore.googleapis.com/google.firestore.v1.Firestore/Listen/channel?VER=8&database=projects%2Fappout-1%2Fdatabases%2F(default)&RID=83534&CVER=22&X-HTTP-Session-Id=gsessionid&zx=ucw9u0upyd95&t=1:0
[18512019ms] [WARNING] [2026-09-01T12:46:33.833Z]  @firebase/firestore: Firestore (12.6.0): WebChannelConnection RPC 'Listen' stream 0x6e151ded transport errored. Name: undefined Message: undefined @ https://outrun.co.il/_next/static/chunks/2532-16f59635ee5a761a.js:14
[18512022ms] [ERROR] Failed to load resource: net::ERR_INTERNET_DISCONNECTED @ https://www.google.com/recaptcha/enterprise/clr?k=6Lf3d9UsAAAAAILBqo6A909pmhyvtYmDoxaKtfMV:0
[18512022ms] [ERROR] Failed to load resource: net::ERR_INTERNET_DISCONNECTED @ https://www.google.com/images/cleardot.gif?zx=rbl7plofep8c:0
[18512026ms] [ERROR] Failed to load resource: net::ERR_INTERNET_DISCONNECTED @ https://www.google.com/recaptcha/enterprise/clr?k=6Lf3d9UsAAAAAILBqo6A909pmhyvtYmDoxaKtfMV:0
[18512029ms] [ERROR] Failed to load resource: net::ERR_INTERNET_DISCONNECTED @ https://firestore.googleapis.com/google.firestore.v1.Firestore/Listen/channel?VER=8&database=projects%2Fappout-1%2Fdatabases%2F(default)&RID=17902&CVER=22&X-HTTP-Session-Id=gsessionid&zx=ec75tljeb6g0&t=1:0
[18512030ms] [WARNING] [2026-09-01T12:46:33.844Z]  @firebase/firestore: Firestore (12.6.0): WebChannelConnection RPC 'Listen' stream 0x6e151dee transport errored. Name: undefined Message: undefined @ https://outrun.co.il/_next/static/chunks/2532-16f59635ee5a761a.js:14
[18512048ms] [ERROR] Failed to load resource: net::ERR_INTERNET_DISCONNECTED @ https://www.google.com/images/cleardot.gif?zx=90ydjg9tuqmc:0
[18512048ms] [ERROR] Failed to load resource: net::ERR_INTERNET_DISCONNECTED @ https://www.google.com/recaptcha/enterprise/clr?k=6Lf3d9UsAAAAAILBqo6A909pmhyvtYmDoxaKtfMV:0
[18512049ms] [ERROR] Failed to load resource: net::ERR_INTERNET_DISCONNECTED @ https://www.google.com/recaptcha/enterprise/clr?k=6Lf3d9UsAAAAAILBqo6A909pmhyvtYmDoxaKtfMV:0
[18512051ms] [ERROR] Failed to load resource: net::ERR_INTERNET_DISCONNECTED @ https://www.google.com/recaptcha/enterprise/clr?k=6Lf3d9UsAAAAAILBqo6A909pmhyvtYmDoxaKtfMV:0
[18512055ms] [ERROR] Failed to load resource: net::ERR_INTERNET_DISCONNECTED @ https://www.google.com/recaptcha/enterprise/clr?k=6Lf3d9UsAAAAAILBqo6A909pmhyvtYmDoxaKtfMV:0
[18512057ms] [ERROR] Failed to load resource: net::ERR_INTERNET_DISCONNECTED @ https://www.google.com/recaptcha/enterprise/clr?k=6Lf3d9UsAAAAAILBqo6A909pmhyvtYmDoxaKtfMV:0
[18513197ms] [ERROR] Failed to load resource: net::ERR_INTERNET_DISCONNECTED @ https://firestore.googleapis.com/google.firestore.v1.Firestore/Listen/channel?VER=8&database=projects%2Fappout-1%2Fdatabases%2F(default)&RID=50557&CVER=22&X-HTTP-Session-Id=gsessionid&zx=9d7axab2y0ny&t=1:0
[18513197ms] [WARNING] [2026-09-01T12:46:35.012Z]  @firebase/firestore: Firestore (12.6.0): WebChannelConnection RPC 'Listen' stream 0x6e151def transport errored. Name: undefined Message: undefined @ https://outrun.co.il/_next/static/chunks/2532-16f59635ee5a761a.js:14
[18513201ms] [ERROR] Failed to load resource: net::ERR_INTERNET_DISCONNECTED @ https://www.google.com/images/cleardot.gif?zx=qp2c4cc3bfu8:0
[18513209ms] [ERROR] Failed to load resource: net::ERR_INTERNET_DISCONNECTED @ https://www.google.com/recaptcha/enterprise/clr?k=6Lf3d9UsAAAAAILBqo6A909pmhyvtYmDoxaKtfMV:0
[18513211ms] [ERROR] Failed to load resource: net::ERR_INTERNET_DISCONNECTED @ https://www.google.com/recaptcha/enterprise/clr?k=6Lf3d9UsAAAAAILBqo6A909pmhyvtYmDoxaKtfMV:0
[18513214ms] [ERROR] Failed to load resource: net::ERR_INTERNET_DISCONNECTED @ https://www.google.com/recaptcha/enterprise/clr?k=6Lf3d9UsAAAAAILBqo6A909pmhyvtYmDoxaKtfMV:0
[18513218ms] [ERROR] Failed to load resource: net::ERR_INTERNET_DISCONNECTED @ https://www.google.com/recaptcha/enterprise/clr?k=6Lf3d9UsAAAAAILBqo6A909pmhyvtYmDoxaKtfMV:0
[18514646ms] [ERROR] Failed to load resource: net::ERR_INTERNET_DISCONNECTED @ https://firestore.googleapis.com/google.firestore.v1.Firestore/Listen/channel?VER=8&database=projects%2Fappout-1%2Fdatabases%2F(default)&RID=37974&CVER=22&X-HTTP-Session-Id=gsessionid&zx=z2269k767ncn&t=1:0
[18514646ms] [WARNING] [2026-09-01T12:46:36.461Z]  @firebase/firestore: Firestore (12.6.0): WebChannelConnection RPC 'Listen' stream 0x6e151df0 transport errored. Name: undefined Message: undefined @ https://outrun.co.il/_next/static/chunks/2532-16f59635ee5a761a.js:14
[18514647ms] [ERROR] Failed to load resource: net::ERR_INTERNET_DISCONNECTED @ https://www.google.com/recaptcha/enterprise/clr?k=6Lf3d9UsAAAAAILBqo6A909pmhyvtYmDoxaKtfMV:0
[18514650ms] [ERROR] Failed to load resource: net::ERR_INTERNET_DISCONNECTED @ https://www.google.com/recaptcha/enterprise/clr?k=6Lf3d9UsAAAAAILBqo6A909pmhyvtYmDoxaKtfMV:0
[18514651ms] [ERROR] Failed to load resource: net::ERR_INTERNET_DISCONNECTED @ https://www.google.com/images/cleardot.gif?zx=azzweh1bn8au:0
[18514654ms] [ERROR] Failed to load resource: net::ERR_INTERNET_DISCONNECTED @ https://www.google.com/recaptcha/enterprise/clr?k=6Lf3d9UsAAAAAILBqo6A909pmhyvtYmDoxaKtfMV:0
[18514656ms] [ERROR] Failed to load resource: net::ERR_INTERNET_DISCONNECTED @ https://www.google.com/recaptcha/enterprise/clr?k=6Lf3d9UsAAAAAILBqo6A909pmhyvtYmDoxaKtfMV:0
[18517898ms] [ERROR] Failed to load resource: net::ERR_INTERNET_DISCONNECTED @ https://www.google.com/recaptcha/enterprise/clr?k=6Lf3d9UsAAAAAILBqo6A909pmhyvtYmDoxaKtfMV:0
[18517899ms] [ERROR] Failed to load resource: net::ERR_INTERNET_DISCONNECTED @ https://firestore.googleapis.com/google.firestore.v1.Firestore/Listen/channel?VER=8&database=projects%2Fappout-1%2Fdatabases%2F(default)&RID=31081&CVER=22&X-HTTP-Session-Id=gsessionid&zx=xqeju0feba73&t=1:0
[18517900ms] [WARNING] [2026-09-01T12:46:39.714Z]  @firebase/firestore: Firestore (12.6.0): WebChannelConnection RPC 'Listen' stream 0x6e151df1 transport errored. Name: undefined Message: undefined @ https://outrun.co.il/_next/static/chunks/2532-16f59635ee5a761a.js:14
[18517902ms] [ERROR] Failed to load resource: net::ERR_INTERNET_DISCONNECTED @ https://www.google.com/recaptcha/enterprise/clr?k=6Lf3d9UsAAAAAILBqo6A909pmhyvtYmDoxaKtfMV:0
[18517902ms] [ERROR] Failed to load resource: net::ERR_INTERNET_DISCONNECTED @ https://www.google.com/images/cleardot.gif?zx=1ljsvfjlt1fc:0
[18517904ms] [ERROR] Failed to load resource: net::ERR_INTERNET_DISCONNECTED @ https://www.google.com/recaptcha/enterprise/clr?k=6Lf3d9UsAAAAAILBqo6A909pmhyvtYmDoxaKtfMV:0
[18517905ms] [ERROR] Failed to load resource: net::ERR_INTERNET_DISCONNECTED @ https://www.google.com/recaptcha/enterprise/clr?k=6Lf3d9UsAAAAAILBqo6A909pmhyvtYmDoxaKtfMV:0
[18522539ms] [ERROR] Failed to load resource: net::ERR_INTERNET_DISCONNECTED @ https://firestore.googleapis.com/google.firestore.v1.Firestore/Listen/channel?VER=8&database=projects%2Fappout-1%2Fdatabases%2F(default)&RID=46008&CVER=22&X-HTTP-Session-Id=gsessionid&zx=d6l2f644uemm&t=1:0
[18522540ms] [WARNING] [2026-09-01T12:46:44.355Z]  @firebase/firestore: Firestore (12.6.0): WebChannelConnection RPC 'Listen' stream 0x6e151df2 transport errored. Name: undefined Message: undefined @ https://outrun.co.il/_next/static/chunks/2532-16f59635ee5a761a.js:14
[18522541ms] [ERROR] Failed to load resource: net::ERR_INTERNET_DISCONNECTED @ https://www.google.com/recaptcha/enterprise/clr?k=6Lf3d9UsAAAAAILBqo6A909pmhyvtYmDoxaKtfMV:0
[18522543ms] [ERROR] Failed to load resource: net::ERR_INTERNET_DISCONNECTED @ https://www.google.com/recaptcha/enterprise/clr?k=6Lf3d9UsAAAAAILBqo6A909pmhyvtYmDoxaKtfMV:0
[18522544ms] [ERROR] Failed to load resource: net::ERR_INTERNET_DISCONNECTED @ https://www.google.com/images/cleardot.gif?zx=tm9rsdnkzcwl:0
[18522545ms] [ERROR] Failed to load resource: net::ERR_INTERNET_DISCONNECTED @ https://www.google.com/recaptcha/enterprise/clr?k=6Lf3d9UsAAAAAILBqo6A909pmhyvtYmDoxaKtfMV:0
[18522547ms] [ERROR] Failed to load resource: net::ERR_INTERNET_DISCONNECTED @ https://www.google.com/recaptcha/enterprise/clr?k=6Lf3d9UsAAAAAILBqo6A909pmhyvtYmDoxaKtfMV:0
[18696080ms] [WARNING] [2026-09-01T12:49:37.894Z]  @firebase/auth: Auth (12.6.0): Error while retrieving App Check token: FirebaseError: AppCheck: ReCAPTCHA error. (appCheck/recaptcha-error). @ https://outrun.co.il/_next/static/chunks/2532-16f59635ee5a761a.js:14
[19509277ms] [WARNING] [2026-09-01T13:03:11.091Z]  @firebase/auth: Auth (12.6.0): Error while retrieving App Check token: FirebaseError: AppCheck: ReCAPTCHA error. (appCheck/recaptcha-error). @ https://outrun.co.il/_next/static/chunks/2532-16f59635ee5a761a.js:14
[21018088ms] [WARNING] [2026-09-01T13:28:19.902Z]  @firebase/auth: Auth (12.6.0): Error while retrieving App Check token: FirebaseError: AppCheck: ReCAPTCHA error. (appCheck/recaptcha-error). @ https://outrun.co.il/_next/static/chunks/2532-16f59635ee5a761a.js:14
[21997884ms] [WARNING] [2026-09-01T13:44:39.622Z]  @firebase/auth: Auth (12.6.0): Error while retrieving App Check token: FirebaseError: AppCheck: ReCAPTCHA error. (appCheck/recaptcha-error). @ https://outrun.co.il/_next/static/chunks/2532-16f59635ee5a761a.js:14
[22509528ms] [WARNING] [2026-09-01T13:53:11.339Z]  @firebase/auth: Auth (12.6.0): Error while retrieving App Check token: FirebaseError: AppCheck: ReCAPTCHA error. (appCheck/recaptcha-error). @ https://outrun.co.il/_next/static/chunks/2532-16f59635ee5a761a.js:14
[22676741ms] [WARNING] [2026-09-01T13:55:58.555Z]  @firebase/auth: Auth (12.6.0): Error while retrieving App Check token: FirebaseError: AppCheck: ReCAPTCHA error. (appCheck/recaptcha-error). @ https://outrun.co.il/_next/static/chunks/2532-16f59635ee5a761a.js:14
[22677203ms] [WARNING] [2026-09-01T13:55:59.017Z]  @firebase/auth: Auth (12.6.0): Error while retrieving App Check token: FirebaseError: AppCheck: ReCAPTCHA error. (appCheck/recaptcha-error). @ https://outrun.co.il/_next/static/chunks/2532-16f59635ee5a761a.js:14
[22677203ms] [WARNING] [2026-09-01T13:55:59.017Z]  @firebase/auth: Auth (12.6.0): Error while retrieving App Check token: FirebaseError: AppCheck: ReCAPTCHA error. (appCheck/recaptcha-error). @ https://outrun.co.il/_next/static/chunks/2532-16f59635ee5a761a.js:14
[22678399ms] [LOG] [getAuthoritiesByManager] Super Admin — returning all 79 top-level authorities @ https://outrun.co.il/_next/static/chunks/7034-560d09a29061b5d2.js:0
[22679384ms] [LOG] [getAuthoritiesByManager] Super Admin — returning all 79 top-level authorities @ https://outrun.co.il/_next/static/chunks/7034-560d09a29061b5d2.js:0
[22679805ms] [LOG] [getAuthoritiesByManager] Super Admin — returning all 79 top-level authorities @ https://outrun.co.il/_next/static/chunks/7034-560d09a29061b5d2.js:0
[22681208ms] [LOG] [getAuthoritiesByManager] Super Admin — returning all 79 top-level authorities @ https://outrun.co.il/_next/static/chunks/7034-560d09a29061b5d2.js:0
[22681307ms] [LOG] [getAuthoritiesByManager] Super Admin — returning all 79 top-level authorities @ https://outrun.co.il/_next/static/chunks/7034-560d09a29061b5d2.js:0
[23906576ms] [ERROR] Failed to load resource: net::ERR_QUIC_PROTOCOL_ERROR.QUIC_PUBLIC_RESET @ https://firestore.googleapis.com/google.firestore.v1.Firestore/Listen/channel?gsessionid=4aGdQ6cBKd2qNUC0J1UfgNfXDykH6r4kxFq5VNCdbT_MRKUFnFqZRQ&VER=8&database=projects%2Fappout-1%2Fdatabases%2F(default)&RID=rpc&SID=dG2gQV12FUgkqt38bCX89A&AID=230&CI=0&TYPE=xmlhttp&zx=6jbzmbxqz24b&t=1:0
[23906775ms] [ERROR] Failed to load resource: the server responded with a status of 400 () @ https://firestore.googleapis.com/google.firestore.v1.Firestore/Listen/channel?gsessionid=4aGdQ6cBKd2qNUC0J1UfgNfXDykH6r4kxFq5VNCdbT_MRKUFnFqZRQ&VER=8&database=projects%2Fappout-1%2Fdatabases%2F(default)&RID=rpc&SID=dG2gQV12FUgkqt38bCX89A&AID=232&CI=0&TYPE=xmlhttp&zx=63aq5eid2q3c&t=1:0
[23906779ms] [WARNING] [2026-09-01T14:16:28.592Z]  @firebase/firestore: Firestore (12.6.0): WebChannelConnection RPC 'Listen' stream 0x6efbe038 transport errored. Name: undefined Message: undefined @ https://outrun.co.il/_next/static/chunks/2532-16f59635ee5a761a.js:14
[24110906ms] [ERROR] Failed to load resource: net::ERR_QUIC_PROTOCOL_ERROR.QUIC_TOO_MANY_RTOS @ https://firestore.googleapis.com/google.firestore.v1.Firestore/Listen/channel?gsessionid=pDwQ5lPEEANRk64mYRuvZBrWcVpDGe8ogE9bteXDUsWKKrMJuPQtjw&VER=8&database=projects%2Fappout-1%2Fdatabases%2F(default)&RID=rpc&SID=RcuurCBg98ckMpm4uA0nLA&AID=0&CI=0&TYPE=xmlhttp&zx=diozqqerbw6&t=1:0
[24111188ms] [ERROR] Failed to load resource: the server responded with a status of 400 () @ https://firestore.googleapis.com/google.firestore.v1.Firestore/Listen/channel?gsessionid=pDwQ5lPEEANRk64mYRuvZBrWcVpDGe8ogE9bteXDUsWKKrMJuPQtjw&VER=8&database=projects%2Fappout-1%2Fdatabases%2F(default)&RID=rpc&SID=RcuurCBg98ckMpm4uA0nLA&AID=6&CI=0&TYPE=xmlhttp&zx=ic29uvpjxicf&t=1:0
[24111189ms] [WARNING] [2026-09-01T14:19:53.003Z]  @firebase/firestore: Firestore (12.6.0): WebChannelConnection RPC 'Listen' stream 0x6efbe03a transport errored. Name: undefined Message: undefined @ https://outrun.co.il/_next/static/chunks/2532-16f59635ee5a761a.js:14
[24452231ms] [ERROR] Failed to load resource: net::ERR_QUIC_PROTOCOL_ERROR.QUIC_TOO_MANY_RTOS @ https://firestore.googleapis.com/google.firestore.v1.Firestore/Listen/channel?gsessionid=T_0YtZ2BY1d4YtXIDefEidQYmnzhwx520WoAdwKs6rj7xoCV7C-_LQ&VER=8&database=projects%2Fappout-1%2Fdatabases%2F(default)&RID=rpc&SID=TXiNaaX7HeYz6G4FQ7SJhQ&AID=19&CI=0&TYPE=xmlhttp&zx=jiny8aqao1ao&t=1:0
[24719990ms] [ERROR] Failed to load resource: net::ERR_QUIC_PROTOCOL_ERROR.QUIC_PUBLIC_RESET @ https://firestore.googleapis.com/google.firestore.v1.Firestore/Listen/channel?gsessionid=T_0YtZ2BY1d4YtXIDefEidQYmnzhwx520WoAdwKs6rj7xoCV7C-_LQ&VER=8&database=projects%2Fappout-1%2Fdatabases%2F(default)&RID=rpc&SID=TXiNaaX7HeYz6G4FQ7SJhQ&AID=21&CI=0&TYPE=xmlhttp&zx=e3r3t08nvx8w&t=1:0
[24720476ms] [ERROR] Failed to load resource: the server responded with a status of 400 () @ https://firestore.googleapis.com/google.firestore.v1.Firestore/Listen/channel?gsessionid=T_0YtZ2BY1d4YtXIDefEidQYmnzhwx520WoAdwKs6rj7xoCV7C-_LQ&VER=8&database=projects%2Fappout-1%2Fdatabases%2F(default)&RID=rpc&SID=TXiNaaX7HeYz6G4FQ7SJhQ&AID=24&CI=0&TYPE=xmlhttp&zx=4x7c4goz0yni&t=1:0
[24720478ms] [WARNING] [2026-09-01T14:30:02.292Z]  @firebase/firestore: Firestore (12.6.0): WebChannelConnection RPC 'Listen' stream 0x6efbe03b transport errored. Name: undefined Message: undefined @ https://outrun.co.il/_next/static/chunks/2532-16f59635ee5a761a.js:14
[24867276ms] [ERROR] Failed to load resource: net::ERR_QUIC_PROTOCOL_ERROR.QUIC_TOO_MANY_RTOS @ https://firestore.googleapis.com/google.firestore.v1.Firestore/Listen/channel?gsessionid=bBCrWAP_wDmq14eQeyWsz_Fw5vNpH-IoJpH5ziEn4f1zZVzrLi_aiQ&VER=8&database=projects%2Fappout-1%2Fdatabases%2F(default)&RID=rpc&SID=3hJ5ltFy13ubQcgudqWpYw&AID=0&CI=0&TYPE=xmlhttp&zx=6f4iyjsqr6bh&t=1:0
[24867721ms] [ERROR] Failed to load resource: the server responded with a status of 400 () @ https://firestore.googleapis.com/google.firestore.v1.Firestore/Listen/channel?gsessionid=bBCrWAP_wDmq14eQeyWsz_Fw5vNpH-IoJpH5ziEn4f1zZVzrLi_aiQ&VER=8&database=projects%2Fappout-1%2Fdatabases%2F(default)&RID=rpc&SID=3hJ5ltFy13ubQcgudqWpYw&AID=6&CI=0&TYPE=xmlhttp&zx=8wt18k3le6iq&t=1:0
[24867722ms] [WARNING] [2026-09-01T14:32:29.537Z]  @firebase/firestore: Firestore (12.6.0): WebChannelConnection RPC 'Listen' stream 0x6efbe03c transport errored. Name: undefined Message: undefined @ https://outrun.co.il/_next/static/chunks/2532-16f59635ee5a761a.js:14
[25270497ms] [ERROR] Failed to load resource: net::ERR_QUIC_PROTOCOL_ERROR.QUIC_PUBLIC_RESET @ https://firestore.googleapis.com/google.firestore.v1.Firestore/Listen/channel?gsessionid=A11ic-P2ItfgXiQsaWaqa1fq8xqwpIBI2yWv__fhR5DSsj3ghKaucQ&VER=8&database=projects%2Fappout-1%2Fdatabases%2F(default)&RID=rpc&SID=nOyhVMO2HScHGbu0_ivhBQ&AID=0&CI=0&TYPE=xmlhttp&zx=jgmywj74g0jc&t=1:0
[25270652ms] [ERROR] Failed to load resource: the server responded with a status of 400 () @ https://firestore.googleapis.com/google.firestore.v1.Firestore/Listen/channel?gsessionid=A11ic-P2ItfgXiQsaWaqa1fq8xqwpIBI2yWv__fhR5DSsj3ghKaucQ&VER=8&database=projects%2Fappout-1%2Fdatabases%2F(default)&RID=rpc&SID=nOyhVMO2HScHGbu0_ivhBQ&AID=6&CI=0&TYPE=xmlhttp&zx=pltumm1l6b6k&t=1:0
[25270656ms] [WARNING] [2026-09-01T14:39:12.471Z]  @firebase/firestore: Firestore (12.6.0): WebChannelConnection RPC 'Listen' stream 0x6efbe03d transport errored. Name: undefined Message: undefined @ https://outrun.co.il/_next/static/chunks/2532-16f59635ee5a761a.js:14
[26356591ms] [WARNING] [2026-09-01T14:57:18.405Z]  @firebase/auth: Auth (12.6.0): Error while retrieving App Check token: FirebaseError: AppCheck: ReCAPTCHA error. (appCheck/recaptcha-error). @ https://outrun.co.il/_next/static/chunks/2532-16f59635ee5a761a.js:14
[26438879ms] [ERROR] Failed to load resource: net::ERR_QUIC_PROTOCOL_ERROR.QUIC_TOO_MANY_RTOS @ https://firestore.googleapis.com/google.firestore.v1.Firestore/Listen/channel?gsessionid=1XWW-raaDjyvxVESllN-Jxo74uinGFd5NDOO8U_IczS04K8FUl4dkw&VER=8&database=projects%2Fappout-1%2Fdatabases%2F(default)&RID=rpc&SID=D1325ykQOCKs4KtZyTbObQ&AID=6&CI=0&TYPE=xmlhttp&zx=x3g6mrx8pz9y&t=1:0
[26642892ms] [ERROR] Failed to load resource: net::ERR_QUIC_PROTOCOL_ERROR.QUIC_NETWORK_IDLE_TIMEOUT @ https://firestore.googleapis.com/google.firestore.v1.Firestore/Listen/channel?gsessionid=1XWW-raaDjyvxVESllN-Jxo74uinGFd5NDOO8U_IczS04K8FUl4dkw&VER=8&database=projects%2Fappout-1%2Fdatabases%2F(default)&RID=rpc&SID=D1325ykQOCKs4KtZyTbObQ&AID=12&CI=0&TYPE=xmlhttp&zx=i1vbizfp0goe&t=1:0
[26643359ms] [ERROR] Failed to load resource: the server responded with a status of 400 () @ https://firestore.googleapis.com/google.firestore.v1.Firestore/Listen/channel?gsessionid=1XWW-raaDjyvxVESllN-Jxo74uinGFd5NDOO8U_IczS04K8FUl4dkw&VER=8&database=projects%2Fappout-1%2Fdatabases%2F(default)&RID=rpc&SID=D1325ykQOCKs4KtZyTbObQ&AID=14&CI=0&TYPE=xmlhttp&zx=59abrcwy5wmx&t=1:0
[26643362ms] [WARNING] [2026-09-01T15:02:05.176Z]  @firebase/firestore: Firestore (12.6.0): WebChannelConnection RPC 'Listen' stream 0x6efbe03f transport errored. Name: undefined Message: undefined @ https://outrun.co.il/_next/static/chunks/2532-16f59635ee5a761a.js:14
[26771960ms] [ERROR] Failed to load resource: net::ERR_QUIC_PROTOCOL_ERROR.QUIC_TOO_MANY_RTOS @ https://firestore.googleapis.com/google.firestore.v1.Firestore/Listen/channel?gsessionid=_K8jIu7MmTMM3kCYbli1-eSiC64nKqPlLYy4-Qb40r1MZfb8AHoqDw&VER=8&database=projects%2Fappout-1%2Fdatabases%2F(default)&RID=rpc&SID=X7Ka4LffMaXs0uKWeDcF2A&AID=0&CI=0&TYPE=xmlhttp&zx=epb6vpp1aqx6&t=1:0
[26907093ms] [ERROR] Failed to load resource: net::ERR_QUIC_PROTOCOL_ERROR.QUIC_TOO_MANY_RTOS @ https://firestore.googleapis.com/google.firestore.v1.Firestore/Listen/channel?gsessionid=_K8jIu7MmTMM3kCYbli1-eSiC64nKqPlLYy4-Qb40r1MZfb8AHoqDw&VER=8&database=projects%2Fappout-1%2Fdatabases%2F(default)&RID=rpc&SID=X7Ka4LffMaXs0uKWeDcF2A&AID=6&CI=0&TYPE=xmlhttp&zx=xjydpdfw0q0d&t=1:0
[26907289ms] [ERROR] Failed to load resource: the server responded with a status of 400 () @ https://firestore.googleapis.com/google.firestore.v1.Firestore/Listen/channel?gsessionid=_K8jIu7MmTMM3kCYbli1-eSiC64nKqPlLYy4-Qb40r1MZfb8AHoqDw&VER=8&database=projects%2Fappout-1%2Fdatabases%2F(default)&RID=rpc&SID=X7Ka4LffMaXs0uKWeDcF2A&AID=10&CI=0&TYPE=xmlhttp&zx=ozug6xwlk2c8&t=1:0
[26907290ms] [WARNING] [2026-09-01T15:06:29.105Z]  @firebase/firestore: Firestore (12.6.0): WebChannelConnection RPC 'Listen' stream 0x6efbe040 transport errored. Name: undefined Message: undefined @ https://outrun.co.il/_next/static/chunks/2532-16f59635ee5a761a.js:14
[27171182ms] [ERROR] Failed to load resource: net::ERR_QUIC_PROTOCOL_ERROR.QUIC_PUBLIC_RESET @ https://firestore.googleapis.com/google.firestore.v1.Firestore/Listen/channel?gsessionid=lFvqd2lah-kkm3un2QvDk_pVEesipiECAS3H9BExTems6k5fNm3xNw&VER=8&database=projects%2Fappout-1%2Fdatabases%2F(default)&RID=rpc&SID=Fmcl3WhLdk-1elpou-rT7w&AID=0&CI=0&TYPE=xmlhttp&zx=3peyw1a0dg72&t=1:0
[27171357ms] [ERROR] Failed to load resource: the server responded with a status of 400 () @ https://firestore.googleapis.com/google.firestore.v1.Firestore/Listen/channel?gsessionid=lFvqd2lah-kkm3un2QvDk_pVEesipiECAS3H9BExTems6k5fNm3xNw&VER=8&database=projects%2Fappout-1%2Fdatabases%2F(default)&RID=rpc&SID=Fmcl3WhLdk-1elpou-rT7w&AID=6&CI=0&TYPE=xmlhttp&zx=pw9gwxsrdlib&t=1:0
[27171360ms] [WARNING] [2026-09-01T15:10:53.174Z]  @firebase/firestore: Firestore (12.6.0): WebChannelConnection RPC 'Listen' stream 0x6efbe041 transport errored. Name: undefined Message: undefined @ https://outrun.co.il/_next/static/chunks/2532-16f59635ee5a761a.js:14
[27483406ms] [ERROR] Failed to load resource: net::ERR_QUIC_PROTOCOL_ERROR.QUIC_PUBLIC_RESET @ https://firestore.googleapis.com/google.firestore.v1.Firestore/Listen/channel?gsessionid=077DXDk4GPHwc9R_LsYzAF7X4F5wiMDx9wYojdIgf9TnC1h-BFAZyg&VER=8&database=projects%2Fappout-1%2Fdatabases%2F(default)&RID=rpc&SID=qbhxquy0If7_h9TaxKTRTw&AID=7&CI=0&TYPE=xmlhttp&zx=lfuz4jgo6hoh&t=1:0
[27483569ms] [ERROR] Failed to load resource: the server responded with a status of 400 () @ https://firestore.googleapis.com/google.firestore.v1.Firestore/Listen/channel?gsessionid=077DXDk4GPHwc9R_LsYzAF7X4F5wiMDx9wYojdIgf9TnC1h-BFAZyg&VER=8&database=projects%2Fappout-1%2Fdatabases%2F(default)&RID=rpc&SID=qbhxquy0If7_h9TaxKTRTw&AID=8&CI=0&TYPE=xmlhttp&zx=ujfhymkocnvw&t=1:0
[27483571ms] [WARNING] [2026-09-01T15:16:05.385Z]  @firebase/firestore: Firestore (12.6.0): WebChannelConnection RPC 'Listen' stream 0x6efbe042 transport errored. Name: undefined Message: undefined @ https://outrun.co.il/_next/static/chunks/2532-16f59635ee5a761a.js:14
[27601614ms] [ERROR] Failed to load resource: net::ERR_INTERNET_DISCONNECTED @ https://firestore.googleapis.com/google.firestore.v1.Firestore/Listen/channel?VER=8&database=projects%2Fappout-1%2Fdatabases%2F(default)&gsessionid=w5vBfe5wOOHA0YBilP5Q1SzkET2Jl37PVtjmsyWJQPT15A_ShDbHLQ&SID=Cgm7_WkVGTp-U2SOPZ-XWw&RID=20417&TYPE=terminate&zx=sjv03hw714hb:0
[27602083ms] [ERROR] Failed to load resource: net::ERR_INTERNET_DISCONNECTED @ https://firestore.googleapis.com/google.firestore.v1.Firestore/Listen/channel?VER=8&database=projects%2Fappout-1%2Fdatabases%2F(default)&RID=12719&CVER=22&X-HTTP-Session-Id=gsessionid&zx=9c4v77tagvkr&t=1:0
[27602084ms] [WARNING] [2026-09-01T15:18:03.899Z]  @firebase/firestore: Firestore (12.6.0): WebChannelConnection RPC 'Listen' stream 0x6efbe044 transport errored. Name: undefined Message: undefined @ https://outrun.co.il/_next/static/chunks/2532-16f59635ee5a761a.js:14
[27602086ms] [ERROR] Failed to load resource: net::ERR_INTERNET_DISCONNECTED @ https://www.google.com/recaptcha/enterprise/clr?k=6Lf3d9UsAAAAAILBqo6A909pmhyvtYmDoxaKtfMV:0
[27602093ms] [ERROR] Failed to load resource: net::ERR_INTERNET_DISCONNECTED @ https://www.google.com/images/cleardot.gif?zx=4qajdxoh609p:0
[27602093ms] [ERROR] Failed to load resource: net::ERR_INTERNET_DISCONNECTED @ https://www.google.com/recaptcha/enterprise/clr?k=6Lf3d9UsAAAAAILBqo6A909pmhyvtYmDoxaKtfMV:0
[27602095ms] [ERROR] Failed to load resource: net::ERR_INTERNET_DISCONNECTED @ https://www.google.com/recaptcha/enterprise/clr?k=6Lf3d9UsAAAAAILBqo6A909pmhyvtYmDoxaKtfMV:0
[27602096ms] [ERROR] Failed to load resource: net::ERR_INTERNET_DISCONNECTED @ https://firestore.googleapis.com/google.firestore.v1.Firestore/Listen/channel?VER=8&database=projects%2Fappout-1%2Fdatabases%2F(default)&RID=86146&CVER=22&X-HTTP-Session-Id=gsessionid&zx=3ppmei6zm4uw&t=1:0
[27602096ms] [WARNING] [2026-09-01T15:18:03.911Z]  @firebase/firestore: Firestore (12.6.0): WebChannelConnection RPC 'Listen' stream 0x6efbe045 transport errored. Name: undefined Message: undefined @ https://outrun.co.il/_next/static/chunks/2532-16f59635ee5a761a.js:14
[27602097ms] [ERROR] Failed to load resource: net::ERR_INTERNET_DISCONNECTED @ https://www.google.com/recaptcha/enterprise/clr?k=6Lf3d9UsAAAAAILBqo6A909pmhyvtYmDoxaKtfMV:0
[27602097ms] [ERROR] Failed to load resource: net::ERR_INTERNET_DISCONNECTED @ https://www.google.com/recaptcha/enterprise/clr?k=6Lf3d9UsAAAAAILBqo6A909pmhyvtYmDoxaKtfMV:0
[27602098ms] [ERROR] Failed to load resource: net::ERR_INTERNET_DISCONNECTED @ https://www.google.com/recaptcha/enterprise/clr?k=6Lf3d9UsAAAAAILBqo6A909pmhyvtYmDoxaKtfMV:0
[27602098ms] [ERROR] Failed to load resource: net::ERR_INTERNET_DISCONNECTED @ https://www.google.com/images/cleardot.gif?zx=tj6cr3bn07g0:0
[27602099ms] [ERROR] Failed to load resource: net::ERR_INTERNET_DISCONNECTED @ https://www.google.com/recaptcha/enterprise/clr?k=6Lf3d9UsAAAAAILBqo6A909pmhyvtYmDoxaKtfMV:0
[27602100ms] [ERROR] Failed to load resource: net::ERR_INTERNET_DISCONNECTED @ https://www.google.com/recaptcha/enterprise/clr?k=6Lf3d9UsAAAAAILBqo6A909pmhyvtYmDoxaKtfMV:0
[27602616ms] [ERROR] Failed to load resource: net::ERR_INTERNET_DISCONNECTED @ https://firestore.googleapis.com/google.firestore.v1.Firestore/Listen/channel?VER=8&database=projects%2Fappout-1%2Fdatabases%2F(default)&RID=65898&CVER=22&X-HTTP-Session-Id=gsessionid&zx=4ro6ck2faa3z&t=1:0
[27602616ms] [WARNING] [2026-09-01T15:18:04.431Z]  @firebase/firestore: Firestore (12.6.0): WebChannelConnection RPC 'Listen' stream 0x6efbe046 transport errored. Name: undefined Message: undefined @ https://outrun.co.il/_next/static/chunks/2532-16f59635ee5a761a.js:14
[27602617ms] [ERROR] Failed to load resource: net::ERR_INTERNET_DISCONNECTED @ https://www.google.com/recaptcha/enterprise/clr?k=6Lf3d9UsAAAAAILBqo6A909pmhyvtYmDoxaKtfMV:0
[27602618ms] [ERROR] Failed to load resource: net::ERR_INTERNET_DISCONNECTED @ https://www.google.com/images/cleardot.gif?zx=p0l8vcn0mus3:0
[27602618ms] [ERROR] Failed to load resource: net::ERR_INTERNET_DISCONNECTED @ https://www.google.com/recaptcha/enterprise/clr?k=6Lf3d9UsAAAAAILBqo6A909pmhyvtYmDoxaKtfMV:0
[27602624ms] [ERROR] Failed to load resource: net::ERR_INTERNET_DISCONNECTED @ https://www.google.com/recaptcha/enterprise/clr?k=6Lf3d9UsAAAAAILBqo6A909pmhyvtYmDoxaKtfMV:0
[27602640ms] [ERROR] Failed to load resource: net::ERR_INTERNET_DISCONNECTED @ https://www.google.com/recaptcha/enterprise/clr?k=6Lf3d9UsAAAAAILBqo6A909pmhyvtYmDoxaKtfMV:0
[27604134ms] [ERROR] Failed to load resource: net::ERR_INTERNET_DISCONNECTED @ https://firestore.googleapis.com/google.firestore.v1.Firestore/Listen/channel?VER=8&database=projects%2Fappout-1%2Fdatabases%2F(default)&RID=81051&CVER=22&X-HTTP-Session-Id=gsessionid&zx=ldvingcnjpkn&t=1:0
[27604134ms] [WARNING] [2026-09-01T15:18:05.948Z]  @firebase/firestore: Firestore (12.6.0): WebChannelConnection RPC 'Listen' stream 0x6efbe047 transport errored. Name: undefined Message: undefined @ https://outrun.co.il/_next/static/chunks/2532-16f59635ee5a761a.js:14
[27604134ms] [ERROR] Failed to load resource: net::ERR_INTERNET_DISCONNECTED @ https://www.google.com/recaptcha/enterprise/clr?k=6Lf3d9UsAAAAAILBqo6A909pmhyvtYmDoxaKtfMV:0
[27604136ms] [ERROR] Failed to load resource: net::ERR_INTERNET_DISCONNECTED @ https://www.google.com/images/cleardot.gif?zx=cbulhm4002q9:0
[27604137ms] [ERROR] Failed to load resource: net::ERR_INTERNET_DISCONNECTED @ https://www.google.com/recaptcha/enterprise/clr?k=6Lf3d9UsAAAAAILBqo6A909pmhyvtYmDoxaKtfMV:0
[27604139ms] [ERROR] Failed to load resource: net::ERR_INTERNET_DISCONNECTED @ https://www.google.com/recaptcha/enterprise/clr?k=6Lf3d9UsAAAAAILBqo6A909pmhyvtYmDoxaKtfMV:0
[27604140ms] [ERROR] Failed to load resource: net::ERR_INTERNET_DISCONNECTED @ https://www.google.com/recaptcha/enterprise/clr?k=6Lf3d9UsAAAAAILBqo6A909pmhyvtYmDoxaKtfMV:0
[27606567ms] [ERROR] Failed to load resource: net::ERR_INTERNET_DISCONNECTED @ https://firestore.googleapis.com/google.firestore.v1.Firestore/Listen/channel?VER=8&database=projects%2Fappout-1%2Fdatabases%2F(default)&RID=37524&CVER=22&X-HTTP-Session-Id=gsessionid&zx=s8zilbf2qnkt&t=1:0
[27606568ms] [WARNING] [2026-09-01T15:18:08.382Z]  @firebase/firestore: Firestore (12.6.0): WebChannelConnection RPC 'Listen' stream 0x6efbe048 transport errored. Name: undefined Message: undefined @ https://outrun.co.il/_next/static/chunks/2532-16f59635ee5a761a.js:14
[27606568ms] [ERROR] Failed to load resource: net::ERR_INTERNET_DISCONNECTED @ https://www.google.com/recaptcha/enterprise/clr?k=6Lf3d9UsAAAAAILBqo6A909pmhyvtYmDoxaKtfMV:0
[27606571ms] [ERROR] Failed to load resource: net::ERR_INTERNET_DISCONNECTED @ https://www.google.com/images/cleardot.gif?zx=exs5vhsp3tt6:0
[27606571ms] [ERROR] Failed to load resource: net::ERR_INTERNET_DISCONNECTED @ https://www.google.com/recaptcha/enterprise/clr?k=6Lf3d9UsAAAAAILBqo6A909pmhyvtYmDoxaKtfMV:0
[27606574ms] [ERROR] Failed to load resource: net::ERR_INTERNET_DISCONNECTED @ https://www.google.com/recaptcha/enterprise/clr?k=6Lf3d9UsAAAAAILBqo6A909pmhyvtYmDoxaKtfMV:0
[27606576ms] [ERROR] Failed to load resource: net::ERR_INTERNET_DISCONNECTED @ https://www.google.com/recaptcha/enterprise/clr?k=6Lf3d9UsAAAAAILBqo6A909pmhyvtYmDoxaKtfMV:0
[27609520ms] [ERROR] Failed to load resource: net::ERR_INTERNET_DISCONNECTED @ https://firestore.googleapis.com/google.firestore.v1.Firestore/Listen/channel?VER=8&database=projects%2Fappout-1%2Fdatabases%2F(default)&RID=20377&CVER=22&X-HTTP-Session-Id=gsessionid&zx=iwpkwlza71oc&t=1:0
[27609521ms] [WARNING] [2026-09-01T15:18:11.336Z]  @firebase/firestore: Firestore (12.6.0): WebChannelConnection RPC 'Listen' stream 0x6efbe049 transport errored. Name: undefined Message: undefined @ https://outrun.co.il/_next/static/chunks/2532-16f59635ee5a761a.js:14
[27609522ms] [ERROR] Failed to load resource: net::ERR_INTERNET_DISCONNECTED @ https://www.google.com/recaptcha/enterprise/clr?k=6Lf3d9UsAAAAAILBqo6A909pmhyvtYmDoxaKtfMV:0
[27609526ms] [ERROR] Failed to load resource: net::ERR_INTERNET_DISCONNECTED @ https://www.google.com/recaptcha/enterprise/clr?k=6Lf3d9UsAAAAAILBqo6A909pmhyvtYmDoxaKtfMV:0
[27609526ms] [ERROR] Failed to load resource: net::ERR_INTERNET_DISCONNECTED @ https://www.google.com/images/cleardot.gif?zx=nn7x49l4h44l:0
[27609528ms] [ERROR] Failed to load resource: net::ERR_INTERNET_DISCONNECTED @ https://www.google.com/recaptcha/enterprise/clr?k=6Lf3d9UsAAAAAILBqo6A909pmhyvtYmDoxaKtfMV:0
[27609529ms] [ERROR] Failed to load resource: net::ERR_INTERNET_DISCONNECTED @ https://www.google.com/recaptcha/enterprise/clr?k=6Lf3d9UsAAAAAILBqo6A909pmhyvtYmDoxaKtfMV:0
[27616543ms] [ERROR] Failed to load resource: net::ERR_INTERNET_DISCONNECTED @ https://firestore.googleapis.com/google.firestore.v1.Firestore/Listen/channel?VER=8&database=projects%2Fappout-1%2Fdatabases%2F(default)&RID=96053&CVER=22&X-HTTP-Session-Id=gsessionid&zx=aqh7eot1dz7&t=1:0
[27616543ms] [WARNING] [2026-09-01T15:18:18.358Z]  @firebase/firestore: Firestore (12.6.0): WebChannelConnection RPC 'Listen' stream 0x6efbe04a transport errored. Name: undefined Message: undefined @ https://outrun.co.il/_next/static/chunks/2532-16f59635ee5a761a.js:14
[27616544ms] [ERROR] Failed to load resource: net::ERR_INTERNET_DISCONNECTED @ https://www.google.com/recaptcha/enterprise/clr?k=6Lf3d9UsAAAAAILBqo6A909pmhyvtYmDoxaKtfMV:0
[27616546ms] [ERROR] Failed to load resource: net::ERR_INTERNET_DISCONNECTED @ https://www.google.com/recaptcha/enterprise/clr?k=6Lf3d9UsAAAAAILBqo6A909pmhyvtYmDoxaKtfMV:0
[27616546ms] [ERROR] Failed to load resource: net::ERR_INTERNET_DISCONNECTED @ https://www.google.com/images/cleardot.gif?zx=6vu3qh83kufz:0
[27616548ms] [ERROR] Failed to load resource: net::ERR_INTERNET_DISCONNECTED @ https://www.google.com/recaptcha/enterprise/clr?k=6Lf3d9UsAAAAAILBqo6A909pmhyvtYmDoxaKtfMV:0
[27616549ms] [ERROR] Failed to load resource: net::ERR_INTERNET_DISCONNECTED @ https://www.google.com/recaptcha/enterprise/clr?k=6Lf3d9UsAAAAAILBqo6A909pmhyvtYmDoxaKtfMV:0
[27625821ms] [ERROR] Failed to load resource: net::ERR_INTERNET_DISCONNECTED @ https://firestore.googleapis.com/google.firestore.v1.Firestore/Listen/channel?VER=8&database=projects%2Fappout-1%2Fdatabases%2F(default)&RID=31944&CVER=22&X-HTTP-Session-Id=gsessionid&zx=sfjtzckp933t&t=1:0
[27625821ms] [WARNING] [2026-09-01T15:18:27.636Z]  @firebase/firestore: Firestore (12.6.0): WebChannelConnection RPC 'Listen' stream 0x6efbe04b transport errored. Name: undefined Message: undefined @ https://outrun.co.il/_next/static/chunks/2532-16f59635ee5a761a.js:14
[27625822ms] [ERROR] Failed to load resource: net::ERR_INTERNET_DISCONNECTED @ https://www.google.com/recaptcha/enterprise/clr?k=6Lf3d9UsAAAAAILBqo6A909pmhyvtYmDoxaKtfMV:0
[27625826ms] [ERROR] Failed to load resource: net::ERR_INTERNET_DISCONNECTED @ https://www.google.com/recaptcha/enterprise/clr?k=6Lf3d9UsAAAAAILBqo6A909pmhyvtYmDoxaKtfMV:0
[27625827ms] [ERROR] Failed to load resource: net::ERR_INTERNET_DISCONNECTED @ https://www.google.com/images/cleardot.gif?zx=tyy9i65khegk:0
[27625829ms] [ERROR] Failed to load resource: net::ERR_INTERNET_DISCONNECTED @ https://www.google.com/recaptcha/enterprise/clr?k=6Lf3d9UsAAAAAILBqo6A909pmhyvtYmDoxaKtfMV:0
[27625830ms] [ERROR] Failed to load resource: net::ERR_INTERNET_DISCONNECTED @ https://www.google.com/recaptcha/enterprise/clr?k=6Lf3d9UsAAAAAILBqo6A909pmhyvtYmDoxaKtfMV:0
[27635342ms] [ERROR] Failed to load resource: net::ERR_INTERNET_DISCONNECTED @ https://firestore.googleapis.com/google.firestore.v1.Firestore/Listen/channel?VER=8&database=projects%2Fappout-1%2Fdatabases%2F(default)&RID=84297&CVER=22&X-HTTP-Session-Id=gsessionid&zx=idinl687eokr&t=1:0
[27635343ms] [WARNING] [2026-09-01T15:18:37.157Z]  @firebase/firestore: Firestore (12.6.0): WebChannelConnection RPC 'Listen' stream 0x6efbe04c transport errored. Name: undefined Message: undefined @ https://outrun.co.il/_next/static/chunks/2532-16f59635ee5a761a.js:14
[27635344ms] [ERROR] Failed to load resource: net::ERR_INTERNET_DISCONNECTED @ https://www.google.com/recaptcha/enterprise/clr?k=6Lf3d9UsAAAAAILBqo6A909pmhyvtYmDoxaKtfMV:0
[27635347ms] [ERROR] Failed to load resource: net::ERR_INTERNET_DISCONNECTED @ https://www.google.com/recaptcha/enterprise/clr?k=6Lf3d9UsAAAAAILBqo6A909pmhyvtYmDoxaKtfMV:0
[27635347ms] [ERROR] Failed to load resource: net::ERR_INTERNET_DISCONNECTED @ https://www.google.com/images/cleardot.gif?zx=2c0myibtuyi:0
[27635349ms] [ERROR] Failed to load resource: net::ERR_INTERNET_DISCONNECTED @ https://www.google.com/recaptcha/enterprise/clr?k=6Lf3d9UsAAAAAILBqo6A909pmhyvtYmDoxaKtfMV:0
[27635351ms] [ERROR] Failed to load resource: net::ERR_INTERNET_DISCONNECTED @ https://www.google.com/recaptcha/enterprise/clr?k=6Lf3d9UsAAAAAILBqo6A909pmhyvtYmDoxaKtfMV:0
[30559758ms] [WARNING] [2026-09-01T16:07:21.572Z]  @firebase/auth: Auth (12.6.0): Error while retrieving App Check token: FirebaseError: AppCheck: ReCAPTCHA error. (appCheck/recaptcha-error). @ https://outrun.co.il/_next/static/chunks/2532-16f59635ee5a761a.js:14
[30559762ms] [ERROR] Failed to load resource: net::ERR_INTERNET_DISCONNECTED @ https://securetoken.googleapis.com/v1/token?key=AIzaSyCezG55zVQEZWCEs-lHzx_yQldg-Ej2X60:0
[30559763ms] [ERROR] Failed to load resource: net::ERR_INTERNET_DISCONNECTED @ https://www.google.com/recaptcha/enterprise/clr?k=6Lf3d9UsAAAAAILBqo6A909pmhyvtYmDoxaKtfMV:0
[30559764ms] [ERROR] Failed to load resource: net::ERR_INTERNET_DISCONNECTED @ https://www.google.com/recaptcha/enterprise/clr?k=6Lf3d9UsAAAAAILBqo6A909pmhyvtYmDoxaKtfMV:0
[30559766ms] [ERROR] Failed to load resource: net::ERR_INTERNET_DISCONNECTED @ https://www.google.com/recaptcha/enterprise/clr?k=6Lf3d9UsAAAAAILBqo6A909pmhyvtYmDoxaKtfMV:0
[30559767ms] [ERROR] Failed to load resource: net::ERR_INTERNET_DISCONNECTED @ https://www.google.com/recaptcha/enterprise/clr?k=6Lf3d9UsAAAAAILBqo6A909pmhyvtYmDoxaKtfMV:0
[33612915ms] [WARNING] [2026-09-01T16:58:14.729Z]  @firebase/auth: Auth (12.6.0): Error while retrieving App Check token: FirebaseError: AppCheck: ReCAPTCHA error. (appCheck/recaptcha-error). @ https://outrun.co.il/_next/static/chunks/2532-16f59635ee5a761a.js:14
[33612919ms] [ERROR] Failed to load resource: net::ERR_INTERNET_DISCONNECTED @ https://securetoken.googleapis.com/v1/token?key=AIzaSyCezG55zVQEZWCEs-lHzx_yQldg-Ej2X60:0
[33612926ms] [ERROR] Failed to load resource: net::ERR_INTERNET_DISCONNECTED @ https://www.google.com/recaptcha/enterprise/clr?k=6Lf3d9UsAAAAAILBqo6A909pmhyvtYmDoxaKtfMV:0
[33612928ms] [ERROR] Failed to load resource: net::ERR_INTERNET_DISCONNECTED @ https://www.google.com/recaptcha/enterprise/clr?k=6Lf3d9UsAAAAAILBqo6A909pmhyvtYmDoxaKtfMV:0
[33612929ms] [ERROR] Failed to load resource: net::ERR_INTERNET_DISCONNECTED @ https://www.google.com/recaptcha/enterprise/clr?k=6Lf3d9UsAAAAAILBqo6A909pmhyvtYmDoxaKtfMV:0
[33612930ms] [ERROR] Failed to load resource: net::ERR_INTERNET_DISCONNECTED @ https://www.google.com/recaptcha/enterprise/clr?k=6Lf3d9UsAAAAAILBqo6A909pmhyvtYmDoxaKtfMV:0
[33797193ms] [ERROR] Failed to load resource: net::ERR_INTERNET_DISCONNECTED @ https://www.google.com/recaptcha/enterprise/clr?k=6Lf3d9UsAAAAAILBqo6A909pmhyvtYmDoxaKtfMV:0
[33797197ms] [ERROR] Failed to load resource: net::ERR_INTERNET_DISCONNECTED @ https://www.google.com/recaptcha/enterprise/clr?k=6Lf3d9UsAAAAAILBqo6A909pmhyvtYmDoxaKtfMV:0
[33797200ms] [ERROR] Failed to load resource: net::ERR_INTERNET_DISCONNECTED @ https://www.google.com/recaptcha/enterprise/clr?k=6Lf3d9UsAAAAAILBqo6A909pmhyvtYmDoxaKtfMV:0
[33797202ms] [ERROR] Failed to load resource: net::ERR_INTERNET_DISCONNECTED @ https://www.google.com/recaptcha/enterprise/clr?k=6Lf3d9UsAAAAAILBqo6A909pmhyvtYmDoxaKtfMV:0
[33811287ms] [WARNING] [2026-09-01T17:01:33.102Z]  @firebase/auth: Auth (12.6.0): Error while retrieving App Check token: FirebaseError: AppCheck: ReCAPTCHA error. (appCheck/recaptcha-error). @ https://outrun.co.il/_next/static/chunks/2532-16f59635ee5a761a.js:14
[33811293ms] [ERROR] Failed to load resource: net::ERR_INTERNET_DISCONNECTED @ https://securetoken.googleapis.com/v1/token?key=AIzaSyCezG55zVQEZWCEs-lHzx_yQldg-Ej2X60:0
[33811299ms] [ERROR] Failed to load resource: net::ERR_INTERNET_DISCONNECTED @ https://www.google.com/recaptcha/enterprise/clr?k=6Lf3d9UsAAAAAILBqo6A909pmhyvtYmDoxaKtfMV:0
[33811302ms] [ERROR] Failed to load resource: net::ERR_INTERNET_DISCONNECTED @ https://www.google.com/recaptcha/enterprise/clr?k=6Lf3d9UsAAAAAILBqo6A909pmhyvtYmDoxaKtfMV:0
[33811305ms] [ERROR] Failed to load resource: net::ERR_INTERNET_DISCONNECTED @ https://www.google.com/recaptcha/enterprise/clr?k=6Lf3d9UsAAAAAILBqo6A909pmhyvtYmDoxaKtfMV:0
[33811308ms] [ERROR] Failed to load resource: net::ERR_INTERNET_DISCONNECTED @ https://www.google.com/recaptcha/enterprise/clr?k=6Lf3d9UsAAAAAILBqo6A909pmhyvtYmDoxaKtfMV:0
[38464262ms] [WARNING] [2026-09-01T18:19:06.077Z]  @firebase/auth: Auth (12.6.0): Error while retrieving App Check token: FirebaseError: AppCheck: ReCAPTCHA error. (appCheck/recaptcha-error). @ https://outrun.co.il/_next/static/chunks/2532-16f59635ee5a761a.js:14
[38464273ms] [ERROR] Failed to load resource: net::ERR_INTERNET_DISCONNECTED @ https://securetoken.googleapis.com/v1/token?key=AIzaSyCezG55zVQEZWCEs-lHzx_yQldg-Ej2X60:0
[38464275ms] [ERROR] Failed to load resource: net::ERR_INTERNET_DISCONNECTED @ https://www.google.com/recaptcha/enterprise/clr?k=6Lf3d9UsAAAAAILBqo6A909pmhyvtYmDoxaKtfMV:0
[38464278ms] [ERROR] Failed to load resource: net::ERR_INTERNET_DISCONNECTED @ https://www.google.com/recaptcha/enterprise/clr?k=6Lf3d9UsAAAAAILBqo6A909pmhyvtYmDoxaKtfMV:0
[38464280ms] [ERROR] Failed to load resource: net::ERR_INTERNET_DISCONNECTED @ https://www.google.com/recaptcha/enterprise/clr?k=6Lf3d9UsAAAAAILBqo6A909pmhyvtYmDoxaKtfMV:0
[38464282ms] [ERROR] Failed to load resource: net::ERR_INTERNET_DISCONNECTED @ https://www.google.com/recaptcha/enterprise/clr?k=6Lf3d9UsAAAAAILBqo6A909pmhyvtYmDoxaKtfMV:0
[41116897ms] [WARNING] [2026-09-01T19:03:18.711Z]  @firebase/auth: Auth (12.6.0): Error while retrieving App Check token: FirebaseError: AppCheck: ReCAPTCHA error. (appCheck/recaptcha-error). @ https://outrun.co.il/_next/static/chunks/2532-16f59635ee5a761a.js:14
[41116903ms] [ERROR] Failed to load resource: net::ERR_INTERNET_DISCONNECTED @ https://www.google.com/recaptcha/enterprise/clr?k=6Lf3d9UsAAAAAILBqo6A909pmhyvtYmDoxaKtfMV:0
[41116904ms] [ERROR] Failed to load resource: net::ERR_INTERNET_DISCONNECTED @ https://securetoken.googleapis.com/v1/token?key=AIzaSyCezG55zVQEZWCEs-lHzx_yQldg-Ej2X60:0
[41116905ms] [ERROR] Failed to load resource: net::ERR_INTERNET_DISCONNECTED @ https://www.google.com/recaptcha/enterprise/clr?k=6Lf3d9UsAAAAAILBqo6A909pmhyvtYmDoxaKtfMV:0
[41116907ms] [ERROR] Failed to load resource: net::ERR_INTERNET_DISCONNECTED @ https://www.google.com/recaptcha/enterprise/clr?k=6Lf3d9UsAAAAAILBqo6A909pmhyvtYmDoxaKtfMV:0
[41116909ms] [ERROR] Failed to load resource: net::ERR_INTERNET_DISCONNECTED @ https://www.google.com/recaptcha/enterprise/clr?k=6Lf3d9UsAAAAAILBqo6A909pmhyvtYmDoxaKtfMV:0
[41142906ms] [WARNING] [2026-09-01T19:03:44.720Z]  @firebase/auth: Auth (12.6.0): Error while retrieving App Check token: FirebaseError: AppCheck: ReCAPTCHA error. (appCheck/recaptcha-error). @ https://outrun.co.il/_next/static/chunks/2532-16f59635ee5a761a.js:14
[41142924ms] [ERROR] Failed to load resource: net::ERR_INTERNET_DISCONNECTED @ https://securetoken.googleapis.com/v1/token?key=AIzaSyCezG55zVQEZWCEs-lHzx_yQldg-Ej2X60:0
[41142925ms] [WARNING] [AdminSessionSync] Refresh failed: FirebaseError: Firebase: Error (auth/network-request-failed).
    at _ (https://outrun.co.il/_next/static/chunks/ebf8faf4-4b21e6e1cecfd8ac.js:1:2449)
    at d (https://outrun.co.il/_next/static/chunks/ebf8faf4-4b21e6e1cecfd8ac.js:1:1774)
    at O (https://outrun.co.il/_next/static/chunks/ebf8faf4-4b21e6e1cecfd8ac.js:1:8154)
    at async et (https://outrun.co.il/_next/static/chunks/ebf8faf4-4b21e6e1cecfd8ac.js:1:13604)
    at async er.refresh (https://outrun.co.il/_next/static/chunks/ebf8faf4-4b21e6e1cecfd8ac.js:1:15036)
    at async er.getToken (https://outrun.co.il/_next/static/chunks/ebf8faf4-4b21e6e1cecfd8ac.js:1:14848)
    at async B (https://outrun.co.il/_next/static/chunks/ebf8faf4-4b21e6e1cecfd8ac.js:1:11368)
    at async es.getIdToken (https://outrun.co.il/_next/static/chunks/ebf8faf4-4b21e6e1cecfd8ac.js:1:16560)
    at async https://outrun.co.il/_next/static/chunks/app/admin/layout-19dbfc67bfe16a74.js:1:4522 @ https://outrun.co.il/_next/static/chunks/app/admin/layout-19dbfc67bfe16a74.js:0
[41142927ms] [ERROR] Failed to load resource: net::ERR_INTERNET_DISCONNECTED @ https://www.google.com/recaptcha/enterprise/clr?k=6Lf3d9UsAAAAAILBqo6A909pmhyvtYmDoxaKtfMV:0
[41142932ms] [ERROR] Failed to load resource: net::ERR_INTERNET_DISCONNECTED @ https://www.google.com/recaptcha/enterprise/clr?k=6Lf3d9UsAAAAAILBqo6A909pmhyvtYmDoxaKtfMV:0
[41142936ms] [ERROR] Failed to load resource: net::ERR_INTERNET_DISCONNECTED @ https://www.google.com/recaptcha/enterprise/clr?k=6Lf3d9UsAAAAAILBqo6A909pmhyvtYmDoxaKtfMV:0
[41142940ms] [ERROR] Failed to load resource: net::ERR_INTERNET_DISCONNECTED @ https://www.google.com/recaptcha/enterprise/clr?k=6Lf3d9UsAAAAAILBqo6A909pmhyvtYmDoxaKtfMV:0
[41159497ms] [WARNING] [2026-09-01T19:04:01.311Z]  @firebase/auth: Auth (12.6.0): Error while retrieving App Check token: FirebaseError: AppCheck: ReCAPTCHA error. (appCheck/recaptcha-error). @ https://outrun.co.il/_next/static/chunks/2532-16f59635ee5a761a.js:14
[41274855ms] [WARNING] [2026-09-01T19:05:56.670Z]  @firebase/auth: Auth (12.6.0): Error while retrieving App Check token: FirebaseError: AppCheck: ReCAPTCHA error. (appCheck/recaptcha-error). @ https://outrun.co.il/_next/static/chunks/2532-16f59635ee5a761a.js:14
[41442053ms] [WARNING] [2026-09-01T19:08:43.867Z]  @firebase/auth: Auth (12.6.0): Error while retrieving App Check token: FirebaseError: AppCheck: ReCAPTCHA error. (appCheck/recaptcha-error). @ https://outrun.co.il/_next/static/chunks/2532-16f59635ee5a761a.js:14
[43293778ms] [WARNING] [2026-09-01T19:39:35.592Z]  @firebase/auth: Auth (12.6.0): Error while retrieving App Check token: FirebaseError: AppCheck: ReCAPTCHA error. (appCheck/recaptcha-error). @ https://outrun.co.il/_next/static/chunks/2532-16f59635ee5a761a.js:14
[43294184ms] [WARNING] [2026-09-01T19:39:35.998Z]  @firebase/auth: Auth (12.6.0): Error while retrieving App Check token: FirebaseError: AppCheck: ReCAPTCHA error. (appCheck/recaptcha-error). @ https://outrun.co.il/_next/static/chunks/2532-16f59635ee5a761a.js:14
[43294184ms] [WARNING] [2026-09-01T19:39:35.998Z]  @firebase/auth: Auth (12.6.0): Error while retrieving App Check token: FirebaseError: AppCheck: ReCAPTCHA error. (appCheck/recaptcha-error). @ https://outrun.co.il/_next/static/chunks/2532-16f59635ee5a761a.js:14
[43295880ms] [LOG] [getAuthoritiesByManager] Super Admin — returning all 79 top-level authorities @ https://outrun.co.il/_next/static/chunks/7034-dcf27cf9b9fea1db.js:0
[43296538ms] [LOG] [getAuthoritiesByManager] Super Admin — returning all 79 top-level authorities @ https://outrun.co.il/_next/static/chunks/7034-dcf27cf9b9fea1db.js:0
[43296937ms] [LOG] [getAuthoritiesByManager] Super Admin — returning all 79 top-level authorities @ https://outrun.co.il/_next/static/chunks/7034-dcf27cf9b9fea1db.js:0
[43298189ms] [LOG] [getAuthoritiesByManager] Super Admin — returning all 79 top-level authorities @ https://outrun.co.il/_next/static/chunks/7034-dcf27cf9b9fea1db.js:0
[43298296ms] [LOG] [getAuthoritiesByManager] Super Admin — returning all 79 top-level authorities @ https://outrun.co.il/_next/static/chunks/7034-dcf27cf9b9fea1db.js:0
[43314942ms] [LOG] [route-adjacency] Recomputed "חיפה": 4 corridors → 0 candidate edges @ https://outrun.co.il/_next/static/chunks/7034-dcf27cf9b9fea1db.js:0
[43315012ms] [LOG] [OfficialBroadcaster] ✅ Broadcast 40 segments for route "הקפת ספורטק חיפה" (id=ccRfP8C8TNCZmbt6zoV2, city="חיפה", scored=10) @ https://outrun.co.il/_next/static/chunks/7034-dcf27cf9b9fea1db.js:0
[43315012ms] [LOG] 📡 Approve broadcast: 40 segments for route ccRfP8C8TNCZmbt6zoV2 (ok). @ https://outrun.co.il/_next/static/chunks/7034-dcf27cf9b9fea1db.js:0
[43354220ms] [LOG] [getAuthoritiesByManager] Super Admin — returning all 79 top-level authorities @ https://outrun.co.il/_next/static/chunks/7034-dcf27cf9b9fea1db.js:0
[43403766ms] [ERROR] Failed to load resource: the server responded with a status of 403 () @ https://firebasestorage.googleapis.com/v0/b/appout-1.firebasestorage.app/o/dem-tiles%2Fz14%2F9784_6609.json?alt=media:0
[43404023ms] [ERROR] Failed to load resource: the server responded with a status of 403 () @ https://firebasestorage.googleapis.com/v0/b/appout-1.firebasestorage.app/o/dem-tiles%2Fz14%2F9784_6610.json?alt=media:0
[43447783ms] [LOG] [getAuthoritiesByManager] Super Admin — returning all 79 top-level authorities @ https://outrun.co.il/_next/static/chunks/7034-dcf27cf9b9fea1db.js:0
[43455993ms] [LOG] [getAuthoritiesByManager] Super Admin — returning all 79 top-level authorities @ https://outrun.co.il/_next/static/chunks/7034-dcf27cf9b9fea1db.js:0
[43466771ms] [LOG] [route-adjacency] Recomputed "חיפה": 5 corridors → 0 candidate edges @ https://outrun.co.il/_next/static/chunks/7034-dcf27cf9b9fea1db.js:0
[43466922ms] [LOG] [OfficialBroadcaster] ✅ Broadcast 33 segments for route "טיילת לואי" (id=w9w374yTMFfdjWtd44s0, city="חיפה", scored=10) @ https://outrun.co.il/_next/static/chunks/7034-dcf27cf9b9fea1db.js:0
[43466922ms] [LOG] 📡 Approve broadcast: 33 segments for route w9w374yTMFfdjWtd44s0 (ok). @ https://outrun.co.il/_next/static/chunks/7034-dcf27cf9b9fea1db.js:0
[44278765ms] [LOG] [OfficialBroadcaster] ✅ Broadcast 23 segments for route "ואדי זיו" (id=SetKBSkuYRkKa0gcVfYN, city="חיפה", scored=10) @ https://outrun.co.il/_next/static/chunks/7034-dcf27cf9b9fea1db.js:0
[44278765ms] [LOG] 📡 Approve broadcast: 23 segments for route SetKBSkuYRkKa0gcVfYN (ok). @ https://outrun.co.il/_next/static/chunks/7034-dcf27cf9b9fea1db.js:0
[44278775ms] [LOG] [route-adjacency] Recomputed "חיפה": 6 corridors → 2 candidate edges @ https://outrun.co.il/_next/static/chunks/7034-dcf27cf9b9fea1db.js:0
[44290090ms] [LOG] ✅ Bulk-approved 1 routes @ https://outrun.co.il/_next/static/chunks/7034-dcf27cf9b9fea1db.js:0
[44290659ms] [LOG] [OfficialBroadcaster] 🧹 Deleted 23 street_segments for routeId=SetKBSkuYRkKa0gcVfYN @ https://outrun.co.il/_next/static/chunks/7034-dcf27cf9b9fea1db.js:0
[44290705ms] [LOG] [route-adjacency] Recomputed "חיפה": 6 corridors → 2 candidate edges @ https://outrun.co.il/_next/static/chunks/7034-dcf27cf9b9fea1db.js:0
[44291067ms] [LOG] [OfficialBroadcaster] ✅ Broadcast 23 segments for route "ואדי זיו" (id=SetKBSkuYRkKa0gcVfYN, city="חיפה", scored=10) @ https://outrun.co.il/_next/static/chunks/7034-dcf27cf9b9fea1db.js:0
[44291067ms] [LOG] 📡 Bulk-approve broadcast: 23 segments across 1 routes. @ https://outrun.co.il/_next/static/chunks/7034-dcf27cf9b9fea1db.js:0
[44906244ms] [ERROR] Failed to load resource: net::ERR_QUIC_PROTOCOL_ERROR.QUIC_PUBLIC_RESET @ https://firestore.googleapis.com/google.firestore.v1.Firestore/Listen/channel?gsessionid=kGjmhaQ6VCcIzd-tdmOlCZHUuh6R1RzdrZexv0_h0ZohDbape0Zqgw&VER=8&database=projects%2Fappout-1%2Fdatabases%2F(default)&RID=rpc&SID=0IqSPjSajukY9K81wUzh3g&AID=176&CI=0&TYPE=xmlhttp&zx=czzrza7g0i5z&t=1:0
[44906422ms] [ERROR] Failed to load resource: the server responded with a status of 400 () @ https://firestore.googleapis.com/google.firestore.v1.Firestore/Listen/channel?gsessionid=kGjmhaQ6VCcIzd-tdmOlCZHUuh6R1RzdrZexv0_h0ZohDbape0Zqgw&VER=8&database=projects%2Fappout-1%2Fdatabases%2F(default)&RID=rpc&SID=0IqSPjSajukY9K81wUzh3g&AID=177&CI=0&TYPE=xmlhttp&zx=p2jwcanjjf47&t=1:0
[44906425ms] [WARNING] [2026-09-01T20:06:28.239Z]  @firebase/firestore: Firestore (12.6.0): WebChannelConnection RPC 'Listen' stream 0x83f43741 transport errored. Name: undefined Message: undefined @ https://outrun.co.il/_next/static/chunks/2532-16f59635ee5a761a.js:14
[45034581ms] [ERROR] Failed to load resource: net::ERR_QUIC_PROTOCOL_ERROR.QUIC_TOO_MANY_RTOS @ https://firestore.googleapis.com/google.firestore.v1.Firestore/Listen/channel?gsessionid=l5FoKhU4rBagSRqTjGx9xs8t0OvPpJ4GcMB6OaWHZoM5-zo2AfHE3g&VER=8&database=projects%2Fappout-1%2Fdatabases%2F(default)&RID=rpc&SID=1Zp4tD_qEiaJvrC9_0oO9Q&AID=0&CI=0&TYPE=xmlhttp&zx=b808c5h45brn&t=1:0
[45035181ms] [ERROR] [2026-09-01T20:08:36.994Z]  @firebase/firestore: Firestore (12.6.0): Failed to obtain primary lease for action 'Apply remote event'. @ https://outrun.co.il/_next/static/chunks/2117-3c64067cbd5bff19.js:0
[45035181ms] [ERROR] [2026-09-01T20:08:36.996Z]  @firebase/firestore: Firestore (12.6.0): Failed to obtain primary lease for action 'Apply remote event'. @ https://outrun.co.il/_next/static/chunks/2117-3c64067cbd5bff19.js:0
[46108511ms] [ERROR] Failed to load resource: net::ERR_NAME_NOT_RESOLVED @ https://www.google.com/recaptcha/enterprise/clr?k=6Lf3d9UsAAAAAILBqo6A909pmhyvtYmDoxaKtfMV:0
[46108530ms] [ERROR] Failed to load resource: net::ERR_NAME_NOT_RESOLVED @ https://www.google.com/recaptcha/enterprise/clr?k=6Lf3d9UsAAAAAILBqo6A909pmhyvtYmDoxaKtfMV:0
[46108533ms] [ERROR] Failed to load resource: net::ERR_NAME_NOT_RESOLVED @ https://www.google.com/recaptcha/enterprise/clr?k=6Lf3d9UsAAAAAILBqo6A909pmhyvtYmDoxaKtfMV:0
[46108551ms] [ERROR] Failed to load resource: net::ERR_NAME_NOT_RESOLVED @ https://www.google.com/recaptcha/enterprise/clr?k=6Lf3d9UsAAAAAILBqo6A909pmhyvtYmDoxaKtfMV:0
[46108697ms] [ERROR] Failed to load resource: net::ERR_NAME_NOT_RESOLVED @ https://www.google.com/recaptcha/enterprise/clr?k=6Lf3d9UsAAAAAILBqo6A909pmhyvtYmDoxaKtfMV:0
[46108721ms] [ERROR] Failed to load resource: net::ERR_INTERNET_DISCONNECTED @ https://firestore.googleapis.com/google.firestore.v1.Firestore/Listen/channel?VER=8&database=projects%2Fappout-1%2Fdatabases%2F(default)&RID=56285&CVER=22&X-HTTP-Session-Id=gsessionid&zx=xn9o1hcfd973&t=1:0
[46108721ms] [WARNING] [2026-09-01T20:26:30.536Z]  @firebase/firestore: Firestore (12.6.0): WebChannelConnection RPC 'Listen' stream 0x83f43745 transport errored. Name: undefined Message: undefined @ https://outrun.co.il/_next/static/chunks/2532-16f59635ee5a761a.js:14
[46108731ms] [ERROR] Failed to load resource: net::ERR_INTERNET_DISCONNECTED @ https://www.google.com/recaptcha/enterprise/clr?k=6Lf3d9UsAAAAAILBqo6A909pmhyvtYmDoxaKtfMV:0
[46108745ms] [ERROR] Failed to load resource: net::ERR_INTERNET_DISCONNECTED @ https://firestore.googleapis.com/google.firestore.v1.Firestore/Listen/channel?VER=8&database=projects%2Fappout-1%2Fdatabases%2F(default)&RID=82245&CVER=22&X-HTTP-Session-Id=gsessionid&zx=ljg7lqidjzrs&t=1:0
[46108746ms] [WARNING] [2026-09-01T20:26:30.560Z]  @firebase/firestore: Firestore (12.6.0): WebChannelConnection RPC 'Listen' stream 0x83f43746 transport errored. Name: undefined Message: undefined @ https://outrun.co.il/_next/static/chunks/2532-16f59635ee5a761a.js:14
[46108753ms] [ERROR] Failed to load resource: net::ERR_INTERNET_DISCONNECTED @ https://www.google.com/recaptcha/enterprise/clr?k=6Lf3d9UsAAAAAILBqo6A909pmhyvtYmDoxaKtfMV:0
[46108753ms] [ERROR] Failed to load resource: net::ERR_INTERNET_DISCONNECTED @ https://www.google.com/recaptcha/enterprise/clr?k=6Lf3d9UsAAAAAILBqo6A909pmhyvtYmDoxaKtfMV:0
[46108754ms] [ERROR] Failed to load resource: net::ERR_INTERNET_DISCONNECTED @ https://www.google.com/images/cleardot.gif?zx=wd1c4w3x9u56:0
[46108773ms] [ERROR] Failed to load resource: net::ERR_INTERNET_DISCONNECTED @ https://www.google.com/images/cleardot.gif?zx=sner84s3b4gv:0
[46108776ms] [ERROR] Failed to load resource: net::ERR_INTERNET_DISCONNECTED @ https://www.google.com/recaptcha/enterprise/clr?k=6Lf3d9UsAAAAAILBqo6A909pmhyvtYmDoxaKtfMV:0
[46108782ms] [ERROR] Failed to load resource: net::ERR_INTERNET_DISCONNECTED @ https://www.google.com/recaptcha/enterprise/clr?k=6Lf3d9UsAAAAAILBqo6A909pmhyvtYmDoxaKtfMV:0
[46108797ms] [ERROR] Failed to load resource: net::ERR_INTERNET_DISCONNECTED @ https://www.google.com/recaptcha/enterprise/clr?k=6Lf3d9UsAAAAAILBqo6A909pmhyvtYmDoxaKtfMV:0
[46108807ms] [ERROR] Failed to load resource: net::ERR_INTERNET_DISCONNECTED @ https://www.google.com/recaptcha/enterprise/clr?k=6Lf3d9UsAAAAAILBqo6A909pmhyvtYmDoxaKtfMV:0
[46109470ms] [ERROR] Failed to load resource: net::ERR_INTERNET_DISCONNECTED @ https://firestore.googleapis.com/google.firestore.v1.Firestore/Listen/channel?VER=8&database=projects%2Fappout-1%2Fdatabases%2F(default)&RID=19433&CVER=22&X-HTTP-Session-Id=gsessionid&zx=5kt1h2j0o8ra&t=1:0
[46109471ms] [WARNING] [2026-09-01T20:26:31.285Z]  @firebase/firestore: Firestore (12.6.0): WebChannelConnection RPC 'Listen' stream 0x83f43747 transport errored. Name: undefined Message: undefined @ https://outrun.co.il/_next/static/chunks/2532-16f59635ee5a761a.js:14
[46109471ms] [ERROR] Failed to load resource: net::ERR_INTERNET_DISCONNECTED @ https://www.google.com/recaptcha/enterprise/clr?k=6Lf3d9UsAAAAAILBqo6A909pmhyvtYmDoxaKtfMV:0
[46109473ms] [ERROR] Failed to load resource: net::ERR_INTERNET_DISCONNECTED @ https://www.google.com/recaptcha/enterprise/clr?k=6Lf3d9UsAAAAAILBqo6A909pmhyvtYmDoxaKtfMV:0
[46109473ms] [ERROR] Failed to load resource: net::ERR_INTERNET_DISCONNECTED @ https://www.google.com/images/cleardot.gif?zx=d1whwfh54o6s:0
[46109474ms] [ERROR] Failed to load resource: net::ERR_INTERNET_DISCONNECTED @ https://www.google.com/recaptcha/enterprise/clr?k=6Lf3d9UsAAAAAILBqo6A909pmhyvtYmDoxaKtfMV:0
[46109475ms] [ERROR] Failed to load resource: net::ERR_INTERNET_DISCONNECTED @ https://www.google.com/recaptcha/enterprise/clr?k=6Lf3d9UsAAAAAILBqo6A909pmhyvtYmDoxaKtfMV:0
[46111327ms] [ERROR] Failed to load resource: net::ERR_INTERNET_DISCONNECTED @ https://firestore.googleapis.com/google.firestore.v1.Firestore/Listen/channel?VER=8&database=projects%2Fappout-1%2Fdatabases%2F(default)&RID=45721&CVER=22&X-HTTP-Session-Id=gsessionid&zx=ivhb8dhkqipl&t=1:0
[46111327ms] [WARNING] [2026-09-01T20:26:33.142Z]  @firebase/firestore: Firestore (12.6.0): WebChannelConnection RPC 'Listen' stream 0x83f43748 transport errored. Name: undefined Message: undefined @ https://outrun.co.il/_next/static/chunks/2532-16f59635ee5a761a.js:14
[46111327ms] [ERROR] Failed to load resource: net::ERR_INTERNET_DISCONNECTED @ https://www.google.com/recaptcha/enterprise/clr?k=6Lf3d9UsAAAAAILBqo6A909pmhyvtYmDoxaKtfMV:0
[46111329ms] [ERROR] Failed to load resource: net::ERR_INTERNET_DISCONNECTED @ https://www.google.com/recaptcha/enterprise/clr?k=6Lf3d9UsAAAAAILBqo6A909pmhyvtYmDoxaKtfMV:0
[46111329ms] [ERROR] Failed to load resource: net::ERR_INTERNET_DISCONNECTED @ https://www.google.com/images/cleardot.gif?zx=tpp2fr9mul4p:0
[46111330ms] [ERROR] Failed to load resource: net::ERR_INTERNET_DISCONNECTED @ https://www.google.com/recaptcha/enterprise/clr?k=6Lf3d9UsAAAAAILBqo6A909pmhyvtYmDoxaKtfMV:0
[46111331ms] [ERROR] Failed to load resource: net::ERR_INTERNET_DISCONNECTED @ https://www.google.com/recaptcha/enterprise/clr?k=6Lf3d9UsAAAAAILBqo6A909pmhyvtYmDoxaKtfMV:0
[47037753ms] [ERROR] Failed to load resource: net::ERR_INTERNET_DISCONNECTED @ https://www.google.com/recaptcha/enterprise/clr?k=6Lf3d9UsAAAAAILBqo6A909pmhyvtYmDoxaKtfMV:0
[47037754ms] [ERROR] Failed to load resource: net::ERR_INTERNET_DISCONNECTED @ https://firestore.googleapis.com/google.firestore.v1.Firestore/Listen/channel?VER=8&database=projects%2Fappout-1%2Fdatabases%2F(default)&RID=69274&CVER=22&X-HTTP-Session-Id=gsessionid&zx=6txi2fe7754s&t=1:0
[47037754ms] [WARNING] [2026-09-01T20:41:59.568Z]  @firebase/firestore: Firestore (12.6.0): WebChannelConnection RPC 'Listen' stream 0x83f43749 transport errored. Name: undefined Message: undefined @ https://outrun.co.il/_next/static/chunks/2532-16f59635ee5a761a.js:14
[47037759ms] [ERROR] Failed to load resource: net::ERR_INTERNET_DISCONNECTED @ https://www.google.com/recaptcha/enterprise/clr?k=6Lf3d9UsAAAAAILBqo6A909pmhyvtYmDoxaKtfMV:0
[47037760ms] [ERROR] Failed to load resource: net::ERR_INTERNET_DISCONNECTED @ https://www.google.com/images/cleardot.gif?zx=dgvps4d6txsp:0
[47037765ms] [ERROR] Failed to load resource: net::ERR_INTERNET_DISCONNECTED @ https://www.google.com/recaptcha/enterprise/clr?k=6Lf3d9UsAAAAAILBqo6A909pmhyvtYmDoxaKtfMV:0
[47037806ms] [ERROR] Failed to load resource: net::ERR_INTERNET_DISCONNECTED @ https://www.google.com/recaptcha/enterprise/clr?k=6Lf3d9UsAAAAAILBqo6A909pmhyvtYmDoxaKtfMV:0
[48097174ms] [WARNING] [2026-09-01T20:59:38.988Z]  @firebase/auth: Auth (12.6.0): Error while retrieving App Check token: FirebaseError: AppCheck: ReCAPTCHA error. (appCheck/recaptcha-error). @ https://outrun.co.il/_next/static/chunks/2532-16f59635ee5a761a.js:14
[48097187ms] [ERROR] Failed to load resource: net::ERR_INTERNET_DISCONNECTED @ https://securetoken.googleapis.com/v1/token?key=AIzaSyCezG55zVQEZWCEs-lHzx_yQldg-Ej2X60:0
[48097188ms] [ERROR] Failed to load resource: net::ERR_INTERNET_DISCONNECTED @ https://www.google.com/recaptcha/enterprise/clr?k=6Lf3d9UsAAAAAILBqo6A909pmhyvtYmDoxaKtfMV:0
[48097191ms] [WARNING] [2026-09-01T20:59:39.005Z]  @firebase/auth: Auth (12.6.0): Error while retrieving App Check token: FirebaseError: AppCheck: ReCAPTCHA error. (appCheck/recaptcha-error). @ https://outrun.co.il/_next/static/chunks/2532-16f59635ee5a761a.js:14
[48097196ms] [ERROR] Failed to load resource: net::ERR_INTERNET_DISCONNECTED @ https://www.google.com/recaptcha/enterprise/clr?k=6Lf3d9UsAAAAAILBqo6A909pmhyvtYmDoxaKtfMV:0
[48097198ms] [ERROR] Failed to load resource: net::ERR_INTERNET_DISCONNECTED @ https://securetoken.googleapis.com/v1/token?key=AIzaSyCezG55zVQEZWCEs-lHzx_yQldg-Ej2X60:0
[48097199ms] [ERROR] Failed to load resource: net::ERR_INTERNET_DISCONNECTED @ https://www.google.com/recaptcha/enterprise/clr?k=6Lf3d9UsAAAAAILBqo6A909pmhyvtYmDoxaKtfMV:0
[48097199ms] [ERROR] Failed to load resource: net::ERR_INTERNET_DISCONNECTED @ https://www.google.com/recaptcha/enterprise/clr?k=6Lf3d9UsAAAAAILBqo6A909pmhyvtYmDoxaKtfMV:0
[48097200ms] [ERROR] Failed to load resource: net::ERR_INTERNET_DISCONNECTED @ https://www.google.com/recaptcha/enterprise/clr?k=6Lf3d9UsAAAAAILBqo6A909pmhyvtYmDoxaKtfMV:0
[48097201ms] [ERROR] Failed to load resource: net::ERR_INTERNET_DISCONNECTED @ https://www.google.com/recaptcha/enterprise/clr?k=6Lf3d9UsAAAAAILBqo6A909pmhyvtYmDoxaKtfMV:0
[48097201ms] [ERROR] Failed to load resource: net::ERR_INTERNET_DISCONNECTED @ https://www.google.com/recaptcha/enterprise/clr?k=6Lf3d9UsAAAAAILBqo6A909pmhyvtYmDoxaKtfMV:0
[48097204ms] [ERROR] Failed to load resource: net::ERR_INTERNET_DISCONNECTED @ https://www.google.com/recaptcha/enterprise/clr?k=6Lf3d9UsAAAAAILBqo6A909pmhyvtYmDoxaKtfMV:0
[48098055ms] [WARNING] [2026-09-01T20:59:39.870Z]  @firebase/auth: Auth (12.6.0): Error while retrieving App Check token: FirebaseError: AppCheck: ReCAPTCHA error. (appCheck/recaptcha-error). @ https://outrun.co.il/_next/static/chunks/2532-16f59635ee5a761a.js:14
[48098061ms] [ERROR] Failed to load resource: net::ERR_INTERNET_DISCONNECTED @ https://www.google.com/recaptcha/enterprise/clr?k=6Lf3d9UsAAAAAILBqo6A909pmhyvtYmDoxaKtfMV:0
[48098062ms] [ERROR] Failed to load resource: net::ERR_INTERNET_DISCONNECTED @ https://securetoken.googleapis.com/v1/token?key=AIzaSyCezG55zVQEZWCEs-lHzx_yQldg-Ej2X60:0
[48098063ms] [ERROR] Failed to load resource: net::ERR_INTERNET_DISCONNECTED @ https://www.google.com/recaptcha/enterprise/clr?k=6Lf3d9UsAAAAAILBqo6A909pmhyvtYmDoxaKtfMV:0
[48098065ms] [ERROR] Failed to load resource: net::ERR_INTERNET_DISCONNECTED @ https://www.google.com/recaptcha/enterprise/clr?k=6Lf3d9UsAAAAAILBqo6A909pmhyvtYmDoxaKtfMV:0
[48098066ms] [ERROR] Failed to load resource: net::ERR_INTERNET_DISCONNECTED @ https://www.google.com/recaptcha/enterprise/clr?k=6Lf3d9UsAAAAAILBqo6A909pmhyvtYmDoxaKtfMV:0
[48099303ms] [WARNING] [2026-09-01T20:59:41.117Z]  @firebase/auth: Auth (12.6.0): Error while retrieving App Check token: FirebaseError: AppCheck: ReCAPTCHA error. (appCheck/recaptcha-error). @ https://outrun.co.il/_next/static/chunks/2532-16f59635ee5a761a.js:14
[48099310ms] [ERROR] Failed to load resource: net::ERR_INTERNET_DISCONNECTED @ https://securetoken.googleapis.com/v1/token?key=AIzaSyCezG55zVQEZWCEs-lHzx_yQldg-Ej2X60:0
[48099310ms] [ERROR] Failed to load resource: net::ERR_INTERNET_DISCONNECTED @ https://www.google.com/recaptcha/enterprise/clr?k=6Lf3d9UsAAAAAILBqo6A909pmhyvtYmDoxaKtfMV:0
[48099314ms] [ERROR] Failed to load resource: net::ERR_INTERNET_DISCONNECTED @ https://www.google.com/recaptcha/enterprise/clr?k=6Lf3d9UsAAAAAILBqo6A909pmhyvtYmDoxaKtfMV:0
[48099317ms] [ERROR] Failed to load resource: net::ERR_INTERNET_DISCONNECTED @ https://www.google.com/recaptcha/enterprise/clr?k=6Lf3d9UsAAAAAILBqo6A909pmhyvtYmDoxaKtfMV:0
[48099319ms] [ERROR] Failed to load resource: net::ERR_INTERNET_DISCONNECTED @ https://www.google.com/recaptcha/enterprise/clr?k=6Lf3d9UsAAAAAILBqo6A909pmhyvtYmDoxaKtfMV:0
[48100719ms] [WARNING] [2026-09-01T20:59:42.533Z]  @firebase/auth: Auth (12.6.0): Error while retrieving App Check token: FirebaseError: AppCheck: ReCAPTCHA error. (appCheck/recaptcha-error). @ https://outrun.co.il/_next/static/chunks/2532-16f59635ee5a761a.js:14
[48100728ms] [ERROR] Failed to load resource: net::ERR_INTERNET_DISCONNECTED @ https://www.google.com/recaptcha/enterprise/clr?k=6Lf3d9UsAAAAAILBqo6A909pmhyvtYmDoxaKtfMV:0
[48100729ms] [ERROR] Failed to load resource: net::ERR_INTERNET_DISCONNECTED @ https://securetoken.googleapis.com/v1/token?key=AIzaSyCezG55zVQEZWCEs-lHzx_yQldg-Ej2X60:0
[48100731ms] [ERROR] Failed to load resource: net::ERR_INTERNET_DISCONNECTED @ https://www.google.com/recaptcha/enterprise/clr?k=6Lf3d9UsAAAAAILBqo6A909pmhyvtYmDoxaKtfMV:0
[48100734ms] [ERROR] Failed to load resource: net::ERR_INTERNET_DISCONNECTED @ https://www.google.com/recaptcha/enterprise/clr?k=6Lf3d9UsAAAAAILBqo6A909pmhyvtYmDoxaKtfMV:0
[48100737ms] [ERROR] Failed to load resource: net::ERR_INTERNET_DISCONNECTED @ https://www.google.com/recaptcha/enterprise/clr?k=6Lf3d9UsAAAAAILBqo6A909pmhyvtYmDoxaKtfMV:0
[49148648ms] [WARNING] [2026-09-01T21:17:10.462Z]  @firebase/auth: Auth (12.6.0): Error while retrieving App Check token: FirebaseError: AppCheck: ReCAPTCHA error. (appCheck/recaptcha-error). @ https://outrun.co.il/_next/static/chunks/2532-16f59635ee5a761a.js:14
[49148652ms] [ERROR] Failed to load resource: net::ERR_INTERNET_DISCONNECTED @ https://securetoken.googleapis.com/v1/token?key=AIzaSyCezG55zVQEZWCEs-lHzx_yQldg-Ej2X60:0
[49148653ms] [ERROR] Failed to load resource: net::ERR_INTERNET_DISCONNECTED @ https://www.google.com/recaptcha/enterprise/clr?k=6Lf3d9UsAAAAAILBqo6A909pmhyvtYmDoxaKtfMV:0
[49148655ms] [ERROR] Failed to load resource: net::ERR_INTERNET_DISCONNECTED @ https://www.google.com/recaptcha/enterprise/clr?k=6Lf3d9UsAAAAAILBqo6A909pmhyvtYmDoxaKtfMV:0
[49148656ms] [ERROR] Failed to load resource: net::ERR_INTERNET_DISCONNECTED @ https://www.google.com/recaptcha/enterprise/clr?k=6Lf3d9UsAAAAAILBqo6A909pmhyvtYmDoxaKtfMV:0
[49148657ms] [ERROR] Failed to load resource: net::ERR_INTERNET_DISCONNECTED @ https://www.google.com/recaptcha/enterprise/clr?k=6Lf3d9UsAAAAAILBqo6A909pmhyvtYmDoxaKtfMV:0
[51080438ms] [WARNING] [2026-09-01T21:49:22.252Z]  @firebase/auth: Auth (12.6.0): Error while retrieving App Check token: FirebaseError: AppCheck: ReCAPTCHA error. (appCheck/recaptcha-error). @ https://outrun.co.il/_next/static/chunks/2532-16f59635ee5a761a.js:14
[51080445ms] [ERROR] Failed to load resource: net::ERR_INTERNET_DISCONNECTED @ https://securetoken.googleapis.com/v1/token?key=AIzaSyCezG55zVQEZWCEs-lHzx_yQldg-Ej2X60:0
[51080446ms] [ERROR] Failed to load resource: net::ERR_INTERNET_DISCONNECTED @ https://www.google.com/recaptcha/enterprise/clr?k=6Lf3d9UsAAAAAILBqo6A909pmhyvtYmDoxaKtfMV:0
[51080448ms] [WARNING] [2026-09-01T21:49:22.263Z]  @firebase/auth: Auth (12.6.0): Error while retrieving App Check token: FirebaseError: AppCheck: ReCAPTCHA error. (appCheck/recaptcha-error). @ https://outrun.co.il/_next/static/chunks/2532-16f59635ee5a761a.js:14
[51080449ms] [ERROR] Failed to load resource: net::ERR_INTERNET_DISCONNECTED @ https://www.google.com/recaptcha/enterprise/clr?k=6Lf3d9UsAAAAAILBqo6A909pmhyvtYmDoxaKtfMV:0
[51080450ms] [ERROR] Failed to load resource: net::ERR_INTERNET_DISCONNECTED @ https://securetoken.googleapis.com/v1/token?key=AIzaSyCezG55zVQEZWCEs-lHzx_yQldg-Ej2X60:0
[51080451ms] [ERROR] Failed to load resource: net::ERR_INTERNET_DISCONNECTED @ https://www.google.com/recaptcha/enterprise/clr?k=6Lf3d9UsAAAAAILBqo6A909pmhyvtYmDoxaKtfMV:0
[51080451ms] [ERROR] Failed to load resource: net::ERR_INTERNET_DISCONNECTED @ https://www.google.com/recaptcha/enterprise/clr?k=6Lf3d9UsAAAAAILBqo6A909pmhyvtYmDoxaKtfMV:0
[51080452ms] [ERROR] Failed to load resource: net::ERR_INTERNET_DISCONNECTED @ https://www.google.com/recaptcha/enterprise/clr?k=6Lf3d9UsAAAAAILBqo6A909pmhyvtYmDoxaKtfMV:0
[51080452ms] [ERROR] Failed to load resource: net::ERR_INTERNET_DISCONNECTED @ https://www.google.com/recaptcha/enterprise/clr?k=6Lf3d9UsAAAAAILBqo6A909pmhyvtYmDoxaKtfMV:0
[51080453ms] [ERROR] Failed to load resource: net::ERR_INTERNET_DISCONNECTED @ https://www.google.com/recaptcha/enterprise/clr?k=6Lf3d9UsAAAAAILBqo6A909pmhyvtYmDoxaKtfMV:0
[51080454ms] [ERROR] Failed to load resource: net::ERR_INTERNET_DISCONNECTED @ https://www.google.com/recaptcha/enterprise/clr?k=6Lf3d9UsAAAAAILBqo6A909pmhyvtYmDoxaKtfMV:0
[51081937ms] [WARNING] [2026-09-01T21:49:23.752Z]  @firebase/auth: Auth (12.6.0): Error while retrieving App Check token: FirebaseError: AppCheck: ReCAPTCHA error. (appCheck/recaptcha-error). @ https://outrun.co.il/_next/static/chunks/2532-16f59635ee5a761a.js:14
[51081943ms] [ERROR] Failed to load resource: net::ERR_INTERNET_DISCONNECTED @ https://securetoken.googleapis.com/v1/token?key=AIzaSyCezG55zVQEZWCEs-lHzx_yQldg-Ej2X60:0
[51081944ms] [ERROR] Failed to load resource: net::ERR_INTERNET_DISCONNECTED @ https://www.google.com/recaptcha/enterprise/clr?k=6Lf3d9UsAAAAAILBqo6A909pmhyvtYmDoxaKtfMV:0
[51081947ms] [ERROR] Failed to load resource: net::ERR_INTERNET_DISCONNECTED @ https://www.google.com/recaptcha/enterprise/clr?k=6Lf3d9UsAAAAAILBqo6A909pmhyvtYmDoxaKtfMV:0
[51081950ms] [ERROR] Failed to load resource: net::ERR_INTERNET_DISCONNECTED @ https://www.google.com/recaptcha/enterprise/clr?k=6Lf3d9UsAAAAAILBqo6A909pmhyvtYmDoxaKtfMV:0
[51081951ms] [ERROR] Failed to load resource: net::ERR_INTERNET_DISCONNECTED @ https://www.google.com/recaptcha/enterprise/clr?k=6Lf3d9UsAAAAAILBqo6A909pmhyvtYmDoxaKtfMV:0
[51083955ms] [WARNING] [2026-09-01T21:49:25.770Z]  @firebase/auth: Auth (12.6.0): Error while retrieving App Check token: FirebaseError: AppCheck: ReCAPTCHA error. (appCheck/recaptcha-error). @ https://outrun.co.il/_next/static/chunks/2532-16f59635ee5a761a.js:14
[51083962ms] [ERROR] Failed to load resource: net::ERR_INTERNET_DISCONNECTED @ https://securetoken.googleapis.com/v1/token?key=AIzaSyCezG55zVQEZWCEs-lHzx_yQldg-Ej2X60:0
[51083963ms] [ERROR] Failed to load resource: net::ERR_INTERNET_DISCONNECTED @ https://www.google.com/recaptcha/enterprise/clr?k=6Lf3d9UsAAAAAILBqo6A909pmhyvtYmDoxaKtfMV:0
[51083965ms] [ERROR] Failed to load resource: net::ERR_INTERNET_DISCONNECTED @ https://www.google.com/recaptcha/enterprise/clr?k=6Lf3d9UsAAAAAILBqo6A909pmhyvtYmDoxaKtfMV:0
[51083968ms] [ERROR] Failed to load resource: net::ERR_INTERNET_DISCONNECTED @ https://www.google.com/recaptcha/enterprise/clr?k=6Lf3d9UsAAAAAILBqo6A909pmhyvtYmDoxaKtfMV:0
[51083970ms] [ERROR] Failed to load resource: net::ERR_INTERNET_DISCONNECTED @ https://www.google.com/recaptcha/enterprise/clr?k=6Lf3d9UsAAAAAILBqo6A909pmhyvtYmDoxaKtfMV:0
[52025953ms] [WARNING] [2026-09-01T22:05:07.768Z]  @firebase/auth: Auth (12.6.0): Error while retrieving App Check token: FirebaseError: AppCheck: ReCAPTCHA error. (appCheck/recaptcha-error). @ https://outrun.co.il/_next/static/chunks/2532-16f59635ee5a761a.js:14
[52025959ms] [ERROR] Failed to load resource: net::ERR_INTERNET_DISCONNECTED @ https://securetoken.googleapis.com/v1/token?key=AIzaSyCezG55zVQEZWCEs-lHzx_yQldg-Ej2X60:0
[52025959ms] [ERROR] Failed to load resource: net::ERR_INTERNET_DISCONNECTED @ https://www.google.com/recaptcha/enterprise/clr?k=6Lf3d9UsAAAAAILBqo6A909pmhyvtYmDoxaKtfMV:0
[52025962ms] [ERROR] Failed to load resource: net::ERR_INTERNET_DISCONNECTED @ https://www.google.com/recaptcha/enterprise/clr?k=6Lf3d9UsAAAAAILBqo6A909pmhyvtYmDoxaKtfMV:0
[52025964ms] [ERROR] Failed to load resource: net::ERR_INTERNET_DISCONNECTED @ https://www.google.com/recaptcha/enterprise/clr?k=6Lf3d9UsAAAAAILBqo6A909pmhyvtYmDoxaKtfMV:0
[52025966ms] [ERROR] Failed to load resource: net::ERR_INTERNET_DISCONNECTED @ https://www.google.com/recaptcha/enterprise/clr?k=6Lf3d9UsAAAAAILBqo6A909pmhyvtYmDoxaKtfMV:0
[52027299ms] [WARNING] [2026-09-01T22:05:09.113Z]  @firebase/auth: Auth (12.6.0): Error while retrieving App Check token: FirebaseError: AppCheck: ReCAPTCHA error. (appCheck/recaptcha-error). @ https://outrun.co.il/_next/static/chunks/2532-16f59635ee5a761a.js:14
[52027302ms] [ERROR] Failed to load resource: net::ERR_INTERNET_DISCONNECTED @ https://securetoken.googleapis.com/v1/token?key=AIzaSyCezG55zVQEZWCEs-lHzx_yQldg-Ej2X60:0
[52027302ms] [ERROR] Failed to load resource: net::ERR_INTERNET_DISCONNECTED @ https://www.google.com/recaptcha/enterprise/clr?k=6Lf3d9UsAAAAAILBqo6A909pmhyvtYmDoxaKtfMV:0
[52027303ms] [ERROR] Failed to load resource: net::ERR_INTERNET_DISCONNECTED @ https://www.google.com/recaptcha/enterprise/clr?k=6Lf3d9UsAAAAAILBqo6A909pmhyvtYmDoxaKtfMV:0
[52027304ms] [ERROR] Failed to load resource: net::ERR_INTERNET_DISCONNECTED @ https://www.google.com/recaptcha/enterprise/clr?k=6Lf3d9UsAAAAAILBqo6A909pmhyvtYmDoxaKtfMV:0
[52027305ms] [ERROR] Failed to load resource: net::ERR_INTERNET_DISCONNECTED @ https://www.google.com/recaptcha/enterprise/clr?k=6Lf3d9UsAAAAAILBqo6A909pmhyvtYmDoxaKtfMV:0
[52325100ms] [WARNING] [2026-09-01T22:10:06.915Z]  @firebase/auth: Auth (12.6.0): Error while retrieving App Check token: FirebaseError: AppCheck: ReCAPTCHA error. (appCheck/recaptcha-error). @ https://outrun.co.il/_next/static/chunks/2532-16f59635ee5a761a.js:14
[52325108ms] [ERROR] Failed to load resource: net::ERR_INTERNET_DISCONNECTED @ https://securetoken.googleapis.com/v1/token?key=AIzaSyCezG55zVQEZWCEs-lHzx_yQldg-Ej2X60:0
[52325110ms] [ERROR] Failed to load resource: net::ERR_INTERNET_DISCONNECTED @ https://www.google.com/recaptcha/enterprise/clr?k=6Lf3d9UsAAAAAILBqo6A909pmhyvtYmDoxaKtfMV:0
[52325113ms] [ERROR] Failed to load resource: net::ERR_INTERNET_DISCONNECTED @ https://www.google.com/recaptcha/enterprise/clr?k=6Lf3d9UsAAAAAILBqo6A909pmhyvtYmDoxaKtfMV:0
[52325116ms] [ERROR] Failed to load resource: net::ERR_INTERNET_DISCONNECTED @ https://www.google.com/recaptcha/enterprise/clr?k=6Lf3d9UsAAAAAILBqo6A909pmhyvtYmDoxaKtfMV:0
[52325119ms] [ERROR] Failed to load resource: net::ERR_INTERNET_DISCONNECTED @ https://www.google.com/recaptcha/enterprise/clr?k=6Lf3d9UsAAAAAILBqo6A909pmhyvtYmDoxaKtfMV:0
[55349764ms] [WARNING] [2026-09-01T23:00:31.579Z]  @firebase/auth: Auth (12.6.0): Error while retrieving App Check token: FirebaseError: AppCheck: ReCAPTCHA error. (appCheck/recaptcha-error). @ https://outrun.co.il/_next/static/chunks/2532-16f59635ee5a761a.js:14
[55349768ms] [ERROR] Failed to load resource: net::ERR_INTERNET_DISCONNECTED @ https://www.google.com/recaptcha/enterprise/clr?k=6Lf3d9UsAAAAAILBqo6A909pmhyvtYmDoxaKtfMV:0
[55349768ms] [ERROR] Failed to load resource: net::ERR_INTERNET_DISCONNECTED @ https://securetoken.googleapis.com/v1/token?key=AIzaSyCezG55zVQEZWCEs-lHzx_yQldg-Ej2X60:0
[55349769ms] [WARNING] [2026-09-01T23:00:31.584Z]  @firebase/auth: Auth (12.6.0): Error while retrieving App Check token: FirebaseError: AppCheck: ReCAPTCHA error. (appCheck/recaptcha-error). @ https://outrun.co.il/_next/static/chunks/2532-16f59635ee5a761a.js:14
[55349773ms] [ERROR] Failed to load resource: net::ERR_INTERNET_DISCONNECTED @ https://securetoken.googleapis.com/v1/token?key=AIzaSyCezG55zVQEZWCEs-lHzx_yQldg-Ej2X60:0
[55349773ms] [ERROR] Failed to load resource: net::ERR_INTERNET_DISCONNECTED @ https://www.google.com/recaptcha/enterprise/clr?k=6Lf3d9UsAAAAAILBqo6A909pmhyvtYmDoxaKtfMV:0
[55349774ms] [ERROR] Failed to load resource: net::ERR_INTERNET_DISCONNECTED @ https://www.google.com/recaptcha/enterprise/clr?k=6Lf3d9UsAAAAAILBqo6A909pmhyvtYmDoxaKtfMV:0
[55349774ms] [ERROR] Failed to load resource: net::ERR_INTERNET_DISCONNECTED @ https://www.google.com/recaptcha/enterprise/clr?k=6Lf3d9UsAAAAAILBqo6A909pmhyvtYmDoxaKtfMV:0
[55349775ms] [ERROR] Failed to load resource: net::ERR_INTERNET_DISCONNECTED @ https://www.google.com/recaptcha/enterprise/clr?k=6Lf3d9UsAAAAAILBqo6A909pmhyvtYmDoxaKtfMV:0
[55349775ms] [ERROR] Failed to load resource: net::ERR_INTERNET_DISCONNECTED @ https://www.google.com/recaptcha/enterprise/clr?k=6Lf3d9UsAAAAAILBqo6A909pmhyvtYmDoxaKtfMV:0
[55349776ms] [ERROR] Failed to load resource: net::ERR_INTERNET_DISCONNECTED @ https://www.google.com/recaptcha/enterprise/clr?k=6Lf3d9UsAAAAAILBqo6A909pmhyvtYmDoxaKtfMV:0
[55349777ms] [ERROR] Failed to load resource: net::ERR_INTERNET_DISCONNECTED @ https://www.google.com/recaptcha/enterprise/clr?k=6Lf3d9UsAAAAAILBqo6A909pmhyvtYmDoxaKtfMV:0
[55350985ms] [WARNING] [2026-09-01T23:00:32.799Z]  @firebase/auth: Auth (12.6.0): Error while retrieving App Check token: FirebaseError: AppCheck: ReCAPTCHA error. (appCheck/recaptcha-error). @ https://outrun.co.il/_next/static/chunks/2532-16f59635ee5a761a.js:14
[55350990ms] [ERROR] Failed to load resource: net::ERR_INTERNET_DISCONNECTED @ https://securetoken.googleapis.com/v1/token?key=AIzaSyCezG55zVQEZWCEs-lHzx_yQldg-Ej2X60:0
[55350992ms] [ERROR] Failed to load resource: net::ERR_INTERNET_DISCONNECTED @ https://www.google.com/recaptcha/enterprise/clr?k=6Lf3d9UsAAAAAILBqo6A909pmhyvtYmDoxaKtfMV:0
[55350995ms] [ERROR] Failed to load resource: net::ERR_INTERNET_DISCONNECTED @ https://www.google.com/recaptcha/enterprise/clr?k=6Lf3d9UsAAAAAILBqo6A909pmhyvtYmDoxaKtfMV:0
[55350998ms] [ERROR] Failed to load resource: net::ERR_INTERNET_DISCONNECTED @ https://www.google.com/recaptcha/enterprise/clr?k=6Lf3d9UsAAAAAILBqo6A909pmhyvtYmDoxaKtfMV:0
[55351002ms] [ERROR] Failed to load resource: net::ERR_INTERNET_DISCONNECTED @ https://www.google.com/recaptcha/enterprise/clr?k=6Lf3d9UsAAAAAILBqo6A909pmhyvtYmDoxaKtfMV:0
[55352681ms] [WARNING] [2026-09-01T23:00:34.495Z]  @firebase/auth: Auth (12.6.0): Error while retrieving App Check token: FirebaseError: AppCheck: ReCAPTCHA error. (appCheck/recaptcha-error). @ https://outrun.co.il/_next/static/chunks/2532-16f59635ee5a761a.js:14
[55352686ms] [ERROR] Failed to load resource: net::ERR_INTERNET_DISCONNECTED @ https://securetoken.googleapis.com/v1/token?key=AIzaSyCezG55zVQEZWCEs-lHzx_yQldg-Ej2X60:0
[55352687ms] [ERROR] Failed to load resource: net::ERR_INTERNET_DISCONNECTED @ https://www.google.com/recaptcha/enterprise/clr?k=6Lf3d9UsAAAAAILBqo6A909pmhyvtYmDoxaKtfMV:0
[55352691ms] [ERROR] Failed to load resource: net::ERR_INTERNET_DISCONNECTED @ https://www.google.com/recaptcha/enterprise/clr?k=6Lf3d9UsAAAAAILBqo6A909pmhyvtYmDoxaKtfMV:0
[55352693ms] [ERROR] Failed to load resource: net::ERR_INTERNET_DISCONNECTED @ https://www.google.com/recaptcha/enterprise/clr?k=6Lf3d9UsAAAAAILBqo6A909pmhyvtYmDoxaKtfMV:0
[55352695ms] [ERROR] Failed to load resource: net::ERR_INTERNET_DISCONNECTED @ https://www.google.com/recaptcha/enterprise/clr?k=6Lf3d9UsAAAAAILBqo6A909pmhyvtYmDoxaKtfMV:0
[56251889ms] [WARNING] [2026-09-01T23:15:33.703Z]  @firebase/auth: Auth (12.6.0): Error while retrieving App Check token: FirebaseError: AppCheck: ReCAPTCHA error. (appCheck/recaptcha-error). @ https://outrun.co.il/_next/static/chunks/2532-16f59635ee5a761a.js:14
[56251893ms] [ERROR] Failed to load resource: net::ERR_INTERNET_DISCONNECTED @ https://www.google.com/recaptcha/enterprise/clr?k=6Lf3d9UsAAAAAILBqo6A909pmhyvtYmDoxaKtfMV:0
[56251894ms] [ERROR] Failed to load resource: net::ERR_INTERNET_DISCONNECTED @ https://securetoken.googleapis.com/v1/token?key=AIzaSyCezG55zVQEZWCEs-lHzx_yQldg-Ej2X60:0
[56251895ms] [ERROR] Failed to load resource: net::ERR_INTERNET_DISCONNECTED @ https://www.google.com/recaptcha/enterprise/clr?k=6Lf3d9UsAAAAAILBqo6A909pmhyvtYmDoxaKtfMV:0
[56251897ms] [ERROR] Failed to load resource: net::ERR_INTERNET_DISCONNECTED @ https://www.google.com/recaptcha/enterprise/clr?k=6Lf3d9UsAAAAAILBqo6A909pmhyvtYmDoxaKtfMV:0
[56251898ms] [ERROR] Failed to load resource: net::ERR_INTERNET_DISCONNECTED @ https://www.google.com/recaptcha/enterprise/clr?k=6Lf3d9UsAAAAAILBqo6A909pmhyvtYmDoxaKtfMV:0
[56255385ms] [WARNING] [2026-09-01T23:15:37.200Z]  @firebase/auth: Auth (12.6.0): Error while retrieving App Check token: FirebaseError: AppCheck: ReCAPTCHA error. (appCheck/recaptcha-error). @ https://outrun.co.il/_next/static/chunks/2532-16f59635ee5a761a.js:14
[56255390ms] [ERROR] Failed to load resource: net::ERR_INTERNET_DISCONNECTED @ https://securetoken.googleapis.com/v1/token?key=AIzaSyCezG55zVQEZWCEs-lHzx_yQldg-Ej2X60:0
[56255390ms] [ERROR] Failed to load resource: net::ERR_INTERNET_DISCONNECTED @ https://www.google.com/recaptcha/enterprise/clr?k=6Lf3d9UsAAAAAILBqo6A909pmhyvtYmDoxaKtfMV:0
[56255393ms] [ERROR] Failed to load resource: net::ERR_INTERNET_DISCONNECTED @ https://www.google.com/recaptcha/enterprise/clr?k=6Lf3d9UsAAAAAILBqo6A909pmhyvtYmDoxaKtfMV:0
[56255395ms] [ERROR] Failed to load resource: net::ERR_INTERNET_DISCONNECTED @ https://www.google.com/recaptcha/enterprise/clr?k=6Lf3d9UsAAAAAILBqo6A909pmhyvtYmDoxaKtfMV:0
[56255397ms] [ERROR] Failed to load resource: net::ERR_INTERNET_DISCONNECTED @ https://www.google.com/recaptcha/enterprise/clr?k=6Lf3d9UsAAAAAILBqo6A909pmhyvtYmDoxaKtfMV:0
[58201077ms] [WARNING] [2026-09-01T23:48:02.892Z]  @firebase/auth: Auth (12.6.0): Error while retrieving App Check token: FirebaseError: AppCheck: ReCAPTCHA error. (appCheck/recaptcha-error). @ https://outrun.co.il/_next/static/chunks/2532-16f59635ee5a761a.js:14
[58201083ms] [ERROR] Failed to load resource: net::ERR_INTERNET_DISCONNECTED @ https://www.google.com/recaptcha/enterprise/clr?k=6Lf3d9UsAAAAAILBqo6A909pmhyvtYmDoxaKtfMV:0
[58201084ms] [ERROR] Failed to load resource: net::ERR_INTERNET_DISCONNECTED @ https://securetoken.googleapis.com/v1/token?key=AIzaSyCezG55zVQEZWCEs-lHzx_yQldg-Ej2X60:0
[58201087ms] [ERROR] Failed to load resource: net::ERR_INTERNET_DISCONNECTED @ https://www.google.com/recaptcha/enterprise/clr?k=6Lf3d9UsAAAAAILBqo6A909pmhyvtYmDoxaKtfMV:0
[58201089ms] [WARNING] [2026-09-01T23:48:02.903Z]  @firebase/auth: Auth (12.6.0): Error while retrieving App Check token: FirebaseError: AppCheck: ReCAPTCHA error. (appCheck/recaptcha-error). @ https://outrun.co.il/_next/static/chunks/2532-16f59635ee5a761a.js:14
[58201092ms] [ERROR] Failed to load resource: net::ERR_INTERNET_DISCONNECTED @ https://www.google.com/recaptcha/enterprise/clr?k=6Lf3d9UsAAAAAILBqo6A909pmhyvtYmDoxaKtfMV:0
[58201092ms] [ERROR] Failed to load resource: net::ERR_INTERNET_DISCONNECTED @ https://securetoken.googleapis.com/v1/token?key=AIzaSyCezG55zVQEZWCEs-lHzx_yQldg-Ej2X60:0
[58201093ms] [ERROR] Failed to load resource: net::ERR_INTERNET_DISCONNECTED @ https://www.google.com/recaptcha/enterprise/clr?k=6Lf3d9UsAAAAAILBqo6A909pmhyvtYmDoxaKtfMV:0
[58201094ms] [ERROR] Failed to load resource: net::ERR_INTERNET_DISCONNECTED @ https://www.google.com/recaptcha/enterprise/clr?k=6Lf3d9UsAAAAAILBqo6A909pmhyvtYmDoxaKtfMV:0
[58201095ms] [ERROR] Failed to load resource: net::ERR_INTERNET_DISCONNECTED @ https://www.google.com/recaptcha/enterprise/clr?k=6Lf3d9UsAAAAAILBqo6A909pmhyvtYmDoxaKtfMV:0
[58201096ms] [ERROR] Failed to load resource: net::ERR_INTERNET_DISCONNECTED @ https://www.google.com/recaptcha/enterprise/clr?k=6Lf3d9UsAAAAAILBqo6A909pmhyvtYmDoxaKtfMV:0
[58201098ms] [ERROR] Failed to load resource: net::ERR_INTERNET_DISCONNECTED @ https://www.google.com/recaptcha/enterprise/clr?k=6Lf3d9UsAAAAAILBqo6A909pmhyvtYmDoxaKtfMV:0
[58202448ms] [WARNING] [2026-09-01T23:48:04.263Z]  @firebase/auth: Auth (12.6.0): Error while retrieving App Check token: FirebaseError: AppCheck: ReCAPTCHA error. (appCheck/recaptcha-error). @ https://outrun.co.il/_next/static/chunks/2532-16f59635ee5a761a.js:14
[58202454ms] [ERROR] Failed to load resource: net::ERR_INTERNET_DISCONNECTED @ https://securetoken.googleapis.com/v1/token?key=AIzaSyCezG55zVQEZWCEs-lHzx_yQldg-Ej2X60:0
[58202454ms] [ERROR] Failed to load resource: net::ERR_INTERNET_DISCONNECTED @ https://www.google.com/recaptcha/enterprise/clr?k=6Lf3d9UsAAAAAILBqo6A909pmhyvtYmDoxaKtfMV:0
[58202458ms] [ERROR] Failed to load resource: net::ERR_INTERNET_DISCONNECTED @ https://www.google.com/recaptcha/enterprise/clr?k=6Lf3d9UsAAAAAILBqo6A909pmhyvtYmDoxaKtfMV:0
[58202460ms] [ERROR] Failed to load resource: net::ERR_INTERNET_DISCONNECTED @ https://www.google.com/recaptcha/enterprise/clr?k=6Lf3d9UsAAAAAILBqo6A909pmhyvtYmDoxaKtfMV:0
[58202462ms] [ERROR] Failed to load resource: net::ERR_INTERNET_DISCONNECTED @ https://www.google.com/recaptcha/enterprise/clr?k=6Lf3d9UsAAAAAILBqo6A909pmhyvtYmDoxaKtfMV:0
[58203756ms] [WARNING] [2026-09-01T23:48:05.571Z]  @firebase/auth: Auth (12.6.0): Error while retrieving App Check token: FirebaseError: AppCheck: ReCAPTCHA error. (appCheck/recaptcha-error). @ https://outrun.co.il/_next/static/chunks/2532-16f59635ee5a761a.js:14
[58203760ms] [ERROR] Failed to load resource: net::ERR_INTERNET_DISCONNECTED @ https://securetoken.googleapis.com/v1/token?key=AIzaSyCezG55zVQEZWCEs-lHzx_yQldg-Ej2X60:0
[58203761ms] [ERROR] Failed to load resource: net::ERR_INTERNET_DISCONNECTED @ https://www.google.com/recaptcha/enterprise/clr?k=6Lf3d9UsAAAAAILBqo6A909pmhyvtYmDoxaKtfMV:0
[58203763ms] [ERROR] Failed to load resource: net::ERR_INTERNET_DISCONNECTED @ https://www.google.com/recaptcha/enterprise/clr?k=6Lf3d9UsAAAAAILBqo6A909pmhyvtYmDoxaKtfMV:0
[58203765ms] [ERROR] Failed to load resource: net::ERR_INTERNET_DISCONNECTED @ https://www.google.com/recaptcha/enterprise/clr?k=6Lf3d9UsAAAAAILBqo6A909pmhyvtYmDoxaKtfMV:0
[58203766ms] [ERROR] Failed to load resource: net::ERR_INTERNET_DISCONNECTED @ https://www.google.com/recaptcha/enterprise/clr?k=6Lf3d9UsAAAAAILBqo6A909pmhyvtYmDoxaKtfMV:0
[59229808ms] [WARNING] [2026-09-02T00:05:11.623Z]  @firebase/auth: Auth (12.6.0): Error while retrieving App Check token: FirebaseError: AppCheck: ReCAPTCHA error. (appCheck/recaptcha-error). @ https://outrun.co.il/_next/static/chunks/2532-16f59635ee5a761a.js:14
[59229814ms] [ERROR] Failed to load resource: net::ERR_INTERNET_DISCONNECTED @ https://securetoken.googleapis.com/v1/token?key=AIzaSyCezG55zVQEZWCEs-lHzx_yQldg-Ej2X60:0
[59229815ms] [ERROR] Failed to load resource: net::ERR_INTERNET_DISCONNECTED @ https://www.google.com/recaptcha/enterprise/clr?k=6Lf3d9UsAAAAAILBqo6A909pmhyvtYmDoxaKtfMV:0
[59229819ms] [ERROR] Failed to load resource: net::ERR_INTERNET_DISCONNECTED @ https://www.google.com/recaptcha/enterprise/clr?k=6Lf3d9UsAAAAAILBqo6A909pmhyvtYmDoxaKtfMV:0
[59229825ms] [ERROR] Failed to load resource: net::ERR_INTERNET_DISCONNECTED @ https://www.google.com/recaptcha/enterprise/clr?k=6Lf3d9UsAAAAAILBqo6A909pmhyvtYmDoxaKtfMV:0
[59229829ms] [ERROR] Failed to load resource: net::ERR_INTERNET_DISCONNECTED @ https://www.google.com/recaptcha/enterprise/clr?k=6Lf3d9UsAAAAAILBqo6A909pmhyvtYmDoxaKtfMV:0
[59231944ms] [WARNING] [2026-09-02T00:05:13.758Z]  @firebase/auth: Auth (12.6.0): Error while retrieving App Check token: FirebaseError: AppCheck: ReCAPTCHA error. (appCheck/recaptcha-error). @ https://outrun.co.il/_next/static/chunks/2532-16f59635ee5a761a.js:14
[59231948ms] [ERROR] Failed to load resource: net::ERR_INTERNET_DISCONNECTED @ https://securetoken.googleapis.com/v1/token?key=AIzaSyCezG55zVQEZWCEs-lHzx_yQldg-Ej2X60:0
[59231949ms] [ERROR] Failed to load resource: net::ERR_INTERNET_DISCONNECTED @ https://www.google.com/recaptcha/enterprise/clr?k=6Lf3d9UsAAAAAILBqo6A909pmhyvtYmDoxaKtfMV:0
[59231951ms] [ERROR] Failed to load resource: net::ERR_INTERNET_DISCONNECTED @ https://www.google.com/recaptcha/enterprise/clr?k=6Lf3d9UsAAAAAILBqo6A909pmhyvtYmDoxaKtfMV:0
[59231953ms] [ERROR] Failed to load resource: net::ERR_INTERNET_DISCONNECTED @ https://www.google.com/recaptcha/enterprise/clr?k=6Lf3d9UsAAAAAILBqo6A909pmhyvtYmDoxaKtfMV:0
[59231955ms] [ERROR] Failed to load resource: net::ERR_INTERNET_DISCONNECTED @ https://www.google.com/recaptcha/enterprise/clr?k=6Lf3d9UsAAAAAILBqo6A909pmhyvtYmDoxaKtfMV:0
[60160634ms] [WARNING] [2026-09-02T00:20:42.449Z]  @firebase/auth: Auth (12.6.0): Error while retrieving App Check token: FirebaseError: AppCheck: ReCAPTCHA error. (appCheck/recaptcha-error). @ https://outrun.co.il/_next/static/chunks/2532-16f59635ee5a761a.js:14
[60160641ms] [ERROR] Failed to load resource: net::ERR_INTERNET_DISCONNECTED @ https://securetoken.googleapis.com/v1/token?key=AIzaSyCezG55zVQEZWCEs-lHzx_yQldg-Ej2X60:0
[60160643ms] [ERROR] Failed to load resource: net::ERR_INTERNET_DISCONNECTED @ https://www.google.com/recaptcha/enterprise/clr?k=6Lf3d9UsAAAAAILBqo6A909pmhyvtYmDoxaKtfMV:0
[60160646ms] [ERROR] Failed to load resource: net::ERR_INTERNET_DISCONNECTED @ https://www.google.com/recaptcha/enterprise/clr?k=6Lf3d9UsAAAAAILBqo6A909pmhyvtYmDoxaKtfMV:0
[60160649ms] [ERROR] Failed to load resource: net::ERR_INTERNET_DISCONNECTED @ https://www.google.com/recaptcha/enterprise/clr?k=6Lf3d9UsAAAAAILBqo6A909pmhyvtYmDoxaKtfMV:0
[60160652ms] [ERROR] Failed to load resource: net::ERR_INTERNET_DISCONNECTED @ https://www.google.com/recaptcha/enterprise/clr?k=6Lf3d9UsAAAAAILBqo6A909pmhyvtYmDoxaKtfMV:0
[62128133ms] [WARNING] [2026-09-02T00:53:29.947Z]  @firebase/auth: Auth (12.6.0): Error while retrieving App Check token: FirebaseError: AppCheck: ReCAPTCHA error. (appCheck/recaptcha-error). @ https://outrun.co.il/_next/static/chunks/2532-16f59635ee5a761a.js:14
[62128140ms] [ERROR] Failed to load resource: net::ERR_INTERNET_DISCONNECTED @ https://www.google.com/recaptcha/enterprise/clr?k=6Lf3d9UsAAAAAILBqo6A909pmhyvtYmDoxaKtfMV:0
[62128141ms] [ERROR] Failed to load resource: net::ERR_INTERNET_DISCONNECTED @ https://securetoken.googleapis.com/v1/token?key=AIzaSyCezG55zVQEZWCEs-lHzx_yQldg-Ej2X60:0
[62128144ms] [WARNING] [2026-09-02T00:53:29.958Z]  @firebase/auth: Auth (12.6.0): Error while retrieving App Check token: FirebaseError: AppCheck: ReCAPTCHA error. (appCheck/recaptcha-error). @ https://outrun.co.il/_next/static/chunks/2532-16f59635ee5a761a.js:14
[62128145ms] [ERROR] Failed to load resource: net::ERR_INTERNET_DISCONNECTED @ https://www.google.com/recaptcha/enterprise/clr?k=6Lf3d9UsAAAAAILBqo6A909pmhyvtYmDoxaKtfMV:0
[62128148ms] [ERROR] Failed to load resource: net::ERR_INTERNET_DISCONNECTED @ https://securetoken.googleapis.com/v1/token?key=AIzaSyCezG55zVQEZWCEs-lHzx_yQldg-Ej2X60:0
[62128149ms] [ERROR] Failed to load resource: net::ERR_INTERNET_DISCONNECTED @ https://www.google.com/recaptcha/enterprise/clr?k=6Lf3d9UsAAAAAILBqo6A909pmhyvtYmDoxaKtfMV:0
[62128150ms] [ERROR] Failed to load resource: net::ERR_INTERNET_DISCONNECTED @ https://www.google.com/recaptcha/enterprise/clr?k=6Lf3d9UsAAAAAILBqo6A909pmhyvtYmDoxaKtfMV:0
[62128151ms] [ERROR] Failed to load resource: net::ERR_INTERNET_DISCONNECTED @ https://www.google.com/recaptcha/enterprise/clr?k=6Lf3d9UsAAAAAILBqo6A909pmhyvtYmDoxaKtfMV:0
[62128152ms] [ERROR] Failed to load resource: net::ERR_INTERNET_DISCONNECTED @ https://www.google.com/recaptcha/enterprise/clr?k=6Lf3d9UsAAAAAILBqo6A909pmhyvtYmDoxaKtfMV:0
[62128153ms] [ERROR] Failed to load resource: net::ERR_INTERNET_DISCONNECTED @ https://www.google.com/recaptcha/enterprise/clr?k=6Lf3d9UsAAAAAILBqo6A909pmhyvtYmDoxaKtfMV:0
[62128155ms] [ERROR] Failed to load resource: net::ERR_INTERNET_DISCONNECTED @ https://www.google.com/recaptcha/enterprise/clr?k=6Lf3d9UsAAAAAILBqo6A909pmhyvtYmDoxaKtfMV:0
[62129367ms] [WARNING] [2026-09-02T00:53:31.182Z]  @firebase/auth: Auth (12.6.0): Error while retrieving App Check token: FirebaseError: AppCheck: ReCAPTCHA error. (appCheck/recaptcha-error). @ https://outrun.co.il/_next/static/chunks/2532-16f59635ee5a761a.js:14
[62129371ms] [ERROR] Failed to load resource: net::ERR_INTERNET_DISCONNECTED @ https://securetoken.googleapis.com/v1/token?key=AIzaSyCezG55zVQEZWCEs-lHzx_yQldg-Ej2X60:0
[62129372ms] [ERROR] Failed to load resource: net::ERR_INTERNET_DISCONNECTED @ https://www.google.com/recaptcha/enterprise/clr?k=6Lf3d9UsAAAAAILBqo6A909pmhyvtYmDoxaKtfMV:0
[62129374ms] [ERROR] Failed to load resource: net::ERR_INTERNET_DISCONNECTED @ https://www.google.com/recaptcha/enterprise/clr?k=6Lf3d9UsAAAAAILBqo6A909pmhyvtYmDoxaKtfMV:0
[62129376ms] [ERROR] Failed to load resource: net::ERR_INTERNET_DISCONNECTED @ https://www.google.com/recaptcha/enterprise/clr?k=6Lf3d9UsAAAAAILBqo6A909pmhyvtYmDoxaKtfMV:0
[62129378ms] [ERROR] Failed to load resource: net::ERR_INTERNET_DISCONNECTED @ https://www.google.com/recaptcha/enterprise/clr?k=6Lf3d9UsAAAAAILBqo6A909pmhyvtYmDoxaKtfMV:0
[62131038ms] [WARNING] [2026-09-02T00:53:32.852Z]  @firebase/auth: Auth (12.6.0): Error while retrieving App Check token: FirebaseError: AppCheck: ReCAPTCHA error. (appCheck/recaptcha-error). @ https://outrun.co.il/_next/static/chunks/2532-16f59635ee5a761a.js:14
[62131043ms] [ERROR] Failed to load resource: net::ERR_INTERNET_DISCONNECTED @ https://securetoken.googleapis.com/v1/token?key=AIzaSyCezG55zVQEZWCEs-lHzx_yQldg-Ej2X60:0
[62131043ms] [ERROR] Failed to load resource: net::ERR_INTERNET_DISCONNECTED @ https://www.google.com/recaptcha/enterprise/clr?k=6Lf3d9UsAAAAAILBqo6A909pmhyvtYmDoxaKtfMV:0
[62131046ms] [ERROR] Failed to load resource: net::ERR_INTERNET_DISCONNECTED @ https://www.google.com/recaptcha/enterprise/clr?k=6Lf3d9UsAAAAAILBqo6A909pmhyvtYmDoxaKtfMV:0
[62131048ms] [ERROR] Failed to load resource: net::ERR_INTERNET_DISCONNECTED @ https://www.google.com/recaptcha/enterprise/clr?k=6Lf3d9UsAAAAAILBqo6A909pmhyvtYmDoxaKtfMV:0
[62131051ms] [ERROR] Failed to load resource: net::ERR_INTERNET_DISCONNECTED @ https://www.google.com/recaptcha/enterprise/clr?k=6Lf3d9UsAAAAAILBqo6A909pmhyvtYmDoxaKtfMV:0
[62132202ms] [WARNING] [2026-09-02T00:53:34.016Z]  @firebase/auth: Auth (12.6.0): Error while retrieving App Check token: FirebaseError: AppCheck: ReCAPTCHA error. (appCheck/recaptcha-error). @ https://outrun.co.il/_next/static/chunks/2532-16f59635ee5a761a.js:14
[62132207ms] [ERROR] Failed to load resource: net::ERR_INTERNET_DISCONNECTED @ https://securetoken.googleapis.com/v1/token?key=AIzaSyCezG55zVQEZWCEs-lHzx_yQldg-Ej2X60:0
[62132208ms] [ERROR] Failed to load resource: net::ERR_INTERNET_DISCONNECTED @ https://www.google.com/recaptcha/enterprise/clr?k=6Lf3d9UsAAAAAILBqo6A909pmhyvtYmDoxaKtfMV:0
[62132210ms] [ERROR] Failed to load resource: net::ERR_INTERNET_DISCONNECTED @ https://www.google.com/recaptcha/enterprise/clr?k=6Lf3d9UsAAAAAILBqo6A909pmhyvtYmDoxaKtfMV:0
[62132213ms] [ERROR] Failed to load resource: net::ERR_INTERNET_DISCONNECTED @ https://www.google.com/recaptcha/enterprise/clr?k=6Lf3d9UsAAAAAILBqo6A909pmhyvtYmDoxaKtfMV:0
[62132215ms] [ERROR] Failed to load resource: net::ERR_INTERNET_DISCONNECTED @ https://www.google.com/recaptcha/enterprise/clr?k=6Lf3d9UsAAAAAILBqo6A909pmhyvtYmDoxaKtfMV:0
[63181102ms] [WARNING] [2026-09-02T01:11:02.917Z]  @firebase/auth: Auth (12.6.0): Error while retrieving App Check token: FirebaseError: AppCheck: ReCAPTCHA error. (appCheck/recaptcha-error). @ https://outrun.co.il/_next/static/chunks/2532-16f59635ee5a761a.js:14
[63181107ms] [ERROR] Failed to load resource: net::ERR_INTERNET_DISCONNECTED @ https://securetoken.googleapis.com/v1/token?key=AIzaSyCezG55zVQEZWCEs-lHzx_yQldg-Ej2X60:0
[63181107ms] [ERROR] Failed to load resource: net::ERR_INTERNET_DISCONNECTED @ https://www.google.com/recaptcha/enterprise/clr?k=6Lf3d9UsAAAAAILBqo6A909pmhyvtYmDoxaKtfMV:0
[63181109ms] [ERROR] Failed to load resource: net::ERR_INTERNET_DISCONNECTED @ https://www.google.com/recaptcha/enterprise/clr?k=6Lf3d9UsAAAAAILBqo6A909pmhyvtYmDoxaKtfMV:0
[63181111ms] [ERROR] Failed to load resource: net::ERR_INTERNET_DISCONNECTED @ https://www.google.com/recaptcha/enterprise/clr?k=6Lf3d9UsAAAAAILBqo6A909pmhyvtYmDoxaKtfMV:0
[63181113ms] [ERROR] Failed to load resource: net::ERR_INTERNET_DISCONNECTED @ https://www.google.com/recaptcha/enterprise/clr?k=6Lf3d9UsAAAAAILBqo6A909pmhyvtYmDoxaKtfMV:0
[65255478ms] [WARNING] [2026-09-02T01:45:37.292Z]  @firebase/auth: Auth (12.6.0): Error while retrieving App Check token: FirebaseError: AppCheck: ReCAPTCHA error. (appCheck/recaptcha-error). @ https://outrun.co.il/_next/static/chunks/2532-16f59635ee5a761a.js:14
[65255486ms] [ERROR] Failed to load resource: net::ERR_INTERNET_DISCONNECTED @ https://securetoken.googleapis.com/v1/token?key=AIzaSyCezG55zVQEZWCEs-lHzx_yQldg-Ej2X60:0
[65255487ms] [ERROR] Failed to load resource: net::ERR_INTERNET_DISCONNECTED @ https://www.google.com/recaptcha/enterprise/clr?k=6Lf3d9UsAAAAAILBqo6A909pmhyvtYmDoxaKtfMV:0
[65255488ms] [WARNING] [2026-09-02T01:45:37.303Z]  @firebase/auth: Auth (12.6.0): Error while retrieving App Check token: FirebaseError: AppCheck: ReCAPTCHA error. (appCheck/recaptcha-error). @ https://outrun.co.il/_next/static/chunks/2532-16f59635ee5a761a.js:14
[65255493ms] [ERROR] Failed to load resource: net::ERR_INTERNET_DISCONNECTED @ https://securetoken.googleapis.com/v1/token?key=AIzaSyCezG55zVQEZWCEs-lHzx_yQldg-Ej2X60:0
[65255495ms] [ERROR] Failed to load resource: net::ERR_INTERNET_DISCONNECTED @ https://www.google.com/recaptcha/enterprise/clr?k=6Lf3d9UsAAAAAILBqo6A909pmhyvtYmDoxaKtfMV:0
[65255495ms] [ERROR] Failed to load resource: net::ERR_INTERNET_DISCONNECTED @ https://www.google.com/recaptcha/enterprise/clr?k=6Lf3d9UsAAAAAILBqo6A909pmhyvtYmDoxaKtfMV:0
[65255496ms] [ERROR] Failed to load resource: net::ERR_INTERNET_DISCONNECTED @ https://www.google.com/recaptcha/enterprise/clr?k=6Lf3d9UsAAAAAILBqo6A909pmhyvtYmDoxaKtfMV:0
[65255496ms] [ERROR] Failed to load resource: net::ERR_INTERNET_DISCONNECTED @ https://www.google.com/recaptcha/enterprise/clr?k=6Lf3d9UsAAAAAILBqo6A909pmhyvtYmDoxaKtfMV:0
[65255497ms] [ERROR] Failed to load resource: net::ERR_INTERNET_DISCONNECTED @ https://www.google.com/recaptcha/enterprise/clr?k=6Lf3d9UsAAAAAILBqo6A909pmhyvtYmDoxaKtfMV:0
[65255497ms] [ERROR] Failed to load resource: net::ERR_INTERNET_DISCONNECTED @ https://www.google.com/recaptcha/enterprise/clr?k=6Lf3d9UsAAAAAILBqo6A909pmhyvtYmDoxaKtfMV:0
[65255498ms] [ERROR] Failed to load resource: net::ERR_INTERNET_DISCONNECTED @ https://www.google.com/recaptcha/enterprise/clr?k=6Lf3d9UsAAAAAILBqo6A909pmhyvtYmDoxaKtfMV:0
[65256710ms] [WARNING] [2026-09-02T01:45:38.525Z]  @firebase/auth: Auth (12.6.0): Error while retrieving App Check token: FirebaseError: AppCheck: ReCAPTCHA error. (appCheck/recaptcha-error). @ https://outrun.co.il/_next/static/chunks/2532-16f59635ee5a761a.js:14
[65256716ms] [ERROR] Failed to load resource: net::ERR_INTERNET_DISCONNECTED @ https://securetoken.googleapis.com/v1/token?key=AIzaSyCezG55zVQEZWCEs-lHzx_yQldg-Ej2X60:0
[65256717ms] [ERROR] Failed to load resource: net::ERR_INTERNET_DISCONNECTED @ https://www.google.com/recaptcha/enterprise/clr?k=6Lf3d9UsAAAAAILBqo6A909pmhyvtYmDoxaKtfMV:0
[65256723ms] [ERROR] Failed to load resource: net::ERR_INTERNET_DISCONNECTED @ https://www.google.com/recaptcha/enterprise/clr?k=6Lf3d9UsAAAAAILBqo6A909pmhyvtYmDoxaKtfMV:0
[65256726ms] [ERROR] Failed to load resource: net::ERR_INTERNET_DISCONNECTED @ https://www.google.com/recaptcha/enterprise/clr?k=6Lf3d9UsAAAAAILBqo6A909pmhyvtYmDoxaKtfMV:0
[65256729ms] [ERROR] Failed to load resource: net::ERR_INTERNET_DISCONNECTED @ https://www.google.com/recaptcha/enterprise/clr?k=6Lf3d9UsAAAAAILBqo6A909pmhyvtYmDoxaKtfMV:0
[65258694ms] [WARNING] [2026-09-02T01:45:40.509Z]  @firebase/auth: Auth (12.6.0): Error while retrieving App Check token: FirebaseError: AppCheck: ReCAPTCHA error. (appCheck/recaptcha-error). @ https://outrun.co.il/_next/static/chunks/2532-16f59635ee5a761a.js:14
[65258699ms] [ERROR] Failed to load resource: net::ERR_INTERNET_DISCONNECTED @ https://securetoken.googleapis.com/v1/token?key=AIzaSyCezG55zVQEZWCEs-lHzx_yQldg-Ej2X60:0
[65258699ms] [ERROR] Failed to load resource: net::ERR_INTERNET_DISCONNECTED @ https://www.google.com/recaptcha/enterprise/clr?k=6Lf3d9UsAAAAAILBqo6A909pmhyvtYmDoxaKtfMV:0
[65258702ms] [ERROR] Failed to load resource: net::ERR_INTERNET_DISCONNECTED @ https://www.google.com/recaptcha/enterprise/clr?k=6Lf3d9UsAAAAAILBqo6A909pmhyvtYmDoxaKtfMV:0
[65258704ms] [ERROR] Failed to load resource: net::ERR_INTERNET_DISCONNECTED @ https://www.google.com/recaptcha/enterprise/clr?k=6Lf3d9UsAAAAAILBqo6A909pmhyvtYmDoxaKtfMV:0
[65258707ms] [ERROR] Failed to load resource: net::ERR_INTERNET_DISCONNECTED @ https://www.google.com/recaptcha/enterprise/clr?k=6Lf3d9UsAAAAAILBqo6A909pmhyvtYmDoxaKtfMV:0
[66063599ms] [WARNING] [2026-09-02T01:59:05.414Z]  @firebase/auth: Auth (12.6.0): Error while retrieving App Check token: FirebaseError: AppCheck: ReCAPTCHA error. (appCheck/recaptcha-error). @ https://outrun.co.il/_next/static/chunks/2532-16f59635ee5a761a.js:14
[66063605ms] [ERROR] Failed to load resource: net::ERR_INTERNET_DISCONNECTED @ https://securetoken.googleapis.com/v1/token?key=AIzaSyCezG55zVQEZWCEs-lHzx_yQldg-Ej2X60:0
[66063605ms] [ERROR] Failed to load resource: net::ERR_INTERNET_DISCONNECTED @ https://www.google.com/recaptcha/enterprise/clr?k=6Lf3d9UsAAAAAILBqo6A909pmhyvtYmDoxaKtfMV:0
[66063610ms] [ERROR] Failed to load resource: net::ERR_INTERNET_DISCONNECTED @ https://www.google.com/recaptcha/enterprise/clr?k=6Lf3d9UsAAAAAILBqo6A909pmhyvtYmDoxaKtfMV:0
[66063614ms] [ERROR] Failed to load resource: net::ERR_INTERNET_DISCONNECTED @ https://www.google.com/recaptcha/enterprise/clr?k=6Lf3d9UsAAAAAILBqo6A909pmhyvtYmDoxaKtfMV:0
[66063617ms] [ERROR] Failed to load resource: net::ERR_INTERNET_DISCONNECTED @ https://www.google.com/recaptcha/enterprise/clr?k=6Lf3d9UsAAAAAILBqo6A909pmhyvtYmDoxaKtfMV:0
[67132391ms] [WARNING] [2026-09-02T02:16:54.205Z]  @firebase/auth: Auth (12.6.0): Error while retrieving App Check token: FirebaseError: AppCheck: ReCAPTCHA error. (appCheck/recaptcha-error). @ https://outrun.co.il/_next/static/chunks/2532-16f59635ee5a761a.js:14
[67132398ms] [ERROR] Failed to load resource: net::ERR_INTERNET_DISCONNECTED @ https://www.google.com/recaptcha/enterprise/clr?k=6Lf3d9UsAAAAAILBqo6A909pmhyvtYmDoxaKtfMV:0
[67132399ms] [ERROR] Failed to load resource: net::ERR_INTERNET_DISCONNECTED @ https://securetoken.googleapis.com/v1/token?key=AIzaSyCezG55zVQEZWCEs-lHzx_yQldg-Ej2X60:0
[67132402ms] [WARNING] [2026-09-02T02:16:54.217Z]  @firebase/auth: Auth (12.6.0): Error while retrieving App Check token: FirebaseError: AppCheck: ReCAPTCHA error. (appCheck/recaptcha-error). @ https://outrun.co.il/_next/static/chunks/2532-16f59635ee5a761a.js:14
[67132403ms] [ERROR] Failed to load resource: net::ERR_INTERNET_DISCONNECTED @ https://www.google.com/recaptcha/enterprise/clr?k=6Lf3d9UsAAAAAILBqo6A909pmhyvtYmDoxaKtfMV:0
[67132417ms] [ERROR] Failed to load resource: net::ERR_INTERNET_DISCONNECTED @ https://www.google.com/recaptcha/enterprise/clr?k=6Lf3d9UsAAAAAILBqo6A909pmhyvtYmDoxaKtfMV:0
[67132418ms] [ERROR] Failed to load resource: net::ERR_INTERNET_DISCONNECTED @ https://securetoken.googleapis.com/v1/token?key=AIzaSyCezG55zVQEZWCEs-lHzx_yQldg-Ej2X60:0
[67132418ms] [ERROR] Failed to load resource: net::ERR_INTERNET_DISCONNECTED @ https://www.google.com/recaptcha/enterprise/clr?k=6Lf3d9UsAAAAAILBqo6A909pmhyvtYmDoxaKtfMV:0
[67132435ms] [ERROR] Failed to load resource: net::ERR_INTERNET_DISCONNECTED @ https://www.google.com/recaptcha/enterprise/clr?k=6Lf3d9UsAAAAAILBqo6A909pmhyvtYmDoxaKtfMV:0
[67132435ms] [ERROR] Failed to load resource: net::ERR_INTERNET_DISCONNECTED @ https://www.google.com/recaptcha/enterprise/clr?k=6Lf3d9UsAAAAAILBqo6A909pmhyvtYmDoxaKtfMV:0
[67132438ms] [ERROR] Failed to load resource: net::ERR_INTERNET_DISCONNECTED @ https://www.google.com/recaptcha/enterprise/clr?k=6Lf3d9UsAAAAAILBqo6A909pmhyvtYmDoxaKtfMV:0
[67132440ms] [ERROR] Failed to load resource: net::ERR_INTERNET_DISCONNECTED @ https://www.google.com/recaptcha/enterprise/clr?k=6Lf3d9UsAAAAAILBqo6A909pmhyvtYmDoxaKtfMV:0
[67133713ms] [WARNING] [2026-09-02T02:16:55.528Z]  @firebase/auth: Auth (12.6.0): Error while retrieving App Check token: FirebaseError: AppCheck: ReCAPTCHA error. (appCheck/recaptcha-error). @ https://outrun.co.il/_next/static/chunks/2532-16f59635ee5a761a.js:14
[67133719ms] [ERROR] Failed to load resource: net::ERR_INTERNET_DISCONNECTED @ https://www.google.com/recaptcha/enterprise/clr?k=6Lf3d9UsAAAAAILBqo6A909pmhyvtYmDoxaKtfMV:0
[67133720ms] [ERROR] Failed to load resource: net::ERR_INTERNET_DISCONNECTED @ https://securetoken.googleapis.com/v1/token?key=AIzaSyCezG55zVQEZWCEs-lHzx_yQldg-Ej2X60:0
[67133723ms] [ERROR] Failed to load resource: net::ERR_INTERNET_DISCONNECTED @ https://www.google.com/recaptcha/enterprise/clr?k=6Lf3d9UsAAAAAILBqo6A909pmhyvtYmDoxaKtfMV:0
[67133727ms] [ERROR] Failed to load resource: net::ERR_INTERNET_DISCONNECTED @ https://www.google.com/recaptcha/enterprise/clr?k=6Lf3d9UsAAAAAILBqo6A909pmhyvtYmDoxaKtfMV:0
[67133732ms] [ERROR] Failed to load resource: net::ERR_INTERNET_DISCONNECTED @ https://www.google.com/recaptcha/enterprise/clr?k=6Lf3d9UsAAAAAILBqo6A909pmhyvtYmDoxaKtfMV:0
[67135235ms] [WARNING] [2026-09-02T02:16:57.050Z]  @firebase/auth: Auth (12.6.0): Error while retrieving App Check token: FirebaseError: AppCheck: ReCAPTCHA error. (appCheck/recaptcha-error). @ https://outrun.co.il/_next/static/chunks/2532-16f59635ee5a761a.js:14
[67135244ms] [ERROR] Failed to load resource: net::ERR_INTERNET_DISCONNECTED @ https://securetoken.googleapis.com/v1/token?key=AIzaSyCezG55zVQEZWCEs-lHzx_yQldg-Ej2X60:0
[67135245ms] [ERROR] Failed to load resource: net::ERR_INTERNET_DISCONNECTED @ https://www.google.com/recaptcha/enterprise/clr?k=6Lf3d9UsAAAAAILBqo6A909pmhyvtYmDoxaKtfMV:0
[67135248ms] [ERROR] Failed to load resource: net::ERR_INTERNET_DISCONNECTED @ https://www.google.com/recaptcha/enterprise/clr?k=6Lf3d9UsAAAAAILBqo6A909pmhyvtYmDoxaKtfMV:0
[67135251ms] [ERROR] Failed to load resource: net::ERR_INTERNET_DISCONNECTED @ https://www.google.com/recaptcha/enterprise/clr?k=6Lf3d9UsAAAAAILBqo6A909pmhyvtYmDoxaKtfMV:0
[67135254ms] [ERROR] Failed to load resource: net::ERR_INTERNET_DISCONNECTED @ https://www.google.com/recaptcha/enterprise/clr?k=6Lf3d9UsAAAAAILBqo6A909pmhyvtYmDoxaKtfMV:0
[68174318ms] [WARNING] [2026-09-02T02:34:16.132Z]  @firebase/auth: Auth (12.6.0): Error while retrieving App Check token: FirebaseError: AppCheck: ReCAPTCHA error. (appCheck/recaptcha-error). @ https://outrun.co.il/_next/static/chunks/2532-16f59635ee5a761a.js:14
[68174324ms] [ERROR] Failed to load resource: net::ERR_INTERNET_DISCONNECTED @ https://www.google.com/recaptcha/enterprise/clr?k=6Lf3d9UsAAAAAILBqo6A909pmhyvtYmDoxaKtfMV:0
[68174325ms] [ERROR] Failed to load resource: net::ERR_INTERNET_DISCONNECTED @ https://securetoken.googleapis.com/v1/token?key=AIzaSyCezG55zVQEZWCEs-lHzx_yQldg-Ej2X60:0
[68174328ms] [ERROR] Failed to load resource: net::ERR_INTERNET_DISCONNECTED @ https://www.google.com/recaptcha/enterprise/clr?k=6Lf3d9UsAAAAAILBqo6A909pmhyvtYmDoxaKtfMV:0
[68174331ms] [ERROR] Failed to load resource: net::ERR_INTERNET_DISCONNECTED @ https://www.google.com/recaptcha/enterprise/clr?k=6Lf3d9UsAAAAAILBqo6A909pmhyvtYmDoxaKtfMV:0
[68174335ms] [ERROR] Failed to load resource: net::ERR_INTERNET_DISCONNECTED @ https://www.google.com/recaptcha/enterprise/clr?k=6Lf3d9UsAAAAAILBqo6A909pmhyvtYmDoxaKtfMV:0
[68417855ms] [WARNING] [2026-09-02T02:38:19.670Z]  @firebase/auth: Auth (12.6.0): Error while retrieving App Check token: FirebaseError: AppCheck: ReCAPTCHA error. (appCheck/recaptcha-error). @ https://outrun.co.il/_next/static/chunks/2532-16f59635ee5a761a.js:14
[68417864ms] [ERROR] Failed to load resource: net::ERR_INTERNET_DISCONNECTED @ https://securetoken.googleapis.com/v1/token?key=AIzaSyCezG55zVQEZWCEs-lHzx_yQldg-Ej2X60:0
[68417866ms] [ERROR] Failed to load resource: net::ERR_INTERNET_DISCONNECTED @ https://www.google.com/recaptcha/enterprise/clr?k=6Lf3d9UsAAAAAILBqo6A909pmhyvtYmDoxaKtfMV:0
[68417870ms] [ERROR] Failed to load resource: net::ERR_INTERNET_DISCONNECTED @ https://www.google.com/recaptcha/enterprise/clr?k=6Lf3d9UsAAAAAILBqo6A909pmhyvtYmDoxaKtfMV:0
[68417872ms] [ERROR] Failed to load resource: net::ERR_INTERNET_DISCONNECTED @ https://www.google.com/recaptcha/enterprise/clr?k=6Lf3d9UsAAAAAILBqo6A909pmhyvtYmDoxaKtfMV:0
[68417876ms] [ERROR] Failed to load resource: net::ERR_INTERNET_DISCONNECTED @ https://www.google.com/recaptcha/enterprise/clr?k=6Lf3d9UsAAAAAILBqo6A909pmhyvtYmDoxaKtfMV:0
[68657599ms] [WARNING] [2026-09-02T02:42:19.414Z]  @firebase/auth: Auth (12.6.0): Error while retrieving App Check token: FirebaseError: AppCheck: ReCAPTCHA error. (appCheck/recaptcha-error). @ https://outrun.co.il/_next/static/chunks/2532-16f59635ee5a761a.js:14
[69761827ms] [WARNING] [2026-09-02T03:00:43.642Z]  @firebase/auth: Auth (12.6.0): Error while retrieving App Check token: FirebaseError: AppCheck: ReCAPTCHA error. (appCheck/recaptcha-error). @ https://outrun.co.il/_next/static/chunks/2532-16f59635ee5a761a.js:14
[70059342ms] [WARNING] [2026-09-02T03:05:41.157Z]  @firebase/auth: Auth (12.6.0): Error while retrieving App Check token: FirebaseError: AppCheck: ReCAPTCHA error. (appCheck/recaptcha-error). @ https://outrun.co.il/_next/static/chunks/2532-16f59635ee5a761a.js:14
[71958296ms] [WARNING] [2026-09-02T03:37:20.110Z]  @firebase/auth: Auth (12.6.0): Error while retrieving App Check token: FirebaseError: AppCheck: ReCAPTCHA error. (appCheck/recaptcha-error). @ https://outrun.co.il/_next/static/chunks/2532-16f59635ee5a761a.js:14
[72761823ms] [WARNING] [2026-09-02T03:50:43.637Z]  @firebase/auth: Auth (12.6.0): Error while retrieving App Check token: FirebaseError: AppCheck: ReCAPTCHA error. (appCheck/recaptcha-error). @ https://outrun.co.il/_next/static/chunks/2532-16f59635ee5a761a.js:14
[73360807ms] [WARNING] [2026-09-02T04:00:42.621Z]  @firebase/auth: Auth (12.6.0): Error while retrieving App Check token: FirebaseError: AppCheck: ReCAPTCHA error. (appCheck/recaptcha-error). @ https://outrun.co.il/_next/static/chunks/2532-16f59635ee5a761a.js:14
[75258668ms] [WARNING] [2026-09-02T04:32:20.483Z]  @firebase/auth: Auth (12.6.0): Error while retrieving App Check token: FirebaseError: AppCheck: ReCAPTCHA error. (appCheck/recaptcha-error). @ https://outrun.co.il/_next/static/chunks/2532-16f59635ee5a761a.js:14
[75761867ms] [WARNING] [2026-09-02T04:40:43.681Z]  @firebase/auth: Auth (12.6.0): Error while retrieving App Check token: FirebaseError: AppCheck: ReCAPTCHA error. (appCheck/recaptcha-error). @ https://outrun.co.il/_next/static/chunks/2532-16f59635ee5a761a.js:14
[76663985ms] [WARNING] [2026-09-02T04:55:45.799Z]  @firebase/auth: Auth (12.6.0): Error while retrieving App Check token: FirebaseError: AppCheck: ReCAPTCHA error. (appCheck/recaptcha-error). @ https://outrun.co.il/_next/static/chunks/2532-16f59635ee5a761a.js:14
[77313288ms] [ERROR] Failed to load resource: net::ERR_NETWORK_CHANGED @ https://firestore.googleapis.com/google.firestore.v1.Firestore/Listen/channel?gsessionid=7TZci7mktCq8m-izntulLlEDpLOdY22_vLAAjEa1pNXeQqb2y_212Q&VER=8&database=projects%2Fappout-1%2Fdatabases%2F(default)&RID=rpc&SID=YOln21xYrF-98WcJ_Gwpvw&AID=0&CI=0&TYPE=xmlhttp&zx=ypljgk2mus7x&t=1:0
[77859643ms] [ERROR] Failed to load resource: net::ERR_INTERNET_DISCONNECTED @ https://www.google.com/recaptcha/enterprise/clr?k=6Lf3d9UsAAAAAILBqo6A909pmhyvtYmDoxaKtfMV:0
[77859644ms] [ERROR] Failed to load resource: net::ERR_INTERNET_DISCONNECTED @ https://firestore.googleapis.com/google.firestore.v1.Firestore/Listen/channel?VER=8&database=projects%2Fappout-1%2Fdatabases%2F(default)&gsessionid=aPsmHaaA1rzGRIhLxJgX1QoLwe47SEoSqIzE2okxc1r0_DZpwu87XQ&SID=-IEuKvtetmyIySPG67a8Eg&RID=9480&TYPE=terminate&zx=h2nldblt4h87:0
[77859648ms] [ERROR] Failed to load resource: net::ERR_INTERNET_DISCONNECTED @ https://firestore.googleapis.com/google.firestore.v1.Firestore/Listen/channel?VER=8&database=projects%2Fappout-1%2Fdatabases%2F(default)&RID=39327&CVER=22&X-HTTP-Session-Id=gsessionid&zx=b1uxdf8m0xr5&t=1:0
[77859649ms] [WARNING] [2026-09-02T05:15:41.463Z]  @firebase/firestore: Firestore (12.6.0): WebChannelConnection RPC 'Listen' stream 0x83f4374c transport errored. Name: undefined Message: undefined @ https://outrun.co.il/_next/static/chunks/2532-16f59635ee5a761a.js:14
[77859661ms] [ERROR] Failed to load resource: net::ERR_INTERNET_DISCONNECTED @ https://www.google.com/recaptcha/enterprise/clr?k=6Lf3d9UsAAAAAILBqo6A909pmhyvtYmDoxaKtfMV:0
[77859665ms] [ERROR] Failed to load resource: net::ERR_INTERNET_DISCONNECTED @ https://www.google.com/images/cleardot.gif?zx=ivw45rmkl14u:0
[77859665ms] [ERROR] Failed to load resource: net::ERR_INTERNET_DISCONNECTED @ https://www.google.com/recaptcha/enterprise/clr?k=6Lf3d9UsAAAAAILBqo6A909pmhyvtYmDoxaKtfMV:0
[77859679ms] [ERROR] Failed to load resource: net::ERR_INTERNET_DISCONNECTED @ https://firestore.googleapis.com/google.firestore.v1.Firestore/Listen/channel?VER=8&database=projects%2Fappout-1%2Fdatabases%2F(default)&RID=1704&CVER=22&X-HTTP-Session-Id=gsessionid&zx=sjqjg2ejm6j0&t=1:0
[77859679ms] [WARNING] [2026-09-02T05:15:41.494Z]  @firebase/firestore: Firestore (12.6.0): WebChannelConnection RPC 'Listen' stream 0x83f4374d transport errored. Name: undefined Message: undefined @ https://outrun.co.il/_next/static/chunks/2532-16f59635ee5a761a.js:14
[77859684ms] [ERROR] Failed to load resource: net::ERR_INTERNET_DISCONNECTED @ https://www.google.com/recaptcha/enterprise/clr?k=6Lf3d9UsAAAAAILBqo6A909pmhyvtYmDoxaKtfMV:0
[77859692ms] [ERROR] Failed to load resource: net::ERR_INTERNET_DISCONNECTED @ https://www.google.com/images/cleardot.gif?zx=cfep78ghnq6v:0
[77859692ms] [ERROR] Failed to load resource: net::ERR_INTERNET_DISCONNECTED @ https://www.google.com/recaptcha/enterprise/clr?k=6Lf3d9UsAAAAAILBqo6A909pmhyvtYmDoxaKtfMV:0
[77859695ms] [ERROR] Failed to load resource: net::ERR_INTERNET_DISCONNECTED @ https://www.google.com/recaptcha/enterprise/clr?k=6Lf3d9UsAAAAAILBqo6A909pmhyvtYmDoxaKtfMV:0
[77859696ms] [ERROR] Failed to load resource: net::ERR_INTERNET_DISCONNECTED @ https://www.google.com/recaptcha/enterprise/clr?k=6Lf3d9UsAAAAAILBqo6A909pmhyvtYmDoxaKtfMV:0
[77859702ms] [ERROR] Failed to load resource: net::ERR_NAME_NOT_RESOLVED @ https://www.google.com/recaptcha/enterprise/clr?k=6Lf3d9UsAAAAAILBqo6A909pmhyvtYmDoxaKtfMV:0
[77860450ms] [ERROR] Failed to load resource: net::ERR_INTERNET_DISCONNECTED @ https://firestore.googleapis.com/google.firestore.v1.Firestore/Listen/channel?VER=8&database=projects%2Fappout-1%2Fdatabases%2F(default)&RID=32309&CVER=22&X-HTTP-Session-Id=gsessionid&zx=5shqgdltpfyg&t=1:0
[77860450ms] [WARNING] [2026-09-02T05:15:42.265Z]  @firebase/firestore: Firestore (12.6.0): WebChannelConnection RPC 'Listen' stream 0x83f4374e transport errored. Name: undefined Message: undefined @ https://outrun.co.il/_next/static/chunks/2532-16f59635ee5a761a.js:14
[77860450ms] [ERROR] Failed to load resource: net::ERR_INTERNET_DISCONNECTED @ https://www.google.com/recaptcha/enterprise/clr?k=6Lf3d9UsAAAAAILBqo6A909pmhyvtYmDoxaKtfMV:0
[77860452ms] [ERROR] Failed to load resource: net::ERR_INTERNET_DISCONNECTED @ https://www.google.com/recaptcha/enterprise/clr?k=6Lf3d9UsAAAAAILBqo6A909pmhyvtYmDoxaKtfMV:0
[77860452ms] [ERROR] Failed to load resource: net::ERR_INTERNET_DISCONNECTED @ https://www.google.com/images/cleardot.gif?zx=jkfqer83vjrk:0
[77860453ms] [ERROR] Failed to load resource: net::ERR_INTERNET_DISCONNECTED @ https://www.google.com/recaptcha/enterprise/clr?k=6Lf3d9UsAAAAAILBqo6A909pmhyvtYmDoxaKtfMV:0
[77860455ms] [ERROR] Failed to load resource: net::ERR_INTERNET_DISCONNECTED @ https://www.google.com/recaptcha/enterprise/clr?k=6Lf3d9UsAAAAAILBqo6A909pmhyvtYmDoxaKtfMV:0
[77861741ms] [ERROR] Failed to load resource: net::ERR_INTERNET_DISCONNECTED @ https://firestore.googleapis.com/google.firestore.v1.Firestore/Listen/channel?VER=8&database=projects%2Fappout-1%2Fdatabases%2F(default)&RID=99090&CVER=22&X-HTTP-Session-Id=gsessionid&zx=gmcwv16qazzr&t=1:0
[77861741ms] [WARNING] [2026-09-02T05:15:43.556Z]  @firebase/firestore: Firestore (12.6.0): WebChannelConnection RPC 'Listen' stream 0x83f4374f transport errored. Name: undefined Message: undefined @ https://outrun.co.il/_next/static/chunks/2532-16f59635ee5a761a.js:14
[77861743ms] [ERROR] Failed to load resource: net::ERR_INTERNET_DISCONNECTED @ https://www.google.com/recaptcha/enterprise/clr?k=6Lf3d9UsAAAAAILBqo6A909pmhyvtYmDoxaKtfMV:0
[77861744ms] [ERROR] Failed to load resource: net::ERR_INTERNET_DISCONNECTED @ https://www.google.com/images/cleardot.gif?zx=up6z6eosqabe:0
[77861745ms] [ERROR] Failed to load resource: net::ERR_INTERNET_DISCONNECTED @ https://www.google.com/recaptcha/enterprise/clr?k=6Lf3d9UsAAAAAILBqo6A909pmhyvtYmDoxaKtfMV:0
[77861746ms] [ERROR] Failed to load resource: net::ERR_INTERNET_DISCONNECTED @ https://www.google.com/recaptcha/enterprise/clr?k=6Lf3d9UsAAAAAILBqo6A909pmhyvtYmDoxaKtfMV:0
[77861747ms] [ERROR] Failed to load resource: net::ERR_INTERNET_DISCONNECTED @ https://www.google.com/recaptcha/enterprise/clr?k=6Lf3d9UsAAAAAILBqo6A909pmhyvtYmDoxaKtfMV:0
[77863124ms] [ERROR] Failed to load resource: net::ERR_INTERNET_DISCONNECTED @ https://firestore.googleapis.com/google.firestore.v1.Firestore/Listen/channel?VER=8&database=projects%2Fappout-1%2Fdatabases%2F(default)&RID=54352&CVER=22&X-HTTP-Session-Id=gsessionid&zx=bgj6bfyr6jf5&t=1:0
[77863124ms] [WARNING] [2026-09-02T05:15:44.939Z]  @firebase/firestore: Firestore (12.6.0): WebChannelConnection RPC 'Listen' stream 0x83f43750 transport errored. Name: undefined Message: undefined @ https://outrun.co.il/_next/static/chunks/2532-16f59635ee5a761a.js:14
[77863125ms] [ERROR] Failed to load resource: net::ERR_INTERNET_DISCONNECTED @ https://www.google.com/recaptcha/enterprise/clr?k=6Lf3d9UsAAAAAILBqo6A909pmhyvtYmDoxaKtfMV:0
[77863128ms] [ERROR] Failed to load resource: net::ERR_INTERNET_DISCONNECTED @ https://www.google.com/recaptcha/enterprise/clr?k=6Lf3d9UsAAAAAILBqo6A909pmhyvtYmDoxaKtfMV:0
[77863128ms] [ERROR] Failed to load resource: net::ERR_INTERNET_DISCONNECTED @ https://www.google.com/images/cleardot.gif?zx=ramx8gun8gts:0
[77863130ms] [ERROR] Failed to load resource: net::ERR_INTERNET_DISCONNECTED @ https://www.google.com/recaptcha/enterprise/clr?k=6Lf3d9UsAAAAAILBqo6A909pmhyvtYmDoxaKtfMV:0
[77863132ms] [ERROR] Failed to load resource: net::ERR_INTERNET_DISCONNECTED @ https://www.google.com/recaptcha/enterprise/clr?k=6Lf3d9UsAAAAAILBqo6A909pmhyvtYmDoxaKtfMV:0
[77866890ms] [ERROR] Failed to load resource: net::ERR_INTERNET_DISCONNECTED @ https://firestore.googleapis.com/google.firestore.v1.Firestore/Listen/channel?VER=8&database=projects%2Fappout-1%2Fdatabases%2F(default)&RID=39048&CVER=22&X-HTTP-Session-Id=gsessionid&zx=2urfx1ny983g&t=1:0
[77866892ms] [WARNING] [2026-09-02T05:15:48.706Z]  @firebase/firestore: Firestore (12.6.0): WebChannelConnection RPC 'Listen' stream 0x83f43751 transport errored. Name: undefined Message: undefined @ https://outrun.co.il/_next/static/chunks/2532-16f59635ee5a761a.js:14
[77866893ms] [ERROR] Failed to load resource: net::ERR_INTERNET_DISCONNECTED @ https://www.google.com/recaptcha/enterprise/clr?k=6Lf3d9UsAAAAAILBqo6A909pmhyvtYmDoxaKtfMV:0
[77866895ms] [ERROR] Failed to load resource: net::ERR_INTERNET_DISCONNECTED @ https://www.google.com/images/cleardot.gif?zx=noa87vwexxyh:0
[77866895ms] [ERROR] Failed to load resource: net::ERR_INTERNET_DISCONNECTED @ https://www.google.com/recaptcha/enterprise/clr?k=6Lf3d9UsAAAAAILBqo6A909pmhyvtYmDoxaKtfMV:0
[77866897ms] [ERROR] Failed to load resource: net::ERR_INTERNET_DISCONNECTED @ https://www.google.com/recaptcha/enterprise/clr?k=6Lf3d9UsAAAAAILBqo6A909pmhyvtYmDoxaKtfMV:0
[77866898ms] [ERROR] Failed to load resource: net::ERR_INTERNET_DISCONNECTED @ https://www.google.com/recaptcha/enterprise/clr?k=6Lf3d9UsAAAAAILBqo6A909pmhyvtYmDoxaKtfMV:0
[77872611ms] [ERROR] Failed to load resource: net::ERR_INTERNET_DISCONNECTED @ https://firestore.googleapis.com/google.firestore.v1.Firestore/Listen/channel?VER=8&database=projects%2Fappout-1%2Fdatabases%2F(default)&RID=20692&CVER=22&X-HTTP-Session-Id=gsessionid&zx=kkrznpl62pjn&t=1:0
[77872611ms] [WARNING] [2026-09-02T05:15:54.426Z]  @firebase/firestore: Firestore (12.6.0): WebChannelConnection RPC 'Listen' stream 0x83f43752 transport errored. Name: undefined Message: undefined @ https://outrun.co.il/_next/static/chunks/2532-16f59635ee5a761a.js:14
[77872613ms] [ERROR] Failed to load resource: net::ERR_INTERNET_DISCONNECTED @ https://www.google.com/recaptcha/enterprise/clr?k=6Lf3d9UsAAAAAILBqo6A909pmhyvtYmDoxaKtfMV:0
[77872616ms] [ERROR] Failed to load resource: net::ERR_INTERNET_DISCONNECTED @ https://www.google.com/images/cleardot.gif?zx=1g6phgc3as40:0
[77872617ms] [ERROR] Failed to load resource: net::ERR_INTERNET_DISCONNECTED @ https://www.google.com/recaptcha/enterprise/clr?k=6Lf3d9UsAAAAAILBqo6A909pmhyvtYmDoxaKtfMV:0
[77872620ms] [ERROR] Failed to load resource: net::ERR_INTERNET_DISCONNECTED @ https://www.google.com/recaptcha/enterprise/clr?k=6Lf3d9UsAAAAAILBqo6A909pmhyvtYmDoxaKtfMV:0
[77872623ms] [ERROR] Failed to load resource: net::ERR_INTERNET_DISCONNECTED @ https://www.google.com/recaptcha/enterprise/clr?k=6Lf3d9UsAAAAAILBqo6A909pmhyvtYmDoxaKtfMV:0
[77883731ms] [ERROR] Failed to load resource: net::ERR_INTERNET_DISCONNECTED @ https://www.google.com/recaptcha/enterprise/clr?k=6Lf3d9UsAAAAAILBqo6A909pmhyvtYmDoxaKtfMV:0
[77883732ms] [ERROR] Failed to load resource: net::ERR_INTERNET_DISCONNECTED @ https://firestore.googleapis.com/google.firestore.v1.Firestore/Listen/channel?VER=8&database=projects%2Fappout-1%2Fdatabases%2F(default)&RID=5338&CVER=22&X-HTTP-Session-Id=gsessionid&zx=19xf89p7jgp6&t=1:0
[77883732ms] [WARNING] [2026-09-02T05:16:05.546Z]  @firebase/firestore: Firestore (12.6.0): WebChannelConnection RPC 'Listen' stream 0x83f43753 transport errored. Name: undefined Message: undefined @ https://outrun.co.il/_next/static/chunks/2532-16f59635ee5a761a.js:14
[77883733ms] [ERROR] Failed to load resource: net::ERR_INTERNET_DISCONNECTED @ https://www.google.com/recaptcha/enterprise/clr?k=6Lf3d9UsAAAAAILBqo6A909pmhyvtYmDoxaKtfMV:0
[77883735ms] [ERROR] Failed to load resource: net::ERR_INTERNET_DISCONNECTED @ https://www.google.com/recaptcha/enterprise/clr?k=6Lf3d9UsAAAAAILBqo6A909pmhyvtYmDoxaKtfMV:0
[77883735ms] [ERROR] Failed to load resource: net::ERR_INTERNET_DISCONNECTED @ https://www.google.com/images/cleardot.gif?zx=2wtl6cskxval:0
[77883736ms] [ERROR] Failed to load resource: net::ERR_INTERNET_DISCONNECTED @ https://www.google.com/recaptcha/enterprise/clr?k=6Lf3d9UsAAAAAILBqo6A909pmhyvtYmDoxaKtfMV:0
[77893849ms] [ERROR] Failed to load resource: net::ERR_INTERNET_DISCONNECTED @ https://www.google.com/recaptcha/enterprise/clr?k=6Lf3d9UsAAAAAILBqo6A909pmhyvtYmDoxaKtfMV:0
[77893850ms] [ERROR] Failed to load resource: net::ERR_INTERNET_DISCONNECTED @ https://firestore.googleapis.com/google.firestore.v1.Firestore/Listen/channel?VER=8&database=projects%2Fappout-1%2Fdatabases%2F(default)&RID=40595&CVER=22&X-HTTP-Session-Id=gsessionid&zx=qgav4elf5caz&t=1:0
[77893852ms] [WARNING] [2026-09-02T05:16:15.666Z]  @firebase/firestore: Firestore (12.6.0): WebChannelConnection RPC 'Listen' stream 0x83f43754 transport errored. Name: undefined Message: undefined @ https://outrun.co.il/_next/static/chunks/2532-16f59635ee5a761a.js:14
[77893853ms] [ERROR] Failed to load resource: net::ERR_INTERNET_DISCONNECTED @ https://www.google.com/recaptcha/enterprise/clr?k=6Lf3d9UsAAAAAILBqo6A909pmhyvtYmDoxaKtfMV:0
[77893855ms] [ERROR] Failed to load resource: net::ERR_INTERNET_DISCONNECTED @ https://www.google.com/images/cleardot.gif?zx=kxbgicmczzfv:0
[77893855ms] [ERROR] Failed to load resource: net::ERR_INTERNET_DISCONNECTED @ https://www.google.com/recaptcha/enterprise/clr?k=6Lf3d9UsAAAAAILBqo6A909pmhyvtYmDoxaKtfMV:0
[77893858ms] [ERROR] Failed to load resource: net::ERR_INTERNET_DISCONNECTED @ https://www.google.com/recaptcha/enterprise/clr?k=6Lf3d9UsAAAAAILBqo6A909pmhyvtYmDoxaKtfMV:0
[78191632ms] [ERROR] Failed to load resource: net::ERR_INTERNET_DISCONNECTED @ https://firestore.googleapis.com/google.firestore.v1.Firestore/Listen/channel?VER=8&database=projects%2Fappout-1%2Fdatabases%2F(default)&RID=16945&CVER=22&X-HTTP-Session-Id=gsessionid&zx=2bubg4122254&t=1:0
[78191634ms] [WARNING] [2026-09-02T05:21:13.448Z]  @firebase/firestore: Firestore (12.6.0): WebChannelConnection RPC 'Listen' stream 0x83f43755 transport errored. Name: undefined Message: undefined @ https://outrun.co.il/_next/static/chunks/2532-16f59635ee5a761a.js:14
[78191635ms] [ERROR] Failed to load resource: net::ERR_INTERNET_DISCONNECTED @ https://www.google.com/recaptcha/enterprise/clr?k=6Lf3d9UsAAAAAILBqo6A909pmhyvtYmDoxaKtfMV:0
[78191638ms] [ERROR] Failed to load resource: net::ERR_INTERNET_DISCONNECTED @ https://www.google.com/images/cleardot.gif?zx=718pbuqozy1a:0
[78191639ms] [ERROR] Failed to load resource: net::ERR_INTERNET_DISCONNECTED @ https://www.google.com/recaptcha/enterprise/clr?k=6Lf3d9UsAAAAAILBqo6A909pmhyvtYmDoxaKtfMV:0
[78191641ms] [ERROR] Failed to load resource: net::ERR_INTERNET_DISCONNECTED @ https://www.google.com/recaptcha/enterprise/clr?k=6Lf3d9UsAAAAAILBqo6A909pmhyvtYmDoxaKtfMV:0
[78191643ms] [ERROR] Failed to load resource: net::ERR_INTERNET_DISCONNECTED @ https://www.google.com/recaptcha/enterprise/clr?k=6Lf3d9UsAAAAAILBqo6A909pmhyvtYmDoxaKtfMV:0
[78397305ms] [ERROR] Failed to load resource: net::ERR_QUIC_PROTOCOL_ERROR.QUIC_TOO_MANY_RTOS @ https://firestore.googleapis.com/google.firestore.v1.Firestore/Listen/channel?gsessionid=umpSxgiKq2oL__TcnxXN5jnjTuM_rn33A39QbQ3BUUbC45zZhltoCg&VER=8&database=projects%2Fappout-1%2Fdatabases%2F(default)&RID=rpc&SID=0BvKFlsrnXs1YZfC6G_C0g&AID=0&CI=0&TYPE=xmlhttp&zx=w9s531clu0vm&t=1:0
[78397442ms] [ERROR] Failed to load resource: the server responded with a status of 400 () @ https://firestore.googleapis.com/google.firestore.v1.Firestore/Listen/channel?gsessionid=umpSxgiKq2oL__TcnxXN5jnjTuM_rn33A39QbQ3BUUbC45zZhltoCg&VER=8&database=projects%2Fappout-1%2Fdatabases%2F(default)&RID=rpc&SID=0BvKFlsrnXs1YZfC6G_C0g&AID=6&CI=0&TYPE=xmlhttp&zx=uzvjjo2v9h5t&t=1:0
[78397447ms] [WARNING] [2026-09-02T05:24:39.261Z]  @firebase/firestore: Firestore (12.6.0): WebChannelConnection RPC 'Listen' stream 0x83f43756 transport errored. Name: undefined Message: undefined @ https://outrun.co.il/_next/static/chunks/2532-16f59635ee5a761a.js:14
[80098344ms] [WARNING] [2026-09-02T05:53:00.159Z]  @firebase/auth: Auth (12.6.0): Error while retrieving App Check token: FirebaseError: AppCheck: ReCAPTCHA error. (appCheck/recaptcha-error). @ https://outrun.co.il/_next/static/chunks/2532-16f59635ee5a761a.js:14
[80300753ms] [WARNING] [2026-09-02T05:56:22.568Z]  @firebase/auth: Auth (12.6.0): Error while retrieving App Check token: FirebaseError: AppCheck: ReCAPTCHA error. (appCheck/recaptcha-error). @ https://outrun.co.il/_next/static/chunks/2532-16f59635ee5a761a.js:14
[81506207ms] [WARNING] [2026-09-02T06:16:28.022Z]  @firebase/auth: Auth (12.6.0): Error while retrieving App Check token: FirebaseError: AppCheck: ReCAPTCHA error. (appCheck/recaptcha-error). @ https://outrun.co.il/_next/static/chunks/2532-16f59635ee5a761a.js:14
[83300755ms] [WARNING] [2026-09-02T06:46:22.566Z]  @firebase/auth: Auth (12.6.0): Error while retrieving App Check token: FirebaseError: AppCheck: ReCAPTCHA error. (appCheck/recaptcha-error). @ https://outrun.co.il/_next/static/chunks/2532-16f59635ee5a761a.js:14
[83398727ms] [WARNING] [2026-09-02T06:48:00.542Z]  @firebase/auth: Auth (12.6.0): Error while retrieving App Check token: FirebaseError: AppCheck: ReCAPTCHA error. (appCheck/recaptcha-error). @ https://outrun.co.il/_next/static/chunks/2532-16f59635ee5a761a.js:14
[84808386ms] [WARNING] [2026-09-02T07:11:30.200Z]  @firebase/auth: Auth (12.6.0): Error while retrieving App Check token: FirebaseError: AppCheck: ReCAPTCHA error. (appCheck/recaptcha-error). @ https://outrun.co.il/_next/static/chunks/2532-16f59635ee5a761a.js:14
[86300766ms] [WARNING] [2026-09-02T07:36:22.580Z]  @firebase/auth: Auth (12.6.0): Error while retrieving App Check token: FirebaseError: AppCheck: ReCAPTCHA error. (appCheck/recaptcha-error). @ https://outrun.co.il/_next/static/chunks/2532-16f59635ee5a761a.js:14
[86699079ms] [WARNING] [2026-09-02T07:43:00.893Z]  @firebase/auth: Auth (12.6.0): Error while retrieving App Check token: FirebaseError: AppCheck: ReCAPTCHA error. (appCheck/recaptcha-error). @ https://outrun.co.il/_next/static/chunks/2532-16f59635ee5a761a.js:14
[88110021ms] [WARNING] [2026-09-02T08:06:31.835Z]  @firebase/auth: Auth (12.6.0): Error while retrieving App Check token: FirebaseError: AppCheck: ReCAPTCHA error. (appCheck/recaptcha-error). @ https://outrun.co.il/_next/static/chunks/2532-16f59635ee5a761a.js:14
[89300754ms] [WARNING] [2026-09-02T08:26:22.568Z]  @firebase/auth: Auth (12.6.0): Error while retrieving App Check token: FirebaseError: AppCheck: ReCAPTCHA error. (appCheck/recaptcha-error). @ https://outrun.co.il/_next/static/chunks/2532-16f59635ee5a761a.js:14
[89999316ms] [WARNING] [2026-09-02T08:38:01.130Z]  @firebase/auth: Auth (12.6.0): Error while retrieving App Check token: FirebaseError: AppCheck: ReCAPTCHA error. (appCheck/recaptcha-error). @ https://outrun.co.il/_next/static/chunks/2532-16f59635ee5a761a.js:14
[91414455ms] [WARNING] [2026-09-02T09:01:36.269Z]  @firebase/auth: Auth (12.6.0): Error while retrieving App Check token: FirebaseError: AppCheck: ReCAPTCHA error. (appCheck/recaptcha-error). @ https://outrun.co.il/_next/static/chunks/2532-16f59635ee5a761a.js:14
[91747365ms] [WARNING] [2026-09-02T09:07:09.179Z]  @firebase/auth: Auth (12.6.0): Error while retrieving App Check token: FirebaseError: AppCheck: ReCAPTCHA error. (appCheck/recaptcha-error). @ https://outrun.co.il/_next/static/chunks/2532-16f59635ee5a761a.js:14
[91747762ms] [WARNING] [2026-09-02T09:07:09.576Z]  @firebase/auth: Auth (12.6.0): Error while retrieving App Check token: FirebaseError: AppCheck: ReCAPTCHA error. (appCheck/recaptcha-error). @ https://outrun.co.il/_next/static/chunks/2532-16f59635ee5a761a.js:14
[91747762ms] [WARNING] [2026-09-02T09:07:09.576Z]  @firebase/auth: Auth (12.6.0): Error while retrieving App Check token: FirebaseError: AppCheck: ReCAPTCHA error. (appCheck/recaptcha-error). @ https://outrun.co.il/_next/static/chunks/2532-16f59635ee5a761a.js:14
[91748378ms] [LOG] [getAuthoritiesByManager] Super Admin — returning all 79 top-level authorities @ https://outrun.co.il/_next/static/chunks/7034-d5a7c1c4f020e8b1.js:0
[91749436ms] [LOG] [getAuthoritiesByManager] Super Admin — returning all 79 top-level authorities @ https://outrun.co.il/_next/static/chunks/7034-d5a7c1c4f020e8b1.js:0
[91749934ms] [LOG] [getAuthoritiesByManager] Super Admin — returning all 79 top-level authorities @ https://outrun.co.il/_next/static/chunks/7034-d5a7c1c4f020e8b1.js:0
[91751667ms] [LOG] [getAuthoritiesByManager] Super Admin — returning all 79 top-level authorities @ https://outrun.co.il/_next/static/chunks/7034-d5a7c1c4f020e8b1.js:0
[97271520ms] [WARNING] [2026-09-02T10:39:13.334Z]  @firebase/auth: Auth (12.6.0): Error while retrieving App Check token: FirebaseError: AppCheck: ReCAPTCHA error. (appCheck/recaptcha-error). @ https://outrun.co.il/_next/static/chunks/2532-16f59635ee5a761a.js:14
[97305441ms] [WARNING] [2026-09-02T10:39:47.256Z]  @firebase/auth: Auth (12.6.0): Error while retrieving App Check token: FirebaseError: AppCheck: ReCAPTCHA error. (appCheck/recaptcha-error). @ https://outrun.co.il/_next/static/chunks/2532-16f59635ee5a761a.js:14
[97604511ms] [WARNING] [2026-09-02T10:44:46.325Z]  @firebase/auth: Auth (12.6.0): Error while retrieving App Check token: FirebaseError: AppCheck: ReCAPTCHA error. (appCheck/recaptcha-error). @ https://outrun.co.il/_next/static/chunks/2532-16f59635ee5a761a.js:14
[100305213ms] [WARNING] [2026-09-02T11:29:47.028Z]  @firebase/auth: Auth (12.6.0): Error while retrieving App Check token: FirebaseError: AppCheck: ReCAPTCHA error. (appCheck/recaptcha-error). @ https://outrun.co.il/_next/static/chunks/2532-16f59635ee5a761a.js:14
[100571894ms] [WARNING] [2026-09-02T11:34:13.708Z]  @firebase/auth: Auth (12.6.0): Error while retrieving App Check token: FirebaseError: AppCheck: ReCAPTCHA error. (appCheck/recaptcha-error). @ https://outrun.co.il/_next/static/chunks/2532-16f59635ee5a761a.js:14
[100906118ms] [WARNING] [2026-09-02T11:39:47.932Z]  @firebase/auth: Auth (12.6.0): Error while retrieving App Check token: FirebaseError: AppCheck: ReCAPTCHA error. (appCheck/recaptcha-error). @ https://outrun.co.il/_next/static/chunks/2532-16f59635ee5a761a.js:14
[103305350ms] [WARNING] [2026-09-02T12:19:47.164Z]  @firebase/auth: Auth (12.6.0): Error while retrieving App Check token: FirebaseError: AppCheck: ReCAPTCHA error. (appCheck/recaptcha-error). @ https://outrun.co.il/_next/static/chunks/2532-16f59635ee5a761a.js:14
[103872437ms] [WARNING] [2026-09-02T12:29:14.251Z]  @firebase/auth: Auth (12.6.0): Error while retrieving App Check token: FirebaseError: AppCheck: ReCAPTCHA error. (appCheck/recaptcha-error). @ https://outrun.co.il/_next/static/chunks/2532-16f59635ee5a761a.js:14
[104209496ms] [WARNING] [2026-09-02T12:34:51.310Z]  @firebase/auth: Auth (12.6.0): Error while retrieving App Check token: FirebaseError: AppCheck: ReCAPTCHA error. (appCheck/recaptcha-error). @ https://outrun.co.il/_next/static/chunks/2532-16f59635ee5a761a.js:14
[106305347ms] [WARNING] [2026-09-02T13:09:47.161Z]  @firebase/auth: Auth (12.6.0): Error while retrieving App Check token: FirebaseError: AppCheck: ReCAPTCHA error. (appCheck/recaptcha-error). @ https://outrun.co.il/_next/static/chunks/2532-16f59635ee5a761a.js:14
[107172783ms] [WARNING] [2026-09-02T13:24:14.597Z]  @firebase/auth: Auth (12.6.0): Error while retrieving App Check token: FirebaseError: AppCheck: ReCAPTCHA error. (appCheck/recaptcha-error). @ https://outrun.co.il/_next/static/chunks/2532-16f59635ee5a761a.js:14
[107512524ms] [WARNING] [2026-09-02T13:29:54.338Z]  @firebase/auth: Auth (12.6.0): Error while retrieving App Check token: FirebaseError: AppCheck: ReCAPTCHA error. (appCheck/recaptcha-error). @ https://outrun.co.il/_next/static/chunks/2532-16f59635ee5a761a.js:14
[109305306ms] [WARNING] [2026-09-02T13:59:47.119Z]  @firebase/auth: Auth (12.6.0): Error while retrieving App Check token: FirebaseError: AppCheck: ReCAPTCHA error. (appCheck/recaptcha-error). @ https://outrun.co.il/_next/static/chunks/2532-16f59635ee5a761a.js:14
[110547845ms] [WARNING] [2026-09-02T14:20:29.657Z]  @firebase/auth: Auth (12.6.0): Error while retrieving App Check token: FirebaseError: AppCheck: ReCAPTCHA error. (appCheck/recaptcha-error). @ https://outrun.co.il/_next/static/chunks/2532-16f59635ee5a761a.js:14
[110549707ms] [ERROR] Failed to load resource: the server responded with a status of 502 () @ https://www.google.com/recaptcha/enterprise/clr?k=6Lf3d9UsAAAAAILBqo6A909pmhyvtYmDoxaKtfMV:0
[110550036ms] [ERROR] Failed to load resource: the server responded with a status of 502 () @ https://www.google.com/recaptcha/enterprise/clr?k=6Lf3d9UsAAAAAILBqo6A909pmhyvtYmDoxaKtfMV:0
[111531221ms] [ERROR] Failed to load resource: net::ERR_INTERNET_DISCONNECTED @ https://firestore.googleapis.com/google.firestore.v1.Firestore/Listen/channel?VER=8&database=projects%2Fappout-1%2Fdatabases%2F(default)&gsessionid=fDqUjKMgWZ3e4D1uazdJmAMl7uhOUla71EPKDaSU4YhmiSubptWVTg&SID=oail8e-6CZj0mpsgi6KtyQ&RID=78526&TYPE=terminate&zx=lsh5ncwgsgrs:0
[111531246ms] [ERROR] Failed to load resource: net::ERR_INTERNET_DISCONNECTED @ https://firestore.googleapis.com/google.firestore.v1.Firestore/Listen/channel?VER=8&database=projects%2Fappout-1%2Fdatabases%2F(default)&RID=98743&CVER=22&X-HTTP-Session-Id=gsessionid&zx=tivdkegj8ph&t=1:0
[111531248ms] [WARNING] [2026-09-02T14:36:53.062Z]  @firebase/firestore: Firestore (12.6.0): WebChannelConnection RPC 'Listen' stream 0x247e78c1 transport errored. Name: undefined Message: undefined @ https://outrun.co.il/_next/static/chunks/2532-16f59635ee5a761a.js:14
[111531249ms] [ERROR] Failed to load resource: net::ERR_INTERNET_DISCONNECTED @ https://www.google.com/recaptcha/enterprise/clr?k=6Lf3d9UsAAAAAILBqo6A909pmhyvtYmDoxaKtfMV:0
[111531254ms] [ERROR] Failed to load resource: net::ERR_INTERNET_DISCONNECTED @ https://www.google.com/images/cleardot.gif?zx=kr3146xu0chf:0
[111531254ms] [ERROR] Failed to load resource: net::ERR_INTERNET_DISCONNECTED @ https://www.google.com/recaptcha/enterprise/clr?k=6Lf3d9UsAAAAAILBqo6A909pmhyvtYmDoxaKtfMV:0
[111531258ms] [ERROR] Failed to load resource: net::ERR_INTERNET_DISCONNECTED @ https://www.google.com/recaptcha/enterprise/clr?k=6Lf3d9UsAAAAAILBqo6A909pmhyvtYmDoxaKtfMV:0
[111531263ms] [ERROR] Failed to load resource: net::ERR_INTERNET_DISCONNECTED @ https://firestore.googleapis.com/google.firestore.v1.Firestore/Listen/channel?VER=8&database=projects%2Fappout-1%2Fdatabases%2F(default)&RID=38320&CVER=22&X-HTTP-Session-Id=gsessionid&zx=s4pyrl5znm04&t=1:0
[111531263ms] [WARNING] [2026-09-02T14:36:53.078Z]  @firebase/firestore: Firestore (12.6.0): WebChannelConnection RPC 'Listen' stream 0x247e78c2 transport errored. Name: undefined Message: undefined @ https://outrun.co.il/_next/static/chunks/2532-16f59635ee5a761a.js:14
[111531265ms] [ERROR] Failed to load resource: net::ERR_INTERNET_DISCONNECTED @ https://www.google.com/recaptcha/enterprise/clr?k=6Lf3d9UsAAAAAILBqo6A909pmhyvtYmDoxaKtfMV:0
[111531265ms] [ERROR] Failed to load resource: net::ERR_INTERNET_DISCONNECTED @ https://www.google.com/recaptcha/enterprise/clr?k=6Lf3d9UsAAAAAILBqo6A909pmhyvtYmDoxaKtfMV:0
[111531268ms] [ERROR] Failed to load resource: net::ERR_INTERNET_DISCONNECTED @ https://www.google.com/recaptcha/enterprise/clr?k=6Lf3d9UsAAAAAILBqo6A909pmhyvtYmDoxaKtfMV:0
[111531271ms] [ERROR] Failed to load resource: net::ERR_INTERNET_DISCONNECTED @ https://www.google.com/images/cleardot.gif?zx=bs5oo0wb49ho:0
[111531296ms] [ERROR] Failed to load resource: net::ERR_INTERNET_DISCONNECTED @ https://www.google.com/recaptcha/enterprise/clr?k=6Lf3d9UsAAAAAILBqo6A909pmhyvtYmDoxaKtfMV:0
[111531304ms] [ERROR] Failed to load resource: net::ERR_INTERNET_DISCONNECTED @ https://www.google.com/recaptcha/enterprise/clr?k=6Lf3d9UsAAAAAILBqo6A909pmhyvtYmDoxaKtfMV:0
[111532264ms] [ERROR] Failed to load resource: net::ERR_INTERNET_DISCONNECTED @ https://firestore.googleapis.com/google.firestore.v1.Firestore/Listen/channel?VER=8&database=projects%2Fappout-1%2Fdatabases%2F(default)&RID=82760&CVER=22&X-HTTP-Session-Id=gsessionid&zx=qlcmt9vqj22d&t=1:0
[111532265ms] [WARNING] [2026-09-02T14:36:54.079Z]  @firebase/firestore: Firestore (12.6.0): WebChannelConnection RPC 'Listen' stream 0x247e78c3 transport errored. Name: undefined Message: undefined @ https://outrun.co.il/_next/static/chunks/2532-16f59635ee5a761a.js:14
[111532265ms] [ERROR] Failed to load resource: net::ERR_INTERNET_DISCONNECTED @ https://www.google.com/recaptcha/enterprise/clr?k=6Lf3d9UsAAAAAILBqo6A909pmhyvtYmDoxaKtfMV:0
[111532268ms] [ERROR] Failed to load resource: net::ERR_INTERNET_DISCONNECTED @ https://www.google.com/images/cleardot.gif?zx=v0q662y2q40c:0
[111532270ms] [ERROR] Failed to load resource: net::ERR_INTERNET_DISCONNECTED @ https://www.google.com/recaptcha/enterprise/clr?k=6Lf3d9UsAAAAAILBqo6A909pmhyvtYmDoxaKtfMV:0
[111532271ms] [ERROR] Failed to load resource: net::ERR_INTERNET_DISCONNECTED @ https://www.google.com/recaptcha/enterprise/clr?k=6Lf3d9UsAAAAAILBqo6A909pmhyvtYmDoxaKtfMV:0
[111532273ms] [ERROR] Failed to load resource: net::ERR_INTERNET_DISCONNECTED @ https://www.google.com/recaptcha/enterprise/clr?k=6Lf3d9UsAAAAAILBqo6A909pmhyvtYmDoxaKtfMV:0
[111533141ms] [ERROR] Failed to load resource: net::ERR_INTERNET_DISCONNECTED @ https://www.google.com/recaptcha/enterprise/clr?k=6Lf3d9UsAAAAAILBqo6A909pmhyvtYmDoxaKtfMV:0
[111533141ms] [ERROR] Failed to load resource: net::ERR_INTERNET_DISCONNECTED @ https://firestore.googleapis.com/google.firestore.v1.Firestore/Listen/channel?VER=8&database=projects%2Fappout-1%2Fdatabases%2F(default)&RID=86893&CVER=22&X-HTTP-Session-Id=gsessionid&zx=6rm3j5ro3gjr&t=1:0
[111533142ms] [WARNING] [2026-09-02T14:36:54.956Z]  @firebase/firestore: Firestore (12.6.0): WebChannelConnection RPC 'Listen' stream 0x247e78c4 transport errored. Name: undefined Message: undefined @ https://outrun.co.il/_next/static/chunks/2532-16f59635ee5a761a.js:14
[111533144ms] [ERROR] Failed to load resource: net::ERR_INTERNET_DISCONNECTED @ https://www.google.com/recaptcha/enterprise/clr?k=6Lf3d9UsAAAAAILBqo6A909pmhyvtYmDoxaKtfMV:0
[111533145ms] [ERROR] Failed to load resource: net::ERR_INTERNET_DISCONNECTED @ https://www.google.com/images/cleardot.gif?zx=f0enmjv0g17p:0
[111533146ms] [ERROR] Failed to load resource: net::ERR_INTERNET_DISCONNECTED @ https://www.google.com/recaptcha/enterprise/clr?k=6Lf3d9UsAAAAAILBqo6A909pmhyvtYmDoxaKtfMV:0
[111533149ms] [ERROR] Failed to load resource: net::ERR_INTERNET_DISCONNECTED @ https://www.google.com/recaptcha/enterprise/clr?k=6Lf3d9UsAAAAAILBqo6A909pmhyvtYmDoxaKtfMV:0
[111536044ms] [ERROR] Failed to load resource: net::ERR_INTERNET_DISCONNECTED @ https://firestore.googleapis.com/google.firestore.v1.Firestore/Listen/channel?VER=8&database=projects%2Fappout-1%2Fdatabases%2F(default)&RID=89359&CVER=22&X-HTTP-Session-Id=gsessionid&zx=8u2dozj31q2p&t=1:0
[111536044ms] [WARNING] [2026-09-02T14:36:57.859Z]  @firebase/firestore: Firestore (12.6.0): WebChannelConnection RPC 'Listen' stream 0x247e78c5 transport errored. Name: undefined Message: undefined @ https://outrun.co.il/_next/static/chunks/2532-16f59635ee5a761a.js:14
[111536045ms] [ERROR] Failed to load resource: net::ERR_INTERNET_DISCONNECTED @ https://www.google.com/recaptcha/enterprise/clr?k=6Lf3d9UsAAAAAILBqo6A909pmhyvtYmDoxaKtfMV:0
[111536047ms] [ERROR] Failed to load resource: net::ERR_INTERNET_DISCONNECTED @ https://www.google.com/recaptcha/enterprise/clr?k=6Lf3d9UsAAAAAILBqo6A909pmhyvtYmDoxaKtfMV:0
[111536048ms] [ERROR] Failed to load resource: net::ERR_INTERNET_DISCONNECTED @ https://www.google.com/images/cleardot.gif?zx=cdszvh27wh9t:0
[111536049ms] [ERROR] Failed to load resource: net::ERR_INTERNET_DISCONNECTED @ https://www.google.com/recaptcha/enterprise/clr?k=6Lf3d9UsAAAAAILBqo6A909pmhyvtYmDoxaKtfMV:0
[111536051ms] [ERROR] Failed to load resource: net::ERR_INTERNET_DISCONNECTED @ https://www.google.com/recaptcha/enterprise/clr?k=6Lf3d9UsAAAAAILBqo6A909pmhyvtYmDoxaKtfMV:0
[111540417ms] [ERROR] Failed to load resource: net::ERR_INTERNET_DISCONNECTED @ https://www.google.com/recaptcha/enterprise/clr?k=6Lf3d9UsAAAAAILBqo6A909pmhyvtYmDoxaKtfMV:0
[111540418ms] [ERROR] Failed to load resource: net::ERR_INTERNET_DISCONNECTED @ https://firestore.googleapis.com/google.firestore.v1.Firestore/Listen/channel?VER=8&database=projects%2Fappout-1%2Fdatabases%2F(default)&RID=89639&CVER=22&X-HTTP-Session-Id=gsessionid&zx=wyodg2bij3ph&t=1:0
[111540419ms] [WARNING] [2026-09-02T14:37:02.233Z]  @firebase/firestore: Firestore (12.6.0): WebChannelConnection RPC 'Listen' stream 0x247e78c6 transport errored. Name: undefined Message: undefined @ https://outrun.co.il/_next/static/chunks/2532-16f59635ee5a761a.js:14
[111540421ms] [ERROR] Failed to load resource: net::ERR_INTERNET_DISCONNECTED @ https://www.google.com/recaptcha/enterprise/clr?k=6Lf3d9UsAAAAAILBqo6A909pmhyvtYmDoxaKtfMV:0
[111540423ms] [ERROR] Failed to load resource: net::ERR_INTERNET_DISCONNECTED @ https://www.google.com/images/cleardot.gif?zx=l2whopujx5zh:0
[111540423ms] [ERROR] Failed to load resource: net::ERR_INTERNET_DISCONNECTED @ https://www.google.com/recaptcha/enterprise/clr?k=6Lf3d9UsAAAAAILBqo6A909pmhyvtYmDoxaKtfMV:0
[111540427ms] [ERROR] Failed to load resource: net::ERR_INTERNET_DISCONNECTED @ https://www.google.com/recaptcha/enterprise/clr?k=6Lf3d9UsAAAAAILBqo6A909pmhyvtYmDoxaKtfMV:0
[111543772ms] [ERROR] Failed to load resource: net::ERR_INTERNET_DISCONNECTED @ https://www.google.com/recaptcha/enterprise/clr?k=6Lf3d9UsAAAAAILBqo6A909pmhyvtYmDoxaKtfMV:0
[111543772ms] [ERROR] Failed to load resource: net::ERR_INTERNET_DISCONNECTED @ https://firestore.googleapis.com/google.firestore.v1.Firestore/Listen/channel?VER=8&database=projects%2Fappout-1%2Fdatabases%2F(default)&RID=27105&CVER=22&X-HTTP-Session-Id=gsessionid&zx=58bqk7uhdmyz&t=1:0
[111543773ms] [WARNING] [2026-09-02T14:37:05.587Z]  @firebase/firestore: Firestore (12.6.0): WebChannelConnection RPC 'Listen' stream 0x247e78c7 transport errored. Name: undefined Message: undefined @ https://outrun.co.il/_next/static/chunks/2532-16f59635ee5a761a.js:14
[111543774ms] [ERROR] Failed to load resource: net::ERR_INTERNET_DISCONNECTED @ https://www.google.com/recaptcha/enterprise/clr?k=6Lf3d9UsAAAAAILBqo6A909pmhyvtYmDoxaKtfMV:0
[111543774ms] [ERROR] Failed to load resource: net::ERR_INTERNET_DISCONNECTED @ https://www.google.com/images/cleardot.gif?zx=lqwjph7lhzn:0
[111543776ms] [ERROR] Failed to load resource: net::ERR_INTERNET_DISCONNECTED @ https://www.google.com/recaptcha/enterprise/clr?k=6Lf3d9UsAAAAAILBqo6A909pmhyvtYmDoxaKtfMV:0
[111543778ms] [ERROR] Failed to load resource: net::ERR_INTERNET_DISCONNECTED @ https://www.google.com/recaptcha/enterprise/clr?k=6Lf3d9UsAAAAAILBqo6A909pmhyvtYmDoxaKtfMV:0
[111555083ms] [ERROR] Failed to load resource: net::ERR_INTERNET_DISCONNECTED @ https://firestore.googleapis.com/google.firestore.v1.Firestore/Listen/channel?VER=8&database=projects%2Fappout-1%2Fdatabases%2F(default)&RID=58014&CVER=22&X-HTTP-Session-Id=gsessionid&zx=eceks7pdpf49&t=1:0
[111555084ms] [WARNING] [2026-09-02T14:37:16.898Z]  @firebase/firestore: Firestore (12.6.0): WebChannelConnection RPC 'Listen' stream 0x247e78c8 transport errored. Name: undefined Message: undefined @ https://outrun.co.il/_next/static/chunks/2532-16f59635ee5a761a.js:14
[111555084ms] [ERROR] Failed to load resource: net::ERR_INTERNET_DISCONNECTED @ https://www.google.com/recaptcha/enterprise/clr?k=6Lf3d9UsAAAAAILBqo6A909pmhyvtYmDoxaKtfMV:0
[111555086ms] [ERROR] Failed to load resource: net::ERR_INTERNET_DISCONNECTED @ https://www.google.com/recaptcha/enterprise/clr?k=6Lf3d9UsAAAAAILBqo6A909pmhyvtYmDoxaKtfMV:0
[111555086ms] [ERROR] Failed to load resource: net::ERR_INTERNET_DISCONNECTED @ https://www.google.com/images/cleardot.gif?zx=9lt4bl1t0b0q:0
[111555088ms] [ERROR] Failed to load resource: net::ERR_INTERNET_DISCONNECTED @ https://www.google.com/recaptcha/enterprise/clr?k=6Lf3d9UsAAAAAILBqo6A909pmhyvtYmDoxaKtfMV:0
[111555089ms] [ERROR] Failed to load resource: net::ERR_INTERNET_DISCONNECTED @ https://www.google.com/recaptcha/enterprise/clr?k=6Lf3d9UsAAAAAILBqo6A909pmhyvtYmDoxaKtfMV:0
[111565107ms] [ERROR] Failed to load resource: net::ERR_INTERNET_DISCONNECTED @ https://firestore.googleapis.com/google.firestore.v1.Firestore/Listen/channel?VER=8&database=projects%2Fappout-1%2Fdatabases%2F(default)&RID=36180&CVER=22&X-HTTP-Session-Id=gsessionid&zx=173eq6u54jwe&t=1:0
[111565108ms] [WARNING] [2026-09-02T14:37:26.923Z]  @firebase/firestore: Firestore (12.6.0): WebChannelConnection RPC 'Listen' stream 0x247e78c9 transport errored. Name: undefined Message: undefined @ https://outrun.co.il/_next/static/chunks/2532-16f59635ee5a761a.js:14
[111565109ms] [ERROR] Failed to load resource: net::ERR_INTERNET_DISCONNECTED @ https://www.google.com/recaptcha/enterprise/clr?k=6Lf3d9UsAAAAAILBqo6A909pmhyvtYmDoxaKtfMV:0
[111565111ms] [ERROR] Failed to load resource: net::ERR_INTERNET_DISCONNECTED @ https://www.google.com/images/cleardot.gif?zx=jhy8wnhbldf2:0
[111565111ms] [ERROR] Failed to load resource: net::ERR_INTERNET_DISCONNECTED @ https://www.google.com/recaptcha/enterprise/clr?k=6Lf3d9UsAAAAAILBqo6A909pmhyvtYmDoxaKtfMV:0
[111565114ms] [ERROR] Failed to load resource: net::ERR_INTERNET_DISCONNECTED @ https://www.google.com/recaptcha/enterprise/clr?k=6Lf3d9UsAAAAAILBqo6A909pmhyvtYmDoxaKtfMV:0
[111565115ms] [ERROR] Failed to load resource: net::ERR_INTERNET_DISCONNECTED @ https://www.google.com/recaptcha/enterprise/clr?k=6Lf3d9UsAAAAAILBqo6A909pmhyvtYmDoxaKtfMV:0
[117523114ms] [WARNING] [2026-09-02T16:16:44.928Z]  @firebase/auth: Auth (12.6.0): Error while retrieving App Check token: FirebaseError: AppCheck: ReCAPTCHA error. (appCheck/recaptcha-error). @ https://outrun.co.il/_next/static/chunks/2532-16f59635ee5a761a.js:14
[117523117ms] [ERROR] Failed to load resource: net::ERR_INTERNET_DISCONNECTED @ https://securetoken.googleapis.com/v1/token?key=AIzaSyCezG55zVQEZWCEs-lHzx_yQldg-Ej2X60:0
[117523118ms] [ERROR] Failed to load resource: net::ERR_INTERNET_DISCONNECTED @ https://www.google.com/recaptcha/enterprise/clr?k=6Lf3d9UsAAAAAILBqo6A909pmhyvtYmDoxaKtfMV:0
[117523120ms] [ERROR] Failed to load resource: net::ERR_INTERNET_DISCONNECTED @ https://www.google.com/recaptcha/enterprise/clr?k=6Lf3d9UsAAAAAILBqo6A909pmhyvtYmDoxaKtfMV:0
[117523122ms] [ERROR] Failed to load resource: net::ERR_INTERNET_DISCONNECTED @ https://www.google.com/recaptcha/enterprise/clr?k=6Lf3d9UsAAAAAILBqo6A909pmhyvtYmDoxaKtfMV:0
[117523123ms] [ERROR] Failed to load resource: net::ERR_INTERNET_DISCONNECTED @ https://www.google.com/recaptcha/enterprise/clr?k=6Lf3d9UsAAAAAILBqo6A909pmhyvtYmDoxaKtfMV:0
[117757373ms] [WARNING] [2026-09-02T16:20:39.187Z]  @firebase/auth: Auth (12.6.0): Error while retrieving App Check token: FirebaseError: AppCheck: ReCAPTCHA error. (appCheck/recaptcha-error). @ https://outrun.co.il/_next/static/chunks/2532-16f59635ee5a761a.js:14
[117757376ms] [ERROR] Failed to load resource: net::ERR_INTERNET_DISCONNECTED @ https://securetoken.googleapis.com/v1/token?key=AIzaSyCezG55zVQEZWCEs-lHzx_yQldg-Ej2X60:0
[117757377ms] [ERROR] Failed to load resource: net::ERR_INTERNET_DISCONNECTED @ https://www.google.com/recaptcha/enterprise/clr?k=6Lf3d9UsAAAAAILBqo6A909pmhyvtYmDoxaKtfMV:0
[117757379ms] [ERROR] Failed to load resource: net::ERR_INTERNET_DISCONNECTED @ https://www.google.com/recaptcha/enterprise/clr?k=6Lf3d9UsAAAAAILBqo6A909pmhyvtYmDoxaKtfMV:0
[117757380ms] [ERROR] Failed to load resource: net::ERR_INTERNET_DISCONNECTED @ https://www.google.com/recaptcha/enterprise/clr?k=6Lf3d9UsAAAAAILBqo6A909pmhyvtYmDoxaKtfMV:0
[117757382ms] [ERROR] Failed to load resource: net::ERR_INTERNET_DISCONNECTED @ https://www.google.com/recaptcha/enterprise/clr?k=6Lf3d9UsAAAAAILBqo6A909pmhyvtYmDoxaKtfMV:0
[117770201ms] [ERROR] Failed to load resource: net::ERR_INTERNET_DISCONNECTED @ https://www.google.com/recaptcha/enterprise/clr?k=6Lf3d9UsAAAAAILBqo6A909pmhyvtYmDoxaKtfMV:0
[117770203ms] [ERROR] Failed to load resource: net::ERR_INTERNET_DISCONNECTED @ https://www.google.com/recaptcha/enterprise/clr?k=6Lf3d9UsAAAAAILBqo6A909pmhyvtYmDoxaKtfMV:0
[117770205ms] [ERROR] Failed to load resource: net::ERR_INTERNET_DISCONNECTED @ https://www.google.com/recaptcha/enterprise/clr?k=6Lf3d9UsAAAAAILBqo6A909pmhyvtYmDoxaKtfMV:0
[117770206ms] [ERROR] Failed to load resource: net::ERR_INTERNET_DISCONNECTED @ https://www.google.com/recaptcha/enterprise/clr?k=6Lf3d9UsAAAAAILBqo6A909pmhyvtYmDoxaKtfMV:0
[121391076ms] [WARNING] [2026-09-02T17:21:12.891Z]  @firebase/auth: Auth (12.6.0): Error while retrieving App Check token: FirebaseError: AppCheck: ReCAPTCHA error. (appCheck/recaptcha-error). @ https://outrun.co.il/_next/static/chunks/2532-16f59635ee5a761a.js:14
[121391079ms] [ERROR] Failed to load resource: net::ERR_INTERNET_DISCONNECTED @ https://securetoken.googleapis.com/v1/token?key=AIzaSyCezG55zVQEZWCEs-lHzx_yQldg-Ej2X60:0
[121391080ms] [ERROR] Failed to load resource: net::ERR_INTERNET_DISCONNECTED @ https://www.google.com/recaptcha/enterprise/clr?k=6Lf3d9UsAAAAAILBqo6A909pmhyvtYmDoxaKtfMV:0
[121391082ms] [ERROR] Failed to load resource: net::ERR_INTERNET_DISCONNECTED @ https://www.google.com/recaptcha/enterprise/clr?k=6Lf3d9UsAAAAAILBqo6A909pmhyvtYmDoxaKtfMV:0
[121391084ms] [ERROR] Failed to load resource: net::ERR_INTERNET_DISCONNECTED @ https://www.google.com/recaptcha/enterprise/clr?k=6Lf3d9UsAAAAAILBqo6A909pmhyvtYmDoxaKtfMV:0
[121391086ms] [ERROR] Failed to load resource: net::ERR_INTERNET_DISCONNECTED @ https://www.google.com/recaptcha/enterprise/clr?k=6Lf3d9UsAAAAAILBqo6A909pmhyvtYmDoxaKtfMV:0
[125074562ms] [WARNING] [2026-09-02T18:22:36.377Z]  @firebase/auth: Auth (12.6.0): Error while retrieving App Check token: FirebaseError: AppCheck: ReCAPTCHA error. (appCheck/recaptcha-error). @ https://outrun.co.il/_next/static/chunks/2532-16f59635ee5a761a.js:14
[125074566ms] [ERROR] Failed to load resource: net::ERR_INTERNET_DISCONNECTED @ https://securetoken.googleapis.com/v1/token?key=AIzaSyCezG55zVQEZWCEs-lHzx_yQldg-Ej2X60:0
[125074568ms] [ERROR] Failed to load resource: net::ERR_INTERNET_DISCONNECTED @ https://www.google.com/recaptcha/enterprise/clr?k=6Lf3d9UsAAAAAILBqo6A909pmhyvtYmDoxaKtfMV:0
[125074570ms] [ERROR] Failed to load resource: net::ERR_INTERNET_DISCONNECTED @ https://www.google.com/recaptcha/enterprise/clr?k=6Lf3d9UsAAAAAILBqo6A909pmhyvtYmDoxaKtfMV:0
[125074571ms] [ERROR] Failed to load resource: net::ERR_INTERNET_DISCONNECTED @ https://www.google.com/recaptcha/enterprise/clr?k=6Lf3d9UsAAAAAILBqo6A909pmhyvtYmDoxaKtfMV:0
[125074573ms] [ERROR] Failed to load resource: net::ERR_INTERNET_DISCONNECTED @ https://www.google.com/recaptcha/enterprise/clr?k=6Lf3d9UsAAAAAILBqo6A909pmhyvtYmDoxaKtfMV:0
[126774697ms] [WARNING] [2026-09-02T18:50:56.511Z]  @firebase/auth: Auth (12.6.0): Error while retrieving App Check token: FirebaseError: AppCheck: ReCAPTCHA error. (appCheck/recaptcha-error). @ https://outrun.co.il/_next/static/chunks/2532-16f59635ee5a761a.js:14
[126774704ms] [ERROR] Failed to load resource: net::ERR_INTERNET_DISCONNECTED @ https://securetoken.googleapis.com/v1/token?key=AIzaSyCezG55zVQEZWCEs-lHzx_yQldg-Ej2X60:0
[126774705ms] [ERROR] Failed to load resource: net::ERR_INTERNET_DISCONNECTED @ https://www.google.com/recaptcha/enterprise/clr?k=6Lf3d9UsAAAAAILBqo6A909pmhyvtYmDoxaKtfMV:0
[126774706ms] [ERROR] Failed to load resource: net::ERR_INTERNET_DISCONNECTED @ https://www.google.com/recaptcha/enterprise/clr?k=6Lf3d9UsAAAAAILBqo6A909pmhyvtYmDoxaKtfMV:0
[126774707ms] [ERROR] Failed to load resource: net::ERR_INTERNET_DISCONNECTED @ https://www.google.com/recaptcha/enterprise/clr?k=6Lf3d9UsAAAAAILBqo6A909pmhyvtYmDoxaKtfMV:0
[126774708ms] [ERROR] Failed to load resource: net::ERR_INTERNET_DISCONNECTED @ https://www.google.com/recaptcha/enterprise/clr?k=6Lf3d9UsAAAAAILBqo6A909pmhyvtYmDoxaKtfMV:0
[126816922ms] [WARNING] [2026-09-02T18:51:38.736Z]  @firebase/auth: Auth (12.6.0): Error while retrieving App Check token: FirebaseError: AppCheck: ReCAPTCHA error. (appCheck/recaptcha-error). @ https://outrun.co.il/_next/static/chunks/2532-16f59635ee5a761a.js:14
[126816924ms] [ERROR] Failed to load resource: net::ERR_INTERNET_DISCONNECTED @ https://securetoken.googleapis.com/v1/token?key=AIzaSyCezG55zVQEZWCEs-lHzx_yQldg-Ej2X60:0
[126816924ms] [ERROR] Failed to load resource: net::ERR_INTERNET_DISCONNECTED @ https://www.google.com/recaptcha/enterprise/clr?k=6Lf3d9UsAAAAAILBqo6A909pmhyvtYmDoxaKtfMV:0
[126816926ms] [ERROR] Failed to load resource: net::ERR_INTERNET_DISCONNECTED @ https://www.google.com/recaptcha/enterprise/clr?k=6Lf3d9UsAAAAAILBqo6A909pmhyvtYmDoxaKtfMV:0
[126816927ms] [ERROR] Failed to load resource: net::ERR_INTERNET_DISCONNECTED @ https://www.google.com/recaptcha/enterprise/clr?k=6Lf3d9UsAAAAAILBqo6A909pmhyvtYmDoxaKtfMV:0
[126816928ms] [ERROR] Failed to load resource: net::ERR_INTERNET_DISCONNECTED @ https://www.google.com/recaptcha/enterprise/clr?k=6Lf3d9UsAAAAAILBqo6A909pmhyvtYmDoxaKtfMV:0
[126851089ms] [WARNING] [2026-09-02T18:52:12.904Z]  @firebase/auth: Auth (12.6.0): Error while retrieving App Check token: FirebaseError: AppCheck: ReCAPTCHA error. (appCheck/recaptcha-error). @ https://outrun.co.il/_next/static/chunks/2532-16f59635ee5a761a.js:14
[126851092ms] [ERROR] Failed to load resource: net::ERR_INTERNET_DISCONNECTED @ https://securetoken.googleapis.com/v1/token?key=AIzaSyCezG55zVQEZWCEs-lHzx_yQldg-Ej2X60:0
[126851093ms] [ERROR] Failed to load resource: net::ERR_INTERNET_DISCONNECTED @ https://www.google.com/recaptcha/enterprise/clr?k=6Lf3d9UsAAAAAILBqo6A909pmhyvtYmDoxaKtfMV:0
[126851095ms] [ERROR] Failed to load resource: net::ERR_INTERNET_DISCONNECTED @ https://www.google.com/recaptcha/enterprise/clr?k=6Lf3d9UsAAAAAILBqo6A909pmhyvtYmDoxaKtfMV:0
[126851096ms] [ERROR] Failed to load resource: net::ERR_INTERNET_DISCONNECTED @ https://www.google.com/recaptcha/enterprise/clr?k=6Lf3d9UsAAAAAILBqo6A909pmhyvtYmDoxaKtfMV:0
[126851097ms] [ERROR] Failed to load resource: net::ERR_INTERNET_DISCONNECTED @ https://www.google.com/recaptcha/enterprise/clr?k=6Lf3d9UsAAAAAILBqo6A909pmhyvtYmDoxaKtfMV:0
[126855874ms] [WARNING] [2026-09-02T18:52:17.689Z]  @firebase/auth: Auth (12.6.0): Error while retrieving App Check token: FirebaseError: AppCheck: ReCAPTCHA error. (appCheck/recaptcha-error). @ https://outrun.co.il/_next/static/chunks/2532-16f59635ee5a761a.js:14
[126855877ms] [ERROR] Failed to load resource: net::ERR_INTERNET_DISCONNECTED @ https://securetoken.googleapis.com/v1/token?key=AIzaSyCezG55zVQEZWCEs-lHzx_yQldg-Ej2X60:0
[126855877ms] [WARNING] [session] silent refresh failed: FirebaseError: Firebase: Error (auth/network-request-failed).
    at _ (https://outrun.co.il/_next/static/chunks/ebf8faf4-4b21e6e1cecfd8ac.js:1:2449)
    at d (https://outrun.co.il/_next/static/chunks/ebf8faf4-4b21e6e1cecfd8ac.js:1:1774)
    at O (https://outrun.co.il/_next/static/chunks/ebf8faf4-4b21e6e1cecfd8ac.js:1:8154)
    at async et (https://outrun.co.il/_next/static/chunks/ebf8faf4-4b21e6e1cecfd8ac.js:1:13604)
    at async er.refresh (https://outrun.co.il/_next/static/chunks/ebf8faf4-4b21e6e1cecfd8ac.js:1:15036)
    at async er.getToken (https://outrun.co.il/_next/static/chunks/ebf8faf4-4b21e6e1cecfd8ac.js:1:14848)
    at async B (https://outrun.co.il/_next/static/chunks/ebf8faf4-4b21e6e1cecfd8ac.js:1:11368)
    at async es.getIdToken (https://outrun.co.il/_next/static/chunks/ebf8faf4-4b21e6e1cecfd8ac.js:1:16560)
    at async https://outrun.co.il/_next/static/chunks/app/admin/layout-19dbfc67bfe16a74.js:1:7218 @ https://outrun.co.il/_next/static/chunks/app/admin/layout-19dbfc67bfe16a74.js:0
[126855879ms] [ERROR] Failed to load resource: net::ERR_INTERNET_DISCONNECTED @ https://www.google.com/recaptcha/enterprise/clr?k=6Lf3d9UsAAAAAILBqo6A909pmhyvtYmDoxaKtfMV:0
[126855892ms] [ERROR] Failed to load resource: net::ERR_INTERNET_DISCONNECTED @ https://www.google.com/recaptcha/enterprise/clr?k=6Lf3d9UsAAAAAILBqo6A909pmhyvtYmDoxaKtfMV:0
[126855897ms] [ERROR] Failed to load resource: net::ERR_INTERNET_DISCONNECTED @ https://www.google.com/recaptcha/enterprise/clr?k=6Lf3d9UsAAAAAILBqo6A909pmhyvtYmDoxaKtfMV:0
[126855905ms] [ERROR] Failed to load resource: net::ERR_INTERNET_DISCONNECTED @ https://www.google.com/recaptcha/enterprise/clr?k=6Lf3d9UsAAAAAILBqo6A909pmhyvtYmDoxaKtfMV:0
[126856105ms] [WARNING] [2026-09-02T18:52:17.920Z]  @firebase/auth: Auth (12.6.0): Error while retrieving App Check token: FirebaseError: AppCheck: ReCAPTCHA error. (appCheck/recaptcha-error). @ https://outrun.co.il/_next/static/chunks/2532-16f59635ee5a761a.js:14
[126858525ms] [ERROR] Failed to load resource: net::ERR_NAME_NOT_RESOLVED @ https://securetoken.googleapis.com/v1/token?key=AIzaSyCezG55zVQEZWCEs-lHzx_yQldg-Ej2X60:0
[126859601ms] [WARNING] [2026-09-02T18:52:21.415Z]  @firebase/auth: Auth (12.6.0): Error while retrieving App Check token: FirebaseError: AppCheck: ReCAPTCHA error. (appCheck/recaptcha-error). @ https://outrun.co.il/_next/static/chunks/2532-16f59635ee5a761a.js:14
[127707707ms] [ERROR] Failed to load resource: net::ERR_QUIC_PROTOCOL_ERROR.QUIC_TOO_MANY_RTOS @ https://firestore.googleapis.com/google.firestore.v1.Firestore/Listen/channel?gsessionid=l4t9Q3Ng5UYfrF7upF0If7dsQbOfkyoIXe74aNumLoaHcvKrZvjrHQ&VER=8&database=projects%2Fappout-1%2Fdatabases%2F(default)&RID=rpc&SID=kVJkK50LVKzobd6zTLKY8w&AID=58&CI=0&TYPE=xmlhttp&zx=21ypzex4x2i5&t=1:0
[128345084ms] [WARNING] [2026-09-02T19:17:06.899Z]  @firebase/auth: Auth (12.6.0): Error while retrieving App Check token: FirebaseError: AppCheck: ReCAPTCHA error. (appCheck/recaptcha-error). @ https://outrun.co.il/_next/static/chunks/2532-16f59635ee5a761a.js:14
[129815004ms] [WARNING] [2026-09-02T19:41:36.818Z]  @firebase/auth: Auth (12.6.0): Error while retrieving App Check token: FirebaseError: AppCheck: ReCAPTCHA error. (appCheck/recaptcha-error). @ https://outrun.co.il/_next/static/chunks/2532-16f59635ee5a761a.js:14
[130155850ms] [WARNING] [2026-09-02T19:47:17.664Z]  @firebase/auth: Auth (12.6.0): Error while retrieving App Check token: FirebaseError: AppCheck: ReCAPTCHA error. (appCheck/recaptcha-error). @ https://outrun.co.il/_next/static/chunks/2532-16f59635ee5a761a.js:14
[130973636ms] [ERROR] Failed to load resource: net::ERR_QUIC_PROTOCOL_ERROR.QUIC_TOO_MANY_RTOS @ https://firestore.googleapis.com/google.firestore.v1.Firestore/Listen/channel?gsessionid=R1WCw2_oAprcFtZqul9u7TB5ChCEl9Eth_BXq70Xi3i-hikI5sQApQ&VER=8&database=projects%2Fappout-1%2Fdatabases%2F(default)&RID=rpc&SID=XrF6Ioc_g65mn1b-W01c9w&AID=79&CI=1&TYPE=xmlhttp&zx=k5o29c3pkess&t=1:0
[131505756ms] [ERROR] Failed to load resource: net::ERR_INTERNET_DISCONNECTED @ https://firestore.googleapis.com/google.firestore.v1.Firestore/Listen/channel?VER=8&database=projects%2Fappout-1%2Fdatabases%2F(default)&gsessionid=R1WCw2_oAprcFtZqul9u7TB5ChCEl9Eth_BXq70Xi3i-hikI5sQApQ&SID=XrF6Ioc_g65mn1b-W01c9w&RID=48079&TYPE=terminate&zx=aam58rsmz2vi:0
[131506019ms] [ERROR] Failed to load resource: net::ERR_INTERNET_DISCONNECTED @ https://firestore.googleapis.com/google.firestore.v1.Firestore/Listen/channel?VER=8&database=projects%2Fappout-1%2Fdatabases%2F(default)&RID=79179&CVER=22&X-HTTP-Session-Id=gsessionid&zx=x76mme699r2n&t=1:0
[131506020ms] [WARNING] [2026-09-02T20:09:47.834Z]  @firebase/firestore: Firestore (12.6.0): WebChannelConnection RPC 'Listen' stream 0x247e78cf transport errored. Name: undefined Message: undefined @ https://outrun.co.il/_next/static/chunks/2532-16f59635ee5a761a.js:14
[131506021ms] [ERROR] Failed to load resource: net::ERR_INTERNET_DISCONNECTED @ https://www.google.com/recaptcha/enterprise/clr?k=6Lf3d9UsAAAAAILBqo6A909pmhyvtYmDoxaKtfMV:0
[131506053ms] [ERROR] Failed to load resource: net::ERR_INTERNET_DISCONNECTED @ https://www.google.com/images/cleardot.gif?zx=nlbmxg792c81:0
[131506083ms] [ERROR] Failed to load resource: net::ERR_INTERNET_DISCONNECTED @ https://www.google.com/recaptcha/enterprise/clr?k=6Lf3d9UsAAAAAILBqo6A909pmhyvtYmDoxaKtfMV:0
[131506174ms] [ERROR] Failed to load resource: net::ERR_INTERNET_DISCONNECTED @ https://www.google.com/recaptcha/enterprise/clr?k=6Lf3d9UsAAAAAILBqo6A909pmhyvtYmDoxaKtfMV:0
[131506209ms] [ERROR] Failed to load resource: net::ERR_INTERNET_DISCONNECTED @ https://firestore.googleapis.com/google.firestore.v1.Firestore/Listen/channel?VER=8&database=projects%2Fappout-1%2Fdatabases%2F(default)&RID=78580&CVER=22&X-HTTP-Session-Id=gsessionid&zx=7xtardfkr5b6&t=1:0
[131506211ms] [WARNING] [2026-09-02T20:09:48.025Z]  @firebase/firestore: Firestore (12.6.0): WebChannelConnection RPC 'Listen' stream 0x247e78d0 transport errored. Name: undefined Message: undefined @ https://outrun.co.il/_next/static/chunks/2532-16f59635ee5a761a.js:14
[131506213ms] [ERROR] Failed to load resource: net::ERR_INTERNET_DISCONNECTED @ https://www.google.com/recaptcha/enterprise/clr?k=6Lf3d9UsAAAAAILBqo6A909pmhyvtYmDoxaKtfMV:0
[131506214ms] [ERROR] Failed to load resource: net::ERR_INTERNET_DISCONNECTED @ https://www.google.com/recaptcha/enterprise/clr?k=6Lf3d9UsAAAAAILBqo6A909pmhyvtYmDoxaKtfMV:0
[131506224ms] [ERROR] Failed to load resource: net::ERR_INTERNET_DISCONNECTED @ https://www.google.com/recaptcha/enterprise/clr?k=6Lf3d9UsAAAAAILBqo6A909pmhyvtYmDoxaKtfMV:0
[131506237ms] [ERROR] Failed to load resource: net::ERR_INTERNET_DISCONNECTED @ https://www.google.com/images/cleardot.gif?zx=3ycq7s9ad5ei:0
[131506244ms] [ERROR] Failed to load resource: net::ERR_INTERNET_DISCONNECTED @ https://www.google.com/recaptcha/enterprise/clr?k=6Lf3d9UsAAAAAILBqo6A909pmhyvtYmDoxaKtfMV:0
[131506270ms] [ERROR] Failed to load resource: net::ERR_INTERNET_DISCONNECTED @ https://www.google.com/recaptcha/enterprise/clr?k=6Lf3d9UsAAAAAILBqo6A909pmhyvtYmDoxaKtfMV:0
[131507189ms] [ERROR] Failed to load resource: net::ERR_INTERNET_DISCONNECTED @ https://www.google.com/recaptcha/enterprise/clr?k=6Lf3d9UsAAAAAILBqo6A909pmhyvtYmDoxaKtfMV:0
[131507190ms] [ERROR] Failed to load resource: net::ERR_INTERNET_DISCONNECTED @ https://firestore.googleapis.com/google.firestore.v1.Firestore/Listen/channel?VER=8&database=projects%2Fappout-1%2Fdatabases%2F(default)&RID=25596&CVER=22&X-HTTP-Session-Id=gsessionid&zx=bpfl1c9d1toy&t=1:0
[131507190ms] [WARNING] [2026-09-02T20:09:49.005Z]  @firebase/firestore: Firestore (12.6.0): WebChannelConnection RPC 'Listen' stream 0x247e78d1 transport errored. Name: undefined Message: undefined @ https://outrun.co.il/_next/static/chunks/2532-16f59635ee5a761a.js:14
[131507195ms] [ERROR] Failed to load resource: net::ERR_INTERNET_DISCONNECTED @ https://www.google.com/recaptcha/enterprise/clr?k=6Lf3d9UsAAAAAILBqo6A909pmhyvtYmDoxaKtfMV:0
[131507196ms] [ERROR] Failed to load resource: net::ERR_INTERNET_DISCONNECTED @ https://www.google.com/images/cleardot.gif?zx=x6wvq7ypapiq:0
[131507202ms] [ERROR] Failed to load resource: net::ERR_INTERNET_DISCONNECTED @ https://www.google.com/recaptcha/enterprise/clr?k=6Lf3d9UsAAAAAILBqo6A909pmhyvtYmDoxaKtfMV:0
[131507208ms] [ERROR] Failed to load resource: net::ERR_INTERNET_DISCONNECTED @ https://www.google.com/recaptcha/enterprise/clr?k=6Lf3d9UsAAAAAILBqo6A909pmhyvtYmDoxaKtfMV:0
[131508196ms] [ERROR] Failed to load resource: net::ERR_INTERNET_DISCONNECTED @ https://firestore.googleapis.com/google.firestore.v1.Firestore/Listen/channel?VER=8&database=projects%2Fappout-1%2Fdatabases%2F(default)&RID=5021&CVER=22&X-HTTP-Session-Id=gsessionid&zx=atvzr4sdv4ds&t=1:0
[131508197ms] [WARNING] [2026-09-02T20:09:50.011Z]  @firebase/firestore: Firestore (12.6.0): WebChannelConnection RPC 'Listen' stream 0x247e78d2 transport errored. Name: undefined Message: undefined @ https://outrun.co.il/_next/static/chunks/2532-16f59635ee5a761a.js:14
[131508197ms] [ERROR] Failed to load resource: net::ERR_INTERNET_DISCONNECTED @ https://www.google.com/recaptcha/enterprise/clr?k=6Lf3d9UsAAAAAILBqo6A909pmhyvtYmDoxaKtfMV:0
[131508200ms] [ERROR] Failed to load resource: net::ERR_INTERNET_DISCONNECTED @ https://www.google.com/recaptcha/enterprise/clr?k=6Lf3d9UsAAAAAILBqo6A909pmhyvtYmDoxaKtfMV:0
[131508200ms] [ERROR] Failed to load resource: net::ERR_INTERNET_DISCONNECTED @ https://www.google.com/images/cleardot.gif?zx=z1uf2zzalkr2:0
[131508202ms] [ERROR] Failed to load resource: net::ERR_INTERNET_DISCONNECTED @ https://www.google.com/recaptcha/enterprise/clr?k=6Lf3d9UsAAAAAILBqo6A909pmhyvtYmDoxaKtfMV:0
[131508204ms] [ERROR] Failed to load resource: net::ERR_INTERNET_DISCONNECTED @ https://www.google.com/recaptcha/enterprise/clr?k=6Lf3d9UsAAAAAILBqo6A909pmhyvtYmDoxaKtfMV:0
[131510725ms] [ERROR] Failed to load resource: net::ERR_INTERNET_DISCONNECTED @ https://firestore.googleapis.com/google.firestore.v1.Firestore/Listen/channel?VER=8&database=projects%2Fappout-1%2Fdatabases%2F(default)&RID=95005&CVER=22&X-HTTP-Session-Id=gsessionid&zx=3g73n09ajs8f&t=1:0
[131510725ms] [WARNING] [2026-09-02T20:09:52.539Z]  @firebase/firestore: Firestore (12.6.0): WebChannelConnection RPC 'Listen' stream 0x247e78d3 transport errored. Name: undefined Message: undefined @ https://outrun.co.il/_next/static/chunks/2532-16f59635ee5a761a.js:14
[131510725ms] [ERROR] Failed to load resource: net::ERR_INTERNET_DISCONNECTED @ https://www.google.com/recaptcha/enterprise/clr?k=6Lf3d9UsAAAAAILBqo6A909pmhyvtYmDoxaKtfMV:0
[131510727ms] [ERROR] Failed to load resource: net::ERR_INTERNET_DISCONNECTED @ https://www.google.com/recaptcha/enterprise/clr?k=6Lf3d9UsAAAAAILBqo6A909pmhyvtYmDoxaKtfMV:0
[131510728ms] [ERROR] Failed to load resource: net::ERR_INTERNET_DISCONNECTED @ https://www.google.com/recaptcha/enterprise/clr?k=6Lf3d9UsAAAAAILBqo6A909pmhyvtYmDoxaKtfMV:0
[131510729ms] [ERROR] Failed to load resource: net::ERR_INTERNET_DISCONNECTED @ https://www.google.com/images/cleardot.gif?zx=7t9fdssab52z:0
[131510730ms] [ERROR] Failed to load resource: net::ERR_INTERNET_DISCONNECTED @ https://www.google.com/recaptcha/enterprise/clr?k=6Lf3d9UsAAAAAILBqo6A909pmhyvtYmDoxaKtfMV:0
[131513949ms] [ERROR] Failed to load resource: net::ERR_INTERNET_DISCONNECTED @ https://firestore.googleapis.com/google.firestore.v1.Firestore/Listen/channel?VER=8&database=projects%2Fappout-1%2Fdatabases%2F(default)&RID=28968&CVER=22&X-HTTP-Session-Id=gsessionid&zx=fsrito9ruwte&t=1:0
[131513949ms] [WARNING] [2026-09-02T20:09:55.763Z]  @firebase/firestore: Firestore (12.6.0): WebChannelConnection RPC 'Listen' stream 0x247e78d4 transport errored. Name: undefined Message: undefined @ https://outrun.co.il/_next/static/chunks/2532-16f59635ee5a761a.js:14
[131513949ms] [ERROR] Failed to load resource: net::ERR_INTERNET_DISCONNECTED @ https://www.google.com/recaptcha/enterprise/clr?k=6Lf3d9UsAAAAAILBqo6A909pmhyvtYmDoxaKtfMV:0
[131513951ms] [ERROR] Failed to load resource: net::ERR_INTERNET_DISCONNECTED @ https://www.google.com/recaptcha/enterprise/clr?k=6Lf3d9UsAAAAAILBqo6A909pmhyvtYmDoxaKtfMV:0
[131513951ms] [ERROR] Failed to load resource: net::ERR_INTERNET_DISCONNECTED @ https://www.google.com/images/cleardot.gif?zx=42jwf5x6v9c:0
[131513953ms] [ERROR] Failed to load resource: net::ERR_INTERNET_DISCONNECTED @ https://www.google.com/recaptcha/enterprise/clr?k=6Lf3d9UsAAAAAILBqo6A909pmhyvtYmDoxaKtfMV:0
[131513954ms] [ERROR] Failed to load resource: net::ERR_INTERNET_DISCONNECTED @ https://www.google.com/recaptcha/enterprise/clr?k=6Lf3d9UsAAAAAILBqo6A909pmhyvtYmDoxaKtfMV:0
[131519883ms] [ERROR] Failed to load resource: net::ERR_INTERNET_DISCONNECTED @ https://firestore.googleapis.com/google.firestore.v1.Firestore/Listen/channel?VER=8&database=projects%2Fappout-1%2Fdatabases%2F(default)&RID=13689&CVER=22&X-HTTP-Session-Id=gsessionid&zx=6wjqw3oj2a2g&t=1:0
[131519883ms] [WARNING] [2026-09-02T20:10:01.697Z]  @firebase/firestore: Firestore (12.6.0): WebChannelConnection RPC 'Listen' stream 0x247e78d5 transport errored. Name: undefined Message: undefined @ https://outrun.co.il/_next/static/chunks/2532-16f59635ee5a761a.js:14
[131519883ms] [ERROR] Failed to load resource: net::ERR_INTERNET_DISCONNECTED @ https://www.google.com/recaptcha/enterprise/clr?k=6Lf3d9UsAAAAAILBqo6A909pmhyvtYmDoxaKtfMV:0
[131519885ms] [ERROR] Failed to load resource: net::ERR_INTERNET_DISCONNECTED @ https://www.google.com/recaptcha/enterprise/clr?k=6Lf3d9UsAAAAAILBqo6A909pmhyvtYmDoxaKtfMV:0
[131519885ms] [ERROR] Failed to load resource: net::ERR_INTERNET_DISCONNECTED @ https://www.google.com/images/cleardot.gif?zx=emtw7vs8kkdi:0
[131519886ms] [ERROR] Failed to load resource: net::ERR_INTERNET_DISCONNECTED @ https://www.google.com/recaptcha/enterprise/clr?k=6Lf3d9UsAAAAAILBqo6A909pmhyvtYmDoxaKtfMV:0
[131519888ms] [ERROR] Failed to load resource: net::ERR_INTERNET_DISCONNECTED @ https://www.google.com/recaptcha/enterprise/clr?k=6Lf3d9UsAAAAAILBqo6A909pmhyvtYmDoxaKtfMV:0
[131526055ms] [ERROR] Failed to load resource: net::ERR_INTERNET_DISCONNECTED @ https://firestore.googleapis.com/google.firestore.v1.Firestore/Listen/channel?VER=8&database=projects%2Fappout-1%2Fdatabases%2F(default)&RID=13495&CVER=22&X-HTTP-Session-Id=gsessionid&zx=tb82lwnykhb&t=1:0
[131526055ms] [WARNING] [2026-09-02T20:10:07.870Z]  @firebase/firestore: Firestore (12.6.0): WebChannelConnection RPC 'Listen' stream 0x247e78d6 transport errored. Name: undefined Message: undefined @ https://outrun.co.il/_next/static/chunks/2532-16f59635ee5a761a.js:14
[131526056ms] [ERROR] Failed to load resource: net::ERR_INTERNET_DISCONNECTED @ https://www.google.com/recaptcha/enterprise/clr?k=6Lf3d9UsAAAAAILBqo6A909pmhyvtYmDoxaKtfMV:0
[131526058ms] [ERROR] Failed to load resource: net::ERR_INTERNET_DISCONNECTED @ https://www.google.com/images/cleardot.gif?zx=ru6e122egdv9:0
[131526058ms] [ERROR] Failed to load resource: net::ERR_INTERNET_DISCONNECTED @ https://www.google.com/recaptcha/enterprise/clr?k=6Lf3d9UsAAAAAILBqo6A909pmhyvtYmDoxaKtfMV:0
[131526060ms] [ERROR] Failed to load resource: net::ERR_INTERNET_DISCONNECTED @ https://www.google.com/recaptcha/enterprise/clr?k=6Lf3d9UsAAAAAILBqo6A909pmhyvtYmDoxaKtfMV:0
[131526062ms] [ERROR] Failed to load resource: net::ERR_INTERNET_DISCONNECTED @ https://www.google.com/recaptcha/enterprise/clr?k=6Lf3d9UsAAAAAILBqo6A909pmhyvtYmDoxaKtfMV:0
[131538287ms] [ERROR] Failed to load resource: net::ERR_INTERNET_DISCONNECTED @ https://firestore.googleapis.com/google.firestore.v1.Firestore/Listen/channel?VER=8&database=projects%2Fappout-1%2Fdatabases%2F(default)&RID=94241&CVER=22&X-HTTP-Session-Id=gsessionid&zx=eeq44291m9fr&t=1:0
[131538287ms] [WARNING] [2026-09-02T20:10:20.102Z]  @firebase/firestore: Firestore (12.6.0): WebChannelConnection RPC 'Listen' stream 0x247e78d7 transport errored. Name: undefined Message: undefined @ https://outrun.co.il/_next/static/chunks/2532-16f59635ee5a761a.js:14
[131538288ms] [ERROR] Failed to load resource: net::ERR_INTERNET_DISCONNECTED @ https://www.google.com/recaptcha/enterprise/clr?k=6Lf3d9UsAAAAAILBqo6A909pmhyvtYmDoxaKtfMV:0
[131538289ms] [ERROR] Failed to load resource: net::ERR_INTERNET_DISCONNECTED @ https://www.google.com/images/cleardot.gif?zx=syljaci143kn:0
[131538289ms] [ERROR] Failed to load resource: net::ERR_INTERNET_DISCONNECTED @ https://www.google.com/recaptcha/enterprise/clr?k=6Lf3d9UsAAAAAILBqo6A909pmhyvtYmDoxaKtfMV:0
[131538291ms] [ERROR] Failed to load resource: net::ERR_INTERNET_DISCONNECTED @ https://www.google.com/recaptcha/enterprise/clr?k=6Lf3d9UsAAAAAILBqo6A909pmhyvtYmDoxaKtfMV:0
[131538292ms] [ERROR] Failed to load resource: net::ERR_INTERNET_DISCONNECTED @ https://www.google.com/recaptcha/enterprise/clr?k=6Lf3d9UsAAAAAILBqo6A909pmhyvtYmDoxaKtfMV:0
[131548238ms] [ERROR] Failed to load resource: net::ERR_INTERNET_DISCONNECTED @ https://www.google.com/recaptcha/enterprise/clr?k=6Lf3d9UsAAAAAILBqo6A909pmhyvtYmDoxaKtfMV:0
[131548239ms] [ERROR] Failed to load resource: net::ERR_INTERNET_DISCONNECTED @ https://firestore.googleapis.com/google.firestore.v1.Firestore/Listen/channel?VER=8&database=projects%2Fappout-1%2Fdatabases%2F(default)&RID=57827&CVER=22&X-HTTP-Session-Id=gsessionid&zx=r5qhl1idfeia&t=1:0
[131548239ms] [WARNING] [2026-09-02T20:10:30.053Z]  @firebase/firestore: Firestore (12.6.0): WebChannelConnection RPC 'Listen' stream 0x247e78d8 transport errored. Name: undefined Message: undefined @ https://outrun.co.il/_next/static/chunks/2532-16f59635ee5a761a.js:14
[131548240ms] [ERROR] Failed to load resource: net::ERR_INTERNET_DISCONNECTED @ https://www.google.com/recaptcha/enterprise/clr?k=6Lf3d9UsAAAAAILBqo6A909pmhyvtYmDoxaKtfMV:0
[131548241ms] [ERROR] Failed to load resource: net::ERR_INTERNET_DISCONNECTED @ https://www.google.com/images/cleardot.gif?zx=kfl39es5xik:0
[131548242ms] [ERROR] Failed to load resource: net::ERR_INTERNET_DISCONNECTED @ https://www.google.com/recaptcha/enterprise/clr?k=6Lf3d9UsAAAAAILBqo6A909pmhyvtYmDoxaKtfMV:0
[131548244ms] [ERROR] Failed to load resource: net::ERR_INTERNET_DISCONNECTED @ https://www.google.com/recaptcha/enterprise/clr?k=6Lf3d9UsAAAAAILBqo6A909pmhyvtYmDoxaKtfMV:0
[131564761ms] [ERROR] Failed to load resource: net::ERR_INTERNET_DISCONNECTED @ https://www.google.com/recaptcha/enterprise/clr?k=6Lf3d9UsAAAAAILBqo6A909pmhyvtYmDoxaKtfMV:0
[131564762ms] [ERROR] Failed to load resource: net::ERR_INTERNET_DISCONNECTED @ https://firestore.googleapis.com/google.firestore.v1.Firestore/Listen/channel?VER=8&database=projects%2Fappout-1%2Fdatabases%2F(default)&RID=99791&CVER=22&X-HTTP-Session-Id=gsessionid&zx=8824buc3mx5r&t=1:0
[131564762ms] [WARNING] [2026-09-02T20:10:46.576Z]  @firebase/firestore: Firestore (12.6.0): WebChannelConnection RPC 'Listen' stream 0x247e78d9 transport errored. Name: undefined Message: undefined @ https://outrun.co.il/_next/static/chunks/2532-16f59635ee5a761a.js:14
[131564763ms] [ERROR] Failed to load resource: net::ERR_INTERNET_DISCONNECTED @ https://www.google.com/recaptcha/enterprise/clr?k=6Lf3d9UsAAAAAILBqo6A909pmhyvtYmDoxaKtfMV:0
[131564763ms] [ERROR] Failed to load resource: net::ERR_INTERNET_DISCONNECTED @ https://www.google.com/images/cleardot.gif?zx=x6rbpyjbfsmj:0
[131564764ms] [ERROR] Failed to load resource: net::ERR_INTERNET_DISCONNECTED @ https://www.google.com/recaptcha/enterprise/clr?k=6Lf3d9UsAAAAAILBqo6A909pmhyvtYmDoxaKtfMV:0
[131564766ms] [ERROR] Failed to load resource: net::ERR_INTERNET_DISCONNECTED @ https://www.google.com/recaptcha/enterprise/clr?k=6Lf3d9UsAAAAAILBqo6A909pmhyvtYmDoxaKtfMV:0
[131600523ms] [ERROR] Failed to load resource: net::ERR_INTERNET_DISCONNECTED @ https://firestore.googleapis.com/google.firestore.v1.Firestore/Listen/channel?VER=8&database=projects%2Fappout-1%2Fdatabases%2F(default)&RID=97274&CVER=22&X-HTTP-Session-Id=gsessionid&zx=h8ni033zidq6&t=1:0
[131600523ms] [WARNING] [2026-09-02T20:11:22.337Z]  @firebase/firestore: Firestore (12.6.0): WebChannelConnection RPC 'Listen' stream 0x247e78da transport errored. Name: undefined Message: undefined @ https://outrun.co.il/_next/static/chunks/2532-16f59635ee5a761a.js:14
[131600523ms] [ERROR] Failed to load resource: net::ERR_INTERNET_DISCONNECTED @ https://www.google.com/recaptcha/enterprise/clr?k=6Lf3d9UsAAAAAILBqo6A909pmhyvtYmDoxaKtfMV:0
[131600525ms] [ERROR] Failed to load resource: net::ERR_INTERNET_DISCONNECTED @ https://www.google.com/images/cleardot.gif?zx=owberbzbr4me:0
[131600526ms] [ERROR] Failed to load resource: net::ERR_INTERNET_DISCONNECTED @ https://www.google.com/recaptcha/enterprise/clr?k=6Lf3d9UsAAAAAILBqo6A909pmhyvtYmDoxaKtfMV:0
[131600528ms] [ERROR] Failed to load resource: net::ERR_INTERNET_DISCONNECTED @ https://www.google.com/recaptcha/enterprise/clr?k=6Lf3d9UsAAAAAILBqo6A909pmhyvtYmDoxaKtfMV:0
[131600529ms] [ERROR] Failed to load resource: net::ERR_INTERNET_DISCONNECTED @ https://www.google.com/recaptcha/enterprise/clr?k=6Lf3d9UsAAAAAILBqo6A909pmhyvtYmDoxaKtfMV:0
[131661709ms] [ERROR] Failed to load resource: net::ERR_INTERNET_DISCONNECTED @ https://www.google.com/recaptcha/enterprise/clr?k=6Lf3d9UsAAAAAILBqo6A909pmhyvtYmDoxaKtfMV:0
[131661709ms] [ERROR] Failed to load resource: net::ERR_INTERNET_DISCONNECTED @ https://firestore.googleapis.com/google.firestore.v1.Firestore/Listen/channel?VER=8&database=projects%2Fappout-1%2Fdatabases%2F(default)&RID=1260&CVER=22&X-HTTP-Session-Id=gsessionid&zx=8rjwuyjqpr5m&t=1:0
[131661710ms] [WARNING] [2026-09-02T20:12:23.524Z]  @firebase/firestore: Firestore (12.6.0): WebChannelConnection RPC 'Listen' stream 0x247e78db transport errored. Name: undefined Message: undefined @ https://outrun.co.il/_next/static/chunks/2532-16f59635ee5a761a.js:14
[131661711ms] [ERROR] Failed to load resource: net::ERR_INTERNET_DISCONNECTED @ https://www.google.com/recaptcha/enterprise/clr?k=6Lf3d9UsAAAAAILBqo6A909pmhyvtYmDoxaKtfMV:0
[131661711ms] [ERROR] Failed to load resource: net::ERR_INTERNET_DISCONNECTED @ https://www.google.com/images/cleardot.gif?zx=3y18a17rv0ar:0
[131661712ms] [ERROR] Failed to load resource: net::ERR_INTERNET_DISCONNECTED @ https://www.google.com/recaptcha/enterprise/clr?k=6Lf3d9UsAAAAAILBqo6A909pmhyvtYmDoxaKtfMV:0
[131661714ms] [ERROR] Failed to load resource: net::ERR_INTERNET_DISCONNECTED @ https://www.google.com/recaptcha/enterprise/clr?k=6Lf3d9UsAAAAAILBqo6A909pmhyvtYmDoxaKtfMV:0
[132634128ms] [ERROR] Failed to load resource: net::ERR_INTERNET_DISCONNECTED @ https://firestore.googleapis.com/google.firestore.v1.Firestore/Listen/channel?VER=8&database=projects%2Fappout-1%2Fdatabases%2F(default)&RID=51039&CVER=22&X-HTTP-Session-Id=gsessionid&zx=8jjqrijgn272&t=1:0
[132634129ms] [WARNING] [2026-09-02T20:28:35.943Z]  @firebase/firestore: Firestore (12.6.0): WebChannelConnection RPC 'Listen' stream 0x247e78dc transport errored. Name: undefined Message: undefined @ https://outrun.co.il/_next/static/chunks/2532-16f59635ee5a761a.js:14
[132634130ms] [ERROR] Failed to load resource: net::ERR_INTERNET_DISCONNECTED @ https://www.google.com/recaptcha/enterprise/clr?k=6Lf3d9UsAAAAAILBqo6A909pmhyvtYmDoxaKtfMV:0
[132634134ms] [ERROR] Failed to load resource: net::ERR_INTERNET_DISCONNECTED @ https://www.google.com/images/cleardot.gif?zx=b6bejbi7pebl:0
[132634137ms] [ERROR] Failed to load resource: net::ERR_INTERNET_DISCONNECTED @ https://www.google.com/recaptcha/enterprise/clr?k=6Lf3d9UsAAAAAILBqo6A909pmhyvtYmDoxaKtfMV:0
[132634139ms] [ERROR] Failed to load resource: net::ERR_INTERNET_DISCONNECTED @ https://www.google.com/recaptcha/enterprise/clr?k=6Lf3d9UsAAAAAILBqo6A909pmhyvtYmDoxaKtfMV:0
[132634143ms] [ERROR] Failed to load resource: net::ERR_INTERNET_DISCONNECTED @ https://www.google.com/recaptcha/enterprise/clr?k=6Lf3d9UsAAAAAILBqo6A909pmhyvtYmDoxaKtfMV:0
[132670697ms] [ERROR] Failed to load resource: net::ERR_INTERNET_DISCONNECTED @ https://firestore.googleapis.com/google.firestore.v1.Firestore/Listen/channel?VER=8&database=projects%2Fappout-1%2Fdatabases%2F(default)&RID=78016&CVER=22&X-HTTP-Session-Id=gsessionid&zx=pjnrw7ppotjl&t=1:0
[132670699ms] [WARNING] [2026-09-02T20:29:12.513Z]  @firebase/firestore: Firestore (12.6.0): WebChannelConnection RPC 'Listen' stream 0x247e78dd transport errored. Name: undefined Message: undefined @ https://outrun.co.il/_next/static/chunks/2532-16f59635ee5a761a.js:14
[132670699ms] [ERROR] Failed to load resource: net::ERR_INTERNET_DISCONNECTED @ https://www.google.com/recaptcha/enterprise/clr?k=6Lf3d9UsAAAAAILBqo6A909pmhyvtYmDoxaKtfMV:0
[132670701ms] [ERROR] Failed to load resource: net::ERR_INTERNET_DISCONNECTED @ https://www.google.com/recaptcha/enterprise/clr?k=6Lf3d9UsAAAAAILBqo6A909pmhyvtYmDoxaKtfMV:0
[132670702ms] [ERROR] Failed to load resource: net::ERR_INTERNET_DISCONNECTED @ https://www.google.com/images/cleardot.gif?zx=sskdbndg6c7c:0
[132670704ms] [ERROR] Failed to load resource: net::ERR_INTERNET_DISCONNECTED @ https://www.google.com/recaptcha/enterprise/clr?k=6Lf3d9UsAAAAAILBqo6A909pmhyvtYmDoxaKtfMV:0
[132670706ms] [ERROR] Failed to load resource: net::ERR_INTERNET_DISCONNECTED @ https://www.google.com/recaptcha/enterprise/clr?k=6Lf3d9UsAAAAAILBqo6A909pmhyvtYmDoxaKtfMV:0
[132689600ms] [WARNING] [2026-09-02T20:29:31.414Z]  @firebase/auth: Auth (12.6.0): Error while retrieving App Check token: FirebaseError: AppCheck: ReCAPTCHA error. (appCheck/recaptcha-error). @ https://outrun.co.il/_next/static/chunks/2532-16f59635ee5a761a.js:14
[132689607ms] [ERROR] Failed to load resource: net::ERR_INTERNET_DISCONNECTED @ https://securetoken.googleapis.com/v1/token?key=AIzaSyCezG55zVQEZWCEs-lHzx_yQldg-Ej2X60:0
[132689607ms] [WARNING] [AdminSessionSync] Refresh failed: FirebaseError: Firebase: Error (auth/network-request-failed).
    at _ (https://outrun.co.il/_next/static/chunks/ebf8faf4-4b21e6e1cecfd8ac.js:1:2449)
    at d (https://outrun.co.il/_next/static/chunks/ebf8faf4-4b21e6e1cecfd8ac.js:1:1774)
    at O (https://outrun.co.il/_next/static/chunks/ebf8faf4-4b21e6e1cecfd8ac.js:1:8154)
    at async et (https://outrun.co.il/_next/static/chunks/ebf8faf4-4b21e6e1cecfd8ac.js:1:13604)
    at async er.refresh (https://outrun.co.il/_next/static/chunks/ebf8faf4-4b21e6e1cecfd8ac.js:1:15036)
    at async er.getToken (https://outrun.co.il/_next/static/chunks/ebf8faf4-4b21e6e1cecfd8ac.js:1:14848)
    at async B (https://outrun.co.il/_next/static/chunks/ebf8faf4-4b21e6e1cecfd8ac.js:1:11368)
    at async es.getIdToken (https://outrun.co.il/_next/static/chunks/ebf8faf4-4b21e6e1cecfd8ac.js:1:16560)
    at async https://outrun.co.il/_next/static/chunks/app/admin/layout-19dbfc67bfe16a74.js:1:4522 @ https://outrun.co.il/_next/static/chunks/app/admin/layout-19dbfc67bfe16a74.js:0
[132689610ms] [ERROR] Failed to load resource: net::ERR_INTERNET_DISCONNECTED @ https://www.google.com/recaptcha/enterprise/clr?k=6Lf3d9UsAAAAAILBqo6A909pmhyvtYmDoxaKtfMV:0
[132689614ms] [ERROR] Failed to load resource: net::ERR_INTERNET_DISCONNECTED @ https://www.google.com/recaptcha/enterprise/clr?k=6Lf3d9UsAAAAAILBqo6A909pmhyvtYmDoxaKtfMV:0
[132689617ms] [ERROR] Failed to load resource: net::ERR_INTERNET_DISCONNECTED @ https://www.google.com/recaptcha/enterprise/clr?k=6Lf3d9UsAAAAAILBqo6A909pmhyvtYmDoxaKtfMV:0
[132689619ms] [ERROR] Failed to load resource: net::ERR_INTERNET_DISCONNECTED @ https://www.google.com/recaptcha/enterprise/clr?k=6Lf3d9UsAAAAAILBqo6A909pmhyvtYmDoxaKtfMV:0
[132718393ms] [ERROR] Failed to load resource: net::ERR_INTERNET_DISCONNECTED @ https://firestore.googleapis.com/google.firestore.v1.Firestore/Listen/channel?VER=8&database=projects%2Fappout-1%2Fdatabases%2F(default)&RID=13093&CVER=22&X-HTTP-Session-Id=gsessionid&zx=4z1x9p2y50q2&t=1:0
[132718394ms] [WARNING] [2026-09-02T20:30:00.208Z]  @firebase/firestore: Firestore (12.6.0): WebChannelConnection RPC 'Listen' stream 0x247e78de transport errored. Name: undefined Message: undefined @ https://outrun.co.il/_next/static/chunks/2532-16f59635ee5a761a.js:14
[132718395ms] [ERROR] Failed to load resource: net::ERR_INTERNET_DISCONNECTED @ https://www.google.com/recaptcha/enterprise/clr?k=6Lf3d9UsAAAAAILBqo6A909pmhyvtYmDoxaKtfMV:0
[132718397ms] [ERROR] Failed to load resource: net::ERR_INTERNET_DISCONNECTED @ https://www.google.com/images/cleardot.gif?zx=cpqamcnjtamz:0
[132718399ms] [ERROR] Failed to load resource: net::ERR_INTERNET_DISCONNECTED @ https://www.google.com/recaptcha/enterprise/clr?k=6Lf3d9UsAAAAAILBqo6A909pmhyvtYmDoxaKtfMV:0
[132718401ms] [ERROR] Failed to load resource: net::ERR_INTERNET_DISCONNECTED @ https://www.google.com/recaptcha/enterprise/clr?k=6Lf3d9UsAAAAAILBqo6A909pmhyvtYmDoxaKtfMV:0
[132718403ms] [ERROR] Failed to load resource: net::ERR_INTERNET_DISCONNECTED @ https://www.google.com/recaptcha/enterprise/clr?k=6Lf3d9UsAAAAAILBqo6A909pmhyvtYmDoxaKtfMV:0
[132766740ms] [ERROR] Failed to load resource: net::ERR_INTERNET_DISCONNECTED @ https://firestore.googleapis.com/google.firestore.v1.Firestore/Listen/channel?VER=8&database=projects%2Fappout-1%2Fdatabases%2F(default)&RID=40134&CVER=22&X-HTTP-Session-Id=gsessionid&zx=1p5akoufdbzh&t=1:0
[132766741ms] [WARNING] [2026-09-02T20:30:48.555Z]  @firebase/firestore: Firestore (12.6.0): WebChannelConnection RPC 'Listen' stream 0x247e78df transport errored. Name: undefined Message: undefined @ https://outrun.co.il/_next/static/chunks/2532-16f59635ee5a761a.js:14
[132766742ms] [ERROR] Failed to load resource: net::ERR_INTERNET_DISCONNECTED @ https://www.google.com/recaptcha/enterprise/clr?k=6Lf3d9UsAAAAAILBqo6A909pmhyvtYmDoxaKtfMV:0
[132766744ms] [ERROR] Failed to load resource: net::ERR_INTERNET_DISCONNECTED @ https://www.google.com/images/cleardot.gif?zx=cftv0aifo44m:0
[132766744ms] [ERROR] Failed to load resource: net::ERR_INTERNET_DISCONNECTED @ https://www.google.com/recaptcha/enterprise/clr?k=6Lf3d9UsAAAAAILBqo6A909pmhyvtYmDoxaKtfMV:0
[132766748ms] [ERROR] Failed to load resource: net::ERR_INTERNET_DISCONNECTED @ https://www.google.com/recaptcha/enterprise/clr?k=6Lf3d9UsAAAAAILBqo6A909pmhyvtYmDoxaKtfMV:0
[132766750ms] [ERROR] Failed to load resource: net::ERR_INTERNET_DISCONNECTED @ https://www.google.com/recaptcha/enterprise/clr?k=6Lf3d9UsAAAAAILBqo6A909pmhyvtYmDoxaKtfMV:0
[132782107ms] [ERROR] Failed to load resource: net::ERR_INTERNET_DISCONNECTED @ https://www.google.com/recaptcha/enterprise/clr?k=6Lf3d9UsAAAAAILBqo6A909pmhyvtYmDoxaKtfMV:0
[132782110ms] [ERROR] Failed to load resource: net::ERR_INTERNET_DISCONNECTED @ https://www.google.com/recaptcha/enterprise/clr?k=6Lf3d9UsAAAAAILBqo6A909pmhyvtYmDoxaKtfMV:0
[132782112ms] [ERROR] Failed to load resource: net::ERR_INTERNET_DISCONNECTED @ https://www.google.com/recaptcha/enterprise/clr?k=6Lf3d9UsAAAAAILBqo6A909pmhyvtYmDoxaKtfMV:0
[132782113ms] [ERROR] Failed to load resource: net::ERR_INTERNET_DISCONNECTED @ https://www.google.com/recaptcha/enterprise/clr?k=6Lf3d9UsAAAAAILBqo6A909pmhyvtYmDoxaKtfMV:0
[132812839ms] [ERROR] Failed to load resource: net::ERR_INTERNET_DISCONNECTED @ https://firestore.googleapis.com/google.firestore.v1.Firestore/Listen/channel?VER=8&database=projects%2Fappout-1%2Fdatabases%2F(default)&RID=57369&CVER=22&X-HTTP-Session-Id=gsessionid&zx=y1ihngdsq0vx&t=1:0
[132812840ms] [WARNING] [2026-09-02T20:31:34.654Z]  @firebase/firestore: Firestore (12.6.0): WebChannelConnection RPC 'Listen' stream 0x247e78e0 transport errored. Name: undefined Message: undefined @ https://outrun.co.il/_next/static/chunks/2532-16f59635ee5a761a.js:14
[132812841ms] [ERROR] Failed to load resource: net::ERR_INTERNET_DISCONNECTED @ https://www.google.com/recaptcha/enterprise/clr?k=6Lf3d9UsAAAAAILBqo6A909pmhyvtYmDoxaKtfMV:0
[132812843ms] [ERROR] Failed to load resource: net::ERR_INTERNET_DISCONNECTED @ https://www.google.com/images/cleardot.gif?zx=lj88af8qa18a:0
[132812845ms] [ERROR] Failed to load resource: net::ERR_INTERNET_DISCONNECTED @ https://www.google.com/recaptcha/enterprise/clr?k=6Lf3d9UsAAAAAILBqo6A909pmhyvtYmDoxaKtfMV:0
[132812849ms] [ERROR] Failed to load resource: net::ERR_INTERNET_DISCONNECTED @ https://www.google.com/recaptcha/enterprise/clr?k=6Lf3d9UsAAAAAILBqo6A909pmhyvtYmDoxaKtfMV:0
[132812852ms] [ERROR] Failed to load resource: net::ERR_INTERNET_DISCONNECTED @ https://www.google.com/recaptcha/enterprise/clr?k=6Lf3d9UsAAAAAILBqo6A909pmhyvtYmDoxaKtfMV:0
[132892928ms] [ERROR] Failed to load resource: net::ERR_INTERNET_DISCONNECTED @ https://firestore.googleapis.com/google.firestore.v1.Firestore/Listen/channel?VER=8&database=projects%2Fappout-1%2Fdatabases%2F(default)&RID=53557&CVER=22&X-HTTP-Session-Id=gsessionid&zx=9zd2tkvu1vjo&t=1:0
[132892929ms] [WARNING] [2026-09-02T20:32:54.743Z]  @firebase/firestore: Firestore (12.6.0): WebChannelConnection RPC 'Listen' stream 0x247e78e1 transport errored. Name: undefined Message: undefined @ https://outrun.co.il/_next/static/chunks/2532-16f59635ee5a761a.js:14
[132892930ms] [ERROR] Failed to load resource: net::ERR_INTERNET_DISCONNECTED @ https://www.google.com/recaptcha/enterprise/clr?k=6Lf3d9UsAAAAAILBqo6A909pmhyvtYmDoxaKtfMV:0
[132892932ms] [ERROR] Failed to load resource: net::ERR_INTERNET_DISCONNECTED @ https://www.google.com/recaptcha/enterprise/clr?k=6Lf3d9UsAAAAAILBqo6A909pmhyvtYmDoxaKtfMV:0
[132892933ms] [ERROR] Failed to load resource: net::ERR_INTERNET_DISCONNECTED @ https://www.google.com/images/cleardot.gif?zx=2u7biif4pm1s:0
[132892934ms] [ERROR] Failed to load resource: net::ERR_INTERNET_DISCONNECTED @ https://www.google.com/recaptcha/enterprise/clr?k=6Lf3d9UsAAAAAILBqo6A909pmhyvtYmDoxaKtfMV:0
[132892937ms] [ERROR] Failed to load resource: net::ERR_INTERNET_DISCONNECTED @ https://www.google.com/recaptcha/enterprise/clr?k=6Lf3d9UsAAAAAILBqo6A909pmhyvtYmDoxaKtfMV:0
[132970168ms] [ERROR] Failed to load resource: net::ERR_INTERNET_DISCONNECTED @ https://firestore.googleapis.com/google.firestore.v1.Firestore/Listen/channel?VER=8&database=projects%2Fappout-1%2Fdatabases%2F(default)&RID=79718&CVER=22&X-HTTP-Session-Id=gsessionid&zx=5ask9gafxw9m&t=1:0
[132970169ms] [WARNING] [2026-09-02T20:34:11.984Z]  @firebase/firestore: Firestore (12.6.0): WebChannelConnection RPC 'Listen' stream 0x247e78e2 transport errored. Name: undefined Message: undefined @ https://outrun.co.il/_next/static/chunks/2532-16f59635ee5a761a.js:14
[132970169ms] [ERROR] Failed to load resource: net::ERR_INTERNET_DISCONNECTED @ https://www.google.com/recaptcha/enterprise/clr?k=6Lf3d9UsAAAAAILBqo6A909pmhyvtYmDoxaKtfMV:0
[132970171ms] [ERROR] Failed to load resource: net::ERR_INTERNET_DISCONNECTED @ https://www.google.com/images/cleardot.gif?zx=ukgfegx8x1rc:0
[132970171ms] [ERROR] Failed to load resource: net::ERR_INTERNET_DISCONNECTED @ https://www.google.com/recaptcha/enterprise/clr?k=6Lf3d9UsAAAAAILBqo6A909pmhyvtYmDoxaKtfMV:0
[132970173ms] [ERROR] Failed to load resource: net::ERR_INTERNET_DISCONNECTED @ https://www.google.com/recaptcha/enterprise/clr?k=6Lf3d9UsAAAAAILBqo6A909pmhyvtYmDoxaKtfMV:0
[132970176ms] [ERROR] Failed to load resource: net::ERR_INTERNET_DISCONNECTED @ https://www.google.com/recaptcha/enterprise/clr?k=6Lf3d9UsAAAAAILBqo6A909pmhyvtYmDoxaKtfMV:0
[133023280ms] [ERROR] Failed to load resource: net::ERR_INTERNET_DISCONNECTED @ https://firestore.googleapis.com/google.firestore.v1.Firestore/Listen/channel?VER=8&database=projects%2Fappout-1%2Fdatabases%2F(default)&RID=5698&CVER=22&X-HTTP-Session-Id=gsessionid&zx=aa3k6c2f3trk&t=1:0
[133023281ms] [WARNING] [2026-09-02T20:35:05.096Z]  @firebase/firestore: Firestore (12.6.0): WebChannelConnection RPC 'Listen' stream 0x247e78e3 transport errored. Name: undefined Message: undefined @ https://outrun.co.il/_next/static/chunks/2532-16f59635ee5a761a.js:14
[133023282ms] [ERROR] Failed to load resource: net::ERR_INTERNET_DISCONNECTED @ https://www.google.com/recaptcha/enterprise/clr?k=6Lf3d9UsAAAAAILBqo6A909pmhyvtYmDoxaKtfMV:0
[133023284ms] [ERROR] Failed to load resource: net::ERR_INTERNET_DISCONNECTED @ https://www.google.com/images/cleardot.gif?zx=onnal0j1e6nn:0
[133023284ms] [ERROR] Failed to load resource: net::ERR_INTERNET_DISCONNECTED @ https://www.google.com/recaptcha/enterprise/clr?k=6Lf3d9UsAAAAAILBqo6A909pmhyvtYmDoxaKtfMV:0
[133023286ms] [ERROR] Failed to load resource: net::ERR_INTERNET_DISCONNECTED @ https://www.google.com/recaptcha/enterprise/clr?k=6Lf3d9UsAAAAAILBqo6A909pmhyvtYmDoxaKtfMV:0
[133023288ms] [ERROR] Failed to load resource: net::ERR_INTERNET_DISCONNECTED @ https://www.google.com/recaptcha/enterprise/clr?k=6Lf3d9UsAAAAAILBqo6A909pmhyvtYmDoxaKtfMV:0
[133107759ms] [ERROR] Failed to load resource: net::ERR_INTERNET_DISCONNECTED @ https://firestore.googleapis.com/google.firestore.v1.Firestore/Listen/channel?VER=8&database=projects%2Fappout-1%2Fdatabases%2F(default)&RID=6755&CVER=22&X-HTTP-Session-Id=gsessionid&zx=ojgywn31wf26&t=1:0
[133107760ms] [WARNING] [2026-09-02T20:36:29.574Z]  @firebase/firestore: Firestore (12.6.0): WebChannelConnection RPC 'Listen' stream 0x247e78e4 transport errored. Name: undefined Message: undefined @ https://outrun.co.il/_next/static/chunks/2532-16f59635ee5a761a.js:14
[133107760ms] [ERROR] Failed to load resource: net::ERR_INTERNET_DISCONNECTED @ https://www.google.com/recaptcha/enterprise/clr?k=6Lf3d9UsAAAAAILBqo6A909pmhyvtYmDoxaKtfMV:0
[133107763ms] [ERROR] Failed to load resource: net::ERR_INTERNET_DISCONNECTED @ https://www.google.com/recaptcha/enterprise/clr?k=6Lf3d9UsAAAAAILBqo6A909pmhyvtYmDoxaKtfMV:0
[133107764ms] [ERROR] Failed to load resource: net::ERR_INTERNET_DISCONNECTED @ https://www.google.com/images/cleardot.gif?zx=gw9m62mggqo3:0
[133107765ms] [ERROR] Failed to load resource: net::ERR_INTERNET_DISCONNECTED @ https://www.google.com/recaptcha/enterprise/clr?k=6Lf3d9UsAAAAAILBqo6A909pmhyvtYmDoxaKtfMV:0
[133107767ms] [ERROR] Failed to load resource: net::ERR_INTERNET_DISCONNECTED @ https://www.google.com/recaptcha/enterprise/clr?k=6Lf3d9UsAAAAAILBqo6A909pmhyvtYmDoxaKtfMV:0
[133159814ms] [ERROR] Failed to load resource: net::ERR_INTERNET_DISCONNECTED @ https://firestore.googleapis.com/google.firestore.v1.Firestore/Listen/channel?VER=8&database=projects%2Fappout-1%2Fdatabases%2F(default)&RID=44212&CVER=22&X-HTTP-Session-Id=gsessionid&zx=qyrllv81uid5&t=1:0
[133159815ms] [WARNING] [2026-09-02T20:37:21.629Z]  @firebase/firestore: Firestore (12.6.0): WebChannelConnection RPC 'Listen' stream 0x247e78e5 transport errored. Name: undefined Message: undefined @ https://outrun.co.il/_next/static/chunks/2532-16f59635ee5a761a.js:14
[133159816ms] [ERROR] Failed to load resource: net::ERR_INTERNET_DISCONNECTED @ https://www.google.com/recaptcha/enterprise/clr?k=6Lf3d9UsAAAAAILBqo6A909pmhyvtYmDoxaKtfMV:0
[133159818ms] [ERROR] Failed to load resource: net::ERR_INTERNET_DISCONNECTED @ https://www.google.com/images/cleardot.gif?zx=1omrik5rx2jw:0
[133159818ms] [ERROR] Failed to load resource: net::ERR_INTERNET_DISCONNECTED @ https://www.google.com/recaptcha/enterprise/clr?k=6Lf3d9UsAAAAAILBqo6A909pmhyvtYmDoxaKtfMV:0
[133159820ms] [ERROR] Failed to load resource: net::ERR_INTERNET_DISCONNECTED @ https://www.google.com/recaptcha/enterprise/clr?k=6Lf3d9UsAAAAAILBqo6A909pmhyvtYmDoxaKtfMV:0
[133159821ms] [ERROR] Failed to load resource: net::ERR_INTERNET_DISCONNECTED @ https://www.google.com/recaptcha/enterprise/clr?k=6Lf3d9UsAAAAAILBqo6A909pmhyvtYmDoxaKtfMV:0
[133225679ms] [ERROR] Failed to load resource: net::ERR_INTERNET_DISCONNECTED @ https://firestore.googleapis.com/google.firestore.v1.Firestore/Listen/channel?VER=8&database=projects%2Fappout-1%2Fdatabases%2F(default)&RID=48783&CVER=22&X-HTTP-Session-Id=gsessionid&zx=553kgwd2vcrw&t=1:0
[133225680ms] [WARNING] [2026-09-02T20:38:27.495Z]  @firebase/firestore: Firestore (12.6.0): WebChannelConnection RPC 'Listen' stream 0x247e78e6 transport errored. Name: undefined Message: undefined @ https://outrun.co.il/_next/static/chunks/2532-16f59635ee5a761a.js:14
[133225681ms] [ERROR] Failed to load resource: net::ERR_INTERNET_DISCONNECTED @ https://www.google.com/recaptcha/enterprise/clr?k=6Lf3d9UsAAAAAILBqo6A909pmhyvtYmDoxaKtfMV:0
[133225684ms] [ERROR] Failed to load resource: net::ERR_INTERNET_DISCONNECTED @ https://www.google.com/images/cleardot.gif?zx=tfbpt9oky6c8:0
[133225685ms] [ERROR] Failed to load resource: net::ERR_INTERNET_DISCONNECTED @ https://www.google.com/recaptcha/enterprise/clr?k=6Lf3d9UsAAAAAILBqo6A909pmhyvtYmDoxaKtfMV:0
[133225687ms] [ERROR] Failed to load resource: net::ERR_INTERNET_DISCONNECTED @ https://www.google.com/recaptcha/enterprise/clr?k=6Lf3d9UsAAAAAILBqo6A909pmhyvtYmDoxaKtfMV:0
[133225690ms] [ERROR] Failed to load resource: net::ERR_INTERNET_DISCONNECTED @ https://www.google.com/recaptcha/enterprise/clr?k=6Lf3d9UsAAAAAILBqo6A909pmhyvtYmDoxaKtfMV:0
[133259528ms] [ERROR] Failed to load resource: net::ERR_INTERNET_DISCONNECTED @ https://firestore.googleapis.com/google.firestore.v1.Firestore/Listen/channel?VER=8&database=projects%2Fappout-1%2Fdatabases%2F(default)&RID=16083&CVER=22&X-HTTP-Session-Id=gsessionid&zx=e8oky2dnq7gk&t=1:0
[133259529ms] [WARNING] [2026-09-02T20:39:01.343Z]  @firebase/firestore: Firestore (12.6.0): WebChannelConnection RPC 'Listen' stream 0x247e78e7 transport errored. Name: undefined Message: undefined @ https://outrun.co.il/_next/static/chunks/2532-16f59635ee5a761a.js:14
[133259531ms] [ERROR] Failed to load resource: net::ERR_INTERNET_DISCONNECTED @ https://www.google.com/recaptcha/enterprise/clr?k=6Lf3d9UsAAAAAILBqo6A909pmhyvtYmDoxaKtfMV:0
[133259535ms] [ERROR] Failed to load resource: net::ERR_INTERNET_DISCONNECTED @ https://www.google.com/images/cleardot.gif?zx=5qgae7w5sgnv:0
[133259535ms] [ERROR] Failed to load resource: net::ERR_INTERNET_DISCONNECTED @ https://www.google.com/recaptcha/enterprise/clr?k=6Lf3d9UsAAAAAILBqo6A909pmhyvtYmDoxaKtfMV:0
[133259539ms] [ERROR] Failed to load resource: net::ERR_INTERNET_DISCONNECTED @ https://www.google.com/recaptcha/enterprise/clr?k=6Lf3d9UsAAAAAILBqo6A909pmhyvtYmDoxaKtfMV:0
[133259541ms] [ERROR] Failed to load resource: net::ERR_INTERNET_DISCONNECTED @ https://www.google.com/recaptcha/enterprise/clr?k=6Lf3d9UsAAAAAILBqo6A909pmhyvtYmDoxaKtfMV:0
[133325062ms] [ERROR] Failed to load resource: net::ERR_INTERNET_DISCONNECTED @ https://firestore.googleapis.com/google.firestore.v1.Firestore/Listen/channel?VER=8&database=projects%2Fappout-1%2Fdatabases%2F(default)&RID=15117&CVER=22&X-HTTP-Session-Id=gsessionid&zx=oiecsb2bb54n&t=1:0
[133325062ms] [WARNING] [2026-09-02T20:40:06.877Z]  @firebase/firestore: Firestore (12.6.0): WebChannelConnection RPC 'Listen' stream 0x247e78e8 transport errored. Name: undefined Message: undefined @ https://outrun.co.il/_next/static/chunks/2532-16f59635ee5a761a.js:14
[133325064ms] [ERROR] Failed to load resource: net::ERR_INTERNET_DISCONNECTED @ https://www.google.com/recaptcha/enterprise/clr?k=6Lf3d9UsAAAAAILBqo6A909pmhyvtYmDoxaKtfMV:0
[133325067ms] [ERROR] Failed to load resource: net::ERR_INTERNET_DISCONNECTED @ https://www.google.com/images/cleardot.gif?zx=ekups97lgf00:0
[133325069ms] [ERROR] Failed to load resource: net::ERR_INTERNET_DISCONNECTED @ https://www.google.com/recaptcha/enterprise/clr?k=6Lf3d9UsAAAAAILBqo6A909pmhyvtYmDoxaKtfMV:0
[133325071ms] [ERROR] Failed to load resource: net::ERR_INTERNET_DISCONNECTED @ https://www.google.com/recaptcha/enterprise/clr?k=6Lf3d9UsAAAAAILBqo6A909pmhyvtYmDoxaKtfMV:0
[133325073ms] [ERROR] Failed to load resource: net::ERR_INTERNET_DISCONNECTED @ https://www.google.com/recaptcha/enterprise/clr?k=6Lf3d9UsAAAAAILBqo6A909pmhyvtYmDoxaKtfMV:0
[133384875ms] [ERROR] Failed to load resource: net::ERR_INTERNET_DISCONNECTED @ https://firestore.googleapis.com/google.firestore.v1.Firestore/Listen/channel?VER=8&database=projects%2Fappout-1%2Fdatabases%2F(default)&RID=17978&CVER=22&X-HTTP-Session-Id=gsessionid&zx=r989395nbxaa&t=1:0
[133384875ms] [WARNING] [2026-09-02T20:41:06.690Z]  @firebase/firestore: Firestore (12.6.0): WebChannelConnection RPC 'Listen' stream 0x247e78e9 transport errored. Name: undefined Message: undefined @ https://outrun.co.il/_next/static/chunks/2532-16f59635ee5a761a.js:14
[133384877ms] [ERROR] Failed to load resource: net::ERR_INTERNET_DISCONNECTED @ https://www.google.com/recaptcha/enterprise/clr?k=6Lf3d9UsAAAAAILBqo6A909pmhyvtYmDoxaKtfMV:0
[133384877ms] [ERROR] Failed to load resource: net::ERR_INTERNET_DISCONNECTED @ https://www.google.com/images/cleardot.gif?zx=53bqpf7546oq:0
[133384879ms] [ERROR] Failed to load resource: net::ERR_INTERNET_DISCONNECTED @ https://www.google.com/recaptcha/enterprise/clr?k=6Lf3d9UsAAAAAILBqo6A909pmhyvtYmDoxaKtfMV:0
[133384881ms] [ERROR] Failed to load resource: net::ERR_INTERNET_DISCONNECTED @ https://www.google.com/recaptcha/enterprise/clr?k=6Lf3d9UsAAAAAILBqo6A909pmhyvtYmDoxaKtfMV:0
[133384883ms] [ERROR] Failed to load resource: net::ERR_INTERNET_DISCONNECTED @ https://www.google.com/recaptcha/enterprise/clr?k=6Lf3d9UsAAAAAILBqo6A909pmhyvtYmDoxaKtfMV:0
[133460843ms] [ERROR] Failed to load resource: net::ERR_INTERNET_DISCONNECTED @ https://firestore.googleapis.com/google.firestore.v1.Firestore/Listen/channel?VER=8&database=projects%2Fappout-1%2Fdatabases%2F(default)&RID=54962&CVER=22&X-HTTP-Session-Id=gsessionid&zx=xusraqlzcncv&t=1:0
[133460844ms] [WARNING] [2026-09-02T20:42:22.659Z]  @firebase/firestore: Firestore (12.6.0): WebChannelConnection RPC 'Listen' stream 0x247e78ea transport errored. Name: undefined Message: undefined @ https://outrun.co.il/_next/static/chunks/2532-16f59635ee5a761a.js:14
[133460845ms] [ERROR] Failed to load resource: net::ERR_INTERNET_DISCONNECTED @ https://www.google.com/recaptcha/enterprise/clr?k=6Lf3d9UsAAAAAILBqo6A909pmhyvtYmDoxaKtfMV:0
[133460847ms] [ERROR] Failed to load resource: net::ERR_INTERNET_DISCONNECTED @ https://www.google.com/recaptcha/enterprise/clr?k=6Lf3d9UsAAAAAILBqo6A909pmhyvtYmDoxaKtfMV:0
[133460847ms] [ERROR] Failed to load resource: net::ERR_INTERNET_DISCONNECTED @ https://www.google.com/images/cleardot.gif?zx=juvz7kxkuzcs:0
[133460848ms] [ERROR] Failed to load resource: net::ERR_INTERNET_DISCONNECTED @ https://www.google.com/recaptcha/enterprise/clr?k=6Lf3d9UsAAAAAILBqo6A909pmhyvtYmDoxaKtfMV:0
[133460849ms] [ERROR] Failed to load resource: net::ERR_INTERNET_DISCONNECTED @ https://www.google.com/recaptcha/enterprise/clr?k=6Lf3d9UsAAAAAILBqo6A909pmhyvtYmDoxaKtfMV:0
[133529678ms] [ERROR] Failed to load resource: net::ERR_INTERNET_DISCONNECTED @ https://firestore.googleapis.com/google.firestore.v1.Firestore/Listen/channel?VER=8&database=projects%2Fappout-1%2Fdatabases%2F(default)&RID=61315&CVER=22&X-HTTP-Session-Id=gsessionid&zx=2qtkpkrh76w6&t=1:0
[133529678ms] [WARNING] [2026-09-02T20:43:31.493Z]  @firebase/firestore: Firestore (12.6.0): WebChannelConnection RPC 'Listen' stream 0x247e78eb transport errored. Name: undefined Message: undefined @ https://outrun.co.il/_next/static/chunks/2532-16f59635ee5a761a.js:14
[133529679ms] [ERROR] Failed to load resource: net::ERR_INTERNET_DISCONNECTED @ https://www.google.com/recaptcha/enterprise/clr?k=6Lf3d9UsAAAAAILBqo6A909pmhyvtYmDoxaKtfMV:0
[133529714ms] [ERROR] Failed to load resource: net::ERR_INTERNET_DISCONNECTED @ https://www.google.com/images/cleardot.gif?zx=tnx08wt9h7mn:0
[133529716ms] [ERROR] Failed to load resource: net::ERR_INTERNET_DISCONNECTED @ https://www.google.com/recaptcha/enterprise/clr?k=6Lf3d9UsAAAAAILBqo6A909pmhyvtYmDoxaKtfMV:0
[133529718ms] [ERROR] Failed to load resource: net::ERR_INTERNET_DISCONNECTED @ https://www.google.com/recaptcha/enterprise/clr?k=6Lf3d9UsAAAAAILBqo6A909pmhyvtYmDoxaKtfMV:0
[133529743ms] [ERROR] Failed to load resource: net::ERR_INTERNET_DISCONNECTED @ https://www.google.com/recaptcha/enterprise/clr?k=6Lf3d9UsAAAAAILBqo6A909pmhyvtYmDoxaKtfMV:0
[133604568ms] [ERROR] Failed to load resource: net::ERR_INTERNET_DISCONNECTED @ https://firestore.googleapis.com/google.firestore.v1.Firestore/Listen/channel?VER=8&database=projects%2Fappout-1%2Fdatabases%2F(default)&RID=56062&CVER=22&X-HTTP-Session-Id=gsessionid&zx=m32rkmwxspn2&t=1:0
[133604568ms] [WARNING] [2026-09-02T20:44:46.383Z]  @firebase/firestore: Firestore (12.6.0): WebChannelConnection RPC 'Listen' stream 0x247e78ec transport errored. Name: undefined Message: undefined @ https://outrun.co.il/_next/static/chunks/2532-16f59635ee5a761a.js:14
[133604568ms] [ERROR] Failed to load resource: net::ERR_INTERNET_DISCONNECTED @ https://www.google.com/recaptcha/enterprise/clr?k=6Lf3d9UsAAAAAILBqo6A909pmhyvtYmDoxaKtfMV:0
[133604571ms] [ERROR] Failed to load resource: net::ERR_INTERNET_DISCONNECTED @ https://www.google.com/images/cleardot.gif?zx=mide9739wgkp:0
[133604571ms] [ERROR] Failed to load resource: net::ERR_INTERNET_DISCONNECTED @ https://www.google.com/recaptcha/enterprise/clr?k=6Lf3d9UsAAAAAILBqo6A909pmhyvtYmDoxaKtfMV:0
[133604573ms] [ERROR] Failed to load resource: net::ERR_INTERNET_DISCONNECTED @ https://www.google.com/recaptcha/enterprise/clr?k=6Lf3d9UsAAAAAILBqo6A909pmhyvtYmDoxaKtfMV:0
[133604575ms] [ERROR] Failed to load resource: net::ERR_INTERNET_DISCONNECTED @ https://www.google.com/recaptcha/enterprise/clr?k=6Lf3d9UsAAAAAILBqo6A909pmhyvtYmDoxaKtfMV:0
[133672341ms] [ERROR] Failed to load resource: net::ERR_INTERNET_DISCONNECTED @ https://firestore.googleapis.com/google.firestore.v1.Firestore/Listen/channel?VER=8&database=projects%2Fappout-1%2Fdatabases%2F(default)&RID=86819&CVER=22&X-HTTP-Session-Id=gsessionid&zx=tysgy7wp087n&t=1:0
[133672342ms] [WARNING] [2026-09-02T20:45:54.156Z]  @firebase/firestore: Firestore (12.6.0): WebChannelConnection RPC 'Listen' stream 0x247e78ed transport errored. Name: undefined Message: undefined @ https://outrun.co.il/_next/static/chunks/2532-16f59635ee5a761a.js:14
[133672343ms] [ERROR] Failed to load resource: net::ERR_INTERNET_DISCONNECTED @ https://www.google.com/recaptcha/enterprise/clr?k=6Lf3d9UsAAAAAILBqo6A909pmhyvtYmDoxaKtfMV:0
[133672347ms] [ERROR] Failed to load resource: net::ERR_INTERNET_DISCONNECTED @ https://www.google.com/images/cleardot.gif?zx=9icic7u2lrzh:0
[133672347ms] [ERROR] Failed to load resource: net::ERR_INTERNET_DISCONNECTED @ https://www.google.com/recaptcha/enterprise/clr?k=6Lf3d9UsAAAAAILBqo6A909pmhyvtYmDoxaKtfMV:0
[133672356ms] [ERROR] Failed to load resource: net::ERR_INTERNET_DISCONNECTED @ https://www.google.com/recaptcha/enterprise/clr?k=6Lf3d9UsAAAAAILBqo6A909pmhyvtYmDoxaKtfMV:0
[133672360ms] [ERROR] Failed to load resource: net::ERR_INTERNET_DISCONNECTED @ https://www.google.com/recaptcha/enterprise/clr?k=6Lf3d9UsAAAAAILBqo6A909pmhyvtYmDoxaKtfMV:0
[133742126ms] [ERROR] Failed to load resource: net::ERR_INTERNET_DISCONNECTED @ https://www.google.com/recaptcha/enterprise/clr?k=6Lf3d9UsAAAAAILBqo6A909pmhyvtYmDoxaKtfMV:0
[133742130ms] [ERROR] Failed to load resource: net::ERR_INTERNET_DISCONNECTED @ https://www.google.com/recaptcha/enterprise/clr?k=6Lf3d9UsAAAAAILBqo6A909pmhyvtYmDoxaKtfMV:0
[133742134ms] [ERROR] Failed to load resource: net::ERR_INTERNET_DISCONNECTED @ https://www.google.com/recaptcha/enterprise/clr?k=6Lf3d9UsAAAAAILBqo6A909pmhyvtYmDoxaKtfMV:0
[133742136ms] [ERROR] Failed to load resource: net::ERR_INTERNET_DISCONNECTED @ https://www.google.com/recaptcha/enterprise/clr?k=6Lf3d9UsAAAAAILBqo6A909pmhyvtYmDoxaKtfMV:0
[133748102ms] [WARNING] [2026-09-02T20:47:09.917Z]  @firebase/auth: Auth (12.6.0): Error while retrieving App Check token: FirebaseError: AppCheck: ReCAPTCHA error. (appCheck/recaptcha-error). @ https://outrun.co.il/_next/static/chunks/2532-16f59635ee5a761a.js:14
[133748107ms] [ERROR] Failed to load resource: net::ERR_INTERNET_DISCONNECTED @ https://securetoken.googleapis.com/v1/token?key=AIzaSyCezG55zVQEZWCEs-lHzx_yQldg-Ej2X60:0
[133748109ms] [ERROR] Failed to load resource: net::ERR_INTERNET_DISCONNECTED @ https://www.google.com/recaptcha/enterprise/clr?k=6Lf3d9UsAAAAAILBqo6A909pmhyvtYmDoxaKtfMV:0
[133748112ms] [ERROR] Failed to load resource: net::ERR_INTERNET_DISCONNECTED @ https://www.google.com/recaptcha/enterprise/clr?k=6Lf3d9UsAAAAAILBqo6A909pmhyvtYmDoxaKtfMV:0
[133748115ms] [ERROR] Failed to load resource: net::ERR_INTERNET_DISCONNECTED @ https://www.google.com/recaptcha/enterprise/clr?k=6Lf3d9UsAAAAAILBqo6A909pmhyvtYmDoxaKtfMV:0
[133748118ms] [ERROR] Failed to load resource: net::ERR_INTERNET_DISCONNECTED @ https://www.google.com/recaptcha/enterprise/clr?k=6Lf3d9UsAAAAAILBqo6A909pmhyvtYmDoxaKtfMV:0
[133815551ms] [WARNING] [2026-09-02T20:48:17.365Z]  @firebase/auth: Auth (12.6.0): Error while retrieving App Check token: FirebaseError: AppCheck: ReCAPTCHA error. (appCheck/recaptcha-error). @ https://outrun.co.il/_next/static/chunks/2532-16f59635ee5a761a.js:14
[133815560ms] [ERROR] Failed to load resource: net::ERR_INTERNET_DISCONNECTED @ https://securetoken.googleapis.com/v1/token?key=AIzaSyCezG55zVQEZWCEs-lHzx_yQldg-Ej2X60:0
[133815564ms] [ERROR] Failed to load resource: net::ERR_INTERNET_DISCONNECTED @ https://www.google.com/recaptcha/enterprise/clr?k=6Lf3d9UsAAAAAILBqo6A909pmhyvtYmDoxaKtfMV:0
[133815568ms] [ERROR] Failed to load resource: net::ERR_INTERNET_DISCONNECTED @ https://www.google.com/recaptcha/enterprise/clr?k=6Lf3d9UsAAAAAILBqo6A909pmhyvtYmDoxaKtfMV:0
[133815572ms] [ERROR] Failed to load resource: net::ERR_INTERNET_DISCONNECTED @ https://www.google.com/recaptcha/enterprise/clr?k=6Lf3d9UsAAAAAILBqo6A909pmhyvtYmDoxaKtfMV:0
[133815574ms] [ERROR] Failed to load resource: net::ERR_INTERNET_DISCONNECTED @ https://www.google.com/recaptcha/enterprise/clr?k=6Lf3d9UsAAAAAILBqo6A909pmhyvtYmDoxaKtfMV:0
[133853676ms] [WARNING] [2026-09-02T20:48:55.491Z]  @firebase/auth: Auth (12.6.0): Error while retrieving App Check token: FirebaseError: AppCheck: ReCAPTCHA error. (appCheck/recaptcha-error). @ https://outrun.co.il/_next/static/chunks/2532-16f59635ee5a761a.js:14
[133853683ms] [ERROR] Failed to load resource: net::ERR_INTERNET_DISCONNECTED @ https://securetoken.googleapis.com/v1/token?key=AIzaSyCezG55zVQEZWCEs-lHzx_yQldg-Ej2X60:0
[133853686ms] [ERROR] Failed to load resource: net::ERR_INTERNET_DISCONNECTED @ https://www.google.com/recaptcha/enterprise/clr?k=6Lf3d9UsAAAAAILBqo6A909pmhyvtYmDoxaKtfMV:0
[133853698ms] [ERROR] Failed to load resource: net::ERR_INTERNET_DISCONNECTED @ https://www.google.com/recaptcha/enterprise/clr?k=6Lf3d9UsAAAAAILBqo6A909pmhyvtYmDoxaKtfMV:0
[133853701ms] [ERROR] Failed to load resource: net::ERR_INTERNET_DISCONNECTED @ https://www.google.com/recaptcha/enterprise/clr?k=6Lf3d9UsAAAAAILBqo6A909pmhyvtYmDoxaKtfMV:0
[133853704ms] [ERROR] Failed to load resource: net::ERR_INTERNET_DISCONNECTED @ https://www.google.com/recaptcha/enterprise/clr?k=6Lf3d9UsAAAAAILBqo6A909pmhyvtYmDoxaKtfMV:0
[133884322ms] [WARNING] [2026-09-02T20:49:26.136Z]  @firebase/auth: Auth (12.6.0): Error while retrieving App Check token: FirebaseError: AppCheck: ReCAPTCHA error. (appCheck/recaptcha-error). @ https://outrun.co.il/_next/static/chunks/2532-16f59635ee5a761a.js:14
[133884329ms] [ERROR] Failed to load resource: net::ERR_INTERNET_DISCONNECTED @ https://securetoken.googleapis.com/v1/token?key=AIzaSyCezG55zVQEZWCEs-lHzx_yQldg-Ej2X60:0
[133884331ms] [ERROR] Failed to load resource: net::ERR_INTERNET_DISCONNECTED @ https://www.google.com/recaptcha/enterprise/clr?k=6Lf3d9UsAAAAAILBqo6A909pmhyvtYmDoxaKtfMV:0
[133884334ms] [ERROR] Failed to load resource: net::ERR_INTERNET_DISCONNECTED @ https://www.google.com/recaptcha/enterprise/clr?k=6Lf3d9UsAAAAAILBqo6A909pmhyvtYmDoxaKtfMV:0
[133884337ms] [ERROR] Failed to load resource: net::ERR_INTERNET_DISCONNECTED @ https://www.google.com/recaptcha/enterprise/clr?k=6Lf3d9UsAAAAAILBqo6A909pmhyvtYmDoxaKtfMV:0
[133884340ms] [ERROR] Failed to load resource: net::ERR_INTERNET_DISCONNECTED @ https://www.google.com/recaptcha/enterprise/clr?k=6Lf3d9UsAAAAAILBqo6A909pmhyvtYmDoxaKtfMV:0
[133946491ms] [WARNING] [2026-09-02T20:50:28.306Z]  @firebase/auth: Auth (12.6.0): Error while retrieving App Check token: FirebaseError: AppCheck: ReCAPTCHA error. (appCheck/recaptcha-error). @ https://outrun.co.il/_next/static/chunks/2532-16f59635ee5a761a.js:14
[133946499ms] [ERROR] Failed to load resource: net::ERR_INTERNET_DISCONNECTED @ https://securetoken.googleapis.com/v1/token?key=AIzaSyCezG55zVQEZWCEs-lHzx_yQldg-Ej2X60:0
[133946501ms] [ERROR] Failed to load resource: net::ERR_INTERNET_DISCONNECTED @ https://www.google.com/recaptcha/enterprise/clr?k=6Lf3d9UsAAAAAILBqo6A909pmhyvtYmDoxaKtfMV:0
[133946504ms] [ERROR] Failed to load resource: net::ERR_INTERNET_DISCONNECTED @ https://www.google.com/recaptcha/enterprise/clr?k=6Lf3d9UsAAAAAILBqo6A909pmhyvtYmDoxaKtfMV:0
[133946507ms] [ERROR] Failed to load resource: net::ERR_INTERNET_DISCONNECTED @ https://www.google.com/recaptcha/enterprise/clr?k=6Lf3d9UsAAAAAILBqo6A909pmhyvtYmDoxaKtfMV:0
[133946513ms] [ERROR] Failed to load resource: net::ERR_INTERNET_DISCONNECTED @ https://www.google.com/recaptcha/enterprise/clr?k=6Lf3d9UsAAAAAILBqo6A909pmhyvtYmDoxaKtfMV:0
[133989395ms] [WARNING] [2026-09-02T20:51:11.209Z]  @firebase/auth: Auth (12.6.0): Error while retrieving App Check token: FirebaseError: AppCheck: ReCAPTCHA error. (appCheck/recaptcha-error). @ https://outrun.co.il/_next/static/chunks/2532-16f59635ee5a761a.js:14
[133989403ms] [ERROR] Failed to load resource: net::ERR_INTERNET_DISCONNECTED @ https://securetoken.googleapis.com/v1/token?key=AIzaSyCezG55zVQEZWCEs-lHzx_yQldg-Ej2X60:0
[133989407ms] [ERROR] Failed to load resource: net::ERR_INTERNET_DISCONNECTED @ https://www.google.com/recaptcha/enterprise/clr?k=6Lf3d9UsAAAAAILBqo6A909pmhyvtYmDoxaKtfMV:0
[133989415ms] [ERROR] Failed to load resource: net::ERR_INTERNET_DISCONNECTED @ https://www.google.com/recaptcha/enterprise/clr?k=6Lf3d9UsAAAAAILBqo6A909pmhyvtYmDoxaKtfMV:0
[133989425ms] [ERROR] Failed to load resource: net::ERR_INTERNET_DISCONNECTED @ https://www.google.com/recaptcha/enterprise/clr?k=6Lf3d9UsAAAAAILBqo6A909pmhyvtYmDoxaKtfMV:0
[133989431ms] [ERROR] Failed to load resource: net::ERR_INTERNET_DISCONNECTED @ https://www.google.com/recaptcha/enterprise/clr?k=6Lf3d9UsAAAAAILBqo6A909pmhyvtYmDoxaKtfMV:0
[134034740ms] [WARNING] [2026-09-02T20:51:56.555Z]  @firebase/auth: Auth (12.6.0): Error while retrieving App Check token: FirebaseError: AppCheck: ReCAPTCHA error. (appCheck/recaptcha-error). @ https://outrun.co.il/_next/static/chunks/2532-16f59635ee5a761a.js:14
[134034754ms] [ERROR] Failed to load resource: net::ERR_INTERNET_DISCONNECTED @ https://securetoken.googleapis.com/v1/token?key=AIzaSyCezG55zVQEZWCEs-lHzx_yQldg-Ej2X60:0
[134034758ms] [ERROR] Failed to load resource: net::ERR_INTERNET_DISCONNECTED @ https://www.google.com/recaptcha/enterprise/clr?k=6Lf3d9UsAAAAAILBqo6A909pmhyvtYmDoxaKtfMV:0
[134034772ms] [ERROR] Failed to load resource: net::ERR_INTERNET_DISCONNECTED @ https://www.google.com/recaptcha/enterprise/clr?k=6Lf3d9UsAAAAAILBqo6A909pmhyvtYmDoxaKtfMV:0
[134034778ms] [ERROR] Failed to load resource: net::ERR_INTERNET_DISCONNECTED @ https://www.google.com/recaptcha/enterprise/clr?k=6Lf3d9UsAAAAAILBqo6A909pmhyvtYmDoxaKtfMV:0
[134034782ms] [ERROR] Failed to load resource: net::ERR_INTERNET_DISCONNECTED @ https://www.google.com/recaptcha/enterprise/clr?k=6Lf3d9UsAAAAAILBqo6A909pmhyvtYmDoxaKtfMV:0
[134101397ms] [WARNING] [2026-09-02T20:53:03.211Z]  @firebase/auth: Auth (12.6.0): Error while retrieving App Check token: FirebaseError: AppCheck: ReCAPTCHA error. (appCheck/recaptcha-error). @ https://outrun.co.il/_next/static/chunks/2532-16f59635ee5a761a.js:14
[134101405ms] [ERROR] Failed to load resource: net::ERR_INTERNET_DISCONNECTED @ https://securetoken.googleapis.com/v1/token?key=AIzaSyCezG55zVQEZWCEs-lHzx_yQldg-Ej2X60:0
[134101409ms] [ERROR] Failed to load resource: net::ERR_INTERNET_DISCONNECTED @ https://www.google.com/recaptcha/enterprise/clr?k=6Lf3d9UsAAAAAILBqo6A909pmhyvtYmDoxaKtfMV:0
[134101412ms] [ERROR] Failed to load resource: net::ERR_INTERNET_DISCONNECTED @ https://www.google.com/recaptcha/enterprise/clr?k=6Lf3d9UsAAAAAILBqo6A909pmhyvtYmDoxaKtfMV:0
[134101419ms] [ERROR] Failed to load resource: net::ERR_INTERNET_DISCONNECTED @ https://www.google.com/recaptcha/enterprise/clr?k=6Lf3d9UsAAAAAILBqo6A909pmhyvtYmDoxaKtfMV:0
[134101433ms] [ERROR] Failed to load resource: net::ERR_INTERNET_DISCONNECTED @ https://www.google.com/recaptcha/enterprise/clr?k=6Lf3d9UsAAAAAILBqo6A909pmhyvtYmDoxaKtfMV:0
[134153817ms] [WARNING] [2026-09-02T20:53:55.631Z]  @firebase/auth: Auth (12.6.0): Error while retrieving App Check token: FirebaseError: AppCheck: ReCAPTCHA error. (appCheck/recaptcha-error). @ https://outrun.co.il/_next/static/chunks/2532-16f59635ee5a761a.js:14
[134153824ms] [ERROR] Failed to load resource: net::ERR_INTERNET_DISCONNECTED @ https://securetoken.googleapis.com/v1/token?key=AIzaSyCezG55zVQEZWCEs-lHzx_yQldg-Ej2X60:0
[134153826ms] [ERROR] Failed to load resource: net::ERR_INTERNET_DISCONNECTED @ https://www.google.com/recaptcha/enterprise/clr?k=6Lf3d9UsAAAAAILBqo6A909pmhyvtYmDoxaKtfMV:0
[134153829ms] [ERROR] Failed to load resource: net::ERR_INTERNET_DISCONNECTED @ https://www.google.com/recaptcha/enterprise/clr?k=6Lf3d9UsAAAAAILBqo6A909pmhyvtYmDoxaKtfMV:0
[134153832ms] [ERROR] Failed to load resource: net::ERR_INTERNET_DISCONNECTED @ https://www.google.com/recaptcha/enterprise/clr?k=6Lf3d9UsAAAAAILBqo6A909pmhyvtYmDoxaKtfMV:0
[134153834ms] [ERROR] Failed to load resource: net::ERR_INTERNET_DISCONNECTED @ https://www.google.com/recaptcha/enterprise/clr?k=6Lf3d9UsAAAAAILBqo6A909pmhyvtYmDoxaKtfMV:0
[134210018ms] [WARNING] [2026-09-02T20:54:51.832Z]  @firebase/auth: Auth (12.6.0): Error while retrieving App Check token: FirebaseError: AppCheck: ReCAPTCHA error. (appCheck/recaptcha-error). @ https://outrun.co.il/_next/static/chunks/2532-16f59635ee5a761a.js:14
[134210027ms] [ERROR] Failed to load resource: net::ERR_INTERNET_DISCONNECTED @ https://securetoken.googleapis.com/v1/token?key=AIzaSyCezG55zVQEZWCEs-lHzx_yQldg-Ej2X60:0
[134210031ms] [ERROR] Failed to load resource: net::ERR_INTERNET_DISCONNECTED @ https://www.google.com/recaptcha/enterprise/clr?k=6Lf3d9UsAAAAAILBqo6A909pmhyvtYmDoxaKtfMV:0
[134210037ms] [ERROR] Failed to load resource: net::ERR_INTERNET_DISCONNECTED @ https://www.google.com/recaptcha/enterprise/clr?k=6Lf3d9UsAAAAAILBqo6A909pmhyvtYmDoxaKtfMV:0
[134210041ms] [ERROR] Failed to load resource: net::ERR_INTERNET_DISCONNECTED @ https://www.google.com/recaptcha/enterprise/clr?k=6Lf3d9UsAAAAAILBqo6A909pmhyvtYmDoxaKtfMV:0
[134210044ms] [ERROR] Failed to load resource: net::ERR_INTERNET_DISCONNECTED @ https://www.google.com/recaptcha/enterprise/clr?k=6Lf3d9UsAAAAAILBqo6A909pmhyvtYmDoxaKtfMV:0
[134249273ms] [WARNING] [2026-09-02T20:55:31.087Z]  @firebase/auth: Auth (12.6.0): Error while retrieving App Check token: FirebaseError: AppCheck: ReCAPTCHA error. (appCheck/recaptcha-error). @ https://outrun.co.il/_next/static/chunks/2532-16f59635ee5a761a.js:14
[134249287ms] [ERROR] Failed to load resource: net::ERR_INTERNET_DISCONNECTED @ https://securetoken.googleapis.com/v1/token?key=AIzaSyCezG55zVQEZWCEs-lHzx_yQldg-Ej2X60:0
[134249288ms] [ERROR] Failed to load resource: net::ERR_INTERNET_DISCONNECTED @ https://www.google.com/recaptcha/enterprise/clr?k=6Lf3d9UsAAAAAILBqo6A909pmhyvtYmDoxaKtfMV:0
[134249295ms] [ERROR] Failed to load resource: net::ERR_INTERNET_DISCONNECTED @ https://www.google.com/recaptcha/enterprise/clr?k=6Lf3d9UsAAAAAILBqo6A909pmhyvtYmDoxaKtfMV:0
[134249303ms] [ERROR] Failed to load resource: net::ERR_INTERNET_DISCONNECTED @ https://www.google.com/recaptcha/enterprise/clr?k=6Lf3d9UsAAAAAILBqo6A909pmhyvtYmDoxaKtfMV:0
[134249310ms] [ERROR] Failed to load resource: net::ERR_INTERNET_DISCONNECTED @ https://www.google.com/recaptcha/enterprise/clr?k=6Lf3d9UsAAAAAILBqo6A909pmhyvtYmDoxaKtfMV:0
[134283776ms] [WARNING] [2026-09-02T20:56:05.590Z]  @firebase/auth: Auth (12.6.0): Error while retrieving App Check token: FirebaseError: AppCheck: ReCAPTCHA error. (appCheck/recaptcha-error). @ https://outrun.co.il/_next/static/chunks/2532-16f59635ee5a761a.js:14
[134283791ms] [ERROR] Failed to load resource: net::ERR_INTERNET_DISCONNECTED @ https://securetoken.googleapis.com/v1/token?key=AIzaSyCezG55zVQEZWCEs-lHzx_yQldg-Ej2X60:0
[134283794ms] [ERROR] Failed to load resource: net::ERR_INTERNET_DISCONNECTED @ https://www.google.com/recaptcha/enterprise/clr?k=6Lf3d9UsAAAAAILBqo6A909pmhyvtYmDoxaKtfMV:0
[134283801ms] [ERROR] Failed to load resource: net::ERR_INTERNET_DISCONNECTED @ https://www.google.com/recaptcha/enterprise/clr?k=6Lf3d9UsAAAAAILBqo6A909pmhyvtYmDoxaKtfMV:0
[134283808ms] [ERROR] Failed to load resource: net::ERR_INTERNET_DISCONNECTED @ https://www.google.com/recaptcha/enterprise/clr?k=6Lf3d9UsAAAAAILBqo6A909pmhyvtYmDoxaKtfMV:0
[134283813ms] [ERROR] Failed to load resource: net::ERR_INTERNET_DISCONNECTED @ https://www.google.com/recaptcha/enterprise/clr?k=6Lf3d9UsAAAAAILBqo6A909pmhyvtYmDoxaKtfMV:0
[134331831ms] [WARNING] [2026-09-02T20:56:53.645Z]  @firebase/auth: Auth (12.6.0): Error while retrieving App Check token: FirebaseError: AppCheck: ReCAPTCHA error. (appCheck/recaptcha-error). @ https://outrun.co.il/_next/static/chunks/2532-16f59635ee5a761a.js:14
[134331841ms] [ERROR] Failed to load resource: net::ERR_INTERNET_DISCONNECTED @ https://securetoken.googleapis.com/v1/token?key=AIzaSyCezG55zVQEZWCEs-lHzx_yQldg-Ej2X60:0
[134331843ms] [ERROR] Failed to load resource: net::ERR_INTERNET_DISCONNECTED @ https://www.google.com/recaptcha/enterprise/clr?k=6Lf3d9UsAAAAAILBqo6A909pmhyvtYmDoxaKtfMV:0
[134331855ms] [ERROR] Failed to load resource: net::ERR_INTERNET_DISCONNECTED @ https://www.google.com/recaptcha/enterprise/clr?k=6Lf3d9UsAAAAAILBqo6A909pmhyvtYmDoxaKtfMV:0
[134331864ms] [ERROR] Failed to load resource: net::ERR_INTERNET_DISCONNECTED @ https://www.google.com/recaptcha/enterprise/clr?k=6Lf3d9UsAAAAAILBqo6A909pmhyvtYmDoxaKtfMV:0
[134331873ms] [ERROR] Failed to load resource: net::ERR_INTERNET_DISCONNECTED @ https://www.google.com/recaptcha/enterprise/clr?k=6Lf3d9UsAAAAAILBqo6A909pmhyvtYmDoxaKtfMV:0
[134380347ms] [WARNING] [2026-09-02T20:57:42.161Z]  @firebase/auth: Auth (12.6.0): Error while retrieving App Check token: FirebaseError: AppCheck: ReCAPTCHA error. (appCheck/recaptcha-error). @ https://outrun.co.il/_next/static/chunks/2532-16f59635ee5a761a.js:14
[134380353ms] [ERROR] Failed to load resource: net::ERR_INTERNET_DISCONNECTED @ https://securetoken.googleapis.com/v1/token?key=AIzaSyCezG55zVQEZWCEs-lHzx_yQldg-Ej2X60:0
[134380357ms] [ERROR] Failed to load resource: net::ERR_INTERNET_DISCONNECTED @ https://www.google.com/recaptcha/enterprise/clr?k=6Lf3d9UsAAAAAILBqo6A909pmhyvtYmDoxaKtfMV:0
[134380359ms] [ERROR] Failed to load resource: net::ERR_INTERNET_DISCONNECTED @ https://www.google.com/recaptcha/enterprise/clr?k=6Lf3d9UsAAAAAILBqo6A909pmhyvtYmDoxaKtfMV:0
[134380362ms] [ERROR] Failed to load resource: net::ERR_INTERNET_DISCONNECTED @ https://www.google.com/recaptcha/enterprise/clr?k=6Lf3d9UsAAAAAILBqo6A909pmhyvtYmDoxaKtfMV:0
[134380364ms] [ERROR] Failed to load resource: net::ERR_INTERNET_DISCONNECTED @ https://www.google.com/recaptcha/enterprise/clr?k=6Lf3d9UsAAAAAILBqo6A909pmhyvtYmDoxaKtfMV:0
[134459763ms] [WARNING] [2026-09-02T20:59:01.578Z]  @firebase/auth: Auth (12.6.0): Error while retrieving App Check token: FirebaseError: AppCheck: ReCAPTCHA error. (appCheck/recaptcha-error). @ https://outrun.co.il/_next/static/chunks/2532-16f59635ee5a761a.js:14
[134459774ms] [ERROR] Failed to load resource: net::ERR_INTERNET_DISCONNECTED @ https://securetoken.googleapis.com/v1/token?key=AIzaSyCezG55zVQEZWCEs-lHzx_yQldg-Ej2X60:0
[134459781ms] [ERROR] Failed to load resource: net::ERR_INTERNET_DISCONNECTED @ https://www.google.com/recaptcha/enterprise/clr?k=6Lf3d9UsAAAAAILBqo6A909pmhyvtYmDoxaKtfMV:0
[134459789ms] [ERROR] Failed to load resource: net::ERR_INTERNET_DISCONNECTED @ https://www.google.com/recaptcha/enterprise/clr?k=6Lf3d9UsAAAAAILBqo6A909pmhyvtYmDoxaKtfMV:0
[134459793ms] [ERROR] Failed to load resource: net::ERR_INTERNET_DISCONNECTED @ https://www.google.com/recaptcha/enterprise/clr?k=6Lf3d9UsAAAAAILBqo6A909pmhyvtYmDoxaKtfMV:0
[134459801ms] [ERROR] Failed to load resource: net::ERR_INTERNET_DISCONNECTED @ https://www.google.com/recaptcha/enterprise/clr?k=6Lf3d9UsAAAAAILBqo6A909pmhyvtYmDoxaKtfMV:0
[134461161ms] [WARNING] [2026-09-02T20:59:02.975Z]  @firebase/auth: Auth (12.6.0): Error while retrieving App Check token: FirebaseError: AppCheck: ReCAPTCHA error. (appCheck/recaptcha-error). @ https://outrun.co.il/_next/static/chunks/2532-16f59635ee5a761a.js:14
[134461166ms] [ERROR] Failed to load resource: net::ERR_INTERNET_DISCONNECTED @ https://securetoken.googleapis.com/v1/token?key=AIzaSyCezG55zVQEZWCEs-lHzx_yQldg-Ej2X60:0
[134461167ms] [ERROR] Failed to load resource: net::ERR_INTERNET_DISCONNECTED @ https://www.google.com/recaptcha/enterprise/clr?k=6Lf3d9UsAAAAAILBqo6A909pmhyvtYmDoxaKtfMV:0
[134461172ms] [ERROR] Failed to load resource: net::ERR_INTERNET_DISCONNECTED @ https://www.google.com/recaptcha/enterprise/clr?k=6Lf3d9UsAAAAAILBqo6A909pmhyvtYmDoxaKtfMV:0
[134461179ms] [ERROR] Failed to load resource: net::ERR_INTERNET_DISCONNECTED @ https://www.google.com/recaptcha/enterprise/clr?k=6Lf3d9UsAAAAAILBqo6A909pmhyvtYmDoxaKtfMV:0
[134461207ms] [ERROR] Failed to load resource: net::ERR_INTERNET_DISCONNECTED @ https://www.google.com/recaptcha/enterprise/clr?k=6Lf3d9UsAAAAAILBqo6A909pmhyvtYmDoxaKtfMV:0
[134489793ms] [WARNING] [2026-09-02T20:59:31.607Z]  @firebase/auth: Auth (12.6.0): Error while retrieving App Check token: FirebaseError: AppCheck: ReCAPTCHA error. (appCheck/recaptcha-error). @ https://outrun.co.il/_next/static/chunks/2532-16f59635ee5a761a.js:14
[134489806ms] [ERROR] Failed to load resource: net::ERR_INTERNET_DISCONNECTED @ https://securetoken.googleapis.com/v1/token?key=AIzaSyCezG55zVQEZWCEs-lHzx_yQldg-Ej2X60:0
[134489808ms] [ERROR] Failed to load resource: net::ERR_INTERNET_DISCONNECTED @ https://www.google.com/recaptcha/enterprise/clr?k=6Lf3d9UsAAAAAILBqo6A909pmhyvtYmDoxaKtfMV:0
[134489824ms] [ERROR] Failed to load resource: net::ERR_INTERNET_DISCONNECTED @ https://www.google.com/recaptcha/enterprise/clr?k=6Lf3d9UsAAAAAILBqo6A909pmhyvtYmDoxaKtfMV:0
[134489829ms] [ERROR] Failed to load resource: net::ERR_INTERNET_DISCONNECTED @ https://www.google.com/recaptcha/enterprise/clr?k=6Lf3d9UsAAAAAILBqo6A909pmhyvtYmDoxaKtfMV:0
[134489842ms] [ERROR] Failed to load resource: net::ERR_INTERNET_DISCONNECTED @ https://www.google.com/recaptcha/enterprise/clr?k=6Lf3d9UsAAAAAILBqo6A909pmhyvtYmDoxaKtfMV:0
[134515121ms] [WARNING] [2026-09-02T20:59:56.935Z]  @firebase/auth: Auth (12.6.0): Error while retrieving App Check token: FirebaseError: AppCheck: ReCAPTCHA error. (appCheck/recaptcha-error). @ https://outrun.co.il/_next/static/chunks/2532-16f59635ee5a761a.js:14
[134515133ms] [ERROR] Failed to load resource: net::ERR_INTERNET_DISCONNECTED @ https://securetoken.googleapis.com/v1/token?key=AIzaSyCezG55zVQEZWCEs-lHzx_yQldg-Ej2X60:0
[134515138ms] [ERROR] Failed to load resource: net::ERR_INTERNET_DISCONNECTED @ https://www.google.com/recaptcha/enterprise/clr?k=6Lf3d9UsAAAAAILBqo6A909pmhyvtYmDoxaKtfMV:0
[134515152ms] [ERROR] Failed to load resource: net::ERR_INTERNET_DISCONNECTED @ https://www.google.com/recaptcha/enterprise/clr?k=6Lf3d9UsAAAAAILBqo6A909pmhyvtYmDoxaKtfMV:0
[134515159ms] [ERROR] Failed to load resource: net::ERR_INTERNET_DISCONNECTED @ https://www.google.com/recaptcha/enterprise/clr?k=6Lf3d9UsAAAAAILBqo6A909pmhyvtYmDoxaKtfMV:0
[134515164ms] [ERROR] Failed to load resource: net::ERR_INTERNET_DISCONNECTED @ https://www.google.com/recaptcha/enterprise/clr?k=6Lf3d9UsAAAAAILBqo6A909pmhyvtYmDoxaKtfMV:0
[134549835ms] [WARNING] [2026-09-02T21:00:31.649Z]  @firebase/auth: Auth (12.6.0): Error while retrieving App Check token: FirebaseError: AppCheck: ReCAPTCHA error. (appCheck/recaptcha-error). @ https://outrun.co.il/_next/static/chunks/2532-16f59635ee5a761a.js:14
[134549844ms] [ERROR] Failed to load resource: net::ERR_INTERNET_DISCONNECTED @ https://securetoken.googleapis.com/v1/token?key=AIzaSyCezG55zVQEZWCEs-lHzx_yQldg-Ej2X60:0
[134549849ms] [ERROR] Failed to load resource: net::ERR_INTERNET_DISCONNECTED @ https://www.google.com/recaptcha/enterprise/clr?k=6Lf3d9UsAAAAAILBqo6A909pmhyvtYmDoxaKtfMV:0
[134549853ms] [ERROR] Failed to load resource: net::ERR_INTERNET_DISCONNECTED @ https://www.google.com/recaptcha/enterprise/clr?k=6Lf3d9UsAAAAAILBqo6A909pmhyvtYmDoxaKtfMV:0
[134549859ms] [ERROR] Failed to load resource: net::ERR_INTERNET_DISCONNECTED @ https://www.google.com/recaptcha/enterprise/clr?k=6Lf3d9UsAAAAAILBqo6A909pmhyvtYmDoxaKtfMV:0
[134549866ms] [ERROR] Failed to load resource: net::ERR_INTERNET_DISCONNECTED @ https://www.google.com/recaptcha/enterprise/clr?k=6Lf3d9UsAAAAAILBqo6A909pmhyvtYmDoxaKtfMV:0
[134566814ms] [WARNING] [2026-09-02T21:00:48.628Z]  @firebase/auth: Auth (12.6.0): Error while retrieving App Check token: FirebaseError: AppCheck: ReCAPTCHA error. (appCheck/recaptcha-error). @ https://outrun.co.il/_next/static/chunks/2532-16f59635ee5a761a.js:14
[134566818ms] [ERROR] Failed to load resource: net::ERR_INTERNET_DISCONNECTED @ https://securetoken.googleapis.com/v1/token?key=AIzaSyCezG55zVQEZWCEs-lHzx_yQldg-Ej2X60:0
[134566821ms] [ERROR] Failed to load resource: net::ERR_INTERNET_DISCONNECTED @ https://www.google.com/recaptcha/enterprise/clr?k=6Lf3d9UsAAAAAILBqo6A909pmhyvtYmDoxaKtfMV:0
[134566838ms] [ERROR] Failed to load resource: net::ERR_INTERNET_DISCONNECTED @ https://www.google.com/recaptcha/enterprise/clr?k=6Lf3d9UsAAAAAILBqo6A909pmhyvtYmDoxaKtfMV:0
[134566843ms] [ERROR] Failed to load resource: net::ERR_INTERNET_DISCONNECTED @ https://www.google.com/recaptcha/enterprise/clr?k=6Lf3d9UsAAAAAILBqo6A909pmhyvtYmDoxaKtfMV:0
[134566848ms] [ERROR] Failed to load resource: net::ERR_INTERNET_DISCONNECTED @ https://www.google.com/recaptcha/enterprise/clr?k=6Lf3d9UsAAAAAILBqo6A909pmhyvtYmDoxaKtfMV:0
[134616500ms] [WARNING] [2026-09-02T21:01:38.314Z]  @firebase/auth: Auth (12.6.0): Error while retrieving App Check token: FirebaseError: AppCheck: ReCAPTCHA error. (appCheck/recaptcha-error). @ https://outrun.co.il/_next/static/chunks/2532-16f59635ee5a761a.js:14
[134616507ms] [ERROR] Failed to load resource: net::ERR_INTERNET_DISCONNECTED @ https://securetoken.googleapis.com/v1/token?key=AIzaSyCezG55zVQEZWCEs-lHzx_yQldg-Ej2X60:0
[134616511ms] [ERROR] Failed to load resource: net::ERR_INTERNET_DISCONNECTED @ https://www.google.com/recaptcha/enterprise/clr?k=6Lf3d9UsAAAAAILBqo6A909pmhyvtYmDoxaKtfMV:0
[134616518ms] [ERROR] Failed to load resource: net::ERR_INTERNET_DISCONNECTED @ https://www.google.com/recaptcha/enterprise/clr?k=6Lf3d9UsAAAAAILBqo6A909pmhyvtYmDoxaKtfMV:0
[134616522ms] [ERROR] Failed to load resource: net::ERR_INTERNET_DISCONNECTED @ https://www.google.com/recaptcha/enterprise/clr?k=6Lf3d9UsAAAAAILBqo6A909pmhyvtYmDoxaKtfMV:0
[134616531ms] [ERROR] Failed to load resource: net::ERR_INTERNET_DISCONNECTED @ https://www.google.com/recaptcha/enterprise/clr?k=6Lf3d9UsAAAAAILBqo6A909pmhyvtYmDoxaKtfMV:0
[134669858ms] [WARNING] [2026-09-02T21:02:31.672Z]  @firebase/auth: Auth (12.6.0): Error while retrieving App Check token: FirebaseError: AppCheck: ReCAPTCHA error. (appCheck/recaptcha-error). @ https://outrun.co.il/_next/static/chunks/2532-16f59635ee5a761a.js:14
[134669868ms] [ERROR] Failed to load resource: net::ERR_INTERNET_DISCONNECTED @ https://securetoken.googleapis.com/v1/token?key=AIzaSyCezG55zVQEZWCEs-lHzx_yQldg-Ej2X60:0
[134669870ms] [ERROR] Failed to load resource: net::ERR_INTERNET_DISCONNECTED @ https://www.google.com/recaptcha/enterprise/clr?k=6Lf3d9UsAAAAAILBqo6A909pmhyvtYmDoxaKtfMV:0
[134669873ms] [ERROR] Failed to load resource: net::ERR_INTERNET_DISCONNECTED @ https://www.google.com/recaptcha/enterprise/clr?k=6Lf3d9UsAAAAAILBqo6A909pmhyvtYmDoxaKtfMV:0
[134669877ms] [ERROR] Failed to load resource: net::ERR_INTERNET_DISCONNECTED @ https://www.google.com/recaptcha/enterprise/clr?k=6Lf3d9UsAAAAAILBqo6A909pmhyvtYmDoxaKtfMV:0
[134669883ms] [ERROR] Failed to load resource: net::ERR_INTERNET_DISCONNECTED @ https://www.google.com/recaptcha/enterprise/clr?k=6Lf3d9UsAAAAAILBqo6A909pmhyvtYmDoxaKtfMV:0
[134699708ms] [WARNING] [2026-09-02T21:03:01.522Z]  @firebase/auth: Auth (12.6.0): Error while retrieving App Check token: FirebaseError: AppCheck: ReCAPTCHA error. (appCheck/recaptcha-error). @ https://outrun.co.il/_next/static/chunks/2532-16f59635ee5a761a.js:14
[134699715ms] [ERROR] Failed to load resource: net::ERR_INTERNET_DISCONNECTED @ https://securetoken.googleapis.com/v1/token?key=AIzaSyCezG55zVQEZWCEs-lHzx_yQldg-Ej2X60:0
[134699722ms] [ERROR] Failed to load resource: net::ERR_INTERNET_DISCONNECTED @ https://www.google.com/recaptcha/enterprise/clr?k=6Lf3d9UsAAAAAILBqo6A909pmhyvtYmDoxaKtfMV:0
[134699726ms] [ERROR] Failed to load resource: net::ERR_INTERNET_DISCONNECTED @ https://www.google.com/recaptcha/enterprise/clr?k=6Lf3d9UsAAAAAILBqo6A909pmhyvtYmDoxaKtfMV:0
[134699729ms] [ERROR] Failed to load resource: net::ERR_INTERNET_DISCONNECTED @ https://www.google.com/recaptcha/enterprise/clr?k=6Lf3d9UsAAAAAILBqo6A909pmhyvtYmDoxaKtfMV:0
[134699742ms] [ERROR] Failed to load resource: net::ERR_INTERNET_DISCONNECTED @ https://www.google.com/recaptcha/enterprise/clr?k=6Lf3d9UsAAAAAILBqo6A909pmhyvtYmDoxaKtfMV:0
[134702142ms] [ERROR] Failed to load resource: net::ERR_INTERNET_DISCONNECTED @ https://www.google.com/recaptcha/enterprise/clr?k=6Lf3d9UsAAAAAILBqo6A909pmhyvtYmDoxaKtfMV:0
[134702151ms] [ERROR] Failed to load resource: net::ERR_INTERNET_DISCONNECTED @ https://www.google.com/recaptcha/enterprise/clr?k=6Lf3d9UsAAAAAILBqo6A909pmhyvtYmDoxaKtfMV:0
[134702157ms] [ERROR] Failed to load resource: net::ERR_INTERNET_DISCONNECTED @ https://www.google.com/recaptcha/enterprise/clr?k=6Lf3d9UsAAAAAILBqo6A909pmhyvtYmDoxaKtfMV:0
[134702161ms] [ERROR] Failed to load resource: net::ERR_INTERNET_DISCONNECTED @ https://www.google.com/recaptcha/enterprise/clr?k=6Lf3d9UsAAAAAILBqo6A909pmhyvtYmDoxaKtfMV:0
[134734117ms] [WARNING] [2026-09-02T21:03:35.932Z]  @firebase/auth: Auth (12.6.0): Error while retrieving App Check token: FirebaseError: AppCheck: ReCAPTCHA error. (appCheck/recaptcha-error). @ https://outrun.co.il/_next/static/chunks/2532-16f59635ee5a761a.js:14
[134734126ms] [ERROR] Failed to load resource: net::ERR_INTERNET_DISCONNECTED @ https://securetoken.googleapis.com/v1/token?key=AIzaSyCezG55zVQEZWCEs-lHzx_yQldg-Ej2X60:0
[134734132ms] [ERROR] Failed to load resource: net::ERR_INTERNET_DISCONNECTED @ https://www.google.com/recaptcha/enterprise/clr?k=6Lf3d9UsAAAAAILBqo6A909pmhyvtYmDoxaKtfMV:0
[134734137ms] [ERROR] Failed to load resource: net::ERR_INTERNET_DISCONNECTED @ https://www.google.com/recaptcha/enterprise/clr?k=6Lf3d9UsAAAAAILBqo6A909pmhyvtYmDoxaKtfMV:0
[134734165ms] [ERROR] Failed to load resource: net::ERR_INTERNET_DISCONNECTED @ https://www.google.com/recaptcha/enterprise/clr?k=6Lf3d9UsAAAAAILBqo6A909pmhyvtYmDoxaKtfMV:0
[134734174ms] [ERROR] Failed to load resource: net::ERR_INTERNET_DISCONNECTED @ https://www.google.com/recaptcha/enterprise/clr?k=6Lf3d9UsAAAAAILBqo6A909pmhyvtYmDoxaKtfMV:0
[134793663ms] [WARNING] [2026-09-02T21:04:35.477Z]  @firebase/auth: Auth (12.6.0): Error while retrieving App Check token: FirebaseError: AppCheck: ReCAPTCHA error. (appCheck/recaptcha-error). @ https://outrun.co.il/_next/static/chunks/2532-16f59635ee5a761a.js:14
[134793673ms] [ERROR] Failed to load resource: net::ERR_INTERNET_DISCONNECTED @ https://securetoken.googleapis.com/v1/token?key=AIzaSyCezG55zVQEZWCEs-lHzx_yQldg-Ej2X60:0
[134793677ms] [ERROR] Failed to load resource: net::ERR_INTERNET_DISCONNECTED @ https://www.google.com/recaptcha/enterprise/clr?k=6Lf3d9UsAAAAAILBqo6A909pmhyvtYmDoxaKtfMV:0
[134793685ms] [ERROR] Failed to load resource: net::ERR_INTERNET_DISCONNECTED @ https://www.google.com/recaptcha/enterprise/clr?k=6Lf3d9UsAAAAAILBqo6A909pmhyvtYmDoxaKtfMV:0
[134793689ms] [ERROR] Failed to load resource: net::ERR_INTERNET_DISCONNECTED @ https://www.google.com/recaptcha/enterprise/clr?k=6Lf3d9UsAAAAAILBqo6A909pmhyvtYmDoxaKtfMV:0
[134793693ms] [ERROR] Failed to load resource: net::ERR_INTERNET_DISCONNECTED @ https://www.google.com/recaptcha/enterprise/clr?k=6Lf3d9UsAAAAAILBqo6A909pmhyvtYmDoxaKtfMV:0
[134803417ms] [WARNING] [2026-09-02T21:04:45.231Z]  @firebase/auth: Auth (12.6.0): Error while retrieving App Check token: FirebaseError: AppCheck: ReCAPTCHA error. (appCheck/recaptcha-error). @ https://outrun.co.il/_next/static/chunks/2532-16f59635ee5a761a.js:14
[134803422ms] [ERROR] Failed to load resource: net::ERR_INTERNET_DISCONNECTED @ https://www.google.com/recaptcha/enterprise/clr?k=6Lf3d9UsAAAAAILBqo6A909pmhyvtYmDoxaKtfMV:0
[134803425ms] [ERROR] Failed to load resource: net::ERR_INTERNET_DISCONNECTED @ https://securetoken.googleapis.com/v1/token?key=AIzaSyCezG55zVQEZWCEs-lHzx_yQldg-Ej2X60:0
[134803425ms] [WARNING] [session] silent refresh failed: FirebaseError: Firebase: Error (auth/network-request-failed).
    at _ (https://outrun.co.il/_next/static/chunks/ebf8faf4-4b21e6e1cecfd8ac.js:1:2449)
    at d (https://outrun.co.il/_next/static/chunks/ebf8faf4-4b21e6e1cecfd8ac.js:1:1774)
    at O (https://outrun.co.il/_next/static/chunks/ebf8faf4-4b21e6e1cecfd8ac.js:1:8154)
    at async et (https://outrun.co.il/_next/static/chunks/ebf8faf4-4b21e6e1cecfd8ac.js:1:13604)
    at async er.refresh (https://outrun.co.il/_next/static/chunks/ebf8faf4-4b21e6e1cecfd8ac.js:1:15036)
    at async er.getToken (https://outrun.co.il/_next/static/chunks/ebf8faf4-4b21e6e1cecfd8ac.js:1:14848)
    at async B (https://outrun.co.il/_next/static/chunks/ebf8faf4-4b21e6e1cecfd8ac.js:1:11368)
    at async es.getIdToken (https://outrun.co.il/_next/static/chunks/ebf8faf4-4b21e6e1cecfd8ac.js:1:16560)
    at async https://outrun.co.il/_next/static/chunks/app/admin/layout-19dbfc67bfe16a74.js:1:7218 @ https://outrun.co.il/_next/static/chunks/app/admin/layout-19dbfc67bfe16a74.js:0
[134803429ms] [ERROR] Failed to load resource: net::ERR_INTERNET_DISCONNECTED @ https://www.google.com/recaptcha/enterprise/clr?k=6Lf3d9UsAAAAAILBqo6A909pmhyvtYmDoxaKtfMV:0
[134803451ms] [ERROR] Failed to load resource: net::ERR_INTERNET_DISCONNECTED @ https://www.google.com/recaptcha/enterprise/clr?k=6Lf3d9UsAAAAAILBqo6A909pmhyvtYmDoxaKtfMV:0
[134803486ms] [ERROR] Failed to load resource: net::ERR_INTERNET_DISCONNECTED @ https://www.google.com/recaptcha/enterprise/clr?k=6Lf3d9UsAAAAAILBqo6A909pmhyvtYmDoxaKtfMV:0
[134838541ms] [WARNING] [2026-09-02T21:05:20.356Z]  @firebase/auth: Auth (12.6.0): Error while retrieving App Check token: FirebaseError: AppCheck: ReCAPTCHA error. (appCheck/recaptcha-error). @ https://outrun.co.il/_next/static/chunks/2532-16f59635ee5a761a.js:14
[134838552ms] [ERROR] Failed to load resource: net::ERR_INTERNET_DISCONNECTED @ https://securetoken.googleapis.com/v1/token?key=AIzaSyCezG55zVQEZWCEs-lHzx_yQldg-Ej2X60:0
[134838563ms] [ERROR] Failed to load resource: net::ERR_INTERNET_DISCONNECTED @ https://www.google.com/recaptcha/enterprise/clr?k=6Lf3d9UsAAAAAILBqo6A909pmhyvtYmDoxaKtfMV:0
[134838574ms] [ERROR] Failed to load resource: net::ERR_INTERNET_DISCONNECTED @ https://www.google.com/recaptcha/enterprise/clr?k=6Lf3d9UsAAAAAILBqo6A909pmhyvtYmDoxaKtfMV:0
[134838589ms] [ERROR] Failed to load resource: net::ERR_INTERNET_DISCONNECTED @ https://www.google.com/recaptcha/enterprise/clr?k=6Lf3d9UsAAAAAILBqo6A909pmhyvtYmDoxaKtfMV:0
[134838603ms] [ERROR] Failed to load resource: net::ERR_INTERNET_DISCONNECTED @ https://www.google.com/recaptcha/enterprise/clr?k=6Lf3d9UsAAAAAILBqo6A909pmhyvtYmDoxaKtfMV:0
[134902655ms] [WARNING] [2026-09-02T21:06:24.469Z]  @firebase/auth: Auth (12.6.0): Error while retrieving App Check token: FirebaseError: AppCheck: ReCAPTCHA error. (appCheck/recaptcha-error). @ https://outrun.co.il/_next/static/chunks/2532-16f59635ee5a761a.js:14
[134902669ms] [ERROR] Failed to load resource: net::ERR_INTERNET_DISCONNECTED @ https://securetoken.googleapis.com/v1/token?key=AIzaSyCezG55zVQEZWCEs-lHzx_yQldg-Ej2X60:0
[134902672ms] [ERROR] Failed to load resource: net::ERR_INTERNET_DISCONNECTED @ https://www.google.com/recaptcha/enterprise/clr?k=6Lf3d9UsAAAAAILBqo6A909pmhyvtYmDoxaKtfMV:0
[134902675ms] [ERROR] Failed to load resource: net::ERR_INTERNET_DISCONNECTED @ https://www.google.com/recaptcha/enterprise/clr?k=6Lf3d9UsAAAAAILBqo6A909pmhyvtYmDoxaKtfMV:0
[134902679ms] [ERROR] Failed to load resource: net::ERR_INTERNET_DISCONNECTED @ https://www.google.com/recaptcha/enterprise/clr?k=6Lf3d9UsAAAAAILBqo6A909pmhyvtYmDoxaKtfMV:0
[134902683ms] [ERROR] Failed to load resource: net::ERR_INTERNET_DISCONNECTED @ https://www.google.com/recaptcha/enterprise/clr?k=6Lf3d9UsAAAAAILBqo6A909pmhyvtYmDoxaKtfMV:0
[134909874ms] [WARNING] [2026-09-02T21:06:31.688Z]  @firebase/auth: Auth (12.6.0): Error while retrieving App Check token: FirebaseError: AppCheck: ReCAPTCHA error. (appCheck/recaptcha-error). @ https://outrun.co.il/_next/static/chunks/2532-16f59635ee5a761a.js:14
[134909880ms] [ERROR] Failed to load resource: net::ERR_INTERNET_DISCONNECTED @ https://securetoken.googleapis.com/v1/token?key=AIzaSyCezG55zVQEZWCEs-lHzx_yQldg-Ej2X60:0
[134909882ms] [ERROR] Failed to load resource: net::ERR_INTERNET_DISCONNECTED @ https://www.google.com/recaptcha/enterprise/clr?k=6Lf3d9UsAAAAAILBqo6A909pmhyvtYmDoxaKtfMV:0
[134909889ms] [ERROR] Failed to load resource: net::ERR_INTERNET_DISCONNECTED @ https://www.google.com/recaptcha/enterprise/clr?k=6Lf3d9UsAAAAAILBqo6A909pmhyvtYmDoxaKtfMV:0
[134909894ms] [ERROR] Failed to load resource: net::ERR_INTERNET_DISCONNECTED @ https://www.google.com/recaptcha/enterprise/clr?k=6Lf3d9UsAAAAAILBqo6A909pmhyvtYmDoxaKtfMV:0
[134909902ms] [ERROR] Failed to load resource: net::ERR_INTERNET_DISCONNECTED @ https://www.google.com/recaptcha/enterprise/clr?k=6Lf3d9UsAAAAAILBqo6A909pmhyvtYmDoxaKtfMV:0
[134942342ms] [WARNING] [2026-09-02T21:07:04.157Z]  @firebase/auth: Auth (12.6.0): Error while retrieving App Check token: FirebaseError: AppCheck: ReCAPTCHA error. (appCheck/recaptcha-error). @ https://outrun.co.il/_next/static/chunks/2532-16f59635ee5a761a.js:14
[134942353ms] [ERROR] Failed to load resource: net::ERR_INTERNET_DISCONNECTED @ https://securetoken.googleapis.com/v1/token?key=AIzaSyCezG55zVQEZWCEs-lHzx_yQldg-Ej2X60:0
[134942358ms] [ERROR] Failed to load resource: net::ERR_INTERNET_DISCONNECTED @ https://www.google.com/recaptcha/enterprise/clr?k=6Lf3d9UsAAAAAILBqo6A909pmhyvtYmDoxaKtfMV:0
[134942362ms] [ERROR] Failed to load resource: net::ERR_INTERNET_DISCONNECTED @ https://www.google.com/recaptcha/enterprise/clr?k=6Lf3d9UsAAAAAILBqo6A909pmhyvtYmDoxaKtfMV:0
[134942367ms] [ERROR] Failed to load resource: net::ERR_INTERNET_DISCONNECTED @ https://www.google.com/recaptcha/enterprise/clr?k=6Lf3d9UsAAAAAILBqo6A909pmhyvtYmDoxaKtfMV:0
[134942370ms] [ERROR] Failed to load resource: net::ERR_INTERNET_DISCONNECTED @ https://www.google.com/recaptcha/enterprise/clr?k=6Lf3d9UsAAAAAILBqo6A909pmhyvtYmDoxaKtfMV:0
[134976569ms] [WARNING] [2026-09-02T21:07:38.383Z]  @firebase/auth: Auth (12.6.0): Error while retrieving App Check token: FirebaseError: AppCheck: ReCAPTCHA error. (appCheck/recaptcha-error). @ https://outrun.co.il/_next/static/chunks/2532-16f59635ee5a761a.js:14
[134976574ms] [ERROR] Failed to load resource: net::ERR_INTERNET_DISCONNECTED @ https://securetoken.googleapis.com/v1/token?key=AIzaSyCezG55zVQEZWCEs-lHzx_yQldg-Ej2X60:0
[134976578ms] [ERROR] Failed to load resource: net::ERR_INTERNET_DISCONNECTED @ https://www.google.com/recaptcha/enterprise/clr?k=6Lf3d9UsAAAAAILBqo6A909pmhyvtYmDoxaKtfMV:0
[134976584ms] [ERROR] Failed to load resource: net::ERR_INTERNET_DISCONNECTED @ https://www.google.com/recaptcha/enterprise/clr?k=6Lf3d9UsAAAAAILBqo6A909pmhyvtYmDoxaKtfMV:0
[134976588ms] [ERROR] Failed to load resource: net::ERR_INTERNET_DISCONNECTED @ https://www.google.com/recaptcha/enterprise/clr?k=6Lf3d9UsAAAAAILBqo6A909pmhyvtYmDoxaKtfMV:0
[134976592ms] [ERROR] Failed to load resource: net::ERR_INTERNET_DISCONNECTED @ https://www.google.com/recaptcha/enterprise/clr?k=6Lf3d9UsAAAAAILBqo6A909pmhyvtYmDoxaKtfMV:0
[135038871ms] [WARNING] [2026-09-02T21:08:40.685Z]  @firebase/auth: Auth (12.6.0): Error while retrieving App Check token: FirebaseError: AppCheck: ReCAPTCHA error. (appCheck/recaptcha-error). @ https://outrun.co.il/_next/static/chunks/2532-16f59635ee5a761a.js:14
[135038879ms] [ERROR] Failed to load resource: net::ERR_INTERNET_DISCONNECTED @ https://securetoken.googleapis.com/v1/token?key=AIzaSyCezG55zVQEZWCEs-lHzx_yQldg-Ej2X60:0
[135038881ms] [ERROR] Failed to load resource: net::ERR_INTERNET_DISCONNECTED @ https://www.google.com/recaptcha/enterprise/clr?k=6Lf3d9UsAAAAAILBqo6A909pmhyvtYmDoxaKtfMV:0
[135038884ms] [ERROR] Failed to load resource: net::ERR_INTERNET_DISCONNECTED @ https://www.google.com/recaptcha/enterprise/clr?k=6Lf3d9UsAAAAAILBqo6A909pmhyvtYmDoxaKtfMV:0
[135038886ms] [ERROR] Failed to load resource: net::ERR_INTERNET_DISCONNECTED @ https://www.google.com/recaptcha/enterprise/clr?k=6Lf3d9UsAAAAAILBqo6A909pmhyvtYmDoxaKtfMV:0
[135038890ms] [ERROR] Failed to load resource: net::ERR_INTERNET_DISCONNECTED @ https://www.google.com/recaptcha/enterprise/clr?k=6Lf3d9UsAAAAAILBqo6A909pmhyvtYmDoxaKtfMV:0
[135112855ms] [WARNING] [2026-09-02T21:09:54.669Z]  @firebase/auth: Auth (12.6.0): Error while retrieving App Check token: FirebaseError: AppCheck: ReCAPTCHA error. (appCheck/recaptcha-error). @ https://outrun.co.il/_next/static/chunks/2532-16f59635ee5a761a.js:14
[135112862ms] [ERROR] Failed to load resource: net::ERR_INTERNET_DISCONNECTED @ https://securetoken.googleapis.com/v1/token?key=AIzaSyCezG55zVQEZWCEs-lHzx_yQldg-Ej2X60:0
[135112866ms] [ERROR] Failed to load resource: net::ERR_INTERNET_DISCONNECTED @ https://www.google.com/recaptcha/enterprise/clr?k=6Lf3d9UsAAAAAILBqo6A909pmhyvtYmDoxaKtfMV:0
[135112874ms] [ERROR] Failed to load resource: net::ERR_INTERNET_DISCONNECTED @ https://www.google.com/recaptcha/enterprise/clr?k=6Lf3d9UsAAAAAILBqo6A909pmhyvtYmDoxaKtfMV:0
[135112880ms] [ERROR] Failed to load resource: net::ERR_INTERNET_DISCONNECTED @ https://www.google.com/recaptcha/enterprise/clr?k=6Lf3d9UsAAAAAILBqo6A909pmhyvtYmDoxaKtfMV:0
[135112889ms] [ERROR] Failed to load resource: net::ERR_INTERNET_DISCONNECTED @ https://www.google.com/recaptcha/enterprise/clr?k=6Lf3d9UsAAAAAILBqo6A909pmhyvtYmDoxaKtfMV:0
[135199129ms] [WARNING] [2026-09-02T21:11:20.943Z]  @firebase/auth: Auth (12.6.0): Error while retrieving App Check token: FirebaseError: AppCheck: ReCAPTCHA error. (appCheck/recaptcha-error). @ https://outrun.co.il/_next/static/chunks/2532-16f59635ee5a761a.js:14
[135199138ms] [ERROR] Failed to load resource: net::ERR_INTERNET_DISCONNECTED @ https://securetoken.googleapis.com/v1/token?key=AIzaSyCezG55zVQEZWCEs-lHzx_yQldg-Ej2X60:0
[135199142ms] [ERROR] Failed to load resource: net::ERR_INTERNET_DISCONNECTED @ https://www.google.com/recaptcha/enterprise/clr?k=6Lf3d9UsAAAAAILBqo6A909pmhyvtYmDoxaKtfMV:0
[135199149ms] [ERROR] Failed to load resource: net::ERR_INTERNET_DISCONNECTED @ https://www.google.com/recaptcha/enterprise/clr?k=6Lf3d9UsAAAAAILBqo6A909pmhyvtYmDoxaKtfMV:0
[135199155ms] [ERROR] Failed to load resource: net::ERR_INTERNET_DISCONNECTED @ https://www.google.com/recaptcha/enterprise/clr?k=6Lf3d9UsAAAAAILBqo6A909pmhyvtYmDoxaKtfMV:0
[135199161ms] [ERROR] Failed to load resource: net::ERR_INTERNET_DISCONNECTED @ https://www.google.com/recaptcha/enterprise/clr?k=6Lf3d9UsAAAAAILBqo6A909pmhyvtYmDoxaKtfMV:0
[135287157ms] [WARNING] [2026-09-02T21:12:48.971Z]  @firebase/auth: Auth (12.6.0): Error while retrieving App Check token: FirebaseError: AppCheck: ReCAPTCHA error. (appCheck/recaptcha-error). @ https://outrun.co.il/_next/static/chunks/2532-16f59635ee5a761a.js:14
[135287166ms] [ERROR] Failed to load resource: net::ERR_INTERNET_DISCONNECTED @ https://securetoken.googleapis.com/v1/token?key=AIzaSyCezG55zVQEZWCEs-lHzx_yQldg-Ej2X60:0
[135287173ms] [ERROR] Failed to load resource: net::ERR_INTERNET_DISCONNECTED @ https://www.google.com/recaptcha/enterprise/clr?k=6Lf3d9UsAAAAAILBqo6A909pmhyvtYmDoxaKtfMV:0
[135287179ms] [ERROR] Failed to load resource: net::ERR_INTERNET_DISCONNECTED @ https://www.google.com/recaptcha/enterprise/clr?k=6Lf3d9UsAAAAAILBqo6A909pmhyvtYmDoxaKtfMV:0
[135287183ms] [ERROR] Failed to load resource: net::ERR_INTERNET_DISCONNECTED @ https://www.google.com/recaptcha/enterprise/clr?k=6Lf3d9UsAAAAAILBqo6A909pmhyvtYmDoxaKtfMV:0
[135287188ms] [ERROR] Failed to load resource: net::ERR_INTERNET_DISCONNECTED @ https://www.google.com/recaptcha/enterprise/clr?k=6Lf3d9UsAAAAAILBqo6A909pmhyvtYmDoxaKtfMV:0
[135334701ms] [WARNING] [2026-09-02T21:13:36.515Z]  @firebase/auth: Auth (12.6.0): Error while retrieving App Check token: FirebaseError: AppCheck: ReCAPTCHA error. (appCheck/recaptcha-error). @ https://outrun.co.il/_next/static/chunks/2532-16f59635ee5a761a.js:14
[135334712ms] [ERROR] Failed to load resource: net::ERR_INTERNET_DISCONNECTED @ https://securetoken.googleapis.com/v1/token?key=AIzaSyCezG55zVQEZWCEs-lHzx_yQldg-Ej2X60:0
[135334715ms] [ERROR] Failed to load resource: net::ERR_INTERNET_DISCONNECTED @ https://www.google.com/recaptcha/enterprise/clr?k=6Lf3d9UsAAAAAILBqo6A909pmhyvtYmDoxaKtfMV:0
[135334719ms] [ERROR] Failed to load resource: net::ERR_INTERNET_DISCONNECTED @ https://www.google.com/recaptcha/enterprise/clr?k=6Lf3d9UsAAAAAILBqo6A909pmhyvtYmDoxaKtfMV:0
[135334728ms] [ERROR] Failed to load resource: net::ERR_INTERNET_DISCONNECTED @ https://www.google.com/recaptcha/enterprise/clr?k=6Lf3d9UsAAAAAILBqo6A909pmhyvtYmDoxaKtfMV:0
[135334735ms] [ERROR] Failed to load resource: net::ERR_INTERNET_DISCONNECTED @ https://www.google.com/recaptcha/enterprise/clr?k=6Lf3d9UsAAAAAILBqo6A909pmhyvtYmDoxaKtfMV:0
[135378869ms] [WARNING] [2026-09-02T21:14:20.683Z]  @firebase/auth: Auth (12.6.0): Error while retrieving App Check token: FirebaseError: AppCheck: ReCAPTCHA error. (appCheck/recaptcha-error). @ https://outrun.co.il/_next/static/chunks/2532-16f59635ee5a761a.js:14
[135378877ms] [ERROR] Failed to load resource: net::ERR_INTERNET_DISCONNECTED @ https://securetoken.googleapis.com/v1/token?key=AIzaSyCezG55zVQEZWCEs-lHzx_yQldg-Ej2X60:0
[135378878ms] [ERROR] Failed to load resource: net::ERR_INTERNET_DISCONNECTED @ https://www.google.com/recaptcha/enterprise/clr?k=6Lf3d9UsAAAAAILBqo6A909pmhyvtYmDoxaKtfMV:0
[135378882ms] [ERROR] Failed to load resource: net::ERR_INTERNET_DISCONNECTED @ https://www.google.com/recaptcha/enterprise/clr?k=6Lf3d9UsAAAAAILBqo6A909pmhyvtYmDoxaKtfMV:0
[135378899ms] [ERROR] Failed to load resource: net::ERR_INTERNET_DISCONNECTED @ https://www.google.com/recaptcha/enterprise/clr?k=6Lf3d9UsAAAAAILBqo6A909pmhyvtYmDoxaKtfMV:0
[135378906ms] [ERROR] Failed to load resource: net::ERR_INTERNET_DISCONNECTED @ https://www.google.com/recaptcha/enterprise/clr?k=6Lf3d9UsAAAAAILBqo6A909pmhyvtYmDoxaKtfMV:0
[135389892ms] [WARNING] [2026-09-02T21:14:31.706Z]  @firebase/auth: Auth (12.6.0): Error while retrieving App Check token: FirebaseError: AppCheck: ReCAPTCHA error. (appCheck/recaptcha-error). @ https://outrun.co.il/_next/static/chunks/2532-16f59635ee5a761a.js:14
[135389899ms] [ERROR] Failed to load resource: net::ERR_INTERNET_DISCONNECTED @ https://securetoken.googleapis.com/v1/token?key=AIzaSyCezG55zVQEZWCEs-lHzx_yQldg-Ej2X60:0
[135389899ms] [ERROR] Failed to load resource: net::ERR_INTERNET_DISCONNECTED @ https://www.google.com/recaptcha/enterprise/clr?k=6Lf3d9UsAAAAAILBqo6A909pmhyvtYmDoxaKtfMV:0
[135389906ms] [ERROR] Failed to load resource: net::ERR_INTERNET_DISCONNECTED @ https://www.google.com/recaptcha/enterprise/clr?k=6Lf3d9UsAAAAAILBqo6A909pmhyvtYmDoxaKtfMV:0
[135389914ms] [ERROR] Failed to load resource: net::ERR_INTERNET_DISCONNECTED @ https://www.google.com/recaptcha/enterprise/clr?k=6Lf3d9UsAAAAAILBqo6A909pmhyvtYmDoxaKtfMV:0
[135389922ms] [ERROR] Failed to load resource: net::ERR_INTERNET_DISCONNECTED @ https://www.google.com/recaptcha/enterprise/clr?k=6Lf3d9UsAAAAAILBqo6A909pmhyvtYmDoxaKtfMV:0
[135443210ms] [WARNING] [2026-09-02T21:15:25.024Z]  @firebase/auth: Auth (12.6.0): Error while retrieving App Check token: FirebaseError: AppCheck: ReCAPTCHA error. (appCheck/recaptcha-error). @ https://outrun.co.il/_next/static/chunks/2532-16f59635ee5a761a.js:14
[135443229ms] [ERROR] Failed to load resource: net::ERR_INTERNET_DISCONNECTED @ https://securetoken.googleapis.com/v1/token?key=AIzaSyCezG55zVQEZWCEs-lHzx_yQldg-Ej2X60:0
[135443233ms] [ERROR] Failed to load resource: net::ERR_INTERNET_DISCONNECTED @ https://www.google.com/recaptcha/enterprise/clr?k=6Lf3d9UsAAAAAILBqo6A909pmhyvtYmDoxaKtfMV:0
[135443262ms] [ERROR] Failed to load resource: net::ERR_INTERNET_DISCONNECTED @ https://www.google.com/recaptcha/enterprise/clr?k=6Lf3d9UsAAAAAILBqo6A909pmhyvtYmDoxaKtfMV:0
[135443281ms] [ERROR] Failed to load resource: net::ERR_INTERNET_DISCONNECTED @ https://www.google.com/recaptcha/enterprise/clr?k=6Lf3d9UsAAAAAILBqo6A909pmhyvtYmDoxaKtfMV:0
[135443290ms] [ERROR] Failed to load resource: net::ERR_INTERNET_DISCONNECTED @ https://www.google.com/recaptcha/enterprise/clr?k=6Lf3d9UsAAAAAILBqo6A909pmhyvtYmDoxaKtfMV:0
[135523855ms] [WARNING] [2026-09-02T21:16:45.669Z]  @firebase/auth: Auth (12.6.0): Error while retrieving App Check token: FirebaseError: AppCheck: ReCAPTCHA error. (appCheck/recaptcha-error). @ https://outrun.co.il/_next/static/chunks/2532-16f59635ee5a761a.js:14
[135523869ms] [ERROR] Failed to load resource: net::ERR_INTERNET_DISCONNECTED @ https://securetoken.googleapis.com/v1/token?key=AIzaSyCezG55zVQEZWCEs-lHzx_yQldg-Ej2X60:0
[135523871ms] [ERROR] Failed to load resource: net::ERR_INTERNET_DISCONNECTED @ https://www.google.com/recaptcha/enterprise/clr?k=6Lf3d9UsAAAAAILBqo6A909pmhyvtYmDoxaKtfMV:0
[135523877ms] [ERROR] Failed to load resource: net::ERR_INTERNET_DISCONNECTED @ https://www.google.com/recaptcha/enterprise/clr?k=6Lf3d9UsAAAAAILBqo6A909pmhyvtYmDoxaKtfMV:0
[135523883ms] [ERROR] Failed to load resource: net::ERR_INTERNET_DISCONNECTED @ https://www.google.com/recaptcha/enterprise/clr?k=6Lf3d9UsAAAAAILBqo6A909pmhyvtYmDoxaKtfMV:0
[135523895ms] [ERROR] Failed to load resource: net::ERR_INTERNET_DISCONNECTED @ https://www.google.com/recaptcha/enterprise/clr?k=6Lf3d9UsAAAAAILBqo6A909pmhyvtYmDoxaKtfMV:0
[135604127ms] [WARNING] [2026-09-02T21:18:05.941Z]  @firebase/auth: Auth (12.6.0): Error while retrieving App Check token: FirebaseError: AppCheck: ReCAPTCHA error. (appCheck/recaptcha-error). @ https://outrun.co.il/_next/static/chunks/2532-16f59635ee5a761a.js:14
[135604140ms] [ERROR] Failed to load resource: net::ERR_INTERNET_DISCONNECTED @ https://securetoken.googleapis.com/v1/token?key=AIzaSyCezG55zVQEZWCEs-lHzx_yQldg-Ej2X60:0
[135604143ms] [ERROR] Failed to load resource: net::ERR_INTERNET_DISCONNECTED @ https://www.google.com/recaptcha/enterprise/clr?k=6Lf3d9UsAAAAAILBqo6A909pmhyvtYmDoxaKtfMV:0
[135604175ms] [ERROR] Failed to load resource: net::ERR_INTERNET_DISCONNECTED @ https://www.google.com/recaptcha/enterprise/clr?k=6Lf3d9UsAAAAAILBqo6A909pmhyvtYmDoxaKtfMV:0
[135604184ms] [ERROR] Failed to load resource: net::ERR_INTERNET_DISCONNECTED @ https://www.google.com/recaptcha/enterprise/clr?k=6Lf3d9UsAAAAAILBqo6A909pmhyvtYmDoxaKtfMV:0
[135604191ms] [ERROR] Failed to load resource: net::ERR_INTERNET_DISCONNECTED @ https://www.google.com/recaptcha/enterprise/clr?k=6Lf3d9UsAAAAAILBqo6A909pmhyvtYmDoxaKtfMV:0
[135637264ms] [WARNING] [2026-09-02T21:18:39.078Z]  @firebase/auth: Auth (12.6.0): Error while retrieving App Check token: FirebaseError: AppCheck: ReCAPTCHA error. (appCheck/recaptcha-error). @ https://outrun.co.il/_next/static/chunks/2532-16f59635ee5a761a.js:14
[135637273ms] [ERROR] Failed to load resource: net::ERR_INTERNET_DISCONNECTED @ https://securetoken.googleapis.com/v1/token?key=AIzaSyCezG55zVQEZWCEs-lHzx_yQldg-Ej2X60:0
[135637276ms] [ERROR] Failed to load resource: net::ERR_INTERNET_DISCONNECTED @ https://www.google.com/recaptcha/enterprise/clr?k=6Lf3d9UsAAAAAILBqo6A909pmhyvtYmDoxaKtfMV:0
[135637288ms] [ERROR] Failed to load resource: net::ERR_INTERNET_DISCONNECTED @ https://www.google.com/recaptcha/enterprise/clr?k=6Lf3d9UsAAAAAILBqo6A909pmhyvtYmDoxaKtfMV:0
[135637295ms] [ERROR] Failed to load resource: net::ERR_INTERNET_DISCONNECTED @ https://www.google.com/recaptcha/enterprise/clr?k=6Lf3d9UsAAAAAILBqo6A909pmhyvtYmDoxaKtfMV:0
[135637321ms] [ERROR] Failed to load resource: net::ERR_INTERNET_DISCONNECTED @ https://www.google.com/recaptcha/enterprise/clr?k=6Lf3d9UsAAAAAILBqo6A909pmhyvtYmDoxaKtfMV:0
[135662148ms] [ERROR] Failed to load resource: net::ERR_INTERNET_DISCONNECTED @ https://www.google.com/recaptcha/enterprise/clr?k=6Lf3d9UsAAAAAILBqo6A909pmhyvtYmDoxaKtfMV:0
[135662151ms] [ERROR] Failed to load resource: net::ERR_INTERNET_DISCONNECTED @ https://www.google.com/recaptcha/enterprise/clr?k=6Lf3d9UsAAAAAILBqo6A909pmhyvtYmDoxaKtfMV:0
[135662153ms] [ERROR] Failed to load resource: net::ERR_INTERNET_DISCONNECTED @ https://www.google.com/recaptcha/enterprise/clr?k=6Lf3d9UsAAAAAILBqo6A909pmhyvtYmDoxaKtfMV:0
[135662159ms] [ERROR] Failed to load resource: net::ERR_INTERNET_DISCONNECTED @ https://www.google.com/recaptcha/enterprise/clr?k=6Lf3d9UsAAAAAILBqo6A909pmhyvtYmDoxaKtfMV:0
[135668821ms] [WARNING] [2026-09-02T21:19:10.636Z]  @firebase/auth: Auth (12.6.0): Error while retrieving App Check token: FirebaseError: AppCheck: ReCAPTCHA error. (appCheck/recaptcha-error). @ https://outrun.co.il/_next/static/chunks/2532-16f59635ee5a761a.js:14
[135668826ms] [ERROR] Failed to load resource: net::ERR_INTERNET_DISCONNECTED @ https://securetoken.googleapis.com/v1/token?key=AIzaSyCezG55zVQEZWCEs-lHzx_yQldg-Ej2X60:0
[135668826ms] [ERROR] Failed to load resource: net::ERR_INTERNET_DISCONNECTED @ https://www.google.com/recaptcha/enterprise/clr?k=6Lf3d9UsAAAAAILBqo6A909pmhyvtYmDoxaKtfMV:0
[135668833ms] [ERROR] Failed to load resource: net::ERR_INTERNET_DISCONNECTED @ https://www.google.com/recaptcha/enterprise/clr?k=6Lf3d9UsAAAAAILBqo6A909pmhyvtYmDoxaKtfMV:0
[135668836ms] [ERROR] Failed to load resource: net::ERR_INTERNET_DISCONNECTED @ https://www.google.com/recaptcha/enterprise/clr?k=6Lf3d9UsAAAAAILBqo6A909pmhyvtYmDoxaKtfMV:0
[135668840ms] [ERROR] Failed to load resource: net::ERR_INTERNET_DISCONNECTED @ https://www.google.com/recaptcha/enterprise/clr?k=6Lf3d9UsAAAAAILBqo6A909pmhyvtYmDoxaKtfMV:0
[135689615ms] [WARNING] [2026-09-02T21:19:31.429Z]  @firebase/auth: Auth (12.6.0): Error while retrieving App Check token: FirebaseError: AppCheck: ReCAPTCHA error. (appCheck/recaptcha-error). @ https://outrun.co.il/_next/static/chunks/2532-16f59635ee5a761a.js:14
[135689622ms] [ERROR] Failed to load resource: net::ERR_INTERNET_DISCONNECTED @ https://securetoken.googleapis.com/v1/token?key=AIzaSyCezG55zVQEZWCEs-lHzx_yQldg-Ej2X60:0
[135689622ms] [WARNING] [AdminSessionSync] Refresh failed: FirebaseError: Firebase: Error (auth/network-request-failed).
    at _ (https://outrun.co.il/_next/static/chunks/ebf8faf4-4b21e6e1cecfd8ac.js:1:2449)
    at d (https://outrun.co.il/_next/static/chunks/ebf8faf4-4b21e6e1cecfd8ac.js:1:1774)
    at O (https://outrun.co.il/_next/static/chunks/ebf8faf4-4b21e6e1cecfd8ac.js:1:8154)
    at async et (https://outrun.co.il/_next/static/chunks/ebf8faf4-4b21e6e1cecfd8ac.js:1:13604)
    at async er.refresh (https://outrun.co.il/_next/static/chunks/ebf8faf4-4b21e6e1cecfd8ac.js:1:15036)
    at async er.getToken (https://outrun.co.il/_next/static/chunks/ebf8faf4-4b21e6e1cecfd8ac.js:1:14848)
    at async B (https://outrun.co.il/_next/static/chunks/ebf8faf4-4b21e6e1cecfd8ac.js:1:11368)
    at async es.getIdToken (https://outrun.co.il/_next/static/chunks/ebf8faf4-4b21e6e1cecfd8ac.js:1:16560)
    at async https://outrun.co.il/_next/static/chunks/app/admin/layout-19dbfc67bfe16a74.js:1:4522 @ https://outrun.co.il/_next/static/chunks/app/admin/layout-19dbfc67bfe16a74.js:0
[135689625ms] [ERROR] Failed to load resource: net::ERR_INTERNET_DISCONNECTED @ https://www.google.com/recaptcha/enterprise/clr?k=6Lf3d9UsAAAAAILBqo6A909pmhyvtYmDoxaKtfMV:0
[135689631ms] [ERROR] Failed to load resource: net::ERR_INTERNET_DISCONNECTED @ https://www.google.com/recaptcha/enterprise/clr?k=6Lf3d9UsAAAAAILBqo6A909pmhyvtYmDoxaKtfMV:0
[135689636ms] [ERROR] Failed to load resource: net::ERR_INTERNET_DISCONNECTED @ https://www.google.com/recaptcha/enterprise/clr?k=6Lf3d9UsAAAAAILBqo6A909pmhyvtYmDoxaKtfMV:0
[135689640ms] [ERROR] Failed to load resource: net::ERR_INTERNET_DISCONNECTED @ https://www.google.com/recaptcha/enterprise/clr?k=6Lf3d9UsAAAAAILBqo6A909pmhyvtYmDoxaKtfMV:0
[135716500ms] [WARNING] [2026-09-02T21:19:58.314Z]  @firebase/auth: Auth (12.6.0): Error while retrieving App Check token: FirebaseError: AppCheck: ReCAPTCHA error. (appCheck/recaptcha-error). @ https://outrun.co.il/_next/static/chunks/2532-16f59635ee5a761a.js:14
[135716504ms] [ERROR] Failed to load resource: net::ERR_INTERNET_DISCONNECTED @ https://www.google.com/recaptcha/enterprise/clr?k=6Lf3d9UsAAAAAILBqo6A909pmhyvtYmDoxaKtfMV:0
[135716505ms] [ERROR] Failed to load resource: net::ERR_INTERNET_DISCONNECTED @ https://securetoken.googleapis.com/v1/token?key=AIzaSyCezG55zVQEZWCEs-lHzx_yQldg-Ej2X60:0
[135716507ms] [ERROR] Failed to load resource: net::ERR_INTERNET_DISCONNECTED @ https://www.google.com/recaptcha/enterprise/clr?k=6Lf3d9UsAAAAAILBqo6A909pmhyvtYmDoxaKtfMV:0
[135716511ms] [ERROR] Failed to load resource: net::ERR_INTERNET_DISCONNECTED @ https://www.google.com/recaptcha/enterprise/clr?k=6Lf3d9UsAAAAAILBqo6A909pmhyvtYmDoxaKtfMV:0
[135716519ms] [ERROR] Failed to load resource: net::ERR_INTERNET_DISCONNECTED @ https://www.google.com/recaptcha/enterprise/clr?k=6Lf3d9UsAAAAAILBqo6A909pmhyvtYmDoxaKtfMV:0
[135793259ms] [WARNING] [2026-09-02T21:21:15.072Z]  @firebase/auth: Auth (12.6.0): Error while retrieving App Check token: FirebaseError: AppCheck: ReCAPTCHA error. (appCheck/recaptcha-error). @ https://outrun.co.il/_next/static/chunks/2532-16f59635ee5a761a.js:14
[135793269ms] [ERROR] Failed to load resource: net::ERR_INTERNET_DISCONNECTED @ https://securetoken.googleapis.com/v1/token?key=AIzaSyCezG55zVQEZWCEs-lHzx_yQldg-Ej2X60:0
[135793270ms] [ERROR] Failed to load resource: net::ERR_INTERNET_DISCONNECTED @ https://www.google.com/recaptcha/enterprise/clr?k=6Lf3d9UsAAAAAILBqo6A909pmhyvtYmDoxaKtfMV:0
[135793279ms] [ERROR] Failed to load resource: net::ERR_INTERNET_DISCONNECTED @ https://www.google.com/recaptcha/enterprise/clr?k=6Lf3d9UsAAAAAILBqo6A909pmhyvtYmDoxaKtfMV:0
[135793290ms] [ERROR] Failed to load resource: net::ERR_INTERNET_DISCONNECTED @ https://www.google.com/recaptcha/enterprise/clr?k=6Lf3d9UsAAAAAILBqo6A909pmhyvtYmDoxaKtfMV:0
[135793301ms] [ERROR] Failed to load resource: net::ERR_INTERNET_DISCONNECTED @ https://www.google.com/recaptcha/enterprise/clr?k=6Lf3d9UsAAAAAILBqo6A909pmhyvtYmDoxaKtfMV:0
[135835443ms] [WARNING] [2026-09-02T21:21:57.257Z]  @firebase/auth: Auth (12.6.0): Error while retrieving App Check token: FirebaseError: AppCheck: ReCAPTCHA error. (appCheck/recaptcha-error). @ https://outrun.co.il/_next/static/chunks/2532-16f59635ee5a761a.js:14
[135835451ms] [ERROR] Failed to load resource: net::ERR_INTERNET_DISCONNECTED @ https://securetoken.googleapis.com/v1/token?key=AIzaSyCezG55zVQEZWCEs-lHzx_yQldg-Ej2X60:0
[135835454ms] [ERROR] Failed to load resource: net::ERR_INTERNET_DISCONNECTED @ https://www.google.com/recaptcha/enterprise/clr?k=6Lf3d9UsAAAAAILBqo6A909pmhyvtYmDoxaKtfMV:0
[135835457ms] [ERROR] Failed to load resource: net::ERR_INTERNET_DISCONNECTED @ https://www.google.com/recaptcha/enterprise/clr?k=6Lf3d9UsAAAAAILBqo6A909pmhyvtYmDoxaKtfMV:0
[135835460ms] [ERROR] Failed to load resource: net::ERR_INTERNET_DISCONNECTED @ https://www.google.com/recaptcha/enterprise/clr?k=6Lf3d9UsAAAAAILBqo6A909pmhyvtYmDoxaKtfMV:0
[135835471ms] [ERROR] Failed to load resource: net::ERR_INTERNET_DISCONNECTED @ https://www.google.com/recaptcha/enterprise/clr?k=6Lf3d9UsAAAAAILBqo6A909pmhyvtYmDoxaKtfMV:0
[135906712ms] [WARNING] [2026-09-02T21:23:08.526Z]  @firebase/auth: Auth (12.6.0): Error while retrieving App Check token: FirebaseError: AppCheck: ReCAPTCHA error. (appCheck/recaptcha-error). @ https://outrun.co.il/_next/static/chunks/2532-16f59635ee5a761a.js:14
[135906717ms] [ERROR] Failed to load resource: net::ERR_INTERNET_DISCONNECTED @ https://securetoken.googleapis.com/v1/token?key=AIzaSyCezG55zVQEZWCEs-lHzx_yQldg-Ej2X60:0
[135906719ms] [ERROR] Failed to load resource: net::ERR_INTERNET_DISCONNECTED @ https://www.google.com/recaptcha/enterprise/clr?k=6Lf3d9UsAAAAAILBqo6A909pmhyvtYmDoxaKtfMV:0
[135906720ms] [ERROR] Failed to load resource: net::ERR_INTERNET_DISCONNECTED @ https://www.google.com/recaptcha/enterprise/clr?k=6Lf3d9UsAAAAAILBqo6A909pmhyvtYmDoxaKtfMV:0
[135906722ms] [ERROR] Failed to load resource: net::ERR_INTERNET_DISCONNECTED @ https://www.google.com/recaptcha/enterprise/clr?k=6Lf3d9UsAAAAAILBqo6A909pmhyvtYmDoxaKtfMV:0
[135906724ms] [ERROR] Failed to load resource: net::ERR_INTERNET_DISCONNECTED @ https://www.google.com/recaptcha/enterprise/clr?k=6Lf3d9UsAAAAAILBqo6A909pmhyvtYmDoxaKtfMV:0
[135950316ms] [WARNING] [2026-09-02T21:23:52.130Z]  @firebase/auth: Auth (12.6.0): Error while retrieving App Check token: FirebaseError: AppCheck: ReCAPTCHA error. (appCheck/recaptcha-error). @ https://outrun.co.il/_next/static/chunks/2532-16f59635ee5a761a.js:14
[135950318ms] [ERROR] Failed to load resource: net::ERR_INTERNET_DISCONNECTED @ https://securetoken.googleapis.com/v1/token?key=AIzaSyCezG55zVQEZWCEs-lHzx_yQldg-Ej2X60:0
[135950319ms] [ERROR] Failed to load resource: net::ERR_INTERNET_DISCONNECTED @ https://www.google.com/recaptcha/enterprise/clr?k=6Lf3d9UsAAAAAILBqo6A909pmhyvtYmDoxaKtfMV:0
[135950321ms] [ERROR] Failed to load resource: net::ERR_INTERNET_DISCONNECTED @ https://www.google.com/recaptcha/enterprise/clr?k=6Lf3d9UsAAAAAILBqo6A909pmhyvtYmDoxaKtfMV:0
[135950323ms] [ERROR] Failed to load resource: net::ERR_INTERNET_DISCONNECTED @ https://www.google.com/recaptcha/enterprise/clr?k=6Lf3d9UsAAAAAILBqo6A909pmhyvtYmDoxaKtfMV:0
[135950325ms] [ERROR] Failed to load resource: net::ERR_INTERNET_DISCONNECTED @ https://www.google.com/recaptcha/enterprise/clr?k=6Lf3d9UsAAAAAILBqo6A909pmhyvtYmDoxaKtfMV:0
[135995832ms] [WARNING] [2026-09-02T21:24:37.647Z]  @firebase/auth: Auth (12.6.0): Error while retrieving App Check token: FirebaseError: AppCheck: ReCAPTCHA error. (appCheck/recaptcha-error). @ https://outrun.co.il/_next/static/chunks/2532-16f59635ee5a761a.js:14
[135995838ms] [ERROR] Failed to load resource: net::ERR_INTERNET_DISCONNECTED @ https://securetoken.googleapis.com/v1/token?key=AIzaSyCezG55zVQEZWCEs-lHzx_yQldg-Ej2X60:0
[135995840ms] [ERROR] Failed to load resource: net::ERR_INTERNET_DISCONNECTED @ https://www.google.com/recaptcha/enterprise/clr?k=6Lf3d9UsAAAAAILBqo6A909pmhyvtYmDoxaKtfMV:0
[135995842ms] [ERROR] Failed to load resource: net::ERR_INTERNET_DISCONNECTED @ https://www.google.com/recaptcha/enterprise/clr?k=6Lf3d9UsAAAAAILBqo6A909pmhyvtYmDoxaKtfMV:0
[135995844ms] [ERROR] Failed to load resource: net::ERR_INTERNET_DISCONNECTED @ https://www.google.com/recaptcha/enterprise/clr?k=6Lf3d9UsAAAAAILBqo6A909pmhyvtYmDoxaKtfMV:0
[135995846ms] [ERROR] Failed to load resource: net::ERR_INTERNET_DISCONNECTED @ https://www.google.com/recaptcha/enterprise/clr?k=6Lf3d9UsAAAAAILBqo6A909pmhyvtYmDoxaKtfMV:0
[136047235ms] [WARNING] [2026-09-02T21:25:29.049Z]  @firebase/auth: Auth (12.6.0): Error while retrieving App Check token: FirebaseError: AppCheck: ReCAPTCHA error. (appCheck/recaptcha-error). @ https://outrun.co.il/_next/static/chunks/2532-16f59635ee5a761a.js:14
[136047237ms] [ERROR] Failed to load resource: net::ERR_INTERNET_DISCONNECTED @ https://securetoken.googleapis.com/v1/token?key=AIzaSyCezG55zVQEZWCEs-lHzx_yQldg-Ej2X60:0
[136047238ms] [ERROR] Failed to load resource: net::ERR_INTERNET_DISCONNECTED @ https://www.google.com/recaptcha/enterprise/clr?k=6Lf3d9UsAAAAAILBqo6A909pmhyvtYmDoxaKtfMV:0
[136047239ms] [ERROR] Failed to load resource: net::ERR_INTERNET_DISCONNECTED @ https://www.google.com/recaptcha/enterprise/clr?k=6Lf3d9UsAAAAAILBqo6A909pmhyvtYmDoxaKtfMV:0
[136047241ms] [ERROR] Failed to load resource: net::ERR_INTERNET_DISCONNECTED @ https://www.google.com/recaptcha/enterprise/clr?k=6Lf3d9UsAAAAAILBqo6A909pmhyvtYmDoxaKtfMV:0
[136047242ms] [ERROR] Failed to load resource: net::ERR_INTERNET_DISCONNECTED @ https://www.google.com/recaptcha/enterprise/clr?k=6Lf3d9UsAAAAAILBqo6A909pmhyvtYmDoxaKtfMV:0
[136113797ms] [WARNING] [2026-09-02T21:26:35.612Z]  @firebase/auth: Auth (12.6.0): Error while retrieving App Check token: FirebaseError: AppCheck: ReCAPTCHA error. (appCheck/recaptcha-error). @ https://outrun.co.il/_next/static/chunks/2532-16f59635ee5a761a.js:14
[136113803ms] [ERROR] Failed to load resource: net::ERR_INTERNET_DISCONNECTED @ https://securetoken.googleapis.com/v1/token?key=AIzaSyCezG55zVQEZWCEs-lHzx_yQldg-Ej2X60:0
[136113805ms] [ERROR] Failed to load resource: net::ERR_INTERNET_DISCONNECTED @ https://www.google.com/recaptcha/enterprise/clr?k=6Lf3d9UsAAAAAILBqo6A909pmhyvtYmDoxaKtfMV:0
[136113810ms] [ERROR] Failed to load resource: net::ERR_INTERNET_DISCONNECTED @ https://www.google.com/recaptcha/enterprise/clr?k=6Lf3d9UsAAAAAILBqo6A909pmhyvtYmDoxaKtfMV:0
[136113813ms] [ERROR] Failed to load resource: net::ERR_INTERNET_DISCONNECTED @ https://www.google.com/recaptcha/enterprise/clr?k=6Lf3d9UsAAAAAILBqo6A909pmhyvtYmDoxaKtfMV:0
[136113817ms] [ERROR] Failed to load resource: net::ERR_INTERNET_DISCONNECTED @ https://www.google.com/recaptcha/enterprise/clr?k=6Lf3d9UsAAAAAILBqo6A909pmhyvtYmDoxaKtfMV:0
[136150257ms] [WARNING] [2026-09-02T21:27:12.071Z]  @firebase/auth: Auth (12.6.0): Error while retrieving App Check token: FirebaseError: AppCheck: ReCAPTCHA error. (appCheck/recaptcha-error). @ https://outrun.co.il/_next/static/chunks/2532-16f59635ee5a761a.js:14
[136150262ms] [ERROR] Failed to load resource: net::ERR_INTERNET_DISCONNECTED @ https://www.google.com/recaptcha/enterprise/clr?k=6Lf3d9UsAAAAAILBqo6A909pmhyvtYmDoxaKtfMV:0
[136150262ms] [ERROR] Failed to load resource: net::ERR_INTERNET_DISCONNECTED @ https://securetoken.googleapis.com/v1/token?key=AIzaSyCezG55zVQEZWCEs-lHzx_yQldg-Ej2X60:0
[136150265ms] [ERROR] Failed to load resource: net::ERR_INTERNET_DISCONNECTED @ https://www.google.com/recaptcha/enterprise/clr?k=6Lf3d9UsAAAAAILBqo6A909pmhyvtYmDoxaKtfMV:0
[136150270ms] [ERROR] Failed to load resource: net::ERR_INTERNET_DISCONNECTED @ https://www.google.com/recaptcha/enterprise/clr?k=6Lf3d9UsAAAAAILBqo6A909pmhyvtYmDoxaKtfMV:0
[136150278ms] [ERROR] Failed to load resource: net::ERR_INTERNET_DISCONNECTED @ https://www.google.com/recaptcha/enterprise/clr?k=6Lf3d9UsAAAAAILBqo6A909pmhyvtYmDoxaKtfMV:0
[136237898ms] [WARNING] [2026-09-02T21:28:39.713Z]  @firebase/auth: Auth (12.6.0): Error while retrieving App Check token: FirebaseError: AppCheck: ReCAPTCHA error. (appCheck/recaptcha-error). @ https://outrun.co.il/_next/static/chunks/2532-16f59635ee5a761a.js:14
[136237904ms] [ERROR] Failed to load resource: net::ERR_INTERNET_DISCONNECTED @ https://securetoken.googleapis.com/v1/token?key=AIzaSyCezG55zVQEZWCEs-lHzx_yQldg-Ej2X60:0
[136237905ms] [ERROR] Failed to load resource: net::ERR_INTERNET_DISCONNECTED @ https://www.google.com/recaptcha/enterprise/clr?k=6Lf3d9UsAAAAAILBqo6A909pmhyvtYmDoxaKtfMV:0
[136237907ms] [ERROR] Failed to load resource: net::ERR_INTERNET_DISCONNECTED @ https://www.google.com/recaptcha/enterprise/clr?k=6Lf3d9UsAAAAAILBqo6A909pmhyvtYmDoxaKtfMV:0
[136237909ms] [ERROR] Failed to load resource: net::ERR_INTERNET_DISCONNECTED @ https://www.google.com/recaptcha/enterprise/clr?k=6Lf3d9UsAAAAAILBqo6A909pmhyvtYmDoxaKtfMV:0
[136237911ms] [ERROR] Failed to load resource: net::ERR_INTERNET_DISCONNECTED @ https://www.google.com/recaptcha/enterprise/clr?k=6Lf3d9UsAAAAAILBqo6A909pmhyvtYmDoxaKtfMV:0
[136310721ms] [WARNING] [2026-09-02T21:29:52.536Z]  @firebase/auth: Auth (12.6.0): Error while retrieving App Check token: FirebaseError: AppCheck: ReCAPTCHA error. (appCheck/recaptcha-error). @ https://outrun.co.il/_next/static/chunks/2532-16f59635ee5a761a.js:14
[136310725ms] [ERROR] Failed to load resource: net::ERR_INTERNET_DISCONNECTED @ https://securetoken.googleapis.com/v1/token?key=AIzaSyCezG55zVQEZWCEs-lHzx_yQldg-Ej2X60:0
[136310725ms] [ERROR] Failed to load resource: net::ERR_INTERNET_DISCONNECTED @ https://www.google.com/recaptcha/enterprise/clr?k=6Lf3d9UsAAAAAILBqo6A909pmhyvtYmDoxaKtfMV:0
[136310727ms] [ERROR] Failed to load resource: net::ERR_INTERNET_DISCONNECTED @ https://www.google.com/recaptcha/enterprise/clr?k=6Lf3d9UsAAAAAILBqo6A909pmhyvtYmDoxaKtfMV:0
[136310728ms] [ERROR] Failed to load resource: net::ERR_INTERNET_DISCONNECTED @ https://www.google.com/recaptcha/enterprise/clr?k=6Lf3d9UsAAAAAILBqo6A909pmhyvtYmDoxaKtfMV:0
[136310730ms] [ERROR] Failed to load resource: net::ERR_INTERNET_DISCONNECTED @ https://www.google.com/recaptcha/enterprise/clr?k=6Lf3d9UsAAAAAILBqo6A909pmhyvtYmDoxaKtfMV:0
[136349913ms] [WARNING] [2026-09-02T21:30:31.727Z]  @firebase/auth: Auth (12.6.0): Error while retrieving App Check token: FirebaseError: AppCheck: ReCAPTCHA error. (appCheck/recaptcha-error). @ https://outrun.co.il/_next/static/chunks/2532-16f59635ee5a761a.js:14
[136349919ms] [ERROR] Failed to load resource: net::ERR_INTERNET_DISCONNECTED @ https://securetoken.googleapis.com/v1/token?key=AIzaSyCezG55zVQEZWCEs-lHzx_yQldg-Ej2X60:0
[136349920ms] [ERROR] Failed to load resource: net::ERR_INTERNET_DISCONNECTED @ https://www.google.com/recaptcha/enterprise/clr?k=6Lf3d9UsAAAAAILBqo6A909pmhyvtYmDoxaKtfMV:0
[136349922ms] [ERROR] Failed to load resource: net::ERR_INTERNET_DISCONNECTED @ https://www.google.com/recaptcha/enterprise/clr?k=6Lf3d9UsAAAAAILBqo6A909pmhyvtYmDoxaKtfMV:0
[136349924ms] [ERROR] Failed to load resource: net::ERR_INTERNET_DISCONNECTED @ https://www.google.com/recaptcha/enterprise/clr?k=6Lf3d9UsAAAAAILBqo6A909pmhyvtYmDoxaKtfMV:0
[136349926ms] [ERROR] Failed to load resource: net::ERR_INTERNET_DISCONNECTED @ https://www.google.com/recaptcha/enterprise/clr?k=6Lf3d9UsAAAAAILBqo6A909pmhyvtYmDoxaKtfMV:0
[136366444ms] [WARNING] [2026-09-02T21:30:48.258Z]  @firebase/auth: Auth (12.6.0): Error while retrieving App Check token: FirebaseError: AppCheck: ReCAPTCHA error. (appCheck/recaptcha-error). @ https://outrun.co.il/_next/static/chunks/2532-16f59635ee5a761a.js:14
[136366447ms] [ERROR] Failed to load resource: net::ERR_INTERNET_DISCONNECTED @ https://securetoken.googleapis.com/v1/token?key=AIzaSyCezG55zVQEZWCEs-lHzx_yQldg-Ej2X60:0
[136366448ms] [ERROR] Failed to load resource: net::ERR_INTERNET_DISCONNECTED @ https://www.google.com/recaptcha/enterprise/clr?k=6Lf3d9UsAAAAAILBqo6A909pmhyvtYmDoxaKtfMV:0
[136366450ms] [ERROR] Failed to load resource: net::ERR_INTERNET_DISCONNECTED @ https://www.google.com/recaptcha/enterprise/clr?k=6Lf3d9UsAAAAAILBqo6A909pmhyvtYmDoxaKtfMV:0
[136366452ms] [ERROR] Failed to load resource: net::ERR_INTERNET_DISCONNECTED @ https://www.google.com/recaptcha/enterprise/clr?k=6Lf3d9UsAAAAAILBqo6A909pmhyvtYmDoxaKtfMV:0
[136366454ms] [ERROR] Failed to load resource: net::ERR_INTERNET_DISCONNECTED @ https://www.google.com/recaptcha/enterprise/clr?k=6Lf3d9UsAAAAAILBqo6A909pmhyvtYmDoxaKtfMV:0
[136433306ms] [WARNING] [2026-09-02T21:31:55.121Z]  @firebase/auth: Auth (12.6.0): Error while retrieving App Check token: FirebaseError: AppCheck: ReCAPTCHA error. (appCheck/recaptcha-error). @ https://outrun.co.il/_next/static/chunks/2532-16f59635ee5a761a.js:14
[136433311ms] [ERROR] Failed to load resource: net::ERR_INTERNET_DISCONNECTED @ https://securetoken.googleapis.com/v1/token?key=AIzaSyCezG55zVQEZWCEs-lHzx_yQldg-Ej2X60:0
[136433312ms] [ERROR] Failed to load resource: net::ERR_INTERNET_DISCONNECTED @ https://www.google.com/recaptcha/enterprise/clr?k=6Lf3d9UsAAAAAILBqo6A909pmhyvtYmDoxaKtfMV:0
[136433314ms] [ERROR] Failed to load resource: net::ERR_INTERNET_DISCONNECTED @ https://www.google.com/recaptcha/enterprise/clr?k=6Lf3d9UsAAAAAILBqo6A909pmhyvtYmDoxaKtfMV:0
[136433316ms] [ERROR] Failed to load resource: net::ERR_INTERNET_DISCONNECTED @ https://www.google.com/recaptcha/enterprise/clr?k=6Lf3d9UsAAAAAILBqo6A909pmhyvtYmDoxaKtfMV:0
[136433318ms] [ERROR] Failed to load resource: net::ERR_INTERNET_DISCONNECTED @ https://www.google.com/recaptcha/enterprise/clr?k=6Lf3d9UsAAAAAILBqo6A909pmhyvtYmDoxaKtfMV:0
[136468358ms] [WARNING] [2026-09-02T21:32:30.172Z]  @firebase/auth: Auth (12.6.0): Error while retrieving App Check token: FirebaseError: AppCheck: ReCAPTCHA error. (appCheck/recaptcha-error). @ https://outrun.co.il/_next/static/chunks/2532-16f59635ee5a761a.js:14
[136468362ms] [ERROR] Failed to load resource: net::ERR_INTERNET_DISCONNECTED @ https://securetoken.googleapis.com/v1/token?key=AIzaSyCezG55zVQEZWCEs-lHzx_yQldg-Ej2X60:0
[136468364ms] [ERROR] Failed to load resource: net::ERR_INTERNET_DISCONNECTED @ https://www.google.com/recaptcha/enterprise/clr?k=6Lf3d9UsAAAAAILBqo6A909pmhyvtYmDoxaKtfMV:0
[136468366ms] [ERROR] Failed to load resource: net::ERR_INTERNET_DISCONNECTED @ https://www.google.com/recaptcha/enterprise/clr?k=6Lf3d9UsAAAAAILBqo6A909pmhyvtYmDoxaKtfMV:0
[136468369ms] [ERROR] Failed to load resource: net::ERR_INTERNET_DISCONNECTED @ https://www.google.com/recaptcha/enterprise/clr?k=6Lf3d9UsAAAAAILBqo6A909pmhyvtYmDoxaKtfMV:0
[136468371ms] [ERROR] Failed to load resource: net::ERR_INTERNET_DISCONNECTED @ https://www.google.com/recaptcha/enterprise/clr?k=6Lf3d9UsAAAAAILBqo6A909pmhyvtYmDoxaKtfMV:0
[136549353ms] [WARNING] [2026-09-02T21:33:51.167Z]  @firebase/auth: Auth (12.6.0): Error while retrieving App Check token: FirebaseError: AppCheck: ReCAPTCHA error. (appCheck/recaptcha-error). @ https://outrun.co.il/_next/static/chunks/2532-16f59635ee5a761a.js:14
[136549359ms] [ERROR] Failed to load resource: net::ERR_INTERNET_DISCONNECTED @ https://securetoken.googleapis.com/v1/token?key=AIzaSyCezG55zVQEZWCEs-lHzx_yQldg-Ej2X60:0
[136549361ms] [ERROR] Failed to load resource: net::ERR_INTERNET_DISCONNECTED @ https://www.google.com/recaptcha/enterprise/clr?k=6Lf3d9UsAAAAAILBqo6A909pmhyvtYmDoxaKtfMV:0
[136549363ms] [ERROR] Failed to load resource: net::ERR_INTERNET_DISCONNECTED @ https://www.google.com/recaptcha/enterprise/clr?k=6Lf3d9UsAAAAAILBqo6A909pmhyvtYmDoxaKtfMV:0
[136549365ms] [ERROR] Failed to load resource: net::ERR_INTERNET_DISCONNECTED @ https://www.google.com/recaptcha/enterprise/clr?k=6Lf3d9UsAAAAAILBqo6A909pmhyvtYmDoxaKtfMV:0
[136549366ms] [ERROR] Failed to load resource: net::ERR_INTERNET_DISCONNECTED @ https://www.google.com/recaptcha/enterprise/clr?k=6Lf3d9UsAAAAAILBqo6A909pmhyvtYmDoxaKtfMV:0
[136610279ms] [WARNING] [2026-09-02T21:34:52.094Z]  @firebase/auth: Auth (12.6.0): Error while retrieving App Check token: FirebaseError: AppCheck: ReCAPTCHA error. (appCheck/recaptcha-error). @ https://outrun.co.il/_next/static/chunks/2532-16f59635ee5a761a.js:14
[136610282ms] [ERROR] Failed to load resource: net::ERR_INTERNET_DISCONNECTED @ https://securetoken.googleapis.com/v1/token?key=AIzaSyCezG55zVQEZWCEs-lHzx_yQldg-Ej2X60:0
[136610283ms] [ERROR] Failed to load resource: net::ERR_INTERNET_DISCONNECTED @ https://www.google.com/recaptcha/enterprise/clr?k=6Lf3d9UsAAAAAILBqo6A909pmhyvtYmDoxaKtfMV:0
[136610285ms] [ERROR] Failed to load resource: net::ERR_INTERNET_DISCONNECTED @ https://www.google.com/recaptcha/enterprise/clr?k=6Lf3d9UsAAAAAILBqo6A909pmhyvtYmDoxaKtfMV:0
[136610288ms] [ERROR] Failed to load resource: net::ERR_INTERNET_DISCONNECTED @ https://www.google.com/recaptcha/enterprise/clr?k=6Lf3d9UsAAAAAILBqo6A909pmhyvtYmDoxaKtfMV:0
[136610290ms] [ERROR] Failed to load resource: net::ERR_INTERNET_DISCONNECTED @ https://www.google.com/recaptcha/enterprise/clr?k=6Lf3d9UsAAAAAILBqo6A909pmhyvtYmDoxaKtfMV:0
[136622156ms] [ERROR] Failed to load resource: net::ERR_INTERNET_DISCONNECTED @ https://www.google.com/recaptcha/enterprise/clr?k=6Lf3d9UsAAAAAILBqo6A909pmhyvtYmDoxaKtfMV:0
[136622158ms] [ERROR] Failed to load resource: net::ERR_INTERNET_DISCONNECTED @ https://www.google.com/recaptcha/enterprise/clr?k=6Lf3d9UsAAAAAILBqo6A909pmhyvtYmDoxaKtfMV:0
[136622161ms] [ERROR] Failed to load resource: net::ERR_INTERNET_DISCONNECTED @ https://www.google.com/recaptcha/enterprise/clr?k=6Lf3d9UsAAAAAILBqo6A909pmhyvtYmDoxaKtfMV:0
[136622163ms] [ERROR] Failed to load resource: net::ERR_INTERNET_DISCONNECTED @ https://www.google.com/recaptcha/enterprise/clr?k=6Lf3d9UsAAAAAILBqo6A909pmhyvtYmDoxaKtfMV:0
[136673198ms] [WARNING] [2026-09-02T21:35:55.012Z]  @firebase/auth: Auth (12.6.0): Error while retrieving App Check token: FirebaseError: AppCheck: ReCAPTCHA error. (appCheck/recaptcha-error). @ https://outrun.co.il/_next/static/chunks/2532-16f59635ee5a761a.js:14
[136673202ms] [ERROR] Failed to load resource: net::ERR_INTERNET_DISCONNECTED @ https://securetoken.googleapis.com/v1/token?key=AIzaSyCezG55zVQEZWCEs-lHzx_yQldg-Ej2X60:0
[136673203ms] [ERROR] Failed to load resource: net::ERR_INTERNET_DISCONNECTED @ https://www.google.com/recaptcha/enterprise/clr?k=6Lf3d9UsAAAAAILBqo6A909pmhyvtYmDoxaKtfMV:0
[136673205ms] [ERROR] Failed to load resource: net::ERR_INTERNET_DISCONNECTED @ https://www.google.com/recaptcha/enterprise/clr?k=6Lf3d9UsAAAAAILBqo6A909pmhyvtYmDoxaKtfMV:0
[136673207ms] [ERROR] Failed to load resource: net::ERR_INTERNET_DISCONNECTED @ https://www.google.com/recaptcha/enterprise/clr?k=6Lf3d9UsAAAAAILBqo6A909pmhyvtYmDoxaKtfMV:0
[136673208ms] [ERROR] Failed to load resource: net::ERR_INTERNET_DISCONNECTED @ https://www.google.com/recaptcha/enterprise/clr?k=6Lf3d9UsAAAAAILBqo6A909pmhyvtYmDoxaKtfMV:0
[136760861ms] [WARNING] [2026-09-02T21:37:22.675Z]  @firebase/auth: Auth (12.6.0): Error while retrieving App Check token: FirebaseError: AppCheck: ReCAPTCHA error. (appCheck/recaptcha-error). @ https://outrun.co.il/_next/static/chunks/2532-16f59635ee5a761a.js:14
[136760869ms] [ERROR] Failed to load resource: net::ERR_INTERNET_DISCONNECTED @ https://securetoken.googleapis.com/v1/token?key=AIzaSyCezG55zVQEZWCEs-lHzx_yQldg-Ej2X60:0
[136760870ms] [ERROR] Failed to load resource: net::ERR_INTERNET_DISCONNECTED @ https://www.google.com/recaptcha/enterprise/clr?k=6Lf3d9UsAAAAAILBqo6A909pmhyvtYmDoxaKtfMV:0
[136760873ms] [ERROR] Failed to load resource: net::ERR_INTERNET_DISCONNECTED @ https://www.google.com/recaptcha/enterprise/clr?k=6Lf3d9UsAAAAAILBqo6A909pmhyvtYmDoxaKtfMV:0
[136760876ms] [ERROR] Failed to load resource: net::ERR_INTERNET_DISCONNECTED @ https://www.google.com/recaptcha/enterprise/clr?k=6Lf3d9UsAAAAAILBqo6A909pmhyvtYmDoxaKtfMV:0
[136760879ms] [ERROR] Failed to load resource: net::ERR_INTERNET_DISCONNECTED @ https://www.google.com/recaptcha/enterprise/clr?k=6Lf3d9UsAAAAAILBqo6A909pmhyvtYmDoxaKtfMV:0
[136820980ms] [WARNING] [2026-09-02T21:38:22.794Z]  @firebase/auth: Auth (12.6.0): Error while retrieving App Check token: FirebaseError: AppCheck: ReCAPTCHA error. (appCheck/recaptcha-error). @ https://outrun.co.il/_next/static/chunks/2532-16f59635ee5a761a.js:14
[136820983ms] [ERROR] Failed to load resource: net::ERR_INTERNET_DISCONNECTED @ https://www.google.com/recaptcha/enterprise/clr?k=6Lf3d9UsAAAAAILBqo6A909pmhyvtYmDoxaKtfMV:0
[136820984ms] [ERROR] Failed to load resource: net::ERR_INTERNET_DISCONNECTED @ https://securetoken.googleapis.com/v1/token?key=AIzaSyCezG55zVQEZWCEs-lHzx_yQldg-Ej2X60:0
[136820986ms] [ERROR] Failed to load resource: net::ERR_INTERNET_DISCONNECTED @ https://www.google.com/recaptcha/enterprise/clr?k=6Lf3d9UsAAAAAILBqo6A909pmhyvtYmDoxaKtfMV:0
[136820988ms] [ERROR] Failed to load resource: net::ERR_INTERNET_DISCONNECTED @ https://www.google.com/recaptcha/enterprise/clr?k=6Lf3d9UsAAAAAILBqo6A909pmhyvtYmDoxaKtfMV:0
[136820990ms] [ERROR] Failed to load resource: net::ERR_INTERNET_DISCONNECTED @ https://www.google.com/recaptcha/enterprise/clr?k=6Lf3d9UsAAAAAILBqo6A909pmhyvtYmDoxaKtfMV:0
[136859475ms] [WARNING] [2026-09-02T21:39:01.290Z]  @firebase/auth: Auth (12.6.0): Error while retrieving App Check token: FirebaseError: AppCheck: ReCAPTCHA error. (appCheck/recaptcha-error). @ https://outrun.co.il/_next/static/chunks/2532-16f59635ee5a761a.js:14
[136859478ms] [ERROR] Failed to load resource: net::ERR_INTERNET_DISCONNECTED @ https://securetoken.googleapis.com/v1/token?key=AIzaSyCezG55zVQEZWCEs-lHzx_yQldg-Ej2X60:0
[136859479ms] [ERROR] Failed to load resource: net::ERR_INTERNET_DISCONNECTED @ https://www.google.com/recaptcha/enterprise/clr?k=6Lf3d9UsAAAAAILBqo6A909pmhyvtYmDoxaKtfMV:0
[136859482ms] [ERROR] Failed to load resource: net::ERR_INTERNET_DISCONNECTED @ https://www.google.com/recaptcha/enterprise/clr?k=6Lf3d9UsAAAAAILBqo6A909pmhyvtYmDoxaKtfMV:0
[136859484ms] [ERROR] Failed to load resource: net::ERR_INTERNET_DISCONNECTED @ https://www.google.com/recaptcha/enterprise/clr?k=6Lf3d9UsAAAAAILBqo6A909pmhyvtYmDoxaKtfMV:0
[136859485ms] [ERROR] Failed to load resource: net::ERR_INTERNET_DISCONNECTED @ https://www.google.com/recaptcha/enterprise/clr?k=6Lf3d9UsAAAAAILBqo6A909pmhyvtYmDoxaKtfMV:0
[136921027ms] [WARNING] [2026-09-02T21:40:02.841Z]  @firebase/auth: Auth (12.6.0): Error while retrieving App Check token: FirebaseError: AppCheck: ReCAPTCHA error. (appCheck/recaptcha-error). @ https://outrun.co.il/_next/static/chunks/2532-16f59635ee5a761a.js:14
[136921030ms] [ERROR] Failed to load resource: net::ERR_INTERNET_DISCONNECTED @ https://securetoken.googleapis.com/v1/token?key=AIzaSyCezG55zVQEZWCEs-lHzx_yQldg-Ej2X60:0
[136921031ms] [ERROR] Failed to load resource: net::ERR_INTERNET_DISCONNECTED @ https://www.google.com/recaptcha/enterprise/clr?k=6Lf3d9UsAAAAAILBqo6A909pmhyvtYmDoxaKtfMV:0
[136921032ms] [ERROR] Failed to load resource: net::ERR_INTERNET_DISCONNECTED @ https://www.google.com/recaptcha/enterprise/clr?k=6Lf3d9UsAAAAAILBqo6A909pmhyvtYmDoxaKtfMV:0
[136921034ms] [ERROR] Failed to load resource: net::ERR_INTERNET_DISCONNECTED @ https://www.google.com/recaptcha/enterprise/clr?k=6Lf3d9UsAAAAAILBqo6A909pmhyvtYmDoxaKtfMV:0
[136921035ms] [ERROR] Failed to load resource: net::ERR_INTERNET_DISCONNECTED @ https://www.google.com/recaptcha/enterprise/clr?k=6Lf3d9UsAAAAAILBqo6A909pmhyvtYmDoxaKtfMV:0
[136973806ms] [WARNING] [2026-09-02T21:40:55.620Z]  @firebase/auth: Auth (12.6.0): Error while retrieving App Check token: FirebaseError: AppCheck: ReCAPTCHA error. (appCheck/recaptcha-error). @ https://outrun.co.il/_next/static/chunks/2532-16f59635ee5a761a.js:14
[136973809ms] [ERROR] Failed to load resource: net::ERR_INTERNET_DISCONNECTED @ https://securetoken.googleapis.com/v1/token?key=AIzaSyCezG55zVQEZWCEs-lHzx_yQldg-Ej2X60:0
[136973809ms] [ERROR] Failed to load resource: net::ERR_INTERNET_DISCONNECTED @ https://www.google.com/recaptcha/enterprise/clr?k=6Lf3d9UsAAAAAILBqo6A909pmhyvtYmDoxaKtfMV:0
[136973811ms] [ERROR] Failed to load resource: net::ERR_INTERNET_DISCONNECTED @ https://www.google.com/recaptcha/enterprise/clr?k=6Lf3d9UsAAAAAILBqo6A909pmhyvtYmDoxaKtfMV:0
[136973813ms] [ERROR] Failed to load resource: net::ERR_INTERNET_DISCONNECTED @ https://www.google.com/recaptcha/enterprise/clr?k=6Lf3d9UsAAAAAILBqo6A909pmhyvtYmDoxaKtfMV:0
[136973815ms] [ERROR] Failed to load resource: net::ERR_INTERNET_DISCONNECTED @ https://www.google.com/recaptcha/enterprise/clr?k=6Lf3d9UsAAAAAILBqo6A909pmhyvtYmDoxaKtfMV:0
[137048651ms] [WARNING] [2026-09-02T21:42:10.466Z]  @firebase/auth: Auth (12.6.0): Error while retrieving App Check token: FirebaseError: AppCheck: ReCAPTCHA error. (appCheck/recaptcha-error). @ https://outrun.co.il/_next/static/chunks/2532-16f59635ee5a761a.js:14
[137048655ms] [ERROR] Failed to load resource: net::ERR_INTERNET_DISCONNECTED @ https://securetoken.googleapis.com/v1/token?key=AIzaSyCezG55zVQEZWCEs-lHzx_yQldg-Ej2X60:0
[137048656ms] [ERROR] Failed to load resource: net::ERR_INTERNET_DISCONNECTED @ https://www.google.com/recaptcha/enterprise/clr?k=6Lf3d9UsAAAAAILBqo6A909pmhyvtYmDoxaKtfMV:0
[137048658ms] [ERROR] Failed to load resource: net::ERR_INTERNET_DISCONNECTED @ https://www.google.com/recaptcha/enterprise/clr?k=6Lf3d9UsAAAAAILBqo6A909pmhyvtYmDoxaKtfMV:0
[137048660ms] [ERROR] Failed to load resource: net::ERR_INTERNET_DISCONNECTED @ https://www.google.com/recaptcha/enterprise/clr?k=6Lf3d9UsAAAAAILBqo6A909pmhyvtYmDoxaKtfMV:0
[137048661ms] [ERROR] Failed to load resource: net::ERR_INTERNET_DISCONNECTED @ https://www.google.com/recaptcha/enterprise/clr?k=6Lf3d9UsAAAAAILBqo6A909pmhyvtYmDoxaKtfMV:0
[137087179ms] [WARNING] [2026-09-02T21:42:48.993Z]  @firebase/auth: Auth (12.6.0): Error while retrieving App Check token: FirebaseError: AppCheck: ReCAPTCHA error. (appCheck/recaptcha-error). @ https://outrun.co.il/_next/static/chunks/2532-16f59635ee5a761a.js:14
[137087183ms] [ERROR] Failed to load resource: net::ERR_INTERNET_DISCONNECTED @ https://www.google.com/recaptcha/enterprise/clr?k=6Lf3d9UsAAAAAILBqo6A909pmhyvtYmDoxaKtfMV:0
[137087183ms] [ERROR] Failed to load resource: net::ERR_INTERNET_DISCONNECTED @ https://securetoken.googleapis.com/v1/token?key=AIzaSyCezG55zVQEZWCEs-lHzx_yQldg-Ej2X60:0
[137087185ms] [ERROR] Failed to load resource: net::ERR_INTERNET_DISCONNECTED @ https://www.google.com/recaptcha/enterprise/clr?k=6Lf3d9UsAAAAAILBqo6A909pmhyvtYmDoxaKtfMV:0
[137087187ms] [ERROR] Failed to load resource: net::ERR_INTERNET_DISCONNECTED @ https://www.google.com/recaptcha/enterprise/clr?k=6Lf3d9UsAAAAAILBqo6A909pmhyvtYmDoxaKtfMV:0
[137087188ms] [ERROR] Failed to load resource: net::ERR_INTERNET_DISCONNECTED @ https://www.google.com/recaptcha/enterprise/clr?k=6Lf3d9UsAAAAAILBqo6A909pmhyvtYmDoxaKtfMV:0
[137175559ms] [WARNING] [2026-09-02T21:44:17.373Z]  @firebase/auth: Auth (12.6.0): Error while retrieving App Check token: FirebaseError: AppCheck: ReCAPTCHA error. (appCheck/recaptcha-error). @ https://outrun.co.il/_next/static/chunks/2532-16f59635ee5a761a.js:14
[137175564ms] [ERROR] Failed to load resource: net::ERR_INTERNET_DISCONNECTED @ https://securetoken.googleapis.com/v1/token?key=AIzaSyCezG55zVQEZWCEs-lHzx_yQldg-Ej2X60:0
[137175566ms] [ERROR] Failed to load resource: net::ERR_INTERNET_DISCONNECTED @ https://www.google.com/recaptcha/enterprise/clr?k=6Lf3d9UsAAAAAILBqo6A909pmhyvtYmDoxaKtfMV:0
[137175568ms] [ERROR] Failed to load resource: net::ERR_INTERNET_DISCONNECTED @ https://www.google.com/recaptcha/enterprise/clr?k=6Lf3d9UsAAAAAILBqo6A909pmhyvtYmDoxaKtfMV:0
[137175570ms] [ERROR] Failed to load resource: net::ERR_INTERNET_DISCONNECTED @ https://www.google.com/recaptcha/enterprise/clr?k=6Lf3d9UsAAAAAILBqo6A909pmhyvtYmDoxaKtfMV:0
[137175571ms] [ERROR] Failed to load resource: net::ERR_INTERNET_DISCONNECTED @ https://www.google.com/recaptcha/enterprise/clr?k=6Lf3d9UsAAAAAILBqo6A909pmhyvtYmDoxaKtfMV:0
[137256134ms] [WARNING] [2026-09-02T21:45:37.949Z]  @firebase/auth: Auth (12.6.0): Error while retrieving App Check token: FirebaseError: AppCheck: ReCAPTCHA error. (appCheck/recaptcha-error). @ https://outrun.co.il/_next/static/chunks/2532-16f59635ee5a761a.js:14
[137256140ms] [ERROR] Failed to load resource: net::ERR_INTERNET_DISCONNECTED @ https://securetoken.googleapis.com/v1/token?key=AIzaSyCezG55zVQEZWCEs-lHzx_yQldg-Ej2X60:0
[137256144ms] [ERROR] Failed to load resource: net::ERR_INTERNET_DISCONNECTED @ https://www.google.com/recaptcha/enterprise/clr?k=6Lf3d9UsAAAAAILBqo6A909pmhyvtYmDoxaKtfMV:0
[137256145ms] [ERROR] Failed to load resource: net::ERR_INTERNET_DISCONNECTED @ https://www.google.com/recaptcha/enterprise/clr?k=6Lf3d9UsAAAAAILBqo6A909pmhyvtYmDoxaKtfMV:0
[137256148ms] [ERROR] Failed to load resource: net::ERR_INTERNET_DISCONNECTED @ https://www.google.com/recaptcha/enterprise/clr?k=6Lf3d9UsAAAAAILBqo6A909pmhyvtYmDoxaKtfMV:0
[137256151ms] [ERROR] Failed to load resource: net::ERR_INTERNET_DISCONNECTED @ https://www.google.com/recaptcha/enterprise/clr?k=6Lf3d9UsAAAAAILBqo6A909pmhyvtYmDoxaKtfMV:0
[137295016ms] [WARNING] [2026-09-02T21:46:16.830Z]  @firebase/auth: Auth (12.6.0): Error while retrieving App Check token: FirebaseError: AppCheck: ReCAPTCHA error. (appCheck/recaptcha-error). @ https://outrun.co.il/_next/static/chunks/2532-16f59635ee5a761a.js:14
[137295019ms] [ERROR] Failed to load resource: net::ERR_INTERNET_DISCONNECTED @ https://securetoken.googleapis.com/v1/token?key=AIzaSyCezG55zVQEZWCEs-lHzx_yQldg-Ej2X60:0
[137295019ms] [ERROR] Failed to load resource: net::ERR_INTERNET_DISCONNECTED @ https://www.google.com/recaptcha/enterprise/clr?k=6Lf3d9UsAAAAAILBqo6A909pmhyvtYmDoxaKtfMV:0
[137295021ms] [ERROR] Failed to load resource: net::ERR_INTERNET_DISCONNECTED @ https://www.google.com/recaptcha/enterprise/clr?k=6Lf3d9UsAAAAAILBqo6A909pmhyvtYmDoxaKtfMV:0
[137295023ms] [ERROR] Failed to load resource: net::ERR_INTERNET_DISCONNECTED @ https://www.google.com/recaptcha/enterprise/clr?k=6Lf3d9UsAAAAAILBqo6A909pmhyvtYmDoxaKtfMV:0
[137295025ms] [ERROR] Failed to load resource: net::ERR_INTERNET_DISCONNECTED @ https://www.google.com/recaptcha/enterprise/clr?k=6Lf3d9UsAAAAAILBqo6A909pmhyvtYmDoxaKtfMV:0
[137309927ms] [WARNING] [2026-09-02T21:46:31.742Z]  @firebase/auth: Auth (12.6.0): Error while retrieving App Check token: FirebaseError: AppCheck: ReCAPTCHA error. (appCheck/recaptcha-error). @ https://outrun.co.il/_next/static/chunks/2532-16f59635ee5a761a.js:14
[137309931ms] [ERROR] Failed to load resource: net::ERR_INTERNET_DISCONNECTED @ https://www.google.com/recaptcha/enterprise/clr?k=6Lf3d9UsAAAAAILBqo6A909pmhyvtYmDoxaKtfMV:0
[137309931ms] [ERROR] Failed to load resource: net::ERR_INTERNET_DISCONNECTED @ https://securetoken.googleapis.com/v1/token?key=AIzaSyCezG55zVQEZWCEs-lHzx_yQldg-Ej2X60:0
[137309932ms] [ERROR] Failed to load resource: net::ERR_INTERNET_DISCONNECTED @ https://www.google.com/recaptcha/enterprise/clr?k=6Lf3d9UsAAAAAILBqo6A909pmhyvtYmDoxaKtfMV:0
[137309934ms] [ERROR] Failed to load resource: net::ERR_INTERNET_DISCONNECTED @ https://www.google.com/recaptcha/enterprise/clr?k=6Lf3d9UsAAAAAILBqo6A909pmhyvtYmDoxaKtfMV:0
[137309936ms] [ERROR] Failed to load resource: net::ERR_INTERNET_DISCONNECTED @ https://www.google.com/recaptcha/enterprise/clr?k=6Lf3d9UsAAAAAILBqo6A909pmhyvtYmDoxaKtfMV:0
[137343923ms] [WARNING] [2026-09-02T21:47:05.738Z]  @firebase/auth: Auth (12.6.0): Error while retrieving App Check token: FirebaseError: AppCheck: ReCAPTCHA error. (appCheck/recaptcha-error). @ https://outrun.co.il/_next/static/chunks/2532-16f59635ee5a761a.js:14
[137343927ms] [ERROR] Failed to load resource: net::ERR_INTERNET_DISCONNECTED @ https://securetoken.googleapis.com/v1/token?key=AIzaSyCezG55zVQEZWCEs-lHzx_yQldg-Ej2X60:0
[137343928ms] [ERROR] Failed to load resource: net::ERR_INTERNET_DISCONNECTED @ https://www.google.com/recaptcha/enterprise/clr?k=6Lf3d9UsAAAAAILBqo6A909pmhyvtYmDoxaKtfMV:0
[137343930ms] [ERROR] Failed to load resource: net::ERR_INTERNET_DISCONNECTED @ https://www.google.com/recaptcha/enterprise/clr?k=6Lf3d9UsAAAAAILBqo6A909pmhyvtYmDoxaKtfMV:0
[137343932ms] [ERROR] Failed to load resource: net::ERR_INTERNET_DISCONNECTED @ https://www.google.com/recaptcha/enterprise/clr?k=6Lf3d9UsAAAAAILBqo6A909pmhyvtYmDoxaKtfMV:0
[137343934ms] [ERROR] Failed to load resource: net::ERR_INTERNET_DISCONNECTED @ https://www.google.com/recaptcha/enterprise/clr?k=6Lf3d9UsAAAAAILBqo6A909pmhyvtYmDoxaKtfMV:0
[137375413ms] [WARNING] [2026-09-02T21:47:37.228Z]  @firebase/auth: Auth (12.6.0): Error while retrieving App Check token: FirebaseError: AppCheck: ReCAPTCHA error. (appCheck/recaptcha-error). @ https://outrun.co.il/_next/static/chunks/2532-16f59635ee5a761a.js:14
[137375420ms] [ERROR] Failed to load resource: net::ERR_INTERNET_DISCONNECTED @ https://securetoken.googleapis.com/v1/token?key=AIzaSyCezG55zVQEZWCEs-lHzx_yQldg-Ej2X60:0
[137375425ms] [ERROR] Failed to load resource: net::ERR_INTERNET_DISCONNECTED @ https://www.google.com/recaptcha/enterprise/clr?k=6Lf3d9UsAAAAAILBqo6A909pmhyvtYmDoxaKtfMV:0
[137375427ms] [ERROR] Failed to load resource: net::ERR_INTERNET_DISCONNECTED @ https://www.google.com/recaptcha/enterprise/clr?k=6Lf3d9UsAAAAAILBqo6A909pmhyvtYmDoxaKtfMV:0
[137375428ms] [ERROR] Failed to load resource: net::ERR_INTERNET_DISCONNECTED @ https://www.google.com/recaptcha/enterprise/clr?k=6Lf3d9UsAAAAAILBqo6A909pmhyvtYmDoxaKtfMV:0
[137375430ms] [ERROR] Failed to load resource: net::ERR_INTERNET_DISCONNECTED @ https://www.google.com/recaptcha/enterprise/clr?k=6Lf3d9UsAAAAAILBqo6A909pmhyvtYmDoxaKtfMV:0
[137412730ms] [WARNING] [2026-09-02T21:48:14.544Z]  @firebase/auth: Auth (12.6.0): Error while retrieving App Check token: FirebaseError: AppCheck: ReCAPTCHA error. (appCheck/recaptcha-error). @ https://outrun.co.il/_next/static/chunks/2532-16f59635ee5a761a.js:14
[137412733ms] [ERROR] Failed to load resource: net::ERR_INTERNET_DISCONNECTED @ https://securetoken.googleapis.com/v1/token?key=AIzaSyCezG55zVQEZWCEs-lHzx_yQldg-Ej2X60:0
[137412734ms] [ERROR] Failed to load resource: net::ERR_INTERNET_DISCONNECTED @ https://www.google.com/recaptcha/enterprise/clr?k=6Lf3d9UsAAAAAILBqo6A909pmhyvtYmDoxaKtfMV:0
[137412735ms] [ERROR] Failed to load resource: net::ERR_INTERNET_DISCONNECTED @ https://www.google.com/recaptcha/enterprise/clr?k=6Lf3d9UsAAAAAILBqo6A909pmhyvtYmDoxaKtfMV:0
[137412737ms] [ERROR] Failed to load resource: net::ERR_INTERNET_DISCONNECTED @ https://www.google.com/recaptcha/enterprise/clr?k=6Lf3d9UsAAAAAILBqo6A909pmhyvtYmDoxaKtfMV:0
[137412738ms] [ERROR] Failed to load resource: net::ERR_INTERNET_DISCONNECTED @ https://www.google.com/recaptcha/enterprise/clr?k=6Lf3d9UsAAAAAILBqo6A909pmhyvtYmDoxaKtfMV:0
[137481747ms] [WARNING] [2026-09-02T21:49:23.562Z]  @firebase/auth: Auth (12.6.0): Error while retrieving App Check token: FirebaseError: AppCheck: ReCAPTCHA error. (appCheck/recaptcha-error). @ https://outrun.co.il/_next/static/chunks/2532-16f59635ee5a761a.js:14
[137481751ms] [ERROR] Failed to load resource: net::ERR_INTERNET_DISCONNECTED @ https://securetoken.googleapis.com/v1/token?key=AIzaSyCezG55zVQEZWCEs-lHzx_yQldg-Ej2X60:0
[137481751ms] [ERROR] Failed to load resource: net::ERR_INTERNET_DISCONNECTED @ https://www.google.com/recaptcha/enterprise/clr?k=6Lf3d9UsAAAAAILBqo6A909pmhyvtYmDoxaKtfMV:0
[137481753ms] [ERROR] Failed to load resource: net::ERR_INTERNET_DISCONNECTED @ https://www.google.com/recaptcha/enterprise/clr?k=6Lf3d9UsAAAAAILBqo6A909pmhyvtYmDoxaKtfMV:0
[137481754ms] [ERROR] Failed to load resource: net::ERR_INTERNET_DISCONNECTED @ https://www.google.com/recaptcha/enterprise/clr?k=6Lf3d9UsAAAAAILBqo6A909pmhyvtYmDoxaKtfMV:0
[137481755ms] [ERROR] Failed to load resource: net::ERR_INTERNET_DISCONNECTED @ https://www.google.com/recaptcha/enterprise/clr?k=6Lf3d9UsAAAAAILBqo6A909pmhyvtYmDoxaKtfMV:0
[137567186ms] [WARNING] [2026-09-02T21:50:49.001Z]  @firebase/auth: Auth (12.6.0): Error while retrieving App Check token: FirebaseError: AppCheck: ReCAPTCHA error. (appCheck/recaptcha-error). @ https://outrun.co.il/_next/static/chunks/2532-16f59635ee5a761a.js:14
[137567191ms] [ERROR] Failed to load resource: net::ERR_INTERNET_DISCONNECTED @ https://securetoken.googleapis.com/v1/token?key=AIzaSyCezG55zVQEZWCEs-lHzx_yQldg-Ej2X60:0
[137567194ms] [ERROR] Failed to load resource: net::ERR_INTERNET_DISCONNECTED @ https://www.google.com/recaptcha/enterprise/clr?k=6Lf3d9UsAAAAAILBqo6A909pmhyvtYmDoxaKtfMV:0
[137567197ms] [ERROR] Failed to load resource: net::ERR_INTERNET_DISCONNECTED @ https://www.google.com/recaptcha/enterprise/clr?k=6Lf3d9UsAAAAAILBqo6A909pmhyvtYmDoxaKtfMV:0
[137567200ms] [ERROR] Failed to load resource: net::ERR_INTERNET_DISCONNECTED @ https://www.google.com/recaptcha/enterprise/clr?k=6Lf3d9UsAAAAAILBqo6A909pmhyvtYmDoxaKtfMV:0
[137567202ms] [ERROR] Failed to load resource: net::ERR_INTERNET_DISCONNECTED @ https://www.google.com/recaptcha/enterprise/clr?k=6Lf3d9UsAAAAAILBqo6A909pmhyvtYmDoxaKtfMV:0
[137582163ms] [ERROR] Failed to load resource: net::ERR_INTERNET_DISCONNECTED @ https://www.google.com/recaptcha/enterprise/clr?k=6Lf3d9UsAAAAAILBqo6A909pmhyvtYmDoxaKtfMV:0
[137582166ms] [ERROR] Failed to load resource: net::ERR_INTERNET_DISCONNECTED @ https://www.google.com/recaptcha/enterprise/clr?k=6Lf3d9UsAAAAAILBqo6A909pmhyvtYmDoxaKtfMV:0
[137582168ms] [ERROR] Failed to load resource: net::ERR_INTERNET_DISCONNECTED @ https://www.google.com/recaptcha/enterprise/clr?k=6Lf3d9UsAAAAAILBqo6A909pmhyvtYmDoxaKtfMV:0
[137582170ms] [ERROR] Failed to load resource: net::ERR_INTERNET_DISCONNECTED @ https://www.google.com/recaptcha/enterprise/clr?k=6Lf3d9UsAAAAAILBqo6A909pmhyvtYmDoxaKtfMV:0
[137648228ms] [WARNING] [2026-09-02T21:52:10.042Z]  @firebase/auth: Auth (12.6.0): Error while retrieving App Check token: FirebaseError: AppCheck: ReCAPTCHA error. (appCheck/recaptcha-error). @ https://outrun.co.il/_next/static/chunks/2532-16f59635ee5a761a.js:14
[137648232ms] [ERROR] Failed to load resource: net::ERR_INTERNET_DISCONNECTED @ https://securetoken.googleapis.com/v1/token?key=AIzaSyCezG55zVQEZWCEs-lHzx_yQldg-Ej2X60:0
[137648234ms] [ERROR] Failed to load resource: net::ERR_INTERNET_DISCONNECTED @ https://www.google.com/recaptcha/enterprise/clr?k=6Lf3d9UsAAAAAILBqo6A909pmhyvtYmDoxaKtfMV:0
[137648238ms] [ERROR] Failed to load resource: net::ERR_INTERNET_DISCONNECTED @ https://www.google.com/recaptcha/enterprise/clr?k=6Lf3d9UsAAAAAILBqo6A909pmhyvtYmDoxaKtfMV:0
[137648240ms] [ERROR] Failed to load resource: net::ERR_INTERNET_DISCONNECTED @ https://www.google.com/recaptcha/enterprise/clr?k=6Lf3d9UsAAAAAILBqo6A909pmhyvtYmDoxaKtfMV:0
[137648243ms] [ERROR] Failed to load resource: net::ERR_INTERNET_DISCONNECTED @ https://www.google.com/recaptcha/enterprise/clr?k=6Lf3d9UsAAAAAILBqo6A909pmhyvtYmDoxaKtfMV:0
[137694315ms] [WARNING] [2026-09-02T21:52:56.129Z]  @firebase/auth: Auth (12.6.0): Error while retrieving App Check token: FirebaseError: AppCheck: ReCAPTCHA error. (appCheck/recaptcha-error). @ https://outrun.co.il/_next/static/chunks/2532-16f59635ee5a761a.js:14
[137694318ms] [ERROR] Failed to load resource: net::ERR_INTERNET_DISCONNECTED @ https://securetoken.googleapis.com/v1/token?key=AIzaSyCezG55zVQEZWCEs-lHzx_yQldg-Ej2X60:0
[137694318ms] [ERROR] Failed to load resource: net::ERR_INTERNET_DISCONNECTED @ https://www.google.com/recaptcha/enterprise/clr?k=6Lf3d9UsAAAAAILBqo6A909pmhyvtYmDoxaKtfMV:0
[137694320ms] [ERROR] Failed to load resource: net::ERR_INTERNET_DISCONNECTED @ https://www.google.com/recaptcha/enterprise/clr?k=6Lf3d9UsAAAAAILBqo6A909pmhyvtYmDoxaKtfMV:0
[137694321ms] [ERROR] Failed to load resource: net::ERR_INTERNET_DISCONNECTED @ https://www.google.com/recaptcha/enterprise/clr?k=6Lf3d9UsAAAAAILBqo6A909pmhyvtYmDoxaKtfMV:0
[137694323ms] [ERROR] Failed to load resource: net::ERR_INTERNET_DISCONNECTED @ https://www.google.com/recaptcha/enterprise/clr?k=6Lf3d9UsAAAAAILBqo6A909pmhyvtYmDoxaKtfMV:0
[137778935ms] [WARNING] [2026-09-02T21:54:20.749Z]  @firebase/auth: Auth (12.6.0): Error while retrieving App Check token: FirebaseError: AppCheck: ReCAPTCHA error. (appCheck/recaptcha-error). @ https://outrun.co.il/_next/static/chunks/2532-16f59635ee5a761a.js:14
[137778942ms] [ERROR] Failed to load resource: net::ERR_INTERNET_DISCONNECTED @ https://securetoken.googleapis.com/v1/token?key=AIzaSyCezG55zVQEZWCEs-lHzx_yQldg-Ej2X60:0
[137778943ms] [ERROR] Failed to load resource: net::ERR_INTERNET_DISCONNECTED @ https://www.google.com/recaptcha/enterprise/clr?k=6Lf3d9UsAAAAAILBqo6A909pmhyvtYmDoxaKtfMV:0
[137778944ms] [ERROR] Failed to load resource: net::ERR_INTERNET_DISCONNECTED @ https://www.google.com/recaptcha/enterprise/clr?k=6Lf3d9UsAAAAAILBqo6A909pmhyvtYmDoxaKtfMV:0
[137778946ms] [ERROR] Failed to load resource: net::ERR_INTERNET_DISCONNECTED @ https://www.google.com/recaptcha/enterprise/clr?k=6Lf3d9UsAAAAAILBqo6A909pmhyvtYmDoxaKtfMV:0
[137778947ms] [ERROR] Failed to load resource: net::ERR_INTERNET_DISCONNECTED @ https://www.google.com/recaptcha/enterprise/clr?k=6Lf3d9UsAAAAAILBqo6A909pmhyvtYmDoxaKtfMV:0
[137861473ms] [WARNING] [2026-09-02T21:55:43.288Z]  @firebase/auth: Auth (12.6.0): Error while retrieving App Check token: FirebaseError: AppCheck: ReCAPTCHA error. (appCheck/recaptcha-error). @ https://outrun.co.il/_next/static/chunks/2532-16f59635ee5a761a.js:14
[137861477ms] [ERROR] Failed to load resource: net::ERR_INTERNET_DISCONNECTED @ https://securetoken.googleapis.com/v1/token?key=AIzaSyCezG55zVQEZWCEs-lHzx_yQldg-Ej2X60:0
[137861477ms] [ERROR] Failed to load resource: net::ERR_INTERNET_DISCONNECTED @ https://www.google.com/recaptcha/enterprise/clr?k=6Lf3d9UsAAAAAILBqo6A909pmhyvtYmDoxaKtfMV:0
[137861479ms] [ERROR] Failed to load resource: net::ERR_INTERNET_DISCONNECTED @ https://www.google.com/recaptcha/enterprise/clr?k=6Lf3d9UsAAAAAILBqo6A909pmhyvtYmDoxaKtfMV:0
[137861481ms] [ERROR] Failed to load resource: net::ERR_INTERNET_DISCONNECTED @ https://www.google.com/recaptcha/enterprise/clr?k=6Lf3d9UsAAAAAILBqo6A909pmhyvtYmDoxaKtfMV:0
[137861483ms] [ERROR] Failed to load resource: net::ERR_INTERNET_DISCONNECTED @ https://www.google.com/recaptcha/enterprise/clr?k=6Lf3d9UsAAAAAILBqo6A909pmhyvtYmDoxaKtfMV:0
[137914677ms] [WARNING] [2026-09-02T21:56:36.491Z]  @firebase/auth: Auth (12.6.0): Error while retrieving App Check token: FirebaseError: AppCheck: ReCAPTCHA error. (appCheck/recaptcha-error). @ https://outrun.co.il/_next/static/chunks/2532-16f59635ee5a761a.js:14
[137914680ms] [ERROR] Failed to load resource: net::ERR_INTERNET_DISCONNECTED @ https://securetoken.googleapis.com/v1/token?key=AIzaSyCezG55zVQEZWCEs-lHzx_yQldg-Ej2X60:0
[137914680ms] [ERROR] Failed to load resource: net::ERR_INTERNET_DISCONNECTED @ https://www.google.com/recaptcha/enterprise/clr?k=6Lf3d9UsAAAAAILBqo6A909pmhyvtYmDoxaKtfMV:0
[137914681ms] [ERROR] Failed to load resource: net::ERR_INTERNET_DISCONNECTED @ https://www.google.com/recaptcha/enterprise/clr?k=6Lf3d9UsAAAAAILBqo6A909pmhyvtYmDoxaKtfMV:0
[137914683ms] [ERROR] Failed to load resource: net::ERR_INTERNET_DISCONNECTED @ https://www.google.com/recaptcha/enterprise/clr?k=6Lf3d9UsAAAAAILBqo6A909pmhyvtYmDoxaKtfMV:0
[137914684ms] [ERROR] Failed to load resource: net::ERR_INTERNET_DISCONNECTED @ https://www.google.com/recaptcha/enterprise/clr?k=6Lf3d9UsAAAAAILBqo6A909pmhyvtYmDoxaKtfMV:0
[137991879ms] [WARNING] [2026-09-02T21:57:53.693Z]  @firebase/auth: Auth (12.6.0): Error while retrieving App Check token: FirebaseError: AppCheck: ReCAPTCHA error. (appCheck/recaptcha-error). @ https://outrun.co.il/_next/static/chunks/2532-16f59635ee5a761a.js:14
[137991882ms] [ERROR] Failed to load resource: net::ERR_INTERNET_DISCONNECTED @ https://securetoken.googleapis.com/v1/token?key=AIzaSyCezG55zVQEZWCEs-lHzx_yQldg-Ej2X60:0
[137991882ms] [ERROR] Failed to load resource: net::ERR_INTERNET_DISCONNECTED @ https://www.google.com/recaptcha/enterprise/clr?k=6Lf3d9UsAAAAAILBqo6A909pmhyvtYmDoxaKtfMV:0
[137991884ms] [ERROR] Failed to load resource: net::ERR_INTERNET_DISCONNECTED @ https://www.google.com/recaptcha/enterprise/clr?k=6Lf3d9UsAAAAAILBqo6A909pmhyvtYmDoxaKtfMV:0
[137991886ms] [ERROR] Failed to load resource: net::ERR_INTERNET_DISCONNECTED @ https://www.google.com/recaptcha/enterprise/clr?k=6Lf3d9UsAAAAAILBqo6A909pmhyvtYmDoxaKtfMV:0
[137991887ms] [ERROR] Failed to load resource: net::ERR_INTERNET_DISCONNECTED @ https://www.google.com/recaptcha/enterprise/clr?k=6Lf3d9UsAAAAAILBqo6A909pmhyvtYmDoxaKtfMV:0
[138025520ms] [WARNING] [2026-09-02T21:58:27.334Z]  @firebase/auth: Auth (12.6.0): Error while retrieving App Check token: FirebaseError: AppCheck: ReCAPTCHA error. (appCheck/recaptcha-error). @ https://outrun.co.il/_next/static/chunks/2532-16f59635ee5a761a.js:14
[138025524ms] [ERROR] Failed to load resource: net::ERR_INTERNET_DISCONNECTED @ https://securetoken.googleapis.com/v1/token?key=AIzaSyCezG55zVQEZWCEs-lHzx_yQldg-Ej2X60:0
[138025525ms] [ERROR] Failed to load resource: net::ERR_INTERNET_DISCONNECTED @ https://www.google.com/recaptcha/enterprise/clr?k=6Lf3d9UsAAAAAILBqo6A909pmhyvtYmDoxaKtfMV:0
[138025527ms] [ERROR] Failed to load resource: net::ERR_INTERNET_DISCONNECTED @ https://www.google.com/recaptcha/enterprise/clr?k=6Lf3d9UsAAAAAILBqo6A909pmhyvtYmDoxaKtfMV:0
[138025529ms] [ERROR] Failed to load resource: net::ERR_INTERNET_DISCONNECTED @ https://www.google.com/recaptcha/enterprise/clr?k=6Lf3d9UsAAAAAILBqo6A909pmhyvtYmDoxaKtfMV:0
[138025530ms] [ERROR] Failed to load resource: net::ERR_INTERNET_DISCONNECTED @ https://www.google.com/recaptcha/enterprise/clr?k=6Lf3d9UsAAAAAILBqo6A909pmhyvtYmDoxaKtfMV:0
[138075772ms] [WARNING] [2026-09-02T21:59:17.586Z]  @firebase/auth: Auth (12.6.0): Error while retrieving App Check token: FirebaseError: AppCheck: ReCAPTCHA error. (appCheck/recaptcha-error). @ https://outrun.co.il/_next/static/chunks/2532-16f59635ee5a761a.js:14
[138075775ms] [ERROR] Failed to load resource: net::ERR_INTERNET_DISCONNECTED @ https://securetoken.googleapis.com/v1/token?key=AIzaSyCezG55zVQEZWCEs-lHzx_yQldg-Ej2X60:0
[138075775ms] [ERROR] Failed to load resource: net::ERR_INTERNET_DISCONNECTED @ https://www.google.com/recaptcha/enterprise/clr?k=6Lf3d9UsAAAAAILBqo6A909pmhyvtYmDoxaKtfMV:0
[138075777ms] [ERROR] Failed to load resource: net::ERR_INTERNET_DISCONNECTED @ https://www.google.com/recaptcha/enterprise/clr?k=6Lf3d9UsAAAAAILBqo6A909pmhyvtYmDoxaKtfMV:0
[138075778ms] [ERROR] Failed to load resource: net::ERR_INTERNET_DISCONNECTED @ https://www.google.com/recaptcha/enterprise/clr?k=6Lf3d9UsAAAAAILBqo6A909pmhyvtYmDoxaKtfMV:0
[138075780ms] [ERROR] Failed to load resource: net::ERR_INTERNET_DISCONNECTED @ https://www.google.com/recaptcha/enterprise/clr?k=6Lf3d9UsAAAAAILBqo6A909pmhyvtYmDoxaKtfMV:0
[138103447ms] [WARNING] [2026-09-02T21:59:45.262Z]  @firebase/auth: Auth (12.6.0): Error while retrieving App Check token: FirebaseError: AppCheck: ReCAPTCHA error. (appCheck/recaptcha-error). @ https://outrun.co.il/_next/static/chunks/2532-16f59635ee5a761a.js:14
[138103451ms] [ERROR] Failed to load resource: net::ERR_INTERNET_DISCONNECTED @ https://www.google.com/recaptcha/enterprise/clr?k=6Lf3d9UsAAAAAILBqo6A909pmhyvtYmDoxaKtfMV:0
[138103451ms] [ERROR] Failed to load resource: net::ERR_INTERNET_DISCONNECTED @ https://securetoken.googleapis.com/v1/token?key=AIzaSyCezG55zVQEZWCEs-lHzx_yQldg-Ej2X60:0
[138103452ms] [WARNING] [session] silent refresh failed: FirebaseError: Firebase: Error (auth/network-request-failed).
    at _ (https://outrun.co.il/_next/static/chunks/ebf8faf4-4b21e6e1cecfd8ac.js:1:2449)
    at d (https://outrun.co.il/_next/static/chunks/ebf8faf4-4b21e6e1cecfd8ac.js:1:1774)
    at O (https://outrun.co.il/_next/static/chunks/ebf8faf4-4b21e6e1cecfd8ac.js:1:8154)
    at async et (https://outrun.co.il/_next/static/chunks/ebf8faf4-4b21e6e1cecfd8ac.js:1:13604)
    at async er.refresh (https://outrun.co.il/_next/static/chunks/ebf8faf4-4b21e6e1cecfd8ac.js:1:15036)
    at async er.getToken (https://outrun.co.il/_next/static/chunks/ebf8faf4-4b21e6e1cecfd8ac.js:1:14848)
    at async B (https://outrun.co.il/_next/static/chunks/ebf8faf4-4b21e6e1cecfd8ac.js:1:11368)
    at async es.getIdToken (https://outrun.co.il/_next/static/chunks/ebf8faf4-4b21e6e1cecfd8ac.js:1:16560)
    at async https://outrun.co.il/_next/static/chunks/app/admin/layout-19dbfc67bfe16a74.js:1:7218 @ https://outrun.co.il/_next/static/chunks/app/admin/layout-19dbfc67bfe16a74.js:0
[138103453ms] [ERROR] Failed to load resource: net::ERR_INTERNET_DISCONNECTED @ https://www.google.com/recaptcha/enterprise/clr?k=6Lf3d9UsAAAAAILBqo6A909pmhyvtYmDoxaKtfMV:0
[138103455ms] [ERROR] Failed to load resource: net::ERR_INTERNET_DISCONNECTED @ https://www.google.com/recaptcha/enterprise/clr?k=6Lf3d9UsAAAAAILBqo6A909pmhyvtYmDoxaKtfMV:0
[138103457ms] [ERROR] Failed to load resource: net::ERR_INTERNET_DISCONNECTED @ https://www.google.com/recaptcha/enterprise/clr?k=6Lf3d9UsAAAAAILBqo6A909pmhyvtYmDoxaKtfMV:0
[138141170ms] [WARNING] [2026-09-02T22:00:22.984Z]  @firebase/auth: Auth (12.6.0): Error while retrieving App Check token: FirebaseError: AppCheck: ReCAPTCHA error. (appCheck/recaptcha-error). @ https://outrun.co.il/_next/static/chunks/2532-16f59635ee5a761a.js:14
[138141173ms] [ERROR] Failed to load resource: net::ERR_INTERNET_DISCONNECTED @ https://securetoken.googleapis.com/v1/token?key=AIzaSyCezG55zVQEZWCEs-lHzx_yQldg-Ej2X60:0
[138141173ms] [ERROR] Failed to load resource: net::ERR_INTERNET_DISCONNECTED @ https://www.google.com/recaptcha/enterprise/clr?k=6Lf3d9UsAAAAAILBqo6A909pmhyvtYmDoxaKtfMV:0
[138141175ms] [ERROR] Failed to load resource: net::ERR_INTERNET_DISCONNECTED @ https://www.google.com/recaptcha/enterprise/clr?k=6Lf3d9UsAAAAAILBqo6A909pmhyvtYmDoxaKtfMV:0
[138141177ms] [ERROR] Failed to load resource: net::ERR_INTERNET_DISCONNECTED @ https://www.google.com/recaptcha/enterprise/clr?k=6Lf3d9UsAAAAAILBqo6A909pmhyvtYmDoxaKtfMV:0
[138141178ms] [ERROR] Failed to load resource: net::ERR_INTERNET_DISCONNECTED @ https://www.google.com/recaptcha/enterprise/clr?k=6Lf3d9UsAAAAAILBqo6A909pmhyvtYmDoxaKtfMV:0
[138217653ms] [WARNING] [2026-09-02T22:01:39.467Z]  @firebase/auth: Auth (12.6.0): Error while retrieving App Check token: FirebaseError: AppCheck: ReCAPTCHA error. (appCheck/recaptcha-error). @ https://outrun.co.il/_next/static/chunks/2532-16f59635ee5a761a.js:14
[138217660ms] [ERROR] Failed to load resource: net::ERR_INTERNET_DISCONNECTED @ https://securetoken.googleapis.com/v1/token?key=AIzaSyCezG55zVQEZWCEs-lHzx_yQldg-Ej2X60:0
[138217662ms] [ERROR] Failed to load resource: net::ERR_INTERNET_DISCONNECTED @ https://www.google.com/recaptcha/enterprise/clr?k=6Lf3d9UsAAAAAILBqo6A909pmhyvtYmDoxaKtfMV:0
[138217664ms] [ERROR] Failed to load resource: net::ERR_INTERNET_DISCONNECTED @ https://www.google.com/recaptcha/enterprise/clr?k=6Lf3d9UsAAAAAILBqo6A909pmhyvtYmDoxaKtfMV:0
[138217665ms] [ERROR] Failed to load resource: net::ERR_INTERNET_DISCONNECTED @ https://www.google.com/recaptcha/enterprise/clr?k=6Lf3d9UsAAAAAILBqo6A909pmhyvtYmDoxaKtfMV:0
[138217667ms] [ERROR] Failed to load resource: net::ERR_INTERNET_DISCONNECTED @ https://www.google.com/recaptcha/enterprise/clr?k=6Lf3d9UsAAAAAILBqo6A909pmhyvtYmDoxaKtfMV:0
[138269942ms] [WARNING] [2026-09-02T22:02:31.757Z]  @firebase/auth: Auth (12.6.0): Error while retrieving App Check token: FirebaseError: AppCheck: ReCAPTCHA error. (appCheck/recaptcha-error). @ https://outrun.co.il/_next/static/chunks/2532-16f59635ee5a761a.js:14
[138269947ms] [ERROR] Failed to load resource: net::ERR_INTERNET_DISCONNECTED @ https://securetoken.googleapis.com/v1/token?key=AIzaSyCezG55zVQEZWCEs-lHzx_yQldg-Ej2X60:0
[138269948ms] [ERROR] Failed to load resource: net::ERR_INTERNET_DISCONNECTED @ https://www.google.com/recaptcha/enterprise/clr?k=6Lf3d9UsAAAAAILBqo6A909pmhyvtYmDoxaKtfMV:0
[138269950ms] [ERROR] Failed to load resource: net::ERR_INTERNET_DISCONNECTED @ https://www.google.com/recaptcha/enterprise/clr?k=6Lf3d9UsAAAAAILBqo6A909pmhyvtYmDoxaKtfMV:0
[138269952ms] [ERROR] Failed to load resource: net::ERR_INTERNET_DISCONNECTED @ https://www.google.com/recaptcha/enterprise/clr?k=6Lf3d9UsAAAAAILBqo6A909pmhyvtYmDoxaKtfMV:0
[138269953ms] [ERROR] Failed to load resource: net::ERR_INTERNET_DISCONNECTED @ https://www.google.com/recaptcha/enterprise/clr?k=6Lf3d9UsAAAAAILBqo6A909pmhyvtYmDoxaKtfMV:0
[138278316ms] [WARNING] [2026-09-02T22:02:40.131Z]  @firebase/auth: Auth (12.6.0): Error while retrieving App Check token: FirebaseError: AppCheck: ReCAPTCHA error. (appCheck/recaptcha-error). @ https://outrun.co.il/_next/static/chunks/2532-16f59635ee5a761a.js:14
[138278319ms] [ERROR] Failed to load resource: net::ERR_INTERNET_DISCONNECTED @ https://securetoken.googleapis.com/v1/token?key=AIzaSyCezG55zVQEZWCEs-lHzx_yQldg-Ej2X60:0
[138278320ms] [ERROR] Failed to load resource: net::ERR_INTERNET_DISCONNECTED @ https://www.google.com/recaptcha/enterprise/clr?k=6Lf3d9UsAAAAAILBqo6A909pmhyvtYmDoxaKtfMV:0
[138278322ms] [ERROR] Failed to load resource: net::ERR_INTERNET_DISCONNECTED @ https://www.google.com/recaptcha/enterprise/clr?k=6Lf3d9UsAAAAAILBqo6A909pmhyvtYmDoxaKtfMV:0
[138278324ms] [ERROR] Failed to load resource: net::ERR_INTERNET_DISCONNECTED @ https://www.google.com/recaptcha/enterprise/clr?k=6Lf3d9UsAAAAAILBqo6A909pmhyvtYmDoxaKtfMV:0
[138278325ms] [ERROR] Failed to load resource: net::ERR_INTERNET_DISCONNECTED @ https://www.google.com/recaptcha/enterprise/clr?k=6Lf3d9UsAAAAAILBqo6A909pmhyvtYmDoxaKtfMV:0
[138333852ms] [WARNING] [2026-09-02T22:03:35.666Z]  @firebase/auth: Auth (12.6.0): Error while retrieving App Check token: FirebaseError: AppCheck: ReCAPTCHA error. (appCheck/recaptcha-error). @ https://outrun.co.il/_next/static/chunks/2532-16f59635ee5a761a.js:14
[138333855ms] [ERROR] Failed to load resource: net::ERR_INTERNET_DISCONNECTED @ https://securetoken.googleapis.com/v1/token?key=AIzaSyCezG55zVQEZWCEs-lHzx_yQldg-Ej2X60:0
[138333856ms] [ERROR] Failed to load resource: net::ERR_INTERNET_DISCONNECTED @ https://www.google.com/recaptcha/enterprise/clr?k=6Lf3d9UsAAAAAILBqo6A909pmhyvtYmDoxaKtfMV:0
[138333858ms] [ERROR] Failed to load resource: net::ERR_INTERNET_DISCONNECTED @ https://www.google.com/recaptcha/enterprise/clr?k=6Lf3d9UsAAAAAILBqo6A909pmhyvtYmDoxaKtfMV:0
[138333859ms] [ERROR] Failed to load resource: net::ERR_INTERNET_DISCONNECTED @ https://www.google.com/recaptcha/enterprise/clr?k=6Lf3d9UsAAAAAILBqo6A909pmhyvtYmDoxaKtfMV:0
[138333861ms] [ERROR] Failed to load resource: net::ERR_INTERNET_DISCONNECTED @ https://www.google.com/recaptcha/enterprise/clr?k=6Lf3d9UsAAAAAILBqo6A909pmhyvtYmDoxaKtfMV:0
[138407099ms] [WARNING] [2026-09-02T22:04:48.914Z]  @firebase/auth: Auth (12.6.0): Error while retrieving App Check token: FirebaseError: AppCheck: ReCAPTCHA error. (appCheck/recaptcha-error). @ https://outrun.co.il/_next/static/chunks/2532-16f59635ee5a761a.js:14
[138407102ms] [ERROR] Failed to load resource: net::ERR_INTERNET_DISCONNECTED @ https://securetoken.googleapis.com/v1/token?key=AIzaSyCezG55zVQEZWCEs-lHzx_yQldg-Ej2X60:0
[138407104ms] [ERROR] Failed to load resource: net::ERR_INTERNET_DISCONNECTED @ https://www.google.com/recaptcha/enterprise/clr?k=6Lf3d9UsAAAAAILBqo6A909pmhyvtYmDoxaKtfMV:0
[138407105ms] [ERROR] Failed to load resource: net::ERR_INTERNET_DISCONNECTED @ https://www.google.com/recaptcha/enterprise/clr?k=6Lf3d9UsAAAAAILBqo6A909pmhyvtYmDoxaKtfMV:0
[138407108ms] [ERROR] Failed to load resource: net::ERR_INTERNET_DISCONNECTED @ https://www.google.com/recaptcha/enterprise/clr?k=6Lf3d9UsAAAAAILBqo6A909pmhyvtYmDoxaKtfMV:0
[138407110ms] [ERROR] Failed to load resource: net::ERR_INTERNET_DISCONNECTED @ https://www.google.com/recaptcha/enterprise/clr?k=6Lf3d9UsAAAAAILBqo6A909pmhyvtYmDoxaKtfMV:0
[138449215ms] [WARNING] [2026-09-02T22:05:31.029Z]  @firebase/auth: Auth (12.6.0): Error while retrieving App Check token: FirebaseError: AppCheck: ReCAPTCHA error. (appCheck/recaptcha-error). @ https://outrun.co.il/_next/static/chunks/2532-16f59635ee5a761a.js:14
[138449223ms] [ERROR] Failed to load resource: net::ERR_INTERNET_DISCONNECTED @ https://securetoken.googleapis.com/v1/token?key=AIzaSyCezG55zVQEZWCEs-lHzx_yQldg-Ej2X60:0
[138449223ms] [ERROR] Failed to load resource: net::ERR_INTERNET_DISCONNECTED @ https://www.google.com/recaptcha/enterprise/clr?k=6Lf3d9UsAAAAAILBqo6A909pmhyvtYmDoxaKtfMV:0
[138449226ms] [ERROR] Failed to load resource: net::ERR_INTERNET_DISCONNECTED @ https://www.google.com/recaptcha/enterprise/clr?k=6Lf3d9UsAAAAAILBqo6A909pmhyvtYmDoxaKtfMV:0
[138449228ms] [ERROR] Failed to load resource: net::ERR_INTERNET_DISCONNECTED @ https://www.google.com/recaptcha/enterprise/clr?k=6Lf3d9UsAAAAAILBqo6A909pmhyvtYmDoxaKtfMV:0
[138449230ms] [ERROR] Failed to load resource: net::ERR_INTERNET_DISCONNECTED @ https://www.google.com/recaptcha/enterprise/clr?k=6Lf3d9UsAAAAAILBqo6A909pmhyvtYmDoxaKtfMV:0
[138535722ms] [WARNING] [2026-09-02T22:06:57.536Z]  @firebase/auth: Auth (12.6.0): Error while retrieving App Check token: FirebaseError: AppCheck: ReCAPTCHA error. (appCheck/recaptcha-error). @ https://outrun.co.il/_next/static/chunks/2532-16f59635ee5a761a.js:14
[138535725ms] [ERROR] Failed to load resource: net::ERR_INTERNET_DISCONNECTED @ https://securetoken.googleapis.com/v1/token?key=AIzaSyCezG55zVQEZWCEs-lHzx_yQldg-Ej2X60:0
[138535727ms] [ERROR] Failed to load resource: net::ERR_INTERNET_DISCONNECTED @ https://www.google.com/recaptcha/enterprise/clr?k=6Lf3d9UsAAAAAILBqo6A909pmhyvtYmDoxaKtfMV:0
[138535729ms] [ERROR] Failed to load resource: net::ERR_INTERNET_DISCONNECTED @ https://www.google.com/recaptcha/enterprise/clr?k=6Lf3d9UsAAAAAILBqo6A909pmhyvtYmDoxaKtfMV:0
[138535731ms] [ERROR] Failed to load resource: net::ERR_INTERNET_DISCONNECTED @ https://www.google.com/recaptcha/enterprise/clr?k=6Lf3d9UsAAAAAILBqo6A909pmhyvtYmDoxaKtfMV:0
[138535733ms] [ERROR] Failed to load resource: net::ERR_INTERNET_DISCONNECTED @ https://www.google.com/recaptcha/enterprise/clr?k=6Lf3d9UsAAAAAILBqo6A909pmhyvtYmDoxaKtfMV:0
[138542171ms] [ERROR] Failed to load resource: net::ERR_INTERNET_DISCONNECTED @ https://www.google.com/recaptcha/enterprise/clr?k=6Lf3d9UsAAAAAILBqo6A909pmhyvtYmDoxaKtfMV:0
[138542173ms] [ERROR] Failed to load resource: net::ERR_INTERNET_DISCONNECTED @ https://www.google.com/recaptcha/enterprise/clr?k=6Lf3d9UsAAAAAILBqo6A909pmhyvtYmDoxaKtfMV:0
[138542175ms] [ERROR] Failed to load resource: net::ERR_INTERNET_DISCONNECTED @ https://www.google.com/recaptcha/enterprise/clr?k=6Lf3d9UsAAAAAILBqo6A909pmhyvtYmDoxaKtfMV:0
[138542177ms] [ERROR] Failed to load resource: net::ERR_INTERNET_DISCONNECTED @ https://www.google.com/recaptcha/enterprise/clr?k=6Lf3d9UsAAAAAILBqo6A909pmhyvtYmDoxaKtfMV:0
[138581420ms] [WARNING] [2026-09-02T22:07:43.235Z]  @firebase/auth: Auth (12.6.0): Error while retrieving App Check token: FirebaseError: AppCheck: ReCAPTCHA error. (appCheck/recaptcha-error). @ https://outrun.co.il/_next/static/chunks/2532-16f59635ee5a761a.js:14
[138581423ms] [ERROR] Failed to load resource: net::ERR_INTERNET_DISCONNECTED @ https://securetoken.googleapis.com/v1/token?key=AIzaSyCezG55zVQEZWCEs-lHzx_yQldg-Ej2X60:0
[138581425ms] [ERROR] Failed to load resource: net::ERR_INTERNET_DISCONNECTED @ https://www.google.com/recaptcha/enterprise/clr?k=6Lf3d9UsAAAAAILBqo6A909pmhyvtYmDoxaKtfMV:0
[138581427ms] [ERROR] Failed to load resource: net::ERR_INTERNET_DISCONNECTED @ https://www.google.com/recaptcha/enterprise/clr?k=6Lf3d9UsAAAAAILBqo6A909pmhyvtYmDoxaKtfMV:0
[138581428ms] [ERROR] Failed to load resource: net::ERR_INTERNET_DISCONNECTED @ https://www.google.com/recaptcha/enterprise/clr?k=6Lf3d9UsAAAAAILBqo6A909pmhyvtYmDoxaKtfMV:0
[138581430ms] [ERROR] Failed to load resource: net::ERR_INTERNET_DISCONNECTED @ https://www.google.com/recaptcha/enterprise/clr?k=6Lf3d9UsAAAAAILBqo6A909pmhyvtYmDoxaKtfMV:0
[138631531ms] [WARNING] [2026-09-02T22:08:33.346Z]  @firebase/auth: Auth (12.6.0): Error while retrieving App Check token: FirebaseError: AppCheck: ReCAPTCHA error. (appCheck/recaptcha-error). @ https://outrun.co.il/_next/static/chunks/2532-16f59635ee5a761a.js:14
[138631537ms] [ERROR] Failed to load resource: net::ERR_INTERNET_DISCONNECTED @ https://securetoken.googleapis.com/v1/token?key=AIzaSyCezG55zVQEZWCEs-lHzx_yQldg-Ej2X60:0
[138631539ms] [ERROR] Failed to load resource: net::ERR_INTERNET_DISCONNECTED @ https://www.google.com/recaptcha/enterprise/clr?k=6Lf3d9UsAAAAAILBqo6A909pmhyvtYmDoxaKtfMV:0
[138631541ms] [ERROR] Failed to load resource: net::ERR_INTERNET_DISCONNECTED @ https://www.google.com/recaptcha/enterprise/clr?k=6Lf3d9UsAAAAAILBqo6A909pmhyvtYmDoxaKtfMV:0
[138631543ms] [ERROR] Failed to load resource: net::ERR_INTERNET_DISCONNECTED @ https://www.google.com/recaptcha/enterprise/clr?k=6Lf3d9UsAAAAAILBqo6A909pmhyvtYmDoxaKtfMV:0
[138631545ms] [ERROR] Failed to load resource: net::ERR_INTERNET_DISCONNECTED @ https://www.google.com/recaptcha/enterprise/clr?k=6Lf3d9UsAAAAAILBqo6A909pmhyvtYmDoxaKtfMV:0
[138689629ms] [WARNING] [2026-09-02T22:09:31.443Z]  @firebase/auth: Auth (12.6.0): Error while retrieving App Check token: FirebaseError: AppCheck: ReCAPTCHA error. (appCheck/recaptcha-error). @ https://outrun.co.il/_next/static/chunks/2532-16f59635ee5a761a.js:14
[138689634ms] [ERROR] Failed to load resource: net::ERR_INTERNET_DISCONNECTED @ https://securetoken.googleapis.com/v1/token?key=AIzaSyCezG55zVQEZWCEs-lHzx_yQldg-Ej2X60:0
[138689634ms] [WARNING] [AdminSessionSync] Refresh failed: FirebaseError: Firebase: Error (auth/network-request-failed).
    at _ (https://outrun.co.il/_next/static/chunks/ebf8faf4-4b21e6e1cecfd8ac.js:1:2449)
    at d (https://outrun.co.il/_next/static/chunks/ebf8faf4-4b21e6e1cecfd8ac.js:1:1774)
    at O (https://outrun.co.il/_next/static/chunks/ebf8faf4-4b21e6e1cecfd8ac.js:1:8154)
    at async et (https://outrun.co.il/_next/static/chunks/ebf8faf4-4b21e6e1cecfd8ac.js:1:13604)
    at async er.refresh (https://outrun.co.il/_next/static/chunks/ebf8faf4-4b21e6e1cecfd8ac.js:1:15036)
    at async er.getToken (https://outrun.co.il/_next/static/chunks/ebf8faf4-4b21e6e1cecfd8ac.js:1:14848)
    at async B (https://outrun.co.il/_next/static/chunks/ebf8faf4-4b21e6e1cecfd8ac.js:1:11368)
    at async es.getIdToken (https://outrun.co.il/_next/static/chunks/ebf8faf4-4b21e6e1cecfd8ac.js:1:16560)
    at async https://outrun.co.il/_next/static/chunks/app/admin/layout-19dbfc67bfe16a74.js:1:4522 @ https://outrun.co.il/_next/static/chunks/app/admin/layout-19dbfc67bfe16a74.js:0
[138689635ms] [ERROR] Failed to load resource: net::ERR_INTERNET_DISCONNECTED @ https://www.google.com/recaptcha/enterprise/clr?k=6Lf3d9UsAAAAAILBqo6A909pmhyvtYmDoxaKtfMV:0
[138689637ms] [ERROR] Failed to load resource: net::ERR_INTERNET_DISCONNECTED @ https://www.google.com/recaptcha/enterprise/clr?k=6Lf3d9UsAAAAAILBqo6A909pmhyvtYmDoxaKtfMV:0
[138689639ms] [ERROR] Failed to load resource: net::ERR_INTERNET_DISCONNECTED @ https://www.google.com/recaptcha/enterprise/clr?k=6Lf3d9UsAAAAAILBqo6A909pmhyvtYmDoxaKtfMV:0
[138689640ms] [ERROR] Failed to load resource: net::ERR_INTERNET_DISCONNECTED @ https://www.google.com/recaptcha/enterprise/clr?k=6Lf3d9UsAAAAAILBqo6A909pmhyvtYmDoxaKtfMV:0
[138715017ms] [WARNING] [2026-09-02T22:09:56.832Z]  @firebase/auth: Auth (12.6.0): Error while retrieving App Check token: FirebaseError: AppCheck: ReCAPTCHA error. (appCheck/recaptcha-error). @ https://outrun.co.il/_next/static/chunks/2532-16f59635ee5a761a.js:14
[138715020ms] [ERROR] Failed to load resource: net::ERR_INTERNET_DISCONNECTED @ https://securetoken.googleapis.com/v1/token?key=AIzaSyCezG55zVQEZWCEs-lHzx_yQldg-Ej2X60:0
[138715021ms] [ERROR] Failed to load resource: net::ERR_INTERNET_DISCONNECTED @ https://www.google.com/recaptcha/enterprise/clr?k=6Lf3d9UsAAAAAILBqo6A909pmhyvtYmDoxaKtfMV:0
[138715022ms] [ERROR] Failed to load resource: net::ERR_INTERNET_DISCONNECTED @ https://www.google.com/recaptcha/enterprise/clr?k=6Lf3d9UsAAAAAILBqo6A909pmhyvtYmDoxaKtfMV:0
[138715024ms] [ERROR] Failed to load resource: net::ERR_INTERNET_DISCONNECTED @ https://www.google.com/recaptcha/enterprise/clr?k=6Lf3d9UsAAAAAILBqo6A909pmhyvtYmDoxaKtfMV:0
[138715026ms] [ERROR] Failed to load resource: net::ERR_INTERNET_DISCONNECTED @ https://www.google.com/recaptcha/enterprise/clr?k=6Lf3d9UsAAAAAILBqo6A909pmhyvtYmDoxaKtfMV:0
[138769144ms] [WARNING] [2026-09-02T22:10:50.959Z]  @firebase/auth: Auth (12.6.0): Error while retrieving App Check token: FirebaseError: AppCheck: ReCAPTCHA error. (appCheck/recaptcha-error). @ https://outrun.co.il/_next/static/chunks/2532-16f59635ee5a761a.js:14
[138769148ms] [ERROR] Failed to load resource: net::ERR_INTERNET_DISCONNECTED @ https://www.google.com/recaptcha/enterprise/clr?k=6Lf3d9UsAAAAAILBqo6A909pmhyvtYmDoxaKtfMV:0
[138769148ms] [ERROR] Failed to load resource: net::ERR_INTERNET_DISCONNECTED @ https://securetoken.googleapis.com/v1/token?key=AIzaSyCezG55zVQEZWCEs-lHzx_yQldg-Ej2X60:0
[138769149ms] [ERROR] Failed to load resource: net::ERR_INTERNET_DISCONNECTED @ https://www.google.com/recaptcha/enterprise/clr?k=6Lf3d9UsAAAAAILBqo6A909pmhyvtYmDoxaKtfMV:0
[138769151ms] [ERROR] Failed to load resource: net::ERR_INTERNET_DISCONNECTED @ https://www.google.com/recaptcha/enterprise/clr?k=6Lf3d9UsAAAAAILBqo6A909pmhyvtYmDoxaKtfMV:0
[138769153ms] [ERROR] Failed to load resource: net::ERR_INTERNET_DISCONNECTED @ https://www.google.com/recaptcha/enterprise/clr?k=6Lf3d9UsAAAAAILBqo6A909pmhyvtYmDoxaKtfMV:0
[138842410ms] [WARNING] [2026-09-02T22:12:04.225Z]  @firebase/auth: Auth (12.6.0): Error while retrieving App Check token: FirebaseError: AppCheck: ReCAPTCHA error. (appCheck/recaptcha-error). @ https://outrun.co.il/_next/static/chunks/2532-16f59635ee5a761a.js:14
[138842414ms] [ERROR] Failed to load resource: net::ERR_INTERNET_DISCONNECTED @ https://securetoken.googleapis.com/v1/token?key=AIzaSyCezG55zVQEZWCEs-lHzx_yQldg-Ej2X60:0
[138842416ms] [ERROR] Failed to load resource: net::ERR_INTERNET_DISCONNECTED @ https://www.google.com/recaptcha/enterprise/clr?k=6Lf3d9UsAAAAAILBqo6A909pmhyvtYmDoxaKtfMV:0
[138842417ms] [ERROR] Failed to load resource: net::ERR_INTERNET_DISCONNECTED @ https://www.google.com/recaptcha/enterprise/clr?k=6Lf3d9UsAAAAAILBqo6A909pmhyvtYmDoxaKtfMV:0
[138842419ms] [ERROR] Failed to load resource: net::ERR_INTERNET_DISCONNECTED @ https://www.google.com/recaptcha/enterprise/clr?k=6Lf3d9UsAAAAAILBqo6A909pmhyvtYmDoxaKtfMV:0
[138842421ms] [ERROR] Failed to load resource: net::ERR_INTERNET_DISCONNECTED @ https://www.google.com/recaptcha/enterprise/clr?k=6Lf3d9UsAAAAAILBqo6A909pmhyvtYmDoxaKtfMV:0
[138906020ms] [WARNING] [2026-09-02T22:13:07.835Z]  @firebase/auth: Auth (12.6.0): Error while retrieving App Check token: FirebaseError: AppCheck: ReCAPTCHA error. (appCheck/recaptcha-error). @ https://outrun.co.il/_next/static/chunks/2532-16f59635ee5a761a.js:14
[138906028ms] [ERROR] Failed to load resource: net::ERR_INTERNET_DISCONNECTED @ https://securetoken.googleapis.com/v1/token?key=AIzaSyCezG55zVQEZWCEs-lHzx_yQldg-Ej2X60:0
[138906031ms] [ERROR] Failed to load resource: net::ERR_INTERNET_DISCONNECTED @ https://www.google.com/recaptcha/enterprise/clr?k=6Lf3d9UsAAAAAILBqo6A909pmhyvtYmDoxaKtfMV:0
[138906034ms] [ERROR] Failed to load resource: net::ERR_INTERNET_DISCONNECTED @ https://www.google.com/recaptcha/enterprise/clr?k=6Lf3d9UsAAAAAILBqo6A909pmhyvtYmDoxaKtfMV:0
[138906036ms] [ERROR] Failed to load resource: net::ERR_INTERNET_DISCONNECTED @ https://www.google.com/recaptcha/enterprise/clr?k=6Lf3d9UsAAAAAILBqo6A909pmhyvtYmDoxaKtfMV:0
[138906039ms] [ERROR] Failed to load resource: net::ERR_INTERNET_DISCONNECTED @ https://www.google.com/recaptcha/enterprise/clr?k=6Lf3d9UsAAAAAILBqo6A909pmhyvtYmDoxaKtfMV:0
[138964395ms] [WARNING] [2026-09-02T22:14:06.210Z]  @firebase/auth: Auth (12.6.0): Error while retrieving App Check token: FirebaseError: AppCheck: ReCAPTCHA error. (appCheck/recaptcha-error). @ https://outrun.co.il/_next/static/chunks/2532-16f59635ee5a761a.js:14
[138964400ms] [ERROR] Failed to load resource: net::ERR_INTERNET_DISCONNECTED @ https://securetoken.googleapis.com/v1/token?key=AIzaSyCezG55zVQEZWCEs-lHzx_yQldg-Ej2X60:0
[138964401ms] [ERROR] Failed to load resource: net::ERR_INTERNET_DISCONNECTED @ https://www.google.com/recaptcha/enterprise/clr?k=6Lf3d9UsAAAAAILBqo6A909pmhyvtYmDoxaKtfMV:0
[138964402ms] [ERROR] Failed to load resource: net::ERR_INTERNET_DISCONNECTED @ https://www.google.com/recaptcha/enterprise/clr?k=6Lf3d9UsAAAAAILBqo6A909pmhyvtYmDoxaKtfMV:0
[138964404ms] [ERROR] Failed to load resource: net::ERR_INTERNET_DISCONNECTED @ https://www.google.com/recaptcha/enterprise/clr?k=6Lf3d9UsAAAAAILBqo6A909pmhyvtYmDoxaKtfMV:0
[138964406ms] [ERROR] Failed to load resource: net::ERR_INTERNET_DISCONNECTED @ https://www.google.com/recaptcha/enterprise/clr?k=6Lf3d9UsAAAAAILBqo6A909pmhyvtYmDoxaKtfMV:0
[139008349ms] [WARNING] [2026-09-02T22:14:50.163Z]  @firebase/auth: Auth (12.6.0): Error while retrieving App Check token: FirebaseError: AppCheck: ReCAPTCHA error. (appCheck/recaptcha-error). @ https://outrun.co.il/_next/static/chunks/2532-16f59635ee5a761a.js:14
[139008352ms] [ERROR] Failed to load resource: net::ERR_INTERNET_DISCONNECTED @ https://securetoken.googleapis.com/v1/token?key=AIzaSyCezG55zVQEZWCEs-lHzx_yQldg-Ej2X60:0
[139008352ms] [ERROR] Failed to load resource: net::ERR_INTERNET_DISCONNECTED @ https://www.google.com/recaptcha/enterprise/clr?k=6Lf3d9UsAAAAAILBqo6A909pmhyvtYmDoxaKtfMV:0
[139008354ms] [ERROR] Failed to load resource: net::ERR_INTERNET_DISCONNECTED @ https://www.google.com/recaptcha/enterprise/clr?k=6Lf3d9UsAAAAAILBqo6A909pmhyvtYmDoxaKtfMV:0
[139008356ms] [ERROR] Failed to load resource: net::ERR_INTERNET_DISCONNECTED @ https://www.google.com/recaptcha/enterprise/clr?k=6Lf3d9UsAAAAAILBqo6A909pmhyvtYmDoxaKtfMV:0
[139008358ms] [ERROR] Failed to load resource: net::ERR_INTERNET_DISCONNECTED @ https://www.google.com/recaptcha/enterprise/clr?k=6Lf3d9UsAAAAAILBqo6A909pmhyvtYmDoxaKtfMV:0
[139091115ms] [WARNING] [2026-09-02T22:16:12.929Z]  @firebase/auth: Auth (12.6.0): Error while retrieving App Check token: FirebaseError: AppCheck: ReCAPTCHA error. (appCheck/recaptcha-error). @ https://outrun.co.il/_next/static/chunks/2532-16f59635ee5a761a.js:14
[139091119ms] [ERROR] Failed to load resource: net::ERR_INTERNET_DISCONNECTED @ https://securetoken.googleapis.com/v1/token?key=AIzaSyCezG55zVQEZWCEs-lHzx_yQldg-Ej2X60:0
[139091121ms] [ERROR] Failed to load resource: net::ERR_INTERNET_DISCONNECTED @ https://www.google.com/recaptcha/enterprise/clr?k=6Lf3d9UsAAAAAILBqo6A909pmhyvtYmDoxaKtfMV:0
[139091123ms] [ERROR] Failed to load resource: net::ERR_INTERNET_DISCONNECTED @ https://www.google.com/recaptcha/enterprise/clr?k=6Lf3d9UsAAAAAILBqo6A909pmhyvtYmDoxaKtfMV:0
[139091125ms] [ERROR] Failed to load resource: net::ERR_INTERNET_DISCONNECTED @ https://www.google.com/recaptcha/enterprise/clr?k=6Lf3d9UsAAAAAILBqo6A909pmhyvtYmDoxaKtfMV:0
[139091126ms] [ERROR] Failed to load resource: net::ERR_INTERNET_DISCONNECTED @ https://www.google.com/recaptcha/enterprise/clr?k=6Lf3d9UsAAAAAILBqo6A909pmhyvtYmDoxaKtfMV:0
[139122866ms] [WARNING] [2026-09-02T22:16:44.680Z]  @firebase/auth: Auth (12.6.0): Error while retrieving App Check token: FirebaseError: AppCheck: ReCAPTCHA error. (appCheck/recaptcha-error). @ https://outrun.co.il/_next/static/chunks/2532-16f59635ee5a761a.js:14
[139122869ms] [ERROR] Failed to load resource: net::ERR_INTERNET_DISCONNECTED @ https://securetoken.googleapis.com/v1/token?key=AIzaSyCezG55zVQEZWCEs-lHzx_yQldg-Ej2X60:0
[139122870ms] [ERROR] Failed to load resource: net::ERR_INTERNET_DISCONNECTED @ https://www.google.com/recaptcha/enterprise/clr?k=6Lf3d9UsAAAAAILBqo6A909pmhyvtYmDoxaKtfMV:0
[139122873ms] [ERROR] Failed to load resource: net::ERR_INTERNET_DISCONNECTED @ https://www.google.com/recaptcha/enterprise/clr?k=6Lf3d9UsAAAAAILBqo6A909pmhyvtYmDoxaKtfMV:0
[139122875ms] [ERROR] Failed to load resource: net::ERR_INTERNET_DISCONNECTED @ https://www.google.com/recaptcha/enterprise/clr?k=6Lf3d9UsAAAAAILBqo6A909pmhyvtYmDoxaKtfMV:0
[139122876ms] [ERROR] Failed to load resource: net::ERR_INTERNET_DISCONNECTED @ https://www.google.com/recaptcha/enterprise/clr?k=6Lf3d9UsAAAAAILBqo6A909pmhyvtYmDoxaKtfMV:0
[139162976ms] [WARNING] [2026-09-02T22:17:24.791Z]  @firebase/auth: Auth (12.6.0): Error while retrieving App Check token: FirebaseError: AppCheck: ReCAPTCHA error. (appCheck/recaptcha-error). @ https://outrun.co.il/_next/static/chunks/2532-16f59635ee5a761a.js:14
[139162982ms] [ERROR] Failed to load resource: net::ERR_INTERNET_DISCONNECTED @ https://securetoken.googleapis.com/v1/token?key=AIzaSyCezG55zVQEZWCEs-lHzx_yQldg-Ej2X60:0
[139162984ms] [ERROR] Failed to load resource: net::ERR_INTERNET_DISCONNECTED @ https://www.google.com/recaptcha/enterprise/clr?k=6Lf3d9UsAAAAAILBqo6A909pmhyvtYmDoxaKtfMV:0
[139162987ms] [ERROR] Failed to load resource: net::ERR_INTERNET_DISCONNECTED @ https://www.google.com/recaptcha/enterprise/clr?k=6Lf3d9UsAAAAAILBqo6A909pmhyvtYmDoxaKtfMV:0
[139162989ms] [ERROR] Failed to load resource: net::ERR_INTERNET_DISCONNECTED @ https://www.google.com/recaptcha/enterprise/clr?k=6Lf3d9UsAAAAAILBqo6A909pmhyvtYmDoxaKtfMV:0
[139162990ms] [ERROR] Failed to load resource: net::ERR_INTERNET_DISCONNECTED @ https://www.google.com/recaptcha/enterprise/clr?k=6Lf3d9UsAAAAAILBqo6A909pmhyvtYmDoxaKtfMV:0
[139229960ms] [WARNING] [2026-09-02T22:18:31.774Z]  @firebase/auth: Auth (12.6.0): Error while retrieving App Check token: FirebaseError: AppCheck: ReCAPTCHA error. (appCheck/recaptcha-error). @ https://outrun.co.il/_next/static/chunks/2532-16f59635ee5a761a.js:14
[139229967ms] [ERROR] Failed to load resource: net::ERR_INTERNET_DISCONNECTED @ https://securetoken.googleapis.com/v1/token?key=AIzaSyCezG55zVQEZWCEs-lHzx_yQldg-Ej2X60:0
[139229969ms] [ERROR] Failed to load resource: net::ERR_INTERNET_DISCONNECTED @ https://www.google.com/recaptcha/enterprise/clr?k=6Lf3d9UsAAAAAILBqo6A909pmhyvtYmDoxaKtfMV:0
[139229971ms] [ERROR] Failed to load resource: net::ERR_INTERNET_DISCONNECTED @ https://www.google.com/recaptcha/enterprise/clr?k=6Lf3d9UsAAAAAILBqo6A909pmhyvtYmDoxaKtfMV:0
[139229973ms] [ERROR] Failed to load resource: net::ERR_INTERNET_DISCONNECTED @ https://www.google.com/recaptcha/enterprise/clr?k=6Lf3d9UsAAAAAILBqo6A909pmhyvtYmDoxaKtfMV:0
[139229975ms] [ERROR] Failed to load resource: net::ERR_INTERNET_DISCONNECTED @ https://www.google.com/recaptcha/enterprise/clr?k=6Lf3d9UsAAAAAILBqo6A909pmhyvtYmDoxaKtfMV:0
[139247169ms] [WARNING] [2026-09-02T22:18:48.983Z]  @firebase/auth: Auth (12.6.0): Error while retrieving App Check token: FirebaseError: AppCheck: ReCAPTCHA error. (appCheck/recaptcha-error). @ https://outrun.co.il/_next/static/chunks/2532-16f59635ee5a761a.js:14
[139247172ms] [ERROR] Failed to load resource: net::ERR_INTERNET_DISCONNECTED @ https://securetoken.googleapis.com/v1/token?key=AIzaSyCezG55zVQEZWCEs-lHzx_yQldg-Ej2X60:0
[139247174ms] [ERROR] Failed to load resource: net::ERR_INTERNET_DISCONNECTED @ https://www.google.com/recaptcha/enterprise/clr?k=6Lf3d9UsAAAAAILBqo6A909pmhyvtYmDoxaKtfMV:0
[139247176ms] [ERROR] Failed to load resource: net::ERR_INTERNET_DISCONNECTED @ https://www.google.com/recaptcha/enterprise/clr?k=6Lf3d9UsAAAAAILBqo6A909pmhyvtYmDoxaKtfMV:0
[139247179ms] [ERROR] Failed to load resource: net::ERR_INTERNET_DISCONNECTED @ https://www.google.com/recaptcha/enterprise/clr?k=6Lf3d9UsAAAAAILBqo6A909pmhyvtYmDoxaKtfMV:0
[139247181ms] [ERROR] Failed to load resource: net::ERR_INTERNET_DISCONNECTED @ https://www.google.com/recaptcha/enterprise/clr?k=6Lf3d9UsAAAAAILBqo6A909pmhyvtYmDoxaKtfMV:0
[139293620ms] [WARNING] [2026-09-02T22:19:35.434Z]  @firebase/auth: Auth (12.6.0): Error while retrieving App Check token: FirebaseError: AppCheck: ReCAPTCHA error. (appCheck/recaptcha-error). @ https://outrun.co.il/_next/static/chunks/2532-16f59635ee5a761a.js:14
[139293624ms] [ERROR] Failed to load resource: net::ERR_INTERNET_DISCONNECTED @ https://securetoken.googleapis.com/v1/token?key=AIzaSyCezG55zVQEZWCEs-lHzx_yQldg-Ej2X60:0
[139293626ms] [ERROR] Failed to load resource: net::ERR_INTERNET_DISCONNECTED @ https://www.google.com/recaptcha/enterprise/clr?k=6Lf3d9UsAAAAAILBqo6A909pmhyvtYmDoxaKtfMV:0
[139293628ms] [ERROR] Failed to load resource: net::ERR_INTERNET_DISCONNECTED @ https://www.google.com/recaptcha/enterprise/clr?k=6Lf3d9UsAAAAAILBqo6A909pmhyvtYmDoxaKtfMV:0
[139293631ms] [ERROR] Failed to load resource: net::ERR_INTERNET_DISCONNECTED @ https://www.google.com/recaptcha/enterprise/clr?k=6Lf3d9UsAAAAAILBqo6A909pmhyvtYmDoxaKtfMV:0
[139293633ms] [ERROR] Failed to load resource: net::ERR_INTERNET_DISCONNECTED @ https://www.google.com/recaptcha/enterprise/clr?k=6Lf3d9UsAAAAAILBqo6A909pmhyvtYmDoxaKtfMV:0
[139378348ms] [WARNING] [2026-09-02T22:21:00.163Z]  @firebase/auth: Auth (12.6.0): Error while retrieving App Check token: FirebaseError: AppCheck: ReCAPTCHA error. (appCheck/recaptcha-error). @ https://outrun.co.il/_next/static/chunks/2532-16f59635ee5a761a.js:14
[139378354ms] [ERROR] Failed to load resource: net::ERR_INTERNET_DISCONNECTED @ https://securetoken.googleapis.com/v1/token?key=AIzaSyCezG55zVQEZWCEs-lHzx_yQldg-Ej2X60:0
[139378356ms] [ERROR] Failed to load resource: net::ERR_INTERNET_DISCONNECTED @ https://www.google.com/recaptcha/enterprise/clr?k=6Lf3d9UsAAAAAILBqo6A909pmhyvtYmDoxaKtfMV:0
[139378358ms] [ERROR] Failed to load resource: net::ERR_INTERNET_DISCONNECTED @ https://www.google.com/recaptcha/enterprise/clr?k=6Lf3d9UsAAAAAILBqo6A909pmhyvtYmDoxaKtfMV:0
[139378359ms] [ERROR] Failed to load resource: net::ERR_INTERNET_DISCONNECTED @ https://www.google.com/recaptcha/enterprise/clr?k=6Lf3d9UsAAAAAILBqo6A909pmhyvtYmDoxaKtfMV:0
[139378361ms] [ERROR] Failed to load resource: net::ERR_INTERNET_DISCONNECTED @ https://www.google.com/recaptcha/enterprise/clr?k=6Lf3d9UsAAAAAILBqo6A909pmhyvtYmDoxaKtfMV:0
[139421883ms] [WARNING] [2026-09-02T22:21:43.697Z]  @firebase/auth: Auth (12.6.0): Error while retrieving App Check token: FirebaseError: AppCheck: ReCAPTCHA error. (appCheck/recaptcha-error). @ https://outrun.co.il/_next/static/chunks/2532-16f59635ee5a761a.js:14
[139421887ms] [ERROR] Failed to load resource: net::ERR_INTERNET_DISCONNECTED @ https://securetoken.googleapis.com/v1/token?key=AIzaSyCezG55zVQEZWCEs-lHzx_yQldg-Ej2X60:0
[139421887ms] [ERROR] Failed to load resource: net::ERR_INTERNET_DISCONNECTED @ https://www.google.com/recaptcha/enterprise/clr?k=6Lf3d9UsAAAAAILBqo6A909pmhyvtYmDoxaKtfMV:0
[139421889ms] [ERROR] Failed to load resource: net::ERR_INTERNET_DISCONNECTED @ https://www.google.com/recaptcha/enterprise/clr?k=6Lf3d9UsAAAAAILBqo6A909pmhyvtYmDoxaKtfMV:0
[139421890ms] [ERROR] Failed to load resource: net::ERR_INTERNET_DISCONNECTED @ https://www.google.com/recaptcha/enterprise/clr?k=6Lf3d9UsAAAAAILBqo6A909pmhyvtYmDoxaKtfMV:0
[139421892ms] [ERROR] Failed to load resource: net::ERR_INTERNET_DISCONNECTED @ https://www.google.com/recaptcha/enterprise/clr?k=6Lf3d9UsAAAAAILBqo6A909pmhyvtYmDoxaKtfMV:0
[139490384ms] [WARNING] [2026-09-02T22:22:52.199Z]  @firebase/auth: Auth (12.6.0): Error while retrieving App Check token: FirebaseError: AppCheck: ReCAPTCHA error. (appCheck/recaptcha-error). @ https://outrun.co.il/_next/static/chunks/2532-16f59635ee5a761a.js:14
[139490388ms] [ERROR] Failed to load resource: net::ERR_INTERNET_DISCONNECTED @ https://securetoken.googleapis.com/v1/token?key=AIzaSyCezG55zVQEZWCEs-lHzx_yQldg-Ej2X60:0
[139490390ms] [ERROR] Failed to load resource: net::ERR_INTERNET_DISCONNECTED @ https://www.google.com/recaptcha/enterprise/clr?k=6Lf3d9UsAAAAAILBqo6A909pmhyvtYmDoxaKtfMV:0
[139490392ms] [ERROR] Failed to load resource: net::ERR_INTERNET_DISCONNECTED @ https://www.google.com/recaptcha/enterprise/clr?k=6Lf3d9UsAAAAAILBqo6A909pmhyvtYmDoxaKtfMV:0
[139490394ms] [ERROR] Failed to load resource: net::ERR_INTERNET_DISCONNECTED @ https://www.google.com/recaptcha/enterprise/clr?k=6Lf3d9UsAAAAAILBqo6A909pmhyvtYmDoxaKtfMV:0
[139490396ms] [ERROR] Failed to load resource: net::ERR_INTERNET_DISCONNECTED @ https://www.google.com/recaptcha/enterprise/clr?k=6Lf3d9UsAAAAAILBqo6A909pmhyvtYmDoxaKtfMV:0
[139502180ms] [ERROR] Failed to load resource: net::ERR_INTERNET_DISCONNECTED @ https://www.google.com/recaptcha/enterprise/clr?k=6Lf3d9UsAAAAAILBqo6A909pmhyvtYmDoxaKtfMV:0
[139502182ms] [ERROR] Failed to load resource: net::ERR_INTERNET_DISCONNECTED @ https://www.google.com/recaptcha/enterprise/clr?k=6Lf3d9UsAAAAAILBqo6A909pmhyvtYmDoxaKtfMV:0
[139502184ms] [ERROR] Failed to load resource: net::ERR_INTERNET_DISCONNECTED @ https://www.google.com/recaptcha/enterprise/clr?k=6Lf3d9UsAAAAAILBqo6A909pmhyvtYmDoxaKtfMV:0
[139502186ms] [ERROR] Failed to load resource: net::ERR_INTERNET_DISCONNECTED @ https://www.google.com/recaptcha/enterprise/clr?k=6Lf3d9UsAAAAAILBqo6A909pmhyvtYmDoxaKtfMV:0
[139530131ms] [WARNING] [2026-09-02T22:23:31.945Z]  @firebase/auth: Auth (12.6.0): Error while retrieving App Check token: FirebaseError: AppCheck: ReCAPTCHA error. (appCheck/recaptcha-error). @ https://outrun.co.il/_next/static/chunks/2532-16f59635ee5a761a.js:14
[139530137ms] [ERROR] Failed to load resource: net::ERR_INTERNET_DISCONNECTED @ https://securetoken.googleapis.com/v1/token?key=AIzaSyCezG55zVQEZWCEs-lHzx_yQldg-Ej2X60:0
[139530139ms] [ERROR] Failed to load resource: net::ERR_INTERNET_DISCONNECTED @ https://www.google.com/recaptcha/enterprise/clr?k=6Lf3d9UsAAAAAILBqo6A909pmhyvtYmDoxaKtfMV:0
[139530141ms] [ERROR] Failed to load resource: net::ERR_INTERNET_DISCONNECTED @ https://www.google.com/recaptcha/enterprise/clr?k=6Lf3d9UsAAAAAILBqo6A909pmhyvtYmDoxaKtfMV:0
[139530143ms] [ERROR] Failed to load resource: net::ERR_INTERNET_DISCONNECTED @ https://www.google.com/recaptcha/enterprise/clr?k=6Lf3d9UsAAAAAILBqo6A909pmhyvtYmDoxaKtfMV:0
[139530146ms] [ERROR] Failed to load resource: net::ERR_INTERNET_DISCONNECTED @ https://www.google.com/recaptcha/enterprise/clr?k=6Lf3d9UsAAAAAILBqo6A909pmhyvtYmDoxaKtfMV:0
[139619419ms] [WARNING] [2026-09-02T22:25:01.233Z]  @firebase/auth: Auth (12.6.0): Error while retrieving App Check token: FirebaseError: AppCheck: ReCAPTCHA error. (appCheck/recaptcha-error). @ https://outrun.co.il/_next/static/chunks/2532-16f59635ee5a761a.js:14
[139619422ms] [ERROR] Failed to load resource: net::ERR_INTERNET_DISCONNECTED @ https://securetoken.googleapis.com/v1/token?key=AIzaSyCezG55zVQEZWCEs-lHzx_yQldg-Ej2X60:0
[139619423ms] [ERROR] Failed to load resource: net::ERR_INTERNET_DISCONNECTED @ https://www.google.com/recaptcha/enterprise/clr?k=6Lf3d9UsAAAAAILBqo6A909pmhyvtYmDoxaKtfMV:0
[139619424ms] [ERROR] Failed to load resource: net::ERR_INTERNET_DISCONNECTED @ https://www.google.com/recaptcha/enterprise/clr?k=6Lf3d9UsAAAAAILBqo6A909pmhyvtYmDoxaKtfMV:0
[139619427ms] [ERROR] Failed to load resource: net::ERR_INTERNET_DISCONNECTED @ https://www.google.com/recaptcha/enterprise/clr?k=6Lf3d9UsAAAAAILBqo6A909pmhyvtYmDoxaKtfMV:0
[139619429ms] [ERROR] Failed to load resource: net::ERR_INTERNET_DISCONNECTED @ https://www.google.com/recaptcha/enterprise/clr?k=6Lf3d9UsAAAAAILBqo6A909pmhyvtYmDoxaKtfMV:0
[139650042ms] [WARNING] [2026-09-02T22:25:31.856Z]  @firebase/auth: Auth (12.6.0): Error while retrieving App Check token: FirebaseError: AppCheck: ReCAPTCHA error. (appCheck/recaptcha-error). @ https://outrun.co.il/_next/static/chunks/2532-16f59635ee5a761a.js:14
[139650045ms] [ERROR] Failed to load resource: net::ERR_INTERNET_DISCONNECTED @ https://securetoken.googleapis.com/v1/token?key=AIzaSyCezG55zVQEZWCEs-lHzx_yQldg-Ej2X60:0
[139650045ms] [ERROR] Failed to load resource: net::ERR_INTERNET_DISCONNECTED @ https://www.google.com/recaptcha/enterprise/clr?k=6Lf3d9UsAAAAAILBqo6A909pmhyvtYmDoxaKtfMV:0
[139650047ms] [ERROR] Failed to load resource: net::ERR_INTERNET_DISCONNECTED @ https://www.google.com/recaptcha/enterprise/clr?k=6Lf3d9UsAAAAAILBqo6A909pmhyvtYmDoxaKtfMV:0
[139650050ms] [ERROR] Failed to load resource: net::ERR_INTERNET_DISCONNECTED @ https://www.google.com/recaptcha/enterprise/clr?k=6Lf3d9UsAAAAAILBqo6A909pmhyvtYmDoxaKtfMV:0
[139650052ms] [ERROR] Failed to load resource: net::ERR_INTERNET_DISCONNECTED @ https://www.google.com/recaptcha/enterprise/clr?k=6Lf3d9UsAAAAAILBqo6A909pmhyvtYmDoxaKtfMV:0
[139730694ms] [WARNING] [2026-09-02T22:26:52.508Z]  @firebase/auth: Auth (12.6.0): Error while retrieving App Check token: FirebaseError: AppCheck: ReCAPTCHA error. (appCheck/recaptcha-error). @ https://outrun.co.il/_next/static/chunks/2532-16f59635ee5a761a.js:14
[139730703ms] [ERROR] Failed to load resource: net::ERR_INTERNET_DISCONNECTED @ https://securetoken.googleapis.com/v1/token?key=AIzaSyCezG55zVQEZWCEs-lHzx_yQldg-Ej2X60:0
[139730704ms] [ERROR] Failed to load resource: net::ERR_INTERNET_DISCONNECTED @ https://www.google.com/recaptcha/enterprise/clr?k=6Lf3d9UsAAAAAILBqo6A909pmhyvtYmDoxaKtfMV:0
[139730706ms] [ERROR] Failed to load resource: net::ERR_INTERNET_DISCONNECTED @ https://www.google.com/recaptcha/enterprise/clr?k=6Lf3d9UsAAAAAILBqo6A909pmhyvtYmDoxaKtfMV:0
[139730709ms] [ERROR] Failed to load resource: net::ERR_INTERNET_DISCONNECTED @ https://www.google.com/recaptcha/enterprise/clr?k=6Lf3d9UsAAAAAILBqo6A909pmhyvtYmDoxaKtfMV:0
[139730711ms] [ERROR] Failed to load resource: net::ERR_INTERNET_DISCONNECTED @ https://www.google.com/recaptcha/enterprise/clr?k=6Lf3d9UsAAAAAILBqo6A909pmhyvtYmDoxaKtfMV:0
[139791365ms] [WARNING] [2026-09-02T22:27:53.179Z]  @firebase/auth: Auth (12.6.0): Error while retrieving App Check token: FirebaseError: AppCheck: ReCAPTCHA error. (appCheck/recaptcha-error). @ https://outrun.co.il/_next/static/chunks/2532-16f59635ee5a761a.js:14
[139791372ms] [ERROR] Failed to load resource: net::ERR_INTERNET_DISCONNECTED @ https://securetoken.googleapis.com/v1/token?key=AIzaSyCezG55zVQEZWCEs-lHzx_yQldg-Ej2X60:0
[139791374ms] [ERROR] Failed to load resource: net::ERR_INTERNET_DISCONNECTED @ https://www.google.com/recaptcha/enterprise/clr?k=6Lf3d9UsAAAAAILBqo6A909pmhyvtYmDoxaKtfMV:0
[139791376ms] [ERROR] Failed to load resource: net::ERR_INTERNET_DISCONNECTED @ https://www.google.com/recaptcha/enterprise/clr?k=6Lf3d9UsAAAAAILBqo6A909pmhyvtYmDoxaKtfMV:0
[139791378ms] [ERROR] Failed to load resource: net::ERR_INTERNET_DISCONNECTED @ https://www.google.com/recaptcha/enterprise/clr?k=6Lf3d9UsAAAAAILBqo6A909pmhyvtYmDoxaKtfMV:0
[139791380ms] [ERROR] Failed to load resource: net::ERR_INTERNET_DISCONNECTED @ https://www.google.com/recaptcha/enterprise/clr?k=6Lf3d9UsAAAAAILBqo6A909pmhyvtYmDoxaKtfMV:0
[139850676ms] [WARNING] [2026-09-02T22:28:52.490Z]  @firebase/auth: Auth (12.6.0): Error while retrieving App Check token: FirebaseError: AppCheck: ReCAPTCHA error. (appCheck/recaptcha-error). @ https://outrun.co.il/_next/static/chunks/2532-16f59635ee5a761a.js:14
[139850679ms] [ERROR] Failed to load resource: net::ERR_INTERNET_DISCONNECTED @ https://securetoken.googleapis.com/v1/token?key=AIzaSyCezG55zVQEZWCEs-lHzx_yQldg-Ej2X60:0
[139850679ms] [ERROR] Failed to load resource: net::ERR_INTERNET_DISCONNECTED @ https://www.google.com/recaptcha/enterprise/clr?k=6Lf3d9UsAAAAAILBqo6A909pmhyvtYmDoxaKtfMV:0
[139850681ms] [ERROR] Failed to load resource: net::ERR_INTERNET_DISCONNECTED @ https://www.google.com/recaptcha/enterprise/clr?k=6Lf3d9UsAAAAAILBqo6A909pmhyvtYmDoxaKtfMV:0
[139850682ms] [ERROR] Failed to load resource: net::ERR_INTERNET_DISCONNECTED @ https://www.google.com/recaptcha/enterprise/clr?k=6Lf3d9UsAAAAAILBqo6A909pmhyvtYmDoxaKtfMV:0
[139850684ms] [ERROR] Failed to load resource: net::ERR_INTERNET_DISCONNECTED @ https://www.google.com/recaptcha/enterprise/clr?k=6Lf3d9UsAAAAAILBqo6A909pmhyvtYmDoxaKtfMV:0
[139883051ms] [WARNING] [2026-09-02T22:29:24.866Z]  @firebase/auth: Auth (12.6.0): Error while retrieving App Check token: FirebaseError: AppCheck: ReCAPTCHA error. (appCheck/recaptcha-error). @ https://outrun.co.il/_next/static/chunks/2532-16f59635ee5a761a.js:14
[139883054ms] [ERROR] Failed to load resource: net::ERR_INTERNET_DISCONNECTED @ https://securetoken.googleapis.com/v1/token?key=AIzaSyCezG55zVQEZWCEs-lHzx_yQldg-Ej2X60:0
[139883055ms] [ERROR] Failed to load resource: net::ERR_INTERNET_DISCONNECTED @ https://www.google.com/recaptcha/enterprise/clr?k=6Lf3d9UsAAAAAILBqo6A909pmhyvtYmDoxaKtfMV:0
[139883057ms] [ERROR] Failed to load resource: net::ERR_INTERNET_DISCONNECTED @ https://www.google.com/recaptcha/enterprise/clr?k=6Lf3d9UsAAAAAILBqo6A909pmhyvtYmDoxaKtfMV:0
[139883058ms] [ERROR] Failed to load resource: net::ERR_INTERNET_DISCONNECTED @ https://www.google.com/recaptcha/enterprise/clr?k=6Lf3d9UsAAAAAILBqo6A909pmhyvtYmDoxaKtfMV:0
[139883060ms] [ERROR] Failed to load resource: net::ERR_INTERNET_DISCONNECTED @ https://www.google.com/recaptcha/enterprise/clr?k=6Lf3d9UsAAAAAILBqo6A909pmhyvtYmDoxaKtfMV:0
[140307678ms] [WARNING] [2026-09-02T22:36:29.493Z]  @firebase/auth: Auth (12.6.0): Error while retrieving App Check token: FirebaseError: AppCheck: ReCAPTCHA error. (appCheck/recaptcha-error). @ https://outrun.co.il/_next/static/chunks/2532-16f59635ee5a761a.js:14
[140307686ms] [ERROR] Failed to load resource: net::ERR_INTERNET_DISCONNECTED @ https://securetoken.googleapis.com/v1/token?key=AIzaSyCezG55zVQEZWCEs-lHzx_yQldg-Ej2X60:0
[140307687ms] [ERROR] Failed to load resource: net::ERR_INTERNET_DISCONNECTED @ https://www.google.com/recaptcha/enterprise/clr?k=6Lf3d9UsAAAAAILBqo6A909pmhyvtYmDoxaKtfMV:0
[140307691ms] [ERROR] Failed to load resource: net::ERR_INTERNET_DISCONNECTED @ https://www.google.com/recaptcha/enterprise/clr?k=6Lf3d9UsAAAAAILBqo6A909pmhyvtYmDoxaKtfMV:0
[140307695ms] [ERROR] Failed to load resource: net::ERR_INTERNET_DISCONNECTED @ https://www.google.com/recaptcha/enterprise/clr?k=6Lf3d9UsAAAAAILBqo6A909pmhyvtYmDoxaKtfMV:0
[140307698ms] [ERROR] Failed to load resource: net::ERR_INTERNET_DISCONNECTED @ https://www.google.com/recaptcha/enterprise/clr?k=6Lf3d9UsAAAAAILBqo6A909pmhyvtYmDoxaKtfMV:0
[140653628ms] [WARNING] [2026-09-02T22:42:15.443Z]  @firebase/auth: Auth (12.6.0): Error while retrieving App Check token: FirebaseError: AppCheck: ReCAPTCHA error. (appCheck/recaptcha-error). @ https://outrun.co.il/_next/static/chunks/2532-16f59635ee5a761a.js:14
[140653631ms] [ERROR] Failed to load resource: net::ERR_INTERNET_DISCONNECTED @ https://securetoken.googleapis.com/v1/token?key=AIzaSyCezG55zVQEZWCEs-lHzx_yQldg-Ej2X60:0
[140653632ms] [ERROR] Failed to load resource: net::ERR_INTERNET_DISCONNECTED @ https://www.google.com/recaptcha/enterprise/clr?k=6Lf3d9UsAAAAAILBqo6A909pmhyvtYmDoxaKtfMV:0
[140653633ms] [ERROR] Failed to load resource: net::ERR_INTERNET_DISCONNECTED @ https://www.google.com/recaptcha/enterprise/clr?k=6Lf3d9UsAAAAAILBqo6A909pmhyvtYmDoxaKtfMV:0
[140653634ms] [ERROR] Failed to load resource: net::ERR_INTERNET_DISCONNECTED @ https://www.google.com/recaptcha/enterprise/clr?k=6Lf3d9UsAAAAAILBqo6A909pmhyvtYmDoxaKtfMV:0
[140653635ms] [ERROR] Failed to load resource: net::ERR_INTERNET_DISCONNECTED @ https://www.google.com/recaptcha/enterprise/clr?k=6Lf3d9UsAAAAAILBqo6A909pmhyvtYmDoxaKtfMV:0
[141006325ms] [WARNING] [2026-09-02T22:48:08.140Z]  @firebase/auth: Auth (12.6.0): Error while retrieving App Check token: FirebaseError: AppCheck: ReCAPTCHA error. (appCheck/recaptcha-error). @ https://outrun.co.il/_next/static/chunks/2532-16f59635ee5a761a.js:14
[141006328ms] [ERROR] Failed to load resource: net::ERR_INTERNET_DISCONNECTED @ https://securetoken.googleapis.com/v1/token?key=AIzaSyCezG55zVQEZWCEs-lHzx_yQldg-Ej2X60:0
[141006330ms] [ERROR] Failed to load resource: net::ERR_INTERNET_DISCONNECTED @ https://www.google.com/recaptcha/enterprise/clr?k=6Lf3d9UsAAAAAILBqo6A909pmhyvtYmDoxaKtfMV:0
[141006332ms] [ERROR] Failed to load resource: net::ERR_INTERNET_DISCONNECTED @ https://www.google.com/recaptcha/enterprise/clr?k=6Lf3d9UsAAAAAILBqo6A909pmhyvtYmDoxaKtfMV:0
[141006334ms] [ERROR] Failed to load resource: net::ERR_INTERNET_DISCONNECTED @ https://www.google.com/recaptcha/enterprise/clr?k=6Lf3d9UsAAAAAILBqo6A909pmhyvtYmDoxaKtfMV:0
[141006335ms] [ERROR] Failed to load resource: net::ERR_INTERNET_DISCONNECTED @ https://www.google.com/recaptcha/enterprise/clr?k=6Lf3d9UsAAAAAILBqo6A909pmhyvtYmDoxaKtfMV:0
[141813503ms] [WARNING] [2026-09-02T23:01:35.318Z]  @firebase/auth: Auth (12.6.0): Error while retrieving App Check token: FirebaseError: AppCheck: ReCAPTCHA error. (appCheck/recaptcha-error). @ https://outrun.co.il/_next/static/chunks/2532-16f59635ee5a761a.js:14
[141813506ms] [ERROR] Failed to load resource: net::ERR_INTERNET_DISCONNECTED @ https://securetoken.googleapis.com/v1/token?key=AIzaSyCezG55zVQEZWCEs-lHzx_yQldg-Ej2X60:0
[141813507ms] [ERROR] Failed to load resource: net::ERR_INTERNET_DISCONNECTED @ https://www.google.com/recaptcha/enterprise/clr?k=6Lf3d9UsAAAAAILBqo6A909pmhyvtYmDoxaKtfMV:0
[141813508ms] [ERROR] Failed to load resource: net::ERR_INTERNET_DISCONNECTED @ https://www.google.com/recaptcha/enterprise/clr?k=6Lf3d9UsAAAAAILBqo6A909pmhyvtYmDoxaKtfMV:0
[141813510ms] [ERROR] Failed to load resource: net::ERR_INTERNET_DISCONNECTED @ https://www.google.com/recaptcha/enterprise/clr?k=6Lf3d9UsAAAAAILBqo6A909pmhyvtYmDoxaKtfMV:0
[141813511ms] [ERROR] Failed to load resource: net::ERR_INTERNET_DISCONNECTED @ https://www.google.com/recaptcha/enterprise/clr?k=6Lf3d9UsAAAAAILBqo6A909pmhyvtYmDoxaKtfMV:0
[142975421ms] [WARNING] [2026-09-02T23:20:57.236Z]  @firebase/auth: Auth (12.6.0): Error while retrieving App Check token: FirebaseError: AppCheck: ReCAPTCHA error. (appCheck/recaptcha-error). @ https://outrun.co.il/_next/static/chunks/2532-16f59635ee5a761a.js:14
[142975428ms] [ERROR] Failed to load resource: net::ERR_INTERNET_DISCONNECTED @ https://securetoken.googleapis.com/v1/token?key=AIzaSyCezG55zVQEZWCEs-lHzx_yQldg-Ej2X60:0
[142975431ms] [ERROR] Failed to load resource: net::ERR_INTERNET_DISCONNECTED @ https://www.google.com/recaptcha/enterprise/clr?k=6Lf3d9UsAAAAAILBqo6A909pmhyvtYmDoxaKtfMV:0
[142975433ms] [ERROR] Failed to load resource: net::ERR_INTERNET_DISCONNECTED @ https://www.google.com/recaptcha/enterprise/clr?k=6Lf3d9UsAAAAAILBqo6A909pmhyvtYmDoxaKtfMV:0
[142975435ms] [ERROR] Failed to load resource: net::ERR_INTERNET_DISCONNECTED @ https://www.google.com/recaptcha/enterprise/clr?k=6Lf3d9UsAAAAAILBqo6A909pmhyvtYmDoxaKtfMV:0
[142975437ms] [ERROR] Failed to load resource: net::ERR_INTERNET_DISCONNECTED @ https://www.google.com/recaptcha/enterprise/clr?k=6Lf3d9UsAAAAAILBqo6A909pmhyvtYmDoxaKtfMV:0
[142991944ms] [WARNING] [2026-09-02T23:21:13.758Z]  @firebase/auth: Auth (12.6.0): Error while retrieving App Check token: FirebaseError: AppCheck: ReCAPTCHA error. (appCheck/recaptcha-error). @ https://outrun.co.il/_next/static/chunks/2532-16f59635ee5a761a.js:14
[142991947ms] [ERROR] Failed to load resource: net::ERR_INTERNET_DISCONNECTED @ https://www.google.com/recaptcha/enterprise/clr?k=6Lf3d9UsAAAAAILBqo6A909pmhyvtYmDoxaKtfMV:0
[142991948ms] [ERROR] Failed to load resource: net::ERR_INTERNET_DISCONNECTED @ https://securetoken.googleapis.com/v1/token?key=AIzaSyCezG55zVQEZWCEs-lHzx_yQldg-Ej2X60:0
[142991949ms] [ERROR] Failed to load resource: net::ERR_INTERNET_DISCONNECTED @ https://www.google.com/recaptcha/enterprise/clr?k=6Lf3d9UsAAAAAILBqo6A909pmhyvtYmDoxaKtfMV:0
[142991951ms] [ERROR] Failed to load resource: net::ERR_INTERNET_DISCONNECTED @ https://www.google.com/recaptcha/enterprise/clr?k=6Lf3d9UsAAAAAILBqo6A909pmhyvtYmDoxaKtfMV:0
[142991952ms] [ERROR] Failed to load resource: net::ERR_INTERNET_DISCONNECTED @ https://www.google.com/recaptcha/enterprise/clr?k=6Lf3d9UsAAAAAILBqo6A909pmhyvtYmDoxaKtfMV:0
[144836790ms] [WARNING] [2026-09-02T23:51:58.604Z]  @firebase/auth: Auth (12.6.0): Error while retrieving App Check token: FirebaseError: AppCheck: ReCAPTCHA error. (appCheck/recaptcha-error). @ https://outrun.co.il/_next/static/chunks/2532-16f59635ee5a761a.js:14
[144836807ms] [ERROR] Failed to load resource: net::ERR_INTERNET_DISCONNECTED @ https://securetoken.googleapis.com/v1/token?key=AIzaSyCezG55zVQEZWCEs-lHzx_yQldg-Ej2X60:0
[144836810ms] [ERROR] Failed to load resource: net::ERR_INTERNET_DISCONNECTED @ https://www.google.com/recaptcha/enterprise/clr?k=6Lf3d9UsAAAAAILBqo6A909pmhyvtYmDoxaKtfMV:0
[144836821ms] [ERROR] Failed to load resource: net::ERR_INTERNET_DISCONNECTED @ https://www.google.com/recaptcha/enterprise/clr?k=6Lf3d9UsAAAAAILBqo6A909pmhyvtYmDoxaKtfMV:0
[144836830ms] [ERROR] Failed to load resource: net::ERR_INTERNET_DISCONNECTED @ https://www.google.com/recaptcha/enterprise/clr?k=6Lf3d9UsAAAAAILBqo6A909pmhyvtYmDoxaKtfMV:0
[144836836ms] [ERROR] Failed to load resource: net::ERR_INTERNET_DISCONNECTED @ https://www.google.com/recaptcha/enterprise/clr?k=6Lf3d9UsAAAAAILBqo6A909pmhyvtYmDoxaKtfMV:0
[145458154ms] [WARNING] [2026-09-03T00:02:19.968Z]  @firebase/auth: Auth (12.6.0): Error while retrieving App Check token: FirebaseError: AppCheck: ReCAPTCHA error. (appCheck/recaptcha-error). @ https://outrun.co.il/_next/static/chunks/2532-16f59635ee5a761a.js:14
[145458159ms] [ERROR] Failed to load resource: net::ERR_INTERNET_DISCONNECTED @ https://securetoken.googleapis.com/v1/token?key=AIzaSyCezG55zVQEZWCEs-lHzx_yQldg-Ej2X60:0
[145458160ms] [ERROR] Failed to load resource: net::ERR_INTERNET_DISCONNECTED @ https://www.google.com/recaptcha/enterprise/clr?k=6Lf3d9UsAAAAAILBqo6A909pmhyvtYmDoxaKtfMV:0
[145458162ms] [ERROR] Failed to load resource: net::ERR_INTERNET_DISCONNECTED @ https://www.google.com/recaptcha/enterprise/clr?k=6Lf3d9UsAAAAAILBqo6A909pmhyvtYmDoxaKtfMV:0
[145458164ms] [ERROR] Failed to load resource: net::ERR_INTERNET_DISCONNECTED @ https://www.google.com/recaptcha/enterprise/clr?k=6Lf3d9UsAAAAAILBqo6A909pmhyvtYmDoxaKtfMV:0
[145458165ms] [ERROR] Failed to load resource: net::ERR_INTERNET_DISCONNECTED @ https://www.google.com/recaptcha/enterprise/clr?k=6Lf3d9UsAAAAAILBqo6A909pmhyvtYmDoxaKtfMV:0
[146461070ms] [WARNING] [2026-09-03T00:19:02.884Z]  @firebase/auth: Auth (12.6.0): Error while retrieving App Check token: FirebaseError: AppCheck: ReCAPTCHA error. (appCheck/recaptcha-error). @ https://outrun.co.il/_next/static/chunks/2532-16f59635ee5a761a.js:14
[146461074ms] [ERROR] Failed to load resource: net::ERR_INTERNET_DISCONNECTED @ https://securetoken.googleapis.com/v1/token?key=AIzaSyCezG55zVQEZWCEs-lHzx_yQldg-Ej2X60:0
[146461076ms] [ERROR] Failed to load resource: net::ERR_INTERNET_DISCONNECTED @ https://www.google.com/recaptcha/enterprise/clr?k=6Lf3d9UsAAAAAILBqo6A909pmhyvtYmDoxaKtfMV:0
[146461078ms] [ERROR] Failed to load resource: net::ERR_INTERNET_DISCONNECTED @ https://www.google.com/recaptcha/enterprise/clr?k=6Lf3d9UsAAAAAILBqo6A909pmhyvtYmDoxaKtfMV:0
[146461080ms] [ERROR] Failed to load resource: net::ERR_INTERNET_DISCONNECTED @ https://www.google.com/recaptcha/enterprise/clr?k=6Lf3d9UsAAAAAILBqo6A909pmhyvtYmDoxaKtfMV:0
[146461081ms] [ERROR] Failed to load resource: net::ERR_INTERNET_DISCONNECTED @ https://www.google.com/recaptcha/enterprise/clr?k=6Lf3d9UsAAAAAILBqo6A909pmhyvtYmDoxaKtfMV:0
[147442348ms] [ERROR] Failed to load resource: net::ERR_INTERNET_DISCONNECTED @ https://www.google.com/recaptcha/enterprise/clr?k=6Lf3d9UsAAAAAILBqo6A909pmhyvtYmDoxaKtfMV:0
[147442349ms] [ERROR] Failed to load resource: net::ERR_INTERNET_DISCONNECTED @ https://www.google.com/recaptcha/enterprise/clr?k=6Lf3d9UsAAAAAILBqo6A909pmhyvtYmDoxaKtfMV:0
[147442351ms] [ERROR] Failed to load resource: net::ERR_INTERNET_DISCONNECTED @ https://www.google.com/recaptcha/enterprise/clr?k=6Lf3d9UsAAAAAILBqo6A909pmhyvtYmDoxaKtfMV:0
[147442352ms] [ERROR] Failed to load resource: net::ERR_INTERNET_DISCONNECTED @ https://www.google.com/recaptcha/enterprise/clr?k=6Lf3d9UsAAAAAILBqo6A909pmhyvtYmDoxaKtfMV:0
[147459923ms] [WARNING] [2026-09-03T00:35:41.738Z]  @firebase/auth: Auth (12.6.0): Error while retrieving App Check token: FirebaseError: AppCheck: ReCAPTCHA error. (appCheck/recaptcha-error). @ https://outrun.co.il/_next/static/chunks/2532-16f59635ee5a761a.js:14
[147459926ms] [ERROR] Failed to load resource: net::ERR_INTERNET_DISCONNECTED @ https://www.google.com/recaptcha/enterprise/clr?k=6Lf3d9UsAAAAAILBqo6A909pmhyvtYmDoxaKtfMV:0
[147459926ms] [ERROR] Failed to load resource: net::ERR_INTERNET_DISCONNECTED @ https://securetoken.googleapis.com/v1/token?key=AIzaSyCezG55zVQEZWCEs-lHzx_yQldg-Ej2X60:0
[147459928ms] [ERROR] Failed to load resource: net::ERR_INTERNET_DISCONNECTED @ https://www.google.com/recaptcha/enterprise/clr?k=6Lf3d9UsAAAAAILBqo6A909pmhyvtYmDoxaKtfMV:0
[147459930ms] [ERROR] Failed to load resource: net::ERR_INTERNET_DISCONNECTED @ https://www.google.com/recaptcha/enterprise/clr?k=6Lf3d9UsAAAAAILBqo6A909pmhyvtYmDoxaKtfMV:0
[147459932ms] [ERROR] Failed to load resource: net::ERR_INTERNET_DISCONNECTED @ https://www.google.com/recaptcha/enterprise/clr?k=6Lf3d9UsAAAAAILBqo6A909pmhyvtYmDoxaKtfMV:0
[147493337ms] [WARNING] [2026-09-03T00:36:15.151Z]  @firebase/auth: Auth (12.6.0): Error while retrieving App Check token: FirebaseError: AppCheck: ReCAPTCHA error. (appCheck/recaptcha-error). @ https://outrun.co.il/_next/static/chunks/2532-16f59635ee5a761a.js:14
[147493340ms] [ERROR] Failed to load resource: net::ERR_INTERNET_DISCONNECTED @ https://securetoken.googleapis.com/v1/token?key=AIzaSyCezG55zVQEZWCEs-lHzx_yQldg-Ej2X60:0
[147493340ms] [ERROR] Failed to load resource: net::ERR_INTERNET_DISCONNECTED @ https://www.google.com/recaptcha/enterprise/clr?k=6Lf3d9UsAAAAAILBqo6A909pmhyvtYmDoxaKtfMV:0
[147493341ms] [ERROR] Failed to load resource: net::ERR_INTERNET_DISCONNECTED @ https://www.google.com/recaptcha/enterprise/clr?k=6Lf3d9UsAAAAAILBqo6A909pmhyvtYmDoxaKtfMV:0
[147493343ms] [ERROR] Failed to load resource: net::ERR_INTERNET_DISCONNECTED @ https://www.google.com/recaptcha/enterprise/clr?k=6Lf3d9UsAAAAAILBqo6A909pmhyvtYmDoxaKtfMV:0
[147493344ms] [ERROR] Failed to load resource: net::ERR_INTERNET_DISCONNECTED @ https://www.google.com/recaptcha/enterprise/clr?k=6Lf3d9UsAAAAAILBqo6A909pmhyvtYmDoxaKtfMV:0
[147573991ms] [WARNING] [2026-09-03T00:37:35.805Z]  @firebase/auth: Auth (12.6.0): Error while retrieving App Check token: FirebaseError: AppCheck: ReCAPTCHA error. (appCheck/recaptcha-error). @ https://outrun.co.il/_next/static/chunks/2532-16f59635ee5a761a.js:14
[147573998ms] [ERROR] Failed to load resource: net::ERR_INTERNET_DISCONNECTED @ https://securetoken.googleapis.com/v1/token?key=AIzaSyCezG55zVQEZWCEs-lHzx_yQldg-Ej2X60:0
[147574001ms] [ERROR] Failed to load resource: net::ERR_INTERNET_DISCONNECTED @ https://www.google.com/recaptcha/enterprise/clr?k=6Lf3d9UsAAAAAILBqo6A909pmhyvtYmDoxaKtfMV:0
[147574002ms] [ERROR] Failed to load resource: net::ERR_INTERNET_DISCONNECTED @ https://www.google.com/recaptcha/enterprise/clr?k=6Lf3d9UsAAAAAILBqo6A909pmhyvtYmDoxaKtfMV:0
[147574004ms] [ERROR] Failed to load resource: net::ERR_INTERNET_DISCONNECTED @ https://www.google.com/recaptcha/enterprise/clr?k=6Lf3d9UsAAAAAILBqo6A909pmhyvtYmDoxaKtfMV:0
[147574006ms] [ERROR] Failed to load resource: net::ERR_INTERNET_DISCONNECTED @ https://www.google.com/recaptcha/enterprise/clr?k=6Lf3d9UsAAAAAILBqo6A909pmhyvtYmDoxaKtfMV:0
[147631262ms] [WARNING] [2026-09-03T00:38:33.076Z]  @firebase/auth: Auth (12.6.0): Error while retrieving App Check token: FirebaseError: AppCheck: ReCAPTCHA error. (appCheck/recaptcha-error). @ https://outrun.co.il/_next/static/chunks/2532-16f59635ee5a761a.js:14
[147631265ms] [ERROR] Failed to load resource: net::ERR_INTERNET_DISCONNECTED @ https://www.google.com/recaptcha/enterprise/clr?k=6Lf3d9UsAAAAAILBqo6A909pmhyvtYmDoxaKtfMV:0
[147631265ms] [ERROR] Failed to load resource: net::ERR_INTERNET_DISCONNECTED @ https://securetoken.googleapis.com/v1/token?key=AIzaSyCezG55zVQEZWCEs-lHzx_yQldg-Ej2X60:0
[147631267ms] [ERROR] Failed to load resource: net::ERR_INTERNET_DISCONNECTED @ https://www.google.com/recaptcha/enterprise/clr?k=6Lf3d9UsAAAAAILBqo6A909pmhyvtYmDoxaKtfMV:0
[147631268ms] [ERROR] Failed to load resource: net::ERR_INTERNET_DISCONNECTED @ https://www.google.com/recaptcha/enterprise/clr?k=6Lf3d9UsAAAAAILBqo6A909pmhyvtYmDoxaKtfMV:0
[147631270ms] [ERROR] Failed to load resource: net::ERR_INTERNET_DISCONNECTED @ https://www.google.com/recaptcha/enterprise/clr?k=6Lf3d9UsAAAAAILBqo6A909pmhyvtYmDoxaKtfMV:0
[147673891ms] [WARNING] [2026-09-03T00:39:15.706Z]  @firebase/auth: Auth (12.6.0): Error while retrieving App Check token: FirebaseError: AppCheck: ReCAPTCHA error. (appCheck/recaptcha-error). @ https://outrun.co.il/_next/static/chunks/2532-16f59635ee5a761a.js:14
[147673896ms] [ERROR] Failed to load resource: net::ERR_INTERNET_DISCONNECTED @ https://securetoken.googleapis.com/v1/token?key=AIzaSyCezG55zVQEZWCEs-lHzx_yQldg-Ej2X60:0
[147673897ms] [ERROR] Failed to load resource: net::ERR_INTERNET_DISCONNECTED @ https://www.google.com/recaptcha/enterprise/clr?k=6Lf3d9UsAAAAAILBqo6A909pmhyvtYmDoxaKtfMV:0
[147673899ms] [ERROR] Failed to load resource: net::ERR_INTERNET_DISCONNECTED @ https://www.google.com/recaptcha/enterprise/clr?k=6Lf3d9UsAAAAAILBqo6A909pmhyvtYmDoxaKtfMV:0
[147673900ms] [ERROR] Failed to load resource: net::ERR_INTERNET_DISCONNECTED @ https://www.google.com/recaptcha/enterprise/clr?k=6Lf3d9UsAAAAAILBqo6A909pmhyvtYmDoxaKtfMV:0
[147673902ms] [ERROR] Failed to load resource: net::ERR_INTERNET_DISCONNECTED @ https://www.google.com/recaptcha/enterprise/clr?k=6Lf3d9UsAAAAAILBqo6A909pmhyvtYmDoxaKtfMV:0
[147749933ms] [WARNING] [2026-09-03T00:40:31.748Z]  @firebase/auth: Auth (12.6.0): Error while retrieving App Check token: FirebaseError: AppCheck: ReCAPTCHA error. (appCheck/recaptcha-error). @ https://outrun.co.il/_next/static/chunks/2532-16f59635ee5a761a.js:14
[147749936ms] [ERROR] Failed to load resource: net::ERR_INTERNET_DISCONNECTED @ https://securetoken.googleapis.com/v1/token?key=AIzaSyCezG55zVQEZWCEs-lHzx_yQldg-Ej2X60:0
[147749937ms] [ERROR] Failed to load resource: net::ERR_INTERNET_DISCONNECTED @ https://www.google.com/recaptcha/enterprise/clr?k=6Lf3d9UsAAAAAILBqo6A909pmhyvtYmDoxaKtfMV:0
[147749939ms] [ERROR] Failed to load resource: net::ERR_INTERNET_DISCONNECTED @ https://www.google.com/recaptcha/enterprise/clr?k=6Lf3d9UsAAAAAILBqo6A909pmhyvtYmDoxaKtfMV:0
[147749940ms] [ERROR] Failed to load resource: net::ERR_INTERNET_DISCONNECTED @ https://www.google.com/recaptcha/enterprise/clr?k=6Lf3d9UsAAAAAILBqo6A909pmhyvtYmDoxaKtfMV:0
[147749942ms] [ERROR] Failed to load resource: net::ERR_INTERNET_DISCONNECTED @ https://www.google.com/recaptcha/enterprise/clr?k=6Lf3d9UsAAAAAILBqo6A909pmhyvtYmDoxaKtfMV:0
[147816268ms] [WARNING] [2026-09-03T00:41:38.082Z]  @firebase/auth: Auth (12.6.0): Error while retrieving App Check token: FirebaseError: AppCheck: ReCAPTCHA error. (appCheck/recaptcha-error). @ https://outrun.co.il/_next/static/chunks/2532-16f59635ee5a761a.js:14
[147816273ms] [ERROR] Failed to load resource: net::ERR_INTERNET_DISCONNECTED @ https://securetoken.googleapis.com/v1/token?key=AIzaSyCezG55zVQEZWCEs-lHzx_yQldg-Ej2X60:0
[147816274ms] [ERROR] Failed to load resource: net::ERR_INTERNET_DISCONNECTED @ https://www.google.com/recaptcha/enterprise/clr?k=6Lf3d9UsAAAAAILBqo6A909pmhyvtYmDoxaKtfMV:0
[147816276ms] [ERROR] Failed to load resource: net::ERR_INTERNET_DISCONNECTED @ https://www.google.com/recaptcha/enterprise/clr?k=6Lf3d9UsAAAAAILBqo6A909pmhyvtYmDoxaKtfMV:0
[147816278ms] [ERROR] Failed to load resource: net::ERR_INTERNET_DISCONNECTED @ https://www.google.com/recaptcha/enterprise/clr?k=6Lf3d9UsAAAAAILBqo6A909pmhyvtYmDoxaKtfMV:0
[147816279ms] [ERROR] Failed to load resource: net::ERR_INTERNET_DISCONNECTED @ https://www.google.com/recaptcha/enterprise/clr?k=6Lf3d9UsAAAAAILBqo6A909pmhyvtYmDoxaKtfMV:0
[147852741ms] [WARNING] [2026-09-03T00:42:14.556Z]  @firebase/auth: Auth (12.6.0): Error while retrieving App Check token: FirebaseError: AppCheck: ReCAPTCHA error. (appCheck/recaptcha-error). @ https://outrun.co.il/_next/static/chunks/2532-16f59635ee5a761a.js:14
[147852744ms] [ERROR] Failed to load resource: net::ERR_INTERNET_DISCONNECTED @ https://securetoken.googleapis.com/v1/token?key=AIzaSyCezG55zVQEZWCEs-lHzx_yQldg-Ej2X60:0
[147852744ms] [ERROR] Failed to load resource: net::ERR_INTERNET_DISCONNECTED @ https://www.google.com/recaptcha/enterprise/clr?k=6Lf3d9UsAAAAAILBqo6A909pmhyvtYmDoxaKtfMV:0
[147852746ms] [ERROR] Failed to load resource: net::ERR_INTERNET_DISCONNECTED @ https://www.google.com/recaptcha/enterprise/clr?k=6Lf3d9UsAAAAAILBqo6A909pmhyvtYmDoxaKtfMV:0
[147852748ms] [ERROR] Failed to load resource: net::ERR_INTERNET_DISCONNECTED @ https://www.google.com/recaptcha/enterprise/clr?k=6Lf3d9UsAAAAAILBqo6A909pmhyvtYmDoxaKtfMV:0
[147852750ms] [ERROR] Failed to load resource: net::ERR_INTERNET_DISCONNECTED @ https://www.google.com/recaptcha/enterprise/clr?k=6Lf3d9UsAAAAAILBqo6A909pmhyvtYmDoxaKtfMV:0
[147931286ms] [WARNING] [2026-09-03T00:43:33.100Z]  @firebase/auth: Auth (12.6.0): Error while retrieving App Check token: FirebaseError: AppCheck: ReCAPTCHA error. (appCheck/recaptcha-error). @ https://outrun.co.il/_next/static/chunks/2532-16f59635ee5a761a.js:14
[147931289ms] [ERROR] Failed to load resource: net::ERR_INTERNET_DISCONNECTED @ https://securetoken.googleapis.com/v1/token?key=AIzaSyCezG55zVQEZWCEs-lHzx_yQldg-Ej2X60:0
[147931290ms] [ERROR] Failed to load resource: net::ERR_INTERNET_DISCONNECTED @ https://www.google.com/recaptcha/enterprise/clr?k=6Lf3d9UsAAAAAILBqo6A909pmhyvtYmDoxaKtfMV:0
[147931291ms] [ERROR] Failed to load resource: net::ERR_INTERNET_DISCONNECTED @ https://www.google.com/recaptcha/enterprise/clr?k=6Lf3d9UsAAAAAILBqo6A909pmhyvtYmDoxaKtfMV:0
[147931293ms] [ERROR] Failed to load resource: net::ERR_INTERNET_DISCONNECTED @ https://www.google.com/recaptcha/enterprise/clr?k=6Lf3d9UsAAAAAILBqo6A909pmhyvtYmDoxaKtfMV:0
[147931294ms] [ERROR] Failed to load resource: net::ERR_INTERNET_DISCONNECTED @ https://www.google.com/recaptcha/enterprise/clr?k=6Lf3d9UsAAAAAILBqo6A909pmhyvtYmDoxaKtfMV:0
[147962552ms] [WARNING] [2026-09-03T00:44:04.367Z]  @firebase/auth: Auth (12.6.0): Error while retrieving App Check token: FirebaseError: AppCheck: ReCAPTCHA error. (appCheck/recaptcha-error). @ https://outrun.co.il/_next/static/chunks/2532-16f59635ee5a761a.js:14
[147962555ms] [ERROR] Failed to load resource: net::ERR_INTERNET_DISCONNECTED @ https://www.google.com/recaptcha/enterprise/clr?k=6Lf3d9UsAAAAAILBqo6A909pmhyvtYmDoxaKtfMV:0
[147962556ms] [ERROR] Failed to load resource: net::ERR_INTERNET_DISCONNECTED @ https://securetoken.googleapis.com/v1/token?key=AIzaSyCezG55zVQEZWCEs-lHzx_yQldg-Ej2X60:0
[147962557ms] [ERROR] Failed to load resource: net::ERR_INTERNET_DISCONNECTED @ https://www.google.com/recaptcha/enterprise/clr?k=6Lf3d9UsAAAAAILBqo6A909pmhyvtYmDoxaKtfMV:0
[147962558ms] [ERROR] Failed to load resource: net::ERR_INTERNET_DISCONNECTED @ https://www.google.com/recaptcha/enterprise/clr?k=6Lf3d9UsAAAAAILBqo6A909pmhyvtYmDoxaKtfMV:0
[147962560ms] [ERROR] Failed to load resource: net::ERR_INTERNET_DISCONNECTED @ https://www.google.com/recaptcha/enterprise/clr?k=6Lf3d9UsAAAAAILBqo6A909pmhyvtYmDoxaKtfMV:0
[148038244ms] [WARNING] [2026-09-03T00:45:20.059Z]  @firebase/auth: Auth (12.6.0): Error while retrieving App Check token: FirebaseError: AppCheck: ReCAPTCHA error. (appCheck/recaptcha-error). @ https://outrun.co.il/_next/static/chunks/2532-16f59635ee5a761a.js:14
[148038250ms] [ERROR] Failed to load resource: net::ERR_INTERNET_DISCONNECTED @ https://securetoken.googleapis.com/v1/token?key=AIzaSyCezG55zVQEZWCEs-lHzx_yQldg-Ej2X60:0
[148038251ms] [ERROR] Failed to load resource: net::ERR_INTERNET_DISCONNECTED @ https://www.google.com/recaptcha/enterprise/clr?k=6Lf3d9UsAAAAAILBqo6A909pmhyvtYmDoxaKtfMV:0
[148038253ms] [ERROR] Failed to load resource: net::ERR_INTERNET_DISCONNECTED @ https://www.google.com/recaptcha/enterprise/clr?k=6Lf3d9UsAAAAAILBqo6A909pmhyvtYmDoxaKtfMV:0
[148038254ms] [ERROR] Failed to load resource: net::ERR_INTERNET_DISCONNECTED @ https://www.google.com/recaptcha/enterprise/clr?k=6Lf3d9UsAAAAAILBqo6A909pmhyvtYmDoxaKtfMV:0
[148038256ms] [ERROR] Failed to load resource: net::ERR_INTERNET_DISCONNECTED @ https://www.google.com/recaptcha/enterprise/clr?k=6Lf3d9UsAAAAAILBqo6A909pmhyvtYmDoxaKtfMV:0
[148105778ms] [WARNING] [2026-09-03T00:46:27.593Z]  @firebase/auth: Auth (12.6.0): Error while retrieving App Check token: FirebaseError: AppCheck: ReCAPTCHA error. (appCheck/recaptcha-error). @ https://outrun.co.il/_next/static/chunks/2532-16f59635ee5a761a.js:14
[148105781ms] [ERROR] Failed to load resource: net::ERR_INTERNET_DISCONNECTED @ https://www.google.com/recaptcha/enterprise/clr?k=6Lf3d9UsAAAAAILBqo6A909pmhyvtYmDoxaKtfMV:0
[148105782ms] [ERROR] Failed to load resource: net::ERR_INTERNET_DISCONNECTED @ https://securetoken.googleapis.com/v1/token?key=AIzaSyCezG55zVQEZWCEs-lHzx_yQldg-Ej2X60:0
[148105783ms] [ERROR] Failed to load resource: net::ERR_INTERNET_DISCONNECTED @ https://www.google.com/recaptcha/enterprise/clr?k=6Lf3d9UsAAAAAILBqo6A909pmhyvtYmDoxaKtfMV:0
[148105784ms] [ERROR] Failed to load resource: net::ERR_INTERNET_DISCONNECTED @ https://www.google.com/recaptcha/enterprise/clr?k=6Lf3d9UsAAAAAILBqo6A909pmhyvtYmDoxaKtfMV:0
[148105786ms] [ERROR] Failed to load resource: net::ERR_INTERNET_DISCONNECTED @ https://www.google.com/recaptcha/enterprise/clr?k=6Lf3d9UsAAAAAILBqo6A909pmhyvtYmDoxaKtfMV:0
[148130149ms] [WARNING] [2026-09-03T00:46:51.963Z]  @firebase/auth: Auth (12.6.0): Error while retrieving App Check token: FirebaseError: AppCheck: ReCAPTCHA error. (appCheck/recaptcha-error). @ https://outrun.co.il/_next/static/chunks/2532-16f59635ee5a761a.js:14
[148130152ms] [ERROR] Failed to load resource: net::ERR_INTERNET_DISCONNECTED @ https://securetoken.googleapis.com/v1/token?key=AIzaSyCezG55zVQEZWCEs-lHzx_yQldg-Ej2X60:0
[148130153ms] [ERROR] Failed to load resource: net::ERR_INTERNET_DISCONNECTED @ https://www.google.com/recaptcha/enterprise/clr?k=6Lf3d9UsAAAAAILBqo6A909pmhyvtYmDoxaKtfMV:0
[148130155ms] [ERROR] Failed to load resource: net::ERR_INTERNET_DISCONNECTED @ https://www.google.com/recaptcha/enterprise/clr?k=6Lf3d9UsAAAAAILBqo6A909pmhyvtYmDoxaKtfMV:0
[148130156ms] [ERROR] Failed to load resource: net::ERR_INTERNET_DISCONNECTED @ https://www.google.com/recaptcha/enterprise/clr?k=6Lf3d9UsAAAAAILBqo6A909pmhyvtYmDoxaKtfMV:0
[148130158ms] [ERROR] Failed to load resource: net::ERR_INTERNET_DISCONNECTED @ https://www.google.com/recaptcha/enterprise/clr?k=6Lf3d9UsAAAAAILBqo6A909pmhyvtYmDoxaKtfMV:0
[148178448ms] [WARNING] [2026-09-03T00:47:40.262Z]  @firebase/auth: Auth (12.6.0): Error while retrieving App Check token: FirebaseError: AppCheck: ReCAPTCHA error. (appCheck/recaptcha-error). @ https://outrun.co.il/_next/static/chunks/2532-16f59635ee5a761a.js:14
[148178452ms] [ERROR] Failed to load resource: net::ERR_INTERNET_DISCONNECTED @ https://www.google.com/recaptcha/enterprise/clr?k=6Lf3d9UsAAAAAILBqo6A909pmhyvtYmDoxaKtfMV:0
[148178452ms] [ERROR] Failed to load resource: net::ERR_INTERNET_DISCONNECTED @ https://securetoken.googleapis.com/v1/token?key=AIzaSyCezG55zVQEZWCEs-lHzx_yQldg-Ej2X60:0
[148178454ms] [ERROR] Failed to load resource: net::ERR_INTERNET_DISCONNECTED @ https://www.google.com/recaptcha/enterprise/clr?k=6Lf3d9UsAAAAAILBqo6A909pmhyvtYmDoxaKtfMV:0
[148178455ms] [ERROR] Failed to load resource: net::ERR_INTERNET_DISCONNECTED @ https://www.google.com/recaptcha/enterprise/clr?k=6Lf3d9UsAAAAAILBqo6A909pmhyvtYmDoxaKtfMV:0
[148178457ms] [ERROR] Failed to load resource: net::ERR_INTERNET_DISCONNECTED @ https://www.google.com/recaptcha/enterprise/clr?k=6Lf3d9UsAAAAAILBqo6A909pmhyvtYmDoxaKtfMV:0
[148236189ms] [WARNING] [2026-09-03T00:48:38.003Z]  @firebase/auth: Auth (12.6.0): Error while retrieving App Check token: FirebaseError: AppCheck: ReCAPTCHA error. (appCheck/recaptcha-error). @ https://outrun.co.il/_next/static/chunks/2532-16f59635ee5a761a.js:14
[148236193ms] [ERROR] Failed to load resource: net::ERR_INTERNET_DISCONNECTED @ https://securetoken.googleapis.com/v1/token?key=AIzaSyCezG55zVQEZWCEs-lHzx_yQldg-Ej2X60:0
[148236195ms] [ERROR] Failed to load resource: net::ERR_INTERNET_DISCONNECTED @ https://www.google.com/recaptcha/enterprise/clr?k=6Lf3d9UsAAAAAILBqo6A909pmhyvtYmDoxaKtfMV:0
[148236197ms] [ERROR] Failed to load resource: net::ERR_INTERNET_DISCONNECTED @ https://www.google.com/recaptcha/enterprise/clr?k=6Lf3d9UsAAAAAILBqo6A909pmhyvtYmDoxaKtfMV:0
[148236198ms] [ERROR] Failed to load resource: net::ERR_INTERNET_DISCONNECTED @ https://www.google.com/recaptcha/enterprise/clr?k=6Lf3d9UsAAAAAILBqo6A909pmhyvtYmDoxaKtfMV:0
[148236200ms] [ERROR] Failed to load resource: net::ERR_INTERNET_DISCONNECTED @ https://www.google.com/recaptcha/enterprise/clr?k=6Lf3d9UsAAAAAILBqo6A909pmhyvtYmDoxaKtfMV:0
[148299723ms] [WARNING] [2026-09-03T00:49:41.537Z]  @firebase/auth: Auth (12.6.0): Error while retrieving App Check token: FirebaseError: AppCheck: ReCAPTCHA error. (appCheck/recaptcha-error). @ https://outrun.co.il/_next/static/chunks/2532-16f59635ee5a761a.js:14
[148299726ms] [ERROR] Failed to load resource: net::ERR_INTERNET_DISCONNECTED @ https://securetoken.googleapis.com/v1/token?key=AIzaSyCezG55zVQEZWCEs-lHzx_yQldg-Ej2X60:0
[148299727ms] [ERROR] Failed to load resource: net::ERR_INTERNET_DISCONNECTED @ https://www.google.com/recaptcha/enterprise/clr?k=6Lf3d9UsAAAAAILBqo6A909pmhyvtYmDoxaKtfMV:0
[148299728ms] [ERROR] Failed to load resource: net::ERR_INTERNET_DISCONNECTED @ https://www.google.com/recaptcha/enterprise/clr?k=6Lf3d9UsAAAAAILBqo6A909pmhyvtYmDoxaKtfMV:0
[148299730ms] [ERROR] Failed to load resource: net::ERR_INTERNET_DISCONNECTED @ https://www.google.com/recaptcha/enterprise/clr?k=6Lf3d9UsAAAAAILBqo6A909pmhyvtYmDoxaKtfMV:0
[148299731ms] [ERROR] Failed to load resource: net::ERR_INTERNET_DISCONNECTED @ https://www.google.com/recaptcha/enterprise/clr?k=6Lf3d9UsAAAAAILBqo6A909pmhyvtYmDoxaKtfMV:0
[148330780ms] [WARNING] [2026-09-03T00:50:12.595Z]  @firebase/auth: Auth (12.6.0): Error while retrieving App Check token: FirebaseError: AppCheck: ReCAPTCHA error. (appCheck/recaptcha-error). @ https://outrun.co.il/_next/static/chunks/2532-16f59635ee5a761a.js:14
[148330784ms] [ERROR] Failed to load resource: net::ERR_INTERNET_DISCONNECTED @ https://securetoken.googleapis.com/v1/token?key=AIzaSyCezG55zVQEZWCEs-lHzx_yQldg-Ej2X60:0
[148330785ms] [ERROR] Failed to load resource: net::ERR_INTERNET_DISCONNECTED @ https://www.google.com/recaptcha/enterprise/clr?k=6Lf3d9UsAAAAAILBqo6A909pmhyvtYmDoxaKtfMV:0
[148330787ms] [ERROR] Failed to load resource: net::ERR_INTERNET_DISCONNECTED @ https://www.google.com/recaptcha/enterprise/clr?k=6Lf3d9UsAAAAAILBqo6A909pmhyvtYmDoxaKtfMV:0
[148330788ms] [ERROR] Failed to load resource: net::ERR_INTERNET_DISCONNECTED @ https://www.google.com/recaptcha/enterprise/clr?k=6Lf3d9UsAAAAAILBqo6A909pmhyvtYmDoxaKtfMV:0
[148330789ms] [ERROR] Failed to load resource: net::ERR_INTERNET_DISCONNECTED @ https://www.google.com/recaptcha/enterprise/clr?k=6Lf3d9UsAAAAAILBqo6A909pmhyvtYmDoxaKtfMV:0
[148383629ms] [WARNING] [2026-09-03T00:51:05.443Z]  @firebase/auth: Auth (12.6.0): Error while retrieving App Check token: FirebaseError: AppCheck: ReCAPTCHA error. (appCheck/recaptcha-error). @ https://outrun.co.il/_next/static/chunks/2532-16f59635ee5a761a.js:14
[148383632ms] [ERROR] Failed to load resource: net::ERR_INTERNET_DISCONNECTED @ https://securetoken.googleapis.com/v1/token?key=AIzaSyCezG55zVQEZWCEs-lHzx_yQldg-Ej2X60:0
[148383632ms] [WARNING] [session] silent refresh failed: FirebaseError: Firebase: Error (auth/network-request-failed).
    at _ (https://outrun.co.il/_next/static/chunks/ebf8faf4-4b21e6e1cecfd8ac.js:1:2449)
    at d (https://outrun.co.il/_next/static/chunks/ebf8faf4-4b21e6e1cecfd8ac.js:1:1774)
    at O (https://outrun.co.il/_next/static/chunks/ebf8faf4-4b21e6e1cecfd8ac.js:1:8154)
    at async et (https://outrun.co.il/_next/static/chunks/ebf8faf4-4b21e6e1cecfd8ac.js:1:13604)
    at async er.refresh (https://outrun.co.il/_next/static/chunks/ebf8faf4-4b21e6e1cecfd8ac.js:1:15036)
    at async er.getToken (https://outrun.co.il/_next/static/chunks/ebf8faf4-4b21e6e1cecfd8ac.js:1:14848)
    at async B (https://outrun.co.il/_next/static/chunks/ebf8faf4-4b21e6e1cecfd8ac.js:1:11368)
    at async es.getIdToken (https://outrun.co.il/_next/static/chunks/ebf8faf4-4b21e6e1cecfd8ac.js:1:16560)
    at async https://outrun.co.il/_next/static/chunks/app/admin/layout-19dbfc67bfe16a74.js:1:7218 @ https://outrun.co.il/_next/static/chunks/app/admin/layout-19dbfc67bfe16a74.js:0
[148383633ms] [ERROR] Failed to load resource: net::ERR_INTERNET_DISCONNECTED @ https://www.google.com/recaptcha/enterprise/clr?k=6Lf3d9UsAAAAAILBqo6A909pmhyvtYmDoxaKtfMV:0
[148383635ms] [ERROR] Failed to load resource: net::ERR_INTERNET_DISCONNECTED @ https://www.google.com/recaptcha/enterprise/clr?k=6Lf3d9UsAAAAAILBqo6A909pmhyvtYmDoxaKtfMV:0
[148383637ms] [ERROR] Failed to load resource: net::ERR_INTERNET_DISCONNECTED @ https://www.google.com/recaptcha/enterprise/clr?k=6Lf3d9UsAAAAAILBqo6A909pmhyvtYmDoxaKtfMV:0
[148383639ms] [ERROR] Failed to load resource: net::ERR_INTERNET_DISCONNECTED @ https://www.google.com/recaptcha/enterprise/clr?k=6Lf3d9UsAAAAAILBqo6A909pmhyvtYmDoxaKtfMV:0
[148400305ms] [WARNING] [2026-09-03T00:51:22.119Z]  @firebase/auth: Auth (12.6.0): Error while retrieving App Check token: FirebaseError: AppCheck: ReCAPTCHA error. (appCheck/recaptcha-error). @ https://outrun.co.il/_next/static/chunks/2532-16f59635ee5a761a.js:14
[148400310ms] [ERROR] Failed to load resource: net::ERR_INTERNET_DISCONNECTED @ https://securetoken.googleapis.com/v1/token?key=AIzaSyCezG55zVQEZWCEs-lHzx_yQldg-Ej2X60:0
[148400310ms] [ERROR] Failed to load resource: net::ERR_INTERNET_DISCONNECTED @ https://www.google.com/recaptcha/enterprise/clr?k=6Lf3d9UsAAAAAILBqo6A909pmhyvtYmDoxaKtfMV:0
[148400312ms] [ERROR] Failed to load resource: net::ERR_INTERNET_DISCONNECTED @ https://www.google.com/recaptcha/enterprise/clr?k=6Lf3d9UsAAAAAILBqo6A909pmhyvtYmDoxaKtfMV:0
[148400314ms] [ERROR] Failed to load resource: net::ERR_INTERNET_DISCONNECTED @ https://www.google.com/recaptcha/enterprise/clr?k=6Lf3d9UsAAAAAILBqo6A909pmhyvtYmDoxaKtfMV:0
[148400315ms] [ERROR] Failed to load resource: net::ERR_INTERNET_DISCONNECTED @ https://www.google.com/recaptcha/enterprise/clr?k=6Lf3d9UsAAAAAILBqo6A909pmhyvtYmDoxaKtfMV:0
[148402355ms] [ERROR] Failed to load resource: net::ERR_INTERNET_DISCONNECTED @ https://www.google.com/recaptcha/enterprise/clr?k=6Lf3d9UsAAAAAILBqo6A909pmhyvtYmDoxaKtfMV:0
[148402356ms] [ERROR] Failed to load resource: net::ERR_INTERNET_DISCONNECTED @ https://www.google.com/recaptcha/enterprise/clr?k=6Lf3d9UsAAAAAILBqo6A909pmhyvtYmDoxaKtfMV:0
[148402358ms] [ERROR] Failed to load resource: net::ERR_INTERNET_DISCONNECTED @ https://www.google.com/recaptcha/enterprise/clr?k=6Lf3d9UsAAAAAILBqo6A909pmhyvtYmDoxaKtfMV:0
[148402360ms] [ERROR] Failed to load resource: net::ERR_INTERNET_DISCONNECTED @ https://www.google.com/recaptcha/enterprise/clr?k=6Lf3d9UsAAAAAILBqo6A909pmhyvtYmDoxaKtfMV:0
[148485817ms] [WARNING] [2026-09-03T00:52:47.632Z]  @firebase/auth: Auth (12.6.0): Error while retrieving App Check token: FirebaseError: AppCheck: ReCAPTCHA error. (appCheck/recaptcha-error). @ https://outrun.co.il/_next/static/chunks/2532-16f59635ee5a761a.js:14
[148485821ms] [ERROR] Failed to load resource: net::ERR_INTERNET_DISCONNECTED @ https://securetoken.googleapis.com/v1/token?key=AIzaSyCezG55zVQEZWCEs-lHzx_yQldg-Ej2X60:0
[148485823ms] [ERROR] Failed to load resource: net::ERR_INTERNET_DISCONNECTED @ https://www.google.com/recaptcha/enterprise/clr?k=6Lf3d9UsAAAAAILBqo6A909pmhyvtYmDoxaKtfMV:0
[148485825ms] [ERROR] Failed to load resource: net::ERR_INTERNET_DISCONNECTED @ https://www.google.com/recaptcha/enterprise/clr?k=6Lf3d9UsAAAAAILBqo6A909pmhyvtYmDoxaKtfMV:0
[148485827ms] [ERROR] Failed to load resource: net::ERR_INTERNET_DISCONNECTED @ https://www.google.com/recaptcha/enterprise/clr?k=6Lf3d9UsAAAAAILBqo6A909pmhyvtYmDoxaKtfMV:0
[148485829ms] [ERROR] Failed to load resource: net::ERR_INTERNET_DISCONNECTED @ https://www.google.com/recaptcha/enterprise/clr?k=6Lf3d9UsAAAAAILBqo6A909pmhyvtYmDoxaKtfMV:0
[148547851ms] [WARNING] [2026-09-03T00:53:49.665Z]  @firebase/auth: Auth (12.6.0): Error while retrieving App Check token: FirebaseError: AppCheck: ReCAPTCHA error. (appCheck/recaptcha-error). @ https://outrun.co.il/_next/static/chunks/2532-16f59635ee5a761a.js:14
[148547853ms] [ERROR] Failed to load resource: net::ERR_INTERNET_DISCONNECTED @ https://securetoken.googleapis.com/v1/token?key=AIzaSyCezG55zVQEZWCEs-lHzx_yQldg-Ej2X60:0
[148547854ms] [ERROR] Failed to load resource: net::ERR_INTERNET_DISCONNECTED @ https://www.google.com/recaptcha/enterprise/clr?k=6Lf3d9UsAAAAAILBqo6A909pmhyvtYmDoxaKtfMV:0
[148547857ms] [ERROR] Failed to load resource: net::ERR_INTERNET_DISCONNECTED @ https://www.google.com/recaptcha/enterprise/clr?k=6Lf3d9UsAAAAAILBqo6A909pmhyvtYmDoxaKtfMV:0
[148547859ms] [ERROR] Failed to load resource: net::ERR_INTERNET_DISCONNECTED @ https://www.google.com/recaptcha/enterprise/clr?k=6Lf3d9UsAAAAAILBqo6A909pmhyvtYmDoxaKtfMV:0
[148547860ms] [ERROR] Failed to load resource: net::ERR_INTERNET_DISCONNECTED @ https://www.google.com/recaptcha/enterprise/clr?k=6Lf3d9UsAAAAAILBqo6A909pmhyvtYmDoxaKtfMV:0
[148590157ms] [WARNING] [2026-09-03T00:54:31.971Z]  @firebase/auth: Auth (12.6.0): Error while retrieving App Check token: FirebaseError: AppCheck: ReCAPTCHA error. (appCheck/recaptcha-error). @ https://outrun.co.il/_next/static/chunks/2532-16f59635ee5a761a.js:14
[148590161ms] [ERROR] Failed to load resource: net::ERR_INTERNET_DISCONNECTED @ https://securetoken.googleapis.com/v1/token?key=AIzaSyCezG55zVQEZWCEs-lHzx_yQldg-Ej2X60:0
[148590162ms] [ERROR] Failed to load resource: net::ERR_INTERNET_DISCONNECTED @ https://www.google.com/recaptcha/enterprise/clr?k=6Lf3d9UsAAAAAILBqo6A909pmhyvtYmDoxaKtfMV:0
[148590164ms] [ERROR] Failed to load resource: net::ERR_INTERNET_DISCONNECTED @ https://www.google.com/recaptcha/enterprise/clr?k=6Lf3d9UsAAAAAILBqo6A909pmhyvtYmDoxaKtfMV:0
[148590166ms] [ERROR] Failed to load resource: net::ERR_INTERNET_DISCONNECTED @ https://www.google.com/recaptcha/enterprise/clr?k=6Lf3d9UsAAAAAILBqo6A909pmhyvtYmDoxaKtfMV:0
[148590168ms] [ERROR] Failed to load resource: net::ERR_INTERNET_DISCONNECTED @ https://www.google.com/recaptcha/enterprise/clr?k=6Lf3d9UsAAAAAILBqo6A909pmhyvtYmDoxaKtfMV:0
[148669796ms] [WARNING] [2026-09-03T00:55:51.610Z]  @firebase/auth: Auth (12.6.0): Error while retrieving App Check token: FirebaseError: AppCheck: ReCAPTCHA error. (appCheck/recaptcha-error). @ https://outrun.co.il/_next/static/chunks/2532-16f59635ee5a761a.js:14
[148669802ms] [ERROR] Failed to load resource: net::ERR_INTERNET_DISCONNECTED @ https://securetoken.googleapis.com/v1/token?key=AIzaSyCezG55zVQEZWCEs-lHzx_yQldg-Ej2X60:0
[148669802ms] [WARNING] [AdminSessionSync] Refresh failed: FirebaseError: Firebase: Error (auth/network-request-failed).
    at _ (https://outrun.co.il/_next/static/chunks/ebf8faf4-4b21e6e1cecfd8ac.js:1:2449)
    at d (https://outrun.co.il/_next/static/chunks/ebf8faf4-4b21e6e1cecfd8ac.js:1:1774)
    at O (https://outrun.co.il/_next/static/chunks/ebf8faf4-4b21e6e1cecfd8ac.js:1:8154)
    at async et (https://outrun.co.il/_next/static/chunks/ebf8faf4-4b21e6e1cecfd8ac.js:1:13604)
    at async er.refresh (https://outrun.co.il/_next/static/chunks/ebf8faf4-4b21e6e1cecfd8ac.js:1:15036)
    at async er.getToken (https://outrun.co.il/_next/static/chunks/ebf8faf4-4b21e6e1cecfd8ac.js:1:14848)
    at async B (https://outrun.co.il/_next/static/chunks/ebf8faf4-4b21e6e1cecfd8ac.js:1:11368)
    at async es.getIdToken (https://outrun.co.il/_next/static/chunks/ebf8faf4-4b21e6e1cecfd8ac.js:1:16560)
    at async https://outrun.co.il/_next/static/chunks/app/admin/layout-19dbfc67bfe16a74.js:1:4522 @ https://outrun.co.il/_next/static/chunks/app/admin/layout-19dbfc67bfe16a74.js:0
[148669803ms] [ERROR] Failed to load resource: net::ERR_INTERNET_DISCONNECTED @ https://www.google.com/recaptcha/enterprise/clr?k=6Lf3d9UsAAAAAILBqo6A909pmhyvtYmDoxaKtfMV:0
[148669805ms] [ERROR] Failed to load resource: net::ERR_INTERNET_DISCONNECTED @ https://www.google.com/recaptcha/enterprise/clr?k=6Lf3d9UsAAAAAILBqo6A909pmhyvtYmDoxaKtfMV:0
[148669807ms] [ERROR] Failed to load resource: net::ERR_INTERNET_DISCONNECTED @ https://www.google.com/recaptcha/enterprise/clr?k=6Lf3d9UsAAAAAILBqo6A909pmhyvtYmDoxaKtfMV:0
[148669809ms] [ERROR] Failed to load resource: net::ERR_INTERNET_DISCONNECTED @ https://www.google.com/recaptcha/enterprise/clr?k=6Lf3d9UsAAAAAILBqo6A909pmhyvtYmDoxaKtfMV:0
[148677483ms] [WARNING] [2026-09-03T00:55:59.297Z]  @firebase/auth: Auth (12.6.0): Error while retrieving App Check token: FirebaseError: AppCheck: ReCAPTCHA error. (appCheck/recaptcha-error). @ https://outrun.co.il/_next/static/chunks/2532-16f59635ee5a761a.js:14
[148677486ms] [ERROR] Failed to load resource: net::ERR_INTERNET_DISCONNECTED @ https://securetoken.googleapis.com/v1/token?key=AIzaSyCezG55zVQEZWCEs-lHzx_yQldg-Ej2X60:0
[148677486ms] [ERROR] Failed to load resource: net::ERR_INTERNET_DISCONNECTED @ https://www.google.com/recaptcha/enterprise/clr?k=6Lf3d9UsAAAAAILBqo6A909pmhyvtYmDoxaKtfMV:0
[148677488ms] [ERROR] Failed to load resource: net::ERR_INTERNET_DISCONNECTED @ https://www.google.com/recaptcha/enterprise/clr?k=6Lf3d9UsAAAAAILBqo6A909pmhyvtYmDoxaKtfMV:0
[148677489ms] [ERROR] Failed to load resource: net::ERR_INTERNET_DISCONNECTED @ https://www.google.com/recaptcha/enterprise/clr?k=6Lf3d9UsAAAAAILBqo6A909pmhyvtYmDoxaKtfMV:0
[148677491ms] [ERROR] Failed to load resource: net::ERR_INTERNET_DISCONNECTED @ https://www.google.com/recaptcha/enterprise/clr?k=6Lf3d9UsAAAAAILBqo6A909pmhyvtYmDoxaKtfMV:0
[148761773ms] [WARNING] [2026-09-03T00:57:23.587Z]  @firebase/auth: Auth (12.6.0): Error while retrieving App Check token: FirebaseError: AppCheck: ReCAPTCHA error. (appCheck/recaptcha-error). @ https://outrun.co.il/_next/static/chunks/2532-16f59635ee5a761a.js:14
[148761776ms] [ERROR] Failed to load resource: net::ERR_INTERNET_DISCONNECTED @ https://securetoken.googleapis.com/v1/token?key=AIzaSyCezG55zVQEZWCEs-lHzx_yQldg-Ej2X60:0
[148761777ms] [ERROR] Failed to load resource: net::ERR_INTERNET_DISCONNECTED @ https://www.google.com/recaptcha/enterprise/clr?k=6Lf3d9UsAAAAAILBqo6A909pmhyvtYmDoxaKtfMV:0
[148761780ms] [ERROR] Failed to load resource: net::ERR_INTERNET_DISCONNECTED @ https://www.google.com/recaptcha/enterprise/clr?k=6Lf3d9UsAAAAAILBqo6A909pmhyvtYmDoxaKtfMV:0
[148761781ms] [ERROR] Failed to load resource: net::ERR_INTERNET_DISCONNECTED @ https://www.google.com/recaptcha/enterprise/clr?k=6Lf3d9UsAAAAAILBqo6A909pmhyvtYmDoxaKtfMV:0
[148761783ms] [ERROR] Failed to load resource: net::ERR_INTERNET_DISCONNECTED @ https://www.google.com/recaptcha/enterprise/clr?k=6Lf3d9UsAAAAAILBqo6A909pmhyvtYmDoxaKtfMV:0
[148820097ms] [WARNING] [2026-09-03T00:58:21.912Z]  @firebase/auth: Auth (12.6.0): Error while retrieving App Check token: FirebaseError: AppCheck: ReCAPTCHA error. (appCheck/recaptcha-error). @ https://outrun.co.il/_next/static/chunks/2532-16f59635ee5a761a.js:14
[148820100ms] [ERROR] Failed to load resource: net::ERR_INTERNET_DISCONNECTED @ https://securetoken.googleapis.com/v1/token?key=AIzaSyCezG55zVQEZWCEs-lHzx_yQldg-Ej2X60:0
[148820101ms] [ERROR] Failed to load resource: net::ERR_INTERNET_DISCONNECTED @ https://www.google.com/recaptcha/enterprise/clr?k=6Lf3d9UsAAAAAILBqo6A909pmhyvtYmDoxaKtfMV:0
[148820103ms] [ERROR] Failed to load resource: net::ERR_INTERNET_DISCONNECTED @ https://www.google.com/recaptcha/enterprise/clr?k=6Lf3d9UsAAAAAILBqo6A909pmhyvtYmDoxaKtfMV:0
[148820105ms] [ERROR] Failed to load resource: net::ERR_INTERNET_DISCONNECTED @ https://www.google.com/recaptcha/enterprise/clr?k=6Lf3d9UsAAAAAILBqo6A909pmhyvtYmDoxaKtfMV:0
[148820107ms] [ERROR] Failed to load resource: net::ERR_INTERNET_DISCONNECTED @ https://www.google.com/recaptcha/enterprise/clr?k=6Lf3d9UsAAAAAILBqo6A909pmhyvtYmDoxaKtfMV:0
[148858245ms] [WARNING] [2026-09-03T00:59:00.060Z]  @firebase/auth: Auth (12.6.0): Error while retrieving App Check token: FirebaseError: AppCheck: ReCAPTCHA error. (appCheck/recaptcha-error). @ https://outrun.co.il/_next/static/chunks/2532-16f59635ee5a761a.js:14
[148858254ms] [ERROR] Failed to load resource: net::ERR_INTERNET_DISCONNECTED @ https://securetoken.googleapis.com/v1/token?key=AIzaSyCezG55zVQEZWCEs-lHzx_yQldg-Ej2X60:0
[148858256ms] [ERROR] Failed to load resource: net::ERR_INTERNET_DISCONNECTED @ https://www.google.com/recaptcha/enterprise/clr?k=6Lf3d9UsAAAAAILBqo6A909pmhyvtYmDoxaKtfMV:0
[148858259ms] [ERROR] Failed to load resource: net::ERR_INTERNET_DISCONNECTED @ https://www.google.com/recaptcha/enterprise/clr?k=6Lf3d9UsAAAAAILBqo6A909pmhyvtYmDoxaKtfMV:0
[148858261ms] [ERROR] Failed to load resource: net::ERR_INTERNET_DISCONNECTED @ https://www.google.com/recaptcha/enterprise/clr?k=6Lf3d9UsAAAAAILBqo6A909pmhyvtYmDoxaKtfMV:0
[148858263ms] [ERROR] Failed to load resource: net::ERR_INTERNET_DISCONNECTED @ https://www.google.com/recaptcha/enterprise/clr?k=6Lf3d9UsAAAAAILBqo6A909pmhyvtYmDoxaKtfMV:0
[148932450ms] [WARNING] [2026-09-03T01:00:14.265Z]  @firebase/auth: Auth (12.6.0): Error while retrieving App Check token: FirebaseError: AppCheck: ReCAPTCHA error. (appCheck/recaptcha-error). @ https://outrun.co.il/_next/static/chunks/2532-16f59635ee5a761a.js:14
[148932455ms] [ERROR] Failed to load resource: net::ERR_INTERNET_DISCONNECTED @ https://securetoken.googleapis.com/v1/token?key=AIzaSyCezG55zVQEZWCEs-lHzx_yQldg-Ej2X60:0
[148932457ms] [ERROR] Failed to load resource: net::ERR_INTERNET_DISCONNECTED @ https://www.google.com/recaptcha/enterprise/clr?k=6Lf3d9UsAAAAAILBqo6A909pmhyvtYmDoxaKtfMV:0
[148932458ms] [ERROR] Failed to load resource: net::ERR_INTERNET_DISCONNECTED @ https://www.google.com/recaptcha/enterprise/clr?k=6Lf3d9UsAAAAAILBqo6A909pmhyvtYmDoxaKtfMV:0
[148932460ms] [ERROR] Failed to load resource: net::ERR_INTERNET_DISCONNECTED @ https://www.google.com/recaptcha/enterprise/clr?k=6Lf3d9UsAAAAAILBqo6A909pmhyvtYmDoxaKtfMV:0
[148932461ms] [ERROR] Failed to load resource: net::ERR_INTERNET_DISCONNECTED @ https://www.google.com/recaptcha/enterprise/clr?k=6Lf3d9UsAAAAAILBqo6A909pmhyvtYmDoxaKtfMV:0
[148995104ms] [WARNING] [2026-09-03T01:01:16.919Z]  @firebase/auth: Auth (12.6.0): Error while retrieving App Check token: FirebaseError: AppCheck: ReCAPTCHA error. (appCheck/recaptcha-error). @ https://outrun.co.il/_next/static/chunks/2532-16f59635ee5a761a.js:14
[148995109ms] [ERROR] Failed to load resource: net::ERR_INTERNET_DISCONNECTED @ https://securetoken.googleapis.com/v1/token?key=AIzaSyCezG55zVQEZWCEs-lHzx_yQldg-Ej2X60:0
[148995111ms] [ERROR] Failed to load resource: net::ERR_INTERNET_DISCONNECTED @ https://www.google.com/recaptcha/enterprise/clr?k=6Lf3d9UsAAAAAILBqo6A909pmhyvtYmDoxaKtfMV:0
[148995114ms] [ERROR] Failed to load resource: net::ERR_INTERNET_DISCONNECTED @ https://www.google.com/recaptcha/enterprise/clr?k=6Lf3d9UsAAAAAILBqo6A909pmhyvtYmDoxaKtfMV:0
[148995116ms] [ERROR] Failed to load resource: net::ERR_INTERNET_DISCONNECTED @ https://www.google.com/recaptcha/enterprise/clr?k=6Lf3d9UsAAAAAILBqo6A909pmhyvtYmDoxaKtfMV:0
[148995117ms] [ERROR] Failed to load resource: net::ERR_INTERNET_DISCONNECTED @ https://www.google.com/recaptcha/enterprise/clr?k=6Lf3d9UsAAAAAILBqo6A909pmhyvtYmDoxaKtfMV:0
[149069384ms] [WARNING] [2026-09-03T01:02:31.198Z]  @firebase/auth: Auth (12.6.0): Error while retrieving App Check token: FirebaseError: AppCheck: ReCAPTCHA error. (appCheck/recaptcha-error). @ https://outrun.co.il/_next/static/chunks/2532-16f59635ee5a761a.js:14
[149069390ms] [ERROR] Failed to load resource: net::ERR_INTERNET_DISCONNECTED @ https://securetoken.googleapis.com/v1/token?key=AIzaSyCezG55zVQEZWCEs-lHzx_yQldg-Ej2X60:0
[149069392ms] [ERROR] Failed to load resource: net::ERR_INTERNET_DISCONNECTED @ https://www.google.com/recaptcha/enterprise/clr?k=6Lf3d9UsAAAAAILBqo6A909pmhyvtYmDoxaKtfMV:0
[149069394ms] [ERROR] Failed to load resource: net::ERR_INTERNET_DISCONNECTED @ https://www.google.com/recaptcha/enterprise/clr?k=6Lf3d9UsAAAAAILBqo6A909pmhyvtYmDoxaKtfMV:0
[149069396ms] [ERROR] Failed to load resource: net::ERR_INTERNET_DISCONNECTED @ https://www.google.com/recaptcha/enterprise/clr?k=6Lf3d9UsAAAAAILBqo6A909pmhyvtYmDoxaKtfMV:0
[149069398ms] [ERROR] Failed to load resource: net::ERR_INTERNET_DISCONNECTED @ https://www.google.com/recaptcha/enterprise/clr?k=6Lf3d9UsAAAAAILBqo6A909pmhyvtYmDoxaKtfMV:0
[149090161ms] [WARNING] [2026-09-03T01:02:51.975Z]  @firebase/auth: Auth (12.6.0): Error while retrieving App Check token: FirebaseError: AppCheck: ReCAPTCHA error. (appCheck/recaptcha-error). @ https://outrun.co.il/_next/static/chunks/2532-16f59635ee5a761a.js:14
[149090163ms] [ERROR] Failed to load resource: net::ERR_INTERNET_DISCONNECTED @ https://www.google.com/recaptcha/enterprise/clr?k=6Lf3d9UsAAAAAILBqo6A909pmhyvtYmDoxaKtfMV:0
[149090164ms] [ERROR] Failed to load resource: net::ERR_INTERNET_DISCONNECTED @ https://securetoken.googleapis.com/v1/token?key=AIzaSyCezG55zVQEZWCEs-lHzx_yQldg-Ej2X60:0
[149090165ms] [ERROR] Failed to load resource: net::ERR_INTERNET_DISCONNECTED @ https://www.google.com/recaptcha/enterprise/clr?k=6Lf3d9UsAAAAAILBqo6A909pmhyvtYmDoxaKtfMV:0
[149090167ms] [ERROR] Failed to load resource: net::ERR_INTERNET_DISCONNECTED @ https://www.google.com/recaptcha/enterprise/clr?k=6Lf3d9UsAAAAAILBqo6A909pmhyvtYmDoxaKtfMV:0
[149090168ms] [ERROR] Failed to load resource: net::ERR_INTERNET_DISCONNECTED @ https://www.google.com/recaptcha/enterprise/clr?k=6Lf3d9UsAAAAAILBqo6A909pmhyvtYmDoxaKtfMV:0
[149102261ms] [WARNING] [2026-09-03T01:03:04.076Z]  @firebase/auth: Auth (12.6.0): Error while retrieving App Check token: FirebaseError: AppCheck: ReCAPTCHA error. (appCheck/recaptcha-error). @ https://outrun.co.il/_next/static/chunks/2532-16f59635ee5a761a.js:14
[149102264ms] [ERROR] Failed to load resource: net::ERR_INTERNET_DISCONNECTED @ https://www.google.com/recaptcha/enterprise/clr?k=6Lf3d9UsAAAAAILBqo6A909pmhyvtYmDoxaKtfMV:0
[149102265ms] [ERROR] Failed to load resource: net::ERR_INTERNET_DISCONNECTED @ https://securetoken.googleapis.com/v1/token?key=AIzaSyCezG55zVQEZWCEs-lHzx_yQldg-Ej2X60:0
[149102266ms] [ERROR] Failed to load resource: net::ERR_INTERNET_DISCONNECTED @ https://www.google.com/recaptcha/enterprise/clr?k=6Lf3d9UsAAAAAILBqo6A909pmhyvtYmDoxaKtfMV:0
[149102268ms] [ERROR] Failed to load resource: net::ERR_INTERNET_DISCONNECTED @ https://www.google.com/recaptcha/enterprise/clr?k=6Lf3d9UsAAAAAILBqo6A909pmhyvtYmDoxaKtfMV:0
[149102269ms] [ERROR] Failed to load resource: net::ERR_INTERNET_DISCONNECTED @ https://www.google.com/recaptcha/enterprise/clr?k=6Lf3d9UsAAAAAILBqo6A909pmhyvtYmDoxaKtfMV:0
[149145801ms] [WARNING] [2026-09-03T01:03:47.616Z]  @firebase/auth: Auth (12.6.0): Error while retrieving App Check token: FirebaseError: AppCheck: ReCAPTCHA error. (appCheck/recaptcha-error). @ https://outrun.co.il/_next/static/chunks/2532-16f59635ee5a761a.js:14
[149145805ms] [ERROR] Failed to load resource: net::ERR_INTERNET_DISCONNECTED @ https://www.google.com/recaptcha/enterprise/clr?k=6Lf3d9UsAAAAAILBqo6A909pmhyvtYmDoxaKtfMV:0
[149145806ms] [ERROR] Failed to load resource: net::ERR_INTERNET_DISCONNECTED @ https://securetoken.googleapis.com/v1/token?key=AIzaSyCezG55zVQEZWCEs-lHzx_yQldg-Ej2X60:0
[149145807ms] [ERROR] Failed to load resource: net::ERR_INTERNET_DISCONNECTED @ https://www.google.com/recaptcha/enterprise/clr?k=6Lf3d9UsAAAAAILBqo6A909pmhyvtYmDoxaKtfMV:0
[149145810ms] [ERROR] Failed to load resource: net::ERR_INTERNET_DISCONNECTED @ https://www.google.com/recaptcha/enterprise/clr?k=6Lf3d9UsAAAAAILBqo6A909pmhyvtYmDoxaKtfMV:0
[149145811ms] [ERROR] Failed to load resource: net::ERR_INTERNET_DISCONNECTED @ https://www.google.com/recaptcha/enterprise/clr?k=6Lf3d9UsAAAAAILBqo6A909pmhyvtYmDoxaKtfMV:0
[149180528ms] [WARNING] [2026-09-03T01:04:22.343Z]  @firebase/auth: Auth (12.6.0): Error while retrieving App Check token: FirebaseError: AppCheck: ReCAPTCHA error. (appCheck/recaptcha-error). @ https://outrun.co.il/_next/static/chunks/2532-16f59635ee5a761a.js:14
[149180535ms] [ERROR] Failed to load resource: net::ERR_INTERNET_DISCONNECTED @ https://securetoken.googleapis.com/v1/token?key=AIzaSyCezG55zVQEZWCEs-lHzx_yQldg-Ej2X60:0
[149180536ms] [ERROR] Failed to load resource: net::ERR_INTERNET_DISCONNECTED @ https://www.google.com/recaptcha/enterprise/clr?k=6Lf3d9UsAAAAAILBqo6A909pmhyvtYmDoxaKtfMV:0
[149180538ms] [ERROR] Failed to load resource: net::ERR_INTERNET_DISCONNECTED @ https://www.google.com/recaptcha/enterprise/clr?k=6Lf3d9UsAAAAAILBqo6A909pmhyvtYmDoxaKtfMV:0
[149180540ms] [ERROR] Failed to load resource: net::ERR_INTERNET_DISCONNECTED @ https://www.google.com/recaptcha/enterprise/clr?k=6Lf3d9UsAAAAAILBqo6A909pmhyvtYmDoxaKtfMV:0
[149180542ms] [ERROR] Failed to load resource: net::ERR_INTERNET_DISCONNECTED @ https://www.google.com/recaptcha/enterprise/clr?k=6Lf3d9UsAAAAAILBqo6A909pmhyvtYmDoxaKtfMV:0
[149263027ms] [WARNING] [2026-09-03T01:05:44.842Z]  @firebase/auth: Auth (12.6.0): Error while retrieving App Check token: FirebaseError: AppCheck: ReCAPTCHA error. (appCheck/recaptcha-error). @ https://outrun.co.il/_next/static/chunks/2532-16f59635ee5a761a.js:14
[149263030ms] [ERROR] Failed to load resource: net::ERR_INTERNET_DISCONNECTED @ https://securetoken.googleapis.com/v1/token?key=AIzaSyCezG55zVQEZWCEs-lHzx_yQldg-Ej2X60:0
[149263032ms] [ERROR] Failed to load resource: net::ERR_INTERNET_DISCONNECTED @ https://www.google.com/recaptcha/enterprise/clr?k=6Lf3d9UsAAAAAILBqo6A909pmhyvtYmDoxaKtfMV:0
[149263034ms] [ERROR] Failed to load resource: net::ERR_INTERNET_DISCONNECTED @ https://www.google.com/recaptcha/enterprise/clr?k=6Lf3d9UsAAAAAILBqo6A909pmhyvtYmDoxaKtfMV:0
[149263035ms] [ERROR] Failed to load resource: net::ERR_INTERNET_DISCONNECTED @ https://www.google.com/recaptcha/enterprise/clr?k=6Lf3d9UsAAAAAILBqo6A909pmhyvtYmDoxaKtfMV:0
[149263037ms] [ERROR] Failed to load resource: net::ERR_INTERNET_DISCONNECTED @ https://www.google.com/recaptcha/enterprise/clr?k=6Lf3d9UsAAAAAILBqo6A909pmhyvtYmDoxaKtfMV:0
[149319415ms] [WARNING] [2026-09-03T01:06:41.229Z]  @firebase/auth: Auth (12.6.0): Error while retrieving App Check token: FirebaseError: AppCheck: ReCAPTCHA error. (appCheck/recaptcha-error). @ https://outrun.co.il/_next/static/chunks/2532-16f59635ee5a761a.js:14
[149319421ms] [ERROR] Failed to load resource: net::ERR_INTERNET_DISCONNECTED @ https://securetoken.googleapis.com/v1/token?key=AIzaSyCezG55zVQEZWCEs-lHzx_yQldg-Ej2X60:0
[149319423ms] [ERROR] Failed to load resource: net::ERR_INTERNET_DISCONNECTED @ https://www.google.com/recaptcha/enterprise/clr?k=6Lf3d9UsAAAAAILBqo6A909pmhyvtYmDoxaKtfMV:0
[149319425ms] [ERROR] Failed to load resource: net::ERR_INTERNET_DISCONNECTED @ https://www.google.com/recaptcha/enterprise/clr?k=6Lf3d9UsAAAAAILBqo6A909pmhyvtYmDoxaKtfMV:0
[149319427ms] [ERROR] Failed to load resource: net::ERR_INTERNET_DISCONNECTED @ https://www.google.com/recaptcha/enterprise/clr?k=6Lf3d9UsAAAAAILBqo6A909pmhyvtYmDoxaKtfMV:0
[149319429ms] [ERROR] Failed to load resource: net::ERR_INTERNET_DISCONNECTED @ https://www.google.com/recaptcha/enterprise/clr?k=6Lf3d9UsAAAAAILBqo6A909pmhyvtYmDoxaKtfMV:0
[149362363ms] [ERROR] Failed to load resource: net::ERR_INTERNET_DISCONNECTED @ https://www.google.com/recaptcha/enterprise/clr?k=6Lf3d9UsAAAAAILBqo6A909pmhyvtYmDoxaKtfMV:0
[149362365ms] [ERROR] Failed to load resource: net::ERR_INTERNET_DISCONNECTED @ https://www.google.com/recaptcha/enterprise/clr?k=6Lf3d9UsAAAAAILBqo6A909pmhyvtYmDoxaKtfMV:0
[149362368ms] [ERROR] Failed to load resource: net::ERR_INTERNET_DISCONNECTED @ https://www.google.com/recaptcha/enterprise/clr?k=6Lf3d9UsAAAAAILBqo6A909pmhyvtYmDoxaKtfMV:0
[149362370ms] [ERROR] Failed to load resource: net::ERR_INTERNET_DISCONNECTED @ https://www.google.com/recaptcha/enterprise/clr?k=6Lf3d9UsAAAAAILBqo6A909pmhyvtYmDoxaKtfMV:0
[149387766ms] [WARNING] [2026-09-03T01:07:49.581Z]  @firebase/auth: Auth (12.6.0): Error while retrieving App Check token: FirebaseError: AppCheck: ReCAPTCHA error. (appCheck/recaptcha-error). @ https://outrun.co.il/_next/static/chunks/2532-16f59635ee5a761a.js:14
[149387769ms] [ERROR] Failed to load resource: net::ERR_INTERNET_DISCONNECTED @ https://www.google.com/recaptcha/enterprise/clr?k=6Lf3d9UsAAAAAILBqo6A909pmhyvtYmDoxaKtfMV:0
[149387769ms] [ERROR] Failed to load resource: net::ERR_INTERNET_DISCONNECTED @ https://securetoken.googleapis.com/v1/token?key=AIzaSyCezG55zVQEZWCEs-lHzx_yQldg-Ej2X60:0
[149387771ms] [ERROR] Failed to load resource: net::ERR_INTERNET_DISCONNECTED @ https://www.google.com/recaptcha/enterprise/clr?k=6Lf3d9UsAAAAAILBqo6A909pmhyvtYmDoxaKtfMV:0
[149387772ms] [ERROR] Failed to load resource: net::ERR_INTERNET_DISCONNECTED @ https://www.google.com/recaptcha/enterprise/clr?k=6Lf3d9UsAAAAAILBqo6A909pmhyvtYmDoxaKtfMV:0
[149387774ms] [ERROR] Failed to load resource: net::ERR_INTERNET_DISCONNECTED @ https://www.google.com/recaptcha/enterprise/clr?k=6Lf3d9UsAAAAAILBqo6A909pmhyvtYmDoxaKtfMV:0
[149454849ms] [WARNING] [2026-09-03T01:08:56.663Z]  @firebase/auth: Auth (12.6.0): Error while retrieving App Check token: FirebaseError: AppCheck: ReCAPTCHA error. (appCheck/recaptcha-error). @ https://outrun.co.il/_next/static/chunks/2532-16f59635ee5a761a.js:14
[149454854ms] [ERROR] Failed to load resource: net::ERR_INTERNET_DISCONNECTED @ https://securetoken.googleapis.com/v1/token?key=AIzaSyCezG55zVQEZWCEs-lHzx_yQldg-Ej2X60:0
[149454856ms] [ERROR] Failed to load resource: net::ERR_INTERNET_DISCONNECTED @ https://www.google.com/recaptcha/enterprise/clr?k=6Lf3d9UsAAAAAILBqo6A909pmhyvtYmDoxaKtfMV:0
[149454859ms] [ERROR] Failed to load resource: net::ERR_INTERNET_DISCONNECTED @ https://www.google.com/recaptcha/enterprise/clr?k=6Lf3d9UsAAAAAILBqo6A909pmhyvtYmDoxaKtfMV:0
[149454861ms] [ERROR] Failed to load resource: net::ERR_INTERNET_DISCONNECTED @ https://www.google.com/recaptcha/enterprise/clr?k=6Lf3d9UsAAAAAILBqo6A909pmhyvtYmDoxaKtfMV:0
[149454863ms] [ERROR] Failed to load resource: net::ERR_INTERNET_DISCONNECTED @ https://www.google.com/recaptcha/enterprise/clr?k=6Lf3d9UsAAAAAILBqo6A909pmhyvtYmDoxaKtfMV:0
[149510658ms] [WARNING] [2026-09-03T01:09:52.473Z]  @firebase/auth: Auth (12.6.0): Error while retrieving App Check token: FirebaseError: AppCheck: ReCAPTCHA error. (appCheck/recaptcha-error). @ https://outrun.co.il/_next/static/chunks/2532-16f59635ee5a761a.js:14
[149510669ms] [ERROR] Failed to load resource: net::ERR_INTERNET_DISCONNECTED @ https://securetoken.googleapis.com/v1/token?key=AIzaSyCezG55zVQEZWCEs-lHzx_yQldg-Ej2X60:0
[149510671ms] [ERROR] Failed to load resource: net::ERR_INTERNET_DISCONNECTED @ https://www.google.com/recaptcha/enterprise/clr?k=6Lf3d9UsAAAAAILBqo6A909pmhyvtYmDoxaKtfMV:0
[149510673ms] [ERROR] Failed to load resource: net::ERR_INTERNET_DISCONNECTED @ https://www.google.com/recaptcha/enterprise/clr?k=6Lf3d9UsAAAAAILBqo6A909pmhyvtYmDoxaKtfMV:0
[149510676ms] [ERROR] Failed to load resource: net::ERR_INTERNET_DISCONNECTED @ https://www.google.com/recaptcha/enterprise/clr?k=6Lf3d9UsAAAAAILBqo6A909pmhyvtYmDoxaKtfMV:0
[149510678ms] [ERROR] Failed to load resource: net::ERR_INTERNET_DISCONNECTED @ https://www.google.com/recaptcha/enterprise/clr?k=6Lf3d9UsAAAAAILBqo6A909pmhyvtYmDoxaKtfMV:0
[149560733ms] [WARNING] [2026-09-03T01:10:42.547Z]  @firebase/auth: Auth (12.6.0): Error while retrieving App Check token: FirebaseError: AppCheck: ReCAPTCHA error. (appCheck/recaptcha-error). @ https://outrun.co.il/_next/static/chunks/2532-16f59635ee5a761a.js:14
[149560741ms] [ERROR] Failed to load resource: net::ERR_INTERNET_DISCONNECTED @ https://securetoken.googleapis.com/v1/token?key=AIzaSyCezG55zVQEZWCEs-lHzx_yQldg-Ej2X60:0
[149560743ms] [ERROR] Failed to load resource: net::ERR_INTERNET_DISCONNECTED @ https://www.google.com/recaptcha/enterprise/clr?k=6Lf3d9UsAAAAAILBqo6A909pmhyvtYmDoxaKtfMV:0
[149560745ms] [ERROR] Failed to load resource: net::ERR_INTERNET_DISCONNECTED @ https://www.google.com/recaptcha/enterprise/clr?k=6Lf3d9UsAAAAAILBqo6A909pmhyvtYmDoxaKtfMV:0
[149560747ms] [ERROR] Failed to load resource: net::ERR_INTERNET_DISCONNECTED @ https://www.google.com/recaptcha/enterprise/clr?k=6Lf3d9UsAAAAAILBqo6A909pmhyvtYmDoxaKtfMV:0
[149560749ms] [ERROR] Failed to load resource: net::ERR_INTERNET_DISCONNECTED @ https://www.google.com/recaptcha/enterprise/clr?k=6Lf3d9UsAAAAAILBqo6A909pmhyvtYmDoxaKtfMV:0
[149629095ms] [WARNING] [2026-09-03T01:11:50.909Z]  @firebase/auth: Auth (12.6.0): Error while retrieving App Check token: FirebaseError: AppCheck: ReCAPTCHA error. (appCheck/recaptcha-error). @ https://outrun.co.il/_next/static/chunks/2532-16f59635ee5a761a.js:14
[149629099ms] [ERROR] Failed to load resource: net::ERR_INTERNET_DISCONNECTED @ https://securetoken.googleapis.com/v1/token?key=AIzaSyCezG55zVQEZWCEs-lHzx_yQldg-Ej2X60:0
[149629100ms] [ERROR] Failed to load resource: net::ERR_INTERNET_DISCONNECTED @ https://www.google.com/recaptcha/enterprise/clr?k=6Lf3d9UsAAAAAILBqo6A909pmhyvtYmDoxaKtfMV:0
[149629103ms] [ERROR] Failed to load resource: net::ERR_INTERNET_DISCONNECTED @ https://www.google.com/recaptcha/enterprise/clr?k=6Lf3d9UsAAAAAILBqo6A909pmhyvtYmDoxaKtfMV:0
[149629105ms] [ERROR] Failed to load resource: net::ERR_INTERNET_DISCONNECTED @ https://www.google.com/recaptcha/enterprise/clr?k=6Lf3d9UsAAAAAILBqo6A909pmhyvtYmDoxaKtfMV:0
[149629107ms] [ERROR] Failed to load resource: net::ERR_INTERNET_DISCONNECTED @ https://www.google.com/recaptcha/enterprise/clr?k=6Lf3d9UsAAAAAILBqo6A909pmhyvtYmDoxaKtfMV:0
[149687465ms] [WARNING] [2026-09-03T01:12:49.280Z]  @firebase/auth: Auth (12.6.0): Error while retrieving App Check token: FirebaseError: AppCheck: ReCAPTCHA error. (appCheck/recaptcha-error). @ https://outrun.co.il/_next/static/chunks/2532-16f59635ee5a761a.js:14
[149687468ms] [ERROR] Failed to load resource: net::ERR_INTERNET_DISCONNECTED @ https://securetoken.googleapis.com/v1/token?key=AIzaSyCezG55zVQEZWCEs-lHzx_yQldg-Ej2X60:0
[149687469ms] [ERROR] Failed to load resource: net::ERR_INTERNET_DISCONNECTED @ https://www.google.com/recaptcha/enterprise/clr?k=6Lf3d9UsAAAAAILBqo6A909pmhyvtYmDoxaKtfMV:0
[149687471ms] [ERROR] Failed to load resource: net::ERR_INTERNET_DISCONNECTED @ https://www.google.com/recaptcha/enterprise/clr?k=6Lf3d9UsAAAAAILBqo6A909pmhyvtYmDoxaKtfMV:0
[149687472ms] [ERROR] Failed to load resource: net::ERR_INTERNET_DISCONNECTED @ https://www.google.com/recaptcha/enterprise/clr?k=6Lf3d9UsAAAAAILBqo6A909pmhyvtYmDoxaKtfMV:0
[149687474ms] [ERROR] Failed to load resource: net::ERR_INTERNET_DISCONNECTED @ https://www.google.com/recaptcha/enterprise/clr?k=6Lf3d9UsAAAAAILBqo6A909pmhyvtYmDoxaKtfMV:0
[149757577ms] [WARNING] [2026-09-03T01:13:59.392Z]  @firebase/auth: Auth (12.6.0): Error while retrieving App Check token: FirebaseError: AppCheck: ReCAPTCHA error. (appCheck/recaptcha-error). @ https://outrun.co.il/_next/static/chunks/2532-16f59635ee5a761a.js:14
[149757582ms] [ERROR] Failed to load resource: net::ERR_INTERNET_DISCONNECTED @ https://securetoken.googleapis.com/v1/token?key=AIzaSyCezG55zVQEZWCEs-lHzx_yQldg-Ej2X60:0
[149757583ms] [ERROR] Failed to load resource: net::ERR_INTERNET_DISCONNECTED @ https://www.google.com/recaptcha/enterprise/clr?k=6Lf3d9UsAAAAAILBqo6A909pmhyvtYmDoxaKtfMV:0
[149757585ms] [ERROR] Failed to load resource: net::ERR_INTERNET_DISCONNECTED @ https://www.google.com/recaptcha/enterprise/clr?k=6Lf3d9UsAAAAAILBqo6A909pmhyvtYmDoxaKtfMV:0
[149757586ms] [ERROR] Failed to load resource: net::ERR_INTERNET_DISCONNECTED @ https://www.google.com/recaptcha/enterprise/clr?k=6Lf3d9UsAAAAAILBqo6A909pmhyvtYmDoxaKtfMV:0
[149757588ms] [ERROR] Failed to load resource: net::ERR_INTERNET_DISCONNECTED @ https://www.google.com/recaptcha/enterprise/clr?k=6Lf3d9UsAAAAAILBqo6A909pmhyvtYmDoxaKtfMV:0
[149812060ms] [WARNING] [2026-09-03T01:14:53.874Z]  @firebase/auth: Auth (12.6.0): Error while retrieving App Check token: FirebaseError: AppCheck: ReCAPTCHA error. (appCheck/recaptcha-error). @ https://outrun.co.il/_next/static/chunks/2532-16f59635ee5a761a.js:14
[149812066ms] [ERROR] Failed to load resource: net::ERR_INTERNET_DISCONNECTED @ https://securetoken.googleapis.com/v1/token?key=AIzaSyCezG55zVQEZWCEs-lHzx_yQldg-Ej2X60:0
[149812068ms] [ERROR] Failed to load resource: net::ERR_INTERNET_DISCONNECTED @ https://www.google.com/recaptcha/enterprise/clr?k=6Lf3d9UsAAAAAILBqo6A909pmhyvtYmDoxaKtfMV:0
[149812069ms] [ERROR] Failed to load resource: net::ERR_INTERNET_DISCONNECTED @ https://www.google.com/recaptcha/enterprise/clr?k=6Lf3d9UsAAAAAILBqo6A909pmhyvtYmDoxaKtfMV:0
[149812071ms] [ERROR] Failed to load resource: net::ERR_INTERNET_DISCONNECTED @ https://www.google.com/recaptcha/enterprise/clr?k=6Lf3d9UsAAAAAILBqo6A909pmhyvtYmDoxaKtfMV:0
[149812073ms] [ERROR] Failed to load resource: net::ERR_INTERNET_DISCONNECTED @ https://www.google.com/recaptcha/enterprise/clr?k=6Lf3d9UsAAAAAILBqo6A909pmhyvtYmDoxaKtfMV:0
[149872471ms] [WARNING] [2026-09-03T01:15:54.285Z]  @firebase/auth: Auth (12.6.0): Error while retrieving App Check token: FirebaseError: AppCheck: ReCAPTCHA error. (appCheck/recaptcha-error). @ https://outrun.co.il/_next/static/chunks/2532-16f59635ee5a761a.js:14
[149872474ms] [ERROR] Failed to load resource: net::ERR_INTERNET_DISCONNECTED @ https://securetoken.googleapis.com/v1/token?key=AIzaSyCezG55zVQEZWCEs-lHzx_yQldg-Ej2X60:0
[149872476ms] [ERROR] Failed to load resource: net::ERR_INTERNET_DISCONNECTED @ https://www.google.com/recaptcha/enterprise/clr?k=6Lf3d9UsAAAAAILBqo6A909pmhyvtYmDoxaKtfMV:0
[149872478ms] [ERROR] Failed to load resource: net::ERR_INTERNET_DISCONNECTED @ https://www.google.com/recaptcha/enterprise/clr?k=6Lf3d9UsAAAAAILBqo6A909pmhyvtYmDoxaKtfMV:0
[149872480ms] [ERROR] Failed to load resource: net::ERR_INTERNET_DISCONNECTED @ https://www.google.com/recaptcha/enterprise/clr?k=6Lf3d9UsAAAAAILBqo6A909pmhyvtYmDoxaKtfMV:0
[149872481ms] [ERROR] Failed to load resource: net::ERR_INTERNET_DISCONNECTED @ https://www.google.com/recaptcha/enterprise/clr?k=6Lf3d9UsAAAAAILBqo6A909pmhyvtYmDoxaKtfMV:0
[149946449ms] [WARNING] [2026-09-03T01:17:08.263Z]  @firebase/auth: Auth (12.6.0): Error while retrieving App Check token: FirebaseError: AppCheck: ReCAPTCHA error. (appCheck/recaptcha-error). @ https://outrun.co.il/_next/static/chunks/2532-16f59635ee5a761a.js:14
[149946453ms] [ERROR] Failed to load resource: net::ERR_INTERNET_DISCONNECTED @ https://securetoken.googleapis.com/v1/token?key=AIzaSyCezG55zVQEZWCEs-lHzx_yQldg-Ej2X60:0
[149946454ms] [ERROR] Failed to load resource: net::ERR_INTERNET_DISCONNECTED @ https://www.google.com/recaptcha/enterprise/clr?k=6Lf3d9UsAAAAAILBqo6A909pmhyvtYmDoxaKtfMV:0
[149946456ms] [ERROR] Failed to load resource: net::ERR_INTERNET_DISCONNECTED @ https://www.google.com/recaptcha/enterprise/clr?k=6Lf3d9UsAAAAAILBqo6A909pmhyvtYmDoxaKtfMV:0
[149946457ms] [ERROR] Failed to load resource: net::ERR_INTERNET_DISCONNECTED @ https://www.google.com/recaptcha/enterprise/clr?k=6Lf3d9UsAAAAAILBqo6A909pmhyvtYmDoxaKtfMV:0
[149946459ms] [ERROR] Failed to load resource: net::ERR_INTERNET_DISCONNECTED @ https://www.google.com/recaptcha/enterprise/clr?k=6Lf3d9UsAAAAAILBqo6A909pmhyvtYmDoxaKtfMV:0
[150028670ms] [WARNING] [2026-09-03T01:18:30.484Z]  @firebase/auth: Auth (12.6.0): Error while retrieving App Check token: FirebaseError: AppCheck: ReCAPTCHA error. (appCheck/recaptcha-error). @ https://outrun.co.il/_next/static/chunks/2532-16f59635ee5a761a.js:14
[150028676ms] [ERROR] Failed to load resource: net::ERR_INTERNET_DISCONNECTED @ https://securetoken.googleapis.com/v1/token?key=AIzaSyCezG55zVQEZWCEs-lHzx_yQldg-Ej2X60:0
[150028677ms] [ERROR] Failed to load resource: net::ERR_INTERNET_DISCONNECTED @ https://www.google.com/recaptcha/enterprise/clr?k=6Lf3d9UsAAAAAILBqo6A909pmhyvtYmDoxaKtfMV:0
[150028680ms] [ERROR] Failed to load resource: net::ERR_INTERNET_DISCONNECTED @ https://www.google.com/recaptcha/enterprise/clr?k=6Lf3d9UsAAAAAILBqo6A909pmhyvtYmDoxaKtfMV:0
[150028681ms] [ERROR] Failed to load resource: net::ERR_INTERNET_DISCONNECTED @ https://www.google.com/recaptcha/enterprise/clr?k=6Lf3d9UsAAAAAILBqo6A909pmhyvtYmDoxaKtfMV:0
[150028683ms] [ERROR] Failed to load resource: net::ERR_INTERNET_DISCONNECTED @ https://www.google.com/recaptcha/enterprise/clr?k=6Lf3d9UsAAAAAILBqo6A909pmhyvtYmDoxaKtfMV:0
[150050171ms] [WARNING] [2026-09-03T01:18:51.985Z]  @firebase/auth: Auth (12.6.0): Error while retrieving App Check token: FirebaseError: AppCheck: ReCAPTCHA error. (appCheck/recaptcha-error). @ https://outrun.co.il/_next/static/chunks/2532-16f59635ee5a761a.js:14
[150050174ms] [ERROR] Failed to load resource: net::ERR_INTERNET_DISCONNECTED @ https://securetoken.googleapis.com/v1/token?key=AIzaSyCezG55zVQEZWCEs-lHzx_yQldg-Ej2X60:0
[150050174ms] [ERROR] Failed to load resource: net::ERR_INTERNET_DISCONNECTED @ https://www.google.com/recaptcha/enterprise/clr?k=6Lf3d9UsAAAAAILBqo6A909pmhyvtYmDoxaKtfMV:0
[150050176ms] [ERROR] Failed to load resource: net::ERR_INTERNET_DISCONNECTED @ https://www.google.com/recaptcha/enterprise/clr?k=6Lf3d9UsAAAAAILBqo6A909pmhyvtYmDoxaKtfMV:0
[150050177ms] [ERROR] Failed to load resource: net::ERR_INTERNET_DISCONNECTED @ https://www.google.com/recaptcha/enterprise/clr?k=6Lf3d9UsAAAAAILBqo6A909pmhyvtYmDoxaKtfMV:0
[150050178ms] [ERROR] Failed to load resource: net::ERR_INTERNET_DISCONNECTED @ https://www.google.com/recaptcha/enterprise/clr?k=6Lf3d9UsAAAAAILBqo6A909pmhyvtYmDoxaKtfMV:0
[150069665ms] [WARNING] [2026-09-03T01:19:11.480Z]  @firebase/auth: Auth (12.6.0): Error while retrieving App Check token: FirebaseError: AppCheck: ReCAPTCHA error. (appCheck/recaptcha-error). @ https://outrun.co.il/_next/static/chunks/2532-16f59635ee5a761a.js:14
[150069668ms] [ERROR] Failed to load resource: net::ERR_INTERNET_DISCONNECTED @ https://securetoken.googleapis.com/v1/token?key=AIzaSyCezG55zVQEZWCEs-lHzx_yQldg-Ej2X60:0
[150069669ms] [ERROR] Failed to load resource: net::ERR_INTERNET_DISCONNECTED @ https://www.google.com/recaptcha/enterprise/clr?k=6Lf3d9UsAAAAAILBqo6A909pmhyvtYmDoxaKtfMV:0
[150069670ms] [ERROR] Failed to load resource: net::ERR_INTERNET_DISCONNECTED @ https://www.google.com/recaptcha/enterprise/clr?k=6Lf3d9UsAAAAAILBqo6A909pmhyvtYmDoxaKtfMV:0
[150069672ms] [ERROR] Failed to load resource: net::ERR_INTERNET_DISCONNECTED @ https://www.google.com/recaptcha/enterprise/clr?k=6Lf3d9UsAAAAAILBqo6A909pmhyvtYmDoxaKtfMV:0
[150069673ms] [ERROR] Failed to load resource: net::ERR_INTERNET_DISCONNECTED @ https://www.google.com/recaptcha/enterprise/clr?k=6Lf3d9UsAAAAAILBqo6A909pmhyvtYmDoxaKtfMV:0
[150106262ms] [WARNING] [2026-09-03T01:19:48.077Z]  @firebase/auth: Auth (12.6.0): Error while retrieving App Check token: FirebaseError: AppCheck: ReCAPTCHA error. (appCheck/recaptcha-error). @ https://outrun.co.il/_next/static/chunks/2532-16f59635ee5a761a.js:14
[150106266ms] [ERROR] Failed to load resource: net::ERR_INTERNET_DISCONNECTED @ https://securetoken.googleapis.com/v1/token?key=AIzaSyCezG55zVQEZWCEs-lHzx_yQldg-Ej2X60:0
[150106267ms] [ERROR] Failed to load resource: net::ERR_INTERNET_DISCONNECTED @ https://www.google.com/recaptcha/enterprise/clr?k=6Lf3d9UsAAAAAILBqo6A909pmhyvtYmDoxaKtfMV:0
[150106268ms] [ERROR] Failed to load resource: net::ERR_INTERNET_DISCONNECTED @ https://www.google.com/recaptcha/enterprise/clr?k=6Lf3d9UsAAAAAILBqo6A909pmhyvtYmDoxaKtfMV:0
[150106270ms] [ERROR] Failed to load resource: net::ERR_INTERNET_DISCONNECTED @ https://www.google.com/recaptcha/enterprise/clr?k=6Lf3d9UsAAAAAILBqo6A909pmhyvtYmDoxaKtfMV:0
[150106271ms] [ERROR] Failed to load resource: net::ERR_INTERNET_DISCONNECTED @ https://www.google.com/recaptcha/enterprise/clr?k=6Lf3d9UsAAAAAILBqo6A909pmhyvtYmDoxaKtfMV:0
[150141144ms] [WARNING] [2026-09-03T01:20:22.958Z]  @firebase/auth: Auth (12.6.0): Error while retrieving App Check token: FirebaseError: AppCheck: ReCAPTCHA error. (appCheck/recaptcha-error). @ https://outrun.co.il/_next/static/chunks/2532-16f59635ee5a761a.js:14
[150141148ms] [ERROR] Failed to load resource: net::ERR_INTERNET_DISCONNECTED @ https://securetoken.googleapis.com/v1/token?key=AIzaSyCezG55zVQEZWCEs-lHzx_yQldg-Ej2X60:0
[150141150ms] [ERROR] Failed to load resource: net::ERR_INTERNET_DISCONNECTED @ https://www.google.com/recaptcha/enterprise/clr?k=6Lf3d9UsAAAAAILBqo6A909pmhyvtYmDoxaKtfMV:0
[150141152ms] [ERROR] Failed to load resource: net::ERR_INTERNET_DISCONNECTED @ https://www.google.com/recaptcha/enterprise/clr?k=6Lf3d9UsAAAAAILBqo6A909pmhyvtYmDoxaKtfMV:0
[150141153ms] [ERROR] Failed to load resource: net::ERR_INTERNET_DISCONNECTED @ https://www.google.com/recaptcha/enterprise/clr?k=6Lf3d9UsAAAAAILBqo6A909pmhyvtYmDoxaKtfMV:0
[150141155ms] [ERROR] Failed to load resource: net::ERR_INTERNET_DISCONNECTED @ https://www.google.com/recaptcha/enterprise/clr?k=6Lf3d9UsAAAAAILBqo6A909pmhyvtYmDoxaKtfMV:0
[150218445ms] [WARNING] [2026-09-03T01:21:40.259Z]  @firebase/auth: Auth (12.6.0): Error while retrieving App Check token: FirebaseError: AppCheck: ReCAPTCHA error. (appCheck/recaptcha-error). @ https://outrun.co.il/_next/static/chunks/2532-16f59635ee5a761a.js:14
[150218448ms] [ERROR] Failed to load resource: net::ERR_INTERNET_DISCONNECTED @ https://securetoken.googleapis.com/v1/token?key=AIzaSyCezG55zVQEZWCEs-lHzx_yQldg-Ej2X60:0
[150218450ms] [ERROR] Failed to load resource: net::ERR_INTERNET_DISCONNECTED @ https://www.google.com/recaptcha/enterprise/clr?k=6Lf3d9UsAAAAAILBqo6A909pmhyvtYmDoxaKtfMV:0
[150218452ms] [ERROR] Failed to load resource: net::ERR_INTERNET_DISCONNECTED @ https://www.google.com/recaptcha/enterprise/clr?k=6Lf3d9UsAAAAAILBqo6A909pmhyvtYmDoxaKtfMV:0
[150218454ms] [ERROR] Failed to load resource: net::ERR_INTERNET_DISCONNECTED @ https://www.google.com/recaptcha/enterprise/clr?k=6Lf3d9UsAAAAAILBqo6A909pmhyvtYmDoxaKtfMV:0
[150218456ms] [ERROR] Failed to load resource: net::ERR_INTERNET_DISCONNECTED @ https://www.google.com/recaptcha/enterprise/clr?k=6Lf3d9UsAAAAAILBqo6A909pmhyvtYmDoxaKtfMV:0
[150308256ms] [WARNING] [2026-09-03T01:23:10.070Z]  @firebase/auth: Auth (12.6.0): Error while retrieving App Check token: FirebaseError: AppCheck: ReCAPTCHA error. (appCheck/recaptcha-error). @ https://outrun.co.il/_next/static/chunks/2532-16f59635ee5a761a.js:14
[150308259ms] [ERROR] Failed to load resource: net::ERR_INTERNET_DISCONNECTED @ https://securetoken.googleapis.com/v1/token?key=AIzaSyCezG55zVQEZWCEs-lHzx_yQldg-Ej2X60:0
[150308259ms] [ERROR] Failed to load resource: net::ERR_INTERNET_DISCONNECTED @ https://www.google.com/recaptcha/enterprise/clr?k=6Lf3d9UsAAAAAILBqo6A909pmhyvtYmDoxaKtfMV:0
[150308261ms] [ERROR] Failed to load resource: net::ERR_INTERNET_DISCONNECTED @ https://www.google.com/recaptcha/enterprise/clr?k=6Lf3d9UsAAAAAILBqo6A909pmhyvtYmDoxaKtfMV:0
[150308263ms] [ERROR] Failed to load resource: net::ERR_INTERNET_DISCONNECTED @ https://www.google.com/recaptcha/enterprise/clr?k=6Lf3d9UsAAAAAILBqo6A909pmhyvtYmDoxaKtfMV:0
[150308265ms] [ERROR] Failed to load resource: net::ERR_INTERNET_DISCONNECTED @ https://www.google.com/recaptcha/enterprise/clr?k=6Lf3d9UsAAAAAILBqo6A909pmhyvtYmDoxaKtfMV:0
[150322377ms] [ERROR] Failed to load resource: net::ERR_INTERNET_DISCONNECTED @ https://www.google.com/recaptcha/enterprise/clr?k=6Lf3d9UsAAAAAILBqo6A909pmhyvtYmDoxaKtfMV:0
[150322386ms] [ERROR] Failed to load resource: net::ERR_INTERNET_DISCONNECTED @ https://www.google.com/recaptcha/enterprise/clr?k=6Lf3d9UsAAAAAILBqo6A909pmhyvtYmDoxaKtfMV:0
[150322390ms] [ERROR] Failed to load resource: net::ERR_INTERNET_DISCONNECTED @ https://www.google.com/recaptcha/enterprise/clr?k=6Lf3d9UsAAAAAILBqo6A909pmhyvtYmDoxaKtfMV:0
[150322393ms] [ERROR] Failed to load resource: net::ERR_INTERNET_DISCONNECTED @ https://www.google.com/recaptcha/enterprise/clr?k=6Lf3d9UsAAAAAILBqo6A909pmhyvtYmDoxaKtfMV:0
[150352041ms] [WARNING] [2026-09-03T01:23:53.855Z]  @firebase/auth: Auth (12.6.0): Error while retrieving App Check token: FirebaseError: AppCheck: ReCAPTCHA error. (appCheck/recaptcha-error). @ https://outrun.co.il/_next/static/chunks/2532-16f59635ee5a761a.js:14
[150352044ms] [ERROR] Failed to load resource: net::ERR_INTERNET_DISCONNECTED @ https://securetoken.googleapis.com/v1/token?key=AIzaSyCezG55zVQEZWCEs-lHzx_yQldg-Ej2X60:0
[150352044ms] [ERROR] Failed to load resource: net::ERR_INTERNET_DISCONNECTED @ https://www.google.com/recaptcha/enterprise/clr?k=6Lf3d9UsAAAAAILBqo6A909pmhyvtYmDoxaKtfMV:0
[150352046ms] [ERROR] Failed to load resource: net::ERR_INTERNET_DISCONNECTED @ https://www.google.com/recaptcha/enterprise/clr?k=6Lf3d9UsAAAAAILBqo6A909pmhyvtYmDoxaKtfMV:0
[150352048ms] [ERROR] Failed to load resource: net::ERR_INTERNET_DISCONNECTED @ https://www.google.com/recaptcha/enterprise/clr?k=6Lf3d9UsAAAAAILBqo6A909pmhyvtYmDoxaKtfMV:0
[150352050ms] [ERROR] Failed to load resource: net::ERR_INTERNET_DISCONNECTED @ https://www.google.com/recaptcha/enterprise/clr?k=6Lf3d9UsAAAAAILBqo6A909pmhyvtYmDoxaKtfMV:0
[150402785ms] [WARNING] [2026-09-03T01:24:44.599Z]  @firebase/auth: Auth (12.6.0): Error while retrieving App Check token: FirebaseError: AppCheck: ReCAPTCHA error. (appCheck/recaptcha-error). @ https://outrun.co.il/_next/static/chunks/2532-16f59635ee5a761a.js:14
[150402788ms] [ERROR] Failed to load resource: net::ERR_INTERNET_DISCONNECTED @ https://securetoken.googleapis.com/v1/token?key=AIzaSyCezG55zVQEZWCEs-lHzx_yQldg-Ej2X60:0
[150402788ms] [ERROR] Failed to load resource: net::ERR_INTERNET_DISCONNECTED @ https://www.google.com/recaptcha/enterprise/clr?k=6Lf3d9UsAAAAAILBqo6A909pmhyvtYmDoxaKtfMV:0
[150402789ms] [ERROR] Failed to load resource: net::ERR_INTERNET_DISCONNECTED @ https://www.google.com/recaptcha/enterprise/clr?k=6Lf3d9UsAAAAAILBqo6A909pmhyvtYmDoxaKtfMV:0
[150402791ms] [ERROR] Failed to load resource: net::ERR_INTERNET_DISCONNECTED @ https://www.google.com/recaptcha/enterprise/clr?k=6Lf3d9UsAAAAAILBqo6A909pmhyvtYmDoxaKtfMV:0
[150402792ms] [ERROR] Failed to load resource: net::ERR_INTERNET_DISCONNECTED @ https://www.google.com/recaptcha/enterprise/clr?k=6Lf3d9UsAAAAAILBqo6A909pmhyvtYmDoxaKtfMV:0
[150476096ms] [WARNING] [2026-09-03T01:25:57.911Z]  @firebase/auth: Auth (12.6.0): Error while retrieving App Check token: FirebaseError: AppCheck: ReCAPTCHA error. (appCheck/recaptcha-error). @ https://outrun.co.il/_next/static/chunks/2532-16f59635ee5a761a.js:14
[150476104ms] [ERROR] Failed to load resource: net::ERR_INTERNET_DISCONNECTED @ https://securetoken.googleapis.com/v1/token?key=AIzaSyCezG55zVQEZWCEs-lHzx_yQldg-Ej2X60:0
[150476106ms] [ERROR] Failed to load resource: net::ERR_INTERNET_DISCONNECTED @ https://www.google.com/recaptcha/enterprise/clr?k=6Lf3d9UsAAAAAILBqo6A909pmhyvtYmDoxaKtfMV:0
[150476108ms] [ERROR] Failed to load resource: net::ERR_INTERNET_DISCONNECTED @ https://www.google.com/recaptcha/enterprise/clr?k=6Lf3d9UsAAAAAILBqo6A909pmhyvtYmDoxaKtfMV:0
[150476110ms] [ERROR] Failed to load resource: net::ERR_INTERNET_DISCONNECTED @ https://www.google.com/recaptcha/enterprise/clr?k=6Lf3d9UsAAAAAILBqo6A909pmhyvtYmDoxaKtfMV:0
[150476111ms] [ERROR] Failed to load resource: net::ERR_INTERNET_DISCONNECTED @ https://www.google.com/recaptcha/enterprise/clr?k=6Lf3d9UsAAAAAILBqo6A909pmhyvtYmDoxaKtfMV:0
[150563364ms] [WARNING] [2026-09-03T01:27:25.178Z]  @firebase/auth: Auth (12.6.0): Error while retrieving App Check token: FirebaseError: AppCheck: ReCAPTCHA error. (appCheck/recaptcha-error). @ https://outrun.co.il/_next/static/chunks/2532-16f59635ee5a761a.js:14
[150563371ms] [ERROR] Failed to load resource: net::ERR_INTERNET_DISCONNECTED @ https://securetoken.googleapis.com/v1/token?key=AIzaSyCezG55zVQEZWCEs-lHzx_yQldg-Ej2X60:0
[150563372ms] [ERROR] Failed to load resource: net::ERR_INTERNET_DISCONNECTED @ https://www.google.com/recaptcha/enterprise/clr?k=6Lf3d9UsAAAAAILBqo6A909pmhyvtYmDoxaKtfMV:0
[150563374ms] [ERROR] Failed to load resource: net::ERR_INTERNET_DISCONNECTED @ https://www.google.com/recaptcha/enterprise/clr?k=6Lf3d9UsAAAAAILBqo6A909pmhyvtYmDoxaKtfMV:0
[150563376ms] [ERROR] Failed to load resource: net::ERR_INTERNET_DISCONNECTED @ https://www.google.com/recaptcha/enterprise/clr?k=6Lf3d9UsAAAAAILBqo6A909pmhyvtYmDoxaKtfMV:0
[150563378ms] [ERROR] Failed to load resource: net::ERR_INTERNET_DISCONNECTED @ https://www.google.com/recaptcha/enterprise/clr?k=6Lf3d9UsAAAAAILBqo6A909pmhyvtYmDoxaKtfMV:0
[150640566ms] [WARNING] [2026-09-03T01:28:42.381Z]  @firebase/auth: Auth (12.6.0): Error while retrieving App Check token: FirebaseError: AppCheck: ReCAPTCHA error. (appCheck/recaptcha-error). @ https://outrun.co.il/_next/static/chunks/2532-16f59635ee5a761a.js:14
[150640570ms] [ERROR] Failed to load resource: net::ERR_INTERNET_DISCONNECTED @ https://securetoken.googleapis.com/v1/token?key=AIzaSyCezG55zVQEZWCEs-lHzx_yQldg-Ej2X60:0
[150640570ms] [ERROR] Failed to load resource: net::ERR_INTERNET_DISCONNECTED @ https://www.google.com/recaptcha/enterprise/clr?k=6Lf3d9UsAAAAAILBqo6A909pmhyvtYmDoxaKtfMV:0
[150640572ms] [ERROR] Failed to load resource: net::ERR_INTERNET_DISCONNECTED @ https://www.google.com/recaptcha/enterprise/clr?k=6Lf3d9UsAAAAAILBqo6A909pmhyvtYmDoxaKtfMV:0
[150640574ms] [ERROR] Failed to load resource: net::ERR_INTERNET_DISCONNECTED @ https://www.google.com/recaptcha/enterprise/clr?k=6Lf3d9UsAAAAAILBqo6A909pmhyvtYmDoxaKtfMV:0
[150640576ms] [ERROR] Failed to load resource: net::ERR_INTERNET_DISCONNECTED @ https://www.google.com/recaptcha/enterprise/clr?k=6Lf3d9UsAAAAAILBqo6A909pmhyvtYmDoxaKtfMV:0
[150677729ms] [WARNING] [2026-09-03T01:29:19.543Z]  @firebase/auth: Auth (12.6.0): Error while retrieving App Check token: FirebaseError: AppCheck: ReCAPTCHA error. (appCheck/recaptcha-error). @ https://outrun.co.il/_next/static/chunks/2532-16f59635ee5a761a.js:14
[150677731ms] [ERROR] Failed to load resource: net::ERR_INTERNET_DISCONNECTED @ https://securetoken.googleapis.com/v1/token?key=AIzaSyCezG55zVQEZWCEs-lHzx_yQldg-Ej2X60:0
[150677732ms] [ERROR] Failed to load resource: net::ERR_INTERNET_DISCONNECTED @ https://www.google.com/recaptcha/enterprise/clr?k=6Lf3d9UsAAAAAILBqo6A909pmhyvtYmDoxaKtfMV:0
[150677734ms] [ERROR] Failed to load resource: net::ERR_INTERNET_DISCONNECTED @ https://www.google.com/recaptcha/enterprise/clr?k=6Lf3d9UsAAAAAILBqo6A909pmhyvtYmDoxaKtfMV:0
[150677736ms] [ERROR] Failed to load resource: net::ERR_INTERNET_DISCONNECTED @ https://www.google.com/recaptcha/enterprise/clr?k=6Lf3d9UsAAAAAILBqo6A909pmhyvtYmDoxaKtfMV:0
[150677738ms] [ERROR] Failed to load resource: net::ERR_INTERNET_DISCONNECTED @ https://www.google.com/recaptcha/enterprise/clr?k=6Lf3d9UsAAAAAILBqo6A909pmhyvtYmDoxaKtfMV:0
[150756991ms] [WARNING] [2026-09-03T01:30:38.805Z]  @firebase/auth: Auth (12.6.0): Error while retrieving App Check token: FirebaseError: AppCheck: ReCAPTCHA error. (appCheck/recaptcha-error). @ https://outrun.co.il/_next/static/chunks/2532-16f59635ee5a761a.js:14
[150756998ms] [ERROR] Failed to load resource: net::ERR_INTERNET_DISCONNECTED @ https://securetoken.googleapis.com/v1/token?key=AIzaSyCezG55zVQEZWCEs-lHzx_yQldg-Ej2X60:0
[150757000ms] [ERROR] Failed to load resource: net::ERR_INTERNET_DISCONNECTED @ https://www.google.com/recaptcha/enterprise/clr?k=6Lf3d9UsAAAAAILBqo6A909pmhyvtYmDoxaKtfMV:0
[150757002ms] [ERROR] Failed to load resource: net::ERR_INTERNET_DISCONNECTED @ https://www.google.com/recaptcha/enterprise/clr?k=6Lf3d9UsAAAAAILBqo6A909pmhyvtYmDoxaKtfMV:0
[150757004ms] [ERROR] Failed to load resource: net::ERR_INTERNET_DISCONNECTED @ https://www.google.com/recaptcha/enterprise/clr?k=6Lf3d9UsAAAAAILBqo6A909pmhyvtYmDoxaKtfMV:0
[150757006ms] [ERROR] Failed to load resource: net::ERR_INTERNET_DISCONNECTED @ https://www.google.com/recaptcha/enterprise/clr?k=6Lf3d9UsAAAAAILBqo6A909pmhyvtYmDoxaKtfMV:0
[150804519ms] [WARNING] [2026-09-03T01:31:26.334Z]  @firebase/auth: Auth (12.6.0): Error while retrieving App Check token: FirebaseError: AppCheck: ReCAPTCHA error. (appCheck/recaptcha-error). @ https://outrun.co.il/_next/static/chunks/2532-16f59635ee5a761a.js:14
[150804527ms] [ERROR] Failed to load resource: net::ERR_INTERNET_DISCONNECTED @ https://securetoken.googleapis.com/v1/token?key=AIzaSyCezG55zVQEZWCEs-lHzx_yQldg-Ej2X60:0
[150804529ms] [ERROR] Failed to load resource: net::ERR_INTERNET_DISCONNECTED @ https://www.google.com/recaptcha/enterprise/clr?k=6Lf3d9UsAAAAAILBqo6A909pmhyvtYmDoxaKtfMV:0
[150804531ms] [ERROR] Failed to load resource: net::ERR_INTERNET_DISCONNECTED @ https://www.google.com/recaptcha/enterprise/clr?k=6Lf3d9UsAAAAAILBqo6A909pmhyvtYmDoxaKtfMV:0
[150804533ms] [ERROR] Failed to load resource: net::ERR_INTERNET_DISCONNECTED @ https://www.google.com/recaptcha/enterprise/clr?k=6Lf3d9UsAAAAAILBqo6A909pmhyvtYmDoxaKtfMV:0
[150804534ms] [ERROR] Failed to load resource: net::ERR_INTERNET_DISCONNECTED @ https://www.google.com/recaptcha/enterprise/clr?k=6Lf3d9UsAAAAAILBqo6A909pmhyvtYmDoxaKtfMV:0
[150864367ms] [WARNING] [2026-09-03T01:32:26.182Z]  @firebase/auth: Auth (12.6.0): Error while retrieving App Check token: FirebaseError: AppCheck: ReCAPTCHA error. (appCheck/recaptcha-error). @ https://outrun.co.il/_next/static/chunks/2532-16f59635ee5a761a.js:14
[150864370ms] [ERROR] Failed to load resource: net::ERR_INTERNET_DISCONNECTED @ https://securetoken.googleapis.com/v1/token?key=AIzaSyCezG55zVQEZWCEs-lHzx_yQldg-Ej2X60:0
[150864371ms] [ERROR] Failed to load resource: net::ERR_INTERNET_DISCONNECTED @ https://www.google.com/recaptcha/enterprise/clr?k=6Lf3d9UsAAAAAILBqo6A909pmhyvtYmDoxaKtfMV:0
[150864372ms] [ERROR] Failed to load resource: net::ERR_INTERNET_DISCONNECTED @ https://www.google.com/recaptcha/enterprise/clr?k=6Lf3d9UsAAAAAILBqo6A909pmhyvtYmDoxaKtfMV:0
[150864374ms] [ERROR] Failed to load resource: net::ERR_INTERNET_DISCONNECTED @ https://www.google.com/recaptcha/enterprise/clr?k=6Lf3d9UsAAAAAILBqo6A909pmhyvtYmDoxaKtfMV:0
[150864375ms] [ERROR] Failed to load resource: net::ERR_INTERNET_DISCONNECTED @ https://www.google.com/recaptcha/enterprise/clr?k=6Lf3d9UsAAAAAILBqo6A909pmhyvtYmDoxaKtfMV:0
[150931438ms] [WARNING] [2026-09-03T01:33:33.253Z]  @firebase/auth: Auth (12.6.0): Error while retrieving App Check token: FirebaseError: AppCheck: ReCAPTCHA error. (appCheck/recaptcha-error). @ https://outrun.co.il/_next/static/chunks/2532-16f59635ee5a761a.js:14
[150931442ms] [ERROR] Failed to load resource: net::ERR_INTERNET_DISCONNECTED @ https://securetoken.googleapis.com/v1/token?key=AIzaSyCezG55zVQEZWCEs-lHzx_yQldg-Ej2X60:0
[150931443ms] [ERROR] Failed to load resource: net::ERR_INTERNET_DISCONNECTED @ https://www.google.com/recaptcha/enterprise/clr?k=6Lf3d9UsAAAAAILBqo6A909pmhyvtYmDoxaKtfMV:0
[150931445ms] [ERROR] Failed to load resource: net::ERR_INTERNET_DISCONNECTED @ https://www.google.com/recaptcha/enterprise/clr?k=6Lf3d9UsAAAAAILBqo6A909pmhyvtYmDoxaKtfMV:0
[150931447ms] [ERROR] Failed to load resource: net::ERR_INTERNET_DISCONNECTED @ https://www.google.com/recaptcha/enterprise/clr?k=6Lf3d9UsAAAAAILBqo6A909pmhyvtYmDoxaKtfMV:0
[150931449ms] [ERROR] Failed to load resource: net::ERR_INTERNET_DISCONNECTED @ https://www.google.com/recaptcha/enterprise/clr?k=6Lf3d9UsAAAAAILBqo6A909pmhyvtYmDoxaKtfMV:0
[151010182ms] [WARNING] [2026-09-03T01:34:51.997Z]  @firebase/auth: Auth (12.6.0): Error while retrieving App Check token: FirebaseError: AppCheck: ReCAPTCHA error. (appCheck/recaptcha-error). @ https://outrun.co.il/_next/static/chunks/2532-16f59635ee5a761a.js:14
[151010186ms] [ERROR] Failed to load resource: net::ERR_INTERNET_DISCONNECTED @ https://www.google.com/recaptcha/enterprise/clr?k=6Lf3d9UsAAAAAILBqo6A909pmhyvtYmDoxaKtfMV:0
[151010186ms] [ERROR] Failed to load resource: net::ERR_INTERNET_DISCONNECTED @ https://securetoken.googleapis.com/v1/token?key=AIzaSyCezG55zVQEZWCEs-lHzx_yQldg-Ej2X60:0
[151010188ms] [ERROR] Failed to load resource: net::ERR_INTERNET_DISCONNECTED @ https://www.google.com/recaptcha/enterprise/clr?k=6Lf3d9UsAAAAAILBqo6A909pmhyvtYmDoxaKtfMV:0
[151010190ms] [ERROR] Failed to load resource: net::ERR_INTERNET_DISCONNECTED @ https://www.google.com/recaptcha/enterprise/clr?k=6Lf3d9UsAAAAAILBqo6A909pmhyvtYmDoxaKtfMV:0
[151010192ms] [ERROR] Failed to load resource: net::ERR_INTERNET_DISCONNECTED @ https://www.google.com/recaptcha/enterprise/clr?k=6Lf3d9UsAAAAAILBqo6A909pmhyvtYmDoxaKtfMV:0
[151013251ms] [WARNING] [2026-09-03T01:34:55.065Z]  @firebase/auth: Auth (12.6.0): Error while retrieving App Check token: FirebaseError: AppCheck: ReCAPTCHA error. (appCheck/recaptcha-error). @ https://outrun.co.il/_next/static/chunks/2532-16f59635ee5a761a.js:14
[151013254ms] [ERROR] Failed to load resource: net::ERR_INTERNET_DISCONNECTED @ https://securetoken.googleapis.com/v1/token?key=AIzaSyCezG55zVQEZWCEs-lHzx_yQldg-Ej2X60:0
[151013254ms] [ERROR] Failed to load resource: net::ERR_INTERNET_DISCONNECTED @ https://www.google.com/recaptcha/enterprise/clr?k=6Lf3d9UsAAAAAILBqo6A909pmhyvtYmDoxaKtfMV:0
[151013256ms] [ERROR] Failed to load resource: net::ERR_INTERNET_DISCONNECTED @ https://www.google.com/recaptcha/enterprise/clr?k=6Lf3d9UsAAAAAILBqo6A909pmhyvtYmDoxaKtfMV:0
[151013258ms] [ERROR] Failed to load resource: net::ERR_INTERNET_DISCONNECTED @ https://www.google.com/recaptcha/enterprise/clr?k=6Lf3d9UsAAAAAILBqo6A909pmhyvtYmDoxaKtfMV:0
[151013260ms] [ERROR] Failed to load resource: net::ERR_INTERNET_DISCONNECTED @ https://www.google.com/recaptcha/enterprise/clr?k=6Lf3d9UsAAAAAILBqo6A909pmhyvtYmDoxaKtfMV:0
[151097169ms] [WARNING] [2026-09-03T01:36:18.984Z]  @firebase/auth: Auth (12.6.0): Error while retrieving App Check token: FirebaseError: AppCheck: ReCAPTCHA error. (appCheck/recaptcha-error). @ https://outrun.co.il/_next/static/chunks/2532-16f59635ee5a761a.js:14
[151097173ms] [ERROR] Failed to load resource: net::ERR_INTERNET_DISCONNECTED @ https://securetoken.googleapis.com/v1/token?key=AIzaSyCezG55zVQEZWCEs-lHzx_yQldg-Ej2X60:0
[151097173ms] [ERROR] Failed to load resource: net::ERR_INTERNET_DISCONNECTED @ https://www.google.com/recaptcha/enterprise/clr?k=6Lf3d9UsAAAAAILBqo6A909pmhyvtYmDoxaKtfMV:0
[151097175ms] [ERROR] Failed to load resource: net::ERR_INTERNET_DISCONNECTED @ https://www.google.com/recaptcha/enterprise/clr?k=6Lf3d9UsAAAAAILBqo6A909pmhyvtYmDoxaKtfMV:0
[151097177ms] [ERROR] Failed to load resource: net::ERR_INTERNET_DISCONNECTED @ https://www.google.com/recaptcha/enterprise/clr?k=6Lf3d9UsAAAAAILBqo6A909pmhyvtYmDoxaKtfMV:0
[151097179ms] [ERROR] Failed to load resource: net::ERR_INTERNET_DISCONNECTED @ https://www.google.com/recaptcha/enterprise/clr?k=6Lf3d9UsAAAAAILBqo6A909pmhyvtYmDoxaKtfMV:0
[152079542ms] [WARNING] [2026-09-03T01:52:41.356Z]  @firebase/auth: Auth (12.6.0): Error while retrieving App Check token: FirebaseError: AppCheck: ReCAPTCHA error. (appCheck/recaptcha-error). @ https://outrun.co.il/_next/static/chunks/2532-16f59635ee5a761a.js:14
[152079549ms] [ERROR] Failed to load resource: net::ERR_INTERNET_DISCONNECTED @ https://securetoken.googleapis.com/v1/token?key=AIzaSyCezG55zVQEZWCEs-lHzx_yQldg-Ej2X60:0
[152079551ms] [ERROR] Failed to load resource: net::ERR_INTERNET_DISCONNECTED @ https://www.google.com/recaptcha/enterprise/clr?k=6Lf3d9UsAAAAAILBqo6A909pmhyvtYmDoxaKtfMV:0
[152079554ms] [ERROR] Failed to load resource: net::ERR_INTERNET_DISCONNECTED @ https://www.google.com/recaptcha/enterprise/clr?k=6Lf3d9UsAAAAAILBqo6A909pmhyvtYmDoxaKtfMV:0
[152079556ms] [ERROR] Failed to load resource: net::ERR_INTERNET_DISCONNECTED @ https://www.google.com/recaptcha/enterprise/clr?k=6Lf3d9UsAAAAAILBqo6A909pmhyvtYmDoxaKtfMV:0
[152079558ms] [ERROR] Failed to load resource: net::ERR_INTERNET_DISCONNECTED @ https://www.google.com/recaptcha/enterprise/clr?k=6Lf3d9UsAAAAAILBqo6A909pmhyvtYmDoxaKtfMV:0
[152121716ms] [WARNING] [2026-09-03T01:53:23.530Z]  @firebase/auth: Auth (12.6.0): Error while retrieving App Check token: FirebaseError: AppCheck: ReCAPTCHA error. (appCheck/recaptcha-error). @ https://outrun.co.il/_next/static/chunks/2532-16f59635ee5a761a.js:14
[152121722ms] [ERROR] Failed to load resource: net::ERR_INTERNET_DISCONNECTED @ https://securetoken.googleapis.com/v1/token?key=AIzaSyCezG55zVQEZWCEs-lHzx_yQldg-Ej2X60:0
[152121723ms] [ERROR] Failed to load resource: net::ERR_INTERNET_DISCONNECTED @ https://www.google.com/recaptcha/enterprise/clr?k=6Lf3d9UsAAAAAILBqo6A909pmhyvtYmDoxaKtfMV:0
[152121727ms] [ERROR] Failed to load resource: net::ERR_INTERNET_DISCONNECTED @ https://www.google.com/recaptcha/enterprise/clr?k=6Lf3d9UsAAAAAILBqo6A909pmhyvtYmDoxaKtfMV:0
[152121729ms] [ERROR] Failed to load resource: net::ERR_INTERNET_DISCONNECTED @ https://www.google.com/recaptcha/enterprise/clr?k=6Lf3d9UsAAAAAILBqo6A909pmhyvtYmDoxaKtfMV:0
[152121731ms] [ERROR] Failed to load resource: net::ERR_INTERNET_DISCONNECTED @ https://www.google.com/recaptcha/enterprise/clr?k=6Lf3d9UsAAAAAILBqo6A909pmhyvtYmDoxaKtfMV:0
[152197928ms] [ERROR] Failed to load resource: net::ERR_INTERNET_DISCONNECTED @ https://www.google.com/recaptcha/enterprise/clr?k=6Lf3d9UsAAAAAILBqo6A909pmhyvtYmDoxaKtfMV:0
[152197931ms] [ERROR] Failed to load resource: net::ERR_INTERNET_DISCONNECTED @ https://www.google.com/recaptcha/enterprise/clr?k=6Lf3d9UsAAAAAILBqo6A909pmhyvtYmDoxaKtfMV:0
[152197933ms] [ERROR] Failed to load resource: net::ERR_INTERNET_DISCONNECTED @ https://www.google.com/recaptcha/enterprise/clr?k=6Lf3d9UsAAAAAILBqo6A909pmhyvtYmDoxaKtfMV:0
[152197935ms] [ERROR] Failed to load resource: net::ERR_INTERNET_DISCONNECTED @ https://www.google.com/recaptcha/enterprise/clr?k=6Lf3d9UsAAAAAILBqo6A909pmhyvtYmDoxaKtfMV:0
[152209507ms] [WARNING] [2026-09-03T01:54:51.322Z]  @firebase/auth: Auth (12.6.0): Error while retrieving App Check token: FirebaseError: AppCheck: ReCAPTCHA error. (appCheck/recaptcha-error). @ https://outrun.co.il/_next/static/chunks/2532-16f59635ee5a761a.js:14
[152209512ms] [ERROR] Failed to load resource: net::ERR_INTERNET_DISCONNECTED @ https://securetoken.googleapis.com/v1/token?key=AIzaSyCezG55zVQEZWCEs-lHzx_yQldg-Ej2X60:0
[152209514ms] [ERROR] Failed to load resource: net::ERR_INTERNET_DISCONNECTED @ https://www.google.com/recaptcha/enterprise/clr?k=6Lf3d9UsAAAAAILBqo6A909pmhyvtYmDoxaKtfMV:0
[152209515ms] [ERROR] Failed to load resource: net::ERR_INTERNET_DISCONNECTED @ https://www.google.com/recaptcha/enterprise/clr?k=6Lf3d9UsAAAAAILBqo6A909pmhyvtYmDoxaKtfMV:0
[152209518ms] [ERROR] Failed to load resource: net::ERR_INTERNET_DISCONNECTED @ https://www.google.com/recaptcha/enterprise/clr?k=6Lf3d9UsAAAAAILBqo6A909pmhyvtYmDoxaKtfMV:0
[152209520ms] [ERROR] Failed to load resource: net::ERR_INTERNET_DISCONNECTED @ https://www.google.com/recaptcha/enterprise/clr?k=6Lf3d9UsAAAAAILBqo6A909pmhyvtYmDoxaKtfMV:0
[152271265ms] [WARNING] [2026-09-03T01:55:53.080Z]  @firebase/auth: Auth (12.6.0): Error while retrieving App Check token: FirebaseError: AppCheck: ReCAPTCHA error. (appCheck/recaptcha-error). @ https://outrun.co.il/_next/static/chunks/2532-16f59635ee5a761a.js:14
[152271269ms] [ERROR] Failed to load resource: net::ERR_INTERNET_DISCONNECTED @ https://securetoken.googleapis.com/v1/token?key=AIzaSyCezG55zVQEZWCEs-lHzx_yQldg-Ej2X60:0
[152271270ms] [ERROR] Failed to load resource: net::ERR_INTERNET_DISCONNECTED @ https://www.google.com/recaptcha/enterprise/clr?k=6Lf3d9UsAAAAAILBqo6A909pmhyvtYmDoxaKtfMV:0
[152271272ms] [ERROR] Failed to load resource: net::ERR_INTERNET_DISCONNECTED @ https://www.google.com/recaptcha/enterprise/clr?k=6Lf3d9UsAAAAAILBqo6A909pmhyvtYmDoxaKtfMV:0
[152271273ms] [ERROR] Failed to load resource: net::ERR_INTERNET_DISCONNECTED @ https://www.google.com/recaptcha/enterprise/clr?k=6Lf3d9UsAAAAAILBqo6A909pmhyvtYmDoxaKtfMV:0
[152271275ms] [ERROR] Failed to load resource: net::ERR_INTERNET_DISCONNECTED @ https://www.google.com/recaptcha/enterprise/clr?k=6Lf3d9UsAAAAAILBqo6A909pmhyvtYmDoxaKtfMV:0
[152326546ms] [WARNING] [2026-09-03T01:56:48.360Z]  @firebase/auth: Auth (12.6.0): Error while retrieving App Check token: FirebaseError: AppCheck: ReCAPTCHA error. (appCheck/recaptcha-error). @ https://outrun.co.il/_next/static/chunks/2532-16f59635ee5a761a.js:14
[152326552ms] [ERROR] Failed to load resource: net::ERR_INTERNET_DISCONNECTED @ https://securetoken.googleapis.com/v1/token?key=AIzaSyCezG55zVQEZWCEs-lHzx_yQldg-Ej2X60:0
[152326553ms] [ERROR] Failed to load resource: net::ERR_INTERNET_DISCONNECTED @ https://www.google.com/recaptcha/enterprise/clr?k=6Lf3d9UsAAAAAILBqo6A909pmhyvtYmDoxaKtfMV:0
[152326555ms] [ERROR] Failed to load resource: net::ERR_INTERNET_DISCONNECTED @ https://www.google.com/recaptcha/enterprise/clr?k=6Lf3d9UsAAAAAILBqo6A909pmhyvtYmDoxaKtfMV:0
[152326556ms] [ERROR] Failed to load resource: net::ERR_INTERNET_DISCONNECTED @ https://www.google.com/recaptcha/enterprise/clr?k=6Lf3d9UsAAAAAILBqo6A909pmhyvtYmDoxaKtfMV:0
[152326557ms] [ERROR] Failed to load resource: net::ERR_INTERNET_DISCONNECTED @ https://www.google.com/recaptcha/enterprise/clr?k=6Lf3d9UsAAAAAILBqo6A909pmhyvtYmDoxaKtfMV:0
[152410146ms] [WARNING] [2026-09-03T01:58:11.961Z]  @firebase/auth: Auth (12.6.0): Error while retrieving App Check token: FirebaseError: AppCheck: ReCAPTCHA error. (appCheck/recaptcha-error). @ https://outrun.co.il/_next/static/chunks/2532-16f59635ee5a761a.js:14
[152410153ms] [ERROR] Failed to load resource: net::ERR_INTERNET_DISCONNECTED @ https://securetoken.googleapis.com/v1/token?key=AIzaSyCezG55zVQEZWCEs-lHzx_yQldg-Ej2X60:0
[152410154ms] [ERROR] Failed to load resource: net::ERR_INTERNET_DISCONNECTED @ https://www.google.com/recaptcha/enterprise/clr?k=6Lf3d9UsAAAAAILBqo6A909pmhyvtYmDoxaKtfMV:0
[152410156ms] [ERROR] Failed to load resource: net::ERR_INTERNET_DISCONNECTED @ https://www.google.com/recaptcha/enterprise/clr?k=6Lf3d9UsAAAAAILBqo6A909pmhyvtYmDoxaKtfMV:0
[152410158ms] [ERROR] Failed to load resource: net::ERR_INTERNET_DISCONNECTED @ https://www.google.com/recaptcha/enterprise/clr?k=6Lf3d9UsAAAAAILBqo6A909pmhyvtYmDoxaKtfMV:0
[152410159ms] [ERROR] Failed to load resource: net::ERR_INTERNET_DISCONNECTED @ https://www.google.com/recaptcha/enterprise/clr?k=6Lf3d9UsAAAAAILBqo6A909pmhyvtYmDoxaKtfMV:0
[152471170ms] [WARNING] [2026-09-03T01:59:12.985Z]  @firebase/auth: Auth (12.6.0): Error while retrieving App Check token: FirebaseError: AppCheck: ReCAPTCHA error. (appCheck/recaptcha-error). @ https://outrun.co.il/_next/static/chunks/2532-16f59635ee5a761a.js:14
[152471175ms] [ERROR] Failed to load resource: net::ERR_INTERNET_DISCONNECTED @ https://securetoken.googleapis.com/v1/token?key=AIzaSyCezG55zVQEZWCEs-lHzx_yQldg-Ej2X60:0
[152471178ms] [ERROR] Failed to load resource: net::ERR_INTERNET_DISCONNECTED @ https://www.google.com/recaptcha/enterprise/clr?k=6Lf3d9UsAAAAAILBqo6A909pmhyvtYmDoxaKtfMV:0
[152471181ms] [ERROR] Failed to load resource: net::ERR_INTERNET_DISCONNECTED @ https://www.google.com/recaptcha/enterprise/clr?k=6Lf3d9UsAAAAAILBqo6A909pmhyvtYmDoxaKtfMV:0
[152471182ms] [ERROR] Failed to load resource: net::ERR_INTERNET_DISCONNECTED @ https://www.google.com/recaptcha/enterprise/clr?k=6Lf3d9UsAAAAAILBqo6A909pmhyvtYmDoxaKtfMV:0
[152471184ms] [ERROR] Failed to load resource: net::ERR_INTERNET_DISCONNECTED @ https://www.google.com/recaptcha/enterprise/clr?k=6Lf3d9UsAAAAAILBqo6A909pmhyvtYmDoxaKtfMV:0
[152524768ms] [WARNING] [2026-09-03T02:00:06.583Z]  @firebase/auth: Auth (12.6.0): Error while retrieving App Check token: FirebaseError: AppCheck: ReCAPTCHA error. (appCheck/recaptcha-error). @ https://outrun.co.il/_next/static/chunks/2532-16f59635ee5a761a.js:14
[152524775ms] [ERROR] Failed to load resource: net::ERR_INTERNET_DISCONNECTED @ https://securetoken.googleapis.com/v1/token?key=AIzaSyCezG55zVQEZWCEs-lHzx_yQldg-Ej2X60:0
[152524776ms] [ERROR] Failed to load resource: net::ERR_INTERNET_DISCONNECTED @ https://www.google.com/recaptcha/enterprise/clr?k=6Lf3d9UsAAAAAILBqo6A909pmhyvtYmDoxaKtfMV:0
[152524778ms] [ERROR] Failed to load resource: net::ERR_INTERNET_DISCONNECTED @ https://www.google.com/recaptcha/enterprise/clr?k=6Lf3d9UsAAAAAILBqo6A909pmhyvtYmDoxaKtfMV:0
[152524779ms] [ERROR] Failed to load resource: net::ERR_INTERNET_DISCONNECTED @ https://www.google.com/recaptcha/enterprise/clr?k=6Lf3d9UsAAAAAILBqo6A909pmhyvtYmDoxaKtfMV:0
[152524781ms] [ERROR] Failed to load resource: net::ERR_INTERNET_DISCONNECTED @ https://www.google.com/recaptcha/enterprise/clr?k=6Lf3d9UsAAAAAILBqo6A909pmhyvtYmDoxaKtfMV:0
[152585348ms] [WARNING] [2026-09-03T02:01:07.163Z]  @firebase/auth: Auth (12.6.0): Error while retrieving App Check token: FirebaseError: AppCheck: ReCAPTCHA error. (appCheck/recaptcha-error). @ https://outrun.co.il/_next/static/chunks/2532-16f59635ee5a761a.js:14
[152585351ms] [ERROR] Failed to load resource: net::ERR_INTERNET_DISCONNECTED @ https://securetoken.googleapis.com/v1/token?key=AIzaSyCezG55zVQEZWCEs-lHzx_yQldg-Ej2X60:0
[152585352ms] [WARNING] [AdminSessionSync] Refresh failed: FirebaseError: Firebase: Error (auth/network-request-failed).
    at _ (https://outrun.co.il/_next/static/chunks/ebf8faf4-4b21e6e1cecfd8ac.js:1:2449)
    at d (https://outrun.co.il/_next/static/chunks/ebf8faf4-4b21e6e1cecfd8ac.js:1:1774)
    at O (https://outrun.co.il/_next/static/chunks/ebf8faf4-4b21e6e1cecfd8ac.js:1:8154)
    at async et (https://outrun.co.il/_next/static/chunks/ebf8faf4-4b21e6e1cecfd8ac.js:1:13604)
    at async er.refresh (https://outrun.co.il/_next/static/chunks/ebf8faf4-4b21e6e1cecfd8ac.js:1:15036)
    at async er.getToken (https://outrun.co.il/_next/static/chunks/ebf8faf4-4b21e6e1cecfd8ac.js:1:14848)
    at async B (https://outrun.co.il/_next/static/chunks/ebf8faf4-4b21e6e1cecfd8ac.js:1:11368)
    at async es.getIdToken (https://outrun.co.il/_next/static/chunks/ebf8faf4-4b21e6e1cecfd8ac.js:1:16560)
    at async https://outrun.co.il/_next/static/chunks/app/admin/layout-19dbfc67bfe16a74.js:1:4522 @ https://outrun.co.il/_next/static/chunks/app/admin/layout-19dbfc67bfe16a74.js:0
[152585353ms] [ERROR] Failed to load resource: net::ERR_INTERNET_DISCONNECTED @ https://www.google.com/recaptcha/enterprise/clr?k=6Lf3d9UsAAAAAILBqo6A909pmhyvtYmDoxaKtfMV:0
[152585354ms] [ERROR] Failed to load resource: net::ERR_INTERNET_DISCONNECTED @ https://www.google.com/recaptcha/enterprise/clr?k=6Lf3d9UsAAAAAILBqo6A909pmhyvtYmDoxaKtfMV:0
[152585356ms] [ERROR] Failed to load resource: net::ERR_INTERNET_DISCONNECTED @ https://www.google.com/recaptcha/enterprise/clr?k=6Lf3d9UsAAAAAILBqo6A909pmhyvtYmDoxaKtfMV:0
[152585359ms] [ERROR] Failed to load resource: net::ERR_INTERNET_DISCONNECTED @ https://www.google.com/recaptcha/enterprise/clr?k=6Lf3d9UsAAAAAILBqo6A909pmhyvtYmDoxaKtfMV:0
[152592716ms] [WARNING] [2026-09-03T02:01:14.530Z]  @firebase/auth: Auth (12.6.0): Error while retrieving App Check token: FirebaseError: AppCheck: ReCAPTCHA error. (appCheck/recaptcha-error). @ https://outrun.co.il/_next/static/chunks/2532-16f59635ee5a761a.js:14
[152592719ms] [ERROR] Failed to load resource: net::ERR_INTERNET_DISCONNECTED @ https://www.google.com/recaptcha/enterprise/clr?k=6Lf3d9UsAAAAAILBqo6A909pmhyvtYmDoxaKtfMV:0
[152592719ms] [ERROR] Failed to load resource: net::ERR_INTERNET_DISCONNECTED @ https://securetoken.googleapis.com/v1/token?key=AIzaSyCezG55zVQEZWCEs-lHzx_yQldg-Ej2X60:0
[152592720ms] [ERROR] Failed to load resource: net::ERR_INTERNET_DISCONNECTED @ https://www.google.com/recaptcha/enterprise/clr?k=6Lf3d9UsAAAAAILBqo6A909pmhyvtYmDoxaKtfMV:0
[152592722ms] [ERROR] Failed to load resource: net::ERR_INTERNET_DISCONNECTED @ https://www.google.com/recaptcha/enterprise/clr?k=6Lf3d9UsAAAAAILBqo6A909pmhyvtYmDoxaKtfMV:0
[152592723ms] [ERROR] Failed to load resource: net::ERR_INTERNET_DISCONNECTED @ https://www.google.com/recaptcha/enterprise/clr?k=6Lf3d9UsAAAAAILBqo6A909pmhyvtYmDoxaKtfMV:0
[152599190ms] [WARNING] [2026-09-03T02:01:21.005Z]  @firebase/auth: Auth (12.6.0): Error while retrieving App Check token: FirebaseError: AppCheck: ReCAPTCHA error. (appCheck/recaptcha-error). @ https://outrun.co.il/_next/static/chunks/2532-16f59635ee5a761a.js:14
[152599193ms] [ERROR] Failed to load resource: net::ERR_INTERNET_DISCONNECTED @ https://securetoken.googleapis.com/v1/token?key=AIzaSyCezG55zVQEZWCEs-lHzx_yQldg-Ej2X60:0
[152599193ms] [WARNING] [session] silent refresh failed: FirebaseError: Firebase: Error (auth/network-request-failed).
    at _ (https://outrun.co.il/_next/static/chunks/ebf8faf4-4b21e6e1cecfd8ac.js:1:2449)
    at d (https://outrun.co.il/_next/static/chunks/ebf8faf4-4b21e6e1cecfd8ac.js:1:1774)
    at O (https://outrun.co.il/_next/static/chunks/ebf8faf4-4b21e6e1cecfd8ac.js:1:8154)
    at async et (https://outrun.co.il/_next/static/chunks/ebf8faf4-4b21e6e1cecfd8ac.js:1:13604)
    at async er.refresh (https://outrun.co.il/_next/static/chunks/ebf8faf4-4b21e6e1cecfd8ac.js:1:15036)
    at async er.getToken (https://outrun.co.il/_next/static/chunks/ebf8faf4-4b21e6e1cecfd8ac.js:1:14848)
    at async B (https://outrun.co.il/_next/static/chunks/ebf8faf4-4b21e6e1cecfd8ac.js:1:11368)
    at async es.getIdToken (https://outrun.co.il/_next/static/chunks/ebf8faf4-4b21e6e1cecfd8ac.js:1:16560)
    at async https://outrun.co.il/_next/static/chunks/app/admin/layout-19dbfc67bfe16a74.js:1:7218 @ https://outrun.co.il/_next/static/chunks/app/admin/layout-19dbfc67bfe16a74.js:0
[152599193ms] [ERROR] Failed to load resource: net::ERR_INTERNET_DISCONNECTED @ https://www.google.com/recaptcha/enterprise/clr?k=6Lf3d9UsAAAAAILBqo6A909pmhyvtYmDoxaKtfMV:0
[152599195ms] [ERROR] Failed to load resource: net::ERR_INTERNET_DISCONNECTED @ https://www.google.com/recaptcha/enterprise/clr?k=6Lf3d9UsAAAAAILBqo6A909pmhyvtYmDoxaKtfMV:0
[152599197ms] [ERROR] Failed to load resource: net::ERR_INTERNET_DISCONNECTED @ https://www.google.com/recaptcha/enterprise/clr?k=6Lf3d9UsAAAAAILBqo6A909pmhyvtYmDoxaKtfMV:0
[152599199ms] [ERROR] Failed to load resource: net::ERR_INTERNET_DISCONNECTED @ https://www.google.com/recaptcha/enterprise/clr?k=6Lf3d9UsAAAAAILBqo6A909pmhyvtYmDoxaKtfMV:0
[152649480ms] [WARNING] [2026-09-03T02:02:11.294Z]  @firebase/auth: Auth (12.6.0): Error while retrieving App Check token: FirebaseError: AppCheck: ReCAPTCHA error. (appCheck/recaptcha-error). @ https://outrun.co.il/_next/static/chunks/2532-16f59635ee5a761a.js:14
[152649483ms] [ERROR] Failed to load resource: net::ERR_INTERNET_DISCONNECTED @ https://securetoken.googleapis.com/v1/token?key=AIzaSyCezG55zVQEZWCEs-lHzx_yQldg-Ej2X60:0
[152649484ms] [ERROR] Failed to load resource: net::ERR_INTERNET_DISCONNECTED @ https://www.google.com/recaptcha/enterprise/clr?k=6Lf3d9UsAAAAAILBqo6A909pmhyvtYmDoxaKtfMV:0
[152649487ms] [ERROR] Failed to load resource: net::ERR_INTERNET_DISCONNECTED @ https://www.google.com/recaptcha/enterprise/clr?k=6Lf3d9UsAAAAAILBqo6A909pmhyvtYmDoxaKtfMV:0
[152649489ms] [ERROR] Failed to load resource: net::ERR_INTERNET_DISCONNECTED @ https://www.google.com/recaptcha/enterprise/clr?k=6Lf3d9UsAAAAAILBqo6A909pmhyvtYmDoxaKtfMV:0
[152649490ms] [ERROR] Failed to load resource: net::ERR_INTERNET_DISCONNECTED @ https://www.google.com/recaptcha/enterprise/clr?k=6Lf3d9UsAAAAAILBqo6A909pmhyvtYmDoxaKtfMV:0
[152714320ms] [WARNING] [2026-09-03T02:03:16.135Z]  @firebase/auth: Auth (12.6.0): Error while retrieving App Check token: FirebaseError: AppCheck: ReCAPTCHA error. (appCheck/recaptcha-error). @ https://outrun.co.il/_next/static/chunks/2532-16f59635ee5a761a.js:14
[152714324ms] [ERROR] Failed to load resource: net::ERR_INTERNET_DISCONNECTED @ https://securetoken.googleapis.com/v1/token?key=AIzaSyCezG55zVQEZWCEs-lHzx_yQldg-Ej2X60:0
[152714326ms] [ERROR] Failed to load resource: net::ERR_INTERNET_DISCONNECTED @ https://www.google.com/recaptcha/enterprise/clr?k=6Lf3d9UsAAAAAILBqo6A909pmhyvtYmDoxaKtfMV:0
[152714328ms] [ERROR] Failed to load resource: net::ERR_INTERNET_DISCONNECTED @ https://www.google.com/recaptcha/enterprise/clr?k=6Lf3d9UsAAAAAILBqo6A909pmhyvtYmDoxaKtfMV:0
[152714330ms] [ERROR] Failed to load resource: net::ERR_INTERNET_DISCONNECTED @ https://www.google.com/recaptcha/enterprise/clr?k=6Lf3d9UsAAAAAILBqo6A909pmhyvtYmDoxaKtfMV:0
[152714332ms] [ERROR] Failed to load resource: net::ERR_INTERNET_DISCONNECTED @ https://www.google.com/recaptcha/enterprise/clr?k=6Lf3d9UsAAAAAILBqo6A909pmhyvtYmDoxaKtfMV:0
[152749650ms] [WARNING] [2026-09-03T02:03:51.464Z]  @firebase/auth: Auth (12.6.0): Error while retrieving App Check token: FirebaseError: AppCheck: ReCAPTCHA error. (appCheck/recaptcha-error). @ https://outrun.co.il/_next/static/chunks/2532-16f59635ee5a761a.js:14
[152749658ms] [ERROR] Failed to load resource: net::ERR_INTERNET_DISCONNECTED @ https://securetoken.googleapis.com/v1/token?key=AIzaSyCezG55zVQEZWCEs-lHzx_yQldg-Ej2X60:0
[152749660ms] [ERROR] Failed to load resource: net::ERR_INTERNET_DISCONNECTED @ https://www.google.com/recaptcha/enterprise/clr?k=6Lf3d9UsAAAAAILBqo6A909pmhyvtYmDoxaKtfMV:0
[152749662ms] [ERROR] Failed to load resource: net::ERR_INTERNET_DISCONNECTED @ https://www.google.com/recaptcha/enterprise/clr?k=6Lf3d9UsAAAAAILBqo6A909pmhyvtYmDoxaKtfMV:0
[152749664ms] [ERROR] Failed to load resource: net::ERR_INTERNET_DISCONNECTED @ https://www.google.com/recaptcha/enterprise/clr?k=6Lf3d9UsAAAAAILBqo6A909pmhyvtYmDoxaKtfMV:0
[152749665ms] [ERROR] Failed to load resource: net::ERR_INTERNET_DISCONNECTED @ https://www.google.com/recaptcha/enterprise/clr?k=6Lf3d9UsAAAAAILBqo6A909pmhyvtYmDoxaKtfMV:0
[152829478ms] [WARNING] [2026-09-03T02:05:11.292Z]  @firebase/auth: Auth (12.6.0): Error while retrieving App Check token: FirebaseError: AppCheck: ReCAPTCHA error. (appCheck/recaptcha-error). @ https://outrun.co.il/_next/static/chunks/2532-16f59635ee5a761a.js:14
[152829481ms] [ERROR] Failed to load resource: net::ERR_INTERNET_DISCONNECTED @ https://securetoken.googleapis.com/v1/token?key=AIzaSyCezG55zVQEZWCEs-lHzx_yQldg-Ej2X60:0
[152829482ms] [ERROR] Failed to load resource: net::ERR_INTERNET_DISCONNECTED @ https://www.google.com/recaptcha/enterprise/clr?k=6Lf3d9UsAAAAAILBqo6A909pmhyvtYmDoxaKtfMV:0
[152829484ms] [ERROR] Failed to load resource: net::ERR_INTERNET_DISCONNECTED @ https://www.google.com/recaptcha/enterprise/clr?k=6Lf3d9UsAAAAAILBqo6A909pmhyvtYmDoxaKtfMV:0
[152829485ms] [ERROR] Failed to load resource: net::ERR_INTERNET_DISCONNECTED @ https://www.google.com/recaptcha/enterprise/clr?k=6Lf3d9UsAAAAAILBqo6A909pmhyvtYmDoxaKtfMV:0
[152829486ms] [ERROR] Failed to load resource: net::ERR_INTERNET_DISCONNECTED @ https://www.google.com/recaptcha/enterprise/clr?k=6Lf3d9UsAAAAAILBqo6A909pmhyvtYmDoxaKtfMV:0
[152877442ms] [WARNING] [2026-09-03T02:05:59.256Z]  @firebase/auth: Auth (12.6.0): Error while retrieving App Check token: FirebaseError: AppCheck: ReCAPTCHA error. (appCheck/recaptcha-error). @ https://outrun.co.il/_next/static/chunks/2532-16f59635ee5a761a.js:14
[152877448ms] [ERROR] Failed to load resource: net::ERR_INTERNET_DISCONNECTED @ https://securetoken.googleapis.com/v1/token?key=AIzaSyCezG55zVQEZWCEs-lHzx_yQldg-Ej2X60:0
[152877450ms] [ERROR] Failed to load resource: net::ERR_INTERNET_DISCONNECTED @ https://www.google.com/recaptcha/enterprise/clr?k=6Lf3d9UsAAAAAILBqo6A909pmhyvtYmDoxaKtfMV:0
[152877451ms] [ERROR] Failed to load resource: net::ERR_INTERNET_DISCONNECTED @ https://www.google.com/recaptcha/enterprise/clr?k=6Lf3d9UsAAAAAILBqo6A909pmhyvtYmDoxaKtfMV:0
[152877452ms] [ERROR] Failed to load resource: net::ERR_INTERNET_DISCONNECTED @ https://www.google.com/recaptcha/enterprise/clr?k=6Lf3d9UsAAAAAILBqo6A909pmhyvtYmDoxaKtfMV:0
[152877454ms] [ERROR] Failed to load resource: net::ERR_INTERNET_DISCONNECTED @ https://www.google.com/recaptcha/enterprise/clr?k=6Lf3d9UsAAAAAILBqo6A909pmhyvtYmDoxaKtfMV:0
[152885736ms] [WARNING] [2026-09-03T02:06:07.550Z]  @firebase/auth: Auth (12.6.0): Error while retrieving App Check token: FirebaseError: AppCheck: ReCAPTCHA error. (appCheck/recaptcha-error). @ https://outrun.co.il/_next/static/chunks/2532-16f59635ee5a761a.js:14
[152885739ms] [ERROR] Failed to load resource: net::ERR_INTERNET_DISCONNECTED @ https://www.google.com/recaptcha/enterprise/clr?k=6Lf3d9UsAAAAAILBqo6A909pmhyvtYmDoxaKtfMV:0
[152885739ms] [ERROR] Failed to load resource: net::ERR_INTERNET_DISCONNECTED @ https://securetoken.googleapis.com/v1/token?key=AIzaSyCezG55zVQEZWCEs-lHzx_yQldg-Ej2X60:0
[152885741ms] [ERROR] Failed to load resource: net::ERR_INTERNET_DISCONNECTED @ https://www.google.com/recaptcha/enterprise/clr?k=6Lf3d9UsAAAAAILBqo6A909pmhyvtYmDoxaKtfMV:0
[152885742ms] [ERROR] Failed to load resource: net::ERR_INTERNET_DISCONNECTED @ https://www.google.com/recaptcha/enterprise/clr?k=6Lf3d9UsAAAAAILBqo6A909pmhyvtYmDoxaKtfMV:0
[152885744ms] [ERROR] Failed to load resource: net::ERR_INTERNET_DISCONNECTED @ https://www.google.com/recaptcha/enterprise/clr?k=6Lf3d9UsAAAAAILBqo6A909pmhyvtYmDoxaKtfMV:0
[152924978ms] [WARNING] [2026-09-03T02:06:46.792Z]  @firebase/auth: Auth (12.6.0): Error while retrieving App Check token: FirebaseError: AppCheck: ReCAPTCHA error. (appCheck/recaptcha-error). @ https://outrun.co.il/_next/static/chunks/2532-16f59635ee5a761a.js:14
[152924981ms] [ERROR] Failed to load resource: net::ERR_INTERNET_DISCONNECTED @ https://securetoken.googleapis.com/v1/token?key=AIzaSyCezG55zVQEZWCEs-lHzx_yQldg-Ej2X60:0
[152924981ms] [ERROR] Failed to load resource: net::ERR_INTERNET_DISCONNECTED @ https://www.google.com/recaptcha/enterprise/clr?k=6Lf3d9UsAAAAAILBqo6A909pmhyvtYmDoxaKtfMV:0
[152924983ms] [ERROR] Failed to load resource: net::ERR_INTERNET_DISCONNECTED @ https://www.google.com/recaptcha/enterprise/clr?k=6Lf3d9UsAAAAAILBqo6A909pmhyvtYmDoxaKtfMV:0
[152924985ms] [ERROR] Failed to load resource: net::ERR_INTERNET_DISCONNECTED @ https://www.google.com/recaptcha/enterprise/clr?k=6Lf3d9UsAAAAAILBqo6A909pmhyvtYmDoxaKtfMV:0
[152924987ms] [ERROR] Failed to load resource: net::ERR_INTERNET_DISCONNECTED @ https://www.google.com/recaptcha/enterprise/clr?k=6Lf3d9UsAAAAAILBqo6A909pmhyvtYmDoxaKtfMV:0
[152959095ms] [WARNING] [2026-09-03T02:07:20.910Z]  @firebase/auth: Auth (12.6.0): Error while retrieving App Check token: FirebaseError: AppCheck: ReCAPTCHA error. (appCheck/recaptcha-error). @ https://outrun.co.il/_next/static/chunks/2532-16f59635ee5a761a.js:14
[152959099ms] [ERROR] Failed to load resource: net::ERR_INTERNET_DISCONNECTED @ https://securetoken.googleapis.com/v1/token?key=AIzaSyCezG55zVQEZWCEs-lHzx_yQldg-Ej2X60:0
[152959100ms] [ERROR] Failed to load resource: net::ERR_INTERNET_DISCONNECTED @ https://www.google.com/recaptcha/enterprise/clr?k=6Lf3d9UsAAAAAILBqo6A909pmhyvtYmDoxaKtfMV:0
[152959102ms] [ERROR] Failed to load resource: net::ERR_INTERNET_DISCONNECTED @ https://www.google.com/recaptcha/enterprise/clr?k=6Lf3d9UsAAAAAILBqo6A909pmhyvtYmDoxaKtfMV:0
[152959103ms] [ERROR] Failed to load resource: net::ERR_INTERNET_DISCONNECTED @ https://www.google.com/recaptcha/enterprise/clr?k=6Lf3d9UsAAAAAILBqo6A909pmhyvtYmDoxaKtfMV:0
[152959104ms] [ERROR] Failed to load resource: net::ERR_INTERNET_DISCONNECTED @ https://www.google.com/recaptcha/enterprise/clr?k=6Lf3d9UsAAAAAILBqo6A909pmhyvtYmDoxaKtfMV:0
[153041040ms] [WARNING] [2026-09-03T02:08:42.854Z]  @firebase/auth: Auth (12.6.0): Error while retrieving App Check token: FirebaseError: AppCheck: ReCAPTCHA error. (appCheck/recaptcha-error). @ https://outrun.co.il/_next/static/chunks/2532-16f59635ee5a761a.js:14
[153041044ms] [ERROR] Failed to load resource: net::ERR_INTERNET_DISCONNECTED @ https://securetoken.googleapis.com/v1/token?key=AIzaSyCezG55zVQEZWCEs-lHzx_yQldg-Ej2X60:0
[153041045ms] [ERROR] Failed to load resource: net::ERR_INTERNET_DISCONNECTED @ https://www.google.com/recaptcha/enterprise/clr?k=6Lf3d9UsAAAAAILBqo6A909pmhyvtYmDoxaKtfMV:0
[153041046ms] [ERROR] Failed to load resource: net::ERR_INTERNET_DISCONNECTED @ https://www.google.com/recaptcha/enterprise/clr?k=6Lf3d9UsAAAAAILBqo6A909pmhyvtYmDoxaKtfMV:0
[153041048ms] [ERROR] Failed to load resource: net::ERR_INTERNET_DISCONNECTED @ https://www.google.com/recaptcha/enterprise/clr?k=6Lf3d9UsAAAAAILBqo6A909pmhyvtYmDoxaKtfMV:0
[153041050ms] [ERROR] Failed to load resource: net::ERR_INTERNET_DISCONNECTED @ https://www.google.com/recaptcha/enterprise/clr?k=6Lf3d9UsAAAAAILBqo6A909pmhyvtYmDoxaKtfMV:0
[153091226ms] [WARNING] [2026-09-03T02:09:33.040Z]  @firebase/auth: Auth (12.6.0): Error while retrieving App Check token: FirebaseError: AppCheck: ReCAPTCHA error. (appCheck/recaptcha-error). @ https://outrun.co.il/_next/static/chunks/2532-16f59635ee5a761a.js:14
[153091229ms] [ERROR] Failed to load resource: net::ERR_INTERNET_DISCONNECTED @ https://securetoken.googleapis.com/v1/token?key=AIzaSyCezG55zVQEZWCEs-lHzx_yQldg-Ej2X60:0
[153091230ms] [ERROR] Failed to load resource: net::ERR_INTERNET_DISCONNECTED @ https://www.google.com/recaptcha/enterprise/clr?k=6Lf3d9UsAAAAAILBqo6A909pmhyvtYmDoxaKtfMV:0
[153091232ms] [ERROR] Failed to load resource: net::ERR_INTERNET_DISCONNECTED @ https://www.google.com/recaptcha/enterprise/clr?k=6Lf3d9UsAAAAAILBqo6A909pmhyvtYmDoxaKtfMV:0
[153091233ms] [ERROR] Failed to load resource: net::ERR_INTERNET_DISCONNECTED @ https://www.google.com/recaptcha/enterprise/clr?k=6Lf3d9UsAAAAAILBqo6A909pmhyvtYmDoxaKtfMV:0
[153091235ms] [ERROR] Failed to load resource: net::ERR_INTERNET_DISCONNECTED @ https://www.google.com/recaptcha/enterprise/clr?k=6Lf3d9UsAAAAAILBqo6A909pmhyvtYmDoxaKtfMV:0
[153130430ms] [WARNING] [2026-09-03T02:10:12.244Z]  @firebase/auth: Auth (12.6.0): Error while retrieving App Check token: FirebaseError: AppCheck: ReCAPTCHA error. (appCheck/recaptcha-error). @ https://outrun.co.il/_next/static/chunks/2532-16f59635ee5a761a.js:14
[153130433ms] [ERROR] Failed to load resource: net::ERR_INTERNET_DISCONNECTED @ https://securetoken.googleapis.com/v1/token?key=AIzaSyCezG55zVQEZWCEs-lHzx_yQldg-Ej2X60:0
[153130436ms] [ERROR] Failed to load resource: net::ERR_INTERNET_DISCONNECTED @ https://www.google.com/recaptcha/enterprise/clr?k=6Lf3d9UsAAAAAILBqo6A909pmhyvtYmDoxaKtfMV:0
[153130439ms] [ERROR] Failed to load resource: net::ERR_INTERNET_DISCONNECTED @ https://www.google.com/recaptcha/enterprise/clr?k=6Lf3d9UsAAAAAILBqo6A909pmhyvtYmDoxaKtfMV:0
[153130440ms] [ERROR] Failed to load resource: net::ERR_INTERNET_DISCONNECTED @ https://www.google.com/recaptcha/enterprise/clr?k=6Lf3d9UsAAAAAILBqo6A909pmhyvtYmDoxaKtfMV:0
[153130442ms] [ERROR] Failed to load resource: net::ERR_INTERNET_DISCONNECTED @ https://www.google.com/recaptcha/enterprise/clr?k=6Lf3d9UsAAAAAILBqo6A909pmhyvtYmDoxaKtfMV:0
[153157933ms] [ERROR] Failed to load resource: net::ERR_INTERNET_DISCONNECTED @ https://www.google.com/recaptcha/enterprise/clr?k=6Lf3d9UsAAAAAILBqo6A909pmhyvtYmDoxaKtfMV:0
[153157935ms] [ERROR] Failed to load resource: net::ERR_INTERNET_DISCONNECTED @ https://www.google.com/recaptcha/enterprise/clr?k=6Lf3d9UsAAAAAILBqo6A909pmhyvtYmDoxaKtfMV:0
[153157937ms] [ERROR] Failed to load resource: net::ERR_INTERNET_DISCONNECTED @ https://www.google.com/recaptcha/enterprise/clr?k=6Lf3d9UsAAAAAILBqo6A909pmhyvtYmDoxaKtfMV:0
[153157939ms] [ERROR] Failed to load resource: net::ERR_INTERNET_DISCONNECTED @ https://www.google.com/recaptcha/enterprise/clr?k=6Lf3d9UsAAAAAILBqo6A909pmhyvtYmDoxaKtfMV:0
[153189759ms] [WARNING] [2026-09-03T02:11:11.573Z]  @firebase/auth: Auth (12.6.0): Error while retrieving App Check token: FirebaseError: AppCheck: ReCAPTCHA error. (appCheck/recaptcha-error). @ https://outrun.co.il/_next/static/chunks/2532-16f59635ee5a761a.js:14
[153189764ms] [ERROR] Failed to load resource: net::ERR_INTERNET_DISCONNECTED @ https://securetoken.googleapis.com/v1/token?key=AIzaSyCezG55zVQEZWCEs-lHzx_yQldg-Ej2X60:0
[153189765ms] [ERROR] Failed to load resource: net::ERR_INTERNET_DISCONNECTED @ https://www.google.com/recaptcha/enterprise/clr?k=6Lf3d9UsAAAAAILBqo6A909pmhyvtYmDoxaKtfMV:0
[153189767ms] [ERROR] Failed to load resource: net::ERR_INTERNET_DISCONNECTED @ https://www.google.com/recaptcha/enterprise/clr?k=6Lf3d9UsAAAAAILBqo6A909pmhyvtYmDoxaKtfMV:0
[153189769ms] [ERROR] Failed to load resource: net::ERR_INTERNET_DISCONNECTED @ https://www.google.com/recaptcha/enterprise/clr?k=6Lf3d9UsAAAAAILBqo6A909pmhyvtYmDoxaKtfMV:0
[153189770ms] [ERROR] Failed to load resource: net::ERR_INTERNET_DISCONNECTED @ https://www.google.com/recaptcha/enterprise/clr?k=6Lf3d9UsAAAAAILBqo6A909pmhyvtYmDoxaKtfMV:0
[153220233ms] [WARNING] [2026-09-03T02:11:42.047Z]  @firebase/auth: Auth (12.6.0): Error while retrieving App Check token: FirebaseError: AppCheck: ReCAPTCHA error. (appCheck/recaptcha-error). @ https://outrun.co.il/_next/static/chunks/2532-16f59635ee5a761a.js:14
[153220235ms] [ERROR] Failed to load resource: net::ERR_INTERNET_DISCONNECTED @ https://securetoken.googleapis.com/v1/token?key=AIzaSyCezG55zVQEZWCEs-lHzx_yQldg-Ej2X60:0
[153220236ms] [ERROR] Failed to load resource: net::ERR_INTERNET_DISCONNECTED @ https://www.google.com/recaptcha/enterprise/clr?k=6Lf3d9UsAAAAAILBqo6A909pmhyvtYmDoxaKtfMV:0
[153220237ms] [ERROR] Failed to load resource: net::ERR_INTERNET_DISCONNECTED @ https://www.google.com/recaptcha/enterprise/clr?k=6Lf3d9UsAAAAAILBqo6A909pmhyvtYmDoxaKtfMV:0
[153220239ms] [ERROR] Failed to load resource: net::ERR_INTERNET_DISCONNECTED @ https://www.google.com/recaptcha/enterprise/clr?k=6Lf3d9UsAAAAAILBqo6A909pmhyvtYmDoxaKtfMV:0
[153220241ms] [ERROR] Failed to load resource: net::ERR_INTERNET_DISCONNECTED @ https://www.google.com/recaptcha/enterprise/clr?k=6Lf3d9UsAAAAAILBqo6A909pmhyvtYmDoxaKtfMV:0
[153305897ms] [WARNING] [2026-09-03T02:13:07.711Z]  @firebase/auth: Auth (12.6.0): Error while retrieving App Check token: FirebaseError: AppCheck: ReCAPTCHA error. (appCheck/recaptcha-error). @ https://outrun.co.il/_next/static/chunks/2532-16f59635ee5a761a.js:14
[153305901ms] [ERROR] Failed to load resource: net::ERR_INTERNET_DISCONNECTED @ https://securetoken.googleapis.com/v1/token?key=AIzaSyCezG55zVQEZWCEs-lHzx_yQldg-Ej2X60:0
[153305903ms] [ERROR] Failed to load resource: net::ERR_INTERNET_DISCONNECTED @ https://www.google.com/recaptcha/enterprise/clr?k=6Lf3d9UsAAAAAILBqo6A909pmhyvtYmDoxaKtfMV:0
[153305912ms] [ERROR] Failed to load resource: net::ERR_INTERNET_DISCONNECTED @ https://www.google.com/recaptcha/enterprise/clr?k=6Lf3d9UsAAAAAILBqo6A909pmhyvtYmDoxaKtfMV:0
[153305916ms] [ERROR] Failed to load resource: net::ERR_INTERNET_DISCONNECTED @ https://www.google.com/recaptcha/enterprise/clr?k=6Lf3d9UsAAAAAILBqo6A909pmhyvtYmDoxaKtfMV:0
[153305917ms] [ERROR] Failed to load resource: net::ERR_INTERNET_DISCONNECTED @ https://www.google.com/recaptcha/enterprise/clr?k=6Lf3d9UsAAAAAILBqo6A909pmhyvtYmDoxaKtfMV:0
[153349067ms] [WARNING] [2026-09-03T02:13:50.882Z]  @firebase/auth: Auth (12.6.0): Error while retrieving App Check token: FirebaseError: AppCheck: ReCAPTCHA error. (appCheck/recaptcha-error). @ https://outrun.co.il/_next/static/chunks/2532-16f59635ee5a761a.js:14
[153349072ms] [ERROR] Failed to load resource: net::ERR_INTERNET_DISCONNECTED @ https://securetoken.googleapis.com/v1/token?key=AIzaSyCezG55zVQEZWCEs-lHzx_yQldg-Ej2X60:0
[153349072ms] [ERROR] Failed to load resource: net::ERR_INTERNET_DISCONNECTED @ https://www.google.com/recaptcha/enterprise/clr?k=6Lf3d9UsAAAAAILBqo6A909pmhyvtYmDoxaKtfMV:0
[153349074ms] [ERROR] Failed to load resource: net::ERR_INTERNET_DISCONNECTED @ https://www.google.com/recaptcha/enterprise/clr?k=6Lf3d9UsAAAAAILBqo6A909pmhyvtYmDoxaKtfMV:0
[153349076ms] [ERROR] Failed to load resource: net::ERR_INTERNET_DISCONNECTED @ https://www.google.com/recaptcha/enterprise/clr?k=6Lf3d9UsAAAAAILBqo6A909pmhyvtYmDoxaKtfMV:0
[153349078ms] [ERROR] Failed to load resource: net::ERR_INTERNET_DISCONNECTED @ https://www.google.com/recaptcha/enterprise/clr?k=6Lf3d9UsAAAAAILBqo6A909pmhyvtYmDoxaKtfMV:0
[153414368ms] [WARNING] [2026-09-03T02:14:56.182Z]  @firebase/auth: Auth (12.6.0): Error while retrieving App Check token: FirebaseError: AppCheck: ReCAPTCHA error. (appCheck/recaptcha-error). @ https://outrun.co.il/_next/static/chunks/2532-16f59635ee5a761a.js:14
[153414373ms] [ERROR] Failed to load resource: net::ERR_INTERNET_DISCONNECTED @ https://securetoken.googleapis.com/v1/token?key=AIzaSyCezG55zVQEZWCEs-lHzx_yQldg-Ej2X60:0
[153414374ms] [ERROR] Failed to load resource: net::ERR_INTERNET_DISCONNECTED @ https://www.google.com/recaptcha/enterprise/clr?k=6Lf3d9UsAAAAAILBqo6A909pmhyvtYmDoxaKtfMV:0
[153414376ms] [ERROR] Failed to load resource: net::ERR_INTERNET_DISCONNECTED @ https://www.google.com/recaptcha/enterprise/clr?k=6Lf3d9UsAAAAAILBqo6A909pmhyvtYmDoxaKtfMV:0
[153414378ms] [ERROR] Failed to load resource: net::ERR_INTERNET_DISCONNECTED @ https://www.google.com/recaptcha/enterprise/clr?k=6Lf3d9UsAAAAAILBqo6A909pmhyvtYmDoxaKtfMV:0
[153414379ms] [ERROR] Failed to load resource: net::ERR_INTERNET_DISCONNECTED @ https://www.google.com/recaptcha/enterprise/clr?k=6Lf3d9UsAAAAAILBqo6A909pmhyvtYmDoxaKtfMV:0
[153444858ms] [WARNING] [2026-09-03T02:15:26.673Z]  @firebase/auth: Auth (12.6.0): Error while retrieving App Check token: FirebaseError: AppCheck: ReCAPTCHA error. (appCheck/recaptcha-error). @ https://outrun.co.il/_next/static/chunks/2532-16f59635ee5a761a.js:14
[153444861ms] [ERROR] Failed to load resource: net::ERR_INTERNET_DISCONNECTED @ https://securetoken.googleapis.com/v1/token?key=AIzaSyCezG55zVQEZWCEs-lHzx_yQldg-Ej2X60:0
[153444862ms] [ERROR] Failed to load resource: net::ERR_INTERNET_DISCONNECTED @ https://www.google.com/recaptcha/enterprise/clr?k=6Lf3d9UsAAAAAILBqo6A909pmhyvtYmDoxaKtfMV:0
[153444864ms] [ERROR] Failed to load resource: net::ERR_INTERNET_DISCONNECTED @ https://www.google.com/recaptcha/enterprise/clr?k=6Lf3d9UsAAAAAILBqo6A909pmhyvtYmDoxaKtfMV:0
[153444866ms] [ERROR] Failed to load resource: net::ERR_INTERNET_DISCONNECTED @ https://www.google.com/recaptcha/enterprise/clr?k=6Lf3d9UsAAAAAILBqo6A909pmhyvtYmDoxaKtfMV:0
[153444868ms] [ERROR] Failed to load resource: net::ERR_INTERNET_DISCONNECTED @ https://www.google.com/recaptcha/enterprise/clr?k=6Lf3d9UsAAAAAILBqo6A909pmhyvtYmDoxaKtfMV:0
[153502750ms] [WARNING] [2026-09-03T02:16:24.565Z]  @firebase/auth: Auth (12.6.0): Error while retrieving App Check token: FirebaseError: AppCheck: ReCAPTCHA error. (appCheck/recaptcha-error). @ https://outrun.co.il/_next/static/chunks/2532-16f59635ee5a761a.js:14
[153502754ms] [ERROR] Failed to load resource: net::ERR_INTERNET_DISCONNECTED @ https://securetoken.googleapis.com/v1/token?key=AIzaSyCezG55zVQEZWCEs-lHzx_yQldg-Ej2X60:0
[153502754ms] [ERROR] Failed to load resource: net::ERR_INTERNET_DISCONNECTED @ https://www.google.com/recaptcha/enterprise/clr?k=6Lf3d9UsAAAAAILBqo6A909pmhyvtYmDoxaKtfMV:0
[153502756ms] [ERROR] Failed to load resource: net::ERR_INTERNET_DISCONNECTED @ https://www.google.com/recaptcha/enterprise/clr?k=6Lf3d9UsAAAAAILBqo6A909pmhyvtYmDoxaKtfMV:0
[153502758ms] [ERROR] Failed to load resource: net::ERR_INTERNET_DISCONNECTED @ https://www.google.com/recaptcha/enterprise/clr?k=6Lf3d9UsAAAAAILBqo6A909pmhyvtYmDoxaKtfMV:0
[153502760ms] [ERROR] Failed to load resource: net::ERR_INTERNET_DISCONNECTED @ https://www.google.com/recaptcha/enterprise/clr?k=6Lf3d9UsAAAAAILBqo6A909pmhyvtYmDoxaKtfMV:0
[153557508ms] [WARNING] [2026-09-03T02:17:19.322Z]  @firebase/auth: Auth (12.6.0): Error while retrieving App Check token: FirebaseError: AppCheck: ReCAPTCHA error. (appCheck/recaptcha-error). @ https://outrun.co.il/_next/static/chunks/2532-16f59635ee5a761a.js:14
[153557511ms] [ERROR] Failed to load resource: net::ERR_INTERNET_DISCONNECTED @ https://securetoken.googleapis.com/v1/token?key=AIzaSyCezG55zVQEZWCEs-lHzx_yQldg-Ej2X60:0
[153557512ms] [ERROR] Failed to load resource: net::ERR_INTERNET_DISCONNECTED @ https://www.google.com/recaptcha/enterprise/clr?k=6Lf3d9UsAAAAAILBqo6A909pmhyvtYmDoxaKtfMV:0
[153557513ms] [ERROR] Failed to load resource: net::ERR_INTERNET_DISCONNECTED @ https://www.google.com/recaptcha/enterprise/clr?k=6Lf3d9UsAAAAAILBqo6A909pmhyvtYmDoxaKtfMV:0
[153557515ms] [ERROR] Failed to load resource: net::ERR_INTERNET_DISCONNECTED @ https://www.google.com/recaptcha/enterprise/clr?k=6Lf3d9UsAAAAAILBqo6A909pmhyvtYmDoxaKtfMV:0
[153557517ms] [ERROR] Failed to load resource: net::ERR_INTERNET_DISCONNECTED @ https://www.google.com/recaptcha/enterprise/clr?k=6Lf3d9UsAAAAAILBqo6A909pmhyvtYmDoxaKtfMV:0
[153606358ms] [WARNING] [2026-09-03T02:18:08.172Z]  @firebase/auth: Auth (12.6.0): Error while retrieving App Check token: FirebaseError: AppCheck: ReCAPTCHA error. (appCheck/recaptcha-error). @ https://outrun.co.il/_next/static/chunks/2532-16f59635ee5a761a.js:14
[153606361ms] [ERROR] Failed to load resource: net::ERR_INTERNET_DISCONNECTED @ https://securetoken.googleapis.com/v1/token?key=AIzaSyCezG55zVQEZWCEs-lHzx_yQldg-Ej2X60:0
[153606363ms] [ERROR] Failed to load resource: net::ERR_INTERNET_DISCONNECTED @ https://www.google.com/recaptcha/enterprise/clr?k=6Lf3d9UsAAAAAILBqo6A909pmhyvtYmDoxaKtfMV:0
[153606364ms] [ERROR] Failed to load resource: net::ERR_INTERNET_DISCONNECTED @ https://www.google.com/recaptcha/enterprise/clr?k=6Lf3d9UsAAAAAILBqo6A909pmhyvtYmDoxaKtfMV:0
[153606366ms] [ERROR] Failed to load resource: net::ERR_INTERNET_DISCONNECTED @ https://www.google.com/recaptcha/enterprise/clr?k=6Lf3d9UsAAAAAILBqo6A909pmhyvtYmDoxaKtfMV:0
[153606368ms] [ERROR] Failed to load resource: net::ERR_INTERNET_DISCONNECTED @ https://www.google.com/recaptcha/enterprise/clr?k=6Lf3d9UsAAAAAILBqo6A909pmhyvtYmDoxaKtfMV:0
[153650975ms] [WARNING] [2026-09-03T02:18:52.789Z]  @firebase/auth: Auth (12.6.0): Error while retrieving App Check token: FirebaseError: AppCheck: ReCAPTCHA error. (appCheck/recaptcha-error). @ https://outrun.co.il/_next/static/chunks/2532-16f59635ee5a761a.js:14
[153650978ms] [ERROR] Failed to load resource: net::ERR_INTERNET_DISCONNECTED @ https://securetoken.googleapis.com/v1/token?key=AIzaSyCezG55zVQEZWCEs-lHzx_yQldg-Ej2X60:0
[153650979ms] [ERROR] Failed to load resource: net::ERR_INTERNET_DISCONNECTED @ https://www.google.com/recaptcha/enterprise/clr?k=6Lf3d9UsAAAAAILBqo6A909pmhyvtYmDoxaKtfMV:0
[153650981ms] [ERROR] Failed to load resource: net::ERR_INTERNET_DISCONNECTED @ https://www.google.com/recaptcha/enterprise/clr?k=6Lf3d9UsAAAAAILBqo6A909pmhyvtYmDoxaKtfMV:0
[153650982ms] [ERROR] Failed to load resource: net::ERR_INTERNET_DISCONNECTED @ https://www.google.com/recaptcha/enterprise/clr?k=6Lf3d9UsAAAAAILBqo6A909pmhyvtYmDoxaKtfMV:0
[153650984ms] [ERROR] Failed to load resource: net::ERR_INTERNET_DISCONNECTED @ https://www.google.com/recaptcha/enterprise/clr?k=6Lf3d9UsAAAAAILBqo6A909pmhyvtYmDoxaKtfMV:0
[153709669ms] [WARNING] [2026-09-03T02:19:51.483Z]  @firebase/auth: Auth (12.6.0): Error while retrieving App Check token: FirebaseError: AppCheck: ReCAPTCHA error. (appCheck/recaptcha-error). @ https://outrun.co.il/_next/static/chunks/2532-16f59635ee5a761a.js:14
[153709672ms] [ERROR] Failed to load resource: net::ERR_INTERNET_DISCONNECTED @ https://securetoken.googleapis.com/v1/token?key=AIzaSyCezG55zVQEZWCEs-lHzx_yQldg-Ej2X60:0
[153709673ms] [ERROR] Failed to load resource: net::ERR_INTERNET_DISCONNECTED @ https://www.google.com/recaptcha/enterprise/clr?k=6Lf3d9UsAAAAAILBqo6A909pmhyvtYmDoxaKtfMV:0
[153709675ms] [ERROR] Failed to load resource: net::ERR_INTERNET_DISCONNECTED @ https://www.google.com/recaptcha/enterprise/clr?k=6Lf3d9UsAAAAAILBqo6A909pmhyvtYmDoxaKtfMV:0
[153709677ms] [ERROR] Failed to load resource: net::ERR_INTERNET_DISCONNECTED @ https://www.google.com/recaptcha/enterprise/clr?k=6Lf3d9UsAAAAAILBqo6A909pmhyvtYmDoxaKtfMV:0
[153709678ms] [ERROR] Failed to load resource: net::ERR_INTERNET_DISCONNECTED @ https://www.google.com/recaptcha/enterprise/clr?k=6Lf3d9UsAAAAAILBqo6A909pmhyvtYmDoxaKtfMV:0
[153745216ms] [WARNING] [2026-09-03T02:20:27.030Z]  @firebase/auth: Auth (12.6.0): Error while retrieving App Check token: FirebaseError: AppCheck: ReCAPTCHA error. (appCheck/recaptcha-error). @ https://outrun.co.il/_next/static/chunks/2532-16f59635ee5a761a.js:14
[153745224ms] [ERROR] Failed to load resource: net::ERR_INTERNET_DISCONNECTED @ https://securetoken.googleapis.com/v1/token?key=AIzaSyCezG55zVQEZWCEs-lHzx_yQldg-Ej2X60:0
[153745225ms] [ERROR] Failed to load resource: net::ERR_INTERNET_DISCONNECTED @ https://www.google.com/recaptcha/enterprise/clr?k=6Lf3d9UsAAAAAILBqo6A909pmhyvtYmDoxaKtfMV:0
[153745230ms] [ERROR] Failed to load resource: net::ERR_INTERNET_DISCONNECTED @ https://www.google.com/recaptcha/enterprise/clr?k=6Lf3d9UsAAAAAILBqo6A909pmhyvtYmDoxaKtfMV:0
[153745232ms] [ERROR] Failed to load resource: net::ERR_INTERNET_DISCONNECTED @ https://www.google.com/recaptcha/enterprise/clr?k=6Lf3d9UsAAAAAILBqo6A909pmhyvtYmDoxaKtfMV:0
[153745234ms] [ERROR] Failed to load resource: net::ERR_INTERNET_DISCONNECTED @ https://www.google.com/recaptcha/enterprise/clr?k=6Lf3d9UsAAAAAILBqo6A909pmhyvtYmDoxaKtfMV:0
[153813132ms] [WARNING] [2026-09-03T02:21:34.946Z]  @firebase/auth: Auth (12.6.0): Error while retrieving App Check token: FirebaseError: AppCheck: ReCAPTCHA error. (appCheck/recaptcha-error). @ https://outrun.co.il/_next/static/chunks/2532-16f59635ee5a761a.js:14
[153813137ms] [ERROR] Failed to load resource: net::ERR_INTERNET_DISCONNECTED @ https://securetoken.googleapis.com/v1/token?key=AIzaSyCezG55zVQEZWCEs-lHzx_yQldg-Ej2X60:0
[153813139ms] [ERROR] Failed to load resource: net::ERR_INTERNET_DISCONNECTED @ https://www.google.com/recaptcha/enterprise/clr?k=6Lf3d9UsAAAAAILBqo6A909pmhyvtYmDoxaKtfMV:0
[153813141ms] [ERROR] Failed to load resource: net::ERR_INTERNET_DISCONNECTED @ https://www.google.com/recaptcha/enterprise/clr?k=6Lf3d9UsAAAAAILBqo6A909pmhyvtYmDoxaKtfMV:0
[153813143ms] [ERROR] Failed to load resource: net::ERR_INTERNET_DISCONNECTED @ https://www.google.com/recaptcha/enterprise/clr?k=6Lf3d9UsAAAAAILBqo6A909pmhyvtYmDoxaKtfMV:0
[153813144ms] [ERROR] Failed to load resource: net::ERR_INTERNET_DISCONNECTED @ https://www.google.com/recaptcha/enterprise/clr?k=6Lf3d9UsAAAAAILBqo6A909pmhyvtYmDoxaKtfMV:0
[153845751ms] [WARNING] [2026-09-03T02:22:07.565Z]  @firebase/auth: Auth (12.6.0): Error while retrieving App Check token: FirebaseError: AppCheck: ReCAPTCHA error. (appCheck/recaptcha-error). @ https://outrun.co.il/_next/static/chunks/2532-16f59635ee5a761a.js:14
[153845755ms] [ERROR] Failed to load resource: net::ERR_INTERNET_DISCONNECTED @ https://securetoken.googleapis.com/v1/token?key=AIzaSyCezG55zVQEZWCEs-lHzx_yQldg-Ej2X60:0
[153845756ms] [ERROR] Failed to load resource: net::ERR_INTERNET_DISCONNECTED @ https://www.google.com/recaptcha/enterprise/clr?k=6Lf3d9UsAAAAAILBqo6A909pmhyvtYmDoxaKtfMV:0
[153845758ms] [ERROR] Failed to load resource: net::ERR_INTERNET_DISCONNECTED @ https://www.google.com/recaptcha/enterprise/clr?k=6Lf3d9UsAAAAAILBqo6A909pmhyvtYmDoxaKtfMV:0
[153845760ms] [ERROR] Failed to load resource: net::ERR_INTERNET_DISCONNECTED @ https://www.google.com/recaptcha/enterprise/clr?k=6Lf3d9UsAAAAAILBqo6A909pmhyvtYmDoxaKtfMV:0
[153845761ms] [ERROR] Failed to load resource: net::ERR_INTERNET_DISCONNECTED @ https://www.google.com/recaptcha/enterprise/clr?k=6Lf3d9UsAAAAAILBqo6A909pmhyvtYmDoxaKtfMV:0
[153884390ms] [WARNING] [2026-09-03T02:22:46.204Z]  @firebase/auth: Auth (12.6.0): Error while retrieving App Check token: FirebaseError: AppCheck: ReCAPTCHA error. (appCheck/recaptcha-error). @ https://outrun.co.il/_next/static/chunks/2532-16f59635ee5a761a.js:14
[153884394ms] [ERROR] Failed to load resource: net::ERR_INTERNET_DISCONNECTED @ https://securetoken.googleapis.com/v1/token?key=AIzaSyCezG55zVQEZWCEs-lHzx_yQldg-Ej2X60:0
[153884396ms] [ERROR] Failed to load resource: net::ERR_INTERNET_DISCONNECTED @ https://www.google.com/recaptcha/enterprise/clr?k=6Lf3d9UsAAAAAILBqo6A909pmhyvtYmDoxaKtfMV:0
[153884397ms] [ERROR] Failed to load resource: net::ERR_INTERNET_DISCONNECTED @ https://www.google.com/recaptcha/enterprise/clr?k=6Lf3d9UsAAAAAILBqo6A909pmhyvtYmDoxaKtfMV:0
[153884399ms] [ERROR] Failed to load resource: net::ERR_INTERNET_DISCONNECTED @ https://www.google.com/recaptcha/enterprise/clr?k=6Lf3d9UsAAAAAILBqo6A909pmhyvtYmDoxaKtfMV:0
[153884401ms] [ERROR] Failed to load resource: net::ERR_INTERNET_DISCONNECTED @ https://www.google.com/recaptcha/enterprise/clr?k=6Lf3d9UsAAAAAILBqo6A909pmhyvtYmDoxaKtfMV:0
[153918190ms] [WARNING] [2026-09-03T02:23:20.004Z]  @firebase/auth: Auth (12.6.0): Error while retrieving App Check token: FirebaseError: AppCheck: ReCAPTCHA error. (appCheck/recaptcha-error). @ https://outrun.co.il/_next/static/chunks/2532-16f59635ee5a761a.js:14
[153918196ms] [ERROR] Failed to load resource: net::ERR_INTERNET_DISCONNECTED @ https://securetoken.googleapis.com/v1/token?key=AIzaSyCezG55zVQEZWCEs-lHzx_yQldg-Ej2X60:0
[153918198ms] [ERROR] Failed to load resource: net::ERR_INTERNET_DISCONNECTED @ https://www.google.com/recaptcha/enterprise/clr?k=6Lf3d9UsAAAAAILBqo6A909pmhyvtYmDoxaKtfMV:0
[153918200ms] [ERROR] Failed to load resource: net::ERR_INTERNET_DISCONNECTED @ https://www.google.com/recaptcha/enterprise/clr?k=6Lf3d9UsAAAAAILBqo6A909pmhyvtYmDoxaKtfMV:0
[153918202ms] [ERROR] Failed to load resource: net::ERR_INTERNET_DISCONNECTED @ https://www.google.com/recaptcha/enterprise/clr?k=6Lf3d9UsAAAAAILBqo6A909pmhyvtYmDoxaKtfMV:0
[153918204ms] [ERROR] Failed to load resource: net::ERR_INTERNET_DISCONNECTED @ https://www.google.com/recaptcha/enterprise/clr?k=6Lf3d9UsAAAAAILBqo6A909pmhyvtYmDoxaKtfMV:0
[153951865ms] [WARNING] [2026-09-03T02:23:53.679Z]  @firebase/auth: Auth (12.6.0): Error while retrieving App Check token: FirebaseError: AppCheck: ReCAPTCHA error. (appCheck/recaptcha-error). @ https://outrun.co.il/_next/static/chunks/2532-16f59635ee5a761a.js:14
[153951871ms] [ERROR] Failed to load resource: net::ERR_INTERNET_DISCONNECTED @ https://securetoken.googleapis.com/v1/token?key=AIzaSyCezG55zVQEZWCEs-lHzx_yQldg-Ej2X60:0
[153951873ms] [ERROR] Failed to load resource: net::ERR_INTERNET_DISCONNECTED @ https://www.google.com/recaptcha/enterprise/clr?k=6Lf3d9UsAAAAAILBqo6A909pmhyvtYmDoxaKtfMV:0
[153951875ms] [ERROR] Failed to load resource: net::ERR_INTERNET_DISCONNECTED @ https://www.google.com/recaptcha/enterprise/clr?k=6Lf3d9UsAAAAAILBqo6A909pmhyvtYmDoxaKtfMV:0
[153951877ms] [ERROR] Failed to load resource: net::ERR_INTERNET_DISCONNECTED @ https://www.google.com/recaptcha/enterprise/clr?k=6Lf3d9UsAAAAAILBqo6A909pmhyvtYmDoxaKtfMV:0
[153951880ms] [ERROR] Failed to load resource: net::ERR_INTERNET_DISCONNECTED @ https://www.google.com/recaptcha/enterprise/clr?k=6Lf3d9UsAAAAAILBqo6A909pmhyvtYmDoxaKtfMV:0
[153982508ms] [WARNING] [2026-09-03T02:24:24.322Z]  @firebase/auth: Auth (12.6.0): Error while retrieving App Check token: FirebaseError: AppCheck: ReCAPTCHA error. (appCheck/recaptcha-error). @ https://outrun.co.il/_next/static/chunks/2532-16f59635ee5a761a.js:14
[153982511ms] [ERROR] Failed to load resource: net::ERR_INTERNET_DISCONNECTED @ https://securetoken.googleapis.com/v1/token?key=AIzaSyCezG55zVQEZWCEs-lHzx_yQldg-Ej2X60:0
[153982512ms] [ERROR] Failed to load resource: net::ERR_INTERNET_DISCONNECTED @ https://www.google.com/recaptcha/enterprise/clr?k=6Lf3d9UsAAAAAILBqo6A909pmhyvtYmDoxaKtfMV:0
[153982514ms] [ERROR] Failed to load resource: net::ERR_INTERNET_DISCONNECTED @ https://www.google.com/recaptcha/enterprise/clr?k=6Lf3d9UsAAAAAILBqo6A909pmhyvtYmDoxaKtfMV:0
[153982516ms] [ERROR] Failed to load resource: net::ERR_INTERNET_DISCONNECTED @ https://www.google.com/recaptcha/enterprise/clr?k=6Lf3d9UsAAAAAILBqo6A909pmhyvtYmDoxaKtfMV:0
[153982517ms] [ERROR] Failed to load resource: net::ERR_INTERNET_DISCONNECTED @ https://www.google.com/recaptcha/enterprise/clr?k=6Lf3d9UsAAAAAILBqo6A909pmhyvtYmDoxaKtfMV:0
[154042221ms] [WARNING] [2026-09-03T02:25:24.035Z]  @firebase/auth: Auth (12.6.0): Error while retrieving App Check token: FirebaseError: AppCheck: ReCAPTCHA error. (appCheck/recaptcha-error). @ https://outrun.co.il/_next/static/chunks/2532-16f59635ee5a761a.js:14
[154042225ms] [ERROR] Failed to load resource: net::ERR_INTERNET_DISCONNECTED @ https://securetoken.googleapis.com/v1/token?key=AIzaSyCezG55zVQEZWCEs-lHzx_yQldg-Ej2X60:0
[154042226ms] [ERROR] Failed to load resource: net::ERR_INTERNET_DISCONNECTED @ https://www.google.com/recaptcha/enterprise/clr?k=6Lf3d9UsAAAAAILBqo6A909pmhyvtYmDoxaKtfMV:0
[154042228ms] [ERROR] Failed to load resource: net::ERR_INTERNET_DISCONNECTED @ https://www.google.com/recaptcha/enterprise/clr?k=6Lf3d9UsAAAAAILBqo6A909pmhyvtYmDoxaKtfMV:0
[154042230ms] [ERROR] Failed to load resource: net::ERR_INTERNET_DISCONNECTED @ https://www.google.com/recaptcha/enterprise/clr?k=6Lf3d9UsAAAAAILBqo6A909pmhyvtYmDoxaKtfMV:0
[154042232ms] [ERROR] Failed to load resource: net::ERR_INTERNET_DISCONNECTED @ https://www.google.com/recaptcha/enterprise/clr?k=6Lf3d9UsAAAAAILBqo6A909pmhyvtYmDoxaKtfMV:0
[154073111ms] [WARNING] [2026-09-03T02:25:54.926Z]  @firebase/auth: Auth (12.6.0): Error while retrieving App Check token: FirebaseError: AppCheck: ReCAPTCHA error. (appCheck/recaptcha-error). @ https://outrun.co.il/_next/static/chunks/2532-16f59635ee5a761a.js:14
[154073114ms] [ERROR] Failed to load resource: net::ERR_INTERNET_DISCONNECTED @ https://securetoken.googleapis.com/v1/token?key=AIzaSyCezG55zVQEZWCEs-lHzx_yQldg-Ej2X60:0
[154073114ms] [ERROR] Failed to load resource: net::ERR_INTERNET_DISCONNECTED @ https://www.google.com/recaptcha/enterprise/clr?k=6Lf3d9UsAAAAAILBqo6A909pmhyvtYmDoxaKtfMV:0
[154073116ms] [ERROR] Failed to load resource: net::ERR_INTERNET_DISCONNECTED @ https://www.google.com/recaptcha/enterprise/clr?k=6Lf3d9UsAAAAAILBqo6A909pmhyvtYmDoxaKtfMV:0
[154073118ms] [ERROR] Failed to load resource: net::ERR_INTERNET_DISCONNECTED @ https://www.google.com/recaptcha/enterprise/clr?k=6Lf3d9UsAAAAAILBqo6A909pmhyvtYmDoxaKtfMV:0
[154073120ms] [ERROR] Failed to load resource: net::ERR_INTERNET_DISCONNECTED @ https://www.google.com/recaptcha/enterprise/clr?k=6Lf3d9UsAAAAAILBqo6A909pmhyvtYmDoxaKtfMV:0
[154117945ms] [ERROR] Failed to load resource: net::ERR_INTERNET_DISCONNECTED @ https://www.google.com/recaptcha/enterprise/clr?k=6Lf3d9UsAAAAAILBqo6A909pmhyvtYmDoxaKtfMV:0
[154117947ms] [ERROR] Failed to load resource: net::ERR_INTERNET_DISCONNECTED @ https://www.google.com/recaptcha/enterprise/clr?k=6Lf3d9UsAAAAAILBqo6A909pmhyvtYmDoxaKtfMV:0
[154117949ms] [ERROR] Failed to load resource: net::ERR_INTERNET_DISCONNECTED @ https://www.google.com/recaptcha/enterprise/clr?k=6Lf3d9UsAAAAAILBqo6A909pmhyvtYmDoxaKtfMV:0
[154117955ms] [ERROR] Failed to load resource: net::ERR_INTERNET_DISCONNECTED @ https://www.google.com/recaptcha/enterprise/clr?k=6Lf3d9UsAAAAAILBqo6A909pmhyvtYmDoxaKtfMV:0
[154145330ms] [WARNING] [2026-09-03T02:27:07.144Z]  @firebase/auth: Auth (12.6.0): Error while retrieving App Check token: FirebaseError: AppCheck: ReCAPTCHA error. (appCheck/recaptcha-error). @ https://outrun.co.il/_next/static/chunks/2532-16f59635ee5a761a.js:14
[154145334ms] [ERROR] Failed to load resource: net::ERR_INTERNET_DISCONNECTED @ https://www.google.com/recaptcha/enterprise/clr?k=6Lf3d9UsAAAAAILBqo6A909pmhyvtYmDoxaKtfMV:0
[154145334ms] [ERROR] Failed to load resource: net::ERR_INTERNET_DISCONNECTED @ https://securetoken.googleapis.com/v1/token?key=AIzaSyCezG55zVQEZWCEs-lHzx_yQldg-Ej2X60:0
[154145336ms] [ERROR] Failed to load resource: net::ERR_INTERNET_DISCONNECTED @ https://www.google.com/recaptcha/enterprise/clr?k=6Lf3d9UsAAAAAILBqo6A909pmhyvtYmDoxaKtfMV:0
[154145337ms] [ERROR] Failed to load resource: net::ERR_INTERNET_DISCONNECTED @ https://www.google.com/recaptcha/enterprise/clr?k=6Lf3d9UsAAAAAILBqo6A909pmhyvtYmDoxaKtfMV:0
[154145339ms] [ERROR] Failed to load resource: net::ERR_INTERNET_DISCONNECTED @ https://www.google.com/recaptcha/enterprise/clr?k=6Lf3d9UsAAAAAILBqo6A909pmhyvtYmDoxaKtfMV:0
[154181831ms] [WARNING] [2026-09-03T02:27:43.646Z]  @firebase/auth: Auth (12.6.0): Error while retrieving App Check token: FirebaseError: AppCheck: ReCAPTCHA error. (appCheck/recaptcha-error). @ https://outrun.co.il/_next/static/chunks/2532-16f59635ee5a761a.js:14
[154181834ms] [ERROR] Failed to load resource: net::ERR_INTERNET_DISCONNECTED @ https://securetoken.googleapis.com/v1/token?key=AIzaSyCezG55zVQEZWCEs-lHzx_yQldg-Ej2X60:0
[154181835ms] [ERROR] Failed to load resource: net::ERR_INTERNET_DISCONNECTED @ https://www.google.com/recaptcha/enterprise/clr?k=6Lf3d9UsAAAAAILBqo6A909pmhyvtYmDoxaKtfMV:0
[154181837ms] [ERROR] Failed to load resource: net::ERR_INTERNET_DISCONNECTED @ https://www.google.com/recaptcha/enterprise/clr?k=6Lf3d9UsAAAAAILBqo6A909pmhyvtYmDoxaKtfMV:0
[154181838ms] [ERROR] Failed to load resource: net::ERR_INTERNET_DISCONNECTED @ https://www.google.com/recaptcha/enterprise/clr?k=6Lf3d9UsAAAAAILBqo6A909pmhyvtYmDoxaKtfMV:0
[154181840ms] [ERROR] Failed to load resource: net::ERR_INTERNET_DISCONNECTED @ https://www.google.com/recaptcha/enterprise/clr?k=6Lf3d9UsAAAAAILBqo6A909pmhyvtYmDoxaKtfMV:0
[154247045ms] [WARNING] [2026-09-03T02:28:48.860Z]  @firebase/auth: Auth (12.6.0): Error while retrieving App Check token: FirebaseError: AppCheck: ReCAPTCHA error. (appCheck/recaptcha-error). @ https://outrun.co.il/_next/static/chunks/2532-16f59635ee5a761a.js:14
[154247048ms] [ERROR] Failed to load resource: net::ERR_INTERNET_DISCONNECTED @ https://securetoken.googleapis.com/v1/token?key=AIzaSyCezG55zVQEZWCEs-lHzx_yQldg-Ej2X60:0
[154247050ms] [ERROR] Failed to load resource: net::ERR_INTERNET_DISCONNECTED @ https://www.google.com/recaptcha/enterprise/clr?k=6Lf3d9UsAAAAAILBqo6A909pmhyvtYmDoxaKtfMV:0
[154247052ms] [ERROR] Failed to load resource: net::ERR_INTERNET_DISCONNECTED @ https://www.google.com/recaptcha/enterprise/clr?k=6Lf3d9UsAAAAAILBqo6A909pmhyvtYmDoxaKtfMV:0
[154247054ms] [ERROR] Failed to load resource: net::ERR_INTERNET_DISCONNECTED @ https://www.google.com/recaptcha/enterprise/clr?k=6Lf3d9UsAAAAAILBqo6A909pmhyvtYmDoxaKtfMV:0
[154247056ms] [ERROR] Failed to load resource: net::ERR_INTERNET_DISCONNECTED @ https://www.google.com/recaptcha/enterprise/clr?k=6Lf3d9UsAAAAAILBqo6A909pmhyvtYmDoxaKtfMV:0
[154329959ms] [WARNING] [2026-09-03T02:30:11.773Z]  @firebase/auth: Auth (12.6.0): Error while retrieving App Check token: FirebaseError: AppCheck: ReCAPTCHA error. (appCheck/recaptcha-error). @ https://outrun.co.il/_next/static/chunks/2532-16f59635ee5a761a.js:14
[154329965ms] [ERROR] Failed to load resource: net::ERR_INTERNET_DISCONNECTED @ https://securetoken.googleapis.com/v1/token?key=AIzaSyCezG55zVQEZWCEs-lHzx_yQldg-Ej2X60:0
[154329967ms] [ERROR] Failed to load resource: net::ERR_INTERNET_DISCONNECTED @ https://www.google.com/recaptcha/enterprise/clr?k=6Lf3d9UsAAAAAILBqo6A909pmhyvtYmDoxaKtfMV:0
[154329969ms] [ERROR] Failed to load resource: net::ERR_INTERNET_DISCONNECTED @ https://www.google.com/recaptcha/enterprise/clr?k=6Lf3d9UsAAAAAILBqo6A909pmhyvtYmDoxaKtfMV:0
[154329971ms] [ERROR] Failed to load resource: net::ERR_INTERNET_DISCONNECTED @ https://www.google.com/recaptcha/enterprise/clr?k=6Lf3d9UsAAAAAILBqo6A909pmhyvtYmDoxaKtfMV:0
[154329972ms] [ERROR] Failed to load resource: net::ERR_INTERNET_DISCONNECTED @ https://www.google.com/recaptcha/enterprise/clr?k=6Lf3d9UsAAAAAILBqo6A909pmhyvtYmDoxaKtfMV:0
[154392052ms] [WARNING] [2026-09-03T02:31:13.866Z]  @firebase/auth: Auth (12.6.0): Error while retrieving App Check token: FirebaseError: AppCheck: ReCAPTCHA error. (appCheck/recaptcha-error). @ https://outrun.co.il/_next/static/chunks/2532-16f59635ee5a761a.js:14
[154392057ms] [ERROR] Failed to load resource: net::ERR_INTERNET_DISCONNECTED @ https://securetoken.googleapis.com/v1/token?key=AIzaSyCezG55zVQEZWCEs-lHzx_yQldg-Ej2X60:0
[154392058ms] [ERROR] Failed to load resource: net::ERR_INTERNET_DISCONNECTED @ https://www.google.com/recaptcha/enterprise/clr?k=6Lf3d9UsAAAAAILBqo6A909pmhyvtYmDoxaKtfMV:0
[154392060ms] [ERROR] Failed to load resource: net::ERR_INTERNET_DISCONNECTED @ https://www.google.com/recaptcha/enterprise/clr?k=6Lf3d9UsAAAAAILBqo6A909pmhyvtYmDoxaKtfMV:0
[154392062ms] [ERROR] Failed to load resource: net::ERR_INTERNET_DISCONNECTED @ https://www.google.com/recaptcha/enterprise/clr?k=6Lf3d9UsAAAAAILBqo6A909pmhyvtYmDoxaKtfMV:0
[154392063ms] [ERROR] Failed to load resource: net::ERR_INTERNET_DISCONNECTED @ https://www.google.com/recaptcha/enterprise/clr?k=6Lf3d9UsAAAAAILBqo6A909pmhyvtYmDoxaKtfMV:0
[154463801ms] [WARNING] [2026-09-03T02:32:25.615Z]  @firebase/auth: Auth (12.6.0): Error while retrieving App Check token: FirebaseError: AppCheck: ReCAPTCHA error. (appCheck/recaptcha-error). @ https://outrun.co.il/_next/static/chunks/2532-16f59635ee5a761a.js:14
[154463807ms] [ERROR] Failed to load resource: net::ERR_INTERNET_DISCONNECTED @ https://securetoken.googleapis.com/v1/token?key=AIzaSyCezG55zVQEZWCEs-lHzx_yQldg-Ej2X60:0
[154463809ms] [ERROR] Failed to load resource: net::ERR_INTERNET_DISCONNECTED @ https://www.google.com/recaptcha/enterprise/clr?k=6Lf3d9UsAAAAAILBqo6A909pmhyvtYmDoxaKtfMV:0
[154463811ms] [ERROR] Failed to load resource: net::ERR_INTERNET_DISCONNECTED @ https://www.google.com/recaptcha/enterprise/clr?k=6Lf3d9UsAAAAAILBqo6A909pmhyvtYmDoxaKtfMV:0
[154463814ms] [ERROR] Failed to load resource: net::ERR_INTERNET_DISCONNECTED @ https://www.google.com/recaptcha/enterprise/clr?k=6Lf3d9UsAAAAAILBqo6A909pmhyvtYmDoxaKtfMV:0
[154463816ms] [ERROR] Failed to load resource: net::ERR_INTERNET_DISCONNECTED @ https://www.google.com/recaptcha/enterprise/clr?k=6Lf3d9UsAAAAAILBqo6A909pmhyvtYmDoxaKtfMV:0
[154530390ms] [WARNING] [2026-09-03T02:33:32.204Z]  @firebase/auth: Auth (12.6.0): Error while retrieving App Check token: FirebaseError: AppCheck: ReCAPTCHA error. (appCheck/recaptcha-error). @ https://outrun.co.il/_next/static/chunks/2532-16f59635ee5a761a.js:14
[154530397ms] [ERROR] Failed to load resource: net::ERR_INTERNET_DISCONNECTED @ https://securetoken.googleapis.com/v1/token?key=AIzaSyCezG55zVQEZWCEs-lHzx_yQldg-Ej2X60:0
[154530399ms] [ERROR] Failed to load resource: net::ERR_INTERNET_DISCONNECTED @ https://www.google.com/recaptcha/enterprise/clr?k=6Lf3d9UsAAAAAILBqo6A909pmhyvtYmDoxaKtfMV:0
[154530404ms] [ERROR] Failed to load resource: net::ERR_INTERNET_DISCONNECTED @ https://www.google.com/recaptcha/enterprise/clr?k=6Lf3d9UsAAAAAILBqo6A909pmhyvtYmDoxaKtfMV:0
[154530413ms] [ERROR] Failed to load resource: net::ERR_INTERNET_DISCONNECTED @ https://www.google.com/recaptcha/enterprise/clr?k=6Lf3d9UsAAAAAILBqo6A909pmhyvtYmDoxaKtfMV:0
[154530430ms] [ERROR] Failed to load resource: net::ERR_INTERNET_DISCONNECTED @ https://www.google.com/recaptcha/enterprise/clr?k=6Lf3d9UsAAAAAILBqo6A909pmhyvtYmDoxaKtfMV:0
[154609164ms] [WARNING] [2026-09-03T02:34:50.978Z]  @firebase/auth: Auth (12.6.0): Error while retrieving App Check token: FirebaseError: AppCheck: ReCAPTCHA error. (appCheck/recaptcha-error). @ https://outrun.co.il/_next/static/chunks/2532-16f59635ee5a761a.js:14
[154609168ms] [ERROR] Failed to load resource: net::ERR_INTERNET_DISCONNECTED @ https://securetoken.googleapis.com/v1/token?key=AIzaSyCezG55zVQEZWCEs-lHzx_yQldg-Ej2X60:0
[154609169ms] [ERROR] Failed to load resource: net::ERR_INTERNET_DISCONNECTED @ https://www.google.com/recaptcha/enterprise/clr?k=6Lf3d9UsAAAAAILBqo6A909pmhyvtYmDoxaKtfMV:0
[154609171ms] [ERROR] Failed to load resource: net::ERR_INTERNET_DISCONNECTED @ https://www.google.com/recaptcha/enterprise/clr?k=6Lf3d9UsAAAAAILBqo6A909pmhyvtYmDoxaKtfMV:0
[154609173ms] [ERROR] Failed to load resource: net::ERR_INTERNET_DISCONNECTED @ https://www.google.com/recaptcha/enterprise/clr?k=6Lf3d9UsAAAAAILBqo6A909pmhyvtYmDoxaKtfMV:0
[154609175ms] [ERROR] Failed to load resource: net::ERR_INTERNET_DISCONNECTED @ https://www.google.com/recaptcha/enterprise/clr?k=6Lf3d9UsAAAAAILBqo6A909pmhyvtYmDoxaKtfMV:0
[154674527ms] [WARNING] [2026-09-03T02:35:56.341Z]  @firebase/auth: Auth (12.6.0): Error while retrieving App Check token: FirebaseError: AppCheck: ReCAPTCHA error. (appCheck/recaptcha-error). @ https://outrun.co.il/_next/static/chunks/2532-16f59635ee5a761a.js:14
[154674532ms] [ERROR] Failed to load resource: net::ERR_INTERNET_DISCONNECTED @ https://securetoken.googleapis.com/v1/token?key=AIzaSyCezG55zVQEZWCEs-lHzx_yQldg-Ej2X60:0
[154674536ms] [ERROR] Failed to load resource: net::ERR_INTERNET_DISCONNECTED @ https://www.google.com/recaptcha/enterprise/clr?k=6Lf3d9UsAAAAAILBqo6A909pmhyvtYmDoxaKtfMV:0
[154674538ms] [ERROR] Failed to load resource: net::ERR_INTERNET_DISCONNECTED @ https://www.google.com/recaptcha/enterprise/clr?k=6Lf3d9UsAAAAAILBqo6A909pmhyvtYmDoxaKtfMV:0
[154674540ms] [ERROR] Failed to load resource: net::ERR_INTERNET_DISCONNECTED @ https://www.google.com/recaptcha/enterprise/clr?k=6Lf3d9UsAAAAAILBqo6A909pmhyvtYmDoxaKtfMV:0
[154674542ms] [ERROR] Failed to load resource: net::ERR_INTERNET_DISCONNECTED @ https://www.google.com/recaptcha/enterprise/clr?k=6Lf3d9UsAAAAAILBqo6A909pmhyvtYmDoxaKtfMV:0
[154729879ms] [WARNING] [2026-09-03T02:36:51.693Z]  @firebase/auth: Auth (12.6.0): Error while retrieving App Check token: FirebaseError: AppCheck: ReCAPTCHA error. (appCheck/recaptcha-error). @ https://outrun.co.il/_next/static/chunks/2532-16f59635ee5a761a.js:14
[154729882ms] [ERROR] Failed to load resource: net::ERR_INTERNET_DISCONNECTED @ https://securetoken.googleapis.com/v1/token?key=AIzaSyCezG55zVQEZWCEs-lHzx_yQldg-Ej2X60:0
[154729882ms] [ERROR] Failed to load resource: net::ERR_INTERNET_DISCONNECTED @ https://www.google.com/recaptcha/enterprise/clr?k=6Lf3d9UsAAAAAILBqo6A909pmhyvtYmDoxaKtfMV:0
[154729884ms] [ERROR] Failed to load resource: net::ERR_INTERNET_DISCONNECTED @ https://www.google.com/recaptcha/enterprise/clr?k=6Lf3d9UsAAAAAILBqo6A909pmhyvtYmDoxaKtfMV:0
[154729886ms] [ERROR] Failed to load resource: net::ERR_INTERNET_DISCONNECTED @ https://www.google.com/recaptcha/enterprise/clr?k=6Lf3d9UsAAAAAILBqo6A909pmhyvtYmDoxaKtfMV:0
[154729888ms] [ERROR] Failed to load resource: net::ERR_INTERNET_DISCONNECTED @ https://www.google.com/recaptcha/enterprise/clr?k=6Lf3d9UsAAAAAILBqo6A909pmhyvtYmDoxaKtfMV:0
[154805769ms] [WARNING] [2026-09-03T02:38:07.583Z]  @firebase/auth: Auth (12.6.0): Error while retrieving App Check token: FirebaseError: AppCheck: ReCAPTCHA error. (appCheck/recaptcha-error). @ https://outrun.co.il/_next/static/chunks/2532-16f59635ee5a761a.js:14
[154805773ms] [ERROR] Failed to load resource: net::ERR_INTERNET_DISCONNECTED @ https://securetoken.googleapis.com/v1/token?key=AIzaSyCezG55zVQEZWCEs-lHzx_yQldg-Ej2X60:0
[154805775ms] [ERROR] Failed to load resource: net::ERR_INTERNET_DISCONNECTED @ https://www.google.com/recaptcha/enterprise/clr?k=6Lf3d9UsAAAAAILBqo6A909pmhyvtYmDoxaKtfMV:0
[154805777ms] [ERROR] Failed to load resource: net::ERR_INTERNET_DISCONNECTED @ https://www.google.com/recaptcha/enterprise/clr?k=6Lf3d9UsAAAAAILBqo6A909pmhyvtYmDoxaKtfMV:0
[154805779ms] [ERROR] Failed to load resource: net::ERR_INTERNET_DISCONNECTED @ https://www.google.com/recaptcha/enterprise/clr?k=6Lf3d9UsAAAAAILBqo6A909pmhyvtYmDoxaKtfMV:0
[154805781ms] [ERROR] Failed to load resource: net::ERR_INTERNET_DISCONNECTED @ https://www.google.com/recaptcha/enterprise/clr?k=6Lf3d9UsAAAAAILBqo6A909pmhyvtYmDoxaKtfMV:0
[154813740ms] [WARNING] [2026-09-03T02:38:15.554Z]  @firebase/auth: Auth (12.6.0): Error while retrieving App Check token: FirebaseError: AppCheck: ReCAPTCHA error. (appCheck/recaptcha-error). @ https://outrun.co.il/_next/static/chunks/2532-16f59635ee5a761a.js:14
[154813744ms] [ERROR] Failed to load resource: net::ERR_INTERNET_DISCONNECTED @ https://www.google.com/recaptcha/enterprise/clr?k=6Lf3d9UsAAAAAILBqo6A909pmhyvtYmDoxaKtfMV:0
[154813745ms] [ERROR] Failed to load resource: net::ERR_INTERNET_DISCONNECTED @ https://securetoken.googleapis.com/v1/token?key=AIzaSyCezG55zVQEZWCEs-lHzx_yQldg-Ej2X60:0
[154813748ms] [ERROR] Failed to load resource: net::ERR_INTERNET_DISCONNECTED @ https://www.google.com/recaptcha/enterprise/clr?k=6Lf3d9UsAAAAAILBqo6A909pmhyvtYmDoxaKtfMV:0
[154813750ms] [ERROR] Failed to load resource: net::ERR_INTERNET_DISCONNECTED @ https://www.google.com/recaptcha/enterprise/clr?k=6Lf3d9UsAAAAAILBqo6A909pmhyvtYmDoxaKtfMV:0
[154813752ms] [ERROR] Failed to load resource: net::ERR_INTERNET_DISCONNECTED @ https://www.google.com/recaptcha/enterprise/clr?k=6Lf3d9UsAAAAAILBqo6A909pmhyvtYmDoxaKtfMV:0
[154892106ms] [WARNING] [2026-09-03T02:39:33.920Z]  @firebase/auth: Auth (12.6.0): Error while retrieving App Check token: FirebaseError: AppCheck: ReCAPTCHA error. (appCheck/recaptcha-error). @ https://outrun.co.il/_next/static/chunks/2532-16f59635ee5a761a.js:14
[154892114ms] [ERROR] Failed to load resource: net::ERR_INTERNET_DISCONNECTED @ https://securetoken.googleapis.com/v1/token?key=AIzaSyCezG55zVQEZWCEs-lHzx_yQldg-Ej2X60:0
[154892115ms] [ERROR] Failed to load resource: net::ERR_INTERNET_DISCONNECTED @ https://www.google.com/recaptcha/enterprise/clr?k=6Lf3d9UsAAAAAILBqo6A909pmhyvtYmDoxaKtfMV:0
[154892117ms] [ERROR] Failed to load resource: net::ERR_INTERNET_DISCONNECTED @ https://www.google.com/recaptcha/enterprise/clr?k=6Lf3d9UsAAAAAILBqo6A909pmhyvtYmDoxaKtfMV:0
[154892119ms] [ERROR] Failed to load resource: net::ERR_INTERNET_DISCONNECTED @ https://www.google.com/recaptcha/enterprise/clr?k=6Lf3d9UsAAAAAILBqo6A909pmhyvtYmDoxaKtfMV:0
[154892121ms] [ERROR] Failed to load resource: net::ERR_INTERNET_DISCONNECTED @ https://www.google.com/recaptcha/enterprise/clr?k=6Lf3d9UsAAAAAILBqo6A909pmhyvtYmDoxaKtfMV:0
[154944885ms] [WARNING] [2026-09-03T02:40:26.700Z]  @firebase/auth: Auth (12.6.0): Error while retrieving App Check token: FirebaseError: AppCheck: ReCAPTCHA error. (appCheck/recaptcha-error). @ https://outrun.co.il/_next/static/chunks/2532-16f59635ee5a761a.js:14
[154944893ms] [ERROR] Failed to load resource: net::ERR_INTERNET_DISCONNECTED @ https://securetoken.googleapis.com/v1/token?key=AIzaSyCezG55zVQEZWCEs-lHzx_yQldg-Ej2X60:0
[154944894ms] [ERROR] Failed to load resource: net::ERR_INTERNET_DISCONNECTED @ https://www.google.com/recaptcha/enterprise/clr?k=6Lf3d9UsAAAAAILBqo6A909pmhyvtYmDoxaKtfMV:0
[154944896ms] [ERROR] Failed to load resource: net::ERR_INTERNET_DISCONNECTED @ https://www.google.com/recaptcha/enterprise/clr?k=6Lf3d9UsAAAAAILBqo6A909pmhyvtYmDoxaKtfMV:0
[154944898ms] [ERROR] Failed to load resource: net::ERR_INTERNET_DISCONNECTED @ https://www.google.com/recaptcha/enterprise/clr?k=6Lf3d9UsAAAAAILBqo6A909pmhyvtYmDoxaKtfMV:0
[154944900ms] [ERROR] Failed to load resource: net::ERR_INTERNET_DISCONNECTED @ https://www.google.com/recaptcha/enterprise/clr?k=6Lf3d9UsAAAAAILBqo6A909pmhyvtYmDoxaKtfMV:0
[155027481ms] [WARNING] [2026-09-03T02:41:49.295Z]  @firebase/auth: Auth (12.6.0): Error while retrieving App Check token: FirebaseError: AppCheck: ReCAPTCHA error. (appCheck/recaptcha-error). @ https://outrun.co.il/_next/static/chunks/2532-16f59635ee5a761a.js:14
[155027486ms] [ERROR] Failed to load resource: net::ERR_INTERNET_DISCONNECTED @ https://securetoken.googleapis.com/v1/token?key=AIzaSyCezG55zVQEZWCEs-lHzx_yQldg-Ej2X60:0
[155027486ms] [ERROR] Failed to load resource: net::ERR_INTERNET_DISCONNECTED @ https://www.google.com/recaptcha/enterprise/clr?k=6Lf3d9UsAAAAAILBqo6A909pmhyvtYmDoxaKtfMV:0
[155027488ms] [ERROR] Failed to load resource: net::ERR_INTERNET_DISCONNECTED @ https://www.google.com/recaptcha/enterprise/clr?k=6Lf3d9UsAAAAAILBqo6A909pmhyvtYmDoxaKtfMV:0
[155027490ms] [ERROR] Failed to load resource: net::ERR_INTERNET_DISCONNECTED @ https://www.google.com/recaptcha/enterprise/clr?k=6Lf3d9UsAAAAAILBqo6A909pmhyvtYmDoxaKtfMV:0
[155027491ms] [ERROR] Failed to load resource: net::ERR_INTERNET_DISCONNECTED @ https://www.google.com/recaptcha/enterprise/clr?k=6Lf3d9UsAAAAAILBqo6A909pmhyvtYmDoxaKtfMV:0
[155077952ms] [ERROR] Failed to load resource: net::ERR_INTERNET_DISCONNECTED @ https://www.google.com/recaptcha/enterprise/clr?k=6Lf3d9UsAAAAAILBqo6A909pmhyvtYmDoxaKtfMV:0
[155077955ms] [ERROR] Failed to load resource: net::ERR_INTERNET_DISCONNECTED @ https://www.google.com/recaptcha/enterprise/clr?k=6Lf3d9UsAAAAAILBqo6A909pmhyvtYmDoxaKtfMV:0
[155077957ms] [ERROR] Failed to load resource: net::ERR_INTERNET_DISCONNECTED @ https://www.google.com/recaptcha/enterprise/clr?k=6Lf3d9UsAAAAAILBqo6A909pmhyvtYmDoxaKtfMV:0
[155077959ms] [ERROR] Failed to load resource: net::ERR_INTERNET_DISCONNECTED @ https://www.google.com/recaptcha/enterprise/clr?k=6Lf3d9UsAAAAAILBqo6A909pmhyvtYmDoxaKtfMV:0
[155090060ms] [WARNING] [2026-09-03T02:42:51.874Z]  @firebase/auth: Auth (12.6.0): Error while retrieving App Check token: FirebaseError: AppCheck: ReCAPTCHA error. (appCheck/recaptcha-error). @ https://outrun.co.il/_next/static/chunks/2532-16f59635ee5a761a.js:14
[155090063ms] [ERROR] Failed to load resource: net::ERR_INTERNET_DISCONNECTED @ https://www.google.com/recaptcha/enterprise/clr?k=6Lf3d9UsAAAAAILBqo6A909pmhyvtYmDoxaKtfMV:0
[155090064ms] [ERROR] Failed to load resource: net::ERR_INTERNET_DISCONNECTED @ https://securetoken.googleapis.com/v1/token?key=AIzaSyCezG55zVQEZWCEs-lHzx_yQldg-Ej2X60:0
[155090065ms] [ERROR] Failed to load resource: net::ERR_INTERNET_DISCONNECTED @ https://www.google.com/recaptcha/enterprise/clr?k=6Lf3d9UsAAAAAILBqo6A909pmhyvtYmDoxaKtfMV:0
[155090067ms] [ERROR] Failed to load resource: net::ERR_INTERNET_DISCONNECTED @ https://www.google.com/recaptcha/enterprise/clr?k=6Lf3d9UsAAAAAILBqo6A909pmhyvtYmDoxaKtfMV:0
[155090068ms] [ERROR] Failed to load resource: net::ERR_INTERNET_DISCONNECTED @ https://www.google.com/recaptcha/enterprise/clr?k=6Lf3d9UsAAAAAILBqo6A909pmhyvtYmDoxaKtfMV:0
[155159322ms] [WARNING] [2026-09-03T02:44:01.137Z]  @firebase/auth: Auth (12.6.0): Error while retrieving App Check token: FirebaseError: AppCheck: ReCAPTCHA error. (appCheck/recaptcha-error). @ https://outrun.co.il/_next/static/chunks/2532-16f59635ee5a761a.js:14
[155159327ms] [ERROR] Failed to load resource: net::ERR_INTERNET_DISCONNECTED @ https://securetoken.googleapis.com/v1/token?key=AIzaSyCezG55zVQEZWCEs-lHzx_yQldg-Ej2X60:0
[155159329ms] [ERROR] Failed to load resource: net::ERR_INTERNET_DISCONNECTED @ https://www.google.com/recaptcha/enterprise/clr?k=6Lf3d9UsAAAAAILBqo6A909pmhyvtYmDoxaKtfMV:0
[155159331ms] [ERROR] Failed to load resource: net::ERR_INTERNET_DISCONNECTED @ https://www.google.com/recaptcha/enterprise/clr?k=6Lf3d9UsAAAAAILBqo6A909pmhyvtYmDoxaKtfMV:0
[155159332ms] [ERROR] Failed to load resource: net::ERR_INTERNET_DISCONNECTED @ https://www.google.com/recaptcha/enterprise/clr?k=6Lf3d9UsAAAAAILBqo6A909pmhyvtYmDoxaKtfMV:0
[155159334ms] [ERROR] Failed to load resource: net::ERR_INTERNET_DISCONNECTED @ https://www.google.com/recaptcha/enterprise/clr?k=6Lf3d9UsAAAAAILBqo6A909pmhyvtYmDoxaKtfMV:0
[155197213ms] [WARNING] [2026-09-03T02:44:39.027Z]  @firebase/auth: Auth (12.6.0): Error while retrieving App Check token: FirebaseError: AppCheck: ReCAPTCHA error. (appCheck/recaptcha-error). @ https://outrun.co.il/_next/static/chunks/2532-16f59635ee5a761a.js:14
[155197217ms] [ERROR] Failed to load resource: net::ERR_INTERNET_DISCONNECTED @ https://securetoken.googleapis.com/v1/token?key=AIzaSyCezG55zVQEZWCEs-lHzx_yQldg-Ej2X60:0
[155197217ms] [ERROR] Failed to load resource: net::ERR_INTERNET_DISCONNECTED @ https://www.google.com/recaptcha/enterprise/clr?k=6Lf3d9UsAAAAAILBqo6A909pmhyvtYmDoxaKtfMV:0
[155197220ms] [ERROR] Failed to load resource: net::ERR_INTERNET_DISCONNECTED @ https://www.google.com/recaptcha/enterprise/clr?k=6Lf3d9UsAAAAAILBqo6A909pmhyvtYmDoxaKtfMV:0
[155197231ms] [ERROR] Failed to load resource: net::ERR_INTERNET_DISCONNECTED @ https://www.google.com/recaptcha/enterprise/clr?k=6Lf3d9UsAAAAAILBqo6A909pmhyvtYmDoxaKtfMV:0
[155197238ms] [ERROR] Failed to load resource: net::ERR_INTERNET_DISCONNECTED @ https://www.google.com/recaptcha/enterprise/clr?k=6Lf3d9UsAAAAAILBqo6A909pmhyvtYmDoxaKtfMV:0
[155245670ms] [WARNING] [2026-09-03T02:45:27.484Z]  @firebase/auth: Auth (12.6.0): Error while retrieving App Check token: FirebaseError: AppCheck: ReCAPTCHA error. (appCheck/recaptcha-error). @ https://outrun.co.il/_next/static/chunks/2532-16f59635ee5a761a.js:14
[155245674ms] [ERROR] Failed to load resource: net::ERR_INTERNET_DISCONNECTED @ https://securetoken.googleapis.com/v1/token?key=AIzaSyCezG55zVQEZWCEs-lHzx_yQldg-Ej2X60:0
[155245676ms] [ERROR] Failed to load resource: net::ERR_INTERNET_DISCONNECTED @ https://www.google.com/recaptcha/enterprise/clr?k=6Lf3d9UsAAAAAILBqo6A909pmhyvtYmDoxaKtfMV:0
[155245679ms] [ERROR] Failed to load resource: net::ERR_INTERNET_DISCONNECTED @ https://www.google.com/recaptcha/enterprise/clr?k=6Lf3d9UsAAAAAILBqo6A909pmhyvtYmDoxaKtfMV:0
[155245680ms] [ERROR] Failed to load resource: net::ERR_INTERNET_DISCONNECTED @ https://www.google.com/recaptcha/enterprise/clr?k=6Lf3d9UsAAAAAILBqo6A909pmhyvtYmDoxaKtfMV:0
[155245682ms] [ERROR] Failed to load resource: net::ERR_INTERNET_DISCONNECTED @ https://www.google.com/recaptcha/enterprise/clr?k=6Lf3d9UsAAAAAILBqo6A909pmhyvtYmDoxaKtfMV:0
[155309908ms] [WARNING] [2026-09-03T02:46:31.723Z]  @firebase/auth: Auth (12.6.0): Error while retrieving App Check token: FirebaseError: AppCheck: ReCAPTCHA error. (appCheck/recaptcha-error). @ https://outrun.co.il/_next/static/chunks/2532-16f59635ee5a761a.js:14
[155309943ms] [ERROR] Failed to load resource: net::ERR_INTERNET_DISCONNECTED @ https://www.google.com/recaptcha/enterprise/clr?k=6Lf3d9UsAAAAAILBqo6A909pmhyvtYmDoxaKtfMV:0
[155309968ms] [ERROR] Failed to load resource: net::ERR_INTERNET_DISCONNECTED @ https://securetoken.googleapis.com/v1/token?key=AIzaSyCezG55zVQEZWCEs-lHzx_yQldg-Ej2X60:0
[155310021ms] [ERROR] Failed to load resource: net::ERR_INTERNET_DISCONNECTED @ https://www.google.com/recaptcha/enterprise/clr?k=6Lf3d9UsAAAAAILBqo6A909pmhyvtYmDoxaKtfMV:0
[155310050ms] [ERROR] Failed to load resource: net::ERR_INTERNET_DISCONNECTED @ https://www.google.com/recaptcha/enterprise/clr?k=6Lf3d9UsAAAAAILBqo6A909pmhyvtYmDoxaKtfMV:0
[155310060ms] [ERROR] Failed to load resource: net::ERR_INTERNET_DISCONNECTED @ https://www.google.com/recaptcha/enterprise/clr?k=6Lf3d9UsAAAAAILBqo6A909pmhyvtYmDoxaKtfMV:0
[155396905ms] [WARNING] [2026-09-03T02:47:58.720Z]  @firebase/auth: Auth (12.6.0): Error while retrieving App Check token: FirebaseError: AppCheck: ReCAPTCHA error. (appCheck/recaptcha-error). @ https://outrun.co.il/_next/static/chunks/2532-16f59635ee5a761a.js:14
[155396909ms] [ERROR] Failed to load resource: net::ERR_INTERNET_DISCONNECTED @ https://securetoken.googleapis.com/v1/token?key=AIzaSyCezG55zVQEZWCEs-lHzx_yQldg-Ej2X60:0
[155396911ms] [ERROR] Failed to load resource: net::ERR_INTERNET_DISCONNECTED @ https://www.google.com/recaptcha/enterprise/clr?k=6Lf3d9UsAAAAAILBqo6A909pmhyvtYmDoxaKtfMV:0
[155396913ms] [ERROR] Failed to load resource: net::ERR_INTERNET_DISCONNECTED @ https://www.google.com/recaptcha/enterprise/clr?k=6Lf3d9UsAAAAAILBqo6A909pmhyvtYmDoxaKtfMV:0
[155396915ms] [ERROR] Failed to load resource: net::ERR_INTERNET_DISCONNECTED @ https://www.google.com/recaptcha/enterprise/clr?k=6Lf3d9UsAAAAAILBqo6A909pmhyvtYmDoxaKtfMV:0
[155396917ms] [ERROR] Failed to load resource: net::ERR_INTERNET_DISCONNECTED @ https://www.google.com/recaptcha/enterprise/clr?k=6Lf3d9UsAAAAAILBqo6A909pmhyvtYmDoxaKtfMV:0
[155435733ms] [WARNING] [2026-09-03T02:48:37.547Z]  @firebase/auth: Auth (12.6.0): Error while retrieving App Check token: FirebaseError: AppCheck: ReCAPTCHA error. (appCheck/recaptcha-error). @ https://outrun.co.il/_next/static/chunks/2532-16f59635ee5a761a.js:14
[155435736ms] [ERROR] Failed to load resource: net::ERR_INTERNET_DISCONNECTED @ https://securetoken.googleapis.com/v1/token?key=AIzaSyCezG55zVQEZWCEs-lHzx_yQldg-Ej2X60:0
[155435737ms] [ERROR] Failed to load resource: net::ERR_INTERNET_DISCONNECTED @ https://www.google.com/recaptcha/enterprise/clr?k=6Lf3d9UsAAAAAILBqo6A909pmhyvtYmDoxaKtfMV:0
[155435741ms] [ERROR] Failed to load resource: net::ERR_INTERNET_DISCONNECTED @ https://www.google.com/recaptcha/enterprise/clr?k=6Lf3d9UsAAAAAILBqo6A909pmhyvtYmDoxaKtfMV:0
[155435743ms] [ERROR] Failed to load resource: net::ERR_INTERNET_DISCONNECTED @ https://www.google.com/recaptcha/enterprise/clr?k=6Lf3d9UsAAAAAILBqo6A909pmhyvtYmDoxaKtfMV:0
[155435745ms] [ERROR] Failed to load resource: net::ERR_INTERNET_DISCONNECTED @ https://www.google.com/recaptcha/enterprise/clr?k=6Lf3d9UsAAAAAILBqo6A909pmhyvtYmDoxaKtfMV:0
[155495692ms] [WARNING] [2026-09-03T02:49:37.506Z]  @firebase/auth: Auth (12.6.0): Error while retrieving App Check token: FirebaseError: AppCheck: ReCAPTCHA error. (appCheck/recaptcha-error). @ https://outrun.co.il/_next/static/chunks/2532-16f59635ee5a761a.js:14
[155495699ms] [ERROR] Failed to load resource: net::ERR_INTERNET_DISCONNECTED @ https://securetoken.googleapis.com/v1/token?key=AIzaSyCezG55zVQEZWCEs-lHzx_yQldg-Ej2X60:0
[155495701ms] [ERROR] Failed to load resource: net::ERR_INTERNET_DISCONNECTED @ https://www.google.com/recaptcha/enterprise/clr?k=6Lf3d9UsAAAAAILBqo6A909pmhyvtYmDoxaKtfMV:0
[155495703ms] [ERROR] Failed to load resource: net::ERR_INTERNET_DISCONNECTED @ https://www.google.com/recaptcha/enterprise/clr?k=6Lf3d9UsAAAAAILBqo6A909pmhyvtYmDoxaKtfMV:0
[155495704ms] [ERROR] Failed to load resource: net::ERR_INTERNET_DISCONNECTED @ https://www.google.com/recaptcha/enterprise/clr?k=6Lf3d9UsAAAAAILBqo6A909pmhyvtYmDoxaKtfMV:0
[155495706ms] [ERROR] Failed to load resource: net::ERR_INTERNET_DISCONNECTED @ https://www.google.com/recaptcha/enterprise/clr?k=6Lf3d9UsAAAAAILBqo6A909pmhyvtYmDoxaKtfMV:0
[155568318ms] [WARNING] [2026-09-03T02:50:50.132Z]  @firebase/auth: Auth (12.6.0): Error while retrieving App Check token: FirebaseError: AppCheck: ReCAPTCHA error. (appCheck/recaptcha-error). @ https://outrun.co.il/_next/static/chunks/2532-16f59635ee5a761a.js:14
[155568323ms] [ERROR] Failed to load resource: net::ERR_INTERNET_DISCONNECTED @ https://securetoken.googleapis.com/v1/token?key=AIzaSyCezG55zVQEZWCEs-lHzx_yQldg-Ej2X60:0
[155568324ms] [ERROR] Failed to load resource: net::ERR_INTERNET_DISCONNECTED @ https://www.google.com/recaptcha/enterprise/clr?k=6Lf3d9UsAAAAAILBqo6A909pmhyvtYmDoxaKtfMV:0
[155568326ms] [ERROR] Failed to load resource: net::ERR_INTERNET_DISCONNECTED @ https://www.google.com/recaptcha/enterprise/clr?k=6Lf3d9UsAAAAAILBqo6A909pmhyvtYmDoxaKtfMV:0
[155568328ms] [ERROR] Failed to load resource: net::ERR_INTERNET_DISCONNECTED @ https://www.google.com/recaptcha/enterprise/clr?k=6Lf3d9UsAAAAAILBqo6A909pmhyvtYmDoxaKtfMV:0
[155568330ms] [ERROR] Failed to load resource: net::ERR_INTERNET_DISCONNECTED @ https://www.google.com/recaptcha/enterprise/clr?k=6Lf3d9UsAAAAAILBqo6A909pmhyvtYmDoxaKtfMV:0
[155585360ms] [WARNING] [2026-09-03T02:51:07.174Z]  @firebase/auth: Auth (12.6.0): Error while retrieving App Check token: FirebaseError: AppCheck: ReCAPTCHA error. (appCheck/recaptcha-error). @ https://outrun.co.il/_next/static/chunks/2532-16f59635ee5a761a.js:14
[155585363ms] [ERROR] Failed to load resource: net::ERR_INTERNET_DISCONNECTED @ https://www.google.com/recaptcha/enterprise/clr?k=6Lf3d9UsAAAAAILBqo6A909pmhyvtYmDoxaKtfMV:0
[155585363ms] [ERROR] Failed to load resource: net::ERR_INTERNET_DISCONNECTED @ https://securetoken.googleapis.com/v1/token?key=AIzaSyCezG55zVQEZWCEs-lHzx_yQldg-Ej2X60:0
[155585363ms] [WARNING] [AdminSessionSync] Refresh failed: FirebaseError: Firebase: Error (auth/network-request-failed).
    at _ (https://outrun.co.il/_next/static/chunks/ebf8faf4-4b21e6e1cecfd8ac.js:1:2449)
    at d (https://outrun.co.il/_next/static/chunks/ebf8faf4-4b21e6e1cecfd8ac.js:1:1774)
    at O (https://outrun.co.il/_next/static/chunks/ebf8faf4-4b21e6e1cecfd8ac.js:1:8154)
    at async et (https://outrun.co.il/_next/static/chunks/ebf8faf4-4b21e6e1cecfd8ac.js:1:13604)
    at async er.refresh (https://outrun.co.il/_next/static/chunks/ebf8faf4-4b21e6e1cecfd8ac.js:1:15036)
    at async er.getToken (https://outrun.co.il/_next/static/chunks/ebf8faf4-4b21e6e1cecfd8ac.js:1:14848)
    at async B (https://outrun.co.il/_next/static/chunks/ebf8faf4-4b21e6e1cecfd8ac.js:1:11368)
    at async es.getIdToken (https://outrun.co.il/_next/static/chunks/ebf8faf4-4b21e6e1cecfd8ac.js:1:16560)
    at async https://outrun.co.il/_next/static/chunks/app/admin/layout-19dbfc67bfe16a74.js:1:4522 @ https://outrun.co.il/_next/static/chunks/app/admin/layout-19dbfc67bfe16a74.js:0
[155585365ms] [ERROR] Failed to load resource: net::ERR_INTERNET_DISCONNECTED @ https://www.google.com/recaptcha/enterprise/clr?k=6Lf3d9UsAAAAAILBqo6A909pmhyvtYmDoxaKtfMV:0
[155585367ms] [ERROR] Failed to load resource: net::ERR_INTERNET_DISCONNECTED @ https://www.google.com/recaptcha/enterprise/clr?k=6Lf3d9UsAAAAAILBqo6A909pmhyvtYmDoxaKtfMV:0
[155585369ms] [ERROR] Failed to load resource: net::ERR_INTERNET_DISCONNECTED @ https://www.google.com/recaptcha/enterprise/clr?k=6Lf3d9UsAAAAAILBqo6A909pmhyvtYmDoxaKtfMV:0
[155603531ms] [WARNING] [2026-09-03T02:51:25.346Z]  @firebase/auth: Auth (12.6.0): Error while retrieving App Check token: FirebaseError: AppCheck: ReCAPTCHA error. (appCheck/recaptcha-error). @ https://outrun.co.il/_next/static/chunks/2532-16f59635ee5a761a.js:14
[155603535ms] [ERROR] Failed to load resource: net::ERR_INTERNET_DISCONNECTED @ https://securetoken.googleapis.com/v1/token?key=AIzaSyCezG55zVQEZWCEs-lHzx_yQldg-Ej2X60:0
[155603535ms] [ERROR] Failed to load resource: net::ERR_INTERNET_DISCONNECTED @ https://www.google.com/recaptcha/enterprise/clr?k=6Lf3d9UsAAAAAILBqo6A909pmhyvtYmDoxaKtfMV:0
[155603537ms] [ERROR] Failed to load resource: net::ERR_INTERNET_DISCONNECTED @ https://www.google.com/recaptcha/enterprise/clr?k=6Lf3d9UsAAAAAILBqo6A909pmhyvtYmDoxaKtfMV:0
[155603539ms] [ERROR] Failed to load resource: net::ERR_INTERNET_DISCONNECTED @ https://www.google.com/recaptcha/enterprise/clr?k=6Lf3d9UsAAAAAILBqo6A909pmhyvtYmDoxaKtfMV:0
[155603541ms] [ERROR] Failed to load resource: net::ERR_INTERNET_DISCONNECTED @ https://www.google.com/recaptcha/enterprise/clr?k=6Lf3d9UsAAAAAILBqo6A909pmhyvtYmDoxaKtfMV:0
[155683474ms] [WARNING] [2026-09-03T02:52:45.289Z]  @firebase/auth: Auth (12.6.0): Error while retrieving App Check token: FirebaseError: AppCheck: ReCAPTCHA error. (appCheck/recaptcha-error). @ https://outrun.co.il/_next/static/chunks/2532-16f59635ee5a761a.js:14
[155683480ms] [ERROR] Failed to load resource: net::ERR_INTERNET_DISCONNECTED @ https://securetoken.googleapis.com/v1/token?key=AIzaSyCezG55zVQEZWCEs-lHzx_yQldg-Ej2X60:0
[155683483ms] [ERROR] Failed to load resource: net::ERR_INTERNET_DISCONNECTED @ https://www.google.com/recaptcha/enterprise/clr?k=6Lf3d9UsAAAAAILBqo6A909pmhyvtYmDoxaKtfMV:0
[155683486ms] [ERROR] Failed to load resource: net::ERR_INTERNET_DISCONNECTED @ https://www.google.com/recaptcha/enterprise/clr?k=6Lf3d9UsAAAAAILBqo6A909pmhyvtYmDoxaKtfMV:0
[155683488ms] [ERROR] Failed to load resource: net::ERR_INTERNET_DISCONNECTED @ https://www.google.com/recaptcha/enterprise/clr?k=6Lf3d9UsAAAAAILBqo6A909pmhyvtYmDoxaKtfMV:0
[155683489ms] [ERROR] Failed to load resource: net::ERR_INTERNET_DISCONNECTED @ https://www.google.com/recaptcha/enterprise/clr?k=6Lf3d9UsAAAAAILBqo6A909pmhyvtYmDoxaKtfMV:0
[155733939ms] [WARNING] [2026-09-03T02:53:35.753Z]  @firebase/auth: Auth (12.6.0): Error while retrieving App Check token: FirebaseError: AppCheck: ReCAPTCHA error. (appCheck/recaptcha-error). @ https://outrun.co.il/_next/static/chunks/2532-16f59635ee5a761a.js:14
[155733943ms] [ERROR] Failed to load resource: net::ERR_INTERNET_DISCONNECTED @ https://securetoken.googleapis.com/v1/token?key=AIzaSyCezG55zVQEZWCEs-lHzx_yQldg-Ej2X60:0
[155733944ms] [ERROR] Failed to load resource: net::ERR_INTERNET_DISCONNECTED @ https://www.google.com/recaptcha/enterprise/clr?k=6Lf3d9UsAAAAAILBqo6A909pmhyvtYmDoxaKtfMV:0
[155733946ms] [ERROR] Failed to load resource: net::ERR_INTERNET_DISCONNECTED @ https://www.google.com/recaptcha/enterprise/clr?k=6Lf3d9UsAAAAAILBqo6A909pmhyvtYmDoxaKtfMV:0
[155733949ms] [ERROR] Failed to load resource: net::ERR_INTERNET_DISCONNECTED @ https://www.google.com/recaptcha/enterprise/clr?k=6Lf3d9UsAAAAAILBqo6A909pmhyvtYmDoxaKtfMV:0
[155733951ms] [ERROR] Failed to load resource: net::ERR_INTERNET_DISCONNECTED @ https://www.google.com/recaptcha/enterprise/clr?k=6Lf3d9UsAAAAAILBqo6A909pmhyvtYmDoxaKtfMV:0
[155765785ms] [WARNING] [2026-09-03T02:54:07.600Z]  @firebase/auth: Auth (12.6.0): Error while retrieving App Check token: FirebaseError: AppCheck: ReCAPTCHA error. (appCheck/recaptcha-error). @ https://outrun.co.il/_next/static/chunks/2532-16f59635ee5a761a.js:14
[155765790ms] [ERROR] Failed to load resource: net::ERR_INTERNET_DISCONNECTED @ https://securetoken.googleapis.com/v1/token?key=AIzaSyCezG55zVQEZWCEs-lHzx_yQldg-Ej2X60:0
[155765790ms] [ERROR] Failed to load resource: net::ERR_INTERNET_DISCONNECTED @ https://www.google.com/recaptcha/enterprise/clr?k=6Lf3d9UsAAAAAILBqo6A909pmhyvtYmDoxaKtfMV:0
[155765792ms] [ERROR] Failed to load resource: net::ERR_INTERNET_DISCONNECTED @ https://www.google.com/recaptcha/enterprise/clr?k=6Lf3d9UsAAAAAILBqo6A909pmhyvtYmDoxaKtfMV:0
[155765795ms] [ERROR] Failed to load resource: net::ERR_INTERNET_DISCONNECTED @ https://www.google.com/recaptcha/enterprise/clr?k=6Lf3d9UsAAAAAILBqo6A909pmhyvtYmDoxaKtfMV:0
[155765796ms] [ERROR] Failed to load resource: net::ERR_INTERNET_DISCONNECTED @ https://www.google.com/recaptcha/enterprise/clr?k=6Lf3d9UsAAAAAILBqo6A909pmhyvtYmDoxaKtfMV:0
[156329369ms] [WARNING] [2026-09-03T03:03:31.183Z]  @firebase/auth: Auth (12.6.0): Error while retrieving App Check token: FirebaseError: AppCheck: ReCAPTCHA error. (appCheck/recaptcha-error). @ https://outrun.co.il/_next/static/chunks/2532-16f59635ee5a761a.js:14
[156329376ms] [ERROR] Failed to load resource: net::ERR_INTERNET_DISCONNECTED @ https://securetoken.googleapis.com/v1/token?key=AIzaSyCezG55zVQEZWCEs-lHzx_yQldg-Ej2X60:0
[156329377ms] [ERROR] Failed to load resource: net::ERR_INTERNET_DISCONNECTED @ https://www.google.com/recaptcha/enterprise/clr?k=6Lf3d9UsAAAAAILBqo6A909pmhyvtYmDoxaKtfMV:0
[156329379ms] [ERROR] Failed to load resource: net::ERR_INTERNET_DISCONNECTED @ https://www.google.com/recaptcha/enterprise/clr?k=6Lf3d9UsAAAAAILBqo6A909pmhyvtYmDoxaKtfMV:0
[156329381ms] [ERROR] Failed to load resource: net::ERR_INTERNET_DISCONNECTED @ https://www.google.com/recaptcha/enterprise/clr?k=6Lf3d9UsAAAAAILBqo6A909pmhyvtYmDoxaKtfMV:0
[156329382ms] [ERROR] Failed to load resource: net::ERR_INTERNET_DISCONNECTED @ https://www.google.com/recaptcha/enterprise/clr?k=6Lf3d9UsAAAAAILBqo6A909pmhyvtYmDoxaKtfMV:0
[156418056ms] [WARNING] [2026-09-03T03:04:59.870Z]  @firebase/auth: Auth (12.6.0): Error while retrieving App Check token: FirebaseError: AppCheck: ReCAPTCHA error. (appCheck/recaptcha-error). @ https://outrun.co.il/_next/static/chunks/2532-16f59635ee5a761a.js:14
[156418061ms] [ERROR] Failed to load resource: net::ERR_INTERNET_DISCONNECTED @ https://securetoken.googleapis.com/v1/token?key=AIzaSyCezG55zVQEZWCEs-lHzx_yQldg-Ej2X60:0
[156418063ms] [ERROR] Failed to load resource: net::ERR_INTERNET_DISCONNECTED @ https://www.google.com/recaptcha/enterprise/clr?k=6Lf3d9UsAAAAAILBqo6A909pmhyvtYmDoxaKtfMV:0
[156418065ms] [ERROR] Failed to load resource: net::ERR_INTERNET_DISCONNECTED @ https://www.google.com/recaptcha/enterprise/clr?k=6Lf3d9UsAAAAAILBqo6A909pmhyvtYmDoxaKtfMV:0
[156418066ms] [ERROR] Failed to load resource: net::ERR_INTERNET_DISCONNECTED @ https://www.google.com/recaptcha/enterprise/clr?k=6Lf3d9UsAAAAAILBqo6A909pmhyvtYmDoxaKtfMV:0
[156418068ms] [ERROR] Failed to load resource: net::ERR_INTERNET_DISCONNECTED @ https://www.google.com/recaptcha/enterprise/clr?k=6Lf3d9UsAAAAAILBqo6A909pmhyvtYmDoxaKtfMV:0
[156418850ms] [WARNING] [2026-09-03T03:05:00.664Z]  @firebase/auth: Auth (12.6.0): Error while retrieving App Check token: FirebaseError: AppCheck: ReCAPTCHA error. (appCheck/recaptcha-error). @ https://outrun.co.il/_next/static/chunks/2532-16f59635ee5a761a.js:14
[156418853ms] [ERROR] Failed to load resource: net::ERR_INTERNET_DISCONNECTED @ https://securetoken.googleapis.com/v1/token?key=AIzaSyCezG55zVQEZWCEs-lHzx_yQldg-Ej2X60:0
[156418854ms] [WARNING] [session] silent refresh failed: FirebaseError: Firebase: Error (auth/network-request-failed).
    at _ (https://outrun.co.il/_next/static/chunks/ebf8faf4-4b21e6e1cecfd8ac.js:1:2449)
    at d (https://outrun.co.il/_next/static/chunks/ebf8faf4-4b21e6e1cecfd8ac.js:1:1774)
    at O (https://outrun.co.il/_next/static/chunks/ebf8faf4-4b21e6e1cecfd8ac.js:1:8154)
    at async et (https://outrun.co.il/_next/static/chunks/ebf8faf4-4b21e6e1cecfd8ac.js:1:13604)
    at async er.refresh (https://outrun.co.il/_next/static/chunks/ebf8faf4-4b21e6e1cecfd8ac.js:1:15036)
    at async er.getToken (https://outrun.co.il/_next/static/chunks/ebf8faf4-4b21e6e1cecfd8ac.js:1:14848)
    at async B (https://outrun.co.il/_next/static/chunks/ebf8faf4-4b21e6e1cecfd8ac.js:1:11368)
    at async es.getIdToken (https://outrun.co.il/_next/static/chunks/ebf8faf4-4b21e6e1cecfd8ac.js:1:16560)
    at async https://outrun.co.il/_next/static/chunks/app/admin/layout-19dbfc67bfe16a74.js:1:7218 @ https://outrun.co.il/_next/static/chunks/app/admin/layout-19dbfc67bfe16a74.js:0
[156418855ms] [ERROR] Failed to load resource: net::ERR_INTERNET_DISCONNECTED @ https://www.google.com/recaptcha/enterprise/clr?k=6Lf3d9UsAAAAAILBqo6A909pmhyvtYmDoxaKtfMV:0
[156418857ms] [ERROR] Failed to load resource: net::ERR_INTERNET_DISCONNECTED @ https://www.google.com/recaptcha/enterprise/clr?k=6Lf3d9UsAAAAAILBqo6A909pmhyvtYmDoxaKtfMV:0
[156418859ms] [ERROR] Failed to load resource: net::ERR_INTERNET_DISCONNECTED @ https://www.google.com/recaptcha/enterprise/clr?k=6Lf3d9UsAAAAAILBqo6A909pmhyvtYmDoxaKtfMV:0
[156418860ms] [ERROR] Failed to load resource: net::ERR_INTERNET_DISCONNECTED @ https://www.google.com/recaptcha/enterprise/clr?k=6Lf3d9UsAAAAAILBqo6A909pmhyvtYmDoxaKtfMV:0
[156464127ms] [WARNING] [2026-09-03T03:05:45.941Z]  @firebase/auth: Auth (12.6.0): Error while retrieving App Check token: FirebaseError: AppCheck: ReCAPTCHA error. (appCheck/recaptcha-error). @ https://outrun.co.il/_next/static/chunks/2532-16f59635ee5a761a.js:14
[156464130ms] [ERROR] Failed to load resource: net::ERR_INTERNET_DISCONNECTED @ https://securetoken.googleapis.com/v1/token?key=AIzaSyCezG55zVQEZWCEs-lHzx_yQldg-Ej2X60:0
[156464130ms] [ERROR] Failed to load resource: net::ERR_INTERNET_DISCONNECTED @ https://www.google.com/recaptcha/enterprise/clr?k=6Lf3d9UsAAAAAILBqo6A909pmhyvtYmDoxaKtfMV:0
[156464131ms] [ERROR] Failed to load resource: net::ERR_INTERNET_DISCONNECTED @ https://www.google.com/recaptcha/enterprise/clr?k=6Lf3d9UsAAAAAILBqo6A909pmhyvtYmDoxaKtfMV:0
[156464133ms] [ERROR] Failed to load resource: net::ERR_INTERNET_DISCONNECTED @ https://www.google.com/recaptcha/enterprise/clr?k=6Lf3d9UsAAAAAILBqo6A909pmhyvtYmDoxaKtfMV:0
[156464134ms] [ERROR] Failed to load resource: net::ERR_INTERNET_DISCONNECTED @ https://www.google.com/recaptcha/enterprise/clr?k=6Lf3d9UsAAAAAILBqo6A909pmhyvtYmDoxaKtfMV:0
[156501105ms] [WARNING] [2026-09-03T03:06:22.920Z]  @firebase/auth: Auth (12.6.0): Error while retrieving App Check token: FirebaseError: AppCheck: ReCAPTCHA error. (appCheck/recaptcha-error). @ https://outrun.co.il/_next/static/chunks/2532-16f59635ee5a761a.js:14
[156501109ms] [ERROR] Failed to load resource: net::ERR_INTERNET_DISCONNECTED @ https://securetoken.googleapis.com/v1/token?key=AIzaSyCezG55zVQEZWCEs-lHzx_yQldg-Ej2X60:0
[156501110ms] [ERROR] Failed to load resource: net::ERR_INTERNET_DISCONNECTED @ https://www.google.com/recaptcha/enterprise/clr?k=6Lf3d9UsAAAAAILBqo6A909pmhyvtYmDoxaKtfMV:0
[156501112ms] [ERROR] Failed to load resource: net::ERR_INTERNET_DISCONNECTED @ https://www.google.com/recaptcha/enterprise/clr?k=6Lf3d9UsAAAAAILBqo6A909pmhyvtYmDoxaKtfMV:0
[156501114ms] [ERROR] Failed to load resource: net::ERR_INTERNET_DISCONNECTED @ https://www.google.com/recaptcha/enterprise/clr?k=6Lf3d9UsAAAAAILBqo6A909pmhyvtYmDoxaKtfMV:0
[156501115ms] [ERROR] Failed to load resource: net::ERR_INTERNET_DISCONNECTED @ https://www.google.com/recaptcha/enterprise/clr?k=6Lf3d9UsAAAAAILBqo6A909pmhyvtYmDoxaKtfMV:0
[156557599ms] [ERROR] Failed to load resource: net::ERR_INTERNET_DISCONNECTED @ https://www.google.com/recaptcha/enterprise/clr?k=6Lf3d9UsAAAAAILBqo6A909pmhyvtYmDoxaKtfMV:0
[156557601ms] [ERROR] Failed to load resource: net::ERR_INTERNET_DISCONNECTED @ https://www.google.com/recaptcha/enterprise/clr?k=6Lf3d9UsAAAAAILBqo6A909pmhyvtYmDoxaKtfMV:0
[156557602ms] [ERROR] Failed to load resource: net::ERR_INTERNET_DISCONNECTED @ https://www.google.com/recaptcha/enterprise/clr?k=6Lf3d9UsAAAAAILBqo6A909pmhyvtYmDoxaKtfMV:0
[156557604ms] [ERROR] Failed to load resource: net::ERR_INTERNET_DISCONNECTED @ https://www.google.com/recaptcha/enterprise/clr?k=6Lf3d9UsAAAAAILBqo6A909pmhyvtYmDoxaKtfMV:0
[156567761ms] [WARNING] [2026-09-03T03:07:29.575Z]  @firebase/auth: Auth (12.6.0): Error while retrieving App Check token: FirebaseError: AppCheck: ReCAPTCHA error. (appCheck/recaptcha-error). @ https://outrun.co.il/_next/static/chunks/2532-16f59635ee5a761a.js:14
[156567764ms] [ERROR] Failed to load resource: net::ERR_INTERNET_DISCONNECTED @ https://securetoken.googleapis.com/v1/token?key=AIzaSyCezG55zVQEZWCEs-lHzx_yQldg-Ej2X60:0
[156567764ms] [ERROR] Failed to load resource: net::ERR_INTERNET_DISCONNECTED @ https://www.google.com/recaptcha/enterprise/clr?k=6Lf3d9UsAAAAAILBqo6A909pmhyvtYmDoxaKtfMV:0
[156567766ms] [ERROR] Failed to load resource: net::ERR_INTERNET_DISCONNECTED @ https://www.google.com/recaptcha/enterprise/clr?k=6Lf3d9UsAAAAAILBqo6A909pmhyvtYmDoxaKtfMV:0
[156567768ms] [ERROR] Failed to load resource: net::ERR_INTERNET_DISCONNECTED @ https://www.google.com/recaptcha/enterprise/clr?k=6Lf3d9UsAAAAAILBqo6A909pmhyvtYmDoxaKtfMV:0
[156567770ms] [ERROR] Failed to load resource: net::ERR_INTERNET_DISCONNECTED @ https://www.google.com/recaptcha/enterprise/clr?k=6Lf3d9UsAAAAAILBqo6A909pmhyvtYmDoxaKtfMV:0
[156600644ms] [WARNING] [2026-09-03T03:08:02.458Z]  @firebase/auth: Auth (12.6.0): Error while retrieving App Check token: FirebaseError: AppCheck: ReCAPTCHA error. (appCheck/recaptcha-error). @ https://outrun.co.il/_next/static/chunks/2532-16f59635ee5a761a.js:14
[156600648ms] [ERROR] Failed to load resource: net::ERR_INTERNET_DISCONNECTED @ https://securetoken.googleapis.com/v1/token?key=AIzaSyCezG55zVQEZWCEs-lHzx_yQldg-Ej2X60:0
[156600650ms] [ERROR] Failed to load resource: net::ERR_INTERNET_DISCONNECTED @ https://www.google.com/recaptcha/enterprise/clr?k=6Lf3d9UsAAAAAILBqo6A909pmhyvtYmDoxaKtfMV:0
[156600652ms] [ERROR] Failed to load resource: net::ERR_INTERNET_DISCONNECTED @ https://www.google.com/recaptcha/enterprise/clr?k=6Lf3d9UsAAAAAILBqo6A909pmhyvtYmDoxaKtfMV:0
[156600654ms] [ERROR] Failed to load resource: net::ERR_INTERNET_DISCONNECTED @ https://www.google.com/recaptcha/enterprise/clr?k=6Lf3d9UsAAAAAILBqo6A909pmhyvtYmDoxaKtfMV:0
[156600655ms] [ERROR] Failed to load resource: net::ERR_INTERNET_DISCONNECTED @ https://www.google.com/recaptcha/enterprise/clr?k=6Lf3d9UsAAAAAILBqo6A909pmhyvtYmDoxaKtfMV:0
[156648675ms] [WARNING] [2026-09-03T03:08:50.489Z]  @firebase/auth: Auth (12.6.0): Error while retrieving App Check token: FirebaseError: AppCheck: ReCAPTCHA error. (appCheck/recaptcha-error). @ https://outrun.co.il/_next/static/chunks/2532-16f59635ee5a761a.js:14
[156648679ms] [ERROR] Failed to load resource: net::ERR_INTERNET_DISCONNECTED @ https://securetoken.googleapis.com/v1/token?key=AIzaSyCezG55zVQEZWCEs-lHzx_yQldg-Ej2X60:0
[156648680ms] [ERROR] Failed to load resource: net::ERR_INTERNET_DISCONNECTED @ https://www.google.com/recaptcha/enterprise/clr?k=6Lf3d9UsAAAAAILBqo6A909pmhyvtYmDoxaKtfMV:0
[156648681ms] [ERROR] Failed to load resource: net::ERR_INTERNET_DISCONNECTED @ https://www.google.com/recaptcha/enterprise/clr?k=6Lf3d9UsAAAAAILBqo6A909pmhyvtYmDoxaKtfMV:0
[156648683ms] [ERROR] Failed to load resource: net::ERR_INTERNET_DISCONNECTED @ https://www.google.com/recaptcha/enterprise/clr?k=6Lf3d9UsAAAAAILBqo6A909pmhyvtYmDoxaKtfMV:0
[156648685ms] [ERROR] Failed to load resource: net::ERR_INTERNET_DISCONNECTED @ https://www.google.com/recaptcha/enterprise/clr?k=6Lf3d9UsAAAAAILBqo6A909pmhyvtYmDoxaKtfMV:0
[156716674ms] [WARNING] [2026-09-03T03:09:58.489Z]  @firebase/auth: Auth (12.6.0): Error while retrieving App Check token: FirebaseError: AppCheck: ReCAPTCHA error. (appCheck/recaptcha-error). @ https://outrun.co.il/_next/static/chunks/2532-16f59635ee5a761a.js:14
[156716677ms] [ERROR] Failed to load resource: net::ERR_INTERNET_DISCONNECTED @ https://securetoken.googleapis.com/v1/token?key=AIzaSyCezG55zVQEZWCEs-lHzx_yQldg-Ej2X60:0
[156716677ms] [ERROR] Failed to load resource: net::ERR_INTERNET_DISCONNECTED @ https://www.google.com/recaptcha/enterprise/clr?k=6Lf3d9UsAAAAAILBqo6A909pmhyvtYmDoxaKtfMV:0
[156716680ms] [ERROR] Failed to load resource: net::ERR_INTERNET_DISCONNECTED @ https://www.google.com/recaptcha/enterprise/clr?k=6Lf3d9UsAAAAAILBqo6A909pmhyvtYmDoxaKtfMV:0
[156716682ms] [ERROR] Failed to load resource: net::ERR_INTERNET_DISCONNECTED @ https://www.google.com/recaptcha/enterprise/clr?k=6Lf3d9UsAAAAAILBqo6A909pmhyvtYmDoxaKtfMV:0
[156716684ms] [ERROR] Failed to load resource: net::ERR_INTERNET_DISCONNECTED @ https://www.google.com/recaptcha/enterprise/clr?k=6Lf3d9UsAAAAAILBqo6A909pmhyvtYmDoxaKtfMV:0
[156784436ms] [WARNING] [2026-09-03T03:11:06.251Z]  @firebase/auth: Auth (12.6.0): Error while retrieving App Check token: FirebaseError: AppCheck: ReCAPTCHA error. (appCheck/recaptcha-error). @ https://outrun.co.il/_next/static/chunks/2532-16f59635ee5a761a.js:14
[156784439ms] [ERROR] Failed to load resource: net::ERR_INTERNET_DISCONNECTED @ https://securetoken.googleapis.com/v1/token?key=AIzaSyCezG55zVQEZWCEs-lHzx_yQldg-Ej2X60:0
[156784441ms] [ERROR] Failed to load resource: net::ERR_INTERNET_DISCONNECTED @ https://www.google.com/recaptcha/enterprise/clr?k=6Lf3d9UsAAAAAILBqo6A909pmhyvtYmDoxaKtfMV:0
[156784443ms] [ERROR] Failed to load resource: net::ERR_INTERNET_DISCONNECTED @ https://www.google.com/recaptcha/enterprise/clr?k=6Lf3d9UsAAAAAILBqo6A909pmhyvtYmDoxaKtfMV:0
[156784444ms] [ERROR] Failed to load resource: net::ERR_INTERNET_DISCONNECTED @ https://www.google.com/recaptcha/enterprise/clr?k=6Lf3d9UsAAAAAILBqo6A909pmhyvtYmDoxaKtfMV:0
[156784446ms] [ERROR] Failed to load resource: net::ERR_INTERNET_DISCONNECTED @ https://www.google.com/recaptcha/enterprise/clr?k=6Lf3d9UsAAAAAILBqo6A909pmhyvtYmDoxaKtfMV:0
[156828864ms] [WARNING] [2026-09-03T03:11:50.679Z]  @firebase/auth: Auth (12.6.0): Error while retrieving App Check token: FirebaseError: AppCheck: ReCAPTCHA error. (appCheck/recaptcha-error). @ https://outrun.co.il/_next/static/chunks/2532-16f59635ee5a761a.js:14
[156828867ms] [ERROR] Failed to load resource: net::ERR_INTERNET_DISCONNECTED @ https://securetoken.googleapis.com/v1/token?key=AIzaSyCezG55zVQEZWCEs-lHzx_yQldg-Ej2X60:0
[156828867ms] [ERROR] Failed to load resource: net::ERR_INTERNET_DISCONNECTED @ https://www.google.com/recaptcha/enterprise/clr?k=6Lf3d9UsAAAAAILBqo6A909pmhyvtYmDoxaKtfMV:0
[156828869ms] [ERROR] Failed to load resource: net::ERR_INTERNET_DISCONNECTED @ https://www.google.com/recaptcha/enterprise/clr?k=6Lf3d9UsAAAAAILBqo6A909pmhyvtYmDoxaKtfMV:0
[156828870ms] [ERROR] Failed to load resource: net::ERR_INTERNET_DISCONNECTED @ https://www.google.com/recaptcha/enterprise/clr?k=6Lf3d9UsAAAAAILBqo6A909pmhyvtYmDoxaKtfMV:0
[156828872ms] [ERROR] Failed to load resource: net::ERR_INTERNET_DISCONNECTED @ https://www.google.com/recaptcha/enterprise/clr?k=6Lf3d9UsAAAAAILBqo6A909pmhyvtYmDoxaKtfMV:0
[156882299ms] [WARNING] [2026-09-03T03:12:44.113Z]  @firebase/auth: Auth (12.6.0): Error while retrieving App Check token: FirebaseError: AppCheck: ReCAPTCHA error. (appCheck/recaptcha-error). @ https://outrun.co.il/_next/static/chunks/2532-16f59635ee5a761a.js:14
[156882302ms] [ERROR] Failed to load resource: net::ERR_INTERNET_DISCONNECTED @ https://securetoken.googleapis.com/v1/token?key=AIzaSyCezG55zVQEZWCEs-lHzx_yQldg-Ej2X60:0
[156882302ms] [ERROR] Failed to load resource: net::ERR_INTERNET_DISCONNECTED @ https://www.google.com/recaptcha/enterprise/clr?k=6Lf3d9UsAAAAAILBqo6A909pmhyvtYmDoxaKtfMV:0
[156882303ms] [ERROR] Failed to load resource: net::ERR_INTERNET_DISCONNECTED @ https://www.google.com/recaptcha/enterprise/clr?k=6Lf3d9UsAAAAAILBqo6A909pmhyvtYmDoxaKtfMV:0
[156882305ms] [ERROR] Failed to load resource: net::ERR_INTERNET_DISCONNECTED @ https://www.google.com/recaptcha/enterprise/clr?k=6Lf3d9UsAAAAAILBqo6A909pmhyvtYmDoxaKtfMV:0
[156882306ms] [ERROR] Failed to load resource: net::ERR_INTERNET_DISCONNECTED @ https://www.google.com/recaptcha/enterprise/clr?k=6Lf3d9UsAAAAAILBqo6A909pmhyvtYmDoxaKtfMV:0
[156937453ms] [WARNING] [2026-09-03T03:13:39.267Z]  @firebase/auth: Auth (12.6.0): Error while retrieving App Check token: FirebaseError: AppCheck: ReCAPTCHA error. (appCheck/recaptcha-error). @ https://outrun.co.il/_next/static/chunks/2532-16f59635ee5a761a.js:14
[156937457ms] [ERROR] Failed to load resource: net::ERR_INTERNET_DISCONNECTED @ https://securetoken.googleapis.com/v1/token?key=AIzaSyCezG55zVQEZWCEs-lHzx_yQldg-Ej2X60:0
[156937458ms] [ERROR] Failed to load resource: net::ERR_INTERNET_DISCONNECTED @ https://www.google.com/recaptcha/enterprise/clr?k=6Lf3d9UsAAAAAILBqo6A909pmhyvtYmDoxaKtfMV:0
[156937461ms] [ERROR] Failed to load resource: net::ERR_INTERNET_DISCONNECTED @ https://www.google.com/recaptcha/enterprise/clr?k=6Lf3d9UsAAAAAILBqo6A909pmhyvtYmDoxaKtfMV:0
[156937463ms] [ERROR] Failed to load resource: net::ERR_INTERNET_DISCONNECTED @ https://www.google.com/recaptcha/enterprise/clr?k=6Lf3d9UsAAAAAILBqo6A909pmhyvtYmDoxaKtfMV:0
[156937465ms] [ERROR] Failed to load resource: net::ERR_INTERNET_DISCONNECTED @ https://www.google.com/recaptcha/enterprise/clr?k=6Lf3d9UsAAAAAILBqo6A909pmhyvtYmDoxaKtfMV:0
[157023188ms] [WARNING] [2026-09-03T03:15:05.002Z]  @firebase/auth: Auth (12.6.0): Error while retrieving App Check token: FirebaseError: AppCheck: ReCAPTCHA error. (appCheck/recaptcha-error). @ https://outrun.co.il/_next/static/chunks/2532-16f59635ee5a761a.js:14
[157023191ms] [ERROR] Failed to load resource: net::ERR_INTERNET_DISCONNECTED @ https://securetoken.googleapis.com/v1/token?key=AIzaSyCezG55zVQEZWCEs-lHzx_yQldg-Ej2X60:0
[157023192ms] [ERROR] Failed to load resource: net::ERR_INTERNET_DISCONNECTED @ https://www.google.com/recaptcha/enterprise/clr?k=6Lf3d9UsAAAAAILBqo6A909pmhyvtYmDoxaKtfMV:0
[157023194ms] [ERROR] Failed to load resource: net::ERR_INTERNET_DISCONNECTED @ https://www.google.com/recaptcha/enterprise/clr?k=6Lf3d9UsAAAAAILBqo6A909pmhyvtYmDoxaKtfMV:0
[157023197ms] [ERROR] Failed to load resource: net::ERR_INTERNET_DISCONNECTED @ https://www.google.com/recaptcha/enterprise/clr?k=6Lf3d9UsAAAAAILBqo6A909pmhyvtYmDoxaKtfMV:0
[157023198ms] [ERROR] Failed to load resource: net::ERR_INTERNET_DISCONNECTED @ https://www.google.com/recaptcha/enterprise/clr?k=6Lf3d9UsAAAAAILBqo6A909pmhyvtYmDoxaKtfMV:0
[157068678ms] [WARNING] [2026-09-03T03:15:50.493Z]  @firebase/auth: Auth (12.6.0): Error while retrieving App Check token: FirebaseError: AppCheck: ReCAPTCHA error. (appCheck/recaptcha-error). @ https://outrun.co.il/_next/static/chunks/2532-16f59635ee5a761a.js:14
[157068681ms] [ERROR] Failed to load resource: net::ERR_INTERNET_DISCONNECTED @ https://securetoken.googleapis.com/v1/token?key=AIzaSyCezG55zVQEZWCEs-lHzx_yQldg-Ej2X60:0
[157068682ms] [ERROR] Failed to load resource: net::ERR_INTERNET_DISCONNECTED @ https://www.google.com/recaptcha/enterprise/clr?k=6Lf3d9UsAAAAAILBqo6A909pmhyvtYmDoxaKtfMV:0
[157068683ms] [ERROR] Failed to load resource: net::ERR_INTERNET_DISCONNECTED @ https://www.google.com/recaptcha/enterprise/clr?k=6Lf3d9UsAAAAAILBqo6A909pmhyvtYmDoxaKtfMV:0
[157068685ms] [ERROR] Failed to load resource: net::ERR_INTERNET_DISCONNECTED @ https://www.google.com/recaptcha/enterprise/clr?k=6Lf3d9UsAAAAAILBqo6A909pmhyvtYmDoxaKtfMV:0
[157068686ms] [ERROR] Failed to load resource: net::ERR_INTERNET_DISCONNECTED @ https://www.google.com/recaptcha/enterprise/clr?k=6Lf3d9UsAAAAAILBqo6A909pmhyvtYmDoxaKtfMV:0
[157107460ms] [WARNING] [2026-09-03T03:16:29.274Z]  @firebase/auth: Auth (12.6.0): Error while retrieving App Check token: FirebaseError: AppCheck: ReCAPTCHA error. (appCheck/recaptcha-error). @ https://outrun.co.il/_next/static/chunks/2532-16f59635ee5a761a.js:14
[157107463ms] [ERROR] Failed to load resource: net::ERR_INTERNET_DISCONNECTED @ https://securetoken.googleapis.com/v1/token?key=AIzaSyCezG55zVQEZWCEs-lHzx_yQldg-Ej2X60:0
[157107464ms] [ERROR] Failed to load resource: net::ERR_INTERNET_DISCONNECTED @ https://www.google.com/recaptcha/enterprise/clr?k=6Lf3d9UsAAAAAILBqo6A909pmhyvtYmDoxaKtfMV:0
[157107466ms] [ERROR] Failed to load resource: net::ERR_INTERNET_DISCONNECTED @ https://www.google.com/recaptcha/enterprise/clr?k=6Lf3d9UsAAAAAILBqo6A909pmhyvtYmDoxaKtfMV:0
[157107467ms] [ERROR] Failed to load resource: net::ERR_INTERNET_DISCONNECTED @ https://www.google.com/recaptcha/enterprise/clr?k=6Lf3d9UsAAAAAILBqo6A909pmhyvtYmDoxaKtfMV:0
[157107468ms] [ERROR] Failed to load resource: net::ERR_INTERNET_DISCONNECTED @ https://www.google.com/recaptcha/enterprise/clr?k=6Lf3d9UsAAAAAILBqo6A909pmhyvtYmDoxaKtfMV:0
[157193609ms] [WARNING] [2026-09-03T03:17:55.423Z]  @firebase/auth: Auth (12.6.0): Error while retrieving App Check token: FirebaseError: AppCheck: ReCAPTCHA error. (appCheck/recaptcha-error). @ https://outrun.co.il/_next/static/chunks/2532-16f59635ee5a761a.js:14
[157193612ms] [ERROR] Failed to load resource: net::ERR_INTERNET_DISCONNECTED @ https://securetoken.googleapis.com/v1/token?key=AIzaSyCezG55zVQEZWCEs-lHzx_yQldg-Ej2X60:0
[157193613ms] [ERROR] Failed to load resource: net::ERR_INTERNET_DISCONNECTED @ https://www.google.com/recaptcha/enterprise/clr?k=6Lf3d9UsAAAAAILBqo6A909pmhyvtYmDoxaKtfMV:0
[157193615ms] [ERROR] Failed to load resource: net::ERR_INTERNET_DISCONNECTED @ https://www.google.com/recaptcha/enterprise/clr?k=6Lf3d9UsAAAAAILBqo6A909pmhyvtYmDoxaKtfMV:0
[157193616ms] [ERROR] Failed to load resource: net::ERR_INTERNET_DISCONNECTED @ https://www.google.com/recaptcha/enterprise/clr?k=6Lf3d9UsAAAAAILBqo6A909pmhyvtYmDoxaKtfMV:0
[157193618ms] [ERROR] Failed to load resource: net::ERR_INTERNET_DISCONNECTED @ https://www.google.com/recaptcha/enterprise/clr?k=6Lf3d9UsAAAAAILBqo6A909pmhyvtYmDoxaKtfMV:0
[157223894ms] [WARNING] [2026-09-03T03:18:25.709Z]  @firebase/auth: Auth (12.6.0): Error while retrieving App Check token: FirebaseError: AppCheck: ReCAPTCHA error. (appCheck/recaptcha-error). @ https://outrun.co.il/_next/static/chunks/2532-16f59635ee5a761a.js:14
[157223898ms] [ERROR] Failed to load resource: net::ERR_INTERNET_DISCONNECTED @ https://securetoken.googleapis.com/v1/token?key=AIzaSyCezG55zVQEZWCEs-lHzx_yQldg-Ej2X60:0
[157223899ms] [ERROR] Failed to load resource: net::ERR_INTERNET_DISCONNECTED @ https://www.google.com/recaptcha/enterprise/clr?k=6Lf3d9UsAAAAAILBqo6A909pmhyvtYmDoxaKtfMV:0
[157223901ms] [ERROR] Failed to load resource: net::ERR_INTERNET_DISCONNECTED @ https://www.google.com/recaptcha/enterprise/clr?k=6Lf3d9UsAAAAAILBqo6A909pmhyvtYmDoxaKtfMV:0
[157223902ms] [ERROR] Failed to load resource: net::ERR_INTERNET_DISCONNECTED @ https://www.google.com/recaptcha/enterprise/clr?k=6Lf3d9UsAAAAAILBqo6A909pmhyvtYmDoxaKtfMV:0
[157223904ms] [ERROR] Failed to load resource: net::ERR_INTERNET_DISCONNECTED @ https://www.google.com/recaptcha/enterprise/clr?k=6Lf3d9UsAAAAAILBqo6A909pmhyvtYmDoxaKtfMV:0
[157245436ms] [WARNING] [2026-09-03T03:18:47.251Z]  @firebase/auth: Auth (12.6.0): Error while retrieving App Check token: FirebaseError: AppCheck: ReCAPTCHA error. (appCheck/recaptcha-error). @ https://outrun.co.il/_next/static/chunks/2532-16f59635ee5a761a.js:14
[157245439ms] [ERROR] Failed to load resource: net::ERR_INTERNET_DISCONNECTED @ https://www.google.com/recaptcha/enterprise/clr?k=6Lf3d9UsAAAAAILBqo6A909pmhyvtYmDoxaKtfMV:0
[157245440ms] [ERROR] Failed to load resource: net::ERR_INTERNET_DISCONNECTED @ https://securetoken.googleapis.com/v1/token?key=AIzaSyCezG55zVQEZWCEs-lHzx_yQldg-Ej2X60:0
[157245441ms] [ERROR] Failed to load resource: net::ERR_INTERNET_DISCONNECTED @ https://www.google.com/recaptcha/enterprise/clr?k=6Lf3d9UsAAAAAILBqo6A909pmhyvtYmDoxaKtfMV:0
[157245442ms] [ERROR] Failed to load resource: net::ERR_INTERNET_DISCONNECTED @ https://www.google.com/recaptcha/enterprise/clr?k=6Lf3d9UsAAAAAILBqo6A909pmhyvtYmDoxaKtfMV:0
[157245444ms] [ERROR] Failed to load resource: net::ERR_INTERNET_DISCONNECTED @ https://www.google.com/recaptcha/enterprise/clr?k=6Lf3d9UsAAAAAILBqo6A909pmhyvtYmDoxaKtfMV:0
[157313598ms] [WARNING] [2026-09-03T03:19:55.413Z]  @firebase/auth: Auth (12.6.0): Error while retrieving App Check token: FirebaseError: AppCheck: ReCAPTCHA error. (appCheck/recaptcha-error). @ https://outrun.co.il/_next/static/chunks/2532-16f59635ee5a761a.js:14
[157313602ms] [ERROR] Failed to load resource: net::ERR_INTERNET_DISCONNECTED @ https://securetoken.googleapis.com/v1/token?key=AIzaSyCezG55zVQEZWCEs-lHzx_yQldg-Ej2X60:0
[157313603ms] [ERROR] Failed to load resource: net::ERR_INTERNET_DISCONNECTED @ https://www.google.com/recaptcha/enterprise/clr?k=6Lf3d9UsAAAAAILBqo6A909pmhyvtYmDoxaKtfMV:0
[157313605ms] [ERROR] Failed to load resource: net::ERR_INTERNET_DISCONNECTED @ https://www.google.com/recaptcha/enterprise/clr?k=6Lf3d9UsAAAAAILBqo6A909pmhyvtYmDoxaKtfMV:0
[157313607ms] [ERROR] Failed to load resource: net::ERR_INTERNET_DISCONNECTED @ https://www.google.com/recaptcha/enterprise/clr?k=6Lf3d9UsAAAAAILBqo6A909pmhyvtYmDoxaKtfMV:0
[157313608ms] [ERROR] Failed to load resource: net::ERR_INTERNET_DISCONNECTED @ https://www.google.com/recaptcha/enterprise/clr?k=6Lf3d9UsAAAAAILBqo6A909pmhyvtYmDoxaKtfMV:0
[157394785ms] [WARNING] [2026-09-03T03:21:16.600Z]  @firebase/auth: Auth (12.6.0): Error while retrieving App Check token: FirebaseError: AppCheck: ReCAPTCHA error. (appCheck/recaptcha-error). @ https://outrun.co.il/_next/static/chunks/2532-16f59635ee5a761a.js:14
[157394788ms] [ERROR] Failed to load resource: net::ERR_INTERNET_DISCONNECTED @ https://securetoken.googleapis.com/v1/token?key=AIzaSyCezG55zVQEZWCEs-lHzx_yQldg-Ej2X60:0
[157394789ms] [ERROR] Failed to load resource: net::ERR_INTERNET_DISCONNECTED @ https://www.google.com/recaptcha/enterprise/clr?k=6Lf3d9UsAAAAAILBqo6A909pmhyvtYmDoxaKtfMV:0
[157394790ms] [ERROR] Failed to load resource: net::ERR_INTERNET_DISCONNECTED @ https://www.google.com/recaptcha/enterprise/clr?k=6Lf3d9UsAAAAAILBqo6A909pmhyvtYmDoxaKtfMV:0
[157394792ms] [ERROR] Failed to load resource: net::ERR_INTERNET_DISCONNECTED @ https://www.google.com/recaptcha/enterprise/clr?k=6Lf3d9UsAAAAAILBqo6A909pmhyvtYmDoxaKtfMV:0
[157394793ms] [ERROR] Failed to load resource: net::ERR_INTERNET_DISCONNECTED @ https://www.google.com/recaptcha/enterprise/clr?k=6Lf3d9UsAAAAAILBqo6A909pmhyvtYmDoxaKtfMV:0
[157482905ms] [WARNING] [2026-09-03T03:22:44.719Z]  @firebase/auth: Auth (12.6.0): Error while retrieving App Check token: FirebaseError: AppCheck: ReCAPTCHA error. (appCheck/recaptcha-error). @ https://outrun.co.il/_next/static/chunks/2532-16f59635ee5a761a.js:14
[157482908ms] [ERROR] Failed to load resource: net::ERR_INTERNET_DISCONNECTED @ https://securetoken.googleapis.com/v1/token?key=AIzaSyCezG55zVQEZWCEs-lHzx_yQldg-Ej2X60:0
[157482910ms] [ERROR] Failed to load resource: net::ERR_INTERNET_DISCONNECTED @ https://www.google.com/recaptcha/enterprise/clr?k=6Lf3d9UsAAAAAILBqo6A909pmhyvtYmDoxaKtfMV:0
[157482911ms] [ERROR] Failed to load resource: net::ERR_INTERNET_DISCONNECTED @ https://www.google.com/recaptcha/enterprise/clr?k=6Lf3d9UsAAAAAILBqo6A909pmhyvtYmDoxaKtfMV:0
[157482913ms] [ERROR] Failed to load resource: net::ERR_INTERNET_DISCONNECTED @ https://www.google.com/recaptcha/enterprise/clr?k=6Lf3d9UsAAAAAILBqo6A909pmhyvtYmDoxaKtfMV:0
[157482914ms] [ERROR] Failed to load resource: net::ERR_INTERNET_DISCONNECTED @ https://www.google.com/recaptcha/enterprise/clr?k=6Lf3d9UsAAAAAILBqo6A909pmhyvtYmDoxaKtfMV:0
[157517611ms] [ERROR] Failed to load resource: net::ERR_INTERNET_DISCONNECTED @ https://www.google.com/recaptcha/enterprise/clr?k=6Lf3d9UsAAAAAILBqo6A909pmhyvtYmDoxaKtfMV:0
[157517613ms] [ERROR] Failed to load resource: net::ERR_INTERNET_DISCONNECTED @ https://www.google.com/recaptcha/enterprise/clr?k=6Lf3d9UsAAAAAILBqo6A909pmhyvtYmDoxaKtfMV:0
[157517615ms] [ERROR] Failed to load resource: net::ERR_INTERNET_DISCONNECTED @ https://www.google.com/recaptcha/enterprise/clr?k=6Lf3d9UsAAAAAILBqo6A909pmhyvtYmDoxaKtfMV:0
[157517617ms] [ERROR] Failed to load resource: net::ERR_INTERNET_DISCONNECTED @ https://www.google.com/recaptcha/enterprise/clr?k=6Lf3d9UsAAAAAILBqo6A909pmhyvtYmDoxaKtfMV:0
[157531045ms] [WARNING] [2026-09-03T03:23:32.860Z]  @firebase/auth: Auth (12.6.0): Error while retrieving App Check token: FirebaseError: AppCheck: ReCAPTCHA error. (appCheck/recaptcha-error). @ https://outrun.co.il/_next/static/chunks/2532-16f59635ee5a761a.js:14
[157531048ms] [ERROR] Failed to load resource: net::ERR_INTERNET_DISCONNECTED @ https://securetoken.googleapis.com/v1/token?key=AIzaSyCezG55zVQEZWCEs-lHzx_yQldg-Ej2X60:0
[157531048ms] [ERROR] Failed to load resource: net::ERR_INTERNET_DISCONNECTED @ https://www.google.com/recaptcha/enterprise/clr?k=6Lf3d9UsAAAAAILBqo6A909pmhyvtYmDoxaKtfMV:0
[157531050ms] [ERROR] Failed to load resource: net::ERR_INTERNET_DISCONNECTED @ https://www.google.com/recaptcha/enterprise/clr?k=6Lf3d9UsAAAAAILBqo6A909pmhyvtYmDoxaKtfMV:0
[157531051ms] [ERROR] Failed to load resource: net::ERR_INTERNET_DISCONNECTED @ https://www.google.com/recaptcha/enterprise/clr?k=6Lf3d9UsAAAAAILBqo6A909pmhyvtYmDoxaKtfMV:0
[157531053ms] [ERROR] Failed to load resource: net::ERR_INTERNET_DISCONNECTED @ https://www.google.com/recaptcha/enterprise/clr?k=6Lf3d9UsAAAAAILBqo6A909pmhyvtYmDoxaKtfMV:0
[157589684ms] [WARNING] [2026-09-03T03:24:31.499Z]  @firebase/auth: Auth (12.6.0): Error while retrieving App Check token: FirebaseError: AppCheck: ReCAPTCHA error. (appCheck/recaptcha-error). @ https://outrun.co.il/_next/static/chunks/2532-16f59635ee5a761a.js:14
[157589688ms] [ERROR] Failed to load resource: net::ERR_INTERNET_DISCONNECTED @ https://securetoken.googleapis.com/v1/token?key=AIzaSyCezG55zVQEZWCEs-lHzx_yQldg-Ej2X60:0
[157589691ms] [ERROR] Failed to load resource: net::ERR_INTERNET_DISCONNECTED @ https://www.google.com/recaptcha/enterprise/clr?k=6Lf3d9UsAAAAAILBqo6A909pmhyvtYmDoxaKtfMV:0
[157589694ms] [ERROR] Failed to load resource: net::ERR_INTERNET_DISCONNECTED @ https://www.google.com/recaptcha/enterprise/clr?k=6Lf3d9UsAAAAAILBqo6A909pmhyvtYmDoxaKtfMV:0
[157589696ms] [ERROR] Failed to load resource: net::ERR_INTERNET_DISCONNECTED @ https://www.google.com/recaptcha/enterprise/clr?k=6Lf3d9UsAAAAAILBqo6A909pmhyvtYmDoxaKtfMV:0
[157589699ms] [ERROR] Failed to load resource: net::ERR_INTERNET_DISCONNECTED @ https://www.google.com/recaptcha/enterprise/clr?k=6Lf3d9UsAAAAAILBqo6A909pmhyvtYmDoxaKtfMV:0
[157658933ms] [WARNING] [2026-09-03T03:25:40.747Z]  @firebase/auth: Auth (12.6.0): Error while retrieving App Check token: FirebaseError: AppCheck: ReCAPTCHA error. (appCheck/recaptcha-error). @ https://outrun.co.il/_next/static/chunks/2532-16f59635ee5a761a.js:14
[157658936ms] [ERROR] Failed to load resource: net::ERR_INTERNET_DISCONNECTED @ https://securetoken.googleapis.com/v1/token?key=AIzaSyCezG55zVQEZWCEs-lHzx_yQldg-Ej2X60:0
[157658937ms] [ERROR] Failed to load resource: net::ERR_INTERNET_DISCONNECTED @ https://www.google.com/recaptcha/enterprise/clr?k=6Lf3d9UsAAAAAILBqo6A909pmhyvtYmDoxaKtfMV:0
[157658939ms] [ERROR] Failed to load resource: net::ERR_INTERNET_DISCONNECTED @ https://www.google.com/recaptcha/enterprise/clr?k=6Lf3d9UsAAAAAILBqo6A909pmhyvtYmDoxaKtfMV:0
[157658941ms] [ERROR] Failed to load resource: net::ERR_INTERNET_DISCONNECTED @ https://www.google.com/recaptcha/enterprise/clr?k=6Lf3d9UsAAAAAILBqo6A909pmhyvtYmDoxaKtfMV:0
[157658943ms] [ERROR] Failed to load resource: net::ERR_INTERNET_DISCONNECTED @ https://www.google.com/recaptcha/enterprise/clr?k=6Lf3d9UsAAAAAILBqo6A909pmhyvtYmDoxaKtfMV:0
[157706742ms] [WARNING] [2026-09-03T03:26:28.556Z]  @firebase/auth: Auth (12.6.0): Error while retrieving App Check token: FirebaseError: AppCheck: ReCAPTCHA error. (appCheck/recaptcha-error). @ https://outrun.co.il/_next/static/chunks/2532-16f59635ee5a761a.js:14
[157706745ms] [ERROR] Failed to load resource: net::ERR_INTERNET_DISCONNECTED @ https://securetoken.googleapis.com/v1/token?key=AIzaSyCezG55zVQEZWCEs-lHzx_yQldg-Ej2X60:0
[157706746ms] [ERROR] Failed to load resource: net::ERR_INTERNET_DISCONNECTED @ https://www.google.com/recaptcha/enterprise/clr?k=6Lf3d9UsAAAAAILBqo6A909pmhyvtYmDoxaKtfMV:0
[157706750ms] [ERROR] Failed to load resource: net::ERR_INTERNET_DISCONNECTED @ https://www.google.com/recaptcha/enterprise/clr?k=6Lf3d9UsAAAAAILBqo6A909pmhyvtYmDoxaKtfMV:0
[157706752ms] [ERROR] Failed to load resource: net::ERR_INTERNET_DISCONNECTED @ https://www.google.com/recaptcha/enterprise/clr?k=6Lf3d9UsAAAAAILBqo6A909pmhyvtYmDoxaKtfMV:0
[157706754ms] [ERROR] Failed to load resource: net::ERR_INTERNET_DISCONNECTED @ https://www.google.com/recaptcha/enterprise/clr?k=6Lf3d9UsAAAAAILBqo6A909pmhyvtYmDoxaKtfMV:0
[157787504ms] [WARNING] [2026-09-03T03:27:49.319Z]  @firebase/auth: Auth (12.6.0): Error while retrieving App Check token: FirebaseError: AppCheck: ReCAPTCHA error. (appCheck/recaptcha-error). @ https://outrun.co.il/_next/static/chunks/2532-16f59635ee5a761a.js:14
[157787507ms] [ERROR] Failed to load resource: net::ERR_INTERNET_DISCONNECTED @ https://securetoken.googleapis.com/v1/token?key=AIzaSyCezG55zVQEZWCEs-lHzx_yQldg-Ej2X60:0
[157787508ms] [ERROR] Failed to load resource: net::ERR_INTERNET_DISCONNECTED @ https://www.google.com/recaptcha/enterprise/clr?k=6Lf3d9UsAAAAAILBqo6A909pmhyvtYmDoxaKtfMV:0
[157787509ms] [ERROR] Failed to load resource: net::ERR_INTERNET_DISCONNECTED @ https://www.google.com/recaptcha/enterprise/clr?k=6Lf3d9UsAAAAAILBqo6A909pmhyvtYmDoxaKtfMV:0
[157787511ms] [ERROR] Failed to load resource: net::ERR_INTERNET_DISCONNECTED @ https://www.google.com/recaptcha/enterprise/clr?k=6Lf3d9UsAAAAAILBqo6A909pmhyvtYmDoxaKtfMV:0
[157787513ms] [ERROR] Failed to load resource: net::ERR_INTERNET_DISCONNECTED @ https://www.google.com/recaptcha/enterprise/clr?k=6Lf3d9UsAAAAAILBqo6A909pmhyvtYmDoxaKtfMV:0
[157818086ms] [WARNING] [2026-09-03T03:28:19.900Z]  @firebase/auth: Auth (12.6.0): Error while retrieving App Check token: FirebaseError: AppCheck: ReCAPTCHA error. (appCheck/recaptcha-error). @ https://outrun.co.il/_next/static/chunks/2532-16f59635ee5a761a.js:14
[157818089ms] [ERROR] Failed to load resource: net::ERR_INTERNET_DISCONNECTED @ https://securetoken.googleapis.com/v1/token?key=AIzaSyCezG55zVQEZWCEs-lHzx_yQldg-Ej2X60:0
[157818089ms] [ERROR] Failed to load resource: net::ERR_INTERNET_DISCONNECTED @ https://www.google.com/recaptcha/enterprise/clr?k=6Lf3d9UsAAAAAILBqo6A909pmhyvtYmDoxaKtfMV:0
[157818091ms] [ERROR] Failed to load resource: net::ERR_INTERNET_DISCONNECTED @ https://www.google.com/recaptcha/enterprise/clr?k=6Lf3d9UsAAAAAILBqo6A909pmhyvtYmDoxaKtfMV:0
[157818093ms] [ERROR] Failed to load resource: net::ERR_INTERNET_DISCONNECTED @ https://www.google.com/recaptcha/enterprise/clr?k=6Lf3d9UsAAAAAILBqo6A909pmhyvtYmDoxaKtfMV:0
[157818095ms] [ERROR] Failed to load resource: net::ERR_INTERNET_DISCONNECTED @ https://www.google.com/recaptcha/enterprise/clr?k=6Lf3d9UsAAAAAILBqo6A909pmhyvtYmDoxaKtfMV:0
[157881920ms] [WARNING] [2026-09-03T03:29:23.734Z]  @firebase/auth: Auth (12.6.0): Error while retrieving App Check token: FirebaseError: AppCheck: ReCAPTCHA error. (appCheck/recaptcha-error). @ https://outrun.co.il/_next/static/chunks/2532-16f59635ee5a761a.js:14
[157881923ms] [ERROR] Failed to load resource: net::ERR_INTERNET_DISCONNECTED @ https://securetoken.googleapis.com/v1/token?key=AIzaSyCezG55zVQEZWCEs-lHzx_yQldg-Ej2X60:0
[157881923ms] [ERROR] Failed to load resource: net::ERR_INTERNET_DISCONNECTED @ https://www.google.com/recaptcha/enterprise/clr?k=6Lf3d9UsAAAAAILBqo6A909pmhyvtYmDoxaKtfMV:0
[157881925ms] [ERROR] Failed to load resource: net::ERR_INTERNET_DISCONNECTED @ https://www.google.com/recaptcha/enterprise/clr?k=6Lf3d9UsAAAAAILBqo6A909pmhyvtYmDoxaKtfMV:0
[157881926ms] [ERROR] Failed to load resource: net::ERR_INTERNET_DISCONNECTED @ https://www.google.com/recaptcha/enterprise/clr?k=6Lf3d9UsAAAAAILBqo6A909pmhyvtYmDoxaKtfMV:0
[157881928ms] [ERROR] Failed to load resource: net::ERR_INTERNET_DISCONNECTED @ https://www.google.com/recaptcha/enterprise/clr?k=6Lf3d9UsAAAAAILBqo6A909pmhyvtYmDoxaKtfMV:0
[157925098ms] [WARNING] [2026-09-03T03:30:06.913Z]  @firebase/auth: Auth (12.6.0): Error while retrieving App Check token: FirebaseError: AppCheck: ReCAPTCHA error. (appCheck/recaptcha-error). @ https://outrun.co.il/_next/static/chunks/2532-16f59635ee5a761a.js:14
[157925102ms] [ERROR] Failed to load resource: net::ERR_INTERNET_DISCONNECTED @ https://securetoken.googleapis.com/v1/token?key=AIzaSyCezG55zVQEZWCEs-lHzx_yQldg-Ej2X60:0
[157925102ms] [ERROR] Failed to load resource: net::ERR_INTERNET_DISCONNECTED @ https://www.google.com/recaptcha/enterprise/clr?k=6Lf3d9UsAAAAAILBqo6A909pmhyvtYmDoxaKtfMV:0
[157925105ms] [ERROR] Failed to load resource: net::ERR_INTERNET_DISCONNECTED @ https://www.google.com/recaptcha/enterprise/clr?k=6Lf3d9UsAAAAAILBqo6A909pmhyvtYmDoxaKtfMV:0
[157925107ms] [ERROR] Failed to load resource: net::ERR_INTERNET_DISCONNECTED @ https://www.google.com/recaptcha/enterprise/clr?k=6Lf3d9UsAAAAAILBqo6A909pmhyvtYmDoxaKtfMV:0
[157925109ms] [ERROR] Failed to load resource: net::ERR_INTERNET_DISCONNECTED @ https://www.google.com/recaptcha/enterprise/clr?k=6Lf3d9UsAAAAAILBqo6A909pmhyvtYmDoxaKtfMV:0
[157964527ms] [WARNING] [2026-09-03T03:30:46.341Z]  @firebase/auth: Auth (12.6.0): Error while retrieving App Check token: FirebaseError: AppCheck: ReCAPTCHA error. (appCheck/recaptcha-error). @ https://outrun.co.il/_next/static/chunks/2532-16f59635ee5a761a.js:14
[157964530ms] [ERROR] Failed to load resource: net::ERR_INTERNET_DISCONNECTED @ https://securetoken.googleapis.com/v1/token?key=AIzaSyCezG55zVQEZWCEs-lHzx_yQldg-Ej2X60:0
[157964532ms] [ERROR] Failed to load resource: net::ERR_INTERNET_DISCONNECTED @ https://www.google.com/recaptcha/enterprise/clr?k=6Lf3d9UsAAAAAILBqo6A909pmhyvtYmDoxaKtfMV:0
[157964534ms] [ERROR] Failed to load resource: net::ERR_INTERNET_DISCONNECTED @ https://www.google.com/recaptcha/enterprise/clr?k=6Lf3d9UsAAAAAILBqo6A909pmhyvtYmDoxaKtfMV:0
[157964536ms] [ERROR] Failed to load resource: net::ERR_INTERNET_DISCONNECTED @ https://www.google.com/recaptcha/enterprise/clr?k=6Lf3d9UsAAAAAILBqo6A909pmhyvtYmDoxaKtfMV:0
[157964538ms] [ERROR] Failed to load resource: net::ERR_INTERNET_DISCONNECTED @ https://www.google.com/recaptcha/enterprise/clr?k=6Lf3d9UsAAAAAILBqo6A909pmhyvtYmDoxaKtfMV:0
[158000274ms] [WARNING] [2026-09-03T03:31:22.089Z]  @firebase/auth: Auth (12.6.0): Error while retrieving App Check token: FirebaseError: AppCheck: ReCAPTCHA error. (appCheck/recaptcha-error). @ https://outrun.co.il/_next/static/chunks/2532-16f59635ee5a761a.js:14
[158000277ms] [ERROR] Failed to load resource: net::ERR_INTERNET_DISCONNECTED @ https://securetoken.googleapis.com/v1/token?key=AIzaSyCezG55zVQEZWCEs-lHzx_yQldg-Ej2X60:0
[158000277ms] [ERROR] Failed to load resource: net::ERR_INTERNET_DISCONNECTED @ https://www.google.com/recaptcha/enterprise/clr?k=6Lf3d9UsAAAAAILBqo6A909pmhyvtYmDoxaKtfMV:0
[158000279ms] [ERROR] Failed to load resource: net::ERR_INTERNET_DISCONNECTED @ https://www.google.com/recaptcha/enterprise/clr?k=6Lf3d9UsAAAAAILBqo6A909pmhyvtYmDoxaKtfMV:0
[158000281ms] [ERROR] Failed to load resource: net::ERR_INTERNET_DISCONNECTED @ https://www.google.com/recaptcha/enterprise/clr?k=6Lf3d9UsAAAAAILBqo6A909pmhyvtYmDoxaKtfMV:0
[158000282ms] [ERROR] Failed to load resource: net::ERR_INTERNET_DISCONNECTED @ https://www.google.com/recaptcha/enterprise/clr?k=6Lf3d9UsAAAAAILBqo6A909pmhyvtYmDoxaKtfMV:0
[158035768ms] [WARNING] [2026-09-03T03:31:57.582Z]  @firebase/auth: Auth (12.6.0): Error while retrieving App Check token: FirebaseError: AppCheck: ReCAPTCHA error. (appCheck/recaptcha-error). @ https://outrun.co.il/_next/static/chunks/2532-16f59635ee5a761a.js:14
[158035771ms] [ERROR] Failed to load resource: net::ERR_INTERNET_DISCONNECTED @ https://securetoken.googleapis.com/v1/token?key=AIzaSyCezG55zVQEZWCEs-lHzx_yQldg-Ej2X60:0
[158035771ms] [ERROR] Failed to load resource: net::ERR_INTERNET_DISCONNECTED @ https://www.google.com/recaptcha/enterprise/clr?k=6Lf3d9UsAAAAAILBqo6A909pmhyvtYmDoxaKtfMV:0
[158035773ms] [ERROR] Failed to load resource: net::ERR_INTERNET_DISCONNECTED @ https://www.google.com/recaptcha/enterprise/clr?k=6Lf3d9UsAAAAAILBqo6A909pmhyvtYmDoxaKtfMV:0
[158035774ms] [ERROR] Failed to load resource: net::ERR_INTERNET_DISCONNECTED @ https://www.google.com/recaptcha/enterprise/clr?k=6Lf3d9UsAAAAAILBqo6A909pmhyvtYmDoxaKtfMV:0
[158035775ms] [ERROR] Failed to load resource: net::ERR_INTERNET_DISCONNECTED @ https://www.google.com/recaptcha/enterprise/clr?k=6Lf3d9UsAAAAAILBqo6A909pmhyvtYmDoxaKtfMV:0
[164923681ms] [WARNING] [2026-09-03T05:26:45.495Z]  @firebase/auth: Auth (12.6.0): Error while retrieving App Check token: FirebaseError: AppCheck: ReCAPTCHA error. (appCheck/recaptcha-error). @ https://outrun.co.il/_next/static/chunks/2532-16f59635ee5a761a.js:14
[164923686ms] [ERROR] Failed to load resource: net::ERR_INTERNET_DISCONNECTED @ https://securetoken.googleapis.com/v1/token?key=AIzaSyCezG55zVQEZWCEs-lHzx_yQldg-Ej2X60:0
[164923687ms] [ERROR] Failed to load resource: net::ERR_INTERNET_DISCONNECTED @ https://www.google.com/recaptcha/enterprise/clr?k=6Lf3d9UsAAAAAILBqo6A909pmhyvtYmDoxaKtfMV:0
[164923692ms] [ERROR] Failed to load resource: net::ERR_INTERNET_DISCONNECTED @ https://www.google.com/recaptcha/enterprise/clr?k=6Lf3d9UsAAAAAILBqo6A909pmhyvtYmDoxaKtfMV:0
[164923695ms] [ERROR] Failed to load resource: net::ERR_INTERNET_DISCONNECTED @ https://www.google.com/recaptcha/enterprise/clr?k=6Lf3d9UsAAAAAILBqo6A909pmhyvtYmDoxaKtfMV:0
[164923697ms] [ERROR] Failed to load resource: net::ERR_INTERNET_DISCONNECTED @ https://www.google.com/recaptcha/enterprise/clr?k=6Lf3d9UsAAAAAILBqo6A909pmhyvtYmDoxaKtfMV:0
[167446316ms] [WARNING] [2026-09-03T06:08:48.130Z]  @firebase/auth: Auth (12.6.0): Error while retrieving App Check token: FirebaseError: AppCheck: ReCAPTCHA error. (appCheck/recaptcha-error). @ https://outrun.co.il/_next/static/chunks/2532-16f59635ee5a761a.js:14
[167446319ms] [ERROR] Failed to load resource: net::ERR_INTERNET_DISCONNECTED @ https://securetoken.googleapis.com/v1/token?key=AIzaSyCezG55zVQEZWCEs-lHzx_yQldg-Ej2X60:0
[167446321ms] [ERROR] Failed to load resource: net::ERR_INTERNET_DISCONNECTED @ https://www.google.com/recaptcha/enterprise/clr?k=6Lf3d9UsAAAAAILBqo6A909pmhyvtYmDoxaKtfMV:0
[167446323ms] [ERROR] Failed to load resource: net::ERR_INTERNET_DISCONNECTED @ https://www.google.com/recaptcha/enterprise/clr?k=6Lf3d9UsAAAAAILBqo6A909pmhyvtYmDoxaKtfMV:0
[167446324ms] [ERROR] Failed to load resource: net::ERR_INTERNET_DISCONNECTED @ https://www.google.com/recaptcha/enterprise/clr?k=6Lf3d9UsAAAAAILBqo6A909pmhyvtYmDoxaKtfMV:0
[167446326ms] [ERROR] Failed to load resource: net::ERR_INTERNET_DISCONNECTED @ https://www.google.com/recaptcha/enterprise/clr?k=6Lf3d9UsAAAAAILBqo6A909pmhyvtYmDoxaKtfMV:0
[168998542ms] [WARNING] [2026-09-03T06:34:40.356Z]  @firebase/auth: Auth (12.6.0): Error while retrieving App Check token: FirebaseError: AppCheck: ReCAPTCHA error. (appCheck/recaptcha-error). @ https://outrun.co.il/_next/static/chunks/2532-16f59635ee5a761a.js:14
[168998553ms] [ERROR] Failed to load resource: net::ERR_INTERNET_DISCONNECTED @ https://securetoken.googleapis.com/v1/token?key=AIzaSyCezG55zVQEZWCEs-lHzx_yQldg-Ej2X60:0
[168998567ms] [ERROR] Failed to load resource: net::ERR_INTERNET_DISCONNECTED @ https://www.google.com/recaptcha/enterprise/clr?k=6Lf3d9UsAAAAAILBqo6A909pmhyvtYmDoxaKtfMV:0
[168998573ms] [ERROR] Failed to load resource: net::ERR_INTERNET_DISCONNECTED @ https://www.google.com/recaptcha/enterprise/clr?k=6Lf3d9UsAAAAAILBqo6A909pmhyvtYmDoxaKtfMV:0
[168998577ms] [ERROR] Failed to load resource: net::ERR_INTERNET_DISCONNECTED @ https://www.google.com/recaptcha/enterprise/clr?k=6Lf3d9UsAAAAAILBqo6A909pmhyvtYmDoxaKtfMV:0
[168998579ms] [ERROR] Failed to load resource: net::ERR_INTERNET_DISCONNECTED @ https://www.google.com/recaptcha/enterprise/clr?k=6Lf3d9UsAAAAAILBqo6A909pmhyvtYmDoxaKtfMV:0
[172021820ms] [WARNING] [2026-09-03T07:25:03.635Z]  @firebase/auth: Auth (12.6.0): Error while retrieving App Check token: FirebaseError: AppCheck: ReCAPTCHA error. (appCheck/recaptcha-error). @ https://outrun.co.il/_next/static/chunks/2532-16f59635ee5a761a.js:14
[172021826ms] [ERROR] Failed to load resource: net::ERR_INTERNET_DISCONNECTED @ https://securetoken.googleapis.com/v1/token?key=AIzaSyCezG55zVQEZWCEs-lHzx_yQldg-Ej2X60:0
[172021828ms] [ERROR] Failed to load resource: net::ERR_INTERNET_DISCONNECTED @ https://www.google.com/recaptcha/enterprise/clr?k=6Lf3d9UsAAAAAILBqo6A909pmhyvtYmDoxaKtfMV:0
[172021831ms] [ERROR] Failed to load resource: net::ERR_INTERNET_DISCONNECTED @ https://www.google.com/recaptcha/enterprise/clr?k=6Lf3d9UsAAAAAILBqo6A909pmhyvtYmDoxaKtfMV:0
[172021834ms] [ERROR] Failed to load resource: net::ERR_INTERNET_DISCONNECTED @ https://www.google.com/recaptcha/enterprise/clr?k=6Lf3d9UsAAAAAILBqo6A909pmhyvtYmDoxaKtfMV:0
[172021837ms] [ERROR] Failed to load resource: net::ERR_INTERNET_DISCONNECTED @ https://www.google.com/recaptcha/enterprise/clr?k=6Lf3d9UsAAAAAILBqo6A909pmhyvtYmDoxaKtfMV:0
[172677136ms] [WARNING] [2026-09-03T07:35:58.950Z]  @firebase/auth: Auth (12.6.0): Error while retrieving App Check token: FirebaseError: AppCheck: ReCAPTCHA error. (appCheck/recaptcha-error). @ https://outrun.co.il/_next/static/chunks/2532-16f59635ee5a761a.js:14
[172677141ms] [ERROR] Failed to load resource: net::ERR_INTERNET_DISCONNECTED @ https://securetoken.googleapis.com/v1/token?key=AIzaSyCezG55zVQEZWCEs-lHzx_yQldg-Ej2X60:0
[172677142ms] [ERROR] Failed to load resource: net::ERR_INTERNET_DISCONNECTED @ https://www.google.com/recaptcha/enterprise/clr?k=6Lf3d9UsAAAAAILBqo6A909pmhyvtYmDoxaKtfMV:0
[172677145ms] [ERROR] Failed to load resource: net::ERR_INTERNET_DISCONNECTED @ https://www.google.com/recaptcha/enterprise/clr?k=6Lf3d9UsAAAAAILBqo6A909pmhyvtYmDoxaKtfMV:0
[172677147ms] [ERROR] Failed to load resource: net::ERR_INTERNET_DISCONNECTED @ https://www.google.com/recaptcha/enterprise/clr?k=6Lf3d9UsAAAAAILBqo6A909pmhyvtYmDoxaKtfMV:0
[172677149ms] [ERROR] Failed to load resource: net::ERR_INTERNET_DISCONNECTED @ https://www.google.com/recaptcha/enterprise/clr?k=6Lf3d9UsAAAAAILBqo6A909pmhyvtYmDoxaKtfMV:0
[175719650ms] [WARNING] [2026-09-03T08:26:41.465Z]  @firebase/auth: Auth (12.6.0): Error while retrieving App Check token: FirebaseError: AppCheck: ReCAPTCHA error. (appCheck/recaptcha-error). @ https://outrun.co.il/_next/static/chunks/2532-16f59635ee5a761a.js:14
[175719655ms] [ERROR] Failed to load resource: net::ERR_INTERNET_DISCONNECTED @ https://securetoken.googleapis.com/v1/token?key=AIzaSyCezG55zVQEZWCEs-lHzx_yQldg-Ej2X60:0
[175719659ms] [ERROR] Failed to load resource: net::ERR_INTERNET_DISCONNECTED @ https://www.google.com/recaptcha/enterprise/clr?k=6Lf3d9UsAAAAAILBqo6A909pmhyvtYmDoxaKtfMV:0
[175719661ms] [ERROR] Failed to load resource: net::ERR_INTERNET_DISCONNECTED @ https://www.google.com/recaptcha/enterprise/clr?k=6Lf3d9UsAAAAAILBqo6A909pmhyvtYmDoxaKtfMV:0
[175719663ms] [ERROR] Failed to load resource: net::ERR_INTERNET_DISCONNECTED @ https://www.google.com/recaptcha/enterprise/clr?k=6Lf3d9UsAAAAAILBqo6A909pmhyvtYmDoxaKtfMV:0
[175719664ms] [ERROR] Failed to load resource: net::ERR_INTERNET_DISCONNECTED @ https://www.google.com/recaptcha/enterprise/clr?k=6Lf3d9UsAAAAAILBqo6A909pmhyvtYmDoxaKtfMV:0
[175819795ms] [WARNING] [2026-09-03T08:28:21.609Z]  @firebase/auth: Auth (12.6.0): Error while retrieving App Check token: FirebaseError: AppCheck: ReCAPTCHA error. (appCheck/recaptcha-error). @ https://outrun.co.il/_next/static/chunks/2532-16f59635ee5a761a.js:14
[175819804ms] [ERROR] Failed to load resource: net::ERR_INTERNET_DISCONNECTED @ https://securetoken.googleapis.com/v1/token?key=AIzaSyCezG55zVQEZWCEs-lHzx_yQldg-Ej2X60:0
[175819806ms] [ERROR] Failed to load resource: net::ERR_INTERNET_DISCONNECTED @ https://www.google.com/recaptcha/enterprise/clr?k=6Lf3d9UsAAAAAILBqo6A909pmhyvtYmDoxaKtfMV:0
[175819808ms] [ERROR] Failed to load resource: net::ERR_INTERNET_DISCONNECTED @ https://www.google.com/recaptcha/enterprise/clr?k=6Lf3d9UsAAAAAILBqo6A909pmhyvtYmDoxaKtfMV:0
[175819810ms] [ERROR] Failed to load resource: net::ERR_INTERNET_DISCONNECTED @ https://www.google.com/recaptcha/enterprise/clr?k=6Lf3d9UsAAAAAILBqo6A909pmhyvtYmDoxaKtfMV:0
[175819812ms] [ERROR] Failed to load resource: net::ERR_INTERNET_DISCONNECTED @ https://www.google.com/recaptcha/enterprise/clr?k=6Lf3d9UsAAAAAILBqo6A909pmhyvtYmDoxaKtfMV:0
[175874100ms] [ERROR] Failed to load resource: net::ERR_INTERNET_DISCONNECTED @ https://www.google.com/recaptcha/enterprise/clr?k=6Lf3d9UsAAAAAILBqo6A909pmhyvtYmDoxaKtfMV:0
[175874102ms] [ERROR] Failed to load resource: net::ERR_INTERNET_DISCONNECTED @ https://www.google.com/recaptcha/enterprise/clr?k=6Lf3d9UsAAAAAILBqo6A909pmhyvtYmDoxaKtfMV:0
[175874104ms] [ERROR] Failed to load resource: net::ERR_INTERNET_DISCONNECTED @ https://www.google.com/recaptcha/enterprise/clr?k=6Lf3d9UsAAAAAILBqo6A909pmhyvtYmDoxaKtfMV:0
[175874106ms] [ERROR] Failed to load resource: net::ERR_INTERNET_DISCONNECTED @ https://www.google.com/recaptcha/enterprise/clr?k=6Lf3d9UsAAAAAILBqo6A909pmhyvtYmDoxaKtfMV:0
[175914049ms] [WARNING] [2026-09-03T08:29:55.864Z]  @firebase/auth: Auth (12.6.0): Error while retrieving App Check token: FirebaseError: AppCheck: ReCAPTCHA error. (appCheck/recaptcha-error). @ https://outrun.co.il/_next/static/chunks/2532-16f59635ee5a761a.js:14
[175914053ms] [ERROR] Failed to load resource: net::ERR_INTERNET_DISCONNECTED @ https://securetoken.googleapis.com/v1/token?key=AIzaSyCezG55zVQEZWCEs-lHzx_yQldg-Ej2X60:0
[175914054ms] [ERROR] Failed to load resource: net::ERR_INTERNET_DISCONNECTED @ https://www.google.com/recaptcha/enterprise/clr?k=6Lf3d9UsAAAAAILBqo6A909pmhyvtYmDoxaKtfMV:0
[175914056ms] [ERROR] Failed to load resource: net::ERR_INTERNET_DISCONNECTED @ https://www.google.com/recaptcha/enterprise/clr?k=6Lf3d9UsAAAAAILBqo6A909pmhyvtYmDoxaKtfMV:0
[175914057ms] [ERROR] Failed to load resource: net::ERR_INTERNET_DISCONNECTED @ https://www.google.com/recaptcha/enterprise/clr?k=6Lf3d9UsAAAAAILBqo6A909pmhyvtYmDoxaKtfMV:0
[175914059ms] [ERROR] Failed to load resource: net::ERR_INTERNET_DISCONNECTED @ https://www.google.com/recaptcha/enterprise/clr?k=6Lf3d9UsAAAAAILBqo6A909pmhyvtYmDoxaKtfMV:0
[175974828ms] [WARNING] [2026-09-03T08:30:56.642Z]  @firebase/auth: Auth (12.6.0): Error while retrieving App Check token: FirebaseError: AppCheck: ReCAPTCHA error. (appCheck/recaptcha-error). @ https://outrun.co.il/_next/static/chunks/2532-16f59635ee5a761a.js:14
[175974837ms] [ERROR] Failed to load resource: net::ERR_INTERNET_DISCONNECTED @ https://securetoken.googleapis.com/v1/token?key=AIzaSyCezG55zVQEZWCEs-lHzx_yQldg-Ej2X60:0
[175974838ms] [ERROR] Failed to load resource: net::ERR_INTERNET_DISCONNECTED @ https://www.google.com/recaptcha/enterprise/clr?k=6Lf3d9UsAAAAAILBqo6A909pmhyvtYmDoxaKtfMV:0
[175974840ms] [ERROR] Failed to load resource: net::ERR_INTERNET_DISCONNECTED @ https://www.google.com/recaptcha/enterprise/clr?k=6Lf3d9UsAAAAAILBqo6A909pmhyvtYmDoxaKtfMV:0
[175974843ms] [ERROR] Failed to load resource: net::ERR_INTERNET_DISCONNECTED @ https://www.google.com/recaptcha/enterprise/clr?k=6Lf3d9UsAAAAAILBqo6A909pmhyvtYmDoxaKtfMV:0
[175974845ms] [ERROR] Failed to load resource: net::ERR_INTERNET_DISCONNECTED @ https://www.google.com/recaptcha/enterprise/clr?k=6Lf3d9UsAAAAAILBqo6A909pmhyvtYmDoxaKtfMV:0
[176038468ms] [WARNING] [2026-09-03T08:32:00.283Z]  @firebase/auth: Auth (12.6.0): Error while retrieving App Check token: FirebaseError: AppCheck: ReCAPTCHA error. (appCheck/recaptcha-error). @ https://outrun.co.il/_next/static/chunks/2532-16f59635ee5a761a.js:14
[176038473ms] [ERROR] Failed to load resource: net::ERR_INTERNET_DISCONNECTED @ https://securetoken.googleapis.com/v1/token?key=AIzaSyCezG55zVQEZWCEs-lHzx_yQldg-Ej2X60:0
[176038475ms] [ERROR] Failed to load resource: net::ERR_INTERNET_DISCONNECTED @ https://www.google.com/recaptcha/enterprise/clr?k=6Lf3d9UsAAAAAILBqo6A909pmhyvtYmDoxaKtfMV:0
[176038477ms] [ERROR] Failed to load resource: net::ERR_INTERNET_DISCONNECTED @ https://www.google.com/recaptcha/enterprise/clr?k=6Lf3d9UsAAAAAILBqo6A909pmhyvtYmDoxaKtfMV:0
[176038479ms] [ERROR] Failed to load resource: net::ERR_INTERNET_DISCONNECTED @ https://www.google.com/recaptcha/enterprise/clr?k=6Lf3d9UsAAAAAILBqo6A909pmhyvtYmDoxaKtfMV:0
[176038482ms] [ERROR] Failed to load resource: net::ERR_INTERNET_DISCONNECTED @ https://www.google.com/recaptcha/enterprise/clr?k=6Lf3d9UsAAAAAILBqo6A909pmhyvtYmDoxaKtfMV:0
[176107346ms] [WARNING] [2026-09-03T08:33:09.160Z]  @firebase/auth: Auth (12.6.0): Error while retrieving App Check token: FirebaseError: AppCheck: ReCAPTCHA error. (appCheck/recaptcha-error). @ https://outrun.co.il/_next/static/chunks/2532-16f59635ee5a761a.js:14
[176107354ms] [ERROR] Failed to load resource: net::ERR_INTERNET_DISCONNECTED @ https://securetoken.googleapis.com/v1/token?key=AIzaSyCezG55zVQEZWCEs-lHzx_yQldg-Ej2X60:0
[176107356ms] [ERROR] Failed to load resource: net::ERR_INTERNET_DISCONNECTED @ https://www.google.com/recaptcha/enterprise/clr?k=6Lf3d9UsAAAAAILBqo6A909pmhyvtYmDoxaKtfMV:0
[176107360ms] [ERROR] Failed to load resource: net::ERR_INTERNET_DISCONNECTED @ https://www.google.com/recaptcha/enterprise/clr?k=6Lf3d9UsAAAAAILBqo6A909pmhyvtYmDoxaKtfMV:0
[176107362ms] [ERROR] Failed to load resource: net::ERR_INTERNET_DISCONNECTED @ https://www.google.com/recaptcha/enterprise/clr?k=6Lf3d9UsAAAAAILBqo6A909pmhyvtYmDoxaKtfMV:0
[176107365ms] [ERROR] Failed to load resource: net::ERR_INTERNET_DISCONNECTED @ https://www.google.com/recaptcha/enterprise/clr?k=6Lf3d9UsAAAAAILBqo6A909pmhyvtYmDoxaKtfMV:0
[176177088ms] [WARNING] [2026-09-03T08:34:18.902Z]  @firebase/auth: Auth (12.6.0): Error while retrieving App Check token: FirebaseError: AppCheck: ReCAPTCHA error. (appCheck/recaptcha-error). @ https://outrun.co.il/_next/static/chunks/2532-16f59635ee5a761a.js:14
[176177095ms] [ERROR] Failed to load resource: net::ERR_INTERNET_DISCONNECTED @ https://securetoken.googleapis.com/v1/token?key=AIzaSyCezG55zVQEZWCEs-lHzx_yQldg-Ej2X60:0
[176177098ms] [ERROR] Failed to load resource: net::ERR_INTERNET_DISCONNECTED @ https://www.google.com/recaptcha/enterprise/clr?k=6Lf3d9UsAAAAAILBqo6A909pmhyvtYmDoxaKtfMV:0
[176177100ms] [ERROR] Failed to load resource: net::ERR_INTERNET_DISCONNECTED @ https://www.google.com/recaptcha/enterprise/clr?k=6Lf3d9UsAAAAAILBqo6A909pmhyvtYmDoxaKtfMV:0
[176177102ms] [ERROR] Failed to load resource: net::ERR_INTERNET_DISCONNECTED @ https://www.google.com/recaptcha/enterprise/clr?k=6Lf3d9UsAAAAAILBqo6A909pmhyvtYmDoxaKtfMV:0
[176177104ms] [ERROR] Failed to load resource: net::ERR_INTERNET_DISCONNECTED @ https://www.google.com/recaptcha/enterprise/clr?k=6Lf3d9UsAAAAAILBqo6A909pmhyvtYmDoxaKtfMV:0
[176229373ms] [WARNING] [2026-09-03T08:35:11.187Z]  @firebase/auth: Auth (12.6.0): Error while retrieving App Check token: FirebaseError: AppCheck: ReCAPTCHA error. (appCheck/recaptcha-error). @ https://outrun.co.il/_next/static/chunks/2532-16f59635ee5a761a.js:14
[176229377ms] [ERROR] Failed to load resource: net::ERR_INTERNET_DISCONNECTED @ https://securetoken.googleapis.com/v1/token?key=AIzaSyCezG55zVQEZWCEs-lHzx_yQldg-Ej2X60:0
[176229378ms] [ERROR] Failed to load resource: net::ERR_INTERNET_DISCONNECTED @ https://www.google.com/recaptcha/enterprise/clr?k=6Lf3d9UsAAAAAILBqo6A909pmhyvtYmDoxaKtfMV:0
[176229380ms] [ERROR] Failed to load resource: net::ERR_INTERNET_DISCONNECTED @ https://www.google.com/recaptcha/enterprise/clr?k=6Lf3d9UsAAAAAILBqo6A909pmhyvtYmDoxaKtfMV:0
[176229382ms] [ERROR] Failed to load resource: net::ERR_INTERNET_DISCONNECTED @ https://www.google.com/recaptcha/enterprise/clr?k=6Lf3d9UsAAAAAILBqo6A909pmhyvtYmDoxaKtfMV:0
[176229383ms] [ERROR] Failed to load resource: net::ERR_INTERNET_DISCONNECTED @ https://www.google.com/recaptcha/enterprise/clr?k=6Lf3d9UsAAAAAILBqo6A909pmhyvtYmDoxaKtfMV:0
[177616640ms] [WARNING] [2026-09-03T08:58:18.454Z]  @firebase/auth: Auth (12.6.0): Error while retrieving App Check token: FirebaseError: AppCheck: ReCAPTCHA error. (appCheck/recaptcha-error). @ https://outrun.co.il/_next/static/chunks/2532-16f59635ee5a761a.js:14
[177616652ms] [ERROR] Failed to load resource: net::ERR_INTERNET_DISCONNECTED @ https://securetoken.googleapis.com/v1/token?key=AIzaSyCezG55zVQEZWCEs-lHzx_yQldg-Ej2X60:0
[177616655ms] [ERROR] Failed to load resource: net::ERR_INTERNET_DISCONNECTED @ https://www.google.com/recaptcha/enterprise/clr?k=6Lf3d9UsAAAAAILBqo6A909pmhyvtYmDoxaKtfMV:0
[177616658ms] [ERROR] Failed to load resource: net::ERR_INTERNET_DISCONNECTED @ https://www.google.com/recaptcha/enterprise/clr?k=6Lf3d9UsAAAAAILBqo6A909pmhyvtYmDoxaKtfMV:0
[177616660ms] [ERROR] Failed to load resource: net::ERR_INTERNET_DISCONNECTED @ https://www.google.com/recaptcha/enterprise/clr?k=6Lf3d9UsAAAAAILBqo6A909pmhyvtYmDoxaKtfMV:0
[177616663ms] [ERROR] Failed to load resource: net::ERR_INTERNET_DISCONNECTED @ https://www.google.com/recaptcha/enterprise/clr?k=6Lf3d9UsAAAAAILBqo6A909pmhyvtYmDoxaKtfMV:0
[177634043ms] [WARNING] [2026-09-03T08:58:35.857Z]  @firebase/auth: Auth (12.6.0): Error while retrieving App Check token: FirebaseError: AppCheck: ReCAPTCHA error. (appCheck/recaptcha-error). @ https://outrun.co.il/_next/static/chunks/2532-16f59635ee5a761a.js:14
[177891636ms] [WARNING] [2026-09-03T09:02:53.449Z]  @firebase/auth: Auth (12.6.0): Error while retrieving App Check token: FirebaseError: AppCheck: ReCAPTCHA error. (appCheck/recaptcha-error). @ https://outrun.co.il/_next/static/chunks/2532-16f59635ee5a761a.js:14
[177952107ms] [WARNING] [2026-09-03T09:03:53.921Z]  @firebase/auth: Auth (12.6.0): Error while retrieving App Check token: FirebaseError: AppCheck: ReCAPTCHA error. (appCheck/recaptcha-error). @ https://outrun.co.il/_next/static/chunks/2532-16f59635ee5a761a.js:14
[178505490ms] [WARNING] [2026-09-03T09:13:07.304Z]  @firebase/auth: Auth (12.6.0): Error while retrieving App Check token: FirebaseError: AppCheck: ReCAPTCHA error. (appCheck/recaptcha-error). @ https://outrun.co.il/_next/static/chunks/2532-16f59635ee5a761a.js:14
[180891671ms] [WARNING] [2026-09-03T09:52:53.485Z]  @firebase/auth: Auth (12.6.0): Error while retrieving App Check token: FirebaseError: AppCheck: ReCAPTCHA error. (appCheck/recaptcha-error). @ https://outrun.co.il/_next/static/chunks/2532-16f59635ee5a761a.js:14
[181252547ms] [WARNING] [2026-09-03T09:58:54.362Z]  @firebase/auth: Auth (12.6.0): Error while retrieving App Check token: FirebaseError: AppCheck: ReCAPTCHA error. (appCheck/recaptcha-error). @ https://outrun.co.il/_next/static/chunks/2532-16f59635ee5a761a.js:14
[181484904ms] [ERROR] Failed to load resource: net::ERR_QUIC_PROTOCOL_ERROR.QUIC_TOO_MANY_RTOS @ https://firestore.googleapis.com/google.firestore.v1.Firestore/Listen/channel?gsessionid=24IF9rCFxDZ2wJUSd11TrHAeaQcN4FIGVLVq6BV-nMkwaFO1cwQRpg&VER=8&database=projects%2Fappout-1%2Fdatabases%2F(default)&RID=rpc&SID=PJ0sIq7zPchuCRDtyrZ5oA&AID=18&CI=0&TYPE=xmlhttp&zx=gxf97cmtx2my&t=1:0
[181492397ms] [ERROR] Failed to load resource: net::ERR_NAME_NOT_RESOLVED @ https://firestore.googleapis.com/google.firestore.v1.Firestore/Listen/channel?gsessionid=24IF9rCFxDZ2wJUSd11TrHAeaQcN4FIGVLVq6BV-nMkwaFO1cwQRpg&VER=8&database=projects%2Fappout-1%2Fdatabases%2F(default)&RID=rpc&SID=PJ0sIq7zPchuCRDtyrZ5oA&AID=21&CI=0&TYPE=xmlhttp&zx=5f2jda5uop39&t=1:0
[181493123ms] [ERROR] Failed to load resource: net::ERR_INTERNET_DISCONNECTED @ https://firestore.googleapis.com/google.firestore.v1.Firestore/Listen/channel?gsessionid=24IF9rCFxDZ2wJUSd11TrHAeaQcN4FIGVLVq6BV-nMkwaFO1cwQRpg&VER=8&database=projects%2Fappout-1%2Fdatabases%2F(default)&RID=rpc&SID=PJ0sIq7zPchuCRDtyrZ5oA&AID=21&CI=0&TYPE=xmlhttp&zx=sa6ege1yyqex&t=2:0
[181493152ms] [ERROR] Failed to load resource: net::ERR_INTERNET_DISCONNECTED @ https://firestore.googleapis.com/google.firestore.v1.Firestore/Listen/channel?VER=8&database=projects%2Fappout-1%2Fdatabases%2F(default)&gsessionid=24IF9rCFxDZ2wJUSd11TrHAeaQcN4FIGVLVq6BV-nMkwaFO1cwQRpg&SID=PJ0sIq7zPchuCRDtyrZ5oA&RID=7729&TYPE=terminate&zx=rsauk31xxth9:0
[181493221ms] [ERROR] Failed to load resource: net::ERR_INTERNET_DISCONNECTED @ https://www.google.com/recaptcha/enterprise/clr?k=6Lf3d9UsAAAAAILBqo6A909pmhyvtYmDoxaKtfMV:0
[181493227ms] [ERROR] Failed to load resource: net::ERR_INTERNET_DISCONNECTED @ https://www.google.com/recaptcha/enterprise/clr?k=6Lf3d9UsAAAAAILBqo6A909pmhyvtYmDoxaKtfMV:0
[181493230ms] [ERROR] Failed to load resource: net::ERR_INTERNET_DISCONNECTED @ https://www.google.com/recaptcha/enterprise/clr?k=6Lf3d9UsAAAAAILBqo6A909pmhyvtYmDoxaKtfMV:0
[181493231ms] [ERROR] Failed to load resource: net::ERR_INTERNET_DISCONNECTED @ https://firestore.googleapis.com/google.firestore.v1.Firestore/Listen/channel?VER=8&database=projects%2Fappout-1%2Fdatabases%2F(default)&RID=12887&CVER=22&X-HTTP-Session-Id=gsessionid&zx=y0putu7qpcb7&t=1:0
[181493231ms] [WARNING] [2026-09-03T10:02:55.046Z]  @firebase/firestore: Firestore (12.6.0): WebChannelConnection RPC 'Listen' stream 0x247e78f4 transport errored. Name: undefined Message: undefined @ https://outrun.co.il/_next/static/chunks/2532-16f59635ee5a761a.js:14
[181493233ms] [ERROR] Failed to load resource: net::ERR_INTERNET_DISCONNECTED @ https://www.google.com/recaptcha/enterprise/clr?k=6Lf3d9UsAAAAAILBqo6A909pmhyvtYmDoxaKtfMV:0
[181493462ms] [ERROR] Failed to load resource: net::ERR_INTERNET_DISCONNECTED @ https://www.google.com/images/cleardot.gif?zx=sscr54wylg8q:0
[181493471ms] [ERROR] Failed to load resource: net::ERR_INTERNET_DISCONNECTED @ https://firestore.googleapis.com/google.firestore.v1.Firestore/Listen/channel?VER=8&database=projects%2Fappout-1%2Fdatabases%2F(default)&RID=72484&CVER=22&X-HTTP-Session-Id=gsessionid&zx=y3q36zozl5ay&t=1:0
[181493471ms] [WARNING] [2026-09-03T10:02:55.285Z]  @firebase/firestore: Firestore (12.6.0): WebChannelConnection RPC 'Listen' stream 0x247e78f5 transport errored. Name: undefined Message: undefined @ https://outrun.co.il/_next/static/chunks/2532-16f59635ee5a761a.js:14
[181493471ms] [ERROR] Failed to load resource: net::ERR_INTERNET_DISCONNECTED @ https://www.google.com/recaptcha/enterprise/clr?k=6Lf3d9UsAAAAAILBqo6A909pmhyvtYmDoxaKtfMV:0
[181493475ms] [ERROR] Failed to load resource: net::ERR_INTERNET_DISCONNECTED @ https://www.google.com/images/cleardot.gif?zx=2j248bl5f5md:0
[181493475ms] [ERROR] Failed to load resource: net::ERR_INTERNET_DISCONNECTED @ https://www.google.com/recaptcha/enterprise/clr?k=6Lf3d9UsAAAAAILBqo6A909pmhyvtYmDoxaKtfMV:0
[181493483ms] [ERROR] Failed to load resource: net::ERR_INTERNET_DISCONNECTED @ https://www.google.com/recaptcha/enterprise/clr?k=6Lf3d9UsAAAAAILBqo6A909pmhyvtYmDoxaKtfMV:0
[181493487ms] [ERROR] Failed to load resource: net::ERR_INTERNET_DISCONNECTED @ https://www.google.com/recaptcha/enterprise/clr?k=6Lf3d9UsAAAAAILBqo6A909pmhyvtYmDoxaKtfMV:0
[181494668ms] [ERROR] Failed to load resource: net::ERR_INTERNET_DISCONNECTED @ https://firestore.googleapis.com/google.firestore.v1.Firestore/Listen/channel?VER=8&database=projects%2Fappout-1%2Fdatabases%2F(default)&RID=99617&CVER=22&X-HTTP-Session-Id=gsessionid&zx=k5nxx8qi4p69&t=1:0
[181494668ms] [WARNING] [2026-09-03T10:02:56.483Z]  @firebase/firestore: Firestore (12.6.0): WebChannelConnection RPC 'Listen' stream 0x247e78f6 transport errored. Name: undefined Message: undefined @ https://outrun.co.il/_next/static/chunks/2532-16f59635ee5a761a.js:14
[181494669ms] [ERROR] Failed to load resource: net::ERR_INTERNET_DISCONNECTED @ https://www.google.com/recaptcha/enterprise/clr?k=6Lf3d9UsAAAAAILBqo6A909pmhyvtYmDoxaKtfMV:0
[181494670ms] [ERROR] Failed to load resource: net::ERR_INTERNET_DISCONNECTED @ https://www.google.com/recaptcha/enterprise/clr?k=6Lf3d9UsAAAAAILBqo6A909pmhyvtYmDoxaKtfMV:0
[181494670ms] [ERROR] Failed to load resource: net::ERR_INTERNET_DISCONNECTED @ https://www.google.com/images/cleardot.gif?zx=d0d8wu3fleha:0
[181494671ms] [ERROR] Failed to load resource: net::ERR_INTERNET_DISCONNECTED @ https://www.google.com/recaptcha/enterprise/clr?k=6Lf3d9UsAAAAAILBqo6A909pmhyvtYmDoxaKtfMV:0
[181494672ms] [ERROR] Failed to load resource: net::ERR_INTERNET_DISCONNECTED @ https://www.google.com/recaptcha/enterprise/clr?k=6Lf3d9UsAAAAAILBqo6A909pmhyvtYmDoxaKtfMV:0
[181496665ms] [ERROR] Failed to load resource: net::ERR_INTERNET_DISCONNECTED @ https://www.google.com/recaptcha/enterprise/clr?k=6Lf3d9UsAAAAAILBqo6A909pmhyvtYmDoxaKtfMV:0
[181496665ms] [ERROR] Failed to load resource: net::ERR_INTERNET_DISCONNECTED @ https://firestore.googleapis.com/google.firestore.v1.Firestore/Listen/channel?VER=8&database=projects%2Fappout-1%2Fdatabases%2F(default)&RID=30617&CVER=22&X-HTTP-Session-Id=gsessionid&zx=b100gj2y6boi&t=1:0
[181496665ms] [WARNING] [2026-09-03T10:02:58.480Z]  @firebase/firestore: Firestore (12.6.0): WebChannelConnection RPC 'Listen' stream 0x247e78f7 transport errored. Name: undefined Message: undefined @ https://outrun.co.il/_next/static/chunks/2532-16f59635ee5a761a.js:14
[181496666ms] [ERROR] Failed to load resource: net::ERR_INTERNET_DISCONNECTED @ https://www.google.com/recaptcha/enterprise/clr?k=6Lf3d9UsAAAAAILBqo6A909pmhyvtYmDoxaKtfMV:0
[181496667ms] [ERROR] Failed to load resource: net::ERR_INTERNET_DISCONNECTED @ https://www.google.com/images/cleardot.gif?zx=g8fjjms8zlx6:0
[181496668ms] [ERROR] Failed to load resource: net::ERR_INTERNET_DISCONNECTED @ https://www.google.com/recaptcha/enterprise/clr?k=6Lf3d9UsAAAAAILBqo6A909pmhyvtYmDoxaKtfMV:0
[181496669ms] [ERROR] Failed to load resource: net::ERR_INTERNET_DISCONNECTED @ https://www.google.com/recaptcha/enterprise/clr?k=6Lf3d9UsAAAAAILBqo6A909pmhyvtYmDoxaKtfMV:0
[181499512ms] [ERROR] Failed to load resource: net::ERR_INTERNET_DISCONNECTED @ https://firestore.googleapis.com/google.firestore.v1.Firestore/Listen/channel?VER=8&database=projects%2Fappout-1%2Fdatabases%2F(default)&RID=2227&CVER=22&X-HTTP-Session-Id=gsessionid&zx=l2rlq2sh8bog&t=1:0
[181499512ms] [WARNING] [2026-09-03T10:03:01.327Z]  @firebase/firestore: Firestore (12.6.0): WebChannelConnection RPC 'Listen' stream 0x247e78f8 transport errored. Name: undefined Message: undefined @ https://outrun.co.il/_next/static/chunks/2532-16f59635ee5a761a.js:14
[181499512ms] [ERROR] Failed to load resource: net::ERR_INTERNET_DISCONNECTED @ https://www.google.com/recaptcha/enterprise/clr?k=6Lf3d9UsAAAAAILBqo6A909pmhyvtYmDoxaKtfMV:0
[181499514ms] [ERROR] Failed to load resource: net::ERR_INTERNET_DISCONNECTED @ https://www.google.com/recaptcha/enterprise/clr?k=6Lf3d9UsAAAAAILBqo6A909pmhyvtYmDoxaKtfMV:0
[181499514ms] [ERROR] Failed to load resource: net::ERR_INTERNET_DISCONNECTED @ https://www.google.com/images/cleardot.gif?zx=o6tdvqsrwqf7:0
[181499515ms] [ERROR] Failed to load resource: net::ERR_INTERNET_DISCONNECTED @ https://www.google.com/recaptcha/enterprise/clr?k=6Lf3d9UsAAAAAILBqo6A909pmhyvtYmDoxaKtfMV:0
[181499516ms] [ERROR] Failed to load resource: net::ERR_INTERNET_DISCONNECTED @ https://www.google.com/recaptcha/enterprise/clr?k=6Lf3d9UsAAAAAILBqo6A909pmhyvtYmDoxaKtfMV:0
[181504119ms] [ERROR] Failed to load resource: net::ERR_INTERNET_DISCONNECTED @ https://www.google.com/recaptcha/enterprise/clr?k=6Lf3d9UsAAAAAILBqo6A909pmhyvtYmDoxaKtfMV:0
[181504120ms] [ERROR] Failed to load resource: net::ERR_INTERNET_DISCONNECTED @ https://firestore.googleapis.com/google.firestore.v1.Firestore/Listen/channel?VER=8&database=projects%2Fappout-1%2Fdatabases%2F(default)&RID=66349&CVER=22&X-HTTP-Session-Id=gsessionid&zx=ahgy8x6nrnki&t=1:0
[181504120ms] [WARNING] [2026-09-03T10:03:05.934Z]  @firebase/firestore: Firestore (12.6.0): WebChannelConnection RPC 'Listen' stream 0x247e78f9 transport errored. Name: undefined Message: undefined @ https://outrun.co.il/_next/static/chunks/2532-16f59635ee5a761a.js:14
[181504121ms] [ERROR] Failed to load resource: net::ERR_INTERNET_DISCONNECTED @ https://www.google.com/recaptcha/enterprise/clr?k=6Lf3d9UsAAAAAILBqo6A909pmhyvtYmDoxaKtfMV:0
[181504122ms] [ERROR] Failed to load resource: net::ERR_INTERNET_DISCONNECTED @ https://www.google.com/images/cleardot.gif?zx=b8l2bvitw0lo:0
[181504123ms] [ERROR] Failed to load resource: net::ERR_INTERNET_DISCONNECTED @ https://www.google.com/recaptcha/enterprise/clr?k=6Lf3d9UsAAAAAILBqo6A909pmhyvtYmDoxaKtfMV:0
[181504125ms] [ERROR] Failed to load resource: net::ERR_INTERNET_DISCONNECTED @ https://www.google.com/recaptcha/enterprise/clr?k=6Lf3d9UsAAAAAILBqo6A909pmhyvtYmDoxaKtfMV:0
[181510543ms] [ERROR] Failed to load resource: net::ERR_INTERNET_DISCONNECTED @ https://firestore.googleapis.com/google.firestore.v1.Firestore/Listen/channel?VER=8&database=projects%2Fappout-1%2Fdatabases%2F(default)&RID=45617&CVER=22&X-HTTP-Session-Id=gsessionid&zx=4tqil5bdhm12&t=1:0
[181510545ms] [WARNING] [2026-09-03T10:03:12.359Z]  @firebase/firestore: Firestore (12.6.0): WebChannelConnection RPC 'Listen' stream 0x247e78fa transport errored. Name: undefined Message: undefined @ https://outrun.co.il/_next/static/chunks/2532-16f59635ee5a761a.js:14
[181510545ms] [ERROR] Failed to load resource: net::ERR_INTERNET_DISCONNECTED @ https://www.google.com/recaptcha/enterprise/clr?k=6Lf3d9UsAAAAAILBqo6A909pmhyvtYmDoxaKtfMV:0
[181510546ms] [ERROR] Failed to load resource: net::ERR_INTERNET_DISCONNECTED @ https://www.google.com/recaptcha/enterprise/clr?k=6Lf3d9UsAAAAAILBqo6A909pmhyvtYmDoxaKtfMV:0
[181510546ms] [ERROR] Failed to load resource: net::ERR_INTERNET_DISCONNECTED @ https://www.google.com/images/cleardot.gif?zx=xa8o6cdcf3m0:0
[181510548ms] [ERROR] Failed to load resource: net::ERR_INTERNET_DISCONNECTED @ https://www.google.com/recaptcha/enterprise/clr?k=6Lf3d9UsAAAAAILBqo6A909pmhyvtYmDoxaKtfMV:0
[181510549ms] [ERROR] Failed to load resource: net::ERR_INTERNET_DISCONNECTED @ https://www.google.com/recaptcha/enterprise/clr?k=6Lf3d9UsAAAAAILBqo6A909pmhyvtYmDoxaKtfMV:0
[181520872ms] [ERROR] Failed to load resource: net::ERR_INTERNET_DISCONNECTED @ https://firestore.googleapis.com/google.firestore.v1.Firestore/Listen/channel?VER=8&database=projects%2Fappout-1%2Fdatabases%2F(default)&RID=13369&CVER=22&X-HTTP-Session-Id=gsessionid&zx=gs9uumxrcees&t=1:0
[181520872ms] [WARNING] [2026-09-03T10:03:22.687Z]  @firebase/firestore: Firestore (12.6.0): WebChannelConnection RPC 'Listen' stream 0x247e78fb transport errored. Name: undefined Message: undefined @ https://outrun.co.il/_next/static/chunks/2532-16f59635ee5a761a.js:14
[181520873ms] [ERROR] Failed to load resource: net::ERR_INTERNET_DISCONNECTED @ https://www.google.com/recaptcha/enterprise/clr?k=6Lf3d9UsAAAAAILBqo6A909pmhyvtYmDoxaKtfMV:0
[181520874ms] [ERROR] Failed to load resource: net::ERR_INTERNET_DISCONNECTED @ https://www.google.com/recaptcha/enterprise/clr?k=6Lf3d9UsAAAAAILBqo6A909pmhyvtYmDoxaKtfMV:0
[181520875ms] [ERROR] Failed to load resource: net::ERR_INTERNET_DISCONNECTED @ https://www.google.com/images/cleardot.gif?zx=bwrshnlzeq9i:0
[181520876ms] [ERROR] Failed to load resource: net::ERR_INTERNET_DISCONNECTED @ https://www.google.com/recaptcha/enterprise/clr?k=6Lf3d9UsAAAAAILBqo6A909pmhyvtYmDoxaKtfMV:0
[181520877ms] [ERROR] Failed to load resource: net::ERR_INTERNET_DISCONNECTED @ https://www.google.com/recaptcha/enterprise/clr?k=6Lf3d9UsAAAAAILBqo6A909pmhyvtYmDoxaKtfMV:0
[181526583ms] [ERROR] Failed to load resource: net::ERR_INTERNET_DISCONNECTED @ https://firestore.googleapis.com/google.firestore.v1.Firestore/Listen/channel?VER=8&database=projects%2Fappout-1%2Fdatabases%2F(default)&RID=74458&CVER=22&X-HTTP-Session-Id=gsessionid&zx=jxbo4trtky4c&t=1:0
[181526584ms] [WARNING] [2026-09-03T10:03:28.398Z]  @firebase/firestore: Firestore (12.6.0): WebChannelConnection RPC 'Listen' stream 0x247e78fc transport errored. Name: undefined Message: undefined @ https://outrun.co.il/_next/static/chunks/2532-16f59635ee5a761a.js:14
[181526584ms] [ERROR] Failed to load resource: net::ERR_INTERNET_DISCONNECTED @ https://www.google.com/recaptcha/enterprise/clr?k=6Lf3d9UsAAAAAILBqo6A909pmhyvtYmDoxaKtfMV:0
[181526585ms] [ERROR] Failed to load resource: net::ERR_INTERNET_DISCONNECTED @ https://www.google.com/images/cleardot.gif?zx=hb7m26fo6k71:0
[181526586ms] [ERROR] Failed to load resource: net::ERR_INTERNET_DISCONNECTED @ https://www.google.com/recaptcha/enterprise/clr?k=6Lf3d9UsAAAAAILBqo6A909pmhyvtYmDoxaKtfMV:0
[181526587ms] [ERROR] Failed to load resource: net::ERR_INTERNET_DISCONNECTED @ https://www.google.com/recaptcha/enterprise/clr?k=6Lf3d9UsAAAAAILBqo6A909pmhyvtYmDoxaKtfMV:0
[181526588ms] [ERROR] Failed to load resource: net::ERR_INTERNET_DISCONNECTED @ https://www.google.com/recaptcha/enterprise/clr?k=6Lf3d9UsAAAAAILBqo6A909pmhyvtYmDoxaKtfMV:0
[181548920ms] [ERROR] Failed to load resource: net::ERR_INTERNET_DISCONNECTED @ https://firestore.googleapis.com/google.firestore.v1.Firestore/Listen/channel?VER=8&database=projects%2Fappout-1%2Fdatabases%2F(default)&RID=48798&CVER=22&X-HTTP-Session-Id=gsessionid&zx=jak5x49j0dj8&t=1:0
[181548920ms] [WARNING] [2026-09-03T10:03:50.734Z]  @firebase/firestore: Firestore (12.6.0): WebChannelConnection RPC 'Listen' stream 0x247e78fd transport errored. Name: undefined Message: undefined @ https://outrun.co.il/_next/static/chunks/2532-16f59635ee5a761a.js:14
[181548920ms] [ERROR] Failed to load resource: net::ERR_INTERNET_DISCONNECTED @ https://www.google.com/recaptcha/enterprise/clr?k=6Lf3d9UsAAAAAILBqo6A909pmhyvtYmDoxaKtfMV:0
[181548922ms] [ERROR] Failed to load resource: net::ERR_INTERNET_DISCONNECTED @ https://www.google.com/images/cleardot.gif?zx=yaqdencb3uoh:0
[181548922ms] [ERROR] Failed to load resource: net::ERR_INTERNET_DISCONNECTED @ https://www.google.com/recaptcha/enterprise/clr?k=6Lf3d9UsAAAAAILBqo6A909pmhyvtYmDoxaKtfMV:0
[181548924ms] [ERROR] Failed to load resource: net::ERR_INTERNET_DISCONNECTED @ https://www.google.com/recaptcha/enterprise/clr?k=6Lf3d9UsAAAAAILBqo6A909pmhyvtYmDoxaKtfMV:0
[181548925ms] [ERROR] Failed to load resource: net::ERR_INTERNET_DISCONNECTED @ https://www.google.com/recaptcha/enterprise/clr?k=6Lf3d9UsAAAAAILBqo6A909pmhyvtYmDoxaKtfMV:0
[181587179ms] [ERROR] Failed to load resource: net::ERR_INTERNET_DISCONNECTED @ https://firestore.googleapis.com/google.firestore.v1.Firestore/Listen/channel?VER=8&database=projects%2Fappout-1%2Fdatabases%2F(default)&RID=86589&CVER=22&X-HTTP-Session-Id=gsessionid&zx=cj5y4dp7ydfs&t=1:0
[181587179ms] [WARNING] [2026-09-03T10:04:28.994Z]  @firebase/firestore: Firestore (12.6.0): WebChannelConnection RPC 'Listen' stream 0x247e78fe transport errored. Name: undefined Message: undefined @ https://outrun.co.il/_next/static/chunks/2532-16f59635ee5a761a.js:14
[181587180ms] [ERROR] Failed to load resource: net::ERR_INTERNET_DISCONNECTED @ https://www.google.com/recaptcha/enterprise/clr?k=6Lf3d9UsAAAAAILBqo6A909pmhyvtYmDoxaKtfMV:0
[181587181ms] [ERROR] Failed to load resource: net::ERR_INTERNET_DISCONNECTED @ https://www.google.com/recaptcha/enterprise/clr?k=6Lf3d9UsAAAAAILBqo6A909pmhyvtYmDoxaKtfMV:0
[181587181ms] [ERROR] Failed to load resource: net::ERR_INTERNET_DISCONNECTED @ https://www.google.com/images/cleardot.gif?zx=3txw0mvqy2sz:0
[181587182ms] [ERROR] Failed to load resource: net::ERR_INTERNET_DISCONNECTED @ https://www.google.com/recaptcha/enterprise/clr?k=6Lf3d9UsAAAAAILBqo6A909pmhyvtYmDoxaKtfMV:0
[181587183ms] [ERROR] Failed to load resource: net::ERR_INTERNET_DISCONNECTED @ https://www.google.com/recaptcha/enterprise/clr?k=6Lf3d9UsAAAAAILBqo6A909pmhyvtYmDoxaKtfMV:0
[181619181ms] [ERROR] Failed to load resource: net::ERR_INTERNET_DISCONNECTED @ https://firestore.googleapis.com/google.firestore.v1.Firestore/Listen/channel?VER=8&database=projects%2Fappout-1%2Fdatabases%2F(default)&RID=28770&CVER=22&X-HTTP-Session-Id=gsessionid&zx=j9ubam5gf7nb&t=1:0
[181619181ms] [WARNING] [2026-09-03T10:05:00.996Z]  @firebase/firestore: Firestore (12.6.0): WebChannelConnection RPC 'Listen' stream 0x247e78ff transport errored. Name: undefined Message: undefined @ https://outrun.co.il/_next/static/chunks/2532-16f59635ee5a761a.js:14
[181619182ms] [ERROR] Failed to load resource: net::ERR_INTERNET_DISCONNECTED @ https://www.google.com/recaptcha/enterprise/clr?k=6Lf3d9UsAAAAAILBqo6A909pmhyvtYmDoxaKtfMV:0
[181619183ms] [ERROR] Failed to load resource: net::ERR_INTERNET_DISCONNECTED @ https://www.google.com/recaptcha/enterprise/clr?k=6Lf3d9UsAAAAAILBqo6A909pmhyvtYmDoxaKtfMV:0
[181619184ms] [ERROR] Failed to load resource: net::ERR_INTERNET_DISCONNECTED @ https://www.google.com/images/cleardot.gif?zx=1pefwhqlnnyg:0
[181619185ms] [ERROR] Failed to load resource: net::ERR_INTERNET_DISCONNECTED @ https://www.google.com/recaptcha/enterprise/clr?k=6Lf3d9UsAAAAAILBqo6A909pmhyvtYmDoxaKtfMV:0
[181619186ms] [ERROR] Failed to load resource: net::ERR_INTERNET_DISCONNECTED @ https://www.google.com/recaptcha/enterprise/clr?k=6Lf3d9UsAAAAAILBqo6A909pmhyvtYmDoxaKtfMV:0
[181671428ms] [ERROR] Failed to load resource: net::ERR_INTERNET_DISCONNECTED @ https://firestore.googleapis.com/google.firestore.v1.Firestore/Listen/channel?VER=8&database=projects%2Fappout-1%2Fdatabases%2F(default)&RID=34501&CVER=22&X-HTTP-Session-Id=gsessionid&zx=dncqyjj5b9pe&t=1:0
[181671429ms] [WARNING] [2026-09-03T10:05:53.243Z]  @firebase/firestore: Firestore (12.6.0): WebChannelConnection RPC 'Listen' stream 0x247e7900 transport errored. Name: undefined Message: undefined @ https://outrun.co.il/_next/static/chunks/2532-16f59635ee5a761a.js:14
[181671429ms] [ERROR] Failed to load resource: net::ERR_INTERNET_DISCONNECTED @ https://www.google.com/recaptcha/enterprise/clr?k=6Lf3d9UsAAAAAILBqo6A909pmhyvtYmDoxaKtfMV:0
[181671430ms] [ERROR] Failed to load resource: net::ERR_INTERNET_DISCONNECTED @ https://www.google.com/images/cleardot.gif?zx=cre4g3x7h1g0:0
[181671430ms] [ERROR] Failed to load resource: net::ERR_INTERNET_DISCONNECTED @ https://www.google.com/recaptcha/enterprise/clr?k=6Lf3d9UsAAAAAILBqo6A909pmhyvtYmDoxaKtfMV:0
[181671432ms] [ERROR] Failed to load resource: net::ERR_INTERNET_DISCONNECTED @ https://www.google.com/recaptcha/enterprise/clr?k=6Lf3d9UsAAAAAILBqo6A909pmhyvtYmDoxaKtfMV:0
[181671434ms] [ERROR] Failed to load resource: net::ERR_INTERNET_DISCONNECTED @ https://www.google.com/recaptcha/enterprise/clr?k=6Lf3d9UsAAAAAILBqo6A909pmhyvtYmDoxaKtfMV:0
[181746761ms] [ERROR] Failed to load resource: net::ERR_INTERNET_DISCONNECTED @ https://firestore.googleapis.com/google.firestore.v1.Firestore/Listen/channel?VER=8&database=projects%2Fappout-1%2Fdatabases%2F(default)&RID=7970&CVER=22&X-HTTP-Session-Id=gsessionid&zx=uezs3k4215t6&t=1:0
[181746761ms] [WARNING] [2026-09-03T10:07:08.576Z]  @firebase/firestore: Firestore (12.6.0): WebChannelConnection RPC 'Listen' stream 0x247e7901 transport errored. Name: undefined Message: undefined @ https://outrun.co.il/_next/static/chunks/2532-16f59635ee5a761a.js:14
[181746762ms] [ERROR] Failed to load resource: net::ERR_INTERNET_DISCONNECTED @ https://www.google.com/recaptcha/enterprise/clr?k=6Lf3d9UsAAAAAILBqo6A909pmhyvtYmDoxaKtfMV:0
[181746763ms] [ERROR] Failed to load resource: net::ERR_INTERNET_DISCONNECTED @ https://www.google.com/images/cleardot.gif?zx=y02e26i07x4x:0
[181746763ms] [ERROR] Failed to load resource: net::ERR_INTERNET_DISCONNECTED @ https://www.google.com/recaptcha/enterprise/clr?k=6Lf3d9UsAAAAAILBqo6A909pmhyvtYmDoxaKtfMV:0
[181746764ms] [ERROR] Failed to load resource: net::ERR_INTERNET_DISCONNECTED @ https://www.google.com/recaptcha/enterprise/clr?k=6Lf3d9UsAAAAAILBqo6A909pmhyvtYmDoxaKtfMV:0
[181746765ms] [ERROR] Failed to load resource: net::ERR_INTERNET_DISCONNECTED @ https://www.google.com/recaptcha/enterprise/clr?k=6Lf3d9UsAAAAAILBqo6A909pmhyvtYmDoxaKtfMV:0
[181808422ms] [WARNING] [2026-09-03T10:08:10.237Z]  @firebase/auth: Auth (12.6.0): Error while retrieving App Check token: FirebaseError: AppCheck: ReCAPTCHA error. (appCheck/recaptcha-error). @ https://outrun.co.il/_next/static/chunks/2532-16f59635ee5a761a.js:14
[181808425ms] [ERROR] Failed to load resource: net::ERR_INTERNET_DISCONNECTED @ https://securetoken.googleapis.com/v1/token?key=AIzaSyCezG55zVQEZWCEs-lHzx_yQldg-Ej2X60:0
[181808426ms] [WARNING] [session] silent refresh failed: FirebaseError: Firebase: Error (auth/network-request-failed).
    at _ (https://outrun.co.il/_next/static/chunks/ebf8faf4-4b21e6e1cecfd8ac.js:1:2449)
    at d (https://outrun.co.il/_next/static/chunks/ebf8faf4-4b21e6e1cecfd8ac.js:1:1774)
    at O (https://outrun.co.il/_next/static/chunks/ebf8faf4-4b21e6e1cecfd8ac.js:1:8154)
    at async et (https://outrun.co.il/_next/static/chunks/ebf8faf4-4b21e6e1cecfd8ac.js:1:13604)
    at async er.refresh (https://outrun.co.il/_next/static/chunks/ebf8faf4-4b21e6e1cecfd8ac.js:1:15036)
    at async er.getToken (https://outrun.co.il/_next/static/chunks/ebf8faf4-4b21e6e1cecfd8ac.js:1:14848)
    at async B (https://outrun.co.il/_next/static/chunks/ebf8faf4-4b21e6e1cecfd8ac.js:1:11368)
    at async es.getIdToken (https://outrun.co.il/_next/static/chunks/ebf8faf4-4b21e6e1cecfd8ac.js:1:16560)
    at async https://outrun.co.il/_next/static/chunks/app/admin/layout-19dbfc67bfe16a74.js:1:7218 @ https://outrun.co.il/_next/static/chunks/app/admin/layout-19dbfc67bfe16a74.js:0
[181808427ms] [ERROR] Failed to load resource: net::ERR_INTERNET_DISCONNECTED @ https://www.google.com/recaptcha/enterprise/clr?k=6Lf3d9UsAAAAAILBqo6A909pmhyvtYmDoxaKtfMV:0
[181808428ms] [ERROR] Failed to load resource: net::ERR_INTERNET_DISCONNECTED @ https://www.google.com/recaptcha/enterprise/clr?k=6Lf3d9UsAAAAAILBqo6A909pmhyvtYmDoxaKtfMV:0
[181808429ms] [ERROR] Failed to load resource: net::ERR_INTERNET_DISCONNECTED @ https://www.google.com/recaptcha/enterprise/clr?k=6Lf3d9UsAAAAAILBqo6A909pmhyvtYmDoxaKtfMV:0
[181808431ms] [ERROR] Failed to load resource: net::ERR_INTERNET_DISCONNECTED @ https://www.google.com/recaptcha/enterprise/clr?k=6Lf3d9UsAAAAAILBqo6A909pmhyvtYmDoxaKtfMV:0
[181808693ms] [ERROR] Failed to load resource: net::ERR_INTERNET_DISCONNECTED @ https://firestore.googleapis.com/google.firestore.v1.Firestore/Listen/channel?VER=8&database=projects%2Fappout-1%2Fdatabases%2F(default)&RID=53026&CVER=22&X-HTTP-Session-Id=gsessionid&zx=t77scst9atrc&t=1:0
[181808694ms] [WARNING] [2026-09-03T10:08:10.508Z]  @firebase/firestore: Firestore (12.6.0): WebChannelConnection RPC 'Listen' stream 0x247e7902 transport errored. Name: undefined Message: undefined @ https://outrun.co.il/_next/static/chunks/2532-16f59635ee5a761a.js:14
[181808694ms] [ERROR] Failed to load resource: net::ERR_INTERNET_DISCONNECTED @ https://www.google.com/recaptcha/enterprise/clr?k=6Lf3d9UsAAAAAILBqo6A909pmhyvtYmDoxaKtfMV:0
[181808696ms] [ERROR] Failed to load resource: net::ERR_INTERNET_DISCONNECTED @ https://www.google.com/recaptcha/enterprise/clr?k=6Lf3d9UsAAAAAILBqo6A909pmhyvtYmDoxaKtfMV:0
[181808696ms] [ERROR] Failed to load resource: net::ERR_INTERNET_DISCONNECTED @ https://www.google.com/images/cleardot.gif?zx=b1l9yfoh5nz:0
[181808697ms] [ERROR] Failed to load resource: net::ERR_INTERNET_DISCONNECTED @ https://www.google.com/recaptcha/enterprise/clr?k=6Lf3d9UsAAAAAILBqo6A909pmhyvtYmDoxaKtfMV:0
[181808698ms] [ERROR] Failed to load resource: net::ERR_INTERNET_DISCONNECTED @ https://www.google.com/recaptcha/enterprise/clr?k=6Lf3d9UsAAAAAILBqo6A909pmhyvtYmDoxaKtfMV:0
[181888642ms] [ERROR] Failed to load resource: net::ERR_INTERNET_DISCONNECTED @ https://firestore.googleapis.com/google.firestore.v1.Firestore/Listen/channel?VER=8&database=projects%2Fappout-1%2Fdatabases%2F(default)&RID=14469&CVER=22&X-HTTP-Session-Id=gsessionid&zx=tcemz8dk4437&t=1:0
[181888643ms] [WARNING] [2026-09-03T10:09:30.457Z]  @firebase/firestore: Firestore (12.6.0): WebChannelConnection RPC 'Listen' stream 0x247e7903 transport errored. Name: undefined Message: undefined @ https://outrun.co.il/_next/static/chunks/2532-16f59635ee5a761a.js:14
[181888644ms] [ERROR] Failed to load resource: net::ERR_INTERNET_DISCONNECTED @ https://www.google.com/recaptcha/enterprise/clr?k=6Lf3d9UsAAAAAILBqo6A909pmhyvtYmDoxaKtfMV:0
[181888646ms] [ERROR] Failed to load resource: net::ERR_INTERNET_DISCONNECTED @ https://www.google.com/recaptcha/enterprise/clr?k=6Lf3d9UsAAAAAILBqo6A909pmhyvtYmDoxaKtfMV:0
[181888646ms] [ERROR] Failed to load resource: net::ERR_INTERNET_DISCONNECTED @ https://www.google.com/images/cleardot.gif?zx=ppes94w7lu8t:0
[181888647ms] [ERROR] Failed to load resource: net::ERR_INTERNET_DISCONNECTED @ https://www.google.com/recaptcha/enterprise/clr?k=6Lf3d9UsAAAAAILBqo6A909pmhyvtYmDoxaKtfMV:0
[181888648ms] [ERROR] Failed to load resource: net::ERR_INTERNET_DISCONNECTED @ https://www.google.com/recaptcha/enterprise/clr?k=6Lf3d9UsAAAAAILBqo6A909pmhyvtYmDoxaKtfMV:0
[181952093ms] [ERROR] Failed to load resource: net::ERR_INTERNET_DISCONNECTED @ https://firestore.googleapis.com/google.firestore.v1.Firestore/Listen/channel?VER=8&database=projects%2Fappout-1%2Fdatabases%2F(default)&RID=84857&CVER=22&X-HTTP-Session-Id=gsessionid&zx=zhx0xb840r33&t=1:0
[181952094ms] [WARNING] [2026-09-03T10:10:33.908Z]  @firebase/firestore: Firestore (12.6.0): WebChannelConnection RPC 'Listen' stream 0x247e7904 transport errored. Name: undefined Message: undefined @ https://outrun.co.il/_next/static/chunks/2532-16f59635ee5a761a.js:14
[181952105ms] [ERROR] Failed to load resource: net::ERR_INTERNET_DISCONNECTED @ https://www.google.com/recaptcha/enterprise/clr?k=6Lf3d9UsAAAAAILBqo6A909pmhyvtYmDoxaKtfMV:0
[181952107ms] [ERROR] Failed to load resource: net::ERR_INTERNET_DISCONNECTED @ https://www.google.com/recaptcha/enterprise/clr?k=6Lf3d9UsAAAAAILBqo6A909pmhyvtYmDoxaKtfMV:0
[181952109ms] [ERROR] Failed to load resource: net::ERR_INTERNET_DISCONNECTED @ https://www.google.com/images/cleardot.gif?zx=11agwlxy7vez:0
[181952114ms] [ERROR] Failed to load resource: net::ERR_INTERNET_DISCONNECTED @ https://www.google.com/recaptcha/enterprise/clr?k=6Lf3d9UsAAAAAILBqo6A909pmhyvtYmDoxaKtfMV:0
[181952117ms] [ERROR] Failed to load resource: net::ERR_INTERNET_DISCONNECTED @ https://www.google.com/recaptcha/enterprise/clr?k=6Lf3d9UsAAAAAILBqo6A909pmhyvtYmDoxaKtfMV:0
[181991469ms] [ERROR] Failed to load resource: net::ERR_INTERNET_DISCONNECTED @ https://firestore.googleapis.com/google.firestore.v1.Firestore/Listen/channel?VER=8&database=projects%2Fappout-1%2Fdatabases%2F(default)&RID=54784&CVER=22&X-HTTP-Session-Id=gsessionid&zx=wj0nsknctzqo&t=1:0
[181991470ms] [WARNING] [2026-09-03T10:11:13.284Z]  @firebase/firestore: Firestore (12.6.0): WebChannelConnection RPC 'Listen' stream 0x247e7905 transport errored. Name: undefined Message: undefined @ https://outrun.co.il/_next/static/chunks/2532-16f59635ee5a761a.js:14
[181991470ms] [ERROR] Failed to load resource: net::ERR_INTERNET_DISCONNECTED @ https://www.google.com/recaptcha/enterprise/clr?k=6Lf3d9UsAAAAAILBqo6A909pmhyvtYmDoxaKtfMV:0
[181991472ms] [ERROR] Failed to load resource: net::ERR_INTERNET_DISCONNECTED @ https://www.google.com/recaptcha/enterprise/clr?k=6Lf3d9UsAAAAAILBqo6A909pmhyvtYmDoxaKtfMV:0
[181991472ms] [ERROR] Failed to load resource: net::ERR_INTERNET_DISCONNECTED @ https://www.google.com/images/cleardot.gif?zx=zbws6fmtkai4:0
[181991474ms] [ERROR] Failed to load resource: net::ERR_INTERNET_DISCONNECTED @ https://www.google.com/recaptcha/enterprise/clr?k=6Lf3d9UsAAAAAILBqo6A909pmhyvtYmDoxaKtfMV:0
[181991475ms] [ERROR] Failed to load resource: net::ERR_INTERNET_DISCONNECTED @ https://www.google.com/recaptcha/enterprise/clr?k=6Lf3d9UsAAAAAILBqo6A909pmhyvtYmDoxaKtfMV:0
[182025164ms] [ERROR] Failed to load resource: net::ERR_INTERNET_DISCONNECTED @ https://firestore.googleapis.com/google.firestore.v1.Firestore/Listen/channel?VER=8&database=projects%2Fappout-1%2Fdatabases%2F(default)&RID=6943&CVER=22&X-HTTP-Session-Id=gsessionid&zx=ejz703as9b03&t=1:0
[182025165ms] [WARNING] [2026-09-03T10:11:46.979Z]  @firebase/firestore: Firestore (12.6.0): WebChannelConnection RPC 'Listen' stream 0x247e7906 transport errored. Name: undefined Message: undefined @ https://outrun.co.il/_next/static/chunks/2532-16f59635ee5a761a.js:14
[182025165ms] [ERROR] Failed to load resource: net::ERR_INTERNET_DISCONNECTED @ https://www.google.com/recaptcha/enterprise/clr?k=6Lf3d9UsAAAAAILBqo6A909pmhyvtYmDoxaKtfMV:0
[182025167ms] [ERROR] Failed to load resource: net::ERR_INTERNET_DISCONNECTED @ https://www.google.com/recaptcha/enterprise/clr?k=6Lf3d9UsAAAAAILBqo6A909pmhyvtYmDoxaKtfMV:0
[182025168ms] [ERROR] Failed to load resource: net::ERR_INTERNET_DISCONNECTED @ https://www.google.com/images/cleardot.gif?zx=vn1raxheug2n:0
[182025169ms] [ERROR] Failed to load resource: net::ERR_INTERNET_DISCONNECTED @ https://www.google.com/recaptcha/enterprise/clr?k=6Lf3d9UsAAAAAILBqo6A909pmhyvtYmDoxaKtfMV:0
[182025171ms] [ERROR] Failed to load resource: net::ERR_INTERNET_DISCONNECTED @ https://www.google.com/recaptcha/enterprise/clr?k=6Lf3d9UsAAAAAILBqo6A909pmhyvtYmDoxaKtfMV:0
[182064319ms] [ERROR] Failed to load resource: net::ERR_INTERNET_DISCONNECTED @ https://www.google.com/recaptcha/enterprise/clr?k=6Lf3d9UsAAAAAILBqo6A909pmhyvtYmDoxaKtfMV:0
[182064321ms] [ERROR] Failed to load resource: net::ERR_INTERNET_DISCONNECTED @ https://www.google.com/recaptcha/enterprise/clr?k=6Lf3d9UsAAAAAILBqo6A909pmhyvtYmDoxaKtfMV:0
[182064322ms] [ERROR] Failed to load resource: net::ERR_INTERNET_DISCONNECTED @ https://www.google.com/recaptcha/enterprise/clr?k=6Lf3d9UsAAAAAILBqo6A909pmhyvtYmDoxaKtfMV:0
[182064323ms] [ERROR] Failed to load resource: net::ERR_INTERNET_DISCONNECTED @ https://www.google.com/recaptcha/enterprise/clr?k=6Lf3d9UsAAAAAILBqo6A909pmhyvtYmDoxaKtfMV:0
[182074409ms] [ERROR] Failed to load resource: net::ERR_INTERNET_DISCONNECTED @ https://firestore.googleapis.com/google.firestore.v1.Firestore/Listen/channel?VER=8&database=projects%2Fappout-1%2Fdatabases%2F(default)&RID=93256&CVER=22&X-HTTP-Session-Id=gsessionid&zx=r2sqq6gv6kiw&t=1:0
[182074409ms] [WARNING] [2026-09-03T10:12:36.223Z]  @firebase/firestore: Firestore (12.6.0): WebChannelConnection RPC 'Listen' stream 0x247e7907 transport errored. Name: undefined Message: undefined @ https://outrun.co.il/_next/static/chunks/2532-16f59635ee5a761a.js:14
[182074409ms] [ERROR] Failed to load resource: net::ERR_INTERNET_DISCONNECTED @ https://www.google.com/recaptcha/enterprise/clr?k=6Lf3d9UsAAAAAILBqo6A909pmhyvtYmDoxaKtfMV:0
[182074410ms] [ERROR] Failed to load resource: net::ERR_INTERNET_DISCONNECTED @ https://www.google.com/images/cleardot.gif?zx=5x13owrkox58:0
[182074410ms] [ERROR] Failed to load resource: net::ERR_INTERNET_DISCONNECTED @ https://www.google.com/recaptcha/enterprise/clr?k=6Lf3d9UsAAAAAILBqo6A909pmhyvtYmDoxaKtfMV:0
[182074412ms] [ERROR] Failed to load resource: net::ERR_INTERNET_DISCONNECTED @ https://www.google.com/recaptcha/enterprise/clr?k=6Lf3d9UsAAAAAILBqo6A909pmhyvtYmDoxaKtfMV:0
[182074413ms] [ERROR] Failed to load resource: net::ERR_INTERNET_DISCONNECTED @ https://www.google.com/recaptcha/enterprise/clr?k=6Lf3d9UsAAAAAILBqo6A909pmhyvtYmDoxaKtfMV:0
[182108138ms] [ERROR] Failed to load resource: net::ERR_INTERNET_DISCONNECTED @ https://www.google.com/recaptcha/enterprise/clr?k=6Lf3d9UsAAAAAILBqo6A909pmhyvtYmDoxaKtfMV:0
[182108139ms] [ERROR] Failed to load resource: net::ERR_INTERNET_DISCONNECTED @ https://firestore.googleapis.com/google.firestore.v1.Firestore/Listen/channel?VER=8&database=projects%2Fappout-1%2Fdatabases%2F(default)&RID=15102&CVER=22&X-HTTP-Session-Id=gsessionid&zx=sfu7izqjo7qa&t=1:0
[182108139ms] [WARNING] [2026-09-03T10:13:09.953Z]  @firebase/firestore: Firestore (12.6.0): WebChannelConnection RPC 'Listen' stream 0x247e7908 transport errored. Name: undefined Message: undefined @ https://outrun.co.il/_next/static/chunks/2532-16f59635ee5a761a.js:14
[182108140ms] [ERROR] Failed to load resource: net::ERR_INTERNET_DISCONNECTED @ https://www.google.com/recaptcha/enterprise/clr?k=6Lf3d9UsAAAAAILBqo6A909pmhyvtYmDoxaKtfMV:0
[182108140ms] [ERROR] Failed to load resource: net::ERR_INTERNET_DISCONNECTED @ https://www.google.com/images/cleardot.gif?zx=bfez2eidaams:0
[182108141ms] [ERROR] Failed to load resource: net::ERR_INTERNET_DISCONNECTED @ https://www.google.com/recaptcha/enterprise/clr?k=6Lf3d9UsAAAAAILBqo6A909pmhyvtYmDoxaKtfMV:0
[182108142ms] [ERROR] Failed to load resource: net::ERR_INTERNET_DISCONNECTED @ https://www.google.com/recaptcha/enterprise/clr?k=6Lf3d9UsAAAAAILBqo6A909pmhyvtYmDoxaKtfMV:0
[183891667ms] [WARNING] [2026-09-03T10:42:53.478Z]  @firebase/auth: Auth (12.6.0): Error while retrieving App Check token: FirebaseError: AppCheck: ReCAPTCHA error. (appCheck/recaptcha-error). @ https://outrun.co.il/_next/static/chunks/2532-16f59635ee5a761a.js:14
[184560018ms] [WARNING] [2026-09-03T10:54:01.811Z]  @firebase/auth: Auth (12.6.0): Error while retrieving App Check token: FirebaseError: AppCheck: ReCAPTCHA error. (appCheck/recaptcha-error). @ https://outrun.co.il/_next/static/chunks/2532-16f59635ee5a761a.js:14
[185108424ms] [WARNING] [2026-09-03T11:03:10.235Z]  @firebase/auth: Auth (12.6.0): Error while retrieving App Check token: FirebaseError: AppCheck: ReCAPTCHA error. (appCheck/recaptcha-error). @ https://outrun.co.il/_next/static/chunks/2532-16f59635ee5a761a.js:14
[186891632ms] [WARNING] [2026-09-03T11:32:53.446Z]  @firebase/auth: Auth (12.6.0): Error while retrieving App Check token: FirebaseError: AppCheck: ReCAPTCHA error. (appCheck/recaptcha-error). @ https://outrun.co.il/_next/static/chunks/2532-16f59635ee5a761a.js:14
[187546305ms] [ERROR] Failed to load resource: net::ERR_QUIC_PROTOCOL_ERROR.QUIC_TOO_MANY_RTOS @ https://firestore.googleapis.com/google.firestore.v1.Firestore/Listen/channel?gsessionid=e6ue-RR-qZYe9yue2epLd8ib_7ooDZmiqgUj-Sp3ZQQegQR1Tj52zA&VER=8&database=projects%2Fappout-1%2Fdatabases%2F(default)&RID=rpc&SID=BcCIKnOtRzkVpa5JQOPcnw&AID=38&CI=0&TYPE=xmlhttp&zx=m4d2a0bqd1gm&t=1:0
[187546989ms] [ERROR] Failed to load resource: the server responded with a status of 400 () @ https://firestore.googleapis.com/google.firestore.v1.Firestore/Listen/channel?gsessionid=e6ue-RR-qZYe9yue2epLd8ib_7ooDZmiqgUj-Sp3ZQQegQR1Tj52zA&VER=8&database=projects%2Fappout-1%2Fdatabases%2F(default)&RID=rpc&SID=BcCIKnOtRzkVpa5JQOPcnw&AID=39&CI=0&TYPE=xmlhttp&zx=ootksztwdbtx&t=1:0
[187546992ms] [WARNING] [2026-09-03T11:43:48.807Z]  @firebase/firestore: Firestore (12.6.0): WebChannelConnection RPC 'Listen' stream 0x247e790d transport errored. Name: undefined Message: undefined @ https://outrun.co.il/_next/static/chunks/2532-16f59635ee5a761a.js:14
[188016424ms] [ERROR] Failed to load resource: net::ERR_QUIC_PROTOCOL_ERROR.QUIC_PUBLIC_RESET @ https://firestore.googleapis.com/google.firestore.v1.Firestore/Listen/channel?gsessionid=_iYRNSGqAN8DT7sBw3qIglj35uHIC58bieP_IWMsw8ea7RK2XG5npw&VER=8&database=projects%2Fappout-1%2Fdatabases%2F(default)&RID=rpc&SID=7Kf6ix2J_W1ZtKHTv0rLKg&AID=0&CI=0&TYPE=xmlhttp&zx=rlqu363ec0rt&t=1:0
[188016598ms] [ERROR] Failed to load resource: the server responded with a status of 400 () @ https://firestore.googleapis.com/google.firestore.v1.Firestore/Listen/channel?gsessionid=_iYRNSGqAN8DT7sBw3qIglj35uHIC58bieP_IWMsw8ea7RK2XG5npw&VER=8&database=projects%2Fappout-1%2Fdatabases%2F(default)&RID=rpc&SID=7Kf6ix2J_W1ZtKHTv0rLKg&AID=12&CI=0&TYPE=xmlhttp&zx=dlggk77tkr7k&t=1:0
[188016600ms] [WARNING] [2026-09-03T11:51:38.414Z]  @firebase/firestore: Firestore (12.6.0): WebChannelConnection RPC 'Listen' stream 0x247e790e transport errored. Name: undefined Message: undefined @ https://outrun.co.il/_next/static/chunks/2532-16f59635ee5a761a.js:14
[188259932ms] [ERROR] Failed to load resource: net::ERR_QUIC_PROTOCOL_ERROR.QUIC_TOO_MANY_RTOS @ https://firestore.googleapis.com/google.firestore.v1.Firestore/Listen/channel?gsessionid=DJ2eaY07hXIJuFfB-jQXPHMGnseXCyWtFLzGmilenTf7K_6nvzkj7g&VER=8&database=projects%2Fappout-1%2Fdatabases%2F(default)&RID=rpc&SID=TKg6KWE99vYyYJuH0T7pVg&AID=15&CI=1&TYPE=xmlhttp&zx=7bv1exgaklsd&t=1:0
[188260111ms] [ERROR] Failed to load resource: the server responded with a status of 400 () @ https://firestore.googleapis.com/google.firestore.v1.Firestore/Listen/channel?gsessionid=DJ2eaY07hXIJuFfB-jQXPHMGnseXCyWtFLzGmilenTf7K_6nvzkj7g&VER=8&database=projects%2Fappout-1%2Fdatabases%2F(default)&RID=rpc&SID=TKg6KWE99vYyYJuH0T7pVg&AID=16&CI=1&TYPE=xmlhttp&zx=eeucodb9syjv&t=1:0
[188260113ms] [WARNING] [2026-09-03T11:55:41.927Z]  @firebase/firestore: Firestore (12.6.0): WebChannelConnection RPC 'Listen' stream 0x247e790f transport errored. Name: undefined Message: undefined @ https://outrun.co.il/_next/static/chunks/2532-16f59635ee5a761a.js:14
[188806821ms] [ERROR] Failed to load resource: net::ERR_INTERNET_DISCONNECTED @ https://firestore.googleapis.com/google.firestore.v1.Firestore/Listen/channel?VER=8&database=projects%2Fappout-1%2Fdatabases%2F(default)&gsessionid=BIan8RVVqhe6d5Zc_oPYu1qxTL2I7ijdYayIOQU7kWSv72TuYsjEVQ&SID=TzBt5p9BpndkYFg36cJl5w&RID=74398&TYPE=terminate&zx=bz7se747hwog:0
[188806955ms] [ERROR] Failed to load resource: net::ERR_INTERNET_DISCONNECTED @ https://firestore.googleapis.com/google.firestore.v1.Firestore/Listen/channel?VER=8&database=projects%2Fappout-1%2Fdatabases%2F(default)&RID=72469&CVER=22&X-HTTP-Session-Id=gsessionid&zx=ty0kuaggb248&t=1:0
[188806961ms] [WARNING] [2026-09-03T12:04:48.776Z]  @firebase/firestore: Firestore (12.6.0): WebChannelConnection RPC 'Listen' stream 0x247e7911 transport errored. Name: undefined Message: undefined @ https://outrun.co.il/_next/static/chunks/2532-16f59635ee5a761a.js:14
[188806975ms] [ERROR] Failed to load resource: net::ERR_INTERNET_DISCONNECTED @ https://www.google.com/recaptcha/enterprise/clr?k=6Lf3d9UsAAAAAILBqo6A909pmhyvtYmDoxaKtfMV:0
[188806987ms] [ERROR] Failed to load resource: net::ERR_INTERNET_DISCONNECTED @ https://www.google.com/images/cleardot.gif?zx=593ehv9g323f:0
[188806988ms] [ERROR] Failed to load resource: net::ERR_INTERNET_DISCONNECTED @ https://www.google.com/recaptcha/enterprise/clr?k=6Lf3d9UsAAAAAILBqo6A909pmhyvtYmDoxaKtfMV:0
[188807003ms] [ERROR] Failed to load resource: net::ERR_INTERNET_DISCONNECTED @ https://www.google.com/recaptcha/enterprise/clr?k=6Lf3d9UsAAAAAILBqo6A909pmhyvtYmDoxaKtfMV:0
[188807018ms] [ERROR] Failed to load resource: net::ERR_INTERNET_DISCONNECTED @ https://www.google.com/recaptcha/enterprise/clr?k=6Lf3d9UsAAAAAILBqo6A909pmhyvtYmDoxaKtfMV:0
[188807034ms] [ERROR] Failed to load resource: net::ERR_INTERNET_DISCONNECTED @ https://firestore.googleapis.com/google.firestore.v1.Firestore/Listen/channel?VER=8&database=projects%2Fappout-1%2Fdatabases%2F(default)&RID=32942&CVER=22&X-HTTP-Session-Id=gsessionid&zx=1vbfgababp5x&t=1:0
[188807035ms] [WARNING] [2026-09-03T12:04:48.849Z]  @firebase/firestore: Firestore (12.6.0): WebChannelConnection RPC 'Listen' stream 0x247e7912 transport errored. Name: undefined Message: undefined @ https://outrun.co.il/_next/static/chunks/2532-16f59635ee5a761a.js:14
[188807035ms] [ERROR] Failed to load resource: net::ERR_INTERNET_DISCONNECTED @ https://www.google.com/recaptcha/enterprise/clr?k=6Lf3d9UsAAAAAILBqo6A909pmhyvtYmDoxaKtfMV:0
[188807044ms] [ERROR] Failed to load resource: net::ERR_INTERNET_DISCONNECTED @ https://www.google.com/images/cleardot.gif?zx=6g36rhxz8fl1:0
[188807054ms] [ERROR] Failed to load resource: net::ERR_INTERNET_DISCONNECTED @ https://www.google.com/recaptcha/enterprise/clr?k=6Lf3d9UsAAAAAILBqo6A909pmhyvtYmDoxaKtfMV:0
[188807067ms] [ERROR] Failed to load resource: net::ERR_INTERNET_DISCONNECTED @ https://www.google.com/recaptcha/enterprise/clr?k=6Lf3d9UsAAAAAILBqo6A909pmhyvtYmDoxaKtfMV:0
[188807077ms] [ERROR] Failed to load resource: net::ERR_INTERNET_DISCONNECTED @ https://www.google.com/recaptcha/enterprise/clr?k=6Lf3d9UsAAAAAILBqo6A909pmhyvtYmDoxaKtfMV:0
[188807516ms] [ERROR] Failed to load resource: net::ERR_INTERNET_DISCONNECTED @ https://www.google.com/recaptcha/enterprise/clr?k=6Lf3d9UsAAAAAILBqo6A909pmhyvtYmDoxaKtfMV:0
[188807516ms] [ERROR] Failed to load resource: net::ERR_INTERNET_DISCONNECTED @ https://firestore.googleapis.com/google.firestore.v1.Firestore/Listen/channel?VER=8&database=projects%2Fappout-1%2Fdatabases%2F(default)&RID=36753&CVER=22&X-HTTP-Session-Id=gsessionid&zx=lyui5t3xhzaf&t=1:0
[188807517ms] [WARNING] [2026-09-03T12:04:49.331Z]  @firebase/firestore: Firestore (12.6.0): WebChannelConnection RPC 'Listen' stream 0x247e7913 transport errored. Name: undefined Message: undefined @ https://outrun.co.il/_next/static/chunks/2532-16f59635ee5a761a.js:14
[188807521ms] [ERROR] Failed to load resource: net::ERR_INTERNET_DISCONNECTED @ https://www.google.com/recaptcha/enterprise/clr?k=6Lf3d9UsAAAAAILBqo6A909pmhyvtYmDoxaKtfMV:0
[188807533ms] [ERROR] Failed to load resource: net::ERR_INTERNET_DISCONNECTED @ https://www.google.com/images/cleardot.gif?zx=pb5c41qmpzho:0
[188807542ms] [ERROR] Failed to load resource: net::ERR_INTERNET_DISCONNECTED @ https://www.google.com/recaptcha/enterprise/clr?k=6Lf3d9UsAAAAAILBqo6A909pmhyvtYmDoxaKtfMV:0
[188807557ms] [ERROR] Failed to load resource: net::ERR_INTERNET_DISCONNECTED @ https://www.google.com/recaptcha/enterprise/clr?k=6Lf3d9UsAAAAAILBqo6A909pmhyvtYmDoxaKtfMV:0
[188808373ms] [ERROR] Failed to load resource: net::ERR_INTERNET_DISCONNECTED @ https://firestore.googleapis.com/google.firestore.v1.Firestore/Listen/channel?VER=8&database=projects%2Fappout-1%2Fdatabases%2F(default)&RID=13385&CVER=22&X-HTTP-Session-Id=gsessionid&zx=yvwng2gmdfa8&t=1:0
[188808375ms] [WARNING] [2026-09-03T12:04:50.189Z]  @firebase/firestore: Firestore (12.6.0): WebChannelConnection RPC 'Listen' stream 0x247e7914 transport errored. Name: undefined Message: undefined @ https://outrun.co.il/_next/static/chunks/2532-16f59635ee5a761a.js:14
[188808376ms] [ERROR] Failed to load resource: net::ERR_INTERNET_DISCONNECTED @ https://www.google.com/recaptcha/enterprise/clr?k=6Lf3d9UsAAAAAILBqo6A909pmhyvtYmDoxaKtfMV:0
[188808386ms] [ERROR] Failed to load resource: net::ERR_INTERNET_DISCONNECTED @ https://www.google.com/images/cleardot.gif?zx=i2vc91efcwdo:0
[188808392ms] [ERROR] Failed to load resource: net::ERR_INTERNET_DISCONNECTED @ https://www.google.com/recaptcha/enterprise/clr?k=6Lf3d9UsAAAAAILBqo6A909pmhyvtYmDoxaKtfMV:0
[188808400ms] [ERROR] Failed to load resource: net::ERR_INTERNET_DISCONNECTED @ https://www.google.com/recaptcha/enterprise/clr?k=6Lf3d9UsAAAAAILBqo6A909pmhyvtYmDoxaKtfMV:0
[188808409ms] [ERROR] Failed to load resource: net::ERR_INTERNET_DISCONNECTED @ https://www.google.com/recaptcha/enterprise/clr?k=6Lf3d9UsAAAAAILBqo6A909pmhyvtYmDoxaKtfMV:0
[188811420ms] [ERROR] Failed to load resource: net::ERR_INTERNET_DISCONNECTED @ https://www.google.com/recaptcha/enterprise/clr?k=6Lf3d9UsAAAAAILBqo6A909pmhyvtYmDoxaKtfMV:0
[188811421ms] [ERROR] Failed to load resource: net::ERR_INTERNET_DISCONNECTED @ https://firestore.googleapis.com/google.firestore.v1.Firestore/Listen/channel?VER=8&database=projects%2Fappout-1%2Fdatabases%2F(default)&RID=95534&CVER=22&X-HTTP-Session-Id=gsessionid&zx=unc7qqa5kqbx&t=1:0
[188811422ms] [WARNING] [2026-09-03T12:04:53.236Z]  @firebase/firestore: Firestore (12.6.0): WebChannelConnection RPC 'Listen' stream 0x247e7915 transport errored. Name: undefined Message: undefined @ https://outrun.co.il/_next/static/chunks/2532-16f59635ee5a761a.js:14
[188811426ms] [ERROR] Failed to load resource: net::ERR_INTERNET_DISCONNECTED @ https://www.google.com/recaptcha/enterprise/clr?k=6Lf3d9UsAAAAAILBqo6A909pmhyvtYmDoxaKtfMV:0
[188811431ms] [ERROR] Failed to load resource: net::ERR_INTERNET_DISCONNECTED @ https://www.google.com/images/cleardot.gif?zx=cj22u04ywkcx:0
[188811436ms] [ERROR] Failed to load resource: net::ERR_INTERNET_DISCONNECTED @ https://www.google.com/recaptcha/enterprise/clr?k=6Lf3d9UsAAAAAILBqo6A909pmhyvtYmDoxaKtfMV:0
[188811445ms] [ERROR] Failed to load resource: net::ERR_INTERNET_DISCONNECTED @ https://www.google.com/recaptcha/enterprise/clr?k=6Lf3d9UsAAAAAILBqo6A909pmhyvtYmDoxaKtfMV:0
[188816070ms] [ERROR] Failed to load resource: net::ERR_INTERNET_DISCONNECTED @ https://firestore.googleapis.com/google.firestore.v1.Firestore/Listen/channel?VER=8&database=projects%2Fappout-1%2Fdatabases%2F(default)&RID=4241&CVER=22&X-HTTP-Session-Id=gsessionid&zx=j230er3kr5nu&t=1:0
[188816071ms] [WARNING] [2026-09-03T12:04:57.885Z]  @firebase/firestore: Firestore (12.6.0): WebChannelConnection RPC 'Listen' stream 0x247e7916 transport errored. Name: undefined Message: undefined @ https://outrun.co.il/_next/static/chunks/2532-16f59635ee5a761a.js:14
[188816073ms] [ERROR] Failed to load resource: net::ERR_INTERNET_DISCONNECTED @ https://www.google.com/recaptcha/enterprise/clr?k=6Lf3d9UsAAAAAILBqo6A909pmhyvtYmDoxaKtfMV:0
[188816074ms] [ERROR] Failed to load resource: net::ERR_INTERNET_DISCONNECTED @ https://www.google.com/images/cleardot.gif?zx=yjwo1qt4qyen:0
[188816075ms] [ERROR] Failed to load resource: net::ERR_INTERNET_DISCONNECTED @ https://www.google.com/recaptcha/enterprise/clr?k=6Lf3d9UsAAAAAILBqo6A909pmhyvtYmDoxaKtfMV:0
[188816077ms] [ERROR] Failed to load resource: net::ERR_INTERNET_DISCONNECTED @ https://www.google.com/recaptcha/enterprise/clr?k=6Lf3d9UsAAAAAILBqo6A909pmhyvtYmDoxaKtfMV:0
[188816078ms] [ERROR] Failed to load resource: net::ERR_INTERNET_DISCONNECTED @ https://www.google.com/recaptcha/enterprise/clr?k=6Lf3d9UsAAAAAILBqo6A909pmhyvtYmDoxaKtfMV:0
[188823189ms] [ERROR] Failed to load resource: net::ERR_INTERNET_DISCONNECTED @ https://firestore.googleapis.com/google.firestore.v1.Firestore/Listen/channel?VER=8&database=projects%2Fappout-1%2Fdatabases%2F(default)&RID=73598&CVER=22&X-HTTP-Session-Id=gsessionid&zx=itljojqfiwod&t=1:0
[188823190ms] [WARNING] [2026-09-03T12:05:05.004Z]  @firebase/firestore: Firestore (12.6.0): WebChannelConnection RPC 'Listen' stream 0x247e7917 transport errored. Name: undefined Message: undefined @ https://outrun.co.il/_next/static/chunks/2532-16f59635ee5a761a.js:14
[188823190ms] [ERROR] Failed to load resource: net::ERR_INTERNET_DISCONNECTED @ https://www.google.com/recaptcha/enterprise/clr?k=6Lf3d9UsAAAAAILBqo6A909pmhyvtYmDoxaKtfMV:0
[188823192ms] [ERROR] Failed to load resource: net::ERR_INTERNET_DISCONNECTED @ https://www.google.com/recaptcha/enterprise/clr?k=6Lf3d9UsAAAAAILBqo6A909pmhyvtYmDoxaKtfMV:0
[188823193ms] [ERROR] Failed to load resource: net::ERR_INTERNET_DISCONNECTED @ https://www.google.com/images/cleardot.gif?zx=rg68le5u4bn7:0
[188823194ms] [ERROR] Failed to load resource: net::ERR_INTERNET_DISCONNECTED @ https://www.google.com/recaptcha/enterprise/clr?k=6Lf3d9UsAAAAAILBqo6A909pmhyvtYmDoxaKtfMV:0
[188823196ms] [ERROR] Failed to load resource: net::ERR_INTERNET_DISCONNECTED @ https://www.google.com/recaptcha/enterprise/clr?k=6Lf3d9UsAAAAAILBqo6A909pmhyvtYmDoxaKtfMV:0
[188827812ms] [ERROR] Failed to load resource: net::ERR_INTERNET_DISCONNECTED @ https://firestore.googleapis.com/google.firestore.v1.Firestore/Listen/channel?VER=8&database=projects%2Fappout-1%2Fdatabases%2F(default)&RID=2981&CVER=22&X-HTTP-Session-Id=gsessionid&zx=j0rrh0ameajz&t=1:0
[188827813ms] [WARNING] [2026-09-03T12:05:09.627Z]  @firebase/firestore: Firestore (12.6.0): WebChannelConnection RPC 'Listen' stream 0x247e7918 transport errored. Name: undefined Message: undefined @ https://outrun.co.il/_next/static/chunks/2532-16f59635ee5a761a.js:14
[188827813ms] [ERROR] Failed to load resource: net::ERR_INTERNET_DISCONNECTED @ https://www.google.com/recaptcha/enterprise/clr?k=6Lf3d9UsAAAAAILBqo6A909pmhyvtYmDoxaKtfMV:0
[188827815ms] [ERROR] Failed to load resource: net::ERR_INTERNET_DISCONNECTED @ https://www.google.com/images/cleardot.gif?zx=auzqf6lz1xes:0
[188827815ms] [ERROR] Failed to load resource: net::ERR_INTERNET_DISCONNECTED @ https://www.google.com/recaptcha/enterprise/clr?k=6Lf3d9UsAAAAAILBqo6A909pmhyvtYmDoxaKtfMV:0
[188827818ms] [ERROR] Failed to load resource: net::ERR_INTERNET_DISCONNECTED @ https://www.google.com/recaptcha/enterprise/clr?k=6Lf3d9UsAAAAAILBqo6A909pmhyvtYmDoxaKtfMV:0
[188827820ms] [ERROR] Failed to load resource: net::ERR_INTERNET_DISCONNECTED @ https://www.google.com/recaptcha/enterprise/clr?k=6Lf3d9UsAAAAAILBqo6A909pmhyvtYmDoxaKtfMV:0
[188839196ms] [ERROR] Failed to load resource: net::ERR_INTERNET_DISCONNECTED @ https://firestore.googleapis.com/google.firestore.v1.Firestore/Listen/channel?VER=8&database=projects%2Fappout-1%2Fdatabases%2F(default)&RID=32647&CVER=22&X-HTTP-Session-Id=gsessionid&zx=nnh90wlq5t81&t=1:0
[188839196ms] [WARNING] [2026-09-03T12:05:21.010Z]  @firebase/firestore: Firestore (12.6.0): WebChannelConnection RPC 'Listen' stream 0x247e7919 transport errored. Name: undefined Message: undefined @ https://outrun.co.il/_next/static/chunks/2532-16f59635ee5a761a.js:14
[188839196ms] [ERROR] Failed to load resource: net::ERR_INTERNET_DISCONNECTED @ https://www.google.com/recaptcha/enterprise/clr?k=6Lf3d9UsAAAAAILBqo6A909pmhyvtYmDoxaKtfMV:0
[188839201ms] [ERROR] Failed to load resource: net::ERR_INTERNET_DISCONNECTED @ https://www.google.com/images/cleardot.gif?zx=l32ivuwq746r:0
[188839203ms] [ERROR] Failed to load resource: net::ERR_INTERNET_DISCONNECTED @ https://www.google.com/recaptcha/enterprise/clr?k=6Lf3d9UsAAAAAILBqo6A909pmhyvtYmDoxaKtfMV:0
[188839205ms] [ERROR] Failed to load resource: net::ERR_INTERNET_DISCONNECTED @ https://www.google.com/recaptcha/enterprise/clr?k=6Lf3d9UsAAAAAILBqo6A909pmhyvtYmDoxaKtfMV:0
[188839207ms] [ERROR] Failed to load resource: net::ERR_INTERNET_DISCONNECTED @ https://www.google.com/recaptcha/enterprise/clr?k=6Lf3d9UsAAAAAILBqo6A909pmhyvtYmDoxaKtfMV:0
[189812931ms] [ERROR] Failed to load resource: net::ERR_INTERNET_DISCONNECTED @ https://firestore.googleapis.com/google.firestore.v1.Firestore/Listen/channel?VER=8&database=projects%2Fappout-1%2Fdatabases%2F(default)&RID=69860&CVER=22&X-HTTP-Session-Id=gsessionid&zx=8fnsqzv73qx0&t=1:0
[189812932ms] [WARNING] [2026-09-03T12:21:34.746Z]  @firebase/firestore: Firestore (12.6.0): WebChannelConnection RPC 'Listen' stream 0x247e791a transport errored. Name: undefined Message: undefined @ https://outrun.co.il/_next/static/chunks/2532-16f59635ee5a761a.js:14
[189812932ms] [ERROR] Failed to load resource: net::ERR_INTERNET_DISCONNECTED @ https://www.google.com/recaptcha/enterprise/clr?k=6Lf3d9UsAAAAAILBqo6A909pmhyvtYmDoxaKtfMV:0
[189812935ms] [ERROR] Failed to load resource: net::ERR_INTERNET_DISCONNECTED @ https://www.google.com/images/cleardot.gif?zx=8k74lyac1kgw:0
[189812935ms] [ERROR] Failed to load resource: net::ERR_INTERNET_DISCONNECTED @ https://www.google.com/recaptcha/enterprise/clr?k=6Lf3d9UsAAAAAILBqo6A909pmhyvtYmDoxaKtfMV:0
[189812937ms] [ERROR] Failed to load resource: net::ERR_INTERNET_DISCONNECTED @ https://www.google.com/recaptcha/enterprise/clr?k=6Lf3d9UsAAAAAILBqo6A909pmhyvtYmDoxaKtfMV:0
[189812939ms] [ERROR] Failed to load resource: net::ERR_INTERNET_DISCONNECTED @ https://www.google.com/recaptcha/enterprise/clr?k=6Lf3d9UsAAAAAILBqo6A909pmhyvtYmDoxaKtfMV:0
[191799073ms] [WARNING] [2026-09-03T12:54:40.888Z]  @firebase/auth: Auth (12.6.0): Error while retrieving App Check token: FirebaseError: AppCheck: ReCAPTCHA error. (appCheck/recaptcha-error). @ https://outrun.co.il/_next/static/chunks/2532-16f59635ee5a761a.js:14
[191799077ms] [ERROR] Failed to load resource: net::ERR_INTERNET_DISCONNECTED @ https://securetoken.googleapis.com/v1/token?key=AIzaSyCezG55zVQEZWCEs-lHzx_yQldg-Ej2X60:0
[191799078ms] [ERROR] Failed to load resource: net::ERR_INTERNET_DISCONNECTED @ https://www.google.com/recaptcha/enterprise/clr?k=6Lf3d9UsAAAAAILBqo6A909pmhyvtYmDoxaKtfMV:0
[191799079ms] [ERROR] Failed to load resource: net::ERR_INTERNET_DISCONNECTED @ https://www.google.com/recaptcha/enterprise/clr?k=6Lf3d9UsAAAAAILBqo6A909pmhyvtYmDoxaKtfMV:0
[191799081ms] [ERROR] Failed to load resource: net::ERR_INTERNET_DISCONNECTED @ https://www.google.com/recaptcha/enterprise/clr?k=6Lf3d9UsAAAAAILBqo6A909pmhyvtYmDoxaKtfMV:0
[191799082ms] [ERROR] Failed to load resource: net::ERR_INTERNET_DISCONNECTED @ https://www.google.com/recaptcha/enterprise/clr?k=6Lf3d9UsAAAAAILBqo6A909pmhyvtYmDoxaKtfMV:0
[191833763ms] [WARNING] [2026-09-03T12:55:15.577Z]  @firebase/auth: Auth (12.6.0): Error while retrieving App Check token: FirebaseError: AppCheck: ReCAPTCHA error. (appCheck/recaptcha-error). @ https://outrun.co.il/_next/static/chunks/2532-16f59635ee5a761a.js:14
[192033731ms] [WARNING] [2026-09-03T12:58:35.546Z]  @firebase/auth: Auth (12.6.0): Error while retrieving App Check token: FirebaseError: AppCheck: ReCAPTCHA error. (appCheck/recaptcha-error). @ https://outrun.co.il/_next/static/chunks/2532-16f59635ee5a761a.js:14
[192585435ms] [WARNING] [2026-09-03T13:07:47.249Z]  @firebase/auth: Auth (12.6.0): Error while retrieving App Check token: FirebaseError: AppCheck: ReCAPTCHA error. (appCheck/recaptcha-error). @ https://outrun.co.il/_next/static/chunks/2532-16f59635ee5a761a.js:14
[193728172ms] [ERROR] Failed to load resource: net::ERR_QUIC_PROTOCOL_ERROR.QUIC_PUBLIC_RESET @ https://firestore.googleapis.com/google.firestore.v1.Firestore/Listen/channel?gsessionid=kRjq_CBkMln6oGmRDaDJGmBRCixo9G2GfLRmEeXNQ3cZmu1pgDsskw&VER=8&database=projects%2Fappout-1%2Fdatabases%2F(default)&RID=rpc&SID=mBYPIMDC_8trRj1V1n9QoQ&AID=44&CI=0&TYPE=xmlhttp&zx=67f0rwe5v0di&t=1:0
[193728401ms] [ERROR] Failed to load resource: the server responded with a status of 400 () @ https://firestore.googleapis.com/google.firestore.v1.Firestore/Listen/channel?gsessionid=kRjq_CBkMln6oGmRDaDJGmBRCixo9G2GfLRmEeXNQ3cZmu1pgDsskw&VER=8&database=projects%2Fappout-1%2Fdatabases%2F(default)&RID=rpc&SID=mBYPIMDC_8trRj1V1n9QoQ&AID=45&CI=0&TYPE=xmlhttp&zx=sqggh7g7p5l4&t=1:0
[193728404ms] [WARNING] [2026-09-03T13:26:50.218Z]  @firebase/firestore: Firestore (12.6.0): WebChannelConnection RPC 'Listen' stream 0x247e791d transport errored. Name: undefined Message: undefined @ https://outrun.co.il/_next/static/chunks/2532-16f59635ee5a761a.js:14
[194589294ms] [ERROR] Failed to load resource: net::ERR_NETWORK_IO_SUSPENDED @ https://firestore.googleapis.com/google.firestore.v1.Firestore/Listen/channel?gsessionid=xo30TuHgmBOnF0T_Pro19YiXJU1UEpHKx-FVOSwkD8lXZ65YXEws2w&VER=8&database=projects%2Fappout-1%2Fdatabases%2F(default)&RID=rpc&SID=J3tcA7TursTcMn9iBZhaCA&AID=0&CI=0&TYPE=xmlhttp&zx=m6v2abtrw8bi&t=1:0
[194599322ms] [ERROR] Failed to load resource: net::ERR_NETWORK_CHANGED @ https://firestore.googleapis.com/google.firestore.v1.Firestore/Listen/channel?gsessionid=xo30TuHgmBOnF0T_Pro19YiXJU1UEpHKx-FVOSwkD8lXZ65YXEws2w&VER=8&database=projects%2Fappout-1%2Fdatabases%2F(default)&RID=rpc&SID=J3tcA7TursTcMn9iBZhaCA&AID=15&CI=0&TYPE=xmlhttp&zx=7ga5tjzf18ef&t=1:0
[194878991ms] [ERROR] Failed to load resource: net::ERR_NETWORK_CHANGED @ https://firestore.googleapis.com/google.firestore.v1.Firestore/Listen/channel?gsessionid=xo30TuHgmBOnF0T_Pro19YiXJU1UEpHKx-FVOSwkD8lXZ65YXEws2w&VER=8&database=projects%2Fappout-1%2Fdatabases%2F(default)&RID=rpc&SID=J3tcA7TursTcMn9iBZhaCA&AID=16&CI=0&TYPE=xmlhttp&zx=vh9kx9ii8qwe&t=1:0
[194879880ms] [ERROR] Failed to load resource: the server responded with a status of 400 () @ https://firestore.googleapis.com/google.firestore.v1.Firestore/Listen/channel?gsessionid=xo30TuHgmBOnF0T_Pro19YiXJU1UEpHKx-FVOSwkD8lXZ65YXEws2w&VER=8&database=projects%2Fappout-1%2Fdatabases%2F(default)&RID=rpc&SID=J3tcA7TursTcMn9iBZhaCA&AID=18&CI=0&TYPE=xmlhttp&zx=2yr9niadct6r&t=1:0
[194879882ms] [WARNING] [2026-09-03T13:46:01.696Z]  @firebase/firestore: Firestore (12.6.0): WebChannelConnection RPC 'Listen' stream 0x247e7920 transport errored. Name: undefined Message: undefined @ https://outrun.co.il/_next/static/chunks/2532-16f59635ee5a761a.js:14
[195826496ms] [ERROR] Failed to load resource: net::ERR_NETWORK_CHANGED @ https://firestore.googleapis.com/google.firestore.v1.Firestore/Listen/channel?gsessionid=CZnDGZj4n4ryYN9MYCS3tphijafwTasPCFekWx91jVKIxA9hiKcl3g&VER=8&database=projects%2Fappout-1%2Fdatabases%2F(default)&RID=rpc&SID=BlTzYcu0cGho4MtRDKBxAQ&AID=0&CI=0&TYPE=xmlhttp&zx=5p412is6xhxu&t=1:0
[195827506ms] [ERROR] Failed to load resource: the server responded with a status of 400 () @ https://firestore.googleapis.com/google.firestore.v1.Firestore/Listen/channel?gsessionid=CZnDGZj4n4ryYN9MYCS3tphijafwTasPCFekWx91jVKIxA9hiKcl3g&VER=8&database=projects%2Fappout-1%2Fdatabases%2F(default)&RID=rpc&SID=BlTzYcu0cGho4MtRDKBxAQ&AID=12&CI=0&TYPE=xmlhttp&zx=ei7klvtcxfro&t=1:0
[195827508ms] [WARNING] [2026-09-03T14:01:49.323Z]  @firebase/firestore: Firestore (12.6.0): WebChannelConnection RPC 'Listen' stream 0x247e7921 transport errored. Name: undefined Message: undefined @ https://outrun.co.il/_next/static/chunks/2532-16f59635ee5a761a.js:14
[195838879ms] [WARNING] [2026-09-03T14:02:00.693Z]  @firebase/auth: Auth (12.6.0): Error while retrieving App Check token: FirebaseError: AppCheck: ReCAPTCHA error. (appCheck/recaptcha-error). @ https://outrun.co.il/_next/static/chunks/2532-16f59635ee5a761a.js:14
[196774285ms] [ERROR] Failed to load resource: net::ERR_NETWORK_CHANGED @ https://firestore.googleapis.com/google.firestore.v1.Firestore/Listen/channel?gsessionid=FJB5Jirh3S4n0LYQa3JO7oW0izvbKVOCTFaiZ6Vc8tAc3a2xPOUu8w&VER=8&database=projects%2Fappout-1%2Fdatabases%2F(default)&RID=rpc&SID=2URsloF0fWD1e6NdazZzog&AID=0&CI=0&TYPE=xmlhttp&zx=espzufrq7jbm&t=1:0
[196775447ms] [ERROR] Failed to load resource: the server responded with a status of 400 () @ https://firestore.googleapis.com/google.firestore.v1.Firestore/Listen/channel?gsessionid=FJB5Jirh3S4n0LYQa3JO7oW0izvbKVOCTFaiZ6Vc8tAc3a2xPOUu8w&VER=8&database=projects%2Fappout-1%2Fdatabases%2F(default)&RID=rpc&SID=2URsloF0fWD1e6NdazZzog&AID=13&CI=0&TYPE=xmlhttp&zx=z4x5cci9bz81&t=1:0
[196775455ms] [WARNING] [2026-09-03T14:17:37.269Z]  @firebase/firestore: Firestore (12.6.0): WebChannelConnection RPC 'Listen' stream 0x247e7923 transport errored. Name: undefined Message: undefined @ https://outrun.co.il/_next/static/chunks/2532-16f59635ee5a761a.js:14
[197759581ms] [ERROR] Failed to load resource: net::ERR_NETWORK_CHANGED @ https://firestore.googleapis.com/google.firestore.v1.Firestore/Listen/channel?gsessionid=q-azd4cec5Hy_pu_OO_ljlp1e0xwnHF3mWGMXp9xbKyXItbuXM02Fg&VER=8&database=projects%2Fappout-1%2Fdatabases%2F(default)&RID=rpc&SID=tCm-tj4uA3Ry2gDVBUeMFw&AID=0&CI=0&TYPE=xmlhttp&zx=amswov29utmb&t=1:0
[197759647ms] [ERROR] Failed to load resource: net::ERR_NETWORK_CHANGED @ https://firestore.googleapis.com/google.firestore.v1.Firestore/Listen/channel?gsessionid=q-azd4cec5Hy_pu_OO_ljlp1e0xwnHF3mWGMXp9xbKyXItbuXM02Fg&VER=8&database=projects%2Fappout-1%2Fdatabases%2F(default)&RID=rpc&SID=tCm-tj4uA3Ry2gDVBUeMFw&AID=12&CI=0&TYPE=xmlhttp&zx=2ioi8vxrnifg&t=1:0
[197760763ms] [ERROR] Failed to load resource: the server responded with a status of 400 () @ https://firestore.googleapis.com/google.firestore.v1.Firestore/Listen/channel?gsessionid=q-azd4cec5Hy_pu_OO_ljlp1e0xwnHF3mWGMXp9xbKyXItbuXM02Fg&VER=8&database=projects%2Fappout-1%2Fdatabases%2F(default)&RID=rpc&SID=tCm-tj4uA3Ry2gDVBUeMFw&AID=12&CI=0&TYPE=xmlhttp&zx=7rbur8ic5exq&t=2:0
[197760764ms] [WARNING] [2026-09-03T14:34:02.578Z]  @firebase/firestore: Firestore (12.6.0): WebChannelConnection RPC 'Listen' stream 0x247e7924 transport errored. Name: undefined Message: undefined @ https://outrun.co.il/_next/static/chunks/2532-16f59635ee5a761a.js:14
[197817475ms] [ERROR] Failed to load resource: net::ERR_NETWORK_CHANGED @ https://firestore.googleapis.com/google.firestore.v1.Firestore/Listen/channel?gsessionid=QVlcZ29-CIrawWMElnBjbXm7KIaqGuhQ_cx6al0b1CPdzaNylxD28g&VER=8&database=projects%2Fappout-1%2Fdatabases%2F(default)&RID=rpc&SID=Jwff605FuJmMNbWaL8TlLg&AID=14&CI=1&TYPE=xmlhttp&zx=are7bt1t9l2e&t=1:0
[198363691ms] [ERROR] Failed to load resource: net::ERR_NETWORK_CHANGED @ https://firestore.googleapis.com/google.firestore.v1.Firestore/Listen/channel?gsessionid=QVlcZ29-CIrawWMElnBjbXm7KIaqGuhQ_cx6al0b1CPdzaNylxD28g&VER=8&database=projects%2Fappout-1%2Fdatabases%2F(default)&RID=rpc&SID=Jwff605FuJmMNbWaL8TlLg&AID=20&CI=1&TYPE=xmlhttp&zx=zhzeu4t9j54c&t=1:0
[198363792ms] [ERROR] Failed to load resource: net::ERR_NETWORK_CHANGED @ https://firestore.googleapis.com/google.firestore.v1.Firestore/Listen/channel?gsessionid=QVlcZ29-CIrawWMElnBjbXm7KIaqGuhQ_cx6al0b1CPdzaNylxD28g&VER=8&database=projects%2Fappout-1%2Fdatabases%2F(default)&RID=rpc&SID=Jwff605FuJmMNbWaL8TlLg&AID=21&CI=1&TYPE=xmlhttp&zx=6g4iv2jp5hw&t=1:0
[198363917ms] [ERROR] Failed to load resource: net::ERR_NETWORK_CHANGED @ https://firestore.googleapis.com/google.firestore.v1.Firestore/Listen/channel?gsessionid=QVlcZ29-CIrawWMElnBjbXm7KIaqGuhQ_cx6al0b1CPdzaNylxD28g&VER=8&database=projects%2Fappout-1%2Fdatabases%2F(default)&RID=rpc&SID=Jwff605FuJmMNbWaL8TlLg&AID=21&CI=1&TYPE=xmlhttp&zx=bkbgbep5nwz1&t=2:0
[198369490ms] [ERROR] Failed to load resource: the server responded with a status of 400 () @ https://firestore.googleapis.com/google.firestore.v1.Firestore/Listen/channel?gsessionid=QVlcZ29-CIrawWMElnBjbXm7KIaqGuhQ_cx6al0b1CPdzaNylxD28g&VER=8&database=projects%2Fappout-1%2Fdatabases%2F(default)&RID=rpc&SID=Jwff605FuJmMNbWaL8TlLg&AID=21&CI=1&TYPE=xmlhttp&zx=ant3sl57tm8j&t=3:0
[198369492ms] [WARNING] [2026-09-03T14:44:11.306Z]  @firebase/firestore: Firestore (12.6.0): WebChannelConnection RPC 'Listen' stream 0x247e7925 transport errored. Name: undefined Message: undefined @ https://outrun.co.il/_next/static/chunks/2532-16f59635ee5a761a.js:14
[198410974ms] [ERROR] Failed to load resource: net::ERR_NETWORK_CHANGED @ https://firestore.googleapis.com/google.firestore.v1.Firestore/Listen/channel?gsessionid=KIPRpN3JgyDqJ521OpipyuW8NZ1GOUdK6VmElL00YQtGC__YYBRdzA&VER=8&database=projects%2Fappout-1%2Fdatabases%2F(default)&RID=rpc&SID=co77O68RepKrrXsGQZ-0gg&AID=0&CI=0&TYPE=xmlhttp&zx=mh886dpf23ep&t=1:0
[198459011ms] [ERROR] Failed to load resource: net::ERR_NETWORK_CHANGED @ https://firestore.googleapis.com/google.firestore.v1.Firestore/Listen/channel?gsessionid=KIPRpN3JgyDqJ521OpipyuW8NZ1GOUdK6VmElL00YQtGC__YYBRdzA&VER=8&database=projects%2Fappout-1%2Fdatabases%2F(default)&RID=rpc&SID=co77O68RepKrrXsGQZ-0gg&AID=13&CI=0&TYPE=xmlhttp&zx=8tda7vs1pkha&t=1:0
[199435066ms] [ERROR] Failed to load resource: net::ERR_NETWORK_CHANGED @ https://firestore.googleapis.com/google.firestore.v1.Firestore/Listen/channel?gsessionid=KIPRpN3JgyDqJ521OpipyuW8NZ1GOUdK6VmElL00YQtGC__YYBRdzA&VER=8&database=projects%2Fappout-1%2Fdatabases%2F(default)&RID=rpc&SID=co77O68RepKrrXsGQZ-0gg&AID=16&CI=0&TYPE=xmlhttp&zx=qu8t9qcblj4f&t=1:0
[199435863ms] [ERROR] Failed to load resource: the server responded with a status of 400 () @ https://firestore.googleapis.com/google.firestore.v1.Firestore/Listen/channel?gsessionid=KIPRpN3JgyDqJ521OpipyuW8NZ1GOUdK6VmElL00YQtGC__YYBRdzA&VER=8&database=projects%2Fappout-1%2Fdatabases%2F(default)&RID=rpc&SID=co77O68RepKrrXsGQZ-0gg&AID=19&CI=0&TYPE=xmlhttp&zx=5aymcipsyxle&t=1:0
[199436179ms] [WARNING] [2026-09-03T15:01:57.952Z]  @firebase/firestore: Firestore (12.6.0): WebChannelConnection RPC 'Listen' stream 0x247e7926 transport errored. Name: undefined Message: undefined @ https://outrun.co.il/_next/static/chunks/2532-16f59635ee5a761a.js:14
[199436429ms] [WARNING] [2026-09-03T15:01:58.243Z]  @firebase/auth: Auth (12.6.0): Error while retrieving App Check token: FirebaseError: AppCheck: ReCAPTCHA error. (appCheck/recaptcha-error). @ https://outrun.co.il/_next/static/chunks/2532-16f59635ee5a761a.js:14
[199510063ms] [ERROR] Failed to load resource: net::ERR_NETWORK_CHANGED @ https://firestore.googleapis.com/google.firestore.v1.Firestore/Listen/channel?gsessionid=RuiO9C2eyGXW2YON_cVrGOvNICL6APPOdkuxP2UVlUCnuGzOSxW1LA&VER=8&database=projects%2Fappout-1%2Fdatabases%2F(default)&RID=rpc&SID=cmh-aEkbDa9qglqydVPPxw&AID=0&CI=0&TYPE=xmlhttp&zx=b06jogjqr544&t=1:0
[199510161ms] [ERROR] Failed to load resource: net::ERR_NETWORK_CHANGED @ https://firestore.googleapis.com/google.firestore.v1.Firestore/Listen/channel?gsessionid=RuiO9C2eyGXW2YON_cVrGOvNICL6APPOdkuxP2UVlUCnuGzOSxW1LA&VER=8&database=projects%2Fappout-1%2Fdatabases%2F(default)&RID=rpc&SID=cmh-aEkbDa9qglqydVPPxw&AID=12&CI=0&TYPE=xmlhttp&zx=be4khtkmobp&t=1:0
[199510191ms] [ERROR] Failed to load resource: net::ERR_NAME_NOT_RESOLVED @ https://firestore.googleapis.com/google.firestore.v1.Firestore/Listen/channel?gsessionid=RuiO9C2eyGXW2YON_cVrGOvNICL6APPOdkuxP2UVlUCnuGzOSxW1LA&VER=8&database=projects%2Fappout-1%2Fdatabases%2F(default)&RID=rpc&SID=cmh-aEkbDa9qglqydVPPxw&AID=12&CI=0&TYPE=xmlhttp&zx=3bgphhzahwcz&t=2:0
[199648640ms] [ERROR] Failed to load resource: net::ERR_NETWORK_CHANGED @ https://firestore.googleapis.com/google.firestore.v1.Firestore/Listen/channel?gsessionid=RuiO9C2eyGXW2YON_cVrGOvNICL6APPOdkuxP2UVlUCnuGzOSxW1LA&VER=8&database=projects%2Fappout-1%2Fdatabases%2F(default)&RID=rpc&SID=cmh-aEkbDa9qglqydVPPxw&AID=12&CI=0&TYPE=xmlhttp&zx=ian93i8m5fz&t=3:0
[199649866ms] [ERROR] Failed to load resource: the server responded with a status of 400 () @ https://firestore.googleapis.com/google.firestore.v1.Firestore/Listen/channel?gsessionid=RuiO9C2eyGXW2YON_cVrGOvNICL6APPOdkuxP2UVlUCnuGzOSxW1LA&VER=8&database=projects%2Fappout-1%2Fdatabases%2F(default)&RID=rpc&SID=cmh-aEkbDa9qglqydVPPxw&AID=15&CI=0&TYPE=xmlhttp&zx=zhozepc41qhz&t=1:0
[199649894ms] [WARNING] [2026-09-03T15:05:31.707Z]  @firebase/firestore: Firestore (12.6.0): WebChannelConnection RPC 'Listen' stream 0x247e7928 transport errored. Name: undefined Message: undefined @ https://outrun.co.il/_next/static/chunks/2532-16f59635ee5a761a.js:14
[199762793ms] [ERROR] Failed to load resource: net::ERR_NETWORK_CHANGED @ https://firestore.googleapis.com/google.firestore.v1.Firestore/Listen/channel?gsessionid=BXRJMhUJzgm5TCBw6wGvd5JDNcv3ApnZoYWLiJCdFZLw-M_Rjj-V-A&VER=8&database=projects%2Fappout-1%2Fdatabases%2F(default)&RID=rpc&SID=TSicjfACpufQncrGVx6HrA&AID=21&CI=1&TYPE=xmlhttp&zx=4i6qrcte96kc&t=1:0
[199762858ms] [ERROR] Failed to load resource: net::ERR_NETWORK_CHANGED @ https://firestore.googleapis.com/google.firestore.v1.Firestore/Listen/channel?gsessionid=BXRJMhUJzgm5TCBw6wGvd5JDNcv3ApnZoYWLiJCdFZLw-M_Rjj-V-A&VER=8&database=projects%2Fappout-1%2Fdatabases%2F(default)&RID=rpc&SID=TSicjfACpufQncrGVx6HrA&AID=22&CI=1&TYPE=xmlhttp&zx=k3bfgedp31o&t=1:0
[200063406ms] [ERROR] Failed to load resource: net::ERR_NETWORK_CHANGED @ https://firestore.googleapis.com/google.firestore.v1.Firestore/Listen/channel?gsessionid=BXRJMhUJzgm5TCBw6wGvd5JDNcv3ApnZoYWLiJCdFZLw-M_Rjj-V-A&VER=8&database=projects%2Fappout-1%2Fdatabases%2F(default)&RID=rpc&SID=TSicjfACpufQncrGVx6HrA&AID=24&CI=1&TYPE=xmlhttp&zx=oo91zpy7rx3o&t=1:0
[200063738ms] [ERROR] Failed to load resource: net::ERR_NETWORK_CHANGED @ https://firestore.googleapis.com/google.firestore.v1.Firestore/Listen/channel?gsessionid=BXRJMhUJzgm5TCBw6wGvd5JDNcv3ApnZoYWLiJCdFZLw-M_Rjj-V-A&VER=8&database=projects%2Fappout-1%2Fdatabases%2F(default)&RID=rpc&SID=TSicjfACpufQncrGVx6HrA&AID=25&CI=1&TYPE=xmlhttp&zx=8im1ngy8gztc&t=1:0
[200064508ms] [ERROR] Failed to load resource: the server responded with a status of 400 () @ https://firestore.googleapis.com/google.firestore.v1.Firestore/Listen/channel?gsessionid=BXRJMhUJzgm5TCBw6wGvd5JDNcv3ApnZoYWLiJCdFZLw-M_Rjj-V-A&VER=8&database=projects%2Fappout-1%2Fdatabases%2F(default)&RID=rpc&SID=TSicjfACpufQncrGVx6HrA&AID=25&CI=1&TYPE=xmlhttp&zx=9u2k2y4agxjt&t=2:0
[200064510ms] [WARNING] [2026-09-03T15:12:26.325Z]  @firebase/firestore: Firestore (12.6.0): WebChannelConnection RPC 'Listen' stream 0x247e7929 transport errored. Name: undefined Message: undefined @ https://outrun.co.il/_next/static/chunks/2532-16f59635ee5a761a.js:14
[201025157ms] [ERROR] Failed to load resource: net::ERR_NETWORK_CHANGED @ https://firestore.googleapis.com/google.firestore.v1.Firestore/Listen/channel?gsessionid=_kN1EbQbyR0bHVFceU_loafvO0UPJyzfmq60vzg3GrTi1b1TgMPBjA&VER=8&database=projects%2Fappout-1%2Fdatabases%2F(default)&RID=rpc&SID=jRpB2BzI8vPdIv2TZYwomA&AID=14&CI=1&TYPE=xmlhttp&zx=wuv22sdj2i4&t=1:0
[201026155ms] [ERROR] Failed to load resource: the server responded with a status of 400 () @ https://firestore.googleapis.com/google.firestore.v1.Firestore/Listen/channel?gsessionid=_kN1EbQbyR0bHVFceU_loafvO0UPJyzfmq60vzg3GrTi1b1TgMPBjA&VER=8&database=projects%2Fappout-1%2Fdatabases%2F(default)&RID=rpc&SID=jRpB2BzI8vPdIv2TZYwomA&AID=15&CI=1&TYPE=xmlhttp&zx=55v5waujpgut&t=1:0
[201026378ms] [WARNING] [2026-09-03T15:28:28.192Z]  @firebase/firestore: Firestore (12.6.0): WebChannelConnection RPC 'Listen' stream 0x247e792a transport errored. Name: undefined Message: undefined @ https://outrun.co.il/_next/static/chunks/2532-16f59635ee5a761a.js:14
[201849924ms] [ERROR] Failed to load resource: net::ERR_NETWORK_CHANGED @ https://firestore.googleapis.com/google.firestore.v1.Firestore/Listen/channel?gsessionid=26HV2XjALAEtkmrO3OH4Azo6IvI5aYX7ReG_CfH9Ox4T-W7FFEHomw&VER=8&database=projects%2Fappout-1%2Fdatabases%2F(default)&RID=rpc&SID=Sd41xYbJQqoLws5Rjs5Zpw&AID=0&CI=0&TYPE=xmlhttp&zx=x4uog1ochxtp&t=1:0
[201850866ms] [ERROR] Failed to load resource: the server responded with a status of 400 () @ https://firestore.googleapis.com/google.firestore.v1.Firestore/Listen/channel?gsessionid=26HV2XjALAEtkmrO3OH4Azo6IvI5aYX7ReG_CfH9Ox4T-W7FFEHomw&VER=8&database=projects%2Fappout-1%2Fdatabases%2F(default)&RID=rpc&SID=Sd41xYbJQqoLws5Rjs5Zpw&AID=11&CI=0&TYPE=xmlhttp&zx=ox49ormr5xao&t=1:0
[201850870ms] [WARNING] [2026-09-03T15:42:12.684Z]  @firebase/firestore: Firestore (12.6.0): WebChannelConnection RPC 'Listen' stream 0x247e792b transport errored. Name: undefined Message: undefined @ https://outrun.co.il/_next/static/chunks/2532-16f59635ee5a761a.js:14
[202158289ms] [ERROR] Failed to load resource: net::ERR_NETWORK_CHANGED @ https://firestore.googleapis.com/google.firestore.v1.Firestore/Listen/channel?gsessionid=xdaiFRnpahIADIYvfL0eEDL91wvMCf0G7BBxZb4ROAjvcX0sdkeyEQ&VER=8&database=projects%2Fappout-1%2Fdatabases%2F(default)&RID=rpc&SID=lO7SAf6JPCCoJ7VcPSXkdA&AID=0&CI=0&TYPE=xmlhttp&zx=jj3btxlh9loc&t=1:0
[202159740ms] [ERROR] Failed to load resource: the server responded with a status of 400 () @ https://firestore.googleapis.com/google.firestore.v1.Firestore/Listen/channel?gsessionid=xdaiFRnpahIADIYvfL0eEDL91wvMCf0G7BBxZb4ROAjvcX0sdkeyEQ&VER=8&database=projects%2Fappout-1%2Fdatabases%2F(default)&RID=rpc&SID=lO7SAf6JPCCoJ7VcPSXkdA&AID=12&CI=0&TYPE=xmlhttp&zx=6g5g1hblxjlw&t=1:0
[202159742ms] [WARNING] [2026-09-03T15:47:21.556Z]  @firebase/firestore: Firestore (12.6.0): WebChannelConnection RPC 'Listen' stream 0x247e792c transport errored. Name: undefined Message: undefined @ https://outrun.co.il/_next/static/chunks/2532-16f59635ee5a761a.js:14
[202346746ms] [ERROR] Failed to load resource: net::ERR_NETWORK_CHANGED @ https://firestore.googleapis.com/google.firestore.v1.Firestore/Listen/channel?gsessionid=jBeUfqLrpZ6sJqcjerRhLSyQIxjF0MWxLYjqkr2X5YIZmnmZLaKI3Q&VER=8&database=projects%2Fappout-1%2Fdatabases%2F(default)&RID=rpc&SID=Amv_NZjYdZ2F-xfldk_9Aw&AID=23&CI=1&TYPE=xmlhttp&zx=chnkl566kd1v&t=1:0
[202641287ms] [ERROR] Failed to load resource: net::ERR_NETWORK_CHANGED @ https://firestore.googleapis.com/google.firestore.v1.Firestore/Listen/channel?gsessionid=jBeUfqLrpZ6sJqcjerRhLSyQIxjF0MWxLYjqkr2X5YIZmnmZLaKI3Q&VER=8&database=projects%2Fappout-1%2Fdatabases%2F(default)&RID=rpc&SID=Amv_NZjYdZ2F-xfldk_9Aw&AID=30&CI=1&TYPE=xmlhttp&zx=pqv9ieo93qg2&t=1:0
[202642755ms] [ERROR] Failed to load resource: the server responded with a status of 400 () @ https://firestore.googleapis.com/google.firestore.v1.Firestore/Listen/channel?gsessionid=jBeUfqLrpZ6sJqcjerRhLSyQIxjF0MWxLYjqkr2X5YIZmnmZLaKI3Q&VER=8&database=projects%2Fappout-1%2Fdatabases%2F(default)&RID=rpc&SID=Amv_NZjYdZ2F-xfldk_9Aw&AID=31&CI=1&TYPE=xmlhttp&zx=qd83a7b2a523&t=1:0
[202642757ms] [WARNING] [2026-09-03T15:55:24.572Z]  @firebase/firestore: Firestore (12.6.0): WebChannelConnection RPC 'Listen' stream 0x247e792d transport errored. Name: undefined Message: undefined @ https://outrun.co.il/_next/static/chunks/2532-16f59635ee5a761a.js:14
[202720019ms] [ERROR] Failed to load resource: net::ERR_NETWORK_CHANGED @ https://firestore.googleapis.com/google.firestore.v1.Firestore/Listen/channel?gsessionid=6EF69SwADU2utZES27dzAIP2IsLuyFMTmgzwOqetfqlnvgHI9yxpBg&VER=8&database=projects%2Fappout-1%2Fdatabases%2F(default)&RID=rpc&SID=zXMPLif1pOiVfWMhZZNgiA&AID=15&CI=1&TYPE=xmlhttp&zx=3oz8wasb3y83&t=1:0
[202720586ms] [ERROR] Failed to load resource: net::ERR_NAME_NOT_RESOLVED @ https://firestore.googleapis.com/google.firestore.v1.Firestore/Listen/channel?gsessionid=6EF69SwADU2utZES27dzAIP2IsLuyFMTmgzwOqetfqlnvgHI9yxpBg&VER=8&database=projects%2Fappout-1%2Fdatabases%2F(default)&RID=rpc&SID=zXMPLif1pOiVfWMhZZNgiA&AID=16&CI=1&TYPE=xmlhttp&zx=35xtu9ropptz&t=1:0
[202724351ms] [ERROR] Failed to load resource: net::ERR_NETWORK_IO_SUSPENDED @ https://firestore.googleapis.com/google.firestore.v1.Firestore/Listen/channel?gsessionid=6EF69SwADU2utZES27dzAIP2IsLuyFMTmgzwOqetfqlnvgHI9yxpBg&VER=8&database=projects%2Fappout-1%2Fdatabases%2F(default)&RID=rpc&SID=zXMPLif1pOiVfWMhZZNgiA&AID=18&CI=1&TYPE=xmlhttp&zx=hcwo63ymmka1&t=1:0
[203753189ms] [ERROR] Failed to load resource: the server responded with a status of 400 () @ https://firestore.googleapis.com/google.firestore.v1.Firestore/Listen/channel?gsessionid=6EF69SwADU2utZES27dzAIP2IsLuyFMTmgzwOqetfqlnvgHI9yxpBg&VER=8&database=projects%2Fappout-1%2Fdatabases%2F(default)&RID=rpc&SID=zXMPLif1pOiVfWMhZZNgiA&AID=28&CI=1&TYPE=xmlhttp&zx=o9o04vhhe31a&t=2:0
[203753201ms] [WARNING] [2026-09-03T16:13:55.015Z]  @firebase/firestore: Firestore (12.6.0): WebChannelConnection RPC 'Listen' stream 0x247e792e transport errored. Name: undefined Message: undefined @ https://outrun.co.il/_next/static/chunks/2532-16f59635ee5a761a.js:14
[203753246ms] [WARNING] [2026-09-03T16:13:55.061Z]  @firebase/auth: Auth (12.6.0): Error while retrieving App Check token: FirebaseError: AppCheck: ReCAPTCHA error. (appCheck/recaptcha-error). @ https://outrun.co.il/_next/static/chunks/2532-16f59635ee5a761a.js:14
[204045657ms] [WARNING] [2026-09-03T16:18:47.471Z]  @firebase/auth: Auth (12.6.0): Error while retrieving App Check token: FirebaseError: AppCheck: ReCAPTCHA error. (appCheck/recaptcha-error). @ https://outrun.co.il/_next/static/chunks/2532-16f59635ee5a761a.js:14
[204600570ms] [WARNING] [2026-09-03T16:28:02.381Z]  @firebase/auth: Auth (12.6.0): Error while retrieving App Check token: FirebaseError: AppCheck: ReCAPTCHA error. (appCheck/recaptcha-error). @ https://outrun.co.il/_next/static/chunks/2532-16f59635ee5a761a.js:14
[205776502ms] [WARNING] [2026-09-03T16:47:38.316Z]  @firebase/auth: Auth (12.6.0): Error while retrieving App Check token: FirebaseError: AppCheck: ReCAPTCHA error. (appCheck/recaptcha-error). @ https://outrun.co.il/_next/static/chunks/2532-16f59635ee5a761a.js:14
[207035050ms] [WARNING] [2026-09-03T17:08:36.864Z]  @firebase/auth: Auth (12.6.0): Error while retrieving App Check token: FirebaseError: AppCheck: ReCAPTCHA error. (appCheck/recaptcha-error). @ https://outrun.co.il/_next/static/chunks/2532-16f59635ee5a761a.js:14
[207035575ms] [WARNING] [2026-09-03T17:08:37.389Z]  @firebase/auth: Auth (12.6.0): Error while retrieving App Check token: FirebaseError: AppCheck: ReCAPTCHA error. (appCheck/recaptcha-error). @ https://outrun.co.il/_next/static/chunks/2532-16f59635ee5a761a.js:14
[207035575ms] [WARNING] [2026-09-03T17:08:37.389Z]  @firebase/auth: Auth (12.6.0): Error while retrieving App Check token: FirebaseError: AppCheck: ReCAPTCHA error. (appCheck/recaptcha-error). @ https://outrun.co.il/_next/static/chunks/2532-16f59635ee5a761a.js:14
[207036371ms] [LOG] [getAuthoritiesByManager] Super Admin — returning all 79 top-level authorities @ https://outrun.co.il/_next/static/chunks/7034-97f1e54ecbd3eb78.js:0
[207037064ms] [LOG] [getAuthoritiesByManager] Super Admin — returning all 79 top-level authorities @ https://outrun.co.il/_next/static/chunks/7034-97f1e54ecbd3eb78.js:0
[207037383ms] [LOG] [getAuthoritiesByManager] Super Admin — returning all 79 top-level authorities @ https://outrun.co.il/_next/static/chunks/7034-97f1e54ecbd3eb78.js:0
[207038681ms] [LOG] [getAuthoritiesByManager] Super Admin — returning all 79 top-level authorities @ https://outrun.co.il/_next/static/chunks/7034-97f1e54ecbd3eb78.js:0
[207050856ms] [WARNING] [EditExercisePage] Sanitized methodName from object: פיסטול סקוואט בבית @ https://outrun.co.il/_next/static/chunks/app/admin/exercises/%5Bid%5D/page-eaec88f6a90b3360.js:0
[207050856ms] [WARNING] [EditExercisePage] Sanitized methodName from object: פיסטול סקוואט בפארק @ https://outrun.co.il/_next/static/chunks/app/admin/exercises/%5Bid%5D/page-eaec88f6a90b3360.js:0
[207050856ms] [WARNING] [EditExercisePage] Sanitized methodName from object: פיסטול סקוואט ברחוב @ https://outrun.co.il/_next/static/chunks/app/admin/exercises/%5Bid%5D/page-eaec88f6a90b3360.js:0
[207050856ms] [WARNING] [EditExercisePage] Sanitized methodName from object: פיסטול סקוואט במשרד @ https://outrun.co.il/_next/static/chunks/app/admin/exercises/%5Bid%5D/page-eaec88f6a90b3360.js:0
[207050989ms] [LOG] [ExerciseEditorForm] Loading initial data with ALL metadata fields: {primaryMuscle: glutes, secondaryMuscles: Array(5), movementGroup: squat, movementType: compound, symmetry: unilateral} @ https://outrun.co.il/_next/static/chunks/7611-361f36925045c8eb.js:0
[207053009ms] [LOG] [useMethodsAutosave] Draft saved to localStorage {exerciseId: MlOTF9ODoGXmsPkQHUyd, methodCount: 4, timestamp: 2026-09-03T17:08:54.823Z} @ https://outrun.co.il/_next/static/chunks/7611-361f36925045c8eb.js:0
[207078968ms] [WARNING] [EditExercisePage] Sanitized methodName from object: פיסטול סקוואט שלילי ימין בפארק @ https://outrun.co.il/_next/static/chunks/app/admin/exercises/%5Bid%5D/page-eaec88f6a90b3360.js:0
[207078968ms] [WARNING] [EditExercisePage] Sanitized methodName from object: פיסטול סקוואט שלילי ימין בבית @ https://outrun.co.il/_next/static/chunks/app/admin/exercises/%5Bid%5D/page-eaec88f6a90b3360.js:0
[207078985ms] [LOG] [ExerciseEditorForm] Loading initial data with ALL metadata fields: {primaryMuscle: undefined, secondaryMuscles: Array(0), movementGroup: undefined, movementType: undefined, symmetry: undefined} @ https://outrun.co.il/_next/static/chunks/7611-361f36925045c8eb.js:0
[207080990ms] [LOG] [useMethodsAutosave] Draft saved to localStorage {exerciseId: i5JiWYzTrmtMbpwN207A, methodCount: 2, timestamp: 2026-09-03T17:09:22.804Z} @ https://outrun.co.il/_next/static/chunks/7611-361f36925045c8eb.js:0
[207199107ms] [WARNING] [EditExercisePage] Sanitized methodName from object: פיסטול סקוואט מוגבה בבית @ https://outrun.co.il/_next/static/chunks/app/admin/exercises/%5Bid%5D/page-eaec88f6a90b3360.js:0
[207199107ms] [WARNING] [EditExercisePage] Sanitized methodName from object: פיסטול סקוואט מוגבה בפארק @ https://outrun.co.il/_next/static/chunks/app/admin/exercises/%5Bid%5D/page-eaec88f6a90b3360.js:0
[207199107ms] [WARNING] [EditExercisePage] Sanitized methodName from object: פיסטול סקוואט מוגבה ברחוב @ https://outrun.co.il/_next/static/chunks/app/admin/exercises/%5Bid%5D/page-eaec88f6a90b3360.js:0
[207199107ms] [WARNING] [EditExercisePage] Sanitized methodName from object: פיסטול סקוואט מוגבה במשרד @ https://outrun.co.il/_next/static/chunks/app/admin/exercises/%5Bid%5D/page-eaec88f6a90b3360.js:0
[207199142ms] [LOG] [ExerciseEditorForm] Loading initial data with ALL metadata fields: {primaryMuscle: glutes, secondaryMuscles: Array(5), movementGroup: squat, movementType: compound, symmetry: unilateral} @ https://outrun.co.il/_next/static/chunks/7611-361f36925045c8eb.js:0
[207201146ms] [LOG] [useMethodsAutosave] Draft saved to localStorage {exerciseId: Ox23f2tVbvGoly8Syr3o, methodCount: 4, timestamp: 2026-09-03T17:11:22.961Z} @ https://outrun.co.il/_next/static/chunks/7611-361f36925045c8eb.js:0
[207228372ms] [WARNING] [EditExercisePage] Sanitized methodName from object: פיסטול סקוואט שלילי ימין בפארק @ https://outrun.co.il/_next/static/chunks/app/admin/exercises/%5Bid%5D/page-eaec88f6a90b3360.js:0
[207228372ms] [WARNING] [EditExercisePage] Sanitized methodName from object: פיסטול סקוואט שלילי ימין בבית @ https://outrun.co.il/_next/static/chunks/app/admin/exercises/%5Bid%5D/page-eaec88f6a90b3360.js:0
[207228376ms] [LOG] [useMethodsAutosave] Draft loaded from localStorage {exerciseId: i5JiWYzTrmtMbpwN207A, methodCount: 2, savedAt: 2026-09-03T17:09:22.804Z} @ https://outrun.co.il/_next/static/chunks/7611-361f36925045c8eb.js:0
[207228376ms] [LOG] [ExerciseEditorForm] Loading initial data with ALL metadata fields: {primaryMuscle: undefined, secondaryMuscles: Array(0), movementGroup: undefined, movementType: undefined, symmetry: undefined} @ https://outrun.co.il/_next/static/chunks/7611-361f36925045c8eb.js:0
[207230394ms] [LOG] [useMethodsAutosave] Draft saved to localStorage {exerciseId: i5JiWYzTrmtMbpwN207A, methodCount: 2, timestamp: 2026-09-03T17:11:52.209Z} @ https://outrun.co.il/_next/static/chunks/7611-361f36925045c8eb.js:0
[207259042ms] [LOG] [useMethodsAutosave] Draft saved to localStorage {exerciseId: i5JiWYzTrmtMbpwN207A, methodCount: 2, timestamp: 2026-09-03T17:12:20.856Z} @ https://outrun.co.il/_next/static/chunks/7611-361f36925045c8eb.js:0
[207267264ms] [LOG] [useMethodsAutosave] Draft saved to localStorage {exerciseId: i5JiWYzTrmtMbpwN207A, methodCount: 2, timestamp: 2026-09-03T17:12:29.078Z} @ https://outrun.co.il/_next/static/chunks/7611-361f36925045c8eb.js:0
[207294839ms] [LOG] [Save] Fields being persisted: {muscles: Object, effort: Object, technical: Object, movement: Object, safety: Object} @ https://outrun.co.il/_next/static/chunks/7611-361f36925045c8eb.js:0
[207294839ms] [LOG] ================================================================================ @ https://outrun.co.il/_next/static/chunks/7611-361f36925045c8eb.js:0
[207294839ms] [LOG] [DEBUG] FINAL DATA BEFORE CALLING onSubmit: @ https://outrun.co.il/_next/static/chunks/7611-361f36925045c8eb.js:0
[207294839ms] [LOG] ================================================================================ @ https://outrun.co.il/_next/static/chunks/7611-361f36925045c8eb.js:0
[207294840ms] [LOG] [DEBUG] Classification Fields: {movementType: undefined, symmetry: unilateral, mechanicalType: undefined, movementGroup: squat} @ https://outrun.co.il/_next/static/chunks/7611-361f36925045c8eb.js:0
[207294840ms] [LOG] [DEBUG] Array Fields: {secondaryMuscles: Array(0), injuryShield: Array(0), tags: Array(0), requiredLocations: Array(2)} @ https://outrun.co.il/_next/static/chunks/7611-361f36925045c8eb.js:0
[207294840ms] [LOG] [DEBUG] Metrics Fields: {noiseLevel: undefined, sweatLevel: undefined, primaryMuscle: undefined} @ https://outrun.co.il/_next/static/chunks/7611-361f36925045c8eb.js:0
[207294840ms] [LOG] [DEBUG] Full syncedFormData JSON: {
  "name": {
    "he": "פיסטול סקוואט שלילי ימין",
    "en": ""
  },
  "supportedLangs": [],
  "type": "reps",
  "loggingMode": "reps",
  "equipment": [],
  "programIds": [
    "OrAmOH3F375dVio5yGdU"
  ],
  "media": {
    "imageUrl": "https://vz-b17872ab-7a7.b-cdn.net/0e49c78e-c31d-41d0-a7c0-8cfc7423cf17/thumbnail.jpg"
  },
  "muscleGroups": [],
  "secondaryMuscles": [],
  "content": {
    "description": {
      "he": "",
      "en": "",
      "es": ""
    },
    "instructions": {
      "he": "",
      "en": "",
      "es": ""
    },
    "specificCues": [],
    "highlights": []
  },
  "requiredUserGear": [],
  "base_movement_id": "pistol_squat",
  "movementGroup": "squat",
  "symmetry": "unilateral",
  "execution_methods": [
    {
      "requiredGearType": "user_gear",
      "gearIds": [],
      "equipmentIds": [],
      "media": {
        "videoDurationSeconds": null,
        "mainVideoUrl": null,
        "imageUrl": null
      },
      "methodName": "פיסטול סקוואט שלילי בפארק",
      "explanationStatus": "missing",
      "location": "park",
      "locationMapping": [
        "park"
      ],
      "specificCues": [],
      "highlights": [],
      "workflow": {
        "filmed": false,
        "filmedAt": null,
        "audio": false,
        "audioAt": null,
        "edited": false,
        "editedAt": null,
        "uploaded": false,
        "uploadedAt": null
      },
      "needsLongExplanation": false
    },
    {
      "locationMapping": [
        "home"
      ],
      "explanationStatus": "missing",
      "equipmentIds": [],
      "gearIds": [],
      "workflow": {
        "audioAt": null,
        "audio": false,
        "filmed": true,
        "editedAt": "2026-05-31T05:28:01.887Z",
        "uploadedAt": "2026-05-31T05:28:01.887Z",
        "edited": true,
        "uploaded": true,
        "filmedAt": "2026-05-31T05:28:01.887Z"
      },
      "location": "home",
      "methodName": "פיסטול סקוואט שלילי בבית",
      "media": {
        "videoDurationSeconds": null,
        "mainVideoUrl": "https://vz-b17872ab-7a7.b-cdn.net/0e49c78e-c31d-41d0-a7c0-8cfc7423cf17/play_360p.mp4",
        "bunnyVideoId_mainVideoUrl": "0e49c78e-c31d-41d0-a7c0-8cfc7423cf17",
        "imageUrl": "https://vz-b17872ab-7a7.b-cdn.net/0e49c78e-c31d-41d0-a7c0-8cfc7423cf17/thumbnail.jpg",
        "previewVideo": {
          "he": {
            "provider": "bunny",
            "updatedAt": "2026-05-30T20:35:49.521Z",
            "videoId": "0e49c78e-c31d-41d0-a7c0-8cfc7423cf17",
            "thumbnailUrl": "https://vz-b17872ab-7a7.b-cdn.net/0e49c78e-c31d-41d0-a7c0-8cfc7423cf17/thumbnail.jpg"
          }
        }
      },
      "requiredGearType": "improvised",
      "specificCues": [],
      "highlights": [],
      "needsLongExplanation": false
    }
  ],
  "targetPrograms": [
    {
      "programId": "OrAmOH3F375dVio5yGdU",
      "level": 8
    }
  ],
  "tags": [],
  "exerciseRole": "main",
  "isFollowAlong": false,
  "restDayProgramIds": [],
  "injuryShield": [],
  "requiredLocations": [
    "park",
    "home"
  ],
  "requiredTier": 1
} @ https://outrun.co.il/_next/static/chunks/7611-361f36925045c8eb.js:0
[207294840ms] [LOG] ================================================================================ @ https://outrun.co.il/_next/static/chunks/7611-361f36925045c8eb.js:0
[207294840ms] [LOG] ================================================================================ @ https://outrun.co.il/_next/static/chunks/4334-f743cc93d0054434.js:0
[207294840ms] [LOG] [updateExercise] RECEIVED FROM FORM: @ https://outrun.co.il/_next/static/chunks/4334-f743cc93d0054434.js:0
[207294840ms] [LOG] ================================================================================ @ https://outrun.co.il/_next/static/chunks/4334-f743cc93d0054434.js:0
[207294840ms] [LOG] [updateExercise] Classification Fields from form: {movementType: undefined, symmetry: unilateral, mechanicalType: undefined, movementGroup: squat} @ https://outrun.co.il/_next/static/chunks/4334-f743cc93d0054434.js:0
[207294840ms] [LOG] [updateExercise] Array Fields from form: {secondaryMuscles: Array(0), injuryShield: Array(0)} @ https://outrun.co.il/_next/static/chunks/4334-f743cc93d0054434.js:0
[207294840ms] [LOG] [useMethodsAutosave] Draft cleared from localStorage {exerciseId: i5JiWYzTrmtMbpwN207A} @ https://outrun.co.il/_next/static/chunks/7611-361f36925045c8eb.js:0
[207294946ms] [LOG] [updateExercise] AFTER SANITIZATION: {movementType: undefined, symmetry: unilateral, mechanicalType: undefined, secondaryMuscles: Array(0), injuryShield: Array(0)} @ https://outrun.co.il/_next/static/chunks/4334-f743cc93d0054434.js:0
[207294946ms] [LOG] [updateExercise] Fields being persisted: {muscles: Object, effort: Object, technical: Object, movement: Object, safety: Object} @ https://outrun.co.il/_next/static/chunks/4334-f743cc93d0054434.js:0
[207294946ms] [LOG] [updateExercise] Updating with preserved fields: {exerciseId: i5JiWYzTrmtMbpwN207A, executionMethodsCount: 2, workflowsPreserved: Array(2), allMetadataPreserved: Array(6)} @ https://outrun.co.il/_next/static/chunks/4334-f743cc93d0054434.js:0
[207295174ms] [LOG] [updateExercise] Verification after save: {exerciseId: i5JiWYzTrmtMbpwN207A, methodsCount: 2, allWorkflowsExist: true, muscles: Object, movement: Object} @ https://outrun.co.il/_next/static/chunks/4334-f743cc93d0054434.js:0
[207295174ms] [LOG] [updateExercise] ✓ All metadata fields verified successfully @ https://outrun.co.il/_next/static/chunks/4334-f743cc93d0054434.js:0
[207297703ms] [WARNING] [2026-09-03T17:12:59.518Z]  @firebase/auth: Auth (12.6.0): Error while retrieving App Check token: FirebaseError: AppCheck: ReCAPTCHA error. (appCheck/recaptcha-error). @ https://outrun.co.il/_next/static/chunks/2532-16f59635ee5a761a.js:14
[207297902ms] [WARNING] [2026-09-03T17:12:59.716Z]  @firebase/auth: Auth (12.6.0): Error while retrieving App Check token: FirebaseError: AppCheck: ReCAPTCHA error. (appCheck/recaptcha-error). @ https://outrun.co.il/_next/static/chunks/2532-16f59635ee5a761a.js:14
[207297902ms] [WARNING] [2026-09-03T17:12:59.716Z]  @firebase/auth: Auth (12.6.0): Error while retrieving App Check token: FirebaseError: AppCheck: ReCAPTCHA error. (appCheck/recaptcha-error). @ https://outrun.co.il/_next/static/chunks/2532-16f59635ee5a761a.js:14
[207298798ms] [LOG] [getAuthoritiesByManager] Super Admin — returning all 79 top-level authorities @ https://outrun.co.il/_next/static/chunks/7034-5296ee3d6d5a99f0.js:0
[207299440ms] [LOG] [getAuthoritiesByManager] Super Admin — returning all 79 top-level authorities @ https://outrun.co.il/_next/static/chunks/7034-5296ee3d6d5a99f0.js:0
[207299982ms] [LOG] [getAuthoritiesByManager] Super Admin — returning all 79 top-level authorities @ https://outrun.co.il/_next/static/chunks/7034-5296ee3d6d5a99f0.js:0
[207301245ms] [LOG] [getAuthoritiesByManager] Super Admin — returning all 79 top-level authorities @ https://outrun.co.il/_next/static/chunks/7034-5296ee3d6d5a99f0.js:0
[207330794ms] [WARNING] [EditExercisePage] Sanitized methodName from object: סקוואט בולגרי עם קפיצה על ספה בפארק @ https://outrun.co.il/_next/static/chunks/app/admin/exercises/%5Bid%5D/page-eaec88f6a90b3360.js:0
[207330794ms] [WARNING] [EditExercisePage] Sanitized methodName from object: סקוואט בולגרי עם קפיצה על ספה בבית @ https://outrun.co.il/_next/static/chunks/app/admin/exercises/%5Bid%5D/page-eaec88f6a90b3360.js:0
[207330811ms] [LOG] [ExerciseEditorForm] Loading initial data with ALL metadata fields: {primaryMuscle: undefined, secondaryMuscles: Array(0), movementGroup: undefined, movementType: undefined, symmetry: undefined} @ https://outrun.co.il/_next/static/chunks/7611-361f36925045c8eb.js:0
[207332816ms] [LOG] [useMethodsAutosave] Draft saved to localStorage {exerciseId: 7mRRX85Hfx5sQ6oCl7YE, methodCount: 2, timestamp: 2026-09-03T17:13:34.630Z} @ https://outrun.co.il/_next/static/chunks/7611-361f36925045c8eb.js:0
[207363503ms] [LOG] [Save] Fields being persisted: {muscles: Object, effort: Object, technical: Object, movement: Object, safety: Object} @ https://outrun.co.il/_next/static/chunks/7611-361f36925045c8eb.js:0
[207363503ms] [LOG] ================================================================================ @ https://outrun.co.il/_next/static/chunks/7611-361f36925045c8eb.js:0
[207363503ms] [LOG] [DEBUG] FINAL DATA BEFORE CALLING onSubmit: @ https://outrun.co.il/_next/static/chunks/7611-361f36925045c8eb.js:0
[207363503ms] [LOG] ================================================================================ @ https://outrun.co.il/_next/static/chunks/7611-361f36925045c8eb.js:0
[207363503ms] [LOG] [DEBUG] Classification Fields: {movementType: undefined, symmetry: undefined, mechanicalType: undefined, movementGroup: undefined} @ https://outrun.co.il/_next/static/chunks/7611-361f36925045c8eb.js:0
[207363503ms] [LOG] [DEBUG] Array Fields: {secondaryMuscles: Array(0), injuryShield: Array(0), tags: Array(1), requiredLocations: Array(2)} @ https://outrun.co.il/_next/static/chunks/7611-361f36925045c8eb.js:0
[207363503ms] [LOG] [DEBUG] Metrics Fields: {noiseLevel: undefined, sweatLevel: undefined, primaryMuscle: undefined} @ https://outrun.co.il/_next/static/chunks/7611-361f36925045c8eb.js:0
[207363503ms] [LOG] [DEBUG] Full syncedFormData JSON: {
  "name": {
    "he": "סקוואט בולגרי עם קפיצה על ספה",
    "en": ""
  },
  "supportedLangs": [],
  "type": "reps",
  "loggingMode": "reps",
  "equipment": [],
  "programIds": [
    "OrAmOH3F375dVio5yGdU"
  ],
  "media": {
    "imageUrl": "https://vz-b17872ab-7a7.b-cdn.net/90f6bc40-6da9-481d-9b61-1e84f4ae2b6d/thumbnail.jpg"
  },
  "muscleGroups": [],
  "secondaryMuscles": [],
  "content": {
    "description": {
      "he": "",
      "en": "",
      "es": ""
    },
    "instructions": {
      "he": "",
      "en": "",
      "es": ""
    },
    "specificCues": [],
    "highlights": []
  },
  "requiredUserGear": [],
  "base_movement_id": "unspecified_movement",
  "execution_methods": [
    {
      "requiredGearType": "user_gear",
      "gearIds": [],
      "media": {
        "videoDurationSeconds": null,
        "imageUrl": null,
        "mainVideoUrl": null
      },
      "equipmentIds": [],
      "methodName": "סקוואט בולגרי עם קפיצה על ספה בפארק",
      "explanationStatus": "missing",
      "location": "park",
      "locationMapping": [
        "park"
      ],
      "specificCues": [],
      "highlights": [],
      "workflow": {
        "filmed": false,
        "filmedAt": null,
        "audio": false,
        "audioAt": null,
        "edited": false,
        "editedAt": null,
        "uploaded": false,
        "uploadedAt": null
      },
      "needsLongExplanation": false
    },
    {
      "location": "home",
      "methodName": "סקוואט בולגרי עם קפיצה על ספה בבית",
      "media": {
        "videoDurationSeconds": null,
        "mainVideoUrl": "https://vz-b17872ab-7a7.b-cdn.net/90f6bc40-6da9-481d-9b61-1e84f4ae2b6d/play_360p.mp4",
        "bunnyVideoId_mainVideoUrl": "90f6bc40-6da9-481d-9b61-1e84f4ae2b6d",
        "previewVideo": {
          "he": {
            "provider": "bunny",
            "videoId": "90f6bc40-6da9-481d-9b61-1e84f4ae2b6d",
            "thumbnailUrl": "https://vz-b17872ab-7a7.b-cdn.net/90f6bc40-6da9-481d-9b61-1e84f4ae2b6d/thumbnail.jpg",
            "updatedAt": "2026-05-30T20:29:42.088Z"
          }
        },
        "imageUrl": "https://vz-b17872ab-7a7.b-cdn.net/90f6bc40-6da9-481d-9b61-1e84f4ae2b6d/thumbnail.jpg"
      },
      "requiredGearType": "improvised",
      "explanationStatus": "missing",
      "locationMapping": [
        "home"
      ],
      "equipmentIds": [],
      "workflow": {
        "audio": false,
        "filmed": true,
        "audioAt": null,
        "uploaded": true,
        "filmedAt": "2026-05-31T05:27:50.670Z",
        "editedAt": "2026-05-31T05:27:50.670Z",
        "uploadedAt": "2026-05-31T05:27:50.670Z",
        "edited": true
      },
      "gearIds": [
        "OaZayoaaymWdxKIhQAqH"
      ],
      "specificCues": [],
      "highlights": [],
      "needsLongExplanation": false
    }
  ],
  "targetPrograms": [
    {
      "programId": "OrAmOH3F375dVio5yGdU",
      "level": 8
    }
  ],
  "tags": [
    "hiit_friendly"
  ],
  "exerciseRole": "main",
  "isFollowAlong": false,
  "restDayProgramIds": [],
  "injuryShield": [],
  "requiredLocations": [
    "park",
    "home"
  ],
  "requiredTier": 1
} @ https://outrun.co.il/_next/static/chunks/7611-361f36925045c8eb.js:0
[207363503ms] [LOG] ================================================================================ @ https://outrun.co.il/_next/static/chunks/7611-361f36925045c8eb.js:0
[207363503ms] [LOG] ================================================================================ @ https://outrun.co.il/_next/static/chunks/4334-f743cc93d0054434.js:0
[207363503ms] [LOG] [updateExercise] RECEIVED FROM FORM: @ https://outrun.co.il/_next/static/chunks/4334-f743cc93d0054434.js:0
[207363503ms] [LOG] ================================================================================ @ https://outrun.co.il/_next/static/chunks/4334-f743cc93d0054434.js:0
[207363503ms] [LOG] [updateExercise] Classification Fields from form: {movementType: undefined, symmetry: undefined, mechanicalType: undefined, movementGroup: undefined} @ https://outrun.co.il/_next/static/chunks/4334-f743cc93d0054434.js:0
[207363503ms] [LOG] [updateExercise] Array Fields from form: {secondaryMuscles: Array(0), injuryShield: Array(0)} @ https://outrun.co.il/_next/static/chunks/4334-f743cc93d0054434.js:0
[207363503ms] [LOG] [useMethodsAutosave] Draft cleared from localStorage {exerciseId: 7mRRX85Hfx5sQ6oCl7YE} @ https://outrun.co.il/_next/static/chunks/7611-361f36925045c8eb.js:0
[207363664ms] [LOG] [updateExercise] AFTER SANITIZATION: {movementType: undefined, symmetry: undefined, mechanicalType: undefined, secondaryMuscles: Array(0), injuryShield: Array(0)} @ https://outrun.co.il/_next/static/chunks/4334-f743cc93d0054434.js:0
[207363664ms] [LOG] [updateExercise] Fields being persisted: {muscles: Object, effort: Object, technical: Object, movement: Object, safety: Object} @ https://outrun.co.il/_next/static/chunks/4334-f743cc93d0054434.js:0
[207363664ms] [LOG] [updateExercise] Updating with preserved fields: {exerciseId: 7mRRX85Hfx5sQ6oCl7YE, executionMethodsCount: 2, workflowsPreserved: Array(2), allMetadataPreserved: Array(6)} @ https://outrun.co.il/_next/static/chunks/4334-f743cc93d0054434.js:0
[207363946ms] [LOG] [updateExercise] Verification after save: {exerciseId: 7mRRX85Hfx5sQ6oCl7YE, methodsCount: 2, allWorkflowsExist: true, muscles: Object, movement: Object} @ https://outrun.co.il/_next/static/chunks/4334-f743cc93d0054434.js:0
[207363946ms] [LOG] [updateExercise] ✓ All metadata fields verified successfully @ https://outrun.co.il/_next/static/chunks/4334-f743cc93d0054434.js:0
[207393986ms] [WARNING] [EditExercisePage] Sanitized methodName from object: סקוואט בולגרי עם קפיצה על ספה בפארק @ https://outrun.co.il/_next/static/chunks/app/admin/exercises/%5Bid%5D/page-eaec88f6a90b3360.js:0
[207393987ms] [WARNING] [EditExercisePage] Sanitized methodName from object: סקוואט בולגרי עם קפיצה על ספה בבית @ https://outrun.co.il/_next/static/chunks/app/admin/exercises/%5Bid%5D/page-eaec88f6a90b3360.js:0
[207393991ms] [LOG] [ExerciseEditorForm] Loading initial data with ALL metadata fields: {primaryMuscle: undefined, secondaryMuscles: Array(0), movementGroup: undefined, movementType: undefined, symmetry: undefined} @ https://outrun.co.il/_next/static/chunks/7611-361f36925045c8eb.js:0
[207396005ms] [LOG] [useMethodsAutosave] Draft saved to localStorage {exerciseId: 7mRRX85Hfx5sQ6oCl7YE, methodCount: 2, timestamp: 2026-09-03T17:14:37.819Z} @ https://outrun.co.il/_next/static/chunks/7611-361f36925045c8eb.js:0
[207440552ms] [LOG] [Save] Fields being persisted: {muscles: Object, effort: Object, technical: Object, movement: Object, safety: Object} @ https://outrun.co.il/_next/static/chunks/7611-361f36925045c8eb.js:0
[207440552ms] [LOG] ================================================================================ @ https://outrun.co.il/_next/static/chunks/7611-361f36925045c8eb.js:0
[207440552ms] [LOG] [DEBUG] FINAL DATA BEFORE CALLING onSubmit: @ https://outrun.co.il/_next/static/chunks/7611-361f36925045c8eb.js:0
[207440552ms] [LOG] ================================================================================ @ https://outrun.co.il/_next/static/chunks/7611-361f36925045c8eb.js:0
[207440552ms] [LOG] [DEBUG] Classification Fields: {movementType: compound, symmetry: bilateral, mechanicalType: undefined, movementGroup: squat} @ https://outrun.co.il/_next/static/chunks/7611-361f36925045c8eb.js:0
[207440552ms] [LOG] [DEBUG] Array Fields: {secondaryMuscles: Array(0), injuryShield: Array(0), tags: Array(1), requiredLocations: Array(2)} @ https://outrun.co.il/_next/static/chunks/7611-361f36925045c8eb.js:0
[207440552ms] [LOG] [DEBUG] Metrics Fields: {noiseLevel: undefined, sweatLevel: undefined, primaryMuscle: undefined} @ https://outrun.co.il/_next/static/chunks/7611-361f36925045c8eb.js:0
[207440552ms] [LOG] [DEBUG] Full syncedFormData JSON: {
  "name": {
    "es": "",
    "en": "",
    "he": "סקוואט בולגרי עם קפיצה על ספה"
  },
  "supportedLangs": [],
  "type": "reps",
  "loggingMode": "reps",
  "equipment": [],
  "programIds": [
    "OrAmOH3F375dVio5yGdU"
  ],
  "media": {
    "imageUrl": "https://vz-b17872ab-7a7.b-cdn.net/90f6bc40-6da9-481d-9b61-1e84f4ae2b6d/thumbnail.jpg",
    "videoUrl": null
  },
  "muscleGroups": [],
  "secondaryMuscles": [],
  "content": {
    "description": {
      "es": "",
      "he": "",
      "en": ""
    },
    "instructions": {
      "en": "",
      "he": "",
      "es": ""
    },
    "specificCues": [],
    "highlights": []
  },
  "requiredUserGear": [],
  "base_movement_id": "unspecified_movement",
  "movementGroup": "squat",
  "movementType": "compound",
  "symmetry": "bilateral",
  "execution_methods": [
    {
      "gearIds": [],
      "media": {
        "imageUrl": null,
        "videoDurationSeconds": null,
        "mainVideoUrl": null
      },
      "equipmentIds": [],
      "location": "park",
      "needsLongExplanation": false,
      "methodName": "סקוואט בולגרי עם קפיצה על ספה בפארק",
      "highlights": [],
      "locationMapping": [
        "park"
      ],
      "requiredGearType": "user_gear",
      "specificCues": [],
      "explanationStatus": "missing",
      "workflow": {
        "uploadedAt": null,
        "edited": false,
        "filmedAt": null,
        "audioAt": null,
        "uploaded": false,
        "audio": false,
        "editedAt": null,
        "filmed": false
      }
    },
    {
      "highlights": [],
      "workflow": {
        "filmedAt": "2026-05-31T05:27:50.670Z",
        "filmed": true,
        "edited": true,
        "uploaded": true,
        "uploadedAt": "2026-05-31T05:27:50.670Z",
        "editedAt": "2026-05-31T05:27:50.670Z",
        "audio": false,
        "audioAt": null
      },
      "specificCues": [],
      "media": {
        "videoDurationSeconds": null,
        "bunnyVideoId_mainVideoUrl": "90f6bc40-6da9-481d-9b61-1e84f4ae2b6d",
        "previewVideo": {
          "he": {
            "updatedAt": "2026-05-30T20:29:42.088Z",
            "provider": "bunny",
            "videoId": "90f6bc40-6da9-481d-9b61-1e84f4ae2b6d",
            "thumbnailUrl": "https://vz-b17872ab-7a7.b-cdn.net/90f6bc40-6da9-481d-9b61-1e84f4ae2b6d/thumbnail.jpg"
          }
        },
        "mainVideoUrl": "https://vz-b17872ab-7a7.b-cdn.net/90f6bc40-6da9-481d-9b61-1e84f4ae2b6d/play_360p.mp4",
        "imageUrl": "https://vz-b17872ab-7a7.b-cdn.net/90f6bc40-6da9-481d-9b61-1e84f4ae2b6d/thumbnail.jpg"
      },
      "needsLongExplanation": false,
      "gearIds": [
        "OaZayoaaymWdxKIhQAqH"
      ],
      "location": "home",
      "methodName": "סקוואט בולגרי עם קפיצה על ספה בבית",
      "explanationStatus": "missing",
      "requiredGearType": "improvised",
      "equipmentIds": [],
      "locationMapping": [
        "home"
      ]
    }
  ],
  "targetPrograms": [
    {
      "programId": "OrAmOH3F375dVio5yGdU",
      "level": 8
    }
  ],
  "tags": [
    "hiit_friendly"
  ],
  "exerciseRole": "main",
  "isFollowAlong": false,
  "restDayProgramIds": [],
  "secondsPerRep": 3,
  "defaultRestSeconds": 30,
  "injuryShield": [],
  "requiredLocations": [
    "park",
    "home"
  ],
  "requiredTier": 1
} @ https://outrun.co.il/_next/static/chunks/7611-361f36925045c8eb.js:0
[207440552ms] [LOG] ================================================================================ @ https://outrun.co.il/_next/static/chunks/7611-361f36925045c8eb.js:0
[207440552ms] [LOG] ================================================================================ @ https://outrun.co.il/_next/static/chunks/4334-f743cc93d0054434.js:0
[207440552ms] [LOG] [updateExercise] RECEIVED FROM FORM: @ https://outrun.co.il/_next/static/chunks/4334-f743cc93d0054434.js:0
[207440552ms] [LOG] ================================================================================ @ https://outrun.co.il/_next/static/chunks/4334-f743cc93d0054434.js:0
[207440552ms] [LOG] [updateExercise] Classification Fields from form: {movementType: compound, symmetry: bilateral, mechanicalType: undefined, movementGroup: squat} @ https://outrun.co.il/_next/static/chunks/4334-f743cc93d0054434.js:0
[207440552ms] [LOG] [updateExercise] Array Fields from form: {secondaryMuscles: Array(0), injuryShield: Array(0)} @ https://outrun.co.il/_next/static/chunks/4334-f743cc93d0054434.js:0
[207440552ms] [LOG] [useMethodsAutosave] Draft cleared from localStorage {exerciseId: 7mRRX85Hfx5sQ6oCl7YE} @ https://outrun.co.il/_next/static/chunks/7611-361f36925045c8eb.js:0
[207440729ms] [LOG] [updateExercise] AFTER SANITIZATION: {movementType: compound, symmetry: bilateral, mechanicalType: undefined, secondaryMuscles: Array(0), injuryShield: Array(0)} @ https://outrun.co.il/_next/static/chunks/4334-f743cc93d0054434.js:0
[207440729ms] [LOG] [updateExercise] Fields being persisted: {muscles: Object, effort: Object, technical: Object, movement: Object, safety: Object} @ https://outrun.co.il/_next/static/chunks/4334-f743cc93d0054434.js:0
[207440729ms] [LOG] [updateExercise] Updating with preserved fields: {exerciseId: 7mRRX85Hfx5sQ6oCl7YE, executionMethodsCount: 2, workflowsPreserved: Array(2), allMetadataPreserved: Array(6)} @ https://outrun.co.il/_next/static/chunks/4334-f743cc93d0054434.js:0
[207441010ms] [LOG] [updateExercise] Verification after save: {exerciseId: 7mRRX85Hfx5sQ6oCl7YE, methodsCount: 2, allWorkflowsExist: true, muscles: Object, movement: Object} @ https://outrun.co.il/_next/static/chunks/4334-f743cc93d0054434.js:0
[207441010ms] [LOG] [updateExercise] ✓ All metadata fields verified successfully @ https://outrun.co.il/_next/static/chunks/4334-f743cc93d0054434.js:0
[207448693ms] [WARNING] [EditExercisePage] Sanitized methodName from object: עליות תאומים על מדרגה בפארק @ https://outrun.co.il/_next/static/chunks/app/admin/exercises/%5Bid%5D/page-eaec88f6a90b3360.js:0
[207448693ms] [WARNING] [EditExercisePage] Sanitized methodName from object: עליות תאומים על מדרגה בבית @ https://outrun.co.il/_next/static/chunks/app/admin/exercises/%5Bid%5D/page-eaec88f6a90b3360.js:0
[207448693ms] [WARNING] [EditExercisePage] Sanitized methodName from object: עליות תאומים על מדרגה @ https://outrun.co.il/_next/static/chunks/app/admin/exercises/%5Bid%5D/page-eaec88f6a90b3360.js:0
[207448697ms] [LOG] [ExerciseEditorForm] Loading initial data with ALL metadata fields: {primaryMuscle: undefined, secondaryMuscles: Array(0), movementGroup: undefined, movementType: undefined, symmetry: undefined} @ https://outrun.co.il/_next/static/chunks/7611-361f36925045c8eb.js:0
[207450711ms] [LOG] [useMethodsAutosave] Draft saved to localStorage {exerciseId: wfgHCel9MyopaIXRQS8D, methodCount: 3, timestamp: 2026-09-03T17:15:32.525Z} @ https://outrun.co.il/_next/static/chunks/7611-361f36925045c8eb.js:0
[207500668ms] [LOG] [Save] Fields being persisted: {muscles: Object, effort: Object, technical: Object, movement: Object, safety: Object} @ https://outrun.co.il/_next/static/chunks/7611-361f36925045c8eb.js:0
[207500668ms] [LOG] ================================================================================ @ https://outrun.co.il/_next/static/chunks/7611-361f36925045c8eb.js:0
[207500668ms] [LOG] [DEBUG] FINAL DATA BEFORE CALLING onSubmit: @ https://outrun.co.il/_next/static/chunks/7611-361f36925045c8eb.js:0
[207500668ms] [LOG] ================================================================================ @ https://outrun.co.il/_next/static/chunks/7611-361f36925045c8eb.js:0
[207500668ms] [LOG] [DEBUG] Classification Fields: {movementType: isolation, symmetry: bilateral, mechanicalType: undefined, movementGroup: squat} @ https://outrun.co.il/_next/static/chunks/7611-361f36925045c8eb.js:0
[207500668ms] [LOG] [DEBUG] Array Fields: {secondaryMuscles: Array(0), injuryShield: Array(0), tags: Array(0), requiredLocations: Array(2)} @ https://outrun.co.il/_next/static/chunks/7611-361f36925045c8eb.js:0
[207500668ms] [LOG] [DEBUG] Metrics Fields: {noiseLevel: undefined, sweatLevel: undefined, primaryMuscle: undefined} @ https://outrun.co.il/_next/static/chunks/7611-361f36925045c8eb.js:0
[207500669ms] [LOG] [DEBUG] Full syncedFormData JSON: {
  "name": {
    "he": "עליות תאומים על מדרגה",
    "en": ""
  },
  "supportedLangs": [],
  "type": "reps",
  "loggingMode": "reps",
  "equipment": [],
  "programIds": [
    "OrAmOH3F375dVio5yGdU"
  ],
  "media": {
    "imageUrl": "https://vz-b17872ab-7a7.b-cdn.net/a9e8ba77-b209-4944-8a88-fecda4180797/thumbnail.jpg"
  },
  "muscleGroups": [],
  "secondaryMuscles": [],
  "content": {
    "description": {
      "he": "",
      "en": "",
      "es": ""
    },
    "instructions": {
      "he": "",
      "en": "",
      "es": ""
    },
    "specificCues": [],
    "highlights": []
  },
  "requiredUserGear": [],
  "base_movement_id": "unspecified_movement",
  "movementGroup": "squat",
  "movementType": "isolation",
  "symmetry": "bilateral",
  "execution_methods": [
    {
      "requiredGearType": "user_gear",
      "gearIds": [],
      "media": {
        "mainVideoUrl": null,
        "imageUrl": null,
        "videoDurationSeconds": null
      },
      "equipmentIds": [],
      "methodName": "עליות תאומים על מדרגה בפארק",
      "explanationStatus": "missing",
      "locationMapping": [
        "park"
      ],
      "location": "park",
      "specificCues": [],
      "highlights": [],
      "workflow": {
        "filmed": false,
        "filmedAt": null,
        "audio": false,
        "audioAt": null,
        "edited": false,
        "editedAt": null,
        "uploaded": false,
        "uploadedAt": null
      },
      "needsLongExplanation": false
    },
    {
      "requiredGearType": "improvised",
      "media": {
        "videoDurationSeconds": null,
        "mainVideoUrl": "https://vz-b17872ab-7a7.b-cdn.net/a9e8ba77-b209-4944-8a88-fecda4180797/play_360p.mp4",
        "bunnyVideoId_mainVideoUrl": "a9e8ba77-b209-4944-8a88-fecda4180797",
        "imageUrl": "https://vz-b17872ab-7a7.b-cdn.net/a9e8ba77-b209-4944-8a88-fecda4180797/thumbnail.jpg",
        "previewVideo": {
          "he": {
            "provider": "bunny",
            "videoId": "a9e8ba77-b209-4944-8a88-fecda4180797",
            "thumbnailUrl": "https://vz-b17872ab-7a7.b-cdn.net/a9e8ba77-b209-4944-8a88-fecda4180797/thumbnail.jpg",
            "updatedAt": "2026-05-30T20:34:27.485Z"
          }
        }
      },
      "methodName": "עליות תאומים על מדרגה בבית",
      "location": "home",
      "gearIds": [],
      "workflow": {
        "audio": false,
        "filmed": true,
        "audioAt": null,
        "uploaded": true,
        "filmedAt": "2026-05-31T05:28:07.626Z",
        "editedAt": "2026-05-31T05:28:07.626Z",
        "uploadedAt": "2026-05-31T05:28:07.626Z",
        "edited": true
      },
      "equipmentIds": [],
      "locationMapping": [
        "home"
      ],
      "explanationStatus": "missing",
      "specificCues": [],
      "highlights": [],
      "needsLongExplanation": false
    },
    {
      "methodName": "עליות תאומים על מדרגה",
      "location": "service",
      "locationMapping": [
        "service"
      ],
      "requiredGearType": "user_gear",
      "gearIds": [],
      "equipmentIds": [],
      "lifestyleTags": [],
      "media": {
        "previewVideo": {
          "he": {
            "videoId": "fb10f863-6e16-49e4-92c4-fd94de325fb1",
            "provider": "bunny",
            "thumbnailUrl": "https://vz-b17872ab-7a7.b-cdn.net/fb10f863-6e16-49e4-92c4-fd94de325fb1/thumbnail.jpg"
          }
        },
        "imageUrl": "https://vz-b17872ab-7a7.b-cdn.net/fb10f863-6e16-49e4-92c4-fd94de325fb1/thumbnail.jpg"
      },
      "specificCues": [],
      "highlights": [],
      "workflow": {
        "filmed": false,
        "filmedAt": null,
        "audio": false,
        "audioAt": null,
        "edited": false,
        "editedAt": null,
        "uploaded": false,
        "uploadedAt": null
      },
      "needsLongExplanation": false
    }
  ],
  "targetPrograms": [
    {
      "programId": "OrAmOH3F375dVio5yGdU",
      "level": 2
    }
  ],
  "tags": [],
  "exerciseRole": "main",
  "isFollowAlong": false,
  "restDayProgramIds": [],
  "injuryShield": [],
  "requiredLocations": [
    "park",
    "home"
  ],
  "requiredTier": 1
} @ https://outrun.co.il/_next/static/chunks/7611-361f36925045c8eb.js:0
[207500669ms] [LOG] ================================================================================ @ https://outrun.co.il/_next/static/chunks/7611-361f36925045c8eb.js:0
[207500669ms] [LOG] ================================================================================ @ https://outrun.co.il/_next/static/chunks/4334-f743cc93d0054434.js:0
[207500669ms] [LOG] [updateExercise] RECEIVED FROM FORM: @ https://outrun.co.il/_next/static/chunks/4334-f743cc93d0054434.js:0
[207500669ms] [LOG] ================================================================================ @ https://outrun.co.il/_next/static/chunks/4334-f743cc93d0054434.js:0
[207500669ms] [LOG] [updateExercise] Classification Fields from form: {movementType: isolation, symmetry: bilateral, mechanicalType: undefined, movementGroup: squat} @ https://outrun.co.il/_next/static/chunks/4334-f743cc93d0054434.js:0
[207500669ms] [LOG] [updateExercise] Array Fields from form: {secondaryMuscles: Array(0), injuryShield: Array(0)} @ https://outrun.co.il/_next/static/chunks/4334-f743cc93d0054434.js:0
[207500669ms] [LOG] [useMethodsAutosave] Draft cleared from localStorage {exerciseId: wfgHCel9MyopaIXRQS8D} @ https://outrun.co.il/_next/static/chunks/7611-361f36925045c8eb.js:0
[207500815ms] [LOG] [updateExercise] AFTER SANITIZATION: {movementType: isolation, symmetry: bilateral, mechanicalType: undefined, secondaryMuscles: Array(0), injuryShield: Array(0)} @ https://outrun.co.il/_next/static/chunks/4334-f743cc93d0054434.js:0
[207500815ms] [LOG] [updateExercise] Fields being persisted: {muscles: Object, effort: Object, technical: Object, movement: Object, safety: Object} @ https://outrun.co.il/_next/static/chunks/4334-f743cc93d0054434.js:0
[207500815ms] [LOG] [updateExercise] Updating with preserved fields: {exerciseId: wfgHCel9MyopaIXRQS8D, executionMethodsCount: 3, workflowsPreserved: Array(3), allMetadataPreserved: Array(6)} @ https://outrun.co.il/_next/static/chunks/4334-f743cc93d0054434.js:0
[207501105ms] [LOG] [updateExercise] Verification after save: {exerciseId: wfgHCel9MyopaIXRQS8D, methodsCount: 3, allWorkflowsExist: true, muscles: Object, movement: Object} @ https://outrun.co.il/_next/static/chunks/4334-f743cc93d0054434.js:0
[207501105ms] [LOG] [updateExercise] ✓ All metadata fields verified successfully @ https://outrun.co.il/_next/static/chunks/4334-f743cc93d0054434.js:0
[207555781ms] [WARNING] [EditExercisePage] Sanitized methodName from object: סקוואט כנגד קיר בפארק @ https://outrun.co.il/_next/static/chunks/app/admin/exercises/%5Bid%5D/page-eaec88f6a90b3360.js:0
[207555781ms] [WARNING] [EditExercisePage] Sanitized methodName from object: סקוואט כנגד קיר בבית @ https://outrun.co.il/_next/static/chunks/app/admin/exercises/%5Bid%5D/page-eaec88f6a90b3360.js:0
[207555786ms] [LOG] [ExerciseEditorForm] Loading initial data with ALL metadata fields: {primaryMuscle: undefined, secondaryMuscles: Array(0), movementGroup: undefined, movementType: undefined, symmetry: undefined} @ https://outrun.co.il/_next/static/chunks/7611-361f36925045c8eb.js:0
[207557801ms] [LOG] [useMethodsAutosave] Draft saved to localStorage {exerciseId: PUIZw7xWhCCzSDK8LecV, methodCount: 2, timestamp: 2026-09-03T17:17:19.616Z} @ https://outrun.co.il/_next/static/chunks/7611-361f36925045c8eb.js:0
[207725233ms] [LOG] [Save] Fields being persisted: {muscles: Object, effort: Object, technical: Object, movement: Object, safety: Object} @ https://outrun.co.il/_next/static/chunks/7611-361f36925045c8eb.js:0
[207725233ms] [LOG] ================================================================================ @ https://outrun.co.il/_next/static/chunks/7611-361f36925045c8eb.js:0
[207725233ms] [LOG] [DEBUG] FINAL DATA BEFORE CALLING onSubmit: @ https://outrun.co.il/_next/static/chunks/7611-361f36925045c8eb.js:0
[207725233ms] [LOG] ================================================================================ @ https://outrun.co.il/_next/static/chunks/7611-361f36925045c8eb.js:0
[207725233ms] [LOG] [DEBUG] Classification Fields: {movementType: compound, symmetry: bilateral, mechanicalType: undefined, movementGroup: squat} @ https://outrun.co.il/_next/static/chunks/7611-361f36925045c8eb.js:0
[207725234ms] [LOG] [DEBUG] Array Fields: {secondaryMuscles: Array(0), injuryShield: Array(0), tags: Array(0), requiredLocations: Array(2)} @ https://outrun.co.il/_next/static/chunks/7611-361f36925045c8eb.js:0
[207725234ms] [LOG] [DEBUG] Metrics Fields: {noiseLevel: undefined, sweatLevel: undefined, primaryMuscle: undefined} @ https://outrun.co.il/_next/static/chunks/7611-361f36925045c8eb.js:0
[207725234ms] [LOG] [DEBUG] Full syncedFormData JSON: {
  "name": {
    "he": "סקוואט כנגד קיר",
    "en": ""
  },
  "supportedLangs": [],
  "type": "reps",
  "loggingMode": "reps",
  "equipment": [],
  "programIds": [
    "OrAmOH3F375dVio5yGdU"
  ],
  "media": {
    "imageUrl": "https://vz-b17872ab-7a7.b-cdn.net/0dcfcd85-6d28-400f-870d-7478d59791a7/thumbnail.jpg"
  },
  "muscleGroups": [],
  "secondaryMuscles": [],
  "content": {
    "description": {
      "he": "",
      "en": "",
      "es": ""
    },
    "instructions": {
      "he": "",
      "en": "",
      "es": ""
    },
    "specificCues": [],
    "highlights": []
  },
  "requiredUserGear": [],
  "base_movement_id": "unspecified_movement",
  "movementGroup": "squat",
  "movementType": "compound",
  "symmetry": "bilateral",
  "execution_methods": [
    {
      "equipmentIds": [],
      "media": {
        "mainVideoUrl": null,
        "imageUrl": null,
        "videoDurationSeconds": null
      },
      "requiredGearType": "user_gear",
      "gearIds": [],
      "explanationStatus": "missing",
      "location": "park",
      "locationMapping": [
        "park"
      ],
      "methodName": "סקוואט כנגד קיר בפארק",
      "specificCues": [],
      "highlights": [],
      "workflow": {
        "filmed": false,
        "filmedAt": null,
        "audio": false,
        "audioAt": null,
        "edited": false,
        "editedAt": null,
        "uploaded": false,
        "uploadedAt": null
      },
      "needsLongExplanation": false
    },
    {
      "gearIds": [],
      "workflow": {
        "filmed": true,
        "audio": false,
        "audioAt": null,
        "filmedAt": "2026-05-31T05:27:56.933Z",
        "uploaded": true,
        "editedAt": "2026-05-31T05:27:56.933Z",
        "uploadedAt": "2026-05-31T05:27:56.933Z",
        "edited": true
      },
      "equipmentIds": [],
      "locationMapping": [
        "home"
      ],
      "explanationStatus": "missing",
      "requiredGearType": "improvised",
      "media": {
        "videoDurationSeconds": null,
        "mainVideoUrl": "https://vz-b17872ab-7a7.b-cdn.net/0dcfcd85-6d28-400f-870d-7478d59791a7/play_360p.mp4",
        "bunnyVideoId_mainVideoUrl": "0dcfcd85-6d28-400f-870d-7478d59791a7",
        "imageUrl": "https://vz-b17872ab-7a7.b-cdn.net/0dcfcd85-6d28-400f-870d-7478d59791a7/thumbnail.jpg",
        "previewVideo": {
          "he": {
            "updatedAt": "2026-05-30T20:30:43.406Z",
            "videoId": "0dcfcd85-6d28-400f-870d-7478d59791a7",
            "thumbnailUrl": "https://vz-b17872ab-7a7.b-cdn.net/0dcfcd85-6d28-400f-870d-7478d59791a7/thumbnail.jpg",
            "provider": "bunny"
          }
        }
      },
      "methodName": "סקוואט כנגד קיר בבית",
      "location": "home",
      "specificCues": [],
      "highlights": [],
      "needsLongExplanation": false
    }
  ],
  "targetPrograms": [
    {
      "programId": "OrAmOH3F375dVio5yGdU",
      "level": 5
    }
  ],
  "tags": [],
  "exerciseRole": "main",
  "isFollowAlong": false,
  "restDayProgramIds": [],
  "injuryShield": [],
  "requiredLocations": [
    "park",
    "home"
  ],
  "requiredTier": 1
} @ https://outrun.co.il/_next/static/chunks/7611-361f36925045c8eb.js:0
[207725234ms] [LOG] ================================================================================ @ https://outrun.co.il/_next/static/chunks/7611-361f36925045c8eb.js:0
[207725234ms] [LOG] ================================================================================ @ https://outrun.co.il/_next/static/chunks/4334-f743cc93d0054434.js:0
[207725234ms] [LOG] [updateExercise] RECEIVED FROM FORM: @ https://outrun.co.il/_next/static/chunks/4334-f743cc93d0054434.js:0
[207725234ms] [LOG] ================================================================================ @ https://outrun.co.il/_next/static/chunks/4334-f743cc93d0054434.js:0
[207725234ms] [LOG] [updateExercise] Classification Fields from form: {movementType: compound, symmetry: bilateral, mechanicalType: undefined, movementGroup: squat} @ https://outrun.co.il/_next/static/chunks/4334-f743cc93d0054434.js:0
[207725234ms] [LOG] [updateExercise] Array Fields from form: {secondaryMuscles: Array(0), injuryShield: Array(0)} @ https://outrun.co.il/_next/static/chunks/4334-f743cc93d0054434.js:0
[207725235ms] [LOG] [useMethodsAutosave] Draft cleared from localStorage {exerciseId: PUIZw7xWhCCzSDK8LecV} @ https://outrun.co.il/_next/static/chunks/7611-361f36925045c8eb.js:0
[207725400ms] [LOG] [updateExercise] AFTER SANITIZATION: {movementType: compound, symmetry: bilateral, mechanicalType: undefined, secondaryMuscles: Array(0), injuryShield: Array(0)} @ https://outrun.co.il/_next/static/chunks/4334-f743cc93d0054434.js:0
[207725400ms] [LOG] [updateExercise] Fields being persisted: {muscles: Object, effort: Object, technical: Object, movement: Object, safety: Object} @ https://outrun.co.il/_next/static/chunks/4334-f743cc93d0054434.js:0
[207725400ms] [LOG] [updateExercise] Updating with preserved fields: {exerciseId: PUIZw7xWhCCzSDK8LecV, executionMethodsCount: 2, workflowsPreserved: Array(2), allMetadataPreserved: Array(6)} @ https://outrun.co.il/_next/static/chunks/4334-f743cc93d0054434.js:0
[207725706ms] [LOG] [updateExercise] Verification after save: {exerciseId: PUIZw7xWhCCzSDK8LecV, methodsCount: 2, allWorkflowsExist: true, muscles: Object, movement: Object} @ https://outrun.co.il/_next/static/chunks/4334-f743cc93d0054434.js:0
[207725706ms] [LOG] [updateExercise] ✓ All metadata fields verified successfully @ https://outrun.co.il/_next/static/chunks/4334-f743cc93d0054434.js:0
[207730412ms] [WARNING] [EditExercisePage] Sanitized methodName from object: סקוואט סטטי כנגד קיר בפארק @ https://outrun.co.il/_next/static/chunks/app/admin/exercises/%5Bid%5D/page-eaec88f6a90b3360.js:0
[207730412ms] [WARNING] [EditExercisePage] Sanitized methodName from object: סקוואט סטטי כנגד קיר בבית @ https://outrun.co.il/_next/static/chunks/app/admin/exercises/%5Bid%5D/page-eaec88f6a90b3360.js:0
[207730416ms] [LOG] [ExerciseEditorForm] Loading initial data with ALL metadata fields: {primaryMuscle: undefined, secondaryMuscles: Array(0), movementGroup: undefined, movementType: undefined, symmetry: undefined} @ https://outrun.co.il/_next/static/chunks/7611-361f36925045c8eb.js:0
[207732428ms] [LOG] [useMethodsAutosave] Draft saved to localStorage {exerciseId: zXXMkiGHRGQH66J09OYs, methodCount: 2, timestamp: 2026-09-03T17:20:14.243Z} @ https://outrun.co.il/_next/static/chunks/7611-361f36925045c8eb.js:0
[207764282ms] [LOG] [Save] Fields being persisted: {muscles: Object, effort: Object, technical: Object, movement: Object, safety: Object} @ https://outrun.co.il/_next/static/chunks/7611-361f36925045c8eb.js:0
[207764282ms] [LOG] ================================================================================ @ https://outrun.co.il/_next/static/chunks/7611-361f36925045c8eb.js:0
[207764282ms] [LOG] [DEBUG] FINAL DATA BEFORE CALLING onSubmit: @ https://outrun.co.il/_next/static/chunks/7611-361f36925045c8eb.js:0
[207764282ms] [LOG] ================================================================================ @ https://outrun.co.il/_next/static/chunks/7611-361f36925045c8eb.js:0
[207764282ms] [LOG] [DEBUG] Classification Fields: {movementType: compound, symmetry: bilateral, mechanicalType: undefined, movementGroup: squat} @ https://outrun.co.il/_next/static/chunks/7611-361f36925045c8eb.js:0
[207764282ms] [LOG] [DEBUG] Array Fields: {secondaryMuscles: Array(0), injuryShield: Array(0), tags: Array(0), requiredLocations: Array(2)} @ https://outrun.co.il/_next/static/chunks/7611-361f36925045c8eb.js:0
[207764282ms] [LOG] [DEBUG] Metrics Fields: {noiseLevel: undefined, sweatLevel: undefined, primaryMuscle: undefined} @ https://outrun.co.il/_next/static/chunks/7611-361f36925045c8eb.js:0
[207764282ms] [LOG] [DEBUG] Full syncedFormData JSON: {
  "name": {
    "he": "סקוואט סטטי כנגד קיר",
    "en": ""
  },
  "supportedLangs": [],
  "type": "time",
  "loggingMode": "reps",
  "equipment": [],
  "programIds": [
    "OrAmOH3F375dVio5yGdU"
  ],
  "media": {
    "imageUrl": "https://vz-b17872ab-7a7.b-cdn.net/d78c50ce-74fd-4ba4-850e-f29459dbaaa7/thumbnail.jpg"
  },
  "muscleGroups": [],
  "secondaryMuscles": [],
  "content": {
    "description": {
      "he": "",
      "en": "",
      "es": ""
    },
    "instructions": {
      "he": "",
      "en": "",
      "es": ""
    },
    "specificCues": [],
    "highlights": []
  },
  "requiredUserGear": [],
  "base_movement_id": "unspecified_movement",
  "movementGroup": "squat",
  "movementType": "compound",
  "symmetry": "bilateral",
  "execution_methods": [
    {
      "methodName": "סקוואט סטטי כנגד קיר בפארק",
      "location": "park",
      "locationMapping": [
        "park"
      ],
      "explanationStatus": "missing",
      "gearIds": [],
      "requiredGearType": "user_gear",
      "equipmentIds": [],
      "media": {
        "mainVideoUrl": null,
        "imageUrl": null,
        "videoDurationSeconds": null
      },
      "specificCues": [],
      "highlights": [],
      "workflow": {
        "filmed": false,
        "filmedAt": null,
        "audio": false,
        "audioAt": null,
        "edited": false,
        "editedAt": null,
        "uploaded": false,
        "uploadedAt": null
      },
      "needsLongExplanation": false
    },
    {
      "explanationStatus": "missing",
      "locationMapping": [
        "home"
      ],
      "workflow": {
        "editedAt": "2026-05-31T05:28:08.388Z",
        "uploadedAt": "2026-05-31T05:28:08.388Z",
        "edited": true,
        "filmedAt": "2026-05-31T05:28:08.388Z",
        "uploaded": true,
        "audioAt": null,
        "filmed": true,
        "audio": false
      },
      "gearIds": [],
      "equipmentIds": [],
      "methodName": "סקוואט סטטי כנגד קיר בבית",
      "location": "home",
      "requiredGearType": "improvised",
      "media": {
        "bunnyVideoId_mainVideoUrl": "d78c50ce-74fd-4ba4-850e-f29459dbaaa7",
        "previewVideo": {
          "he": {
            "videoId": "d78c50ce-74fd-4ba4-850e-f29459dbaaa7",
            "thumbnailUrl": "https://vz-b17872ab-7a7.b-cdn.net/d78c50ce-74fd-4ba4-850e-f29459dbaaa7/thumbnail.jpg",
            "updatedAt": "2026-05-30T20:31:28.343Z",
            "provider": "bunny"
          }
        },
        "imageUrl": "https://vz-b17872ab-7a7.b-cdn.net/d78c50ce-74fd-4ba4-850e-f29459dbaaa7/thumbnail.jpg",
        "videoDurationSeconds": null,
        "mainVideoUrl": "https://vz-b17872ab-7a7.b-cdn.net/d78c50ce-74fd-4ba4-850e-f29459dbaaa7/play_360p.mp4"
      },
      "specificCues": [],
      "highlights": [],
      "needsLongExplanation": false
    }
  ],
  "targetPrograms": [
    {
      "programId": "OrAmOH3F375dVio5yGdU",
      "level": 2
    }
  ],
  "tags": [],
  "exerciseRole": "main",
  "isFollowAlong": false,
  "restDayProgramIds": [],
  "injuryShield": [],
  "requiredLocations": [
    "park",
    "home"
  ],
  "requiredTier": 1
} @ https://outrun.co.il/_next/static/chunks/7611-361f36925045c8eb.js:0
[207764282ms] [LOG] ================================================================================ @ https://outrun.co.il/_next/static/chunks/7611-361f36925045c8eb.js:0
[207764282ms] [LOG] ================================================================================ @ https://outrun.co.il/_next/static/chunks/4334-f743cc93d0054434.js:0
[207764282ms] [LOG] [updateExercise] RECEIVED FROM FORM: @ https://outrun.co.il/_next/static/chunks/4334-f743cc93d0054434.js:0
[207764282ms] [LOG] ================================================================================ @ https://outrun.co.il/_next/static/chunks/4334-f743cc93d0054434.js:0
[207764282ms] [LOG] [updateExercise] Classification Fields from form: {movementType: compound, symmetry: bilateral, mechanicalType: undefined, movementGroup: squat} @ https://outrun.co.il/_next/static/chunks/4334-f743cc93d0054434.js:0
[207764282ms] [LOG] [updateExercise] Array Fields from form: {secondaryMuscles: Array(0), injuryShield: Array(0)} @ https://outrun.co.il/_next/static/chunks/4334-f743cc93d0054434.js:0
[207764282ms] [LOG] [useMethodsAutosave] Draft cleared from localStorage {exerciseId: zXXMkiGHRGQH66J09OYs} @ https://outrun.co.il/_next/static/chunks/7611-361f36925045c8eb.js:0
[207764439ms] [LOG] [updateExercise] AFTER SANITIZATION: {movementType: compound, symmetry: bilateral, mechanicalType: undefined, secondaryMuscles: Array(0), injuryShield: Array(0)} @ https://outrun.co.il/_next/static/chunks/4334-f743cc93d0054434.js:0
[207764439ms] [LOG] [updateExercise] Fields being persisted: {muscles: Object, effort: Object, technical: Object, movement: Object, safety: Object} @ https://outrun.co.il/_next/static/chunks/4334-f743cc93d0054434.js:0
[207764439ms] [LOG] [updateExercise] Updating with preserved fields: {exerciseId: zXXMkiGHRGQH66J09OYs, executionMethodsCount: 2, workflowsPreserved: Array(2), allMetadataPreserved: Array(6)} @ https://outrun.co.il/_next/static/chunks/4334-f743cc93d0054434.js:0
[207764737ms] [LOG] [updateExercise] Verification after save: {exerciseId: zXXMkiGHRGQH66J09OYs, methodsCount: 2, allWorkflowsExist: true, muscles: Object, movement: Object} @ https://outrun.co.il/_next/static/chunks/4334-f743cc93d0054434.js:0
[207764737ms] [LOG] [updateExercise] ✓ All metadata fields verified successfully @ https://outrun.co.il/_next/static/chunks/4334-f743cc93d0054434.js:0
[207809349ms] [WARNING] [EditExercisePage] Sanitized methodName from object: דרגון סקוואט מוגבה בבית @ https://outrun.co.il/_next/static/chunks/app/admin/exercises/%5Bid%5D/page-eaec88f6a90b3360.js:0
[207809349ms] [WARNING] [EditExercisePage] Sanitized methodName from object: דרגון סקוואט מוגבה בפארק @ https://outrun.co.il/_next/static/chunks/app/admin/exercises/%5Bid%5D/page-eaec88f6a90b3360.js:0
[207809349ms] [WARNING] [EditExercisePage] Sanitized methodName from object: דרגון סקוואט מוגבה ברחוב @ https://outrun.co.il/_next/static/chunks/app/admin/exercises/%5Bid%5D/page-eaec88f6a90b3360.js:0
[207809349ms] [WARNING] [EditExercisePage] Sanitized methodName from object: דרגון סקוואט מוגבה במשרד @ https://outrun.co.il/_next/static/chunks/app/admin/exercises/%5Bid%5D/page-eaec88f6a90b3360.js:0
[207809369ms] [LOG] [ExerciseEditorForm] Loading initial data with ALL metadata fields: {primaryMuscle: glutes, secondaryMuscles: Array(6), movementGroup: squat, movementType: compound, symmetry: unilateral} @ https://outrun.co.il/_next/static/chunks/7611-361f36925045c8eb.js:0
[207811373ms] [LOG] [useMethodsAutosave] Draft saved to localStorage {exerciseId: 4rDvdGHq9KAxewpBe4Mg, methodCount: 4, timestamp: 2026-09-03T17:21:33.188Z} @ https://outrun.co.il/_next/static/chunks/7611-361f36925045c8eb.js:0
[207827008ms] [ERROR] Failed to load resource: the server responded with a status of 404 () @ https://outrun.co.il/assets/icons/equipment/rings.svg:0
[207829651ms] [LOG] [useMethodsAutosave] Draft saved to localStorage {exerciseId: 4rDvdGHq9KAxewpBe4Mg, methodCount: 4, timestamp: 2026-09-03T17:21:51.465Z} @ https://outrun.co.il/_next/static/chunks/7611-361f36925045c8eb.js:0
[207835081ms] [LOG] [Save] Fields being persisted: {muscles: Object, effort: Object, technical: Object, movement: Object, safety: Object} @ https://outrun.co.il/_next/static/chunks/7611-361f36925045c8eb.js:0
[207835081ms] [LOG] ================================================================================ @ https://outrun.co.il/_next/static/chunks/7611-361f36925045c8eb.js:0
[207835081ms] [LOG] [DEBUG] FINAL DATA BEFORE CALLING onSubmit: @ https://outrun.co.il/_next/static/chunks/7611-361f36925045c8eb.js:0
[207835081ms] [LOG] ================================================================================ @ https://outrun.co.il/_next/static/chunks/7611-361f36925045c8eb.js:0
[207835081ms] [LOG] [DEBUG] Classification Fields: {movementType: compound, symmetry: unilateral, mechanicalType: undefined, movementGroup: squat} @ https://outrun.co.il/_next/static/chunks/7611-361f36925045c8eb.js:0
[207835081ms] [LOG] [DEBUG] Array Fields: {secondaryMuscles: Array(6), injuryShield: Array(1), tags: Array(0), requiredLocations: Array(0)} @ https://outrun.co.il/_next/static/chunks/7611-361f36925045c8eb.js:0
[207835082ms] [LOG] [DEBUG] Metrics Fields: {noiseLevel: 1, sweatLevel: 2, primaryMuscle: glutes} @ https://outrun.co.il/_next/static/chunks/7611-361f36925045c8eb.js:0
[207835082ms] [LOG] [DEBUG] Full syncedFormData JSON: {
  "name": {
    "he": "דרגון סקוואט מוגבה",
    "en": "Copy of דרגון סקוואט",
    "es": ""
  },
  "supportedLangs": [],
  "type": "reps",
  "loggingMode": "reps",
  "equipment": [],
  "programIds": [
    "OrAmOH3F375dVio5yGdU"
  ],
  "media": {
    "videoUrl": null
  },
  "muscleGroups": [],
  "primaryMuscle": "glutes",
  "secondaryMuscles": [
    "abs",
    "quads",
    "hamstrings",
    "calves",
    "core",
    "legs"
  ],
  "content": {
    "description": {
      "he": "",
      "en": "",
      "es": ""
    },
    "instructions": {
      "he": "",
      "en": "",
      "es": ""
    },
    "specificCues": [],
    "notes": [],
    "highlights": []
  },
  "requiredUserGear": [],
  "base_movement_id": "unspecified_movement",
  "movementGroup": "squat",
  "movementType": "compound",
  "symmetry": "unilateral",
  "execution_methods": [
    {
      "methodName": "דרגון סקוואט מוגבה בבית",
      "specificCues": [],
      "needsLongExplanation": false,
      "locationMapping": [
        "home"
      ],
      "workflow": {
        "edited": false,
        "uploadedAt": null,
        "editedAt": null,
        "filmedAt": null,
        "uploaded": false,
        "audioAt": null,
        "filmed": false,
        "audio": false
      },
      "gearIds": [
        "h3oFM4Xe6FE63OQzfh8x"
      ],
      "highlights": [],
      "location": "home",
      "requiredGearType": "user_gear",
      "media": {
        "mainVideoUrl": null,
        "imageUrl": null,
        "videoDurationSeconds": null
      },
      "explanationStatus": "missing",
      "notificationText": "על מנת לבצע את התרגיל הבא, נתשמש בהגבהה בגובה האגן",
      "lifestyleTags": [],
      "equipmentIds": []
    },
    {
      "locationMapping": [
        "park"
      ],
      "gearIds": [],
      "workflow": {
        "editedAt": null,
        "uploadedAt": null,
        "edited": false,
        "uploaded": false,
        "filmedAt": null,
        "audioAt": null,
        "audio": false,
        "filmed": false
      },
      "methodName": "דרגון סקוואט מוגבה בפארק",
      "needsLongExplanation": false,
      "specificCues": [],
      "lifestyleTags": [],
      "notificationText": "על מנת לבצע את התרגיל הבא, נתשמש בהגבהה בגובה האגן",
      "explanationStatus": "missing",
      "equipmentIds": [],
      "location": "park",
      "highlights": [],
      "media": {
        "mainVideoUrl": "https://vz-b17872ab-7a7.b-cdn.net/7188989d-9c37-4c38-9e9c-362a95515e20/play_360p.mp4",
        "imageUrl": "https://firebasestorage.googleapis.com/v0/b/appout-1.firebasestorage.app/o/media-assets%2F1771402223561-____________.png?alt=media&token=db3045bc-668d-4e2f-9604-2f098b639da8",
        "bunnyVideoId_mainVideoUrl": "7188989d-9c37-4c38-9e9c-362a95515e20",
        "videoDurationSeconds": null
      },
      "requiredGearType": "user_gear"
    },
    {
      "equipmentIds": [],
      "notificationText": "על מנת לבצע את התרגיל הבא, נתשמש בהגבהה בגובה האגן",
      "lifestyleTags": [],
      "explanationStatus": "missing",
      "media": {
        "videoDurationSeconds": null,
        "imageUrl": null,
        "mainVideoUrl": null
      },
      "requiredGearType": "user_gear",
      "location": "street",
      "highlights": [],
      "gearIds": [
        "B05it6jhTNM22gtvMM6S"
      ],
      "workflow": {
        "uploaded": false,
        "filmedAt": null,
        "editedAt": null,
        "uploadedAt": null,
        "edited": false,
        "audio": false,
        "filmed": false,
        "audioAt": null
      },
      "locationMapping": [
        "street"
      ],
      "specificCues": [],
      "needsLongExplanation": false,
      "methodName": "דרגון סקוואט מוגבה ברחוב"
    },
    {
      "needsLongExplanation": false,
      "specificCues": [],
      "methodName": "דרגון סקוואט מוגבה במשרד",
      "workflow": {
        "audioAt": null,
        "audio": false,
        "filmed": false,
        "uploadedAt": null,
        "editedAt": null,
        "edited": false,
        "uploaded": false,
        "filmedAt": null
      },
      "gearIds": [
        "h3oFM4Xe6FE63OQzfh8x"
      ],
      "locationMapping": [
        "office"
      ],
      "requiredGearType": "user_gear",
      "media": {
        "mainVideoUrl": null,
        "imageUrl": null,
        "videoDurationSeconds": null
      },
      "highlights": [],
      "location": "office",
      "equipmentIds": [],
      "explanationStatus": "missing",
      "notificationText": "על מנת לבצע את התרגיל הבא, נתשמש בהגבהה בגובה האגן",
      "lifestyleTags": []
    }
  ],
  "targetPrograms": [
    {
      "programId": "OrAmOH3F375dVio5yGdU",
      "level": 10
    }
  ],
  "tags": [],
  "exerciseRole": "main",
  "isFollowAlong": false,
  "restDayProgramIds": [],
  "secondsPerRep": 4,
  "defaultRestSeconds": 30,
  "noiseLevel": 1,
  "sweatLevel": 2,
  "injuryShield": [
    "hips"
  ],
  "requiredLocations": [],
  "requiredTier": 1
} @ https://outrun.co.il/_next/static/chunks/7611-361f36925045c8eb.js:0
[207835082ms] [LOG] ================================================================================ @ https://outrun.co.il/_next/static/chunks/7611-361f36925045c8eb.js:0
[207835082ms] [LOG] ================================================================================ @ https://outrun.co.il/_next/static/chunks/4334-f743cc93d0054434.js:0
[207835082ms] [LOG] [updateExercise] RECEIVED FROM FORM: @ https://outrun.co.il/_next/static/chunks/4334-f743cc93d0054434.js:0
[207835082ms] [LOG] ================================================================================ @ https://outrun.co.il/_next/static/chunks/4334-f743cc93d0054434.js:0
[207835082ms] [LOG] [updateExercise] Classification Fields from form: {movementType: compound, symmetry: unilateral, mechanicalType: undefined, movementGroup: squat} @ https://outrun.co.il/_next/static/chunks/4334-f743cc93d0054434.js:0
[207835082ms] [LOG] [updateExercise] Array Fields from form: {secondaryMuscles: Array(6), injuryShield: Array(1)} @ https://outrun.co.il/_next/static/chunks/4334-f743cc93d0054434.js:0
[207835082ms] [LOG] [useMethodsAutosave] Draft cleared from localStorage {exerciseId: 4rDvdGHq9KAxewpBe4Mg} @ https://outrun.co.il/_next/static/chunks/7611-361f36925045c8eb.js:0
[207835243ms] [LOG] [updateExercise] AFTER SANITIZATION: {movementType: compound, symmetry: unilateral, mechanicalType: undefined, secondaryMuscles: Array(6), injuryShield: Array(1)} @ https://outrun.co.il/_next/static/chunks/4334-f743cc93d0054434.js:0
[207835243ms] [LOG] [updateExercise] Fields being persisted: {muscles: Object, effort: Object, technical: Object, movement: Object, safety: Object} @ https://outrun.co.il/_next/static/chunks/4334-f743cc93d0054434.js:0
[207835243ms] [LOG] [updateExercise] Updating with preserved fields: {exerciseId: 4rDvdGHq9KAxewpBe4Mg, executionMethodsCount: 4, workflowsPreserved: Array(4), allMetadataPreserved: Array(6)} @ https://outrun.co.il/_next/static/chunks/4334-f743cc93d0054434.js:0
[207835551ms] [LOG] [updateExercise] Verification after save: {exerciseId: 4rDvdGHq9KAxewpBe4Mg, methodsCount: 4, allWorkflowsExist: true, muscles: Object, movement: Object} @ https://outrun.co.il/_next/static/chunks/4334-f743cc93d0054434.js:0
[207835551ms] [LOG] [updateExercise] ✓ All metadata fields verified successfully @ https://outrun.co.il/_next/static/chunks/4334-f743cc93d0054434.js:0
[207882327ms] [WARNING] [EditExercisePage] Sanitized methodName from object: שכיבות סמיכה לשכמות בפארק @ https://outrun.co.il/_next/static/chunks/app/admin/exercises/%5Bid%5D/page-eaec88f6a90b3360.js:0
[207882327ms] [WARNING] [EditExercisePage] Sanitized methodName from object: שכיבות סמיכה לשכמות בבית @ https://outrun.co.il/_next/static/chunks/app/admin/exercises/%5Bid%5D/page-eaec88f6a90b3360.js:0
[207882342ms] [LOG] [ExerciseEditorForm] Loading initial data with ALL metadata fields: {primaryMuscle: undefined, secondaryMuscles: Array(0), movementGroup: undefined, movementType: undefined, symmetry: undefined} @ https://outrun.co.il/_next/static/chunks/7611-361f36925045c8eb.js:0
[207884348ms] [LOG] [useMethodsAutosave] Draft saved to localStorage {exerciseId: EnS9ade12iVKtUEDuiGW, methodCount: 2, timestamp: 2026-09-03T17:22:46.162Z} @ https://outrun.co.il/_next/static/chunks/7611-361f36925045c8eb.js:0
[208192311ms] [LOG] [Save] Fields being persisted: {muscles: Object, effort: Object, technical: Object, movement: Object, safety: Object} @ https://outrun.co.il/_next/static/chunks/7611-361f36925045c8eb.js:0
[208192311ms] [LOG] ================================================================================ @ https://outrun.co.il/_next/static/chunks/7611-361f36925045c8eb.js:0
[208192311ms] [LOG] [DEBUG] FINAL DATA BEFORE CALLING onSubmit: @ https://outrun.co.il/_next/static/chunks/7611-361f36925045c8eb.js:0
[208192311ms] [LOG] ================================================================================ @ https://outrun.co.il/_next/static/chunks/7611-361f36925045c8eb.js:0
[208192311ms] [LOG] [DEBUG] Classification Fields: {movementType: compound, symmetry: bilateral, mechanicalType: undefined, movementGroup: horizontal_push} @ https://outrun.co.il/_next/static/chunks/7611-361f36925045c8eb.js:0
[208192311ms] [LOG] [DEBUG] Array Fields: {secondaryMuscles: Array(0), injuryShield: Array(0), tags: Array(0), requiredLocations: Array(2)} @ https://outrun.co.il/_next/static/chunks/7611-361f36925045c8eb.js:0
[208192311ms] [LOG] [DEBUG] Metrics Fields: {noiseLevel: undefined, sweatLevel: undefined, primaryMuscle: undefined} @ https://outrun.co.il/_next/static/chunks/7611-361f36925045c8eb.js:0
[208192311ms] [LOG] [DEBUG] Full syncedFormData JSON: {
  "name": {
    "he": "שכיבות סמיכה לשכמות",
    "en": ""
  },
  "supportedLangs": [],
  "type": "reps",
  "loggingMode": "reps",
  "equipment": [],
  "programIds": [
    "J0fLpmJhG0KDN2tQouxh"
  ],
  "media": {
    "imageUrl": "https://vz-b17872ab-7a7.b-cdn.net/ef25a8aa-3aca-42a2-a8f5-2f0ac338acc0/thumbnail.jpg"
  },
  "muscleGroups": [],
  "secondaryMuscles": [],
  "content": {
    "description": {
      "he": "",
      "en": "",
      "es": ""
    },
    "instructions": {
      "he": "",
      "en": "",
      "es": ""
    },
    "specificCues": [],
    "highlights": []
  },
  "requiredUserGear": [],
  "base_movement_id": "unspecified_movement",
  "movementGroup": "horizontal_push",
  "movementType": "compound",
  "symmetry": "bilateral",
  "execution_methods": [
    {
      "requiredGearType": "user_gear",
      "gearIds": [],
      "equipmentIds": [],
      "media": {
        "videoDurationSeconds": null,
        "mainVideoUrl": null,
        "imageUrl": null
      },
      "methodName": "שכיבות סמיכה לשכמות בפארק",
      "explanationStatus": "missing",
      "locationMapping": [
        "park"
      ],
      "location": "park",
      "specificCues": [],
      "highlights": [],
      "workflow": {
        "filmed": false,
        "filmedAt": null,
        "audio": false,
        "audioAt": null,
        "edited": false,
        "editedAt": null,
        "uploaded": false,
        "uploadedAt": null
      },
      "needsLongExplanation": false
    },
    {
      "media": {
        "mainVideoUrl": "https://vz-b17872ab-7a7.b-cdn.net/ef25a8aa-3aca-42a2-a8f5-2f0ac338acc0/play_360p.mp4",
        "videoDurationSeconds": null,
        "previewVideo": {
          "he": {
            "thumbnailUrl": "https://vz-b17872ab-7a7.b-cdn.net/ef25a8aa-3aca-42a2-a8f5-2f0ac338acc0/thumbnail.jpg",
            "videoId": "ef25a8aa-3aca-42a2-a8f5-2f0ac338acc0",
            "updatedAt": "2026-05-30T20:38:33.449Z",
            "provider": "bunny"
          }
        },
        "imageUrl": "https://vz-b17872ab-7a7.b-cdn.net/ef25a8aa-3aca-42a2-a8f5-2f0ac338acc0/thumbnail.jpg",
        "bunnyVideoId_mainVideoUrl": "ef25a8aa-3aca-42a2-a8f5-2f0ac338acc0"
      },
      "requiredGearType": "improvised",
      "location": "home",
      "methodName": "שכיבות סמיכה לשכמות בבית",
      "equipmentIds": [],
      "gearIds": [],
      "workflow": {
        "filmedAt": "2026-05-31T05:27:53.785Z",
        "uploaded": true,
        "editedAt": "2026-05-31T05:27:53.785Z",
        "uploadedAt": "2026-05-31T05:27:53.785Z",
        "edited": true,
        "filmed": true,
        "audio": false,
        "audioAt": null
      },
      "locationMapping": [
        "home"
      ],
      "explanationStatus": "missing",
      "specificCues": [],
      "highlights": [],
      "needsLongExplanation": false
    }
  ],
  "targetPrograms": [
    {
      "programId": "J0fLpmJhG0KDN2tQouxh",
      "level": 3
    }
  ],
  "tags": [],
  "exerciseRole": "main",
  "isFollowAlong": false,
  "restDayProgramIds": [],
  "injuryShield": [],
  "requiredLocations": [
    "park",
    "home"
  ],
  "requiredTier": 1
} @ https://outrun.co.il/_next/static/chunks/7611-361f36925045c8eb.js:0
[208192311ms] [LOG] ================================================================================ @ https://outrun.co.il/_next/static/chunks/7611-361f36925045c8eb.js:0
[208192311ms] [LOG] ================================================================================ @ https://outrun.co.il/_next/static/chunks/4334-f743cc93d0054434.js:0
[208192311ms] [LOG] [updateExercise] RECEIVED FROM FORM: @ https://outrun.co.il/_next/static/chunks/4334-f743cc93d0054434.js:0
[208192311ms] [LOG] ================================================================================ @ https://outrun.co.il/_next/static/chunks/4334-f743cc93d0054434.js:0
[208192311ms] [LOG] [updateExercise] Classification Fields from form: {movementType: compound, symmetry: bilateral, mechanicalType: undefined, movementGroup: horizontal_push} @ https://outrun.co.il/_next/static/chunks/4334-f743cc93d0054434.js:0
[208192311ms] [LOG] [updateExercise] Array Fields from form: {secondaryMuscles: Array(0), injuryShield: Array(0)} @ https://outrun.co.il/_next/static/chunks/4334-f743cc93d0054434.js:0
[208192311ms] [LOG] [useMethodsAutosave] Draft cleared from localStorage {exerciseId: EnS9ade12iVKtUEDuiGW} @ https://outrun.co.il/_next/static/chunks/7611-361f36925045c8eb.js:0
[208192469ms] [LOG] [updateExercise] AFTER SANITIZATION: {movementType: compound, symmetry: bilateral, mechanicalType: undefined, secondaryMuscles: Array(0), injuryShield: Array(0)} @ https://outrun.co.il/_next/static/chunks/4334-f743cc93d0054434.js:0
[208192469ms] [LOG] [updateExercise] Fields being persisted: {muscles: Object, effort: Object, technical: Object, movement: Object, safety: Object} @ https://outrun.co.il/_next/static/chunks/4334-f743cc93d0054434.js:0
[208192470ms] [LOG] [updateExercise] Updating with preserved fields: {exerciseId: EnS9ade12iVKtUEDuiGW, executionMethodsCount: 2, workflowsPreserved: Array(2), allMetadataPreserved: Array(6)} @ https://outrun.co.il/_next/static/chunks/4334-f743cc93d0054434.js:0
[208192816ms] [LOG] [updateExercise] Verification after save: {exerciseId: EnS9ade12iVKtUEDuiGW, methodsCount: 2, allWorkflowsExist: true, muscles: Object, movement: Object} @ https://outrun.co.il/_next/static/chunks/4334-f743cc93d0054434.js:0
[208192816ms] [LOG] [updateExercise] ✓ All metadata fields verified successfully @ https://outrun.co.il/_next/static/chunks/4334-f743cc93d0054434.js:0
[208395872ms] [WARNING] [EditExercisePage] Sanitized methodName from object: פלאנק בפארק @ https://outrun.co.il/_next/static/chunks/app/admin/exercises/%5Bid%5D/page-eaec88f6a90b3360.js:0
[208395872ms] [WARNING] [EditExercisePage] Sanitized methodName from object: פלאנק בבית @ https://outrun.co.il/_next/static/chunks/app/admin/exercises/%5Bid%5D/page-eaec88f6a90b3360.js:0
[208395872ms] [WARNING] [EditExercisePage] Sanitized methodName from object: פלאנק במשרד @ https://outrun.co.il/_next/static/chunks/app/admin/exercises/%5Bid%5D/page-eaec88f6a90b3360.js:0
[208395872ms] [WARNING] [EditExercisePage] Sanitized methodName from object: פלאנק @ https://outrun.co.il/_next/static/chunks/app/admin/exercises/%5Bid%5D/page-eaec88f6a90b3360.js:0
[208395900ms] [LOG] [ExerciseEditorForm] Loading initial data with ALL metadata fields: {primaryMuscle: abs, secondaryMuscles: Array(5), movementGroup: core, movementType: compound, symmetry: bilateral} @ https://outrun.co.il/_next/static/chunks/7611-361f36925045c8eb.js:0
[208397906ms] [LOG] [useMethodsAutosave] Draft saved to localStorage {exerciseId: FHh3m3suMMtoLk1PrxYv, methodCount: 4, timestamp: 2026-09-03T17:31:19.720Z} @ https://outrun.co.il/_next/static/chunks/7611-361f36925045c8eb.js:0
[208429909ms] [LOG] [Save] Fields being persisted: {muscles: Object, effort: Object, technical: Object, movement: Object, safety: Object} @ https://outrun.co.il/_next/static/chunks/7611-361f36925045c8eb.js:0
[208429909ms] [LOG] ================================================================================ @ https://outrun.co.il/_next/static/chunks/7611-361f36925045c8eb.js:0
[208429909ms] [LOG] [DEBUG] FINAL DATA BEFORE CALLING onSubmit: @ https://outrun.co.il/_next/static/chunks/7611-361f36925045c8eb.js:0
[208429909ms] [LOG] ================================================================================ @ https://outrun.co.il/_next/static/chunks/7611-361f36925045c8eb.js:0
[208429909ms] [LOG] [DEBUG] Classification Fields: {movementType: compound, symmetry: bilateral, mechanicalType: undefined, movementGroup: core} @ https://outrun.co.il/_next/static/chunks/7611-361f36925045c8eb.js:0
[208429909ms] [LOG] [DEBUG] Array Fields: {secondaryMuscles: Array(5), injuryShield: Array(0), tags: Array(0), requiredLocations: Array(0)} @ https://outrun.co.il/_next/static/chunks/7611-361f36925045c8eb.js:0
[208429909ms] [LOG] [DEBUG] Metrics Fields: {noiseLevel: 1, sweatLevel: 1, primaryMuscle: abs} @ https://outrun.co.il/_next/static/chunks/7611-361f36925045c8eb.js:0
[208429909ms] [LOG] [DEBUG] Full syncedFormData JSON: {
  "name": {
    "he": "פלאנק",
    "en": "Copy of פלאנק על הברכיים",
    "es": ""
  },
  "supportedLangs": [],
  "type": "time",
  "loggingMode": "reps",
  "equipment": [],
  "programIds": [
    "J0fLpmJhG0KDN2tQouxh",
    "H2279XsRGDg9G370J7S9",
    "47smw26hUyG5ZbE1bhr3",
    "kDMpobbKsuVTByTIKUpe"
  ],
  "media": {
    "videoUrl": null,
    "imageUrl": "https://firebasestorage.googleapis.com/v0/b/appout-1.firebasestorage.app/o/media-assets%2F1770397164263-____________.png?alt=media&token=4b3c7d3d-2584-4237-96d3-f3b28e4c3a89"
  },
  "muscleGroups": [],
  "primaryMuscle": "abs",
  "secondaryMuscles": [
    "core",
    "obliques",
    "chest",
    "shoulders",
    "traps"
  ],
  "content": {
    "description": {
      "he": "",
      "en": "",
      "es": ""
    },
    "instructions": {
      "he": "",
      "en": "",
      "es": ""
    },
    "specificCues": [],
    "notes": [],
    "highlights": []
  },
  "requiredUserGear": [],
  "base_movement_id": "plank",
  "movementGroup": "core",
  "movementType": "compound",
  "symmetry": "bilateral",
  "execution_methods": [
    {
      "location": "park",
      "lifestyleTags": [],
      "highlights": [],
      "specificCues": [],
      "explanationStatus": "missing",
      "notificationText": "הכינו מזרן יוגה במידה ויש",
      "locationMapping": [
        "park"
      ],
      "requiredGearType": "user_gear",
      "equipmentIds": [],
      "gearIds": [
        "PXmX6xgAAVq53gLceIcC"
      ],
      "media": {
        "videoDurationSeconds": null,
        "fullTutorial": {
          "he": {
            "thumbnailUrl": "https://vz-b17872ab-7a7.b-cdn.net/9c21bab0-630b-4b86-aa39-0a2662e36c1c/thumbnail.jpg",
            "provider": "bunny",
            "videoId": "9c21bab0-630b-4b86-aa39-0a2662e36c1c"
          }
        },
        "bunnyVideoId_mainVideoUrl": "a05ab2bf-7ba3-41a1-a1bf-2fc8420faacc",
        "imageUrl": "https://firebasestorage.googleapis.com/v0/b/appout-1.firebasestorage.app/o/media-assets%2F1770397164263-____________.png?alt=media&token=4b3c7d3d-2584-4237-96d3-f3b28e4c3a89",
        "mainVideoUrl": "https://vz-b17872ab-7a7.b-cdn.net/a05ab2bf-7ba3-41a1-a1bf-2fc8420faacc/play_360p.mp4"
      },
      "needsLongExplanation": false,
      "methodName": "פלאנק בפארק",
      "workflow": {
        "audioAt": null,
        "uploadedAt": null,
        "filmed": false,
        "editedAt": null,
        "audio": false,
        "filmedAt": null,
        "edited": false,
        "uploaded": false
      }
    },
    {
      "equipmentIds": [],
      "requiredGearType": "improvised",
      "gearIds": [],
      "needsLongExplanation": false,
      "media": {
        "videoDurationSeconds": null,
        "bunnyVideoId_mainVideoUrl": "293469e1-a84b-4533-a424-fb33ea908e66",
        "previewVideo": {
          "he": {
            "updatedAt": "2026-05-30T15:40:47.734Z",
            "durationSeconds": 6,
            "videoId": "293469e1-a84b-4533-a424-fb33ea908e66",
            "thumbnailUrl": "https://vz-b17872ab-7a7.b-cdn.net/293469e1-a84b-4533-a424-fb33ea908e66/thumbnail.jpg",
            "provider": "bunny"
          }
        },
        "imageUrl": "https://vz-b17872ab-7a7.b-cdn.net/293469e1-a84b-4533-a424-fb33ea908e66/thumbnail.jpg",
        "mainVideoUrl": "https://vz-b17872ab-7a7.b-cdn.net/293469e1-a84b-4533-a424-fb33ea908e66/play_360p.mp4"
      },
      "workflow": {
        "edited": true,
        "uploaded": true,
        "filmed": true,
        "audioAt": null,
        "uploadedAt": "2026-05-31T05:27:53.989Z",
        "audio": false,
        "filmedAt": "2026-05-31T05:27:53.989Z",
        "editedAt": "2026-05-31T05:27:53.989Z"
      },
      "methodName": "פלאנק בבית",
      "lifestyleTags": [],
      "location": "home",
      "specificCues": [],
      "highlights": [],
      "notificationText": "הכינו מזרן יוגה במידה ויש",
      "explanationStatus": "missing",
      "locationMapping": [
        "home"
      ]
    },
    {
      "equipmentIds": [],
      "requiredGearType": "user_gear",
      "gearIds": [
        "PXmX6xgAAVq53gLceIcC"
      ],
      "needsLongExplanation": false,
      "media": {
        "imageUrl": "https://firebasestorage.googleapis.com/v0/b/appout-1.firebasestorage.app/o/media-assets%2F1770397161487-____________.png?alt=media&token=29514e82-568e-4ae9-ad0c-71ce4e991337",
        "mainVideoUrl": null,
        "videoDurationSeconds": null
      },
      "workflow": {
        "edited": false,
        "uploaded": false,
        "filmed": false,
        "uploadedAt": null,
        "audioAt": null,
        "filmedAt": null,
        "audio": false,
        "editedAt": null
      },
      "methodName": "פלאנק במשרד",
      "lifestyleTags": [],
      "location": "office",
      "specificCues": [],
      "highlights": [],
      "notificationText": "הכינו מזרן יוגה במידה ויש",
      "explanationStatus": "missing",
      "locationMapping": [
        "office"
      ]
    },
    {
      "methodName": "פלאנק",
      "location": "service",
      "locationMapping": [
        "service"
      ],
      "requiredGearType": "user_gear",
      "gearIds": [],
      "equipmentIds": [],
      "lifestyleTags": [],
      "media": {
        "previewVideo": {
          "he": {
            "videoId": "c83d90f3-dcdb-452a-bad9-d7ed938e484d",
            "provider": "bunny",
            "thumbnailUrl": "https://vz-b17872ab-7a7.b-cdn.net/c83d90f3-dcdb-452a-bad9-d7ed938e484d/thumbnail.jpg"
          }
        },
        "imageUrl": "https://vz-b17872ab-7a7.b-cdn.net/c83d90f3-dcdb-452a-bad9-d7ed938e484d/thumbnail.jpg"
      },
      "specificCues": [],
      "highlights": [],
      "workflow": {
        "filmed": false,
        "filmedAt": null,
        "audio": false,
        "audioAt": null,
        "edited": false,
        "editedAt": null,
        "uploaded": false,
        "uploadedAt": null
      },
      "needsLongExplanation": false
    }
  ],
  "targetPrograms": [
    {
      "programId": "J0fLpmJhG0KDN2tQouxh",
      "level": 2
    },
    {
      "programId": "H2279XsRGDg9G370J7S9",
      "level": 2
    },
    {
      "programId": "47smw26hUyG5ZbE1bhr3",
      "level": 2
    },
    {
      "programId": "kDMpobbKsuVTByTIKUpe",
      "level": 2
    }
  ],
  "tags": [],
  "exerciseRole": "main",
  "isFollowAlong": false,
  "restDayProgramIds": [],
  "secondsPerRep": 3,
  "defaultRestSeconds": 30,
  "noiseLevel": 1,
  "sweatLevel": 1,
  "injuryShield": [],
  "requiredLocations": [],
  "requiredTier": 1
} @ https://outrun.co.il/_next/static/chunks/7611-361f36925045c8eb.js:0
[208429909ms] [LOG] ================================================================================ @ https://outrun.co.il/_next/static/chunks/7611-361f36925045c8eb.js:0
[208429909ms] [LOG] ================================================================================ @ https://outrun.co.il/_next/static/chunks/4334-f743cc93d0054434.js:0
[208429909ms] [LOG] [updateExercise] RECEIVED FROM FORM: @ https://outrun.co.il/_next/static/chunks/4334-f743cc93d0054434.js:0
[208429909ms] [LOG] ================================================================================ @ https://outrun.co.il/_next/static/chunks/4334-f743cc93d0054434.js:0
[208429910ms] [LOG] [updateExercise] Classification Fields from form: {movementType: compound, symmetry: bilateral, mechanicalType: undefined, movementGroup: core} @ https://outrun.co.il/_next/static/chunks/4334-f743cc93d0054434.js:0
[208429910ms] [LOG] [updateExercise] Array Fields from form: {secondaryMuscles: Array(5), injuryShield: Array(0)} @ https://outrun.co.il/_next/static/chunks/4334-f743cc93d0054434.js:0
[208429910ms] [LOG] [useMethodsAutosave] Draft cleared from localStorage {exerciseId: FHh3m3suMMtoLk1PrxYv} @ https://outrun.co.il/_next/static/chunks/7611-361f36925045c8eb.js:0
[208430073ms] [LOG] [updateExercise] AFTER SANITIZATION: {movementType: compound, symmetry: bilateral, mechanicalType: undefined, secondaryMuscles: Array(5), injuryShield: Array(0)} @ https://outrun.co.il/_next/static/chunks/4334-f743cc93d0054434.js:0
[208430073ms] [LOG] [updateExercise] Fields being persisted: {muscles: Object, effort: Object, technical: Object, movement: Object, safety: Object} @ https://outrun.co.il/_next/static/chunks/4334-f743cc93d0054434.js:0
[208430073ms] [LOG] [updateExercise] Updating with preserved fields: {exerciseId: FHh3m3suMMtoLk1PrxYv, executionMethodsCount: 4, workflowsPreserved: Array(4), allMetadataPreserved: Array(6)} @ https://outrun.co.il/_next/static/chunks/4334-f743cc93d0054434.js:0
[208430366ms] [LOG] [updateExercise] Verification after save: {exerciseId: FHh3m3suMMtoLk1PrxYv, methodsCount: 4, allWorkflowsExist: true, muscles: Object, movement: Object} @ https://outrun.co.il/_next/static/chunks/4334-f743cc93d0054434.js:0
[208430367ms] [LOG] [updateExercise] ✓ All metadata fields verified successfully @ https://outrun.co.il/_next/static/chunks/4334-f743cc93d0054434.js:0
[208445124ms] [WARNING] [EditExercisePage] Sanitized methodName from object: פלאנק על הברכיים בפארק @ https://outrun.co.il/_next/static/chunks/app/admin/exercises/%5Bid%5D/page-eaec88f6a90b3360.js:0
[208445124ms] [WARNING] [EditExercisePage] Sanitized methodName from object: פלאנק על הברכיים בבית @ https://outrun.co.il/_next/static/chunks/app/admin/exercises/%5Bid%5D/page-eaec88f6a90b3360.js:0
[208445124ms] [WARNING] [EditExercisePage] Sanitized methodName from object: פלאנק על הברכיים בפארק (עותק) (עותק) @ https://outrun.co.il/_next/static/chunks/app/admin/exercises/%5Bid%5D/page-eaec88f6a90b3360.js:0
[208445129ms] [LOG] [ExerciseEditorForm] Loading initial data with ALL metadata fields: {primaryMuscle: abs, secondaryMuscles: Array(5), movementGroup: core, movementType: compound, symmetry: bilateral} @ https://outrun.co.il/_next/static/chunks/7611-361f36925045c8eb.js:0
[208447147ms] [LOG] [useMethodsAutosave] Draft saved to localStorage {exerciseId: iEZGhtBNV7Tv5iNuT70E, methodCount: 3, timestamp: 2026-09-03T17:32:08.961Z} @ https://outrun.co.il/_next/static/chunks/7611-361f36925045c8eb.js:0
[208462741ms] [LOG] [Save] Fields being persisted: {muscles: Object, effort: Object, technical: Object, movement: Object, safety: Object} @ https://outrun.co.il/_next/static/chunks/7611-361f36925045c8eb.js:0
[208462741ms] [LOG] ================================================================================ @ https://outrun.co.il/_next/static/chunks/7611-361f36925045c8eb.js:0
[208462741ms] [LOG] [DEBUG] FINAL DATA BEFORE CALLING onSubmit: @ https://outrun.co.il/_next/static/chunks/7611-361f36925045c8eb.js:0
[208462741ms] [LOG] ================================================================================ @ https://outrun.co.il/_next/static/chunks/7611-361f36925045c8eb.js:0
[208462741ms] [LOG] [DEBUG] Classification Fields: {movementType: compound, symmetry: bilateral, mechanicalType: undefined, movementGroup: core} @ https://outrun.co.il/_next/static/chunks/7611-361f36925045c8eb.js:0
[208462741ms] [LOG] [DEBUG] Array Fields: {secondaryMuscles: Array(5), injuryShield: Array(0), tags: Array(0), requiredLocations: Array(0)} @ https://outrun.co.il/_next/static/chunks/7611-361f36925045c8eb.js:0
[208462741ms] [LOG] [DEBUG] Metrics Fields: {noiseLevel: 1, sweatLevel: 1, primaryMuscle: abs} @ https://outrun.co.il/_next/static/chunks/7611-361f36925045c8eb.js:0
[208462742ms] [LOG] [DEBUG] Full syncedFormData JSON: {
  "name": {
    "he": "פלאנק על הברכיים",
    "en": "",
    "es": ""
  },
  "supportedLangs": [],
  "type": "time",
  "loggingMode": "reps",
  "equipment": [],
  "programIds": [
    "J0fLpmJhG0KDN2tQouxh",
    "kDMpobbKsuVTByTIKUpe"
  ],
  "media": {
    "videoUrl": null,
    "imageUrl": "https://firebasestorage.googleapis.com/v0/b/appout-1.firebasestorage.app/o/media-assets%2F1770397161487-____________.png?alt=media&token=29514e82-568e-4ae9-ad0c-71ce4e991337"
  },
  "muscleGroups": [],
  "primaryMuscle": "abs",
  "secondaryMuscles": [
    "core",
    "obliques",
    "chest",
    "shoulders",
    "traps"
  ],
  "content": {
    "description": {
      "he": "",
      "en": "",
      "es": ""
    },
    "instructions": {
      "he": "",
      "en": "",
      "es": ""
    },
    "specificCues": [],
    "highlights": []
  },
  "requiredUserGear": [],
  "base_movement_id": "plank",
  "movementGroup": "core",
  "movementType": "compound",
  "symmetry": "bilateral",
  "execution_methods": [
    {
      "explanationStatus": "missing",
      "methodName": "פלאנק על הברכיים בפארק",
      "notificationText": "הכינו מזרן יוגה במידה ויש",
      "requiredGearType": "user_gear",
      "specificCues": [],
      "workflow": {
        "audioAt": null,
        "editedAt": null,
        "filmed": false,
        "edited": false,
        "audio": false,
        "uploadedAt": null,
        "uploaded": false,
        "filmedAt": null
      },
      "location": "park",
      "media": {
        "mainVideoUrl": "https://vz-b17872ab-7a7.b-cdn.net/3011b6ff-f251-4c7b-81f4-e20b5a83313c/play_360p.mp4",
        "fullTutorial": {
          "he": {
            "videoId": "bd839b33-cdb0-411d-ad07-30282e84b715",
            "thumbnailUrl": "https://vz-b17872ab-7a7.b-cdn.net/bd839b33-cdb0-411d-ad07-30282e84b715/thumbnail.jpg",
            "provider": "bunny"
          }
        },
        "imageUrl": "https://firebasestorage.googleapis.com/v0/b/appout-1.firebasestorage.app/o/media-assets%2F1770397161487-____________.png?alt=media&token=29514e82-568e-4ae9-ad0c-71ce4e991337",
        "videoDurationSeconds": null,
        "bunnyVideoId_mainVideoUrl": "3011b6ff-f251-4c7b-81f4-e20b5a83313c"
      },
      "locationMapping": [
        "park"
      ],
      "gearIds": [
        "PXmX6xgAAVq53gLceIcC"
      ],
      "lifestyleTags": [],
      "equipmentIds": [],
      "highlights": [],
      "needsLongExplanation": false
    },
    {
      "explanationStatus": "missing",
      "methodName": "פלאנק על הברכיים בבית",
      "notificationText": "הכינו מזרן יוגה במידה ויש",
      "media": {
        "previewVideo": {
          "he": {
            "thumbnailUrl": "https://vz-b17872ab-7a7.b-cdn.net/2fd639e0-f29b-435d-aa9a-7429f2891e2c/thumbnail.jpg",
            "videoId": "2fd639e0-f29b-435d-aa9a-7429f2891e2c",
            "provider": "bunny",
            "updatedAt": "2026-05-30T15:41:05.504Z",
            "durationSeconds": 3
          }
        },
        "imageUrl": "https://vz-b17872ab-7a7.b-cdn.net/2fd639e0-f29b-435d-aa9a-7429f2891e2c/thumbnail.jpg",
        "mainVideoUrl": "https://vz-b17872ab-7a7.b-cdn.net/2fd639e0-f29b-435d-aa9a-7429f2891e2c/play_360p.mp4",
        "bunnyVideoId_mainVideoUrl": "2fd639e0-f29b-435d-aa9a-7429f2891e2c",
        "videoDurationSeconds": null
      },
      "locationMapping": [
        "home"
      ],
      "gearIds": [],
      "requiredGearType": "improvised",
      "workflow": {
        "filmed": true,
        "editedAt": "2026-05-31T05:28:02.077Z",
        "audioAt": null,
        "uploadedAt": "2026-05-31T05:28:02.077Z",
        "filmedAt": "2026-05-31T05:28:02.077Z",
        "uploaded": true,
        "edited": true,
        "audio": false
      },
      "specificCues": [],
      "location": "home",
      "needsLongExplanation": false,
      "lifestyleTags": [],
      "equipmentIds": [],
      "highlights": []
    },
    {
      "explanationStatus": "missing",
      "methodName": "פלאנק על הברכיים בפארק (עותק) (עותק)",
      "notificationText": "הכינו מזרן יוגה במידה ויש",
      "locationMapping": [
        "office"
      ],
      "media": {
        "videoDurationSeconds": null,
        "mainVideoUrl": null,
        "imageUrl": "https://firebasestorage.googleapis.com/v0/b/appout-1.firebasestorage.app/o/media-assets%2F1770397161487-____________.png?alt=media&token=29514e82-568e-4ae9-ad0c-71ce4e991337"
      },
      "gearIds": [
        "PXmX6xgAAVq53gLceIcC"
      ],
      "workflow": {
        "uploaded": false,
        "filmedAt": null,
        "uploadedAt": null,
        "edited": false,
        "audio": false,
        "audioAt": null,
        "filmed": false,
        "editedAt": null
      },
      "specificCues": [],
      "location": "office",
      "requiredGearType": "user_gear",
      "needsLongExplanation": false,
      "highlights": [],
      "lifestyleTags": [],
      "equipmentIds": []
    }
  ],
  "targetPrograms": [
    {
      "programId": "J0fLpmJhG0KDN2tQouxh",
      "level": 1
    },
    {
      "programId": "kDMpobbKsuVTByTIKUpe",
      "level": 1
    }
  ],
  "tags": [],
  "exerciseRole": "main",
  "isFollowAlong": false,
  "restDayProgramIds": [],
  "secondsPerRep": 3,
  "defaultRestSeconds": 30,
  "noiseLevel": 1,
  "sweatLevel": 1,
  "injuryShield": [],
  "requiredLocations": [],
  "requiredTier": 1
} @ https://outrun.co.il/_next/static/chunks/7611-361f36925045c8eb.js:0
[208462742ms] [LOG] ================================================================================ @ https://outrun.co.il/_next/static/chunks/7611-361f36925045c8eb.js:0
[208462742ms] [LOG] ================================================================================ @ https://outrun.co.il/_next/static/chunks/4334-f743cc93d0054434.js:0
[208462742ms] [LOG] [updateExercise] RECEIVED FROM FORM: @ https://outrun.co.il/_next/static/chunks/4334-f743cc93d0054434.js:0
[208462742ms] [LOG] ================================================================================ @ https://outrun.co.il/_next/static/chunks/4334-f743cc93d0054434.js:0
[208462742ms] [LOG] [updateExercise] Classification Fields from form: {movementType: compound, symmetry: bilateral, mechanicalType: undefined, movementGroup: core} @ https://outrun.co.il/_next/static/chunks/4334-f743cc93d0054434.js:0
[208462742ms] [LOG] [updateExercise] Array Fields from form: {secondaryMuscles: Array(5), injuryShield: Array(0)} @ https://outrun.co.il/_next/static/chunks/4334-f743cc93d0054434.js:0
[208462742ms] [LOG] [useMethodsAutosave] Draft cleared from localStorage {exerciseId: iEZGhtBNV7Tv5iNuT70E} @ https://outrun.co.il/_next/static/chunks/7611-361f36925045c8eb.js:0
[208462916ms] [LOG] [updateExercise] AFTER SANITIZATION: {movementType: compound, symmetry: bilateral, mechanicalType: undefined, secondaryMuscles: Array(5), injuryShield: Array(0)} @ https://outrun.co.il/_next/static/chunks/4334-f743cc93d0054434.js:0
[208462916ms] [LOG] [updateExercise] Fields being persisted: {muscles: Object, effort: Object, technical: Object, movement: Object, safety: Object} @ https://outrun.co.il/_next/static/chunks/4334-f743cc93d0054434.js:0
[208462916ms] [LOG] [updateExercise] Updating with preserved fields: {exerciseId: iEZGhtBNV7Tv5iNuT70E, executionMethodsCount: 3, workflowsPreserved: Array(3), allMetadataPreserved: Array(6)} @ https://outrun.co.il/_next/static/chunks/4334-f743cc93d0054434.js:0
[208463249ms] [LOG] [updateExercise] Verification after save: {exerciseId: iEZGhtBNV7Tv5iNuT70E, methodsCount: 3, allWorkflowsExist: true, muscles: Object, movement: Object} @ https://outrun.co.il/_next/static/chunks/4334-f743cc93d0054434.js:0
[208463249ms] [LOG] [updateExercise] ✓ All metadata fields verified successfully @ https://outrun.co.il/_next/static/chunks/4334-f743cc93d0054434.js:0
[208474278ms] [WARNING] [EditExercisePage] Sanitized methodName from object: פלאנק עליות ונגיעות בכתפיים בפארק @ https://outrun.co.il/_next/static/chunks/app/admin/exercises/%5Bid%5D/page-eaec88f6a90b3360.js:0
[208474278ms] [WARNING] [EditExercisePage] Sanitized methodName from object: פלאנק עליות ונגיעות בכתפיים בבית @ https://outrun.co.il/_next/static/chunks/app/admin/exercises/%5Bid%5D/page-eaec88f6a90b3360.js:0
[208474278ms] [WARNING] [EditExercisePage] Sanitized methodName from object: פלאנק עליות ונגיעות בכתפיים במשרד @ https://outrun.co.il/_next/static/chunks/app/admin/exercises/%5Bid%5D/page-eaec88f6a90b3360.js:0
[208474278ms] [WARNING] [EditExercisePage] Sanitized methodName from object: פלאנק עליות ונגיעות בכתפיים ברחוב @ https://outrun.co.il/_next/static/chunks/app/admin/exercises/%5Bid%5D/page-eaec88f6a90b3360.js:0
[208474305ms] [LOG] [ExerciseEditorForm] Loading initial data with ALL metadata fields: {primaryMuscle: shoulders, secondaryMuscles: Array(5), movementGroup: core, movementType: compound, symmetry: bilateral} @ https://outrun.co.il/_next/static/chunks/7611-361f36925045c8eb.js:0
[208476312ms] [LOG] [useMethodsAutosave] Draft saved to localStorage {exerciseId: BWbscvj0m3hvxghEMtKV, methodCount: 4, timestamp: 2026-09-03T17:32:38.127Z} @ https://outrun.co.il/_next/static/chunks/7611-361f36925045c8eb.js:0
[208510257ms] [LOG] [Save] Fields being persisted: {muscles: Object, effort: Object, technical: Object, movement: Object, safety: Object} @ https://outrun.co.il/_next/static/chunks/7611-361f36925045c8eb.js:0
[208510257ms] [LOG] ================================================================================ @ https://outrun.co.il/_next/static/chunks/7611-361f36925045c8eb.js:0
[208510257ms] [LOG] [DEBUG] FINAL DATA BEFORE CALLING onSubmit: @ https://outrun.co.il/_next/static/chunks/7611-361f36925045c8eb.js:0
[208510257ms] [LOG] ================================================================================ @ https://outrun.co.il/_next/static/chunks/7611-361f36925045c8eb.js:0
[208510257ms] [LOG] [DEBUG] Classification Fields: {movementType: compound, symmetry: bilateral, mechanicalType: undefined, movementGroup: core} @ https://outrun.co.il/_next/static/chunks/7611-361f36925045c8eb.js:0
[208510257ms] [LOG] [DEBUG] Array Fields: {secondaryMuscles: Array(5), injuryShield: Array(1), tags: Array(0), requiredLocations: Array(0)} @ https://outrun.co.il/_next/static/chunks/7611-361f36925045c8eb.js:0
[208510257ms] [LOG] [DEBUG] Metrics Fields: {noiseLevel: 2, sweatLevel: 2, primaryMuscle: shoulders} @ https://outrun.co.il/_next/static/chunks/7611-361f36925045c8eb.js:0
[208510257ms] [LOG] [DEBUG] Full syncedFormData JSON: {
  "name": {
    "he": "פלאנק עליות ונגיעות בכתפיים",
    "en": "Copy of Copy of פלאנק על הברכיים",
    "es": ""
  },
  "supportedLangs": [],
  "type": "reps",
  "loggingMode": "reps",
  "equipment": [],
  "programIds": [
    "J0fLpmJhG0KDN2tQouxh",
    "kDMpobbKsuVTByTIKUpe"
  ],
  "media": {
    "imageUrl": "https://firebasestorage.googleapis.com/v0/b/appout-1.firebasestorage.app/o/media-assets%2F1770895508839-___________________.png?alt=media&token=1825d341-0649-4f21-aa04-5c61136f0e74",
    "videoUrl": null
  },
  "muscleGroups": [],
  "primaryMuscle": "shoulders",
  "secondaryMuscles": [
    "core",
    "obliques",
    "chest",
    "traps",
    "abs"
  ],
  "content": {
    "description": {
      "he": "",
      "en": "",
      "es": ""
    },
    "instructions": {
      "he": "",
      "en": "",
      "es": ""
    },
    "specificCues": [],
    "notes": [],
    "highlights": []
  },
  "requiredUserGear": [],
  "base_movement_id": "plank",
  "movementGroup": "core",
  "movementType": "compound",
  "symmetry": "bilateral",
  "execution_methods": [
    {
      "needsLongExplanation": false,
      "media": {
        "videoDurationSeconds": null,
        "fullTutorial": {
          "he": {
            "provider": "bunny",
            "thumbnailUrl": "https://vz-b17872ab-7a7.b-cdn.net/d9140bbf-c7a8-4166-9bd0-371836cd8720/thumbnail.jpg",
            "videoId": "d9140bbf-c7a8-4166-9bd0-371836cd8720"
          }
        },
        "bunnyVideoId_mainVideoUrl": "4d5bc37c-3994-4574-ace7-128d96bca29b",
        "imageUrl": "https://firebasestorage.googleapis.com/v0/b/appout-1.firebasestorage.app/o/media-assets%2F1770895508839-___________________.png?alt=media&token=1825d341-0649-4f21-aa04-5c61136f0e74",
        "mainVideoUrl": "https://vz-b17872ab-7a7.b-cdn.net/4d5bc37c-3994-4574-ace7-128d96bca29b/play_360p.mp4"
      },
      "methodName": "פלאנק עליות ונגיעות בכתפיים בפארק",
      "workflow": {
        "audioAt": null,
        "uploadedAt": null,
        "filmed": false,
        "editedAt": null,
        "audio": false,
        "filmedAt": null,
        "edited": false,
        "uploaded": false
      },
      "requiredGearType": "user_gear",
      "equipmentIds": [],
      "gearIds": [
        "PXmX6xgAAVq53gLceIcC"
      ],
      "explanationStatus": "missing",
      "notificationText": "הכינו מזרן יוגה במידה ויש",
      "locationMapping": [
        "park"
      ],
      "location": "park",
      "lifestyleTags": [],
      "highlights": [],
      "specificCues": []
    },
    {
      "media": {
        "mainVideoUrl": "https://vz-b17872ab-7a7.b-cdn.net/59050b25-8bf4-4cb5-83da-1a2d0661395b/play_360p.mp4",
        "imageUrl": "https://vz-b17872ab-7a7.b-cdn.net/59050b25-8bf4-4cb5-83da-1a2d0661395b/thumbnail.jpg",
        "previewVideo": {
          "he": {
            "provider": "bunny",
            "thumbnailUrl": "https://vz-b17872ab-7a7.b-cdn.net/59050b25-8bf4-4cb5-83da-1a2d0661395b/thumbnail.jpg",
            "videoId": "59050b25-8bf4-4cb5-83da-1a2d0661395b",
            "updatedAt": "2026-05-30T15:41:35.015Z",
            "durationSeconds": 13
          }
        },
        "bunnyVideoId_mainVideoUrl": "59050b25-8bf4-4cb5-83da-1a2d0661395b",
        "videoDurationSeconds": null
      },
      "needsLongExplanation": false,
      "workflow": {
        "edited": true,
        "uploaded": true,
        "filmed": true,
        "audioAt": null,
        "uploadedAt": "2026-05-31T05:27:52.292Z",
        "filmedAt": "2026-05-31T05:27:52.292Z",
        "audio": false,
        "editedAt": "2026-05-31T05:27:52.292Z"
      },
      "methodName": "פלאנק עליות ונגיעות בכתפיים בבית",
      "requiredGearType": "improvised",
      "equipmentIds": [],
      "gearIds": [
        "5Rkhxawxj8EwC4spTXVM"
      ],
      "notificationText": "הכינו מזרן יוגה במידה ויש",
      "explanationStatus": "missing",
      "locationMapping": [
        "home"
      ],
      "lifestyleTags": [],
      "location": "home",
      "highlights": [],
      "specificCues": []
    },
    {
      "specificCues": [],
      "highlights": [],
      "lifestyleTags": [],
      "location": "office",
      "locationMapping": [
        "office"
      ],
      "notificationText": "הכינו מזרן יוגה במידה ויש",
      "explanationStatus": "missing",
      "gearIds": [
        "PXmX6xgAAVq53gLceIcC"
      ],
      "equipmentIds": [],
      "requiredGearType": "user_gear",
      "workflow": {
        "filmed": false,
        "uploadedAt": null,
        "audioAt": null,
        "audio": false,
        "filmedAt": null,
        "editedAt": null,
        "edited": false,
        "uploaded": false
      },
      "methodName": "פלאנק עליות ונגיעות בכתפיים במשרד",
      "media": {
        "imageUrl": null,
        "videoDurationSeconds": null,
        "mainVideoUrl": null
      },
      "needsLongExplanation": false
    },
    {
      "highlights": [],
      "specificCues": [],
      "location": "street",
      "lifestyleTags": [],
      "locationMapping": [
        "street"
      ],
      "explanationStatus": "missing",
      "notificationText": "הכינו מזרן יוגה במידה ויש",
      "gearIds": [
        "PXmX6xgAAVq53gLceIcC"
      ],
      "requiredGearType": "user_gear",
      "equipmentIds": [],
      "methodName": "פלאנק עליות ונגיעות בכתפיים ברחוב",
      "workflow": {
        "audioAt": null,
        "uploadedAt": null,
        "filmed": false,
        "editedAt": null,
        "audio": false,
        "filmedAt": null,
        "edited": false,
        "uploaded": false
      },
      "media": {
        "mainVideoUrl": null,
        "videoDurationSeconds": null,
        "imageUrl": null
      },
      "needsLongExplanation": false
    }
  ],
  "targetPrograms": [
    {
      "level": 3,
      "programId": "J0fLpmJhG0KDN2tQouxh"
    },
    {
      "programId": "kDMpobbKsuVTByTIKUpe",
      "level": 3
    }
  ],
  "tags": [],
  "exerciseRole": "main",
  "isFollowAlong": false,
  "restDayProgramIds": [],
  "secondsPerRep": 4,
  "defaultRestSeconds": 30,
  "noiseLevel": 2,
  "sweatLevel": 2,
  "injuryShield": [
    "wrist"
  ],
  "requiredLocations": [],
  "requiredTier": 1
} @ https://outrun.co.il/_next/static/chunks/7611-361f36925045c8eb.js:0
[208510258ms] [LOG] ================================================================================ @ https://outrun.co.il/_next/static/chunks/7611-361f36925045c8eb.js:0
[208510258ms] [LOG] ================================================================================ @ https://outrun.co.il/_next/static/chunks/4334-f743cc93d0054434.js:0
[208510258ms] [LOG] [updateExercise] RECEIVED FROM FORM: @ https://outrun.co.il/_next/static/chunks/4334-f743cc93d0054434.js:0
[208510258ms] [LOG] ================================================================================ @ https://outrun.co.il/_next/static/chunks/4334-f743cc93d0054434.js:0
[208510258ms] [LOG] [updateExercise] Classification Fields from form: {movementType: compound, symmetry: bilateral, mechanicalType: undefined, movementGroup: core} @ https://outrun.co.il/_next/static/chunks/4334-f743cc93d0054434.js:0
[208510258ms] [LOG] [updateExercise] Array Fields from form: {secondaryMuscles: Array(5), injuryShield: Array(1)} @ https://outrun.co.il/_next/static/chunks/4334-f743cc93d0054434.js:0
[208510258ms] [LOG] [useMethodsAutosave] Draft cleared from localStorage {exerciseId: BWbscvj0m3hvxghEMtKV} @ https://outrun.co.il/_next/static/chunks/7611-361f36925045c8eb.js:0
[208510423ms] [LOG] [updateExercise] AFTER SANITIZATION: {movementType: compound, symmetry: bilateral, mechanicalType: undefined, secondaryMuscles: Array(5), injuryShield: Array(1)} @ https://outrun.co.il/_next/static/chunks/4334-f743cc93d0054434.js:0
[208510423ms] [LOG] [updateExercise] Fields being persisted: {muscles: Object, effort: Object, technical: Object, movement: Object, safety: Object} @ https://outrun.co.il/_next/static/chunks/4334-f743cc93d0054434.js:0
[208510423ms] [LOG] [updateExercise] Updating with preserved fields: {exerciseId: BWbscvj0m3hvxghEMtKV, executionMethodsCount: 4, workflowsPreserved: Array(4), allMetadataPreserved: Array(6)} @ https://outrun.co.il/_next/static/chunks/4334-f743cc93d0054434.js:0
[208510689ms] [LOG] [updateExercise] Verification after save: {exerciseId: BWbscvj0m3hvxghEMtKV, methodsCount: 4, allWorkflowsExist: true, muscles: Object, movement: Object} @ https://outrun.co.il/_next/static/chunks/4334-f743cc93d0054434.js:0
[208510689ms] [LOG] [updateExercise] ✓ All metadata fields verified successfully @ https://outrun.co.il/_next/static/chunks/4334-f743cc93d0054434.js:0
[208518827ms] [WARNING] [EditExercisePage] Sanitized methodName from object: אופניים בפארק @ https://outrun.co.il/_next/static/chunks/app/admin/exercises/%5Bid%5D/page-eaec88f6a90b3360.js:0
[208518827ms] [WARNING] [EditExercisePage] Sanitized methodName from object: אופניים בבית @ https://outrun.co.il/_next/static/chunks/app/admin/exercises/%5Bid%5D/page-eaec88f6a90b3360.js:0
[208518827ms] [WARNING] [EditExercisePage] Sanitized methodName from object: אופניים @ https://outrun.co.il/_next/static/chunks/app/admin/exercises/%5Bid%5D/page-eaec88f6a90b3360.js:0
[208518832ms] [LOG] [ExerciseEditorForm] Loading initial data with ALL metadata fields: {primaryMuscle: undefined, secondaryMuscles: Array(0), movementGroup: undefined, movementType: undefined, symmetry: undefined} @ https://outrun.co.il/_next/static/chunks/7611-361f36925045c8eb.js:0
[208520848ms] [LOG] [useMethodsAutosave] Draft saved to localStorage {exerciseId: BcsFnuiLx1fZY2SIVhoC, methodCount: 3, timestamp: 2026-09-03T17:33:22.663Z} @ https://outrun.co.il/_next/static/chunks/7611-361f36925045c8eb.js:0
[208549157ms] [LOG] [Save] Fields being persisted: {muscles: Object, effort: Object, technical: Object, movement: Object, safety: Object} @ https://outrun.co.il/_next/static/chunks/7611-361f36925045c8eb.js:0
[208549157ms] [LOG] ================================================================================ @ https://outrun.co.il/_next/static/chunks/7611-361f36925045c8eb.js:0
[208549157ms] [LOG] [DEBUG] FINAL DATA BEFORE CALLING onSubmit: @ https://outrun.co.il/_next/static/chunks/7611-361f36925045c8eb.js:0
[208549157ms] [LOG] ================================================================================ @ https://outrun.co.il/_next/static/chunks/7611-361f36925045c8eb.js:0
[208549157ms] [LOG] [DEBUG] Classification Fields: {movementType: undefined, symmetry: bilateral, mechanicalType: undefined, movementGroup: core} @ https://outrun.co.il/_next/static/chunks/7611-361f36925045c8eb.js:0
[208549157ms] [LOG] [DEBUG] Array Fields: {secondaryMuscles: Array(0), injuryShield: Array(0), tags: Array(1), requiredLocations: Array(2)} @ https://outrun.co.il/_next/static/chunks/7611-361f36925045c8eb.js:0
[208549157ms] [LOG] [DEBUG] Metrics Fields: {noiseLevel: undefined, sweatLevel: undefined, primaryMuscle: undefined} @ https://outrun.co.il/_next/static/chunks/7611-361f36925045c8eb.js:0
[208549157ms] [LOG] [DEBUG] Full syncedFormData JSON: {
  "name": {
    "he": "אופניים",
    "en": ""
  },
  "supportedLangs": [],
  "type": "reps",
  "loggingMode": "reps",
  "equipment": [],
  "programIds": [
    "kDMpobbKsuVTByTIKUpe"
  ],
  "media": {
    "imageUrl": "https://vz-b17872ab-7a7.b-cdn.net/8fcb2e35-3c1f-4359-8388-ac79ac881b0a/thumbnail.jpg"
  },
  "muscleGroups": [],
  "secondaryMuscles": [],
  "content": {
    "description": {
      "he": "",
      "en": "",
      "es": ""
    },
    "instructions": {
      "he": "",
      "en": "",
      "es": ""
    },
    "specificCues": [],
    "highlights": []
  },
  "requiredUserGear": [],
  "base_movement_id": "unspecified_movement",
  "movementGroup": "core",
  "symmetry": "bilateral",
  "execution_methods": [
    {
      "requiredGearType": "user_gear",
      "gearIds": [],
      "equipmentIds": [],
      "media": {
        "imageUrl": null,
        "mainVideoUrl": null,
        "videoDurationSeconds": null
      },
      "methodName": "אופניים בפארק",
      "explanationStatus": "missing",
      "location": "park",
      "locationMapping": [
        "park"
      ],
      "specificCues": [],
      "highlights": [],
      "workflow": {
        "filmed": false,
        "filmedAt": null,
        "audio": false,
        "audioAt": null,
        "edited": false,
        "editedAt": null,
        "uploaded": false,
        "uploadedAt": null
      },
      "needsLongExplanation": false
    },
    {
      "location": "home",
      "methodName": "אופניים בבית",
      "media": {
        "imageUrl": "https://vz-b17872ab-7a7.b-cdn.net/8fcb2e35-3c1f-4359-8388-ac79ac881b0a/thumbnail.jpg",
        "previewVideo": {
          "he": {
            "updatedAt": "2026-05-30T19:08:58.739Z",
            "videoId": "8fcb2e35-3c1f-4359-8388-ac79ac881b0a",
            "thumbnailUrl": "https://vz-b17872ab-7a7.b-cdn.net/8fcb2e35-3c1f-4359-8388-ac79ac881b0a/thumbnail.jpg",
            "provider": "bunny"
          }
        },
        "bunnyVideoId_mainVideoUrl": "8fcb2e35-3c1f-4359-8388-ac79ac881b0a",
        "mainVideoUrl": "https://vz-b17872ab-7a7.b-cdn.net/8fcb2e35-3c1f-4359-8388-ac79ac881b0a/play_360p.mp4",
        "videoDurationSeconds": null
      },
      "requiredGearType": "improvised",
      "locationMapping": [
        "home"
      ],
      "explanationStatus": "missing",
      "equipmentIds": [],
      "gearIds": [],
      "workflow": {
        "audioAt": null,
        "filmed": true,
        "audio": false,
        "editedAt": "2026-05-31T05:27:52.411Z",
        "uploadedAt": "2026-05-31T05:27:52.411Z",
        "edited": true,
        "filmedAt": "2026-05-31T05:27:52.411Z",
        "uploaded": true
      },
      "specificCues": [],
      "highlights": [],
      "needsLongExplanation": false
    },
    {
      "methodName": "אופניים",
      "location": "service",
      "locationMapping": [
        "service"
      ],
      "requiredGearType": "user_gear",
      "gearIds": [],
      "equipmentIds": [],
      "lifestyleTags": [],
      "media": {
        "previewVideo": {
          "he": {
            "videoId": "5805c9a9-8196-423a-8137-3e8e35a14bf3",
            "provider": "bunny",
            "thumbnailUrl": "https://vz-b17872ab-7a7.b-cdn.net/5805c9a9-8196-423a-8137-3e8e35a14bf3/thumbnail.jpg"
          }
        },
        "imageUrl": "https://vz-b17872ab-7a7.b-cdn.net/5805c9a9-8196-423a-8137-3e8e35a14bf3/thumbnail.jpg"
      },
      "specificCues": [],
      "highlights": [],
      "workflow": {
        "filmed": false,
        "filmedAt": null,
        "audio": false,
        "audioAt": null,
        "edited": false,
        "editedAt": null,
        "uploaded": false,
        "uploadedAt": null
      },
      "needsLongExplanation": false
    }
  ],
  "targetPrograms": [
    {
      "programId": "kDMpobbKsuVTByTIKUpe",
      "level": 3
    }
  ],
  "tags": [
    "hiit_friendly"
  ],
  "exerciseRole": "main",
  "isFollowAlong": false,
  "restDayProgramIds": [],
  "injuryShield": [],
  "requiredLocations": [
    "park",
    "home"
  ],
  "requiredTier": 1
} @ https://outrun.co.il/_next/static/chunks/7611-361f36925045c8eb.js:0
[208549157ms] [LOG] ================================================================================ @ https://outrun.co.il/_next/static/chunks/7611-361f36925045c8eb.js:0
[208549157ms] [LOG] ================================================================================ @ https://outrun.co.il/_next/static/chunks/4334-f743cc93d0054434.js:0
[208549157ms] [LOG] [updateExercise] RECEIVED FROM FORM: @ https://outrun.co.il/_next/static/chunks/4334-f743cc93d0054434.js:0
[208549157ms] [LOG] ================================================================================ @ https://outrun.co.il/_next/static/chunks/4334-f743cc93d0054434.js:0
[208549157ms] [LOG] [updateExercise] Classification Fields from form: {movementType: undefined, symmetry: bilateral, mechanicalType: undefined, movementGroup: core} @ https://outrun.co.il/_next/static/chunks/4334-f743cc93d0054434.js:0
[208549157ms] [LOG] [updateExercise] Array Fields from form: {secondaryMuscles: Array(0), injuryShield: Array(0)} @ https://outrun.co.il/_next/static/chunks/4334-f743cc93d0054434.js:0
[208549157ms] [LOG] [useMethodsAutosave] Draft cleared from localStorage {exerciseId: BcsFnuiLx1fZY2SIVhoC} @ https://outrun.co.il/_next/static/chunks/7611-361f36925045c8eb.js:0
[208549305ms] [LOG] [updateExercise] AFTER SANITIZATION: {movementType: undefined, symmetry: bilateral, mechanicalType: undefined, secondaryMuscles: Array(0), injuryShield: Array(0)} @ https://outrun.co.il/_next/static/chunks/4334-f743cc93d0054434.js:0
[208549305ms] [LOG] [updateExercise] Fields being persisted: {muscles: Object, effort: Object, technical: Object, movement: Object, safety: Object} @ https://outrun.co.il/_next/static/chunks/4334-f743cc93d0054434.js:0
[208549305ms] [LOG] [updateExercise] Updating with preserved fields: {exerciseId: BcsFnuiLx1fZY2SIVhoC, executionMethodsCount: 3, workflowsPreserved: Array(3), allMetadataPreserved: Array(6)} @ https://outrun.co.il/_next/static/chunks/4334-f743cc93d0054434.js:0
[208549611ms] [LOG] [updateExercise] Verification after save: {exerciseId: BcsFnuiLx1fZY2SIVhoC, methodsCount: 3, allWorkflowsExist: true, muscles: Object, movement: Object} @ https://outrun.co.il/_next/static/chunks/4334-f743cc93d0054434.js:0
[208549611ms] [LOG] [updateExercise] ✓ All metadata fields verified successfully @ https://outrun.co.il/_next/static/chunks/4334-f743cc93d0054434.js:0
[208559239ms] [WARNING] [EditExercisePage] Sanitized methodName from object: עליות נגיעה בבהונות בשכיבה בפארק @ https://outrun.co.il/_next/static/chunks/app/admin/exercises/%5Bid%5D/page-eaec88f6a90b3360.js:0
[208559239ms] [WARNING] [EditExercisePage] Sanitized methodName from object: עליות נגיעה בבהונות בשכיבה בבית @ https://outrun.co.il/_next/static/chunks/app/admin/exercises/%5Bid%5D/page-eaec88f6a90b3360.js:0
[208559243ms] [LOG] [ExerciseEditorForm] Loading initial data with ALL metadata fields: {primaryMuscle: undefined, secondaryMuscles: Array(0), movementGroup: undefined, movementType: undefined, symmetry: undefined} @ https://outrun.co.il/_next/static/chunks/7611-361f36925045c8eb.js:0
[208561259ms] [LOG] [useMethodsAutosave] Draft saved to localStorage {exerciseId: DU3SwZWr6uy75WI7T4jB, methodCount: 2, timestamp: 2026-09-03T17:34:03.074Z} @ https://outrun.co.il/_next/static/chunks/7611-361f36925045c8eb.js:0
[208620556ms] [LOG] [Save] Fields being persisted: {muscles: Object, effort: Object, technical: Object, movement: Object, safety: Object} @ https://outrun.co.il/_next/static/chunks/7611-361f36925045c8eb.js:0
[208620556ms] [LOG] ================================================================================ @ https://outrun.co.il/_next/static/chunks/7611-361f36925045c8eb.js:0
[208620556ms] [LOG] [DEBUG] FINAL DATA BEFORE CALLING onSubmit: @ https://outrun.co.il/_next/static/chunks/7611-361f36925045c8eb.js:0
[208620556ms] [LOG] ================================================================================ @ https://outrun.co.il/_next/static/chunks/7611-361f36925045c8eb.js:0
[208620556ms] [LOG] [DEBUG] Classification Fields: {movementType: isolation, symmetry: bilateral, mechanicalType: undefined, movementGroup: core} @ https://outrun.co.il/_next/static/chunks/7611-361f36925045c8eb.js:0
[208620556ms] [LOG] [DEBUG] Array Fields: {secondaryMuscles: Array(0), injuryShield: Array(0), tags: Array(0), requiredLocations: Array(2)} @ https://outrun.co.il/_next/static/chunks/7611-361f36925045c8eb.js:0
[208620556ms] [LOG] [DEBUG] Metrics Fields: {noiseLevel: undefined, sweatLevel: undefined, primaryMuscle: undefined} @ https://outrun.co.il/_next/static/chunks/7611-361f36925045c8eb.js:0
[208620556ms] [LOG] [DEBUG] Full syncedFormData JSON: {
  "name": {
    "he": "עליות נגיעה בבהונות בשכיבה",
    "en": ""
  },
  "supportedLangs": [],
  "type": "reps",
  "loggingMode": "reps",
  "equipment": [],
  "programIds": [
    "kDMpobbKsuVTByTIKUpe"
  ],
  "media": {
    "imageUrl": "https://vz-b17872ab-7a7.b-cdn.net/16106339-f40e-414a-807b-16189100c11b/thumbnail.jpg"
  },
  "muscleGroups": [],
  "secondaryMuscles": [],
  "content": {
    "description": {
      "he": "",
      "en": "",
      "es": ""
    },
    "instructions": {
      "he": "",
      "en": "",
      "es": ""
    },
    "specificCues": [],
    "highlights": []
  },
  "requiredUserGear": [],
  "base_movement_id": "unspecified_movement",
  "movementGroup": "core",
  "movementType": "isolation",
  "symmetry": "bilateral",
  "execution_methods": [
    {
      "requiredGearType": "user_gear",
      "gearIds": [],
      "equipmentIds": [],
      "media": {
        "imageUrl": null,
        "mainVideoUrl": null,
        "videoDurationSeconds": null
      },
      "methodName": "עליות נגיעה בבהונות בשכיבה בפארק",
      "explanationStatus": "missing",
      "location": "park",
      "locationMapping": [
        "park"
      ],
      "specificCues": [],
      "highlights": [],
      "workflow": {
        "filmed": false,
        "filmedAt": null,
        "audio": false,
        "audioAt": null,
        "edited": false,
        "editedAt": null,
        "uploaded": false,
        "uploadedAt": null
      },
      "needsLongExplanation": false
    },
    {
      "methodName": "עליות נגיעה בבהונות בשכיבה בבית",
      "location": "home",
      "requiredGearType": "improvised",
      "media": {
        "mainVideoUrl": "https://vz-b17872ab-7a7.b-cdn.net/16106339-f40e-414a-807b-16189100c11b/play_360p.mp4",
        "videoDurationSeconds": null,
        "imageUrl": "https://vz-b17872ab-7a7.b-cdn.net/16106339-f40e-414a-807b-16189100c11b/thumbnail.jpg",
        "previewVideo": {
          "he": {
            "provider": "bunny",
            "thumbnailUrl": "https://vz-b17872ab-7a7.b-cdn.net/16106339-f40e-414a-807b-16189100c11b/thumbnail.jpg",
            "videoId": "16106339-f40e-414a-807b-16189100c11b",
            "updatedAt": "2026-05-30T20:33:37.251Z"
          }
        },
        "bunnyVideoId_mainVideoUrl": "16106339-f40e-414a-807b-16189100c11b"
      },
      "explanationStatus": "missing",
      "locationMapping": [
        "home"
      ],
      "workflow": {
        "filmedAt": "2026-05-31T05:27:53.209Z",
        "uploaded": true,
        "editedAt": "2026-05-31T05:27:53.209Z",
        "uploadedAt": "2026-05-31T05:27:53.209Z",
        "edited": true,
        "filmed": true,
        "audio": false,
        "audioAt": null
      },
      "gearIds": [],
      "equipmentIds": [],
      "specificCues": [],
      "highlights": [],
      "needsLongExplanation": false
    }
  ],
  "targetPrograms": [
    {
      "programId": "kDMpobbKsuVTByTIKUpe",
      "level": 5
    }
  ],
  "tags": [],
  "exerciseRole": "main",
  "isFollowAlong": false,
  "restDayProgramIds": [],
  "injuryShield": [],
  "requiredLocations": [
    "park",
    "home"
  ],
  "requiredTier": 1
} @ https://outrun.co.il/_next/static/chunks/7611-361f36925045c8eb.js:0
[208620556ms] [LOG] ================================================================================ @ https://outrun.co.il/_next/static/chunks/7611-361f36925045c8eb.js:0
[208620557ms] [LOG] ================================================================================ @ https://outrun.co.il/_next/static/chunks/4334-f743cc93d0054434.js:0
[208620557ms] [LOG] [updateExercise] RECEIVED FROM FORM: @ https://outrun.co.il/_next/static/chunks/4334-f743cc93d0054434.js:0
[208620557ms] [LOG] ================================================================================ @ https://outrun.co.il/_next/static/chunks/4334-f743cc93d0054434.js:0
[208620557ms] [LOG] [updateExercise] Classification Fields from form: {movementType: isolation, symmetry: bilateral, mechanicalType: undefined, movementGroup: core} @ https://outrun.co.il/_next/static/chunks/4334-f743cc93d0054434.js:0
[208620557ms] [LOG] [updateExercise] Array Fields from form: {secondaryMuscles: Array(0), injuryShield: Array(0)} @ https://outrun.co.il/_next/static/chunks/4334-f743cc93d0054434.js:0
[208620557ms] [LOG] [useMethodsAutosave] Draft cleared from localStorage {exerciseId: DU3SwZWr6uy75WI7T4jB} @ https://outrun.co.il/_next/static/chunks/7611-361f36925045c8eb.js:0
[208620715ms] [LOG] [updateExercise] AFTER SANITIZATION: {movementType: isolation, symmetry: bilateral, mechanicalType: undefined, secondaryMuscles: Array(0), injuryShield: Array(0)} @ https://outrun.co.il/_next/static/chunks/4334-f743cc93d0054434.js:0
[208620716ms] [LOG] [updateExercise] Fields being persisted: {muscles: Object, effort: Object, technical: Object, movement: Object, safety: Object} @ https://outrun.co.il/_next/static/chunks/4334-f743cc93d0054434.js:0
[208620716ms] [LOG] [updateExercise] Updating with preserved fields: {exerciseId: DU3SwZWr6uy75WI7T4jB, executionMethodsCount: 2, workflowsPreserved: Array(2), allMetadataPreserved: Array(6)} @ https://outrun.co.il/_next/static/chunks/4334-f743cc93d0054434.js:0
[208621014ms] [LOG] [updateExercise] Verification after save: {exerciseId: DU3SwZWr6uy75WI7T4jB, methodsCount: 2, allWorkflowsExist: true, muscles: Object, movement: Object} @ https://outrun.co.il/_next/static/chunks/4334-f743cc93d0054434.js:0
[208621014ms] [LOG] [updateExercise] ✓ All metadata fields verified successfully @ https://outrun.co.il/_next/static/chunks/4334-f743cc93d0054434.js:0
[208750135ms] [WARNING] [2026-09-03T17:37:11.950Z]  @firebase/auth: Auth (12.6.0): Error while retrieving App Check token: FirebaseError: AppCheck: ReCAPTCHA error. (appCheck/recaptcha-error). @ https://outrun.co.il/_next/static/chunks/2532-16f59635ee5a761a.js:14
[208750452ms] [WARNING] [2026-09-03T17:37:12.267Z]  @firebase/auth: Auth (12.6.0): Error while retrieving App Check token: FirebaseError: AppCheck: ReCAPTCHA error. (appCheck/recaptcha-error). @ https://outrun.co.il/_next/static/chunks/2532-16f59635ee5a761a.js:14
[208750452ms] [WARNING] [2026-09-03T17:37:12.267Z]  @firebase/auth: Auth (12.6.0): Error while retrieving App Check token: FirebaseError: AppCheck: ReCAPTCHA error. (appCheck/recaptcha-error). @ https://outrun.co.il/_next/static/chunks/2532-16f59635ee5a761a.js:14
[208751141ms] [LOG] [getAuthoritiesByManager] Super Admin — returning all 79 top-level authorities @ https://outrun.co.il/_next/static/chunks/7034-5296ee3d6d5a99f0.js:0
[208752081ms] [LOG] [getAuthoritiesByManager] Super Admin — returning all 79 top-level authorities @ https://outrun.co.il/_next/static/chunks/7034-5296ee3d6d5a99f0.js:0
[208752429ms] [LOG] [getAuthoritiesByManager] Super Admin — returning all 79 top-level authorities @ https://outrun.co.il/_next/static/chunks/7034-5296ee3d6d5a99f0.js:0
[208753677ms] [LOG] [getAuthoritiesByManager] Super Admin — returning all 79 top-level authorities @ https://outrun.co.il/_next/static/chunks/7034-5296ee3d6d5a99f0.js:0
[208753754ms] [LOG] [getAuthoritiesByManager] Super Admin — returning all 79 top-level authorities @ https://outrun.co.il/_next/static/chunks/7034-5296ee3d6d5a99f0.js:0
[210598090ms] [WARNING] [2026-09-03T18:07:59.904Z]  @firebase/auth: Auth (12.6.0): Error while retrieving App Check token: FirebaseError: AppCheck: ReCAPTCHA error. (appCheck/recaptcha-error). @ https://outrun.co.il/_next/static/chunks/2532-16f59635ee5a761a.js:14
[211752452ms] [WARNING] [2026-09-03T18:27:14.265Z]  @firebase/auth: Auth (12.6.0): Error while retrieving App Check token: FirebaseError: AppCheck: ReCAPTCHA error. (appCheck/recaptcha-error). @ https://outrun.co.il/_next/static/chunks/2532-16f59635ee5a761a.js:14
[212050447ms] [WARNING] [2026-09-03T18:32:12.261Z]  @firebase/auth: Auth (12.6.0): Error while retrieving App Check token: FirebaseError: AppCheck: ReCAPTCHA error. (appCheck/recaptcha-error). @ https://outrun.co.il/_next/static/chunks/2532-16f59635ee5a761a.js:14
[213898990ms] [WARNING] [2026-09-03T19:03:00.804Z]  @firebase/auth: Auth (12.6.0): Error while retrieving App Check token: FirebaseError: AppCheck: ReCAPTCHA error. (appCheck/recaptcha-error). @ https://outrun.co.il/_next/static/chunks/2532-16f59635ee5a761a.js:14
[214752441ms] [WARNING] [2026-09-03T19:17:14.256Z]  @firebase/auth: Auth (12.6.0): Error while retrieving App Check token: FirebaseError: AppCheck: ReCAPTCHA error. (appCheck/recaptcha-error). @ https://outrun.co.il/_next/static/chunks/2532-16f59635ee5a761a.js:14
[215351581ms] [WARNING] [2026-09-03T19:27:13.396Z]  @firebase/auth: Auth (12.6.0): Error while retrieving App Check token: FirebaseError: AppCheck: ReCAPTCHA error. (appCheck/recaptcha-error). @ https://outrun.co.il/_next/static/chunks/2532-16f59635ee5a761a.js:14
[217199644ms] [WARNING] [2026-09-03T19:58:01.458Z]  @firebase/auth: Auth (12.6.0): Error while retrieving App Check token: FirebaseError: AppCheck: ReCAPTCHA error. (appCheck/recaptcha-error). @ https://outrun.co.il/_next/static/chunks/2532-16f59635ee5a761a.js:14
[217752430ms] [WARNING] [2026-09-03T20:07:14.244Z]  @firebase/auth: Auth (12.6.0): Error while retrieving App Check token: FirebaseError: AppCheck: ReCAPTCHA error. (appCheck/recaptcha-error). @ https://outrun.co.il/_next/static/chunks/2532-16f59635ee5a761a.js:14
[218491708ms] [ERROR] Failed to load resource: net::ERR_NETWORK_IO_SUSPENDED @ https://firestore.googleapis.com/google.firestore.v1.Firestore/Listen/channel?gsessionid=IZhFhdjVZ1gDO6QJT9brTu7htp0NVH-NrumgiBWakxNZDEmS3wl-sg&VER=8&database=projects%2Fappout-1%2Fdatabases%2F(default)&RID=rpc&SID=SIs_E1OUq_YUCnFQqMs6Vw&AID=70&CI=1&TYPE=xmlhttp&zx=lh9vodyb6hwa&t=1:0
[218506309ms] [ERROR] Failed to load resource: net::ERR_NETWORK_CHANGED @ https://firestore.googleapis.com/google.firestore.v1.Firestore/Listen/channel?gsessionid=IZhFhdjVZ1gDO6QJT9brTu7htp0NVH-NrumgiBWakxNZDEmS3wl-sg&VER=8&database=projects%2Fappout-1%2Fdatabases%2F(default)&RID=rpc&SID=SIs_E1OUq_YUCnFQqMs6Vw&AID=71&CI=1&TYPE=xmlhttp&zx=nk3ruswhjgir&t=1:0
[218506324ms] [ERROR] Failed to load resource: net::ERR_NETWORK_CHANGED @ https://firestore.googleapis.com/google.firestore.v1.Firestore/Listen/channel?gsessionid=IZhFhdjVZ1gDO6QJT9brTu7htp0NVH-NrumgiBWakxNZDEmS3wl-sg&VER=8&database=projects%2Fappout-1%2Fdatabases%2F(default)&RID=rpc&SID=SIs_E1OUq_YUCnFQqMs6Vw&AID=72&CI=1&TYPE=xmlhttp&zx=9lzavorjidkt&t=1:0
[218600798ms] [ERROR] Failed to load resource: net::ERR_NETWORK_CHANGED @ https://firestore.googleapis.com/google.firestore.v1.Firestore/Listen/channel?gsessionid=IZhFhdjVZ1gDO6QJT9brTu7htp0NVH-NrumgiBWakxNZDEmS3wl-sg&VER=8&database=projects%2Fappout-1%2Fdatabases%2F(default)&RID=rpc&SID=SIs_E1OUq_YUCnFQqMs6Vw&AID=72&CI=1&TYPE=xmlhttp&zx=mmq162mrpifw&t=2:0
[218600814ms] [ERROR] Failed to load resource: net::ERR_NETWORK_CHANGED @ https://firestore.googleapis.com/google.firestore.v1.Firestore/Listen/channel?gsessionid=IZhFhdjVZ1gDO6QJT9brTu7htp0NVH-NrumgiBWakxNZDEmS3wl-sg&VER=8&database=projects%2Fappout-1%2Fdatabases%2F(default)&RID=rpc&SID=SIs_E1OUq_YUCnFQqMs6Vw&AID=73&CI=1&TYPE=xmlhttp&zx=c6zonqdlc0u1&t=1:0
[218601973ms] [ERROR] Failed to load resource: the server responded with a status of 400 () @ https://firestore.googleapis.com/google.firestore.v1.Firestore/Listen/channel?gsessionid=IZhFhdjVZ1gDO6QJT9brTu7htp0NVH-NrumgiBWakxNZDEmS3wl-sg&VER=8&database=projects%2Fappout-1%2Fdatabases%2F(default)&RID=rpc&SID=SIs_E1OUq_YUCnFQqMs6Vw&AID=73&CI=1&TYPE=xmlhttp&zx=719meizc3s1p&t=2:0
[218601975ms] [WARNING] [2026-09-03T20:21:23.789Z]  @firebase/firestore: Firestore (12.6.0): WebChannelConnection RPC 'Listen' stream 0x1512a73c transport errored. Name: undefined Message: undefined @ https://outrun.co.il/_next/static/chunks/2532-16f59635ee5a761a.js:14
[219549010ms] [ERROR] Failed to load resource: net::ERR_NETWORK_CHANGED @ https://firestore.googleapis.com/google.firestore.v1.Firestore/Listen/channel?gsessionid=7FBbF-KnL1Zb_IaEPPvyVlKEpEvbKpTj6Fucm3bgqYg34xL3RUliNg&VER=8&database=projects%2Fappout-1%2Fdatabases%2F(default)&RID=rpc&SID=7NZFfkX4b2EbObtjBuvUtA&AID=8&CI=1&TYPE=xmlhttp&zx=uzgemuoi39rp&t=1:0
[219549027ms] [ERROR] Failed to load resource: net::ERR_NETWORK_CHANGED @ https://firestore.googleapis.com/google.firestore.v1.Firestore/Listen/channel?gsessionid=7FBbF-KnL1Zb_IaEPPvyVlKEpEvbKpTj6Fucm3bgqYg34xL3RUliNg&VER=8&database=projects%2Fappout-1%2Fdatabases%2F(default)&RID=rpc&SID=7NZFfkX4b2EbObtjBuvUtA&AID=9&CI=1&TYPE=xmlhttp&zx=eh2zmc36ddri&t=1:0
[219549064ms] [ERROR] Failed to load resource: net::ERR_NETWORK_CHANGED @ https://firestore.googleapis.com/google.firestore.v1.Firestore/Listen/channel?gsessionid=7FBbF-KnL1Zb_IaEPPvyVlKEpEvbKpTj6Fucm3bgqYg34xL3RUliNg&VER=8&database=projects%2Fappout-1%2Fdatabases%2F(default)&RID=rpc&SID=7NZFfkX4b2EbObtjBuvUtA&AID=9&CI=1&TYPE=xmlhttp&zx=3dtf8dpzw8me&t=2:0
[219563421ms] [ERROR] Failed to load resource: the server responded with a status of 400 () @ https://firestore.googleapis.com/google.firestore.v1.Firestore/Listen/channel?gsessionid=7FBbF-KnL1Zb_IaEPPvyVlKEpEvbKpTj6Fucm3bgqYg34xL3RUliNg&VER=8&database=projects%2Fappout-1%2Fdatabases%2F(default)&RID=rpc&SID=7NZFfkX4b2EbObtjBuvUtA&AID=9&CI=1&TYPE=xmlhttp&zx=tueta8uzum6e&t=3:0
[219563425ms] [WARNING] [2026-09-03T20:37:25.240Z]  @firebase/firestore: Firestore (12.6.0): WebChannelConnection RPC 'Listen' stream 0x1512a73d transport errored. Name: undefined Message: undefined @ https://outrun.co.il/_next/static/chunks/2532-16f59635ee5a761a.js:14
[220586574ms] [ERROR] Failed to load resource: net::ERR_NETWORK_CHANGED @ https://firestore.googleapis.com/google.firestore.v1.Firestore/Listen/channel?gsessionid=4IB4PsC5VzhaiNGwXz-qTHMLb7LrhHmaXHV0EsSbiAcwfJ8xof_3dA&VER=8&database=projects%2Fappout-1%2Fdatabases%2F(default)&RID=rpc&SID=6pcYxeMkFSQsoepKYDPU-w&AID=0&CI=0&TYPE=xmlhttp&zx=inpglb9fvmag&t=1:0
[220586600ms] [ERROR] Failed to load resource: net::ERR_NETWORK_CHANGED @ https://firestore.googleapis.com/google.firestore.v1.Firestore/Listen/channel?gsessionid=4IB4PsC5VzhaiNGwXz-qTHMLb7LrhHmaXHV0EsSbiAcwfJ8xof_3dA&VER=8&database=projects%2Fappout-1%2Fdatabases%2F(default)&RID=rpc&SID=6pcYxeMkFSQsoepKYDPU-w&AID=6&CI=0&TYPE=xmlhttp&zx=sps5u3myajuj&t=1:0
[220586839ms] [ERROR] Failed to load resource: net::ERR_NETWORK_CHANGED @ https://firestore.googleapis.com/google.firestore.v1.Firestore/Listen/channel?gsessionid=4IB4PsC5VzhaiNGwXz-qTHMLb7LrhHmaXHV0EsSbiAcwfJ8xof_3dA&VER=8&database=projects%2Fappout-1%2Fdatabases%2F(default)&RID=rpc&SID=6pcYxeMkFSQsoepKYDPU-w&AID=6&CI=0&TYPE=xmlhttp&zx=hto3jpinp73m&t=2:0
[220600484ms] [ERROR] Failed to load resource: the server responded with a status of 400 () @ https://firestore.googleapis.com/google.firestore.v1.Firestore/Listen/channel?gsessionid=4IB4PsC5VzhaiNGwXz-qTHMLb7LrhHmaXHV0EsSbiAcwfJ8xof_3dA&VER=8&database=projects%2Fappout-1%2Fdatabases%2F(default)&RID=rpc&SID=6pcYxeMkFSQsoepKYDPU-w&AID=6&CI=0&TYPE=xmlhttp&zx=iwyo09ylnbua&t=3:0
[220600489ms] [WARNING] [2026-09-03T20:54:42.303Z]  @firebase/firestore: Firestore (12.6.0): WebChannelConnection RPC 'Listen' stream 0x1512a73e transport errored. Name: undefined Message: undefined @ https://outrun.co.il/_next/static/chunks/2532-16f59635ee5a761a.js:14
[221694930ms] [ERROR] Failed to load resource: net::ERR_NETWORK_CHANGED @ https://firestore.googleapis.com/google.firestore.v1.Firestore/Listen/channel?gsessionid=zRCwl06rry5ZJhZu3WOk4iqOKkHFubXzOuOQI9fGo-2wU7MV8es8qw&VER=8&database=projects%2Fappout-1%2Fdatabases%2F(default)&RID=rpc&SID=mIHMfFIHnBTfCeX2PoSWLg&AID=8&CI=1&TYPE=xmlhttp&zx=ra6vlvx431wl&t=1:0
[221694964ms] [ERROR] Failed to load resource: net::ERR_NETWORK_CHANGED @ https://firestore.googleapis.com/google.firestore.v1.Firestore/Listen/channel?gsessionid=zRCwl06rry5ZJhZu3WOk4iqOKkHFubXzOuOQI9fGo-2wU7MV8es8qw&VER=8&database=projects%2Fappout-1%2Fdatabases%2F(default)&RID=rpc&SID=mIHMfFIHnBTfCeX2PoSWLg&AID=9&CI=1&TYPE=xmlhttp&zx=wnjuj3qvjor0&t=1:0
[221695798ms] [ERROR] Failed to load resource: the server responded with a status of 400 () @ https://firestore.googleapis.com/google.firestore.v1.Firestore/Listen/channel?gsessionid=zRCwl06rry5ZJhZu3WOk4iqOKkHFubXzOuOQI9fGo-2wU7MV8es8qw&VER=8&database=projects%2Fappout-1%2Fdatabases%2F(default)&RID=rpc&SID=mIHMfFIHnBTfCeX2PoSWLg&AID=9&CI=1&TYPE=xmlhttp&zx=d679pjruea1v&t=2:0
[221695799ms] [WARNING] [2026-09-03T21:12:57.614Z]  @firebase/firestore: Firestore (12.6.0): WebChannelConnection RPC 'Listen' stream 0x1512a73f transport errored. Name: undefined Message: undefined @ https://outrun.co.il/_next/static/chunks/2532-16f59635ee5a761a.js:14
[221695806ms] [WARNING] [2026-09-03T21:12:57.621Z]  @firebase/auth: Auth (12.6.0): Error while retrieving App Check token: FirebaseError: AppCheck: ReCAPTCHA error. (appCheck/recaptcha-error). @ https://outrun.co.il/_next/static/chunks/2532-16f59635ee5a761a.js:14
[221698426ms] [WARNING] [2026-09-03T21:13:00.241Z]  @firebase/auth: Auth (12.6.0): Error while retrieving App Check token: FirebaseError: AppCheck: ReCAPTCHA error. (appCheck/recaptcha-error). @ https://outrun.co.il/_next/static/chunks/2532-16f59635ee5a761a.js:14
[221834482ms] [ERROR] Failed to load resource: net::ERR_NETWORK_CHANGED @ https://outrun.co.il/api/auth/session:0
[221834483ms] [WARNING] [session] silent refresh failed: TypeError: Failed to fetch
    at https://outrun.co.il/_next/static/chunks/app/admin/layout-19dbfc67bfe16a74.js:1:7247 @ https://outrun.co.il/_next/static/chunks/app/admin/layout-19dbfc67bfe16a74.js:0
[221834484ms] [ERROR] Failed to load resource: net::ERR_NETWORK_CHANGED @ https://firestore.googleapis.com/google.firestore.v1.Firestore/Listen/channel?gsessionid=xGMJI4sTzbisbt3rI6XvgQaS2PwREKrvZTSXatKEpDEQulTs0HTH1w&VER=8&database=projects%2Fappout-1%2Fdatabases%2F(default)&RID=rpc&SID=3uC99Xv-mueFiFYE4ZYGQA&AID=0&CI=0&TYPE=xmlhttp&zx=2p45bgajurue&t=1:0
[221834504ms] [ERROR] Failed to load resource: net::ERR_NETWORK_CHANGED @ https://firestore.googleapis.com/google.firestore.v1.Firestore/Listen/channel?gsessionid=xGMJI4sTzbisbt3rI6XvgQaS2PwREKrvZTSXatKEpDEQulTs0HTH1w&VER=8&database=projects%2Fappout-1%2Fdatabases%2F(default)&RID=rpc&SID=3uC99Xv-mueFiFYE4ZYGQA&AID=4&CI=0&TYPE=xmlhttp&zx=p8flxme9oluh&t=1:0
[221835691ms] [ERROR] Failed to load resource: the server responded with a status of 400 () @ https://firestore.googleapis.com/google.firestore.v1.Firestore/Listen/channel?gsessionid=xGMJI4sTzbisbt3rI6XvgQaS2PwREKrvZTSXatKEpDEQulTs0HTH1w&VER=8&database=projects%2Fappout-1%2Fdatabases%2F(default)&RID=rpc&SID=3uC99Xv-mueFiFYE4ZYGQA&AID=4&CI=0&TYPE=xmlhttp&zx=y1d5k86j3c0o&t=2:0
[221835692ms] [WARNING] [2026-09-03T21:15:17.506Z]  @firebase/firestore: Firestore (12.6.0): WebChannelConnection RPC 'Listen' stream 0x1512a741 transport errored. Name: undefined Message: undefined @ https://outrun.co.il/_next/static/chunks/2532-16f59635ee5a761a.js:14
[222000207ms] [ERROR] Failed to load resource: net::ERR_NETWORK_CHANGED @ https://firestore.googleapis.com/google.firestore.v1.Firestore/Listen/channel?gsessionid=NeB5B6RFB_Hligl0ymoTPn0ZTo8Kqm6Fm-F6TsBhxM8Tbb4ZR-Hlsg&VER=8&database=projects%2Fappout-1%2Fdatabases%2F(default)&RID=rpc&SID=Nf8UfTK9_7XhPGER1x4VRA&AID=10&CI=1&TYPE=xmlhttp&zx=5i8nc1f0bamd&t=1:0
[222000221ms] [ERROR] Failed to load resource: net::ERR_NETWORK_CHANGED @ https://firestore.googleapis.com/google.firestore.v1.Firestore/Listen/channel?gsessionid=NeB5B6RFB_Hligl0ymoTPn0ZTo8Kqm6Fm-F6TsBhxM8Tbb4ZR-Hlsg&VER=8&database=projects%2Fappout-1%2Fdatabases%2F(default)&RID=rpc&SID=Nf8UfTK9_7XhPGER1x4VRA&AID=10&CI=1&TYPE=xmlhttp&zx=k3s2v8b5lfqd&t=2:0
[222010133ms] [ERROR] Failed to load resource: the server responded with a status of 400 () @ https://firestore.googleapis.com/google.firestore.v1.Firestore/Listen/channel?gsessionid=NeB5B6RFB_Hligl0ymoTPn0ZTo8Kqm6Fm-F6TsBhxM8Tbb4ZR-Hlsg&VER=8&database=projects%2Fappout-1%2Fdatabases%2F(default)&RID=rpc&SID=Nf8UfTK9_7XhPGER1x4VRA&AID=10&CI=1&TYPE=xmlhttp&zx=k9gt9vesgwne&t=3:0
[222010134ms] [WARNING] [2026-09-03T21:18:11.948Z]  @firebase/firestore: Firestore (12.6.0): WebChannelConnection RPC 'Listen' stream 0x1512a742 transport errored. Name: undefined Message: undefined @ https://outrun.co.il/_next/static/chunks/2532-16f59635ee5a761a.js:14
[222947996ms] [ERROR] Failed to load resource: net::ERR_NETWORK_CHANGED @ https://firestore.googleapis.com/google.firestore.v1.Firestore/Listen/channel?gsessionid=5mEdcn6Ph1zyDsDJ-x3n7WIlOPTr9oHpflRO_hHr9CStida9KReB5A&VER=8&database=projects%2Fappout-1%2Fdatabases%2F(default)&RID=rpc&SID=AvZq31DuXw-S6PbJBLweGg&AID=8&CI=1&TYPE=xmlhttp&zx=9wjnyimd245m&t=1:0
[222948015ms] [ERROR] Failed to load resource: net::ERR_NETWORK_CHANGED @ https://firestore.googleapis.com/google.firestore.v1.Firestore/Listen/channel?gsessionid=5mEdcn6Ph1zyDsDJ-x3n7WIlOPTr9oHpflRO_hHr9CStida9KReB5A&VER=8&database=projects%2Fappout-1%2Fdatabases%2F(default)&RID=rpc&SID=AvZq31DuXw-S6PbJBLweGg&AID=9&CI=1&TYPE=xmlhttp&zx=yqc1iokugpmm&t=1:0
[222948028ms] [ERROR] Failed to load resource: net::ERR_NETWORK_CHANGED @ https://firestore.googleapis.com/google.firestore.v1.Firestore/Listen/channel?gsessionid=5mEdcn6Ph1zyDsDJ-x3n7WIlOPTr9oHpflRO_hHr9CStida9KReB5A&VER=8&database=projects%2Fappout-1%2Fdatabases%2F(default)&RID=rpc&SID=AvZq31DuXw-S6PbJBLweGg&AID=9&CI=1&TYPE=xmlhttp&zx=ocjpayfmxi9&t=2:0
[222962722ms] [ERROR] Failed to load resource: the server responded with a status of 400 () @ https://firestore.googleapis.com/google.firestore.v1.Firestore/Listen/channel?gsessionid=5mEdcn6Ph1zyDsDJ-x3n7WIlOPTr9oHpflRO_hHr9CStida9KReB5A&VER=8&database=projects%2Fappout-1%2Fdatabases%2F(default)&RID=rpc&SID=AvZq31DuXw-S6PbJBLweGg&AID=9&CI=1&TYPE=xmlhttp&zx=bhmeo6lvuvr0&t=3:0
[222962729ms] [WARNING] [2026-09-03T21:34:04.544Z]  @firebase/firestore: Firestore (12.6.0): WebChannelConnection RPC 'Listen' stream 0x1512a743 transport errored. Name: undefined Message: undefined @ https://outrun.co.il/_next/static/chunks/2532-16f59635ee5a761a.js:14
[223989877ms] [ERROR] Failed to load resource: net::ERR_NETWORK_CHANGED @ https://firestore.googleapis.com/google.firestore.v1.Firestore/Listen/channel?gsessionid=qBzEf1xPldEHsNybQ23m6w8m2VqzQ2FEsv_tW9FlN6rbXzxnULTQ0g&VER=8&database=projects%2Fappout-1%2Fdatabases%2F(default)&RID=rpc&SID=fgCafgjJrOJswutmvmQNUg&AID=0&CI=0&TYPE=xmlhttp&zx=wgoj0s4ba4b3&t=1:0
[223989908ms] [ERROR] Failed to load resource: net::ERR_NETWORK_CHANGED @ https://firestore.googleapis.com/google.firestore.v1.Firestore/Listen/channel?gsessionid=qBzEf1xPldEHsNybQ23m6w8m2VqzQ2FEsv_tW9FlN6rbXzxnULTQ0g&VER=8&database=projects%2Fappout-1%2Fdatabases%2F(default)&RID=rpc&SID=fgCafgjJrOJswutmvmQNUg&AID=6&CI=0&TYPE=xmlhttp&zx=4f2eqkia9ywu&t=1:0
[223990741ms] [ERROR] Failed to load resource: the server responded with a status of 400 () @ https://firestore.googleapis.com/google.firestore.v1.Firestore/Listen/channel?gsessionid=qBzEf1xPldEHsNybQ23m6w8m2VqzQ2FEsv_tW9FlN6rbXzxnULTQ0g&VER=8&database=projects%2Fappout-1%2Fdatabases%2F(default)&RID=rpc&SID=fgCafgjJrOJswutmvmQNUg&AID=6&CI=0&TYPE=xmlhttp&zx=n9m633seilso&t=2:0
[223990749ms] [WARNING] [2026-09-03T21:51:12.563Z]  @firebase/firestore: Firestore (12.6.0): WebChannelConnection RPC 'Listen' stream 0x1512a744 transport errored. Name: undefined Message: undefined @ https://outrun.co.il/_next/static/chunks/2532-16f59635ee5a761a.js:14
[224896299ms] [ERROR] Failed to load resource: net::ERR_NETWORK_CHANGED @ https://firestore.googleapis.com/google.firestore.v1.Firestore/Listen/channel?gsessionid=3IRBll2cEa_d7BOMOTpfNaFKmFZHuSNjKaqxHzKYKb02Qk-ze9eiFA&VER=8&database=projects%2Fappout-1%2Fdatabases%2F(default)&RID=rpc&SID=tC2OTPiBQS7Q7P-4ywJlhA&AID=0&CI=0&TYPE=xmlhttp&zx=x3adx7jb8elk&t=1:0
[224896346ms] [ERROR] Failed to load resource: net::ERR_NAME_NOT_RESOLVED @ https://firestore.googleapis.com/google.firestore.v1.Firestore/Listen/channel?gsessionid=3IRBll2cEa_d7BOMOTpfNaFKmFZHuSNjKaqxHzKYKb02Qk-ze9eiFA&VER=8&database=projects%2Fappout-1%2Fdatabases%2F(default)&RID=rpc&SID=tC2OTPiBQS7Q7P-4ywJlhA&AID=5&CI=0&TYPE=xmlhttp&zx=fc1ub9tjrk6l&t=1:0
[224896516ms] [ERROR] Failed to load resource: net::ERR_NETWORK_CHANGED @ https://firestore.googleapis.com/google.firestore.v1.Firestore/Listen/channel?gsessionid=3IRBll2cEa_d7BOMOTpfNaFKmFZHuSNjKaqxHzKYKb02Qk-ze9eiFA&VER=8&database=projects%2Fappout-1%2Fdatabases%2F(default)&RID=rpc&SID=tC2OTPiBQS7Q7P-4ywJlhA&AID=5&CI=0&TYPE=xmlhttp&zx=psjj0komjqy1&t=2:0
[224908829ms] [ERROR] Failed to load resource: the server responded with a status of 400 () @ https://firestore.googleapis.com/google.firestore.v1.Firestore/Listen/channel?gsessionid=3IRBll2cEa_d7BOMOTpfNaFKmFZHuSNjKaqxHzKYKb02Qk-ze9eiFA&VER=8&database=projects%2Fappout-1%2Fdatabases%2F(default)&RID=rpc&SID=tC2OTPiBQS7Q7P-4ywJlhA&AID=5&CI=0&TYPE=xmlhttp&zx=dqtfueliqrjm&t=3:0
[224908830ms] [WARNING] [2026-09-03T22:06:30.645Z]  @firebase/firestore: Firestore (12.6.0): WebChannelConnection RPC 'Listen' stream 0x1512a745 transport errored. Name: undefined Message: undefined @ https://outrun.co.il/_next/static/chunks/2532-16f59635ee5a761a.js:14
[225350623ms] [ERROR] Failed to load resource: net::ERR_NETWORK_CHANGED @ https://firestore.googleapis.com/google.firestore.v1.Firestore/Listen/channel?gsessionid=Mo1gusEzYKv08vE-Zzk03bJzqMjzPpUlwxU9EBCOO3Mw9sFAiy1Atw&VER=8&database=projects%2Fappout-1%2Fdatabases%2F(default)&RID=rpc&SID=a7uFkRRdh8YTn06EwCiWWg&AID=0&CI=0&TYPE=xmlhttp&zx=melmb1semqp4&t=1:0
[225350649ms] [ERROR] Failed to load resource: net::ERR_NETWORK_CHANGED @ https://firestore.googleapis.com/google.firestore.v1.Firestore/Listen/channel?gsessionid=Mo1gusEzYKv08vE-Zzk03bJzqMjzPpUlwxU9EBCOO3Mw9sFAiy1Atw&VER=8&database=projects%2Fappout-1%2Fdatabases%2F(default)&RID=rpc&SID=a7uFkRRdh8YTn06EwCiWWg&AID=6&CI=0&TYPE=xmlhttp&zx=jbcsae34ex59&t=1:0
[225351984ms] [ERROR] Failed to load resource: the server responded with a status of 400 () @ https://firestore.googleapis.com/google.firestore.v1.Firestore/Listen/channel?gsessionid=Mo1gusEzYKv08vE-Zzk03bJzqMjzPpUlwxU9EBCOO3Mw9sFAiy1Atw&VER=8&database=projects%2Fappout-1%2Fdatabases%2F(default)&RID=rpc&SID=a7uFkRRdh8YTn06EwCiWWg&AID=6&CI=0&TYPE=xmlhttp&zx=kbe8du61oydw&t=2:0
[225351985ms] [WARNING] [2026-09-03T22:13:53.800Z]  @firebase/firestore: Firestore (12.6.0): WebChannelConnection RPC 'Listen' stream 0x1512a746 transport errored. Name: undefined Message: undefined @ https://outrun.co.il/_next/static/chunks/2532-16f59635ee5a761a.js:14
[225351991ms] [WARNING] [2026-09-03T22:13:53.805Z]  @firebase/auth: Auth (12.6.0): Error while retrieving App Check token: FirebaseError: AppCheck: ReCAPTCHA error. (appCheck/recaptcha-error). @ https://outrun.co.il/_next/static/chunks/2532-16f59635ee5a761a.js:14
[225467785ms] [ERROR] Failed to load resource: net::ERR_NETWORK_CHANGED @ https://firestore.googleapis.com/google.firestore.v1.Firestore/Listen/channel?gsessionid=B0Y8FCV_mQX-zdKD57ZViVY0rdQMkVM0NNsvE4QkBvA-MiuSrO9Xeg&VER=8&database=projects%2Fappout-1%2Fdatabases%2F(default)&RID=rpc&SID=3hOLI9hOthHxIRigWWQzqg&AID=0&CI=0&TYPE=xmlhttp&zx=1721d0eqorul&t=1:0
[225467822ms] [ERROR] Failed to load resource: net::ERR_NETWORK_CHANGED @ https://firestore.googleapis.com/google.firestore.v1.Firestore/Listen/channel?gsessionid=B0Y8FCV_mQX-zdKD57ZViVY0rdQMkVM0NNsvE4QkBvA-MiuSrO9Xeg&VER=8&database=projects%2Fappout-1%2Fdatabases%2F(default)&RID=rpc&SID=3hOLI9hOthHxIRigWWQzqg&AID=6&CI=0&TYPE=xmlhttp&zx=p4kcaf29569x&t=1:0
[225469181ms] [ERROR] Failed to load resource: the server responded with a status of 400 () @ https://firestore.googleapis.com/google.firestore.v1.Firestore/Listen/channel?gsessionid=B0Y8FCV_mQX-zdKD57ZViVY0rdQMkVM0NNsvE4QkBvA-MiuSrO9Xeg&VER=8&database=projects%2Fappout-1%2Fdatabases%2F(default)&RID=rpc&SID=3hOLI9hOthHxIRigWWQzqg&AID=6&CI=0&TYPE=xmlhttp&zx=e0qt90q714sv&t=2:0
[225469181ms] [WARNING] [2026-09-03T22:15:50.996Z]  @firebase/firestore: Firestore (12.6.0): WebChannelConnection RPC 'Listen' stream 0x1512a747 transport errored. Name: undefined Message: undefined @ https://outrun.co.il/_next/static/chunks/2532-16f59635ee5a761a.js:14
[226436906ms] [ERROR] Failed to load resource: net::ERR_NETWORK_CHANGED @ https://firestore.googleapis.com/google.firestore.v1.Firestore/Listen/channel?gsessionid=fKmRQbkcx7eZ_8z_c9ysRazbOBsm9m3J2_NmhHv1aNWuh_YAw5ucww&VER=8&database=projects%2Fappout-1%2Fdatabases%2F(default)&RID=rpc&SID=ytSdEb7ncsibIaFiy3vNpQ&AID=0&CI=0&TYPE=xmlhttp&zx=lcjpzjshs1dc&t=1:0
[226436926ms] [ERROR] Failed to load resource: net::ERR_NETWORK_CHANGED @ https://firestore.googleapis.com/google.firestore.v1.Firestore/Listen/channel?gsessionid=fKmRQbkcx7eZ_8z_c9ysRazbOBsm9m3J2_NmhHv1aNWuh_YAw5ucww&VER=8&database=projects%2Fappout-1%2Fdatabases%2F(default)&RID=rpc&SID=ytSdEb7ncsibIaFiy3vNpQ&AID=6&CI=0&TYPE=xmlhttp&zx=p9joz9jsik09&t=1:0
[226436974ms] [ERROR] Failed to load resource: net::ERR_NETWORK_CHANGED @ https://firestore.googleapis.com/google.firestore.v1.Firestore/Listen/channel?gsessionid=fKmRQbkcx7eZ_8z_c9ysRazbOBsm9m3J2_NmhHv1aNWuh_YAw5ucww&VER=8&database=projects%2Fappout-1%2Fdatabases%2F(default)&RID=rpc&SID=ytSdEb7ncsibIaFiy3vNpQ&AID=6&CI=0&TYPE=xmlhttp&zx=3br2n2xxa1im&t=2:0
[227360808ms] [ERROR] Failed to load resource: net::ERR_NETWORK_CHANGED @ https://firestore.googleapis.com/google.firestore.v1.Firestore/Listen/channel?gsessionid=fKmRQbkcx7eZ_8z_c9ysRazbOBsm9m3J2_NmhHv1aNWuh_YAw5ucww&VER=8&database=projects%2Fappout-1%2Fdatabases%2F(default)&RID=rpc&SID=ytSdEb7ncsibIaFiy3vNpQ&AID=6&CI=0&TYPE=xmlhttp&zx=pprc4orohage&t=3:0
[228647347ms] [ERROR] Failed to load resource: the server responded with a status of 400 () @ https://firestore.googleapis.com/google.firestore.v1.Firestore/Listen/channel?gsessionid=fKmRQbkcx7eZ_8z_c9ysRazbOBsm9m3J2_NmhHv1aNWuh_YAw5ucww&VER=8&database=projects%2Fappout-1%2Fdatabases%2F(default)&RID=rpc&SID=ytSdEb7ncsibIaFiy3vNpQ&AID=6&CI=0&TYPE=xmlhttp&zx=csxuebv1fx6v&t=4:0
[228647359ms] [WARNING] [2026-09-03T23:08:49.172Z]  @firebase/firestore: Firestore (12.6.0): WebChannelConnection RPC 'Listen' stream 0x1512a748 transport errored. Name: undefined Message: undefined @ https://outrun.co.il/_next/static/chunks/2532-16f59635ee5a761a.js:14
[229127869ms] [ERROR] Failed to load resource: net::ERR_NETWORK_CHANGED @ https://firestore.googleapis.com/google.firestore.v1.Firestore/Listen/channel?gsessionid=_PkAOGVRg-azYh2kmC-gog0ki5LycuyffYAorjScP54jFy3d1LYkyQ&VER=8&database=projects%2Fappout-1%2Fdatabases%2F(default)&RID=rpc&SID=3DeZsBa55PzYi1vSJqYB1Q&AID=8&CI=1&TYPE=xmlhttp&zx=z6d09ifryokj&t=1:0
[229127898ms] [ERROR] Failed to load resource: net::ERR_NETWORK_CHANGED @ https://firestore.googleapis.com/google.firestore.v1.Firestore/Listen/channel?gsessionid=_PkAOGVRg-azYh2kmC-gog0ki5LycuyffYAorjScP54jFy3d1LYkyQ&VER=8&database=projects%2Fappout-1%2Fdatabases%2F(default)&RID=rpc&SID=3DeZsBa55PzYi1vSJqYB1Q&AID=9&CI=1&TYPE=xmlhttp&zx=ss7g3855t5co&t=1:0
[229129050ms] [ERROR] Failed to load resource: the server responded with a status of 400 () @ https://firestore.googleapis.com/google.firestore.v1.Firestore/Listen/channel?gsessionid=_PkAOGVRg-azYh2kmC-gog0ki5LycuyffYAorjScP54jFy3d1LYkyQ&VER=8&database=projects%2Fappout-1%2Fdatabases%2F(default)&RID=rpc&SID=3DeZsBa55PzYi1vSJqYB1Q&AID=9&CI=1&TYPE=xmlhttp&zx=5jfx2i99109e&t=2:0
[229129050ms] [WARNING] [2026-09-03T23:16:50.865Z]  @firebase/firestore: Firestore (12.6.0): WebChannelConnection RPC 'Listen' stream 0x1512a749 transport errored. Name: undefined Message: undefined @ https://outrun.co.il/_next/static/chunks/2532-16f59635ee5a761a.js:14
[229129054ms] [WARNING] [2026-09-03T23:16:50.868Z]  @firebase/auth: Auth (12.6.0): Error while retrieving App Check token: FirebaseError: AppCheck: ReCAPTCHA error. (appCheck/recaptcha-error). @ https://outrun.co.il/_next/static/chunks/2532-16f59635ee5a761a.js:14
[230172874ms] [ERROR] Failed to load resource: net::ERR_NETWORK_CHANGED @ https://firestore.googleapis.com/google.firestore.v1.Firestore/Listen/channel?gsessionid=I71gSPcJUBfvAWxq9I-1vLr74-eoJPpDDUNscTl4PPhdZ7c-ICRkyQ&VER=8&database=projects%2Fappout-1%2Fdatabases%2F(default)&RID=rpc&SID=uncANJ51Y5AvpjGnfdrhBg&AID=0&CI=0&TYPE=xmlhttp&zx=y0b1zz7ng6f8&t=1:0
[230172904ms] [ERROR] Failed to load resource: net::ERR_NETWORK_CHANGED @ https://firestore.googleapis.com/google.firestore.v1.Firestore/Listen/channel?gsessionid=I71gSPcJUBfvAWxq9I-1vLr74-eoJPpDDUNscTl4PPhdZ7c-ICRkyQ&VER=8&database=projects%2Fappout-1%2Fdatabases%2F(default)&RID=rpc&SID=uncANJ51Y5AvpjGnfdrhBg&AID=6&CI=0&TYPE=xmlhttp&zx=swfu5ffeednb&t=1:0
[230174040ms] [ERROR] Failed to load resource: the server responded with a status of 400 () @ https://firestore.googleapis.com/google.firestore.v1.Firestore/Listen/channel?gsessionid=I71gSPcJUBfvAWxq9I-1vLr74-eoJPpDDUNscTl4PPhdZ7c-ICRkyQ&VER=8&database=projects%2Fappout-1%2Fdatabases%2F(default)&RID=rpc&SID=uncANJ51Y5AvpjGnfdrhBg&AID=6&CI=0&TYPE=xmlhttp&zx=hz1ctmbdcatk&t=2:0
[230174041ms] [WARNING] [2026-09-03T23:34:15.855Z]  @firebase/firestore: Firestore (12.6.0): WebChannelConnection RPC 'Listen' stream 0x1512a74a transport errored. Name: undefined Message: undefined @ https://outrun.co.il/_next/static/chunks/2532-16f59635ee5a761a.js:14
[231189901ms] [ERROR] Failed to load resource: net::ERR_NETWORK_CHANGED @ https://firestore.googleapis.com/google.firestore.v1.Firestore/Listen/channel?gsessionid=59fvgDnughjLj6m_adAR1v3tguPHvQfujDxksyLgfA8STwdLXZbqEg&VER=8&database=projects%2Fappout-1%2Fdatabases%2F(default)&RID=rpc&SID=aFVccwWAzxOPSWcs9jyMEg&AID=0&CI=0&TYPE=xmlhttp&zx=te4dd914c1rf&t=1:0
[231189952ms] [ERROR] Failed to load resource: net::ERR_NAME_NOT_RESOLVED @ https://firestore.googleapis.com/google.firestore.v1.Firestore/Listen/channel?gsessionid=59fvgDnughjLj6m_adAR1v3tguPHvQfujDxksyLgfA8STwdLXZbqEg&VER=8&database=projects%2Fappout-1%2Fdatabases%2F(default)&RID=rpc&SID=aFVccwWAzxOPSWcs9jyMEg&AID=5&CI=0&TYPE=xmlhttp&zx=u4x0zh136eqg&t=1:0
[231190040ms] [ERROR] Failed to load resource: net::ERR_NETWORK_CHANGED @ https://firestore.googleapis.com/google.firestore.v1.Firestore/Listen/channel?gsessionid=59fvgDnughjLj6m_adAR1v3tguPHvQfujDxksyLgfA8STwdLXZbqEg&VER=8&database=projects%2Fappout-1%2Fdatabases%2F(default)&RID=rpc&SID=aFVccwWAzxOPSWcs9jyMEg&AID=5&CI=0&TYPE=xmlhttp&zx=ye2i3tzcq0gl&t=2:0
[232792246ms] [ERROR] Failed to load resource: the server responded with a status of 400 () @ https://firestore.googleapis.com/google.firestore.v1.Firestore/Listen/channel?gsessionid=59fvgDnughjLj6m_adAR1v3tguPHvQfujDxksyLgfA8STwdLXZbqEg&VER=8&database=projects%2Fappout-1%2Fdatabases%2F(default)&RID=rpc&SID=aFVccwWAzxOPSWcs9jyMEg&AID=5&CI=0&TYPE=xmlhttp&zx=teuittazb9df&t=3:0
[232792248ms] [WARNING] [2026-09-04T00:17:54.062Z]  @firebase/firestore: Firestore (12.6.0): WebChannelConnection RPC 'Listen' stream 0x1512a74b transport errored. Name: undefined Message: undefined @ https://outrun.co.il/_next/static/chunks/2532-16f59635ee5a761a.js:14
[232792256ms] [WARNING] [2026-09-04T00:17:54.070Z]  @firebase/auth: Auth (12.6.0): Error while retrieving App Check token: FirebaseError: AppCheck: ReCAPTCHA error. (appCheck/recaptcha-error). @ https://outrun.co.il/_next/static/chunks/2532-16f59635ee5a761a.js:14
[233859769ms] [ERROR] Failed to load resource: net::ERR_NETWORK_CHANGED @ https://firestore.googleapis.com/google.firestore.v1.Firestore/Listen/channel?gsessionid=feQtD5JPrcGNqwEZOWuhDOj8Mv0B06r2SWQVwVRgDMAdCqcz7cqt6Q&VER=8&database=projects%2Fappout-1%2Fdatabases%2F(default)&RID=rpc&SID=55Bx5Y3eKCFZAFwd8YAw6Q&AID=0&CI=0&TYPE=xmlhttp&zx=xudbko8rvjuq&t=1:0
[233859804ms] [ERROR] Failed to load resource: net::ERR_NETWORK_CHANGED @ https://firestore.googleapis.com/google.firestore.v1.Firestore/Listen/channel?gsessionid=feQtD5JPrcGNqwEZOWuhDOj8Mv0B06r2SWQVwVRgDMAdCqcz7cqt6Q&VER=8&database=projects%2Fappout-1%2Fdatabases%2F(default)&RID=rpc&SID=55Bx5Y3eKCFZAFwd8YAw6Q&AID=6&CI=0&TYPE=xmlhttp&zx=ttcppys1zwif&t=1:0
[233861076ms] [ERROR] Failed to load resource: the server responded with a status of 400 () @ https://firestore.googleapis.com/google.firestore.v1.Firestore/Listen/channel?gsessionid=feQtD5JPrcGNqwEZOWuhDOj8Mv0B06r2SWQVwVRgDMAdCqcz7cqt6Q&VER=8&database=projects%2Fappout-1%2Fdatabases%2F(default)&RID=rpc&SID=55Bx5Y3eKCFZAFwd8YAw6Q&AID=6&CI=0&TYPE=xmlhttp&zx=82f9vgusphj0&t=2:0
[233861078ms] [WARNING] [2026-09-04T00:35:42.892Z]  @firebase/firestore: Firestore (12.6.0): WebChannelConnection RPC 'Listen' stream 0x1512a74c transport errored. Name: undefined Message: undefined @ https://outrun.co.il/_next/static/chunks/2532-16f59635ee5a761a.js:14
[234777808ms] [ERROR] Failed to load resource: net::ERR_NETWORK_CHANGED @ https://firestore.googleapis.com/google.firestore.v1.Firestore/Listen/channel?gsessionid=X2G-RFVrQg9_p_f0tp_4on1PG0QKC6GxtzI5PL1solJIKanheKpZ1g&VER=8&database=projects%2Fappout-1%2Fdatabases%2F(default)&RID=rpc&SID=6sx0jhnacmDcLWh4BSvbQA&AID=6&CI=1&TYPE=xmlhttp&zx=2dxw0xyf8rfs&t=1:0
[234777838ms] [ERROR] Failed to load resource: net::ERR_NETWORK_CHANGED @ https://firestore.googleapis.com/google.firestore.v1.Firestore/Listen/channel?gsessionid=X2G-RFVrQg9_p_f0tp_4on1PG0QKC6GxtzI5PL1solJIKanheKpZ1g&VER=8&database=projects%2Fappout-1%2Fdatabases%2F(default)&RID=rpc&SID=6sx0jhnacmDcLWh4BSvbQA&AID=7&CI=1&TYPE=xmlhttp&zx=m7vmjprj0d8a&t=1:0
[234779292ms] [ERROR] Failed to load resource: the server responded with a status of 400 () @ https://firestore.googleapis.com/google.firestore.v1.Firestore/Listen/channel?gsessionid=X2G-RFVrQg9_p_f0tp_4on1PG0QKC6GxtzI5PL1solJIKanheKpZ1g&VER=8&database=projects%2Fappout-1%2Fdatabases%2F(default)&RID=rpc&SID=6sx0jhnacmDcLWh4BSvbQA&AID=7&CI=1&TYPE=xmlhttp&zx=65dzk97xv725&t=2:0
[234779293ms] [WARNING] [2026-09-04T00:51:01.107Z]  @firebase/firestore: Firestore (12.6.0): WebChannelConnection RPC 'Listen' stream 0x1512a74d transport errored. Name: undefined Message: undefined @ https://outrun.co.il/_next/static/chunks/2532-16f59635ee5a761a.js:14
[235683698ms] [ERROR] Failed to load resource: net::ERR_NETWORK_CHANGED @ https://firestore.googleapis.com/google.firestore.v1.Firestore/Listen/channel?gsessionid=bfBrTeMnMuJXQdVzc6J8O8fwJ9WCU0BbMUquNa-HleXqcMflf1-Tdg&VER=8&database=projects%2Fappout-1%2Fdatabases%2F(default)&RID=rpc&SID=6ud6VLWbXnBYswSOEOA7xQ&AID=6&CI=1&TYPE=xmlhttp&zx=3jpx4ms8e4n2&t=1:0
[235683735ms] [ERROR] Failed to load resource: net::ERR_NETWORK_CHANGED @ https://firestore.googleapis.com/google.firestore.v1.Firestore/Listen/channel?gsessionid=bfBrTeMnMuJXQdVzc6J8O8fwJ9WCU0BbMUquNa-HleXqcMflf1-Tdg&VER=8&database=projects%2Fappout-1%2Fdatabases%2F(default)&RID=rpc&SID=6ud6VLWbXnBYswSOEOA7xQ&AID=7&CI=1&TYPE=xmlhttp&zx=ybyrde5qmrju&t=1:0
[235683752ms] [ERROR] Failed to load resource: net::ERR_NETWORK_CHANGED @ https://firestore.googleapis.com/google.firestore.v1.Firestore/Listen/channel?gsessionid=bfBrTeMnMuJXQdVzc6J8O8fwJ9WCU0BbMUquNa-HleXqcMflf1-Tdg&VER=8&database=projects%2Fappout-1%2Fdatabases%2F(default)&RID=rpc&SID=6ud6VLWbXnBYswSOEOA7xQ&AID=7&CI=1&TYPE=xmlhttp&zx=5f438e51lsha&t=2:0
[235881944ms] [ERROR] Failed to load resource: the server responded with a status of 400 () @ https://firestore.googleapis.com/google.firestore.v1.Firestore/Listen/channel?gsessionid=bfBrTeMnMuJXQdVzc6J8O8fwJ9WCU0BbMUquNa-HleXqcMflf1-Tdg&VER=8&database=projects%2Fappout-1%2Fdatabases%2F(default)&RID=rpc&SID=6ud6VLWbXnBYswSOEOA7xQ&AID=7&CI=1&TYPE=xmlhttp&zx=gzuykeedpnxe&t=3:0
[235881950ms] [WARNING] [2026-09-04T01:09:23.764Z]  @firebase/firestore: Firestore (12.6.0): WebChannelConnection RPC 'Listen' stream 0x1512a74e transport errored. Name: undefined Message: undefined @ https://outrun.co.il/_next/static/chunks/2532-16f59635ee5a761a.js:14
[236449777ms] [ERROR] Failed to load resource: net::ERR_NETWORK_CHANGED @ https://firestore.googleapis.com/google.firestore.v1.Firestore/Listen/channel?gsessionid=2LSPuSg0w4_yXdToGH6I3LGFwv4PrPTcgXwn5x_-Hg6ApmWSpBKEvg&VER=8&database=projects%2Fappout-1%2Fdatabases%2F(default)&RID=rpc&SID=H85fYK_fQQBCx3cennl1AQ&AID=0&CI=0&TYPE=xmlhttp&zx=20c68hhw1ktz&t=1:0
[236449800ms] [ERROR] Failed to load resource: net::ERR_NETWORK_CHANGED @ https://firestore.googleapis.com/google.firestore.v1.Firestore/Listen/channel?gsessionid=2LSPuSg0w4_yXdToGH6I3LGFwv4PrPTcgXwn5x_-Hg6ApmWSpBKEvg&VER=8&database=projects%2Fappout-1%2Fdatabases%2F(default)&RID=rpc&SID=H85fYK_fQQBCx3cennl1AQ&AID=6&CI=0&TYPE=xmlhttp&zx=rg069cun1qd3&t=1:0
[236449918ms] [ERROR] Failed to load resource: net::ERR_NETWORK_CHANGED @ https://firestore.googleapis.com/google.firestore.v1.Firestore/Listen/channel?gsessionid=2LSPuSg0w4_yXdToGH6I3LGFwv4PrPTcgXwn5x_-Hg6ApmWSpBKEvg&VER=8&database=projects%2Fappout-1%2Fdatabases%2F(default)&RID=rpc&SID=H85fYK_fQQBCx3cennl1AQ&AID=6&CI=0&TYPE=xmlhttp&zx=5s1f8su5a1b8&t=2:0
[236460071ms] [ERROR] Failed to load resource: the server responded with a status of 400 () @ https://firestore.googleapis.com/google.firestore.v1.Firestore/Listen/channel?gsessionid=2LSPuSg0w4_yXdToGH6I3LGFwv4PrPTcgXwn5x_-Hg6ApmWSpBKEvg&VER=8&database=projects%2Fappout-1%2Fdatabases%2F(default)&RID=rpc&SID=H85fYK_fQQBCx3cennl1AQ&AID=6&CI=0&TYPE=xmlhttp&zx=eo6y2vb49t16&t=3:0
[236460073ms] [WARNING] [2026-09-04T01:19:01.887Z]  @firebase/firestore: Firestore (12.6.0): WebChannelConnection RPC 'Listen' stream 0x1512a74f transport errored. Name: undefined Message: undefined @ https://outrun.co.il/_next/static/chunks/2532-16f59635ee5a761a.js:14
[236460079ms] [WARNING] [2026-09-04T01:19:01.893Z]  @firebase/auth: Auth (12.6.0): Error while retrieving App Check token: FirebaseError: AppCheck: ReCAPTCHA error. (appCheck/recaptcha-error). @ https://outrun.co.il/_next/static/chunks/2532-16f59635ee5a761a.js:14
[237458804ms] [ERROR] Failed to load resource: net::ERR_NETWORK_CHANGED @ https://firestore.googleapis.com/google.firestore.v1.Firestore/Listen/channel?gsessionid=DtEcajj0_prPOCLCIZ3TgG15zWRqpJBsanu8XgbeQD0c9lH6PXK29Q&VER=8&database=projects%2Fappout-1%2Fdatabases%2F(default)&RID=rpc&SID=2dW28CRl1nReytjdBvw-kQ&AID=0&CI=0&TYPE=xmlhttp&zx=dwg34irjb2do&t=1:0
[237458820ms] [ERROR] Failed to load resource: net::ERR_NETWORK_CHANGED @ https://firestore.googleapis.com/google.firestore.v1.Firestore/Listen/channel?gsessionid=DtEcajj0_prPOCLCIZ3TgG15zWRqpJBsanu8XgbeQD0c9lH6PXK29Q&VER=8&database=projects%2Fappout-1%2Fdatabases%2F(default)&RID=rpc&SID=2dW28CRl1nReytjdBvw-kQ&AID=6&CI=0&TYPE=xmlhttp&zx=r7v5bt9426ab&t=1:0
[237459981ms] [ERROR] Failed to load resource: the server responded with a status of 400 () @ https://firestore.googleapis.com/google.firestore.v1.Firestore/Listen/channel?gsessionid=DtEcajj0_prPOCLCIZ3TgG15zWRqpJBsanu8XgbeQD0c9lH6PXK29Q&VER=8&database=projects%2Fappout-1%2Fdatabases%2F(default)&RID=rpc&SID=2dW28CRl1nReytjdBvw-kQ&AID=6&CI=0&TYPE=xmlhttp&zx=5du1w7lf3ncu&t=2:0
[237459982ms] [WARNING] [2026-09-04T01:35:41.797Z]  @firebase/firestore: Firestore (12.6.0): WebChannelConnection RPC 'Listen' stream 0x1512a750 transport errored. Name: undefined Message: undefined @ https://outrun.co.il/_next/static/chunks/2532-16f59635ee5a761a.js:14
[237989491ms] [ERROR] Failed to load resource: net::ERR_NETWORK_CHANGED @ https://firestore.googleapis.com/google.firestore.v1.Firestore/Listen/channel?gsessionid=cbkxvUCzk7QbLrkv_JR5aeEwHgNoj-2UO0o-isS6olS7DxKp1wU1Rg&VER=8&database=projects%2Fappout-1%2Fdatabases%2F(default)&RID=rpc&SID=BvPw4erlQY2nrBowVdG4jQ&AID=0&CI=0&TYPE=xmlhttp&zx=ybkspfceyxug&t=1:0
[237989516ms] [ERROR] Failed to load resource: net::ERR_NETWORK_CHANGED @ https://firestore.googleapis.com/google.firestore.v1.Firestore/Listen/channel?gsessionid=cbkxvUCzk7QbLrkv_JR5aeEwHgNoj-2UO0o-isS6olS7DxKp1wU1Rg&VER=8&database=projects%2Fappout-1%2Fdatabases%2F(default)&RID=rpc&SID=BvPw4erlQY2nrBowVdG4jQ&AID=5&CI=0&TYPE=xmlhttp&zx=813te0linfy4&t=1:0
[237989668ms] [ERROR] Failed to load resource: net::ERR_NETWORK_CHANGED @ https://firestore.googleapis.com/google.firestore.v1.Firestore/Listen/channel?gsessionid=cbkxvUCzk7QbLrkv_JR5aeEwHgNoj-2UO0o-isS6olS7DxKp1wU1Rg&VER=8&database=projects%2Fappout-1%2Fdatabases%2F(default)&RID=rpc&SID=BvPw4erlQY2nrBowVdG4jQ&AID=5&CI=0&TYPE=xmlhttp&zx=g24tnlyojd1f&t=2:0
[238001427ms] [ERROR] Failed to load resource: the server responded with a status of 400 () @ https://firestore.googleapis.com/google.firestore.v1.Firestore/Listen/channel?gsessionid=cbkxvUCzk7QbLrkv_JR5aeEwHgNoj-2UO0o-isS6olS7DxKp1wU1Rg&VER=8&database=projects%2Fappout-1%2Fdatabases%2F(default)&RID=rpc&SID=BvPw4erlQY2nrBowVdG4jQ&AID=5&CI=0&TYPE=xmlhttp&zx=9humnameazi&t=3:0
[238001429ms] [WARNING] [2026-09-04T01:44:43.243Z]  @firebase/firestore: Firestore (12.6.0): WebChannelConnection RPC 'Listen' stream 0x1512a751 transport errored. Name: undefined Message: undefined @ https://outrun.co.il/_next/static/chunks/2532-16f59635ee5a761a.js:14
[238938143ms] [ERROR] Failed to load resource: net::ERR_NETWORK_CHANGED @ https://firestore.googleapis.com/google.firestore.v1.Firestore/Listen/channel?gsessionid=gu1hyRnc5nKXCk0CY5DLVc7UDxmzIqGpiusobsgwUZWcO1EJY9Mcrw&VER=8&database=projects%2Fappout-1%2Fdatabases%2F(default)&RID=rpc&SID=VRz_fhsufUqRUqJurCr3ZQ&AID=0&CI=0&TYPE=xmlhttp&zx=we6xmaf0c2x3&t=1:0
[238938157ms] [ERROR] Failed to load resource: net::ERR_NETWORK_CHANGED @ https://firestore.googleapis.com/google.firestore.v1.Firestore/Listen/channel?gsessionid=gu1hyRnc5nKXCk0CY5DLVc7UDxmzIqGpiusobsgwUZWcO1EJY9Mcrw&VER=8&database=projects%2Fappout-1%2Fdatabases%2F(default)&RID=rpc&SID=VRz_fhsufUqRUqJurCr3ZQ&AID=6&CI=0&TYPE=xmlhttp&zx=log9118rxyis&t=1:0
[238939585ms] [ERROR] Failed to load resource: the server responded with a status of 400 () @ https://firestore.googleapis.com/google.firestore.v1.Firestore/Listen/channel?gsessionid=gu1hyRnc5nKXCk0CY5DLVc7UDxmzIqGpiusobsgwUZWcO1EJY9Mcrw&VER=8&database=projects%2Fappout-1%2Fdatabases%2F(default)&RID=rpc&SID=VRz_fhsufUqRUqJurCr3ZQ&AID=6&CI=0&TYPE=xmlhttp&zx=l852rvg3gcy7&t=2:0
[238939585ms] [WARNING] [2026-09-04T02:00:21.399Z]  @firebase/firestore: Firestore (12.6.0): WebChannelConnection RPC 'Listen' stream 0x1512a752 transport errored. Name: undefined Message: undefined @ https://outrun.co.il/_next/static/chunks/2532-16f59635ee5a761a.js:14
[238985860ms] [ERROR] Failed to load resource: net::ERR_NETWORK_CHANGED @ https://firestore.googleapis.com/google.firestore.v1.Firestore/Listen/channel?gsessionid=g_s1EMDwzoBQmM-C17IYh3OkeIZa5Mp8uSv2mvupH9uDwIcrTEG1yQ&VER=8&database=projects%2Fappout-1%2Fdatabases%2F(default)&RID=rpc&SID=txz9MkwvV0PtA5UklJ-Ecg&AID=7&CI=0&TYPE=xmlhttp&zx=60ekn8xaexop&t=1:0
[238985890ms] [ERROR] Failed to load resource: net::ERR_NETWORK_CHANGED @ https://firestore.googleapis.com/google.firestore.v1.Firestore/Listen/channel?gsessionid=g_s1EMDwzoBQmM-C17IYh3OkeIZa5Mp8uSv2mvupH9uDwIcrTEG1yQ&VER=8&database=projects%2Fappout-1%2Fdatabases%2F(default)&RID=rpc&SID=txz9MkwvV0PtA5UklJ-Ecg&AID=8&CI=0&TYPE=xmlhttp&zx=2q4es56mz0wv&t=1:0
[239933061ms] [ERROR] Failed to load resource: net::ERR_NETWORK_CHANGED @ https://firestore.googleapis.com/google.firestore.v1.Firestore/Listen/channel?gsessionid=g_s1EMDwzoBQmM-C17IYh3OkeIZa5Mp8uSv2mvupH9uDwIcrTEG1yQ&VER=8&database=projects%2Fappout-1%2Fdatabases%2F(default)&RID=rpc&SID=txz9MkwvV0PtA5UklJ-Ecg&AID=8&CI=0&TYPE=xmlhttp&zx=53cypp255yt6&t=2:0
[239933071ms] [ERROR] Failed to load resource: net::ERR_NETWORK_CHANGED @ https://firestore.googleapis.com/google.firestore.v1.Firestore/Listen/channel?gsessionid=g_s1EMDwzoBQmM-C17IYh3OkeIZa5Mp8uSv2mvupH9uDwIcrTEG1yQ&VER=8&database=projects%2Fappout-1%2Fdatabases%2F(default)&RID=rpc&SID=txz9MkwvV0PtA5UklJ-Ecg&AID=11&CI=0&TYPE=xmlhttp&zx=g9tglaac8c9d&t=1:0
[239933082ms] [ERROR] Failed to load resource: net::ERR_NETWORK_CHANGED @ https://firestore.googleapis.com/google.firestore.v1.Firestore/Listen/channel?gsessionid=g_s1EMDwzoBQmM-C17IYh3OkeIZa5Mp8uSv2mvupH9uDwIcrTEG1yQ&VER=8&database=projects%2Fappout-1%2Fdatabases%2F(default)&RID=rpc&SID=txz9MkwvV0PtA5UklJ-Ecg&AID=11&CI=0&TYPE=xmlhttp&zx=4fpkoqaw6v9v&t=2:0
[239943128ms] [ERROR] Failed to load resource: the server responded with a status of 400 () @ https://firestore.googleapis.com/google.firestore.v1.Firestore/Listen/channel?gsessionid=g_s1EMDwzoBQmM-C17IYh3OkeIZa5Mp8uSv2mvupH9uDwIcrTEG1yQ&VER=8&database=projects%2Fappout-1%2Fdatabases%2F(default)&RID=rpc&SID=txz9MkwvV0PtA5UklJ-Ecg&AID=11&CI=0&TYPE=xmlhttp&zx=1ciulkn0d4q1&t=3:0
[239943129ms] [WARNING] [2026-09-04T02:17:04.943Z]  @firebase/firestore: Firestore (12.6.0): WebChannelConnection RPC 'Listen' stream 0x1512a753 transport errored. Name: undefined Message: undefined @ https://outrun.co.il/_next/static/chunks/2532-16f59635ee5a761a.js:14
[240110675ms] [ERROR] Failed to load resource: net::ERR_NETWORK_CHANGED @ https://firestore.googleapis.com/google.firestore.v1.Firestore/Listen/channel?gsessionid=cdfYiIti35xysxFQbua1771cCHlFbBalstI0QriIVr0NVvAkMRFVxA&VER=8&database=projects%2Fappout-1%2Fdatabases%2F(default)&RID=rpc&SID=ahRbyQ07kncOeMfm9vfloA&AID=0&CI=0&TYPE=xmlhttp&zx=i1a2dkmbo2d3&t=1:0
[240110704ms] [ERROR] Failed to load resource: net::ERR_NETWORK_CHANGED @ https://firestore.googleapis.com/google.firestore.v1.Firestore/Listen/channel?gsessionid=cdfYiIti35xysxFQbua1771cCHlFbBalstI0QriIVr0NVvAkMRFVxA&VER=8&database=projects%2Fappout-1%2Fdatabases%2F(default)&RID=rpc&SID=ahRbyQ07kncOeMfm9vfloA&AID=6&CI=0&TYPE=xmlhttp&zx=cfrkyjuvdejo&t=1:0
[240111960ms] [ERROR] Failed to load resource: the server responded with a status of 400 () @ https://firestore.googleapis.com/google.firestore.v1.Firestore/Listen/channel?gsessionid=cdfYiIti35xysxFQbua1771cCHlFbBalstI0QriIVr0NVvAkMRFVxA&VER=8&database=projects%2Fappout-1%2Fdatabases%2F(default)&RID=rpc&SID=ahRbyQ07kncOeMfm9vfloA&AID=6&CI=0&TYPE=xmlhttp&zx=ki8bn7pl8e4n&t=2:0
[240111960ms] [WARNING] [2026-09-04T02:19:53.774Z]  @firebase/firestore: Firestore (12.6.0): WebChannelConnection RPC 'Listen' stream 0x1512a754 transport errored. Name: undefined Message: undefined @ https://outrun.co.il/_next/static/chunks/2532-16f59635ee5a761a.js:14
[240111961ms] [WARNING] [2026-09-04T02:19:53.776Z]  @firebase/auth: Auth (12.6.0): Error while retrieving App Check token: FirebaseError: AppCheck: ReCAPTCHA error. (appCheck/recaptcha-error). @ https://outrun.co.il/_next/static/chunks/2532-16f59635ee5a761a.js:14
[241213701ms] [ERROR] Failed to load resource: net::ERR_NETWORK_CHANGED @ https://firestore.googleapis.com/google.firestore.v1.Firestore/Listen/channel?gsessionid=_r4UPDi3V_dPD1iBnbnnnBA1EMaVEnQxtG7NPHDQ2_4xE2eyyjWs2g&VER=8&database=projects%2Fappout-1%2Fdatabases%2F(default)&RID=rpc&SID=8BXiQ3TcOo_cnfa9siTLlg&AID=8&CI=1&TYPE=xmlhttp&zx=wscq71rtm1q0&t=1:0
[241213722ms] [ERROR] Failed to load resource: net::ERR_NETWORK_CHANGED @ https://firestore.googleapis.com/google.firestore.v1.Firestore/Listen/channel?gsessionid=_r4UPDi3V_dPD1iBnbnnnBA1EMaVEnQxtG7NPHDQ2_4xE2eyyjWs2g&VER=8&database=projects%2Fappout-1%2Fdatabases%2F(default)&RID=rpc&SID=8BXiQ3TcOo_cnfa9siTLlg&AID=9&CI=1&TYPE=xmlhttp&zx=s6go6ounffzm&t=1:0
[241214802ms] [ERROR] Failed to load resource: the server responded with a status of 400 () @ https://firestore.googleapis.com/google.firestore.v1.Firestore/Listen/channel?gsessionid=_r4UPDi3V_dPD1iBnbnnnBA1EMaVEnQxtG7NPHDQ2_4xE2eyyjWs2g&VER=8&database=projects%2Fappout-1%2Fdatabases%2F(default)&RID=rpc&SID=8BXiQ3TcOo_cnfa9siTLlg&AID=9&CI=1&TYPE=xmlhttp&zx=pzhpkan3mtrw&t=2:0
[241214803ms] [WARNING] [2026-09-04T02:38:16.617Z]  @firebase/firestore: Firestore (12.6.0): WebChannelConnection RPC 'Listen' stream 0x1512a755 transport errored. Name: undefined Message: undefined @ https://outrun.co.il/_next/static/chunks/2532-16f59635ee5a761a.js:14
[242119753ms] [ERROR] Failed to load resource: net::ERR_NETWORK_CHANGED @ https://firestore.googleapis.com/google.firestore.v1.Firestore/Listen/channel?gsessionid=LWsmseJMWy_HfoNFdj4hs-v4lvMfKOeFSx1jDkxg_JsJnMaVkpjldw&VER=8&database=projects%2Fappout-1%2Fdatabases%2F(default)&RID=rpc&SID=GAT-nDJwIno0vkc_g0cqYQ&AID=0&CI=0&TYPE=xmlhttp&zx=z7z8jq2giq5n&t=1:0
[242119784ms] [ERROR] Failed to load resource: net::ERR_NETWORK_CHANGED @ https://firestore.googleapis.com/google.firestore.v1.Firestore/Listen/channel?gsessionid=LWsmseJMWy_HfoNFdj4hs-v4lvMfKOeFSx1jDkxg_JsJnMaVkpjldw&VER=8&database=projects%2Fappout-1%2Fdatabases%2F(default)&RID=rpc&SID=GAT-nDJwIno0vkc_g0cqYQ&AID=5&CI=0&TYPE=xmlhttp&zx=t0mu6xp6logj&t=1:0
[242119888ms] [ERROR] Failed to load resource: net::ERR_NETWORK_CHANGED @ https://firestore.googleapis.com/google.firestore.v1.Firestore/Listen/channel?gsessionid=LWsmseJMWy_HfoNFdj4hs-v4lvMfKOeFSx1jDkxg_JsJnMaVkpjldw&VER=8&database=projects%2Fappout-1%2Fdatabases%2F(default)&RID=rpc&SID=GAT-nDJwIno0vkc_g0cqYQ&AID=5&CI=0&TYPE=xmlhttp&zx=aifgi5plvx0o&t=2:0
[242132320ms] [ERROR] Failed to load resource: the server responded with a status of 400 () @ https://firestore.googleapis.com/google.firestore.v1.Firestore/Listen/channel?gsessionid=LWsmseJMWy_HfoNFdj4hs-v4lvMfKOeFSx1jDkxg_JsJnMaVkpjldw&VER=8&database=projects%2Fappout-1%2Fdatabases%2F(default)&RID=rpc&SID=GAT-nDJwIno0vkc_g0cqYQ&AID=5&CI=0&TYPE=xmlhttp&zx=sgvhk5bvc41a&t=3:0
[242132322ms] [WARNING] [2026-09-04T02:53:34.137Z]  @firebase/firestore: Firestore (12.6.0): WebChannelConnection RPC 'Listen' stream 0x1512a756 transport errored. Name: undefined Message: undefined @ https://outrun.co.il/_next/static/chunks/2532-16f59635ee5a761a.js:14
[243129170ms] [ERROR] Failed to load resource: net::ERR_NETWORK_CHANGED @ https://firestore.googleapis.com/google.firestore.v1.Firestore/Listen/channel?gsessionid=noBNR6CxPvjvXDcm60awSR7yDZap16UqcDlmH_ZhKWchYlgOjkkEvQ&VER=8&database=projects%2Fappout-1%2Fdatabases%2F(default)&RID=rpc&SID=OTy1RnvB5F1wsv4wGFr9xQ&AID=8&CI=1&TYPE=xmlhttp&zx=xp84ax5y5txk&t=1:0
[243129191ms] [ERROR] Failed to load resource: net::ERR_NETWORK_CHANGED @ https://firestore.googleapis.com/google.firestore.v1.Firestore/Listen/channel?gsessionid=noBNR6CxPvjvXDcm60awSR7yDZap16UqcDlmH_ZhKWchYlgOjkkEvQ&VER=8&database=projects%2Fappout-1%2Fdatabases%2F(default)&RID=rpc&SID=OTy1RnvB5F1wsv4wGFr9xQ&AID=9&CI=1&TYPE=xmlhttp&zx=8nmetccym2i7&t=1:0
[243130610ms] [ERROR] Failed to load resource: the server responded with a status of 400 () @ https://firestore.googleapis.com/google.firestore.v1.Firestore/Listen/channel?gsessionid=noBNR6CxPvjvXDcm60awSR7yDZap16UqcDlmH_ZhKWchYlgOjkkEvQ&VER=8&database=projects%2Fappout-1%2Fdatabases%2F(default)&RID=rpc&SID=OTy1RnvB5F1wsv4wGFr9xQ&AID=9&CI=1&TYPE=xmlhttp&zx=9w80ji1jy6zx&t=2:0
[243130611ms] [WARNING] [2026-09-04T03:10:12.426Z]  @firebase/firestore: Firestore (12.6.0): WebChannelConnection RPC 'Listen' stream 0x1512a757 transport errored. Name: undefined Message: undefined @ https://outrun.co.il/_next/static/chunks/2532-16f59635ee5a761a.js:14
[243185021ms] [ERROR] Failed to load resource: net::ERR_NETWORK_CHANGED @ https://firestore.googleapis.com/google.firestore.v1.Firestore/Listen/channel?gsessionid=5puXQk_ZSHwKZZc5fknLtTX9KbMy2uUWBjzp29z77WWbjzaIqS0Tbg&VER=8&database=projects%2Fappout-1%2Fdatabases%2F(default)&RID=rpc&SID=anNWx8d5WiLpUxGyHieI6A&AID=8&CI=1&TYPE=xmlhttp&zx=x3r0kewulx1x&t=1:0
[243185030ms] [ERROR] Failed to load resource: net::ERR_NETWORK_CHANGED @ https://firestore.googleapis.com/google.firestore.v1.Firestore/Listen/channel?gsessionid=5puXQk_ZSHwKZZc5fknLtTX9KbMy2uUWBjzp29z77WWbjzaIqS0Tbg&VER=8&database=projects%2Fappout-1%2Fdatabases%2F(default)&RID=rpc&SID=anNWx8d5WiLpUxGyHieI6A&AID=9&CI=1&TYPE=xmlhttp&zx=5wyxv77rxqaq&t=1:0
[243185169ms] [ERROR] Failed to load resource: net::ERR_NETWORK_CHANGED @ https://firestore.googleapis.com/google.firestore.v1.Firestore/Listen/channel?gsessionid=5puXQk_ZSHwKZZc5fknLtTX9KbMy2uUWBjzp29z77WWbjzaIqS0Tbg&VER=8&database=projects%2Fappout-1%2Fdatabases%2F(default)&RID=rpc&SID=anNWx8d5WiLpUxGyHieI6A&AID=9&CI=1&TYPE=xmlhttp&zx=x4s1zy88mqvq&t=2:0
[243252960ms] [ERROR] Failed to load resource: net::ERR_NETWORK_CHANGED @ https://firestore.googleapis.com/google.firestore.v1.Firestore/Listen/channel?gsessionid=5puXQk_ZSHwKZZc5fknLtTX9KbMy2uUWBjzp29z77WWbjzaIqS0Tbg&VER=8&database=projects%2Fappout-1%2Fdatabases%2F(default)&RID=rpc&SID=anNWx8d5WiLpUxGyHieI6A&AID=15&CI=1&TYPE=xmlhttp&zx=8yho7xnne35p&t=1:0
[243252969ms] [ERROR] Failed to load resource: net::ERR_NETWORK_CHANGED @ https://firestore.googleapis.com/google.firestore.v1.Firestore/Listen/channel?gsessionid=5puXQk_ZSHwKZZc5fknLtTX9KbMy2uUWBjzp29z77WWbjzaIqS0Tbg&VER=8&database=projects%2Fappout-1%2Fdatabases%2F(default)&RID=rpc&SID=anNWx8d5WiLpUxGyHieI6A&AID=16&CI=1&TYPE=xmlhttp&zx=du32mbhcpn7h&t=1:0
[243418594ms] [ERROR] Failed to load resource: net::ERR_NETWORK_CHANGED @ https://firestore.googleapis.com/google.firestore.v1.Firestore/Listen/channel?gsessionid=5puXQk_ZSHwKZZc5fknLtTX9KbMy2uUWBjzp29z77WWbjzaIqS0Tbg&VER=8&database=projects%2Fappout-1%2Fdatabases%2F(default)&RID=rpc&SID=anNWx8d5WiLpUxGyHieI6A&AID=20&CI=1&TYPE=xmlhttp&zx=mm71jxcvki9r&t=1:0
[243418610ms] [ERROR] Failed to load resource: net::ERR_NETWORK_CHANGED @ https://firestore.googleapis.com/google.firestore.v1.Firestore/Listen/channel?gsessionid=5puXQk_ZSHwKZZc5fknLtTX9KbMy2uUWBjzp29z77WWbjzaIqS0Tbg&VER=8&database=projects%2Fappout-1%2Fdatabases%2F(default)&RID=rpc&SID=anNWx8d5WiLpUxGyHieI6A&AID=21&CI=1&TYPE=xmlhttp&zx=glzaa9mstcqy&t=1:0
[243419681ms] [ERROR] Failed to load resource: the server responded with a status of 400 () @ https://firestore.googleapis.com/google.firestore.v1.Firestore/Listen/channel?gsessionid=5puXQk_ZSHwKZZc5fknLtTX9KbMy2uUWBjzp29z77WWbjzaIqS0Tbg&VER=8&database=projects%2Fappout-1%2Fdatabases%2F(default)&RID=rpc&SID=anNWx8d5WiLpUxGyHieI6A&AID=21&CI=1&TYPE=xmlhttp&zx=clkh8z5lzbj&t=2:0
[243419681ms] [WARNING] [2026-09-04T03:15:01.496Z]  @firebase/firestore: Firestore (12.6.0): WebChannelConnection RPC 'Listen' stream 0x1512a758 transport errored. Name: undefined Message: undefined @ https://outrun.co.il/_next/static/chunks/2532-16f59635ee5a761a.js:14
[243510657ms] [ERROR] Failed to load resource: net::ERR_NETWORK_CHANGED @ https://firestore.googleapis.com/google.firestore.v1.Firestore/Listen/channel?gsessionid=Wzu5JZvp2rmSYtRXYWanoGqWgdGFnsLqJRuZFq4EAxuLdYnu2pGhfQ&VER=8&database=projects%2Fappout-1%2Fdatabases%2F(default)&RID=rpc&SID=bhJl1nCFr_Cu3atRyIWOxA&AID=8&CI=1&TYPE=xmlhttp&zx=rmrlzmdh8s44&t=1:0
[243510678ms] [ERROR] Failed to load resource: net::ERR_NETWORK_CHANGED @ https://firestore.googleapis.com/google.firestore.v1.Firestore/Listen/channel?gsessionid=Wzu5JZvp2rmSYtRXYWanoGqWgdGFnsLqJRuZFq4EAxuLdYnu2pGhfQ&VER=8&database=projects%2Fappout-1%2Fdatabases%2F(default)&RID=rpc&SID=bhJl1nCFr_Cu3atRyIWOxA&AID=9&CI=1&TYPE=xmlhttp&zx=v37ruqcvkbx9&t=1:0
[243510687ms] [ERROR] Failed to load resource: net::ERR_NETWORK_CHANGED @ https://firestore.googleapis.com/google.firestore.v1.Firestore/Listen/channel?gsessionid=Wzu5JZvp2rmSYtRXYWanoGqWgdGFnsLqJRuZFq4EAxuLdYnu2pGhfQ&VER=8&database=projects%2Fappout-1%2Fdatabases%2F(default)&RID=rpc&SID=bhJl1nCFr_Cu3atRyIWOxA&AID=9&CI=1&TYPE=xmlhttp&zx=dz2jpgj85uej&t=2:0
[243568548ms] [ERROR] Failed to load resource: net::ERR_NETWORK_CHANGED @ https://firestore.googleapis.com/google.firestore.v1.Firestore/Listen/channel?gsessionid=Wzu5JZvp2rmSYtRXYWanoGqWgdGFnsLqJRuZFq4EAxuLdYnu2pGhfQ&VER=8&database=projects%2Fappout-1%2Fdatabases%2F(default)&RID=rpc&SID=bhJl1nCFr_Cu3atRyIWOxA&AID=16&CI=1&TYPE=xmlhttp&zx=clajpa9hsvw2&t=1:0
[243568560ms] [ERROR] Failed to load resource: net::ERR_NETWORK_CHANGED @ https://firestore.googleapis.com/google.firestore.v1.Firestore/Listen/channel?gsessionid=Wzu5JZvp2rmSYtRXYWanoGqWgdGFnsLqJRuZFq4EAxuLdYnu2pGhfQ&VER=8&database=projects%2Fappout-1%2Fdatabases%2F(default)&RID=rpc&SID=bhJl1nCFr_Cu3atRyIWOxA&AID=17&CI=1&TYPE=xmlhttp&zx=yio3jr2lfmuz&t=1:0
[243771525ms] [ERROR] Failed to load resource: net::ERR_NETWORK_CHANGED @ https://firestore.googleapis.com/google.firestore.v1.Firestore/Listen/channel?gsessionid=Wzu5JZvp2rmSYtRXYWanoGqWgdGFnsLqJRuZFq4EAxuLdYnu2pGhfQ&VER=8&database=projects%2Fappout-1%2Fdatabases%2F(default)&RID=rpc&SID=bhJl1nCFr_Cu3atRyIWOxA&AID=21&CI=1&TYPE=xmlhttp&zx=7775y0k5uedy&t=1:0
[243771553ms] [ERROR] Failed to load resource: net::ERR_NETWORK_CHANGED @ https://firestore.googleapis.com/google.firestore.v1.Firestore/Listen/channel?gsessionid=Wzu5JZvp2rmSYtRXYWanoGqWgdGFnsLqJRuZFq4EAxuLdYnu2pGhfQ&VER=8&database=projects%2Fappout-1%2Fdatabases%2F(default)&RID=rpc&SID=bhJl1nCFr_Cu3atRyIWOxA&AID=22&CI=1&TYPE=xmlhttp&zx=ryeweaopu0nt&t=1:0
[243771568ms] [ERROR] Failed to load resource: net::ERR_NETWORK_CHANGED @ https://firestore.googleapis.com/google.firestore.v1.Firestore/Listen/channel?gsessionid=Wzu5JZvp2rmSYtRXYWanoGqWgdGFnsLqJRuZFq4EAxuLdYnu2pGhfQ&VER=8&database=projects%2Fappout-1%2Fdatabases%2F(default)&RID=rpc&SID=bhJl1nCFr_Cu3atRyIWOxA&AID=22&CI=1&TYPE=xmlhttp&zx=9wi2fnobvt91&t=2:0
[243782638ms] [ERROR] Failed to load resource: the server responded with a status of 400 () @ https://firestore.googleapis.com/google.firestore.v1.Firestore/Listen/channel?gsessionid=Wzu5JZvp2rmSYtRXYWanoGqWgdGFnsLqJRuZFq4EAxuLdYnu2pGhfQ&VER=8&database=projects%2Fappout-1%2Fdatabases%2F(default)&RID=rpc&SID=bhJl1nCFr_Cu3atRyIWOxA&AID=22&CI=1&TYPE=xmlhttp&zx=cyylq92jetz3&t=3:0
[243782639ms] [WARNING] [2026-09-04T03:21:04.453Z]  @firebase/firestore: Firestore (12.6.0): WebChannelConnection RPC 'Listen' stream 0x1512a759 transport errored. Name: undefined Message: undefined @ https://outrun.co.il/_next/static/chunks/2532-16f59635ee5a761a.js:14
[243782643ms] [WARNING] [2026-09-04T03:21:04.457Z]  @firebase/auth: Auth (12.6.0): Error while retrieving App Check token: FirebaseError: AppCheck: ReCAPTCHA error. (appCheck/recaptcha-error). @ https://outrun.co.il/_next/static/chunks/2532-16f59635ee5a761a.js:14
[244858612ms] [ERROR] Failed to load resource: net::ERR_NETWORK_CHANGED @ https://firestore.googleapis.com/google.firestore.v1.Firestore/Listen/channel?gsessionid=WrkNU8ppT9rxNrG5un2NCkQkngThM0fLZRt-NbQLwL3FG3GojH5H6w&VER=8&database=projects%2Fappout-1%2Fdatabases%2F(default)&RID=rpc&SID=kLZL2OxD69ipEjVf_nCT0Q&AID=0&CI=0&TYPE=xmlhttp&zx=ao3rmzr1rt9f&t=1:0
[244858664ms] [ERROR] Failed to load resource: net::ERR_NAME_NOT_RESOLVED @ https://firestore.googleapis.com/google.firestore.v1.Firestore/Listen/channel?gsessionid=WrkNU8ppT9rxNrG5un2NCkQkngThM0fLZRt-NbQLwL3FG3GojH5H6w&VER=8&database=projects%2Fappout-1%2Fdatabases%2F(default)&RID=rpc&SID=kLZL2OxD69ipEjVf_nCT0Q&AID=6&CI=0&TYPE=xmlhttp&zx=hclh8ckgwf0n&t=1:0
[244858853ms] [ERROR] Failed to load resource: net::ERR_NETWORK_CHANGED @ https://firestore.googleapis.com/google.firestore.v1.Firestore/Listen/channel?gsessionid=WrkNU8ppT9rxNrG5un2NCkQkngThM0fLZRt-NbQLwL3FG3GojH5H6w&VER=8&database=projects%2Fappout-1%2Fdatabases%2F(default)&RID=rpc&SID=kLZL2OxD69ipEjVf_nCT0Q&AID=6&CI=0&TYPE=xmlhttp&zx=62540zm82urk&t=2:0
[245545076ms] [ERROR] Failed to load resource: the server responded with a status of 400 () @ https://firestore.googleapis.com/google.firestore.v1.Firestore/Listen/channel?gsessionid=WrkNU8ppT9rxNrG5un2NCkQkngThM0fLZRt-NbQLwL3FG3GojH5H6w&VER=8&database=projects%2Fappout-1%2Fdatabases%2F(default)&RID=rpc&SID=kLZL2OxD69ipEjVf_nCT0Q&AID=6&CI=0&TYPE=xmlhttp&zx=ymiu685p4tej&t=3:0
[245545077ms] [WARNING] [2026-09-04T03:50:26.891Z]  @firebase/firestore: Firestore (12.6.0): WebChannelConnection RPC 'Listen' stream 0x1512a75a transport errored. Name: undefined Message: undefined @ https://outrun.co.il/_next/static/chunks/2532-16f59635ee5a761a.js:14
[245585275ms] [ERROR] Failed to load resource: net::ERR_NETWORK_CHANGED @ https://firestore.googleapis.com/google.firestore.v1.Firestore/Listen/channel?gsessionid=b2ZWaHWOGyc2wcXsWzGCeyyWdTQeugrF17_-5p30mxlRU9SlG1bjdw&VER=8&database=projects%2Fappout-1%2Fdatabases%2F(default)&RID=rpc&SID=K9pnQJTY-AE4kKYQUzkL7A&AID=0&CI=0&TYPE=xmlhttp&zx=7erj3fvoi7ch&t=1:0
[245585301ms] [ERROR] Failed to load resource: net::ERR_NETWORK_CHANGED @ https://firestore.googleapis.com/google.firestore.v1.Firestore/Listen/channel?gsessionid=b2ZWaHWOGyc2wcXsWzGCeyyWdTQeugrF17_-5p30mxlRU9SlG1bjdw&VER=8&database=projects%2Fappout-1%2Fdatabases%2F(default)&RID=rpc&SID=K9pnQJTY-AE4kKYQUzkL7A&AID=7&CI=0&TYPE=xmlhttp&zx=ehfj95r6ggu&t=1:0
[245801337ms] [ERROR] Failed to load resource: net::ERR_NETWORK_CHANGED @ https://firestore.googleapis.com/google.firestore.v1.Firestore/Listen/channel?gsessionid=b2ZWaHWOGyc2wcXsWzGCeyyWdTQeugrF17_-5p30mxlRU9SlG1bjdw&VER=8&database=projects%2Fappout-1%2Fdatabases%2F(default)&RID=rpc&SID=K9pnQJTY-AE4kKYQUzkL7A&AID=7&CI=0&TYPE=xmlhttp&zx=otma7wlry3i0&t=2:0
[245801348ms] [ERROR] Failed to load resource: net::ERR_NETWORK_CHANGED @ https://firestore.googleapis.com/google.firestore.v1.Firestore/Listen/channel?gsessionid=b2ZWaHWOGyc2wcXsWzGCeyyWdTQeugrF17_-5p30mxlRU9SlG1bjdw&VER=8&database=projects%2Fappout-1%2Fdatabases%2F(default)&RID=rpc&SID=K9pnQJTY-AE4kKYQUzkL7A&AID=10&CI=0&TYPE=xmlhttp&zx=bgm6v6egheua&t=1:0
[245801368ms] [ERROR] Failed to load resource: net::ERR_NETWORK_CHANGED @ https://firestore.googleapis.com/google.firestore.v1.Firestore/Listen/channel?gsessionid=b2ZWaHWOGyc2wcXsWzGCeyyWdTQeugrF17_-5p30mxlRU9SlG1bjdw&VER=8&database=projects%2Fappout-1%2Fdatabases%2F(default)&RID=rpc&SID=K9pnQJTY-AE4kKYQUzkL7A&AID=10&CI=0&TYPE=xmlhttp&zx=piagl4xiropk&t=2:0
[245807061ms] [ERROR] Failed to load resource: the server responded with a status of 400 () @ https://firestore.googleapis.com/google.firestore.v1.Firestore/Listen/channel?gsessionid=b2ZWaHWOGyc2wcXsWzGCeyyWdTQeugrF17_-5p30mxlRU9SlG1bjdw&VER=8&database=projects%2Fappout-1%2Fdatabases%2F(default)&RID=rpc&SID=K9pnQJTY-AE4kKYQUzkL7A&AID=10&CI=0&TYPE=xmlhttp&zx=du5x95f5l1jg&t=3:0
[245807062ms] [WARNING] [2026-09-04T03:54:48.876Z]  @firebase/firestore: Firestore (12.6.0): WebChannelConnection RPC 'Listen' stream 0x1512a75b transport errored. Name: undefined Message: undefined @ https://outrun.co.il/_next/static/chunks/2532-16f59635ee5a761a.js:14
[246879549ms] [ERROR] Failed to load resource: net::ERR_NETWORK_CHANGED @ https://firestore.googleapis.com/google.firestore.v1.Firestore/Listen/channel?gsessionid=yutW0DuHj2c7FUuB_sRI7PUKo1X1XX-yJ0piDoBu4RJh4jKGZnVRaQ&VER=8&database=projects%2Fappout-1%2Fdatabases%2F(default)&RID=rpc&SID=Ap40Xxo80N-Y70d7qfZRww&AID=0&CI=0&TYPE=xmlhttp&zx=ytywncjh2754&t=1:0
[246879577ms] [ERROR] Failed to load resource: net::ERR_NETWORK_CHANGED @ https://firestore.googleapis.com/google.firestore.v1.Firestore/Listen/channel?gsessionid=yutW0DuHj2c7FUuB_sRI7PUKo1X1XX-yJ0piDoBu4RJh4jKGZnVRaQ&VER=8&database=projects%2Fappout-1%2Fdatabases%2F(default)&RID=rpc&SID=Ap40Xxo80N-Y70d7qfZRww&AID=6&CI=0&TYPE=xmlhttp&zx=syx44abrs3br&t=1:0
[246880690ms] [ERROR] Failed to load resource: the server responded with a status of 400 () @ https://firestore.googleapis.com/google.firestore.v1.Firestore/Listen/channel?gsessionid=yutW0DuHj2c7FUuB_sRI7PUKo1X1XX-yJ0piDoBu4RJh4jKGZnVRaQ&VER=8&database=projects%2Fappout-1%2Fdatabases%2F(default)&RID=rpc&SID=Ap40Xxo80N-Y70d7qfZRww&AID=6&CI=0&TYPE=xmlhttp&zx=ulntzzocus5i&t=2:0
[246880692ms] [WARNING] [2026-09-04T04:12:42.507Z]  @firebase/firestore: Firestore (12.6.0): WebChannelConnection RPC 'Listen' stream 0x1512a75c transport errored. Name: undefined Message: undefined @ https://outrun.co.il/_next/static/chunks/2532-16f59635ee5a761a.js:14
[247432437ms] [ERROR] Failed to load resource: net::ERR_NETWORK_CHANGED @ https://firestore.googleapis.com/google.firestore.v1.Firestore/Listen/channel?gsessionid=USYPkIN7Up_qnTrLjFnp2Klb8Wz28UL0WMiP0rWBD8Ke4Hfa9NdXaA&VER=8&database=projects%2Fappout-1%2Fdatabases%2F(default)&RID=rpc&SID=Wvs5toJusaYadDISfRPSPw&AID=0&CI=0&TYPE=xmlhttp&zx=g6gfs6qe2k4p&t=1:0
[247432468ms] [ERROR] Failed to load resource: net::ERR_NETWORK_CHANGED @ https://firestore.googleapis.com/google.firestore.v1.Firestore/Listen/channel?gsessionid=USYPkIN7Up_qnTrLjFnp2Klb8Wz28UL0WMiP0rWBD8Ke4Hfa9NdXaA&VER=8&database=projects%2Fappout-1%2Fdatabases%2F(default)&RID=rpc&SID=Wvs5toJusaYadDISfRPSPw&AID=5&CI=0&TYPE=xmlhttp&zx=v2s90gxfbhxr&t=1:0
[247433581ms] [ERROR] Failed to load resource: the server responded with a status of 400 () @ https://firestore.googleapis.com/google.firestore.v1.Firestore/Listen/channel?gsessionid=USYPkIN7Up_qnTrLjFnp2Klb8Wz28UL0WMiP0rWBD8Ke4Hfa9NdXaA&VER=8&database=projects%2Fappout-1%2Fdatabases%2F(default)&RID=rpc&SID=Wvs5toJusaYadDISfRPSPw&AID=5&CI=0&TYPE=xmlhttp&zx=houu9efnrie&t=2:0
[247433582ms] [WARNING] [2026-09-04T04:21:55.396Z]  @firebase/firestore: Firestore (12.6.0): WebChannelConnection RPC 'Listen' stream 0x1512a75d transport errored. Name: undefined Message: undefined @ https://outrun.co.il/_next/static/chunks/2532-16f59635ee5a761a.js:14
[247433589ms] [WARNING] [2026-09-04T04:21:55.404Z]  @firebase/auth: Auth (12.6.0): Error while retrieving App Check token: FirebaseError: AppCheck: ReCAPTCHA error. (appCheck/recaptcha-error). @ https://outrun.co.il/_next/static/chunks/2532-16f59635ee5a761a.js:14
[247543802ms] [ERROR] Failed to load resource: net::ERR_NETWORK_CHANGED @ https://firestore.googleapis.com/google.firestore.v1.Firestore/Listen/channel?gsessionid=NB4nCWb7xDchkr183_1Z71q0l8asWY2lh_KKVtB1vReJ9N6rzxf7hA&VER=8&database=projects%2Fappout-1%2Fdatabases%2F(default)&RID=rpc&SID=Wz7GIRJakWORMNVHOSOTdA&AID=0&CI=0&TYPE=xmlhttp&zx=fss9ctij93k5&t=1:0
[247543814ms] [ERROR] Failed to load resource: net::ERR_NETWORK_CHANGED @ https://firestore.googleapis.com/google.firestore.v1.Firestore/Listen/channel?gsessionid=NB4nCWb7xDchkr183_1Z71q0l8asWY2lh_KKVtB1vReJ9N6rzxf7hA&VER=8&database=projects%2Fappout-1%2Fdatabases%2F(default)&RID=rpc&SID=Wz7GIRJakWORMNVHOSOTdA&AID=6&CI=0&TYPE=xmlhttp&zx=r58n6oohbndg&t=1:0
[247543835ms] [ERROR] Failed to load resource: net::ERR_NETWORK_CHANGED @ https://firestore.googleapis.com/google.firestore.v1.Firestore/Listen/channel?gsessionid=NB4nCWb7xDchkr183_1Z71q0l8asWY2lh_KKVtB1vReJ9N6rzxf7hA&VER=8&database=projects%2Fappout-1%2Fdatabases%2F(default)&RID=rpc&SID=Wz7GIRJakWORMNVHOSOTdA&AID=6&CI=0&TYPE=xmlhttp&zx=v5hjvs8i4ev7&t=2:0
[247558961ms] [ERROR] Failed to load resource: the server responded with a status of 400 () @ https://firestore.googleapis.com/google.firestore.v1.Firestore/Listen/channel?gsessionid=NB4nCWb7xDchkr183_1Z71q0l8asWY2lh_KKVtB1vReJ9N6rzxf7hA&VER=8&database=projects%2Fappout-1%2Fdatabases%2F(default)&RID=rpc&SID=Wz7GIRJakWORMNVHOSOTdA&AID=6&CI=0&TYPE=xmlhttp&zx=54ixlstbud4k&t=3:0
[247558962ms] [WARNING] [2026-09-04T04:24:00.776Z]  @firebase/firestore: Firestore (12.6.0): WebChannelConnection RPC 'Listen' stream 0x1512a75e transport errored. Name: undefined Message: undefined @ https://outrun.co.il/_next/static/chunks/2532-16f59635ee5a761a.js:14
[247747064ms] [ERROR] Failed to load resource: net::ERR_NETWORK_CHANGED @ https://firestore.googleapis.com/google.firestore.v1.Firestore/Listen/channel?gsessionid=8B55BGtZsl9nOjbV5Nv9fRUdZZ44Xdc3W4zVo6Hc4g09YEtCVHR8fw&VER=8&database=projects%2Fappout-1%2Fdatabases%2F(default)&RID=rpc&SID=C-ZIuSFR3D8_xhTO97TG3A&AID=0&CI=0&TYPE=xmlhttp&zx=w7llymyf7bdq&t=1:0
[247747080ms] [ERROR] Failed to load resource: net::ERR_NETWORK_CHANGED @ https://firestore.googleapis.com/google.firestore.v1.Firestore/Listen/channel?gsessionid=8B55BGtZsl9nOjbV5Nv9fRUdZZ44Xdc3W4zVo6Hc4g09YEtCVHR8fw&VER=8&database=projects%2Fappout-1%2Fdatabases%2F(default)&RID=rpc&SID=C-ZIuSFR3D8_xhTO97TG3A&AID=6&CI=0&TYPE=xmlhttp&zx=xu748j3ksn06&t=1:0
[247747102ms] [ERROR] Failed to load resource: net::ERR_NETWORK_CHANGED @ https://firestore.googleapis.com/google.firestore.v1.Firestore/Listen/channel?gsessionid=8B55BGtZsl9nOjbV5Nv9fRUdZZ44Xdc3W4zVo6Hc4g09YEtCVHR8fw&VER=8&database=projects%2Fappout-1%2Fdatabases%2F(default)&RID=rpc&SID=C-ZIuSFR3D8_xhTO97TG3A&AID=6&CI=0&TYPE=xmlhttp&zx=gdntjnusmw7x&t=2:0
[247754349ms] [ERROR] Failed to load resource: the server responded with a status of 400 () @ https://firestore.googleapis.com/google.firestore.v1.Firestore/Listen/channel?gsessionid=8B55BGtZsl9nOjbV5Nv9fRUdZZ44Xdc3W4zVo6Hc4g09YEtCVHR8fw&VER=8&database=projects%2Fappout-1%2Fdatabases%2F(default)&RID=rpc&SID=C-ZIuSFR3D8_xhTO97TG3A&AID=6&CI=0&TYPE=xmlhttp&zx=vuyn05w1p1nd&t=3:0
[247754354ms] [WARNING] [2026-09-04T04:27:16.168Z]  @firebase/firestore: Firestore (12.6.0): WebChannelConnection RPC 'Listen' stream 0x1512a75f transport errored. Name: undefined Message: undefined @ https://outrun.co.il/_next/static/chunks/2532-16f59635ee5a761a.js:14
[247827518ms] [ERROR] Failed to load resource: net::ERR_NETWORK_CHANGED @ https://firestore.googleapis.com/google.firestore.v1.Firestore/Listen/channel?gsessionid=D9W1kdtILLz94Cyo7ZR_u0mn1Wjdtl6ZgQmMyytIe5jAzJkrUpZlow&VER=8&database=projects%2Fappout-1%2Fdatabases%2F(default)&RID=rpc&SID=9zFlxv96j0bGWcq-eajOlQ&AID=0&CI=0&TYPE=xmlhttp&zx=7xd3fpzfwnpp&t=1:0
[247827554ms] [ERROR] Failed to load resource: net::ERR_NETWORK_CHANGED @ https://firestore.googleapis.com/google.firestore.v1.Firestore/Listen/channel?gsessionid=D9W1kdtILLz94Cyo7ZR_u0mn1Wjdtl6ZgQmMyytIe5jAzJkrUpZlow&VER=8&database=projects%2Fappout-1%2Fdatabases%2F(default)&RID=rpc&SID=9zFlxv96j0bGWcq-eajOlQ&AID=7&CI=0&TYPE=xmlhttp&zx=aifvl1f5a1wy&t=1:0
[248123405ms] [ERROR] Failed to load resource: net::ERR_NETWORK_CHANGED @ https://firestore.googleapis.com/google.firestore.v1.Firestore/Listen/channel?gsessionid=D9W1kdtILLz94Cyo7ZR_u0mn1Wjdtl6ZgQmMyytIe5jAzJkrUpZlow&VER=8&database=projects%2Fappout-1%2Fdatabases%2F(default)&RID=rpc&SID=9zFlxv96j0bGWcq-eajOlQ&AID=7&CI=0&TYPE=xmlhttp&zx=wzw878da2van&t=2:0
[248123423ms] [ERROR] Failed to load resource: net::ERR_NETWORK_CHANGED @ https://firestore.googleapis.com/google.firestore.v1.Firestore/Listen/channel?gsessionid=D9W1kdtILLz94Cyo7ZR_u0mn1Wjdtl6ZgQmMyytIe5jAzJkrUpZlow&VER=8&database=projects%2Fappout-1%2Fdatabases%2F(default)&RID=rpc&SID=9zFlxv96j0bGWcq-eajOlQ&AID=9&CI=0&TYPE=xmlhttp&zx=c8xr0a6hteq&t=1:0
[248124518ms] [ERROR] Failed to load resource: the server responded with a status of 400 () @ https://firestore.googleapis.com/google.firestore.v1.Firestore/Listen/channel?gsessionid=D9W1kdtILLz94Cyo7ZR_u0mn1Wjdtl6ZgQmMyytIe5jAzJkrUpZlow&VER=8&database=projects%2Fappout-1%2Fdatabases%2F(default)&RID=rpc&SID=9zFlxv96j0bGWcq-eajOlQ&AID=9&CI=0&TYPE=xmlhttp&zx=5xmkey8jj4zj&t=2:0
[248124522ms] [WARNING] [2026-09-04T04:33:26.336Z]  @firebase/firestore: Firestore (12.6.0): WebChannelConnection RPC 'Listen' stream 0x1512a760 transport errored. Name: undefined Message: undefined @ https://outrun.co.il/_next/static/chunks/2532-16f59635ee5a761a.js:14
[249224504ms] [ERROR] Failed to load resource: net::ERR_NETWORK_CHANGED @ https://firestore.googleapis.com/google.firestore.v1.Firestore/Listen/channel?gsessionid=PuL0agM2vy5vnMIa7cr9-N9u25_1VWlK_jW3J-O4jaNmvuDrlN-orA&VER=8&database=projects%2Fappout-1%2Fdatabases%2F(default)&RID=rpc&SID=lGS1xjYPlvwACNuR9R3Shg&AID=0&CI=0&TYPE=xmlhttp&zx=zd7ezv1zagng&t=1:0
[249224517ms] [ERROR] Failed to load resource: net::ERR_NETWORK_CHANGED @ https://firestore.googleapis.com/google.firestore.v1.Firestore/Listen/channel?gsessionid=PuL0agM2vy5vnMIa7cr9-N9u25_1VWlK_jW3J-O4jaNmvuDrlN-orA&VER=8&database=projects%2Fappout-1%2Fdatabases%2F(default)&RID=rpc&SID=lGS1xjYPlvwACNuR9R3Shg&AID=6&CI=0&TYPE=xmlhttp&zx=5od7ascojsey&t=1:0
[249224660ms] [ERROR] Failed to load resource: net::ERR_NETWORK_CHANGED @ https://firestore.googleapis.com/google.firestore.v1.Firestore/Listen/channel?gsessionid=PuL0agM2vy5vnMIa7cr9-N9u25_1VWlK_jW3J-O4jaNmvuDrlN-orA&VER=8&database=projects%2Fappout-1%2Fdatabases%2F(default)&RID=rpc&SID=lGS1xjYPlvwACNuR9R3Shg&AID=6&CI=0&TYPE=xmlhttp&zx=c5ips9m16cca&t=2:0
[250165542ms] [ERROR] Failed to load resource: net::ERR_NETWORK_CHANGED @ https://www.google.com/recaptcha/enterprise/clr?k=6Lf3d9UsAAAAAILBqo6A909pmhyvtYmDoxaKtfMV:0
[250165599ms] [ERROR] Failed to load resource: net::ERR_NAME_NOT_RESOLVED @ https://www.google.com/recaptcha/enterprise/clr?k=6Lf3d9UsAAAAAILBqo6A909pmhyvtYmDoxaKtfMV:0
[250165746ms] [ERROR] Failed to load resource: net::ERR_NETWORK_CHANGED @ https://www.google.com/recaptcha/enterprise/clr?k=6Lf3d9UsAAAAAILBqo6A909pmhyvtYmDoxaKtfMV:0
[250165799ms] [ERROR] Failed to load resource: net::ERR_NAME_NOT_RESOLVED @ https://www.google.com/recaptcha/enterprise/clr?k=6Lf3d9UsAAAAAILBqo6A909pmhyvtYmDoxaKtfMV:0
[250413627ms] [ERROR] Failed to load resource: the server responded with a status of 400 () @ https://firestore.googleapis.com/google.firestore.v1.Firestore/Listen/channel?gsessionid=PuL0agM2vy5vnMIa7cr9-N9u25_1VWlK_jW3J-O4jaNmvuDrlN-orA&VER=8&database=projects%2Fappout-1%2Fdatabases%2F(default)&RID=rpc&SID=lGS1xjYPlvwACNuR9R3Shg&AID=6&CI=0&TYPE=xmlhttp&zx=hk3w6whwb79e&t=3:0
[250413638ms] [WARNING] [2026-09-04T05:11:35.451Z]  @firebase/firestore: Firestore (12.6.0): WebChannelConnection RPC 'Listen' stream 0x1512a761 transport errored. Name: undefined Message: undefined @ https://outrun.co.il/_next/static/chunks/2532-16f59635ee5a761a.js:14
[251092612ms] [ERROR] Failed to load resource: net::ERR_NETWORK_CHANGED @ https://firestore.googleapis.com/google.firestore.v1.Firestore/Listen/channel?gsessionid=ECKDfOx0QvhNZvbqWK5QOoYZ-60baeAjJdilLCQD2FZeq9ALR8Pq3g&VER=8&database=projects%2Fappout-1%2Fdatabases%2F(default)&RID=rpc&SID=AS2QK56TDHtuQDRj98yUBg&AID=0&CI=0&TYPE=xmlhttp&zx=mjriwohvpgtc&t=1:0
[251092626ms] [ERROR] Failed to load resource: net::ERR_NETWORK_CHANGED @ https://firestore.googleapis.com/google.firestore.v1.Firestore/Listen/channel?gsessionid=ECKDfOx0QvhNZvbqWK5QOoYZ-60baeAjJdilLCQD2FZeq9ALR8Pq3g&VER=8&database=projects%2Fappout-1%2Fdatabases%2F(default)&RID=rpc&SID=AS2QK56TDHtuQDRj98yUBg&AID=6&CI=0&TYPE=xmlhttp&zx=5xmkbg3wkns0&t=1:0
[251093754ms] [ERROR] Failed to load resource: the server responded with a status of 400 () @ https://firestore.googleapis.com/google.firestore.v1.Firestore/Listen/channel?gsessionid=ECKDfOx0QvhNZvbqWK5QOoYZ-60baeAjJdilLCQD2FZeq9ALR8Pq3g&VER=8&database=projects%2Fappout-1%2Fdatabases%2F(default)&RID=rpc&SID=AS2QK56TDHtuQDRj98yUBg&AID=6&CI=0&TYPE=xmlhttp&zx=hdwaezdpanxn&t=2:0
[251093755ms] [WARNING] [2026-09-04T05:22:55.569Z]  @firebase/firestore: Firestore (12.6.0): WebChannelConnection RPC 'Listen' stream 0x1512a762 transport errored. Name: undefined Message: undefined @ https://outrun.co.il/_next/static/chunks/2532-16f59635ee5a761a.js:14
[251093761ms] [WARNING] [2026-09-04T05:22:55.575Z]  @firebase/auth: Auth (12.6.0): Error while retrieving App Check token: FirebaseError: AppCheck: ReCAPTCHA error. (appCheck/recaptcha-error). @ https://outrun.co.il/_next/static/chunks/2532-16f59635ee5a761a.js:14
[252171544ms] [ERROR] Failed to load resource: net::ERR_NETWORK_CHANGED @ https://firestore.googleapis.com/google.firestore.v1.Firestore/Listen/channel?gsessionid=sbU8lYov0n4Vi3kOfC1LCc8wRbT_NjYnLygQHUZtPu2lHd5JA8LjWQ&VER=8&database=projects%2Fappout-1%2Fdatabases%2F(default)&RID=rpc&SID=9Vd1UuJf26K29GrK1msEVQ&AID=0&CI=0&TYPE=xmlhttp&zx=pfh7kxti4fbg&t=1:0
[252171573ms] [ERROR] Failed to load resource: net::ERR_NETWORK_CHANGED @ https://firestore.googleapis.com/google.firestore.v1.Firestore/Listen/channel?gsessionid=sbU8lYov0n4Vi3kOfC1LCc8wRbT_NjYnLygQHUZtPu2lHd5JA8LjWQ&VER=8&database=projects%2Fappout-1%2Fdatabases%2F(default)&RID=rpc&SID=9Vd1UuJf26K29GrK1msEVQ&AID=7&CI=0&TYPE=xmlhttp&zx=najmpv6ie9vb&t=1:0
[252171590ms] [ERROR] Failed to load resource: net::ERR_NETWORK_CHANGED @ https://firestore.googleapis.com/google.firestore.v1.Firestore/Listen/channel?gsessionid=sbU8lYov0n4Vi3kOfC1LCc8wRbT_NjYnLygQHUZtPu2lHd5JA8LjWQ&VER=8&database=projects%2Fappout-1%2Fdatabases%2F(default)&RID=rpc&SID=9Vd1UuJf26K29GrK1msEVQ&AID=7&CI=0&TYPE=xmlhttp&zx=3m6o2r9u4hfv&t=2:0
[252678926ms] [ERROR] Failed to load resource: the server responded with a status of 400 () @ https://firestore.googleapis.com/google.firestore.v1.Firestore/Listen/channel?gsessionid=sbU8lYov0n4Vi3kOfC1LCc8wRbT_NjYnLygQHUZtPu2lHd5JA8LjWQ&VER=8&database=projects%2Fappout-1%2Fdatabases%2F(default)&RID=rpc&SID=9Vd1UuJf26K29GrK1msEVQ&AID=7&CI=0&TYPE=xmlhttp&zx=1uflclrfahts&t=3:0
[252678934ms] [WARNING] [2026-09-04T05:49:20.746Z]  @firebase/firestore: Firestore (12.6.0): WebChannelConnection RPC 'Listen' stream 0x1512a763 transport errored. Name: undefined Message: undefined @ https://outrun.co.il/_next/static/chunks/2532-16f59635ee5a761a.js:14
[253653710ms] [ERROR] Failed to load resource: net::ERR_NETWORK_CHANGED @ https://firestore.googleapis.com/google.firestore.v1.Firestore/Listen/channel?gsessionid=QJHJGjKGEsWWY9B5rswdts-2P4yuY6iqOahek02hI5dr3YtZ0TGXGg&VER=8&database=projects%2Fappout-1%2Fdatabases%2F(default)&RID=rpc&SID=OBl_0SzHU2nk8gUCYREQyw&AID=8&CI=1&TYPE=xmlhttp&zx=za9ib6kqpr8u&t=1:0
[253653750ms] [ERROR] Failed to load resource: net::ERR_NETWORK_CHANGED @ https://firestore.googleapis.com/google.firestore.v1.Firestore/Listen/channel?gsessionid=QJHJGjKGEsWWY9B5rswdts-2P4yuY6iqOahek02hI5dr3YtZ0TGXGg&VER=8&database=projects%2Fappout-1%2Fdatabases%2F(default)&RID=rpc&SID=OBl_0SzHU2nk8gUCYREQyw&AID=9&CI=1&TYPE=xmlhttp&zx=azv5sxr8nhfj&t=1:0
[253654884ms] [ERROR] Failed to load resource: the server responded with a status of 400 () @ https://firestore.googleapis.com/google.firestore.v1.Firestore/Listen/channel?gsessionid=QJHJGjKGEsWWY9B5rswdts-2P4yuY6iqOahek02hI5dr3YtZ0TGXGg&VER=8&database=projects%2Fappout-1%2Fdatabases%2F(default)&RID=rpc&SID=OBl_0SzHU2nk8gUCYREQyw&AID=9&CI=1&TYPE=xmlhttp&zx=y43lcckd537r&t=2:0
[253654885ms] [WARNING] [2026-09-04T06:05:36.700Z]  @firebase/firestore: Firestore (12.6.0): WebChannelConnection RPC 'Listen' stream 0x1512a764 transport errored. Name: undefined Message: undefined @ https://outrun.co.il/_next/static/chunks/2532-16f59635ee5a761a.js:14
[254619663ms] [ERROR] Failed to load resource: net::ERR_NETWORK_CHANGED @ https://firestore.googleapis.com/google.firestore.v1.Firestore/Listen/channel?gsessionid=YSbdcsBIxhRx1BJ6GB5d07RUzDsKpwzeb0bv7wmWrc5Bc-lMkn_hJQ&VER=8&database=projects%2Fappout-1%2Fdatabases%2F(default)&RID=rpc&SID=_G7sLQ0GLHU2M8U6RCBU5Q&AID=0&CI=0&TYPE=xmlhttp&zx=src6p6m5lbbp&t=1:0
[254619687ms] [ERROR] Failed to load resource: net::ERR_NETWORK_CHANGED @ https://firestore.googleapis.com/google.firestore.v1.Firestore/Listen/channel?gsessionid=YSbdcsBIxhRx1BJ6GB5d07RUzDsKpwzeb0bv7wmWrc5Bc-lMkn_hJQ&VER=8&database=projects%2Fappout-1%2Fdatabases%2F(default)&RID=rpc&SID=_G7sLQ0GLHU2M8U6RCBU5Q&AID=5&CI=0&TYPE=xmlhttp&zx=f454p58iiy66&t=1:0
[254620752ms] [ERROR] Failed to load resource: the server responded with a status of 400 () @ https://firestore.googleapis.com/google.firestore.v1.Firestore/Listen/channel?gsessionid=YSbdcsBIxhRx1BJ6GB5d07RUzDsKpwzeb0bv7wmWrc5Bc-lMkn_hJQ&VER=8&database=projects%2Fappout-1%2Fdatabases%2F(default)&RID=rpc&SID=_G7sLQ0GLHU2M8U6RCBU5Q&AID=5&CI=0&TYPE=xmlhttp&zx=xnrm5qoyt6n3&t=2:0
[254620758ms] [WARNING] [2026-09-04T06:21:42.572Z]  @firebase/firestore: Firestore (12.6.0): WebChannelConnection RPC 'Listen' stream 0x1512a765 transport errored. Name: undefined Message: undefined @ https://outrun.co.il/_next/static/chunks/2532-16f59635ee5a761a.js:14
[254753549ms] [ERROR] Failed to load resource: net::ERR_NETWORK_CHANGED @ https://firestore.googleapis.com/google.firestore.v1.Firestore/Listen/channel?gsessionid=4XGQF1M5N88pWwAX4BkXqRZTtn1JWwgHi4ZaBF2Zzb_6FJC_ry5ENQ&VER=8&database=projects%2Fappout-1%2Fdatabases%2F(default)&RID=rpc&SID=7MxPAPQCtW6ZSEmenPm44Q&AID=0&CI=0&TYPE=xmlhttp&zx=jmptpcleb5m9&t=1:0
[254753569ms] [ERROR] Failed to load resource: net::ERR_NETWORK_CHANGED @ https://firestore.googleapis.com/google.firestore.v1.Firestore/Listen/channel?gsessionid=4XGQF1M5N88pWwAX4BkXqRZTtn1JWwgHi4ZaBF2Zzb_6FJC_ry5ENQ&VER=8&database=projects%2Fappout-1%2Fdatabases%2F(default)&RID=rpc&SID=7MxPAPQCtW6ZSEmenPm44Q&AID=6&CI=0&TYPE=xmlhttp&zx=d6lr8ddo0vjy&t=1:0
[254753587ms] [ERROR] Failed to load resource: net::ERR_NETWORK_CHANGED @ https://firestore.googleapis.com/google.firestore.v1.Firestore/Listen/channel?gsessionid=4XGQF1M5N88pWwAX4BkXqRZTtn1JWwgHi4ZaBF2Zzb_6FJC_ry5ENQ&VER=8&database=projects%2Fappout-1%2Fdatabases%2F(default)&RID=rpc&SID=7MxPAPQCtW6ZSEmenPm44Q&AID=6&CI=0&TYPE=xmlhttp&zx=5gmklorjp7kv&t=2:0
[254761497ms] [ERROR] Failed to load resource: the server responded with a status of 400 () @ https://firestore.googleapis.com/google.firestore.v1.Firestore/Listen/channel?gsessionid=4XGQF1M5N88pWwAX4BkXqRZTtn1JWwgHi4ZaBF2Zzb_6FJC_ry5ENQ&VER=8&database=projects%2Fappout-1%2Fdatabases%2F(default)&RID=rpc&SID=7MxPAPQCtW6ZSEmenPm44Q&AID=6&CI=0&TYPE=xmlhttp&zx=r6rm5hr5ena6&t=3:0
[254761499ms] [WARNING] [2026-09-04T06:24:03.313Z]  @firebase/firestore: Firestore (12.6.0): WebChannelConnection RPC 'Listen' stream 0x1512a766 transport errored. Name: undefined Message: undefined @ https://outrun.co.il/_next/static/chunks/2532-16f59635ee5a761a.js:14
[254761504ms] [WARNING] [2026-09-04T06:24:03.318Z]  @firebase/auth: Auth (12.6.0): Error while retrieving App Check token: FirebaseError: AppCheck: ReCAPTCHA error. (appCheck/recaptcha-error). @ https://outrun.co.il/_next/static/chunks/2532-16f59635ee5a761a.js:14
[254839999ms] [ERROR] Failed to load resource: net::ERR_NETWORK_CHANGED @ https://firestore.googleapis.com/google.firestore.v1.Firestore/Listen/channel?gsessionid=RqHjkOJdsNu2nBaPaHkdKM7RhCXrTRP8y-dKlNTj8SBUI0jALfttmw&VER=8&database=projects%2Fappout-1%2Fdatabases%2F(default)&RID=rpc&SID=83_QABUVCZ39fNFlDx2pkA&AID=0&CI=0&TYPE=xmlhttp&zx=b85kvnjxrwu&t=1:0
[254840021ms] [ERROR] Failed to load resource: net::ERR_NETWORK_CHANGED @ https://firestore.googleapis.com/google.firestore.v1.Firestore/Listen/channel?gsessionid=RqHjkOJdsNu2nBaPaHkdKM7RhCXrTRP8y-dKlNTj8SBUI0jALfttmw&VER=8&database=projects%2Fappout-1%2Fdatabases%2F(default)&RID=rpc&SID=83_QABUVCZ39fNFlDx2pkA&AID=6&CI=0&TYPE=xmlhttp&zx=ncxwhzi5u1b5&t=1:0
[255796673ms] [ERROR] Failed to load resource: net::ERR_NETWORK_CHANGED @ https://firestore.googleapis.com/google.firestore.v1.Firestore/Listen/channel?gsessionid=RqHjkOJdsNu2nBaPaHkdKM7RhCXrTRP8y-dKlNTj8SBUI0jALfttmw&VER=8&database=projects%2Fappout-1%2Fdatabases%2F(default)&RID=rpc&SID=83_QABUVCZ39fNFlDx2pkA&AID=6&CI=0&TYPE=xmlhttp&zx=gh5g5jmkyqua&t=2:0
[255796703ms] [ERROR] Failed to load resource: net::ERR_NETWORK_CHANGED @ https://firestore.googleapis.com/google.firestore.v1.Firestore/Listen/channel?gsessionid=RqHjkOJdsNu2nBaPaHkdKM7RhCXrTRP8y-dKlNTj8SBUI0jALfttmw&VER=8&database=projects%2Fappout-1%2Fdatabases%2F(default)&RID=rpc&SID=83_QABUVCZ39fNFlDx2pkA&AID=10&CI=0&TYPE=xmlhttp&zx=vqw7ohwbm3pf&t=1:0
[255798068ms] [ERROR] Failed to load resource: the server responded with a status of 400 () @ https://firestore.googleapis.com/google.firestore.v1.Firestore/Listen/channel?gsessionid=RqHjkOJdsNu2nBaPaHkdKM7RhCXrTRP8y-dKlNTj8SBUI0jALfttmw&VER=8&database=projects%2Fappout-1%2Fdatabases%2F(default)&RID=rpc&SID=83_QABUVCZ39fNFlDx2pkA&AID=10&CI=0&TYPE=xmlhttp&zx=au4unsk3k2j4&t=2:0
[255798069ms] [WARNING] [2026-09-04T06:41:19.883Z]  @firebase/firestore: Firestore (12.6.0): WebChannelConnection RPC 'Listen' stream 0x1512a767 transport errored. Name: undefined Message: undefined @ https://outrun.co.il/_next/static/chunks/2532-16f59635ee5a761a.js:14
[255799919ms] [WARNING] [2026-09-04T06:41:21.733Z]  @firebase/auth: Auth (12.6.0): Error while retrieving App Check token: FirebaseError: AppCheck: ReCAPTCHA error. (appCheck/recaptcha-error). @ https://outrun.co.il/_next/static/chunks/2532-16f59635ee5a761a.js:14
[256817661ms] [ERROR] Failed to load resource: net::ERR_NETWORK_CHANGED @ https://firestore.googleapis.com/google.firestore.v1.Firestore/Listen/channel?gsessionid=7O5uRrZQqE5stP8o5Gxs8rTQaSszpDvWM8GDPKoyuWwWwTWCI35LPg&VER=8&database=projects%2Fappout-1%2Fdatabases%2F(default)&RID=rpc&SID=QkVzCQySU_FMbrU1s8fmUg&AID=0&CI=1&TYPE=xmlhttp&zx=e9ryo7w6oxlo&t=1:0
[256817677ms] [ERROR] Failed to load resource: net::ERR_NETWORK_CHANGED @ https://firestore.googleapis.com/google.firestore.v1.Firestore/Listen/channel?gsessionid=7O5uRrZQqE5stP8o5Gxs8rTQaSszpDvWM8GDPKoyuWwWwTWCI35LPg&VER=8&database=projects%2Fappout-1%2Fdatabases%2F(default)&RID=rpc&SID=QkVzCQySU_FMbrU1s8fmUg&AID=0&CI=1&TYPE=xmlhttp&zx=i9dtclworh6m&t=2:0
[257205388ms] [ERROR] Failed to load resource: the server responded with a status of 400 () @ https://firestore.googleapis.com/google.firestore.v1.Firestore/Listen/channel?gsessionid=7O5uRrZQqE5stP8o5Gxs8rTQaSszpDvWM8GDPKoyuWwWwTWCI35LPg&VER=8&database=projects%2Fappout-1%2Fdatabases%2F(default)&RID=rpc&SID=QkVzCQySU_FMbrU1s8fmUg&AID=0&CI=1&TYPE=xmlhttp&zx=o74newwgbu8&t=3:0
[257205390ms] [WARNING] [2026-09-04T07:04:47.204Z]  @firebase/firestore: Firestore (12.6.0): WebChannelConnection RPC 'Listen' stream 0x1512a769 transport errored. Name: undefined Message: undefined @ https://outrun.co.il/_next/static/chunks/2532-16f59635ee5a761a.js:14
[257266596ms] [ERROR] Failed to load resource: net::ERR_NETWORK_CHANGED @ https://firestore.googleapis.com/google.firestore.v1.Firestore/Listen/channel?gsessionid=zYkLkoBrDeTri5wWsdMg3RTulBei3-k80H1-23GNNAWqJJr-nlcotw&VER=8&database=projects%2Fappout-1%2Fdatabases%2F(default)&RID=rpc&SID=bu5Ey-Ht1UoLZayV_9P65Q&AID=0&CI=0&TYPE=xmlhttp&zx=7ilrg0kppy48&t=1:0
[257266619ms] [ERROR] Failed to load resource: net::ERR_NETWORK_CHANGED @ https://firestore.googleapis.com/google.firestore.v1.Firestore/Listen/channel?gsessionid=zYkLkoBrDeTri5wWsdMg3RTulBei3-k80H1-23GNNAWqJJr-nlcotw&VER=8&database=projects%2Fappout-1%2Fdatabases%2F(default)&RID=rpc&SID=bu5Ey-Ht1UoLZayV_9P65Q&AID=6&CI=0&TYPE=xmlhttp&zx=d2iq8pxfravm&t=1:0
[257356785ms] [ERROR] Failed to load resource: net::ERR_NETWORK_CHANGED @ https://firestore.googleapis.com/google.firestore.v1.Firestore/Listen/channel?gsessionid=zYkLkoBrDeTri5wWsdMg3RTulBei3-k80H1-23GNNAWqJJr-nlcotw&VER=8&database=projects%2Fappout-1%2Fdatabases%2F(default)&RID=rpc&SID=bu5Ey-Ht1UoLZayV_9P65Q&AID=6&CI=0&TYPE=xmlhttp&zx=ihrzeiek7li0&t=2:0
[257356798ms] [ERROR] Failed to load resource: net::ERR_NETWORK_CHANGED @ https://firestore.googleapis.com/google.firestore.v1.Firestore/Listen/channel?gsessionid=zYkLkoBrDeTri5wWsdMg3RTulBei3-k80H1-23GNNAWqJJr-nlcotw&VER=8&database=projects%2Fappout-1%2Fdatabases%2F(default)&RID=rpc&SID=bu5Ey-Ht1UoLZayV_9P65Q&AID=8&CI=0&TYPE=xmlhttp&zx=82nhvuo5cys5&t=1:0
[257356826ms] [ERROR] Failed to load resource: net::ERR_NETWORK_CHANGED @ https://firestore.googleapis.com/google.firestore.v1.Firestore/Listen/channel?gsessionid=zYkLkoBrDeTri5wWsdMg3RTulBei3-k80H1-23GNNAWqJJr-nlcotw&VER=8&database=projects%2Fappout-1%2Fdatabases%2F(default)&RID=rpc&SID=bu5Ey-Ht1UoLZayV_9P65Q&AID=8&CI=0&TYPE=xmlhttp&zx=nbf02jxy45vo&t=2:0
[257433212ms] [ERROR] Failed to load resource: net::ERR_NETWORK_CHANGED @ https://firestore.googleapis.com/google.firestore.v1.Firestore/Listen/channel?gsessionid=zYkLkoBrDeTri5wWsdMg3RTulBei3-k80H1-23GNNAWqJJr-nlcotw&VER=8&database=projects%2Fappout-1%2Fdatabases%2F(default)&RID=rpc&SID=bu5Ey-Ht1UoLZayV_9P65Q&AID=8&CI=0&TYPE=xmlhttp&zx=orke1u9kk8sk&t=3:0
[257433229ms] [ERROR] Failed to load resource: net::ERR_NETWORK_CHANGED @ https://firestore.googleapis.com/google.firestore.v1.Firestore/Listen/channel?gsessionid=zYkLkoBrDeTri5wWsdMg3RTulBei3-k80H1-23GNNAWqJJr-nlcotw&VER=8&database=projects%2Fappout-1%2Fdatabases%2F(default)&RID=rpc&SID=bu5Ey-Ht1UoLZayV_9P65Q&AID=11&CI=0&TYPE=xmlhttp&zx=qvdj33r80wog&t=1:0
[258380467ms] [ERROR] Failed to load resource: net::ERR_NETWORK_CHANGED @ https://firestore.googleapis.com/google.firestore.v1.Firestore/Listen/channel?gsessionid=zYkLkoBrDeTri5wWsdMg3RTulBei3-k80H1-23GNNAWqJJr-nlcotw&VER=8&database=projects%2Fappout-1%2Fdatabases%2F(default)&RID=rpc&SID=bu5Ey-Ht1UoLZayV_9P65Q&AID=11&CI=0&TYPE=xmlhttp&zx=ysa16fi90t2z&t=2:0
[258380507ms] [ERROR] Failed to load resource: net::ERR_NETWORK_CHANGED @ https://firestore.googleapis.com/google.firestore.v1.Firestore/Listen/channel?gsessionid=zYkLkoBrDeTri5wWsdMg3RTulBei3-k80H1-23GNNAWqJJr-nlcotw&VER=8&database=projects%2Fappout-1%2Fdatabases%2F(default)&RID=rpc&SID=bu5Ey-Ht1UoLZayV_9P65Q&AID=15&CI=0&TYPE=xmlhttp&zx=6ms8ix65t80o&t=1:0
[258380553ms] [ERROR] Failed to load resource: net::ERR_NAME_NOT_RESOLVED @ https://firestore.googleapis.com/google.firestore.v1.Firestore/Listen/channel?gsessionid=zYkLkoBrDeTri5wWsdMg3RTulBei3-k80H1-23GNNAWqJJr-nlcotw&VER=8&database=projects%2Fappout-1%2Fdatabases%2F(default)&RID=rpc&SID=bu5Ey-Ht1UoLZayV_9P65Q&AID=15&CI=0&TYPE=xmlhttp&zx=3iuycos4ctd5&t=2:0
[258395245ms] [ERROR] Failed to load resource: the server responded with a status of 400 () @ https://firestore.googleapis.com/google.firestore.v1.Firestore/Listen/channel?gsessionid=zYkLkoBrDeTri5wWsdMg3RTulBei3-k80H1-23GNNAWqJJr-nlcotw&VER=8&database=projects%2Fappout-1%2Fdatabases%2F(default)&RID=rpc&SID=bu5Ey-Ht1UoLZayV_9P65Q&AID=15&CI=0&TYPE=xmlhttp&zx=rskjyn2zrz8w&t=3:0
[258395249ms] [WARNING] [2026-09-04T07:24:37.063Z]  @firebase/firestore: Firestore (12.6.0): WebChannelConnection RPC 'Listen' stream 0x1512a76a transport errored. Name: undefined Message: undefined @ https://outrun.co.il/_next/static/chunks/2532-16f59635ee5a761a.js:14
[258443816ms] [ERROR] Failed to load resource: net::ERR_NETWORK_CHANGED @ https://firestore.googleapis.com/google.firestore.v1.Firestore/Listen/channel?gsessionid=t1gODquLrr9OVKTB7OUwDkVtoFpcs0tCdmp82sEHIYX7Je5KYCNoeA&VER=8&database=projects%2Fappout-1%2Fdatabases%2F(default)&RID=rpc&SID=Kdj3etQWLeWRD-G7igSfwA&AID=10&CI=1&TYPE=xmlhttp&zx=wketty9yf73&t=1:0
[258443828ms] [ERROR] Failed to load resource: net::ERR_NETWORK_CHANGED @ https://firestore.googleapis.com/google.firestore.v1.Firestore/Listen/channel?gsessionid=t1gODquLrr9OVKTB7OUwDkVtoFpcs0tCdmp82sEHIYX7Je5KYCNoeA&VER=8&database=projects%2Fappout-1%2Fdatabases%2F(default)&RID=rpc&SID=Kdj3etQWLeWRD-G7igSfwA&AID=11&CI=1&TYPE=xmlhttp&zx=ggyl2y8bkyob&t=1:0
[258453361ms] [WARNING] [2026-09-04T07:25:35.176Z]  @firebase/auth: Auth (12.6.0): Error while retrieving App Check token: FirebaseError: AppCheck: ReCAPTCHA error. (appCheck/recaptcha-error). @ https://outrun.co.il/_next/static/chunks/2532-16f59635ee5a761a.js:14
[258497937ms] [ERROR] Failed to load resource: net::ERR_NETWORK_CHANGED @ https://firestore.googleapis.com/google.firestore.v1.Firestore/Listen/channel?gsessionid=UcjlNJG18t3dXPBcpRGK403qKZu9LZtG_GPJO5y4dervuTxZM6AOaQ&VER=8&database=projects%2Fappout-1%2Fdatabases%2F(default)&RID=rpc&SID=Y4hmBztDDpmYK3Ow34BnRw&AID=0&CI=0&TYPE=xmlhttp&zx=v8x72kg0muci&t=1:0
[258497954ms] [ERROR] Failed to load resource: net::ERR_NETWORK_CHANGED @ https://firestore.googleapis.com/google.firestore.v1.Firestore/Listen/channel?gsessionid=UcjlNJG18t3dXPBcpRGK403qKZu9LZtG_GPJO5y4dervuTxZM6AOaQ&VER=8&database=projects%2Fappout-1%2Fdatabases%2F(default)&RID=rpc&SID=Y4hmBztDDpmYK3Ow34BnRw&AID=6&CI=0&TYPE=xmlhttp&zx=okax8is134df&t=1:0
[258630674ms] [ERROR] Failed to load resource: net::ERR_NETWORK_CHANGED @ https://firestore.googleapis.com/google.firestore.v1.Firestore/Listen/channel?gsessionid=UcjlNJG18t3dXPBcpRGK403qKZu9LZtG_GPJO5y4dervuTxZM6AOaQ&VER=8&database=projects%2Fappout-1%2Fdatabases%2F(default)&RID=rpc&SID=Y4hmBztDDpmYK3Ow34BnRw&AID=6&CI=0&TYPE=xmlhttp&zx=ngc2iyb4wjrr&t=2:0
[258630697ms] [ERROR] Failed to load resource: net::ERR_NETWORK_CHANGED @ https://firestore.googleapis.com/google.firestore.v1.Firestore/Listen/channel?gsessionid=UcjlNJG18t3dXPBcpRGK403qKZu9LZtG_GPJO5y4dervuTxZM6AOaQ&VER=8&database=projects%2Fappout-1%2Fdatabases%2F(default)&RID=rpc&SID=Y4hmBztDDpmYK3Ow34BnRw&AID=9&CI=0&TYPE=xmlhttp&zx=5ng2o4t9pbwh&t=1:0
[258630728ms] [ERROR] Failed to load resource: net::ERR_NETWORK_CHANGED @ https://firestore.googleapis.com/google.firestore.v1.Firestore/Listen/channel?gsessionid=UcjlNJG18t3dXPBcpRGK403qKZu9LZtG_GPJO5y4dervuTxZM6AOaQ&VER=8&database=projects%2Fappout-1%2Fdatabases%2F(default)&RID=rpc&SID=Y4hmBztDDpmYK3Ow34BnRw&AID=9&CI=0&TYPE=xmlhttp&zx=6f24deecur6p&t=2:0
[258645224ms] [ERROR] Failed to load resource: the server responded with a status of 400 () @ https://firestore.googleapis.com/google.firestore.v1.Firestore/Listen/channel?gsessionid=UcjlNJG18t3dXPBcpRGK403qKZu9LZtG_GPJO5y4dervuTxZM6AOaQ&VER=8&database=projects%2Fappout-1%2Fdatabases%2F(default)&RID=rpc&SID=Y4hmBztDDpmYK3Ow34BnRw&AID=9&CI=0&TYPE=xmlhttp&zx=bgku7f2i68y6&t=3:0
[258645226ms] [WARNING] [2026-09-04T07:28:47.040Z]  @firebase/firestore: Firestore (12.6.0): WebChannelConnection RPC 'Listen' stream 0x1512a76c transport errored. Name: undefined Message: undefined @ https://outrun.co.il/_next/static/chunks/2532-16f59635ee5a761a.js:14
