[     474ms] [INFO] %cDownload the React DevTools for a better development experience: https://reactjs.org/link/react-devtools font-weight:bold @ webpack-internal:///(app-pages-browser)/../../../node_modules/next/dist/compiled/react-dom/cjs/react-dom.development.js:38559
[    1407ms] [INFO] [firebase] App Check bypass: hostname="localhost" treated as local development. initializeAppCheck() will NOT be invoked — this prevents reCAPTCHA Enterprise 403s from crashing the Firestore snapshot listener. Set NEXT_PUBLIC_APP_CHECK_DEBUG_TOKEN to a token registered in the Firebase console (App Check → Apps → Manage debug tokens) if you need a real App Check handshake. @ webpack-internal:///(app-pages-browser)/./src/lib/firebase.ts:125
[    1418ms] [WARNING] [bunny] NEXT_PUBLIC_BUNNY_CDN_HOSTNAME is not set — falling back to hardcoded hostname. Set this variable in your Vercel project environment settings to silence this warning. @ webpack-internal:///(app-pages-browser)/./src/lib/bunny/bunny.config.ts:38
[    2151ms] [LOG] [ActivityStore] Streak updated from Firestore: 1 @ webpack-internal:///(app-pages-browser)/./src/features/activity/store/useActivityStore.ts:899
[    2391ms] [LOG] [buildIdToSlugMap] Built 14 entries: [EtY8YCol…→human_flag, J0fLpmJh…→push, H2279XsR…→full_body, kDMpobbK…→core, UPDBtTdC…→pull, cC0BOmm6…→one_arm_pullup, fTLWzjP9…→muscle_up, IOfBZFeo…→handstand, pCI5NHXp…→planche, 47smw26h…→upper_body, OrAmOH3F…→legs, mFcuYlNg…→front_lever, JCac76p4…→calisthenics_upper, PAxprHuT…→handstand_pushup] @ webpack-internal:///(app-pages-browser)/./src/features/workout-engine/services/program-hierarchy.utils.ts:121
[    2392ms] [LOG] [HomeContext] Domain 'legs' resolved to L1 (Source: Domains) @ webpack-internal:///(app-pages-browser)/./src/features/workout-engine/services/level-resolution.utils.ts:117
[    2392ms] [LOG] [HomeContext] Domain 'planche' resolved to L10 (Source: Tracks) @ webpack-internal:///(app-pages-browser)/./src/features/workout-engine/services/level-resolution.utils.ts:117
[    2392ms] [LOG] [HomeContext] Domain 'push' resolved to L12 (Source: Tracks) @ webpack-internal:///(app-pages-browser)/./src/features/workout-engine/services/level-resolution.utils.ts:117
[    2392ms] [LOG] [HomeContext] Domain 'front_lever' resolved to L13 (Source: Tracks) @ webpack-internal:///(app-pages-browser)/./src/features/workout-engine/services/level-resolution.utils.ts:117
[    2392ms] [LOG] [HomeContext] Domain 'pull' resolved to L22 (Source: Tracks) @ webpack-internal:///(app-pages-browser)/./src/features/workout-engine/services/level-resolution.utils.ts:117
[    2392ms] [LOG] [HomeContext] Domain 'core' resolved to L1 (Source: Domains) @ webpack-internal:///(app-pages-browser)/./src/features/workout-engine/services/level-resolution.utils.ts:117
[    2392ms] [LOG] [HomeContext] Domain 'calisthenics_upper' resolved to L13 (Source: Tracks) @ webpack-internal:///(app-pages-browser)/./src/features/workout-engine/services/level-resolution.utils.ts:117
[    2392ms] [LOG] [HomeContext] Domain 'upper_body' resolved to L21 (Source: Tracks) @ webpack-internal:///(app-pages-browser)/./src/features/workout-engine/services/level-resolution.utils.ts:117
[    2392ms] [LOG] [HomeContext] Domain '47smw26hUyG5ZbE1bhr3' resolved to L21 (Source: Tracks) @ webpack-internal:///(app-pages-browser)/./src/features/workout-engine/services/level-resolution.utils.ts:117
[    2392ms] [LOG] [HomeContext] Domain 'full_body' resolved to L15 (Source: Tracks) @ webpack-internal:///(app-pages-browser)/./src/features/workout-engine/services/level-resolution.utils.ts:117
[    2393ms] [LOG] [HomeContext] Domain 'H2279XsRGDg9G370J7S9' resolved to L15 (Source: Tracks) @ webpack-internal:///(app-pages-browser)/./src/features/workout-engine/services/level-resolution.utils.ts:117
[    2393ms] [LOG] [HomeContext] Domain 'fTLWzjP9gH2VNpamyCZF' → slug 'muscle_up' dual-keyed at L21 (Source: Tracks) @ webpack-internal:///(app-pages-browser)/./src/features/workout-engine/services/level-resolution.utils.ts:115
[    2393ms] [LOG] [HomeContext] Domain 'muscle_up' resolved to L21 (Source: Tracks) @ webpack-internal:///(app-pages-browser)/./src/features/workout-engine/services/level-resolution.utils.ts:117
[    2393ms] [LOG] [HomeContext] Domain 'human_flag' — no assessed level, left ABSENT (no invention) @ webpack-internal:///(app-pages-browser)/./src/features/workout-engine/services/level-resolution.utils.ts:104
[    2393ms] [LOG] [HomeContext] Domain 'one_arm_pullup' — no assessed level, left ABSENT (no invention) @ webpack-internal:///(app-pages-browser)/./src/features/workout-engine/services/level-resolution.utils.ts:104
[    2393ms] [LOG] [HomeContext] Domain 'handstand_pushup' — no assessed level, left ABSENT (no invention) @ webpack-internal:///(app-pages-browser)/./src/features/workout-engine/services/level-resolution.utils.ts:104
[    2393ms] [LOG] [HomeContext] Domain 'handstand' — no assessed level, left ABSENT (no invention) @ webpack-internal:///(app-pages-browser)/./src/features/workout-engine/services/level-resolution.utils.ts:104
[    2393ms] [LOG] [HomeContext] Domain 'legs' is L1 (max across tracks: L22) @ webpack-internal:///(app-pages-browser)/./src/features/workout-engine/services/level-resolution.utils.ts:185
[    2393ms] [LOG] [HomeContext] Domain 'core' is L1 (max across tracks: L22) @ webpack-internal:///(app-pages-browser)/./src/features/workout-engine/services/level-resolution.utils.ts:185
[    2393ms] [LOG] [home] scoreBreakdown "full-strength" (score=30): {goalMatch: 30, gapFilling: 0, stepDeficit: 0, preferenceMatch: 0, recoveryMatch: 0} @ webpack-internal:///(app-pages-browser)/./src/app/home/page.tsx:1343
[    2395ms] [LOG] [HomeWorkout] 🏞️ No location specified → "park" (PARK FORCE active) @ webpack-internal:///(app-pages-browser)/./src/features/workout-engine/services/home-workout.service.ts:1223
[    2395ms] [LOG] [HomeWorkout] scheduledProgramIds normalised: [] → [full_body] @ webpack-internal:///(app-pages-browser)/./src/features/workout-engine/services/home-workout.service.ts:1236
[    2395ms] [LOG] [home] scoreBreakdown "safety-net" (score=0): {goalMatch: 0, gapFilling: 0, stepDeficit: 0, preferenceMatch: 0, recoveryMatch: 0} @ webpack-internal:///(app-pages-browser)/./src/app/home/page.tsx:1343
[    2395ms] [LOG] [ActivityStore] No Firestore data, created new day @ webpack-internal:///(app-pages-browser)/./src/features/activity/store/useActivityStore.ts:672
[    2395ms] [LOG] [ActivityStore] No Firestore data, created new day @ webpack-internal:///(app-pages-browser)/./src/features/activity/store/useActivityStore.ts:672
[    2395ms] [LOG] [ActivityStore] No Firestore data, created new day @ webpack-internal:///(app-pages-browser)/./src/features/activity/store/useActivityStore.ts:672
[    2512ms] [LOG] [ActivityStore] Streak broken - missed days @ webpack-internal:///(app-pages-browser)/./src/features/activity/store/useActivityStore.ts:692
[    2512ms] [LOG] [ActivityStore] Streak broken - missed days @ webpack-internal:///(app-pages-browser)/./src/features/activity/store/useActivityStore.ts:692
[    2512ms] [LOG] [ActivityStore] Streak broken - missed days @ webpack-internal:///(app-pages-browser)/./src/features/activity/store/useActivityStore.ts:692
[    2992ms] [LOG] [buildIdToSlugMap] Built 14 entries: [EtY8YCol…→human_flag, J0fLpmJh…→push, H2279XsR…→full_body, kDMpobbK…→core, UPDBtTdC…→pull, cC0BOmm6…→one_arm_pullup, fTLWzjP9…→muscle_up, IOfBZFeo…→handstand, pCI5NHXp…→planche, 47smw26h…→upper_body, OrAmOH3F…→legs, mFcuYlNg…→front_lever, JCac76p4…→calisthenics_upper, PAxprHuT…→handstand_pushup] @ webpack-internal:///(app-pages-browser)/./src/features/workout-engine/services/program-hierarchy.utils.ts:121
[    2992ms] [LOG] [HomeWorkout:Trio] Domain 'legs' resolved to L1 (Source: Domains) @ webpack-internal:///(app-pages-browser)/./src/features/workout-engine/services/level-resolution.utils.ts:117
[    2992ms] [LOG] [HomeWorkout:Trio] Domain 'planche' resolved to L10 (Source: Tracks) @ webpack-internal:///(app-pages-browser)/./src/features/workout-engine/services/level-resolution.utils.ts:117
[    2992ms] [LOG] [HomeWorkout:Trio] Domain 'push' resolved to L12 (Source: Tracks) @ webpack-internal:///(app-pages-browser)/./src/features/workout-engine/services/level-resolution.utils.ts:117
[    2992ms] [LOG] [HomeWorkout:Trio] Domain 'front_lever' resolved to L13 (Source: Tracks) @ webpack-internal:///(app-pages-browser)/./src/features/workout-engine/services/level-resolution.utils.ts:117
[    2992ms] [LOG] [HomeWorkout:Trio] Domain 'pull' resolved to L22 (Source: Tracks) @ webpack-internal:///(app-pages-browser)/./src/features/workout-engine/services/level-resolution.utils.ts:117
[    2992ms] [LOG] [HomeWorkout:Trio] Domain 'core' resolved to L1 (Source: Domains) @ webpack-internal:///(app-pages-browser)/./src/features/workout-engine/services/level-resolution.utils.ts:117
[    2992ms] [LOG] [HomeWorkout:Trio] Domain 'calisthenics_upper' resolved to L13 (Source: Tracks) @ webpack-internal:///(app-pages-browser)/./src/features/workout-engine/services/level-resolution.utils.ts:117
[    2992ms] [LOG] [HomeWorkout:Trio] Domain 'upper_body' resolved to L21 (Source: Tracks) @ webpack-internal:///(app-pages-browser)/./src/features/workout-engine/services/level-resolution.utils.ts:117
[    2992ms] [LOG] [HomeWorkout:Trio] Skipping master program "47smw26hUyG5ZbE1bhr3" (display-only) @ webpack-internal:///(app-pages-browser)/./src/features/workout-engine/services/level-resolution.utils.ts:96
[    2992ms] [LOG] [HomeWorkout:Trio] Domain 'full_body' resolved to L15 (Source: Tracks) @ webpack-internal:///(app-pages-browser)/./src/features/workout-engine/services/level-resolution.utils.ts:117
[    2992ms] [LOG] [HomeWorkout:Trio] Skipping master program "H2279XsRGDg9G370J7S9" (display-only) @ webpack-internal:///(app-pages-browser)/./src/features/workout-engine/services/level-resolution.utils.ts:96
[    2992ms] [LOG] [HomeWorkout:Trio] Skipping master program "fTLWzjP9gH2VNpamyCZF" (display-only) @ webpack-internal:///(app-pages-browser)/./src/features/workout-engine/services/level-resolution.utils.ts:96
[    2992ms] [LOG] [HomeWorkout:Trio] Domain 'muscle_up' resolved to L21 (Source: Tracks) @ webpack-internal:///(app-pages-browser)/./src/features/workout-engine/services/level-resolution.utils.ts:117
[    2992ms] [LOG] [HomeWorkout:Trio] Domain 'human_flag' — no assessed level, left ABSENT (no invention) @ webpack-internal:///(app-pages-browser)/./src/features/workout-engine/services/level-resolution.utils.ts:104
[    2992ms] [LOG] [HomeWorkout:Trio] Domain 'one_arm_pullup' — no assessed level, left ABSENT (no invention) @ webpack-internal:///(app-pages-browser)/./src/features/workout-engine/services/level-resolution.utils.ts:104
[    2993ms] [LOG] [HomeWorkout:Trio] Domain 'handstand_pushup' — no assessed level, left ABSENT (no invention) @ webpack-internal:///(app-pages-browser)/./src/features/workout-engine/services/level-resolution.utils.ts:104
[    2993ms] [LOG] [HomeWorkout:Trio] Domain 'handstand' — no assessed level, left ABSENT (no invention) @ webpack-internal:///(app-pages-browser)/./src/features/workout-engine/services/level-resolution.utils.ts:104
[    2993ms] [LOG] [HomeWorkout:Trio] Domain 'legs' is L1 (max across tracks: L22) @ webpack-internal:///(app-pages-browser)/./src/features/workout-engine/services/level-resolution.utils.ts:185
[    2993ms] [LOG] [HomeWorkout:Trio] Domain 'core' is L1 (max across tracks: L22) @ webpack-internal:///(app-pages-browser)/./src/features/workout-engine/services/level-resolution.utils.ts:185
[    2993ms] [LOG] [HomeWorkout:Trio] [MasterDerive] "H2279XsRGDg9G370J7S9" → L12 (avg of [12,22,1] = 12, cap=15) @ webpack-internal:///(app-pages-browser)/./src/features/workout-engine/services/level-resolution.utils.ts:202
[    2993ms] [LOG] [HomeWorkout:Trio] [MasterDerive] "fTLWzjP9gH2VNpamyCZF" → L12 (avg of [12,22,1] = 12, cap=15) @ webpack-internal:///(app-pages-browser)/./src/features/workout-engine/services/level-resolution.utils.ts:202
[    2993ms] [LOG] [HomeWorkout:Trio] [MasterDerive] "47smw26hUyG5ZbE1bhr3" → L12 (avg of [12,22,1] = 12, cap=15) @ webpack-internal:///(app-pages-browser)/./src/features/workout-engine/services/level-resolution.utils.ts:202
[    2993ms] [LOG] [HomeWorkout:Trio] [MasterDerive] "JCac76p48XGZ5MVahLI2" → L12 (avg of [12,22,1] = 12, cap=15) @ webpack-internal:///(app-pages-browser)/./src/features/workout-engine/services/level-resolution.utils.ts:202
[    2993ms] [LOG] [HomeWorkout] Empty equipment profile for location "park" — defaulting to bodyweight @ webpack-internal:///(app-pages-browser)/./src/features/workout-engine/services/user-profile.utils.ts:148
[    2993ms] [WARNING] [InputSanitizer] ⚠️ No park inventory resolved — ESSENTIAL_PARK_GEAR fallback active @ webpack-internal:///(app-pages-browser)/./src/features/workout-engine/core/middleware/InputSanitizerMiddleware.ts:110
[    2993ms] [LOG] [buildIdToSlugMap] Built 14 entries: [EtY8YCol…→human_flag, J0fLpmJh…→push, H2279XsR…→full_body, kDMpobbK…→core, UPDBtTdC…→pull, cC0BOmm6…→one_arm_pullup, fTLWzjP9…→muscle_up, IOfBZFeo…→handstand, pCI5NHXp…→planche, 47smw26h…→upper_body, OrAmOH3F…→legs, mFcuYlNg…→front_lever, JCac76p4…→calisthenics_upper, PAxprHuT…→handstand_pushup] @ webpack-internal:///(app-pages-browser)/./src/features/workout-engine/services/program-hierarchy.utils.ts:121
[    2994ms] [LOG] [buildIdToSlugMap] Built 14 entries: [EtY8YCol…→human_flag, J0fLpmJh…→push, H2279XsR…→full_body, kDMpobbK…→core, UPDBtTdC…→pull, cC0BOmm6…→one_arm_pullup, fTLWzjP9…→muscle_up, IOfBZFeo…→handstand, pCI5NHXp…→planche, 47smw26h…→upper_body, OrAmOH3F…→legs, mFcuYlNg…→front_lever, JCac76p4…→calisthenics_upper, PAxprHuT…→handstand_pushup] @ webpack-internal:///(app-pages-browser)/./src/features/workout-engine/services/program-hierarchy.utils.ts:121
[    2994ms] [LOG] [buildIdToSlugMap] Built 14 entries: [EtY8YCol…→human_flag, J0fLpmJh…→push, H2279XsR…→full_body, kDMpobbK…→core, UPDBtTdC…→pull, cC0BOmm6…→one_arm_pullup, fTLWzjP9…→muscle_up, IOfBZFeo…→handstand, pCI5NHXp…→planche, 47smw26h…→upper_body, OrAmOH3F…→legs, mFcuYlNg…→front_lever, JCac76p4…→calisthenics_upper, PAxprHuT…→handstand_pushup] @ webpack-internal:///(app-pages-browser)/./src/features/workout-engine/services/program-hierarchy.utils.ts:121
[    2994ms] [LOG] [buildIdToSlugMap] Built 14 entries: [EtY8YCol…→human_flag, J0fLpmJh…→push, H2279XsR…→full_body, kDMpobbK…→core, UPDBtTdC…→pull, cC0BOmm6…→one_arm_pullup, fTLWzjP9…→muscle_up, IOfBZFeo…→handstand, pCI5NHXp…→planche, 47smw26h…→upper_body, OrAmOH3F…→legs, mFcuYlNg…→front_lever, JCac76p4…→calisthenics_upper, PAxprHuT…→handstand_pushup] @ webpack-internal:///(app-pages-browser)/./src/features/workout-engine/services/program-hierarchy.utils.ts:121
[    2994ms] [LOG] [buildIdToSlugMap] Built 14 entries: [EtY8YCol…→human_flag, J0fLpmJh…→push, H2279XsR…→full_body, kDMpobbK…→core, UPDBtTdC…→pull, cC0BOmm6…→one_arm_pullup, fTLWzjP9…→muscle_up, IOfBZFeo…→handstand, pCI5NHXp…→planche, 47smw26h…→upper_body, OrAmOH3F…→legs, mFcuYlNg…→front_lever, JCac76p4…→calisthenics_upper, PAxprHuT…→handstand_pushup] @ webpack-internal:///(app-pages-browser)/./src/features/workout-engine/services/program-hierarchy.utils.ts:121
[    2994ms] [LOG] [DomainBudget] activeProgramId="full_body" slug="full_body" resolvedChildDomains=[push, pull, legs, core] isFullBodyMaster=true isCalisthenicsUpperMaster=false isUpperBodyMaster=false @ webpack-internal:///(app-pages-browser)/./src/features/workout-engine/services/home-workout.service.ts:1387
[    2994ms] [LOG] [LeadProgram] push: resolved L12 via pattern(push) @ webpack-internal:///(app-pages-browser)/./src/features/workout-engine/services/lead-program.service.ts:264
[    2995ms] [LOG] [ActivityStore] Loaded from Firestore - Streak: 0 @ webpack-internal:///(app-pages-browser)/./src/features/activity/store/useActivityStore.ts:805
[    3000ms] [LOG] [ActivityStore] Loaded from Firestore - Streak: 0 @ webpack-internal:///(app-pages-browser)/./src/features/activity/store/useActivityStore.ts:805
[    3004ms] [LOG] [ActivityStore] Loaded from Firestore - Streak: 0 @ webpack-internal:///(app-pages-browser)/./src/features/activity/store/useActivityStore.ts:805
[    3017ms] [LOG] [WorkoutTrio] No app_config/workout_trio doc → using pre-seeded Hebrew labels @ webpack-internal:///(app-pages-browser)/./src/features/workout-engine/services/trio-labels.service.ts:53
[    3017ms] [LOG] [WorkoutTrio] Rest-day fast path: 3 options from pool of 7 (targeted query, full pipeline skipped) @ webpack-internal:///(app-pages-browser)/./src/features/workout-engine/services/home-workout.service.ts:448
[    3017ms] [LOG] [home] scoreBreakdown "recovery-follow-up" (score=0): {goalMatch: 0, gapFilling: 0, stepDeficit: 0, preferenceMatch: 0, recoveryMatch: 0} @ webpack-internal:///(app-pages-browser)/./src/app/home/page.tsx:1343
[    3239ms] [LOG] [LeadProgram] pull: resolved L22 via pattern(pull) @ webpack-internal:///(app-pages-browser)/./src/features/workout-engine/services/lead-program.service.ts:264
[    3327ms] [LOG] [HomeContext] Domain 'legs' resolved to L1 (Source: Domains) @ webpack-internal:///(app-pages-browser)/./src/features/workout-engine/services/level-resolution.utils.ts:117
[    3327ms] [LOG] [HomeContext] Domain 'planche' resolved to L10 (Source: Tracks) @ webpack-internal:///(app-pages-browser)/./src/features/workout-engine/services/level-resolution.utils.ts:117
[    3327ms] [LOG] [HomeContext] Domain 'push' resolved to L12 (Source: Tracks) @ webpack-internal:///(app-pages-browser)/./src/features/workout-engine/services/level-resolution.utils.ts:117
[    3327ms] [LOG] [HomeContext] Domain 'front_lever' resolved to L13 (Source: Tracks) @ webpack-internal:///(app-pages-browser)/./src/features/workout-engine/services/level-resolution.utils.ts:117
[    3327ms] [LOG] [HomeContext] Domain 'pull' resolved to L22 (Source: Tracks) @ webpack-internal:///(app-pages-browser)/./src/features/workout-engine/services/level-resolution.utils.ts:117
[    3327ms] [LOG] [HomeContext] Domain 'core' resolved to L1 (Source: Domains) @ webpack-internal:///(app-pages-browser)/./src/features/workout-engine/services/level-resolution.utils.ts:117
[    3327ms] [LOG] [HomeContext] Domain 'calisthenics_upper' resolved to L13 (Source: Tracks) @ webpack-internal:///(app-pages-browser)/./src/features/workout-engine/services/level-resolution.utils.ts:117
[    3328ms] [LOG] [HomeContext] Domain 'upper_body' resolved to L21 (Source: Tracks) @ webpack-internal:///(app-pages-browser)/./src/features/workout-engine/services/level-resolution.utils.ts:117
[    3328ms] [LOG] [HomeContext] Domain '47smw26hUyG5ZbE1bhr3' resolved to L21 (Source: Tracks) @ webpack-internal:///(app-pages-browser)/./src/features/workout-engine/services/level-resolution.utils.ts:117
[    3328ms] [LOG] [HomeContext] Domain 'full_body' resolved to L15 (Source: Tracks) @ webpack-internal:///(app-pages-browser)/./src/features/workout-engine/services/level-resolution.utils.ts:117
[    3328ms] [LOG] [HomeContext] Domain 'H2279XsRGDg9G370J7S9' resolved to L15 (Source: Tracks) @ webpack-internal:///(app-pages-browser)/./src/features/workout-engine/services/level-resolution.utils.ts:117
[    3328ms] [LOG] [HomeContext] Domain 'fTLWzjP9gH2VNpamyCZF' → slug 'muscle_up' dual-keyed at L21 (Source: Tracks) @ webpack-internal:///(app-pages-browser)/./src/features/workout-engine/services/level-resolution.utils.ts:115
[    3328ms] [LOG] [HomeContext] Domain 'muscle_up' resolved to L21 (Source: Tracks) @ webpack-internal:///(app-pages-browser)/./src/features/workout-engine/services/level-resolution.utils.ts:117
[    3328ms] [LOG] [HomeContext] Domain 'human_flag' — no assessed level, left ABSENT (no invention) @ webpack-internal:///(app-pages-browser)/./src/features/workout-engine/services/level-resolution.utils.ts:104
[    3328ms] [LOG] [HomeContext] Domain 'one_arm_pullup' — no assessed level, left ABSENT (no invention) @ webpack-internal:///(app-pages-browser)/./src/features/workout-engine/services/level-resolution.utils.ts:104
[    3328ms] [LOG] [HomeContext] Domain 'handstand_pushup' — no assessed level, left ABSENT (no invention) @ webpack-internal:///(app-pages-browser)/./src/features/workout-engine/services/level-resolution.utils.ts:104
[    3328ms] [LOG] [HomeContext] Domain 'handstand' — no assessed level, left ABSENT (no invention) @ webpack-internal:///(app-pages-browser)/./src/features/workout-engine/services/level-resolution.utils.ts:104
[    3328ms] [LOG] [HomeContext] Domain 'legs' is L1 (max across tracks: L22) @ webpack-internal:///(app-pages-browser)/./src/features/workout-engine/services/level-resolution.utils.ts:185
[    3328ms] [LOG] [HomeContext] Domain 'core' is L1 (max across tracks: L22) @ webpack-internal:///(app-pages-browser)/./src/features/workout-engine/services/level-resolution.utils.ts:185
[    3458ms] [LOG] [LeadProgram] legs: resolved L1 via pattern(legs) @ webpack-internal:///(app-pages-browser)/./src/features/workout-engine/services/lead-program.service.ts:264
[    3597ms] [LOG] [ActivityStore] No Firestore data, created new day @ webpack-internal:///(app-pages-browser)/./src/features/activity/store/useActivityStore.ts:672
[    3597ms] [LOG] [ActivityStore] No Firestore data, created new day @ webpack-internal:///(app-pages-browser)/./src/features/activity/store/useActivityStore.ts:672
[    3597ms] [LOG] [ActivityStore] No Firestore data, created new day @ webpack-internal:///(app-pages-browser)/./src/features/activity/store/useActivityStore.ts:672
[    3597ms] [LOG] [ActivityStore] Streak broken - missed days @ webpack-internal:///(app-pages-browser)/./src/features/activity/store/useActivityStore.ts:692
[    3598ms] [LOG] [ActivityStore] Streak broken - missed days @ webpack-internal:///(app-pages-browser)/./src/features/activity/store/useActivityStore.ts:692
[    3598ms] [LOG] [ActivityStore] Streak broken - missed days @ webpack-internal:///(app-pages-browser)/./src/features/activity/store/useActivityStore.ts:692
[    3615ms] [LOG] [LeadProgram] core: resolved L1 via pattern(core) @ webpack-internal:///(app-pages-browser)/./src/features/workout-engine/services/lead-program.service.ts:264
[    3709ms] [LOG] [ActivityStore] Loaded from Firestore - Streak: 0 @ webpack-internal:///(app-pages-browser)/./src/features/activity/store/useActivityStore.ts:805
[    3713ms] [LOG] [ActivityStore] Loaded from Firestore - Streak: 0 @ webpack-internal:///(app-pages-browser)/./src/features/activity/store/useActivityStore.ts:805
[    3716ms] [LOG] [ActivityStore] Loaded from Firestore - Streak: 0 @ webpack-internal:///(app-pages-browser)/./src/features/activity/store/useActivityStore.ts:805
[    3796ms] [LOG] [DomainBudget] resolvedDomainBudgets set: [push=L12, pull=L22, legs=L1, core=L1] @ webpack-internal:///(app-pages-browser)/./src/features/workout-engine/services/home-workout.service.ts:1395
[    3796ms] [LOG] activeProgramId: full_body @ webpack-internal:///(app-pages-browser)/./src/features/workout-engine/services/split-decision/SplitDecisionService.ts:407
[    3796ms] [LOG] progression.tracks: {legs: Object, planche: Object, push: Object, front_lever: Object, pull: Object} @ webpack-internal:///(app-pages-browser)/./src/features/workout-engine/services/split-decision/SplitDecisionService.ts:409
[    3797ms] [LOG] progression.domains: {human_flag: Object, one_arm_pullup: Object, handstand_pushup: Object, handstand: Object, front_lever: Object} @ webpack-internal:///(app-pages-browser)/./src/features/workout-engine/services/split-decision/SplitDecisionService.ts:411
[    3797ms] [LOG] progression.activePrograms: [Object] @ webpack-internal:///(app-pages-browser)/./src/features/workout-engine/services/split-decision/SplitDecisionService.ts:413
[    3797ms] [LOG] progression.skillFocusIds: [front_lever, planche] @ webpack-internal:///(app-pages-browser)/./src/features/workout-engine/services/split-decision/SplitDecisionService.ts:415
[    3797ms] [LOG] progression.masterProgramSubLevels: (none) @ webpack-internal:///(app-pages-browser)/./src/features/workout-engine/services/split-decision/SplitDecisionService.ts:417
[    3797ms] [LOG] Derived userLevel (base): 22 @ webpack-internal:///(app-pages-browser)/./src/features/workout-engine/services/split-decision/SplitDecisionService.ts:418
[    3797ms] [LOG] scheduleDays count: 3 @ webpack-internal:///(app-pages-browser)/./src/features/workout-engine/services/split-decision/SplitDecisionService.ts:419
[    3797ms] [LOG] Source: Admin Panel (ProgramLevelSettings) per domain @ webpack-internal:///(app-pages-browser)/./src/features/workout-engine/services/split-decision/SplitDecisionService.ts:444
[    3797ms] [LOG] Schedule Days: 3 @ webpack-internal:///(app-pages-browser)/./src/features/workout-engine/services/split-decision/SplitDecisionService.ts:445
[    3797ms] [LOG]   push (L12): 17/3=6 @ webpack-internal:///(app-pages-browser)/./src/features/workout-engine/services/split-decision/SplitDecisionService.ts:447
[    3797ms] [LOG]   pull (L22): 23/3=8 @ webpack-internal:///(app-pages-browser)/./src/features/workout-engine/services/split-decision/SplitDecisionService.ts:447
[    3797ms] [LOG]   legs (L1): 10/3=4 @ webpack-internal:///(app-pages-browser)/./src/features/workout-engine/services/split-decision/SplitDecisionService.ts:447
[    3797ms] [LOG]   core (L1): 8/3=3 @ webpack-internal:///(app-pages-browser)/./src/features/workout-engine/services/split-decision/SplitDecisionService.ts:447
[    3797ms] [LOG] Total Daily Budget = 21 sets @ webpack-internal:///(app-pages-browser)/./src/features/workout-engine/services/split-decision/SplitDecisionService.ts:449
[    3797ms] [LOG] [SplitDecision] P1/P2 sort (gender=default/male): [planche, push, front_lever, pull, legs, core] @ webpack-internal:///(app-pages-browser)/./src/features/workout-engine/services/split-decision/SplitDecisionService.ts:296
[    3797ms] [LOG] [Periodization] Cycle clock: startDate=2026-07-08 daysSinceStart=54 → Week 3/5 @ webpack-internal:///(app-pages-browser)/./src/features/workout-engine/services/periodization.service.ts:86
[    3798ms] [LOG]   Inputs:        cycleWeek=3, gapDays=10 @ webpack-internal:///(app-pages-browser)/./src/features/workout-engine/services/periodization.service.ts:225
[    3798ms] [LOG]   Volume mult:   x0.5 (override=0.5) @ webpack-internal:///(app-pages-browser)/./src/features/workout-engine/services/periodization.service.ts:226
[    3798ms] [LOG]   Δ override:    -2 @ webpack-internal:///(app-pages-browser)/./src/features/workout-engine/services/periodization.service.ts:228
[    3798ms] [LOG]   Protocol mult: x0 @ webpack-internal:///(app-pages-browser)/./src/features/workout-engine/services/periodization.service.ts:229
[    3798ms] [LOG]   SA cap:        0.15 @ webpack-internal:///(app-pages-browser)/./src/features/workout-engine/services/periodization.service.ts:231
[    3798ms] [LOG]   Detraining:    true @ webpack-internal:///(app-pages-browser)/./src/features/workout-engine/services/periodization.service.ts:232
[    3798ms] [LOG]   Default focus: Easy(0) @ webpack-internal:///(app-pages-browser)/./src/features/workout-engine/services/periodization.service.ts:233
[    3798ms] [LOG]   Restart cycle: false @ webpack-internal:///(app-pages-browser)/./src/features/workout-engine/services/periodization.service.ts:238
[    3798ms] [LOG]   Coach cue:     "חזרת אחרי 10 ימים — מפעיל את הגוף שוב בשבוע שחזור." @ webpack-internal:///(app-pages-browser)/./src/features/workout-engine/services/periodization.service.ts:239
[    3799ms] [WARNING] [ParkGating] "כפיפת ברך כנגד גומייה" — 1 park method(s) all gated → exercise excluded Required gear not in park inventory: [Object] Available: [bodyweight, pullup_bar, dip_station, bench, low_bar, high_bar, step, park_bench, park_step] @ webpack-internal:///(app-pages-browser)/./src/features/workout-engine/shared/utils/method-selection.utils.ts:119
[    3799ms] [WARNING] [ParkGating] "שכיבות סמיכה קשתים עם רצועות" — 1 park method(s) all gated → exercise excluded Required gear not in park inventory: [Object] Available: [bodyweight, pullup_bar, dip_station, bench, low_bar, high_bar, step, park_bench, park_step] @ webpack-internal:///(app-pages-browser)/./src/features/workout-engine/shared/utils/method-selection.utils.ts:119
[    3800ms] [WARNING] [ParkGating] "מקבילים על טבעות" — 1 park method(s) all gated → exercise excluded Required gear not in park inventory: [Object] Available: [bodyweight, pullup_bar, dip_station, bench, low_bar, high_bar, step, park_bench, park_step] @ webpack-internal:///(app-pages-browser)/./src/features/workout-engine/shared/utils/method-selection.utils.ts:119
[    3800ms] [WARNING] [ParkGating] "מקבילים על טבעות בעזרת גומיה דקה" — 1 park method(s) all gated → exercise excluded Required gear not in park inventory: [Object] Available: [bodyweight, pullup_bar, dip_station, bench, low_bar, high_bar, step, park_bench, park_step] @ webpack-internal:///(app-pages-browser)/./src/features/workout-engine/shared/utils/method-selection.utils.ts:119
[    3800ms] [WARNING] [ParkGating] "מתח יד אחת עם גומייה" — 2 park method(s) all gated → exercise excluded Required gear not in park inventory: [Object, Object] Available: [bodyweight, pullup_bar, dip_station, bench, low_bar, high_bar, step, park_bench, park_step] @ webpack-internal:///(app-pages-browser)/./src/features/workout-engine/shared/utils/method-selection.utils.ts:119
[    3800ms] [WARNING] [ParkGating] "מקבילים עם גומייה דקה" — 1 park method(s) all gated → exercise excluded Required gear not in park inventory: [Object] Available: [bodyweight, pullup_bar, dip_station, bench, low_bar, high_bar, step, park_bench, park_step] @ webpack-internal:///(app-pages-browser)/./src/features/workout-engine/shared/utils/method-selection.utils.ts:119
[    3800ms] [WARNING] [ParkGating] "החזקת תמיכה על טבעות" — 1 park method(s) all gated → exercise excluded Required gear not in park inventory: [Object] Available: [bodyweight, pullup_bar, dip_station, bench, low_bar, high_bar, step, park_bench, park_step] @ webpack-internal:///(app-pages-browser)/./src/features/workout-engine/shared/utils/method-selection.utils.ts:119
[    3800ms] [WARNING] [ParkGating] "החזקת תמיכה על טבעות עם עזרה" — 1 park method(s) all gated → exercise excluded Required gear not in park inventory: [Object] Available: [bodyweight, pullup_bar, dip_station, bench, low_bar, high_bar, step, park_bench, park_step] @ webpack-internal:///(app-pages-browser)/./src/features/workout-engine/shared/utils/method-selection.utils.ts:119
[    3800ms] [WARNING] [ParkGating] "סקוואט כנגד גומייה" — 1 park method(s) all gated → exercise excluded Required gear not in park inventory: [Object] Available: [bodyweight, pullup_bar, dip_station, bench, low_bar, high_bar, step, park_bench, park_step] @ webpack-internal:///(app-pages-browser)/./src/features/workout-engine/shared/utils/method-selection.utils.ts:119
[    3800ms] [WARNING] [ParkGating] "דדליפט רומני בהתנגדות גומייה" — 1 park method(s) all gated → exercise excluded Required gear not in park inventory: [Object] Available: [bodyweight, pullup_bar, dip_station, bench, low_bar, high_bar, step, park_bench, park_step] @ webpack-internal:///(app-pages-browser)/./src/features/workout-engine/shared/utils/method-selection.utils.ts:119
[    3801ms] [WARNING] [ParkGating] "דדליפט רומני על הגבהה" — 2 park method(s) all gated → exercise excluded Required gear not in park inventory: [Object, Object] Available: [bodyweight, pullup_bar, dip_station, bench, low_bar, high_bar, step, park_bench, park_step] @ webpack-internal:///(app-pages-browser)/./src/features/workout-engine/shared/utils/method-selection.utils.ts:119
[    3801ms] [WARNING] [ParkGating] "עמידת פייק גובה ברך" — 1 park method(s) all gated → exercise excluded Required gear not in park inventory: [Object] Available: [bodyweight, pullup_bar, dip_station, bench, low_bar, high_bar, step, park_bench, park_step] @ webpack-internal:///(app-pages-browser)/./src/features/workout-engine/shared/utils/method-selection.utils.ts:119
[    3801ms] [WARNING] [ParkGating] "שכיבות סמיכה פייק גובה שוק" — 1 park method(s) all gated → exercise excluded Required gear not in park inventory: [Object] Available: [bodyweight, pullup_bar, dip_station, bench, low_bar, high_bar, step, park_bench, park_step] @ webpack-internal:///(app-pages-browser)/./src/features/workout-engine/shared/utils/method-selection.utils.ts:119
[    3801ms] [WARNING] [ParkGating] "פלאנץ׳ בטאק בעזרת גומייה דקה" — 1 park method(s) all gated → exercise excluded Required gear not in park inventory: [Object] Available: [bodyweight, pullup_bar, dip_station, bench, low_bar, high_bar, step, park_bench, park_step] @ webpack-internal:///(app-pages-browser)/./src/features/workout-engine/shared/utils/method-selection.utils.ts:119
[    3801ms] [WARNING] [ParkGating] "סקוואט בעזרת רצועות" — 1 park method(s) all gated → exercise excluded Required gear not in park inventory: [Object] Available: [bodyweight, pullup_bar, dip_station, bench, low_bar, high_bar, step, park_bench, park_step] @ webpack-internal:///(app-pages-browser)/./src/features/workout-engine/shared/utils/method-selection.utils.ts:119
[    3801ms] [WARNING] [ParkGating] "עליית מדרגה גובה קרסול" — 1 park method(s) all gated → exercise excluded Required gear not in park inventory: [Object] Available: [bodyweight, pullup_bar, dip_station, bench, low_bar, high_bar, step, park_bench, park_step] @ webpack-internal:///(app-pages-browser)/./src/features/workout-engine/shared/utils/method-selection.utils.ts:119
[    3801ms] [WARNING] [ParkGating] "פרונט לבר בפישוק עם גומייה" — 2 park method(s) all gated → exercise excluded Required gear not in park inventory: [Object, Object] Available: [bodyweight, pullup_bar, dip_station, bench, low_bar, high_bar, step, park_bench, park_step] @ webpack-internal:///(app-pages-browser)/./src/features/workout-engine/shared/utils/method-selection.utils.ts:119
[    3802ms] [LOG] [WorkoutTrio] Shared pipeline: 62 scored exercises (40 excluded), 372 total in DB @ webpack-internal:///(app-pages-browser)/./src/features/workout-engine/services/home-workout.service.ts:1786
[    3802ms] [LOG] [WorkoutTrio] Filter breakdown — program_filter: 0, level_tolerance: 23, skill_gate: 0, location: 17, injury: 0, passed: 62 @ webpack-internal:///(app-pages-browser)/./src/features/workout-engine/services/home-workout.service.ts:1789
[    4985ms] [LOG] [WorkoutTrio] Settings resolved → protocols: [emom, pyramid, antagonist_pair] from pull@L22 | goals: none | tabata: p=0.22 from pull@L22 @ webpack-internal:///(app-pages-browser)/./src/features/workout-engine/services/home-workout.service.ts:1941
[    5257ms] [LOG] [ExerciseHistory] Loaded history for 18/62 exercises (3 chunked 'in' queries) @ webpack-internal:///(app-pages-browser)/./src/features/workout-engine/services/exercise-history.service.ts:150
[    5257ms] [LOG] [WorkoutTrio] Exercise history loaded: 18/62 exercises have prior session data (David Staircase floor active). @ webpack-internal:///(app-pages-browser)/./src/features/workout-engine/services/home-workout.service.ts:1965
[    5257ms] [LOG] [WorkoutTrio] ⛔ PROTOCOLS KILLED by periodization: baseProb=1 × multiplier=0 = 0 (reason: long_gap_deload, week=5) @ webpack-internal:///(app-pages-browser)/./src/features/workout-engine/services/home-workout.service.ts:1998
[    5257ms] [LOG] [WorkoutTrio] Tabata finisher probability: 0.22 × 0 = 0.00 (from pull@L22) @ webpack-internal:///(app-pages-browser)/./src/features/workout-engine/services/home-workout.service.ts:2013
[    5258ms] [LOG] [Periodization] Straight-arm ratio capped: 0.4 → 0.15 (Deload tendon protection) @ webpack-internal:///(app-pages-browser)/./src/features/workout-engine/services/home-workout.service.ts:2033
[    5454ms] [LOG] [WorkoutTrio] No app_config/workout_trio doc → using pre-seeded Hebrew labels @ webpack-internal:///(app-pages-browser)/./src/features/workout-engine/services/trio-labels.service.ts:53
[    5454ms] [LOG] [WorkoutTrio] Labels (fallback): [מאוזן, עצים ומהיר, אימון פארק קליל] @ webpack-internal:///(app-pages-browser)/./src/features/workout-engine/services/home-workout.service.ts:774
[    5455ms] [LOG] [WorkoutTrio] Bolt2: honouring requested 30min (ceiling 45min) @ webpack-internal:///(app-pages-browser)/./src/features/workout-engine/services/home-workout.service.ts:843
[    5455ms] [LOG] [PipelineOrchestrator] Pool OK: 62 survivors at location=park (gear=9) → normal generation (sparse contexts degrade to bodyweight, not recovery). @ webpack-internal:///(app-pages-browser)/./src/features/workout-engine/core/pipeline/PipelineOrchestrator.ts:130
[    5455ms] [LOG] [PipelineOrchestrator] 🔓 Master-program bypass (full_body): skipping single-domain tolerance gate — ContextualEngine shared pass already scoped pool to all child domains. Pool size preserved: 62 exercises. @ webpack-internal:///(app-pages-browser)/./src/features/workout-engine/core/pipeline/PipelineOrchestrator.ts:233
[    5457ms] [LOG] [InputSanitizer:Periodization] Phase=DELOAD effectiveDifficulty=2 @ webpack-internal:///(app-pages-browser)/./src/features/workout-engine/core/middleware/InputSanitizerMiddleware.ts:447
[    5457ms] [LOG]   push L12: 6 sets/day (17/week) @ webpack-internal:///(app-pages-browser)/./src/features/workout-engine/logic/WorkoutGenerator.ts:445
[    5457ms] [LOG]   pull L22: 8 sets/day (23/week) @ webpack-internal:///(app-pages-browser)/./src/features/workout-engine/logic/WorkoutGenerator.ts:445
[    5457ms] [LOG]   legs L1: 4 sets/day (10/week) @ webpack-internal:///(app-pages-browser)/./src/features/workout-engine/logic/WorkoutGenerator.ts:445
[    5457ms] [LOG]   core L1: 3 sets/day (8/week) @ webpack-internal:///(app-pages-browser)/./src/features/workout-engine/logic/WorkoutGenerator.ts:445
[    5459ms] [LOG] Foundation Buffer: 17 exercises boosted (+30) — Pull-ups/Dips/Push-ups/Rows prioritised @ webpack-internal:///(app-pages-browser)/./src/features/workout-engine/logic/WorkoutGenerator.ts:1331
[    5459ms] [LOG] Vertical Preference: 12 exercises boosted (diminishing: 15/8) @ webpack-internal:///(app-pages-browser)/./src/features/workout-engine/logic/WorkoutGenerator.ts:1333
[    5459ms] [LOG] Naked Strength: 34 bodyweight exercises boosted (+8) @ webpack-internal:///(app-pages-browser)/./src/features/workout-engine/logic/WorkoutGenerator.ts:1334
[    5459ms] [LOG] Equipment Synergy: "step" dominant → 12 exercises boosted (+8) @ webpack-internal:///(app-pages-browser)/./src/features/workout-engine/logic/WorkoutGenerator.ts:1336
[    5459ms] [LOG] Modality Match: "none" dominant → 31 exercises boosted (+10) @ webpack-internal:///(app-pages-browser)/./src/features/workout-engine/logic/WorkoutGenerator.ts:1337
[    5459ms] [LOG] [LevelSync] DifficultyFilter: globalLevel=L22, domainLevels={push:L12, pull:L22, legs:L1, core:L1, planche:L10, front_lever:L13, calisthenics_upper:L13, upper_body:L21, full_body:L15, muscle_up:L21} @ webpack-internal:///(app-pages-browser)/./src/features/workout-engine/logic/workout-selection.utils.ts:308
[    5460ms] [LOG] [Bolt2Cap] per-domain [push→L13, pull→L23, legs→L2, core→L2] (activeProgram=full_body): filtered out 27 above-ceiling exercise(s). Pool: 62 → 35 @ webpack-internal:///(app-pages-browser)/./src/features/workout-engine/logic/WorkoutGenerator.ts:550
[    5460ms] [LOG] User base level (context.userLevel): 22 @ webpack-internal:///(app-pages-browser)/./src/features/workout-engine/logic/workout-selection.utils.ts:810
[    5460ms] [LOG] Target level per category — P1: [planche] | P2: [push] | P3: undefined @ webpack-internal:///(app-pages-browser)/./src/features/workout-engine/logic/workout-selection.utils.ts:811
[    5460ms] [LOG] Dominance ratio: {p1: 0.65, p2: 0.35, p3: 0} @ webpack-internal:///(app-pages-browser)/./src/features/workout-engine/logic/workout-selection.utils.ts:812
[    5460ms] [LOG] Daily set budget: 21 @ webpack-internal:///(app-pages-browser)/./src/features/workout-engine/logic/workout-selection.utils.ts:817
[    5460ms] [LOG] Exercise levels in pool (programLevel): {1: 9, 2: 4, 10: 7, 11: 1, 12: 1, 13: 3, 19: 4, 20: 3, 21: 2, 22: 1} @ webpack-internal:///(app-pages-browser)/./src/features/workout-engine/logic/workout-selection.utils.ts:824
[    5461ms] [WARNING] Level 1 or defaulted: 9 exercises. Reasons: programLevel undefined → defaults to 1; or Program mapping not found; or Defaulting due to missing progression. @ webpack-internal:///(app-pages-browser)/./src/features/workout-engine/logic/workout-selection.utils.ts:830
[    5461ms] [LOG]   - "גוד מורנינג בישיבה" programLevel=1 @ webpack-internal:///(app-pages-browser)/./src/features/workout-engine/logic/workout-selection.utils.ts:834
[    5461ms] [LOG]   - "סקוואט טווח חלקי (להגבהה)" programLevel=1 @ webpack-internal:///(app-pages-browser)/./src/features/workout-engine/logic/workout-selection.utils.ts:834
[    5461ms] [LOG]   - "שולחן הפוך" programLevel=1 @ webpack-internal:///(app-pages-browser)/./src/features/workout-engine/logic/workout-selection.utils.ts:834
[    5461ms] [LOG] [WorkoutGenerator] Dominance: P1=3 P2=2 accessory=-1 (budget: 13+7+1) @ webpack-internal:///(app-pages-browser)/./src/features/workout-engine/logic/workout-selection.utils.ts:899
[    5461ms] [LOG] [WorkoutGenerator] Budget allows: P1=13 sets, P2=7 sets @ webpack-internal:///(app-pages-browser)/./src/features/workout-engine/logic/workout-selection.utils.ts:900
[    5461ms] [LOG] [MGDiversity] Displaced 1 same-group duplicates → backfilled 1 (pool had 35 candidates) @ webpack-internal:///(app-pages-browser)/./src/features/workout-engine/logic/WorkoutGenerator.ts:733
[    5462ms] [LOG]   push L12: 6 sets ÷ 2 exercises = 3 sets/each @ webpack-internal:///(app-pages-browser)/./src/features/workout-engine/logic/workout-budgeting.utils.ts:693
[    5462ms] [LOG]   pull L22: 8 sets ÷ 2 exercises = 4 sets/each @ webpack-internal:///(app-pages-browser)/./src/features/workout-engine/logic/workout-budgeting.utils.ts:693
[    5462ms] [LOG]   legs L1: 4 sets ÷ 0 exercises = 0 sets/each @ webpack-internal:///(app-pages-browser)/./src/features/workout-engine/logic/workout-budgeting.utils.ts:693
[    5462ms] [LOG]   core L1: 3 sets ÷ 0 exercises = 0 sets/each @ webpack-internal:///(app-pages-browser)/./src/features/workout-engine/logic/workout-budgeting.utils.ts:693
[    5463ms] [WARNING] [HistoryFloor] Discarding outlier history for "wYsAsYROBOsZfwm0GcKX": lastMax=30 > 3× range.max(8). Falling back to staircase reps (6). @ webpack-internal:///(app-pages-browser)/./src/features/workout-engine/logic/workout-budgeting.utils.ts:393
[    5463ms] [LOG] [BudgetDistributor.balancedClusterCap] D2 balanced session — culled 1 exercise(s) → 3 clustered exercises (diverse=false, domains=2, longSession=false, availableTime=30). Sets: 4/4/4 @ webpack-internal:///(app-pages-browser)/./src/features/workout-engine/core/pipeline/BudgetDistributor.ts:556
[    5463ms] [LOG] [WorkoutGenerator][selectProtocol] difficulty=2 | adminProtocols=["emom","pyramid","antagonist_pair"] | adminProbability=0 | periodizationWeek=5 @ webpack-internal:///(app-pages-browser)/./src/features/workout-engine/logic/WorkoutGenerator.ts:1390
[    5463ms] [LOG] [WorkoutGenerator][selectProtocol] ⛔ Protocol probability = 0 (Deload/Rebuild week or protocolMultiplier killed it) — straight sets @ webpack-internal:///(app-pages-browser)/./src/features/workout-engine/logic/WorkoutGenerator.ts:1413
[    5464ms] [LOG] [findLevelSub] ✅ horizontal_push: picked "הישענות פסודו פלאנץ׳" L13 (gap=1, radius=±2, domain=push L12, D2) @ webpack-internal:///(app-pages-browser)/./src/features/workout-engine/core/pipeline/PoolFactory.ts:242
[    5464ms] [LOG] [HorizontalGuarantee] ✅ ADDED "הישענות פסודו פלאנץ׳"(L13) replacing accessory "החזקת מתח יד אחת ב-120°"(vertical_pull) — preserved vertical_push [domain=push L12, budget=4 sets] @ webpack-internal:///(app-pages-browser)/./src/features/workout-engine/core/pipeline/GuaranteePassRunner.ts:161
[    5465ms] [LOG] [VerticalFoundation] ✅ "בק לבר"(compound) → "החזקת מתח יד אחת ב-90°"(foundation, L19) [vertical_pull, domain=pull L22] @ webpack-internal:///(app-pages-browser)/./src/features/workout-engine/core/pipeline/GuaranteePassRunner.ts:310
[    5465ms] [LOG] [findLevelSub] ✅ squat: picked "סקוואט טווח חלקי (להגבהה)" L1 (gap=0, radius=±2, domain=legs L1, D2) @ webpack-internal:///(app-pages-browser)/./src/features/workout-engine/core/pipeline/PoolFactory.ts:242
[    5465ms] [LOG] [FullBodyGuarantee] ✅ legs missing → "סקוואט טווח חלקי (להגבהה)"(L1) replacing "הישענות פסודו פלאנץ׳" [mg=squat, gap=0] @ webpack-internal:///(app-pages-browser)/./src/features/workout-engine/core/pipeline/GuaranteePassRunner.ts:408
[    5465ms] [LOG] ┌─────────────┬────────────┬────────────┬────────────┐
│  Section    │  Work      │  Rest      │  Subtotal  │
├─────────────┼────────────┼────────────┼────────────┤
│  Warmup     │ 0m 0s      │ 0m 0s      │ 0m 0s      │  ← 0s rest, 5s transitions, cap=6m
│  Main       │ 5m 36s     │ 18m 8s     │ 23m 44s    │  ← 18m rest = 80% of main block
│  Cooldown   │ 0m 0s      │ 0m 0s      │ 0m 0s      │
├─────────────┼────────────┼────────────┼────────────┤
│  TOTAL(raw) │             │             │ 23m 44s    │
└─────────────┴────────────┴────────────┴────────────┘ @ webpack-internal:///(app-pages-browser)/./src/features/workout-engine/logic/workout-budgeting.utils.ts:1142
[    5466ms] [LOG]   + Main transitions (2 × 30s): 60s @ webpack-internal:///(app-pages-browser)/./src/features/workout-engine/logic/workout-budgeting.utils.ts:1143
[    5466ms] [LOG]   = Final Duration: 24 min @ webpack-internal:///(app-pages-browser)/./src/features/workout-engine/logic/workout-budgeting.utils.ts:1144
[    5466ms] [TABLE] [Object, Object, Object] @ webpack-internal:///(app-pages-browser)/./src/features/workout-engine/logic/workout-budgeting.utils.ts:1147
[    5466ms] [LOG] ┌─────────────┬────────────┬────────────┬────────────┐
│  Section    │  Work      │  Rest      │  Subtotal  │
├─────────────┼────────────┼────────────┼────────────┤
│  Warmup     │ 0m 0s      │ 0m 0s      │ 0m 0s      │  ← 0s rest, 5s transitions, cap=6m
│  Main       │ 5m 36s     │ 18m 8s     │ 23m 44s    │  ← 18m rest = 80% of main block
│  Cooldown   │ 0m 0s      │ 0m 0s      │ 0m 0s      │
├─────────────┼────────────┼────────────┼────────────┤
│  TOTAL(raw) │             │             │ 23m 44s    │
└─────────────┴────────────┴────────────┴────────────┘ @ webpack-internal:///(app-pages-browser)/./src/features/workout-engine/logic/workout-budgeting.utils.ts:1142
[    5466ms] [LOG]   + Main transitions (2 × 30s): 60s @ webpack-internal:///(app-pages-browser)/./src/features/workout-engine/logic/workout-budgeting.utils.ts:1143
[    5466ms] [LOG]   = Final Duration: 24 min @ webpack-internal:///(app-pages-browser)/./src/features/workout-engine/logic/workout-budgeting.utils.ts:1144
[    5466ms] [TABLE] [Object, Object, Object] @ webpack-internal:///(app-pages-browser)/./src/features/workout-engine/logic/workout-budgeting.utils.ts:1147
[    5466ms] [LOG] [Engine] Pool: 102→102→62→35→4(raw)→4(diverse) | Selected: 3 | Budget: ?/21 remaining/daily | Difficulty: 2 | Sets: 12 @ webpack-internal:///(app-pages-browser)/./src/features/workout-engine/logic/WorkoutGenerator.ts:1076
[    5466ms] [LOG] [1] החזקת מתח יד אחת ב-90° | programLevel=19 [LevelResolution] בק לבר → L19 via push | userDomainL=22 | Tier=flow | Sets=4 Hold=15s Rest=63s | Video=YES @ webpack-internal:///(app-pages-browser)/./src/features/workout-engine/logic/WorkoutGenerator.ts:1087
[    5466ms] [LOG] [2] מקבילים | programLevel=10 [LevelResolution] מקבילים → L10 via push | userDomainL=12 | Tier=easy | Sets=4 Reps=6 Rest=120s | Video=YES @ webpack-internal:///(app-pages-browser)/./src/features/workout-engine/logic/WorkoutGenerator.ts:1087
[    5466ms] [LOG] [3] סקוואט טווח חלקי (להגבהה) | programLevel=1 [LevelResolution] החזקת מתח יד אחת ב-120° → L19 via pull | userDomainL=22 | Tier=flow | Sets=4 Reps=12 Rest=89s | Video=YES @ webpack-internal:///(app-pages-browser)/./src/features/workout-engine/logic/WorkoutGenerator.ts:1087
[    5467ms] [LOG] [Warmup] Pool: 372 total | follow-along: 13 | role=warmup: 1 | mobility-tag: 0 @ webpack-internal:///(app-pages-browser)/./src/features/workout-engine/services/warmup.service.ts:555
[    5468ms] [LOG] [Warmup] Stage 1: "טבטה מאתגר +" selected (follow-along [location-matched]) @ webpack-internal:///(app-pages-browser)/./src/features/workout-engine/services/warmup.service.ts:619
[    5468ms] [LOG] [Warmup] David Scale: pull(33%×2s), push(33%×2s), full_body(33%×2s) @ webpack-internal:///(app-pages-browser)/./src/features/workout-engine/services/warmup.service.ts:648
[    5468ms] [WARNING] [ParkGating] "נורדיק אחורי בעזרת גומייה" — 1 park method(s) all gated → exercise excluded Required gear not in park inventory: [Object] Available: [bodyweight, pullup_bar, dip_station, bench, low_bar, high_bar, step, park_bench, park_step] @ webpack-internal:///(app-pages-browser)/./src/features/workout-engine/shared/utils/method-selection.utils.ts:119
[    5468ms] [WARNING] [ParkGating] "סקוואט כנגד גומייה" — 1 park method(s) all gated → exercise excluded Required gear not in park inventory: [Object] Available: [bodyweight, pullup_bar, dip_station, bench, low_bar, high_bar, step, park_bench, park_step] @ webpack-internal:///(app-pages-browser)/./src/features/workout-engine/shared/utils/method-selection.utils.ts:119
[    5469ms] [WARNING] [ParkGating] "שרימפ סקוואט טווח חלקי" — 1 park method(s) all gated → exercise excluded Required gear not in park inventory: [Object] Available: [bodyweight, pullup_bar, dip_station, bench, low_bar, high_bar, step, park_bench, park_step] @ webpack-internal:///(app-pages-browser)/./src/features/workout-engine/shared/utils/method-selection.utils.ts:119
[    5469ms] [WARNING] [ParkGating] "פיסטול סקוואט מוגבה" — 1 park method(s) all gated → exercise excluded Required gear not in park inventory: [Object] Available: [bodyweight, pullup_bar, dip_station, bench, low_bar, high_bar, step, park_bench, park_step] @ webpack-internal:///(app-pages-browser)/./src/features/workout-engine/shared/utils/method-selection.utils.ts:119
[    5469ms] [WARNING] [ParkGating] "דרגון סקוואט מוגבה" — 1 park method(s) all gated → exercise excluded Required gear not in park inventory: [Object] Available: [bodyweight, pullup_bar, dip_station, bench, low_bar, high_bar, step, park_bench, park_step] @ webpack-internal:///(app-pages-browser)/./src/features/workout-engine/shared/utils/method-selection.utils.ts:119
[    5469ms] [WARNING] [ParkGating] "סיסי סקוואט טווח חלקי" — 1 park method(s) all gated → exercise excluded Required gear not in park inventory: [Object] Available: [bodyweight, pullup_bar, dip_station, bench, low_bar, high_bar, step, park_bench, park_step] @ webpack-internal:///(app-pages-browser)/./src/features/workout-engine/shared/utils/method-selection.utils.ts:119
[    5469ms] [WARNING] [ParkGating] "סקוואט בעזרת רצועות" — 1 park method(s) all gated → exercise excluded Required gear not in park inventory: [Object] Available: [bodyweight, pullup_bar, dip_station, bench, low_bar, high_bar, step, park_bench, park_step] @ webpack-internal:///(app-pages-browser)/./src/features/workout-engine/shared/utils/method-selection.utils.ts:119
[    5469ms] [WARNING] [ParkGating] "עליית מדרגה גובה קרסול" — 1 park method(s) all gated → exercise excluded Required gear not in park inventory: [Object] Available: [bodyweight, pullup_bar, dip_station, bench, low_bar, high_bar, step, park_bench, park_step] @ webpack-internal:///(app-pages-browser)/./src/features/workout-engine/shared/utils/method-selection.utils.ts:119
[    5469ms] [WARNING] [ParkGating] "פיסטול סקוואט מוגבה טווח חלקי" — 1 park method(s) all gated → exercise excluded Required gear not in park inventory: [Object] Available: [bodyweight, pullup_bar, dip_station, bench, low_bar, high_bar, step, park_bench, park_step] @ webpack-internal:///(app-pages-browser)/./src/features/workout-engine/shared/utils/method-selection.utils.ts:119
[    5469ms] [WARNING] [ParkGating] "שרימפ סקוואט עמוק בלי ידיים" — 1 park method(s) all gated → exercise excluded Required gear not in park inventory: [Object] Available: [bodyweight, pullup_bar, dip_station, bench, low_bar, high_bar, step, park_bench, park_step] @ webpack-internal:///(app-pages-browser)/./src/features/workout-engine/shared/utils/method-selection.utils.ts:119
[    5469ms] [WARNING] [ParkGating] "שרימפ סקוואט בלי ידיים טווח חלקי" — 1 park method(s) all gated → exercise excluded Required gear not in park inventory: [Object] Available: [bodyweight, pullup_bar, dip_station, bench, low_bar, high_bar, step, park_bench, park_step] @ webpack-internal:///(app-pages-browser)/./src/features/workout-engine/shared/utils/method-selection.utils.ts:119
[    5470ms] [LOG] [Warmup] Activation full_body slot1/2 F2: "לאנג׳ קדמי" L1 from 40 cands (zone [5–6], reps 8–12) @ webpack-internal:///(app-pages-browser)/./src/features/workout-engine/services/warmup.service.ts:808
[    5471ms] [WARNING] [ParkGating] "נורדיק אחורי בעזרת גומייה" — 1 park method(s) all gated → exercise excluded Required gear not in park inventory: [Object] Available: [bodyweight, pullup_bar, dip_station, bench, low_bar, high_bar, step, park_bench, park_step] @ webpack-internal:///(app-pages-browser)/./src/features/workout-engine/shared/utils/method-selection.utils.ts:119
[    5471ms] [WARNING] [ParkGating] "סקוואט כנגד גומייה" — 1 park method(s) all gated → exercise excluded Required gear not in park inventory: [Object] Available: [bodyweight, pullup_bar, dip_station, bench, low_bar, high_bar, step, park_bench, park_step] @ webpack-internal:///(app-pages-browser)/./src/features/workout-engine/shared/utils/method-selection.utils.ts:119
[    5471ms] [WARNING] [ParkGating] "שרימפ סקוואט טווח חלקי" — 1 park method(s) all gated → exercise excluded Required gear not in park inventory: [Object] Available: [bodyweight, pullup_bar, dip_station, bench, low_bar, high_bar, step, park_bench, park_step] @ webpack-internal:///(app-pages-browser)/./src/features/workout-engine/shared/utils/method-selection.utils.ts:119
[    5471ms] [WARNING] [ParkGating] "פיסטול סקוואט מוגבה" — 1 park method(s) all gated → exercise excluded Required gear not in park inventory: [Object] Available: [bodyweight, pullup_bar, dip_station, bench, low_bar, high_bar, step, park_bench, park_step] @ webpack-internal:///(app-pages-browser)/./src/features/workout-engine/shared/utils/method-selection.utils.ts:119
[    5472ms] [WARNING] [ParkGating] "דרגון סקוואט מוגבה" — 1 park method(s) all gated → exercise excluded Required gear not in park inventory: [Object] Available: [bodyweight, pullup_bar, dip_station, bench, low_bar, high_bar, step, park_bench, park_step] @ webpack-internal:///(app-pages-browser)/./src/features/workout-engine/shared/utils/method-selection.utils.ts:119
[    5472ms] [WARNING] [ParkGating] "סיסי סקוואט טווח חלקי" — 1 park method(s) all gated → exercise excluded Required gear not in park inventory: [Object] Available: [bodyweight, pullup_bar, dip_station, bench, low_bar, high_bar, step, park_bench, park_step] @ webpack-internal:///(app-pages-browser)/./src/features/workout-engine/shared/utils/method-selection.utils.ts:119
[    5472ms] [WARNING] [ParkGating] "סקוואט בעזרת רצועות" — 1 park method(s) all gated → exercise excluded Required gear not in park inventory: [Object] Available: [bodyweight, pullup_bar, dip_station, bench, low_bar, high_bar, step, park_bench, park_step] @ webpack-internal:///(app-pages-browser)/./src/features/workout-engine/shared/utils/method-selection.utils.ts:119
[    5472ms] [WARNING] [ParkGating] "עליית מדרגה גובה קרסול" — 1 park method(s) all gated → exercise excluded Required gear not in park inventory: [Object] Available: [bodyweight, pullup_bar, dip_station, bench, low_bar, high_bar, step, park_bench, park_step] @ webpack-internal:///(app-pages-browser)/./src/features/workout-engine/shared/utils/method-selection.utils.ts:119
[    5472ms] [WARNING] [ParkGating] "פיסטול סקוואט מוגבה טווח חלקי" — 1 park method(s) all gated → exercise excluded Required gear not in park inventory: [Object] Available: [bodyweight, pullup_bar, dip_station, bench, low_bar, high_bar, step, park_bench, park_step] @ webpack-internal:///(app-pages-browser)/./src/features/workout-engine/shared/utils/method-selection.utils.ts:119
[    5472ms] [WARNING] [ParkGating] "שרימפ סקוואט עמוק בלי ידיים" — 1 park method(s) all gated → exercise excluded Required gear not in park inventory: [Object] Available: [bodyweight, pullup_bar, dip_station, bench, low_bar, high_bar, step, park_bench, park_step] @ webpack-internal:///(app-pages-browser)/./src/features/workout-engine/shared/utils/method-selection.utils.ts:119
[    5472ms] [WARNING] [ParkGating] "שרימפ סקוואט בלי ידיים טווח חלקי" — 1 park method(s) all gated → exercise excluded Required gear not in park inventory: [Object] Available: [bodyweight, pullup_bar, dip_station, bench, low_bar, high_bar, step, park_bench, park_step] @ webpack-internal:///(app-pages-browser)/./src/features/workout-engine/shared/utils/method-selection.utils.ts:119
[    5472ms] [LOG] [Warmup] Priming full_body slot2/2 F2: "לאנג׳ אחורי" L1 from 39 cands (zone [9–13], reps 3–5) @ webpack-internal:///(app-pages-browser)/./src/features/workout-engine/services/warmup.service.ts:808
[    5472ms] [WARNING] [ParkGating] "מתח עם גומייה דקה" — 2 park method(s) all gated → exercise excluded Required gear not in park inventory: [Object, Object] Available: [bodyweight, pullup_bar, dip_station, bench, low_bar, high_bar, step, park_bench, park_step] @ webpack-internal:///(app-pages-browser)/./src/features/workout-engine/shared/utils/method-selection.utils.ts:119
[    5473ms] [WARNING] [ParkGating] "מתח עם גומייה בינונית" — 2 park method(s) all gated → exercise excluded Required gear not in park inventory: [Object, Object] Available: [bodyweight, pullup_bar, dip_station, bench, low_bar, high_bar, step, park_bench, park_step] @ webpack-internal:///(app-pages-browser)/./src/features/workout-engine/shared/utils/method-selection.utils.ts:119
[    5473ms] [WARNING] [ParkGating] "מתח עם גומייה עבה" — 2 park method(s) all gated → exercise excluded Required gear not in park inventory: [Object, Object] Available: [bodyweight, pullup_bar, dip_station, bench, low_bar, high_bar, step, park_bench, park_step] @ webpack-internal:///(app-pages-browser)/./src/features/workout-engine/shared/utils/method-selection.utils.ts:119
[    5473ms] [WARNING] [ParkGating] "מתח אקצנטרי עם תמיכה" — 2 park method(s) all gated → exercise excluded Required gear not in park inventory: [Object, Object] Available: [bodyweight, pullup_bar, dip_station, bench, low_bar, high_bar, step, park_bench, park_step] @ webpack-internal:///(app-pages-browser)/./src/features/workout-engine/shared/utils/method-selection.utils.ts:119
[    5473ms] [LOG] [Warmup] Activation pull slot1/2 F2: "החזקת מתח ב-15°" L6 from 11 cands (zone [5–9], reps 8–12) @ webpack-internal:///(app-pages-browser)/./src/features/workout-engine/services/warmup.service.ts:808
[    5473ms] [WARNING] [ParkGating] "מתח לא שוויוני עם טבעות" — 1 park method(s) all gated → exercise excluded Required gear not in park inventory: [Object] Available: [bodyweight, pullup_bar, dip_station, bench, low_bar, high_bar, step, park_bench, park_step] @ webpack-internal:///(app-pages-browser)/./src/features/workout-engine/shared/utils/method-selection.utils.ts:119
[    5473ms] [WARNING] [ParkGating] "מתח יד אחת עם גומייה" — 2 park method(s) all gated → exercise excluded Required gear not in park inventory: [Object, Object] Available: [bodyweight, pullup_bar, dip_station, bench, low_bar, high_bar, step, park_bench, park_step] @ webpack-internal:///(app-pages-browser)/./src/features/workout-engine/shared/utils/method-selection.utils.ts:119
[    5473ms] [WARNING] [ParkGating] "מתח מתפרץ עם טבעות" — 1 park method(s) all gated → exercise excluded Required gear not in park inventory: [Object] Available: [bodyweight, pullup_bar, dip_station, bench, low_bar, high_bar, step, park_bench, park_step] @ webpack-internal:///(app-pages-browser)/./src/features/workout-engine/shared/utils/method-selection.utils.ts:119
[    5473ms] [WARNING] [ParkGating] "עליית כוח בקפיצה עם טבעות" — 1 park method(s) all gated → exercise excluded Required gear not in park inventory: [Object] Available: [bodyweight, pullup_bar, dip_station, bench, low_bar, high_bar, step, park_bench, park_step] @ webpack-internal:///(app-pages-browser)/./src/features/workout-engine/shared/utils/method-selection.utils.ts:119
[    5473ms] [WARNING] [ParkGating] "עליית כוח אקצנטרי עם טבעות" — 1 park method(s) all gated → exercise excluded Required gear not in park inventory: [Object] Available: [bodyweight, pullup_bar, dip_station, bench, low_bar, high_bar, step, park_bench, park_step] @ webpack-internal:///(app-pages-browser)/./src/features/workout-engine/shared/utils/method-selection.utils.ts:119
[    5473ms] [WARNING] [ParkGating] "עליית כוח על טבעות בעזרת גומייה" — 1 park method(s) all gated → exercise excluded Required gear not in park inventory: [Object] Available: [bodyweight, pullup_bar, dip_station, bench, low_bar, high_bar, step, park_bench, park_step] @ webpack-internal:///(app-pages-browser)/./src/features/workout-engine/shared/utils/method-selection.utils.ts:119
[    5473ms] [WARNING] [ParkGating] "עליית כוח עם טבעות" — 1 park method(s) all gated → exercise excluded Required gear not in park inventory: [Object] Available: [bodyweight, pullup_bar, dip_station, bench, low_bar, high_bar, step, park_bench, park_step] @ webpack-internal:///(app-pages-browser)/./src/features/workout-engine/shared/utils/method-selection.utils.ts:119
[    5474ms] [WARNING] [ParkGating] "עליית כוח בעזרת גומייה" — 1 park method(s) all gated → exercise excluded Required gear not in park inventory: [Object] Available: [bodyweight, pullup_bar, dip_station, bench, low_bar, high_bar, step, park_bench, park_step] @ webpack-internal:///(app-pages-browser)/./src/features/workout-engine/shared/utils/method-selection.utils.ts:119
[    5474ms] [LOG] [Warmup] Priming pull slot2/2 F2: "מתח יד אחת עם חולצה" L16 from 12 cands (zone [14–19], reps 3–5) @ webpack-internal:///(app-pages-browser)/./src/features/workout-engine/services/warmup.service.ts:808
[    5474ms] [WARNING] [ParkGating] "החזקת מקבילים ב-15° עם גומייה" — 1 park method(s) all gated → exercise excluded Required gear not in park inventory: [Object] Available: [bodyweight, pullup_bar, dip_station, bench, low_bar, high_bar, step, park_bench, park_step] @ webpack-internal:///(app-pages-browser)/./src/features/workout-engine/shared/utils/method-selection.utils.ts:119
[    5474ms] [WARNING] [ParkGating] "החזקת מקבילים ב-120° עם גומייה" — 2 park method(s) all gated → exercise excluded Required gear not in park inventory: [Object, Object] Available: [bodyweight, pullup_bar, dip_station, bench, low_bar, high_bar, step, park_bench, park_step] @ webpack-internal:///(app-pages-browser)/./src/features/workout-engine/shared/utils/method-selection.utils.ts:119
[    5474ms] [WARNING] [ParkGating] "החזקת מקבילים ב-90° עם גומייה" — 2 park method(s) all gated → exercise excluded Required gear not in park inventory: [Object, Object] Available: [bodyweight, pullup_bar, dip_station, bench, low_bar, high_bar, step, park_bench, park_step] @ webpack-internal:///(app-pages-browser)/./src/features/workout-engine/shared/utils/method-selection.utils.ts:119
[    5474ms] [LOG] [Warmup] Activation push slot1/2 F2: "החזקת מקבילים" L5 from 1 cands (zone [3–5], reps 8–12) @ webpack-internal:///(app-pages-browser)/./src/features/workout-engine/services/warmup.service.ts:808
[    5474ms] [WARNING] [ParkGating] "מקבילים עם גומייה דקה" — 1 park method(s) all gated → exercise excluded Required gear not in park inventory: [Object] Available: [bodyweight, pullup_bar, dip_station, bench, low_bar, high_bar, step, park_bench, park_step] @ webpack-internal:///(app-pages-browser)/./src/features/workout-engine/shared/utils/method-selection.utils.ts:119
[    5474ms] [WARNING] [ParkGating] "החזקת תמיכה על טבעות" — 1 park method(s) all gated → exercise excluded Required gear not in park inventory: [Object] Available: [bodyweight, pullup_bar, dip_station, bench, low_bar, high_bar, step, park_bench, park_step] @ webpack-internal:///(app-pages-browser)/./src/features/workout-engine/shared/utils/method-selection.utils.ts:119
[    5474ms] [WARNING] [ParkGating] "מקבילים עם גומייה בינונית" — 1 park method(s) all gated → exercise excluded Required gear not in park inventory: [Object] Available: [bodyweight, pullup_bar, dip_station, bench, low_bar, high_bar, step, park_bench, park_step] @ webpack-internal:///(app-pages-browser)/./src/features/workout-engine/shared/utils/method-selection.utils.ts:119
[    5474ms] [WARNING] [ParkGating] "החזקת תמיכה על טבעות עם עזרה" — 1 park method(s) all gated → exercise excluded Required gear not in park inventory: [Object] Available: [bodyweight, pullup_bar, dip_station, bench, low_bar, high_bar, step, park_bench, park_step] @ webpack-internal:///(app-pages-browser)/./src/features/workout-engine/shared/utils/method-selection.utils.ts:119
[    5474ms] [LOG] [Warmup] Priming push slot2/2 F2: "עמידת פייק גובה שוק" L10 from 8 cands (zone [7–11], reps 3–5) @ webpack-internal:///(app-pages-browser)/./src/features/workout-engine/services/warmup.service.ts:808
[    5474ms] [LOG] [Warmup] Stage 2 Patterns primed: [legs, pull, push] from active [pull, push, legs] — 6 slots total @ webpack-internal:///(app-pages-browser)/./src/features/workout-engine/services/warmup.service.ts:843
[    5474ms] [LOG] [Warmup] Time-aware trim: 7 → 3 slots (budget 3 for 30min, coverage-first) @ webpack-internal:///(app-pages-browser)/./src/features/workout-engine/services/warmup.service.ts:877
[    5474ms] [LOG] [Warmup] Block finalised: 1 general + 6 ladder slots = 3 total (budget 3) @ webpack-internal:///(app-pages-browser)/./src/features/workout-engine/services/warmup.service.ts:882
[    5475ms] [LOG]   ETMVVSpt0lIpeF3mkEn6 "מתיחות פלג גוף עליון לבדיקה": OK @ webpack-internal:///(app-pages-browser)/./src/features/workout-engine/services/cooldown.service.ts:78
[    5475ms] [LOG] ┌─────────────┬────────────┬────────────┬────────────┐
│  Section    │  Work      │  Rest      │  Subtotal  │
├─────────────┼────────────┼────────────┼────────────┤
│  Warmup     │ 3m 10s     │ 0m 0s      │ 3m 10s     │  ← 0s rest, 5s transitions, cap=6m
│  Main       │ 5m 36s     │ 18m 8s     │ 23m 44s    │  ← 18m rest = 80% of main block
│  Cooldown   │ 2m 30s     │ 0m 0s      │ 2m 30s     │
├─────────────┼────────────┼────────────┼────────────┤
│  TOTAL(raw) │             │             │ 27m 24s    │
└─────────────┴────────────┴────────────┴────────────┘ @ webpack-internal:///(app-pages-browser)/./src/features/workout-engine/logic/workout-budgeting.utils.ts:1142
[    5475ms] [LOG]   + Main transitions (3 × 30s): 90s @ webpack-internal:///(app-pages-browser)/./src/features/workout-engine/logic/workout-budgeting.utils.ts:1143
[    5475ms] [LOG]   = Final Duration: 29 min @ webpack-internal:///(app-pages-browser)/./src/features/workout-engine/logic/workout-budgeting.utils.ts:1144
[    5475ms] [TABLE] [Object, Object, Object, Object, Object, Object, Object] @ webpack-internal:///(app-pages-browser)/./src/features/workout-engine/logic/workout-budgeting.utils.ts:1147
[    5921ms] [LOG] [WorkoutGenerator] Antagonist pairing complete: 1 push+pull, 0 quad+hamstring, 0 domain+core fallback @ webpack-internal:///(app-pages-browser)/./src/features/workout-engine/logic/workout-sorting.utils.ts:494
[    5921ms] [LOG] [applyAntagonistPairing] Buckets — push:1 pull:1 legs:1 other:0 pyramids:0 warmupCooldown:4 @ webpack-internal:///(app-pages-browser)/./src/features/workout-engine/logic/workout-sorting.utils.ts:516
[    5921ms] [LOG]   [Pair] "סקוואט טווח חלקי (להגבהה)" (id=50zThi9jcQWm6wbWDM4I) → pairedWith=NONE @ webpack-internal:///(app-pages-browser)/./src/features/workout-engine/logic/workout-sorting.utils.ts:520
[    5921ms] [LOG]   [Pair] "החזקת מתח יד אחת ב-90°" (id=WRY4OTLIfEYxdIWZ82hm) → pairedWith=hSVTgimudJNF5uVF7DfM @ webpack-internal:///(app-pages-browser)/./src/features/workout-engine/logic/workout-sorting.utils.ts:520
[    5921ms] [LOG]   [Pair] "מקבילים" (id=hSVTgimudJNF5uVF7DfM) → pairedWith=WRY4OTLIfEYxdIWZ82hm @ webpack-internal:///(app-pages-browser)/./src/features/workout-engine/logic/workout-sorting.utils.ts:520
[    5921ms] [LOG] [PresentationFormatter] ✅ Re-applied antagonist pairing on final list (2 exercises have pairedWith, source: adminData, מאוזן) @ webpack-internal:///(app-pages-browser)/./src/features/workout-engine/core/presentation/PresentationFormatter.ts:284
[    5921ms] [LOG] [PresentationFormatter] 🪜 Final domain-priority sort applied (order changed, 7 exercises, מאוזן) @ webpack-internal:///(app-pages-browser)/./src/features/workout-engine/core/presentation/PresentationFormatter.ts:295
[    5921ms] [LOG] [WorkoutTrio] Option 2 (מאוזן): D2, 7 exercises, 12 sets, ~29min @ webpack-internal:///(app-pages-browser)/./src/features/workout-engine/services/home-workout.service.ts:1077
[    5921ms] [LOG] [WorkoutTrio] Single-option path — padded 3 slots with the same workout @ webpack-internal:///(app-pages-browser)/./src/features/workout-engine/services/home-workout.service.ts:1086
[    5922ms] [LOG]   Difficulty: 2 ⚡⚡ @ webpack-internal:///(app-pages-browser)/./src/features/workout-engine/services/trio-modifiers.service.ts:700
[    5922ms] [LOG]   Title: סבב 29 דק' בפארק: Full Body Integration @ webpack-internal:///(app-pages-browser)/./src/features/workout-engine/services/trio-modifiers.service.ts:701
[    5922ms] [LOG]   Duration: ~29 min @ webpack-internal:///(app-pages-browser)/./src/features/workout-engine/services/trio-modifiers.service.ts:702
[    5922ms] [LOG]   Warmups: 3 | Main: 3 | Sets: 12 @ webpack-internal:///(app-pages-browser)/./src/features/workout-engine/services/trio-modifiers.service.ts:703
[    5922ms] [LOG]   Gear: 3 ⚠️ [rsGezdRxG5hayY7x88pJ, VQoqHLfhHGhPsaz2zsQO, pKh30gGIGOKFcgLET2Fn] @ webpack-internal:///(app-pages-browser)/./src/features/workout-engine/services/trio-modifiers.service.ts:704
[    5922ms] [LOG]   Exercises: [החזקת מתח יד אחת ב-90°, מקבילים, סקוואט טווח חלקי (להגבהה)] @ webpack-internal:///(app-pages-browser)/./src/features/workout-engine/services/trio-modifiers.service.ts:705
[    5922ms] [LOG]   Difficulty: 2 ⚡⚡ @ webpack-internal:///(app-pages-browser)/./src/features/workout-engine/services/trio-modifiers.service.ts:700
[    5922ms] [LOG]   Title: סבב 29 דק' בפארק: Full Body Integration @ webpack-internal:///(app-pages-browser)/./src/features/workout-engine/services/trio-modifiers.service.ts:701
[    5922ms] [LOG]   Duration: ~29 min @ webpack-internal:///(app-pages-browser)/./src/features/workout-engine/services/trio-modifiers.service.ts:702
[    5922ms] [LOG]   Warmups: 3 | Main: 3 | Sets: 12 @ webpack-internal:///(app-pages-browser)/./src/features/workout-engine/services/trio-modifiers.service.ts:703
[    5922ms] [LOG]   Gear: 3 ⚠️ [rsGezdRxG5hayY7x88pJ, VQoqHLfhHGhPsaz2zsQO, pKh30gGIGOKFcgLET2Fn] @ webpack-internal:///(app-pages-browser)/./src/features/workout-engine/services/trio-modifiers.service.ts:704
[    5922ms] [LOG]   Exercises: [החזקת מתח יד אחת ב-90°, מקבילים, סקוואט טווח חלקי (להגבהה)] @ webpack-internal:///(app-pages-browser)/./src/features/workout-engine/services/trio-modifiers.service.ts:705
[    5922ms] [LOG]   Difficulty: 2 ⚡⚡ @ webpack-internal:///(app-pages-browser)/./src/features/workout-engine/services/trio-modifiers.service.ts:700
[    5922ms] [LOG]   Title: סבב 29 דק' בפארק: Full Body Integration @ webpack-internal:///(app-pages-browser)/./src/features/workout-engine/services/trio-modifiers.service.ts:701
[    5922ms] [LOG]   Duration: ~29 min @ webpack-internal:///(app-pages-browser)/./src/features/workout-engine/services/trio-modifiers.service.ts:702
[    5922ms] [LOG]   Warmups: 3 | Main: 3 | Sets: 12 @ webpack-internal:///(app-pages-browser)/./src/features/workout-engine/services/trio-modifiers.service.ts:703
[    5922ms] [LOG]   Gear: 3 ⚠️ [rsGezdRxG5hayY7x88pJ, VQoqHLfhHGhPsaz2zsQO, pKh30gGIGOKFcgLET2Fn] @ webpack-internal:///(app-pages-browser)/./src/features/workout-engine/services/trio-modifiers.service.ts:704
[    5922ms] [LOG]   Exercises: [החזקת מתח יד אחת ב-90°, מקבילים, סקוואט טווח חלקי (להגבהה)] @ webpack-internal:///(app-pages-browser)/./src/features/workout-engine/services/trio-modifiers.service.ts:705
[    5922ms] [LOG] Overlap: 1↔2=3, 1↔3=3, 2↔3=3 @ webpack-internal:///(app-pages-browser)/./src/features/workout-engine/services/trio-modifiers.service.ts:710
[   16561ms] [LOG] ACTIVE CALENDAR FILE: MonthlyCalendarGrid.tsx {cellHeight: 60, engine: DayIconCell (unified with home screen), viewMode: rings} @ webpack-internal:///(app-pages-browser)/./src/features/home/components/calendar/MonthlyCalendarGrid.tsx:160
[   16562ms] [LOG] ACTIVE CALENDAR FILE: MonthlyCalendarGrid.tsx {cellHeight: 60, engine: DayIconCell (unified with home screen), viewMode: rings} @ webpack-internal:///(app-pages-browser)/./src/features/home/components/calendar/MonthlyCalendarGrid.tsx:160
[   16611ms] [LOG] ACTIVE CALENDAR FILE: MonthlyCalendarGrid.tsx {cellHeight: 60, engine: DayIconCell (unified with home screen), viewMode: rings} @ webpack-internal:///(app-pages-browser)/./src/features/home/components/calendar/MonthlyCalendarGrid.tsx:160
[   16612ms] [LOG] ACTIVE CALENDAR FILE: MonthlyCalendarGrid.tsx {cellHeight: 60, engine: DayIconCell (unified with home screen), viewMode: rings} @ webpack-internal:///(app-pages-browser)/./src/features/home/components/calendar/MonthlyCalendarGrid.tsx:160
[   16637ms] [LOG] ACTIVE CALENDAR FILE: MonthlyCalendarGrid.tsx {cellHeight: 60, engine: DayIconCell (unified with home screen), viewMode: rings} @ webpack-internal:///(app-pages-browser)/./src/features/home/components/calendar/MonthlyCalendarGrid.tsx:160
[   16637ms] [LOG] ACTIVE CALENDAR FILE: MonthlyCalendarGrid.tsx {cellHeight: 60, engine: DayIconCell (unified with home screen), viewMode: rings} @ webpack-internal:///(app-pages-browser)/./src/features/home/components/calendar/MonthlyCalendarGrid.tsx:160
[   16941ms] [LOG] ACTIVE CALENDAR FILE: MonthlyCalendarGrid.tsx {cellHeight: 60, engine: DayIconCell (unified with home screen), viewMode: rings} @ webpack-internal:///(app-pages-browser)/./src/features/home/components/calendar/MonthlyCalendarGrid.tsx:160
[   16941ms] [LOG] ACTIVE CALENDAR FILE: MonthlyCalendarGrid.tsx {cellHeight: 60, engine: DayIconCell (unified with home screen), viewMode: rings} @ webpack-internal:///(app-pages-browser)/./src/features/home/components/calendar/MonthlyCalendarGrid.tsx:160
[   52323ms] [LOG] [Fast Refresh] rebuilding @ webpack-internal:///(app-pages-browser)/../../../node_modules/next/dist/client/components/react-dev-overlay/app/hot-reloader-client.js:186
[   57739ms] [LOG] [Fast Refresh] done in 5416ms @ webpack-internal:///(app-pages-browser)/../../../node_modules/next/dist/client/components/react-dev-overlay/app/hot-reloader-client.js:43
[   59767ms] [WARNING] Skipping auto-scroll behavior due to `position: sticky` or `position: fixed` on element: JSHandle@node @ webpack-internal:///(app-pages-browser)/../../../node_modules/next/dist/client/components/layout-router.js:109
[   59768ms] [WARNING] Skipping auto-scroll behavior due to `position: sticky` or `position: fixed` on element: JSHandle@node @ webpack-internal:///(app-pages-browser)/../../../node_modules/next/dist/client/components/layout-router.js:109
[   59769ms] [WARNING] Skipping auto-scroll behavior due to `position: sticky` or `position: fixed` on element: JSHandle@node @ webpack-internal:///(app-pages-browser)/../../../node_modules/next/dist/client/components/layout-router.js:109
[   59769ms] [WARNING] Skipping auto-scroll behavior due to `position: sticky` or `position: fixed` on element: JSHandle@node @ webpack-internal:///(app-pages-browser)/../../../node_modules/next/dist/client/components/layout-router.js:109
[   59777ms] [WARNING] Skipping auto-scroll behavior due to `position: sticky` or `position: fixed` on element: JSHandle@node @ webpack-internal:///(app-pages-browser)/../../../node_modules/next/dist/client/components/layout-router.js:109
[   59777ms] [WARNING] Skipping auto-scroll behavior due to `position: sticky` or `position: fixed` on element: JSHandle@node @ webpack-internal:///(app-pages-browser)/../../../node_modules/next/dist/client/components/layout-router.js:109
[   59777ms] [WARNING] Skipping auto-scroll behavior due to `position: sticky` or `position: fixed` on element: JSHandle@node @ webpack-internal:///(app-pages-browser)/../../../node_modules/next/dist/client/components/layout-router.js:109
[   59777ms] [WARNING] Skipping auto-scroll behavior due to `position: sticky` or `position: fixed` on element: JSHandle@node @ webpack-internal:///(app-pages-browser)/../../../node_modules/next/dist/client/components/layout-router.js:109
[   60031ms] [LOG] [ActivityStore] Streak updated from Firestore: 1 @ webpack-internal:///(app-pages-browser)/./src/features/activity/store/useActivityStore.ts:899
[   60275ms] [LOG] [ActivityStore] No Firestore data, created new day @ webpack-internal:///(app-pages-browser)/./src/features/activity/store/useActivityStore.ts:672
[   60275ms] [LOG] [ActivityStore] No Firestore data, created new day @ webpack-internal:///(app-pages-browser)/./src/features/activity/store/useActivityStore.ts:672
[   60275ms] [LOG] [ActivityStore] Streak broken - missed days @ webpack-internal:///(app-pages-browser)/./src/features/activity/store/useActivityStore.ts:692
[   60276ms] [LOG] [ActivityStore] Streak broken - missed days @ webpack-internal:///(app-pages-browser)/./src/features/activity/store/useActivityStore.ts:692
[   60416ms] [LOG] [ActivityStore] Loaded from Firestore - Streak: 0 @ webpack-internal:///(app-pages-browser)/./src/features/activity/store/useActivityStore.ts:805
[   60420ms] [LOG] [ActivityStore] Loaded from Firestore - Streak: 0 @ webpack-internal:///(app-pages-browser)/./src/features/activity/store/useActivityStore.ts:805
[   61529ms] [LOG] [ActivityStore] No Firestore data, created new day @ webpack-internal:///(app-pages-browser)/./src/features/activity/store/useActivityStore.ts:672
[   61530ms] [LOG] [ActivityStore] Streak broken - missed days @ webpack-internal:///(app-pages-browser)/./src/features/activity/store/useActivityStore.ts:692
[   61664ms] [LOG] [ActivityStore] Loaded from Firestore - Streak: 0 @ webpack-internal:///(app-pages-browser)/./src/features/activity/store/useActivityStore.ts:805
[  735126ms] [LOG] [Fast Refresh] rebuilding @ webpack-internal:///(app-pages-browser)/../../../node_modules/next/dist/client/components/react-dev-overlay/app/hot-reloader-client.js:186
[  748277ms] [WARNING] [Fast Refresh] performing full reload

Fast Refresh will perform a full reload when you edit a file that's imported by modules outside of the React rendering tree.
You might have a file which exports a React component but also exports a value that is imported by a non-React component file.
Consider migrating the non-React component export to a separate file and importing it into both files.

It is also possible the parent component of the component you edited is a class component, which disables Fast Refresh.
Fast Refresh requires at least one parent function component in your React tree. @ webpack-internal:///(app-pages-browser)/../../../node_modules/next/dist/client/components/react-dev-overlay/app/hot-reloader-client.js:112
[  750807ms] [INFO] %cDownload the React DevTools for a better development experience: https://reactjs.org/link/react-devtools font-weight:bold @ webpack-internal:///(app-pages-browser)/../../../node_modules/next/dist/compiled/react-dom/cjs/react-dom.development.js:38559
[  751754ms] [INFO] [firebase] App Check bypass: hostname="localhost" treated as local development. initializeAppCheck() will NOT be invoked — this prevents reCAPTCHA Enterprise 403s from crashing the Firestore snapshot listener. Set NEXT_PUBLIC_APP_CHECK_DEBUG_TOKEN to a token registered in the Firebase console (App Check → Apps → Manage debug tokens) if you need a real App Check handshake. @ webpack-internal:///(app-pages-browser)/./src/lib/firebase.ts:125
[  751766ms] [WARNING] [bunny] NEXT_PUBLIC_BUNNY_CDN_HOSTNAME is not set — falling back to hardcoded hostname. Set this variable in your Vercel project environment settings to silence this warning. @ webpack-internal:///(app-pages-browser)/./src/lib/bunny/bunny.config.ts:38
[  752803ms] [LOG] [ActivityStore] Streak updated from Firestore: 1 @ webpack-internal:///(app-pages-browser)/./src/features/activity/store/useActivityStore.ts:899
[  753019ms] [LOG] [ActivityStore] No Firestore data, created new day @ webpack-internal:///(app-pages-browser)/./src/features/activity/store/useActivityStore.ts:672
[  753019ms] [LOG] [ActivityStore] No Firestore data, created new day @ webpack-internal:///(app-pages-browser)/./src/features/activity/store/useActivityStore.ts:672
[  753019ms] [LOG] [ActivityStore] Streak broken - missed days @ webpack-internal:///(app-pages-browser)/./src/features/activity/store/useActivityStore.ts:692
[  753020ms] [LOG] [ActivityStore] Streak broken - missed days @ webpack-internal:///(app-pages-browser)/./src/features/activity/store/useActivityStore.ts:692
[  753160ms] [LOG] [ActivityStore] Loaded from Firestore - Streak: 0 @ webpack-internal:///(app-pages-browser)/./src/features/activity/store/useActivityStore.ts:805
[  753170ms] [LOG] [ActivityStore] Loaded from Firestore - Streak: 0 @ webpack-internal:///(app-pages-browser)/./src/features/activity/store/useActivityStore.ts:805
[  754284ms] [LOG] [ActivityStore] No Firestore data, created new day @ webpack-internal:///(app-pages-browser)/./src/features/activity/store/useActivityStore.ts:672
[  754285ms] [LOG] [ActivityStore] Streak broken - missed days @ webpack-internal:///(app-pages-browser)/./src/features/activity/store/useActivityStore.ts:692
[  754418ms] [LOG] [ActivityStore] Loaded from Firestore - Streak: 0 @ webpack-internal:///(app-pages-browser)/./src/features/activity/store/useActivityStore.ts:805
[ 1799918ms] [ERROR] Failed to load resource: net::ERR_QUIC_PROTOCOL_ERROR.QUIC_PUBLIC_RESET @ https://firestore.googleapis.com/google.firestore.v1.Firestore/Listen/channel?gsessionid=DMXJn5TLO8TVyo9K6XdeJaQOeE_e1VjhXXdzuYyl_5_TxAR5o5zbkA&VER=8&database=projects%2Fappout-1%2Fdatabases%2F(default)&RID=rpc&SID=i3dEKF9q9hnYjorVlFWhaQ&AID=217&CI=0&TYPE=xmlhttp&zx=uiani9esy4oc&t=1:0
[ 1800072ms] [ERROR] Failed to load resource: the server responded with a status of 400 () @ https://firestore.googleapis.com/google.firestore.v1.Firestore/Listen/channel?gsessionid=DMXJn5TLO8TVyo9K6XdeJaQOeE_e1VjhXXdzuYyl_5_TxAR5o5zbkA&VER=8&database=projects%2Fappout-1%2Fdatabases%2F(default)&RID=rpc&SID=i3dEKF9q9hnYjorVlFWhaQ&AID=220&CI=0&TYPE=xmlhttp&zx=j9yn3eamsz4o&t=1:0
[ 1800074ms] [WARNING] [2026-09-01T20:06:36.818Z]  @firebase/firestore: Firestore (12.6.0): WebChannelConnection RPC 'Listen' stream 0x1bbd7d0a transport errored. Name: undefined Message: undefined @ webpack-internal:///(app-pages-browser)/../../../node_modules/@firebase/logger/dist/esm/index.esm.js:84
[ 1927289ms] [ERROR] Failed to load resource: net::ERR_QUIC_PROTOCOL_ERROR.QUIC_TOO_MANY_RTOS @ https://firestore.googleapis.com/google.firestore.v1.Firestore/Listen/channel?gsessionid=HMvmvJ0uFkgYb-UD0gVpa_si9Os3r9BOPtHlyxCPdPw3t9q7gLOZ6Q&VER=8&database=projects%2Fappout-1%2Fdatabases%2F(default)&RID=rpc&SID=c1A0yLp8psW9kqiIOH9D9w&AID=0&CI=0&TYPE=xmlhttp&zx=7spoopt1dxvy&t=1:0
[ 1927746ms] [ERROR] Failed to load resource: the server responded with a status of 400 () @ https://firestore.googleapis.com/google.firestore.v1.Firestore/Listen/channel?gsessionid=HMvmvJ0uFkgYb-UD0gVpa_si9Os3r9BOPtHlyxCPdPw3t9q7gLOZ6Q&VER=8&database=projects%2Fappout-1%2Fdatabases%2F(default)&RID=rpc&SID=c1A0yLp8psW9kqiIOH9D9w&AID=159&CI=0&TYPE=xmlhttp&zx=gf3xuesn1u2u&t=1:0
[ 1927747ms] [WARNING] [2026-09-01T20:08:44.492Z]  @firebase/firestore: Firestore (12.6.0): WebChannelConnection RPC 'Listen' stream 0x1bbd7d0b transport errored. Name: undefined Message: undefined @ webpack-internal:///(app-pages-browser)/../../../node_modules/@firebase/logger/dist/esm/index.esm.js:84
[ 2993749ms] [ERROR] Failed to load resource: net::ERR_INTERNET_DISCONNECTED @ https://firestore.googleapis.com/google.firestore.v1.Firestore/Listen/channel?VER=8&database=projects%2Fappout-1%2Fdatabases%2F(default)&gsessionid=eI-HJxPwLuiX8262pCDdNXh0jmKb6RgJs_QY6kEP3Qk5YsZDQW3NCg&SID=nJXOqa-kXtn8sh5Owa04Hw&RID=7575&TYPE=terminate&zx=so9eaotjax1t:0
[ 2993796ms] [ERROR] Failed to load resource: net::ERR_INTERNET_DISCONNECTED @ https://firestore.googleapis.com/google.firestore.v1.Firestore/Listen/channel?VER=8&database=projects%2Fappout-1%2Fdatabases%2F(default)&RID=22960&CVER=22&X-HTTP-Session-Id=gsessionid&zx=w6jsh7douzrm&t=1:0
[ 2993797ms] [WARNING] [2026-09-01T20:26:30.541Z]  @firebase/firestore: Firestore (12.6.0): WebChannelConnection RPC 'Listen' stream 0x1bbd7d0d transport errored. Name: undefined Message: undefined @ webpack-internal:///(app-pages-browser)/../../../node_modules/@firebase/logger/dist/esm/index.esm.js:84
[ 2993816ms] [ERROR] Failed to load resource: net::ERR_INTERNET_DISCONNECTED @ https://www.google.com/images/cleardot.gif?zx=akilbs3t6g5s:0
[ 2993828ms] [ERROR] Failed to load resource: net::ERR_INTERNET_DISCONNECTED @ https://firestore.googleapis.com/google.firestore.v1.Firestore/Listen/channel?VER=8&database=projects%2Fappout-1%2Fdatabases%2F(default)&RID=66179&CVER=22&X-HTTP-Session-Id=gsessionid&zx=aahasjmcqr7f&t=1:0
[ 2993829ms] [WARNING] [2026-09-01T20:26:30.573Z]  @firebase/firestore: Firestore (12.6.0): WebChannelConnection RPC 'Listen' stream 0x1bbd7d0e transport errored. Name: undefined Message: undefined @ webpack-internal:///(app-pages-browser)/../../../node_modules/@firebase/logger/dist/esm/index.esm.js:84
[ 2993866ms] [ERROR] Failed to load resource: net::ERR_INTERNET_DISCONNECTED @ https://www.google.com/images/cleardot.gif?zx=n1gwq2s84xja:0
[ 2994403ms] [ERROR] Failed to load resource: net::ERR_INTERNET_DISCONNECTED @ https://firestore.googleapis.com/google.firestore.v1.Firestore/Listen/channel?VER=8&database=projects%2Fappout-1%2Fdatabases%2F(default)&RID=40203&CVER=22&X-HTTP-Session-Id=gsessionid&zx=7aho0br3u7rk&t=1:0
[ 2994403ms] [WARNING] [2026-09-01T20:26:31.148Z]  @firebase/firestore: Firestore (12.6.0): WebChannelConnection RPC 'Listen' stream 0x1bbd7d0f transport errored. Name: undefined Message: undefined @ webpack-internal:///(app-pages-browser)/../../../node_modules/@firebase/logger/dist/esm/index.esm.js:84
[ 2994407ms] [ERROR] Failed to load resource: net::ERR_INTERNET_DISCONNECTED @ https://www.google.com/images/cleardot.gif?zx=gy4urszc79q6:0
[ 2996008ms] [ERROR] Failed to load resource: net::ERR_INTERNET_DISCONNECTED @ https://firestore.googleapis.com/google.firestore.v1.Firestore/Listen/channel?VER=8&database=projects%2Fappout-1%2Fdatabases%2F(default)&RID=84028&CVER=22&X-HTTP-Session-Id=gsessionid&zx=cvdclmuhfdn7&t=1:0
[ 2996009ms] [WARNING] [2026-09-01T20:26:32.753Z]  @firebase/firestore: Firestore (12.6.0): WebChannelConnection RPC 'Listen' stream 0x1bbd7d10 transport errored. Name: undefined Message: undefined @ webpack-internal:///(app-pages-browser)/../../../node_modules/@firebase/logger/dist/esm/index.esm.js:84
[ 2996012ms] [ERROR] Failed to load resource: net::ERR_INTERNET_DISCONNECTED @ https://www.google.com/images/cleardot.gif?zx=2zgm62k282g6:0
[ 2997678ms] [ERROR] Failed to load resource: net::ERR_INTERNET_DISCONNECTED @ https://firestore.googleapis.com/google.firestore.v1.Firestore/Listen/channel?VER=8&database=projects%2Fappout-1%2Fdatabases%2F(default)&RID=71958&CVER=22&X-HTTP-Session-Id=gsessionid&zx=aehwfqqispph&t=1:0
[ 2997679ms] [WARNING] [2026-09-01T20:26:34.423Z]  @firebase/firestore: Firestore (12.6.0): WebChannelConnection RPC 'Listen' stream 0x1bbd7d11 transport errored. Name: undefined Message: undefined @ webpack-internal:///(app-pages-browser)/../../../node_modules/@firebase/logger/dist/esm/index.esm.js:84
[ 2997682ms] [ERROR] Failed to load resource: net::ERR_INTERNET_DISCONNECTED @ https://www.google.com/images/cleardot.gif?zx=93cm4a387yrk:0
[ 3923899ms] [ERROR] Failed to load resource: net::ERR_INTERNET_DISCONNECTED @ https://securetoken.googleapis.com/v1/token?key=AIzaSyCezG55zVQEZWCEs-lHzx_yQldg-Ej2X60:0
[ 4983960ms] [ERROR] Failed to load resource: net::ERR_INTERNET_DISCONNECTED @ https://securetoken.googleapis.com/v1/token?key=AIzaSyCezG55zVQEZWCEs-lHzx_yQldg-Ej2X60:0
[ 6035230ms] [ERROR] Failed to load resource: net::ERR_INTERNET_DISCONNECTED @ https://securetoken.googleapis.com/v1/token?key=AIzaSyCezG55zVQEZWCEs-lHzx_yQldg-Ej2X60:0
[ 7965364ms] [ERROR] Failed to load resource: net::ERR_INTERNET_DISCONNECTED @ https://securetoken.googleapis.com/v1/token?key=AIzaSyCezG55zVQEZWCEs-lHzx_yQldg-Ej2X60:0
[ 9182431ms] [ERROR] Failed to load resource: net::ERR_INTERNET_DISCONNECTED @ https://securetoken.googleapis.com/v1/token?key=AIzaSyCezG55zVQEZWCEs-lHzx_yQldg-Ej2X60:0
[ 9216129ms] [ERROR] Failed to load resource: net::ERR_INTERNET_DISCONNECTED @ https://securetoken.googleapis.com/v1/token?key=AIzaSyCezG55zVQEZWCEs-lHzx_yQldg-Ej2X60:0
[16113085ms] [ERROR] Failed to load resource: net::ERR_INTERNET_DISCONNECTED @ https://securetoken.googleapis.com/v1/token?key=AIzaSyCezG55zVQEZWCEs-lHzx_yQldg-Ej2X60:0
[22991351ms] [ERROR] Failed to load resource: net::ERR_INTERNET_DISCONNECTED @ https://securetoken.googleapis.com/v1/token?key=AIzaSyCezG55zVQEZWCEs-lHzx_yQldg-Ej2X60:0
[25309639ms] [ERROR] Failed to load resource: net::ERR_INTERNET_DISCONNECTED @ https://securetoken.googleapis.com/v1/token?key=AIzaSyCezG55zVQEZWCEs-lHzx_yQldg-Ej2X60:0
[25314301ms] [LOG] [ActivityStore] No Firestore data, created new day @ webpack-internal:///(app-pages-browser)/./src/features/activity/store/useActivityStore.ts:672
[25314303ms] [LOG] [ActivityStore] Streak broken - missed days @ webpack-internal:///(app-pages-browser)/./src/features/activity/store/useActivityStore.ts:692
[25314496ms] [LOG] [ActivityStore] Loaded from Firestore - Streak: 0 @ webpack-internal:///(app-pages-browser)/./src/features/activity/store/useActivityStore.ts:805
[34210772ms] [ERROR] Failed to load resource: net::ERR_QUIC_PROTOCOL_ERROR.QUIC_PUBLIC_RESET @ https://firestore.googleapis.com/google.firestore.v1.Firestore/Listen/channel?gsessionid=MSZinaDnocLvs9qAY17rMVn_jATGvsMrq20ZH0LY2fx2VChHfi5mwg&VER=8&database=projects%2Fappout-1%2Fdatabases%2F(default)&RID=rpc&SID=xnOxpff96e3nCPnHn__zkQ&AID=200&CI=0&TYPE=xmlhttp&zx=k89ye9o9d7yd&t=1:0
[34211189ms] [ERROR] Failed to load resource: the server responded with a status of 400 () @ https://firestore.googleapis.com/google.firestore.v1.Firestore/Listen/channel?gsessionid=MSZinaDnocLvs9qAY17rMVn_jATGvsMrq20ZH0LY2fx2VChHfi5mwg&VER=8&database=projects%2Fappout-1%2Fdatabases%2F(default)&RID=rpc&SID=xnOxpff96e3nCPnHn__zkQ&AID=201&CI=0&TYPE=xmlhttp&zx=894y3pq9joy9&t=1:0
[34211196ms] [WARNING] [2026-09-02T05:06:47.940Z]  @firebase/firestore: Firestore (12.6.0): WebChannelConnection RPC 'Listen' stream 0x1bbd7d15 transport errored. Name: undefined Message: undefined @ webpack-internal:///(app-pages-browser)/../../../node_modules/@firebase/logger/dist/esm/index.esm.js:84
[34745181ms] [ERROR] Failed to load resource: net::ERR_INTERNET_DISCONNECTED @ https://firestore.googleapis.com/google.firestore.v1.Firestore/Listen/channel?VER=8&database=projects%2Fappout-1%2Fdatabases%2F(default)&gsessionid=nbGte5HVzUvzQJdnPkznEuW7VhC6yy845g9lfo_WXtEm0094ZvdWLA&SID=sM_MHsH_Kzsj1lB4RGbonw&RID=84132&TYPE=terminate&zx=axbz25puo7yy:0
[34745222ms] [ERROR] Failed to load resource: net::ERR_INTERNET_DISCONNECTED @ https://firestore.googleapis.com/google.firestore.v1.Firestore/Listen/channel?VER=8&database=projects%2Fappout-1%2Fdatabases%2F(default)&RID=89716&CVER=22&X-HTTP-Session-Id=gsessionid&zx=yw4wc6d8c28p&t=1:0
[34745237ms] [WARNING] [2026-09-02T05:15:41.981Z]  @firebase/firestore: Firestore (12.6.0): WebChannelConnection RPC 'Listen' stream 0x1bbd7d17 transport errored. Name: undefined Message: undefined @ webpack-internal:///(app-pages-browser)/../../../node_modules/@firebase/logger/dist/esm/index.esm.js:84
[34745246ms] [ERROR] Failed to load resource: net::ERR_INTERNET_DISCONNECTED @ https://www.google.com/images/cleardot.gif?zx=emsbl05du2ir:0
[34745250ms] [ERROR] Failed to load resource: net::ERR_INTERNET_DISCONNECTED @ https://firestore.googleapis.com/google.firestore.v1.Firestore/Listen/channel?VER=8&database=projects%2Fappout-1%2Fdatabases%2F(default)&RID=14479&CVER=22&X-HTTP-Session-Id=gsessionid&zx=xxs6akq4mjwq&t=1:0
[34745250ms] [WARNING] [2026-09-02T05:15:41.995Z]  @firebase/firestore: Firestore (12.6.0): WebChannelConnection RPC 'Listen' stream 0x1bbd7d18 transport errored. Name: undefined Message: undefined @ webpack-internal:///(app-pages-browser)/../../../node_modules/@firebase/logger/dist/esm/index.esm.js:84
[34745253ms] [ERROR] Failed to load resource: net::ERR_INTERNET_DISCONNECTED @ https://www.google.com/images/cleardot.gif?zx=rbia1u55zuu7:0
[34746263ms] [ERROR] Failed to load resource: net::ERR_INTERNET_DISCONNECTED @ https://firestore.googleapis.com/google.firestore.v1.Firestore/Listen/channel?VER=8&database=projects%2Fappout-1%2Fdatabases%2F(default)&RID=66192&CVER=22&X-HTTP-Session-Id=gsessionid&zx=37gwhc3mw7it&t=1:0
[34746264ms] [WARNING] [2026-09-02T05:15:43.008Z]  @firebase/firestore: Firestore (12.6.0): WebChannelConnection RPC 'Listen' stream 0x1bbd7d19 transport errored. Name: undefined Message: undefined @ webpack-internal:///(app-pages-browser)/../../../node_modules/@firebase/logger/dist/esm/index.esm.js:84
[34746266ms] [ERROR] Failed to load resource: net::ERR_INTERNET_DISCONNECTED @ https://www.google.com/images/cleardot.gif?zx=ylfinlxfoows:0
[34747794ms] [ERROR] Failed to load resource: net::ERR_INTERNET_DISCONNECTED @ https://firestore.googleapis.com/google.firestore.v1.Firestore/Listen/channel?VER=8&database=projects%2Fappout-1%2Fdatabases%2F(default)&RID=8738&CVER=22&X-HTTP-Session-Id=gsessionid&zx=uvrwqrf8vqen&t=1:0
[34747794ms] [WARNING] [2026-09-02T05:15:44.539Z]  @firebase/firestore: Firestore (12.6.0): WebChannelConnection RPC 'Listen' stream 0x1bbd7d1a transport errored. Name: undefined Message: undefined @ webpack-internal:///(app-pages-browser)/../../../node_modules/@firebase/logger/dist/esm/index.esm.js:84
[34747801ms] [ERROR] Failed to load resource: net::ERR_INTERNET_DISCONNECTED @ https://www.google.com/images/cleardot.gif?zx=a483fzkcheyn:0
[34750575ms] [ERROR] Failed to load resource: net::ERR_INTERNET_DISCONNECTED @ https://firestore.googleapis.com/google.firestore.v1.Firestore/Listen/channel?VER=8&database=projects%2Fappout-1%2Fdatabases%2F(default)&RID=29535&CVER=22&X-HTTP-Session-Id=gsessionid&zx=dmzrypnypdm9&t=1:0
[34750577ms] [WARNING] [2026-09-02T05:15:47.321Z]  @firebase/firestore: Firestore (12.6.0): WebChannelConnection RPC 'Listen' stream 0x1bbd7d1b transport errored. Name: undefined Message: undefined @ webpack-internal:///(app-pages-browser)/../../../node_modules/@firebase/logger/dist/esm/index.esm.js:84
[34750582ms] [ERROR] Failed to load resource: net::ERR_INTERNET_DISCONNECTED @ https://www.google.com/images/cleardot.gif?zx=sd9f718pffrf:0
[34752338ms] [ERROR] Failed to load resource: net::ERR_INTERNET_DISCONNECTED @ https://firestore.googleapis.com/google.firestore.v1.Firestore/Listen/channel?VER=8&database=projects%2Fappout-1%2Fdatabases%2F(default)&RID=54402&CVER=22&X-HTTP-Session-Id=gsessionid&zx=srya69zdsyov&t=1:0
[34752338ms] [WARNING] [2026-09-02T05:15:49.083Z]  @firebase/firestore: Firestore (12.6.0): WebChannelConnection RPC 'Listen' stream 0x1bbd7d1c transport errored. Name: undefined Message: undefined @ webpack-internal:///(app-pages-browser)/../../../node_modules/@firebase/logger/dist/esm/index.esm.js:84
[34752340ms] [ERROR] Failed to load resource: net::ERR_INTERNET_DISCONNECTED @ https://www.google.com/images/cleardot.gif?zx=fs0lqgsreobw:0
[34757518ms] [ERROR] Failed to load resource: net::ERR_INTERNET_DISCONNECTED @ https://firestore.googleapis.com/google.firestore.v1.Firestore/Listen/channel?VER=8&database=projects%2Fappout-1%2Fdatabases%2F(default)&RID=124&CVER=22&X-HTTP-Session-Id=gsessionid&zx=9001qsoial1f&t=1:0
[34757519ms] [WARNING] [2026-09-02T05:15:54.263Z]  @firebase/firestore: Firestore (12.6.0): WebChannelConnection RPC 'Listen' stream 0x1bbd7d1d transport errored. Name: undefined Message: undefined @ webpack-internal:///(app-pages-browser)/../../../node_modules/@firebase/logger/dist/esm/index.esm.js:84
[34757522ms] [ERROR] Failed to load resource: net::ERR_INTERNET_DISCONNECTED @ https://www.google.com/images/cleardot.gif?zx=c5bqb9rf2p6j:0
[34766722ms] [ERROR] Failed to load resource: net::ERR_INTERNET_DISCONNECTED @ https://firestore.googleapis.com/google.firestore.v1.Firestore/Listen/channel?VER=8&database=projects%2Fappout-1%2Fdatabases%2F(default)&RID=62388&CVER=22&X-HTTP-Session-Id=gsessionid&zx=b8bubt6gfebd&t=1:0
[34766724ms] [WARNING] [2026-09-02T05:16:03.468Z]  @firebase/firestore: Firestore (12.6.0): WebChannelConnection RPC 'Listen' stream 0x1bbd7d1e transport errored. Name: undefined Message: undefined @ webpack-internal:///(app-pages-browser)/../../../node_modules/@firebase/logger/dist/esm/index.esm.js:84
[34766729ms] [ERROR] Failed to load resource: net::ERR_INTERNET_DISCONNECTED @ https://www.google.com/images/cleardot.gif?zx=rrr34gupnzr6:0
[34772637ms] [ERROR] Failed to load resource: net::ERR_INTERNET_DISCONNECTED @ https://firestore.googleapis.com/google.firestore.v1.Firestore/Listen/channel?VER=8&database=projects%2Fappout-1%2Fdatabases%2F(default)&RID=96090&CVER=22&X-HTTP-Session-Id=gsessionid&zx=r9r3xu3epre1&t=1:0
[34772638ms] [WARNING] [2026-09-02T05:16:09.382Z]  @firebase/firestore: Firestore (12.6.0): WebChannelConnection RPC 'Listen' stream 0x1bbd7d1f transport errored. Name: undefined Message: undefined @ webpack-internal:///(app-pages-browser)/../../../node_modules/@firebase/logger/dist/esm/index.esm.js:84
[34772643ms] [ERROR] Failed to load resource: net::ERR_INTERNET_DISCONNECTED @ https://www.google.com/images/cleardot.gif?zx=t1etzfrn3zm5:0
[35078471ms] [ERROR] Failed to load resource: net::ERR_INTERNET_DISCONNECTED @ https://firestore.googleapis.com/google.firestore.v1.Firestore/Listen/channel?VER=8&database=projects%2Fappout-1%2Fdatabases%2F(default)&RID=69638&CVER=22&X-HTTP-Session-Id=gsessionid&zx=kcnxilkjlr2f&t=1:0
[35078472ms] [WARNING] [2026-09-02T05:21:15.216Z]  @firebase/firestore: Firestore (12.6.0): WebChannelConnection RPC 'Listen' stream 0x1bbd7d20 transport errored. Name: undefined Message: undefined @ webpack-internal:///(app-pages-browser)/../../../node_modules/@firebase/logger/dist/esm/index.esm.js:84
[35078477ms] [ERROR] Failed to load resource: net::ERR_INTERNET_DISCONNECTED @ https://www.google.com/images/cleardot.gif?zx=xf1bc5v0zwn2:0
[35081780ms] [LOG] [ActivityStore] No Firestore data, created new day @ webpack-internal:///(app-pages-browser)/./src/features/activity/store/useActivityStore.ts:672
[35081784ms] [LOG] [ActivityStore] Streak broken - missed days @ webpack-internal:///(app-pages-browser)/./src/features/activity/store/useActivityStore.ts:692
[35082121ms] [LOG] [ActivityStore] Loaded from Firestore - Streak: 0 @ webpack-internal:///(app-pages-browser)/./src/features/activity/store/useActivityStore.ts:805
[35286054ms] [ERROR] Failed to load resource: net::ERR_QUIC_PROTOCOL_ERROR.QUIC_TOO_MANY_RTOS @ https://firestore.googleapis.com/google.firestore.v1.Firestore/Listen/channel?gsessionid=buzoCLmI9W-6Hhhv0w-DjHV-45qULUpNY09dca5H_NjZNzO26Udaqg&VER=8&database=projects%2Fappout-1%2Fdatabases%2F(default)&RID=rpc&SID=-9xRLanRqbgffkUF2g3oCQ&AID=0&CI=0&TYPE=xmlhttp&zx=ejf4in5dhqel&t=1:0
[35286230ms] [ERROR] Failed to load resource: the server responded with a status of 400 () @ https://firestore.googleapis.com/google.firestore.v1.Firestore/Listen/channel?gsessionid=buzoCLmI9W-6Hhhv0w-DjHV-45qULUpNY09dca5H_NjZNzO26Udaqg&VER=8&database=projects%2Fappout-1%2Fdatabases%2F(default)&RID=rpc&SID=-9xRLanRqbgffkUF2g3oCQ&AID=175&CI=0&TYPE=xmlhttp&zx=ts1ietd553rp&t=1:0
[35286233ms] [WARNING] [2026-09-02T05:24:42.977Z]  @firebase/firestore: Firestore (12.6.0): WebChannelConnection RPC 'Listen' stream 0x1bbd7d21 transport errored. Name: undefined Message: undefined @ webpack-internal:///(app-pages-browser)/../../../node_modules/@firebase/logger/dist/esm/index.esm.js:84
