[     769ms] [WARNING] [2026-09-22T19:34:07.797Z]  @firebase/auth: Auth (12.6.0): Error while retrieving App Check token: FirebaseError: AppCheck: ReCAPTCHA error. (appCheck/recaptcha-error). @ https://outrun.co.il/_next/static/chunks/2532-16f59635ee5a761a.js:14
[   44933ms] [LOG] [DEBUG-PAGE] pathConfig.path: body_focus | categories passed to VisualSlider: [push] | skipTier: true @ https://outrun.co.il/_next/static/chunks/app/onboarding-new/assessment-visual/page-409b79241f638119.js:0
[   45105ms] [LOG] [DEBUG-RESOLVER] loadCategoryMap built: {human_flag: EtY8YCol0qpF6DzgcTx1, push: J0fLpmJhG0KDN2tQouxh, core: kDMpobbKsuVTByTIKUpe, pull: UPDBtTdCvX748dtBlWYj, one_arm_pullup: cC0BOmm6KIqYAyQynEIo} @ https://outrun.co.il/_next/static/chunks/5677-5539fdbd5d964d2a.js:0
[   45105ms] [LOG] [DEBUG-RESOLVER] Incoming Category: push Resolved Candidate IDs: [push, J0fLpmJhG0KDN2tQouxh] @ https://outrun.co.il/_next/static/chunks/5677-5539fdbd5d964d2a.js:0
[   45106ms] [LOG] [DEBUG-PAGE] pathConfig.path: body_focus | categories passed to VisualSlider: [push] | skipTier: true @ https://outrun.co.il/_next/static/chunks/app/onboarding-new/assessment-visual/page-409b79241f638119.js:0
[   45106ms] [LOG] [DEBUG-RESOLVER] Incoming Category: push Resolved Candidate IDs: [push, J0fLpmJhG0KDN2tQouxh] @ https://outrun.co.il/_next/static/chunks/5677-5539fdbd5d964d2a.js:0
[   45239ms] [LOG] [DEBUG-FIRESTORE] Querying IDs: [push, J0fLpmJhG0KDN2tQouxh] Snapshot size returned: 25 @ https://outrun.co.il/_next/static/chunks/5677-5539fdbd5d964d2a.js:0
[   45239ms] [LOG] [DEBUG-FIRESTORE] showInOnboarding=true levels: [1, 4, 6, 9, 12, 14, 16, 18, 19, 20] (10 total) @ https://outrun.co.il/_next/static/chunks/5677-5539fdbd5d964d2a.js:0
[   45239ms] [LOG] [DEBUG-RESOLVER] Final onboarding levels for "push": [1, 4, 6, 9, 12, 14, 16, 18, 19, 20] (10 total) @ https://outrun.co.il/_next/static/chunks/5677-5539fdbd5d964d2a.js:0
[   45239ms] [LOG] [DEBUG-RESOLVER] resolveContent("push", 1) → programId="J0fLpmJhG0KDN2tQouxh" @ https://outrun.co.il/_next/static/chunks/5677-5539fdbd5d964d2a.js:0
[   45239ms] [LOG] [DEBUG-RESOLVER] resolveContent("push", 4) → programId="J0fLpmJhG0KDN2tQouxh" @ https://outrun.co.il/_next/static/chunks/5677-5539fdbd5d964d2a.js:0
[   45239ms] [LOG] [DEBUG-FIRESTORE] Querying IDs: [push, J0fLpmJhG0KDN2tQouxh] Snapshot size returned: 25 @ https://outrun.co.il/_next/static/chunks/5677-5539fdbd5d964d2a.js:0
[   45239ms] [LOG] [DEBUG-FIRESTORE] showInOnboarding=true levels: [1, 4, 6, 9, 12, 14, 16, 18, 19, 20] (10 total) @ https://outrun.co.il/_next/static/chunks/5677-5539fdbd5d964d2a.js:0
[   45239ms] [LOG] [DEBUG-RESOLVER] Final onboarding levels for "push": [1, 4, 6, 9, 12, 14, 16, 18, 19, 20] (10 total) @ https://outrun.co.il/_next/static/chunks/5677-5539fdbd5d964d2a.js:0
[   45239ms] [LOG] [DEBUG-RESOLVER] resolveContent("push", 1) → programId="J0fLpmJhG0KDN2tQouxh" @ https://outrun.co.il/_next/static/chunks/5677-5539fdbd5d964d2a.js:0
[   45239ms] [LOG] [DEBUG-RESOLVER] resolveContent("push", 4) → programId="J0fLpmJhG0KDN2tQouxh" @ https://outrun.co.il/_next/static/chunks/5677-5539fdbd5d964d2a.js:0
[   45429ms] [LOG] [VisualContentService] docToContent "J0fLpmJhG0KDN2tQouxh_1": {hasVideoVariantsField: true, hasVariantsField: false, rawType: array[0], parsedVariantsCount: 0, allTopLevelKeys: Array(14)} @ https://outrun.co.il/_next/static/chunks/5677-5539fdbd5d964d2a.js:0
[   45430ms] [LOG] [DEBUG-RESOLVER] attempt1 getVisualContentItem("J0fLpmJhG0KDN2tQouxh", 1) → FOUND @ https://outrun.co.il/_next/static/chunks/5677-5539fdbd5d964d2a.js:0
[   45430ms] [LOG] [VisualContentService] docToContent "J0fLpmJhG0KDN2tQouxh_1": {hasVideoVariantsField: true, hasVariantsField: false, rawType: array[0], parsedVariantsCount: 0, allTopLevelKeys: Array(14)} @ https://outrun.co.il/_next/static/chunks/5677-5539fdbd5d964d2a.js:0
[   45430ms] [LOG] [DEBUG-RESOLVER] attempt1 getVisualContentItem("J0fLpmJhG0KDN2tQouxh", 1) → FOUND @ https://outrun.co.il/_next/static/chunks/5677-5539fdbd5d964d2a.js:0
[   45430ms] [LOG] [VisualContentService] docToContent "J0fLpmJhG0KDN2tQouxh_4": {hasVideoVariantsField: true, hasVariantsField: false, rawType: array[0], parsedVariantsCount: 0, allTopLevelKeys: Array(14)} @ https://outrun.co.il/_next/static/chunks/5677-5539fdbd5d964d2a.js:0
[   45430ms] [LOG] [DEBUG-RESOLVER] attempt1 getVisualContentItem("J0fLpmJhG0KDN2tQouxh", 4) → FOUND @ https://outrun.co.il/_next/static/chunks/5677-5539fdbd5d964d2a.js:0
[   45430ms] [LOG] [VisualContentService] docToContent "J0fLpmJhG0KDN2tQouxh_4": {hasVideoVariantsField: true, hasVariantsField: false, rawType: array[0], parsedVariantsCount: 0, allTopLevelKeys: Array(14)} @ https://outrun.co.il/_next/static/chunks/5677-5539fdbd5d964d2a.js:0
[   45430ms] [LOG] [DEBUG-RESOLVER] attempt1 getVisualContentItem("J0fLpmJhG0KDN2tQouxh", 4) → FOUND @ https://outrun.co.il/_next/static/chunks/5677-5539fdbd5d964d2a.js:0
[   45564ms] [LOG] [ContentResolver] Level 1 — exercise video resolved: "שכיבות סמיכה ב-75°" → https://vz-b17872ab-7a7.b-cdn.net/b1e43b30-37e1-49f7-8c17-74… @ https://outrun.co.il/_next/static/chunks/5677-5539fdbd5d964d2a.js:0
[   45564ms] [LOG] [ContentResolver] Level 1 — exercise video resolved: "שכיבות סמיכה ב-75°" → https://vz-b17872ab-7a7.b-cdn.net/b1e43b30-37e1-49f7-8c17-74… @ https://outrun.co.il/_next/static/chunks/5677-5539fdbd5d964d2a.js:0
[   45565ms] [LOG] [ContentResolver] Level 4 — exercise video resolved: "שכיבות סמיכה ברכיים" → https://vz-b17872ab-7a7.b-cdn.net/7413db0b-1702-4acd-8072-8a… @ https://outrun.co.il/_next/static/chunks/5677-5539fdbd5d964d2a.js:0
[   45565ms] [LOG] [ContentResolver] Level 4 — exercise video resolved: "שכיבות סמיכה ברכיים" → https://vz-b17872ab-7a7.b-cdn.net/7413db0b-1702-4acd-8072-8a… @ https://outrun.co.il/_next/static/chunks/5677-5539fdbd5d964d2a.js:0
[   60171ms] [LOG] [DEBUG-RESOLVER] Incoming Category: push Resolved Candidate IDs: [push, J0fLpmJhG0KDN2tQouxh] @ https://outrun.co.il/_next/static/chunks/5677-5539fdbd5d964d2a.js:0
[   60379ms] [LOG] [DEBUG-FIRESTORE] Querying IDs: [push, J0fLpmJhG0KDN2tQouxh] Snapshot size returned: 25 @ https://outrun.co.il/_next/static/chunks/5677-5539fdbd5d964d2a.js:0
[   60379ms] [LOG] [DEBUG-FIRESTORE] showInOnboarding=true levels: [1, 4, 6, 9, 12, 14, 16, 18, 19, 20] (10 total) @ https://outrun.co.il/_next/static/chunks/5677-5539fdbd5d964d2a.js:0
[   60379ms] [LOG] [DEBUG-RESOLVER] Final onboarding levels for "push": [1, 4, 6, 9, 12, 14, 16, 18, 19, 20] (10 total) @ https://outrun.co.il/_next/static/chunks/5677-5539fdbd5d964d2a.js:0
[   60384ms] [LOG] [DEBUG-RESOLVER] resolveContent("push", 1) → programId="J0fLpmJhG0KDN2tQouxh" @ https://outrun.co.il/_next/static/chunks/5677-5539fdbd5d964d2a.js:0
[   60384ms] [LOG] [DEBUG-RESOLVER] resolveContent("push", 4) → programId="J0fLpmJhG0KDN2tQouxh" @ https://outrun.co.il/_next/static/chunks/5677-5539fdbd5d964d2a.js:0
[   60384ms] [LOG] [DEBUG-RESOLVER] resolveContent("push", 6) → programId="J0fLpmJhG0KDN2tQouxh" @ https://outrun.co.il/_next/static/chunks/5677-5539fdbd5d964d2a.js:0
[   60384ms] [LOG] [DEBUG-RESOLVER] resolveContent("push", 9) → programId="J0fLpmJhG0KDN2tQouxh" @ https://outrun.co.il/_next/static/chunks/5677-5539fdbd5d964d2a.js:0
[   60384ms] [LOG] [DEBUG-RESOLVER] resolveContent("push", 12) → programId="J0fLpmJhG0KDN2tQouxh" @ https://outrun.co.il/_next/static/chunks/5677-5539fdbd5d964d2a.js:0
[   60384ms] [LOG] [DEBUG-RESOLVER] resolveContent("push", 14) → programId="J0fLpmJhG0KDN2tQouxh" @ https://outrun.co.il/_next/static/chunks/5677-5539fdbd5d964d2a.js:0
[   60384ms] [LOG] [DEBUG-RESOLVER] resolveContent("push", 16) → programId="J0fLpmJhG0KDN2tQouxh" @ https://outrun.co.il/_next/static/chunks/5677-5539fdbd5d964d2a.js:0
[   60384ms] [LOG] [DEBUG-RESOLVER] resolveContent("push", 18) → programId="J0fLpmJhG0KDN2tQouxh" @ https://outrun.co.il/_next/static/chunks/5677-5539fdbd5d964d2a.js:0
[   60384ms] [LOG] [DEBUG-RESOLVER] resolveContent("push", 19) → programId="J0fLpmJhG0KDN2tQouxh" @ https://outrun.co.il/_next/static/chunks/5677-5539fdbd5d964d2a.js:0
[   60384ms] [LOG] [DEBUG-RESOLVER] resolveContent("push", 20) → programId="J0fLpmJhG0KDN2tQouxh" @ https://outrun.co.il/_next/static/chunks/5677-5539fdbd5d964d2a.js:0
[   60384ms] [LOG] [DEBUG-RESOLVER] resolveContent("push", 1) → programId="J0fLpmJhG0KDN2tQouxh" @ https://outrun.co.il/_next/static/chunks/5677-5539fdbd5d964d2a.js:0
[   60385ms] [LOG] [DEBUG-RESOLVER] resolveContent("push", 2) → programId="J0fLpmJhG0KDN2tQouxh" @ https://outrun.co.il/_next/static/chunks/5677-5539fdbd5d964d2a.js:0
[   60385ms] [LOG] [DEBUG-RESOLVER] resolveContent("push", 2) → programId="J0fLpmJhG0KDN2tQouxh" @ https://outrun.co.il/_next/static/chunks/5677-5539fdbd5d964d2a.js:0
[   60534ms] [LOG] [VisualContentService] docToContent "J0fLpmJhG0KDN2tQouxh_6": {hasVideoVariantsField: true, hasVariantsField: false, rawType: array[0], parsedVariantsCount: 0, allTopLevelKeys: Array(14)} @ https://outrun.co.il/_next/static/chunks/5677-5539fdbd5d964d2a.js:0
[   60534ms] [LOG] [DEBUG-RESOLVER] attempt1 getVisualContentItem("J0fLpmJhG0KDN2tQouxh", 6) → FOUND @ https://outrun.co.il/_next/static/chunks/5677-5539fdbd5d964d2a.js:0
[   60610ms] [LOG] [VisualContentService] docToContent "J0fLpmJhG0KDN2tQouxh_9": {hasVideoVariantsField: true, hasVariantsField: false, rawType: array[0], parsedVariantsCount: 0, allTopLevelKeys: Array(14)} @ https://outrun.co.il/_next/static/chunks/5677-5539fdbd5d964d2a.js:0
[   60611ms] [LOG] [DEBUG-RESOLVER] attempt1 getVisualContentItem("J0fLpmJhG0KDN2tQouxh", 9) → FOUND @ https://outrun.co.il/_next/static/chunks/5677-5539fdbd5d964d2a.js:0
[   60611ms] [LOG] [VisualContentService] docToContent "J0fLpmJhG0KDN2tQouxh_12": {hasVideoVariantsField: true, hasVariantsField: false, rawType: array[0], parsedVariantsCount: 0, allTopLevelKeys: Array(14)} @ https://outrun.co.il/_next/static/chunks/5677-5539fdbd5d964d2a.js:0
[   60611ms] [LOG] [DEBUG-RESOLVER] attempt1 getVisualContentItem("J0fLpmJhG0KDN2tQouxh", 12) → FOUND @ https://outrun.co.il/_next/static/chunks/5677-5539fdbd5d964d2a.js:0
[   60611ms] [LOG] [VisualContentService] docToContent "J0fLpmJhG0KDN2tQouxh_14": {hasVideoVariantsField: true, hasVariantsField: false, rawType: array[0], parsedVariantsCount: 0, allTopLevelKeys: Array(14)} @ https://outrun.co.il/_next/static/chunks/5677-5539fdbd5d964d2a.js:0
[   60611ms] [LOG] [DEBUG-RESOLVER] attempt1 getVisualContentItem("J0fLpmJhG0KDN2tQouxh", 14) → FOUND @ https://outrun.co.il/_next/static/chunks/5677-5539fdbd5d964d2a.js:0
[   60611ms] [LOG] [VisualContentService] docToContent "J0fLpmJhG0KDN2tQouxh_16": {hasVideoVariantsField: true, hasVariantsField: false, rawType: array[0], parsedVariantsCount: 0, allTopLevelKeys: Array(14)} @ https://outrun.co.il/_next/static/chunks/5677-5539fdbd5d964d2a.js:0
[   60611ms] [LOG] [DEBUG-RESOLVER] attempt1 getVisualContentItem("J0fLpmJhG0KDN2tQouxh", 16) → FOUND @ https://outrun.co.il/_next/static/chunks/5677-5539fdbd5d964d2a.js:0
[   60661ms] [LOG] [VisualContentService] docToContent "J0fLpmJhG0KDN2tQouxh_18": {hasVideoVariantsField: true, hasVariantsField: false, rawType: array[0], parsedVariantsCount: 0, allTopLevelKeys: Array(14)} @ https://outrun.co.il/_next/static/chunks/5677-5539fdbd5d964d2a.js:0
[   60661ms] [LOG] [DEBUG-RESOLVER] attempt1 getVisualContentItem("J0fLpmJhG0KDN2tQouxh", 18) → FOUND @ https://outrun.co.il/_next/static/chunks/5677-5539fdbd5d964d2a.js:0
[   60661ms] [LOG] [VisualContentService] docToContent "J0fLpmJhG0KDN2tQouxh_19": {hasVideoVariantsField: true, hasVariantsField: false, rawType: array[0], parsedVariantsCount: 0, allTopLevelKeys: Array(14)} @ https://outrun.co.il/_next/static/chunks/5677-5539fdbd5d964d2a.js:0
[   60661ms] [LOG] [DEBUG-RESOLVER] attempt1 getVisualContentItem("J0fLpmJhG0KDN2tQouxh", 19) → FOUND @ https://outrun.co.il/_next/static/chunks/5677-5539fdbd5d964d2a.js:0
[   60661ms] [LOG] [VisualContentService] docToContent "J0fLpmJhG0KDN2tQouxh_20": {hasVideoVariantsField: true, hasVariantsField: false, rawType: array[0], parsedVariantsCount: 0, allTopLevelKeys: Array(14)} @ https://outrun.co.il/_next/static/chunks/5677-5539fdbd5d964d2a.js:0
[   60661ms] [LOG] [DEBUG-RESOLVER] attempt1 getVisualContentItem("J0fLpmJhG0KDN2tQouxh", 20) → FOUND @ https://outrun.co.il/_next/static/chunks/5677-5539fdbd5d964d2a.js:0
[   60863ms] [LOG] [VisualContentService] docToContent "J0fLpmJhG0KDN2tQouxh_2": {hasVideoVariantsField: true, hasVariantsField: false, rawType: array[0], parsedVariantsCount: 0, allTopLevelKeys: Array(14)} @ https://outrun.co.il/_next/static/chunks/5677-5539fdbd5d964d2a.js:0
[   60863ms] [LOG] [DEBUG-RESOLVER] attempt1 getVisualContentItem("J0fLpmJhG0KDN2tQouxh", 2) → FOUND @ https://outrun.co.il/_next/static/chunks/5677-5539fdbd5d964d2a.js:0
[   60864ms] [LOG] [VisualContentService] docToContent "J0fLpmJhG0KDN2tQouxh_2": {hasVideoVariantsField: true, hasVariantsField: false, rawType: array[0], parsedVariantsCount: 0, allTopLevelKeys: Array(14)} @ https://outrun.co.il/_next/static/chunks/5677-5539fdbd5d964d2a.js:0
[   60864ms] [LOG] [DEBUG-RESOLVER] attempt1 getVisualContentItem("J0fLpmJhG0KDN2tQouxh", 2) → FOUND @ https://outrun.co.il/_next/static/chunks/5677-5539fdbd5d964d2a.js:0
[   60864ms] [LOG] [ContentResolver] Level 6 — exercise video resolved: "מקבילים עם גומייה עבה" → https://vz-b17872ab-7a7.b-cdn.net/c6e95235-2dd7-481b-92ad-9e… @ https://outrun.co.il/_next/static/chunks/5677-5539fdbd5d964d2a.js:0
[   60864ms] [LOG] [ContentResolver] Level 9 — exercise video resolved: "מקבילים אקצנטרי" → https://vz-b17872ab-7a7.b-cdn.net/0cf4aa4f-997b-4ff6-8243-c5… @ https://outrun.co.il/_next/static/chunks/5677-5539fdbd5d964d2a.js:0
[   60864ms] [LOG] [ContentResolver] Level 12 — exercise video resolved: "ישיבת L" → https://vz-b17872ab-7a7.b-cdn.net/ff5f0220-761e-4805-9f96-74… @ https://outrun.co.il/_next/static/chunks/5677-5539fdbd5d964d2a.js:0
[   60864ms] [LOG] [ContentResolver] Level 14 — exercise video resolved: "מקבילים על טבעות" → https://vz-b17872ab-7a7.b-cdn.net/7a815617-f091-41cd-a8f2-6f… @ https://outrun.co.il/_next/static/chunks/5677-5539fdbd5d964d2a.js:0
[   60865ms] [LOG] [ContentResolver] Level 16 — exercise video resolved: "פלאנץ׳ בטאק" → https://vz-b17872ab-7a7.b-cdn.net/912c9beb-a881-4593-980b-38… @ https://outrun.co.il/_next/static/chunks/5677-5539fdbd5d964d2a.js:0
[   60865ms] [LOG] [ContentResolver] Level 18 — exercise video resolved: "שכיבות סמיכה פלאנץ׳ טאק" → https://vz-b17872ab-7a7.b-cdn.net/849d609d-13fd-4bf6-ad46-7d… @ https://outrun.co.il/_next/static/chunks/5677-5539fdbd5d964d2a.js:0
[   60865ms] [LOG] [ContentResolver] Level 19 — exercise video resolved: "שכיבות סמיכה בעמידת ידיים חזה לקיר" → https://vz-b17872ab-7a7.b-cdn.net/97901438-7f7a-43d1-9fa3-1a… @ https://outrun.co.il/_next/static/chunks/5677-5539fdbd5d964d2a.js:0
[   60865ms] [LOG] [VisualContentService] docToContent "J0fLpmJhG0KDN2tQouxh_19": {hasVideoVariantsField: true, hasVariantsField: false, rawType: array[0], parsedVariantsCount: 0, allTopLevelKeys: Array(14)} @ https://outrun.co.il/_next/static/chunks/5677-5539fdbd5d964d2a.js:0
[   60997ms] [LOG] [ContentResolver] Level 2 — exercise video resolved: "שכיבות סמיכה ב-45°" → https://vz-b17872ab-7a7.b-cdn.net/bb502550-744f-46e3-8b18-62… @ https://outrun.co.il/_next/static/chunks/5677-5539fdbd5d964d2a.js:0
[   60997ms] [LOG] [ContentResolver] Level 2 — exercise video resolved: "שכיבות סמיכה ב-45°" → https://vz-b17872ab-7a7.b-cdn.net/bb502550-744f-46e3-8b18-62… @ https://outrun.co.il/_next/static/chunks/5677-5539fdbd5d964d2a.js:0
[   61075ms] [LOG] [VisualContentService] docToContent "J0fLpmJhG0KDN2tQouxh_18": {hasVideoVariantsField: true, hasVariantsField: false, rawType: array[0], parsedVariantsCount: 0, allTopLevelKeys: Array(14)} @ https://outrun.co.il/_next/static/chunks/5677-5539fdbd5d964d2a.js:0
[   61226ms] [LOG] [VisualContentService] docToContent "J0fLpmJhG0KDN2tQouxh_17": {hasVideoVariantsField: true, hasVariantsField: false, rawType: array[0], parsedVariantsCount: 0, allTopLevelKeys: Array(14)} @ https://outrun.co.il/_next/static/chunks/5677-5539fdbd5d964d2a.js:0
[   61347ms] [LOG] [VisualContentService] docToContent "J0fLpmJhG0KDN2tQouxh_16": {hasVideoVariantsField: true, hasVariantsField: false, rawType: array[0], parsedVariantsCount: 0, allTopLevelKeys: Array(14)} @ https://outrun.co.il/_next/static/chunks/5677-5539fdbd5d964d2a.js:0
[   61457ms] [LOG] [VisualContentService] docToContent "J0fLpmJhG0KDN2tQouxh_15": {hasVideoVariantsField: true, hasVariantsField: false, rawType: array[0], parsedVariantsCount: 0, allTopLevelKeys: Array(14)} @ https://outrun.co.il/_next/static/chunks/5677-5539fdbd5d964d2a.js:0
[   61577ms] [LOG] [VisualContentService] docToContent "J0fLpmJhG0KDN2tQouxh_14": {hasVideoVariantsField: true, hasVariantsField: false, rawType: array[0], parsedVariantsCount: 0, allTopLevelKeys: Array(14)} @ https://outrun.co.il/_next/static/chunks/5677-5539fdbd5d964d2a.js:0
[   61718ms] [LOG] [VisualContentService] docToContent "J0fLpmJhG0KDN2tQouxh_13": {hasVideoVariantsField: true, hasVariantsField: false, rawType: array[0], parsedVariantsCount: 0, allTopLevelKeys: Array(14)} @ https://outrun.co.il/_next/static/chunks/5677-5539fdbd5d964d2a.js:0
[   61826ms] [LOG] [VisualContentService] docToContent "J0fLpmJhG0KDN2tQouxh_12": {hasVideoVariantsField: true, hasVariantsField: false, rawType: array[0], parsedVariantsCount: 0, allTopLevelKeys: Array(14)} @ https://outrun.co.il/_next/static/chunks/5677-5539fdbd5d964d2a.js:0
[   61961ms] [LOG] [VisualContentService] docToContent "J0fLpmJhG0KDN2tQouxh_11": {hasVideoVariantsField: true, hasVariantsField: false, rawType: array[0], parsedVariantsCount: 0, allTopLevelKeys: Array(14)} @ https://outrun.co.il/_next/static/chunks/5677-5539fdbd5d964d2a.js:0
[   62155ms] [LOG] [VisualContentService] docToContent "J0fLpmJhG0KDN2tQouxh_10": {hasVideoVariantsField: true, hasVariantsField: false, rawType: array[0], parsedVariantsCount: 0, allTopLevelKeys: Array(14)} @ https://outrun.co.il/_next/static/chunks/5677-5539fdbd5d964d2a.js:0
[   62277ms] [LOG] [VisualContentService] docToContent "J0fLpmJhG0KDN2tQouxh_9": {hasVideoVariantsField: true, hasVariantsField: false, rawType: array[0], parsedVariantsCount: 0, allTopLevelKeys: Array(14)} @ https://outrun.co.il/_next/static/chunks/5677-5539fdbd5d964d2a.js:0
[   62416ms] [LOG] [VisualContentService] docToContent "J0fLpmJhG0KDN2tQouxh_8": {hasVideoVariantsField: true, hasVariantsField: false, rawType: array[0], parsedVariantsCount: 0, allTopLevelKeys: Array(14)} @ https://outrun.co.il/_next/static/chunks/5677-5539fdbd5d964d2a.js:0
[   62537ms] [LOG] [VisualContentService] docToContent "J0fLpmJhG0KDN2tQouxh_7": {hasVideoVariantsField: true, hasVariantsField: false, rawType: array[0], parsedVariantsCount: 0, allTopLevelKeys: Array(14)} @ https://outrun.co.il/_next/static/chunks/5677-5539fdbd5d964d2a.js:0
[   62667ms] [LOG] [VisualContentService] docToContent "J0fLpmJhG0KDN2tQouxh_6": {hasVideoVariantsField: true, hasVariantsField: false, rawType: array[0], parsedVariantsCount: 0, allTopLevelKeys: Array(14)} @ https://outrun.co.il/_next/static/chunks/5677-5539fdbd5d964d2a.js:0
[   62806ms] [LOG] [VisualContentService] docToContent "J0fLpmJhG0KDN2tQouxh_5": {hasVideoVariantsField: true, hasVariantsField: false, rawType: array[0], parsedVariantsCount: 0, allTopLevelKeys: Array(14)} @ https://outrun.co.il/_next/static/chunks/5677-5539fdbd5d964d2a.js:0
[   62964ms] [LOG] [VisualContentService] docToContent "J0fLpmJhG0KDN2tQouxh_4": {hasVideoVariantsField: true, hasVariantsField: false, rawType: array[0], parsedVariantsCount: 0, allTopLevelKeys: Array(14)} @ https://outrun.co.il/_next/static/chunks/5677-5539fdbd5d964d2a.js:0
[   63102ms] [LOG] [VisualContentService] docToContent "J0fLpmJhG0KDN2tQouxh_3": {hasVideoVariantsField: true, hasVariantsField: false, rawType: array[0], parsedVariantsCount: 0, allTopLevelKeys: Array(14)} @ https://outrun.co.il/_next/static/chunks/5677-5539fdbd5d964d2a.js:0
[   63236ms] [LOG] [VisualContentService] docToContent "J0fLpmJhG0KDN2tQouxh_2": {hasVideoVariantsField: true, hasVariantsField: false, rawType: array[0], parsedVariantsCount: 0, allTopLevelKeys: Array(14)} @ https://outrun.co.il/_next/static/chunks/5677-5539fdbd5d964d2a.js:0
[   63372ms] [LOG] [VisualContentService] docToContent "J0fLpmJhG0KDN2tQouxh_1": {hasVideoVariantsField: true, hasVariantsField: false, rawType: array[0], parsedVariantsCount: 0, allTopLevelKeys: Array(14)} @ https://outrun.co.il/_next/static/chunks/5677-5539fdbd5d964d2a.js:0
[   91372ms] [LOG] [DEBUG-RESOLVER] resolveContent("push", 12) → programId="J0fLpmJhG0KDN2tQouxh" @ https://outrun.co.il/_next/static/chunks/5677-5539fdbd5d964d2a.js:0
[   91372ms] [LOG] [DEBUG-RESOLVER] resolveContent("push", 11) → programId="J0fLpmJhG0KDN2tQouxh" @ https://outrun.co.il/_next/static/chunks/5677-5539fdbd5d964d2a.js:0
[   91372ms] [LOG] [DEBUG-RESOLVER] resolveContent("push", 13) → programId="J0fLpmJhG0KDN2tQouxh" @ https://outrun.co.il/_next/static/chunks/5677-5539fdbd5d964d2a.js:0
[   91372ms] [LOG] [DEBUG-RESOLVER] resolveContent("push", 13) → programId="J0fLpmJhG0KDN2tQouxh" @ https://outrun.co.il/_next/static/chunks/5677-5539fdbd5d964d2a.js:0
[   91507ms] [LOG] [VisualContentService] docToContent "J0fLpmJhG0KDN2tQouxh_11": {hasVideoVariantsField: true, hasVariantsField: false, rawType: array[0], parsedVariantsCount: 0, allTopLevelKeys: Array(14)} @ https://outrun.co.il/_next/static/chunks/5677-5539fdbd5d964d2a.js:0
[   91507ms] [LOG] [DEBUG-RESOLVER] attempt1 getVisualContentItem("J0fLpmJhG0KDN2tQouxh", 11) → FOUND @ https://outrun.co.il/_next/static/chunks/5677-5539fdbd5d964d2a.js:0
[   91532ms] [LOG] [VisualContentService] docToContent "J0fLpmJhG0KDN2tQouxh_13": {hasVideoVariantsField: true, hasVariantsField: false, rawType: array[0], parsedVariantsCount: 0, allTopLevelKeys: Array(14)} @ https://outrun.co.il/_next/static/chunks/5677-5539fdbd5d964d2a.js:0
[   91532ms] [LOG] [DEBUG-RESOLVER] attempt1 getVisualContentItem("J0fLpmJhG0KDN2tQouxh", 13) → FOUND @ https://outrun.co.il/_next/static/chunks/5677-5539fdbd5d964d2a.js:0
[   91532ms] [LOG] [VisualContentService] docToContent "J0fLpmJhG0KDN2tQouxh_13": {hasVideoVariantsField: true, hasVariantsField: false, rawType: array[0], parsedVariantsCount: 0, allTopLevelKeys: Array(14)} @ https://outrun.co.il/_next/static/chunks/5677-5539fdbd5d964d2a.js:0
[   91532ms] [LOG] [DEBUG-RESOLVER] attempt1 getVisualContentItem("J0fLpmJhG0KDN2tQouxh", 13) → FOUND @ https://outrun.co.il/_next/static/chunks/5677-5539fdbd5d964d2a.js:0
[   91654ms] [LOG] [ContentResolver] Level 11 — exercise video resolved: "שכיבות סמיכה שיפוע שלילי" → https://vz-b17872ab-7a7.b-cdn.net/c03197dc-921b-4a03-ae4c-e8… @ https://outrun.co.il/_next/static/chunks/5677-5539fdbd5d964d2a.js:0
[   91654ms] [LOG] [ContentResolver] Level 13 — exercise video resolved: "שכיבות סמיכה פייק גובה שוק" → https://vz-b17872ab-7a7.b-cdn.net/2cdcaf24-54cf-4d61-94fa-04… @ https://outrun.co.il/_next/static/chunks/5677-5539fdbd5d964d2a.js:0
[   91654ms] [LOG] [ContentResolver] Level 13 — exercise video resolved: "שכיבות סמיכה פייק גובה שוק" → https://vz-b17872ab-7a7.b-cdn.net/2cdcaf24-54cf-4d61-94fa-04… @ https://outrun.co.il/_next/static/chunks/5677-5539fdbd5d964d2a.js:0
[  397898ms] [ERROR] Failed to load resource: net::ERR_QUIC_PROTOCOL_ERROR.QUIC_PUBLIC_RESET @ https://firestore.googleapis.com/google.firestore.v1.Firestore/Listen/channel?gsessionid=gqzgBxgLAm2dXGglXI8-jdCnLKf-o26rzNrLZFEEH6P4uErLfJH_mw&VER=8&database=projects%2Fappout-1%2Fdatabases%2F(default)&RID=rpc&SID=psT0J-6lEPLAG_MRkApFhQ&AID=323&CI=0&TYPE=xmlhttp&zx=kri3lxqu49g6&t=1:0
[  398374ms] [ERROR] Failed to load resource: the server responded with a status of 400 () @ https://firestore.googleapis.com/google.firestore.v1.Firestore/Listen/channel?gsessionid=gqzgBxgLAm2dXGglXI8-jdCnLKf-o26rzNrLZFEEH6P4uErLfJH_mw&VER=8&database=projects%2Fappout-1%2Fdatabases%2F(default)&RID=rpc&SID=psT0J-6lEPLAG_MRkApFhQ&AID=325&CI=0&TYPE=xmlhttp&zx=ziaqm3laorga&t=1:0
[  398376ms] [WARNING] [2026-09-22T19:40:45.405Z]  @firebase/firestore: Firestore (12.6.0): WebChannelConnection RPC 'Listen' stream 0x60f7b5f4 transport errored. Name: undefined Message: undefined @ https://outrun.co.il/_next/static/chunks/2532-16f59635ee5a761a.js:14
[  468270ms] [ERROR] Failed to load resource: net::ERR_QUIC_PROTOCOL_ERROR.QUIC_TOO_MANY_RTOS @ https://firestore.googleapis.com/google.firestore.v1.Firestore/Listen/channel?gsessionid=0hHyKuiYGI_HJdDywpnSCFD-JDon1S2unF9QK_B-ixBEg2Xx6tDPcw&VER=8&database=projects%2Fappout-1%2Fdatabases%2F(default)&RID=rpc&SID=H7bRfnzhFkOnBX6KcqFlJA&AID=0&CI=0&TYPE=xmlhttp&zx=iyuwc8xhxrv3&t=1:0
[  939121ms] [ERROR] Failed to load resource: net::ERR_QUIC_PROTOCOL_ERROR.QUIC_PUBLIC_RESET @ https://firestore.googleapis.com/google.firestore.v1.Firestore/Listen/channel?gsessionid=0hHyKuiYGI_HJdDywpnSCFD-JDon1S2unF9QK_B-ixBEg2Xx6tDPcw&VER=8&database=projects%2Fappout-1%2Fdatabases%2F(default)&RID=rpc&SID=H7bRfnzhFkOnBX6KcqFlJA&AID=9&CI=0&TYPE=xmlhttp&zx=t8fjead6r92j&t=1:0
[  940390ms] [ERROR] Failed to load resource: the server responded with a status of 400 () @ https://firestore.googleapis.com/google.firestore.v1.Firestore/Listen/channel?gsessionid=0hHyKuiYGI_HJdDywpnSCFD-JDon1S2unF9QK_B-ixBEg2Xx6tDPcw&VER=8&database=projects%2Fappout-1%2Fdatabases%2F(default)&RID=rpc&SID=H7bRfnzhFkOnBX6KcqFlJA&AID=12&CI=0&TYPE=xmlhttp&zx=om0r5lcsjnyi&t=1:0
[  940394ms] [WARNING] [2026-09-22T19:49:47.423Z]  @firebase/firestore: Firestore (12.6.0): WebChannelConnection RPC 'Listen' stream 0x60f7b5f5 transport errored. Name: undefined Message: undefined @ https://outrun.co.il/_next/static/chunks/2532-16f59635ee5a761a.js:14
[ 1826690ms] [ERROR] Failed to load resource: net::ERR_INTERNET_DISCONNECTED @ https://firestore.googleapis.com/google.firestore.v1.Firestore/Listen/channel?VER=8&database=projects%2Fappout-1%2Fdatabases%2F(default)&gsessionid=tUCYKXRIrgZYgniywsKbodrLb6Enkxynk0YyMDWNzPgsZwGOK53mjw&SID=lXESJqjJcf7O13uBJTPhfA&RID=98903&TYPE=terminate&zx=fmqqtgi4ytdc:0
[ 1826692ms] [ERROR] Failed to load resource: net::ERR_INTERNET_DISCONNECTED @ https://firestore.googleapis.com/google.firestore.v1.Firestore/Listen/channel?VER=8&database=projects%2Fappout-1%2Fdatabases%2F(default)&RID=6970&CVER=22&X-HTTP-Session-Id=gsessionid&zx=w9nlbfogdsbw&t=1:0
[ 1826692ms] [WARNING] [2026-09-22T20:04:33.721Z]  @firebase/firestore: Firestore (12.6.0): WebChannelConnection RPC 'Listen' stream 0x60f7b5f7 transport errored. Name: undefined Message: undefined @ https://outrun.co.il/_next/static/chunks/2532-16f59635ee5a761a.js:14
[ 1826693ms] [ERROR] Failed to load resource: net::ERR_INTERNET_DISCONNECTED @ https://www.google.com/recaptcha/enterprise/clr?k=6Lf3d9UsAAAAAILBqo6A909pmhyvtYmDoxaKtfMV:0
[ 1826700ms] [ERROR] Failed to load resource: net::ERR_INTERNET_DISCONNECTED @ https://www.google.com/images/cleardot.gif?zx=ped7f11juocj:0
[ 1826701ms] [ERROR] Failed to load resource: net::ERR_INTERNET_DISCONNECTED @ https://www.google.com/recaptcha/enterprise/clr?k=6Lf3d9UsAAAAAILBqo6A909pmhyvtYmDoxaKtfMV:0
[ 1826701ms] [ERROR] Failed to load resource: net::ERR_INTERNET_DISCONNECTED @ https://firestore.googleapis.com/google.firestore.v1.Firestore/Listen/channel?VER=8&database=projects%2Fappout-1%2Fdatabases%2F(default)&RID=24911&CVER=22&X-HTTP-Session-Id=gsessionid&zx=6f6ed7lj60ym&t=1:0
[ 1826701ms] [WARNING] [2026-09-22T20:04:33.730Z]  @firebase/firestore: Firestore (12.6.0): WebChannelConnection RPC 'Listen' stream 0x60f7b5f8 transport errored. Name: undefined Message: undefined @ https://outrun.co.il/_next/static/chunks/2532-16f59635ee5a761a.js:14
[ 1826704ms] [ERROR] Failed to load resource: net::ERR_INTERNET_DISCONNECTED @ https://www.google.com/recaptcha/enterprise/clr?k=6Lf3d9UsAAAAAILBqo6A909pmhyvtYmDoxaKtfMV:0
[ 1826706ms] [ERROR] Failed to load resource: net::ERR_INTERNET_DISCONNECTED @ https://www.google.com/recaptcha/enterprise/clr?k=6Lf3d9UsAAAAAILBqo6A909pmhyvtYmDoxaKtfMV:0
[ 1826706ms] [ERROR] Failed to load resource: net::ERR_INTERNET_DISCONNECTED @ https://www.google.com/images/cleardot.gif?zx=16408t33qk21:0
[ 1826709ms] [ERROR] Failed to load resource: net::ERR_INTERNET_DISCONNECTED @ https://www.google.com/recaptcha/enterprise/clr?k=6Lf3d9UsAAAAAILBqo6A909pmhyvtYmDoxaKtfMV:0
[ 1826715ms] [ERROR] Failed to load resource: net::ERR_INTERNET_DISCONNECTED @ https://www.google.com/recaptcha/enterprise/clr?k=6Lf3d9UsAAAAAILBqo6A909pmhyvtYmDoxaKtfMV:0
[ 1826717ms] [ERROR] Failed to load resource: net::ERR_INTERNET_DISCONNECTED @ https://www.google.com/recaptcha/enterprise/clr?k=6Lf3d9UsAAAAAILBqo6A909pmhyvtYmDoxaKtfMV:0
[ 1826727ms] [ERROR] Failed to load resource: net::ERR_INTERNET_DISCONNECTED @ https://www.google.com/recaptcha/enterprise/clr?k=6Lf3d9UsAAAAAILBqo6A909pmhyvtYmDoxaKtfMV:0
[ 1827414ms] [ERROR] Failed to load resource: net::ERR_INTERNET_DISCONNECTED @ https://firestore.googleapis.com/google.firestore.v1.Firestore/Listen/channel?VER=8&database=projects%2Fappout-1%2Fdatabases%2F(default)&RID=3927&CVER=22&X-HTTP-Session-Id=gsessionid&zx=3lpit0aq2yih&t=1:0
[ 1827414ms] [WARNING] [2026-09-22T20:04:34.443Z]  @firebase/firestore: Firestore (12.6.0): WebChannelConnection RPC 'Listen' stream 0x60f7b5f9 transport errored. Name: undefined Message: undefined @ https://outrun.co.il/_next/static/chunks/2532-16f59635ee5a761a.js:14
[ 1827415ms] [ERROR] Failed to load resource: net::ERR_INTERNET_DISCONNECTED @ https://www.google.com/recaptcha/enterprise/clr?k=6Lf3d9UsAAAAAILBqo6A909pmhyvtYmDoxaKtfMV:0
[ 1827417ms] [ERROR] Failed to load resource: net::ERR_INTERNET_DISCONNECTED @ https://www.google.com/images/cleardot.gif?zx=ldae8mutchox:0
[ 1827417ms] [ERROR] Failed to load resource: net::ERR_INTERNET_DISCONNECTED @ https://www.google.com/recaptcha/enterprise/clr?k=6Lf3d9UsAAAAAILBqo6A909pmhyvtYmDoxaKtfMV:0
[ 1827420ms] [ERROR] Failed to load resource: net::ERR_INTERNET_DISCONNECTED @ https://www.google.com/recaptcha/enterprise/clr?k=6Lf3d9UsAAAAAILBqo6A909pmhyvtYmDoxaKtfMV:0
[ 1827423ms] [ERROR] Failed to load resource: net::ERR_INTERNET_DISCONNECTED @ https://www.google.com/recaptcha/enterprise/clr?k=6Lf3d9UsAAAAAILBqo6A909pmhyvtYmDoxaKtfMV:0
[ 1828994ms] [ERROR] Failed to load resource: net::ERR_INTERNET_DISCONNECTED @ https://www.google.com/recaptcha/enterprise/clr?k=6Lf3d9UsAAAAAILBqo6A909pmhyvtYmDoxaKtfMV:0
[ 1829005ms] [ERROR] Failed to load resource: net::ERR_INTERNET_DISCONNECTED @ https://firestore.googleapis.com/google.firestore.v1.Firestore/Listen/channel?VER=8&database=projects%2Fappout-1%2Fdatabases%2F(default)&RID=423&CVER=22&X-HTTP-Session-Id=gsessionid&zx=3lqlm3gmpm4w&t=1:0
[ 1829006ms] [WARNING] [2026-09-22T20:04:36.035Z]  @firebase/firestore: Firestore (12.6.0): WebChannelConnection RPC 'Listen' stream 0x60f7b5fa transport errored. Name: undefined Message: undefined @ https://outrun.co.il/_next/static/chunks/2532-16f59635ee5a761a.js:14
[ 1829007ms] [ERROR] Failed to load resource: net::ERR_INTERNET_DISCONNECTED @ https://www.google.com/recaptcha/enterprise/clr?k=6Lf3d9UsAAAAAILBqo6A909pmhyvtYmDoxaKtfMV:0
[ 1829010ms] [ERROR] Failed to load resource: net::ERR_INTERNET_DISCONNECTED @ https://www.google.com/images/cleardot.gif?zx=c23134ujmswn:0
[ 1829010ms] [ERROR] Failed to load resource: net::ERR_INTERNET_DISCONNECTED @ https://www.google.com/recaptcha/enterprise/clr?k=6Lf3d9UsAAAAAILBqo6A909pmhyvtYmDoxaKtfMV:0
[ 1829013ms] [ERROR] Failed to load resource: net::ERR_INTERNET_DISCONNECTED @ https://www.google.com/recaptcha/enterprise/clr?k=6Lf3d9UsAAAAAILBqo6A909pmhyvtYmDoxaKtfMV:0
[ 1831522ms] [ERROR] Failed to load resource: net::ERR_INTERNET_DISCONNECTED @ https://www.google.com/recaptcha/enterprise/clr?k=6Lf3d9UsAAAAAILBqo6A909pmhyvtYmDoxaKtfMV:0
[ 1831522ms] [ERROR] Failed to load resource: net::ERR_INTERNET_DISCONNECTED @ https://firestore.googleapis.com/google.firestore.v1.Firestore/Listen/channel?VER=8&database=projects%2Fappout-1%2Fdatabases%2F(default)&RID=56820&CVER=22&X-HTTP-Session-Id=gsessionid&zx=jihomsrm0ow7&t=1:0
[ 1831523ms] [WARNING] [2026-09-22T20:04:38.551Z]  @firebase/firestore: Firestore (12.6.0): WebChannelConnection RPC 'Listen' stream 0x60f7b5fb transport errored. Name: undefined Message: undefined @ https://outrun.co.il/_next/static/chunks/2532-16f59635ee5a761a.js:14
[ 1831524ms] [ERROR] Failed to load resource: net::ERR_INTERNET_DISCONNECTED @ https://www.google.com/recaptcha/enterprise/clr?k=6Lf3d9UsAAAAAILBqo6A909pmhyvtYmDoxaKtfMV:0
[ 1831524ms] [ERROR] Failed to load resource: net::ERR_INTERNET_DISCONNECTED @ https://www.google.com/images/cleardot.gif?zx=2yduanbwverz:0
[ 1831525ms] [ERROR] Failed to load resource: net::ERR_INTERNET_DISCONNECTED @ https://www.google.com/recaptcha/enterprise/clr?k=6Lf3d9UsAAAAAILBqo6A909pmhyvtYmDoxaKtfMV:0
[ 1831526ms] [ERROR] Failed to load resource: net::ERR_INTERNET_DISCONNECTED @ https://www.google.com/recaptcha/enterprise/clr?k=6Lf3d9UsAAAAAILBqo6A909pmhyvtYmDoxaKtfMV:0
[ 1835123ms] [ERROR] Failed to load resource: net::ERR_INTERNET_DISCONNECTED @ https://firestore.googleapis.com/google.firestore.v1.Firestore/Listen/channel?VER=8&database=projects%2Fappout-1%2Fdatabases%2F(default)&RID=43226&CVER=22&X-HTTP-Session-Id=gsessionid&zx=iaqg7csiu9yj&t=1:0
[ 1835123ms] [WARNING] [2026-09-22T20:04:42.152Z]  @firebase/firestore: Firestore (12.6.0): WebChannelConnection RPC 'Listen' stream 0x60f7b5fc transport errored. Name: undefined Message: undefined @ https://outrun.co.il/_next/static/chunks/2532-16f59635ee5a761a.js:14
[ 1835124ms] [ERROR] Failed to load resource: net::ERR_INTERNET_DISCONNECTED @ https://www.google.com/recaptcha/enterprise/clr?k=6Lf3d9UsAAAAAILBqo6A909pmhyvtYmDoxaKtfMV:0
[ 1835126ms] [ERROR] Failed to load resource: net::ERR_INTERNET_DISCONNECTED @ https://www.google.com/images/cleardot.gif?zx=nr48fntihrgo:0
[ 1835126ms] [ERROR] Failed to load resource: net::ERR_INTERNET_DISCONNECTED @ https://www.google.com/recaptcha/enterprise/clr?k=6Lf3d9UsAAAAAILBqo6A909pmhyvtYmDoxaKtfMV:0
[ 1835128ms] [ERROR] Failed to load resource: net::ERR_INTERNET_DISCONNECTED @ https://www.google.com/recaptcha/enterprise/clr?k=6Lf3d9UsAAAAAILBqo6A909pmhyvtYmDoxaKtfMV:0
[ 1835130ms] [ERROR] Failed to load resource: net::ERR_INTERNET_DISCONNECTED @ https://www.google.com/recaptcha/enterprise/clr?k=6Lf3d9UsAAAAAILBqo6A909pmhyvtYmDoxaKtfMV:0
[ 1842168ms] [ERROR] Failed to load resource: net::ERR_INTERNET_DISCONNECTED @ https://www.google.com/recaptcha/enterprise/clr?k=6Lf3d9UsAAAAAILBqo6A909pmhyvtYmDoxaKtfMV:0
[ 1842169ms] [ERROR] Failed to load resource: net::ERR_INTERNET_DISCONNECTED @ https://firestore.googleapis.com/google.firestore.v1.Firestore/Listen/channel?VER=8&database=projects%2Fappout-1%2Fdatabases%2F(default)&RID=43759&CVER=22&X-HTTP-Session-Id=gsessionid&zx=tacfpm1xcoxl&t=1:0
[ 1842169ms] [WARNING] [2026-09-22T20:04:49.198Z]  @firebase/firestore: Firestore (12.6.0): WebChannelConnection RPC 'Listen' stream 0x60f7b5fd transport errored. Name: undefined Message: undefined @ https://outrun.co.il/_next/static/chunks/2532-16f59635ee5a761a.js:14
[ 1842171ms] [ERROR] Failed to load resource: net::ERR_INTERNET_DISCONNECTED @ https://www.google.com/recaptcha/enterprise/clr?k=6Lf3d9UsAAAAAILBqo6A909pmhyvtYmDoxaKtfMV:0
[ 1842171ms] [ERROR] Failed to load resource: net::ERR_INTERNET_DISCONNECTED @ https://www.google.com/images/cleardot.gif?zx=3n7c9lgw8ig6:0
[ 1842173ms] [ERROR] Failed to load resource: net::ERR_INTERNET_DISCONNECTED @ https://www.google.com/recaptcha/enterprise/clr?k=6Lf3d9UsAAAAAILBqo6A909pmhyvtYmDoxaKtfMV:0
[ 1842175ms] [ERROR] Failed to load resource: net::ERR_INTERNET_DISCONNECTED @ https://www.google.com/recaptcha/enterprise/clr?k=6Lf3d9UsAAAAAILBqo6A909pmhyvtYmDoxaKtfMV:0
[ 1846439ms] [ERROR] Failed to load resource: net::ERR_INTERNET_DISCONNECTED @ https://firestore.googleapis.com/google.firestore.v1.Firestore/Listen/channel?VER=8&database=projects%2Fappout-1%2Fdatabases%2F(default)&RID=14236&CVER=22&X-HTTP-Session-Id=gsessionid&zx=3gejvjep61v2&t=1:0
[ 1846439ms] [WARNING] [2026-09-22T20:04:53.468Z]  @firebase/firestore: Firestore (12.6.0): WebChannelConnection RPC 'Listen' stream 0x60f7b5fe transport errored. Name: undefined Message: undefined @ https://outrun.co.il/_next/static/chunks/2532-16f59635ee5a761a.js:14
[ 1846440ms] [ERROR] Failed to load resource: net::ERR_INTERNET_DISCONNECTED @ https://www.google.com/recaptcha/enterprise/clr?k=6Lf3d9UsAAAAAILBqo6A909pmhyvtYmDoxaKtfMV:0
[ 1846441ms] [ERROR] Failed to load resource: net::ERR_INTERNET_DISCONNECTED @ https://www.google.com/images/cleardot.gif?zx=s6bx7pdbk4v9:0
[ 1846441ms] [ERROR] Failed to load resource: net::ERR_INTERNET_DISCONNECTED @ https://www.google.com/recaptcha/enterprise/clr?k=6Lf3d9UsAAAAAILBqo6A909pmhyvtYmDoxaKtfMV:0
[ 1846443ms] [ERROR] Failed to load resource: net::ERR_INTERNET_DISCONNECTED @ https://www.google.com/recaptcha/enterprise/clr?k=6Lf3d9UsAAAAAILBqo6A909pmhyvtYmDoxaKtfMV:0
[ 1846445ms] [ERROR] Failed to load resource: net::ERR_INTERNET_DISCONNECTED @ https://www.google.com/recaptcha/enterprise/clr?k=6Lf3d9UsAAAAAILBqo6A909pmhyvtYmDoxaKtfMV:0
[ 1856464ms] [ERROR] Failed to load resource: net::ERR_INTERNET_DISCONNECTED @ https://firestore.googleapis.com/google.firestore.v1.Firestore/Listen/channel?VER=8&database=projects%2Fappout-1%2Fdatabases%2F(default)&RID=90771&CVER=22&X-HTTP-Session-Id=gsessionid&zx=h0l7z3qj0obe&t=1:0
[ 1856464ms] [WARNING] [2026-09-22T20:05:03.493Z]  @firebase/firestore: Firestore (12.6.0): WebChannelConnection RPC 'Listen' stream 0x60f7b5ff transport errored. Name: undefined Message: undefined @ https://outrun.co.il/_next/static/chunks/2532-16f59635ee5a761a.js:14
[ 1856465ms] [ERROR] Failed to load resource: net::ERR_INTERNET_DISCONNECTED @ https://www.google.com/recaptcha/enterprise/clr?k=6Lf3d9UsAAAAAILBqo6A909pmhyvtYmDoxaKtfMV:0
[ 1856467ms] [ERROR] Failed to load resource: net::ERR_INTERNET_DISCONNECTED @ https://www.google.com/images/cleardot.gif?zx=yqug99o4dkkq:0
[ 1856467ms] [ERROR] Failed to load resource: net::ERR_INTERNET_DISCONNECTED @ https://www.google.com/recaptcha/enterprise/clr?k=6Lf3d9UsAAAAAILBqo6A909pmhyvtYmDoxaKtfMV:0
[ 1856470ms] [ERROR] Failed to load resource: net::ERR_INTERNET_DISCONNECTED @ https://www.google.com/recaptcha/enterprise/clr?k=6Lf3d9UsAAAAAILBqo6A909pmhyvtYmDoxaKtfMV:0
[ 1856472ms] [ERROR] Failed to load resource: net::ERR_INTERNET_DISCONNECTED @ https://www.google.com/recaptcha/enterprise/clr?k=6Lf3d9UsAAAAAILBqo6A909pmhyvtYmDoxaKtfMV:0
[ 2794221ms] [ERROR] Failed to load resource: net::ERR_INTERNET_DISCONNECTED @ https://www.google.com/recaptcha/enterprise/clr?k=6Lf3d9UsAAAAAILBqo6A909pmhyvtYmDoxaKtfMV:0
[ 2794222ms] [ERROR] Failed to load resource: net::ERR_INTERNET_DISCONNECTED @ https://firestore.googleapis.com/google.firestore.v1.Firestore/Listen/channel?VER=8&database=projects%2Fappout-1%2Fdatabases%2F(default)&RID=32177&CVER=22&X-HTTP-Session-Id=gsessionid&zx=yb1awgpdnbsa&t=1:0
[ 2794223ms] [WARNING] [2026-09-22T20:20:41.251Z]  @firebase/firestore: Firestore (12.6.0): WebChannelConnection RPC 'Listen' stream 0x60f7b600 transport errored. Name: undefined Message: undefined @ https://outrun.co.il/_next/static/chunks/2532-16f59635ee5a761a.js:14
[ 2794224ms] [ERROR] Failed to load resource: net::ERR_INTERNET_DISCONNECTED @ https://www.google.com/recaptcha/enterprise/clr?k=6Lf3d9UsAAAAAILBqo6A909pmhyvtYmDoxaKtfMV:0
[ 2794224ms] [ERROR] Failed to load resource: net::ERR_INTERNET_DISCONNECTED @ https://www.google.com/images/cleardot.gif?zx=f1dplhruqzz0:0
[ 2794225ms] [ERROR] Failed to load resource: net::ERR_INTERNET_DISCONNECTED @ https://www.google.com/recaptcha/enterprise/clr?k=6Lf3d9UsAAAAAILBqo6A909pmhyvtYmDoxaKtfMV:0
[ 2794227ms] [ERROR] Failed to load resource: net::ERR_INTERNET_DISCONNECTED @ https://www.google.com/recaptcha/enterprise/clr?k=6Lf3d9UsAAAAAILBqo6A909pmhyvtYmDoxaKtfMV:0
[ 3852378ms] [WARNING] [2026-09-22T20:38:19.406Z]  @firebase/auth: Auth (12.6.0): Error while retrieving App Check token: FirebaseError: AppCheck: ReCAPTCHA error. (appCheck/recaptcha-error). @ https://outrun.co.il/_next/static/chunks/2532-16f59635ee5a761a.js:14
[ 4234827ms] [ERROR] Failed to load resource: net::ERR_NETWORK_CHANGED @ https://firestore.googleapis.com/google.firestore.v1.Firestore/Listen/channel?gsessionid=Up2Itl9cOwUiCFQdfOpsQBN5EzOQSrAG2HXBI6NLrPwSyquoBMxwug&VER=8&database=projects%2Fappout-1%2Fdatabases%2F(default)&RID=rpc&SID=HEzNDJUOwVC32sVG0zWL9A&AID=0&CI=0&TYPE=xmlhttp&zx=v5burejzwjb&t=1:0
[ 4234850ms] [ERROR] Failed to load resource: net::ERR_NAME_NOT_RESOLVED @ https://firestore.googleapis.com/google.firestore.v1.Firestore/Listen/channel?gsessionid=Up2Itl9cOwUiCFQdfOpsQBN5EzOQSrAG2HXBI6NLrPwSyquoBMxwug&VER=8&database=projects%2Fappout-1%2Fdatabases%2F(default)&RID=rpc&SID=HEzNDJUOwVC32sVG0zWL9A&AID=9&CI=0&TYPE=xmlhttp&zx=x45atmvohh85&t=1:0
[ 4234861ms] [ERROR] Failed to load resource: net::ERR_NAME_NOT_RESOLVED @ https://firestore.googleapis.com/google.firestore.v1.Firestore/Listen/channel?gsessionid=Up2Itl9cOwUiCFQdfOpsQBN5EzOQSrAG2HXBI6NLrPwSyquoBMxwug&VER=8&database=projects%2Fappout-1%2Fdatabases%2F(default)&RID=rpc&SID=HEzNDJUOwVC32sVG0zWL9A&AID=9&CI=0&TYPE=xmlhttp&zx=ostuzej0d6qe&t=2:0
[ 4234953ms] [ERROR] Failed to load resource: net::ERR_INTERNET_DISCONNECTED @ https://firestore.googleapis.com/google.firestore.v1.Firestore/Listen/channel?VER=8&database=projects%2Fappout-1%2Fdatabases%2F(default)&gsessionid=Up2Itl9cOwUiCFQdfOpsQBN5EzOQSrAG2HXBI6NLrPwSyquoBMxwug&SID=HEzNDJUOwVC32sVG0zWL9A&RID=81554&TYPE=terminate&zx=3pnz48ijpgqg:0
[ 4234957ms] [ERROR] Failed to load resource: net::ERR_INTERNET_DISCONNECTED @ https://www.google.com/recaptcha/enterprise/clr?k=6Lf3d9UsAAAAAILBqo6A909pmhyvtYmDoxaKtfMV:0
[ 4234958ms] [ERROR] Failed to load resource: net::ERR_INTERNET_DISCONNECTED @ https://firestore.googleapis.com/google.firestore.v1.Firestore/Listen/channel?VER=8&database=projects%2Fappout-1%2Fdatabases%2F(default)&RID=53163&CVER=22&X-HTTP-Session-Id=gsessionid&zx=pgmz7shfyexj&t=1:0
[ 4234958ms] [WARNING] [2026-09-22T20:44:41.986Z]  @firebase/firestore: Firestore (12.6.0): WebChannelConnection RPC 'Listen' stream 0x60f7b602 transport errored. Name: undefined Message: undefined @ https://outrun.co.il/_next/static/chunks/2532-16f59635ee5a761a.js:14
[ 4234961ms] [ERROR] Failed to load resource: net::ERR_INTERNET_DISCONNECTED @ https://www.google.com/recaptcha/enterprise/clr?k=6Lf3d9UsAAAAAILBqo6A909pmhyvtYmDoxaKtfMV:0
[ 4234961ms] [ERROR] Failed to load resource: net::ERR_INTERNET_DISCONNECTED @ https://www.google.com/images/cleardot.gif?zx=1oi67e5p1iu:0
[ 4234962ms] [ERROR] Failed to load resource: net::ERR_INTERNET_DISCONNECTED @ https://firestore.googleapis.com/google.firestore.v1.Firestore/Listen/channel?VER=8&database=projects%2Fappout-1%2Fdatabases%2F(default)&RID=91718&CVER=22&X-HTTP-Session-Id=gsessionid&zx=j078wd5ba3ng&t=1:0
[ 4234962ms] [WARNING] [2026-09-22T20:44:41.990Z]  @firebase/firestore: Firestore (12.6.0): WebChannelConnection RPC 'Listen' stream 0x60f7b603 transport errored. Name: undefined Message: undefined @ https://outrun.co.il/_next/static/chunks/2532-16f59635ee5a761a.js:14
[ 4234962ms] [ERROR] Failed to load resource: net::ERR_INTERNET_DISCONNECTED @ https://www.google.com/recaptcha/enterprise/clr?k=6Lf3d9UsAAAAAILBqo6A909pmhyvtYmDoxaKtfMV:0
[ 4234964ms] [ERROR] Failed to load resource: net::ERR_INTERNET_DISCONNECTED @ https://www.google.com/recaptcha/enterprise/clr?k=6Lf3d9UsAAAAAILBqo6A909pmhyvtYmDoxaKtfMV:0
[ 4234965ms] [ERROR] Failed to load resource: net::ERR_INTERNET_DISCONNECTED @ https://www.google.com/images/cleardot.gif?zx=jn4ut8npkn9b:0
[ 4234966ms] [ERROR] Failed to load resource: net::ERR_INTERNET_DISCONNECTED @ https://www.google.com/recaptcha/enterprise/clr?k=6Lf3d9UsAAAAAILBqo6A909pmhyvtYmDoxaKtfMV:0
[ 4234971ms] [ERROR] Failed to load resource: net::ERR_INTERNET_DISCONNECTED @ https://www.google.com/recaptcha/enterprise/clr?k=6Lf3d9UsAAAAAILBqo6A909pmhyvtYmDoxaKtfMV:0
[ 4234972ms] [ERROR] Failed to load resource: net::ERR_INTERNET_DISCONNECTED @ https://www.google.com/recaptcha/enterprise/clr?k=6Lf3d9UsAAAAAILBqo6A909pmhyvtYmDoxaKtfMV:0
[ 4234974ms] [ERROR] Failed to load resource: net::ERR_INTERNET_DISCONNECTED @ https://www.google.com/recaptcha/enterprise/clr?k=6Lf3d9UsAAAAAILBqo6A909pmhyvtYmDoxaKtfMV:0
[ 4235683ms] [ERROR] Failed to load resource: net::ERR_INTERNET_DISCONNECTED @ https://www.google.com/recaptcha/enterprise/clr?k=6Lf3d9UsAAAAAILBqo6A909pmhyvtYmDoxaKtfMV:0
[ 4235684ms] [ERROR] Failed to load resource: net::ERR_INTERNET_DISCONNECTED @ https://firestore.googleapis.com/google.firestore.v1.Firestore/Listen/channel?VER=8&database=projects%2Fappout-1%2Fdatabases%2F(default)&RID=62968&CVER=22&X-HTTP-Session-Id=gsessionid&zx=esa02copb65q&t=1:0
[ 4235684ms] [WARNING] [2026-09-22T20:44:42.712Z]  @firebase/firestore: Firestore (12.6.0): WebChannelConnection RPC 'Listen' stream 0x60f7b604 transport errored. Name: undefined Message: undefined @ https://outrun.co.il/_next/static/chunks/2532-16f59635ee5a761a.js:14
[ 4235685ms] [ERROR] Failed to load resource: net::ERR_INTERNET_DISCONNECTED @ https://www.google.com/recaptcha/enterprise/clr?k=6Lf3d9UsAAAAAILBqo6A909pmhyvtYmDoxaKtfMV:0
[ 4235685ms] [ERROR] Failed to load resource: net::ERR_INTERNET_DISCONNECTED @ https://www.google.com/images/cleardot.gif?zx=chy3ys6l42p4:0
[ 4235686ms] [ERROR] Failed to load resource: net::ERR_INTERNET_DISCONNECTED @ https://www.google.com/recaptcha/enterprise/clr?k=6Lf3d9UsAAAAAILBqo6A909pmhyvtYmDoxaKtfMV:0
[ 4235687ms] [ERROR] Failed to load resource: net::ERR_INTERNET_DISCONNECTED @ https://www.google.com/recaptcha/enterprise/clr?k=6Lf3d9UsAAAAAILBqo6A909pmhyvtYmDoxaKtfMV:0
[ 4236958ms] [ERROR] Failed to load resource: net::ERR_INTERNET_DISCONNECTED @ https://firestore.googleapis.com/google.firestore.v1.Firestore/Listen/channel?VER=8&database=projects%2Fappout-1%2Fdatabases%2F(default)&RID=38814&CVER=22&X-HTTP-Session-Id=gsessionid&zx=q0ug9hpgunnu&t=1:0
[ 4236959ms] [WARNING] [2026-09-22T20:44:43.987Z]  @firebase/firestore: Firestore (12.6.0): WebChannelConnection RPC 'Listen' stream 0x60f7b605 transport errored. Name: undefined Message: undefined @ https://outrun.co.il/_next/static/chunks/2532-16f59635ee5a761a.js:14
[ 4236960ms] [ERROR] Failed to load resource: net::ERR_INTERNET_DISCONNECTED @ https://www.google.com/recaptcha/enterprise/clr?k=6Lf3d9UsAAAAAILBqo6A909pmhyvtYmDoxaKtfMV:0
[ 4236961ms] [ERROR] Failed to load resource: net::ERR_INTERNET_DISCONNECTED @ https://www.google.com/images/cleardot.gif?zx=g9syz7y13zzy:0
[ 4236961ms] [ERROR] Failed to load resource: net::ERR_INTERNET_DISCONNECTED @ https://www.google.com/recaptcha/enterprise/clr?k=6Lf3d9UsAAAAAILBqo6A909pmhyvtYmDoxaKtfMV:0
[ 4236963ms] [ERROR] Failed to load resource: net::ERR_INTERNET_DISCONNECTED @ https://www.google.com/recaptcha/enterprise/clr?k=6Lf3d9UsAAAAAILBqo6A909pmhyvtYmDoxaKtfMV:0
[ 4236964ms] [ERROR] Failed to load resource: net::ERR_INTERNET_DISCONNECTED @ https://www.google.com/recaptcha/enterprise/clr?k=6Lf3d9UsAAAAAILBqo6A909pmhyvtYmDoxaKtfMV:0
[ 4239990ms] [ERROR] Failed to load resource: net::ERR_INTERNET_DISCONNECTED @ https://firestore.googleapis.com/google.firestore.v1.Firestore/Listen/channel?VER=8&database=projects%2Fappout-1%2Fdatabases%2F(default)&RID=9615&CVER=22&X-HTTP-Session-Id=gsessionid&zx=qspna9l1eh4e&t=1:0
[ 4239990ms] [WARNING] [2026-09-22T20:44:47.019Z]  @firebase/firestore: Firestore (12.6.0): WebChannelConnection RPC 'Listen' stream 0x60f7b606 transport errored. Name: undefined Message: undefined @ https://outrun.co.il/_next/static/chunks/2532-16f59635ee5a761a.js:14
[ 4239991ms] [ERROR] Failed to load resource: net::ERR_INTERNET_DISCONNECTED @ https://www.google.com/recaptcha/enterprise/clr?k=6Lf3d9UsAAAAAILBqo6A909pmhyvtYmDoxaKtfMV:0
[ 4239992ms] [ERROR] Failed to load resource: net::ERR_INTERNET_DISCONNECTED @ https://www.google.com/images/cleardot.gif?zx=4cpzfmjk07lv:0
[ 4239993ms] [ERROR] Failed to load resource: net::ERR_INTERNET_DISCONNECTED @ https://www.google.com/recaptcha/enterprise/clr?k=6Lf3d9UsAAAAAILBqo6A909pmhyvtYmDoxaKtfMV:0
[ 4239994ms] [ERROR] Failed to load resource: net::ERR_INTERNET_DISCONNECTED @ https://www.google.com/recaptcha/enterprise/clr?k=6Lf3d9UsAAAAAILBqo6A909pmhyvtYmDoxaKtfMV:0
[ 4239996ms] [ERROR] Failed to load resource: net::ERR_INTERNET_DISCONNECTED @ https://www.google.com/recaptcha/enterprise/clr?k=6Lf3d9UsAAAAAILBqo6A909pmhyvtYmDoxaKtfMV:0
[ 4242234ms] [ERROR] Failed to load resource: net::ERR_INTERNET_DISCONNECTED @ https://firestore.googleapis.com/google.firestore.v1.Firestore/Listen/channel?VER=8&database=projects%2Fappout-1%2Fdatabases%2F(default)&RID=38699&CVER=22&X-HTTP-Session-Id=gsessionid&zx=fc4hjzcjqlhh&t=1:0
[ 4242234ms] [WARNING] [2026-09-22T20:44:49.263Z]  @firebase/firestore: Firestore (12.6.0): WebChannelConnection RPC 'Listen' stream 0x60f7b607 transport errored. Name: undefined Message: undefined @ https://outrun.co.il/_next/static/chunks/2532-16f59635ee5a761a.js:14
[ 4242235ms] [ERROR] Failed to load resource: net::ERR_INTERNET_DISCONNECTED @ https://www.google.com/recaptcha/enterprise/clr?k=6Lf3d9UsAAAAAILBqo6A909pmhyvtYmDoxaKtfMV:0
[ 4242237ms] [ERROR] Failed to load resource: net::ERR_INTERNET_DISCONNECTED @ https://www.google.com/images/cleardot.gif?zx=dmm2e5pfqqdm:0
[ 4242237ms] [ERROR] Failed to load resource: net::ERR_INTERNET_DISCONNECTED @ https://www.google.com/recaptcha/enterprise/clr?k=6Lf3d9UsAAAAAILBqo6A909pmhyvtYmDoxaKtfMV:0
[ 4242238ms] [ERROR] Failed to load resource: net::ERR_INTERNET_DISCONNECTED @ https://www.google.com/recaptcha/enterprise/clr?k=6Lf3d9UsAAAAAILBqo6A909pmhyvtYmDoxaKtfMV:0
[ 4242240ms] [ERROR] Failed to load resource: net::ERR_INTERNET_DISCONNECTED @ https://www.google.com/recaptcha/enterprise/clr?k=6Lf3d9UsAAAAAILBqo6A909pmhyvtYmDoxaKtfMV:0
[ 4247883ms] [ERROR] Failed to load resource: net::ERR_INTERNET_DISCONNECTED @ https://www.google.com/recaptcha/enterprise/clr?k=6Lf3d9UsAAAAAILBqo6A909pmhyvtYmDoxaKtfMV:0
[ 4247883ms] [ERROR] Failed to load resource: net::ERR_INTERNET_DISCONNECTED @ https://firestore.googleapis.com/google.firestore.v1.Firestore/Listen/channel?VER=8&database=projects%2Fappout-1%2Fdatabases%2F(default)&RID=14785&CVER=22&X-HTTP-Session-Id=gsessionid&zx=bgen3uv3e53h&t=1:0
[ 4247884ms] [WARNING] [2026-09-22T20:44:54.912Z]  @firebase/firestore: Firestore (12.6.0): WebChannelConnection RPC 'Listen' stream 0x60f7b608 transport errored. Name: undefined Message: undefined @ https://outrun.co.il/_next/static/chunks/2532-16f59635ee5a761a.js:14
[ 4247885ms] [ERROR] Failed to load resource: net::ERR_INTERNET_DISCONNECTED @ https://www.google.com/recaptcha/enterprise/clr?k=6Lf3d9UsAAAAAILBqo6A909pmhyvtYmDoxaKtfMV:0
[ 4247886ms] [ERROR] Failed to load resource: net::ERR_INTERNET_DISCONNECTED @ https://www.google.com/images/cleardot.gif?zx=op3uiz9ig054:0
[ 4247886ms] [ERROR] Failed to load resource: net::ERR_INTERNET_DISCONNECTED @ https://www.google.com/recaptcha/enterprise/clr?k=6Lf3d9UsAAAAAILBqo6A909pmhyvtYmDoxaKtfMV:0
[ 4247888ms] [ERROR] Failed to load resource: net::ERR_INTERNET_DISCONNECTED @ https://www.google.com/recaptcha/enterprise/clr?k=6Lf3d9UsAAAAAILBqo6A909pmhyvtYmDoxaKtfMV:0
[ 4256071ms] [ERROR] Failed to load resource: net::ERR_INTERNET_DISCONNECTED @ https://firestore.googleapis.com/google.firestore.v1.Firestore/Listen/channel?VER=8&database=projects%2Fappout-1%2Fdatabases%2F(default)&RID=23169&CVER=22&X-HTTP-Session-Id=gsessionid&zx=i32y999jv88w&t=1:0
[ 4256071ms] [WARNING] [2026-09-22T20:45:03.100Z]  @firebase/firestore: Firestore (12.6.0): WebChannelConnection RPC 'Listen' stream 0x60f7b609 transport errored. Name: undefined Message: undefined @ https://outrun.co.il/_next/static/chunks/2532-16f59635ee5a761a.js:14
[ 4256072ms] [ERROR] Failed to load resource: net::ERR_INTERNET_DISCONNECTED @ https://www.google.com/recaptcha/enterprise/clr?k=6Lf3d9UsAAAAAILBqo6A909pmhyvtYmDoxaKtfMV:0
[ 4256073ms] [ERROR] Failed to load resource: net::ERR_INTERNET_DISCONNECTED @ https://www.google.com/images/cleardot.gif?zx=ngm3tdm5ul6q:0
[ 4256074ms] [ERROR] Failed to load resource: net::ERR_INTERNET_DISCONNECTED @ https://www.google.com/recaptcha/enterprise/clr?k=6Lf3d9UsAAAAAILBqo6A909pmhyvtYmDoxaKtfMV:0
[ 4256075ms] [ERROR] Failed to load resource: net::ERR_INTERNET_DISCONNECTED @ https://www.google.com/recaptcha/enterprise/clr?k=6Lf3d9UsAAAAAILBqo6A909pmhyvtYmDoxaKtfMV:0
[ 4256077ms] [ERROR] Failed to load resource: net::ERR_INTERNET_DISCONNECTED @ https://www.google.com/recaptcha/enterprise/clr?k=6Lf3d9UsAAAAAILBqo6A909pmhyvtYmDoxaKtfMV:0
[ 4266853ms] [ERROR] Failed to load resource: net::ERR_INTERNET_DISCONNECTED @ https://firestore.googleapis.com/google.firestore.v1.Firestore/Listen/channel?VER=8&database=projects%2Fappout-1%2Fdatabases%2F(default)&RID=76115&CVER=22&X-HTTP-Session-Id=gsessionid&zx=s8sotfl7jqqj&t=1:0
[ 4266854ms] [WARNING] [2026-09-22T20:45:13.882Z]  @firebase/firestore: Firestore (12.6.0): WebChannelConnection RPC 'Listen' stream 0x60f7b60a transport errored. Name: undefined Message: undefined @ https://outrun.co.il/_next/static/chunks/2532-16f59635ee5a761a.js:14
[ 4266854ms] [ERROR] Failed to load resource: net::ERR_INTERNET_DISCONNECTED @ https://www.google.com/recaptcha/enterprise/clr?k=6Lf3d9UsAAAAAILBqo6A909pmhyvtYmDoxaKtfMV:0
[ 4266855ms] [ERROR] Failed to load resource: net::ERR_INTERNET_DISCONNECTED @ https://www.google.com/recaptcha/enterprise/clr?k=6Lf3d9UsAAAAAILBqo6A909pmhyvtYmDoxaKtfMV:0
[ 4266856ms] [ERROR] Failed to load resource: net::ERR_INTERNET_DISCONNECTED @ https://www.google.com/images/cleardot.gif?zx=janbcdrp1f1g:0
[ 4266857ms] [ERROR] Failed to load resource: net::ERR_INTERNET_DISCONNECTED @ https://www.google.com/recaptcha/enterprise/clr?k=6Lf3d9UsAAAAAILBqo6A909pmhyvtYmDoxaKtfMV:0
[ 4266858ms] [ERROR] Failed to load resource: net::ERR_INTERNET_DISCONNECTED @ https://www.google.com/recaptcha/enterprise/clr?k=6Lf3d9UsAAAAAILBqo6A909pmhyvtYmDoxaKtfMV:0
[ 4278658ms] [ERROR] Failed to load resource: net::ERR_INTERNET_DISCONNECTED @ https://firestore.googleapis.com/google.firestore.v1.Firestore/Listen/channel?VER=8&database=projects%2Fappout-1%2Fdatabases%2F(default)&RID=97443&CVER=22&X-HTTP-Session-Id=gsessionid&zx=5x6syndcvwu5&t=1:0
[ 4278658ms] [WARNING] [2026-09-22T20:45:25.687Z]  @firebase/firestore: Firestore (12.6.0): WebChannelConnection RPC 'Listen' stream 0x60f7b60b transport errored. Name: undefined Message: undefined @ https://outrun.co.il/_next/static/chunks/2532-16f59635ee5a761a.js:14
[ 4278659ms] [ERROR] Failed to load resource: net::ERR_INTERNET_DISCONNECTED @ https://www.google.com/recaptcha/enterprise/clr?k=6Lf3d9UsAAAAAILBqo6A909pmhyvtYmDoxaKtfMV:0
[ 4278660ms] [ERROR] Failed to load resource: net::ERR_INTERNET_DISCONNECTED @ https://www.google.com/images/cleardot.gif?zx=qn78toko1xgv:0
[ 4278660ms] [ERROR] Failed to load resource: net::ERR_INTERNET_DISCONNECTED @ https://www.google.com/recaptcha/enterprise/clr?k=6Lf3d9UsAAAAAILBqo6A909pmhyvtYmDoxaKtfMV:0
[ 4278661ms] [ERROR] Failed to load resource: net::ERR_INTERNET_DISCONNECTED @ https://www.google.com/recaptcha/enterprise/clr?k=6Lf3d9UsAAAAAILBqo6A909pmhyvtYmDoxaKtfMV:0
[ 4278680ms] [ERROR] Failed to load resource: net::ERR_INTERNET_DISCONNECTED @ https://www.google.com/recaptcha/enterprise/clr?k=6Lf3d9UsAAAAAILBqo6A909pmhyvtYmDoxaKtfMV:0
[ 5372310ms] [ERROR] Failed to load resource: net::ERR_INTERNET_DISCONNECTED @ https://www.google.com/recaptcha/enterprise/clr?k=6Lf3d9UsAAAAAILBqo6A909pmhyvtYmDoxaKtfMV:0
[ 5372313ms] [ERROR] Failed to load resource: net::ERR_INTERNET_DISCONNECTED @ https://www.google.com/recaptcha/enterprise/clr?k=6Lf3d9UsAAAAAILBqo6A909pmhyvtYmDoxaKtfMV:0
[ 5372315ms] [ERROR] Failed to load resource: net::ERR_INTERNET_DISCONNECTED @ https://www.google.com/recaptcha/enterprise/clr?k=6Lf3d9UsAAAAAILBqo6A909pmhyvtYmDoxaKtfMV:0
[ 5372316ms] [ERROR] Failed to load resource: net::ERR_INTERNET_DISCONNECTED @ https://www.google.com/recaptcha/enterprise/clr?k=6Lf3d9UsAAAAAILBqo6A909pmhyvtYmDoxaKtfMV:0
[ 5392866ms] [ERROR] Failed to load resource: net::ERR_NETWORK_CHANGED @ https://firestore.googleapis.com/google.firestore.v1.Firestore/Listen/channel?gsessionid=MJV69pmqbO1Q-Qg7lfMkXo3xJo6wGezEBJk6Q53hDep1uvMXtttd3A&VER=8&database=projects%2Fappout-1%2Fdatabases%2F(default)&RID=rpc&SID=fqUlFa3Rni9ZCZgniPxedw&AID=0&CI=0&TYPE=xmlhttp&zx=rkzc8klrcykt&t=1:0
[ 5392911ms] [ERROR] Failed to load resource: net::ERR_NAME_NOT_RESOLVED @ https://firestore.googleapis.com/google.firestore.v1.Firestore/Listen/channel?gsessionid=MJV69pmqbO1Q-Qg7lfMkXo3xJo6wGezEBJk6Q53hDep1uvMXtttd3A&VER=8&database=projects%2Fappout-1%2Fdatabases%2F(default)&RID=rpc&SID=fqUlFa3Rni9ZCZgniPxedw&AID=8&CI=0&TYPE=xmlhttp&zx=mqq22yldl8ln&t=1:0
[ 5407650ms] [ERROR] Failed to load resource: net::ERR_NETWORK_CHANGED @ https://firestore.googleapis.com/google.firestore.v1.Firestore/Listen/channel?gsessionid=MJV69pmqbO1Q-Qg7lfMkXo3xJo6wGezEBJk6Q53hDep1uvMXtttd3A&VER=8&database=projects%2Fappout-1%2Fdatabases%2F(default)&RID=rpc&SID=fqUlFa3Rni9ZCZgniPxedw&AID=8&CI=0&TYPE=xmlhttp&zx=1x2ysrq88wh0&t=2:0
[ 5407695ms] [ERROR] Failed to load resource: net::ERR_NAME_NOT_RESOLVED @ https://firestore.googleapis.com/google.firestore.v1.Firestore/Listen/channel?gsessionid=MJV69pmqbO1Q-Qg7lfMkXo3xJo6wGezEBJk6Q53hDep1uvMXtttd3A&VER=8&database=projects%2Fappout-1%2Fdatabases%2F(default)&RID=rpc&SID=fqUlFa3Rni9ZCZgniPxedw&AID=9&CI=0&TYPE=xmlhttp&zx=bwnby8p0bg5z&t=1:0
[ 5407698ms] [ERROR] Failed to load resource: net::ERR_NAME_NOT_RESOLVED @ https://firestore.googleapis.com/google.firestore.v1.Firestore/Listen/channel?gsessionid=MJV69pmqbO1Q-Qg7lfMkXo3xJo6wGezEBJk6Q53hDep1uvMXtttd3A&VER=8&database=projects%2Fappout-1%2Fdatabases%2F(default)&RID=rpc&SID=fqUlFa3Rni9ZCZgniPxedw&AID=9&CI=0&TYPE=xmlhttp&zx=8au2ezat2vra&t=2:0
[ 5407801ms] [ERROR] Failed to load resource: net::ERR_INTERNET_DISCONNECTED @ https://firestore.googleapis.com/google.firestore.v1.Firestore/Listen/channel?VER=8&database=projects%2Fappout-1%2Fdatabases%2F(default)&gsessionid=MJV69pmqbO1Q-Qg7lfMkXo3xJo6wGezEBJk6Q53hDep1uvMXtttd3A&SID=fqUlFa3Rni9ZCZgniPxedw&RID=33175&TYPE=terminate&zx=s6sch6fc05n:0
[ 5407811ms] [ERROR] Failed to load resource: net::ERR_INTERNET_DISCONNECTED @ https://firestore.googleapis.com/google.firestore.v1.Firestore/Listen/channel?VER=8&database=projects%2Fappout-1%2Fdatabases%2F(default)&RID=89885&CVER=22&X-HTTP-Session-Id=gsessionid&zx=jwudf8t8zzzn&t=1:0
[ 5407812ms] [WARNING] [2026-09-22T21:04:14.840Z]  @firebase/firestore: Firestore (12.6.0): WebChannelConnection RPC 'Listen' stream 0x60f7b60d transport errored. Name: undefined Message: undefined @ https://outrun.co.il/_next/static/chunks/2532-16f59635ee5a761a.js:14
[ 5407814ms] [ERROR] Failed to load resource: net::ERR_INTERNET_DISCONNECTED @ https://www.google.com/recaptcha/enterprise/clr?k=6Lf3d9UsAAAAAILBqo6A909pmhyvtYmDoxaKtfMV:0
[ 5407815ms] [ERROR] Failed to load resource: net::ERR_INTERNET_DISCONNECTED @ https://www.google.com/images/cleardot.gif?zx=lsrvikj2hir2:0
[ 5407817ms] [ERROR] Failed to load resource: net::ERR_INTERNET_DISCONNECTED @ https://www.google.com/recaptcha/enterprise/clr?k=6Lf3d9UsAAAAAILBqo6A909pmhyvtYmDoxaKtfMV:0
[ 5407817ms] [ERROR] Failed to load resource: net::ERR_INTERNET_DISCONNECTED @ https://firestore.googleapis.com/google.firestore.v1.Firestore/Listen/channel?VER=8&database=projects%2Fappout-1%2Fdatabases%2F(default)&RID=52593&CVER=22&X-HTTP-Session-Id=gsessionid&zx=xk8ndor5i3pn&t=1:0
[ 5407817ms] [WARNING] [2026-09-22T21:04:14.846Z]  @firebase/firestore: Firestore (12.6.0): WebChannelConnection RPC 'Listen' stream 0x60f7b60e transport errored. Name: undefined Message: undefined @ https://outrun.co.il/_next/static/chunks/2532-16f59635ee5a761a.js:14
[ 5407818ms] [ERROR] Failed to load resource: net::ERR_INTERNET_DISCONNECTED @ https://www.google.com/recaptcha/enterprise/clr?k=6Lf3d9UsAAAAAILBqo6A909pmhyvtYmDoxaKtfMV:0
[ 5407818ms] [ERROR] Failed to load resource: net::ERR_INTERNET_DISCONNECTED @ https://www.google.com/recaptcha/enterprise/clr?k=6Lf3d9UsAAAAAILBqo6A909pmhyvtYmDoxaKtfMV:0
[ 5407818ms] [ERROR] Failed to load resource: net::ERR_INTERNET_DISCONNECTED @ https://www.google.com/images/cleardot.gif?zx=1phk56evtffu:0
[ 5407820ms] [ERROR] Failed to load resource: net::ERR_INTERNET_DISCONNECTED @ https://www.google.com/recaptcha/enterprise/clr?k=6Lf3d9UsAAAAAILBqo6A909pmhyvtYmDoxaKtfMV:0
[ 5407821ms] [ERROR] Failed to load resource: net::ERR_INTERNET_DISCONNECTED @ https://www.google.com/recaptcha/enterprise/clr?k=6Lf3d9UsAAAAAILBqo6A909pmhyvtYmDoxaKtfMV:0
[ 5407821ms] [ERROR] Failed to load resource: net::ERR_INTERNET_DISCONNECTED @ https://www.google.com/recaptcha/enterprise/clr?k=6Lf3d9UsAAAAAILBqo6A909pmhyvtYmDoxaKtfMV:0
[ 5407822ms] [ERROR] Failed to load resource: net::ERR_INTERNET_DISCONNECTED @ https://www.google.com/recaptcha/enterprise/clr?k=6Lf3d9UsAAAAAILBqo6A909pmhyvtYmDoxaKtfMV:0
[ 5408179ms] [ERROR] Failed to load resource: net::ERR_NAME_NOT_RESOLVED @ https://firestore.googleapis.com/google.firestore.v1.Firestore/Listen/channel?VER=8&database=projects%2Fappout-1%2Fdatabases%2F(default)&RID=36298&CVER=22&X-HTTP-Session-Id=gsessionid&zx=urpw1zb02k1u&t=1:0
[ 5408180ms] [WARNING] [2026-09-22T21:04:15.208Z]  @firebase/firestore: Firestore (12.6.0): WebChannelConnection RPC 'Listen' stream 0x60f7b60f transport errored. Name: undefined Message: undefined @ https://outrun.co.il/_next/static/chunks/2532-16f59635ee5a761a.js:14
[ 5408180ms] [ERROR] Failed to load resource: net::ERR_NAME_NOT_RESOLVED @ https://www.google.com/recaptcha/enterprise/clr?k=6Lf3d9UsAAAAAILBqo6A909pmhyvtYmDoxaKtfMV:0
[ 5657858ms] [LOG] [DEBUG-PAGE] pathConfig.path: health | categories passed to VisualSlider: [push, pull, legs, core] | skipTier: true @ https://outrun.co.il/_next/static/chunks/app/onboarding-new/assessment-visual/page-409b79241f638119.js:0
[ 5658106ms] [LOG] [DEBUG-RESOLVER] loadCategoryMap built: {human_flag: EtY8YCol0qpF6DzgcTx1, push: J0fLpmJhG0KDN2tQouxh, core: kDMpobbKsuVTByTIKUpe, pull: UPDBtTdCvX748dtBlWYj, one_arm_pullup: cC0BOmm6KIqYAyQynEIo} @ https://outrun.co.il/_next/static/chunks/5677-5539fdbd5d964d2a.js:0
[ 5658106ms] [LOG] [DEBUG-RESOLVER] Incoming Category: push Resolved Candidate IDs: [push, J0fLpmJhG0KDN2tQouxh] @ https://outrun.co.il/_next/static/chunks/5677-5539fdbd5d964d2a.js:0
[ 5658108ms] [LOG] [DEBUG-RESOLVER] loadCategoryMap built: {human_flag: EtY8YCol0qpF6DzgcTx1, push: J0fLpmJhG0KDN2tQouxh, core: kDMpobbKsuVTByTIKUpe, pull: UPDBtTdCvX748dtBlWYj, one_arm_pullup: cC0BOmm6KIqYAyQynEIo} @ https://outrun.co.il/_next/static/chunks/5677-5539fdbd5d964d2a.js:0
[ 5658108ms] [LOG] [DEBUG-RESOLVER] Incoming Category: pull Resolved Candidate IDs: [pull, UPDBtTdCvX748dtBlWYj] @ https://outrun.co.il/_next/static/chunks/5677-5539fdbd5d964d2a.js:0
[ 5658108ms] [LOG] [DEBUG-RESOLVER] loadCategoryMap built: {human_flag: EtY8YCol0qpF6DzgcTx1, push: J0fLpmJhG0KDN2tQouxh, core: kDMpobbKsuVTByTIKUpe, pull: UPDBtTdCvX748dtBlWYj, one_arm_pullup: cC0BOmm6KIqYAyQynEIo} @ https://outrun.co.il/_next/static/chunks/5677-5539fdbd5d964d2a.js:0
[ 5658108ms] [LOG] [DEBUG-RESOLVER] Incoming Category: legs Resolved Candidate IDs: [legs, OrAmOH3F375dVio5yGdU] @ https://outrun.co.il/_next/static/chunks/5677-5539fdbd5d964d2a.js:0
[ 5658108ms] [LOG] [DEBUG-RESOLVER] loadCategoryMap built: {human_flag: EtY8YCol0qpF6DzgcTx1, push: J0fLpmJhG0KDN2tQouxh, core: kDMpobbKsuVTByTIKUpe, pull: UPDBtTdCvX748dtBlWYj, one_arm_pullup: cC0BOmm6KIqYAyQynEIo} @ https://outrun.co.il/_next/static/chunks/5677-5539fdbd5d964d2a.js:0
[ 5658108ms] [LOG] [DEBUG-RESOLVER] Incoming Category: core Resolved Candidate IDs: [core, kDMpobbKsuVTByTIKUpe] @ https://outrun.co.il/_next/static/chunks/5677-5539fdbd5d964d2a.js:0
[ 5658110ms] [LOG] [DEBUG-PAGE] pathConfig.path: health | categories passed to VisualSlider: [push, pull, legs, core] | skipTier: true @ https://outrun.co.il/_next/static/chunks/app/onboarding-new/assessment-visual/page-409b79241f638119.js:0
[ 5658110ms] [LOG] [DEBUG-RESOLVER] Incoming Category: push Resolved Candidate IDs: [push, J0fLpmJhG0KDN2tQouxh] @ https://outrun.co.il/_next/static/chunks/5677-5539fdbd5d964d2a.js:0
[ 5658110ms] [LOG] [DEBUG-RESOLVER] Incoming Category: pull Resolved Candidate IDs: [pull, UPDBtTdCvX748dtBlWYj] @ https://outrun.co.il/_next/static/chunks/5677-5539fdbd5d964d2a.js:0
[ 5658110ms] [LOG] [DEBUG-RESOLVER] Incoming Category: legs Resolved Candidate IDs: [legs, OrAmOH3F375dVio5yGdU] @ https://outrun.co.il/_next/static/chunks/5677-5539fdbd5d964d2a.js:0
[ 5658110ms] [LOG] [DEBUG-RESOLVER] Incoming Category: core Resolved Candidate IDs: [core, kDMpobbKsuVTByTIKUpe] @ https://outrun.co.il/_next/static/chunks/5677-5539fdbd5d964d2a.js:0
[ 5658308ms] [LOG] [DEBUG-FIRESTORE] Querying IDs: [push, J0fLpmJhG0KDN2tQouxh] Snapshot size returned: 25 @ https://outrun.co.il/_next/static/chunks/5677-5539fdbd5d964d2a.js:0
[ 5658309ms] [LOG] [DEBUG-FIRESTORE] showInOnboarding=true levels: [1, 4, 6, 9, 12, 14, 16, 18, 19, 20] (10 total) @ https://outrun.co.il/_next/static/chunks/5677-5539fdbd5d964d2a.js:0
[ 5658309ms] [LOG] [DEBUG-RESOLVER] Final onboarding levels for "push": [1, 4, 6, 9, 12, 14, 16, 18, 19, 20] (10 total) @ https://outrun.co.il/_next/static/chunks/5677-5539fdbd5d964d2a.js:0
[ 5658309ms] [LOG] [DEBUG-RESOLVER] resolveContent("push", 1) → programId="J0fLpmJhG0KDN2tQouxh" @ https://outrun.co.il/_next/static/chunks/5677-5539fdbd5d964d2a.js:0
[ 5658309ms] [LOG] [DEBUG-RESOLVER] resolveContent("push", 4) → programId="J0fLpmJhG0KDN2tQouxh" @ https://outrun.co.il/_next/static/chunks/5677-5539fdbd5d964d2a.js:0
[ 5658309ms] [LOG] [DEBUG-FIRESTORE] Querying IDs: [push, J0fLpmJhG0KDN2tQouxh] Snapshot size returned: 25 @ https://outrun.co.il/_next/static/chunks/5677-5539fdbd5d964d2a.js:0
[ 5658309ms] [LOG] [DEBUG-FIRESTORE] showInOnboarding=true levels: [1, 4, 6, 9, 12, 14, 16, 18, 19, 20] (10 total) @ https://outrun.co.il/_next/static/chunks/5677-5539fdbd5d964d2a.js:0
[ 5658309ms] [LOG] [DEBUG-RESOLVER] Final onboarding levels for "push": [1, 4, 6, 9, 12, 14, 16, 18, 19, 20] (10 total) @ https://outrun.co.il/_next/static/chunks/5677-5539fdbd5d964d2a.js:0
[ 5658309ms] [LOG] [DEBUG-RESOLVER] resolveContent("push", 1) → programId="J0fLpmJhG0KDN2tQouxh" @ https://outrun.co.il/_next/static/chunks/5677-5539fdbd5d964d2a.js:0
[ 5658309ms] [LOG] [DEBUG-RESOLVER] resolveContent("push", 4) → programId="J0fLpmJhG0KDN2tQouxh" @ https://outrun.co.il/_next/static/chunks/5677-5539fdbd5d964d2a.js:0
[ 5658310ms] [LOG] [DEBUG-FIRESTORE] Querying IDs: [pull, UPDBtTdCvX748dtBlWYj] Snapshot size returned: 25 @ https://outrun.co.il/_next/static/chunks/5677-5539fdbd5d964d2a.js:0
[ 5658310ms] [LOG] [DEBUG-FIRESTORE] showInOnboarding=true levels: [1, 4, 6, 10, 14, 17, 19, 20] (8 total) @ https://outrun.co.il/_next/static/chunks/5677-5539fdbd5d964d2a.js:0
[ 5658310ms] [LOG] [DEBUG-RESOLVER] Final onboarding levels for "pull": [1, 4, 6, 10, 14, 17, 19, 20] (8 total) @ https://outrun.co.il/_next/static/chunks/5677-5539fdbd5d964d2a.js:0
[ 5658310ms] [LOG] [DEBUG-RESOLVER] resolveContent("pull", 1) → programId="UPDBtTdCvX748dtBlWYj" @ https://outrun.co.il/_next/static/chunks/5677-5539fdbd5d964d2a.js:0
[ 5658310ms] [LOG] [DEBUG-RESOLVER] resolveContent("pull", 4) → programId="UPDBtTdCvX748dtBlWYj" @ https://outrun.co.il/_next/static/chunks/5677-5539fdbd5d964d2a.js:0
[ 5658310ms] [LOG] [DEBUG-FIRESTORE] Querying IDs: [pull, UPDBtTdCvX748dtBlWYj] Snapshot size returned: 25 @ https://outrun.co.il/_next/static/chunks/5677-5539fdbd5d964d2a.js:0
[ 5658310ms] [LOG] [DEBUG-FIRESTORE] showInOnboarding=true levels: [1, 4, 6, 10, 14, 17, 19, 20] (8 total) @ https://outrun.co.il/_next/static/chunks/5677-5539fdbd5d964d2a.js:0
[ 5658310ms] [LOG] [DEBUG-RESOLVER] Final onboarding levels for "pull": [1, 4, 6, 10, 14, 17, 19, 20] (8 total) @ https://outrun.co.il/_next/static/chunks/5677-5539fdbd5d964d2a.js:0
[ 5658310ms] [LOG] [DEBUG-RESOLVER] resolveContent("pull", 1) → programId="UPDBtTdCvX748dtBlWYj" @ https://outrun.co.il/_next/static/chunks/5677-5539fdbd5d964d2a.js:0
[ 5658310ms] [LOG] [DEBUG-RESOLVER] resolveContent("pull", 4) → programId="UPDBtTdCvX748dtBlWYj" @ https://outrun.co.il/_next/static/chunks/5677-5539fdbd5d964d2a.js:0
[ 5658356ms] [LOG] [DEBUG-FIRESTORE] Querying IDs: [legs, OrAmOH3F375dVio5yGdU] Snapshot size returned: 15 @ https://outrun.co.il/_next/static/chunks/5677-5539fdbd5d964d2a.js:0
[ 5658356ms] [LOG] [DEBUG-FIRESTORE] showInOnboarding=true levels: [1, 3, 6, 8, 10, 12] (6 total) @ https://outrun.co.il/_next/static/chunks/5677-5539fdbd5d964d2a.js:0
[ 5658356ms] [LOG] [DEBUG-RESOLVER] Final onboarding levels for "legs": [1, 3, 6, 8, 10, 12] (6 total) @ https://outrun.co.il/_next/static/chunks/5677-5539fdbd5d964d2a.js:0
[ 5658356ms] [LOG] [DEBUG-RESOLVER] resolveContent("legs", 1) → programId="OrAmOH3F375dVio5yGdU" @ https://outrun.co.il/_next/static/chunks/5677-5539fdbd5d964d2a.js:0
[ 5658356ms] [LOG] [DEBUG-RESOLVER] resolveContent("legs", 3) → programId="OrAmOH3F375dVio5yGdU" @ https://outrun.co.il/_next/static/chunks/5677-5539fdbd5d964d2a.js:0
[ 5658356ms] [LOG] [DEBUG-FIRESTORE] Querying IDs: [legs, OrAmOH3F375dVio5yGdU] Snapshot size returned: 15 @ https://outrun.co.il/_next/static/chunks/5677-5539fdbd5d964d2a.js:0
[ 5658356ms] [LOG] [DEBUG-FIRESTORE] showInOnboarding=true levels: [1, 3, 6, 8, 10, 12] (6 total) @ https://outrun.co.il/_next/static/chunks/5677-5539fdbd5d964d2a.js:0
[ 5658356ms] [LOG] [DEBUG-RESOLVER] Final onboarding levels for "legs": [1, 3, 6, 8, 10, 12] (6 total) @ https://outrun.co.il/_next/static/chunks/5677-5539fdbd5d964d2a.js:0
[ 5658356ms] [LOG] [DEBUG-RESOLVER] resolveContent("legs", 1) → programId="OrAmOH3F375dVio5yGdU" @ https://outrun.co.il/_next/static/chunks/5677-5539fdbd5d964d2a.js:0
[ 5658356ms] [LOG] [DEBUG-RESOLVER] resolveContent("legs", 3) → programId="OrAmOH3F375dVio5yGdU" @ https://outrun.co.il/_next/static/chunks/5677-5539fdbd5d964d2a.js:0
[ 5658357ms] [LOG] [DEBUG-FIRESTORE] Querying IDs: [core, kDMpobbKsuVTByTIKUpe] Snapshot size returned: 20 @ https://outrun.co.il/_next/static/chunks/5677-5539fdbd5d964d2a.js:0
[ 5658357ms] [LOG] [DEBUG-FIRESTORE] showInOnboarding=true levels: [1, 3, 5, 7, 8, 10, 11, 14] (8 total) @ https://outrun.co.il/_next/static/chunks/5677-5539fdbd5d964d2a.js:0
[ 5658357ms] [LOG] [DEBUG-RESOLVER] Final onboarding levels for "core": [1, 3, 5, 7, 8, 10, 11, 14] (8 total) @ https://outrun.co.il/_next/static/chunks/5677-5539fdbd5d964d2a.js:0
[ 5658357ms] [LOG] [DEBUG-RESOLVER] resolveContent("core", 1) → programId="kDMpobbKsuVTByTIKUpe" @ https://outrun.co.il/_next/static/chunks/5677-5539fdbd5d964d2a.js:0
[ 5658357ms] [LOG] [DEBUG-RESOLVER] resolveContent("core", 3) → programId="kDMpobbKsuVTByTIKUpe" @ https://outrun.co.il/_next/static/chunks/5677-5539fdbd5d964d2a.js:0
[ 5658357ms] [LOG] [DEBUG-FIRESTORE] Querying IDs: [core, kDMpobbKsuVTByTIKUpe] Snapshot size returned: 20 @ https://outrun.co.il/_next/static/chunks/5677-5539fdbd5d964d2a.js:0
[ 5658357ms] [LOG] [DEBUG-FIRESTORE] showInOnboarding=true levels: [1, 3, 5, 7, 8, 10, 11, 14] (8 total) @ https://outrun.co.il/_next/static/chunks/5677-5539fdbd5d964d2a.js:0
[ 5658357ms] [LOG] [DEBUG-RESOLVER] Final onboarding levels for "core": [1, 3, 5, 7, 8, 10, 11, 14] (8 total) @ https://outrun.co.il/_next/static/chunks/5677-5539fdbd5d964d2a.js:0
[ 5658357ms] [LOG] [DEBUG-RESOLVER] resolveContent("core", 1) → programId="kDMpobbKsuVTByTIKUpe" @ https://outrun.co.il/_next/static/chunks/5677-5539fdbd5d964d2a.js:0
[ 5658357ms] [LOG] [DEBUG-RESOLVER] resolveContent("core", 3) → programId="kDMpobbKsuVTByTIKUpe" @ https://outrun.co.il/_next/static/chunks/5677-5539fdbd5d964d2a.js:0
[ 5658549ms] [LOG] [VisualContentService] docToContent "J0fLpmJhG0KDN2tQouxh_1": {hasVideoVariantsField: true, hasVariantsField: false, rawType: array[0], parsedVariantsCount: 0, allTopLevelKeys: Array(14)} @ https://outrun.co.il/_next/static/chunks/5677-5539fdbd5d964d2a.js:0
[ 5658549ms] [LOG] [DEBUG-RESOLVER] attempt1 getVisualContentItem("J0fLpmJhG0KDN2tQouxh", 1) → FOUND @ https://outrun.co.il/_next/static/chunks/5677-5539fdbd5d964d2a.js:0
[ 5658549ms] [LOG] [VisualContentService] docToContent "J0fLpmJhG0KDN2tQouxh_1": {hasVideoVariantsField: true, hasVariantsField: false, rawType: array[0], parsedVariantsCount: 0, allTopLevelKeys: Array(14)} @ https://outrun.co.il/_next/static/chunks/5677-5539fdbd5d964d2a.js:0
[ 5658549ms] [LOG] [DEBUG-RESOLVER] attempt1 getVisualContentItem("J0fLpmJhG0KDN2tQouxh", 1) → FOUND @ https://outrun.co.il/_next/static/chunks/5677-5539fdbd5d964d2a.js:0
[ 5658549ms] [LOG] [VisualContentService] docToContent "J0fLpmJhG0KDN2tQouxh_4": {hasVideoVariantsField: true, hasVariantsField: false, rawType: array[0], parsedVariantsCount: 0, allTopLevelKeys: Array(14)} @ https://outrun.co.il/_next/static/chunks/5677-5539fdbd5d964d2a.js:0
[ 5658550ms] [LOG] [DEBUG-RESOLVER] attempt1 getVisualContentItem("J0fLpmJhG0KDN2tQouxh", 4) → FOUND @ https://outrun.co.il/_next/static/chunks/5677-5539fdbd5d964d2a.js:0
[ 5658550ms] [LOG] [VisualContentService] docToContent "J0fLpmJhG0KDN2tQouxh_4": {hasVideoVariantsField: true, hasVariantsField: false, rawType: array[0], parsedVariantsCount: 0, allTopLevelKeys: Array(14)} @ https://outrun.co.il/_next/static/chunks/5677-5539fdbd5d964d2a.js:0
[ 5658550ms] [LOG] [DEBUG-RESOLVER] attempt1 getVisualContentItem("J0fLpmJhG0KDN2tQouxh", 4) → FOUND @ https://outrun.co.il/_next/static/chunks/5677-5539fdbd5d964d2a.js:0
[ 5658550ms] [LOG] [VisualContentService] docToContent "UPDBtTdCvX748dtBlWYj_1": {hasVideoVariantsField: true, hasVariantsField: false, rawType: array[0], parsedVariantsCount: 0, allTopLevelKeys: Array(14)} @ https://outrun.co.il/_next/static/chunks/5677-5539fdbd5d964d2a.js:0
[ 5658550ms] [LOG] [DEBUG-RESOLVER] attempt1 getVisualContentItem("UPDBtTdCvX748dtBlWYj", 1) → FOUND @ https://outrun.co.il/_next/static/chunks/5677-5539fdbd5d964d2a.js:0
[ 5658550ms] [LOG] [VisualContentService] docToContent "UPDBtTdCvX748dtBlWYj_1": {hasVideoVariantsField: true, hasVariantsField: false, rawType: array[0], parsedVariantsCount: 0, allTopLevelKeys: Array(14)} @ https://outrun.co.il/_next/static/chunks/5677-5539fdbd5d964d2a.js:0
[ 5658550ms] [LOG] [DEBUG-RESOLVER] attempt1 getVisualContentItem("UPDBtTdCvX748dtBlWYj", 1) → FOUND @ https://outrun.co.il/_next/static/chunks/5677-5539fdbd5d964d2a.js:0
[ 5658550ms] [LOG] [VisualContentService] docToContent "UPDBtTdCvX748dtBlWYj_4": {hasVideoVariantsField: true, hasVariantsField: false, rawType: array[0], parsedVariantsCount: 0, allTopLevelKeys: Array(14)} @ https://outrun.co.il/_next/static/chunks/5677-5539fdbd5d964d2a.js:0
[ 5658550ms] [LOG] [DEBUG-RESOLVER] attempt1 getVisualContentItem("UPDBtTdCvX748dtBlWYj", 4) → FOUND @ https://outrun.co.il/_next/static/chunks/5677-5539fdbd5d964d2a.js:0
[ 5658550ms] [LOG] [VisualContentService] docToContent "UPDBtTdCvX748dtBlWYj_4": {hasVideoVariantsField: true, hasVariantsField: false, rawType: array[0], parsedVariantsCount: 0, allTopLevelKeys: Array(14)} @ https://outrun.co.il/_next/static/chunks/5677-5539fdbd5d964d2a.js:0
[ 5658550ms] [LOG] [DEBUG-RESOLVER] attempt1 getVisualContentItem("UPDBtTdCvX748dtBlWYj", 4) → FOUND @ https://outrun.co.il/_next/static/chunks/5677-5539fdbd5d964d2a.js:0
[ 5658550ms] [LOG] [VisualContentService] docToContent "OrAmOH3F375dVio5yGdU_1": {hasVideoVariantsField: true, hasVariantsField: false, rawType: array[0], parsedVariantsCount: 0, allTopLevelKeys: Array(14)} @ https://outrun.co.il/_next/static/chunks/5677-5539fdbd5d964d2a.js:0
[ 5658550ms] [LOG] [DEBUG-RESOLVER] attempt1 getVisualContentItem("OrAmOH3F375dVio5yGdU", 1) → FOUND @ https://outrun.co.il/_next/static/chunks/5677-5539fdbd5d964d2a.js:0
[ 5658550ms] [LOG] [VisualContentService] docToContent "OrAmOH3F375dVio5yGdU_1": {hasVideoVariantsField: true, hasVariantsField: false, rawType: array[0], parsedVariantsCount: 0, allTopLevelKeys: Array(14)} @ https://outrun.co.il/_next/static/chunks/5677-5539fdbd5d964d2a.js:0
[ 5658550ms] [LOG] [DEBUG-RESOLVER] attempt1 getVisualContentItem("OrAmOH3F375dVio5yGdU", 1) → FOUND @ https://outrun.co.il/_next/static/chunks/5677-5539fdbd5d964d2a.js:0
[ 5658550ms] [LOG] [VisualContentService] docToContent "OrAmOH3F375dVio5yGdU_3": {hasVideoVariantsField: true, hasVariantsField: false, rawType: array[0], parsedVariantsCount: 0, allTopLevelKeys: Array(12)} @ https://outrun.co.il/_next/static/chunks/5677-5539fdbd5d964d2a.js:0
[ 5658550ms] [LOG] [DEBUG-RESOLVER] attempt1 getVisualContentItem("OrAmOH3F375dVio5yGdU", 3) → FOUND @ https://outrun.co.il/_next/static/chunks/5677-5539fdbd5d964d2a.js:0
[ 5658550ms] [LOG] [VisualContentService] docToContent "OrAmOH3F375dVio5yGdU_3": {hasVideoVariantsField: true, hasVariantsField: false, rawType: array[0], parsedVariantsCount: 0, allTopLevelKeys: Array(12)} @ https://outrun.co.il/_next/static/chunks/5677-5539fdbd5d964d2a.js:0
[ 5658550ms] [LOG] [DEBUG-RESOLVER] attempt1 getVisualContentItem("OrAmOH3F375dVio5yGdU", 3) → FOUND @ https://outrun.co.il/_next/static/chunks/5677-5539fdbd5d964d2a.js:0
[ 5658550ms] [LOG] [VisualContentService] docToContent "kDMpobbKsuVTByTIKUpe_1": {hasVideoVariantsField: true, hasVariantsField: false, rawType: array[0], parsedVariantsCount: 0, allTopLevelKeys: Array(14)} @ https://outrun.co.il/_next/static/chunks/5677-5539fdbd5d964d2a.js:0
[ 5658550ms] [LOG] [DEBUG-RESOLVER] attempt1 getVisualContentItem("kDMpobbKsuVTByTIKUpe", 1) → FOUND @ https://outrun.co.il/_next/static/chunks/5677-5539fdbd5d964d2a.js:0
[ 5658550ms] [LOG] [VisualContentService] docToContent "kDMpobbKsuVTByTIKUpe_1": {hasVideoVariantsField: true, hasVariantsField: false, rawType: array[0], parsedVariantsCount: 0, allTopLevelKeys: Array(14)} @ https://outrun.co.il/_next/static/chunks/5677-5539fdbd5d964d2a.js:0
[ 5658550ms] [LOG] [DEBUG-RESOLVER] attempt1 getVisualContentItem("kDMpobbKsuVTByTIKUpe", 1) → FOUND @ https://outrun.co.il/_next/static/chunks/5677-5539fdbd5d964d2a.js:0
[ 5658550ms] [LOG] [VisualContentService] docToContent "kDMpobbKsuVTByTIKUpe_3": {hasVideoVariantsField: true, hasVariantsField: false, rawType: array[0], parsedVariantsCount: 0, allTopLevelKeys: Array(14)} @ https://outrun.co.il/_next/static/chunks/5677-5539fdbd5d964d2a.js:0
[ 5658550ms] [LOG] [DEBUG-RESOLVER] attempt1 getVisualContentItem("kDMpobbKsuVTByTIKUpe", 3) → FOUND @ https://outrun.co.il/_next/static/chunks/5677-5539fdbd5d964d2a.js:0
[ 5658550ms] [LOG] [VisualContentService] docToContent "kDMpobbKsuVTByTIKUpe_3": {hasVideoVariantsField: true, hasVariantsField: false, rawType: array[0], parsedVariantsCount: 0, allTopLevelKeys: Array(14)} @ https://outrun.co.il/_next/static/chunks/5677-5539fdbd5d964d2a.js:0
[ 5658550ms] [LOG] [DEBUG-RESOLVER] attempt1 getVisualContentItem("kDMpobbKsuVTByTIKUpe", 3) → FOUND @ https://outrun.co.il/_next/static/chunks/5677-5539fdbd5d964d2a.js:0
[ 5658710ms] [LOG] [ContentResolver] Level 1 — exercise video resolved: "שכיבות סמיכה ב-75°" → https://vz-b17872ab-7a7.b-cdn.net/b1e43b30-37e1-49f7-8c17-74… @ https://outrun.co.il/_next/static/chunks/5677-5539fdbd5d964d2a.js:0
[ 5658710ms] [LOG] [ContentResolver] Level 1 — exercise video resolved: "שכיבות סמיכה ב-75°" → https://vz-b17872ab-7a7.b-cdn.net/b1e43b30-37e1-49f7-8c17-74… @ https://outrun.co.il/_next/static/chunks/5677-5539fdbd5d964d2a.js:0
[ 5658710ms] [LOG] [ContentResolver] Level 4 — exercise video resolved: "שכיבות סמיכה ברכיים" → https://vz-b17872ab-7a7.b-cdn.net/7413db0b-1702-4acd-8072-8a… @ https://outrun.co.il/_next/static/chunks/5677-5539fdbd5d964d2a.js:0
[ 5658710ms] [LOG] [ContentResolver] Level 4 — exercise video resolved: "שכיבות סמיכה ברכיים" → https://vz-b17872ab-7a7.b-cdn.net/7413db0b-1702-4acd-8072-8a… @ https://outrun.co.il/_next/static/chunks/5677-5539fdbd5d964d2a.js:0
[ 5658714ms] [LOG] [ContentResolver] Level 1 — exercise video resolved: "חתירות ב-75°" → https://vz-b17872ab-7a7.b-cdn.net/90762fc3-e7d8-4070-a312-46… @ https://outrun.co.il/_next/static/chunks/5677-5539fdbd5d964d2a.js:0
[ 5658714ms] [LOG] [ContentResolver] Level 1 — exercise video resolved: "חתירות ב-75°" → https://vz-b17872ab-7a7.b-cdn.net/90762fc3-e7d8-4070-a312-46… @ https://outrun.co.il/_next/static/chunks/5677-5539fdbd5d964d2a.js:0
[ 5658714ms] [LOG] [ContentResolver] Level 4 — exercise video resolved: "חתירות ב-15° עם ברכיים כפופות" → https://vz-b17872ab-7a7.b-cdn.net/65b8ee9b-baf7-4ed1-834a-2f… @ https://outrun.co.il/_next/static/chunks/5677-5539fdbd5d964d2a.js:0
[ 5658714ms] [LOG] [ContentResolver] Level 4 — exercise video resolved: "חתירות ב-15° עם ברכיים כפופות" → https://vz-b17872ab-7a7.b-cdn.net/65b8ee9b-baf7-4ed1-834a-2f… @ https://outrun.co.il/_next/static/chunks/5677-5539fdbd5d964d2a.js:0
[ 5658715ms] [LOG] [ContentResolver] Level 1 — exercise video resolved: "סקוואט טווח חלקי (להגבהה)" → https://vz-b17872ab-7a7.b-cdn.net/8286f82c-fdf8-4f05-8961-a0… @ https://outrun.co.il/_next/static/chunks/5677-5539fdbd5d964d2a.js:0
[ 5658715ms] [LOG] [ContentResolver] Level 1 — exercise video resolved: "סקוואט טווח חלקי (להגבהה)" → https://vz-b17872ab-7a7.b-cdn.net/8286f82c-fdf8-4f05-8961-a0… @ https://outrun.co.il/_next/static/chunks/5677-5539fdbd5d964d2a.js:0
[ 5658853ms] [LOG] [ContentResolver] Level 3 — exercise video resolved: "סקוואט קפיצה" → https://vz-b17872ab-7a7.b-cdn.net/57d8348b-3788-4dd1-880a-8b… @ https://outrun.co.il/_next/static/chunks/5677-5539fdbd5d964d2a.js:0
[ 5658853ms] [LOG] [ContentResolver] Level 3 — exercise video resolved: "סקוואט קפיצה" → https://vz-b17872ab-7a7.b-cdn.net/57d8348b-3788-4dd1-880a-8b… @ https://outrun.co.il/_next/static/chunks/5677-5539fdbd5d964d2a.js:0
[ 5658853ms] [LOG] [ContentResolver] Level 1 — exercise video resolved: "פלאנק על הברכיים" → https://vz-b17872ab-7a7.b-cdn.net/3011b6ff-f251-4c7b-81f4-e2… @ https://outrun.co.il/_next/static/chunks/5677-5539fdbd5d964d2a.js:0
[ 5658853ms] [LOG] [ContentResolver] Level 1 — exercise video resolved: "פלאנק על הברכיים" → https://vz-b17872ab-7a7.b-cdn.net/3011b6ff-f251-4c7b-81f4-e2… @ https://outrun.co.il/_next/static/chunks/5677-5539fdbd5d964d2a.js:0
[ 5658854ms] [LOG] [ContentResolver] Level 3 — exercise video resolved: "פלאנק עליות ונגיעות בכתפיים" → https://vz-b17872ab-7a7.b-cdn.net/4d5bc37c-3994-4574-ace7-12… @ https://outrun.co.il/_next/static/chunks/5677-5539fdbd5d964d2a.js:0
[ 5658854ms] [LOG] [ContentResolver] Level 3 — exercise video resolved: "פלאנק עליות ונגיעות בכתפיים" → https://vz-b17872ab-7a7.b-cdn.net/4d5bc37c-3994-4574-ace7-12… @ https://outrun.co.il/_next/static/chunks/5677-5539fdbd5d964d2a.js:0
[ 5659951ms] [LOG] [DEBUG-RESOLVER] Incoming Category: push Resolved Candidate IDs: [push, J0fLpmJhG0KDN2tQouxh] @ https://outrun.co.il/_next/static/chunks/5677-5539fdbd5d964d2a.js:0
[ 5660079ms] [LOG] [DEBUG-FIRESTORE] Querying IDs: [push, J0fLpmJhG0KDN2tQouxh] Snapshot size returned: 25 @ https://outrun.co.il/_next/static/chunks/5677-5539fdbd5d964d2a.js:0
[ 5660079ms] [LOG] [DEBUG-FIRESTORE] showInOnboarding=true levels: [1, 4, 6, 9, 12, 14, 16, 18, 19, 20] (10 total) @ https://outrun.co.il/_next/static/chunks/5677-5539fdbd5d964d2a.js:0
[ 5660079ms] [LOG] [DEBUG-RESOLVER] Final onboarding levels for "push": [1, 4, 6, 9, 12, 14, 16, 18, 19, 20] (10 total) @ https://outrun.co.il/_next/static/chunks/5677-5539fdbd5d964d2a.js:0
[ 5660082ms] [LOG] [DEBUG-RESOLVER] resolveContent("push", 1) → programId="J0fLpmJhG0KDN2tQouxh" @ https://outrun.co.il/_next/static/chunks/5677-5539fdbd5d964d2a.js:0
[ 5660082ms] [LOG] [DEBUG-RESOLVER] resolveContent("push", 4) → programId="J0fLpmJhG0KDN2tQouxh" @ https://outrun.co.il/_next/static/chunks/5677-5539fdbd5d964d2a.js:0
[ 5660082ms] [LOG] [DEBUG-RESOLVER] resolveContent("push", 6) → programId="J0fLpmJhG0KDN2tQouxh" @ https://outrun.co.il/_next/static/chunks/5677-5539fdbd5d964d2a.js:0
[ 5660082ms] [LOG] [DEBUG-RESOLVER] resolveContent("push", 9) → programId="J0fLpmJhG0KDN2tQouxh" @ https://outrun.co.il/_next/static/chunks/5677-5539fdbd5d964d2a.js:0
[ 5660082ms] [LOG] [DEBUG-RESOLVER] resolveContent("push", 12) → programId="J0fLpmJhG0KDN2tQouxh" @ https://outrun.co.il/_next/static/chunks/5677-5539fdbd5d964d2a.js:0
[ 5660082ms] [LOG] [DEBUG-RESOLVER] resolveContent("push", 14) → programId="J0fLpmJhG0KDN2tQouxh" @ https://outrun.co.il/_next/static/chunks/5677-5539fdbd5d964d2a.js:0
[ 5660082ms] [LOG] [DEBUG-RESOLVER] resolveContent("push", 16) → programId="J0fLpmJhG0KDN2tQouxh" @ https://outrun.co.il/_next/static/chunks/5677-5539fdbd5d964d2a.js:0
[ 5660082ms] [LOG] [DEBUG-RESOLVER] resolveContent("push", 18) → programId="J0fLpmJhG0KDN2tQouxh" @ https://outrun.co.il/_next/static/chunks/5677-5539fdbd5d964d2a.js:0
[ 5660082ms] [LOG] [DEBUG-RESOLVER] resolveContent("push", 19) → programId="J0fLpmJhG0KDN2tQouxh" @ https://outrun.co.il/_next/static/chunks/5677-5539fdbd5d964d2a.js:0
[ 5660082ms] [LOG] [DEBUG-RESOLVER] resolveContent("push", 20) → programId="J0fLpmJhG0KDN2tQouxh" @ https://outrun.co.il/_next/static/chunks/5677-5539fdbd5d964d2a.js:0
[ 5660082ms] [LOG] [DEBUG-RESOLVER] resolveContent("push", 1) → programId="J0fLpmJhG0KDN2tQouxh" @ https://outrun.co.il/_next/static/chunks/5677-5539fdbd5d964d2a.js:0
[ 5660083ms] [LOG] [DEBUG-RESOLVER] resolveContent("push", 2) → programId="J0fLpmJhG0KDN2tQouxh" @ https://outrun.co.il/_next/static/chunks/5677-5539fdbd5d964d2a.js:0
[ 5660083ms] [LOG] [DEBUG-RESOLVER] resolveContent("push", 2) → programId="J0fLpmJhG0KDN2tQouxh" @ https://outrun.co.il/_next/static/chunks/5677-5539fdbd5d964d2a.js:0
[ 5660245ms] [LOG] [VisualContentService] docToContent "J0fLpmJhG0KDN2tQouxh_6": {hasVideoVariantsField: true, hasVariantsField: false, rawType: array[0], parsedVariantsCount: 0, allTopLevelKeys: Array(14)} @ https://outrun.co.il/_next/static/chunks/5677-5539fdbd5d964d2a.js:0
[ 5660245ms] [LOG] [DEBUG-RESOLVER] attempt1 getVisualContentItem("J0fLpmJhG0KDN2tQouxh", 6) → FOUND @ https://outrun.co.il/_next/static/chunks/5677-5539fdbd5d964d2a.js:0
[ 5660245ms] [LOG] [VisualContentService] docToContent "J0fLpmJhG0KDN2tQouxh_9": {hasVideoVariantsField: true, hasVariantsField: false, rawType: array[0], parsedVariantsCount: 0, allTopLevelKeys: Array(14)} @ https://outrun.co.il/_next/static/chunks/5677-5539fdbd5d964d2a.js:0
[ 5660245ms] [LOG] [DEBUG-RESOLVER] attempt1 getVisualContentItem("J0fLpmJhG0KDN2tQouxh", 9) → FOUND @ https://outrun.co.il/_next/static/chunks/5677-5539fdbd5d964d2a.js:0
[ 5660245ms] [LOG] [VisualContentService] docToContent "J0fLpmJhG0KDN2tQouxh_12": {hasVideoVariantsField: true, hasVariantsField: false, rawType: array[0], parsedVariantsCount: 0, allTopLevelKeys: Array(14)} @ https://outrun.co.il/_next/static/chunks/5677-5539fdbd5d964d2a.js:0
[ 5660245ms] [LOG] [DEBUG-RESOLVER] attempt1 getVisualContentItem("J0fLpmJhG0KDN2tQouxh", 12) → FOUND @ https://outrun.co.il/_next/static/chunks/5677-5539fdbd5d964d2a.js:0
[ 5660245ms] [LOG] [VisualContentService] docToContent "J0fLpmJhG0KDN2tQouxh_14": {hasVideoVariantsField: true, hasVariantsField: false, rawType: array[0], parsedVariantsCount: 0, allTopLevelKeys: Array(14)} @ https://outrun.co.il/_next/static/chunks/5677-5539fdbd5d964d2a.js:0
[ 5660245ms] [LOG] [DEBUG-RESOLVER] attempt1 getVisualContentItem("J0fLpmJhG0KDN2tQouxh", 14) → FOUND @ https://outrun.co.il/_next/static/chunks/5677-5539fdbd5d964d2a.js:0
[ 5660245ms] [LOG] [VisualContentService] docToContent "J0fLpmJhG0KDN2tQouxh_16": {hasVideoVariantsField: true, hasVariantsField: false, rawType: array[0], parsedVariantsCount: 0, allTopLevelKeys: Array(14)} @ https://outrun.co.il/_next/static/chunks/5677-5539fdbd5d964d2a.js:0
[ 5660245ms] [LOG] [DEBUG-RESOLVER] attempt1 getVisualContentItem("J0fLpmJhG0KDN2tQouxh", 16) → FOUND @ https://outrun.co.il/_next/static/chunks/5677-5539fdbd5d964d2a.js:0
[ 5660245ms] [LOG] [VisualContentService] docToContent "J0fLpmJhG0KDN2tQouxh_18": {hasVideoVariantsField: true, hasVariantsField: false, rawType: array[0], parsedVariantsCount: 0, allTopLevelKeys: Array(14)} @ https://outrun.co.il/_next/static/chunks/5677-5539fdbd5d964d2a.js:0
[ 5660245ms] [LOG] [DEBUG-RESOLVER] attempt1 getVisualContentItem("J0fLpmJhG0KDN2tQouxh", 18) → FOUND @ https://outrun.co.il/_next/static/chunks/5677-5539fdbd5d964d2a.js:0
[ 5660245ms] [LOG] [VisualContentService] docToContent "J0fLpmJhG0KDN2tQouxh_19": {hasVideoVariantsField: true, hasVariantsField: false, rawType: array[0], parsedVariantsCount: 0, allTopLevelKeys: Array(14)} @ https://outrun.co.il/_next/static/chunks/5677-5539fdbd5d964d2a.js:0
[ 5660246ms] [LOG] [DEBUG-RESOLVER] attempt1 getVisualContentItem("J0fLpmJhG0KDN2tQouxh", 19) → FOUND @ https://outrun.co.il/_next/static/chunks/5677-5539fdbd5d964d2a.js:0
[ 5660246ms] [LOG] [VisualContentService] docToContent "J0fLpmJhG0KDN2tQouxh_20": {hasVideoVariantsField: true, hasVariantsField: false, rawType: array[0], parsedVariantsCount: 0, allTopLevelKeys: Array(14)} @ https://outrun.co.il/_next/static/chunks/5677-5539fdbd5d964d2a.js:0
[ 5660246ms] [LOG] [DEBUG-RESOLVER] attempt1 getVisualContentItem("J0fLpmJhG0KDN2tQouxh", 20) → FOUND @ https://outrun.co.il/_next/static/chunks/5677-5539fdbd5d964d2a.js:0
[ 5660246ms] [LOG] [VisualContentService] docToContent "J0fLpmJhG0KDN2tQouxh_2": {hasVideoVariantsField: true, hasVariantsField: false, rawType: array[0], parsedVariantsCount: 0, allTopLevelKeys: Array(14)} @ https://outrun.co.il/_next/static/chunks/5677-5539fdbd5d964d2a.js:0
[ 5660246ms] [LOG] [DEBUG-RESOLVER] attempt1 getVisualContentItem("J0fLpmJhG0KDN2tQouxh", 2) → FOUND @ https://outrun.co.il/_next/static/chunks/5677-5539fdbd5d964d2a.js:0
[ 5660246ms] [LOG] [VisualContentService] docToContent "J0fLpmJhG0KDN2tQouxh_2": {hasVideoVariantsField: true, hasVariantsField: false, rawType: array[0], parsedVariantsCount: 0, allTopLevelKeys: Array(14)} @ https://outrun.co.il/_next/static/chunks/5677-5539fdbd5d964d2a.js:0
[ 5660246ms] [LOG] [DEBUG-RESOLVER] attempt1 getVisualContentItem("J0fLpmJhG0KDN2tQouxh", 2) → FOUND @ https://outrun.co.il/_next/static/chunks/5677-5539fdbd5d964d2a.js:0
[ 5660390ms] [LOG] [ContentResolver] Level 6 — exercise video resolved: "מקבילים עם גומייה עבה" → https://vz-b17872ab-7a7.b-cdn.net/c6e95235-2dd7-481b-92ad-9e… @ https://outrun.co.il/_next/static/chunks/5677-5539fdbd5d964d2a.js:0
[ 5660405ms] [LOG] [ContentResolver] Level 9 — exercise video resolved: "מקבילים אקצנטרי" → https://vz-b17872ab-7a7.b-cdn.net/0cf4aa4f-997b-4ff6-8243-c5… @ https://outrun.co.il/_next/static/chunks/5677-5539fdbd5d964d2a.js:0
[ 5660405ms] [LOG] [ContentResolver] Level 12 — exercise video resolved: "ישיבת L" → https://vz-b17872ab-7a7.b-cdn.net/ff5f0220-761e-4805-9f96-74… @ https://outrun.co.il/_next/static/chunks/5677-5539fdbd5d964d2a.js:0
[ 5660405ms] [LOG] [ContentResolver] Level 14 — exercise video resolved: "מקבילים על טבעות" → https://vz-b17872ab-7a7.b-cdn.net/7a815617-f091-41cd-a8f2-6f… @ https://outrun.co.il/_next/static/chunks/5677-5539fdbd5d964d2a.js:0
[ 5660405ms] [LOG] [ContentResolver] Level 16 — exercise video resolved: "פלאנץ׳ בטאק" → https://vz-b17872ab-7a7.b-cdn.net/912c9beb-a881-4593-980b-38… @ https://outrun.co.il/_next/static/chunks/5677-5539fdbd5d964d2a.js:0
[ 5660529ms] [LOG] [ContentResolver] Level 18 — exercise video resolved: "שכיבות סמיכה פלאנץ׳ טאק" → https://vz-b17872ab-7a7.b-cdn.net/849d609d-13fd-4bf6-ad46-7d… @ https://outrun.co.il/_next/static/chunks/5677-5539fdbd5d964d2a.js:0
[ 5660529ms] [LOG] [ContentResolver] Level 19 — exercise video resolved: "שכיבות סמיכה בעמידת ידיים חזה לקיר" → https://vz-b17872ab-7a7.b-cdn.net/97901438-7f7a-43d1-9fa3-1a… @ https://outrun.co.il/_next/static/chunks/5677-5539fdbd5d964d2a.js:0
[ 5660529ms] [LOG] [VisualContentService] docToContent "J0fLpmJhG0KDN2tQouxh_19": {hasVideoVariantsField: true, hasVariantsField: false, rawType: array[0], parsedVariantsCount: 0, allTopLevelKeys: Array(14)} @ https://outrun.co.il/_next/static/chunks/5677-5539fdbd5d964d2a.js:0
[ 5660529ms] [LOG] [ContentResolver] Level 2 — exercise video resolved: "שכיבות סמיכה ב-45°" → https://vz-b17872ab-7a7.b-cdn.net/bb502550-744f-46e3-8b18-62… @ https://outrun.co.il/_next/static/chunks/5677-5539fdbd5d964d2a.js:0
[ 5660530ms] [LOG] [ContentResolver] Level 2 — exercise video resolved: "שכיבות סמיכה ב-45°" → https://vz-b17872ab-7a7.b-cdn.net/bb502550-744f-46e3-8b18-62… @ https://outrun.co.il/_next/static/chunks/5677-5539fdbd5d964d2a.js:0
[ 5660659ms] [LOG] [VisualContentService] docToContent "J0fLpmJhG0KDN2tQouxh_18": {hasVideoVariantsField: true, hasVariantsField: false, rawType: array[0], parsedVariantsCount: 0, allTopLevelKeys: Array(14)} @ https://outrun.co.il/_next/static/chunks/5677-5539fdbd5d964d2a.js:0
[ 5660799ms] [LOG] [VisualContentService] docToContent "J0fLpmJhG0KDN2tQouxh_17": {hasVideoVariantsField: true, hasVariantsField: false, rawType: array[0], parsedVariantsCount: 0, allTopLevelKeys: Array(14)} @ https://outrun.co.il/_next/static/chunks/5677-5539fdbd5d964d2a.js:0
[ 5660932ms] [LOG] [VisualContentService] docToContent "J0fLpmJhG0KDN2tQouxh_16": {hasVideoVariantsField: true, hasVariantsField: false, rawType: array[0], parsedVariantsCount: 0, allTopLevelKeys: Array(14)} @ https://outrun.co.il/_next/static/chunks/5677-5539fdbd5d964d2a.js:0
[ 5661052ms] [LOG] [VisualContentService] docToContent "J0fLpmJhG0KDN2tQouxh_15": {hasVideoVariantsField: true, hasVariantsField: false, rawType: array[0], parsedVariantsCount: 0, allTopLevelKeys: Array(14)} @ https://outrun.co.il/_next/static/chunks/5677-5539fdbd5d964d2a.js:0
[ 5661185ms] [LOG] [VisualContentService] docToContent "J0fLpmJhG0KDN2tQouxh_14": {hasVideoVariantsField: true, hasVariantsField: false, rawType: array[0], parsedVariantsCount: 0, allTopLevelKeys: Array(14)} @ https://outrun.co.il/_next/static/chunks/5677-5539fdbd5d964d2a.js:0
[ 5661302ms] [LOG] [VisualContentService] docToContent "J0fLpmJhG0KDN2tQouxh_13": {hasVideoVariantsField: true, hasVariantsField: false, rawType: array[0], parsedVariantsCount: 0, allTopLevelKeys: Array(14)} @ https://outrun.co.il/_next/static/chunks/5677-5539fdbd5d964d2a.js:0
[ 5661449ms] [LOG] [VisualContentService] docToContent "J0fLpmJhG0KDN2tQouxh_12": {hasVideoVariantsField: true, hasVariantsField: false, rawType: array[0], parsedVariantsCount: 0, allTopLevelKeys: Array(14)} @ https://outrun.co.il/_next/static/chunks/5677-5539fdbd5d964d2a.js:0
[ 5661587ms] [LOG] [VisualContentService] docToContent "J0fLpmJhG0KDN2tQouxh_11": {hasVideoVariantsField: true, hasVariantsField: false, rawType: array[0], parsedVariantsCount: 0, allTopLevelKeys: Array(14)} @ https://outrun.co.il/_next/static/chunks/5677-5539fdbd5d964d2a.js:0
[ 5661710ms] [LOG] [VisualContentService] docToContent "J0fLpmJhG0KDN2tQouxh_10": {hasVideoVariantsField: true, hasVariantsField: false, rawType: array[0], parsedVariantsCount: 0, allTopLevelKeys: Array(14)} @ https://outrun.co.il/_next/static/chunks/5677-5539fdbd5d964d2a.js:0
[ 5661823ms] [LOG] [VisualContentService] docToContent "J0fLpmJhG0KDN2tQouxh_9": {hasVideoVariantsField: true, hasVariantsField: false, rawType: array[0], parsedVariantsCount: 0, allTopLevelKeys: Array(14)} @ https://outrun.co.il/_next/static/chunks/5677-5539fdbd5d964d2a.js:0
[ 5661939ms] [LOG] [VisualContentService] docToContent "J0fLpmJhG0KDN2tQouxh_8": {hasVideoVariantsField: true, hasVariantsField: false, rawType: array[0], parsedVariantsCount: 0, allTopLevelKeys: Array(14)} @ https://outrun.co.il/_next/static/chunks/5677-5539fdbd5d964d2a.js:0
[ 5662068ms] [LOG] [VisualContentService] docToContent "J0fLpmJhG0KDN2tQouxh_7": {hasVideoVariantsField: true, hasVariantsField: false, rawType: array[0], parsedVariantsCount: 0, allTopLevelKeys: Array(14)} @ https://outrun.co.il/_next/static/chunks/5677-5539fdbd5d964d2a.js:0
[ 5662183ms] [LOG] [VisualContentService] docToContent "J0fLpmJhG0KDN2tQouxh_6": {hasVideoVariantsField: true, hasVariantsField: false, rawType: array[0], parsedVariantsCount: 0, allTopLevelKeys: Array(14)} @ https://outrun.co.il/_next/static/chunks/5677-5539fdbd5d964d2a.js:0
[ 5662315ms] [LOG] [VisualContentService] docToContent "J0fLpmJhG0KDN2tQouxh_5": {hasVideoVariantsField: true, hasVariantsField: false, rawType: array[0], parsedVariantsCount: 0, allTopLevelKeys: Array(14)} @ https://outrun.co.il/_next/static/chunks/5677-5539fdbd5d964d2a.js:0
[ 5662437ms] [LOG] [VisualContentService] docToContent "J0fLpmJhG0KDN2tQouxh_4": {hasVideoVariantsField: true, hasVariantsField: false, rawType: array[0], parsedVariantsCount: 0, allTopLevelKeys: Array(14)} @ https://outrun.co.il/_next/static/chunks/5677-5539fdbd5d964d2a.js:0
[ 5662573ms] [LOG] [VisualContentService] docToContent "J0fLpmJhG0KDN2tQouxh_3": {hasVideoVariantsField: true, hasVariantsField: false, rawType: array[0], parsedVariantsCount: 0, allTopLevelKeys: Array(14)} @ https://outrun.co.il/_next/static/chunks/5677-5539fdbd5d964d2a.js:0
[ 5662703ms] [LOG] [VisualContentService] docToContent "J0fLpmJhG0KDN2tQouxh_2": {hasVideoVariantsField: true, hasVariantsField: false, rawType: array[0], parsedVariantsCount: 0, allTopLevelKeys: Array(14)} @ https://outrun.co.il/_next/static/chunks/5677-5539fdbd5d964d2a.js:0
[ 5662846ms] [LOG] [VisualContentService] docToContent "J0fLpmJhG0KDN2tQouxh_1": {hasVideoVariantsField: true, hasVariantsField: false, rawType: array[0], parsedVariantsCount: 0, allTopLevelKeys: Array(14)} @ https://outrun.co.il/_next/static/chunks/5677-5539fdbd5d964d2a.js:0
[ 5663785ms] [LOG] [DEBUG-RESOLVER] resolveContent("push", 4) → programId="J0fLpmJhG0KDN2tQouxh" @ https://outrun.co.il/_next/static/chunks/5677-5539fdbd5d964d2a.js:0
[ 5663785ms] [LOG] [DEBUG-RESOLVER] resolveContent("push", 3) → programId="J0fLpmJhG0KDN2tQouxh" @ https://outrun.co.il/_next/static/chunks/5677-5539fdbd5d964d2a.js:0
[ 5663785ms] [LOG] [DEBUG-RESOLVER] resolveContent("push", 5) → programId="J0fLpmJhG0KDN2tQouxh" @ https://outrun.co.il/_next/static/chunks/5677-5539fdbd5d964d2a.js:0
[ 5663785ms] [LOG] [DEBUG-RESOLVER] resolveContent("push", 5) → programId="J0fLpmJhG0KDN2tQouxh" @ https://outrun.co.il/_next/static/chunks/5677-5539fdbd5d964d2a.js:0
[ 5663928ms] [LOG] [VisualContentService] docToContent "J0fLpmJhG0KDN2tQouxh_3": {hasVideoVariantsField: true, hasVariantsField: false, rawType: array[0], parsedVariantsCount: 0, allTopLevelKeys: Array(14)} @ https://outrun.co.il/_next/static/chunks/5677-5539fdbd5d964d2a.js:0
[ 5663928ms] [LOG] [DEBUG-RESOLVER] attempt1 getVisualContentItem("J0fLpmJhG0KDN2tQouxh", 3) → FOUND @ https://outrun.co.il/_next/static/chunks/5677-5539fdbd5d964d2a.js:0
[ 5663928ms] [LOG] [VisualContentService] docToContent "J0fLpmJhG0KDN2tQouxh_5": {hasVideoVariantsField: true, hasVariantsField: false, rawType: array[0], parsedVariantsCount: 0, allTopLevelKeys: Array(14)} @ https://outrun.co.il/_next/static/chunks/5677-5539fdbd5d964d2a.js:0
[ 5663928ms] [LOG] [DEBUG-RESOLVER] attempt1 getVisualContentItem("J0fLpmJhG0KDN2tQouxh", 5) → FOUND @ https://outrun.co.il/_next/static/chunks/5677-5539fdbd5d964d2a.js:0
[ 5663928ms] [LOG] [VisualContentService] docToContent "J0fLpmJhG0KDN2tQouxh_5": {hasVideoVariantsField: true, hasVariantsField: false, rawType: array[0], parsedVariantsCount: 0, allTopLevelKeys: Array(14)} @ https://outrun.co.il/_next/static/chunks/5677-5539fdbd5d964d2a.js:0
[ 5663928ms] [LOG] [DEBUG-RESOLVER] attempt1 getVisualContentItem("J0fLpmJhG0KDN2tQouxh", 5) → FOUND @ https://outrun.co.il/_next/static/chunks/5677-5539fdbd5d964d2a.js:0
[ 5664062ms] [LOG] [ContentResolver] Level 3 — exercise video resolved: "פשיטת מרפקים על ספסל" → https://vz-b17872ab-7a7.b-cdn.net/baa1e44e-19ce-4939-bb77-20… @ https://outrun.co.il/_next/static/chunks/5677-5539fdbd5d964d2a.js:0
[ 5664070ms] [LOG] [ContentResolver] Level 5 — exercise video resolved: "שכיבות סמיכה" → https://vz-b17872ab-7a7.b-cdn.net/a2412dd0-5f79-418b-856b-db… @ https://outrun.co.il/_next/static/chunks/5677-5539fdbd5d964d2a.js:0
[ 5664071ms] [LOG] [ContentResolver] Level 5 — exercise video resolved: "שכיבות סמיכה" → https://vz-b17872ab-7a7.b-cdn.net/a2412dd0-5f79-418b-856b-db… @ https://outrun.co.il/_next/static/chunks/5677-5539fdbd5d964d2a.js:0
[ 5666271ms] [LOG] [DEBUG-RESOLVER] resolveContent("push", 19) → programId="J0fLpmJhG0KDN2tQouxh" @ https://outrun.co.il/_next/static/chunks/5677-5539fdbd5d964d2a.js:0
[ 5666271ms] [LOG] [DEBUG-RESOLVER] resolveContent("push", 18) → programId="J0fLpmJhG0KDN2tQouxh" @ https://outrun.co.il/_next/static/chunks/5677-5539fdbd5d964d2a.js:0
[ 5666271ms] [LOG] [DEBUG-RESOLVER] resolveContent("push", 20) → programId="J0fLpmJhG0KDN2tQouxh" @ https://outrun.co.il/_next/static/chunks/5677-5539fdbd5d964d2a.js:0
[ 5666272ms] [LOG] [DEBUG-RESOLVER] resolveContent("push", 20) → programId="J0fLpmJhG0KDN2tQouxh" @ https://outrun.co.il/_next/static/chunks/5677-5539fdbd5d964d2a.js:0
[ 5671387ms] [LOG] [DEBUG-RESOLVER] resolveContent("push", 20) → programId="J0fLpmJhG0KDN2tQouxh" @ https://outrun.co.il/_next/static/chunks/5677-5539fdbd5d964d2a.js:0
[ 5671387ms] [LOG] [DEBUG-RESOLVER] resolveContent("push", 19) → programId="J0fLpmJhG0KDN2tQouxh" @ https://outrun.co.il/_next/static/chunks/5677-5539fdbd5d964d2a.js:0
[ 5671387ms] [LOG] [DEBUG-RESOLVER] resolveContent("push", 21) → programId="J0fLpmJhG0KDN2tQouxh" @ https://outrun.co.il/_next/static/chunks/5677-5539fdbd5d964d2a.js:0
[ 5671387ms] [LOG] [DEBUG-RESOLVER] resolveContent("push", 21) → programId="J0fLpmJhG0KDN2tQouxh" @ https://outrun.co.il/_next/static/chunks/5677-5539fdbd5d964d2a.js:0
[ 5671521ms] [LOG] [VisualContentService] docToContent "J0fLpmJhG0KDN2tQouxh_21": {hasVideoVariantsField: true, hasVariantsField: false, rawType: array[0], parsedVariantsCount: 0, allTopLevelKeys: Array(10)} @ https://outrun.co.il/_next/static/chunks/5677-5539fdbd5d964d2a.js:0
[ 5671521ms] [LOG] [DEBUG-RESOLVER] attempt1 getVisualContentItem("J0fLpmJhG0KDN2tQouxh", 21) → FOUND @ https://outrun.co.il/_next/static/chunks/5677-5539fdbd5d964d2a.js:0
[ 5671521ms] [LOG] [VisualContentService] docToContent "J0fLpmJhG0KDN2tQouxh_21": {hasVideoVariantsField: true, hasVariantsField: false, rawType: array[0], parsedVariantsCount: 0, allTopLevelKeys: Array(10)} @ https://outrun.co.il/_next/static/chunks/5677-5539fdbd5d964d2a.js:0
[ 5671521ms] [LOG] [DEBUG-RESOLVER] attempt1 getVisualContentItem("J0fLpmJhG0KDN2tQouxh", 21) → FOUND @ https://outrun.co.il/_next/static/chunks/5677-5539fdbd5d964d2a.js:0
[ 5671648ms] [LOG] [VisualContentService] docToContent "J0fLpmJhG0KDN2tQouxh_20": {hasVideoVariantsField: true, hasVariantsField: false, rawType: array[0], parsedVariantsCount: 0, allTopLevelKeys: Array(14)} @ https://outrun.co.il/_next/static/chunks/5677-5539fdbd5d964d2a.js:0
[ 5671649ms] [LOG] [VisualContentService] docToContent "J0fLpmJhG0KDN2tQouxh_20": {hasVideoVariantsField: true, hasVariantsField: false, rawType: array[0], parsedVariantsCount: 0, allTopLevelKeys: Array(14)} @ https://outrun.co.il/_next/static/chunks/5677-5539fdbd5d964d2a.js:0
[ 5671791ms] [LOG] [VisualContentService] docToContent "J0fLpmJhG0KDN2tQouxh_19": {hasVideoVariantsField: true, hasVariantsField: false, rawType: array[0], parsedVariantsCount: 0, allTopLevelKeys: Array(14)} @ https://outrun.co.il/_next/static/chunks/5677-5539fdbd5d964d2a.js:0
[ 5671791ms] [LOG] [VisualContentService] docToContent "J0fLpmJhG0KDN2tQouxh_19": {hasVideoVariantsField: true, hasVariantsField: false, rawType: array[0], parsedVariantsCount: 0, allTopLevelKeys: Array(14)} @ https://outrun.co.il/_next/static/chunks/5677-5539fdbd5d964d2a.js:0
[ 5671915ms] [LOG] [VisualContentService] docToContent "J0fLpmJhG0KDN2tQouxh_18": {hasVideoVariantsField: true, hasVariantsField: false, rawType: array[0], parsedVariantsCount: 0, allTopLevelKeys: Array(14)} @ https://outrun.co.il/_next/static/chunks/5677-5539fdbd5d964d2a.js:0
[ 5671915ms] [LOG] [VisualContentService] docToContent "J0fLpmJhG0KDN2tQouxh_18": {hasVideoVariantsField: true, hasVariantsField: false, rawType: array[0], parsedVariantsCount: 0, allTopLevelKeys: Array(14)} @ https://outrun.co.il/_next/static/chunks/5677-5539fdbd5d964d2a.js:0
[ 5672036ms] [LOG] [VisualContentService] docToContent "J0fLpmJhG0KDN2tQouxh_17": {hasVideoVariantsField: true, hasVariantsField: false, rawType: array[0], parsedVariantsCount: 0, allTopLevelKeys: Array(14)} @ https://outrun.co.il/_next/static/chunks/5677-5539fdbd5d964d2a.js:0
[ 5672036ms] [LOG] [VisualContentService] docToContent "J0fLpmJhG0KDN2tQouxh_17": {hasVideoVariantsField: true, hasVariantsField: false, rawType: array[0], parsedVariantsCount: 0, allTopLevelKeys: Array(14)} @ https://outrun.co.il/_next/static/chunks/5677-5539fdbd5d964d2a.js:0
[ 5672163ms] [LOG] [VisualContentService] docToContent "J0fLpmJhG0KDN2tQouxh_16": {hasVideoVariantsField: true, hasVariantsField: false, rawType: array[0], parsedVariantsCount: 0, allTopLevelKeys: Array(14)} @ https://outrun.co.il/_next/static/chunks/5677-5539fdbd5d964d2a.js:0
[ 5672163ms] [LOG] [VisualContentService] docToContent "J0fLpmJhG0KDN2tQouxh_16": {hasVideoVariantsField: true, hasVariantsField: false, rawType: array[0], parsedVariantsCount: 0, allTopLevelKeys: Array(14)} @ https://outrun.co.il/_next/static/chunks/5677-5539fdbd5d964d2a.js:0
[ 5672301ms] [LOG] [VisualContentService] docToContent "J0fLpmJhG0KDN2tQouxh_15": {hasVideoVariantsField: true, hasVariantsField: false, rawType: array[0], parsedVariantsCount: 0, allTopLevelKeys: Array(14)} @ https://outrun.co.il/_next/static/chunks/5677-5539fdbd5d964d2a.js:0
[ 5672301ms] [LOG] [VisualContentService] docToContent "J0fLpmJhG0KDN2tQouxh_15": {hasVideoVariantsField: true, hasVariantsField: false, rawType: array[0], parsedVariantsCount: 0, allTopLevelKeys: Array(14)} @ https://outrun.co.il/_next/static/chunks/5677-5539fdbd5d964d2a.js:0
[ 5672416ms] [LOG] [VisualContentService] docToContent "J0fLpmJhG0KDN2tQouxh_14": {hasVideoVariantsField: true, hasVariantsField: false, rawType: array[0], parsedVariantsCount: 0, allTopLevelKeys: Array(14)} @ https://outrun.co.il/_next/static/chunks/5677-5539fdbd5d964d2a.js:0
[ 5672417ms] [LOG] [VisualContentService] docToContent "J0fLpmJhG0KDN2tQouxh_14": {hasVideoVariantsField: true, hasVariantsField: false, rawType: array[0], parsedVariantsCount: 0, allTopLevelKeys: Array(14)} @ https://outrun.co.il/_next/static/chunks/5677-5539fdbd5d964d2a.js:0
[ 5672470ms] [LOG] [DEBUG-RESOLVER] resolveContent("push", 19) → programId="J0fLpmJhG0KDN2tQouxh" @ https://outrun.co.il/_next/static/chunks/5677-5539fdbd5d964d2a.js:0
[ 5672470ms] [LOG] [DEBUG-RESOLVER] resolveContent("push", 18) → programId="J0fLpmJhG0KDN2tQouxh" @ https://outrun.co.il/_next/static/chunks/5677-5539fdbd5d964d2a.js:0
[ 5672470ms] [LOG] [DEBUG-RESOLVER] resolveContent("push", 20) → programId="J0fLpmJhG0KDN2tQouxh" @ https://outrun.co.il/_next/static/chunks/5677-5539fdbd5d964d2a.js:0
[ 5672470ms] [LOG] [DEBUG-RESOLVER] resolveContent("push", 20) → programId="J0fLpmJhG0KDN2tQouxh" @ https://outrun.co.il/_next/static/chunks/5677-5539fdbd5d964d2a.js:0
[ 5672540ms] [LOG] [VisualContentService] docToContent "J0fLpmJhG0KDN2tQouxh_13": {hasVideoVariantsField: true, hasVariantsField: false, rawType: array[0], parsedVariantsCount: 0, allTopLevelKeys: Array(14)} @ https://outrun.co.il/_next/static/chunks/5677-5539fdbd5d964d2a.js:0
[ 5672541ms] [LOG] [VisualContentService] docToContent "J0fLpmJhG0KDN2tQouxh_13": {hasVideoVariantsField: true, hasVariantsField: false, rawType: array[0], parsedVariantsCount: 0, allTopLevelKeys: Array(14)} @ https://outrun.co.il/_next/static/chunks/5677-5539fdbd5d964d2a.js:0
[ 5672709ms] [LOG] [VisualContentService] docToContent "J0fLpmJhG0KDN2tQouxh_12": {hasVideoVariantsField: true, hasVariantsField: false, rawType: array[0], parsedVariantsCount: 0, allTopLevelKeys: Array(14)} @ https://outrun.co.il/_next/static/chunks/5677-5539fdbd5d964d2a.js:0
[ 5672710ms] [LOG] [VisualContentService] docToContent "J0fLpmJhG0KDN2tQouxh_12": {hasVideoVariantsField: true, hasVariantsField: false, rawType: array[0], parsedVariantsCount: 0, allTopLevelKeys: Array(14)} @ https://outrun.co.il/_next/static/chunks/5677-5539fdbd5d964d2a.js:0
[ 5672830ms] [LOG] [VisualContentService] docToContent "J0fLpmJhG0KDN2tQouxh_11": {hasVideoVariantsField: true, hasVariantsField: false, rawType: array[0], parsedVariantsCount: 0, allTopLevelKeys: Array(14)} @ https://outrun.co.il/_next/static/chunks/5677-5539fdbd5d964d2a.js:0
[ 5672830ms] [LOG] [VisualContentService] docToContent "J0fLpmJhG0KDN2tQouxh_11": {hasVideoVariantsField: true, hasVariantsField: false, rawType: array[0], parsedVariantsCount: 0, allTopLevelKeys: Array(14)} @ https://outrun.co.il/_next/static/chunks/5677-5539fdbd5d964d2a.js:0
[ 5672957ms] [LOG] [VisualContentService] docToContent "J0fLpmJhG0KDN2tQouxh_10": {hasVideoVariantsField: true, hasVariantsField: false, rawType: array[0], parsedVariantsCount: 0, allTopLevelKeys: Array(14)} @ https://outrun.co.il/_next/static/chunks/5677-5539fdbd5d964d2a.js:0
[ 5672958ms] [LOG] [VisualContentService] docToContent "J0fLpmJhG0KDN2tQouxh_10": {hasVideoVariantsField: true, hasVariantsField: false, rawType: array[0], parsedVariantsCount: 0, allTopLevelKeys: Array(14)} @ https://outrun.co.il/_next/static/chunks/5677-5539fdbd5d964d2a.js:0
[ 5673100ms] [LOG] [VisualContentService] docToContent "J0fLpmJhG0KDN2tQouxh_9": {hasVideoVariantsField: true, hasVariantsField: false, rawType: array[0], parsedVariantsCount: 0, allTopLevelKeys: Array(14)} @ https://outrun.co.il/_next/static/chunks/5677-5539fdbd5d964d2a.js:0
[ 5673100ms] [LOG] [VisualContentService] docToContent "J0fLpmJhG0KDN2tQouxh_9": {hasVideoVariantsField: true, hasVariantsField: false, rawType: array[0], parsedVariantsCount: 0, allTopLevelKeys: Array(14)} @ https://outrun.co.il/_next/static/chunks/5677-5539fdbd5d964d2a.js:0
[ 5673235ms] [LOG] [VisualContentService] docToContent "J0fLpmJhG0KDN2tQouxh_8": {hasVideoVariantsField: true, hasVariantsField: false, rawType: array[0], parsedVariantsCount: 0, allTopLevelKeys: Array(14)} @ https://outrun.co.il/_next/static/chunks/5677-5539fdbd5d964d2a.js:0
[ 5673235ms] [LOG] [VisualContentService] docToContent "J0fLpmJhG0KDN2tQouxh_8": {hasVideoVariantsField: true, hasVariantsField: false, rawType: array[0], parsedVariantsCount: 0, allTopLevelKeys: Array(14)} @ https://outrun.co.il/_next/static/chunks/5677-5539fdbd5d964d2a.js:0
[ 5673359ms] [LOG] [VisualContentService] docToContent "J0fLpmJhG0KDN2tQouxh_7": {hasVideoVariantsField: true, hasVariantsField: false, rawType: array[0], parsedVariantsCount: 0, allTopLevelKeys: Array(14)} @ https://outrun.co.il/_next/static/chunks/5677-5539fdbd5d964d2a.js:0
[ 5673359ms] [LOG] [VisualContentService] docToContent "J0fLpmJhG0KDN2tQouxh_7": {hasVideoVariantsField: true, hasVariantsField: false, rawType: array[0], parsedVariantsCount: 0, allTopLevelKeys: Array(14)} @ https://outrun.co.il/_next/static/chunks/5677-5539fdbd5d964d2a.js:0
[ 5673495ms] [LOG] [VisualContentService] docToContent "J0fLpmJhG0KDN2tQouxh_6": {hasVideoVariantsField: true, hasVariantsField: false, rawType: array[0], parsedVariantsCount: 0, allTopLevelKeys: Array(14)} @ https://outrun.co.il/_next/static/chunks/5677-5539fdbd5d964d2a.js:0
[ 5673496ms] [LOG] [VisualContentService] docToContent "J0fLpmJhG0KDN2tQouxh_6": {hasVideoVariantsField: true, hasVariantsField: false, rawType: array[0], parsedVariantsCount: 0, allTopLevelKeys: Array(14)} @ https://outrun.co.il/_next/static/chunks/5677-5539fdbd5d964d2a.js:0
[ 5673634ms] [LOG] [VisualContentService] docToContent "J0fLpmJhG0KDN2tQouxh_5": {hasVideoVariantsField: true, hasVariantsField: false, rawType: array[0], parsedVariantsCount: 0, allTopLevelKeys: Array(14)} @ https://outrun.co.il/_next/static/chunks/5677-5539fdbd5d964d2a.js:0
[ 5673635ms] [LOG] [VisualContentService] docToContent "J0fLpmJhG0KDN2tQouxh_5": {hasVideoVariantsField: true, hasVariantsField: false, rawType: array[0], parsedVariantsCount: 0, allTopLevelKeys: Array(14)} @ https://outrun.co.il/_next/static/chunks/5677-5539fdbd5d964d2a.js:0
[ 5673754ms] [LOG] [VisualContentService] docToContent "J0fLpmJhG0KDN2tQouxh_4": {hasVideoVariantsField: true, hasVariantsField: false, rawType: array[0], parsedVariantsCount: 0, allTopLevelKeys: Array(14)} @ https://outrun.co.il/_next/static/chunks/5677-5539fdbd5d964d2a.js:0
[ 5673755ms] [LOG] [VisualContentService] docToContent "J0fLpmJhG0KDN2tQouxh_4": {hasVideoVariantsField: true, hasVariantsField: false, rawType: array[0], parsedVariantsCount: 0, allTopLevelKeys: Array(14)} @ https://outrun.co.il/_next/static/chunks/5677-5539fdbd5d964d2a.js:0
[ 5673892ms] [LOG] [VisualContentService] docToContent "J0fLpmJhG0KDN2tQouxh_3": {hasVideoVariantsField: true, hasVariantsField: false, rawType: array[0], parsedVariantsCount: 0, allTopLevelKeys: Array(14)} @ https://outrun.co.il/_next/static/chunks/5677-5539fdbd5d964d2a.js:0
[ 5673892ms] [LOG] [VisualContentService] docToContent "J0fLpmJhG0KDN2tQouxh_3": {hasVideoVariantsField: true, hasVariantsField: false, rawType: array[0], parsedVariantsCount: 0, allTopLevelKeys: Array(14)} @ https://outrun.co.il/_next/static/chunks/5677-5539fdbd5d964d2a.js:0
[ 5674019ms] [LOG] [VisualContentService] docToContent "J0fLpmJhG0KDN2tQouxh_2": {hasVideoVariantsField: true, hasVariantsField: false, rawType: array[0], parsedVariantsCount: 0, allTopLevelKeys: Array(14)} @ https://outrun.co.il/_next/static/chunks/5677-5539fdbd5d964d2a.js:0
[ 5674019ms] [LOG] [VisualContentService] docToContent "J0fLpmJhG0KDN2tQouxh_2": {hasVideoVariantsField: true, hasVariantsField: false, rawType: array[0], parsedVariantsCount: 0, allTopLevelKeys: Array(14)} @ https://outrun.co.il/_next/static/chunks/5677-5539fdbd5d964d2a.js:0
[ 5674141ms] [LOG] [VisualContentService] docToContent "J0fLpmJhG0KDN2tQouxh_1": {hasVideoVariantsField: true, hasVariantsField: false, rawType: array[0], parsedVariantsCount: 0, allTopLevelKeys: Array(14)} @ https://outrun.co.il/_next/static/chunks/5677-5539fdbd5d964d2a.js:0
[ 5674141ms] [LOG] [VisualContentService] docToContent "J0fLpmJhG0KDN2tQouxh_1": {hasVideoVariantsField: true, hasVariantsField: false, rawType: array[0], parsedVariantsCount: 0, allTopLevelKeys: Array(14)} @ https://outrun.co.il/_next/static/chunks/5677-5539fdbd5d964d2a.js:0
[ 5677719ms] [LOG] [DEBUG-RESOLVER] resolveContent("push", 18) → programId="J0fLpmJhG0KDN2tQouxh" @ https://outrun.co.il/_next/static/chunks/5677-5539fdbd5d964d2a.js:0
[ 5677720ms] [LOG] [DEBUG-RESOLVER] resolveContent("push", 17) → programId="J0fLpmJhG0KDN2tQouxh" @ https://outrun.co.il/_next/static/chunks/5677-5539fdbd5d964d2a.js:0
[ 5677720ms] [LOG] [DEBUG-RESOLVER] resolveContent("push", 19) → programId="J0fLpmJhG0KDN2tQouxh" @ https://outrun.co.il/_next/static/chunks/5677-5539fdbd5d964d2a.js:0
[ 5677720ms] [LOG] [DEBUG-RESOLVER] resolveContent("push", 19) → programId="J0fLpmJhG0KDN2tQouxh" @ https://outrun.co.il/_next/static/chunks/5677-5539fdbd5d964d2a.js:0
[ 5677852ms] [LOG] [VisualContentService] docToContent "J0fLpmJhG0KDN2tQouxh_17": {hasVideoVariantsField: true, hasVariantsField: false, rawType: array[0], parsedVariantsCount: 0, allTopLevelKeys: Array(14)} @ https://outrun.co.il/_next/static/chunks/5677-5539fdbd5d964d2a.js:0
[ 5677852ms] [LOG] [DEBUG-RESOLVER] attempt1 getVisualContentItem("J0fLpmJhG0KDN2tQouxh", 17) → FOUND @ https://outrun.co.il/_next/static/chunks/5677-5539fdbd5d964d2a.js:0
[ 5677985ms] [LOG] [ContentResolver] Level 17 — exercise video resolved: "בק לבר בפישוק" → https://vz-b17872ab-7a7.b-cdn.net/18d409c4-552f-4ade-913e-ed… @ https://outrun.co.il/_next/static/chunks/5677-5539fdbd5d964d2a.js:0
[ 5679821ms] [LOG] [DEBUG-RESOLVER] resolveContent("push", 1) → programId="J0fLpmJhG0KDN2tQouxh" @ https://outrun.co.il/_next/static/chunks/5677-5539fdbd5d964d2a.js:0
[ 5679821ms] [LOG] [DEBUG-RESOLVER] resolveContent("push", 2) → programId="J0fLpmJhG0KDN2tQouxh" @ https://outrun.co.il/_next/static/chunks/5677-5539fdbd5d964d2a.js:0
[ 5679821ms] [LOG] [DEBUG-RESOLVER] resolveContent("push", 2) → programId="J0fLpmJhG0KDN2tQouxh" @ https://outrun.co.il/_next/static/chunks/5677-5539fdbd5d964d2a.js:0
[ 5681854ms] [LOG] [DEBUG-RESOLVER] resolveContent("push", 6) → programId="J0fLpmJhG0KDN2tQouxh" @ https://outrun.co.il/_next/static/chunks/5677-5539fdbd5d964d2a.js:0
[ 5681854ms] [LOG] [DEBUG-RESOLVER] resolveContent("push", 5) → programId="J0fLpmJhG0KDN2tQouxh" @ https://outrun.co.il/_next/static/chunks/5677-5539fdbd5d964d2a.js:0
[ 5681854ms] [LOG] [DEBUG-RESOLVER] resolveContent("push", 7) → programId="J0fLpmJhG0KDN2tQouxh" @ https://outrun.co.il/_next/static/chunks/5677-5539fdbd5d964d2a.js:0
[ 5681855ms] [LOG] [DEBUG-RESOLVER] resolveContent("push", 7) → programId="J0fLpmJhG0KDN2tQouxh" @ https://outrun.co.il/_next/static/chunks/5677-5539fdbd5d964d2a.js:0
[ 5681990ms] [LOG] [VisualContentService] docToContent "J0fLpmJhG0KDN2tQouxh_7": {hasVideoVariantsField: true, hasVariantsField: false, rawType: array[0], parsedVariantsCount: 0, allTopLevelKeys: Array(14)} @ https://outrun.co.il/_next/static/chunks/5677-5539fdbd5d964d2a.js:0
[ 5681990ms] [LOG] [DEBUG-RESOLVER] attempt1 getVisualContentItem("J0fLpmJhG0KDN2tQouxh", 7) → FOUND @ https://outrun.co.il/_next/static/chunks/5677-5539fdbd5d964d2a.js:0
[ 5681990ms] [LOG] [VisualContentService] docToContent "J0fLpmJhG0KDN2tQouxh_7": {hasVideoVariantsField: true, hasVariantsField: false, rawType: array[0], parsedVariantsCount: 0, allTopLevelKeys: Array(14)} @ https://outrun.co.il/_next/static/chunks/5677-5539fdbd5d964d2a.js:0
[ 5681990ms] [LOG] [DEBUG-RESOLVER] attempt1 getVisualContentItem("J0fLpmJhG0KDN2tQouxh", 7) → FOUND @ https://outrun.co.il/_next/static/chunks/5677-5539fdbd5d964d2a.js:0
[ 5682128ms] [LOG] [ContentResolver] Level 7 — exercise video resolved: "ישיבת L ברכיים כפופות" → https://vz-b17872ab-7a7.b-cdn.net/d4e3274f-791d-4218-ba19-b1… @ https://outrun.co.il/_next/static/chunks/5677-5539fdbd5d964d2a.js:0
[ 5682128ms] [LOG] [ContentResolver] Level 7 — exercise video resolved: "ישיבת L ברכיים כפופות" → https://vz-b17872ab-7a7.b-cdn.net/d4e3274f-791d-4218-ba19-b1… @ https://outrun.co.il/_next/static/chunks/5677-5539fdbd5d964d2a.js:0
[ 5685186ms] [LOG] [DEBUG-RESOLVER] resolveContent("push", 9) → programId="J0fLpmJhG0KDN2tQouxh" @ https://outrun.co.il/_next/static/chunks/5677-5539fdbd5d964d2a.js:0
[ 5685187ms] [LOG] [DEBUG-RESOLVER] resolveContent("push", 8) → programId="J0fLpmJhG0KDN2tQouxh" @ https://outrun.co.il/_next/static/chunks/5677-5539fdbd5d964d2a.js:0
[ 5685187ms] [LOG] [DEBUG-RESOLVER] resolveContent("push", 10) → programId="J0fLpmJhG0KDN2tQouxh" @ https://outrun.co.il/_next/static/chunks/5677-5539fdbd5d964d2a.js:0
[ 5685187ms] [LOG] [DEBUG-RESOLVER] resolveContent("push", 10) → programId="J0fLpmJhG0KDN2tQouxh" @ https://outrun.co.il/_next/static/chunks/5677-5539fdbd5d964d2a.js:0
[ 5685348ms] [LOG] [VisualContentService] docToContent "J0fLpmJhG0KDN2tQouxh_8": {hasVideoVariantsField: true, hasVariantsField: false, rawType: array[0], parsedVariantsCount: 0, allTopLevelKeys: Array(14)} @ https://outrun.co.il/_next/static/chunks/5677-5539fdbd5d964d2a.js:0
[ 5685349ms] [LOG] [DEBUG-RESOLVER] attempt1 getVisualContentItem("J0fLpmJhG0KDN2tQouxh", 8) → FOUND @ https://outrun.co.il/_next/static/chunks/5677-5539fdbd5d964d2a.js:0
[ 5685352ms] [LOG] [VisualContentService] docToContent "J0fLpmJhG0KDN2tQouxh_10": {hasVideoVariantsField: true, hasVariantsField: false, rawType: array[0], parsedVariantsCount: 0, allTopLevelKeys: Array(14)} @ https://outrun.co.il/_next/static/chunks/5677-5539fdbd5d964d2a.js:0
[ 5685352ms] [LOG] [DEBUG-RESOLVER] attempt1 getVisualContentItem("J0fLpmJhG0KDN2tQouxh", 10) → FOUND @ https://outrun.co.il/_next/static/chunks/5677-5539fdbd5d964d2a.js:0
[ 5685352ms] [LOG] [VisualContentService] docToContent "J0fLpmJhG0KDN2tQouxh_10": {hasVideoVariantsField: true, hasVariantsField: false, rawType: array[0], parsedVariantsCount: 0, allTopLevelKeys: Array(14)} @ https://outrun.co.il/_next/static/chunks/5677-5539fdbd5d964d2a.js:0
[ 5685352ms] [LOG] [DEBUG-RESOLVER] attempt1 getVisualContentItem("J0fLpmJhG0KDN2tQouxh", 10) → FOUND @ https://outrun.co.il/_next/static/chunks/5677-5539fdbd5d964d2a.js:0
[ 5685493ms] [LOG] [ContentResolver] Level 8 — exercise video resolved: "מקבילים טווח עליון" → https://vz-b17872ab-7a7.b-cdn.net/dc6c422a-f1a6-498f-afd7-35… @ https://outrun.co.il/_next/static/chunks/5677-5539fdbd5d964d2a.js:0
[ 5685493ms] [LOG] [ContentResolver] Level 10 — exercise video resolved: "מקבילים" → https://vz-b17872ab-7a7.b-cdn.net/726dd77e-6f84-4862-a7ab-cd… @ https://outrun.co.il/_next/static/chunks/5677-5539fdbd5d964d2a.js:0
[ 5685493ms] [LOG] [ContentResolver] Level 10 — exercise video resolved: "מקבילים" → https://vz-b17872ab-7a7.b-cdn.net/726dd77e-6f84-4862-a7ab-cd… @ https://outrun.co.il/_next/static/chunks/5677-5539fdbd5d964d2a.js:0
[ 5686001ms] [LOG] [DEBUG-RESOLVER] resolveContent("push", 19) → programId="J0fLpmJhG0KDN2tQouxh" @ https://outrun.co.il/_next/static/chunks/5677-5539fdbd5d964d2a.js:0
[ 5686002ms] [LOG] [DEBUG-RESOLVER] resolveContent("push", 18) → programId="J0fLpmJhG0KDN2tQouxh" @ https://outrun.co.il/_next/static/chunks/5677-5539fdbd5d964d2a.js:0
[ 5686002ms] [LOG] [DEBUG-RESOLVER] resolveContent("push", 20) → programId="J0fLpmJhG0KDN2tQouxh" @ https://outrun.co.il/_next/static/chunks/5677-5539fdbd5d964d2a.js:0
[ 5686002ms] [LOG] [DEBUG-RESOLVER] resolveContent("push", 20) → programId="J0fLpmJhG0KDN2tQouxh" @ https://outrun.co.il/_next/static/chunks/5677-5539fdbd5d964d2a.js:0
[ 5688602ms] [LOG] [DEBUG-RESOLVER] resolveContent("push", 9) → programId="J0fLpmJhG0KDN2tQouxh" @ https://outrun.co.il/_next/static/chunks/5677-5539fdbd5d964d2a.js:0
[ 5688602ms] [LOG] [DEBUG-RESOLVER] resolveContent("push", 8) → programId="J0fLpmJhG0KDN2tQouxh" @ https://outrun.co.il/_next/static/chunks/5677-5539fdbd5d964d2a.js:0
[ 5688602ms] [LOG] [DEBUG-RESOLVER] resolveContent("push", 10) → programId="J0fLpmJhG0KDN2tQouxh" @ https://outrun.co.il/_next/static/chunks/5677-5539fdbd5d964d2a.js:0
[ 5688602ms] [LOG] [DEBUG-RESOLVER] resolveContent("push", 10) → programId="J0fLpmJhG0KDN2tQouxh" @ https://outrun.co.il/_next/static/chunks/5677-5539fdbd5d964d2a.js:0
[ 5690353ms] [LOG] [DEBUG-RESOLVER] resolveContent("push", 12) → programId="J0fLpmJhG0KDN2tQouxh" @ https://outrun.co.il/_next/static/chunks/5677-5539fdbd5d964d2a.js:0
[ 5690354ms] [LOG] [DEBUG-RESOLVER] resolveContent("push", 11) → programId="J0fLpmJhG0KDN2tQouxh" @ https://outrun.co.il/_next/static/chunks/5677-5539fdbd5d964d2a.js:0
[ 5690354ms] [LOG] [DEBUG-RESOLVER] resolveContent("push", 13) → programId="J0fLpmJhG0KDN2tQouxh" @ https://outrun.co.il/_next/static/chunks/5677-5539fdbd5d964d2a.js:0
[ 5690354ms] [LOG] [DEBUG-RESOLVER] resolveContent("push", 13) → programId="J0fLpmJhG0KDN2tQouxh" @ https://outrun.co.il/_next/static/chunks/5677-5539fdbd5d964d2a.js:0
[ 5690516ms] [LOG] [VisualContentService] docToContent "J0fLpmJhG0KDN2tQouxh_11": {hasVideoVariantsField: true, hasVariantsField: false, rawType: array[0], parsedVariantsCount: 0, allTopLevelKeys: Array(14)} @ https://outrun.co.il/_next/static/chunks/5677-5539fdbd5d964d2a.js:0
[ 5690516ms] [LOG] [DEBUG-RESOLVER] attempt1 getVisualContentItem("J0fLpmJhG0KDN2tQouxh", 11) → FOUND @ https://outrun.co.il/_next/static/chunks/5677-5539fdbd5d964d2a.js:0
[ 5690525ms] [LOG] [VisualContentService] docToContent "J0fLpmJhG0KDN2tQouxh_13": {hasVideoVariantsField: true, hasVariantsField: false, rawType: array[0], parsedVariantsCount: 0, allTopLevelKeys: Array(14)} @ https://outrun.co.il/_next/static/chunks/5677-5539fdbd5d964d2a.js:0
[ 5690525ms] [LOG] [DEBUG-RESOLVER] attempt1 getVisualContentItem("J0fLpmJhG0KDN2tQouxh", 13) → FOUND @ https://outrun.co.il/_next/static/chunks/5677-5539fdbd5d964d2a.js:0
[ 5690525ms] [LOG] [VisualContentService] docToContent "J0fLpmJhG0KDN2tQouxh_13": {hasVideoVariantsField: true, hasVariantsField: false, rawType: array[0], parsedVariantsCount: 0, allTopLevelKeys: Array(14)} @ https://outrun.co.il/_next/static/chunks/5677-5539fdbd5d964d2a.js:0
[ 5690525ms] [LOG] [DEBUG-RESOLVER] attempt1 getVisualContentItem("J0fLpmJhG0KDN2tQouxh", 13) → FOUND @ https://outrun.co.il/_next/static/chunks/5677-5539fdbd5d964d2a.js:0
[ 5690658ms] [LOG] [ContentResolver] Level 11 — exercise video resolved: "שכיבות סמיכה שיפוע שלילי" → https://vz-b17872ab-7a7.b-cdn.net/c03197dc-921b-4a03-ae4c-e8… @ https://outrun.co.il/_next/static/chunks/5677-5539fdbd5d964d2a.js:0
[ 5690659ms] [LOG] [ContentResolver] Level 13 — exercise video resolved: "שכיבות סמיכה פייק גובה שוק" → https://vz-b17872ab-7a7.b-cdn.net/2cdcaf24-54cf-4d61-94fa-04… @ https://outrun.co.il/_next/static/chunks/5677-5539fdbd5d964d2a.js:0
[ 5690659ms] [LOG] [ContentResolver] Level 13 — exercise video resolved: "שכיבות סמיכה פייק גובה שוק" → https://vz-b17872ab-7a7.b-cdn.net/2cdcaf24-54cf-4d61-94fa-04… @ https://outrun.co.il/_next/static/chunks/5677-5539fdbd5d964d2a.js:0
[ 5691886ms] [LOG] [DEBUG-RESOLVER] resolveContent("push", 14) → programId="J0fLpmJhG0KDN2tQouxh" @ https://outrun.co.il/_next/static/chunks/5677-5539fdbd5d964d2a.js:0
[ 5691887ms] [LOG] [DEBUG-RESOLVER] resolveContent("push", 13) → programId="J0fLpmJhG0KDN2tQouxh" @ https://outrun.co.il/_next/static/chunks/5677-5539fdbd5d964d2a.js:0
[ 5691887ms] [LOG] [DEBUG-RESOLVER] resolveContent("push", 15) → programId="J0fLpmJhG0KDN2tQouxh" @ https://outrun.co.il/_next/static/chunks/5677-5539fdbd5d964d2a.js:0
[ 5691887ms] [LOG] [DEBUG-RESOLVER] resolveContent("push", 15) → programId="J0fLpmJhG0KDN2tQouxh" @ https://outrun.co.il/_next/static/chunks/5677-5539fdbd5d964d2a.js:0
[ 5692049ms] [LOG] [VisualContentService] docToContent "J0fLpmJhG0KDN2tQouxh_15": {hasVideoVariantsField: true, hasVariantsField: false, rawType: array[0], parsedVariantsCount: 0, allTopLevelKeys: Array(14)} @ https://outrun.co.il/_next/static/chunks/5677-5539fdbd5d964d2a.js:0
[ 5692049ms] [LOG] [DEBUG-RESOLVER] attempt1 getVisualContentItem("J0fLpmJhG0KDN2tQouxh", 15) → FOUND @ https://outrun.co.il/_next/static/chunks/5677-5539fdbd5d964d2a.js:0
[ 5692049ms] [LOG] [VisualContentService] docToContent "J0fLpmJhG0KDN2tQouxh_15": {hasVideoVariantsField: true, hasVariantsField: false, rawType: array[0], parsedVariantsCount: 0, allTopLevelKeys: Array(14)} @ https://outrun.co.il/_next/static/chunks/5677-5539fdbd5d964d2a.js:0
[ 5692049ms] [LOG] [DEBUG-RESOLVER] attempt1 getVisualContentItem("J0fLpmJhG0KDN2tQouxh", 15) → FOUND @ https://outrun.co.il/_next/static/chunks/5677-5539fdbd5d964d2a.js:0
[ 5692202ms] [LOG] [ContentResolver] Level 15 — exercise video resolved: "בק לבר בטאק מתקדם" → https://vz-b17872ab-7a7.b-cdn.net/42ae4312-c64b-4365-8491-10… @ https://outrun.co.il/_next/static/chunks/5677-5539fdbd5d964d2a.js:0
[ 5692202ms] [LOG] [ContentResolver] Level 15 — exercise video resolved: "בק לבר בטאק מתקדם" → https://vz-b17872ab-7a7.b-cdn.net/42ae4312-c64b-4365-8491-10… @ https://outrun.co.il/_next/static/chunks/5677-5539fdbd5d964d2a.js:0
[ 5693468ms] [LOG] [DEBUG-RESOLVER] resolveContent("push", 16) → programId="J0fLpmJhG0KDN2tQouxh" @ https://outrun.co.il/_next/static/chunks/5677-5539fdbd5d964d2a.js:0
[ 5693469ms] [LOG] [DEBUG-RESOLVER] resolveContent("push", 15) → programId="J0fLpmJhG0KDN2tQouxh" @ https://outrun.co.il/_next/static/chunks/5677-5539fdbd5d964d2a.js:0
[ 5693469ms] [LOG] [DEBUG-RESOLVER] resolveContent("push", 17) → programId="J0fLpmJhG0KDN2tQouxh" @ https://outrun.co.il/_next/static/chunks/5677-5539fdbd5d964d2a.js:0
[ 5693469ms] [LOG] [DEBUG-RESOLVER] resolveContent("push", 17) → programId="J0fLpmJhG0KDN2tQouxh" @ https://outrun.co.il/_next/static/chunks/5677-5539fdbd5d964d2a.js:0
[ 5696252ms] [LOG] [DEBUG-RESOLVER] resolveContent("push", 18) → programId="J0fLpmJhG0KDN2tQouxh" @ https://outrun.co.il/_next/static/chunks/5677-5539fdbd5d964d2a.js:0
[ 5696253ms] [LOG] [DEBUG-RESOLVER] resolveContent("push", 17) → programId="J0fLpmJhG0KDN2tQouxh" @ https://outrun.co.il/_next/static/chunks/5677-5539fdbd5d964d2a.js:0
[ 5696253ms] [LOG] [DEBUG-RESOLVER] resolveContent("push", 19) → programId="J0fLpmJhG0KDN2tQouxh" @ https://outrun.co.il/_next/static/chunks/5677-5539fdbd5d964d2a.js:0
[ 5696253ms] [LOG] [DEBUG-RESOLVER] resolveContent("push", 19) → programId="J0fLpmJhG0KDN2tQouxh" @ https://outrun.co.il/_next/static/chunks/5677-5539fdbd5d964d2a.js:0
[ 5699901ms] [LOG] [DEBUG-RESOLVER] resolveContent("push", 19) → programId="J0fLpmJhG0KDN2tQouxh" @ https://outrun.co.il/_next/static/chunks/5677-5539fdbd5d964d2a.js:0
[ 5699902ms] [LOG] [DEBUG-RESOLVER] resolveContent("push", 18) → programId="J0fLpmJhG0KDN2tQouxh" @ https://outrun.co.il/_next/static/chunks/5677-5539fdbd5d964d2a.js:0
[ 5699902ms] [LOG] [DEBUG-RESOLVER] resolveContent("push", 20) → programId="J0fLpmJhG0KDN2tQouxh" @ https://outrun.co.il/_next/static/chunks/5677-5539fdbd5d964d2a.js:0
[ 5699902ms] [LOG] [DEBUG-RESOLVER] resolveContent("push", 20) → programId="J0fLpmJhG0KDN2tQouxh" @ https://outrun.co.il/_next/static/chunks/5677-5539fdbd5d964d2a.js:0
[ 5707771ms] [LOG] [DEBUG-RESOLVER] resolveContent("push", 4) → programId="J0fLpmJhG0KDN2tQouxh" @ https://outrun.co.il/_next/static/chunks/5677-5539fdbd5d964d2a.js:0
[ 5707771ms] [LOG] [DEBUG-RESOLVER] resolveContent("push", 3) → programId="J0fLpmJhG0KDN2tQouxh" @ https://outrun.co.il/_next/static/chunks/5677-5539fdbd5d964d2a.js:0
[ 5707771ms] [LOG] [DEBUG-RESOLVER] resolveContent("push", 5) → programId="J0fLpmJhG0KDN2tQouxh" @ https://outrun.co.il/_next/static/chunks/5677-5539fdbd5d964d2a.js:0
[ 5707772ms] [LOG] [DEBUG-RESOLVER] resolveContent("push", 5) → programId="J0fLpmJhG0KDN2tQouxh" @ https://outrun.co.il/_next/static/chunks/5677-5539fdbd5d964d2a.js:0
[ 5709285ms] [LOG] [DEBUG-RESOLVER] resolveContent("push", 1) → programId="J0fLpmJhG0KDN2tQouxh" @ https://outrun.co.il/_next/static/chunks/5677-5539fdbd5d964d2a.js:0
[ 5709286ms] [LOG] [DEBUG-RESOLVER] resolveContent("push", 2) → programId="J0fLpmJhG0KDN2tQouxh" @ https://outrun.co.il/_next/static/chunks/5677-5539fdbd5d964d2a.js:0
[ 5709286ms] [LOG] [DEBUG-RESOLVER] resolveContent("push", 2) → programId="J0fLpmJhG0KDN2tQouxh" @ https://outrun.co.il/_next/static/chunks/5677-5539fdbd5d964d2a.js:0
[ 5711420ms] [LOG] [DEBUG-RESOLVER] resolveContent("push", 4) → programId="J0fLpmJhG0KDN2tQouxh" @ https://outrun.co.il/_next/static/chunks/5677-5539fdbd5d964d2a.js:0
[ 5711421ms] [LOG] [DEBUG-RESOLVER] resolveContent("push", 3) → programId="J0fLpmJhG0KDN2tQouxh" @ https://outrun.co.il/_next/static/chunks/5677-5539fdbd5d964d2a.js:0
[ 5711421ms] [LOG] [DEBUG-RESOLVER] resolveContent("push", 5) → programId="J0fLpmJhG0KDN2tQouxh" @ https://outrun.co.il/_next/static/chunks/5677-5539fdbd5d964d2a.js:0
[ 5711421ms] [LOG] [DEBUG-RESOLVER] resolveContent("push", 5) → programId="J0fLpmJhG0KDN2tQouxh" @ https://outrun.co.il/_next/static/chunks/5677-5539fdbd5d964d2a.js:0
[ 5796158ms] [LOG] [DEBUG-PAGE] pathConfig.path: skills | categories passed to VisualSlider: [front_lever, core] | skipTier: true @ https://outrun.co.il/_next/static/chunks/app/onboarding-new/assessment-visual/page-409b79241f638119.js:0
[ 5796325ms] [LOG] [DEBUG-RESOLVER] loadCategoryMap built: {human_flag: EtY8YCol0qpF6DzgcTx1, push: J0fLpmJhG0KDN2tQouxh, core: kDMpobbKsuVTByTIKUpe, pull: UPDBtTdCvX748dtBlWYj, one_arm_pullup: cC0BOmm6KIqYAyQynEIo} @ https://outrun.co.il/_next/static/chunks/5677-5539fdbd5d964d2a.js:0
[ 5796325ms] [LOG] [DEBUG-RESOLVER] Incoming Category: front_lever Resolved Candidate IDs: [front_lever, mFcuYlNgKXLqWVUFo0zt] @ https://outrun.co.il/_next/static/chunks/5677-5539fdbd5d964d2a.js:0
[ 5796326ms] [LOG] [DEBUG-RESOLVER] loadCategoryMap built: {human_flag: EtY8YCol0qpF6DzgcTx1, push: J0fLpmJhG0KDN2tQouxh, core: kDMpobbKsuVTByTIKUpe, pull: UPDBtTdCvX748dtBlWYj, one_arm_pullup: cC0BOmm6KIqYAyQynEIo} @ https://outrun.co.il/_next/static/chunks/5677-5539fdbd5d964d2a.js:0
[ 5796326ms] [LOG] [DEBUG-RESOLVER] Incoming Category: core Resolved Candidate IDs: [core, kDMpobbKsuVTByTIKUpe] @ https://outrun.co.il/_next/static/chunks/5677-5539fdbd5d964d2a.js:0
[ 5796508ms] [LOG] [DEBUG-PAGE] pathConfig.path: skills | categories passed to VisualSlider: [front_lever, core] | skipTier: true @ https://outrun.co.il/_next/static/chunks/app/onboarding-new/assessment-visual/page-409b79241f638119.js:0
[ 5796509ms] [LOG] [DEBUG-RESOLVER] Incoming Category: front_lever Resolved Candidate IDs: [front_lever, mFcuYlNgKXLqWVUFo0zt] @ https://outrun.co.il/_next/static/chunks/5677-5539fdbd5d964d2a.js:0
[ 5796509ms] [LOG] [DEBUG-RESOLVER] Incoming Category: core Resolved Candidate IDs: [core, kDMpobbKsuVTByTIKUpe] @ https://outrun.co.il/_next/static/chunks/5677-5539fdbd5d964d2a.js:0
[ 5796615ms] [LOG] [DEBUG-FIRESTORE] Querying IDs: [front_lever, mFcuYlNgKXLqWVUFo0zt] Snapshot size returned: 15 @ https://outrun.co.il/_next/static/chunks/5677-5539fdbd5d964d2a.js:0
[ 5796615ms] [LOG] [DEBUG-FIRESTORE] showInOnboarding=true levels: [1, 3, 5, 7, 9, 11, 13] (7 total) @ https://outrun.co.il/_next/static/chunks/5677-5539fdbd5d964d2a.js:0
[ 5796615ms] [LOG] [DEBUG-RESOLVER] Final onboarding levels for "front_lever": [1, 3, 5, 7, 9, 11, 13] (7 total) @ https://outrun.co.il/_next/static/chunks/5677-5539fdbd5d964d2a.js:0
[ 5796615ms] [LOG] [DEBUG-RESOLVER] resolveContent("front_lever", 1) → programId="mFcuYlNgKXLqWVUFo0zt" @ https://outrun.co.il/_next/static/chunks/5677-5539fdbd5d964d2a.js:0
[ 5796615ms] [LOG] [DEBUG-RESOLVER] resolveContent("front_lever", 3) → programId="mFcuYlNgKXLqWVUFo0zt" @ https://outrun.co.il/_next/static/chunks/5677-5539fdbd5d964d2a.js:0
[ 5796615ms] [LOG] [DEBUG-FIRESTORE] Querying IDs: [front_lever, mFcuYlNgKXLqWVUFo0zt] Snapshot size returned: 15 @ https://outrun.co.il/_next/static/chunks/5677-5539fdbd5d964d2a.js:0
[ 5796615ms] [LOG] [DEBUG-FIRESTORE] showInOnboarding=true levels: [1, 3, 5, 7, 9, 11, 13] (7 total) @ https://outrun.co.il/_next/static/chunks/5677-5539fdbd5d964d2a.js:0
[ 5796616ms] [LOG] [DEBUG-RESOLVER] Final onboarding levels for "front_lever": [1, 3, 5, 7, 9, 11, 13] (7 total) @ https://outrun.co.il/_next/static/chunks/5677-5539fdbd5d964d2a.js:0
[ 5796616ms] [LOG] [DEBUG-RESOLVER] resolveContent("front_lever", 1) → programId="mFcuYlNgKXLqWVUFo0zt" @ https://outrun.co.il/_next/static/chunks/5677-5539fdbd5d964d2a.js:0
[ 5796616ms] [LOG] [DEBUG-RESOLVER] resolveContent("front_lever", 3) → programId="mFcuYlNgKXLqWVUFo0zt" @ https://outrun.co.il/_next/static/chunks/5677-5539fdbd5d964d2a.js:0
[ 5796616ms] [LOG] [DEBUG-FIRESTORE] Querying IDs: [core, kDMpobbKsuVTByTIKUpe] Snapshot size returned: 20 @ https://outrun.co.il/_next/static/chunks/5677-5539fdbd5d964d2a.js:0
[ 5796616ms] [LOG] [DEBUG-FIRESTORE] showInOnboarding=true levels: [1, 3, 5, 7, 8, 10, 11, 14] (8 total) @ https://outrun.co.il/_next/static/chunks/5677-5539fdbd5d964d2a.js:0
[ 5796616ms] [LOG] [DEBUG-RESOLVER] Final onboarding levels for "core": [1, 3, 5, 7, 8, 10, 11, 14] (8 total) @ https://outrun.co.il/_next/static/chunks/5677-5539fdbd5d964d2a.js:0
[ 5796616ms] [LOG] [DEBUG-RESOLVER] resolveContent("core", 1) → programId="kDMpobbKsuVTByTIKUpe" @ https://outrun.co.il/_next/static/chunks/5677-5539fdbd5d964d2a.js:0
[ 5796616ms] [LOG] [DEBUG-RESOLVER] resolveContent("core", 3) → programId="kDMpobbKsuVTByTIKUpe" @ https://outrun.co.il/_next/static/chunks/5677-5539fdbd5d964d2a.js:0
[ 5796616ms] [LOG] [DEBUG-FIRESTORE] Querying IDs: [core, kDMpobbKsuVTByTIKUpe] Snapshot size returned: 20 @ https://outrun.co.il/_next/static/chunks/5677-5539fdbd5d964d2a.js:0
[ 5796616ms] [LOG] [DEBUG-FIRESTORE] showInOnboarding=true levels: [1, 3, 5, 7, 8, 10, 11, 14] (8 total) @ https://outrun.co.il/_next/static/chunks/5677-5539fdbd5d964d2a.js:0
[ 5796616ms] [LOG] [DEBUG-RESOLVER] Final onboarding levels for "core": [1, 3, 5, 7, 8, 10, 11, 14] (8 total) @ https://outrun.co.il/_next/static/chunks/5677-5539fdbd5d964d2a.js:0
[ 5796617ms] [LOG] [DEBUG-RESOLVER] resolveContent("core", 1) → programId="kDMpobbKsuVTByTIKUpe" @ https://outrun.co.il/_next/static/chunks/5677-5539fdbd5d964d2a.js:0
[ 5796617ms] [LOG] [DEBUG-RESOLVER] resolveContent("core", 3) → programId="kDMpobbKsuVTByTIKUpe" @ https://outrun.co.il/_next/static/chunks/5677-5539fdbd5d964d2a.js:0
[ 5796764ms] [LOG] [VisualContentService] docToContent "mFcuYlNgKXLqWVUFo0zt_1": {hasVideoVariantsField: true, hasVariantsField: false, rawType: array[0], parsedVariantsCount: 0, allTopLevelKeys: Array(14)} @ https://outrun.co.il/_next/static/chunks/5677-5539fdbd5d964d2a.js:0
[ 5796765ms] [LOG] [DEBUG-RESOLVER] attempt1 getVisualContentItem("mFcuYlNgKXLqWVUFo0zt", 1) → FOUND @ https://outrun.co.il/_next/static/chunks/5677-5539fdbd5d964d2a.js:0
[ 5796765ms] [LOG] [VisualContentService] docToContent "mFcuYlNgKXLqWVUFo0zt_1": {hasVideoVariantsField: true, hasVariantsField: false, rawType: array[0], parsedVariantsCount: 0, allTopLevelKeys: Array(14)} @ https://outrun.co.il/_next/static/chunks/5677-5539fdbd5d964d2a.js:0
[ 5796765ms] [LOG] [DEBUG-RESOLVER] attempt1 getVisualContentItem("mFcuYlNgKXLqWVUFo0zt", 1) → FOUND @ https://outrun.co.il/_next/static/chunks/5677-5539fdbd5d964d2a.js:0
[ 5796765ms] [LOG] [VisualContentService] docToContent "mFcuYlNgKXLqWVUFo0zt_3": {hasVideoVariantsField: true, hasVariantsField: false, rawType: array[0], parsedVariantsCount: 0, allTopLevelKeys: Array(14)} @ https://outrun.co.il/_next/static/chunks/5677-5539fdbd5d964d2a.js:0
[ 5796765ms] [LOG] [DEBUG-RESOLVER] attempt1 getVisualContentItem("mFcuYlNgKXLqWVUFo0zt", 3) → FOUND @ https://outrun.co.il/_next/static/chunks/5677-5539fdbd5d964d2a.js:0
[ 5796765ms] [LOG] [VisualContentService] docToContent "mFcuYlNgKXLqWVUFo0zt_3": {hasVideoVariantsField: true, hasVariantsField: false, rawType: array[0], parsedVariantsCount: 0, allTopLevelKeys: Array(14)} @ https://outrun.co.il/_next/static/chunks/5677-5539fdbd5d964d2a.js:0
[ 5796765ms] [LOG] [DEBUG-RESOLVER] attempt1 getVisualContentItem("mFcuYlNgKXLqWVUFo0zt", 3) → FOUND @ https://outrun.co.il/_next/static/chunks/5677-5539fdbd5d964d2a.js:0
[ 5796765ms] [LOG] [VisualContentService] docToContent "kDMpobbKsuVTByTIKUpe_1": {hasVideoVariantsField: true, hasVariantsField: false, rawType: array[0], parsedVariantsCount: 0, allTopLevelKeys: Array(14)} @ https://outrun.co.il/_next/static/chunks/5677-5539fdbd5d964d2a.js:0
[ 5796765ms] [LOG] [DEBUG-RESOLVER] attempt1 getVisualContentItem("kDMpobbKsuVTByTIKUpe", 1) → FOUND @ https://outrun.co.il/_next/static/chunks/5677-5539fdbd5d964d2a.js:0
[ 5796765ms] [LOG] [VisualContentService] docToContent "kDMpobbKsuVTByTIKUpe_1": {hasVideoVariantsField: true, hasVariantsField: false, rawType: array[0], parsedVariantsCount: 0, allTopLevelKeys: Array(14)} @ https://outrun.co.il/_next/static/chunks/5677-5539fdbd5d964d2a.js:0
[ 5796765ms] [LOG] [DEBUG-RESOLVER] attempt1 getVisualContentItem("kDMpobbKsuVTByTIKUpe", 1) → FOUND @ https://outrun.co.il/_next/static/chunks/5677-5539fdbd5d964d2a.js:0
[ 5796765ms] [LOG] [VisualContentService] docToContent "kDMpobbKsuVTByTIKUpe_3": {hasVideoVariantsField: true, hasVariantsField: false, rawType: array[0], parsedVariantsCount: 0, allTopLevelKeys: Array(14)} @ https://outrun.co.il/_next/static/chunks/5677-5539fdbd5d964d2a.js:0
[ 5796765ms] [LOG] [DEBUG-RESOLVER] attempt1 getVisualContentItem("kDMpobbKsuVTByTIKUpe", 3) → FOUND @ https://outrun.co.il/_next/static/chunks/5677-5539fdbd5d964d2a.js:0
[ 5796765ms] [LOG] [VisualContentService] docToContent "kDMpobbKsuVTByTIKUpe_3": {hasVideoVariantsField: true, hasVariantsField: false, rawType: array[0], parsedVariantsCount: 0, allTopLevelKeys: Array(14)} @ https://outrun.co.il/_next/static/chunks/5677-5539fdbd5d964d2a.js:0
[ 5796765ms] [LOG] [DEBUG-RESOLVER] attempt1 getVisualContentItem("kDMpobbKsuVTByTIKUpe", 3) → FOUND @ https://outrun.co.il/_next/static/chunks/5677-5539fdbd5d964d2a.js:0
[ 5796886ms] [LOG] [ContentResolver] Level 1 — exercise video resolved: "מתח סופינציה" → https://vz-b17872ab-7a7.b-cdn.net/6f2db76f-5634-4fe6-bfa8-b1… @ https://outrun.co.il/_next/static/chunks/5677-5539fdbd5d964d2a.js:0
[ 5796886ms] [LOG] [ContentResolver] Level 1 — exercise video resolved: "מתח סופינציה" → https://vz-b17872ab-7a7.b-cdn.net/6f2db76f-5634-4fe6-bfa8-b1… @ https://outrun.co.il/_next/static/chunks/5677-5539fdbd5d964d2a.js:0
[ 5796954ms] [LOG] [ContentResolver] Level 3 — exercise video resolved: "מתח רחב" → https://vz-b17872ab-7a7.b-cdn.net/b94feac8-97fa-407e-844e-cc… @ https://outrun.co.il/_next/static/chunks/5677-5539fdbd5d964d2a.js:0
[ 5796954ms] [LOG] [ContentResolver] Level 3 — exercise video resolved: "מתח רחב" → https://vz-b17872ab-7a7.b-cdn.net/b94feac8-97fa-407e-844e-cc… @ https://outrun.co.il/_next/static/chunks/5677-5539fdbd5d964d2a.js:0
[ 5796954ms] [LOG] [ContentResolver] Level 1 — exercise video resolved: "פלאנק על הברכיים" → https://vz-b17872ab-7a7.b-cdn.net/3011b6ff-f251-4c7b-81f4-e2… @ https://outrun.co.il/_next/static/chunks/5677-5539fdbd5d964d2a.js:0
[ 5796955ms] [LOG] [ContentResolver] Level 1 — exercise video resolved: "פלאנק על הברכיים" → https://vz-b17872ab-7a7.b-cdn.net/3011b6ff-f251-4c7b-81f4-e2… @ https://outrun.co.il/_next/static/chunks/5677-5539fdbd5d964d2a.js:0
[ 5796955ms] [LOG] [ContentResolver] Level 3 — exercise video resolved: "פלאנק עליות ונגיעות בכתפיים" → https://vz-b17872ab-7a7.b-cdn.net/4d5bc37c-3994-4574-ace7-12… @ https://outrun.co.il/_next/static/chunks/5677-5539fdbd5d964d2a.js:0
[ 5796955ms] [LOG] [ContentResolver] Level 3 — exercise video resolved: "פלאנק עליות ונגיעות בכתפיים" → https://vz-b17872ab-7a7.b-cdn.net/4d5bc37c-3994-4574-ace7-12… @ https://outrun.co.il/_next/static/chunks/5677-5539fdbd5d964d2a.js:0
[ 5797754ms] [LOG] [DEBUG-RESOLVER] Incoming Category: front_lever Resolved Candidate IDs: [front_lever, mFcuYlNgKXLqWVUFo0zt] @ https://outrun.co.il/_next/static/chunks/5677-5539fdbd5d964d2a.js:0
[ 5797960ms] [LOG] [DEBUG-FIRESTORE] Querying IDs: [front_lever, mFcuYlNgKXLqWVUFo0zt] Snapshot size returned: 15 @ https://outrun.co.il/_next/static/chunks/5677-5539fdbd5d964d2a.js:0
[ 5797960ms] [LOG] [DEBUG-FIRESTORE] showInOnboarding=true levels: [1, 3, 5, 7, 9, 11, 13] (7 total) @ https://outrun.co.il/_next/static/chunks/5677-5539fdbd5d964d2a.js:0
[ 5797960ms] [LOG] [DEBUG-RESOLVER] Final onboarding levels for "front_lever": [1, 3, 5, 7, 9, 11, 13] (7 total) @ https://outrun.co.il/_next/static/chunks/5677-5539fdbd5d964d2a.js:0
[ 5797963ms] [LOG] [DEBUG-RESOLVER] resolveContent("front_lever", 1) → programId="mFcuYlNgKXLqWVUFo0zt" @ https://outrun.co.il/_next/static/chunks/5677-5539fdbd5d964d2a.js:0
[ 5797963ms] [LOG] [DEBUG-RESOLVER] resolveContent("front_lever", 3) → programId="mFcuYlNgKXLqWVUFo0zt" @ https://outrun.co.il/_next/static/chunks/5677-5539fdbd5d964d2a.js:0
[ 5797963ms] [LOG] [DEBUG-RESOLVER] resolveContent("front_lever", 5) → programId="mFcuYlNgKXLqWVUFo0zt" @ https://outrun.co.il/_next/static/chunks/5677-5539fdbd5d964d2a.js:0
[ 5797963ms] [LOG] [DEBUG-RESOLVER] resolveContent("front_lever", 7) → programId="mFcuYlNgKXLqWVUFo0zt" @ https://outrun.co.il/_next/static/chunks/5677-5539fdbd5d964d2a.js:0
[ 5797963ms] [LOG] [DEBUG-RESOLVER] resolveContent("front_lever", 9) → programId="mFcuYlNgKXLqWVUFo0zt" @ https://outrun.co.il/_next/static/chunks/5677-5539fdbd5d964d2a.js:0
[ 5797963ms] [LOG] [DEBUG-RESOLVER] resolveContent("front_lever", 11) → programId="mFcuYlNgKXLqWVUFo0zt" @ https://outrun.co.il/_next/static/chunks/5677-5539fdbd5d964d2a.js:0
[ 5797963ms] [LOG] [DEBUG-RESOLVER] resolveContent("front_lever", 13) → programId="mFcuYlNgKXLqWVUFo0zt" @ https://outrun.co.il/_next/static/chunks/5677-5539fdbd5d964d2a.js:0
[ 5797963ms] [LOG] [DEBUG-RESOLVER] resolveContent("front_lever", 1) → programId="mFcuYlNgKXLqWVUFo0zt" @ https://outrun.co.il/_next/static/chunks/5677-5539fdbd5d964d2a.js:0
[ 5797964ms] [LOG] [DEBUG-RESOLVER] resolveContent("front_lever", 2) → programId="mFcuYlNgKXLqWVUFo0zt" @ https://outrun.co.il/_next/static/chunks/5677-5539fdbd5d964d2a.js:0
[ 5797964ms] [LOG] [DEBUG-RESOLVER] resolveContent("front_lever", 2) → programId="mFcuYlNgKXLqWVUFo0zt" @ https://outrun.co.il/_next/static/chunks/5677-5539fdbd5d964d2a.js:0
[ 5798137ms] [LOG] [VisualContentService] docToContent "mFcuYlNgKXLqWVUFo0zt_5": {hasVideoVariantsField: true, hasVariantsField: false, rawType: array[0], parsedVariantsCount: 0, allTopLevelKeys: Array(14)} @ https://outrun.co.il/_next/static/chunks/5677-5539fdbd5d964d2a.js:0
[ 5798138ms] [LOG] [DEBUG-RESOLVER] attempt1 getVisualContentItem("mFcuYlNgKXLqWVUFo0zt", 5) → FOUND @ https://outrun.co.il/_next/static/chunks/5677-5539fdbd5d964d2a.js:0
[ 5798138ms] [LOG] [VisualContentService] docToContent "mFcuYlNgKXLqWVUFo0zt_7": {hasVideoVariantsField: true, hasVariantsField: false, rawType: array[0], parsedVariantsCount: 0, allTopLevelKeys: Array(14)} @ https://outrun.co.il/_next/static/chunks/5677-5539fdbd5d964d2a.js:0
[ 5798138ms] [LOG] [DEBUG-RESOLVER] attempt1 getVisualContentItem("mFcuYlNgKXLqWVUFo0zt", 7) → FOUND @ https://outrun.co.il/_next/static/chunks/5677-5539fdbd5d964d2a.js:0
[ 5798138ms] [LOG] [VisualContentService] docToContent "mFcuYlNgKXLqWVUFo0zt_9": {hasVideoVariantsField: true, hasVariantsField: false, rawType: array[0], parsedVariantsCount: 0, allTopLevelKeys: Array(14)} @ https://outrun.co.il/_next/static/chunks/5677-5539fdbd5d964d2a.js:0
[ 5798138ms] [LOG] [DEBUG-RESOLVER] attempt1 getVisualContentItem("mFcuYlNgKXLqWVUFo0zt", 9) → FOUND @ https://outrun.co.il/_next/static/chunks/5677-5539fdbd5d964d2a.js:0
[ 5798138ms] [LOG] [VisualContentService] docToContent "mFcuYlNgKXLqWVUFo0zt_11": {hasVideoVariantsField: true, hasVariantsField: false, rawType: array[0], parsedVariantsCount: 0, allTopLevelKeys: Array(14)} @ https://outrun.co.il/_next/static/chunks/5677-5539fdbd5d964d2a.js:0
[ 5798138ms] [LOG] [DEBUG-RESOLVER] attempt1 getVisualContentItem("mFcuYlNgKXLqWVUFo0zt", 11) → FOUND @ https://outrun.co.il/_next/static/chunks/5677-5539fdbd5d964d2a.js:0
[ 5798138ms] [LOG] [VisualContentService] docToContent "mFcuYlNgKXLqWVUFo0zt_13": {hasVideoVariantsField: true, hasVariantsField: false, rawType: array[0], parsedVariantsCount: 0, allTopLevelKeys: Array(14)} @ https://outrun.co.il/_next/static/chunks/5677-5539fdbd5d964d2a.js:0
[ 5798138ms] [LOG] [DEBUG-RESOLVER] attempt1 getVisualContentItem("mFcuYlNgKXLqWVUFo0zt", 13) → FOUND @ https://outrun.co.il/_next/static/chunks/5677-5539fdbd5d964d2a.js:0
[ 5798138ms] [LOG] [VisualContentService] docToContent "mFcuYlNgKXLqWVUFo0zt_2": {hasVideoVariantsField: true, hasVariantsField: false, rawType: array[0], parsedVariantsCount: 0, allTopLevelKeys: Array(14)} @ https://outrun.co.il/_next/static/chunks/5677-5539fdbd5d964d2a.js:0
[ 5798138ms] [LOG] [DEBUG-RESOLVER] attempt1 getVisualContentItem("mFcuYlNgKXLqWVUFo0zt", 2) → FOUND @ https://outrun.co.il/_next/static/chunks/5677-5539fdbd5d964d2a.js:0
[ 5798138ms] [LOG] [VisualContentService] docToContent "mFcuYlNgKXLqWVUFo0zt_2": {hasVideoVariantsField: true, hasVariantsField: false, rawType: array[0], parsedVariantsCount: 0, allTopLevelKeys: Array(14)} @ https://outrun.co.il/_next/static/chunks/5677-5539fdbd5d964d2a.js:0
[ 5798138ms] [LOG] [DEBUG-RESOLVER] attempt1 getVisualContentItem("mFcuYlNgKXLqWVUFo0zt", 2) → FOUND @ https://outrun.co.il/_next/static/chunks/5677-5539fdbd5d964d2a.js:0
[ 5798311ms] [LOG] [ContentResolver] Level 5 — exercise video resolved: "פרונט לבר בטאק" → https://vz-b17872ab-7a7.b-cdn.net/4492d3f7-76b8-4f6c-8bdd-e1… @ https://outrun.co.il/_next/static/chunks/5677-5539fdbd5d964d2a.js:0
[ 5798311ms] [LOG] [ContentResolver] Level 7 — exercise video resolved: "פרונט לבר בטאק מתקדם" → https://vz-b17872ab-7a7.b-cdn.net/6991a593-e8da-4380-a1e1-ab… @ https://outrun.co.il/_next/static/chunks/5677-5539fdbd5d964d2a.js:0
[ 5798311ms] [LOG] [ContentResolver] Level 9 — exercise video resolved: "פרונט לבר יהלום" → https://vz-b17872ab-7a7.b-cdn.net/672db07c-e6e2-4024-bbd7-ea… @ https://outrun.co.il/_next/static/chunks/5677-5539fdbd5d964d2a.js:0
[ 5798312ms] [LOG] [ContentResolver] Level 11 — exercise video resolved: "פרונט לבר בפישוק" → https://vz-b17872ab-7a7.b-cdn.net/ba8207a0-78fa-49b6-bf30-f0… @ https://outrun.co.il/_next/static/chunks/5677-5539fdbd5d964d2a.js:0
[ 5798312ms] [LOG] [ContentResolver] Level 13 — exercise video resolved: "פרונט לבר מלא" → https://vz-b17872ab-7a7.b-cdn.net/a0eec03c-558d-4346-99a7-6c… @ https://outrun.co.il/_next/static/chunks/5677-5539fdbd5d964d2a.js:0
[ 5798381ms] [LOG] [ContentResolver] Level 2 — exercise video resolved: "מתח קומנדו" → https://vz-b17872ab-7a7.b-cdn.net/fc8e9782-ed5b-4047-9ac2-1f… @ https://outrun.co.il/_next/static/chunks/5677-5539fdbd5d964d2a.js:0
[ 5798381ms] [LOG] [ContentResolver] Level 2 — exercise video resolved: "מתח קומנדו" → https://vz-b17872ab-7a7.b-cdn.net/fc8e9782-ed5b-4047-9ac2-1f… @ https://outrun.co.il/_next/static/chunks/5677-5539fdbd5d964d2a.js:0
[ 5802487ms] [LOG] [DEBUG-RESOLVER] resolveContent("front_lever", 5) → programId="mFcuYlNgKXLqWVUFo0zt" @ https://outrun.co.il/_next/static/chunks/5677-5539fdbd5d964d2a.js:0
[ 5802487ms] [LOG] [DEBUG-RESOLVER] resolveContent("front_lever", 4) → programId="mFcuYlNgKXLqWVUFo0zt" @ https://outrun.co.il/_next/static/chunks/5677-5539fdbd5d964d2a.js:0
[ 5802487ms] [LOG] [DEBUG-RESOLVER] resolveContent("front_lever", 6) → programId="mFcuYlNgKXLqWVUFo0zt" @ https://outrun.co.il/_next/static/chunks/5677-5539fdbd5d964d2a.js:0
[ 5802487ms] [LOG] [DEBUG-RESOLVER] resolveContent("front_lever", 6) → programId="mFcuYlNgKXLqWVUFo0zt" @ https://outrun.co.il/_next/static/chunks/5677-5539fdbd5d964d2a.js:0
[ 5802633ms] [LOG] [VisualContentService] docToContent "mFcuYlNgKXLqWVUFo0zt_4": {hasVideoVariantsField: true, hasVariantsField: false, rawType: array[0], parsedVariantsCount: 0, allTopLevelKeys: Array(14)} @ https://outrun.co.il/_next/static/chunks/5677-5539fdbd5d964d2a.js:0
[ 5802633ms] [LOG] [DEBUG-RESOLVER] attempt1 getVisualContentItem("mFcuYlNgKXLqWVUFo0zt", 4) → FOUND @ https://outrun.co.il/_next/static/chunks/5677-5539fdbd5d964d2a.js:0
[ 5802633ms] [LOG] [VisualContentService] docToContent "mFcuYlNgKXLqWVUFo0zt_6": {hasVideoVariantsField: true, hasVariantsField: false, rawType: array[0], parsedVariantsCount: 0, allTopLevelKeys: Array(14)} @ https://outrun.co.il/_next/static/chunks/5677-5539fdbd5d964d2a.js:0
[ 5802633ms] [LOG] [DEBUG-RESOLVER] attempt1 getVisualContentItem("mFcuYlNgKXLqWVUFo0zt", 6) → FOUND @ https://outrun.co.il/_next/static/chunks/5677-5539fdbd5d964d2a.js:0
[ 5802633ms] [LOG] [VisualContentService] docToContent "mFcuYlNgKXLqWVUFo0zt_6": {hasVideoVariantsField: true, hasVariantsField: false, rawType: array[0], parsedVariantsCount: 0, allTopLevelKeys: Array(14)} @ https://outrun.co.il/_next/static/chunks/5677-5539fdbd5d964d2a.js:0
[ 5802633ms] [LOG] [DEBUG-RESOLVER] attempt1 getVisualContentItem("mFcuYlNgKXLqWVUFo0zt", 6) → FOUND @ https://outrun.co.il/_next/static/chunks/5677-5539fdbd5d964d2a.js:0
[ 5802767ms] [LOG] [ContentResolver] Level 4 — exercise video resolved: "מתח באחיזה מעורבת" → https://vz-b17872ab-7a7.b-cdn.net/816e1256-d6a4-4691-8d93-ef… @ https://outrun.co.il/_next/static/chunks/5677-5539fdbd5d964d2a.js:0
[ 5802767ms] [LOG] [ContentResolver] Level 6 — exercise video resolved: "פרונט לבר בטאק מתקדם עם גומייה" → https://vz-b17872ab-7a7.b-cdn.net/38a46200-464f-4942-b9d2-85… @ https://outrun.co.il/_next/static/chunks/5677-5539fdbd5d964d2a.js:0
[ 5802767ms] [LOG] [ContentResolver] Level 6 — exercise video resolved: "פרונט לבר בטאק מתקדם עם גומייה" → https://vz-b17872ab-7a7.b-cdn.net/38a46200-464f-4942-b9d2-85… @ https://outrun.co.il/_next/static/chunks/5677-5539fdbd5d964d2a.js:0
[ 5803119ms] [LOG] [DEBUG-RESOLVER] resolveContent("front_lever", 1) → programId="mFcuYlNgKXLqWVUFo0zt" @ https://outrun.co.il/_next/static/chunks/5677-5539fdbd5d964d2a.js:0
[ 5803119ms] [LOG] [DEBUG-RESOLVER] resolveContent("front_lever", 2) → programId="mFcuYlNgKXLqWVUFo0zt" @ https://outrun.co.il/_next/static/chunks/5677-5539fdbd5d964d2a.js:0
[ 5803119ms] [LOG] [DEBUG-RESOLVER] resolveContent("front_lever", 2) → programId="mFcuYlNgKXLqWVUFo0zt" @ https://outrun.co.il/_next/static/chunks/5677-5539fdbd5d964d2a.js:0
[ 5838920ms] [LOG] [DEBUG-RESOLVER] resolveContent("front_lever", 5) → programId="mFcuYlNgKXLqWVUFo0zt" @ https://outrun.co.il/_next/static/chunks/5677-5539fdbd5d964d2a.js:0
[ 5838920ms] [LOG] [DEBUG-RESOLVER] resolveContent("front_lever", 4) → programId="mFcuYlNgKXLqWVUFo0zt" @ https://outrun.co.il/_next/static/chunks/5677-5539fdbd5d964d2a.js:0
[ 5838920ms] [LOG] [DEBUG-RESOLVER] resolveContent("front_lever", 6) → programId="mFcuYlNgKXLqWVUFo0zt" @ https://outrun.co.il/_next/static/chunks/5677-5539fdbd5d964d2a.js:0
[ 5838920ms] [LOG] [DEBUG-RESOLVER] resolveContent("front_lever", 6) → programId="mFcuYlNgKXLqWVUFo0zt" @ https://outrun.co.il/_next/static/chunks/5677-5539fdbd5d964d2a.js:0
[ 5842735ms] [LOG] [DEBUG-RESOLVER] resolveContent("front_lever", 7) → programId="mFcuYlNgKXLqWVUFo0zt" @ https://outrun.co.il/_next/static/chunks/5677-5539fdbd5d964d2a.js:0
[ 5842736ms] [LOG] [DEBUG-RESOLVER] resolveContent("front_lever", 6) → programId="mFcuYlNgKXLqWVUFo0zt" @ https://outrun.co.il/_next/static/chunks/5677-5539fdbd5d964d2a.js:0
[ 5842736ms] [LOG] [DEBUG-RESOLVER] resolveContent("front_lever", 8) → programId="mFcuYlNgKXLqWVUFo0zt" @ https://outrun.co.il/_next/static/chunks/5677-5539fdbd5d964d2a.js:0
[ 5842736ms] [LOG] [DEBUG-RESOLVER] resolveContent("front_lever", 8) → programId="mFcuYlNgKXLqWVUFo0zt" @ https://outrun.co.il/_next/static/chunks/5677-5539fdbd5d964d2a.js:0
[ 5842869ms] [LOG] [VisualContentService] docToContent "mFcuYlNgKXLqWVUFo0zt_8": {hasVideoVariantsField: true, hasVariantsField: false, rawType: array[0], parsedVariantsCount: 0, allTopLevelKeys: Array(14)} @ https://outrun.co.il/_next/static/chunks/5677-5539fdbd5d964d2a.js:0
[ 5842869ms] [LOG] [DEBUG-RESOLVER] attempt1 getVisualContentItem("mFcuYlNgKXLqWVUFo0zt", 8) → FOUND @ https://outrun.co.il/_next/static/chunks/5677-5539fdbd5d964d2a.js:0
[ 5842869ms] [LOG] [VisualContentService] docToContent "mFcuYlNgKXLqWVUFo0zt_8": {hasVideoVariantsField: true, hasVariantsField: false, rawType: array[0], parsedVariantsCount: 0, allTopLevelKeys: Array(14)} @ https://outrun.co.il/_next/static/chunks/5677-5539fdbd5d964d2a.js:0
[ 5842869ms] [LOG] [DEBUG-RESOLVER] attempt1 getVisualContentItem("mFcuYlNgKXLqWVUFo0zt", 8) → FOUND @ https://outrun.co.il/_next/static/chunks/5677-5539fdbd5d964d2a.js:0
[ 5843017ms] [LOG] [ContentResolver] Level 8 — exercise video resolved: "הרמות פרונט לבר בטאק מתקדם" → https://vz-b17872ab-7a7.b-cdn.net/12968838-51a1-4356-bccb-2b… @ https://outrun.co.il/_next/static/chunks/5677-5539fdbd5d964d2a.js:0
[ 5843017ms] [LOG] [ContentResolver] Level 8 — exercise video resolved: "הרמות פרונט לבר בטאק מתקדם" → https://vz-b17872ab-7a7.b-cdn.net/12968838-51a1-4356-bccb-2b… @ https://outrun.co.il/_next/static/chunks/5677-5539fdbd5d964d2a.js:0
[ 5845820ms] [LOG] [DEBUG-RESOLVER] resolveContent("front_lever", 1) → programId="mFcuYlNgKXLqWVUFo0zt" @ https://outrun.co.il/_next/static/chunks/5677-5539fdbd5d964d2a.js:0
[ 5845820ms] [LOG] [DEBUG-RESOLVER] resolveContent("front_lever", 2) → programId="mFcuYlNgKXLqWVUFo0zt" @ https://outrun.co.il/_next/static/chunks/5677-5539fdbd5d964d2a.js:0
[ 5845820ms] [LOG] [DEBUG-RESOLVER] resolveContent("front_lever", 2) → programId="mFcuYlNgKXLqWVUFo0zt" @ https://outrun.co.il/_next/static/chunks/5677-5539fdbd5d964d2a.js:0
[ 6127371ms] [ERROR] Failed to load resource: net::ERR_QUIC_PROTOCOL_ERROR.QUIC_TOO_MANY_RTOS @ https://firestore.googleapis.com/google.firestore.v1.Firestore/Listen/channel?gsessionid=8hfySs91WjroS74WWLjL5i_OlpPTNpSmtr-cLfGZiHhB8y1Ok9tLlg&VER=8&database=projects%2Fappout-1%2Fdatabases%2F(default)&RID=rpc&SID=6TZIGjO-irazD_e-5XG07w&AID=890&CI=0&TYPE=xmlhttp&zx=o48ldfmaruhs&t=1:0
[ 7210218ms] [ERROR] Failed to load resource: net::ERR_INTERNET_DISCONNECTED @ https://firestore.googleapis.com/google.firestore.v1.Firestore/Listen/channel?VER=8&database=projects%2Fappout-1%2Fdatabases%2F(default)&gsessionid=8hfySs91WjroS74WWLjL5i_OlpPTNpSmtr-cLfGZiHhB8y1Ok9tLlg&SID=6TZIGjO-irazD_e-5XG07w&RID=58515&TYPE=terminate&zx=24qzam1uelp3:0
[ 7210218ms] [ERROR] Failed to load resource: net::ERR_INTERNET_DISCONNECTED @ https://www.google.com/recaptcha/enterprise/clr?k=6Lf3d9UsAAAAAILBqo6A909pmhyvtYmDoxaKtfMV:0
[ 7210222ms] [ERROR] Failed to load resource: net::ERR_INTERNET_DISCONNECTED @ https://firestore.googleapis.com/google.firestore.v1.Firestore/Listen/channel?VER=8&database=projects%2Fappout-1%2Fdatabases%2F(default)&RID=99998&CVER=22&X-HTTP-Session-Id=gsessionid&zx=37scu48xayrs&t=1:0
[ 7210222ms] [WARNING] [2026-09-22T21:34:17.251Z]  @firebase/firestore: Firestore (12.6.0): WebChannelConnection RPC 'Listen' stream 0x60f7b611 transport errored. Name: undefined Message: undefined @ https://outrun.co.il/_next/static/chunks/2532-16f59635ee5a761a.js:14
[ 7210228ms] [ERROR] Failed to load resource: net::ERR_INTERNET_DISCONNECTED @ https://www.google.com/recaptcha/enterprise/clr?k=6Lf3d9UsAAAAAILBqo6A909pmhyvtYmDoxaKtfMV:0
[ 7210229ms] [ERROR] Failed to load resource: net::ERR_INTERNET_DISCONNECTED @ https://firestore.googleapis.com/google.firestore.v1.Firestore/Listen/channel?VER=8&database=projects%2Fappout-1%2Fdatabases%2F(default)&RID=43005&CVER=22&X-HTTP-Session-Id=gsessionid&zx=6cuhyjdd66db&t=1:0
[ 7210229ms] [WARNING] [2026-09-22T21:34:17.258Z]  @firebase/firestore: Firestore (12.6.0): WebChannelConnection RPC 'Listen' stream 0x60f7b612 transport errored. Name: undefined Message: undefined @ https://outrun.co.il/_next/static/chunks/2532-16f59635ee5a761a.js:14
[ 7210231ms] [ERROR] Failed to load resource: net::ERR_INTERNET_DISCONNECTED @ https://www.google.com/images/cleardot.gif?zx=vqdhq5v29omk:0
[ 7210231ms] [ERROR] Failed to load resource: net::ERR_INTERNET_DISCONNECTED @ https://www.google.com/recaptcha/enterprise/clr?k=6Lf3d9UsAAAAAILBqo6A909pmhyvtYmDoxaKtfMV:0
[ 7210232ms] [ERROR] Failed to load resource: net::ERR_INTERNET_DISCONNECTED @ https://www.google.com/recaptcha/enterprise/clr?k=6Lf3d9UsAAAAAILBqo6A909pmhyvtYmDoxaKtfMV:0
[ 7210233ms] [ERROR] Failed to load resource: net::ERR_INTERNET_DISCONNECTED @ https://www.google.com/images/cleardot.gif?zx=ivb6wdqtooqm:0
[ 7210238ms] [ERROR] Failed to load resource: net::ERR_INTERNET_DISCONNECTED @ https://www.google.com/recaptcha/enterprise/clr?k=6Lf3d9UsAAAAAILBqo6A909pmhyvtYmDoxaKtfMV:0
[ 7210239ms] [ERROR] Failed to load resource: net::ERR_INTERNET_DISCONNECTED @ https://www.google.com/recaptcha/enterprise/clr?k=6Lf3d9UsAAAAAILBqo6A909pmhyvtYmDoxaKtfMV:0
[ 7210244ms] [ERROR] Failed to load resource: net::ERR_INTERNET_DISCONNECTED @ https://www.google.com/recaptcha/enterprise/clr?k=6Lf3d9UsAAAAAILBqo6A909pmhyvtYmDoxaKtfMV:0
[ 7210247ms] [ERROR] Failed to load resource: net::ERR_INTERNET_DISCONNECTED @ https://www.google.com/recaptcha/enterprise/clr?k=6Lf3d9UsAAAAAILBqo6A909pmhyvtYmDoxaKtfMV:0
[ 7211541ms] [ERROR] Failed to load resource: net::ERR_INTERNET_DISCONNECTED @ https://firestore.googleapis.com/google.firestore.v1.Firestore/Listen/channel?VER=8&database=projects%2Fappout-1%2Fdatabases%2F(default)&RID=88214&CVER=22&X-HTTP-Session-Id=gsessionid&zx=uh506g7zygod&t=1:0
[ 7211541ms] [WARNING] [2026-09-22T21:34:18.570Z]  @firebase/firestore: Firestore (12.6.0): WebChannelConnection RPC 'Listen' stream 0x60f7b613 transport errored. Name: undefined Message: undefined @ https://outrun.co.il/_next/static/chunks/2532-16f59635ee5a761a.js:14
[ 7211542ms] [ERROR] Failed to load resource: net::ERR_INTERNET_DISCONNECTED @ https://www.google.com/recaptcha/enterprise/clr?k=6Lf3d9UsAAAAAILBqo6A909pmhyvtYmDoxaKtfMV:0
[ 7211546ms] [ERROR] Failed to load resource: net::ERR_INTERNET_DISCONNECTED @ https://www.google.com/images/cleardot.gif?zx=nytvdq57b1je:0
[ 7211546ms] [ERROR] Failed to load resource: net::ERR_INTERNET_DISCONNECTED @ https://www.google.com/recaptcha/enterprise/clr?k=6Lf3d9UsAAAAAILBqo6A909pmhyvtYmDoxaKtfMV:0
[ 7211551ms] [ERROR] Failed to load resource: net::ERR_INTERNET_DISCONNECTED @ https://www.google.com/recaptcha/enterprise/clr?k=6Lf3d9UsAAAAAILBqo6A909pmhyvtYmDoxaKtfMV:0
[ 7211555ms] [ERROR] Failed to load resource: net::ERR_INTERNET_DISCONNECTED @ https://www.google.com/recaptcha/enterprise/clr?k=6Lf3d9UsAAAAAILBqo6A909pmhyvtYmDoxaKtfMV:0
[ 7212292ms] [ERROR] Failed to load resource: net::ERR_INTERNET_DISCONNECTED @ https://firestore.googleapis.com/google.firestore.v1.Firestore/Listen/channel?VER=8&database=projects%2Fappout-1%2Fdatabases%2F(default)&RID=88083&CVER=22&X-HTTP-Session-Id=gsessionid&zx=ykf3k23rezjz&t=1:0
[ 7212292ms] [WARNING] [2026-09-22T21:34:19.321Z]  @firebase/firestore: Firestore (12.6.0): WebChannelConnection RPC 'Listen' stream 0x60f7b614 transport errored. Name: undefined Message: undefined @ https://outrun.co.il/_next/static/chunks/2532-16f59635ee5a761a.js:14
[ 7212293ms] [ERROR] Failed to load resource: net::ERR_INTERNET_DISCONNECTED @ https://www.google.com/recaptcha/enterprise/clr?k=6Lf3d9UsAAAAAILBqo6A909pmhyvtYmDoxaKtfMV:0
[ 7212296ms] [ERROR] Failed to load resource: net::ERR_INTERNET_DISCONNECTED @ https://www.google.com/images/cleardot.gif?zx=q1y6cy4ey6bw:0
[ 7212296ms] [ERROR] Failed to load resource: net::ERR_INTERNET_DISCONNECTED @ https://www.google.com/recaptcha/enterprise/clr?k=6Lf3d9UsAAAAAILBqo6A909pmhyvtYmDoxaKtfMV:0
[ 7212298ms] [ERROR] Failed to load resource: net::ERR_INTERNET_DISCONNECTED @ https://www.google.com/recaptcha/enterprise/clr?k=6Lf3d9UsAAAAAILBqo6A909pmhyvtYmDoxaKtfMV:0
[ 7212299ms] [ERROR] Failed to load resource: net::ERR_INTERNET_DISCONNECTED @ https://www.google.com/recaptcha/enterprise/clr?k=6Lf3d9UsAAAAAILBqo6A909pmhyvtYmDoxaKtfMV:0
[ 7215470ms] [ERROR] Failed to load resource: net::ERR_INTERNET_DISCONNECTED @ https://firestore.googleapis.com/google.firestore.v1.Firestore/Listen/channel?VER=8&database=projects%2Fappout-1%2Fdatabases%2F(default)&RID=69715&CVER=22&X-HTTP-Session-Id=gsessionid&zx=spo482rsy7l2&t=1:0
[ 7215470ms] [WARNING] [2026-09-22T21:34:22.499Z]  @firebase/firestore: Firestore (12.6.0): WebChannelConnection RPC 'Listen' stream 0x60f7b615 transport errored. Name: undefined Message: undefined @ https://outrun.co.il/_next/static/chunks/2532-16f59635ee5a761a.js:14
[ 7215471ms] [ERROR] Failed to load resource: net::ERR_INTERNET_DISCONNECTED @ https://www.google.com/recaptcha/enterprise/clr?k=6Lf3d9UsAAAAAILBqo6A909pmhyvtYmDoxaKtfMV:0
[ 7215473ms] [ERROR] Failed to load resource: net::ERR_INTERNET_DISCONNECTED @ https://www.google.com/images/cleardot.gif?zx=6vexhrvd7zip:0
[ 7215474ms] [ERROR] Failed to load resource: net::ERR_INTERNET_DISCONNECTED @ https://www.google.com/recaptcha/enterprise/clr?k=6Lf3d9UsAAAAAILBqo6A909pmhyvtYmDoxaKtfMV:0
[ 7215476ms] [ERROR] Failed to load resource: net::ERR_INTERNET_DISCONNECTED @ https://www.google.com/recaptcha/enterprise/clr?k=6Lf3d9UsAAAAAILBqo6A909pmhyvtYmDoxaKtfMV:0
[ 7215478ms] [ERROR] Failed to load resource: net::ERR_INTERNET_DISCONNECTED @ https://www.google.com/recaptcha/enterprise/clr?k=6Lf3d9UsAAAAAILBqo6A909pmhyvtYmDoxaKtfMV:0
[ 7218559ms] [ERROR] Failed to load resource: net::ERR_INTERNET_DISCONNECTED @ https://www.google.com/recaptcha/enterprise/clr?k=6Lf3d9UsAAAAAILBqo6A909pmhyvtYmDoxaKtfMV:0
[ 7218560ms] [ERROR] Failed to load resource: net::ERR_INTERNET_DISCONNECTED @ https://firestore.googleapis.com/google.firestore.v1.Firestore/Listen/channel?VER=8&database=projects%2Fappout-1%2Fdatabases%2F(default)&RID=51383&CVER=22&X-HTTP-Session-Id=gsessionid&zx=bdjbqff2r5ir&t=1:0
[ 7218560ms] [WARNING] [2026-09-22T21:34:25.589Z]  @firebase/firestore: Firestore (12.6.0): WebChannelConnection RPC 'Listen' stream 0x60f7b616 transport errored. Name: undefined Message: undefined @ https://outrun.co.il/_next/static/chunks/2532-16f59635ee5a761a.js:14
[ 7218562ms] [ERROR] Failed to load resource: net::ERR_INTERNET_DISCONNECTED @ https://www.google.com/recaptcha/enterprise/clr?k=6Lf3d9UsAAAAAILBqo6A909pmhyvtYmDoxaKtfMV:0
[ 7218563ms] [ERROR] Failed to load resource: net::ERR_INTERNET_DISCONNECTED @ https://www.google.com/images/cleardot.gif?zx=ljfp4vi8zatv:0
[ 7218563ms] [ERROR] Failed to load resource: net::ERR_INTERNET_DISCONNECTED @ https://www.google.com/recaptcha/enterprise/clr?k=6Lf3d9UsAAAAAILBqo6A909pmhyvtYmDoxaKtfMV:0
[ 7218565ms] [ERROR] Failed to load resource: net::ERR_INTERNET_DISCONNECTED @ https://www.google.com/recaptcha/enterprise/clr?k=6Lf3d9UsAAAAAILBqo6A909pmhyvtYmDoxaKtfMV:0
[ 7222646ms] [ERROR] Failed to load resource: net::ERR_INTERNET_DISCONNECTED @ https://www.google.com/recaptcha/enterprise/clr?k=6Lf3d9UsAAAAAILBqo6A909pmhyvtYmDoxaKtfMV:0
[ 7222646ms] [ERROR] Failed to load resource: net::ERR_INTERNET_DISCONNECTED @ https://firestore.googleapis.com/google.firestore.v1.Firestore/Listen/channel?VER=8&database=projects%2Fappout-1%2Fdatabases%2F(default)&RID=34968&CVER=22&X-HTTP-Session-Id=gsessionid&zx=l740e0vww0tn&t=1:0
[ 7222646ms] [WARNING] [2026-09-22T21:34:29.675Z]  @firebase/firestore: Firestore (12.6.0): WebChannelConnection RPC 'Listen' stream 0x60f7b617 transport errored. Name: undefined Message: undefined @ https://outrun.co.il/_next/static/chunks/2532-16f59635ee5a761a.js:14
[ 7222648ms] [ERROR] Failed to load resource: net::ERR_INTERNET_DISCONNECTED @ https://www.google.com/recaptcha/enterprise/clr?k=6Lf3d9UsAAAAAILBqo6A909pmhyvtYmDoxaKtfMV:0
[ 7222648ms] [ERROR] Failed to load resource: net::ERR_INTERNET_DISCONNECTED @ https://www.google.com/images/cleardot.gif?zx=uw6yly162rai:0
[ 7222650ms] [ERROR] Failed to load resource: net::ERR_INTERNET_DISCONNECTED @ https://www.google.com/recaptcha/enterprise/clr?k=6Lf3d9UsAAAAAILBqo6A909pmhyvtYmDoxaKtfMV:0
[ 7222651ms] [ERROR] Failed to load resource: net::ERR_INTERNET_DISCONNECTED @ https://www.google.com/recaptcha/enterprise/clr?k=6Lf3d9UsAAAAAILBqo6A909pmhyvtYmDoxaKtfMV:0
[ 7232637ms] [ERROR] Failed to load resource: net::ERR_INTERNET_DISCONNECTED @ https://www.google.com/recaptcha/enterprise/clr?k=6Lf3d9UsAAAAAILBqo6A909pmhyvtYmDoxaKtfMV:0
[ 7232637ms] [ERROR] Failed to load resource: net::ERR_INTERNET_DISCONNECTED @ https://firestore.googleapis.com/google.firestore.v1.Firestore/Listen/channel?VER=8&database=projects%2Fappout-1%2Fdatabases%2F(default)&RID=32853&CVER=22&X-HTTP-Session-Id=gsessionid&zx=4mky6vyjpu6n&t=1:0
[ 7232637ms] [WARNING] [2026-09-22T21:34:39.666Z]  @firebase/firestore: Firestore (12.6.0): WebChannelConnection RPC 'Listen' stream 0x60f7b618 transport errored. Name: undefined Message: undefined @ https://outrun.co.il/_next/static/chunks/2532-16f59635ee5a761a.js:14
[ 7232639ms] [ERROR] Failed to load resource: net::ERR_INTERNET_DISCONNECTED @ https://www.google.com/recaptcha/enterprise/clr?k=6Lf3d9UsAAAAAILBqo6A909pmhyvtYmDoxaKtfMV:0
[ 7232639ms] [ERROR] Failed to load resource: net::ERR_INTERNET_DISCONNECTED @ https://www.google.com/images/cleardot.gif?zx=7rpq144wve91:0
[ 7232642ms] [ERROR] Failed to load resource: net::ERR_INTERNET_DISCONNECTED @ https://www.google.com/recaptcha/enterprise/clr?k=6Lf3d9UsAAAAAILBqo6A909pmhyvtYmDoxaKtfMV:0
[ 7232643ms] [ERROR] Failed to load resource: net::ERR_INTERNET_DISCONNECTED @ https://www.google.com/recaptcha/enterprise/clr?k=6Lf3d9UsAAAAAILBqo6A909pmhyvtYmDoxaKtfMV:0
[ 7239433ms] [ERROR] Failed to load resource: net::ERR_INTERNET_DISCONNECTED @ https://firestore.googleapis.com/google.firestore.v1.Firestore/Listen/channel?VER=8&database=projects%2Fappout-1%2Fdatabases%2F(default)&RID=13506&CVER=22&X-HTTP-Session-Id=gsessionid&zx=aiapr32et2fj&t=1:0
[ 7239433ms] [WARNING] [2026-09-22T21:34:46.462Z]  @firebase/firestore: Firestore (12.6.0): WebChannelConnection RPC 'Listen' stream 0x60f7b619 transport errored. Name: undefined Message: undefined @ https://outrun.co.il/_next/static/chunks/2532-16f59635ee5a761a.js:14
[ 7239434ms] [ERROR] Failed to load resource: net::ERR_INTERNET_DISCONNECTED @ https://www.google.com/recaptcha/enterprise/clr?k=6Lf3d9UsAAAAAILBqo6A909pmhyvtYmDoxaKtfMV:0
[ 7239435ms] [ERROR] Failed to load resource: net::ERR_INTERNET_DISCONNECTED @ https://www.google.com/images/cleardot.gif?zx=al4vfjx6ykrd:0
[ 7239435ms] [ERROR] Failed to load resource: net::ERR_INTERNET_DISCONNECTED @ https://www.google.com/recaptcha/enterprise/clr?k=6Lf3d9UsAAAAAILBqo6A909pmhyvtYmDoxaKtfMV:0
[ 7239436ms] [ERROR] Failed to load resource: net::ERR_INTERNET_DISCONNECTED @ https://www.google.com/recaptcha/enterprise/clr?k=6Lf3d9UsAAAAAILBqo6A909pmhyvtYmDoxaKtfMV:0
[ 7239438ms] [ERROR] Failed to load resource: net::ERR_INTERNET_DISCONNECTED @ https://www.google.com/recaptcha/enterprise/clr?k=6Lf3d9UsAAAAAILBqo6A909pmhyvtYmDoxaKtfMV:0
[ 9255287ms] [WARNING] [2026-09-22T22:08:22.315Z]  @firebase/auth: Auth (12.6.0): Error while retrieving App Check token: FirebaseError: AppCheck: ReCAPTCHA error. (appCheck/recaptcha-error). @ https://outrun.co.il/_next/static/chunks/2532-16f59635ee5a761a.js:14
[ 9255294ms] [ERROR] Failed to load resource: net::ERR_INTERNET_DISCONNECTED @ https://securetoken.googleapis.com/v1/token?key=AIzaSyCezG55zVQEZWCEs-lHzx_yQldg-Ej2X60:0
[ 9255295ms] [ERROR] Failed to load resource: net::ERR_INTERNET_DISCONNECTED @ https://www.google.com/recaptcha/enterprise/clr?k=6Lf3d9UsAAAAAILBqo6A909pmhyvtYmDoxaKtfMV:0
[ 9255297ms] [ERROR] Failed to load resource: net::ERR_INTERNET_DISCONNECTED @ https://www.google.com/recaptcha/enterprise/clr?k=6Lf3d9UsAAAAAILBqo6A909pmhyvtYmDoxaKtfMV:0
[ 9255301ms] [ERROR] Failed to load resource: net::ERR_INTERNET_DISCONNECTED @ https://www.google.com/recaptcha/enterprise/clr?k=6Lf3d9UsAAAAAILBqo6A909pmhyvtYmDoxaKtfMV:0
[ 9255304ms] [ERROR] Failed to load resource: net::ERR_INTERNET_DISCONNECTED @ https://www.google.com/recaptcha/enterprise/clr?k=6Lf3d9UsAAAAAILBqo6A909pmhyvtYmDoxaKtfMV:0
[11265850ms] [WARNING] [2026-09-22T22:41:52.878Z]  @firebase/auth: Auth (12.6.0): Error while retrieving App Check token: FirebaseError: AppCheck: ReCAPTCHA error. (appCheck/recaptcha-error). @ https://outrun.co.il/_next/static/chunks/2532-16f59635ee5a761a.js:14
[11265855ms] [ERROR] Failed to load resource: net::ERR_INTERNET_DISCONNECTED @ https://securetoken.googleapis.com/v1/token?key=AIzaSyCezG55zVQEZWCEs-lHzx_yQldg-Ej2X60:0
[11265855ms] [ERROR] Failed to load resource: net::ERR_INTERNET_DISCONNECTED @ https://www.google.com/recaptcha/enterprise/clr?k=6Lf3d9UsAAAAAILBqo6A909pmhyvtYmDoxaKtfMV:0
[11265857ms] [ERROR] Failed to load resource: net::ERR_INTERNET_DISCONNECTED @ https://www.google.com/recaptcha/enterprise/clr?k=6Lf3d9UsAAAAAILBqo6A909pmhyvtYmDoxaKtfMV:0
[11265860ms] [ERROR] Failed to load resource: net::ERR_INTERNET_DISCONNECTED @ https://www.google.com/recaptcha/enterprise/clr?k=6Lf3d9UsAAAAAILBqo6A909pmhyvtYmDoxaKtfMV:0
[11265862ms] [ERROR] Failed to load resource: net::ERR_INTERNET_DISCONNECTED @ https://www.google.com/recaptcha/enterprise/clr?k=6Lf3d9UsAAAAAILBqo6A909pmhyvtYmDoxaKtfMV:0
[13348875ms] [WARNING] [2026-09-22T23:16:35.904Z]  @firebase/auth: Auth (12.6.0): Error while retrieving App Check token: FirebaseError: AppCheck: ReCAPTCHA error. (appCheck/recaptcha-error). @ https://outrun.co.il/_next/static/chunks/2532-16f59635ee5a761a.js:14
[13348881ms] [ERROR] Failed to load resource: net::ERR_INTERNET_DISCONNECTED @ https://securetoken.googleapis.com/v1/token?key=AIzaSyCezG55zVQEZWCEs-lHzx_yQldg-Ej2X60:0
[13348881ms] [ERROR] Failed to load resource: net::ERR_INTERNET_DISCONNECTED @ https://www.google.com/recaptcha/enterprise/clr?k=6Lf3d9UsAAAAAILBqo6A909pmhyvtYmDoxaKtfMV:0
[13348885ms] [ERROR] Failed to load resource: net::ERR_INTERNET_DISCONNECTED @ https://www.google.com/recaptcha/enterprise/clr?k=6Lf3d9UsAAAAAILBqo6A909pmhyvtYmDoxaKtfMV:0
[13348889ms] [ERROR] Failed to load resource: net::ERR_INTERNET_DISCONNECTED @ https://www.google.com/recaptcha/enterprise/clr?k=6Lf3d9UsAAAAAILBqo6A909pmhyvtYmDoxaKtfMV:0
[13348893ms] [ERROR] Failed to load resource: net::ERR_INTERNET_DISCONNECTED @ https://www.google.com/recaptcha/enterprise/clr?k=6Lf3d9UsAAAAAILBqo6A909pmhyvtYmDoxaKtfMV:0
[17004781ms] [WARNING] [2026-09-23T00:17:31.809Z]  @firebase/auth: Auth (12.6.0): Error while retrieving App Check token: FirebaseError: AppCheck: ReCAPTCHA error. (appCheck/recaptcha-error). @ https://outrun.co.il/_next/static/chunks/2532-16f59635ee5a761a.js:14
[17004786ms] [ERROR] Failed to load resource: net::ERR_INTERNET_DISCONNECTED @ https://www.google.com/recaptcha/enterprise/clr?k=6Lf3d9UsAAAAAILBqo6A909pmhyvtYmDoxaKtfMV:0
[17004787ms] [ERROR] Failed to load resource: net::ERR_INTERNET_DISCONNECTED @ https://securetoken.googleapis.com/v1/token?key=AIzaSyCezG55zVQEZWCEs-lHzx_yQldg-Ej2X60:0
[17004789ms] [ERROR] Failed to load resource: net::ERR_INTERNET_DISCONNECTED @ https://www.google.com/recaptcha/enterprise/clr?k=6Lf3d9UsAAAAAILBqo6A909pmhyvtYmDoxaKtfMV:0
[17004791ms] [ERROR] Failed to load resource: net::ERR_INTERNET_DISCONNECTED @ https://www.google.com/recaptcha/enterprise/clr?k=6Lf3d9UsAAAAAILBqo6A909pmhyvtYmDoxaKtfMV:0
[17004792ms] [ERROR] Failed to load resource: net::ERR_INTERNET_DISCONNECTED @ https://www.google.com/recaptcha/enterprise/clr?k=6Lf3d9UsAAAAAILBqo6A909pmhyvtYmDoxaKtfMV:0
[20656015ms] [WARNING] [2026-09-23T01:18:23.043Z]  @firebase/auth: Auth (12.6.0): Error while retrieving App Check token: FirebaseError: AppCheck: ReCAPTCHA error. (appCheck/recaptcha-error). @ https://outrun.co.il/_next/static/chunks/2532-16f59635ee5a761a.js:14
[20656019ms] [ERROR] Failed to load resource: net::ERR_INTERNET_DISCONNECTED @ https://www.google.com/recaptcha/enterprise/clr?k=6Lf3d9UsAAAAAILBqo6A909pmhyvtYmDoxaKtfMV:0
[20656020ms] [ERROR] Failed to load resource: net::ERR_INTERNET_DISCONNECTED @ https://securetoken.googleapis.com/v1/token?key=AIzaSyCezG55zVQEZWCEs-lHzx_yQldg-Ej2X60:0
[20656021ms] [ERROR] Failed to load resource: net::ERR_INTERNET_DISCONNECTED @ https://www.google.com/recaptcha/enterprise/clr?k=6Lf3d9UsAAAAAILBqo6A909pmhyvtYmDoxaKtfMV:0
[20656023ms] [ERROR] Failed to load resource: net::ERR_INTERNET_DISCONNECTED @ https://www.google.com/recaptcha/enterprise/clr?k=6Lf3d9UsAAAAAILBqo6A909pmhyvtYmDoxaKtfMV:0
[20656025ms] [ERROR] Failed to load resource: net::ERR_INTERNET_DISCONNECTED @ https://www.google.com/recaptcha/enterprise/clr?k=6Lf3d9UsAAAAAILBqo6A909pmhyvtYmDoxaKtfMV:0
[20697044ms] [WARNING] [2026-09-23T01:19:04.072Z]  @firebase/auth: Auth (12.6.0): Error while retrieving App Check token: FirebaseError: AppCheck: ReCAPTCHA error. (appCheck/recaptcha-error). @ https://outrun.co.il/_next/static/chunks/2532-16f59635ee5a761a.js:14
[20697048ms] [ERROR] Failed to load resource: net::ERR_INTERNET_DISCONNECTED @ https://securetoken.googleapis.com/v1/token?key=AIzaSyCezG55zVQEZWCEs-lHzx_yQldg-Ej2X60:0
[20697048ms] [ERROR] Failed to load resource: net::ERR_INTERNET_DISCONNECTED @ https://www.google.com/recaptcha/enterprise/clr?k=6Lf3d9UsAAAAAILBqo6A909pmhyvtYmDoxaKtfMV:0
[20697050ms] [ERROR] Failed to load resource: net::ERR_INTERNET_DISCONNECTED @ https://www.google.com/recaptcha/enterprise/clr?k=6Lf3d9UsAAAAAILBqo6A909pmhyvtYmDoxaKtfMV:0
[20697052ms] [ERROR] Failed to load resource: net::ERR_INTERNET_DISCONNECTED @ https://www.google.com/recaptcha/enterprise/clr?k=6Lf3d9UsAAAAAILBqo6A909pmhyvtYmDoxaKtfMV:0
[20697054ms] [ERROR] Failed to load resource: net::ERR_INTERNET_DISCONNECTED @ https://www.google.com/recaptcha/enterprise/clr?k=6Lf3d9UsAAAAAILBqo6A909pmhyvtYmDoxaKtfMV:0
[24319687ms] [WARNING] [2026-09-23T02:19:26.716Z]  @firebase/auth: Auth (12.6.0): Error while retrieving App Check token: FirebaseError: AppCheck: ReCAPTCHA error. (appCheck/recaptcha-error). @ https://outrun.co.il/_next/static/chunks/2532-16f59635ee5a761a.js:14
[24319692ms] [ERROR] Failed to load resource: net::ERR_INTERNET_DISCONNECTED @ https://www.google.com/recaptcha/enterprise/clr?k=6Lf3d9UsAAAAAILBqo6A909pmhyvtYmDoxaKtfMV:0
[24319693ms] [ERROR] Failed to load resource: net::ERR_INTERNET_DISCONNECTED @ https://securetoken.googleapis.com/v1/token?key=AIzaSyCezG55zVQEZWCEs-lHzx_yQldg-Ej2X60:0
[24319695ms] [ERROR] Failed to load resource: net::ERR_INTERNET_DISCONNECTED @ https://www.google.com/recaptcha/enterprise/clr?k=6Lf3d9UsAAAAAILBqo6A909pmhyvtYmDoxaKtfMV:0
[24319697ms] [ERROR] Failed to load resource: net::ERR_INTERNET_DISCONNECTED @ https://www.google.com/recaptcha/enterprise/clr?k=6Lf3d9UsAAAAAILBqo6A909pmhyvtYmDoxaKtfMV:0
[24319698ms] [ERROR] Failed to load resource: net::ERR_INTERNET_DISCONNECTED @ https://www.google.com/recaptcha/enterprise/clr?k=6Lf3d9UsAAAAAILBqo6A909pmhyvtYmDoxaKtfMV:0
[27978096ms] [WARNING] [2026-09-23T03:20:25.124Z]  @firebase/auth: Auth (12.6.0): Error while retrieving App Check token: FirebaseError: AppCheck: ReCAPTCHA error. (appCheck/recaptcha-error). @ https://outrun.co.il/_next/static/chunks/2532-16f59635ee5a761a.js:14
[27978101ms] [ERROR] Failed to load resource: net::ERR_INTERNET_DISCONNECTED @ https://securetoken.googleapis.com/v1/token?key=AIzaSyCezG55zVQEZWCEs-lHzx_yQldg-Ej2X60:0
[27978101ms] [ERROR] Failed to load resource: net::ERR_INTERNET_DISCONNECTED @ https://www.google.com/recaptcha/enterprise/clr?k=6Lf3d9UsAAAAAILBqo6A909pmhyvtYmDoxaKtfMV:0
[27978103ms] [ERROR] Failed to load resource: net::ERR_INTERNET_DISCONNECTED @ https://www.google.com/recaptcha/enterprise/clr?k=6Lf3d9UsAAAAAILBqo6A909pmhyvtYmDoxaKtfMV:0
[27978105ms] [ERROR] Failed to load resource: net::ERR_INTERNET_DISCONNECTED @ https://www.google.com/recaptcha/enterprise/clr?k=6Lf3d9UsAAAAAILBqo6A909pmhyvtYmDoxaKtfMV:0
[27978107ms] [ERROR] Failed to load resource: net::ERR_INTERNET_DISCONNECTED @ https://www.google.com/recaptcha/enterprise/clr?k=6Lf3d9UsAAAAAILBqo6A909pmhyvtYmDoxaKtfMV:0
[29756514ms] [WARNING] [2026-09-23T03:50:03.542Z]  @firebase/auth: Auth (12.6.0): Error while retrieving App Check token: FirebaseError: AppCheck: ReCAPTCHA error. (appCheck/recaptcha-error). @ https://outrun.co.il/_next/static/chunks/2532-16f59635ee5a761a.js:14
[29756521ms] [ERROR] Failed to load resource: net::ERR_INTERNET_DISCONNECTED @ https://www.google.com/recaptcha/enterprise/clr?k=6Lf3d9UsAAAAAILBqo6A909pmhyvtYmDoxaKtfMV:0
[29756522ms] [ERROR] Failed to load resource: net::ERR_INTERNET_DISCONNECTED @ https://securetoken.googleapis.com/v1/token?key=AIzaSyCezG55zVQEZWCEs-lHzx_yQldg-Ej2X60:0
[29756524ms] [ERROR] Failed to load resource: net::ERR_INTERNET_DISCONNECTED @ https://www.google.com/recaptcha/enterprise/clr?k=6Lf3d9UsAAAAAILBqo6A909pmhyvtYmDoxaKtfMV:0
[29756527ms] [ERROR] Failed to load resource: net::ERR_INTERNET_DISCONNECTED @ https://www.google.com/recaptcha/enterprise/clr?k=6Lf3d9UsAAAAAILBqo6A909pmhyvtYmDoxaKtfMV:0
[29756529ms] [ERROR] Failed to load resource: net::ERR_INTERNET_DISCONNECTED @ https://www.google.com/recaptcha/enterprise/clr?k=6Lf3d9UsAAAAAILBqo6A909pmhyvtYmDoxaKtfMV:0
[31673180ms] [WARNING] [2026-09-23T04:22:00.208Z]  @firebase/auth: Auth (12.6.0): Error while retrieving App Check token: FirebaseError: AppCheck: ReCAPTCHA error. (appCheck/recaptcha-error). @ https://outrun.co.il/_next/static/chunks/2532-16f59635ee5a761a.js:14
[31673184ms] [ERROR] Failed to load resource: net::ERR_INTERNET_DISCONNECTED @ https://securetoken.googleapis.com/v1/token?key=AIzaSyCezG55zVQEZWCEs-lHzx_yQldg-Ej2X60:0
[31673185ms] [ERROR] Failed to load resource: net::ERR_INTERNET_DISCONNECTED @ https://www.google.com/recaptcha/enterprise/clr?k=6Lf3d9UsAAAAAILBqo6A909pmhyvtYmDoxaKtfMV:0
[31673187ms] [ERROR] Failed to load resource: net::ERR_INTERNET_DISCONNECTED @ https://www.google.com/recaptcha/enterprise/clr?k=6Lf3d9UsAAAAAILBqo6A909pmhyvtYmDoxaKtfMV:0
[31673189ms] [ERROR] Failed to load resource: net::ERR_INTERNET_DISCONNECTED @ https://www.google.com/recaptcha/enterprise/clr?k=6Lf3d9UsAAAAAILBqo6A909pmhyvtYmDoxaKtfMV:0
[31673191ms] [ERROR] Failed to load resource: net::ERR_INTERNET_DISCONNECTED @ https://www.google.com/recaptcha/enterprise/clr?k=6Lf3d9UsAAAAAILBqo6A909pmhyvtYmDoxaKtfMV:0
[34590882ms] [WARNING] [2026-09-23T05:10:37.911Z]  @firebase/auth: Auth (12.6.0): Error while retrieving App Check token: FirebaseError: AppCheck: ReCAPTCHA error. (appCheck/recaptcha-error). @ https://outrun.co.il/_next/static/chunks/2532-16f59635ee5a761a.js:14
[34590890ms] [ERROR] Failed to load resource: net::ERR_INTERNET_DISCONNECTED @ https://www.google.com/recaptcha/enterprise/clr?k=6Lf3d9UsAAAAAILBqo6A909pmhyvtYmDoxaKtfMV:0
[34590891ms] [ERROR] Failed to load resource: net::ERR_INTERNET_DISCONNECTED @ https://securetoken.googleapis.com/v1/token?key=AIzaSyCezG55zVQEZWCEs-lHzx_yQldg-Ej2X60:0
[34590893ms] [ERROR] Failed to load resource: net::ERR_INTERNET_DISCONNECTED @ https://www.google.com/recaptcha/enterprise/clr?k=6Lf3d9UsAAAAAILBqo6A909pmhyvtYmDoxaKtfMV:0
[34590895ms] [ERROR] Failed to load resource: net::ERR_INTERNET_DISCONNECTED @ https://www.google.com/recaptcha/enterprise/clr?k=6Lf3d9UsAAAAAILBqo6A909pmhyvtYmDoxaKtfMV:0
[34590897ms] [ERROR] Failed to load resource: net::ERR_INTERNET_DISCONNECTED @ https://www.google.com/recaptcha/enterprise/clr?k=6Lf3d9UsAAAAAILBqo6A909pmhyvtYmDoxaKtfMV:0
[34601771ms] [ERROR] Failed to load resource: net::ERR_INTERNET_DISCONNECTED @ https://www.google.com/recaptcha/enterprise/clr?k=6Lf3d9UsAAAAAILBqo6A909pmhyvtYmDoxaKtfMV:0
[34601776ms] [ERROR] Failed to load resource: net::ERR_INTERNET_DISCONNECTED @ https://www.google.com/recaptcha/enterprise/clr?k=6Lf3d9UsAAAAAILBqo6A909pmhyvtYmDoxaKtfMV:0
[34601779ms] [ERROR] Failed to load resource: net::ERR_INTERNET_DISCONNECTED @ https://www.google.com/recaptcha/enterprise/clr?k=6Lf3d9UsAAAAAILBqo6A909pmhyvtYmDoxaKtfMV:0
[34601781ms] [ERROR] Failed to load resource: net::ERR_INTERNET_DISCONNECTED @ https://www.google.com/recaptcha/enterprise/clr?k=6Lf3d9UsAAAAAILBqo6A909pmhyvtYmDoxaKtfMV:0
[34658593ms] [WARNING] [2026-09-23T05:11:45.621Z]  @firebase/auth: Auth (12.6.0): Error while retrieving App Check token: FirebaseError: AppCheck: ReCAPTCHA error. (appCheck/recaptcha-error). @ https://outrun.co.il/_next/static/chunks/2532-16f59635ee5a761a.js:14
[34658600ms] [ERROR] Failed to load resource: net::ERR_INTERNET_DISCONNECTED @ https://securetoken.googleapis.com/v1/token?key=AIzaSyCezG55zVQEZWCEs-lHzx_yQldg-Ej2X60:0
[34658601ms] [ERROR] Failed to load resource: net::ERR_INTERNET_DISCONNECTED @ https://www.google.com/recaptcha/enterprise/clr?k=6Lf3d9UsAAAAAILBqo6A909pmhyvtYmDoxaKtfMV:0
[34658605ms] [ERROR] Failed to load resource: net::ERR_INTERNET_DISCONNECTED @ https://www.google.com/recaptcha/enterprise/clr?k=6Lf3d9UsAAAAAILBqo6A909pmhyvtYmDoxaKtfMV:0
[34658609ms] [ERROR] Failed to load resource: net::ERR_INTERNET_DISCONNECTED @ https://www.google.com/recaptcha/enterprise/clr?k=6Lf3d9UsAAAAAILBqo6A909pmhyvtYmDoxaKtfMV:0
[34658613ms] [ERROR] Failed to load resource: net::ERR_INTERNET_DISCONNECTED @ https://www.google.com/recaptcha/enterprise/clr?k=6Lf3d9UsAAAAAILBqo6A909pmhyvtYmDoxaKtfMV:0
[34659150ms] [WARNING] [2026-09-23T05:11:46.178Z]  @firebase/auth: Auth (12.6.0): Error while retrieving App Check token: FirebaseError: AppCheck: ReCAPTCHA error. (appCheck/recaptcha-error). @ https://outrun.co.il/_next/static/chunks/2532-16f59635ee5a761a.js:14
[35614268ms] [WARNING] [2026-09-23T05:27:41.296Z]  @firebase/auth: Auth (12.6.0): Error while retrieving App Check token: FirebaseError: AppCheck: ReCAPTCHA error. (appCheck/recaptcha-error). @ https://outrun.co.il/_next/static/chunks/2532-16f59635ee5a761a.js:14
[36726573ms] [ERROR] Failed to load resource: net::ERR_QUIC_PROTOCOL_ERROR.QUIC_TOO_MANY_RTOS @ https://firestore.googleapis.com/google.firestore.v1.Firestore/Listen/channel?gsessionid=M4ADC_FBwemKcsCOD3z5FYhLAuTmiGlFEPPacsdHm0vUiSc6t-8hdw&VER=8&database=projects%2Fappout-1%2Fdatabases%2F(default)&RID=rpc&SID=ODBZly8Wu8mzPfu4IJxgvw&AID=64&CI=0&TYPE=xmlhttp&zx=ycqp8wkhzvr7&t=1:0
[36963150ms] [ERROR] Failed to load resource: net::ERR_QUIC_PROTOCOL_ERROR.QUIC_TOO_MANY_RTOS @ https://firestore.googleapis.com/google.firestore.v1.Firestore/Listen/channel?gsessionid=M4ADC_FBwemKcsCOD3z5FYhLAuTmiGlFEPPacsdHm0vUiSc6t-8hdw&VER=8&database=projects%2Fappout-1%2Fdatabases%2F(default)&RID=rpc&SID=ODBZly8Wu8mzPfu4IJxgvw&AID=72&CI=0&TYPE=xmlhttp&zx=4tguxy3l1ud8&t=1:0
[36963331ms] [ERROR] Failed to load resource: the server responded with a status of 400 () @ https://firestore.googleapis.com/google.firestore.v1.Firestore/Listen/channel?gsessionid=M4ADC_FBwemKcsCOD3z5FYhLAuTmiGlFEPPacsdHm0vUiSc6t-8hdw&VER=8&database=projects%2Fappout-1%2Fdatabases%2F(default)&RID=rpc&SID=ODBZly8Wu8mzPfu4IJxgvw&AID=75&CI=0&TYPE=xmlhttp&zx=pfqs2bj18l4y&t=1:0
[36963336ms] [WARNING] [2026-09-23T05:50:10.364Z]  @firebase/firestore: Firestore (12.6.0): WebChannelConnection RPC 'Listen' stream 0x60f7b61b transport errored. Name: undefined Message: undefined @ https://outrun.co.il/_next/static/chunks/2532-16f59635ee5a761a.js:14
[37934500ms] [ERROR] Failed to load resource: net::ERR_QUIC_PROTOCOL_ERROR.QUIC_NETWORK_IDLE_TIMEOUT @ https://firestore.googleapis.com/google.firestore.v1.Firestore/Listen/channel?gsessionid=ZQYF2Yjmd3eDkAAehY92kvKD1staa3muy0ulivJSCeIDs_L-2qorxA&VER=8&database=projects%2Fappout-1%2Fdatabases%2F(default)&RID=rpc&SID=MdVzFwdsWcMedTURnb29uA&AID=56&CI=0&TYPE=xmlhttp&zx=744fmfaocrt7&t=1:0
[37940860ms] [ERROR] Failed to load resource: net::ERR_NAME_NOT_RESOLVED @ https://firestore.googleapis.com/google.firestore.v1.Firestore/Listen/channel?gsessionid=ZQYF2Yjmd3eDkAAehY92kvKD1staa3muy0ulivJSCeIDs_L-2qorxA&VER=8&database=projects%2Fappout-1%2Fdatabases%2F(default)&RID=rpc&SID=MdVzFwdsWcMedTURnb29uA&AID=59&CI=0&TYPE=xmlhttp&zx=2ax1ky8nz36a&t=1:0
[37947214ms] [ERROR] Failed to load resource: net::ERR_NAME_NOT_RESOLVED @ https://firestore.googleapis.com/google.firestore.v1.Firestore/Listen/channel?gsessionid=ZQYF2Yjmd3eDkAAehY92kvKD1staa3muy0ulivJSCeIDs_L-2qorxA&VER=8&database=projects%2Fappout-1%2Fdatabases%2F(default)&RID=rpc&SID=MdVzFwdsWcMedTURnb29uA&AID=59&CI=0&TYPE=xmlhttp&zx=mwy7jfk8oom4&t=2:0
[37964430ms] [ERROR] Failed to load resource: net::ERR_NAME_NOT_RESOLVED @ https://firestore.googleapis.com/google.firestore.v1.Firestore/Listen/channel?gsessionid=ZQYF2Yjmd3eDkAAehY92kvKD1staa3muy0ulivJSCeIDs_L-2qorxA&VER=8&database=projects%2Fappout-1%2Fdatabases%2F(default)&RID=rpc&SID=MdVzFwdsWcMedTURnb29uA&AID=59&CI=0&TYPE=xmlhttp&zx=y4ejcgfb0eos&t=3:0
[38029445ms] [ERROR] Failed to load resource: net::ERR_QUIC_PROTOCOL_ERROR.QUIC_NETWORK_IDLE_TIMEOUT @ https://firestore.googleapis.com/google.firestore.v1.Firestore/Listen/channel?gsessionid=ZQYF2Yjmd3eDkAAehY92kvKD1staa3muy0ulivJSCeIDs_L-2qorxA&VER=8&database=projects%2Fappout-1%2Fdatabases%2F(default)&RID=rpc&SID=MdVzFwdsWcMedTURnb29uA&AID=59&CI=0&TYPE=xmlhttp&zx=mip362cj6m9q&t=4:0
[38604163ms] [LOG] [DEBUG-RESOLVER] resolveContent("front_lever", 3) → programId="mFcuYlNgKXLqWVUFo0zt" @ https://outrun.co.il/_next/static/chunks/5677-5539fdbd5d964d2a.js:0
[38604616ms] [LOG] [VisualContentService] docToContent "mFcuYlNgKXLqWVUFo0zt_3": {hasVideoVariantsField: true, hasVariantsField: false, rawType: array[0], parsedVariantsCount: 0, allTopLevelKeys: Array(14)} @ https://outrun.co.il/_next/static/chunks/5677-5539fdbd5d964d2a.js:0
[38604619ms] [LOG] [DEBUG-RESOLVER] attempt1 getVisualContentItem("mFcuYlNgKXLqWVUFo0zt", 3) → FOUND @ https://outrun.co.il/_next/static/chunks/5677-5539fdbd5d964d2a.js:0
[38604935ms] [LOG] [ContentResolver] Level 3 — exercise video resolved: "מתח רחב" → https://vz-b17872ab-7a7.b-cdn.net/b94feac8-97fa-407e-844e-cc… @ https://outrun.co.il/_next/static/chunks/5677-5539fdbd5d964d2a.js:0
[38604935ms] [LOG] [DEBUG-RESOLVER] resolveContent("front_lever", 2) → programId="mFcuYlNgKXLqWVUFo0zt" @ https://outrun.co.il/_next/static/chunks/5677-5539fdbd5d964d2a.js:0
[38604935ms] [LOG] [DEBUG-RESOLVER] resolveContent("front_lever", 4) → programId="mFcuYlNgKXLqWVUFo0zt" @ https://outrun.co.il/_next/static/chunks/5677-5539fdbd5d964d2a.js:0
[38604935ms] [LOG] [DEBUG-RESOLVER] resolveContent("front_lever", 4) → programId="mFcuYlNgKXLqWVUFo0zt" @ https://outrun.co.il/_next/static/chunks/5677-5539fdbd5d964d2a.js:0
[38605341ms] [LOG] [VisualContentService] docToContent "mFcuYlNgKXLqWVUFo0zt_2": {hasVideoVariantsField: true, hasVariantsField: false, rawType: array[0], parsedVariantsCount: 0, allTopLevelKeys: Array(14)} @ https://outrun.co.il/_next/static/chunks/5677-5539fdbd5d964d2a.js:0
[38605341ms] [LOG] [DEBUG-RESOLVER] attempt1 getVisualContentItem("mFcuYlNgKXLqWVUFo0zt", 2) → FOUND @ https://outrun.co.il/_next/static/chunks/5677-5539fdbd5d964d2a.js:0
[38605341ms] [LOG] [VisualContentService] docToContent "mFcuYlNgKXLqWVUFo0zt_4": {hasVideoVariantsField: true, hasVariantsField: false, rawType: array[0], parsedVariantsCount: 0, allTopLevelKeys: Array(14)} @ https://outrun.co.il/_next/static/chunks/5677-5539fdbd5d964d2a.js:0
[38605341ms] [LOG] [DEBUG-RESOLVER] attempt1 getVisualContentItem("mFcuYlNgKXLqWVUFo0zt", 4) → FOUND @ https://outrun.co.il/_next/static/chunks/5677-5539fdbd5d964d2a.js:0
[38605341ms] [LOG] [VisualContentService] docToContent "mFcuYlNgKXLqWVUFo0zt_4": {hasVideoVariantsField: true, hasVariantsField: false, rawType: array[0], parsedVariantsCount: 0, allTopLevelKeys: Array(14)} @ https://outrun.co.il/_next/static/chunks/5677-5539fdbd5d964d2a.js:0
[38605341ms] [LOG] [DEBUG-RESOLVER] attempt1 getVisualContentItem("mFcuYlNgKXLqWVUFo0zt", 4) → FOUND @ https://outrun.co.il/_next/static/chunks/5677-5539fdbd5d964d2a.js:0
[38605466ms] [LOG] [ContentResolver] Level 2 — exercise video resolved: "מתח קומנדו" → https://vz-b17872ab-7a7.b-cdn.net/fc8e9782-ed5b-4047-9ac2-1f… @ https://outrun.co.il/_next/static/chunks/5677-5539fdbd5d964d2a.js:0
[38605475ms] [LOG] [ContentResolver] Level 4 — exercise video resolved: "מתח באחיזה מעורבת" → https://vz-b17872ab-7a7.b-cdn.net/816e1256-d6a4-4691-8d93-ef… @ https://outrun.co.il/_next/static/chunks/5677-5539fdbd5d964d2a.js:0
[38605475ms] [LOG] [ContentResolver] Level 4 — exercise video resolved: "מתח באחיזה מעורבת" → https://vz-b17872ab-7a7.b-cdn.net/816e1256-d6a4-4691-8d93-ef… @ https://outrun.co.il/_next/static/chunks/5677-5539fdbd5d964d2a.js:0
[39048039ms] [WARNING] [2026-09-23T06:24:55.067Z]  @firebase/auth: Auth (12.6.0): Error while retrieving App Check token: FirebaseError: AppCheck: ReCAPTCHA error. (appCheck/recaptcha-error). @ https://outrun.co.il/_next/static/chunks/2532-16f59635ee5a761a.js:14
[39503286ms] [ERROR] Failed to load resource: the server responded with a status of 400 () @ https://firestore.googleapis.com/google.firestore.v1.Firestore/Listen/channel?gsessionid=tm62WaDaBBthZS9vNmD5gyL8TE0c3zpuNTCMZT6NqPfXobwdx0WS_A&VER=8&database=projects%2Fappout-1%2Fdatabases%2F(default)&RID=rpc&SID=4uGQT4vNg3YoQ4orcJQ_yQ&AID=40&CI=1&TYPE=xmlhttp&zx=c05isfs6h4uv&t=2:0
[39503288ms] [WARNING] [2026-09-23T06:32:30.317Z]  @firebase/firestore: Firestore (12.6.0): WebChannelConnection RPC 'Listen' stream 0x60f7b61d transport errored. Name: undefined Message: undefined @ https://outrun.co.il/_next/static/chunks/2532-16f59635ee5a761a.js:14
[39591299ms] [ERROR] Failed to load resource: net::ERR_NETWORK_CHANGED @ https://firestore.googleapis.com/google.firestore.v1.Firestore/Listen/channel?gsessionid=2rsHMGkKwY7dwSMHR94ivcgzR6LooC_pYdqXv4YUnpxWTi5bCOJymA&VER=8&database=projects%2Fappout-1%2Fdatabases%2F(default)&RID=rpc&SID=BjpO1RjK8qVcsd7HhLZdkw&AID=74&CI=0&TYPE=xmlhttp&zx=kxll6ee6ca&t=1:0
[39591301ms] [ERROR] Failed to load resource: net::ERR_NETWORK_CHANGED @ https://firestore.googleapis.com/google.firestore.v1.Firestore/Write/channel?gsessionid=Gj-QSTGKz66ffTQ2OBWGdZFy6D28YFS7zTCxwE-ohsbwxqAbv0jwFQ&VER=8&database=projects%2Fappout-1%2Fdatabases%2F(default)&RID=rpc&SID=ypETrQ1Hyp_xm4EP3jvx4w&AID=8&CI=0&TYPE=xmlhttp&zx=8ts4gvalx6y3&t=1:0
[39620558ms] [ERROR] Failed to load resource: net::ERR_NETWORK_IO_SUSPENDED @ https://firestore.googleapis.com/google.firestore.v1.Firestore/Listen/channel?gsessionid=2rsHMGkKwY7dwSMHR94ivcgzR6LooC_pYdqXv4YUnpxWTi5bCOJymA&VER=8&database=projects%2Fappout-1%2Fdatabases%2F(default)&RID=rpc&SID=BjpO1RjK8qVcsd7HhLZdkw&AID=104&CI=0&TYPE=xmlhttp&zx=1lg4fk35kn4e&t=1:0
[39854962ms] [ERROR] Failed to load resource: net::ERR_NETWORK_CHANGED @ https://firestore.googleapis.com/google.firestore.v1.Firestore/Listen/channel?gsessionid=2rsHMGkKwY7dwSMHR94ivcgzR6LooC_pYdqXv4YUnpxWTi5bCOJymA&VER=8&database=projects%2Fappout-1%2Fdatabases%2F(default)&RID=rpc&SID=BjpO1RjK8qVcsd7HhLZdkw&AID=106&CI=0&TYPE=xmlhttp&zx=xnrvz84tzkrj&t=1:0
[39855009ms] [ERROR] Failed to load resource: net::ERR_NAME_NOT_RESOLVED @ https://firestore.googleapis.com/google.firestore.v1.Firestore/Listen/channel?gsessionid=2rsHMGkKwY7dwSMHR94ivcgzR6LooC_pYdqXv4YUnpxWTi5bCOJymA&VER=8&database=projects%2Fappout-1%2Fdatabases%2F(default)&RID=rpc&SID=BjpO1RjK8qVcsd7HhLZdkw&AID=107&CI=0&TYPE=xmlhttp&zx=xtt2xdetui0k&t=1:0
[39855406ms] [ERROR] Failed to load resource: net::ERR_NETWORK_CHANGED @ https://firestore.googleapis.com/google.firestore.v1.Firestore/Listen/channel?gsessionid=2rsHMGkKwY7dwSMHR94ivcgzR6LooC_pYdqXv4YUnpxWTi5bCOJymA&VER=8&database=projects%2Fappout-1%2Fdatabases%2F(default)&RID=rpc&SID=BjpO1RjK8qVcsd7HhLZdkw&AID=107&CI=0&TYPE=xmlhttp&zx=erer0l2duve&t=2:0
[39868232ms] [ERROR] Failed to load resource: the server responded with a status of 400 () @ https://firestore.googleapis.com/google.firestore.v1.Firestore/Listen/channel?gsessionid=2rsHMGkKwY7dwSMHR94ivcgzR6LooC_pYdqXv4YUnpxWTi5bCOJymA&VER=8&database=projects%2Fappout-1%2Fdatabases%2F(default)&RID=rpc&SID=BjpO1RjK8qVcsd7HhLZdkw&AID=107&CI=0&TYPE=xmlhttp&zx=8nxhnyiw5kos&t=3:0
[39868235ms] [WARNING] [2026-09-23T06:38:35.263Z]  @firebase/firestore: Firestore (12.6.0): WebChannelConnection RPC 'Listen' stream 0x60f7b61e transport errored. Name: undefined Message: undefined @ https://outrun.co.il/_next/static/chunks/2532-16f59635ee5a761a.js:14
[40098882ms] [ERROR] Failed to load resource: net::ERR_NETWORK_CHANGED @ https://firestore.googleapis.com/google.firestore.v1.Firestore/Listen/channel?gsessionid=ogxSiN7N0EdqqioyVPRJgl8iWApQxQySeSlbOa-2B0AVTrsAFtNBXA&VER=8&database=projects%2Fappout-1%2Fdatabases%2F(default)&RID=rpc&SID=D1cz70euycjRi-_QU7VwlQ&AID=0&CI=0&TYPE=xmlhttp&zx=3nyx2llm32h5&t=1:0
[40099223ms] [ERROR] Failed to load resource: net::ERR_NETWORK_CHANGED @ https://firestore.googleapis.com/google.firestore.v1.Firestore/Listen/channel?gsessionid=ogxSiN7N0EdqqioyVPRJgl8iWApQxQySeSlbOa-2B0AVTrsAFtNBXA&VER=8&database=projects%2Fappout-1%2Fdatabases%2F(default)&RID=rpc&SID=D1cz70euycjRi-_QU7VwlQ&AID=13&CI=0&TYPE=xmlhttp&zx=ygndmt9svnur&t=1:0
[40099722ms] [ERROR] Failed to load resource: the server responded with a status of 400 () @ https://firestore.googleapis.com/google.firestore.v1.Firestore/Listen/channel?VER=8&database=projects%2Fappout-1%2Fdatabases%2F(default)&gsessionid=ogxSiN7N0EdqqioyVPRJgl8iWApQxQySeSlbOa-2B0AVTrsAFtNBXA&SID=D1cz70euycjRi-_QU7VwlQ&RID=13220&TYPE=terminate&zx=5ey42yrrl6rh:0
[40251843ms] [ERROR] Failed to load resource: net::ERR_NETWORK_CHANGED @ https://firestore.googleapis.com/google.firestore.v1.Firestore/Listen/channel?gsessionid=wz5IK7hpStoxBisjApO1fPb7K2gdSshynoLbdFJGGjoAZhepWyiGMQ&VER=8&database=projects%2Fappout-1%2Fdatabases%2F(default)&RID=rpc&SID=mgrTJEgX3npELdv4KCMQ5A&AID=0&CI=0&TYPE=xmlhttp&zx=32lytggqnk0u&t=1:0
[40251844ms] [ERROR] Failed to load resource: net::ERR_NETWORK_CHANGED @ https://www.google.com/recaptcha/enterprise/clr?k=6Lf3d9UsAAAAAILBqo6A909pmhyvtYmDoxaKtfMV:0
[40252037ms] [ERROR] Failed to load resource: net::ERR_NETWORK_CHANGED @ https://firestore.googleapis.com/google.firestore.v1.Firestore/Listen/channel?gsessionid=wz5IK7hpStoxBisjApO1fPb7K2gdSshynoLbdFJGGjoAZhepWyiGMQ&VER=8&database=projects%2Fappout-1%2Fdatabases%2F(default)&RID=rpc&SID=mgrTJEgX3npELdv4KCMQ5A&AID=0&CI=0&TYPE=xmlhttp&zx=oxxqqqf4qn4l&t=2:0
[40252037ms] [ERROR] Failed to load resource: net::ERR_NETWORK_CHANGED @ https://www.google.com/recaptcha/enterprise/clr?k=6Lf3d9UsAAAAAILBqo6A909pmhyvtYmDoxaKtfMV:0
[41223962ms] [ERROR] Failed to load resource: net::ERR_NETWORK_CHANGED @ https://firestore.googleapis.com/google.firestore.v1.Firestore/Listen/channel?gsessionid=wz5IK7hpStoxBisjApO1fPb7K2gdSshynoLbdFJGGjoAZhepWyiGMQ&VER=8&database=projects%2Fappout-1%2Fdatabases%2F(default)&RID=rpc&SID=mgrTJEgX3npELdv4KCMQ5A&AID=0&CI=0&TYPE=xmlhttp&zx=72sxgnr7nrmi&t=3:0
[41223990ms] [ERROR] Failed to load resource: net::ERR_NAME_NOT_RESOLVED @ https://firestore.googleapis.com/google.firestore.v1.Firestore/Listen/channel?gsessionid=wz5IK7hpStoxBisjApO1fPb7K2gdSshynoLbdFJGGjoAZhepWyiGMQ&VER=8&database=projects%2Fappout-1%2Fdatabases%2F(default)&RID=rpc&SID=mgrTJEgX3npELdv4KCMQ5A&AID=15&CI=0&TYPE=xmlhttp&zx=r6mkgdoop4fp&t=1:0
[41223996ms] [ERROR] Failed to load resource: net::ERR_NAME_NOT_RESOLVED @ https://firestore.googleapis.com/google.firestore.v1.Firestore/Listen/channel?gsessionid=wz5IK7hpStoxBisjApO1fPb7K2gdSshynoLbdFJGGjoAZhepWyiGMQ&VER=8&database=projects%2Fappout-1%2Fdatabases%2F(default)&RID=rpc&SID=mgrTJEgX3npELdv4KCMQ5A&AID=15&CI=0&TYPE=xmlhttp&zx=s5kmdm3iikzc&t=2:0
[41224105ms] [ERROR] Failed to load resource: net::ERR_INTERNET_DISCONNECTED @ https://firestore.googleapis.com/google.firestore.v1.Firestore/Listen/channel?VER=8&database=projects%2Fappout-1%2Fdatabases%2F(default)&gsessionid=wz5IK7hpStoxBisjApO1fPb7K2gdSshynoLbdFJGGjoAZhepWyiGMQ&SID=mgrTJEgX3npELdv4KCMQ5A&RID=65971&TYPE=terminate&zx=hq4k9pmam8uz:0
[41224116ms] [ERROR] Failed to load resource: net::ERR_INTERNET_DISCONNECTED @ https://www.google.com/recaptcha/enterprise/clr?k=6Lf3d9UsAAAAAILBqo6A909pmhyvtYmDoxaKtfMV:0
[41224117ms] [ERROR] Failed to load resource: net::ERR_INTERNET_DISCONNECTED @ https://firestore.googleapis.com/google.firestore.v1.Firestore/Listen/channel?VER=8&database=projects%2Fappout-1%2Fdatabases%2F(default)&RID=82947&CVER=22&X-HTTP-Session-Id=gsessionid&zx=an2qz4kguvvi&t=1:0
[41224117ms] [WARNING] [2026-09-23T07:01:11.146Z]  @firebase/firestore: Firestore (12.6.0): WebChannelConnection RPC 'Listen' stream 0x60f7b622 transport errored. Name: undefined Message: undefined @ https://outrun.co.il/_next/static/chunks/2532-16f59635ee5a761a.js:14
[41224133ms] [ERROR] Failed to load resource: net::ERR_INTERNET_DISCONNECTED @ https://firestore.googleapis.com/google.firestore.v1.Firestore/Listen/channel?VER=8&database=projects%2Fappout-1%2Fdatabases%2F(default)&RID=90475&CVER=22&X-HTTP-Session-Id=gsessionid&zx=el7vobu08q3q&t=1:0
[41224133ms] [WARNING] [2026-09-23T07:01:11.162Z]  @firebase/firestore: Firestore (12.6.0): WebChannelConnection RPC 'Listen' stream 0x60f7b623 transport errored. Name: undefined Message: undefined @ https://outrun.co.il/_next/static/chunks/2532-16f59635ee5a761a.js:14
[41224137ms] [ERROR] Failed to load resource: net::ERR_INTERNET_DISCONNECTED @ https://www.google.com/recaptcha/enterprise/clr?k=6Lf3d9UsAAAAAILBqo6A909pmhyvtYmDoxaKtfMV:0
[41224138ms] [ERROR] Failed to load resource: net::ERR_INTERNET_DISCONNECTED @ https://www.google.com/images/cleardot.gif?zx=nkok72q89bon:0
[41224142ms] [ERROR] Failed to load resource: net::ERR_INTERNET_DISCONNECTED @ https://www.google.com/recaptcha/enterprise/clr?k=6Lf3d9UsAAAAAILBqo6A909pmhyvtYmDoxaKtfMV:0
[41224142ms] [ERROR] Failed to load resource: net::ERR_INTERNET_DISCONNECTED @ https://www.google.com/recaptcha/enterprise/clr?k=6Lf3d9UsAAAAAILBqo6A909pmhyvtYmDoxaKtfMV:0
[41224143ms] [ERROR] Failed to load resource: net::ERR_INTERNET_DISCONNECTED @ https://www.google.com/images/cleardot.gif?zx=9hi6x0byj897:0
[41224146ms] [ERROR] Failed to load resource: net::ERR_INTERNET_DISCONNECTED @ https://www.google.com/recaptcha/enterprise/clr?k=6Lf3d9UsAAAAAILBqo6A909pmhyvtYmDoxaKtfMV:0
[41224146ms] [ERROR] Failed to load resource: net::ERR_INTERNET_DISCONNECTED @ https://www.google.com/recaptcha/enterprise/clr?k=6Lf3d9UsAAAAAILBqo6A909pmhyvtYmDoxaKtfMV:0
[41224149ms] [ERROR] Failed to load resource: net::ERR_INTERNET_DISCONNECTED @ https://www.google.com/recaptcha/enterprise/clr?k=6Lf3d9UsAAAAAILBqo6A909pmhyvtYmDoxaKtfMV:0
[41224162ms] [ERROR] Failed to load resource: net::ERR_INTERNET_DISCONNECTED @ https://www.google.com/recaptcha/enterprise/clr?k=6Lf3d9UsAAAAAILBqo6A909pmhyvtYmDoxaKtfMV:0
[46581027ms] [WARNING] [2026-09-23T08:30:28.055Z]  @firebase/auth: Auth (12.6.0): Error while retrieving App Check token: FirebaseError: AppCheck: ReCAPTCHA error. (appCheck/recaptcha-error). @ https://outrun.co.il/_next/static/chunks/2532-16f59635ee5a761a.js:14
[46581034ms] [ERROR] Failed to load resource: net::ERR_INTERNET_DISCONNECTED @ https://securetoken.googleapis.com/v1/token?key=AIzaSyCezG55zVQEZWCEs-lHzx_yQldg-Ej2X60:0
[46581037ms] [WARNING] [2026-09-23T08:30:28.065Z]  @firebase/auth: Auth (12.6.0): Error while retrieving App Check token: FirebaseError: AppCheck: ReCAPTCHA error. (appCheck/recaptcha-error). @ https://outrun.co.il/_next/static/chunks/2532-16f59635ee5a761a.js:14
[46581037ms] [ERROR] Failed to load resource: net::ERR_INTERNET_DISCONNECTED @ https://www.google.com/recaptcha/enterprise/clr?k=6Lf3d9UsAAAAAILBqo6A909pmhyvtYmDoxaKtfMV:0
[46581040ms] [ERROR] Failed to load resource: net::ERR_INTERNET_DISCONNECTED @ https://www.google.com/recaptcha/enterprise/clr?k=6Lf3d9UsAAAAAILBqo6A909pmhyvtYmDoxaKtfMV:0
[46581041ms] [ERROR] Failed to load resource: net::ERR_INTERNET_DISCONNECTED @ https://securetoken.googleapis.com/v1/token?key=AIzaSyCezG55zVQEZWCEs-lHzx_yQldg-Ej2X60:0
[46581041ms] [ERROR] Failed to load resource: net::ERR_INTERNET_DISCONNECTED @ https://www.google.com/recaptcha/enterprise/clr?k=6Lf3d9UsAAAAAILBqo6A909pmhyvtYmDoxaKtfMV:0
[46581041ms] [ERROR] Failed to load resource: net::ERR_INTERNET_DISCONNECTED @ https://www.google.com/recaptcha/enterprise/clr?k=6Lf3d9UsAAAAAILBqo6A909pmhyvtYmDoxaKtfMV:0
[46581042ms] [ERROR] Failed to load resource: net::ERR_INTERNET_DISCONNECTED @ https://www.google.com/recaptcha/enterprise/clr?k=6Lf3d9UsAAAAAILBqo6A909pmhyvtYmDoxaKtfMV:0
[46581043ms] [ERROR] Failed to load resource: net::ERR_INTERNET_DISCONNECTED @ https://www.google.com/recaptcha/enterprise/clr?k=6Lf3d9UsAAAAAILBqo6A909pmhyvtYmDoxaKtfMV:0
[46581045ms] [ERROR] Failed to load resource: net::ERR_INTERNET_DISCONNECTED @ https://www.google.com/recaptcha/enterprise/clr?k=6Lf3d9UsAAAAAILBqo6A909pmhyvtYmDoxaKtfMV:0
[46581047ms] [ERROR] Failed to load resource: net::ERR_INTERNET_DISCONNECTED @ https://www.google.com/recaptcha/enterprise/clr?k=6Lf3d9UsAAAAAILBqo6A909pmhyvtYmDoxaKtfMV:0
[46582123ms] [WARNING] [2026-09-23T08:30:29.151Z]  @firebase/auth: Auth (12.6.0): Error while retrieving App Check token: FirebaseError: AppCheck: ReCAPTCHA error. (appCheck/recaptcha-error). @ https://outrun.co.il/_next/static/chunks/2532-16f59635ee5a761a.js:14
[46582127ms] [ERROR] Failed to load resource: net::ERR_INTERNET_DISCONNECTED @ https://www.google.com/recaptcha/enterprise/clr?k=6Lf3d9UsAAAAAILBqo6A909pmhyvtYmDoxaKtfMV:0
[46582128ms] [ERROR] Failed to load resource: net::ERR_INTERNET_DISCONNECTED @ https://securetoken.googleapis.com/v1/token?key=AIzaSyCezG55zVQEZWCEs-lHzx_yQldg-Ej2X60:0
[46582130ms] [ERROR] Failed to load resource: net::ERR_INTERNET_DISCONNECTED @ https://www.google.com/recaptcha/enterprise/clr?k=6Lf3d9UsAAAAAILBqo6A909pmhyvtYmDoxaKtfMV:0
[46582133ms] [ERROR] Failed to load resource: net::ERR_INTERNET_DISCONNECTED @ https://www.google.com/recaptcha/enterprise/clr?k=6Lf3d9UsAAAAAILBqo6A909pmhyvtYmDoxaKtfMV:0
[46582135ms] [ERROR] Failed to load resource: net::ERR_INTERNET_DISCONNECTED @ https://www.google.com/recaptcha/enterprise/clr?k=6Lf3d9UsAAAAAILBqo6A909pmhyvtYmDoxaKtfMV:0
[46584080ms] [WARNING] [2026-09-23T08:30:31.108Z]  @firebase/auth: Auth (12.6.0): Error while retrieving App Check token: FirebaseError: AppCheck: ReCAPTCHA error. (appCheck/recaptcha-error). @ https://outrun.co.il/_next/static/chunks/2532-16f59635ee5a761a.js:14
[46584084ms] [ERROR] Failed to load resource: net::ERR_INTERNET_DISCONNECTED @ https://securetoken.googleapis.com/v1/token?key=AIzaSyCezG55zVQEZWCEs-lHzx_yQldg-Ej2X60:0
[46584084ms] [ERROR] Failed to load resource: net::ERR_INTERNET_DISCONNECTED @ https://www.google.com/recaptcha/enterprise/clr?k=6Lf3d9UsAAAAAILBqo6A909pmhyvtYmDoxaKtfMV:0
[46584087ms] [ERROR] Failed to load resource: net::ERR_INTERNET_DISCONNECTED @ https://www.google.com/recaptcha/enterprise/clr?k=6Lf3d9UsAAAAAILBqo6A909pmhyvtYmDoxaKtfMV:0
[46584089ms] [ERROR] Failed to load resource: net::ERR_INTERNET_DISCONNECTED @ https://www.google.com/recaptcha/enterprise/clr?k=6Lf3d9UsAAAAAILBqo6A909pmhyvtYmDoxaKtfMV:0
[46584091ms] [ERROR] Failed to load resource: net::ERR_INTERNET_DISCONNECTED @ https://www.google.com/recaptcha/enterprise/clr?k=6Lf3d9UsAAAAAILBqo6A909pmhyvtYmDoxaKtfMV:0
[46585873ms] [WARNING] [2026-09-23T08:30:32.901Z]  @firebase/auth: Auth (12.6.0): Error while retrieving App Check token: FirebaseError: AppCheck: ReCAPTCHA error. (appCheck/recaptcha-error). @ https://outrun.co.il/_next/static/chunks/2532-16f59635ee5a761a.js:14
[46585879ms] [ERROR] Failed to load resource: net::ERR_INTERNET_DISCONNECTED @ https://securetoken.googleapis.com/v1/token?key=AIzaSyCezG55zVQEZWCEs-lHzx_yQldg-Ej2X60:0
[46585880ms] [ERROR] Failed to load resource: net::ERR_INTERNET_DISCONNECTED @ https://www.google.com/recaptcha/enterprise/clr?k=6Lf3d9UsAAAAAILBqo6A909pmhyvtYmDoxaKtfMV:0
[46585884ms] [ERROR] Failed to load resource: net::ERR_INTERNET_DISCONNECTED @ https://www.google.com/recaptcha/enterprise/clr?k=6Lf3d9UsAAAAAILBqo6A909pmhyvtYmDoxaKtfMV:0
[46585887ms] [ERROR] Failed to load resource: net::ERR_INTERNET_DISCONNECTED @ https://www.google.com/recaptcha/enterprise/clr?k=6Lf3d9UsAAAAAILBqo6A909pmhyvtYmDoxaKtfMV:0
[46585890ms] [ERROR] Failed to load resource: net::ERR_INTERNET_DISCONNECTED @ https://www.google.com/recaptcha/enterprise/clr?k=6Lf3d9UsAAAAAILBqo6A909pmhyvtYmDoxaKtfMV:0
[47184340ms] [WARNING] [2026-09-23T08:40:31.368Z]  @firebase/auth: Auth (12.6.0): Error while retrieving App Check token: FirebaseError: AppCheck: ReCAPTCHA error. (appCheck/recaptcha-error). @ https://outrun.co.il/_next/static/chunks/2532-16f59635ee5a761a.js:14
[47184347ms] [ERROR] Failed to load resource: net::ERR_INTERNET_DISCONNECTED @ https://securetoken.googleapis.com/v1/token?key=AIzaSyCezG55zVQEZWCEs-lHzx_yQldg-Ej2X60:0
[47184349ms] [WARNING] [2026-09-23T08:40:31.378Z]  @firebase/auth: Auth (12.6.0): Error while retrieving App Check token: FirebaseError: AppCheck: ReCAPTCHA error. (appCheck/recaptcha-error). @ https://outrun.co.il/_next/static/chunks/2532-16f59635ee5a761a.js:14
[47184350ms] [ERROR] Failed to load resource: net::ERR_INTERNET_DISCONNECTED @ https://www.google.com/recaptcha/enterprise/clr?k=6Lf3d9UsAAAAAILBqo6A909pmhyvtYmDoxaKtfMV:0
[47184394ms] [ERROR] Failed to load resource: net::ERR_INTERNET_DISCONNECTED @ https://www.google.com/recaptcha/enterprise/clr?k=6Lf3d9UsAAAAAILBqo6A909pmhyvtYmDoxaKtfMV:0
[47184395ms] [ERROR] Failed to load resource: net::ERR_INTERNET_DISCONNECTED @ https://securetoken.googleapis.com/v1/token?key=AIzaSyCezG55zVQEZWCEs-lHzx_yQldg-Ej2X60:0
[47184398ms] [ERROR] Failed to load resource: net::ERR_INTERNET_DISCONNECTED @ https://www.google.com/recaptcha/enterprise/clr?k=6Lf3d9UsAAAAAILBqo6A909pmhyvtYmDoxaKtfMV:0
[47184399ms] [ERROR] Failed to load resource: net::ERR_INTERNET_DISCONNECTED @ https://www.google.com/recaptcha/enterprise/clr?k=6Lf3d9UsAAAAAILBqo6A909pmhyvtYmDoxaKtfMV:0
[47184404ms] [ERROR] Failed to load resource: net::ERR_INTERNET_DISCONNECTED @ https://www.google.com/recaptcha/enterprise/clr?k=6Lf3d9UsAAAAAILBqo6A909pmhyvtYmDoxaKtfMV:0
[47184407ms] [ERROR] Failed to load resource: net::ERR_INTERNET_DISCONNECTED @ https://www.google.com/recaptcha/enterprise/clr?k=6Lf3d9UsAAAAAILBqo6A909pmhyvtYmDoxaKtfMV:0
[47184410ms] [ERROR] Failed to load resource: net::ERR_INTERNET_DISCONNECTED @ https://www.google.com/recaptcha/enterprise/clr?k=6Lf3d9UsAAAAAILBqo6A909pmhyvtYmDoxaKtfMV:0
[47184414ms] [ERROR] Failed to load resource: net::ERR_INTERNET_DISCONNECTED @ https://www.google.com/recaptcha/enterprise/clr?k=6Lf3d9UsAAAAAILBqo6A909pmhyvtYmDoxaKtfMV:0
[47185202ms] [WARNING] [2026-09-23T08:40:32.231Z]  @firebase/auth: Auth (12.6.0): Error while retrieving App Check token: FirebaseError: AppCheck: ReCAPTCHA error. (appCheck/recaptcha-error). @ https://outrun.co.il/_next/static/chunks/2532-16f59635ee5a761a.js:14
[47185208ms] [ERROR] Failed to load resource: net::ERR_INTERNET_DISCONNECTED @ https://www.google.com/recaptcha/enterprise/clr?k=6Lf3d9UsAAAAAILBqo6A909pmhyvtYmDoxaKtfMV:0
[47185209ms] [ERROR] Failed to load resource: net::ERR_INTERNET_DISCONNECTED @ https://securetoken.googleapis.com/v1/token?key=AIzaSyCezG55zVQEZWCEs-lHzx_yQldg-Ej2X60:0
[47185211ms] [ERROR] Failed to load resource: net::ERR_INTERNET_DISCONNECTED @ https://www.google.com/recaptcha/enterprise/clr?k=6Lf3d9UsAAAAAILBqo6A909pmhyvtYmDoxaKtfMV:0
[47185213ms] [ERROR] Failed to load resource: net::ERR_INTERNET_DISCONNECTED @ https://www.google.com/recaptcha/enterprise/clr?k=6Lf3d9UsAAAAAILBqo6A909pmhyvtYmDoxaKtfMV:0
[47185215ms] [ERROR] Failed to load resource: net::ERR_INTERNET_DISCONNECTED @ https://www.google.com/recaptcha/enterprise/clr?k=6Lf3d9UsAAAAAILBqo6A909pmhyvtYmDoxaKtfMV:0
[47186888ms] [WARNING] [2026-09-23T08:40:33.917Z]  @firebase/auth: Auth (12.6.0): Error while retrieving App Check token: FirebaseError: AppCheck: ReCAPTCHA error. (appCheck/recaptcha-error). @ https://outrun.co.il/_next/static/chunks/2532-16f59635ee5a761a.js:14
[47186894ms] [ERROR] Failed to load resource: net::ERR_INTERNET_DISCONNECTED @ https://securetoken.googleapis.com/v1/token?key=AIzaSyCezG55zVQEZWCEs-lHzx_yQldg-Ej2X60:0
[47186895ms] [ERROR] Failed to load resource: net::ERR_INTERNET_DISCONNECTED @ https://www.google.com/recaptcha/enterprise/clr?k=6Lf3d9UsAAAAAILBqo6A909pmhyvtYmDoxaKtfMV:0
[47186898ms] [ERROR] Failed to load resource: net::ERR_INTERNET_DISCONNECTED @ https://www.google.com/recaptcha/enterprise/clr?k=6Lf3d9UsAAAAAILBqo6A909pmhyvtYmDoxaKtfMV:0
[47186901ms] [ERROR] Failed to load resource: net::ERR_INTERNET_DISCONNECTED @ https://www.google.com/recaptcha/enterprise/clr?k=6Lf3d9UsAAAAAILBqo6A909pmhyvtYmDoxaKtfMV:0
[47186904ms] [ERROR] Failed to load resource: net::ERR_INTERNET_DISCONNECTED @ https://www.google.com/recaptcha/enterprise/clr?k=6Lf3d9UsAAAAAILBqo6A909pmhyvtYmDoxaKtfMV:0
[47189035ms] [WARNING] [2026-09-23T08:40:36.063Z]  @firebase/auth: Auth (12.6.0): Error while retrieving App Check token: FirebaseError: AppCheck: ReCAPTCHA error. (appCheck/recaptcha-error). @ https://outrun.co.il/_next/static/chunks/2532-16f59635ee5a761a.js:14
[47189040ms] [ERROR] Failed to load resource: net::ERR_INTERNET_DISCONNECTED @ https://www.google.com/recaptcha/enterprise/clr?k=6Lf3d9UsAAAAAILBqo6A909pmhyvtYmDoxaKtfMV:0
[47189041ms] [ERROR] Failed to load resource: net::ERR_INTERNET_DISCONNECTED @ https://securetoken.googleapis.com/v1/token?key=AIzaSyCezG55zVQEZWCEs-lHzx_yQldg-Ej2X60:0
[47189043ms] [ERROR] Failed to load resource: net::ERR_INTERNET_DISCONNECTED @ https://www.google.com/recaptcha/enterprise/clr?k=6Lf3d9UsAAAAAILBqo6A909pmhyvtYmDoxaKtfMV:0
[47189045ms] [ERROR] Failed to load resource: net::ERR_INTERNET_DISCONNECTED @ https://www.google.com/recaptcha/enterprise/clr?k=6Lf3d9UsAAAAAILBqo6A909pmhyvtYmDoxaKtfMV:0
[47189047ms] [ERROR] Failed to load resource: net::ERR_INTERNET_DISCONNECTED @ https://www.google.com/recaptcha/enterprise/clr?k=6Lf3d9UsAAAAAILBqo6A909pmhyvtYmDoxaKtfMV:0
[47193997ms] [WARNING] [2026-09-23T08:40:41.026Z]  @firebase/auth: Auth (12.6.0): Error while retrieving App Check token: FirebaseError: AppCheck: ReCAPTCHA error. (appCheck/recaptcha-error). @ https://outrun.co.il/_next/static/chunks/2532-16f59635ee5a761a.js:14
[47194004ms] [ERROR] Failed to load resource: net::ERR_INTERNET_DISCONNECTED @ https://securetoken.googleapis.com/v1/token?key=AIzaSyCezG55zVQEZWCEs-lHzx_yQldg-Ej2X60:0
[47194004ms] [ERROR] Failed to load resource: net::ERR_INTERNET_DISCONNECTED @ https://www.google.com/recaptcha/enterprise/clr?k=6Lf3d9UsAAAAAILBqo6A909pmhyvtYmDoxaKtfMV:0
[47194008ms] [ERROR] Failed to load resource: net::ERR_INTERNET_DISCONNECTED @ https://www.google.com/recaptcha/enterprise/clr?k=6Lf3d9UsAAAAAILBqo6A909pmhyvtYmDoxaKtfMV:0
[47194011ms] [ERROR] Failed to load resource: net::ERR_INTERNET_DISCONNECTED @ https://www.google.com/recaptcha/enterprise/clr?k=6Lf3d9UsAAAAAILBqo6A909pmhyvtYmDoxaKtfMV:0
[47194014ms] [ERROR] Failed to load resource: net::ERR_INTERNET_DISCONNECTED @ https://www.google.com/recaptcha/enterprise/clr?k=6Lf3d9UsAAAAAILBqo6A909pmhyvtYmDoxaKtfMV:0
[47201310ms] [WARNING] [2026-09-23T08:40:48.339Z]  @firebase/auth: Auth (12.6.0): Error while retrieving App Check token: FirebaseError: AppCheck: ReCAPTCHA error. (appCheck/recaptcha-error). @ https://outrun.co.il/_next/static/chunks/2532-16f59635ee5a761a.js:14
[47201315ms] [ERROR] Failed to load resource: net::ERR_INTERNET_DISCONNECTED @ https://securetoken.googleapis.com/v1/token?key=AIzaSyCezG55zVQEZWCEs-lHzx_yQldg-Ej2X60:0
[47201316ms] [ERROR] Failed to load resource: net::ERR_INTERNET_DISCONNECTED @ https://www.google.com/recaptcha/enterprise/clr?k=6Lf3d9UsAAAAAILBqo6A909pmhyvtYmDoxaKtfMV:0
[47201318ms] [ERROR] Failed to load resource: net::ERR_INTERNET_DISCONNECTED @ https://www.google.com/recaptcha/enterprise/clr?k=6Lf3d9UsAAAAAILBqo6A909pmhyvtYmDoxaKtfMV:0
[47201321ms] [ERROR] Failed to load resource: net::ERR_INTERNET_DISCONNECTED @ https://www.google.com/recaptcha/enterprise/clr?k=6Lf3d9UsAAAAAILBqo6A909pmhyvtYmDoxaKtfMV:0
[47201323ms] [ERROR] Failed to load resource: net::ERR_INTERNET_DISCONNECTED @ https://www.google.com/recaptcha/enterprise/clr?k=6Lf3d9UsAAAAAILBqo6A909pmhyvtYmDoxaKtfMV:0
[47208333ms] [WARNING] [2026-09-23T08:40:55.362Z]  @firebase/auth: Auth (12.6.0): Error while retrieving App Check token: FirebaseError: AppCheck: ReCAPTCHA error. (appCheck/recaptcha-error). @ https://outrun.co.il/_next/static/chunks/2532-16f59635ee5a761a.js:14
[49236921ms] [WARNING] [2026-09-23T09:14:43.948Z]  @firebase/auth: Auth (12.6.0): Error while retrieving App Check token: FirebaseError: AppCheck: ReCAPTCHA error. (appCheck/recaptcha-error). @ https://outrun.co.il/_next/static/chunks/2532-16f59635ee5a761a.js:14
[52537297ms] [WARNING] [2026-09-23T10:09:44.324Z]  @firebase/auth: Auth (12.6.0): Error while retrieving App Check token: FirebaseError: AppCheck: ReCAPTCHA error. (appCheck/recaptcha-error). @ https://outrun.co.il/_next/static/chunks/2532-16f59635ee5a761a.js:14
[55837902ms] [WARNING] [2026-09-23T11:04:44.929Z]  @firebase/auth: Auth (12.6.0): Error while retrieving App Check token: FirebaseError: AppCheck: ReCAPTCHA error. (appCheck/recaptcha-error). @ https://outrun.co.il/_next/static/chunks/2532-16f59635ee5a761a.js:14
[59138345ms] [WARNING] [2026-09-23T11:59:45.371Z]  @firebase/auth: Auth (12.6.0): Error while retrieving App Check token: FirebaseError: AppCheck: ReCAPTCHA error. (appCheck/recaptcha-error). @ https://outrun.co.il/_next/static/chunks/2532-16f59635ee5a761a.js:14
[62439009ms] [WARNING] [2026-09-23T12:54:46.035Z]  @firebase/auth: Auth (12.6.0): Error while retrieving App Check token: FirebaseError: AppCheck: ReCAPTCHA error. (appCheck/recaptcha-error). @ https://outrun.co.il/_next/static/chunks/2532-16f59635ee5a761a.js:14
