[     285ms] [INFO] %cDownload the React DevTools for a better development experience: https://reactjs.org/link/react-devtools font-weight:bold @ webpack-internal:///(app-pages-browser)/./node_modules/next/dist/compiled/react-dom/cjs/react-dom.development.js:38559
[     303ms] [INFO] [firebase] App Check bypass: hostname="localhost" treated as local development. initializeAppCheck() will NOT be invoked — this prevents reCAPTCHA Enterprise 403s from crashing the Firestore snapshot listener. Set NEXT_PUBLIC_APP_CHECK_DEBUG_TOKEN to a token registered in the Firebase console (App Check → Apps → Manage debug tokens) if you need a real App Check handshake. @ webpack-internal:///(app-pages-browser)/./src/lib/firebase.ts:135
[   27027ms] [LOG] [Fast Refresh] rebuilding @ webpack-internal:///(app-pages-browser)/./node_modules/next/dist/client/components/react-dev-overlay/app/hot-reloader-client.js:186
[   30217ms] [WARNING] [Fast Refresh] performing full reload

Fast Refresh will perform a full reload when you edit a file that's imported by modules outside of the React rendering tree.
You might have a file which exports a React component but also exports a value that is imported by a non-React component file.
Consider migrating the non-React component export to a separate file and importing it into both files.

It is also possible the parent component of the component you edited is a class component, which disables Fast Refresh.
Fast Refresh requires at least one parent function component in your React tree. @ webpack-internal:///(app-pages-browser)/./node_modules/next/dist/client/components/react-dev-overlay/app/hot-reloader-client.js:112
[   31644ms] [INFO] %cDownload the React DevTools for a better development experience: https://reactjs.org/link/react-devtools font-weight:bold @ webpack-internal:///(app-pages-browser)/./node_modules/next/dist/compiled/react-dom/cjs/react-dom.development.js:38559
[   32617ms] [INFO] [firebase] App Check bypass: hostname="localhost" treated as local development. initializeAppCheck() will NOT be invoked — this prevents reCAPTCHA Enterprise 403s from crashing the Firestore snapshot listener. Set NEXT_PUBLIC_APP_CHECK_DEBUG_TOKEN to a token registered in the Firebase console (App Check → Apps → Manage debug tokens) if you need a real App Check handshake. @ webpack-internal:///(app-pages-browser)/./src/lib/firebase.ts:135
[   82972ms] [INFO] [User Service] User jny2lmdOcfXOE0yVKUVIf63fZKD2 has missing or empty equipment profile. This may affect Smart Swap functionality. Please update user equipment in the admin panel. @ webpack-internal:///(app-pages-browser)/./src/lib/firestore.service.ts:71
[   83042ms] [LOG] [Fast Refresh] rebuilding @ webpack-internal:///(app-pages-browser)/./node_modules/next/dist/client/components/react-dev-overlay/app/hot-reloader-client.js:186
[   83812ms] [LOG] [Fast Refresh] done in 770ms @ webpack-internal:///(app-pages-browser)/./node_modules/next/dist/client/components/react-dev-overlay/app/hot-reloader-client.js:43
[   97677ms] [LOG] [Fast Refresh] rebuilding @ webpack-internal:///(app-pages-browser)/./node_modules/next/dist/client/components/react-dev-overlay/app/hot-reloader-client.js:186
[  101983ms] [LOG] [Fast Refresh] done in 4306ms @ webpack-internal:///(app-pages-browser)/./node_modules/next/dist/client/components/react-dev-overlay/app/hot-reloader-client.js:43
[  102192ms] [LOG] [DEBUG-PAGE] pathConfig.path: health | categories passed to VisualSlider: [push, pull, legs, core] | skipTier: true @ webpack-internal:///(app-pages-browser)/./src/app/onboarding-new/assessment-visual/page.tsx:250
[  102322ms] [LOG] [DEBUG-RESOLVER] loadCategoryMap built: {human_flag: EtY8YCol0qpF6DzgcTx1, push: J0fLpmJhG0KDN2tQouxh, core: kDMpobbKsuVTByTIKUpe, pull: UPDBtTdCvX748dtBlWYj, one_arm_pullup: cC0BOmm6KIqYAyQynEIo} @ webpack-internal:///(app-pages-browser)/./src/features/user/onboarding/services/visual-content-resolver.service.ts:52
[  102322ms] [LOG] [DEBUG-RESOLVER] Incoming Category: push Resolved Candidate IDs: [push, J0fLpmJhG0KDN2tQouxh] @ webpack-internal:///(app-pages-browser)/./src/features/user/onboarding/services/visual-content-resolver.service.ts:339
[  102323ms] [LOG] [DEBUG-RESOLVER] loadCategoryMap built: {human_flag: EtY8YCol0qpF6DzgcTx1, push: J0fLpmJhG0KDN2tQouxh, core: kDMpobbKsuVTByTIKUpe, pull: UPDBtTdCvX748dtBlWYj, one_arm_pullup: cC0BOmm6KIqYAyQynEIo} @ webpack-internal:///(app-pages-browser)/./src/features/user/onboarding/services/visual-content-resolver.service.ts:52
[  102323ms] [LOG] [DEBUG-RESOLVER] Incoming Category: pull Resolved Candidate IDs: [pull, UPDBtTdCvX748dtBlWYj] @ webpack-internal:///(app-pages-browser)/./src/features/user/onboarding/services/visual-content-resolver.service.ts:339
[  102323ms] [LOG] [DEBUG-RESOLVER] loadCategoryMap built: {human_flag: EtY8YCol0qpF6DzgcTx1, push: J0fLpmJhG0KDN2tQouxh, core: kDMpobbKsuVTByTIKUpe, pull: UPDBtTdCvX748dtBlWYj, one_arm_pullup: cC0BOmm6KIqYAyQynEIo} @ webpack-internal:///(app-pages-browser)/./src/features/user/onboarding/services/visual-content-resolver.service.ts:52
[  102323ms] [LOG] [DEBUG-RESOLVER] Incoming Category: legs Resolved Candidate IDs: [legs, OrAmOH3F375dVio5yGdU] @ webpack-internal:///(app-pages-browser)/./src/features/user/onboarding/services/visual-content-resolver.service.ts:339
[  102324ms] [LOG] [DEBUG-RESOLVER] loadCategoryMap built: {human_flag: EtY8YCol0qpF6DzgcTx1, push: J0fLpmJhG0KDN2tQouxh, core: kDMpobbKsuVTByTIKUpe, pull: UPDBtTdCvX748dtBlWYj, one_arm_pullup: cC0BOmm6KIqYAyQynEIo} @ webpack-internal:///(app-pages-browser)/./src/features/user/onboarding/services/visual-content-resolver.service.ts:52
[  102324ms] [LOG] [DEBUG-RESOLVER] Incoming Category: core Resolved Candidate IDs: [core, kDMpobbKsuVTByTIKUpe] @ webpack-internal:///(app-pages-browser)/./src/features/user/onboarding/services/visual-content-resolver.service.ts:339
[  102325ms] [LOG] [DEBUG-PAGE] pathConfig.path: health | categories passed to VisualSlider: [push, pull, legs, core] | skipTier: true @ webpack-internal:///(app-pages-browser)/./src/app/onboarding-new/assessment-visual/page.tsx:250
[  102325ms] [LOG] [DEBUG-RESOLVER] Incoming Category: push Resolved Candidate IDs: [push, J0fLpmJhG0KDN2tQouxh] @ webpack-internal:///(app-pages-browser)/./src/features/user/onboarding/services/visual-content-resolver.service.ts:339
[  102325ms] [LOG] [DEBUG-RESOLVER] Incoming Category: pull Resolved Candidate IDs: [pull, UPDBtTdCvX748dtBlWYj] @ webpack-internal:///(app-pages-browser)/./src/features/user/onboarding/services/visual-content-resolver.service.ts:339
[  102325ms] [LOG] [DEBUG-RESOLVER] Incoming Category: legs Resolved Candidate IDs: [legs, OrAmOH3F375dVio5yGdU] @ webpack-internal:///(app-pages-browser)/./src/features/user/onboarding/services/visual-content-resolver.service.ts:339
[  102325ms] [LOG] [DEBUG-RESOLVER] Incoming Category: core Resolved Candidate IDs: [core, kDMpobbKsuVTByTIKUpe] @ webpack-internal:///(app-pages-browser)/./src/features/user/onboarding/services/visual-content-resolver.service.ts:339
[  102496ms] [LOG] [DEBUG-FIRESTORE] Querying IDs: [push, J0fLpmJhG0KDN2tQouxh] Snapshot size returned: 25 @ webpack-internal:///(app-pages-browser)/./src/features/user/onboarding/services/visual-assessment-content.service.ts:133
[  102496ms] [LOG] [DEBUG-FIRESTORE] showInOnboarding=true levels: [1, 4, 6, 9, 12, 14, 16, 18, 19, 20] (10 total) @ webpack-internal:///(app-pages-browser)/./src/features/user/onboarding/services/visual-assessment-content.service.ts:134
[  102496ms] [LOG] [DEBUG-RESOLVER] Final onboarding levels for "push": [1, 4, 6, 9, 12, 14, 16, 18, 19, 20] (10 total) @ webpack-internal:///(app-pages-browser)/./src/features/user/onboarding/services/visual-content-resolver.service.ts:341
[  102496ms] [LOG] [DEBUG-RESOLVER] resolveContent("push", 1) → programId="J0fLpmJhG0KDN2tQouxh" @ webpack-internal:///(app-pages-browser)/./src/features/user/onboarding/services/visual-content-resolver.service.ts:185
[  102496ms] [LOG] [DEBUG-RESOLVER] resolveContent("push", 4) → programId="J0fLpmJhG0KDN2tQouxh" @ webpack-internal:///(app-pages-browser)/./src/features/user/onboarding/services/visual-content-resolver.service.ts:185
[  102497ms] [LOG] [DEBUG-FIRESTORE] Querying IDs: [push, J0fLpmJhG0KDN2tQouxh] Snapshot size returned: 25 @ webpack-internal:///(app-pages-browser)/./src/features/user/onboarding/services/visual-assessment-content.service.ts:133
[  102497ms] [LOG] [DEBUG-FIRESTORE] showInOnboarding=true levels: [1, 4, 6, 9, 12, 14, 16, 18, 19, 20] (10 total) @ webpack-internal:///(app-pages-browser)/./src/features/user/onboarding/services/visual-assessment-content.service.ts:134
[  102497ms] [LOG] [DEBUG-RESOLVER] Final onboarding levels for "push": [1, 4, 6, 9, 12, 14, 16, 18, 19, 20] (10 total) @ webpack-internal:///(app-pages-browser)/./src/features/user/onboarding/services/visual-content-resolver.service.ts:341
[  102497ms] [LOG] [DEBUG-RESOLVER] resolveContent("push", 1) → programId="J0fLpmJhG0KDN2tQouxh" @ webpack-internal:///(app-pages-browser)/./src/features/user/onboarding/services/visual-content-resolver.service.ts:185
[  102497ms] [LOG] [DEBUG-RESOLVER] resolveContent("push", 4) → programId="J0fLpmJhG0KDN2tQouxh" @ webpack-internal:///(app-pages-browser)/./src/features/user/onboarding/services/visual-content-resolver.service.ts:185
[  102601ms] [LOG] [DEBUG-FIRESTORE] Querying IDs: [pull, UPDBtTdCvX748dtBlWYj] Snapshot size returned: 25 @ webpack-internal:///(app-pages-browser)/./src/features/user/onboarding/services/visual-assessment-content.service.ts:133
[  102601ms] [LOG] [DEBUG-FIRESTORE] showInOnboarding=true levels: [1, 4, 6, 10, 14, 17, 19, 20] (8 total) @ webpack-internal:///(app-pages-browser)/./src/features/user/onboarding/services/visual-assessment-content.service.ts:134
[  102601ms] [LOG] [DEBUG-RESOLVER] Final onboarding levels for "pull": [1, 4, 6, 10, 14, 17, 19, 20] (8 total) @ webpack-internal:///(app-pages-browser)/./src/features/user/onboarding/services/visual-content-resolver.service.ts:341
[  102601ms] [LOG] [DEBUG-RESOLVER] resolveContent("pull", 1) → programId="UPDBtTdCvX748dtBlWYj" @ webpack-internal:///(app-pages-browser)/./src/features/user/onboarding/services/visual-content-resolver.service.ts:185
[  102601ms] [LOG] [DEBUG-RESOLVER] resolveContent("pull", 4) → programId="UPDBtTdCvX748dtBlWYj" @ webpack-internal:///(app-pages-browser)/./src/features/user/onboarding/services/visual-content-resolver.service.ts:185
[  102601ms] [LOG] [DEBUG-FIRESTORE] Querying IDs: [pull, UPDBtTdCvX748dtBlWYj] Snapshot size returned: 25 @ webpack-internal:///(app-pages-browser)/./src/features/user/onboarding/services/visual-assessment-content.service.ts:133
[  102601ms] [LOG] [DEBUG-FIRESTORE] showInOnboarding=true levels: [1, 4, 6, 10, 14, 17, 19, 20] (8 total) @ webpack-internal:///(app-pages-browser)/./src/features/user/onboarding/services/visual-assessment-content.service.ts:134
[  102601ms] [LOG] [DEBUG-RESOLVER] Final onboarding levels for "pull": [1, 4, 6, 10, 14, 17, 19, 20] (8 total) @ webpack-internal:///(app-pages-browser)/./src/features/user/onboarding/services/visual-content-resolver.service.ts:341
[  102601ms] [LOG] [DEBUG-RESOLVER] resolveContent("pull", 1) → programId="UPDBtTdCvX748dtBlWYj" @ webpack-internal:///(app-pages-browser)/./src/features/user/onboarding/services/visual-content-resolver.service.ts:185
[  102601ms] [LOG] [DEBUG-RESOLVER] resolveContent("pull", 4) → programId="UPDBtTdCvX748dtBlWYj" @ webpack-internal:///(app-pages-browser)/./src/features/user/onboarding/services/visual-content-resolver.service.ts:185
[  102601ms] [LOG] [DEBUG-FIRESTORE] Querying IDs: [legs, OrAmOH3F375dVio5yGdU] Snapshot size returned: 15 @ webpack-internal:///(app-pages-browser)/./src/features/user/onboarding/services/visual-assessment-content.service.ts:133
[  102601ms] [LOG] [DEBUG-FIRESTORE] showInOnboarding=true levels: [1, 3, 6, 8, 10, 12] (6 total) @ webpack-internal:///(app-pages-browser)/./src/features/user/onboarding/services/visual-assessment-content.service.ts:134
[  102601ms] [LOG] [DEBUG-RESOLVER] Final onboarding levels for "legs": [1, 3, 6, 8, 10, 12] (6 total) @ webpack-internal:///(app-pages-browser)/./src/features/user/onboarding/services/visual-content-resolver.service.ts:341
[  102601ms] [LOG] [DEBUG-RESOLVER] resolveContent("legs", 1) → programId="OrAmOH3F375dVio5yGdU" @ webpack-internal:///(app-pages-browser)/./src/features/user/onboarding/services/visual-content-resolver.service.ts:185
[  102601ms] [LOG] [DEBUG-RESOLVER] resolveContent("legs", 3) → programId="OrAmOH3F375dVio5yGdU" @ webpack-internal:///(app-pages-browser)/./src/features/user/onboarding/services/visual-content-resolver.service.ts:185
[  102602ms] [LOG] [DEBUG-FIRESTORE] Querying IDs: [legs, OrAmOH3F375dVio5yGdU] Snapshot size returned: 15 @ webpack-internal:///(app-pages-browser)/./src/features/user/onboarding/services/visual-assessment-content.service.ts:133
[  102602ms] [LOG] [DEBUG-FIRESTORE] showInOnboarding=true levels: [1, 3, 6, 8, 10, 12] (6 total) @ webpack-internal:///(app-pages-browser)/./src/features/user/onboarding/services/visual-assessment-content.service.ts:134
[  102602ms] [LOG] [DEBUG-RESOLVER] Final onboarding levels for "legs": [1, 3, 6, 8, 10, 12] (6 total) @ webpack-internal:///(app-pages-browser)/./src/features/user/onboarding/services/visual-content-resolver.service.ts:341
[  102602ms] [LOG] [DEBUG-RESOLVER] resolveContent("legs", 1) → programId="OrAmOH3F375dVio5yGdU" @ webpack-internal:///(app-pages-browser)/./src/features/user/onboarding/services/visual-content-resolver.service.ts:185
[  102602ms] [LOG] [DEBUG-RESOLVER] resolveContent("legs", 3) → programId="OrAmOH3F375dVio5yGdU" @ webpack-internal:///(app-pages-browser)/./src/features/user/onboarding/services/visual-content-resolver.service.ts:185
[  102602ms] [LOG] [DEBUG-FIRESTORE] Querying IDs: [core, kDMpobbKsuVTByTIKUpe] Snapshot size returned: 20 @ webpack-internal:///(app-pages-browser)/./src/features/user/onboarding/services/visual-assessment-content.service.ts:133
[  102602ms] [LOG] [DEBUG-FIRESTORE] showInOnboarding=true levels: [1, 3, 5, 7, 8, 10, 11, 14] (8 total) @ webpack-internal:///(app-pages-browser)/./src/features/user/onboarding/services/visual-assessment-content.service.ts:134
[  102602ms] [LOG] [DEBUG-RESOLVER] Final onboarding levels for "core": [1, 3, 5, 7, 8, 10, 11, 14] (8 total) @ webpack-internal:///(app-pages-browser)/./src/features/user/onboarding/services/visual-content-resolver.service.ts:341
[  102602ms] [LOG] [DEBUG-RESOLVER] resolveContent("core", 1) → programId="kDMpobbKsuVTByTIKUpe" @ webpack-internal:///(app-pages-browser)/./src/features/user/onboarding/services/visual-content-resolver.service.ts:185
[  102602ms] [LOG] [DEBUG-RESOLVER] resolveContent("core", 3) → programId="kDMpobbKsuVTByTIKUpe" @ webpack-internal:///(app-pages-browser)/./src/features/user/onboarding/services/visual-content-resolver.service.ts:185
[  102602ms] [LOG] [DEBUG-FIRESTORE] Querying IDs: [core, kDMpobbKsuVTByTIKUpe] Snapshot size returned: 20 @ webpack-internal:///(app-pages-browser)/./src/features/user/onboarding/services/visual-assessment-content.service.ts:133
[  102602ms] [LOG] [DEBUG-FIRESTORE] showInOnboarding=true levels: [1, 3, 5, 7, 8, 10, 11, 14] (8 total) @ webpack-internal:///(app-pages-browser)/./src/features/user/onboarding/services/visual-assessment-content.service.ts:134
[  102602ms] [LOG] [DEBUG-RESOLVER] Final onboarding levels for "core": [1, 3, 5, 7, 8, 10, 11, 14] (8 total) @ webpack-internal:///(app-pages-browser)/./src/features/user/onboarding/services/visual-content-resolver.service.ts:341
[  102602ms] [LOG] [DEBUG-RESOLVER] resolveContent("core", 1) → programId="kDMpobbKsuVTByTIKUpe" @ webpack-internal:///(app-pages-browser)/./src/features/user/onboarding/services/visual-content-resolver.service.ts:185
[  102602ms] [LOG] [DEBUG-RESOLVER] resolveContent("core", 3) → programId="kDMpobbKsuVTByTIKUpe" @ webpack-internal:///(app-pages-browser)/./src/features/user/onboarding/services/visual-content-resolver.service.ts:185
[  102634ms] [LOG] [VisualContentService] docToContent "J0fLpmJhG0KDN2tQouxh_1": {hasVideoVariantsField: true, hasVariantsField: false, rawType: array[0], parsedVariantsCount: 0, allTopLevelKeys: Array(14)} @ webpack-internal:///(app-pages-browser)/./src/features/user/onboarding/services/visual-assessment-content.service.ts:59
[  102634ms] [LOG] [DEBUG-RESOLVER] attempt1 getVisualContentItem("J0fLpmJhG0KDN2tQouxh", 1) → FOUND @ webpack-internal:///(app-pages-browser)/./src/features/user/onboarding/services/visual-content-resolver.service.ts:190
[  102635ms] [LOG] [VisualContentService] docToContent "J0fLpmJhG0KDN2tQouxh_1": {hasVideoVariantsField: true, hasVariantsField: false, rawType: array[0], parsedVariantsCount: 0, allTopLevelKeys: Array(14)} @ webpack-internal:///(app-pages-browser)/./src/features/user/onboarding/services/visual-assessment-content.service.ts:59
[  102635ms] [LOG] [DEBUG-RESOLVER] attempt1 getVisualContentItem("J0fLpmJhG0KDN2tQouxh", 1) → FOUND @ webpack-internal:///(app-pages-browser)/./src/features/user/onboarding/services/visual-content-resolver.service.ts:190
[  102635ms] [LOG] [VisualContentService] docToContent "J0fLpmJhG0KDN2tQouxh_4": {hasVideoVariantsField: true, hasVariantsField: false, rawType: array[0], parsedVariantsCount: 0, allTopLevelKeys: Array(14)} @ webpack-internal:///(app-pages-browser)/./src/features/user/onboarding/services/visual-assessment-content.service.ts:59
[  102635ms] [LOG] [DEBUG-RESOLVER] attempt1 getVisualContentItem("J0fLpmJhG0KDN2tQouxh", 4) → FOUND @ webpack-internal:///(app-pages-browser)/./src/features/user/onboarding/services/visual-content-resolver.service.ts:190
[  102635ms] [LOG] [VisualContentService] docToContent "J0fLpmJhG0KDN2tQouxh_4": {hasVideoVariantsField: true, hasVariantsField: false, rawType: array[0], parsedVariantsCount: 0, allTopLevelKeys: Array(14)} @ webpack-internal:///(app-pages-browser)/./src/features/user/onboarding/services/visual-assessment-content.service.ts:59
[  102635ms] [LOG] [DEBUG-RESOLVER] attempt1 getVisualContentItem("J0fLpmJhG0KDN2tQouxh", 4) → FOUND @ webpack-internal:///(app-pages-browser)/./src/features/user/onboarding/services/visual-content-resolver.service.ts:190
[  102739ms] [LOG] [VisualContentService] docToContent "UPDBtTdCvX748dtBlWYj_1": {hasVideoVariantsField: true, hasVariantsField: false, rawType: array[0], parsedVariantsCount: 0, allTopLevelKeys: Array(14)} @ webpack-internal:///(app-pages-browser)/./src/features/user/onboarding/services/visual-assessment-content.service.ts:59
[  102740ms] [LOG] [DEBUG-RESOLVER] attempt1 getVisualContentItem("UPDBtTdCvX748dtBlWYj", 1) → FOUND @ webpack-internal:///(app-pages-browser)/./src/features/user/onboarding/services/visual-content-resolver.service.ts:190
[  102740ms] [LOG] [VisualContentService] docToContent "UPDBtTdCvX748dtBlWYj_1": {hasVideoVariantsField: true, hasVariantsField: false, rawType: array[0], parsedVariantsCount: 0, allTopLevelKeys: Array(14)} @ webpack-internal:///(app-pages-browser)/./src/features/user/onboarding/services/visual-assessment-content.service.ts:59
[  102740ms] [LOG] [DEBUG-RESOLVER] attempt1 getVisualContentItem("UPDBtTdCvX748dtBlWYj", 1) → FOUND @ webpack-internal:///(app-pages-browser)/./src/features/user/onboarding/services/visual-content-resolver.service.ts:190
[  102740ms] [LOG] [VisualContentService] docToContent "UPDBtTdCvX748dtBlWYj_4": {hasVideoVariantsField: true, hasVariantsField: false, rawType: array[0], parsedVariantsCount: 0, allTopLevelKeys: Array(14)} @ webpack-internal:///(app-pages-browser)/./src/features/user/onboarding/services/visual-assessment-content.service.ts:59
[  102740ms] [LOG] [DEBUG-RESOLVER] attempt1 getVisualContentItem("UPDBtTdCvX748dtBlWYj", 4) → FOUND @ webpack-internal:///(app-pages-browser)/./src/features/user/onboarding/services/visual-content-resolver.service.ts:190
[  102740ms] [LOG] [VisualContentService] docToContent "UPDBtTdCvX748dtBlWYj_4": {hasVideoVariantsField: true, hasVariantsField: false, rawType: array[0], parsedVariantsCount: 0, allTopLevelKeys: Array(14)} @ webpack-internal:///(app-pages-browser)/./src/features/user/onboarding/services/visual-assessment-content.service.ts:59
[  102740ms] [LOG] [DEBUG-RESOLVER] attempt1 getVisualContentItem("UPDBtTdCvX748dtBlWYj", 4) → FOUND @ webpack-internal:///(app-pages-browser)/./src/features/user/onboarding/services/visual-content-resolver.service.ts:190
[  102740ms] [LOG] [VisualContentService] docToContent "OrAmOH3F375dVio5yGdU_1": {hasVideoVariantsField: true, hasVariantsField: false, rawType: array[0], parsedVariantsCount: 0, allTopLevelKeys: Array(14)} @ webpack-internal:///(app-pages-browser)/./src/features/user/onboarding/services/visual-assessment-content.service.ts:59
[  102740ms] [LOG] [DEBUG-RESOLVER] attempt1 getVisualContentItem("OrAmOH3F375dVio5yGdU", 1) → FOUND @ webpack-internal:///(app-pages-browser)/./src/features/user/onboarding/services/visual-content-resolver.service.ts:190
[  102740ms] [LOG] [VisualContentService] docToContent "OrAmOH3F375dVio5yGdU_1": {hasVideoVariantsField: true, hasVariantsField: false, rawType: array[0], parsedVariantsCount: 0, allTopLevelKeys: Array(14)} @ webpack-internal:///(app-pages-browser)/./src/features/user/onboarding/services/visual-assessment-content.service.ts:59
[  102740ms] [LOG] [DEBUG-RESOLVER] attempt1 getVisualContentItem("OrAmOH3F375dVio5yGdU", 1) → FOUND @ webpack-internal:///(app-pages-browser)/./src/features/user/onboarding/services/visual-content-resolver.service.ts:190
[  102740ms] [LOG] [VisualContentService] docToContent "OrAmOH3F375dVio5yGdU_3": {hasVideoVariantsField: true, hasVariantsField: false, rawType: array[0], parsedVariantsCount: 0, allTopLevelKeys: Array(12)} @ webpack-internal:///(app-pages-browser)/./src/features/user/onboarding/services/visual-assessment-content.service.ts:59
[  102740ms] [LOG] [DEBUG-RESOLVER] attempt1 getVisualContentItem("OrAmOH3F375dVio5yGdU", 3) → FOUND @ webpack-internal:///(app-pages-browser)/./src/features/user/onboarding/services/visual-content-resolver.service.ts:190
[  102740ms] [LOG] [VisualContentService] docToContent "OrAmOH3F375dVio5yGdU_3": {hasVideoVariantsField: true, hasVariantsField: false, rawType: array[0], parsedVariantsCount: 0, allTopLevelKeys: Array(12)} @ webpack-internal:///(app-pages-browser)/./src/features/user/onboarding/services/visual-assessment-content.service.ts:59
[  102740ms] [LOG] [DEBUG-RESOLVER] attempt1 getVisualContentItem("OrAmOH3F375dVio5yGdU", 3) → FOUND @ webpack-internal:///(app-pages-browser)/./src/features/user/onboarding/services/visual-content-resolver.service.ts:190
[  102740ms] [LOG] [VisualContentService] docToContent "kDMpobbKsuVTByTIKUpe_1": {hasVideoVariantsField: true, hasVariantsField: false, rawType: array[0], parsedVariantsCount: 0, allTopLevelKeys: Array(14)} @ webpack-internal:///(app-pages-browser)/./src/features/user/onboarding/services/visual-assessment-content.service.ts:59
[  102740ms] [LOG] [DEBUG-RESOLVER] attempt1 getVisualContentItem("kDMpobbKsuVTByTIKUpe", 1) → FOUND @ webpack-internal:///(app-pages-browser)/./src/features/user/onboarding/services/visual-content-resolver.service.ts:190
[  102740ms] [LOG] [VisualContentService] docToContent "kDMpobbKsuVTByTIKUpe_1": {hasVideoVariantsField: true, hasVariantsField: false, rawType: array[0], parsedVariantsCount: 0, allTopLevelKeys: Array(14)} @ webpack-internal:///(app-pages-browser)/./src/features/user/onboarding/services/visual-assessment-content.service.ts:59
[  102740ms] [LOG] [DEBUG-RESOLVER] attempt1 getVisualContentItem("kDMpobbKsuVTByTIKUpe", 1) → FOUND @ webpack-internal:///(app-pages-browser)/./src/features/user/onboarding/services/visual-content-resolver.service.ts:190
[  102740ms] [LOG] [VisualContentService] docToContent "kDMpobbKsuVTByTIKUpe_3": {hasVideoVariantsField: true, hasVariantsField: false, rawType: array[0], parsedVariantsCount: 0, allTopLevelKeys: Array(14)} @ webpack-internal:///(app-pages-browser)/./src/features/user/onboarding/services/visual-assessment-content.service.ts:59
[  102740ms] [LOG] [DEBUG-RESOLVER] attempt1 getVisualContentItem("kDMpobbKsuVTByTIKUpe", 3) → FOUND @ webpack-internal:///(app-pages-browser)/./src/features/user/onboarding/services/visual-content-resolver.service.ts:190
[  102740ms] [LOG] [VisualContentService] docToContent "kDMpobbKsuVTByTIKUpe_3": {hasVideoVariantsField: true, hasVariantsField: false, rawType: array[0], parsedVariantsCount: 0, allTopLevelKeys: Array(14)} @ webpack-internal:///(app-pages-browser)/./src/features/user/onboarding/services/visual-assessment-content.service.ts:59
[  102740ms] [LOG] [DEBUG-RESOLVER] attempt1 getVisualContentItem("kDMpobbKsuVTByTIKUpe", 3) → FOUND @ webpack-internal:///(app-pages-browser)/./src/features/user/onboarding/services/visual-content-resolver.service.ts:190
[  102965ms] [LOG] [ContentResolver] Level 1 — exercise video resolved: "שכיבות סמיכה ב-75°" → https://vz-b17872ab-7a7.b-cdn.net/b1e43b30-37e1-49f7-8c17-74… @ webpack-internal:///(app-pages-browser)/./src/features/user/onboarding/services/visual-content-resolver.service.ts:239
[  102965ms] [LOG] [ContentResolver] Level 1 — exercise video resolved: "שכיבות סמיכה ב-75°" → https://vz-b17872ab-7a7.b-cdn.net/b1e43b30-37e1-49f7-8c17-74… @ webpack-internal:///(app-pages-browser)/./src/features/user/onboarding/services/visual-content-resolver.service.ts:239
[  102965ms] [LOG] [ContentResolver] Level 4 — exercise video resolved: "שכיבות סמיכה ברכיים" → https://vz-b17872ab-7a7.b-cdn.net/7413db0b-1702-4acd-8072-8a… @ webpack-internal:///(app-pages-browser)/./src/features/user/onboarding/services/visual-content-resolver.service.ts:239
[  102966ms] [LOG] [ContentResolver] Level 4 — exercise video resolved: "שכיבות סמיכה ברכיים" → https://vz-b17872ab-7a7.b-cdn.net/7413db0b-1702-4acd-8072-8a… @ webpack-internal:///(app-pages-browser)/./src/features/user/onboarding/services/visual-content-resolver.service.ts:239
[  103098ms] [LOG] [ContentResolver] Level 1 — exercise video resolved: "חתירות ב-75°" → https://vz-b17872ab-7a7.b-cdn.net/90762fc3-e7d8-4070-a312-46… @ webpack-internal:///(app-pages-browser)/./src/features/user/onboarding/services/visual-content-resolver.service.ts:239
[  103098ms] [LOG] [ContentResolver] Level 1 — exercise video resolved: "חתירות ב-75°" → https://vz-b17872ab-7a7.b-cdn.net/90762fc3-e7d8-4070-a312-46… @ webpack-internal:///(app-pages-browser)/./src/features/user/onboarding/services/visual-content-resolver.service.ts:239
[  103099ms] [LOG] [ContentResolver] Level 4 — exercise video resolved: "חתירות ב-15° עם ברכיים כפופות" → https://vz-b17872ab-7a7.b-cdn.net/65b8ee9b-baf7-4ed1-834a-2f… @ webpack-internal:///(app-pages-browser)/./src/features/user/onboarding/services/visual-content-resolver.service.ts:239
[  103099ms] [LOG] [ContentResolver] Level 4 — exercise video resolved: "חתירות ב-15° עם ברכיים כפופות" → https://vz-b17872ab-7a7.b-cdn.net/65b8ee9b-baf7-4ed1-834a-2f… @ webpack-internal:///(app-pages-browser)/./src/features/user/onboarding/services/visual-content-resolver.service.ts:239
[  103099ms] [LOG] [ContentResolver] Level 1 — exercise video resolved: "סקוואט טווח חלקי (להגבהה)" → https://vz-b17872ab-7a7.b-cdn.net/8286f82c-fdf8-4f05-8961-a0… @ webpack-internal:///(app-pages-browser)/./src/features/user/onboarding/services/visual-content-resolver.service.ts:239
[  103099ms] [LOG] [ContentResolver] Level 1 — exercise video resolved: "סקוואט טווח חלקי (להגבהה)" → https://vz-b17872ab-7a7.b-cdn.net/8286f82c-fdf8-4f05-8961-a0… @ webpack-internal:///(app-pages-browser)/./src/features/user/onboarding/services/visual-content-resolver.service.ts:239
[  103100ms] [LOG] [ContentResolver] Level 3 — exercise video resolved: "סקוואט קפיצה" → https://vz-b17872ab-7a7.b-cdn.net/57d8348b-3788-4dd1-880a-8b… @ webpack-internal:///(app-pages-browser)/./src/features/user/onboarding/services/visual-content-resolver.service.ts:239
[  103100ms] [LOG] [ContentResolver] Level 3 — exercise video resolved: "סקוואט קפיצה" → https://vz-b17872ab-7a7.b-cdn.net/57d8348b-3788-4dd1-880a-8b… @ webpack-internal:///(app-pages-browser)/./src/features/user/onboarding/services/visual-content-resolver.service.ts:239
[  103100ms] [LOG] [ContentResolver] Level 1 — exercise video resolved: "פלאנק על הברכיים" → https://vz-b17872ab-7a7.b-cdn.net/3011b6ff-f251-4c7b-81f4-e2… @ webpack-internal:///(app-pages-browser)/./src/features/user/onboarding/services/visual-content-resolver.service.ts:239
[  103100ms] [LOG] [ContentResolver] Level 1 — exercise video resolved: "פלאנק על הברכיים" → https://vz-b17872ab-7a7.b-cdn.net/3011b6ff-f251-4c7b-81f4-e2… @ webpack-internal:///(app-pages-browser)/./src/features/user/onboarding/services/visual-content-resolver.service.ts:239
[  103100ms] [LOG] [ContentResolver] Level 3 — exercise video resolved: "פלאנק עליות ונגיעות בכתפיים" → https://vz-b17872ab-7a7.b-cdn.net/4d5bc37c-3994-4574-ace7-12… @ webpack-internal:///(app-pages-browser)/./src/features/user/onboarding/services/visual-content-resolver.service.ts:239
[  103101ms] [LOG] [ContentResolver] Level 3 — exercise video resolved: "פלאנק עליות ונגיעות בכתפיים" → https://vz-b17872ab-7a7.b-cdn.net/4d5bc37c-3994-4574-ace7-12… @ webpack-internal:///(app-pages-browser)/./src/features/user/onboarding/services/visual-content-resolver.service.ts:239
[  115082ms] [LOG] [DEBUG-RESOLVER] Incoming Category: push Resolved Candidate IDs: [push, J0fLpmJhG0KDN2tQouxh] @ webpack-internal:///(app-pages-browser)/./src/features/user/onboarding/services/visual-content-resolver.service.ts:339
[  115083ms] [LOG] [DEBUG-RESOLVER] Incoming Category: push Resolved Candidate IDs: [push, J0fLpmJhG0KDN2tQouxh] @ webpack-internal:///(app-pages-browser)/./src/features/user/onboarding/services/visual-content-resolver.service.ts:339
[  115233ms] [LOG] [DEBUG-FIRESTORE] Querying IDs: [push, J0fLpmJhG0KDN2tQouxh] Snapshot size returned: 25 @ webpack-internal:///(app-pages-browser)/./src/features/user/onboarding/services/visual-assessment-content.service.ts:133
[  115233ms] [LOG] [DEBUG-FIRESTORE] showInOnboarding=true levels: [1, 4, 6, 9, 12, 14, 16, 18, 19, 20] (10 total) @ webpack-internal:///(app-pages-browser)/./src/features/user/onboarding/services/visual-assessment-content.service.ts:134
[  115233ms] [LOG] [DEBUG-RESOLVER] Final onboarding levels for "push": [1, 4, 6, 9, 12, 14, 16, 18, 19, 20] (10 total) @ webpack-internal:///(app-pages-browser)/./src/features/user/onboarding/services/visual-content-resolver.service.ts:341
[  115234ms] [LOG] [DEBUG-FIRESTORE] Querying IDs: [push, J0fLpmJhG0KDN2tQouxh] Snapshot size returned: 25 @ webpack-internal:///(app-pages-browser)/./src/features/user/onboarding/services/visual-assessment-content.service.ts:133
[  115234ms] [LOG] [DEBUG-FIRESTORE] showInOnboarding=true levels: [1, 4, 6, 9, 12, 14, 16, 18, 19, 20] (10 total) @ webpack-internal:///(app-pages-browser)/./src/features/user/onboarding/services/visual-assessment-content.service.ts:134
[  115234ms] [LOG] [DEBUG-RESOLVER] Final onboarding levels for "push": [1, 4, 6, 9, 12, 14, 16, 18, 19, 20] (10 total) @ webpack-internal:///(app-pages-browser)/./src/features/user/onboarding/services/visual-content-resolver.service.ts:341
[  115242ms] [LOG] [DEBUG-RESOLVER] resolveContent("push", 1) → programId="J0fLpmJhG0KDN2tQouxh" @ webpack-internal:///(app-pages-browser)/./src/features/user/onboarding/services/visual-content-resolver.service.ts:185
[  115243ms] [LOG] [DEBUG-RESOLVER] resolveContent("push", 2) → programId="J0fLpmJhG0KDN2tQouxh" @ webpack-internal:///(app-pages-browser)/./src/features/user/onboarding/services/visual-content-resolver.service.ts:185
[  115243ms] [LOG] [DEBUG-RESOLVER] resolveContent("push", 2) → programId="J0fLpmJhG0KDN2tQouxh" @ webpack-internal:///(app-pages-browser)/./src/features/user/onboarding/services/visual-content-resolver.service.ts:185
[  115502ms] [LOG] [VisualContentService] docToContent "J0fLpmJhG0KDN2tQouxh_2": {hasVideoVariantsField: true, hasVariantsField: false, rawType: array[0], parsedVariantsCount: 0, allTopLevelKeys: Array(14)} @ webpack-internal:///(app-pages-browser)/./src/features/user/onboarding/services/visual-assessment-content.service.ts:59
[  115502ms] [LOG] [DEBUG-RESOLVER] attempt1 getVisualContentItem("J0fLpmJhG0KDN2tQouxh", 2) → FOUND @ webpack-internal:///(app-pages-browser)/./src/features/user/onboarding/services/visual-content-resolver.service.ts:190
[  115502ms] [LOG] [VisualContentService] docToContent "J0fLpmJhG0KDN2tQouxh_2": {hasVideoVariantsField: true, hasVariantsField: false, rawType: array[0], parsedVariantsCount: 0, allTopLevelKeys: Array(14)} @ webpack-internal:///(app-pages-browser)/./src/features/user/onboarding/services/visual-assessment-content.service.ts:59
[  115502ms] [LOG] [DEBUG-RESOLVER] attempt1 getVisualContentItem("J0fLpmJhG0KDN2tQouxh", 2) → FOUND @ webpack-internal:///(app-pages-browser)/./src/features/user/onboarding/services/visual-content-resolver.service.ts:190
[  115621ms] [LOG] [ContentResolver] Level 2 — exercise video resolved: "שכיבות סמיכה ב-45°" → https://vz-b17872ab-7a7.b-cdn.net/bb502550-744f-46e3-8b18-62… @ webpack-internal:///(app-pages-browser)/./src/features/user/onboarding/services/visual-content-resolver.service.ts:239
[  115622ms] [LOG] [ContentResolver] Level 2 — exercise video resolved: "שכיבות סמיכה ב-45°" → https://vz-b17872ab-7a7.b-cdn.net/bb502550-744f-46e3-8b18-62… @ webpack-internal:///(app-pages-browser)/./src/features/user/onboarding/services/visual-content-resolver.service.ts:239
[  135816ms] [LOG] [DEBUG-RESOLVER] Incoming Category: pull Resolved Candidate IDs: [pull, UPDBtTdCvX748dtBlWYj] @ webpack-internal:///(app-pages-browser)/./src/features/user/onboarding/services/visual-content-resolver.service.ts:339
[  135817ms] [LOG] [DEBUG-RESOLVER] Incoming Category: pull Resolved Candidate IDs: [pull, UPDBtTdCvX748dtBlWYj] @ webpack-internal:///(app-pages-browser)/./src/features/user/onboarding/services/visual-content-resolver.service.ts:339
[  136050ms] [LOG] [DEBUG-FIRESTORE] Querying IDs: [pull, UPDBtTdCvX748dtBlWYj] Snapshot size returned: 25 @ webpack-internal:///(app-pages-browser)/./src/features/user/onboarding/services/visual-assessment-content.service.ts:133
[  136050ms] [LOG] [DEBUG-FIRESTORE] showInOnboarding=true levels: [1, 4, 6, 10, 14, 17, 19, 20] (8 total) @ webpack-internal:///(app-pages-browser)/./src/features/user/onboarding/services/visual-assessment-content.service.ts:134
[  136050ms] [LOG] [DEBUG-RESOLVER] Final onboarding levels for "pull": [1, 4, 6, 10, 14, 17, 19, 20] (8 total) @ webpack-internal:///(app-pages-browser)/./src/features/user/onboarding/services/visual-content-resolver.service.ts:341
[  136050ms] [LOG] [DEBUG-FIRESTORE] Querying IDs: [pull, UPDBtTdCvX748dtBlWYj] Snapshot size returned: 25 @ webpack-internal:///(app-pages-browser)/./src/features/user/onboarding/services/visual-assessment-content.service.ts:133
[  136051ms] [LOG] [DEBUG-FIRESTORE] showInOnboarding=true levels: [1, 4, 6, 10, 14, 17, 19, 20] (8 total) @ webpack-internal:///(app-pages-browser)/./src/features/user/onboarding/services/visual-assessment-content.service.ts:134
[  136051ms] [LOG] [DEBUG-RESOLVER] Final onboarding levels for "pull": [1, 4, 6, 10, 14, 17, 19, 20] (8 total) @ webpack-internal:///(app-pages-browser)/./src/features/user/onboarding/services/visual-content-resolver.service.ts:341
[  136059ms] [LOG] [DEBUG-RESOLVER] resolveContent("pull", 1) → programId="UPDBtTdCvX748dtBlWYj" @ webpack-internal:///(app-pages-browser)/./src/features/user/onboarding/services/visual-content-resolver.service.ts:185
[  136060ms] [LOG] [DEBUG-RESOLVER] resolveContent("pull", 2) → programId="UPDBtTdCvX748dtBlWYj" @ webpack-internal:///(app-pages-browser)/./src/features/user/onboarding/services/visual-content-resolver.service.ts:185
[  136060ms] [LOG] [DEBUG-RESOLVER] resolveContent("pull", 2) → programId="UPDBtTdCvX748dtBlWYj" @ webpack-internal:///(app-pages-browser)/./src/features/user/onboarding/services/visual-content-resolver.service.ts:185
[  136331ms] [LOG] [VisualContentService] docToContent "UPDBtTdCvX748dtBlWYj_2": {hasVideoVariantsField: true, hasVariantsField: false, rawType: array[0], parsedVariantsCount: 0, allTopLevelKeys: Array(14)} @ webpack-internal:///(app-pages-browser)/./src/features/user/onboarding/services/visual-assessment-content.service.ts:59
[  136331ms] [LOG] [DEBUG-RESOLVER] attempt1 getVisualContentItem("UPDBtTdCvX748dtBlWYj", 2) → FOUND @ webpack-internal:///(app-pages-browser)/./src/features/user/onboarding/services/visual-content-resolver.service.ts:190
[  136331ms] [LOG] [VisualContentService] docToContent "UPDBtTdCvX748dtBlWYj_2": {hasVideoVariantsField: true, hasVariantsField: false, rawType: array[0], parsedVariantsCount: 0, allTopLevelKeys: Array(14)} @ webpack-internal:///(app-pages-browser)/./src/features/user/onboarding/services/visual-assessment-content.service.ts:59
[  136332ms] [LOG] [DEBUG-RESOLVER] attempt1 getVisualContentItem("UPDBtTdCvX748dtBlWYj", 2) → FOUND @ webpack-internal:///(app-pages-browser)/./src/features/user/onboarding/services/visual-content-resolver.service.ts:190
[  136463ms] [LOG] [ContentResolver] Level 2 — exercise video resolved: "תלייה פסיבית" → https://vz-b17872ab-7a7.b-cdn.net/b4956107-60a2-4f0f-9b09-46… @ webpack-internal:///(app-pages-browser)/./src/features/user/onboarding/services/visual-content-resolver.service.ts:239
[  136463ms] [LOG] [ContentResolver] Level 2 — exercise video resolved: "תלייה פסיבית" → https://vz-b17872ab-7a7.b-cdn.net/b4956107-60a2-4f0f-9b09-46… @ webpack-internal:///(app-pages-browser)/./src/features/user/onboarding/services/visual-content-resolver.service.ts:239
[  148096ms] [LOG] [DEBUG-RESOLVER] Incoming Category: legs Resolved Candidate IDs: [legs, OrAmOH3F375dVio5yGdU] @ webpack-internal:///(app-pages-browser)/./src/features/user/onboarding/services/visual-content-resolver.service.ts:339
[  148097ms] [LOG] [DEBUG-RESOLVER] Incoming Category: legs Resolved Candidate IDs: [legs, OrAmOH3F375dVio5yGdU] @ webpack-internal:///(app-pages-browser)/./src/features/user/onboarding/services/visual-content-resolver.service.ts:339
[  148239ms] [LOG] [DEBUG-FIRESTORE] Querying IDs: [legs, OrAmOH3F375dVio5yGdU] Snapshot size returned: 15 @ webpack-internal:///(app-pages-browser)/./src/features/user/onboarding/services/visual-assessment-content.service.ts:133
[  148240ms] [LOG] [DEBUG-FIRESTORE] showInOnboarding=true levels: [1, 3, 6, 8, 10, 12] (6 total) @ webpack-internal:///(app-pages-browser)/./src/features/user/onboarding/services/visual-assessment-content.service.ts:134
[  148240ms] [LOG] [DEBUG-RESOLVER] Final onboarding levels for "legs": [1, 3, 6, 8, 10, 12] (6 total) @ webpack-internal:///(app-pages-browser)/./src/features/user/onboarding/services/visual-content-resolver.service.ts:341
[  148240ms] [LOG] [DEBUG-FIRESTORE] Querying IDs: [legs, OrAmOH3F375dVio5yGdU] Snapshot size returned: 15 @ webpack-internal:///(app-pages-browser)/./src/features/user/onboarding/services/visual-assessment-content.service.ts:133
[  148240ms] [LOG] [DEBUG-FIRESTORE] showInOnboarding=true levels: [1, 3, 6, 8, 10, 12] (6 total) @ webpack-internal:///(app-pages-browser)/./src/features/user/onboarding/services/visual-assessment-content.service.ts:134
[  148240ms] [LOG] [DEBUG-RESOLVER] Final onboarding levels for "legs": [1, 3, 6, 8, 10, 12] (6 total) @ webpack-internal:///(app-pages-browser)/./src/features/user/onboarding/services/visual-content-resolver.service.ts:341
[  148246ms] [LOG] [DEBUG-RESOLVER] resolveContent("legs", 1) → programId="OrAmOH3F375dVio5yGdU" @ webpack-internal:///(app-pages-browser)/./src/features/user/onboarding/services/visual-content-resolver.service.ts:185
[  148247ms] [LOG] [DEBUG-RESOLVER] resolveContent("legs", 2) → programId="OrAmOH3F375dVio5yGdU" @ webpack-internal:///(app-pages-browser)/./src/features/user/onboarding/services/visual-content-resolver.service.ts:185
[  148247ms] [LOG] [DEBUG-RESOLVER] resolveContent("legs", 2) → programId="OrAmOH3F375dVio5yGdU" @ webpack-internal:///(app-pages-browser)/./src/features/user/onboarding/services/visual-content-resolver.service.ts:185
[  148488ms] [LOG] [VisualContentService] docToContent "OrAmOH3F375dVio5yGdU_2": {hasVideoVariantsField: true, hasVariantsField: false, rawType: array[0], parsedVariantsCount: 0, allTopLevelKeys: Array(12)} @ webpack-internal:///(app-pages-browser)/./src/features/user/onboarding/services/visual-assessment-content.service.ts:59
[  148488ms] [LOG] [DEBUG-RESOLVER] attempt1 getVisualContentItem("OrAmOH3F375dVio5yGdU", 2) → FOUND @ webpack-internal:///(app-pages-browser)/./src/features/user/onboarding/services/visual-content-resolver.service.ts:190
[  148488ms] [LOG] [VisualContentService] docToContent "OrAmOH3F375dVio5yGdU_2": {hasVideoVariantsField: true, hasVariantsField: false, rawType: array[0], parsedVariantsCount: 0, allTopLevelKeys: Array(12)} @ webpack-internal:///(app-pages-browser)/./src/features/user/onboarding/services/visual-assessment-content.service.ts:59
[  148488ms] [LOG] [DEBUG-RESOLVER] attempt1 getVisualContentItem("OrAmOH3F375dVio5yGdU", 2) → FOUND @ webpack-internal:///(app-pages-browser)/./src/features/user/onboarding/services/visual-content-resolver.service.ts:190
[  148598ms] [LOG] [ContentResolver] Level 2 — exercise video resolved: "היפ טראסט רגל אחת" → https://vz-b17872ab-7a7.b-cdn.net/cf09b02d-edd1-434e-8be6-36… @ webpack-internal:///(app-pages-browser)/./src/features/user/onboarding/services/visual-content-resolver.service.ts:239
[  148598ms] [LOG] [ContentResolver] Level 2 — exercise video resolved: "היפ טראסט רגל אחת" → https://vz-b17872ab-7a7.b-cdn.net/cf09b02d-edd1-434e-8be6-36… @ webpack-internal:///(app-pages-browser)/./src/features/user/onboarding/services/visual-content-resolver.service.ts:239
[  154063ms] [LOG] [DEBUG-RESOLVER] Incoming Category: core Resolved Candidate IDs: [core, kDMpobbKsuVTByTIKUpe] @ webpack-internal:///(app-pages-browser)/./src/features/user/onboarding/services/visual-content-resolver.service.ts:339
[  154063ms] [LOG] [DEBUG-RESOLVER] Incoming Category: core Resolved Candidate IDs: [core, kDMpobbKsuVTByTIKUpe] @ webpack-internal:///(app-pages-browser)/./src/features/user/onboarding/services/visual-content-resolver.service.ts:339
[  154229ms] [LOG] [DEBUG-FIRESTORE] Querying IDs: [core, kDMpobbKsuVTByTIKUpe] Snapshot size returned: 20 @ webpack-internal:///(app-pages-browser)/./src/features/user/onboarding/services/visual-assessment-content.service.ts:133
[  154229ms] [LOG] [DEBUG-FIRESTORE] showInOnboarding=true levels: [1, 3, 5, 7, 8, 10, 11, 14] (8 total) @ webpack-internal:///(app-pages-browser)/./src/features/user/onboarding/services/visual-assessment-content.service.ts:134
[  154229ms] [LOG] [DEBUG-RESOLVER] Final onboarding levels for "core": [1, 3, 5, 7, 8, 10, 11, 14] (8 total) @ webpack-internal:///(app-pages-browser)/./src/features/user/onboarding/services/visual-content-resolver.service.ts:341
[  154229ms] [LOG] [DEBUG-FIRESTORE] Querying IDs: [core, kDMpobbKsuVTByTIKUpe] Snapshot size returned: 20 @ webpack-internal:///(app-pages-browser)/./src/features/user/onboarding/services/visual-assessment-content.service.ts:133
[  154229ms] [LOG] [DEBUG-FIRESTORE] showInOnboarding=true levels: [1, 3, 5, 7, 8, 10, 11, 14] (8 total) @ webpack-internal:///(app-pages-browser)/./src/features/user/onboarding/services/visual-assessment-content.service.ts:134
[  154229ms] [LOG] [DEBUG-RESOLVER] Final onboarding levels for "core": [1, 3, 5, 7, 8, 10, 11, 14] (8 total) @ webpack-internal:///(app-pages-browser)/./src/features/user/onboarding/services/visual-content-resolver.service.ts:341
[  154232ms] [LOG] [DEBUG-RESOLVER] resolveContent("core", 1) → programId="kDMpobbKsuVTByTIKUpe" @ webpack-internal:///(app-pages-browser)/./src/features/user/onboarding/services/visual-content-resolver.service.ts:185
[  154233ms] [LOG] [DEBUG-RESOLVER] resolveContent("core", 2) → programId="kDMpobbKsuVTByTIKUpe" @ webpack-internal:///(app-pages-browser)/./src/features/user/onboarding/services/visual-content-resolver.service.ts:185
[  154233ms] [LOG] [DEBUG-RESOLVER] resolveContent("core", 2) → programId="kDMpobbKsuVTByTIKUpe" @ webpack-internal:///(app-pages-browser)/./src/features/user/onboarding/services/visual-content-resolver.service.ts:185
[  154463ms] [LOG] [VisualContentService] docToContent "kDMpobbKsuVTByTIKUpe_2": {hasVideoVariantsField: true, hasVariantsField: false, rawType: array[0], parsedVariantsCount: 0, allTopLevelKeys: Array(14)} @ webpack-internal:///(app-pages-browser)/./src/features/user/onboarding/services/visual-assessment-content.service.ts:59
[  154463ms] [LOG] [DEBUG-RESOLVER] attempt1 getVisualContentItem("kDMpobbKsuVTByTIKUpe", 2) → FOUND @ webpack-internal:///(app-pages-browser)/./src/features/user/onboarding/services/visual-content-resolver.service.ts:190
[  154463ms] [LOG] [VisualContentService] docToContent "kDMpobbKsuVTByTIKUpe_2": {hasVideoVariantsField: true, hasVariantsField: false, rawType: array[0], parsedVariantsCount: 0, allTopLevelKeys: Array(14)} @ webpack-internal:///(app-pages-browser)/./src/features/user/onboarding/services/visual-assessment-content.service.ts:59
[  154463ms] [LOG] [DEBUG-RESOLVER] attempt1 getVisualContentItem("kDMpobbKsuVTByTIKUpe", 2) → FOUND @ webpack-internal:///(app-pages-browser)/./src/features/user/onboarding/services/visual-content-resolver.service.ts:190
[  154580ms] [LOG] [ContentResolver] Level 2 — exercise video resolved: "כפיפות בטן" → https://vz-b17872ab-7a7.b-cdn.net/cc132d16-7560-4dbb-841e-9f… @ webpack-internal:///(app-pages-browser)/./src/features/user/onboarding/services/visual-content-resolver.service.ts:239
[  154580ms] [LOG] [ContentResolver] Level 2 — exercise video resolved: "כפיפות בטן" → https://vz-b17872ab-7a7.b-cdn.net/cc132d16-7560-4dbb-841e-9f… @ webpack-internal:///(app-pages-browser)/./src/features/user/onboarding/services/visual-content-resolver.service.ts:239
[  175109ms] [LOG] [Assessment] Persisting results: {programId: full_body, levelMode: manual, resolvedLevelId: level_1, average: 1, levels: Object} @ webpack-internal:///(app-pages-browser)/./src/app/onboarding-new/assessment-visual/page.tsx:687
[  175468ms] [LOG] [BranchingLogic] Computed context: {levels: Object, average: 1, tier: beginner, matchedRuleId: undefined, matchedRuleAction: undefined} @ webpack-internal:///(app-pages-browser)/./src/features/user/onboarding/services/branching-logic.service.ts:55
[  175978ms] [LOG] [OnboardingSync][DIAG] doc snapshot {uid: jny2lmdOcfXOE0yVKUVIf63fZKD2, step: COMPLETED, mode: UPDATE, hasCore: true, coreRole: (absent)} @ webpack-internal:///(app-pages-browser)/./src/features/user/onboarding/services/onboarding-sync.service.ts:261
[  175979ms] [LOG] [OnboardingSync] Persona Engine → primaryTrack: health (goal-derived) → dashboardMode: DEFAULT @ webpack-internal:///(app-pages-browser)/./src/features/user/onboarding/services/onboarding-sync.service.ts:884
[  176271ms] [LOG] [onboarding-sync] maxLevels source: CMS (14 programs) {human_flag: 10, push: 25, full_body: 15, core: 20, pull: 25} @ webpack-internal:///(app-pages-browser)/./src/features/user/onboarding/services/onboarding-sync.service.ts:1020
[  176271ms] [LOG] [OnboardingSync] Using assignedResults from dynamic questionnaire: [Object] @ webpack-internal:///(app-pages-browser)/./src/features/user/onboarding/services/onboarding-sync.service.ts:1194
[  176272ms] [LOG] [OnboardingSync] Writing progression.tracks (Path B/C assessment levels): {full_body: Object, push: Object, pull: Object, legs: Object, core: Object} @ webpack-internal:///(app-pages-browser)/./src/features/user/onboarding/services/onboarding-sync.service.ts:1345
[  176272ms] [LOG] [OnboardingSync][DIAG] payload {uid: jny2lmdOcfXOE0yVKUVIf63fZKD2, step: COMPLETED, mode: UPDATE, topLevelKeys: Array(14), coreKeys: Array(11)} @ webpack-internal:///(app-pages-browser)/./src/features/user/onboarding/services/onboarding-sync.service.ts:1809
[  176471ms] [LOG] [OnboardingSync] Kicking off background master-level recalculation for 5 tracks (non-blocking). @ webpack-internal:///(app-pages-browser)/./src/features/user/onboarding/services/onboarding-sync.service.ts:1894
[  176609ms] [LOG] [Analytics] onboarding_completed {userId: jny2lmdOcfXOE0yVKUVIf63fZKD2, eventName: onboarding_completed, timestamp: Wed Sep 16 2026 19:53:25 GMT+0300 (שעון ישראל (קיץ)), sessionId: session_1789577605519_1liraszzs, steps_completed: 12} @ webpack-internal:///(app-pages-browser)/./src/features/analytics/AnalyticsService.ts:155
[  176609ms] [LOG] [OnboardingSync] Synced step "COMPLETED" to Firestore for user jny2lmdOcfXOE0yVKUVIf63fZKD2 @ webpack-internal:///(app-pages-browser)/./src/features/user/onboarding/services/onboarding-sync.service.ts:1914
[  177952ms] [LOG] [Fast Refresh] rebuilding @ webpack-internal:///(app-pages-browser)/./node_modules/next/dist/client/components/react-dev-overlay/app/hot-reloader-client.js:186
[  178081ms] [LOG] [Progression] Master "47smw26hUyG5ZbE1bhr3" (slug: "upper_body") recalculated → Level 1, 0.00% (from 2 children) @ webpack-internal:///(app-pages-browser)/./src/features/user/progression/services/progression.service.ts:635
[  178095ms] [LOG] [Progression] Master "47smw26hUyG5ZbE1bhr3" (slug: "upper_body") recalculated → Level 1, 0.00% (from 2 children) @ webpack-internal:///(app-pages-browser)/./src/features/user/progression/services/progression.service.ts:635
[  178120ms] [LOG] [Progression] Master "47smw26hUyG5ZbE1bhr3" (slug: "upper_body") recalculated → Level 1, 0.00% (from 2 children) @ webpack-internal:///(app-pages-browser)/./src/features/user/progression/services/progression.service.ts:635
[  178483ms] [LOG] [Progression] Master "H2279XsRGDg9G370J7S9" (slug: "full_body") recalculated → Level 1, 0.00% (from 5 children) @ webpack-internal:///(app-pages-browser)/./src/features/user/progression/services/progression.service.ts:635
[  178536ms] [LOG] [Progression] Master "H2279XsRGDg9G370J7S9" (slug: "full_body") recalculated → Level 1, 0.00% (from 5 children) @ webpack-internal:///(app-pages-browser)/./src/features/user/progression/services/progression.service.ts:635
[  179496ms] [LOG] [Fast Refresh] done in 1544ms @ webpack-internal:///(app-pages-browser)/./node_modules/next/dist/client/components/react-dev-overlay/app/hot-reloader-client.js:43
[  179897ms] [LOG] [HealthDeclaration] pdf-service preloaded in background. @ webpack-internal:///(app-pages-browser)/./src/features/user/onboarding/components/HealthDeclarationStep.tsx:64
[  179897ms] [LOG] [HealthDeclaration] pdf-service preloaded in background. @ webpack-internal:///(app-pages-browser)/./src/features/user/onboarding/components/HealthDeclarationStep.tsx:64
[  180298ms] [LOG] [KellyBot] Welcome DM seeded for user: jny2lmdOcfXOE0yVKUVIf63fZKD2 @ webpack-internal:///(app-pages-browser)/./src/features/social/services/kelly-welcome-bot.service.ts:86
[  180324ms] [LOG] [Progression] Master "H2279XsRGDg9G370J7S9" (slug: "full_body") recalculated → Level 1, 0.00% (from 5 children) @ webpack-internal:///(app-pages-browser)/./src/features/user/progression/services/progression.service.ts:635
[  180370ms] [LOG] [Progression] Master "H2279XsRGDg9G370J7S9" (slug: "full_body") recalculated → Level 1, 0.00% (from 5 children) @ webpack-internal:///(app-pages-browser)/./src/features/user/progression/services/progression.service.ts:635
[  180415ms] [LOG] [Progression] Master "H2279XsRGDg9G370J7S9" (slug: "full_body") recalculated → Level 1, 0.00% (from 5 children) @ webpack-internal:///(app-pages-browser)/./src/features/user/progression/services/progression.service.ts:635
[  180933ms] [LOG] [Progression] calisthenics_upper averaging: Tier 3 (foundational exclusion only — skillFocusIds absent) @ webpack-internal:///(app-pages-browser)/./src/features/user/progression/services/progression.service.ts:505
[  180934ms] [WARNING] [Progression] getMasterProgramProgress: empty filter for master "calisthenics_upper" (id: "JCac76p48XGZ5MVahLI2") — 3 configured children [core, push, pull] were ALL rejected by the averaging filter. skillFocusIds: [none]. Aborting recalculation to prevent level wipeout (routingEmptySkip=true). @ webpack-internal:///(app-pages-browser)/./src/features/user/progression/services/progression.service.ts:538
[  180934ms] [WARNING] [Progression] recalculateMasterLevel: ABORTED write for master "JCac76p48XGZ5MVahLI2" (slug: "calisthenics_upper") — routingEmptySkip flag set by getMasterProgramProgress. Existing level 0 preserved. Check slug map coverage for skill program hashes in subPrograms[]. @ webpack-internal:///(app-pages-browser)/./src/features/user/progression/services/progression.service.ts:597
[  183029ms] [LOG] [Progression] calisthenics_upper averaging: Tier 3 (foundational exclusion only — skillFocusIds absent) @ webpack-internal:///(app-pages-browser)/./src/features/user/progression/services/progression.service.ts:505
[  183029ms] [WARNING] [Progression] getMasterProgramProgress: empty filter for master "calisthenics_upper" (id: "JCac76p48XGZ5MVahLI2") — 3 configured children [core, push, pull] were ALL rejected by the averaging filter. skillFocusIds: [none]. Aborting recalculation to prevent level wipeout (routingEmptySkip=true). @ webpack-internal:///(app-pages-browser)/./src/features/user/progression/services/progression.service.ts:538
[  183029ms] [WARNING] [Progression] recalculateMasterLevel: ABORTED write for master "JCac76p48XGZ5MVahLI2" (slug: "calisthenics_upper") — routingEmptySkip flag set by getMasterProgramProgress. Existing level 0 preserved. Check slug map coverage for skill program hashes in subPrograms[]. @ webpack-internal:///(app-pages-browser)/./src/features/user/progression/services/progression.service.ts:597
[  183029ms] [LOG] [Progression] calisthenics_upper averaging: Tier 3 (foundational exclusion only — skillFocusIds absent) @ webpack-internal:///(app-pages-browser)/./src/features/user/progression/services/progression.service.ts:505
[  183030ms] [WARNING] [Progression] getMasterProgramProgress: empty filter for master "calisthenics_upper" (id: "JCac76p48XGZ5MVahLI2") — 3 configured children [core, push, pull] were ALL rejected by the averaging filter. skillFocusIds: [none]. Aborting recalculation to prevent level wipeout (routingEmptySkip=true). @ webpack-internal:///(app-pages-browser)/./src/features/user/progression/services/progression.service.ts:538
[  183030ms] [WARNING] [Progression] recalculateMasterLevel: ABORTED write for master "JCac76p48XGZ5MVahLI2" (slug: "calisthenics_upper") — routingEmptySkip flag set by getMasterProgramProgress. Existing level 0 preserved. Check slug map coverage for skill program hashes in subPrograms[]. @ webpack-internal:///(app-pages-browser)/./src/features/user/progression/services/progression.service.ts:597
[  183030ms] [LOG] [Progression] calisthenics_upper averaging: Tier 3 (foundational exclusion only — skillFocusIds absent) @ webpack-internal:///(app-pages-browser)/./src/features/user/progression/services/progression.service.ts:505
[  183030ms] [WARNING] [Progression] getMasterProgramProgress: empty filter for master "calisthenics_upper" (id: "JCac76p48XGZ5MVahLI2") — 3 configured children [core, push, pull] were ALL rejected by the averaging filter. skillFocusIds: [none]. Aborting recalculation to prevent level wipeout (routingEmptySkip=true). @ webpack-internal:///(app-pages-browser)/./src/features/user/progression/services/progression.service.ts:538
[  183030ms] [WARNING] [Progression] recalculateMasterLevel: ABORTED write for master "JCac76p48XGZ5MVahLI2" (slug: "calisthenics_upper") — routingEmptySkip flag set by getMasterProgramProgress. Existing level 0 preserved. Check slug map coverage for skill program hashes in subPrograms[]. @ webpack-internal:///(app-pages-browser)/./src/features/user/progression/services/progression.service.ts:597
[  184468ms] [LOG] [Progression] Master "fTLWzjP9gH2VNpamyCZF" (slug: "muscle_up") recalculated → Level 1, 0.00% (from 2 children) @ webpack-internal:///(app-pages-browser)/./src/features/user/progression/services/progression.service.ts:635
[  184543ms] [LOG] [Progression] Master "fTLWzjP9gH2VNpamyCZF" (slug: "muscle_up") recalculated → Level 1, 0.00% (from 2 children) @ webpack-internal:///(app-pages-browser)/./src/features/user/progression/services/progression.service.ts:635
[  184582ms] [LOG] [Progression] Master "fTLWzjP9gH2VNpamyCZF" (slug: "muscle_up") recalculated → Level 1, 0.00% (from 2 children) @ webpack-internal:///(app-pages-browser)/./src/features/user/progression/services/progression.service.ts:635
[  187144ms] [LOG] [Progression] Master "47smw26hUyG5ZbE1bhr3" (slug: "upper_body") recalculated → Level 1, 0.00% (from 2 children) @ webpack-internal:///(app-pages-browser)/./src/features/user/progression/services/progression.service.ts:635
[  189346ms] [LOG] [Progression] Master "H2279XsRGDg9G370J7S9" (slug: "full_body") recalculated → Level 1, 0.00% (from 5 children) @ webpack-internal:///(app-pages-browser)/./src/features/user/progression/services/progression.service.ts:635
[  191827ms] [LOG] [Progression] calisthenics_upper averaging: Tier 3 (foundational exclusion only — skillFocusIds absent) @ webpack-internal:///(app-pages-browser)/./src/features/user/progression/services/progression.service.ts:505
[  191827ms] [WARNING] [Progression] getMasterProgramProgress: empty filter for master "calisthenics_upper" (id: "JCac76p48XGZ5MVahLI2") — 3 configured children [core, push, pull] were ALL rejected by the averaging filter. skillFocusIds: [none]. Aborting recalculation to prevent level wipeout (routingEmptySkip=true). @ webpack-internal:///(app-pages-browser)/./src/features/user/progression/services/progression.service.ts:538
[  191827ms] [WARNING] [Progression] recalculateMasterLevel: ABORTED write for master "JCac76p48XGZ5MVahLI2" (slug: "calisthenics_upper") — routingEmptySkip flag set by getMasterProgramProgress. Existing level 0 preserved. Check slug map coverage for skill program hashes in subPrograms[]. @ webpack-internal:///(app-pages-browser)/./src/features/user/progression/services/progression.service.ts:597
[  193915ms] [LOG] [Progression] Master "fTLWzjP9gH2VNpamyCZF" (slug: "muscle_up") recalculated → Level 1, 0.00% (from 2 children) @ webpack-internal:///(app-pages-browser)/./src/features/user/progression/services/progression.service.ts:635
[  196784ms] [LOG] [Progression] Master "H2279XsRGDg9G370J7S9" (slug: "full_body") recalculated → Level 1, 0.00% (from 5 children) @ webpack-internal:///(app-pages-browser)/./src/features/user/progression/services/progression.service.ts:635
[  200216ms] [LOG] [Progression] Master "H2279XsRGDg9G370J7S9" (slug: "full_body") recalculated → Level 1, 0.00% (from 5 children) @ webpack-internal:///(app-pages-browser)/./src/features/user/progression/services/progression.service.ts:635
[  202794ms] [LOG] [Progression] calisthenics_upper averaging: Tier 3 (foundational exclusion only — skillFocusIds absent) @ webpack-internal:///(app-pages-browser)/./src/features/user/progression/services/progression.service.ts:505
[  202794ms] [WARNING] [Progression] getMasterProgramProgress: empty filter for master "calisthenics_upper" (id: "JCac76p48XGZ5MVahLI2") — 3 configured children [core, push, pull] were ALL rejected by the averaging filter. skillFocusIds: [none]. Aborting recalculation to prevent level wipeout (routingEmptySkip=true). @ webpack-internal:///(app-pages-browser)/./src/features/user/progression/services/progression.service.ts:538
[  202794ms] [WARNING] [Progression] recalculateMasterLevel: ABORTED write for master "JCac76p48XGZ5MVahLI2" (slug: "calisthenics_upper") — routingEmptySkip flag set by getMasterProgramProgress. Existing level 0 preserved. Check slug map coverage for skill program hashes in subPrograms[]. @ webpack-internal:///(app-pages-browser)/./src/features/user/progression/services/progression.service.ts:597
[  203247ms] [LOG] ✅ [OnboardingSync] Background master program levels recalculated. @ webpack-internal:///(app-pages-browser)/./src/features/user/onboarding/services/onboarding-sync.service.ts:1897
[  222728ms] [LOG] [PDF Service] Simpler Pro font embedded successfully @ webpack-internal:///(app-pages-browser)/./src/features/user/onboarding/services/pdf-service.ts:121
[  224869ms] [LOG] [Health] Calling syncOnboardingToFirestore(COMPLETED) — full running bridge + activeProgram generation @ webpack-internal:///(app-pages-browser)/./src/app/onboarding-new/health/page.tsx:141
[  225081ms] [LOG] [OnboardingSync][DIAG] doc snapshot {uid: jny2lmdOcfXOE0yVKUVIf63fZKD2, step: COMPLETED, mode: UPDATE, hasCore: true, coreRole: (absent)} @ webpack-internal:///(app-pages-browser)/./src/features/user/onboarding/services/onboarding-sync.service.ts:261
[  225082ms] [LOG] [OnboardingSync] Persona Engine skipped — no goal signal and primaryTrack already set: health . Leaving it untouched. @ webpack-internal:///(app-pages-browser)/./src/features/user/onboarding/services/onboarding-sync.service.ts:887
[  225468ms] [LOG] [onboarding-sync] maxLevels source: CMS (14 programs) {human_flag: 10, push: 25, full_body: 15, core: 20, pull: 25} @ webpack-internal:///(app-pages-browser)/./src/features/user/onboarding/services/onboarding-sync.service.ts:1020
[  225469ms] [LOG] [OnboardingSync] Using assignedResults from dynamic questionnaire: [Object] @ webpack-internal:///(app-pages-browser)/./src/features/user/onboarding/services/onboarding-sync.service.ts:1194
[  225469ms] [LOG] [OnboardingSync] Writing progression.tracks (Path B/C assessment levels): {full_body: Object, pull: Object, 47smw26hUyG5ZbE1bhr3: Object, legs: Object, H2279XsRGDg9G370J7S9: Object} @ webpack-internal:///(app-pages-browser)/./src/features/user/onboarding/services/onboarding-sync.service.ts:1345
[  225469ms] [LOG] [OnboardingSync][DIAG] payload {uid: jny2lmdOcfXOE0yVKUVIf63fZKD2, step: COMPLETED, mode: UPDATE, topLevelKeys: Array(14), coreKeys: Array(11)} @ webpack-internal:///(app-pages-browser)/./src/features/user/onboarding/services/onboarding-sync.service.ts:1809
[  225643ms] [LOG] [OnboardingSync][DIAG] doc snapshot {uid: jny2lmdOcfXOE0yVKUVIf63fZKD2, step: PERSONA, mode: UPDATE, hasCore: true, coreRole: (absent)} @ webpack-internal:///(app-pages-browser)/./src/features/user/onboarding/services/onboarding-sync.service.ts:261
[  225643ms] [LOG] [OnboardingSync][DIAG] payload {uid: jny2lmdOcfXOE0yVKUVIf63fZKD2, step: PERSONA, mode: UPDATE, topLevelKeys: Array(12), coreKeys: Array(11)} @ webpack-internal:///(app-pages-browser)/./src/features/user/onboarding/services/onboarding-sync.service.ts:1809
[  225732ms] [LOG] [OnboardingSync] Kicking off background master-level recalculation for 10 tracks (non-blocking). @ webpack-internal:///(app-pages-browser)/./src/features/user/onboarding/services/onboarding-sync.service.ts:1894
[  225931ms] [LOG] [Analytics] onboarding_completed {userId: jny2lmdOcfXOE0yVKUVIf63fZKD2, eventName: onboarding_completed, timestamp: Wed Sep 16 2026 19:54:14 GMT+0300 (שעון ישראל (קיץ)), sessionId: session_1789577605519_1liraszzs, steps_completed: 12} @ webpack-internal:///(app-pages-browser)/./src/features/analytics/AnalyticsService.ts:155
[  225932ms] [LOG] [OnboardingSync] Synced step "COMPLETED" to Firestore for user jny2lmdOcfXOE0yVKUVIf63fZKD2 @ webpack-internal:///(app-pages-browser)/./src/features/user/onboarding/services/onboarding-sync.service.ts:1914
[  225932ms] [LOG] [Health] Sync complete. Refreshing profile before navigation... @ webpack-internal:///(app-pages-browser)/./src/app/onboarding-new/health/page.tsx:143
[  226150ms] [INFO] [User Service] User jny2lmdOcfXOE0yVKUVIf63fZKD2 has missing or empty equipment profile. This may affect Smart Swap functionality. Please update user equipment in the admin panel. @ webpack-internal:///(app-pages-browser)/./src/lib/firestore.service.ts:71
[  226153ms] [LOG] [Health] Calling syncOnboardingToFirestore(COMPLETED) — full running bridge + activeProgram generation @ webpack-internal:///(app-pages-browser)/./src/app/onboarding-new/health/page.tsx:141
[  226236ms] [LOG] [Analytics] onboarding_step_completed {userId: jny2lmdOcfXOE0yVKUVIf63fZKD2, eventName: onboarding_step_completed, timestamp: Wed Sep 16 2026 19:54:15 GMT+0300 (שעון ישראל (קיץ)), sessionId: session_1789577605519_1liraszzs, step_name: PERSONA} @ webpack-internal:///(app-pages-browser)/./src/features/analytics/AnalyticsService.ts:155
[  226236ms] [LOG] [OnboardingSync] Synced step "PERSONA" to Firestore for user jny2lmdOcfXOE0yVKUVIf63fZKD2 @ webpack-internal:///(app-pages-browser)/./src/features/user/onboarding/services/onboarding-sync.service.ts:1914
[  226273ms] [LOG] [Fast Refresh] rebuilding @ webpack-internal:///(app-pages-browser)/./node_modules/next/dist/client/components/react-dev-overlay/app/hot-reloader-client.js:186
[  226347ms] [LOG] [OnboardingSync][DIAG] doc snapshot {uid: jny2lmdOcfXOE0yVKUVIf63fZKD2, step: COMPLETED, mode: UPDATE, hasCore: true, coreRole: (absent)} @ webpack-internal:///(app-pages-browser)/./src/features/user/onboarding/services/onboarding-sync.service.ts:261
[  226347ms] [LOG] [OnboardingSync] Persona Engine skipped — no goal signal and primaryTrack already set: health . Leaving it untouched. @ webpack-internal:///(app-pages-browser)/./src/features/user/onboarding/services/onboarding-sync.service.ts:887
[  226478ms] [LOG] [onboarding-sync] maxLevels source: CMS (14 programs) {human_flag: 10, push: 25, full_body: 15, core: 20, pull: 25} @ webpack-internal:///(app-pages-browser)/./src/features/user/onboarding/services/onboarding-sync.service.ts:1020
[  226478ms] [LOG] [OnboardingSync] Using assignedResults from dynamic questionnaire: [Object] @ webpack-internal:///(app-pages-browser)/./src/features/user/onboarding/services/onboarding-sync.service.ts:1194
[  226478ms] [LOG] [OnboardingSync] Writing progression.tracks (Path B/C assessment levels): {full_body: Object, pull: Object, legs: Object, 47smw26hUyG5ZbE1bhr3: Object, push: Object} @ webpack-internal:///(app-pages-browser)/./src/features/user/onboarding/services/onboarding-sync.service.ts:1345
[  226478ms] [LOG] [OnboardingSync][DIAG] payload {uid: jny2lmdOcfXOE0yVKUVIf63fZKD2, step: COMPLETED, mode: UPDATE, topLevelKeys: Array(14), coreKeys: Array(11)} @ webpack-internal:///(app-pages-browser)/./src/features/user/onboarding/services/onboarding-sync.service.ts:1809
[  226627ms] [LOG] [OnboardingSync] Kicking off background master-level recalculation for 10 tracks (non-blocking). @ webpack-internal:///(app-pages-browser)/./src/features/user/onboarding/services/onboarding-sync.service.ts:1894
[  226774ms] [LOG] [Analytics] onboarding_completed {userId: jny2lmdOcfXOE0yVKUVIf63fZKD2, eventName: onboarding_completed, timestamp: Wed Sep 16 2026 19:54:15 GMT+0300 (שעון ישראל (קיץ)), sessionId: session_1789577605519_1liraszzs, steps_completed: 12} @ webpack-internal:///(app-pages-browser)/./src/features/analytics/AnalyticsService.ts:155
[  226774ms] [LOG] [OnboardingSync] Synced step "COMPLETED" to Firestore for user jny2lmdOcfXOE0yVKUVIf63fZKD2 @ webpack-internal:///(app-pages-browser)/./src/features/user/onboarding/services/onboarding-sync.service.ts:1914
[  226774ms] [LOG] [Health] Sync complete. Refreshing profile before navigation... @ webpack-internal:///(app-pages-browser)/./src/app/onboarding-new/health/page.tsx:143
[  226845ms] [INFO] [User Service] User jny2lmdOcfXOE0yVKUVIf63fZKD2 has missing or empty equipment profile. This may affect Smart Swap functionality. Please update user equipment in the admin panel. @ webpack-internal:///(app-pages-browser)/./src/lib/firestore.service.ts:71
[  227394ms] [LOG] [Progression] Master "47smw26hUyG5ZbE1bhr3" (slug: "upper_body") recalculated → Level 1, 0.00% (from 2 children) @ webpack-internal:///(app-pages-browser)/./src/features/user/progression/services/progression.service.ts:635
[  227479ms] [LOG] [Progression] Master "47smw26hUyG5ZbE1bhr3" (slug: "upper_body") recalculated → Level 1, 0.00% (from 2 children) @ webpack-internal:///(app-pages-browser)/./src/features/user/progression/services/progression.service.ts:635
[  227525ms] [LOG] [Progression] Master "47smw26hUyG5ZbE1bhr3" (slug: "upper_body") recalculated → Level 1, 0.00% (from 2 children) @ webpack-internal:///(app-pages-browser)/./src/features/user/progression/services/progression.service.ts:635
[  227570ms] [LOG] [Progression] Master "47smw26hUyG5ZbE1bhr3" (slug: "upper_body") recalculated → Level 1, 0.00% (from 2 children) @ webpack-internal:///(app-pages-browser)/./src/features/user/progression/services/progression.service.ts:635
[  227972ms] [LOG] [Progression] Master "H2279XsRGDg9G370J7S9" (slug: "full_body") recalculated → Level 1, 0.00% (from 5 children) @ webpack-internal:///(app-pages-browser)/./src/features/user/progression/services/progression.service.ts:635
[  228063ms] [LOG] [Progression] Master "H2279XsRGDg9G370J7S9" (slug: "full_body") recalculated → Level 1, 0.00% (from 5 children) @ webpack-internal:///(app-pages-browser)/./src/features/user/progression/services/progression.service.ts:635
[  228267ms] [LOG] [Progression] Master "47smw26hUyG5ZbE1bhr3" (slug: "upper_body") recalculated → Level 1, 0.00% (from 2 children) @ webpack-internal:///(app-pages-browser)/./src/features/user/progression/services/progression.service.ts:635
[  228332ms] [LOG] [Progression] Master "47smw26hUyG5ZbE1bhr3" (slug: "upper_body") recalculated → Level 1, 0.00% (from 2 children) @ webpack-internal:///(app-pages-browser)/./src/features/user/progression/services/progression.service.ts:635
[  228365ms] [LOG] [Progression] Master "47smw26hUyG5ZbE1bhr3" (slug: "upper_body") recalculated → Level 1, 0.00% (from 2 children) @ webpack-internal:///(app-pages-browser)/./src/features/user/progression/services/progression.service.ts:635
[  228437ms] [LOG] [Progression] Master "47smw26hUyG5ZbE1bhr3" (slug: "upper_body") recalculated → Level 1, 0.00% (from 2 children) @ webpack-internal:///(app-pages-browser)/./src/features/user/progression/services/progression.service.ts:635
[  228939ms] [LOG] [Progression] Master "H2279XsRGDg9G370J7S9" (slug: "full_body") recalculated → Level 1, 0.00% (from 5 children) @ webpack-internal:///(app-pages-browser)/./src/features/user/progression/services/progression.service.ts:635
[  229173ms] [LOG] [Progression] Master "H2279XsRGDg9G370J7S9" (slug: "full_body") recalculated → Level 1, 0.00% (from 5 children) @ webpack-internal:///(app-pages-browser)/./src/features/user/progression/services/progression.service.ts:635
[  229252ms] [LOG] [Fast Refresh] done in 2979ms @ webpack-internal:///(app-pages-browser)/./node_modules/next/dist/client/components/react-dev-overlay/app/hot-reloader-client.js:43
[  229911ms] [LOG] [Progression] Master "H2279XsRGDg9G370J7S9" (slug: "full_body") recalculated → Level 1, 0.00% (from 5 children) @ webpack-internal:///(app-pages-browser)/./src/features/user/progression/services/progression.service.ts:635
[  230031ms] [LOG] [Progression] Master "H2279XsRGDg9G370J7S9" (slug: "full_body") recalculated → Level 1, 0.00% (from 5 children) @ webpack-internal:///(app-pages-browser)/./src/features/user/progression/services/progression.service.ts:635
[  230084ms] [LOG] [Progression] Master "H2279XsRGDg9G370J7S9" (slug: "full_body") recalculated → Level 1, 0.00% (from 5 children) @ webpack-internal:///(app-pages-browser)/./src/features/user/progression/services/progression.service.ts:635
[  230107ms] [LOG] [Progression] Master "H2279XsRGDg9G370J7S9" (slug: "full_body") recalculated → Level 1, 0.00% (from 5 children) @ webpack-internal:///(app-pages-browser)/./src/features/user/progression/services/progression.service.ts:635
[  230748ms] [LOG] [Progression] calisthenics_upper averaging: Tier 3 (foundational exclusion only — skillFocusIds absent) @ webpack-internal:///(app-pages-browser)/./src/features/user/progression/services/progression.service.ts:505
[  230749ms] [WARNING] [Progression] getMasterProgramProgress: empty filter for master "calisthenics_upper" (id: "JCac76p48XGZ5MVahLI2") — 3 configured children [core, push, pull] were ALL rejected by the averaging filter. skillFocusIds: [none]. Aborting recalculation to prevent level wipeout (routingEmptySkip=true). @ webpack-internal:///(app-pages-browser)/./src/features/user/progression/services/progression.service.ts:538
[  230749ms] [WARNING] [Progression] recalculateMasterLevel: ABORTED write for master "JCac76p48XGZ5MVahLI2" (slug: "calisthenics_upper") — routingEmptySkip flag set by getMasterProgramProgress. Existing level 0 preserved. Check slug map coverage for skill program hashes in subPrograms[]. @ webpack-internal:///(app-pages-browser)/./src/features/user/progression/services/progression.service.ts:597
[  230808ms] [LOG] [Progression] Master "H2279XsRGDg9G370J7S9" (slug: "full_body") recalculated → Level 1, 0.00% (from 5 children) @ webpack-internal:///(app-pages-browser)/./src/features/user/progression/services/progression.service.ts:635
[  230890ms] [LOG] [Progression] Master "H2279XsRGDg9G370J7S9" (slug: "full_body") recalculated → Level 1, 0.00% (from 5 children) @ webpack-internal:///(app-pages-browser)/./src/features/user/progression/services/progression.service.ts:635
[  231044ms] [LOG] [Progression] Master "H2279XsRGDg9G370J7S9" (slug: "full_body") recalculated → Level 1, 0.00% (from 5 children) @ webpack-internal:///(app-pages-browser)/./src/features/user/progression/services/progression.service.ts:635
[  231099ms] [LOG] [Progression] Master "H2279XsRGDg9G370J7S9" (slug: "full_body") recalculated → Level 1, 0.00% (from 5 children) @ webpack-internal:///(app-pages-browser)/./src/features/user/progression/services/progression.service.ts:635
[  231265ms] [LOG] [Progression] calisthenics_upper averaging: Tier 3 (foundational exclusion only — skillFocusIds absent) @ webpack-internal:///(app-pages-browser)/./src/features/user/progression/services/progression.service.ts:505
[  231265ms] [WARNING] [Progression] getMasterProgramProgress: empty filter for master "calisthenics_upper" (id: "JCac76p48XGZ5MVahLI2") — 3 configured children [core, push, pull] were ALL rejected by the averaging filter. skillFocusIds: [none]. Aborting recalculation to prevent level wipeout (routingEmptySkip=true). @ webpack-internal:///(app-pages-browser)/./src/features/user/progression/services/progression.service.ts:538
[  231265ms] [WARNING] [Progression] recalculateMasterLevel: ABORTED write for master "JCac76p48XGZ5MVahLI2" (slug: "calisthenics_upper") — routingEmptySkip flag set by getMasterProgramProgress. Existing level 0 preserved. Check slug map coverage for skill program hashes in subPrograms[]. @ webpack-internal:///(app-pages-browser)/./src/features/user/progression/services/progression.service.ts:597
[  232287ms] [LOG] [Progression] calisthenics_upper averaging: Tier 3 (foundational exclusion only — skillFocusIds absent) @ webpack-internal:///(app-pages-browser)/./src/features/user/progression/services/progression.service.ts:505
[  232287ms] [WARNING] [Progression] getMasterProgramProgress: empty filter for master "calisthenics_upper" (id: "JCac76p48XGZ5MVahLI2") — 3 configured children [core, push, pull] were ALL rejected by the averaging filter. skillFocusIds: [none]. Aborting recalculation to prevent level wipeout (routingEmptySkip=true). @ webpack-internal:///(app-pages-browser)/./src/features/user/progression/services/progression.service.ts:538
[  232287ms] [WARNING] [Progression] recalculateMasterLevel: ABORTED write for master "JCac76p48XGZ5MVahLI2" (slug: "calisthenics_upper") — routingEmptySkip flag set by getMasterProgramProgress. Existing level 0 preserved. Check slug map coverage for skill program hashes in subPrograms[]. @ webpack-internal:///(app-pages-browser)/./src/features/user/progression/services/progression.service.ts:597
[  232288ms] [LOG] [Progression] calisthenics_upper averaging: Tier 3 (foundational exclusion only — skillFocusIds absent) @ webpack-internal:///(app-pages-browser)/./src/features/user/progression/services/progression.service.ts:505
[  232288ms] [WARNING] [Progression] getMasterProgramProgress: empty filter for master "calisthenics_upper" (id: "JCac76p48XGZ5MVahLI2") — 3 configured children [core, push, pull] were ALL rejected by the averaging filter. skillFocusIds: [none]. Aborting recalculation to prevent level wipeout (routingEmptySkip=true). @ webpack-internal:///(app-pages-browser)/./src/features/user/progression/services/progression.service.ts:538
[  232288ms] [WARNING] [Progression] recalculateMasterLevel: ABORTED write for master "JCac76p48XGZ5MVahLI2" (slug: "calisthenics_upper") — routingEmptySkip flag set by getMasterProgramProgress. Existing level 0 preserved. Check slug map coverage for skill program hashes in subPrograms[]. @ webpack-internal:///(app-pages-browser)/./src/features/user/progression/services/progression.service.ts:597
[  232288ms] [LOG] [Progression] calisthenics_upper averaging: Tier 3 (foundational exclusion only — skillFocusIds absent) @ webpack-internal:///(app-pages-browser)/./src/features/user/progression/services/progression.service.ts:505
[  232288ms] [WARNING] [Progression] getMasterProgramProgress: empty filter for master "calisthenics_upper" (id: "JCac76p48XGZ5MVahLI2") — 3 configured children [core, push, pull] were ALL rejected by the averaging filter. skillFocusIds: [none]. Aborting recalculation to prevent level wipeout (routingEmptySkip=true). @ webpack-internal:///(app-pages-browser)/./src/features/user/progression/services/progression.service.ts:538
[  232288ms] [WARNING] [Progression] recalculateMasterLevel: ABORTED write for master "JCac76p48XGZ5MVahLI2" (slug: "calisthenics_upper") — routingEmptySkip flag set by getMasterProgramProgress. Existing level 0 preserved. Check slug map coverage for skill program hashes in subPrograms[]. @ webpack-internal:///(app-pages-browser)/./src/features/user/progression/services/progression.service.ts:597
[  232288ms] [LOG] [Progression] calisthenics_upper averaging: Tier 3 (foundational exclusion only — skillFocusIds absent) @ webpack-internal:///(app-pages-browser)/./src/features/user/progression/services/progression.service.ts:505
[  232288ms] [WARNING] [Progression] getMasterProgramProgress: empty filter for master "calisthenics_upper" (id: "JCac76p48XGZ5MVahLI2") — 3 configured children [core, push, pull] were ALL rejected by the averaging filter. skillFocusIds: [none]. Aborting recalculation to prevent level wipeout (routingEmptySkip=true). @ webpack-internal:///(app-pages-browser)/./src/features/user/progression/services/progression.service.ts:538
[  232288ms] [WARNING] [Progression] recalculateMasterLevel: ABORTED write for master "JCac76p48XGZ5MVahLI2" (slug: "calisthenics_upper") — routingEmptySkip flag set by getMasterProgramProgress. Existing level 0 preserved. Check slug map coverage for skill program hashes in subPrograms[]. @ webpack-internal:///(app-pages-browser)/./src/features/user/progression/services/progression.service.ts:597
[  233311ms] [LOG] [Progression] calisthenics_upper averaging: Tier 3 (foundational exclusion only — skillFocusIds absent) @ webpack-internal:///(app-pages-browser)/./src/features/user/progression/services/progression.service.ts:505
[  233311ms] [WARNING] [Progression] getMasterProgramProgress: empty filter for master "calisthenics_upper" (id: "JCac76p48XGZ5MVahLI2") — 3 configured children [core, push, pull] were ALL rejected by the averaging filter. skillFocusIds: [none]. Aborting recalculation to prevent level wipeout (routingEmptySkip=true). @ webpack-internal:///(app-pages-browser)/./src/features/user/progression/services/progression.service.ts:538
[  233311ms] [WARNING] [Progression] recalculateMasterLevel: ABORTED write for master "JCac76p48XGZ5MVahLI2" (slug: "calisthenics_upper") — routingEmptySkip flag set by getMasterProgramProgress. Existing level 0 preserved. Check slug map coverage for skill program hashes in subPrograms[]. @ webpack-internal:///(app-pages-browser)/./src/features/user/progression/services/progression.service.ts:597
[  233312ms] [LOG] [Progression] calisthenics_upper averaging: Tier 3 (foundational exclusion only — skillFocusIds absent) @ webpack-internal:///(app-pages-browser)/./src/features/user/progression/services/progression.service.ts:505
[  233312ms] [WARNING] [Progression] getMasterProgramProgress: empty filter for master "calisthenics_upper" (id: "JCac76p48XGZ5MVahLI2") — 3 configured children [core, push, pull] were ALL rejected by the averaging filter. skillFocusIds: [none]. Aborting recalculation to prevent level wipeout (routingEmptySkip=true). @ webpack-internal:///(app-pages-browser)/./src/features/user/progression/services/progression.service.ts:538
[  233312ms] [WARNING] [Progression] recalculateMasterLevel: ABORTED write for master "JCac76p48XGZ5MVahLI2" (slug: "calisthenics_upper") — routingEmptySkip flag set by getMasterProgramProgress. Existing level 0 preserved. Check slug map coverage for skill program hashes in subPrograms[]. @ webpack-internal:///(app-pages-browser)/./src/features/user/progression/services/progression.service.ts:597
[  233833ms] [LOG] [Progression] calisthenics_upper averaging: Tier 3 (foundational exclusion only — skillFocusIds absent) @ webpack-internal:///(app-pages-browser)/./src/features/user/progression/services/progression.service.ts:505
[  233833ms] [WARNING] [Progression] getMasterProgramProgress: empty filter for master "calisthenics_upper" (id: "JCac76p48XGZ5MVahLI2") — 3 configured children [core, push, pull] were ALL rejected by the averaging filter. skillFocusIds: [none]. Aborting recalculation to prevent level wipeout (routingEmptySkip=true). @ webpack-internal:///(app-pages-browser)/./src/features/user/progression/services/progression.service.ts:538
[  233833ms] [WARNING] [Progression] recalculateMasterLevel: ABORTED write for master "JCac76p48XGZ5MVahLI2" (slug: "calisthenics_upper") — routingEmptySkip flag set by getMasterProgramProgress. Existing level 0 preserved. Check slug map coverage for skill program hashes in subPrograms[]. @ webpack-internal:///(app-pages-browser)/./src/features/user/progression/services/progression.service.ts:597
[  233833ms] [LOG] [Progression] calisthenics_upper averaging: Tier 3 (foundational exclusion only — skillFocusIds absent) @ webpack-internal:///(app-pages-browser)/./src/features/user/progression/services/progression.service.ts:505
[  233833ms] [WARNING] [Progression] getMasterProgramProgress: empty filter for master "calisthenics_upper" (id: "JCac76p48XGZ5MVahLI2") — 3 configured children [core, push, pull] were ALL rejected by the averaging filter. skillFocusIds: [none]. Aborting recalculation to prevent level wipeout (routingEmptySkip=true). @ webpack-internal:///(app-pages-browser)/./src/features/user/progression/services/progression.service.ts:538
[  233833ms] [WARNING] [Progression] recalculateMasterLevel: ABORTED write for master "JCac76p48XGZ5MVahLI2" (slug: "calisthenics_upper") — routingEmptySkip flag set by getMasterProgramProgress. Existing level 0 preserved. Check slug map coverage for skill program hashes in subPrograms[]. @ webpack-internal:///(app-pages-browser)/./src/features/user/progression/services/progression.service.ts:597
[  234282ms] [LOG] [Progression] Master "fTLWzjP9gH2VNpamyCZF" (slug: "muscle_up") recalculated → Level 1, 0.00% (from 2 children) @ webpack-internal:///(app-pages-browser)/./src/features/user/progression/services/progression.service.ts:635
[  234366ms] [LOG] [Progression] Master "fTLWzjP9gH2VNpamyCZF" (slug: "muscle_up") recalculated → Level 1, 0.00% (from 2 children) @ webpack-internal:///(app-pages-browser)/./src/features/user/progression/services/progression.service.ts:635
[  234397ms] [LOG] [Progression] Master "fTLWzjP9gH2VNpamyCZF" (slug: "muscle_up") recalculated → Level 1, 0.00% (from 2 children) @ webpack-internal:///(app-pages-browser)/./src/features/user/progression/services/progression.service.ts:635
[  234422ms] [LOG] [Progression] Master "fTLWzjP9gH2VNpamyCZF" (slug: "muscle_up") recalculated → Level 1, 0.00% (from 2 children) @ webpack-internal:///(app-pages-browser)/./src/features/user/progression/services/progression.service.ts:635
[  235086ms] [LOG] [Progression] Master "fTLWzjP9gH2VNpamyCZF" (slug: "muscle_up") recalculated → Level 1, 0.00% (from 2 children) @ webpack-internal:///(app-pages-browser)/./src/features/user/progression/services/progression.service.ts:635
[  235155ms] [LOG] [Progression] Master "fTLWzjP9gH2VNpamyCZF" (slug: "muscle_up") recalculated → Level 1, 0.00% (from 2 children) @ webpack-internal:///(app-pages-browser)/./src/features/user/progression/services/progression.service.ts:635
[  235346ms] [LOG] [Progression] Master "fTLWzjP9gH2VNpamyCZF" (slug: "muscle_up") recalculated → Level 1, 0.00% (from 2 children) @ webpack-internal:///(app-pages-browser)/./src/features/user/progression/services/progression.service.ts:635
[  235443ms] [LOG] [Progression] Master "fTLWzjP9gH2VNpamyCZF" (slug: "muscle_up") recalculated → Level 1, 0.00% (from 2 children) @ webpack-internal:///(app-pages-browser)/./src/features/user/progression/services/progression.service.ts:635
[  236197ms] [LOG] [Progression] Master "47smw26hUyG5ZbE1bhr3" (slug: "upper_body") recalculated → Level 1, 0.00% (from 2 children) @ webpack-internal:///(app-pages-browser)/./src/features/user/progression/services/progression.service.ts:635
[  236256ms] [LOG] [Progression] Master "47smw26hUyG5ZbE1bhr3" (slug: "upper_body") recalculated → Level 1, 0.00% (from 2 children) @ webpack-internal:///(app-pages-browser)/./src/features/user/progression/services/progression.service.ts:635
[  237035ms] [LOG] [Progression] Master "47smw26hUyG5ZbE1bhr3" (slug: "upper_body") recalculated → Level 1, 0.00% (from 2 children) @ webpack-internal:///(app-pages-browser)/./src/features/user/progression/services/progression.service.ts:635
[  237346ms] [LOG] [Progression] Master "47smw26hUyG5ZbE1bhr3" (slug: "upper_body") recalculated → Level 1, 0.00% (from 2 children) @ webpack-internal:///(app-pages-browser)/./src/features/user/progression/services/progression.service.ts:635
[  237906ms] [LOG] [Fast Refresh] rebuilding @ webpack-internal:///(app-pages-browser)/./node_modules/next/dist/client/components/react-dev-overlay/app/hot-reloader-client.js:186
[  238293ms] [LOG] [Progression] Master "H2279XsRGDg9G370J7S9" (slug: "full_body") recalculated → Level 1, 0.00% (from 5 children) @ webpack-internal:///(app-pages-browser)/./src/features/user/progression/services/progression.service.ts:635
[  238379ms] [LOG] [Progression] Master "H2279XsRGDg9G370J7S9" (slug: "full_body") recalculated → Level 1, 0.00% (from 5 children) @ webpack-internal:///(app-pages-browser)/./src/features/user/progression/services/progression.service.ts:635
[  239050ms] [LOG] [Progression] Master "H2279XsRGDg9G370J7S9" (slug: "full_body") recalculated → Level 1, 0.00% (from 5 children) @ webpack-internal:///(app-pages-browser)/./src/features/user/progression/services/progression.service.ts:635
[  239324ms] [LOG] [Progression] Master "H2279XsRGDg9G370J7S9" (slug: "full_body") recalculated → Level 1, 0.00% (from 5 children) @ webpack-internal:///(app-pages-browser)/./src/features/user/progression/services/progression.service.ts:635
[  240564ms] [LOG] [Progression] calisthenics_upper averaging: Tier 3 (foundational exclusion only — skillFocusIds absent) @ webpack-internal:///(app-pages-browser)/./src/features/user/progression/services/progression.service.ts:505
[  240564ms] [WARNING] [Progression] getMasterProgramProgress: empty filter for master "calisthenics_upper" (id: "JCac76p48XGZ5MVahLI2") — 3 configured children [core, push, pull] were ALL rejected by the averaging filter. skillFocusIds: [none]. Aborting recalculation to prevent level wipeout (routingEmptySkip=true). @ webpack-internal:///(app-pages-browser)/./src/features/user/progression/services/progression.service.ts:538
[  240564ms] [WARNING] [Progression] recalculateMasterLevel: ABORTED write for master "JCac76p48XGZ5MVahLI2" (slug: "calisthenics_upper") — routingEmptySkip flag set by getMasterProgramProgress. Existing level 0 preserved. Check slug map coverage for skill program hashes in subPrograms[]. @ webpack-internal:///(app-pages-browser)/./src/features/user/progression/services/progression.service.ts:597
[  240564ms] [LOG] [Progression] calisthenics_upper averaging: Tier 3 (foundational exclusion only — skillFocusIds absent) @ webpack-internal:///(app-pages-browser)/./src/features/user/progression/services/progression.service.ts:505
[  240564ms] [WARNING] [Progression] getMasterProgramProgress: empty filter for master "calisthenics_upper" (id: "JCac76p48XGZ5MVahLI2") — 3 configured children [core, push, pull] were ALL rejected by the averaging filter. skillFocusIds: [none]. Aborting recalculation to prevent level wipeout (routingEmptySkip=true). @ webpack-internal:///(app-pages-browser)/./src/features/user/progression/services/progression.service.ts:538
[  240564ms] [WARNING] [Progression] recalculateMasterLevel: ABORTED write for master "JCac76p48XGZ5MVahLI2" (slug: "calisthenics_upper") — routingEmptySkip flag set by getMasterProgramProgress. Existing level 0 preserved. Check slug map coverage for skill program hashes in subPrograms[]. @ webpack-internal:///(app-pages-browser)/./src/features/user/progression/services/progression.service.ts:597
[  241303ms] [LOG] [Progression] calisthenics_upper averaging: Tier 3 (foundational exclusion only — skillFocusIds absent) @ webpack-internal:///(app-pages-browser)/./src/features/user/progression/services/progression.service.ts:505
[  241304ms] [WARNING] [Progression] getMasterProgramProgress: empty filter for master "calisthenics_upper" (id: "JCac76p48XGZ5MVahLI2") — 3 configured children [core, push, pull] were ALL rejected by the averaging filter. skillFocusIds: [none]. Aborting recalculation to prevent level wipeout (routingEmptySkip=true). @ webpack-internal:///(app-pages-browser)/./src/features/user/progression/services/progression.service.ts:538
[  241304ms] [WARNING] [Progression] recalculateMasterLevel: ABORTED write for master "JCac76p48XGZ5MVahLI2" (slug: "calisthenics_upper") — routingEmptySkip flag set by getMasterProgramProgress. Existing level 0 preserved. Check slug map coverage for skill program hashes in subPrograms[]. @ webpack-internal:///(app-pages-browser)/./src/features/user/progression/services/progression.service.ts:597
[  241687ms] [LOG] [Progression] calisthenics_upper averaging: Tier 3 (foundational exclusion only — skillFocusIds absent) @ webpack-internal:///(app-pages-browser)/./src/features/user/progression/services/progression.service.ts:505
[  241687ms] [WARNING] [Progression] getMasterProgramProgress: empty filter for master "calisthenics_upper" (id: "JCac76p48XGZ5MVahLI2") — 3 configured children [core, push, pull] were ALL rejected by the averaging filter. skillFocusIds: [none]. Aborting recalculation to prevent level wipeout (routingEmptySkip=true). @ webpack-internal:///(app-pages-browser)/./src/features/user/progression/services/progression.service.ts:538
[  241687ms] [WARNING] [Progression] recalculateMasterLevel: ABORTED write for master "JCac76p48XGZ5MVahLI2" (slug: "calisthenics_upper") — routingEmptySkip flag set by getMasterProgramProgress. Existing level 0 preserved. Check slug map coverage for skill program hashes in subPrograms[]. @ webpack-internal:///(app-pages-browser)/./src/features/user/progression/services/progression.service.ts:597
[  242226ms] [LOG] [Progression] Master "fTLWzjP9gH2VNpamyCZF" (slug: "muscle_up") recalculated → Level 1, 0.00% (from 2 children) @ webpack-internal:///(app-pages-browser)/./src/features/user/progression/services/progression.service.ts:635
[  242275ms] [LOG] [Progression] Master "fTLWzjP9gH2VNpamyCZF" (slug: "muscle_up") recalculated → Level 1, 0.00% (from 2 children) @ webpack-internal:///(app-pages-browser)/./src/features/user/progression/services/progression.service.ts:635
[  242934ms] [LOG] [Progression] Master "fTLWzjP9gH2VNpamyCZF" (slug: "muscle_up") recalculated → Level 1, 0.00% (from 2 children) @ webpack-internal:///(app-pages-browser)/./src/features/user/progression/services/progression.service.ts:635
[  243226ms] [LOG] [Progression] Master "fTLWzjP9gH2VNpamyCZF" (slug: "muscle_up") recalculated → Level 1, 0.00% (from 2 children) @ webpack-internal:///(app-pages-browser)/./src/features/user/progression/services/progression.service.ts:635
[  245274ms] [LOG] [Progression] Master "H2279XsRGDg9G370J7S9" (slug: "full_body") recalculated → Level 1, 0.00% (from 5 children) @ webpack-internal:///(app-pages-browser)/./src/features/user/progression/services/progression.service.ts:635
[  246116ms] [LOG] [Progression] Master "H2279XsRGDg9G370J7S9" (slug: "full_body") recalculated → Level 1, 0.00% (from 5 children) @ webpack-internal:///(app-pages-browser)/./src/features/user/progression/services/progression.service.ts:635
[  247934ms] [LOG] [Progression] Master "H2279XsRGDg9G370J7S9" (slug: "full_body") recalculated → Level 1, 0.00% (from 5 children) @ webpack-internal:///(app-pages-browser)/./src/features/user/progression/services/progression.service.ts:635
[  248746ms] [LOG] [Fast Refresh] done in 10841ms @ webpack-internal:///(app-pages-browser)/./node_modules/next/dist/client/components/react-dev-overlay/app/hot-reloader-client.js:43
[  249397ms] [LOG] [Progression] Master "H2279XsRGDg9G370J7S9" (slug: "full_body") recalculated → Level 1, 0.00% (from 5 children) @ webpack-internal:///(app-pages-browser)/./src/features/user/progression/services/progression.service.ts:635
[  250961ms] [LOG] [Progression] calisthenics_upper averaging: Tier 3 (foundational exclusion only — skillFocusIds absent) @ webpack-internal:///(app-pages-browser)/./src/features/user/progression/services/progression.service.ts:505
[  250961ms] [WARNING] [Progression] getMasterProgramProgress: empty filter for master "calisthenics_upper" (id: "JCac76p48XGZ5MVahLI2") — 3 configured children [core, push, pull] were ALL rejected by the averaging filter. skillFocusIds: [none]. Aborting recalculation to prevent level wipeout (routingEmptySkip=true). @ webpack-internal:///(app-pages-browser)/./src/features/user/progression/services/progression.service.ts:538
[  250961ms] [WARNING] [Progression] recalculateMasterLevel: ABORTED write for master "JCac76p48XGZ5MVahLI2" (slug: "calisthenics_upper") — routingEmptySkip flag set by getMasterProgramProgress. Existing level 0 preserved. Check slug map coverage for skill program hashes in subPrograms[]. @ webpack-internal:///(app-pages-browser)/./src/features/user/progression/services/progression.service.ts:597
[  251355ms] [LOG] [ActivityStore] No Firestore data, created new day @ webpack-internal:///(app-pages-browser)/./src/features/activity/store/useActivityStore.ts:675
[  251355ms] [LOG] [ActivityStore] No Firestore data, created new day @ webpack-internal:///(app-pages-browser)/./src/features/activity/store/useActivityStore.ts:675
[  251355ms] [LOG] [ActivityStore] No Firestore data, created new day @ webpack-internal:///(app-pages-browser)/./src/features/activity/store/useActivityStore.ts:675
[  251355ms] [LOG] [ActivityStore] No Firestore data, created new day @ webpack-internal:///(app-pages-browser)/./src/features/activity/store/useActivityStore.ts:675
[  251355ms] [LOG] [ActivityStore] No Firestore data, created new day @ webpack-internal:///(app-pages-browser)/./src/features/activity/store/useActivityStore.ts:675
[  251355ms] [LOG] [ActivityStore] No Firestore data, created new day @ webpack-internal:///(app-pages-browser)/./src/features/activity/store/useActivityStore.ts:675
[  251360ms] [LOG] [buildIdToSlugMap] Built 14 entries: [EtY8YCol…→human_flag, J0fLpmJh…→push, H2279XsR…→full_body, kDMpobbK…→core, UPDBtTdC…→pull, cC0BOmm6…→one_arm_pullup, fTLWzjP9…→muscle_up, IOfBZFeo…→handstand, pCI5NHXp…→planche, 47smw26h…→upper_body, OrAmOH3F…→legs, mFcuYlNg…→front_lever, JCac76p4…→calisthenics_upper, PAxprHuT…→handstand_pushup] @ webpack-internal:///(app-pages-browser)/./src/features/workout-engine/services/program-hierarchy.utils.ts:121
[  251360ms] [LOG] [buildIdToSlugMap] Built 14 entries: [EtY8YCol…→human_flag, J0fLpmJh…→push, H2279XsR…→full_body, kDMpobbK…→core, UPDBtTdC…→pull, cC0BOmm6…→one_arm_pullup, fTLWzjP9…→muscle_up, IOfBZFeo…→handstand, pCI5NHXp…→planche, 47smw26h…→upper_body, OrAmOH3F…→legs, mFcuYlNg…→front_lever, JCac76p4…→calisthenics_upper, PAxprHuT…→handstand_pushup] @ webpack-internal:///(app-pages-browser)/./src/features/workout-engine/services/program-hierarchy.utils.ts:121
[  251375ms] [INFO] [User Service] User jny2lmdOcfXOE0yVKUVIf63fZKD2 has missing or empty equipment profile. This may affect Smart Swap functionality. Please update user equipment in the admin panel. @ webpack-internal:///(app-pages-browser)/./src/lib/firestore.service.ts:71
[  251383ms] [INFO] [User Service] User jny2lmdOcfXOE0yVKUVIf63fZKD2 has missing or empty equipment profile. This may affect Smart Swap functionality. Please update user equipment in the admin panel. @ webpack-internal:///(app-pages-browser)/./src/lib/firestore.service.ts:71
[  251540ms] [LOG] [HomeContext] Domain 'push' resolved to L1 (Source: Domains) @ webpack-internal:///(app-pages-browser)/./src/features/workout-engine/services/level-resolution.utils.ts:120
[  251540ms] [LOG] [HomeContext] Domain 'fTLWzjP9gH2VNpamyCZF' → slug 'muscle_up' dual-keyed at L1 (Source: Domains) @ webpack-internal:///(app-pages-browser)/./src/features/workout-engine/services/level-resolution.utils.ts:118
[  251540ms] [LOG] [HomeContext] Domain 'H2279XsRGDg9G370J7S9' → slug 'full_body' dual-keyed at L1 (Source: Domains) @ webpack-internal:///(app-pages-browser)/./src/features/workout-engine/services/level-resolution.utils.ts:118
[  251540ms] [LOG] [HomeContext] Domain 'core' resolved to L1 (Source: Domains) @ webpack-internal:///(app-pages-browser)/./src/features/workout-engine/services/level-resolution.utils.ts:120
[  251540ms] [LOG] [HomeContext] Domain 'full_body' resolved to L1 (Source: Domains) @ webpack-internal:///(app-pages-browser)/./src/features/workout-engine/services/level-resolution.utils.ts:120
[  251540ms] [LOG] [HomeContext] Domain '47smw26hUyG5ZbE1bhr3' → slug 'upper_body' dual-keyed at L1 (Source: Domains) @ webpack-internal:///(app-pages-browser)/./src/features/workout-engine/services/level-resolution.utils.ts:118
[  251540ms] [LOG] [HomeContext] Domain 'muscle_up' resolved to L1 (Source: Domains) @ webpack-internal:///(app-pages-browser)/./src/features/workout-engine/services/level-resolution.utils.ts:120
[  251540ms] [LOG] [HomeContext] Domain 'pull' resolved to L1 (Source: Domains) @ webpack-internal:///(app-pages-browser)/./src/features/workout-engine/services/level-resolution.utils.ts:120
[  251540ms] [LOG] [HomeContext] Domain 'upper_body' resolved to L1 (Source: Domains) @ webpack-internal:///(app-pages-browser)/./src/features/workout-engine/services/level-resolution.utils.ts:120
[  251540ms] [LOG] [HomeContext] Domain 'legs' resolved to L1 (Source: Domains) @ webpack-internal:///(app-pages-browser)/./src/features/workout-engine/services/level-resolution.utils.ts:120
[  251540ms] [LOG] [HomeContext] Domain 'front_lever' — no assessed level, left ABSENT (no invention) @ webpack-internal:///(app-pages-browser)/./src/features/workout-engine/services/level-resolution.utils.ts:107
[  251540ms] [LOG] [HomeContext] Domain 'calisthenics_upper' — no assessed level, left ABSENT (no invention) @ webpack-internal:///(app-pages-browser)/./src/features/workout-engine/services/level-resolution.utils.ts:107
[  251540ms] [LOG] [HomeContext] Domain 'one_arm_pullup' — no assessed level, left ABSENT (no invention) @ webpack-internal:///(app-pages-browser)/./src/features/workout-engine/services/level-resolution.utils.ts:107
[  251540ms] [LOG] [HomeContext] Domain 'handstand_pushup' — no assessed level, left ABSENT (no invention) @ webpack-internal:///(app-pages-browser)/./src/features/workout-engine/services/level-resolution.utils.ts:107
[  251540ms] [LOG] [HomeContext] Domain 'handstand' — no assessed level, left ABSENT (no invention) @ webpack-internal:///(app-pages-browser)/./src/features/workout-engine/services/level-resolution.utils.ts:107
[  251540ms] [LOG] [HomeContext] Domain 'human_flag' — no assessed level, left ABSENT (no invention) @ webpack-internal:///(app-pages-browser)/./src/features/workout-engine/services/level-resolution.utils.ts:107
[  251540ms] [LOG] [HomeContext] Domain 'planche' — no assessed level, left ABSENT (no invention) @ webpack-internal:///(app-pages-browser)/./src/features/workout-engine/services/level-resolution.utils.ts:107
[  251542ms] [LOG] [home] scoreBreakdown "full-strength" (score=30): {goalMatch: 30, gapFilling: 0, stepDeficit: 0, preferenceMatch: 0, recoveryMatch: 0} @ webpack-internal:///(app-pages-browser)/./src/app/home/page.tsx:1437
[  251554ms] [LOG] [HomeWorkout] 🏞️ No location specified → "park" (PARK FORCE active) @ webpack-internal:///(app-pages-browser)/./src/features/workout-engine/services/home-workout.service.ts:1473
[  251554ms] [LOG] [HomeWorkout] scheduledProgramIds normalised: [] → [full_body] @ webpack-internal:///(app-pages-browser)/./src/features/workout-engine/services/home-workout.service.ts:1486
[  251554ms] [LOG] [home] scoreBreakdown "safety-net" (score=0): {goalMatch: 0, gapFilling: 0, stepDeficit: 0, preferenceMatch: 0, recoveryMatch: 0} @ webpack-internal:///(app-pages-browser)/./src/app/home/page.tsx:1437
[  251555ms] [LOG] ✅ [OnboardingSync] Background master program levels recalculated. @ webpack-internal:///(app-pages-browser)/./src/features/user/onboarding/services/onboarding-sync.service.ts:1897
[  251725ms] [LOG] [ActivityStore] Loaded from Firestore - Streak: 0 @ webpack-internal:///(app-pages-browser)/./src/features/activity/store/useActivityStore.ts:808
[  251734ms] [LOG] [ActivityStore] Loaded from Firestore - Streak: 0 @ webpack-internal:///(app-pages-browser)/./src/features/activity/store/useActivityStore.ts:808
[  251744ms] [LOG] [ActivityStore] Loaded from Firestore - Streak: 0 @ webpack-internal:///(app-pages-browser)/./src/features/activity/store/useActivityStore.ts:808
[  251758ms] [LOG] [ActivityStore] Loaded from Firestore - Streak: 0 @ webpack-internal:///(app-pages-browser)/./src/features/activity/store/useActivityStore.ts:808
[  251772ms] [LOG] [ActivityStore] Loaded from Firestore - Streak: 0 @ webpack-internal:///(app-pages-browser)/./src/features/activity/store/useActivityStore.ts:808
[  251784ms] [LOG] [ActivityStore] Loaded from Firestore - Streak: 0 @ webpack-internal:///(app-pages-browser)/./src/features/activity/store/useActivityStore.ts:808
[  252550ms] [LOG] [buildIdToSlugMap] Built 14 entries: [EtY8YCol…→human_flag, J0fLpmJh…→push, H2279XsR…→full_body, kDMpobbK…→core, UPDBtTdC…→pull, cC0BOmm6…→one_arm_pullup, fTLWzjP9…→muscle_up, IOfBZFeo…→handstand, pCI5NHXp…→planche, 47smw26h…→upper_body, OrAmOH3F…→legs, mFcuYlNg…→front_lever, JCac76p4…→calisthenics_upper, PAxprHuT…→handstand_pushup] @ webpack-internal:///(app-pages-browser)/./src/features/workout-engine/services/program-hierarchy.utils.ts:121
[  252551ms] [LOG] [HomeWorkout:Trio] Domain 'push' resolved to L1 (Source: Domains) @ webpack-internal:///(app-pages-browser)/./src/features/workout-engine/services/level-resolution.utils.ts:120
[  252551ms] [LOG] [HomeWorkout:Trio] Skipping master program "fTLWzjP9gH2VNpamyCZF" (display-only) @ webpack-internal:///(app-pages-browser)/./src/features/workout-engine/services/level-resolution.utils.ts:99
[  252551ms] [LOG] [HomeWorkout:Trio] Skipping master program "H2279XsRGDg9G370J7S9" (display-only) @ webpack-internal:///(app-pages-browser)/./src/features/workout-engine/services/level-resolution.utils.ts:99
[  252551ms] [LOG] [HomeWorkout:Trio] Domain 'core' resolved to L1 (Source: Domains) @ webpack-internal:///(app-pages-browser)/./src/features/workout-engine/services/level-resolution.utils.ts:120
[  252551ms] [LOG] [HomeWorkout:Trio] Domain 'full_body' resolved to L1 (Source: Domains) @ webpack-internal:///(app-pages-browser)/./src/features/workout-engine/services/level-resolution.utils.ts:120
[  252551ms] [LOG] [HomeWorkout:Trio] Skipping master program "47smw26hUyG5ZbE1bhr3" (display-only) @ webpack-internal:///(app-pages-browser)/./src/features/workout-engine/services/level-resolution.utils.ts:99
[  252551ms] [LOG] [HomeWorkout:Trio] Domain 'muscle_up' resolved to L1 (Source: Domains) @ webpack-internal:///(app-pages-browser)/./src/features/workout-engine/services/level-resolution.utils.ts:120
[  252551ms] [LOG] [HomeWorkout:Trio] Domain 'pull' resolved to L1 (Source: Domains) @ webpack-internal:///(app-pages-browser)/./src/features/workout-engine/services/level-resolution.utils.ts:120
[  252551ms] [LOG] [HomeWorkout:Trio] Domain 'upper_body' resolved to L1 (Source: Domains) @ webpack-internal:///(app-pages-browser)/./src/features/workout-engine/services/level-resolution.utils.ts:120
[  252551ms] [LOG] [HomeWorkout:Trio] Domain 'legs' resolved to L1 (Source: Domains) @ webpack-internal:///(app-pages-browser)/./src/features/workout-engine/services/level-resolution.utils.ts:120
[  252551ms] [LOG] [HomeWorkout:Trio] Domain 'front_lever' — no assessed level, left ABSENT (no invention) @ webpack-internal:///(app-pages-browser)/./src/features/workout-engine/services/level-resolution.utils.ts:107
[  252551ms] [LOG] [HomeWorkout:Trio] Domain 'calisthenics_upper' — no assessed level, left ABSENT (no invention) @ webpack-internal:///(app-pages-browser)/./src/features/workout-engine/services/level-resolution.utils.ts:107
[  252551ms] [LOG] [HomeWorkout:Trio] Domain 'one_arm_pullup' — no assessed level, left ABSENT (no invention) @ webpack-internal:///(app-pages-browser)/./src/features/workout-engine/services/level-resolution.utils.ts:107
[  252551ms] [LOG] [HomeWorkout:Trio] Domain 'handstand_pushup' — no assessed level, left ABSENT (no invention) @ webpack-internal:///(app-pages-browser)/./src/features/workout-engine/services/level-resolution.utils.ts:107
[  252551ms] [LOG] [HomeWorkout:Trio] Domain 'handstand' — no assessed level, left ABSENT (no invention) @ webpack-internal:///(app-pages-browser)/./src/features/workout-engine/services/level-resolution.utils.ts:107
[  252551ms] [LOG] [HomeWorkout:Trio] Domain 'human_flag' — no assessed level, left ABSENT (no invention) @ webpack-internal:///(app-pages-browser)/./src/features/workout-engine/services/level-resolution.utils.ts:107
[  252551ms] [LOG] [HomeWorkout:Trio] Domain 'planche' — no assessed level, left ABSENT (no invention) @ webpack-internal:///(app-pages-browser)/./src/features/workout-engine/services/level-resolution.utils.ts:107
[  252551ms] [LOG] [HomeWorkout:Trio] [MasterDerive] "H2279XsRGDg9G370J7S9" → L1 (avg of [1,1,1] = 1, cap=15) @ webpack-internal:///(app-pages-browser)/./src/features/workout-engine/services/level-resolution.utils.ts:205
[  252551ms] [LOG] [HomeWorkout:Trio] [MasterDerive] "fTLWzjP9gH2VNpamyCZF" → L1 (avg of [1,1,1] = 1, cap=15) @ webpack-internal:///(app-pages-browser)/./src/features/workout-engine/services/level-resolution.utils.ts:205
[  252551ms] [LOG] [HomeWorkout:Trio] [MasterDerive] "47smw26hUyG5ZbE1bhr3" → L1 (avg of [1,1,1] = 1, cap=15) @ webpack-internal:///(app-pages-browser)/./src/features/workout-engine/services/level-resolution.utils.ts:205
[  252551ms] [LOG] [HomeWorkout:Trio] [MasterDerive] "JCac76p48XGZ5MVahLI2" → L1 (avg of [1,1,1] = 1, cap=15) @ webpack-internal:///(app-pages-browser)/./src/features/workout-engine/services/level-resolution.utils.ts:205
[  252554ms] [LOG] [HomeWorkout] Empty equipment profile for location "park" — defaulting to bodyweight @ webpack-internal:///(app-pages-browser)/./src/features/workout-engine/services/user-profile.utils.ts:130
[  252554ms] [WARNING] [InputSanitizer] ⚠️ No park inventory resolved — ESSENTIAL_PARK_GEAR fallback active @ webpack-internal:///(app-pages-browser)/./src/features/workout-engine/core/middleware/InputSanitizerMiddleware.ts:111
[  252554ms] [LOG] [buildIdToSlugMap] Built 14 entries: [EtY8YCol…→human_flag, J0fLpmJh…→push, H2279XsR…→full_body, kDMpobbK…→core, UPDBtTdC…→pull, cC0BOmm6…→one_arm_pullup, fTLWzjP9…→muscle_up, IOfBZFeo…→handstand, pCI5NHXp…→planche, 47smw26h…→upper_body, OrAmOH3F…→legs, mFcuYlNg…→front_lever, JCac76p4…→calisthenics_upper, PAxprHuT…→handstand_pushup] @ webpack-internal:///(app-pages-browser)/./src/features/workout-engine/services/program-hierarchy.utils.ts:121
[  252554ms] [LOG] [buildIdToSlugMap] Built 14 entries: [EtY8YCol…→human_flag, J0fLpmJh…→push, H2279XsR…→full_body, kDMpobbK…→core, UPDBtTdC…→pull, cC0BOmm6…→one_arm_pullup, fTLWzjP9…→muscle_up, IOfBZFeo…→handstand, pCI5NHXp…→planche, 47smw26h…→upper_body, OrAmOH3F…→legs, mFcuYlNg…→front_lever, JCac76p4…→calisthenics_upper, PAxprHuT…→handstand_pushup] @ webpack-internal:///(app-pages-browser)/./src/features/workout-engine/services/program-hierarchy.utils.ts:121
[  252554ms] [LOG] [buildIdToSlugMap] Built 14 entries: [EtY8YCol…→human_flag, J0fLpmJh…→push, H2279XsR…→full_body, kDMpobbK…→core, UPDBtTdC…→pull, cC0BOmm6…→one_arm_pullup, fTLWzjP9…→muscle_up, IOfBZFeo…→handstand, pCI5NHXp…→planche, 47smw26h…→upper_body, OrAmOH3F…→legs, mFcuYlNg…→front_lever, JCac76p4…→calisthenics_upper, PAxprHuT…→handstand_pushup] @ webpack-internal:///(app-pages-browser)/./src/features/workout-engine/services/program-hierarchy.utils.ts:121
[  252554ms] [LOG] [buildIdToSlugMap] Built 14 entries: [EtY8YCol…→human_flag, J0fLpmJh…→push, H2279XsR…→full_body, kDMpobbK…→core, UPDBtTdC…→pull, cC0BOmm6…→one_arm_pullup, fTLWzjP9…→muscle_up, IOfBZFeo…→handstand, pCI5NHXp…→planche, 47smw26h…→upper_body, OrAmOH3F…→legs, mFcuYlNg…→front_lever, JCac76p4…→calisthenics_upper, PAxprHuT…→handstand_pushup] @ webpack-internal:///(app-pages-browser)/./src/features/workout-engine/services/program-hierarchy.utils.ts:121
[  252554ms] [LOG] [buildIdToSlugMap] Built 14 entries: [EtY8YCol…→human_flag, J0fLpmJh…→push, H2279XsR…→full_body, kDMpobbK…→core, UPDBtTdC…→pull, cC0BOmm6…→one_arm_pullup, fTLWzjP9…→muscle_up, IOfBZFeo…→handstand, pCI5NHXp…→planche, 47smw26h…→upper_body, OrAmOH3F…→legs, mFcuYlNg…→front_lever, JCac76p4…→calisthenics_upper, PAxprHuT…→handstand_pushup] @ webpack-internal:///(app-pages-browser)/./src/features/workout-engine/services/program-hierarchy.utils.ts:121
[  252554ms] [LOG] [DomainBudget] activeProgramId="full_body" slug="full_body" resolvedChildDomains=[push, pull, legs, core] isFullBodyMaster=true isCalisthenicsUpperMaster=false isUpperBodyMaster=false @ webpack-internal:///(app-pages-browser)/./src/features/workout-engine/services/home-workout.service.ts:1670
[  252554ms] [LOG] [LeadProgram] push: resolved L1 via pattern(push) @ webpack-internal:///(app-pages-browser)/./src/features/workout-engine/services/lead-program.service.ts:264
[  252555ms] [LOG] [WorkoutTrio] No app_config/workout_trio doc → using pre-seeded Hebrew labels @ webpack-internal:///(app-pages-browser)/./src/features/workout-engine/services/trio-labels.service.ts:53
[  252556ms] [LOG] [WorkoutTrio] Rest-day fast path: 3 options from pool of 7 (targeted query, full pipeline skipped) @ webpack-internal:///(app-pages-browser)/./src/features/workout-engine/services/home-workout.service.ts:469
[  252556ms] [LOG] [home] scoreBreakdown "recovery-follow-up" (score=0): {goalMatch: 0, gapFilling: 0, stepDeficit: 0, preferenceMatch: 0, recoveryMatch: 0} @ webpack-internal:///(app-pages-browser)/./src/app/home/page.tsx:1437
[  252665ms] [LOG] [ActivityStore] No Firestore data, created new day @ webpack-internal:///(app-pages-browser)/./src/features/activity/store/useActivityStore.ts:675
[  252665ms] [LOG] [ActivityStore] No Firestore data, created new day @ webpack-internal:///(app-pages-browser)/./src/features/activity/store/useActivityStore.ts:675
[  252665ms] [LOG] [ActivityStore] No Firestore data, created new day @ webpack-internal:///(app-pages-browser)/./src/features/activity/store/useActivityStore.ts:675
[  252815ms] [LOG] [LeadProgram] pull: resolved L1 via pattern(pull) @ webpack-internal:///(app-pages-browser)/./src/features/workout-engine/services/lead-program.service.ts:264
[  252815ms] [LOG] [ActivityStore] Loaded from Firestore - Streak: 0 @ webpack-internal:///(app-pages-browser)/./src/features/activity/store/useActivityStore.ts:808
[  252819ms] [LOG] [ActivityStore] Loaded from Firestore - Streak: 0 @ webpack-internal:///(app-pages-browser)/./src/features/activity/store/useActivityStore.ts:808
[  252823ms] [LOG] [ActivityStore] Loaded from Firestore - Streak: 0 @ webpack-internal:///(app-pages-browser)/./src/features/activity/store/useActivityStore.ts:808
[  252877ms] [LOG] [HomeContext] Domain 'push' resolved to L1 (Source: Domains) @ webpack-internal:///(app-pages-browser)/./src/features/workout-engine/services/level-resolution.utils.ts:120
[  252877ms] [LOG] [HomeContext] Domain 'fTLWzjP9gH2VNpamyCZF' → slug 'muscle_up' dual-keyed at L1 (Source: Domains) @ webpack-internal:///(app-pages-browser)/./src/features/workout-engine/services/level-resolution.utils.ts:118
[  252877ms] [LOG] [HomeContext] Domain 'H2279XsRGDg9G370J7S9' → slug 'full_body' dual-keyed at L1 (Source: Domains) @ webpack-internal:///(app-pages-browser)/./src/features/workout-engine/services/level-resolution.utils.ts:118
[  252877ms] [LOG] [HomeContext] Domain 'core' resolved to L1 (Source: Domains) @ webpack-internal:///(app-pages-browser)/./src/features/workout-engine/services/level-resolution.utils.ts:120
[  252877ms] [LOG] [HomeContext] Domain 'full_body' resolved to L1 (Source: Domains) @ webpack-internal:///(app-pages-browser)/./src/features/workout-engine/services/level-resolution.utils.ts:120
[  252877ms] [LOG] [HomeContext] Domain '47smw26hUyG5ZbE1bhr3' → slug 'upper_body' dual-keyed at L1 (Source: Domains) @ webpack-internal:///(app-pages-browser)/./src/features/workout-engine/services/level-resolution.utils.ts:118
[  252877ms] [LOG] [HomeContext] Domain 'muscle_up' resolved to L1 (Source: Domains) @ webpack-internal:///(app-pages-browser)/./src/features/workout-engine/services/level-resolution.utils.ts:120
[  252877ms] [LOG] [HomeContext] Domain 'pull' resolved to L1 (Source: Domains) @ webpack-internal:///(app-pages-browser)/./src/features/workout-engine/services/level-resolution.utils.ts:120
[  252877ms] [LOG] [HomeContext] Domain 'upper_body' resolved to L1 (Source: Domains) @ webpack-internal:///(app-pages-browser)/./src/features/workout-engine/services/level-resolution.utils.ts:120
[  252877ms] [LOG] [HomeContext] Domain 'legs' resolved to L1 (Source: Domains) @ webpack-internal:///(app-pages-browser)/./src/features/workout-engine/services/level-resolution.utils.ts:120
[  252877ms] [LOG] [HomeContext] Domain 'front_lever' — no assessed level, left ABSENT (no invention) @ webpack-internal:///(app-pages-browser)/./src/features/workout-engine/services/level-resolution.utils.ts:107
[  252877ms] [LOG] [HomeContext] Domain 'calisthenics_upper' — no assessed level, left ABSENT (no invention) @ webpack-internal:///(app-pages-browser)/./src/features/workout-engine/services/level-resolution.utils.ts:107
[  252877ms] [LOG] [HomeContext] Domain 'one_arm_pullup' — no assessed level, left ABSENT (no invention) @ webpack-internal:///(app-pages-browser)/./src/features/workout-engine/services/level-resolution.utils.ts:107
[  252878ms] [LOG] [HomeContext] Domain 'handstand_pushup' — no assessed level, left ABSENT (no invention) @ webpack-internal:///(app-pages-browser)/./src/features/workout-engine/services/level-resolution.utils.ts:107
[  252878ms] [LOG] [HomeContext] Domain 'handstand' — no assessed level, left ABSENT (no invention) @ webpack-internal:///(app-pages-browser)/./src/features/workout-engine/services/level-resolution.utils.ts:107
[  252878ms] [LOG] [HomeContext] Domain 'human_flag' — no assessed level, left ABSENT (no invention) @ webpack-internal:///(app-pages-browser)/./src/features/workout-engine/services/level-resolution.utils.ts:107
[  252878ms] [LOG] [HomeContext] Domain 'planche' — no assessed level, left ABSENT (no invention) @ webpack-internal:///(app-pages-browser)/./src/features/workout-engine/services/level-resolution.utils.ts:107
[  253031ms] [LOG] [LeadProgram] legs: resolved L1 via pattern(legs) @ webpack-internal:///(app-pages-browser)/./src/features/workout-engine/services/lead-program.service.ts:264
[  253031ms] [LOG] [Progression] calisthenics_upper averaging: Tier 3 (foundational exclusion only — skillFocusIds absent) @ webpack-internal:///(app-pages-browser)/./src/features/user/progression/services/progression.service.ts:505
[  253031ms] [WARNING] [Progression] getMasterProgramProgress: empty filter for master "calisthenics_upper" (id: "JCac76p48XGZ5MVahLI2") — 3 configured children [core, push, pull] were ALL rejected by the averaging filter. skillFocusIds: [none]. Aborting recalculation to prevent level wipeout (routingEmptySkip=true). @ webpack-internal:///(app-pages-browser)/./src/features/user/progression/services/progression.service.ts:538
[  253031ms] [WARNING] [Progression] recalculateMasterLevel: ABORTED write for master "JCac76p48XGZ5MVahLI2" (slug: "calisthenics_upper") — routingEmptySkip flag set by getMasterProgramProgress. Existing level 0 preserved. Check slug map coverage for skill program hashes in subPrograms[]. @ webpack-internal:///(app-pages-browser)/./src/features/user/progression/services/progression.service.ts:597
[  253248ms] [LOG] [LeadProgram] core: resolved L1 via pattern(core) @ webpack-internal:///(app-pages-browser)/./src/features/workout-engine/services/lead-program.service.ts:264
[  253589ms] [LOG] [DomainBudget] resolvedDomainBudgets set: [push=L1, pull=L1, legs=L1, core=L1] @ webpack-internal:///(app-pages-browser)/./src/features/workout-engine/services/home-workout.service.ts:1678
[  253592ms] [LOG] activeProgramId: full_body @ webpack-internal:///(app-pages-browser)/./src/features/workout-engine/services/split-decision/SplitDecisionService.ts:407
[  253592ms] [LOG] progression.tracks: {push: Object, fTLWzjP9gH2VNpamyCZF: Object, H2279XsRGDg9G370J7S9: Object, core: Object, full_body: Object} @ webpack-internal:///(app-pages-browser)/./src/features/workout-engine/services/split-decision/SplitDecisionService.ts:409
[  253592ms] [LOG] progression.domains: {pull: Object, muscle_up: Object, fTLWzjP9gH2VNpamyCZF: Object, front_lever: Object, calisthenics_upper: Object} @ webpack-internal:///(app-pages-browser)/./src/features/workout-engine/services/split-decision/SplitDecisionService.ts:411
[  253592ms] [LOG] progression.activePrograms: [Object] @ webpack-internal:///(app-pages-browser)/./src/features/workout-engine/services/split-decision/SplitDecisionService.ts:413
[  253592ms] [LOG] progression.skillFocusIds: (none) @ webpack-internal:///(app-pages-browser)/./src/features/workout-engine/services/split-decision/SplitDecisionService.ts:415
[  253592ms] [LOG] progression.masterProgramSubLevels: (none) @ webpack-internal:///(app-pages-browser)/./src/features/workout-engine/services/split-decision/SplitDecisionService.ts:417
[  253592ms] [LOG] Derived userLevel (base): 1 @ webpack-internal:///(app-pages-browser)/./src/features/workout-engine/services/split-decision/SplitDecisionService.ts:418
[  253592ms] [LOG] scheduleDays count: 2 @ webpack-internal:///(app-pages-browser)/./src/features/workout-engine/services/split-decision/SplitDecisionService.ts:419
[  253592ms] [LOG] Source: Admin Panel (ProgramLevelSettings) per domain @ webpack-internal:///(app-pages-browser)/./src/features/workout-engine/services/split-decision/SplitDecisionService.ts:444
[  253592ms] [LOG] Schedule Days: 2 @ webpack-internal:///(app-pages-browser)/./src/features/workout-engine/services/split-decision/SplitDecisionService.ts:445
[  253592ms] [LOG]   push (L1): 10/2=4 @ webpack-internal:///(app-pages-browser)/./src/features/workout-engine/services/split-decision/SplitDecisionService.ts:447
[  253592ms] [LOG]   pull (L1): 10/2=4 @ webpack-internal:///(app-pages-browser)/./src/features/workout-engine/services/split-decision/SplitDecisionService.ts:447
[  253592ms] [LOG]   legs (L1): 10/2=4 @ webpack-internal:///(app-pages-browser)/./src/features/workout-engine/services/split-decision/SplitDecisionService.ts:447
[  253592ms] [LOG]   core (L1): 8/2=3 @ webpack-internal:///(app-pages-browser)/./src/features/workout-engine/services/split-decision/SplitDecisionService.ts:447
[  253592ms] [LOG] Total Daily Budget = 15 sets @ webpack-internal:///(app-pages-browser)/./src/features/workout-engine/services/split-decision/SplitDecisionService.ts:449
[  253593ms] [LOG] [SplitDecision] P1/P2 sort (gender=default/male): [push, pull, legs, core] @ webpack-internal:///(app-pages-browser)/./src/features/workout-engine/services/split-decision/SplitDecisionService.ts:296
[  253593ms] [LOG] [Periodization] Cycle clock: startDate=2026-09-15 daysSinceStart=0 → Week 1/5 @ webpack-internal:///(app-pages-browser)/./src/features/workout-engine/services/periodization.service.ts:86
[  253593ms] [LOG]   Inputs:        cycleWeek=1, gapDays=0 @ webpack-internal:///(app-pages-browser)/./src/features/workout-engine/services/periodization.service.ts:225
[  253593ms] [LOG]   Volume mult:   x1 @ webpack-internal:///(app-pages-browser)/./src/features/workout-engine/services/periodization.service.ts:226
[  253593ms] [LOG]   Δ override:    none @ webpack-internal:///(app-pages-browser)/./src/features/workout-engine/services/periodization.service.ts:228
[  253593ms] [LOG]   Protocol mult: x1 @ webpack-internal:///(app-pages-browser)/./src/features/workout-engine/services/periodization.service.ts:229
[  253593ms] [LOG]   SA cap:        none @ webpack-internal:///(app-pages-browser)/./src/features/workout-engine/services/periodization.service.ts:231
[  253593ms] [LOG]   Detraining:    false @ webpack-internal:///(app-pages-browser)/./src/features/workout-engine/services/periodization.service.ts:232
[  253593ms] [LOG]   Default focus: Normal(1) @ webpack-internal:///(app-pages-browser)/./src/features/workout-engine/services/periodization.service.ts:233
[  253593ms] [LOG]   Restart cycle: false @ webpack-internal:///(app-pages-browser)/./src/features/workout-engine/services/periodization.service.ts:238
[  253594ms] [LOG] [SkillPriority] wired: resolvedChildDomains=[push, pull, legs, core] → priority={push:1, pull:2, legs:3, core:4} @ webpack-internal:///(app-pages-browser)/./src/features/workout-engine/services/home-workout.service.ts:1938
[  253598ms] [WARNING] [ShadowLevel] UNMAPPED targetPrograms for "דגל פלאנק צידי": [EtY8YCol0qpF6DzgcTx1→human_flag]. Falling through to movementGroup resolution (Step 5). @ webpack-internal:///(app-pages-browser)/./src/features/workout-engine/services/shadow-level.utils.ts:423
[  253598ms] [LOG] [ShadowLevel] DOMAIN (default): "דגל פלאנק צידי" → level=1 (movementGroup=undefined, muscle=shoulders) @ webpack-internal:///(app-pages-browser)/./src/features/workout-engine/services/shadow-level.utils.ts:428
[  253599ms] [WARNING] [ParkGating] "חתירות ב-75°" — 3 park method(s) all gated → exercise excluded Required gear not in park inventory: [Object, Object, Object] Available: [bodyweight, pullup_bar, dip_station, bench, low_bar, high_bar, step, park_bench, park_step] @ webpack-internal:///(app-pages-browser)/./src/features/workout-engine/shared/utils/method-selection.utils.ts:136
[  253599ms] [WARNING] [ParkGating] "כפיפת ברך כנגד גומייה" — 1 park method(s) all gated → exercise excluded Required gear not in park inventory: [Object] Available: [bodyweight, pullup_bar, dip_station, bench, low_bar, high_bar, step, park_bench, park_step] @ webpack-internal:///(app-pages-browser)/./src/features/workout-engine/shared/utils/method-selection.utils.ts:136
[  253599ms] [WARNING] [ParkGating] "חתירות באחיזה עמוקה" — 1 park method(s) all gated → exercise excluded Required gear not in park inventory: [Object] Available: [bodyweight, pullup_bar, dip_station, bench, low_bar, high_bar, step, park_bench, park_step] @ webpack-internal:///(app-pages-browser)/./src/features/workout-engine/shared/utils/method-selection.utils.ts:136
[  253600ms] [WARNING] [ParkGating] "חתירות ב-15° עם ברכיים כפופות" — 3 park method(s) all gated → exercise excluded Required gear not in park inventory: [Object, Object, Object] Available: [bodyweight, pullup_bar, dip_station, bench, low_bar, high_bar, step, park_bench, park_step] @ webpack-internal:///(app-pages-browser)/./src/features/workout-engine/shared/utils/method-selection.utils.ts:136
[  253600ms] [WARNING] [ParkGating] "סקוואט כנגד גומייה" — 1 park method(s) all gated → exercise excluded Required gear not in park inventory: [Object] Available: [bodyweight, pullup_bar, dip_station, bench, low_bar, high_bar, step, park_bench, park_step] @ webpack-internal:///(app-pages-browser)/./src/features/workout-engine/shared/utils/method-selection.utils.ts:136
[  253600ms] [LOG] [ShadowLevel] TARGET PROGRAM: "בננה סופרמן על המתח" → program="fTLWzjP9gH2VNpamyCZF" (slug="muscle_up") userLevel=1 (adminTag=1) (movementGroup=isolation, muscle=shoulders) @ webpack-internal:///(app-pages-browser)/./src/features/workout-engine/services/shadow-level.utils.ts:414
[  253600ms] [WARNING] [ParkGating] "דדליפט רומני בהתנגדות גומייה" — 1 park method(s) all gated → exercise excluded Required gear not in park inventory: [Object] Available: [bodyweight, pullup_bar, dip_station, bench, low_bar, high_bar, step, park_bench, park_step] @ webpack-internal:///(app-pages-browser)/./src/features/workout-engine/shared/utils/method-selection.utils.ts:136
[  253600ms] [WARNING] [ParkGating] "דדליפט רומני על הגבהה" — 2 park method(s) all gated → exercise excluded Required gear not in park inventory: [Object, Object] Available: [bodyweight, pullup_bar, dip_station, bench, low_bar, high_bar, step, park_bench, park_step] @ webpack-internal:///(app-pages-browser)/./src/features/workout-engine/shared/utils/method-selection.utils.ts:136
[  253600ms] [WARNING] [ShadowLevel] UNMAPPED targetPrograms for "דגל נמוך": [EtY8YCol0qpF6DzgcTx1→human_flag]. Falling through to movementGroup resolution (Step 5). @ webpack-internal:///(app-pages-browser)/./src/features/workout-engine/services/shadow-level.utils.ts:423
[  253600ms] [LOG] [ShadowLevel] DOMAIN (default): "דגל נמוך" → level=1 (movementGroup=undefined, muscle=shoulders) @ webpack-internal:///(app-pages-browser)/./src/features/workout-engine/services/shadow-level.utils.ts:428
[  253600ms] [WARNING] [ParkGating] "תלייה באחיזה עמוקה" — 1 park method(s) all gated → exercise excluded Required gear not in park inventory: [Object] Available: [bodyweight, pullup_bar, dip_station, bench, low_bar, high_bar, step, park_bench, park_step] @ webpack-internal:///(app-pages-browser)/./src/features/workout-engine/shared/utils/method-selection.utils.ts:136
[  253600ms] [WARNING] [ShadowLevel] UNMAPPED targetPrograms for "דגל ב-45°": [EtY8YCol0qpF6DzgcTx1→human_flag]. Falling through to movementGroup resolution (Step 5). @ webpack-internal:///(app-pages-browser)/./src/features/workout-engine/services/shadow-level.utils.ts:423
[  253600ms] [LOG] [ShadowLevel] DOMAIN (default): "דגל ב-45°" → level=1 (movementGroup=undefined, muscle=shoulders) @ webpack-internal:///(app-pages-browser)/./src/features/workout-engine/services/shadow-level.utils.ts:428
[  253600ms] [WARNING] [ParkGating] "דגל ב-45°" — 1 park method(s) all gated → exercise excluded Required gear not in park inventory: [Object] Available: [bodyweight, pullup_bar, dip_station, bench, low_bar, high_bar, step, park_bench, park_step] @ webpack-internal:///(app-pages-browser)/./src/features/workout-engine/shared/utils/method-selection.utils.ts:136
[  253600ms] [WARNING] [ParkGating] "סקוואט בעזרת רצועות" — 1 park method(s) all gated → exercise excluded Required gear not in park inventory: [Object] Available: [bodyweight, pullup_bar, dip_station, bench, low_bar, high_bar, step, park_bench, park_step] @ webpack-internal:///(app-pages-browser)/./src/features/workout-engine/shared/utils/method-selection.utils.ts:136
[  253600ms] [WARNING] [ParkGating] "עליית מדרגה גובה קרסול" — 1 park method(s) all gated → exercise excluded Required gear not in park inventory: [Object] Available: [bodyweight, pullup_bar, dip_station, bench, low_bar, high_bar, step, park_bench, park_step] @ webpack-internal:///(app-pages-browser)/./src/features/workout-engine/shared/utils/method-selection.utils.ts:136
[  253601ms] [WARNING] [ShadowLevel] UNMAPPED targetPrograms for "דגל פלאנק צידי": [EtY8YCol0qpF6DzgcTx1→human_flag]. Falling through to movementGroup resolution (Step 5). @ webpack-internal:///(app-pages-browser)/./src/features/workout-engine/services/shadow-level.utils.ts:423
[  253601ms] [LOG] [ShadowLevel] DOMAIN (default): "דגל פלאנק צידי" → level=1 (movementGroup=undefined, muscle=shoulders) @ webpack-internal:///(app-pages-browser)/./src/features/workout-engine/services/shadow-level.utils.ts:428
[  253601ms] [LOG] [ShadowLevel] TARGET PROGRAM: "בננה סופרמן על המתח" → program="fTLWzjP9gH2VNpamyCZF" (slug="muscle_up") userLevel=1 (adminTag=1) (movementGroup=isolation, muscle=shoulders) @ webpack-internal:///(app-pages-browser)/./src/features/workout-engine/services/shadow-level.utils.ts:414
[  253601ms] [WARNING] [ShadowLevel] UNMAPPED targetPrograms for "דגל נמוך": [EtY8YCol0qpF6DzgcTx1→human_flag]. Falling through to movementGroup resolution (Step 5). @ webpack-internal:///(app-pages-browser)/./src/features/workout-engine/services/shadow-level.utils.ts:423
[  253601ms] [LOG] [ShadowLevel] DOMAIN (default): "דגל נמוך" → level=1 (movementGroup=undefined, muscle=shoulders) @ webpack-internal:///(app-pages-browser)/./src/features/workout-engine/services/shadow-level.utils.ts:428
[  253601ms] [WARNING] [PoolFactory] ⚠️ profileStale: all userProgramLevels are L≤1 — onboarding background sync (recalculateAncestorMasters) may still be in flight. Proceeding with L1 defaults; workout will regenerate on next mount. @ webpack-internal:///(app-pages-browser)/./src/features/workout-engine/core/pipeline/PoolFactory.ts:88
[  253601ms] [LOG] [WorkoutTrio] Shared pipeline: 64 scored exercises (39 excluded), 370 total in DB @ webpack-internal:///(app-pages-browser)/./src/features/workout-engine/services/home-workout.service.ts:2130
[  253601ms] [LOG] [WorkoutTrio] Filter breakdown — program_filter: 2, level_tolerance: 26, skill_gate: 0, location: 11, injury: 0, passed: 64 @ webpack-internal:///(app-pages-browser)/./src/features/workout-engine/services/home-workout.service.ts:2133
[  253601ms] [LOG] ✅ [OnboardingSync] Background master program levels recalculated. @ webpack-internal:///(app-pages-browser)/./src/features/user/onboarding/services/onboarding-sync.service.ts:1897
[  254701ms] [LOG] [WorkoutTrio] Settings resolved → protocols: ⚠️  none (straight sets — check Firestore doc) | goals: 1 exercises from push@L1 | tabata: off @ webpack-internal:///(app-pages-browser)/./src/features/workout-engine/services/home-workout.service.ts:2285
[  254993ms] [LOG] [ExerciseHistory] Loaded history for 0/64 exercises (3 chunked 'in' queries) @ webpack-internal:///(app-pages-browser)/./src/features/workout-engine/services/exercise-history.service.ts:150
[  254993ms] [LOG] [WorkoutTrio] Exercise history loaded: 0/64 exercises have prior session data (David Staircase floor active). @ webpack-internal:///(app-pages-browser)/./src/features/workout-engine/services/home-workout.service.ts:2309
[  254993ms] [LOG] [WorkoutTrio] Protocol probability passed to generator: 0.00 (base=0, multiplier=1, week=1) @ webpack-internal:///(app-pages-browser)/./src/features/workout-engine/services/home-workout.service.ts:2351
[  255231ms] [LOG] [WorkoutTrio] No app_config/workout_trio doc → using pre-seeded Hebrew labels @ webpack-internal:///(app-pages-browser)/./src/features/workout-engine/services/trio-labels.service.ts:53
[  255231ms] [LOG] [WorkoutTrio] Labels (fallback): [מאוזן, עצים ומהיר, אימון פארק קליל] @ webpack-internal:///(app-pages-browser)/./src/features/workout-engine/services/home-workout.service.ts:970
[  255232ms] [LOG] [WorkoutTrio] Bolt2: honouring requested 30min (ceiling 45min, explicit=false) @ webpack-internal:///(app-pages-browser)/./src/features/workout-engine/services/home-workout.service.ts:1048
[  255233ms] [LOG] [PipelineOrchestrator] Pool OK: 64 survivors at location=park (gear=9) → normal generation (sparse contexts degrade to bodyweight, not recovery). @ webpack-internal:///(app-pages-browser)/./src/features/workout-engine/core/pipeline/PipelineOrchestrator.ts:130
[  255233ms] [LOG] [PipelineOrchestrator] 🔓 Master-program bypass (full_body): skipping single-domain tolerance gate — ContextualEngine shared pass already scoped pool to all child domains. Pool size preserved: 64 exercises. @ webpack-internal:///(app-pages-browser)/./src/features/workout-engine/core/pipeline/PipelineOrchestrator.ts:233
[  255233ms] [WARNING] [PipelineOrchestrator] ⚠️ profileStale: userProgramLevels all ≤ L1 — onboarding background sync may still be in flight. Generation proceeds with L1 defaults. @ webpack-internal:///(app-pages-browser)/./src/features/workout-engine/core/pipeline/PipelineOrchestrator.ts:239
[  255238ms] [LOG] [InputSanitizer:Periodization] Phase=BUILD(W1) effectiveDifficulty=2 @ webpack-internal:///(app-pages-browser)/./src/features/workout-engine/core/middleware/InputSanitizerMiddleware.ts:543
[  255238ms] [LOG]   push L1: 4 sets/day (10/week) @ webpack-internal:///(app-pages-browser)/./src/features/workout-engine/logic/WorkoutGenerator.ts:456
[  255238ms] [LOG]   pull L1: 4 sets/day (10/week) @ webpack-internal:///(app-pages-browser)/./src/features/workout-engine/logic/WorkoutGenerator.ts:456
[  255238ms] [LOG]   legs L1: 4 sets/day (10/week) @ webpack-internal:///(app-pages-browser)/./src/features/workout-engine/logic/WorkoutGenerator.ts:456
[  255238ms] [LOG]   core L1: 3 sets/day (8/week) @ webpack-internal:///(app-pages-browser)/./src/features/workout-engine/logic/WorkoutGenerator.ts:456
[  255240ms] [LOG] Foundation Buffer: 22 exercises boosted (+30) — Pull-ups/Dips/Push-ups/Rows prioritised @ webpack-internal:///(app-pages-browser)/./src/features/workout-engine/logic/WorkoutGenerator.ts:1521
[  255240ms] [LOG] Vertical Preference: 2 exercises boosted (diminishing: 15/8) @ webpack-internal:///(app-pages-browser)/./src/features/workout-engine/logic/WorkoutGenerator.ts:1523
[  255240ms] [LOG] Naked Strength: 33 bodyweight exercises boosted (+8) @ webpack-internal:///(app-pages-browser)/./src/features/workout-engine/logic/WorkoutGenerator.ts:1524
[  255240ms] [LOG] Equipment Synergy: "pullup_bar" dominant → 9 exercises boosted (+8) @ webpack-internal:///(app-pages-browser)/./src/features/workout-engine/logic/WorkoutGenerator.ts:1526
[  255240ms] [LOG] Modality Match: "none" dominant → 39 exercises boosted (+10) @ webpack-internal:///(app-pages-browser)/./src/features/workout-engine/logic/WorkoutGenerator.ts:1527
[  255243ms] [LOG] [LevelSync] DifficultyFilter: globalLevel=L1, domainLevels={push:L1, pull:L1, legs:L1, core:L1, full_body:L1, muscle_up:L1, upper_body:L1} @ webpack-internal:///(app-pages-browser)/./src/features/workout-engine/logic/workout-selection.utils.ts:545
[  255243ms] [WARNING] [LevelSync] applyDifficultyFilter: 2 exercise-level resolution(s) had no assessed domain level — used explicit L1 floor, NOT globalLevel(L1) @ webpack-internal:///(app-pages-browser)/./src/features/workout-engine/logic/workout-selection.utils.ts:670
[  255243ms] [LOG] [Bolt2Cap] per-domain [push→L2, pull→L2, legs→L2, core→L2] (activeProgram=full_body): filtered out 35 above-ceiling exercise(s). Pool: 64 → 29 @ webpack-internal:///(app-pages-browser)/./src/features/workout-engine/logic/WorkoutGenerator.ts:561
[  255245ms] [LOG] [WorkoutGenerator] Domain quotas: push, pull, legs, core → 6 exercises @ webpack-internal:///(app-pages-browser)/./src/features/workout-engine/logic/workout-selection.utils.ts:1203
[  255245ms] [LOG] [MGDiversity] Displaced 2 same-group duplicates → backfilled 2 (pool had 29 candidates) @ webpack-internal:///(app-pages-browser)/./src/features/workout-engine/logic/WorkoutGenerator.ts:744
[  255251ms] [LOG] [assignVolume] Budget guard: pull budget=4 ÷ 2 exercises (budgetCap=1) → consolidated to 1 receiver(s) @ webpack-internal:///(app-pages-browser)/./src/features/workout-engine/logic/workout-budgeting.utils.ts:756
[  255251ms] [LOG] [assignVolume] Budget guard: core budget=3 ÷ 2 exercises (budgetCap=1) → consolidated to 1 receiver(s) @ webpack-internal:///(app-pages-browser)/./src/features/workout-engine/logic/workout-budgeting.utils.ts:756
[  255251ms] [LOG]   push L1: 4 sets ÷ 1 exercises = 4 sets/each @ webpack-internal:///(app-pages-browser)/./src/features/workout-engine/logic/workout-budgeting.utils.ts:769
[  255251ms] [LOG]   pull L1: 4 sets ÷ 1 exercises = 4 sets/each @ webpack-internal:///(app-pages-browser)/./src/features/workout-engine/logic/workout-budgeting.utils.ts:769
[  255251ms] [LOG]   legs L1: 4 sets ÷ 1 exercises = 4 sets/each @ webpack-internal:///(app-pages-browser)/./src/features/workout-engine/logic/workout-budgeting.utils.ts:769
[  255251ms] [LOG]   core L1: 3 sets ÷ 1 exercises = 3 sets/each @ webpack-internal:///(app-pages-browser)/./src/features/workout-engine/logic/workout-budgeting.utils.ts:769
[  255252ms] [LOG] [BudgetDistributor.balancedClusterCap] D2 balanced session — culled 2 exercise(s) → 4 clustered exercises (diverse=true, domains=4, longSession=false, availableTime=30). Sets: 4/3/4/4 @ webpack-internal:///(app-pages-browser)/./src/features/workout-engine/core/pipeline/BudgetDistributor.ts:638
[  255253ms] [LOG] [WorkoutGenerator][selectProtocol] difficulty=2 | adminProtocols=null | adminProbability=0 | periodizationWeek=1 @ webpack-internal:///(app-pages-browser)/./src/features/workout-engine/logic/WorkoutGenerator.ts:1580
[  255253ms] [LOG] [WorkoutGenerator][selectProtocol] No protocols configured — straight sets @ webpack-internal:///(app-pages-browser)/./src/features/workout-engine/logic/WorkoutGenerator.ts:1594
[  255255ms] [LOG] [findLevelSub] ✅ horizontal_push: picked "פשיטת מרפקים על הרצפה" L1 (gap=0, radius=±2, domain=push L1, D2) @ webpack-internal:///(app-pages-browser)/./src/features/workout-engine/core/pipeline/PoolFactory.ts:243
[  255255ms] [LOG] [HorizontalGuarantee] ✅ "פלאנק על הברכיים"(core) → "פשיטת מרפקים על הרצפה" (L1, domain=push L1, gap=0) [horizontal_push] @ webpack-internal:///(app-pages-browser)/./src/features/workout-engine/core/pipeline/GuaranteePassRunner.ts:321
[  255255ms] [LOG] [findLevelSub] ✅ horizontal_pull: picked "מתח אוסטרלי ב-60° מעלות" L1 (gap=0, radius=±2, domain=pull L1, D2) @ webpack-internal:///(app-pages-browser)/./src/features/workout-engine/core/pipeline/PoolFactory.ts:243
[  255255ms] [LOG] [HorizontalGuarantee] ✅ "נדנוד הכנה לעליית כוח"(vertical_pull) → "מתח אוסטרלי ב-60° מעלות" (L1, domain=pull L1, gap=0) [horizontal_pull] @ webpack-internal:///(app-pages-browser)/./src/features/workout-engine/core/pipeline/GuaranteePassRunner.ts:321
[  255256ms] [LOG] [VerticalFoundation] ⚠️ Could not guarantee vertical_pull foundation — no safe victim @ webpack-internal:///(app-pages-browser)/./src/features/workout-engine/core/pipeline/GuaranteePassRunner.ts:413
[  255256ms] [WARNING] [VerticalFoundation] ⚠️ No foundation candidate for vertical_push within ±6 of L1 @ webpack-internal:///(app-pages-browser)/./src/features/workout-engine/core/pipeline/GuaranteePassRunner.ts:395
[  255256ms] [LOG] ┌─────────────┬────────────┬────────────┬────────────┐
│  Section    │  Work      │  Rest      │  Subtotal  │
├─────────────┼────────────┼────────────┼────────────┤
│  Warmup     │ 0m 0s      │ 0m 0s      │ 0m 0s      │  ← 0s rest, 5s transitions, cap=6m
│  Main       │ 3m 0s      │ 31m 57s    │ 34m 57s    │  ← 31m rest = 91% of main block
│  Cooldown   │ 0m 0s      │ 0m 0s      │ 0m 0s      │
├─────────────┼────────────┼────────────┼────────────┤
│  TOTAL(raw) │             │             │ 34m 57s    │
└─────────────┴────────────┴────────────┴────────────┘ @ webpack-internal:///(app-pages-browser)/./src/features/workout-engine/logic/workout-budgeting.utils.ts:1338
[  255256ms] [LOG]   + Main transitions (3 × 30s): 90s @ webpack-internal:///(app-pages-browser)/./src/features/workout-engine/logic/workout-budgeting.utils.ts:1339
[  255256ms] [LOG]   = Final Duration: 36 min @ webpack-internal:///(app-pages-browser)/./src/features/workout-engine/logic/workout-budgeting.utils.ts:1340
[  255256ms] [TABLE] [Object, Object, Object, Object] @ webpack-internal:///(app-pages-browser)/./src/features/workout-engine/logic/workout-budgeting.utils.ts:1343
[  255257ms] [LOG] [CoreBlock] form=single @ webpack-internal:///(app-pages-browser)/./src/features/workout-engine/logic/WorkoutGenerator.ts:1168
[  255257ms] [LOG] ┌─────────────┬────────────┬────────────┬────────────┐
│  Section    │  Work      │  Rest      │  Subtotal  │
├─────────────┼────────────┼────────────┼────────────┤
│  Warmup     │ 0m 0s      │ 0m 0s      │ 0m 0s      │  ← 0s rest, 5s transitions, cap=6m
│  Main       │ 3m 0s      │ 31m 57s    │ 34m 57s    │  ← 31m rest = 91% of main block
│  Cooldown   │ 0m 0s      │ 0m 0s      │ 0m 0s      │
├─────────────┼────────────┼────────────┼────────────┤
│  TOTAL(raw) │             │             │ 34m 57s    │
└─────────────┴────────────┴────────────┴────────────┘ @ webpack-internal:///(app-pages-browser)/./src/features/workout-engine/logic/workout-budgeting.utils.ts:1338
[  255257ms] [LOG]   + Main transitions (3 × 30s): 90s @ webpack-internal:///(app-pages-browser)/./src/features/workout-engine/logic/workout-budgeting.utils.ts:1339
[  255257ms] [LOG]   = Final Duration: 36 min @ webpack-internal:///(app-pages-browser)/./src/features/workout-engine/logic/workout-budgeting.utils.ts:1340
[  255257ms] [TABLE] [Object, Object, Object, Object] @ webpack-internal:///(app-pages-browser)/./src/features/workout-engine/logic/workout-budgeting.utils.ts:1343
[  255257ms] [LOG] [WorkoutGenerator] Smart set cap: 12 sets (cap 12) @ webpack-internal:///(app-pages-browser)/./src/features/workout-engine/logic/workout-budgeting.utils.ts:1214
[  255257ms] [LOG] ┌─────────────┬────────────┬────────────┬────────────┐
│  Section    │  Work      │  Rest      │  Subtotal  │
├─────────────┼────────────┼────────────┼────────────┤
│  Warmup     │ 0m 0s      │ 0m 0s      │ 0m 0s      │  ← 0s rest, 5s transitions, cap=6m
│  Main       │ 3m 51s     │ 28m 16s    │ 31m 7s     │  ← 28m rest = 91% of main block
│  Cooldown   │ 0m 0s      │ 0m 0s      │ 0m 0s      │
├─────────────┼────────────┼────────────┼────────────┤
│  TOTAL(raw) │             │             │ 31m 7s     │
└─────────────┴────────────┴────────────┴────────────┘ @ webpack-internal:///(app-pages-browser)/./src/features/workout-engine/logic/workout-budgeting.utils.ts:1338
[  255257ms] [LOG]   + Main transitions (3 × 30s): 90s @ webpack-internal:///(app-pages-browser)/./src/features/workout-engine/logic/workout-budgeting.utils.ts:1339
[  255257ms] [LOG]   = Final Duration: 33 min @ webpack-internal:///(app-pages-browser)/./src/features/workout-engine/logic/workout-budgeting.utils.ts:1340
[  255257ms] [TABLE] [Object, Object, Object, Object] @ webpack-internal:///(app-pages-browser)/./src/features/workout-engine/logic/workout-budgeting.utils.ts:1343
[  255258ms] [LOG] [TimeVolumeFeedback] 1 compression pass(es): 36 min → 33 min (ceiling=30 min, tolerance=3 min) @ webpack-internal:///(app-pages-browser)/./src/features/workout-engine/logic/WorkoutGenerator.ts:1233
[  255258ms] [LOG] ┌─────────────┬────────────┬────────────┬────────────┐
│  Section    │  Work      │  Rest      │  Subtotal  │
├─────────────┼────────────┼────────────┼────────────┤
│  Warmup     │ 0m 0s      │ 0m 0s      │ 0m 0s      │  ← 0s rest, 5s transitions, cap=6m
│  Main       │ 3m 51s     │ 28m 16s    │ 31m 7s     │  ← 28m rest = 91% of main block
│  Cooldown   │ 0m 0s      │ 0m 0s      │ 0m 0s      │
├─────────────┼────────────┼────────────┼────────────┤
│  TOTAL(raw) │             │             │ 31m 7s     │
└─────────────┴────────────┴────────────┴────────────┘ @ webpack-internal:///(app-pages-browser)/./src/features/workout-engine/logic/workout-budgeting.utils.ts:1338
[  255258ms] [LOG]   + Main transitions (3 × 30s): 90s @ webpack-internal:///(app-pages-browser)/./src/features/workout-engine/logic/workout-budgeting.utils.ts:1339
[  255258ms] [LOG]   = Final Duration: 33 min @ webpack-internal:///(app-pages-browser)/./src/features/workout-engine/logic/workout-budgeting.utils.ts:1340
[  255258ms] [TABLE] [Object, Object, Object, Object] @ webpack-internal:///(app-pages-browser)/./src/features/workout-engine/logic/workout-budgeting.utils.ts:1343
[  255258ms] [LOG] [Engine] Pool: 103→101→64→29→6(raw)→6(diverse) | Selected: 4 | Budget: ?/15 remaining/daily | Difficulty: 2 | Sets: 12 @ webpack-internal:///(app-pages-browser)/./src/features/workout-engine/logic/WorkoutGenerator.ts:1264
[  255258ms] [LOG] [1] מתח אוסטרלי ב-60° מעלות | programLevel=1 [LevelResolution] נדנוד הכנה לעליית כוח → L2 via fallback | userDomainL=1 | Tier=match | Sets=4 Reps=6 Rest=144s | Video=YES @ webpack-internal:///(app-pages-browser)/./src/features/workout-engine/logic/WorkoutGenerator.ts:1275
[  255258ms] [LOG] [2] פשיטת מרפקים על הרצפה | programLevel=1 [LevelResolution] פלאנק על הברכיים → L1 via core | userDomainL=1 | Tier=match | Sets=3 Reps=6 Rest=129s | Video=YES @ webpack-internal:///(app-pages-browser)/./src/features/workout-engine/logic/WorkoutGenerator.ts:1275
[  255258ms] [LOG] [3] דדליפט רומני | programLevel=1 [LevelResolution] דדליפט רומני → L1 via legs | userDomainL=1 | Tier=match | Sets=3 Reps=3 Rest=137s | Video=YES @ webpack-internal:///(app-pages-browser)/./src/features/workout-engine/logic/WorkoutGenerator.ts:1275
[  255258ms] [LOG] [4] כפיפות בטן | programLevel=2 [LevelResolution] כפיפות בטן → L2 via core | userDomainL=1 | Tier=hard | Sets=2 Reps=3 Rest=161s | Video=YES @ webpack-internal:///(app-pages-browser)/./src/features/workout-engine/logic/WorkoutGenerator.ts:1275
[  255261ms] [LOG] [Warmup] Pool: 370 total | follow-along: 13 | role=warmup: 1 | mobility-tag: 0 @ webpack-internal:///(app-pages-browser)/./src/features/workout-engine/services/warmup.service.ts:559
[  255262ms] [LOG] [Warmup] Stage 1: "(none)" selected (none) @ webpack-internal:///(app-pages-browser)/./src/features/workout-engine/services/warmup.service.ts:631
[  255262ms] [LOG] [Warmup] Level 1 ≤ 2 → General Mobility only @ webpack-internal:///(app-pages-browser)/./src/features/workout-engine/services/warmup.service.ts:637
[  255262ms] [LOG]   ETMVVSpt0lIpeF3mkEn6 "מתיחות פלג גוף עליון לבדיקה": OK @ webpack-internal:///(app-pages-browser)/./src/features/workout-engine/services/cooldown.service.ts:80
[  255264ms] [LOG] ┌─────────────┬────────────┬────────────┬────────────┐
│  Section    │  Work      │  Rest      │  Subtotal  │
├─────────────┼────────────┼────────────┼────────────┤
│  Warmup     │ 0m 0s      │ 0m 0s      │ 0m 0s      │  ← 0s rest, 5s transitions, cap=6m
│  Main       │ 3m 51s     │ 28m 16s    │ 31m 7s     │  ← 28m rest = 91% of main block
│  Cooldown   │ 2m 30s     │ 0m 0s      │ 2m 30s     │
├─────────────┼────────────┼────────────┼────────────┤
│  TOTAL(raw) │             │             │ 33m 37s    │
└─────────────┴────────────┴────────────┴────────────┘ @ webpack-internal:///(app-pages-browser)/./src/features/workout-engine/logic/workout-budgeting.utils.ts:1338
[  255265ms] [LOG]   + Main transitions (4 × 30s): 120s @ webpack-internal:///(app-pages-browser)/./src/features/workout-engine/logic/workout-budgeting.utils.ts:1339
[  255265ms] [LOG]   = Final Duration: 35 min @ webpack-internal:///(app-pages-browser)/./src/features/workout-engine/logic/workout-budgeting.utils.ts:1340
[  255265ms] [TABLE] [Object, Object, Object, Object, Object] @ webpack-internal:///(app-pages-browser)/./src/features/workout-engine/logic/workout-budgeting.utils.ts:1343
[  255265ms] [LOG] ┌─────────────┬────────────┬────────────┬────────────┐
│  Section    │  Work      │  Rest      │  Subtotal  │
├─────────────┼────────────┼────────────┼────────────┤
│  Warmup     │ 0m 0s      │ 0m 0s      │ 0m 0s      │  ← 0s rest, 5s transitions, cap=6m
│  Main       │ 3m 33s     │ 26m 52s    │ 28m 25s    │  ← 26m rest = 91% of main block
│  Cooldown   │ 2m 30s     │ 0m 0s      │ 2m 30s     │
├─────────────┼────────────┼────────────┼────────────┤
│  TOTAL(raw) │             │             │ 30m 55s    │
└─────────────┴────────────┴────────────┴────────────┘ @ webpack-internal:///(app-pages-browser)/./src/features/workout-engine/logic/workout-budgeting.utils.ts:1338
[  255265ms] [LOG]   + Main transitions (4 × 30s): 120s @ webpack-internal:///(app-pages-browser)/./src/features/workout-engine/logic/workout-budgeting.utils.ts:1339
[  255265ms] [LOG]   = Final Duration: 32 min @ webpack-internal:///(app-pages-browser)/./src/features/workout-engine/logic/workout-budgeting.utils.ts:1340
[  255265ms] [TABLE] [Object, Object, Object, Object, Object] @ webpack-internal:///(app-pages-browser)/./src/features/workout-engine/logic/workout-budgeting.utils.ts:1343
[  255265ms] [LOG] ┌─────────────┬────────────┬────────────┬────────────┐
│  Section    │  Work      │  Rest      │  Subtotal  │
├─────────────┼────────────┼────────────┼────────────┤
│  Warmup     │ 0m 0s      │ 0m 0s      │ 0m 0s      │  ← 0s rest, 5s transitions, cap=6m
│  Main       │ 2m 15s     │ 23m 28s    │ 26m 43s    │  ← 23m rest = 91% of main block
│  Cooldown   │ 2m 30s     │ 0m 0s      │ 2m 30s     │
├─────────────┼────────────┼────────────┼────────────┤
│  TOTAL(raw) │             │             │ 27m 13s    │
└─────────────┴────────────┴────────────┴────────────┘ @ webpack-internal:///(app-pages-browser)/./src/features/workout-engine/logic/workout-budgeting.utils.ts:1338
[  255265ms] [LOG]   + Main transitions (4 × 30s): 120s @ webpack-internal:///(app-pages-browser)/./src/features/workout-engine/logic/workout-budgeting.utils.ts:1339
[  255265ms] [LOG]   = Final Duration: 30 min @ webpack-internal:///(app-pages-browser)/./src/features/workout-engine/logic/workout-budgeting.utils.ts:1340
[  255265ms] [TABLE] [Object, Object, Object, Object, Object] @ webpack-internal:///(app-pages-browser)/./src/features/workout-engine/logic/workout-budgeting.utils.ts:1343
[  255265ms] [LOG] [PresentationFormatter.volumeCap] Done after 2 step(s): 30m, 11 sets, 4 main exercises @ webpack-internal:///(app-pages-browser)/./src/features/workout-engine/core/presentation/PresentationFormatter.ts:616
[  256024ms] [LOG] [PresentationFormatter] 🪜 Final domain-priority sort applied (order changed, 5 exercises, מאוזן) @ webpack-internal:///(app-pages-browser)/./src/features/workout-engine/core/presentation/PresentationFormatter.ts:330
[  256024ms] [LOG] [WorkoutTrio] Option 2 (מאוזן): D2, 5 exercises, 11 sets, ~30min @ webpack-internal:///(app-pages-browser)/./src/features/workout-engine/services/home-workout.service.ts:1327
[  256024ms] [LOG] [WorkoutTrio] Single-option path — padded 3 slots with the same workout @ webpack-internal:///(app-pages-browser)/./src/features/workout-engine/services/home-workout.service.ts:1336
[  256026ms] [LOG]   Difficulty: 2 ⚡⚡ @ webpack-internal:///(app-pages-browser)/./src/features/workout-engine/services/trio-modifiers.service.ts:823
[  256026ms] [LOG]   Title: אתגר כל הרמות_הבאה בפארק @ webpack-internal:///(app-pages-browser)/./src/features/workout-engine/services/trio-modifiers.service.ts:824
[  256026ms] [LOG]   Duration: ~30 min @ webpack-internal:///(app-pages-browser)/./src/features/workout-engine/services/trio-modifiers.service.ts:825
[  256026ms] [LOG]   Warmups: 0 | Main: 4 | Sets: 11 @ webpack-internal:///(app-pages-browser)/./src/features/workout-engine/services/trio-modifiers.service.ts:826
[  256026ms] [LOG]   Gear: 2 ⚠️ [VQoqHLfhHGhPsaz2zsQO, kp7fek6IloLYhKmUs0VU] @ webpack-internal:///(app-pages-browser)/./src/features/workout-engine/services/trio-modifiers.service.ts:827
[  256026ms] [LOG]   Exercises: [פשיטת מרפקים על הרצפה, מתח אוסטרלי ב-60° מעלות, דדליפט רומני, כפיפות בטן] @ webpack-internal:///(app-pages-browser)/./src/features/workout-engine/services/trio-modifiers.service.ts:828
[  256026ms] [LOG]   Difficulty: 2 ⚡⚡ @ webpack-internal:///(app-pages-browser)/./src/features/workout-engine/services/trio-modifiers.service.ts:823
[  256026ms] [LOG]   Title: אתגר כל הרמות_הבאה בפארק @ webpack-internal:///(app-pages-browser)/./src/features/workout-engine/services/trio-modifiers.service.ts:824
[  256026ms] [LOG]   Duration: ~30 min @ webpack-internal:///(app-pages-browser)/./src/features/workout-engine/services/trio-modifiers.service.ts:825
[  256026ms] [LOG]   Warmups: 0 | Main: 4 | Sets: 11 @ webpack-internal:///(app-pages-browser)/./src/features/workout-engine/services/trio-modifiers.service.ts:826
[  256026ms] [LOG]   Gear: 2 ⚠️ [VQoqHLfhHGhPsaz2zsQO, kp7fek6IloLYhKmUs0VU] @ webpack-internal:///(app-pages-browser)/./src/features/workout-engine/services/trio-modifiers.service.ts:827
[  256026ms] [LOG]   Exercises: [פשיטת מרפקים על הרצפה, מתח אוסטרלי ב-60° מעלות, דדליפט רומני, כפיפות בטן] @ webpack-internal:///(app-pages-browser)/./src/features/workout-engine/services/trio-modifiers.service.ts:828
[  256026ms] [LOG]   Difficulty: 2 ⚡⚡ @ webpack-internal:///(app-pages-browser)/./src/features/workout-engine/services/trio-modifiers.service.ts:823
[  256026ms] [LOG]   Title: אתגר כל הרמות_הבאה בפארק @ webpack-internal:///(app-pages-browser)/./src/features/workout-engine/services/trio-modifiers.service.ts:824
[  256026ms] [LOG]   Duration: ~30 min @ webpack-internal:///(app-pages-browser)/./src/features/workout-engine/services/trio-modifiers.service.ts:825
[  256026ms] [LOG]   Warmups: 0 | Main: 4 | Sets: 11 @ webpack-internal:///(app-pages-browser)/./src/features/workout-engine/services/trio-modifiers.service.ts:826
[  256026ms] [LOG]   Gear: 2 ⚠️ [VQoqHLfhHGhPsaz2zsQO, kp7fek6IloLYhKmUs0VU] @ webpack-internal:///(app-pages-browser)/./src/features/workout-engine/services/trio-modifiers.service.ts:827
[  256026ms] [LOG]   Exercises: [פשיטת מרפקים על הרצפה, מתח אוסטרלי ב-60° מעלות, דדליפט רומני, כפיפות בטן] @ webpack-internal:///(app-pages-browser)/./src/features/workout-engine/services/trio-modifiers.service.ts:828
[  256026ms] [LOG] Overlap: 1↔2=4, 1↔3=4, 2↔3=4 @ webpack-internal:///(app-pages-browser)/./src/features/workout-engine/services/trio-modifiers.service.ts:833
[  272470ms] [LOG] [Fast Refresh] rebuilding @ webpack-internal:///(app-pages-browser)/./node_modules/next/dist/client/components/react-dev-overlay/app/hot-reloader-client.js:186
[  275423ms] [WARNING] [Fast Refresh] performing full reload

Fast Refresh will perform a full reload when you edit a file that's imported by modules outside of the React rendering tree.
You might have a file which exports a React component but also exports a value that is imported by a non-React component file.
Consider migrating the non-React component export to a separate file and importing it into both files.

It is also possible the parent component of the component you edited is a class component, which disables Fast Refresh.
Fast Refresh requires at least one parent function component in your React tree. @ webpack-internal:///(app-pages-browser)/./node_modules/next/dist/client/components/react-dev-overlay/app/hot-reloader-client.js:112
[  276951ms] [INFO] %cDownload the React DevTools for a better development experience: https://reactjs.org/link/react-devtools font-weight:bold @ webpack-internal:///(app-pages-browser)/./node_modules/next/dist/compiled/react-dom/cjs/react-dom.development.js:38559
[  277740ms] [INFO] [firebase] App Check bypass: hostname="localhost" treated as local development. initializeAppCheck() will NOT be invoked — this prevents reCAPTCHA Enterprise 403s from crashing the Firestore snapshot listener. Set NEXT_PUBLIC_APP_CHECK_DEBUG_TOKEN to a token registered in the Firebase console (App Check → Apps → Manage debug tokens) if you need a real App Check handshake. @ webpack-internal:///(app-pages-browser)/./src/lib/firebase.ts:135
[  279011ms] [LOG] [buildIdToSlugMap] Built 14 entries: [EtY8YCol…→human_flag, J0fLpmJh…→push, H2279XsR…→full_body, kDMpobbK…→core, UPDBtTdC…→pull, cC0BOmm6…→one_arm_pullup, fTLWzjP9…→muscle_up, IOfBZFeo…→handstand, pCI5NHXp…→planche, 47smw26h…→upper_body, OrAmOH3F…→legs, mFcuYlNg…→front_lever, JCac76p4…→calisthenics_upper, PAxprHuT…→handstand_pushup] @ webpack-internal:///(app-pages-browser)/./src/features/workout-engine/services/program-hierarchy.utils.ts:121
[  279012ms] [LOG] [HomeContext] Domain 'push' resolved to L1 (Source: Domains) @ webpack-internal:///(app-pages-browser)/./src/features/workout-engine/services/level-resolution.utils.ts:120
[  279012ms] [LOG] [HomeContext] Domain 'fTLWzjP9gH2VNpamyCZF' → slug 'muscle_up' dual-keyed at L1 (Source: Domains) @ webpack-internal:///(app-pages-browser)/./src/features/workout-engine/services/level-resolution.utils.ts:118
[  279012ms] [LOG] [HomeContext] Domain 'H2279XsRGDg9G370J7S9' → slug 'full_body' dual-keyed at L1 (Source: Domains) @ webpack-internal:///(app-pages-browser)/./src/features/workout-engine/services/level-resolution.utils.ts:118
[  279012ms] [LOG] [HomeContext] Domain 'core' resolved to L1 (Source: Domains) @ webpack-internal:///(app-pages-browser)/./src/features/workout-engine/services/level-resolution.utils.ts:120
[  279012ms] [LOG] [HomeContext] Domain 'full_body' resolved to L1 (Source: Domains) @ webpack-internal:///(app-pages-browser)/./src/features/workout-engine/services/level-resolution.utils.ts:120
[  279012ms] [LOG] [HomeContext] Domain '47smw26hUyG5ZbE1bhr3' → slug 'upper_body' dual-keyed at L1 (Source: Domains) @ webpack-internal:///(app-pages-browser)/./src/features/workout-engine/services/level-resolution.utils.ts:118
[  279012ms] [LOG] [HomeContext] Domain 'muscle_up' resolved to L1 (Source: Domains) @ webpack-internal:///(app-pages-browser)/./src/features/workout-engine/services/level-resolution.utils.ts:120
[  279012ms] [LOG] [HomeContext] Domain 'pull' resolved to L1 (Source: Domains) @ webpack-internal:///(app-pages-browser)/./src/features/workout-engine/services/level-resolution.utils.ts:120
[  279012ms] [LOG] [HomeContext] Domain 'upper_body' resolved to L1 (Source: Domains) @ webpack-internal:///(app-pages-browser)/./src/features/workout-engine/services/level-resolution.utils.ts:120
[  279012ms] [LOG] [HomeContext] Domain 'legs' resolved to L1 (Source: Domains) @ webpack-internal:///(app-pages-browser)/./src/features/workout-engine/services/level-resolution.utils.ts:120
[  279012ms] [LOG] [HomeContext] Domain 'front_lever' — no assessed level, left ABSENT (no invention) @ webpack-internal:///(app-pages-browser)/./src/features/workout-engine/services/level-resolution.utils.ts:107
[  279012ms] [LOG] [HomeContext] Domain 'calisthenics_upper' — no assessed level, left ABSENT (no invention) @ webpack-internal:///(app-pages-browser)/./src/features/workout-engine/services/level-resolution.utils.ts:107
[  279012ms] [LOG] [HomeContext] Domain 'one_arm_pullup' — no assessed level, left ABSENT (no invention) @ webpack-internal:///(app-pages-browser)/./src/features/workout-engine/services/level-resolution.utils.ts:107
[  279012ms] [LOG] [HomeContext] Domain 'handstand_pushup' — no assessed level, left ABSENT (no invention) @ webpack-internal:///(app-pages-browser)/./src/features/workout-engine/services/level-resolution.utils.ts:107
[  279012ms] [LOG] [HomeContext] Domain 'handstand' — no assessed level, left ABSENT (no invention) @ webpack-internal:///(app-pages-browser)/./src/features/workout-engine/services/level-resolution.utils.ts:107
[  279012ms] [LOG] [HomeContext] Domain 'human_flag' — no assessed level, left ABSENT (no invention) @ webpack-internal:///(app-pages-browser)/./src/features/workout-engine/services/level-resolution.utils.ts:107
[  279012ms] [LOG] [HomeContext] Domain 'planche' — no assessed level, left ABSENT (no invention) @ webpack-internal:///(app-pages-browser)/./src/features/workout-engine/services/level-resolution.utils.ts:107
[  279013ms] [LOG] [home] scoreBreakdown "full-strength" (score=30): {goalMatch: 30, gapFilling: 0, stepDeficit: 0, preferenceMatch: 0, recoveryMatch: 0} @ webpack-internal:///(app-pages-browser)/./src/app/home/page.tsx:1437
[  279015ms] [LOG] [HomeWorkout] 🏞️ No location specified → "park" (PARK FORCE active) @ webpack-internal:///(app-pages-browser)/./src/features/workout-engine/services/home-workout.service.ts:1473
[  279015ms] [LOG] [HomeWorkout] scheduledProgramIds normalised: [] → [full_body] @ webpack-internal:///(app-pages-browser)/./src/features/workout-engine/services/home-workout.service.ts:1486
[  279015ms] [LOG] [home] scoreBreakdown "safety-net" (score=0): {goalMatch: 0, gapFilling: 0, stepDeficit: 0, preferenceMatch: 0, recoveryMatch: 0} @ webpack-internal:///(app-pages-browser)/./src/app/home/page.tsx:1437
[  279016ms] [LOG] [ActivityStore] No Firestore data, created new day @ webpack-internal:///(app-pages-browser)/./src/features/activity/store/useActivityStore.ts:675
[  279016ms] [LOG] [ActivityStore] No Firestore data, created new day @ webpack-internal:///(app-pages-browser)/./src/features/activity/store/useActivityStore.ts:675
[  279016ms] [LOG] [ActivityStore] No Firestore data, created new day @ webpack-internal:///(app-pages-browser)/./src/features/activity/store/useActivityStore.ts:675
[  279706ms] [LOG] [buildIdToSlugMap] Built 14 entries: [EtY8YCol…→human_flag, J0fLpmJh…→push, H2279XsR…→full_body, kDMpobbK…→core, UPDBtTdC…→pull, cC0BOmm6…→one_arm_pullup, fTLWzjP9…→muscle_up, IOfBZFeo…→handstand, pCI5NHXp…→planche, 47smw26h…→upper_body, OrAmOH3F…→legs, mFcuYlNg…→front_lever, JCac76p4…→calisthenics_upper, PAxprHuT…→handstand_pushup] @ webpack-internal:///(app-pages-browser)/./src/features/workout-engine/services/program-hierarchy.utils.ts:121
[  279707ms] [LOG] [HomeWorkout:Trio] Domain 'push' resolved to L1 (Source: Domains) @ webpack-internal:///(app-pages-browser)/./src/features/workout-engine/services/level-resolution.utils.ts:120
[  279707ms] [LOG] [HomeWorkout:Trio] Skipping master program "fTLWzjP9gH2VNpamyCZF" (display-only) @ webpack-internal:///(app-pages-browser)/./src/features/workout-engine/services/level-resolution.utils.ts:99
[  279707ms] [LOG] [HomeWorkout:Trio] Skipping master program "H2279XsRGDg9G370J7S9" (display-only) @ webpack-internal:///(app-pages-browser)/./src/features/workout-engine/services/level-resolution.utils.ts:99
[  279707ms] [LOG] [HomeWorkout:Trio] Domain 'core' resolved to L1 (Source: Domains) @ webpack-internal:///(app-pages-browser)/./src/features/workout-engine/services/level-resolution.utils.ts:120
[  279707ms] [LOG] [HomeWorkout:Trio] Domain 'full_body' resolved to L1 (Source: Domains) @ webpack-internal:///(app-pages-browser)/./src/features/workout-engine/services/level-resolution.utils.ts:120
[  279707ms] [LOG] [HomeWorkout:Trio] Skipping master program "47smw26hUyG5ZbE1bhr3" (display-only) @ webpack-internal:///(app-pages-browser)/./src/features/workout-engine/services/level-resolution.utils.ts:99
[  279707ms] [LOG] [HomeWorkout:Trio] Domain 'muscle_up' resolved to L1 (Source: Domains) @ webpack-internal:///(app-pages-browser)/./src/features/workout-engine/services/level-resolution.utils.ts:120
[  279707ms] [LOG] [HomeWorkout:Trio] Domain 'pull' resolved to L1 (Source: Domains) @ webpack-internal:///(app-pages-browser)/./src/features/workout-engine/services/level-resolution.utils.ts:120
[  279707ms] [LOG] [HomeWorkout:Trio] Domain 'upper_body' resolved to L1 (Source: Domains) @ webpack-internal:///(app-pages-browser)/./src/features/workout-engine/services/level-resolution.utils.ts:120
[  279707ms] [LOG] [HomeWorkout:Trio] Domain 'legs' resolved to L1 (Source: Domains) @ webpack-internal:///(app-pages-browser)/./src/features/workout-engine/services/level-resolution.utils.ts:120
[  279707ms] [LOG] [HomeWorkout:Trio] Domain 'front_lever' — no assessed level, left ABSENT (no invention) @ webpack-internal:///(app-pages-browser)/./src/features/workout-engine/services/level-resolution.utils.ts:107
[  279707ms] [LOG] [HomeWorkout:Trio] Domain 'calisthenics_upper' — no assessed level, left ABSENT (no invention) @ webpack-internal:///(app-pages-browser)/./src/features/workout-engine/services/level-resolution.utils.ts:107
[  279707ms] [LOG] [HomeWorkout:Trio] Domain 'one_arm_pullup' — no assessed level, left ABSENT (no invention) @ webpack-internal:///(app-pages-browser)/./src/features/workout-engine/services/level-resolution.utils.ts:107
[  279707ms] [LOG] [HomeWorkout:Trio] Domain 'handstand_pushup' — no assessed level, left ABSENT (no invention) @ webpack-internal:///(app-pages-browser)/./src/features/workout-engine/services/level-resolution.utils.ts:107
[  279707ms] [LOG] [HomeWorkout:Trio] Domain 'handstand' — no assessed level, left ABSENT (no invention) @ webpack-internal:///(app-pages-browser)/./src/features/workout-engine/services/level-resolution.utils.ts:107
[  279707ms] [LOG] [HomeWorkout:Trio] Domain 'human_flag' — no assessed level, left ABSENT (no invention) @ webpack-internal:///(app-pages-browser)/./src/features/workout-engine/services/level-resolution.utils.ts:107
[  279707ms] [LOG] [HomeWorkout:Trio] Domain 'planche' — no assessed level, left ABSENT (no invention) @ webpack-internal:///(app-pages-browser)/./src/features/workout-engine/services/level-resolution.utils.ts:107
[  279708ms] [LOG] [HomeWorkout:Trio] [MasterDerive] "H2279XsRGDg9G370J7S9" → L1 (avg of [1,1,1] = 1, cap=15) @ webpack-internal:///(app-pages-browser)/./src/features/workout-engine/services/level-resolution.utils.ts:205
[  279708ms] [LOG] [HomeWorkout:Trio] [MasterDerive] "fTLWzjP9gH2VNpamyCZF" → L1 (avg of [1,1,1] = 1, cap=15) @ webpack-internal:///(app-pages-browser)/./src/features/workout-engine/services/level-resolution.utils.ts:205
[  279708ms] [LOG] [HomeWorkout:Trio] [MasterDerive] "47smw26hUyG5ZbE1bhr3" → L1 (avg of [1,1,1] = 1, cap=15) @ webpack-internal:///(app-pages-browser)/./src/features/workout-engine/services/level-resolution.utils.ts:205
[  279708ms] [LOG] [HomeWorkout:Trio] [MasterDerive] "JCac76p48XGZ5MVahLI2" → L1 (avg of [1,1,1] = 1, cap=15) @ webpack-internal:///(app-pages-browser)/./src/features/workout-engine/services/level-resolution.utils.ts:205
[  279710ms] [LOG] [HomeWorkout] Empty equipment profile for location "park" — defaulting to bodyweight @ webpack-internal:///(app-pages-browser)/./src/features/workout-engine/services/user-profile.utils.ts:130
[  279710ms] [WARNING] [InputSanitizer] ⚠️ No park inventory resolved — ESSENTIAL_PARK_GEAR fallback active @ webpack-internal:///(app-pages-browser)/./src/features/workout-engine/core/middleware/InputSanitizerMiddleware.ts:111
[  279710ms] [LOG] [buildIdToSlugMap] Built 14 entries: [EtY8YCol…→human_flag, J0fLpmJh…→push, H2279XsR…→full_body, kDMpobbK…→core, UPDBtTdC…→pull, cC0BOmm6…→one_arm_pullup, fTLWzjP9…→muscle_up, IOfBZFeo…→handstand, pCI5NHXp…→planche, 47smw26h…→upper_body, OrAmOH3F…→legs, mFcuYlNg…→front_lever, JCac76p4…→calisthenics_upper, PAxprHuT…→handstand_pushup] @ webpack-internal:///(app-pages-browser)/./src/features/workout-engine/services/program-hierarchy.utils.ts:121
[  279711ms] [LOG] [buildIdToSlugMap] Built 14 entries: [EtY8YCol…→human_flag, J0fLpmJh…→push, H2279XsR…→full_body, kDMpobbK…→core, UPDBtTdC…→pull, cC0BOmm6…→one_arm_pullup, fTLWzjP9…→muscle_up, IOfBZFeo…→handstand, pCI5NHXp…→planche, 47smw26h…→upper_body, OrAmOH3F…→legs, mFcuYlNg…→front_lever, JCac76p4…→calisthenics_upper, PAxprHuT…→handstand_pushup] @ webpack-internal:///(app-pages-browser)/./src/features/workout-engine/services/program-hierarchy.utils.ts:121
[  279711ms] [LOG] [buildIdToSlugMap] Built 14 entries: [EtY8YCol…→human_flag, J0fLpmJh…→push, H2279XsR…→full_body, kDMpobbK…→core, UPDBtTdC…→pull, cC0BOmm6…→one_arm_pullup, fTLWzjP9…→muscle_up, IOfBZFeo…→handstand, pCI5NHXp…→planche, 47smw26h…→upper_body, OrAmOH3F…→legs, mFcuYlNg…→front_lever, JCac76p4…→calisthenics_upper, PAxprHuT…→handstand_pushup] @ webpack-internal:///(app-pages-browser)/./src/features/workout-engine/services/program-hierarchy.utils.ts:121
[  279712ms] [LOG] [buildIdToSlugMap] Built 14 entries: [EtY8YCol…→human_flag, J0fLpmJh…→push, H2279XsR…→full_body, kDMpobbK…→core, UPDBtTdC…→pull, cC0BOmm6…→one_arm_pullup, fTLWzjP9…→muscle_up, IOfBZFeo…→handstand, pCI5NHXp…→planche, 47smw26h…→upper_body, OrAmOH3F…→legs, mFcuYlNg…→front_lever, JCac76p4…→calisthenics_upper, PAxprHuT…→handstand_pushup] @ webpack-internal:///(app-pages-browser)/./src/features/workout-engine/services/program-hierarchy.utils.ts:121
[  279712ms] [LOG] [buildIdToSlugMap] Built 14 entries: [EtY8YCol…→human_flag, J0fLpmJh…→push, H2279XsR…→full_body, kDMpobbK…→core, UPDBtTdC…→pull, cC0BOmm6…→one_arm_pullup, fTLWzjP9…→muscle_up, IOfBZFeo…→handstand, pCI5NHXp…→planche, 47smw26h…→upper_body, OrAmOH3F…→legs, mFcuYlNg…→front_lever, JCac76p4…→calisthenics_upper, PAxprHuT…→handstand_pushup] @ webpack-internal:///(app-pages-browser)/./src/features/workout-engine/services/program-hierarchy.utils.ts:121
[  279712ms] [LOG] [DomainBudget] activeProgramId="full_body" slug="full_body" resolvedChildDomains=[push, pull, legs, core] isFullBodyMaster=true isCalisthenicsUpperMaster=false isUpperBodyMaster=false @ webpack-internal:///(app-pages-browser)/./src/features/workout-engine/services/home-workout.service.ts:1670
[  279712ms] [LOG] [LeadProgram] push: resolved L1 via pattern(push) @ webpack-internal:///(app-pages-browser)/./src/features/workout-engine/services/lead-program.service.ts:264
[  279715ms] [LOG] [ActivityStore] Loaded from Firestore - Streak: 0 @ webpack-internal:///(app-pages-browser)/./src/features/activity/store/useActivityStore.ts:808
[  279740ms] [LOG] [ActivityStore] Loaded from Firestore - Streak: 0 @ webpack-internal:///(app-pages-browser)/./src/features/activity/store/useActivityStore.ts:808
[  279760ms] [LOG] [ActivityStore] Loaded from Firestore - Streak: 0 @ webpack-internal:///(app-pages-browser)/./src/features/activity/store/useActivityStore.ts:808
[  279777ms] [LOG] [WorkoutTrio] No app_config/workout_trio doc → using pre-seeded Hebrew labels @ webpack-internal:///(app-pages-browser)/./src/features/workout-engine/services/trio-labels.service.ts:53
[  279778ms] [LOG] [WorkoutTrio] Rest-day fast path: 3 options from pool of 7 (targeted query, full pipeline skipped) @ webpack-internal:///(app-pages-browser)/./src/features/workout-engine/services/home-workout.service.ts:469
[  279779ms] [LOG] [home] scoreBreakdown "recovery-follow-up" (score=0): {goalMatch: 0, gapFilling: 0, stepDeficit: 0, preferenceMatch: 0, recoveryMatch: 0} @ webpack-internal:///(app-pages-browser)/./src/app/home/page.tsx:1437
[  280161ms] [LOG] [HomeContext] Domain 'push' resolved to L1 (Source: Domains) @ webpack-internal:///(app-pages-browser)/./src/features/workout-engine/services/level-resolution.utils.ts:120
[  280161ms] [LOG] [HomeContext] Domain 'fTLWzjP9gH2VNpamyCZF' → slug 'muscle_up' dual-keyed at L1 (Source: Domains) @ webpack-internal:///(app-pages-browser)/./src/features/workout-engine/services/level-resolution.utils.ts:118
[  280161ms] [LOG] [HomeContext] Domain 'H2279XsRGDg9G370J7S9' → slug 'full_body' dual-keyed at L1 (Source: Domains) @ webpack-internal:///(app-pages-browser)/./src/features/workout-engine/services/level-resolution.utils.ts:118
[  280161ms] [LOG] [HomeContext] Domain 'core' resolved to L1 (Source: Domains) @ webpack-internal:///(app-pages-browser)/./src/features/workout-engine/services/level-resolution.utils.ts:120
[  280161ms] [LOG] [HomeContext] Domain 'full_body' resolved to L1 (Source: Domains) @ webpack-internal:///(app-pages-browser)/./src/features/workout-engine/services/level-resolution.utils.ts:120
[  280161ms] [LOG] [HomeContext] Domain '47smw26hUyG5ZbE1bhr3' → slug 'upper_body' dual-keyed at L1 (Source: Domains) @ webpack-internal:///(app-pages-browser)/./src/features/workout-engine/services/level-resolution.utils.ts:118
[  280161ms] [LOG] [HomeContext] Domain 'muscle_up' resolved to L1 (Source: Domains) @ webpack-internal:///(app-pages-browser)/./src/features/workout-engine/services/level-resolution.utils.ts:120
[  280161ms] [LOG] [HomeContext] Domain 'pull' resolved to L1 (Source: Domains) @ webpack-internal:///(app-pages-browser)/./src/features/workout-engine/services/level-resolution.utils.ts:120
[  280161ms] [LOG] [HomeContext] Domain 'upper_body' resolved to L1 (Source: Domains) @ webpack-internal:///(app-pages-browser)/./src/features/workout-engine/services/level-resolution.utils.ts:120
[  280161ms] [LOG] [HomeContext] Domain 'legs' resolved to L1 (Source: Domains) @ webpack-internal:///(app-pages-browser)/./src/features/workout-engine/services/level-resolution.utils.ts:120
[  280161ms] [LOG] [HomeContext] Domain 'front_lever' — no assessed level, left ABSENT (no invention) @ webpack-internal:///(app-pages-browser)/./src/features/workout-engine/services/level-resolution.utils.ts:107
[  280161ms] [LOG] [HomeContext] Domain 'calisthenics_upper' — no assessed level, left ABSENT (no invention) @ webpack-internal:///(app-pages-browser)/./src/features/workout-engine/services/level-resolution.utils.ts:107
[  280161ms] [LOG] [HomeContext] Domain 'one_arm_pullup' — no assessed level, left ABSENT (no invention) @ webpack-internal:///(app-pages-browser)/./src/features/workout-engine/services/level-resolution.utils.ts:107
[  280161ms] [LOG] [HomeContext] Domain 'handstand_pushup' — no assessed level, left ABSENT (no invention) @ webpack-internal:///(app-pages-browser)/./src/features/workout-engine/services/level-resolution.utils.ts:107
[  280161ms] [LOG] [HomeContext] Domain 'handstand' — no assessed level, left ABSENT (no invention) @ webpack-internal:///(app-pages-browser)/./src/features/workout-engine/services/level-resolution.utils.ts:107
[  280162ms] [LOG] [HomeContext] Domain 'human_flag' — no assessed level, left ABSENT (no invention) @ webpack-internal:///(app-pages-browser)/./src/features/workout-engine/services/level-resolution.utils.ts:107
[  280162ms] [LOG] [HomeContext] Domain 'planche' — no assessed level, left ABSENT (no invention) @ webpack-internal:///(app-pages-browser)/./src/features/workout-engine/services/level-resolution.utils.ts:107
[  280289ms] [LOG] [ActivityStore] No Firestore data, created new day @ webpack-internal:///(app-pages-browser)/./src/features/activity/store/useActivityStore.ts:675
[  280290ms] [LOG] [ActivityStore] No Firestore data, created new day @ webpack-internal:///(app-pages-browser)/./src/features/activity/store/useActivityStore.ts:675
[  280290ms] [LOG] [ActivityStore] No Firestore data, created new day @ webpack-internal:///(app-pages-browser)/./src/features/activity/store/useActivityStore.ts:675
[  280292ms] [LOG] [LeadProgram] pull: resolved L1 via pattern(pull) @ webpack-internal:///(app-pages-browser)/./src/features/workout-engine/services/lead-program.service.ts:264
[  280724ms] [LOG] [ActivityStore] Loaded from Firestore - Streak: 0 @ webpack-internal:///(app-pages-browser)/./src/features/activity/store/useActivityStore.ts:808
[  280729ms] [LOG] [ActivityStore] Loaded from Firestore - Streak: 0 @ webpack-internal:///(app-pages-browser)/./src/features/activity/store/useActivityStore.ts:808
[  280736ms] [LOG] [ActivityStore] Loaded from Firestore - Streak: 0 @ webpack-internal:///(app-pages-browser)/./src/features/activity/store/useActivityStore.ts:808
[  280740ms] [LOG] [LeadProgram] legs: resolved L1 via pattern(legs) @ webpack-internal:///(app-pages-browser)/./src/features/workout-engine/services/lead-program.service.ts:264
[  280976ms] [LOG] [LeadProgram] core: resolved L1 via pattern(core) @ webpack-internal:///(app-pages-browser)/./src/features/workout-engine/services/lead-program.service.ts:264
[  281179ms] [LOG] [DomainBudget] resolvedDomainBudgets set: [push=L1, pull=L1, legs=L1, core=L1] @ webpack-internal:///(app-pages-browser)/./src/features/workout-engine/services/home-workout.service.ts:1678
[  281179ms] [LOG] activeProgramId: full_body @ webpack-internal:///(app-pages-browser)/./src/features/workout-engine/services/split-decision/SplitDecisionService.ts:407
[  281179ms] [LOG] progression.tracks: {push: Object, fTLWzjP9gH2VNpamyCZF: Object, H2279XsRGDg9G370J7S9: Object, core: Object, full_body: Object} @ webpack-internal:///(app-pages-browser)/./src/features/workout-engine/services/split-decision/SplitDecisionService.ts:409
[  281179ms] [LOG] progression.domains: {pull: Object, muscle_up: Object, fTLWzjP9gH2VNpamyCZF: Object, front_lever: Object, calisthenics_upper: Object} @ webpack-internal:///(app-pages-browser)/./src/features/workout-engine/services/split-decision/SplitDecisionService.ts:411
[  281179ms] [LOG] progression.activePrograms: [Object] @ webpack-internal:///(app-pages-browser)/./src/features/workout-engine/services/split-decision/SplitDecisionService.ts:413
[  281179ms] [LOG] progression.skillFocusIds: (none) @ webpack-internal:///(app-pages-browser)/./src/features/workout-engine/services/split-decision/SplitDecisionService.ts:415
[  281179ms] [LOG] progression.masterProgramSubLevels: (none) @ webpack-internal:///(app-pages-browser)/./src/features/workout-engine/services/split-decision/SplitDecisionService.ts:417
[  281179ms] [LOG] Derived userLevel (base): 1 @ webpack-internal:///(app-pages-browser)/./src/features/workout-engine/services/split-decision/SplitDecisionService.ts:418
[  281179ms] [LOG] scheduleDays count: 2 @ webpack-internal:///(app-pages-browser)/./src/features/workout-engine/services/split-decision/SplitDecisionService.ts:419
[  281180ms] [LOG] Source: Admin Panel (ProgramLevelSettings) per domain @ webpack-internal:///(app-pages-browser)/./src/features/workout-engine/services/split-decision/SplitDecisionService.ts:444
[  281180ms] [LOG] Schedule Days: 2 @ webpack-internal:///(app-pages-browser)/./src/features/workout-engine/services/split-decision/SplitDecisionService.ts:445
[  281180ms] [LOG]   push (L1): 10/2=4 @ webpack-internal:///(app-pages-browser)/./src/features/workout-engine/services/split-decision/SplitDecisionService.ts:447
[  281180ms] [LOG]   pull (L1): 10/2=4 @ webpack-internal:///(app-pages-browser)/./src/features/workout-engine/services/split-decision/SplitDecisionService.ts:447
[  281180ms] [LOG]   legs (L1): 10/2=4 @ webpack-internal:///(app-pages-browser)/./src/features/workout-engine/services/split-decision/SplitDecisionService.ts:447
[  281180ms] [LOG]   core (L1): 8/2=3 @ webpack-internal:///(app-pages-browser)/./src/features/workout-engine/services/split-decision/SplitDecisionService.ts:447
[  281180ms] [LOG] Total Daily Budget = 15 sets @ webpack-internal:///(app-pages-browser)/./src/features/workout-engine/services/split-decision/SplitDecisionService.ts:449
[  281180ms] [LOG] [SplitDecision] P1/P2 sort (gender=default/male): [push, pull, legs, core] @ webpack-internal:///(app-pages-browser)/./src/features/workout-engine/services/split-decision/SplitDecisionService.ts:296
[  281180ms] [LOG] [Periodization] Cycle clock: startDate=2026-09-15 daysSinceStart=0 → Week 1/5 @ webpack-internal:///(app-pages-browser)/./src/features/workout-engine/services/periodization.service.ts:86
[  281180ms] [LOG]   Inputs:        cycleWeek=1, gapDays=0 @ webpack-internal:///(app-pages-browser)/./src/features/workout-engine/services/periodization.service.ts:225
[  281180ms] [LOG]   Volume mult:   x1 @ webpack-internal:///(app-pages-browser)/./src/features/workout-engine/services/periodization.service.ts:226
[  281180ms] [LOG]   Δ override:    none @ webpack-internal:///(app-pages-browser)/./src/features/workout-engine/services/periodization.service.ts:228
[  281180ms] [LOG]   Protocol mult: x1 @ webpack-internal:///(app-pages-browser)/./src/features/workout-engine/services/periodization.service.ts:229
[  281180ms] [LOG]   SA cap:        none @ webpack-internal:///(app-pages-browser)/./src/features/workout-engine/services/periodization.service.ts:231
[  281180ms] [LOG]   Detraining:    false @ webpack-internal:///(app-pages-browser)/./src/features/workout-engine/services/periodization.service.ts:232
[  281180ms] [LOG]   Default focus: Normal(1) @ webpack-internal:///(app-pages-browser)/./src/features/workout-engine/services/periodization.service.ts:233
[  281180ms] [LOG]   Restart cycle: false @ webpack-internal:///(app-pages-browser)/./src/features/workout-engine/services/periodization.service.ts:238
[  281180ms] [LOG] [SkillPriority] wired: resolvedChildDomains=[push, pull, legs, core] → priority={push:1, pull:2, legs:3, core:4} @ webpack-internal:///(app-pages-browser)/./src/features/workout-engine/services/home-workout.service.ts:1938
[  281182ms] [WARNING] [ShadowLevel] UNMAPPED targetPrograms for "דגל פלאנק צידי": [EtY8YCol0qpF6DzgcTx1→human_flag]. Falling through to movementGroup resolution (Step 5). @ webpack-internal:///(app-pages-browser)/./src/features/workout-engine/services/shadow-level.utils.ts:423
[  281182ms] [LOG] [ShadowLevel] DOMAIN (default): "דגל פלאנק צידי" → level=1 (movementGroup=undefined, muscle=shoulders) @ webpack-internal:///(app-pages-browser)/./src/features/workout-engine/services/shadow-level.utils.ts:428
[  281182ms] [WARNING] [ParkGating] "חתירות ב-75°" — 3 park method(s) all gated → exercise excluded Required gear not in park inventory: [Object, Object, Object] Available: [bodyweight, pullup_bar, dip_station, bench, low_bar, high_bar, step, park_bench, park_step] @ webpack-internal:///(app-pages-browser)/./src/features/workout-engine/shared/utils/method-selection.utils.ts:136
[  281182ms] [WARNING] [ParkGating] "כפיפת ברך כנגד גומייה" — 1 park method(s) all gated → exercise excluded Required gear not in park inventory: [Object] Available: [bodyweight, pullup_bar, dip_station, bench, low_bar, high_bar, step, park_bench, park_step] @ webpack-internal:///(app-pages-browser)/./src/features/workout-engine/shared/utils/method-selection.utils.ts:136
[  281183ms] [WARNING] [ParkGating] "חתירות באחיזה עמוקה" — 1 park method(s) all gated → exercise excluded Required gear not in park inventory: [Object] Available: [bodyweight, pullup_bar, dip_station, bench, low_bar, high_bar, step, park_bench, park_step] @ webpack-internal:///(app-pages-browser)/./src/features/workout-engine/shared/utils/method-selection.utils.ts:136
[  281183ms] [WARNING] [ParkGating] "חתירות ב-15° עם ברכיים כפופות" — 3 park method(s) all gated → exercise excluded Required gear not in park inventory: [Object, Object, Object] Available: [bodyweight, pullup_bar, dip_station, bench, low_bar, high_bar, step, park_bench, park_step] @ webpack-internal:///(app-pages-browser)/./src/features/workout-engine/shared/utils/method-selection.utils.ts:136
[  281183ms] [WARNING] [ParkGating] "סקוואט כנגד גומייה" — 1 park method(s) all gated → exercise excluded Required gear not in park inventory: [Object] Available: [bodyweight, pullup_bar, dip_station, bench, low_bar, high_bar, step, park_bench, park_step] @ webpack-internal:///(app-pages-browser)/./src/features/workout-engine/shared/utils/method-selection.utils.ts:136
[  281183ms] [LOG] [ShadowLevel] TARGET PROGRAM: "בננה סופרמן על המתח" → program="fTLWzjP9gH2VNpamyCZF" (slug="muscle_up") userLevel=1 (adminTag=1) (movementGroup=isolation, muscle=shoulders) @ webpack-internal:///(app-pages-browser)/./src/features/workout-engine/services/shadow-level.utils.ts:414
[  281184ms] [WARNING] [ParkGating] "דדליפט רומני בהתנגדות גומייה" — 1 park method(s) all gated → exercise excluded Required gear not in park inventory: [Object] Available: [bodyweight, pullup_bar, dip_station, bench, low_bar, high_bar, step, park_bench, park_step] @ webpack-internal:///(app-pages-browser)/./src/features/workout-engine/shared/utils/method-selection.utils.ts:136
[  281184ms] [WARNING] [ParkGating] "דדליפט רומני על הגבהה" — 2 park method(s) all gated → exercise excluded Required gear not in park inventory: [Object, Object] Available: [bodyweight, pullup_bar, dip_station, bench, low_bar, high_bar, step, park_bench, park_step] @ webpack-internal:///(app-pages-browser)/./src/features/workout-engine/shared/utils/method-selection.utils.ts:136
[  281184ms] [WARNING] [ShadowLevel] UNMAPPED targetPrograms for "דגל נמוך": [EtY8YCol0qpF6DzgcTx1→human_flag]. Falling through to movementGroup resolution (Step 5). @ webpack-internal:///(app-pages-browser)/./src/features/workout-engine/services/shadow-level.utils.ts:423
[  281184ms] [LOG] [ShadowLevel] DOMAIN (default): "דגל נמוך" → level=1 (movementGroup=undefined, muscle=shoulders) @ webpack-internal:///(app-pages-browser)/./src/features/workout-engine/services/shadow-level.utils.ts:428
[  281184ms] [WARNING] [ParkGating] "תלייה באחיזה עמוקה" — 1 park method(s) all gated → exercise excluded Required gear not in park inventory: [Object] Available: [bodyweight, pullup_bar, dip_station, bench, low_bar, high_bar, step, park_bench, park_step] @ webpack-internal:///(app-pages-browser)/./src/features/workout-engine/shared/utils/method-selection.utils.ts:136
[  281184ms] [WARNING] [ShadowLevel] UNMAPPED targetPrograms for "דגל ב-45°": [EtY8YCol0qpF6DzgcTx1→human_flag]. Falling through to movementGroup resolution (Step 5). @ webpack-internal:///(app-pages-browser)/./src/features/workout-engine/services/shadow-level.utils.ts:423
[  281184ms] [LOG] [ShadowLevel] DOMAIN (default): "דגל ב-45°" → level=1 (movementGroup=undefined, muscle=shoulders) @ webpack-internal:///(app-pages-browser)/./src/features/workout-engine/services/shadow-level.utils.ts:428
[  281184ms] [WARNING] [ParkGating] "דגל ב-45°" — 1 park method(s) all gated → exercise excluded Required gear not in park inventory: [Object] Available: [bodyweight, pullup_bar, dip_station, bench, low_bar, high_bar, step, park_bench, park_step] @ webpack-internal:///(app-pages-browser)/./src/features/workout-engine/shared/utils/method-selection.utils.ts:136
[  281184ms] [WARNING] [ParkGating] "סקוואט בעזרת רצועות" — 1 park method(s) all gated → exercise excluded Required gear not in park inventory: [Object] Available: [bodyweight, pullup_bar, dip_station, bench, low_bar, high_bar, step, park_bench, park_step] @ webpack-internal:///(app-pages-browser)/./src/features/workout-engine/shared/utils/method-selection.utils.ts:136
[  281184ms] [WARNING] [ParkGating] "עליית מדרגה גובה קרסול" — 1 park method(s) all gated → exercise excluded Required gear not in park inventory: [Object] Available: [bodyweight, pullup_bar, dip_station, bench, low_bar, high_bar, step, park_bench, park_step] @ webpack-internal:///(app-pages-browser)/./src/features/workout-engine/shared/utils/method-selection.utils.ts:136
[  281184ms] [WARNING] [ShadowLevel] UNMAPPED targetPrograms for "דגל פלאנק צידי": [EtY8YCol0qpF6DzgcTx1→human_flag]. Falling through to movementGroup resolution (Step 5). @ webpack-internal:///(app-pages-browser)/./src/features/workout-engine/services/shadow-level.utils.ts:423
[  281184ms] [LOG] [ShadowLevel] DOMAIN (default): "דגל פלאנק צידי" → level=1 (movementGroup=undefined, muscle=shoulders) @ webpack-internal:///(app-pages-browser)/./src/features/workout-engine/services/shadow-level.utils.ts:428
[  281184ms] [LOG] [ShadowLevel] TARGET PROGRAM: "בננה סופרמן על המתח" → program="fTLWzjP9gH2VNpamyCZF" (slug="muscle_up") userLevel=1 (adminTag=1) (movementGroup=isolation, muscle=shoulders) @ webpack-internal:///(app-pages-browser)/./src/features/workout-engine/services/shadow-level.utils.ts:414
[  281184ms] [WARNING] [ShadowLevel] UNMAPPED targetPrograms for "דגל נמוך": [EtY8YCol0qpF6DzgcTx1→human_flag]. Falling through to movementGroup resolution (Step 5). @ webpack-internal:///(app-pages-browser)/./src/features/workout-engine/services/shadow-level.utils.ts:423
[  281184ms] [LOG] [ShadowLevel] DOMAIN (default): "דגל נמוך" → level=1 (movementGroup=undefined, muscle=shoulders) @ webpack-internal:///(app-pages-browser)/./src/features/workout-engine/services/shadow-level.utils.ts:428
[  281185ms] [WARNING] [PoolFactory] ⚠️ profileStale: all userProgramLevels are L≤1 — onboarding background sync (recalculateAncestorMasters) may still be in flight. Proceeding with L1 defaults; workout will regenerate on next mount. @ webpack-internal:///(app-pages-browser)/./src/features/workout-engine/core/pipeline/PoolFactory.ts:88
[  281185ms] [LOG] [WorkoutTrio] Shared pipeline: 64 scored exercises (39 excluded), 370 total in DB @ webpack-internal:///(app-pages-browser)/./src/features/workout-engine/services/home-workout.service.ts:2130
[  281185ms] [LOG] [WorkoutTrio] Filter breakdown — program_filter: 2, level_tolerance: 26, skill_gate: 0, location: 11, injury: 0, passed: 64 @ webpack-internal:///(app-pages-browser)/./src/features/workout-engine/services/home-workout.service.ts:2133
[  281850ms] [LOG] [WorkoutTrio] Settings resolved → protocols: ⚠️  none (straight sets — check Firestore doc) | goals: 1 exercises from push@L1 | tabata: off @ webpack-internal:///(app-pages-browser)/./src/features/workout-engine/services/home-workout.service.ts:2285
[  282136ms] [LOG] [ExerciseHistory] Loaded history for 0/64 exercises (3 chunked 'in' queries) @ webpack-internal:///(app-pages-browser)/./src/features/workout-engine/services/exercise-history.service.ts:150
[  282136ms] [LOG] [WorkoutTrio] Exercise history loaded: 0/64 exercises have prior session data (David Staircase floor active). @ webpack-internal:///(app-pages-browser)/./src/features/workout-engine/services/home-workout.service.ts:2309
[  282136ms] [LOG] [WorkoutTrio] Protocol probability passed to generator: 0.00 (base=0, multiplier=1, week=1) @ webpack-internal:///(app-pages-browser)/./src/features/workout-engine/services/home-workout.service.ts:2351
[  282399ms] [LOG] [WorkoutTrio] No app_config/workout_trio doc → using pre-seeded Hebrew labels @ webpack-internal:///(app-pages-browser)/./src/features/workout-engine/services/trio-labels.service.ts:53
[  282399ms] [LOG] [WorkoutTrio] Labels (fallback): [מאוזן, עצים ומהיר, אימון פארק קליל] @ webpack-internal:///(app-pages-browser)/./src/features/workout-engine/services/home-workout.service.ts:970
[  282399ms] [LOG] [WorkoutTrio] Bolt2: honouring requested 30min (ceiling 45min, explicit=false) @ webpack-internal:///(app-pages-browser)/./src/features/workout-engine/services/home-workout.service.ts:1048
[  282399ms] [LOG] [PipelineOrchestrator] Pool OK: 64 survivors at location=park (gear=9) → normal generation (sparse contexts degrade to bodyweight, not recovery). @ webpack-internal:///(app-pages-browser)/./src/features/workout-engine/core/pipeline/PipelineOrchestrator.ts:130
[  282399ms] [LOG] [PipelineOrchestrator] 🔓 Master-program bypass (full_body): skipping single-domain tolerance gate — ContextualEngine shared pass already scoped pool to all child domains. Pool size preserved: 64 exercises. @ webpack-internal:///(app-pages-browser)/./src/features/workout-engine/core/pipeline/PipelineOrchestrator.ts:233
[  282399ms] [WARNING] [PipelineOrchestrator] ⚠️ profileStale: userProgramLevels all ≤ L1 — onboarding background sync may still be in flight. Generation proceeds with L1 defaults. @ webpack-internal:///(app-pages-browser)/./src/features/workout-engine/core/pipeline/PipelineOrchestrator.ts:239
[  282401ms] [LOG] [InputSanitizer:Periodization] Phase=BUILD(W1) effectiveDifficulty=2 @ webpack-internal:///(app-pages-browser)/./src/features/workout-engine/core/middleware/InputSanitizerMiddleware.ts:543
[  282401ms] [LOG]   push L1: 4 sets/day (10/week) @ webpack-internal:///(app-pages-browser)/./src/features/workout-engine/logic/WorkoutGenerator.ts:456
[  282401ms] [LOG]   pull L1: 4 sets/day (10/week) @ webpack-internal:///(app-pages-browser)/./src/features/workout-engine/logic/WorkoutGenerator.ts:456
[  282401ms] [LOG]   legs L1: 4 sets/day (10/week) @ webpack-internal:///(app-pages-browser)/./src/features/workout-engine/logic/WorkoutGenerator.ts:456
[  282401ms] [LOG]   core L1: 3 sets/day (8/week) @ webpack-internal:///(app-pages-browser)/./src/features/workout-engine/logic/WorkoutGenerator.ts:456
[  282403ms] [LOG] Foundation Buffer: 22 exercises boosted (+30) — Pull-ups/Dips/Push-ups/Rows prioritised @ webpack-internal:///(app-pages-browser)/./src/features/workout-engine/logic/WorkoutGenerator.ts:1521
[  282403ms] [LOG] Vertical Preference: 2 exercises boosted (diminishing: 15/8) @ webpack-internal:///(app-pages-browser)/./src/features/workout-engine/logic/WorkoutGenerator.ts:1523
[  282403ms] [LOG] Naked Strength: 33 bodyweight exercises boosted (+8) @ webpack-internal:///(app-pages-browser)/./src/features/workout-engine/logic/WorkoutGenerator.ts:1524
[  282403ms] [LOG] Equipment Synergy: "mat" dominant → 5 exercises boosted (+8) @ webpack-internal:///(app-pages-browser)/./src/features/workout-engine/logic/WorkoutGenerator.ts:1526
[  282403ms] [LOG] Modality Match: "none" dominant → 39 exercises boosted (+10) @ webpack-internal:///(app-pages-browser)/./src/features/workout-engine/logic/WorkoutGenerator.ts:1527
[  282403ms] [LOG] [LevelSync] DifficultyFilter: globalLevel=L1, domainLevels={push:L1, pull:L1, legs:L1, core:L1, full_body:L1, muscle_up:L1, upper_body:L1} @ webpack-internal:///(app-pages-browser)/./src/features/workout-engine/logic/workout-selection.utils.ts:545
[  282403ms] [WARNING] [LevelSync] applyDifficultyFilter: 2 exercise-level resolution(s) had no assessed domain level — used explicit L1 floor, NOT globalLevel(L1) @ webpack-internal:///(app-pages-browser)/./src/features/workout-engine/logic/workout-selection.utils.ts:670
[  282403ms] [LOG] [Bolt2Cap] per-domain [push→L2, pull→L2, legs→L2, core→L2] (activeProgram=full_body): filtered out 35 above-ceiling exercise(s). Pool: 64 → 29 @ webpack-internal:///(app-pages-browser)/./src/features/workout-engine/logic/WorkoutGenerator.ts:561
[  282404ms] [LOG] [WorkoutGenerator] Domain quotas: push, pull, legs, core → 6 exercises @ webpack-internal:///(app-pages-browser)/./src/features/workout-engine/logic/workout-selection.utils.ts:1203
[  282404ms] [LOG] [MGDiversity] Displaced 1 same-group duplicates → backfilled 1 (pool had 29 candidates) @ webpack-internal:///(app-pages-browser)/./src/features/workout-engine/logic/WorkoutGenerator.ts:744
[  282405ms] [LOG] [assignVolume] Budget guard: push budget=4 ÷ 2 exercises (budgetCap=1) → consolidated to 1 receiver(s) @ webpack-internal:///(app-pages-browser)/./src/features/workout-engine/logic/workout-budgeting.utils.ts:756
[  282405ms] [LOG] [assignVolume] Budget guard: pull budget=4 ÷ 2 exercises (budgetCap=1) → consolidated to 1 receiver(s) @ webpack-internal:///(app-pages-browser)/./src/features/workout-engine/logic/workout-budgeting.utils.ts:756
[  282405ms] [LOG]   push L1: 4 sets ÷ 1 exercises = 4 sets/each @ webpack-internal:///(app-pages-browser)/./src/features/workout-engine/logic/workout-budgeting.utils.ts:769
[  282405ms] [LOG]   pull L1: 4 sets ÷ 1 exercises = 4 sets/each @ webpack-internal:///(app-pages-browser)/./src/features/workout-engine/logic/workout-budgeting.utils.ts:769
[  282405ms] [LOG]   legs L1: 4 sets ÷ 1 exercises = 4 sets/each @ webpack-internal:///(app-pages-browser)/./src/features/workout-engine/logic/workout-budgeting.utils.ts:769
[  282405ms] [LOG]   core L1: 3 sets ÷ 1 exercises = 3 sets/each @ webpack-internal:///(app-pages-browser)/./src/features/workout-engine/logic/workout-budgeting.utils.ts:769
[  282406ms] [LOG] [BudgetDistributor.balancedClusterCap] D2 balanced session — culled 2 exercise(s) → 4 clustered exercises (diverse=true, domains=4, longSession=false, availableTime=30). Sets: 4/4/3/4 @ webpack-internal:///(app-pages-browser)/./src/features/workout-engine/core/pipeline/BudgetDistributor.ts:638
[  282407ms] [LOG] [WorkoutGenerator][selectProtocol] difficulty=2 | adminProtocols=null | adminProbability=0 | periodizationWeek=1 @ webpack-internal:///(app-pages-browser)/./src/features/workout-engine/logic/WorkoutGenerator.ts:1580
[  282407ms] [LOG] [WorkoutGenerator][selectProtocol] No protocols configured — straight sets @ webpack-internal:///(app-pages-browser)/./src/features/workout-engine/logic/WorkoutGenerator.ts:1594
[  282407ms] [LOG] [findLevelSub] ✅ horizontal_push: picked "פשיטת מרפקים על הרצפה" L1 (gap=0, radius=±2, domain=push L1, D2) @ webpack-internal:///(app-pages-browser)/./src/features/workout-engine/core/pipeline/PoolFactory.ts:243
[  282408ms] [LOG] [HorizontalGuarantee] ✅ "דגל פלאנק צידי"(?) → "פשיטת מרפקים על הרצפה" (L1, domain=push L1, gap=0) [horizontal_push] @ webpack-internal:///(app-pages-browser)/./src/features/workout-engine/core/pipeline/GuaranteePassRunner.ts:321
[  282408ms] [LOG] [findLevelSub] ✅ horizontal_pull: picked "מתח אוסטרלי ב-60° מעלות" L1 (gap=0, radius=±2, domain=pull L1, D2) @ webpack-internal:///(app-pages-browser)/./src/features/workout-engine/core/pipeline/PoolFactory.ts:243
[  282408ms] [LOG] [HorizontalGuarantee] ✅ "נדנוד הכנה לעליית כוח"(vertical_pull) → "מתח אוסטרלי ב-60° מעלות" (L1, domain=pull L1, gap=0) [horizontal_pull] @ webpack-internal:///(app-pages-browser)/./src/features/workout-engine/core/pipeline/GuaranteePassRunner.ts:321
[  282408ms] [LOG] [VerticalFoundation] ⚠️ Could not guarantee vertical_pull foundation — no safe victim @ webpack-internal:///(app-pages-browser)/./src/features/workout-engine/core/pipeline/GuaranteePassRunner.ts:413
[  282408ms] [WARNING] [VerticalFoundation] ⚠️ No foundation candidate for vertical_push within ±6 of L1 @ webpack-internal:///(app-pages-browser)/./src/features/workout-engine/core/pipeline/GuaranteePassRunner.ts:395
[  282409ms] [LOG] ┌─────────────┬────────────┬────────────┬────────────┐
│  Section    │  Work      │  Rest      │  Subtotal  │
├─────────────┼────────────┼────────────┼────────────┤
│  Warmup     │ 0m 0s      │ 0m 0s      │ 0m 0s      │  ← 0s rest, 5s transitions, cap=6m
│  Main       │ 4m 54s     │ 33m 11s    │ 37m 5s     │  ← 33m rest = 89% of main block
│  Cooldown   │ 0m 0s      │ 0m 0s      │ 0m 0s      │
├─────────────┼────────────┼────────────┼────────────┤
│  TOTAL(raw) │             │             │ 37m 5s     │
└─────────────┴────────────┴────────────┴────────────┘ @ webpack-internal:///(app-pages-browser)/./src/features/workout-engine/logic/workout-budgeting.utils.ts:1338
[  282409ms] [LOG]   + Main transitions (3 × 30s): 90s @ webpack-internal:///(app-pages-browser)/./src/features/workout-engine/logic/workout-budgeting.utils.ts:1339
[  282409ms] [LOG]   = Final Duration: 39 min @ webpack-internal:///(app-pages-browser)/./src/features/workout-engine/logic/workout-budgeting.utils.ts:1340
[  282409ms] [TABLE] [Object, Object, Object, Object] @ webpack-internal:///(app-pages-browser)/./src/features/workout-engine/logic/workout-budgeting.utils.ts:1343
[  282409ms] [LOG] [CoreBlock] form=single @ webpack-internal:///(app-pages-browser)/./src/features/workout-engine/logic/WorkoutGenerator.ts:1168
[  282409ms] [LOG] ┌─────────────┬────────────┬────────────┬────────────┐
│  Section    │  Work      │  Rest      │  Subtotal  │
├─────────────┼────────────┼────────────┼────────────┤
│  Warmup     │ 0m 0s      │ 0m 0s      │ 0m 0s      │  ← 0s rest, 5s transitions, cap=6m
│  Main       │ 4m 54s     │ 33m 11s    │ 37m 5s     │  ← 33m rest = 89% of main block
│  Cooldown   │ 0m 0s      │ 0m 0s      │ 0m 0s      │
├─────────────┼────────────┼────────────┼────────────┤
│  TOTAL(raw) │             │             │ 37m 5s     │
└─────────────┴────────────┴────────────┴────────────┘ @ webpack-internal:///(app-pages-browser)/./src/features/workout-engine/logic/workout-budgeting.utils.ts:1338
[  282409ms] [LOG]   + Main transitions (3 × 30s): 90s @ webpack-internal:///(app-pages-browser)/./src/features/workout-engine/logic/workout-budgeting.utils.ts:1339
[  282409ms] [LOG]   = Final Duration: 39 min @ webpack-internal:///(app-pages-browser)/./src/features/workout-engine/logic/workout-budgeting.utils.ts:1340
[  282409ms] [TABLE] [Object, Object, Object, Object] @ webpack-internal:///(app-pages-browser)/./src/features/workout-engine/logic/workout-budgeting.utils.ts:1343
[  282409ms] [LOG] [WorkoutGenerator] Smart set cap: 13 sets (cap 13) @ webpack-internal:///(app-pages-browser)/./src/features/workout-engine/logic/workout-budgeting.utils.ts:1214
[  282409ms] [LOG] ┌─────────────┬────────────┬────────────┬────────────┐
│  Section    │  Work      │  Rest      │  Subtotal  │
├─────────────┼────────────┼────────────┼────────────┤
│  Warmup     │ 0m 0s      │ 0m 0s      │ 0m 0s      │  ← 0s rest, 5s transitions, cap=6m
│  Main       │ 4m 42s     │ 31m 41s    │ 34m 23s    │  ← 31m rest = 89% of main block
│  Cooldown   │ 0m 0s      │ 0m 0s      │ 0m 0s      │
├─────────────┼────────────┼────────────┼────────────┤
│  TOTAL(raw) │             │             │ 34m 23s    │
└─────────────┴────────────┴────────────┴────────────┘ @ webpack-internal:///(app-pages-browser)/./src/features/workout-engine/logic/workout-budgeting.utils.ts:1338
[  282409ms] [LOG]   + Main transitions (3 × 30s): 90s @ webpack-internal:///(app-pages-browser)/./src/features/workout-engine/logic/workout-budgeting.utils.ts:1339
[  282409ms] [LOG]   = Final Duration: 36 min @ webpack-internal:///(app-pages-browser)/./src/features/workout-engine/logic/workout-budgeting.utils.ts:1340
[  282409ms] [TABLE] [Object, Object, Object, Object] @ webpack-internal:///(app-pages-browser)/./src/features/workout-engine/logic/workout-budgeting.utils.ts:1343
[  282410ms] [LOG] [WorkoutGenerator] Smart set cap: 12 sets (cap 12) @ webpack-internal:///(app-pages-browser)/./src/features/workout-engine/logic/workout-budgeting.utils.ts:1214
[  282410ms] [LOG] ┌─────────────┬────────────┬────────────┬────────────┐
│  Section    │  Work      │  Rest      │  Subtotal  │
├─────────────┼────────────┼────────────┼────────────┤
│  Warmup     │ 0m 0s      │ 0m 0s      │ 0m 0s      │  ← 0s rest, 5s transitions, cap=6m
│  Main       │ 3m 24s     │ 28m 18s    │ 32m 42s    │  ← 28m rest = 89% of main block
│  Cooldown   │ 0m 0s      │ 0m 0s      │ 0m 0s      │
├─────────────┼────────────┼────────────┼────────────┤
│  TOTAL(raw) │             │             │ 32m 42s    │
└─────────────┴────────────┴────────────┴────────────┘ @ webpack-internal:///(app-pages-browser)/./src/features/workout-engine/logic/workout-budgeting.utils.ts:1338
[  282410ms] [LOG]   + Main transitions (3 × 30s): 90s @ webpack-internal:///(app-pages-browser)/./src/features/workout-engine/logic/workout-budgeting.utils.ts:1339
[  282410ms] [LOG]   = Final Duration: 34 min @ webpack-internal:///(app-pages-browser)/./src/features/workout-engine/logic/workout-budgeting.utils.ts:1340
[  282410ms] [TABLE] [Object, Object, Object, Object] @ webpack-internal:///(app-pages-browser)/./src/features/workout-engine/logic/workout-budgeting.utils.ts:1343
[  282410ms] [LOG] [WorkoutGenerator] Smart set cap: 11 sets (cap 11) @ webpack-internal:///(app-pages-browser)/./src/features/workout-engine/logic/workout-budgeting.utils.ts:1214
[  282410ms] [LOG] ┌─────────────┬────────────┬────────────┬────────────┐
│  Section    │  Work      │  Rest      │  Subtotal  │
├─────────────┼────────────┼────────────┼────────────┤
│  Warmup     │ 0m 0s      │ 0m 0s      │ 0m 0s      │  ← 0s rest, 5s transitions, cap=6m
│  Main       │ 3m 6s      │ 26m 55s    │ 29m 1s     │  ← 26m rest = 89% of main block
│  Cooldown   │ 0m 0s      │ 0m 0s      │ 0m 0s      │
├─────────────┼────────────┼────────────┼────────────┤
│  TOTAL(raw) │             │             │ 29m 1s     │
└─────────────┴────────────┴────────────┴────────────┘ @ webpack-internal:///(app-pages-browser)/./src/features/workout-engine/logic/workout-budgeting.utils.ts:1338
[  282410ms] [LOG]   + Main transitions (3 × 30s): 90s @ webpack-internal:///(app-pages-browser)/./src/features/workout-engine/logic/workout-budgeting.utils.ts:1339
[  282410ms] [LOG]   = Final Duration: 31 min @ webpack-internal:///(app-pages-browser)/./src/features/workout-engine/logic/workout-budgeting.utils.ts:1340
[  282410ms] [TABLE] [Object, Object, Object, Object] @ webpack-internal:///(app-pages-browser)/./src/features/workout-engine/logic/workout-budgeting.utils.ts:1343
[  282410ms] [LOG] [TimeVolumeFeedback] 3 compression pass(es): 39 min → 31 min (ceiling=30 min, tolerance=3 min) @ webpack-internal:///(app-pages-browser)/./src/features/workout-engine/logic/WorkoutGenerator.ts:1233
[  282410ms] [LOG] ┌─────────────┬────────────┬────────────┬────────────┐
│  Section    │  Work      │  Rest      │  Subtotal  │
├─────────────┼────────────┼────────────┼────────────┤
│  Warmup     │ 0m 0s      │ 0m 0s      │ 0m 0s      │  ← 0s rest, 5s transitions, cap=6m
│  Main       │ 3m 6s      │ 26m 55s    │ 29m 1s     │  ← 26m rest = 89% of main block
│  Cooldown   │ 0m 0s      │ 0m 0s      │ 0m 0s      │
├─────────────┼────────────┼────────────┼────────────┤
│  TOTAL(raw) │             │             │ 29m 1s     │
└─────────────┴────────────┴────────────┴────────────┘ @ webpack-internal:///(app-pages-browser)/./src/features/workout-engine/logic/workout-budgeting.utils.ts:1338
[  282410ms] [LOG]   + Main transitions (3 × 30s): 90s @ webpack-internal:///(app-pages-browser)/./src/features/workout-engine/logic/workout-budgeting.utils.ts:1339
[  282410ms] [LOG]   = Final Duration: 31 min @ webpack-internal:///(app-pages-browser)/./src/features/workout-engine/logic/workout-budgeting.utils.ts:1340
[  282410ms] [TABLE] [Object, Object, Object, Object] @ webpack-internal:///(app-pages-browser)/./src/features/workout-engine/logic/workout-budgeting.utils.ts:1343
[  282410ms] [LOG] [Engine] Pool: 103→101→64→29→6(raw)→6(diverse) | Selected: 4 | Budget: ?/15 remaining/daily | Difficulty: 2 | Sets: 11 @ webpack-internal:///(app-pages-browser)/./src/features/workout-engine/logic/WorkoutGenerator.ts:1264
[  282410ms] [LOG] [1] מתח אוסטרלי ב-60° מעלות | programLevel=1 [LevelResolution] נדנוד הכנה לעליית כוח → L2 via fallback | userDomainL=1 | Tier=match | Sets=4 Reps=5 Rest=138s | Video=YES @ webpack-internal:///(app-pages-browser)/./src/features/workout-engine/logic/WorkoutGenerator.ts:1275
[  282410ms] [LOG] [2] פשיטת מרפקים על הרצפה | programLevel=1 [LevelResolution] דגל פלאנק צידי → L1 via fallback | userDomainL=1 | Tier=match | Sets=2 Reps=4 Rest=150s | Video=YES @ webpack-internal:///(app-pages-browser)/./src/features/workout-engine/logic/WorkoutGenerator.ts:1275
[  282410ms] [LOG] [3] לאנג׳ אחורי | programLevel=1 [LevelResolution] לאנג׳ אחורי → L1 via legs | userDomainL=1 | Tier=match | Sets=2 Reps=3 Rest=143s | Video=YES @ webpack-internal:///(app-pages-browser)/./src/features/workout-engine/logic/WorkoutGenerator.ts:1275
[  282411ms] [LOG] [4] פלאנק על הברכיים | programLevel=1 [LevelResolution] פלאנק על הברכיים → L1 via core | userDomainL=1 | Tier=match | Sets=3 Hold=22s Rest=139s | Video=YES @ webpack-internal:///(app-pages-browser)/./src/features/workout-engine/logic/WorkoutGenerator.ts:1275
[  282412ms] [LOG] [Warmup] Pool: 370 total | follow-along: 13 | role=warmup: 1 | mobility-tag: 0 @ webpack-internal:///(app-pages-browser)/./src/features/workout-engine/services/warmup.service.ts:559
[  282413ms] [LOG] [Warmup] Stage 1: "(none)" selected (none) @ webpack-internal:///(app-pages-browser)/./src/features/workout-engine/services/warmup.service.ts:631
[  282413ms] [LOG] [Warmup] Level 1 ≤ 2 → General Mobility only @ webpack-internal:///(app-pages-browser)/./src/features/workout-engine/services/warmup.service.ts:637
[  282413ms] [LOG]   ETMVVSpt0lIpeF3mkEn6 "מתיחות פלג גוף עליון לבדיקה": OK @ webpack-internal:///(app-pages-browser)/./src/features/workout-engine/services/cooldown.service.ts:80
[  282414ms] [LOG] ┌─────────────┬────────────┬────────────┬────────────┐
│  Section    │  Work      │  Rest      │  Subtotal  │
├─────────────┼────────────┼────────────┼────────────┤
│  Warmup     │ 0m 0s      │ 0m 0s      │ 0m 0s      │  ← 0s rest, 5s transitions, cap=6m
│  Main       │ 3m 6s      │ 26m 55s    │ 29m 1s     │  ← 26m rest = 89% of main block
│  Cooldown   │ 2m 30s     │ 0m 0s      │ 2m 30s     │
├─────────────┼────────────┼────────────┼────────────┤
│  TOTAL(raw) │             │             │ 31m 31s    │
└─────────────┴────────────┴────────────┴────────────┘ @ webpack-internal:///(app-pages-browser)/./src/features/workout-engine/logic/workout-budgeting.utils.ts:1338
[  282414ms] [LOG]   + Main transitions (4 × 30s): 120s @ webpack-internal:///(app-pages-browser)/./src/features/workout-engine/logic/workout-budgeting.utils.ts:1339
[  282414ms] [LOG]   = Final Duration: 33 min @ webpack-internal:///(app-pages-browser)/./src/features/workout-engine/logic/workout-budgeting.utils.ts:1340
[  282414ms] [TABLE] [Object, Object, Object, Object, Object] @ webpack-internal:///(app-pages-browser)/./src/features/workout-engine/logic/workout-budgeting.utils.ts:1343
[  282414ms] [LOG] ┌─────────────┬────────────┬────────────┬────────────┐
│  Section    │  Work      │  Rest      │  Subtotal  │
├─────────────┼────────────┼────────────┼────────────┤
│  Warmup     │ 0m 0s      │ 0m 0s      │ 0m 0s      │  ← 0s rest, 5s transitions, cap=6m
│  Main       │ 3m 51s     │ 24m 37s    │ 26m 28s    │  ← 24m rest = 89% of main block
│  Cooldown   │ 2m 30s     │ 0m 0s      │ 2m 30s     │
├─────────────┼────────────┼────────────┼────────────┤
│  TOTAL(raw) │             │             │ 28m 58s    │
└─────────────┴────────────┴────────────┴────────────┘ @ webpack-internal:///(app-pages-browser)/./src/features/workout-engine/logic/workout-budgeting.utils.ts:1338
[  282414ms] [LOG]   + Main transitions (4 × 30s): 120s @ webpack-internal:///(app-pages-browser)/./src/features/workout-engine/logic/workout-budgeting.utils.ts:1339
[  282414ms] [LOG]   = Final Duration: 30 min @ webpack-internal:///(app-pages-browser)/./src/features/workout-engine/logic/workout-budgeting.utils.ts:1340
[  282414ms] [TABLE] [Object, Object, Object, Object, Object] @ webpack-internal:///(app-pages-browser)/./src/features/workout-engine/logic/workout-budgeting.utils.ts:1343
[  282414ms] [LOG] [PresentationFormatter.volumeCap] Done after 1 step(s): 30m, 11 sets, 4 main exercises @ webpack-internal:///(app-pages-browser)/./src/features/workout-engine/core/presentation/PresentationFormatter.ts:616
[  282874ms] [LOG] [PresentationFormatter] 🪜 Final domain-priority sort applied (order changed, 5 exercises, מאוזן) @ webpack-internal:///(app-pages-browser)/./src/features/workout-engine/core/presentation/PresentationFormatter.ts:330
[  282874ms] [LOG] [WorkoutTrio] Option 2 (מאוזן): D2, 5 exercises, 11 sets, ~30min @ webpack-internal:///(app-pages-browser)/./src/features/workout-engine/services/home-workout.service.ts:1327
[  282874ms] [LOG] [WorkoutTrio] Single-option path — padded 3 slots with the same workout @ webpack-internal:///(app-pages-browser)/./src/features/workout-engine/services/home-workout.service.ts:1336
[  282874ms] [LOG]   Difficulty: 2 ⚡⚡ @ webpack-internal:///(app-pages-browser)/./src/features/workout-engine/services/trio-modifiers.service.ts:823
[  282874ms] [LOG]   Title: אימון כללי מהיר: מקסימום דחיסות בפארק @ webpack-internal:///(app-pages-browser)/./src/features/workout-engine/services/trio-modifiers.service.ts:824
[  282874ms] [LOG]   Duration: ~30 min @ webpack-internal:///(app-pages-browser)/./src/features/workout-engine/services/trio-modifiers.service.ts:825
[  282874ms] [LOG]   Warmups: 0 | Main: 4 | Sets: 11 @ webpack-internal:///(app-pages-browser)/./src/features/workout-engine/services/trio-modifiers.service.ts:826
[  282874ms] [LOG]   Gear: 2 ⚠️ [VQoqHLfhHGhPsaz2zsQO, PXmX6xgAAVq53gLceIcC] @ webpack-internal:///(app-pages-browser)/./src/features/workout-engine/services/trio-modifiers.service.ts:827
[  282874ms] [LOG]   Exercises: [פשיטת מרפקים על הרצפה, מתח אוסטרלי ב-60° מעלות, לאנג׳ אחורי, פלאנק על הברכיים] @ webpack-internal:///(app-pages-browser)/./src/features/workout-engine/services/trio-modifiers.service.ts:828
[  282875ms] [LOG]   Difficulty: 2 ⚡⚡ @ webpack-internal:///(app-pages-browser)/./src/features/workout-engine/services/trio-modifiers.service.ts:823
[  282875ms] [LOG]   Title: אימון כללי מהיר: מקסימום דחיסות בפארק @ webpack-internal:///(app-pages-browser)/./src/features/workout-engine/services/trio-modifiers.service.ts:824
[  282875ms] [LOG]   Duration: ~30 min @ webpack-internal:///(app-pages-browser)/./src/features/workout-engine/services/trio-modifiers.service.ts:825
[  282875ms] [LOG]   Warmups: 0 | Main: 4 | Sets: 11 @ webpack-internal:///(app-pages-browser)/./src/features/workout-engine/services/trio-modifiers.service.ts:826
[  282875ms] [LOG]   Gear: 2 ⚠️ [VQoqHLfhHGhPsaz2zsQO, PXmX6xgAAVq53gLceIcC] @ webpack-internal:///(app-pages-browser)/./src/features/workout-engine/services/trio-modifiers.service.ts:827
[  282875ms] [LOG]   Exercises: [פשיטת מרפקים על הרצפה, מתח אוסטרלי ב-60° מעלות, לאנג׳ אחורי, פלאנק על הברכיים] @ webpack-internal:///(app-pages-browser)/./src/features/workout-engine/services/trio-modifiers.service.ts:828
[  282875ms] [LOG]   Difficulty: 2 ⚡⚡ @ webpack-internal:///(app-pages-browser)/./src/features/workout-engine/services/trio-modifiers.service.ts:823
[  282875ms] [LOG]   Title: אימון כללי מהיר: מקסימום דחיסות בפארק @ webpack-internal:///(app-pages-browser)/./src/features/workout-engine/services/trio-modifiers.service.ts:824
[  282875ms] [LOG]   Duration: ~30 min @ webpack-internal:///(app-pages-browser)/./src/features/workout-engine/services/trio-modifiers.service.ts:825
[  282875ms] [LOG]   Warmups: 0 | Main: 4 | Sets: 11 @ webpack-internal:///(app-pages-browser)/./src/features/workout-engine/services/trio-modifiers.service.ts:826
[  282875ms] [LOG]   Gear: 2 ⚠️ [VQoqHLfhHGhPsaz2zsQO, PXmX6xgAAVq53gLceIcC] @ webpack-internal:///(app-pages-browser)/./src/features/workout-engine/services/trio-modifiers.service.ts:827
[  282875ms] [LOG]   Exercises: [פשיטת מרפקים על הרצפה, מתח אוסטרלי ב-60° מעלות, לאנג׳ אחורי, פלאנק על הברכיים] @ webpack-internal:///(app-pages-browser)/./src/features/workout-engine/services/trio-modifiers.service.ts:828
[  282875ms] [LOG] Overlap: 1↔2=4, 1↔3=4, 2↔3=4 @ webpack-internal:///(app-pages-browser)/./src/features/workout-engine/services/trio-modifiers.service.ts:833
