[    6900ms] [WARNING] [2026-09-22T11:41:56.453Z]  @firebase/auth: Auth (12.6.0): Error while retrieving App Check token: FirebaseError: AppCheck: ReCAPTCHA error. (appCheck/recaptcha-error). @ https://outrun.co.il/_next/static/chunks/2532-16f59635ee5a761a.js:14
[    7653ms] [WARNING] [2026-09-22T11:41:57.207Z]  @firebase/auth: Auth (12.6.0): Error while retrieving App Check token: FirebaseError: AppCheck: ReCAPTCHA error. (appCheck/recaptcha-error). @ https://outrun.co.il/_next/static/chunks/2532-16f59635ee5a761a.js:14
[   26722ms] [INFO] [User Service] User 5UkzK70jmBYoRM0pyna7nhVPZRk1 has missing or empty equipment profile. This may affect Smart Swap functionality. Please update user equipment in the admin panel. @ https://outrun.co.il/_next/static/chunks/9140-1ff4a1a79b8079de.js:0
[   43050ms] [ERROR] Failed to load resource: the server responded with a status of 404 () @ https://outrun.co.il/icons/programs/calisthenics_upper.svg:0
[   68920ms] [LOG] [DEBUG-PAGE] pathConfig.path: body_focus | categories passed to VisualSlider: [planche, front_lever, legs, core] | skipTier: true @ https://outrun.co.il/_next/static/chunks/app/onboarding-new/assessment-visual/page-c4ac6e2686330360.js:0
[   69092ms] [LOG] [DEBUG-RESOLVER] loadCategoryMap built: {human_flag: EtY8YCol0qpF6DzgcTx1, push: J0fLpmJhG0KDN2tQouxh, core: kDMpobbKsuVTByTIKUpe, pull: UPDBtTdCvX748dtBlWYj, one_arm_pullup: cC0BOmm6KIqYAyQynEIo} @ https://outrun.co.il/_next/static/chunks/2378-c01d9a87a3ce5082.js:0
[   69092ms] [LOG] [DEBUG-RESOLVER] Incoming Category: planche Resolved Candidate IDs: [planche, pCI5NHXpowu2ySucqDn8] @ https://outrun.co.il/_next/static/chunks/2378-c01d9a87a3ce5082.js:0
[   69093ms] [LOG] [DEBUG-RESOLVER] loadCategoryMap built: {human_flag: EtY8YCol0qpF6DzgcTx1, push: J0fLpmJhG0KDN2tQouxh, core: kDMpobbKsuVTByTIKUpe, pull: UPDBtTdCvX748dtBlWYj, one_arm_pullup: cC0BOmm6KIqYAyQynEIo} @ https://outrun.co.il/_next/static/chunks/2378-c01d9a87a3ce5082.js:0
[   69093ms] [LOG] [DEBUG-RESOLVER] Incoming Category: front_lever Resolved Candidate IDs: [front_lever, mFcuYlNgKXLqWVUFo0zt] @ https://outrun.co.il/_next/static/chunks/2378-c01d9a87a3ce5082.js:0
[   69093ms] [LOG] [DEBUG-RESOLVER] loadCategoryMap built: {human_flag: EtY8YCol0qpF6DzgcTx1, push: J0fLpmJhG0KDN2tQouxh, core: kDMpobbKsuVTByTIKUpe, pull: UPDBtTdCvX748dtBlWYj, one_arm_pullup: cC0BOmm6KIqYAyQynEIo} @ https://outrun.co.il/_next/static/chunks/2378-c01d9a87a3ce5082.js:0
[   69093ms] [LOG] [DEBUG-RESOLVER] Incoming Category: legs Resolved Candidate IDs: [legs, OrAmOH3F375dVio5yGdU] @ https://outrun.co.il/_next/static/chunks/2378-c01d9a87a3ce5082.js:0
[   69093ms] [LOG] [DEBUG-RESOLVER] loadCategoryMap built: {human_flag: EtY8YCol0qpF6DzgcTx1, push: J0fLpmJhG0KDN2tQouxh, core: kDMpobbKsuVTByTIKUpe, pull: UPDBtTdCvX748dtBlWYj, one_arm_pullup: cC0BOmm6KIqYAyQynEIo} @ https://outrun.co.il/_next/static/chunks/2378-c01d9a87a3ce5082.js:0
[   69093ms] [LOG] [DEBUG-RESOLVER] Incoming Category: core Resolved Candidate IDs: [core, kDMpobbKsuVTByTIKUpe] @ https://outrun.co.il/_next/static/chunks/2378-c01d9a87a3ce5082.js:0
[   69294ms] [LOG] [DEBUG-FIRESTORE] Querying IDs: [planche, pCI5NHXpowu2ySucqDn8] Snapshot size returned: 15 @ https://outrun.co.il/_next/static/chunks/2378-c01d9a87a3ce5082.js:0
[   69295ms] [LOG] [DEBUG-FIRESTORE] showInOnboarding=true levels: [1, 3, 5, 7, 10, 12, 13, 14, 15] (9 total) @ https://outrun.co.il/_next/static/chunks/2378-c01d9a87a3ce5082.js:0
[   69295ms] [LOG] [DEBUG-RESOLVER] Final onboarding levels for "planche": [1, 3, 5, 7, 10, 12, 13, 14, 15] (9 total) @ https://outrun.co.il/_next/static/chunks/2378-c01d9a87a3ce5082.js:0
[   69295ms] [LOG] [DEBUG-RESOLVER] resolveContent("planche", 1) → programId="pCI5NHXpowu2ySucqDn8" @ https://outrun.co.il/_next/static/chunks/2378-c01d9a87a3ce5082.js:0
[   69295ms] [LOG] [DEBUG-RESOLVER] resolveContent("planche", 3) → programId="pCI5NHXpowu2ySucqDn8" @ https://outrun.co.il/_next/static/chunks/2378-c01d9a87a3ce5082.js:0
[   69358ms] [LOG] [DEBUG-FIRESTORE] Querying IDs: [front_lever, mFcuYlNgKXLqWVUFo0zt] Snapshot size returned: 15 @ https://outrun.co.il/_next/static/chunks/2378-c01d9a87a3ce5082.js:0
[   69358ms] [LOG] [DEBUG-FIRESTORE] showInOnboarding=true levels: [1, 3, 5, 7, 9, 11, 13] (7 total) @ https://outrun.co.il/_next/static/chunks/2378-c01d9a87a3ce5082.js:0
[   69358ms] [LOG] [DEBUG-RESOLVER] Final onboarding levels for "front_lever": [1, 3, 5, 7, 9, 11, 13] (7 total) @ https://outrun.co.il/_next/static/chunks/2378-c01d9a87a3ce5082.js:0
[   69358ms] [LOG] [DEBUG-RESOLVER] resolveContent("front_lever", 1) → programId="mFcuYlNgKXLqWVUFo0zt" @ https://outrun.co.il/_next/static/chunks/2378-c01d9a87a3ce5082.js:0
[   69358ms] [LOG] [DEBUG-RESOLVER] resolveContent("front_lever", 3) → programId="mFcuYlNgKXLqWVUFo0zt" @ https://outrun.co.il/_next/static/chunks/2378-c01d9a87a3ce5082.js:0
[   69358ms] [LOG] [DEBUG-FIRESTORE] Querying IDs: [legs, OrAmOH3F375dVio5yGdU] Snapshot size returned: 15 @ https://outrun.co.il/_next/static/chunks/2378-c01d9a87a3ce5082.js:0
[   69358ms] [LOG] [DEBUG-FIRESTORE] showInOnboarding=true levels: [1, 3, 6, 8, 10, 12] (6 total) @ https://outrun.co.il/_next/static/chunks/2378-c01d9a87a3ce5082.js:0
[   69358ms] [LOG] [DEBUG-RESOLVER] Final onboarding levels for "legs": [1, 3, 6, 8, 10, 12] (6 total) @ https://outrun.co.il/_next/static/chunks/2378-c01d9a87a3ce5082.js:0
[   69358ms] [LOG] [DEBUG-RESOLVER] resolveContent("legs", 1) → programId="OrAmOH3F375dVio5yGdU" @ https://outrun.co.il/_next/static/chunks/2378-c01d9a87a3ce5082.js:0
[   69358ms] [LOG] [DEBUG-RESOLVER] resolveContent("legs", 3) → programId="OrAmOH3F375dVio5yGdU" @ https://outrun.co.il/_next/static/chunks/2378-c01d9a87a3ce5082.js:0
[   69358ms] [LOG] [DEBUG-FIRESTORE] Querying IDs: [core, kDMpobbKsuVTByTIKUpe] Snapshot size returned: 20 @ https://outrun.co.il/_next/static/chunks/2378-c01d9a87a3ce5082.js:0
[   69358ms] [LOG] [DEBUG-FIRESTORE] showInOnboarding=true levels: [1, 3, 5, 7, 8, 10, 11, 14] (8 total) @ https://outrun.co.il/_next/static/chunks/2378-c01d9a87a3ce5082.js:0
[   69358ms] [LOG] [DEBUG-RESOLVER] Final onboarding levels for "core": [1, 3, 5, 7, 8, 10, 11, 14] (8 total) @ https://outrun.co.il/_next/static/chunks/2378-c01d9a87a3ce5082.js:0
[   69358ms] [LOG] [DEBUG-RESOLVER] resolveContent("core", 1) → programId="kDMpobbKsuVTByTIKUpe" @ https://outrun.co.il/_next/static/chunks/2378-c01d9a87a3ce5082.js:0
[   69358ms] [LOG] [DEBUG-RESOLVER] resolveContent("core", 3) → programId="kDMpobbKsuVTByTIKUpe" @ https://outrun.co.il/_next/static/chunks/2378-c01d9a87a3ce5082.js:0
[   69445ms] [LOG] [VisualContentService] docToContent "pCI5NHXpowu2ySucqDn8_1": {hasVideoVariantsField: true, hasVariantsField: false, rawType: array[0], parsedVariantsCount: 0, allTopLevelKeys: Array(14)} @ https://outrun.co.il/_next/static/chunks/2378-c01d9a87a3ce5082.js:0
[   69445ms] [LOG] [DEBUG-RESOLVER] attempt1 getVisualContentItem("pCI5NHXpowu2ySucqDn8", 1) → FOUND @ https://outrun.co.il/_next/static/chunks/2378-c01d9a87a3ce5082.js:0
[   69445ms] [LOG] [VisualContentService] docToContent "pCI5NHXpowu2ySucqDn8_3": {hasVideoVariantsField: true, hasVariantsField: false, rawType: array[0], parsedVariantsCount: 0, allTopLevelKeys: Array(14)} @ https://outrun.co.il/_next/static/chunks/2378-c01d9a87a3ce5082.js:0
[   69445ms] [LOG] [DEBUG-RESOLVER] attempt1 getVisualContentItem("pCI5NHXpowu2ySucqDn8", 3) → FOUND @ https://outrun.co.il/_next/static/chunks/2378-c01d9a87a3ce5082.js:0
[   69446ms] [LOG] [DEBUG-PAGE] pathConfig.path: body_focus | categories passed to VisualSlider: [planche, front_lever, legs, core] | skipTier: true @ https://outrun.co.il/_next/static/chunks/app/onboarding-new/assessment-visual/page-c4ac6e2686330360.js:0
[   69446ms] [LOG] [DEBUG-RESOLVER] Incoming Category: planche Resolved Candidate IDs: [planche, pCI5NHXpowu2ySucqDn8] @ https://outrun.co.il/_next/static/chunks/2378-c01d9a87a3ce5082.js:0
[   69446ms] [LOG] [DEBUG-RESOLVER] Incoming Category: front_lever Resolved Candidate IDs: [front_lever, mFcuYlNgKXLqWVUFo0zt] @ https://outrun.co.il/_next/static/chunks/2378-c01d9a87a3ce5082.js:0
[   69446ms] [LOG] [DEBUG-RESOLVER] Incoming Category: legs Resolved Candidate IDs: [legs, OrAmOH3F375dVio5yGdU] @ https://outrun.co.il/_next/static/chunks/2378-c01d9a87a3ce5082.js:0
[   69447ms] [LOG] [DEBUG-RESOLVER] Incoming Category: core Resolved Candidate IDs: [core, kDMpobbKsuVTByTIKUpe] @ https://outrun.co.il/_next/static/chunks/2378-c01d9a87a3ce5082.js:0
[   69503ms] [LOG] [VisualContentService] docToContent "mFcuYlNgKXLqWVUFo0zt_1": {hasVideoVariantsField: true, hasVariantsField: false, rawType: array[0], parsedVariantsCount: 0, allTopLevelKeys: Array(14)} @ https://outrun.co.il/_next/static/chunks/2378-c01d9a87a3ce5082.js:0
[   69503ms] [LOG] [DEBUG-RESOLVER] attempt1 getVisualContentItem("mFcuYlNgKXLqWVUFo0zt", 1) → FOUND @ https://outrun.co.il/_next/static/chunks/2378-c01d9a87a3ce5082.js:0
[   69503ms] [LOG] [VisualContentService] docToContent "mFcuYlNgKXLqWVUFo0zt_3": {hasVideoVariantsField: true, hasVariantsField: false, rawType: array[0], parsedVariantsCount: 0, allTopLevelKeys: Array(14)} @ https://outrun.co.il/_next/static/chunks/2378-c01d9a87a3ce5082.js:0
[   69503ms] [LOG] [DEBUG-RESOLVER] attempt1 getVisualContentItem("mFcuYlNgKXLqWVUFo0zt", 3) → FOUND @ https://outrun.co.il/_next/static/chunks/2378-c01d9a87a3ce5082.js:0
[   69503ms] [LOG] [VisualContentService] docToContent "OrAmOH3F375dVio5yGdU_1": {hasVideoVariantsField: true, hasVariantsField: false, rawType: array[0], parsedVariantsCount: 0, allTopLevelKeys: Array(14)} @ https://outrun.co.il/_next/static/chunks/2378-c01d9a87a3ce5082.js:0
[   69503ms] [LOG] [DEBUG-RESOLVER] attempt1 getVisualContentItem("OrAmOH3F375dVio5yGdU", 1) → FOUND @ https://outrun.co.il/_next/static/chunks/2378-c01d9a87a3ce5082.js:0
[   69664ms] [LOG] [VisualContentService] docToContent "OrAmOH3F375dVio5yGdU_3": {hasVideoVariantsField: true, hasVariantsField: false, rawType: array[0], parsedVariantsCount: 0, allTopLevelKeys: Array(12)} @ https://outrun.co.il/_next/static/chunks/2378-c01d9a87a3ce5082.js:0
[   69664ms] [LOG] [DEBUG-RESOLVER] attempt1 getVisualContentItem("OrAmOH3F375dVio5yGdU", 3) → FOUND @ https://outrun.co.il/_next/static/chunks/2378-c01d9a87a3ce5082.js:0
[   69664ms] [LOG] [VisualContentService] docToContent "kDMpobbKsuVTByTIKUpe_1": {hasVideoVariantsField: true, hasVariantsField: false, rawType: array[0], parsedVariantsCount: 0, allTopLevelKeys: Array(14)} @ https://outrun.co.il/_next/static/chunks/2378-c01d9a87a3ce5082.js:0
[   69664ms] [LOG] [DEBUG-RESOLVER] attempt1 getVisualContentItem("kDMpobbKsuVTByTIKUpe", 1) → FOUND @ https://outrun.co.il/_next/static/chunks/2378-c01d9a87a3ce5082.js:0
[   69664ms] [LOG] [VisualContentService] docToContent "kDMpobbKsuVTByTIKUpe_3": {hasVideoVariantsField: true, hasVariantsField: false, rawType: array[0], parsedVariantsCount: 0, allTopLevelKeys: Array(14)} @ https://outrun.co.il/_next/static/chunks/2378-c01d9a87a3ce5082.js:0
[   69664ms] [LOG] [DEBUG-RESOLVER] attempt1 getVisualContentItem("kDMpobbKsuVTByTIKUpe", 3) → FOUND @ https://outrun.co.il/_next/static/chunks/2378-c01d9a87a3ce5082.js:0
[   69664ms] [LOG] [ContentResolver] Level 1 — exercise video resolved: "מקבילים" → https://vz-b17872ab-7a7.b-cdn.net/726dd77e-6f84-4862-a7ab-cd… @ https://outrun.co.il/_next/static/chunks/2378-c01d9a87a3ce5082.js:0
[   69665ms] [LOG] [ContentResolver] Level 3 — exercise video resolved: "שכיבות סמיכה פייק" → https://vz-b17872ab-7a7.b-cdn.net/0fa11ec8-3148-470b-86f5-67… @ https://outrun.co.il/_next/static/chunks/2378-c01d9a87a3ce5082.js:0
[   69665ms] [LOG] [DEBUG-FIRESTORE] Querying IDs: [planche, pCI5NHXpowu2ySucqDn8] Snapshot size returned: 15 @ https://outrun.co.il/_next/static/chunks/2378-c01d9a87a3ce5082.js:0
[   69665ms] [LOG] [DEBUG-FIRESTORE] showInOnboarding=true levels: [1, 3, 5, 7, 10, 12, 13, 14, 15] (9 total) @ https://outrun.co.il/_next/static/chunks/2378-c01d9a87a3ce5082.js:0
[   69665ms] [LOG] [DEBUG-RESOLVER] Final onboarding levels for "planche": [1, 3, 5, 7, 10, 12, 13, 14, 15] (9 total) @ https://outrun.co.il/_next/static/chunks/2378-c01d9a87a3ce5082.js:0
[   69665ms] [LOG] [DEBUG-RESOLVER] resolveContent("planche", 1) → programId="pCI5NHXpowu2ySucqDn8" @ https://outrun.co.il/_next/static/chunks/2378-c01d9a87a3ce5082.js:0
[   69665ms] [LOG] [DEBUG-RESOLVER] resolveContent("planche", 3) → programId="pCI5NHXpowu2ySucqDn8" @ https://outrun.co.il/_next/static/chunks/2378-c01d9a87a3ce5082.js:0
[   69665ms] [LOG] [DEBUG-FIRESTORE] Querying IDs: [front_lever, mFcuYlNgKXLqWVUFo0zt] Snapshot size returned: 15 @ https://outrun.co.il/_next/static/chunks/2378-c01d9a87a3ce5082.js:0
[   69665ms] [LOG] [DEBUG-FIRESTORE] showInOnboarding=true levels: [1, 3, 5, 7, 9, 11, 13] (7 total) @ https://outrun.co.il/_next/static/chunks/2378-c01d9a87a3ce5082.js:0
[   69665ms] [LOG] [DEBUG-RESOLVER] Final onboarding levels for "front_lever": [1, 3, 5, 7, 9, 11, 13] (7 total) @ https://outrun.co.il/_next/static/chunks/2378-c01d9a87a3ce5082.js:0
[   69665ms] [LOG] [DEBUG-RESOLVER] resolveContent("front_lever", 1) → programId="mFcuYlNgKXLqWVUFo0zt" @ https://outrun.co.il/_next/static/chunks/2378-c01d9a87a3ce5082.js:0
[   69665ms] [LOG] [DEBUG-RESOLVER] resolveContent("front_lever", 3) → programId="mFcuYlNgKXLqWVUFo0zt" @ https://outrun.co.il/_next/static/chunks/2378-c01d9a87a3ce5082.js:0
[   69666ms] [LOG] [DEBUG-FIRESTORE] Querying IDs: [legs, OrAmOH3F375dVio5yGdU] Snapshot size returned: 15 @ https://outrun.co.il/_next/static/chunks/2378-c01d9a87a3ce5082.js:0
[   69666ms] [LOG] [DEBUG-FIRESTORE] showInOnboarding=true levels: [1, 3, 6, 8, 10, 12] (6 total) @ https://outrun.co.il/_next/static/chunks/2378-c01d9a87a3ce5082.js:0
[   69666ms] [LOG] [DEBUG-RESOLVER] Final onboarding levels for "legs": [1, 3, 6, 8, 10, 12] (6 total) @ https://outrun.co.il/_next/static/chunks/2378-c01d9a87a3ce5082.js:0
[   69666ms] [LOG] [DEBUG-RESOLVER] resolveContent("legs", 1) → programId="OrAmOH3F375dVio5yGdU" @ https://outrun.co.il/_next/static/chunks/2378-c01d9a87a3ce5082.js:0
[   69666ms] [LOG] [DEBUG-RESOLVER] resolveContent("legs", 3) → programId="OrAmOH3F375dVio5yGdU" @ https://outrun.co.il/_next/static/chunks/2378-c01d9a87a3ce5082.js:0
[   69666ms] [LOG] [DEBUG-FIRESTORE] Querying IDs: [core, kDMpobbKsuVTByTIKUpe] Snapshot size returned: 20 @ https://outrun.co.il/_next/static/chunks/2378-c01d9a87a3ce5082.js:0
[   69666ms] [LOG] [DEBUG-FIRESTORE] showInOnboarding=true levels: [1, 3, 5, 7, 8, 10, 11, 14] (8 total) @ https://outrun.co.il/_next/static/chunks/2378-c01d9a87a3ce5082.js:0
[   69666ms] [LOG] [DEBUG-RESOLVER] Final onboarding levels for "core": [1, 3, 5, 7, 8, 10, 11, 14] (8 total) @ https://outrun.co.il/_next/static/chunks/2378-c01d9a87a3ce5082.js:0
[   69666ms] [LOG] [DEBUG-RESOLVER] resolveContent("core", 1) → programId="kDMpobbKsuVTByTIKUpe" @ https://outrun.co.il/_next/static/chunks/2378-c01d9a87a3ce5082.js:0
[   69666ms] [LOG] [DEBUG-RESOLVER] resolveContent("core", 3) → programId="kDMpobbKsuVTByTIKUpe" @ https://outrun.co.il/_next/static/chunks/2378-c01d9a87a3ce5082.js:0
[   69666ms] [LOG] [ContentResolver] Level 1 — exercise video resolved: "מתח סופינציה" → https://vz-b17872ab-7a7.b-cdn.net/6f2db76f-5634-4fe6-bfa8-b1… @ https://outrun.co.il/_next/static/chunks/2378-c01d9a87a3ce5082.js:0
[   69666ms] [LOG] [ContentResolver] Level 3 — exercise video resolved: "מתח רחב" → https://vz-b17872ab-7a7.b-cdn.net/b94feac8-97fa-407e-844e-cc… @ https://outrun.co.il/_next/static/chunks/2378-c01d9a87a3ce5082.js:0
[   69667ms] [LOG] [ContentResolver] Level 1 — exercise video resolved: "סקוואט טווח חלקי (להגבהה)" → https://vz-b17872ab-7a7.b-cdn.net/8286f82c-fdf8-4f05-8961-a0… @ https://outrun.co.il/_next/static/chunks/2378-c01d9a87a3ce5082.js:0
[   69801ms] [LOG] [ContentResolver] Level 3 — exercise video resolved: "סקוואט קפיצה" → https://vz-b17872ab-7a7.b-cdn.net/57d8348b-3788-4dd1-880a-8b… @ https://outrun.co.il/_next/static/chunks/2378-c01d9a87a3ce5082.js:0
[   69802ms] [LOG] [ContentResolver] Level 1 — exercise video resolved: "פלאנק על הברכיים" → https://vz-b17872ab-7a7.b-cdn.net/3011b6ff-f251-4c7b-81f4-e2… @ https://outrun.co.il/_next/static/chunks/2378-c01d9a87a3ce5082.js:0
[   69802ms] [LOG] [ContentResolver] Level 3 — exercise video resolved: "פלאנק עליות ונגיעות בכתפיים" → https://vz-b17872ab-7a7.b-cdn.net/4d5bc37c-3994-4574-ace7-12… @ https://outrun.co.il/_next/static/chunks/2378-c01d9a87a3ce5082.js:0
[   69889ms] [LOG] [VisualContentService] docToContent "mFcuYlNgKXLqWVUFo0zt_1": {hasVideoVariantsField: true, hasVariantsField: false, rawType: array[0], parsedVariantsCount: 0, allTopLevelKeys: Array(14)} @ https://outrun.co.il/_next/static/chunks/2378-c01d9a87a3ce5082.js:0
[   69889ms] [LOG] [DEBUG-RESOLVER] attempt1 getVisualContentItem("mFcuYlNgKXLqWVUFo0zt", 1) → FOUND @ https://outrun.co.il/_next/static/chunks/2378-c01d9a87a3ce5082.js:0
[   69889ms] [LOG] [VisualContentService] docToContent "mFcuYlNgKXLqWVUFo0zt_3": {hasVideoVariantsField: true, hasVariantsField: false, rawType: array[0], parsedVariantsCount: 0, allTopLevelKeys: Array(14)} @ https://outrun.co.il/_next/static/chunks/2378-c01d9a87a3ce5082.js:0
[   69889ms] [LOG] [DEBUG-RESOLVER] attempt1 getVisualContentItem("mFcuYlNgKXLqWVUFo0zt", 3) → FOUND @ https://outrun.co.il/_next/static/chunks/2378-c01d9a87a3ce5082.js:0
[   69889ms] [LOG] [VisualContentService] docToContent "OrAmOH3F375dVio5yGdU_1": {hasVideoVariantsField: true, hasVariantsField: false, rawType: array[0], parsedVariantsCount: 0, allTopLevelKeys: Array(14)} @ https://outrun.co.il/_next/static/chunks/2378-c01d9a87a3ce5082.js:0
[   69889ms] [LOG] [DEBUG-RESOLVER] attempt1 getVisualContentItem("OrAmOH3F375dVio5yGdU", 1) → FOUND @ https://outrun.co.il/_next/static/chunks/2378-c01d9a87a3ce5082.js:0
[   69889ms] [LOG] [VisualContentService] docToContent "OrAmOH3F375dVio5yGdU_3": {hasVideoVariantsField: true, hasVariantsField: false, rawType: array[0], parsedVariantsCount: 0, allTopLevelKeys: Array(12)} @ https://outrun.co.il/_next/static/chunks/2378-c01d9a87a3ce5082.js:0
[   69889ms] [LOG] [DEBUG-RESOLVER] attempt1 getVisualContentItem("OrAmOH3F375dVio5yGdU", 3) → FOUND @ https://outrun.co.il/_next/static/chunks/2378-c01d9a87a3ce5082.js:0
[   69889ms] [LOG] [VisualContentService] docToContent "kDMpobbKsuVTByTIKUpe_1": {hasVideoVariantsField: true, hasVariantsField: false, rawType: array[0], parsedVariantsCount: 0, allTopLevelKeys: Array(14)} @ https://outrun.co.il/_next/static/chunks/2378-c01d9a87a3ce5082.js:0
[   69890ms] [LOG] [DEBUG-RESOLVER] attempt1 getVisualContentItem("kDMpobbKsuVTByTIKUpe", 1) → FOUND @ https://outrun.co.il/_next/static/chunks/2378-c01d9a87a3ce5082.js:0
[   69890ms] [LOG] [VisualContentService] docToContent "kDMpobbKsuVTByTIKUpe_3": {hasVideoVariantsField: true, hasVariantsField: false, rawType: array[0], parsedVariantsCount: 0, allTopLevelKeys: Array(14)} @ https://outrun.co.il/_next/static/chunks/2378-c01d9a87a3ce5082.js:0
[   69890ms] [LOG] [DEBUG-RESOLVER] attempt1 getVisualContentItem("kDMpobbKsuVTByTIKUpe", 3) → FOUND @ https://outrun.co.il/_next/static/chunks/2378-c01d9a87a3ce5082.js:0
[   70042ms] [LOG] [ContentResolver] Level 1 — exercise video resolved: "מתח סופינציה" → https://vz-b17872ab-7a7.b-cdn.net/6f2db76f-5634-4fe6-bfa8-b1… @ https://outrun.co.il/_next/static/chunks/2378-c01d9a87a3ce5082.js:0
[   70043ms] [LOG] [ContentResolver] Level 3 — exercise video resolved: "מתח רחב" → https://vz-b17872ab-7a7.b-cdn.net/b94feac8-97fa-407e-844e-cc… @ https://outrun.co.il/_next/static/chunks/2378-c01d9a87a3ce5082.js:0
[   70043ms] [LOG] [ContentResolver] Level 1 — exercise video resolved: "סקוואט טווח חלקי (להגבהה)" → https://vz-b17872ab-7a7.b-cdn.net/8286f82c-fdf8-4f05-8961-a0… @ https://outrun.co.il/_next/static/chunks/2378-c01d9a87a3ce5082.js:0
[   70044ms] [LOG] [ContentResolver] Level 3 — exercise video resolved: "סקוואט קפיצה" → https://vz-b17872ab-7a7.b-cdn.net/57d8348b-3788-4dd1-880a-8b… @ https://outrun.co.il/_next/static/chunks/2378-c01d9a87a3ce5082.js:0
[   70044ms] [LOG] [ContentResolver] Level 1 — exercise video resolved: "פלאנק על הברכיים" → https://vz-b17872ab-7a7.b-cdn.net/3011b6ff-f251-4c7b-81f4-e2… @ https://outrun.co.il/_next/static/chunks/2378-c01d9a87a3ce5082.js:0
[   70089ms] [LOG] [ContentResolver] Level 3 — exercise video resolved: "פלאנק עליות ונגיעות בכתפיים" → https://vz-b17872ab-7a7.b-cdn.net/4d5bc37c-3994-4574-ace7-12… @ https://outrun.co.il/_next/static/chunks/2378-c01d9a87a3ce5082.js:0
[   80760ms] [LOG] [DEBUG-RESOLVER] Incoming Category: planche Resolved Candidate IDs: [planche, pCI5NHXpowu2ySucqDn8] @ https://outrun.co.il/_next/static/chunks/2378-c01d9a87a3ce5082.js:0
[   81080ms] [LOG] [DEBUG-FIRESTORE] Querying IDs: [planche, pCI5NHXpowu2ySucqDn8] Snapshot size returned: 15 @ https://outrun.co.il/_next/static/chunks/2378-c01d9a87a3ce5082.js:0
[   81081ms] [LOG] [DEBUG-FIRESTORE] showInOnboarding=true levels: [1, 3, 5, 7, 10, 12, 13, 14, 15] (9 total) @ https://outrun.co.il/_next/static/chunks/2378-c01d9a87a3ce5082.js:0
[   81081ms] [LOG] [DEBUG-RESOLVER] Final onboarding levels for "planche": [1, 3, 5, 7, 10, 12, 13, 14, 15] (9 total) @ https://outrun.co.il/_next/static/chunks/2378-c01d9a87a3ce5082.js:0
[   81086ms] [LOG] [DEBUG-RESOLVER] resolveContent("planche", 1) → programId="pCI5NHXpowu2ySucqDn8" @ https://outrun.co.il/_next/static/chunks/2378-c01d9a87a3ce5082.js:0
[   81087ms] [LOG] [DEBUG-RESOLVER] resolveContent("planche", 2) → programId="pCI5NHXpowu2ySucqDn8" @ https://outrun.co.il/_next/static/chunks/2378-c01d9a87a3ce5082.js:0
[   81087ms] [LOG] [DEBUG-RESOLVER] resolveContent("planche", 2) → programId="pCI5NHXpowu2ySucqDn8" @ https://outrun.co.il/_next/static/chunks/2378-c01d9a87a3ce5082.js:0
[   81229ms] [LOG] [VisualContentService] docToContent "pCI5NHXpowu2ySucqDn8_2": {hasVideoVariantsField: true, hasVariantsField: false, rawType: array[0], parsedVariantsCount: 0, allTopLevelKeys: Array(14)} @ https://outrun.co.il/_next/static/chunks/2378-c01d9a87a3ce5082.js:0
[   81229ms] [LOG] [DEBUG-RESOLVER] attempt1 getVisualContentItem("pCI5NHXpowu2ySucqDn8", 2) → FOUND @ https://outrun.co.il/_next/static/chunks/2378-c01d9a87a3ce5082.js:0
[   81229ms] [LOG] [VisualContentService] docToContent "pCI5NHXpowu2ySucqDn8_2": {hasVideoVariantsField: true, hasVariantsField: false, rawType: array[0], parsedVariantsCount: 0, allTopLevelKeys: Array(14)} @ https://outrun.co.il/_next/static/chunks/2378-c01d9a87a3ce5082.js:0
[   81229ms] [LOG] [DEBUG-RESOLVER] attempt1 getVisualContentItem("pCI5NHXpowu2ySucqDn8", 2) → FOUND @ https://outrun.co.il/_next/static/chunks/2378-c01d9a87a3ce5082.js:0
[   81349ms] [LOG] [ContentResolver] Level 2 — exercise video resolved: "שכיבות סמיכה סופינציה" → https://vz-b17872ab-7a7.b-cdn.net/9817c4dc-0765-4be0-af69-74… @ https://outrun.co.il/_next/static/chunks/2378-c01d9a87a3ce5082.js:0
[   81349ms] [LOG] [ContentResolver] Level 2 — exercise video resolved: "שכיבות סמיכה סופינציה" → https://vz-b17872ab-7a7.b-cdn.net/9817c4dc-0765-4be0-af69-74… @ https://outrun.co.il/_next/static/chunks/2378-c01d9a87a3ce5082.js:0
[   86999ms] [LOG] [DEBUG-RESOLVER] resolveContent("planche", 12) → programId="pCI5NHXpowu2ySucqDn8" @ https://outrun.co.il/_next/static/chunks/2378-c01d9a87a3ce5082.js:0
[   87117ms] [LOG] [VisualContentService] docToContent "pCI5NHXpowu2ySucqDn8_12": {hasVideoVariantsField: true, hasVariantsField: false, rawType: array[0], parsedVariantsCount: 0, allTopLevelKeys: Array(14)} @ https://outrun.co.il/_next/static/chunks/2378-c01d9a87a3ce5082.js:0
[   87117ms] [LOG] [DEBUG-RESOLVER] attempt1 getVisualContentItem("pCI5NHXpowu2ySucqDn8", 12) → FOUND @ https://outrun.co.il/_next/static/chunks/2378-c01d9a87a3ce5082.js:0
[   87260ms] [LOG] [VisualContentService] docToContent "pCI5NHXpowu2ySucqDn8_11": {hasVideoVariantsField: true, hasVariantsField: false, rawType: array[0], parsedVariantsCount: 0, allTopLevelKeys: Array(14)} @ https://outrun.co.il/_next/static/chunks/2378-c01d9a87a3ce5082.js:0
[   87398ms] [LOG] [VisualContentService] docToContent "pCI5NHXpowu2ySucqDn8_10": {hasVideoVariantsField: true, hasVariantsField: false, rawType: array[0], parsedVariantsCount: 0, allTopLevelKeys: Array(14)} @ https://outrun.co.il/_next/static/chunks/2378-c01d9a87a3ce5082.js:0
[   87529ms] [LOG] [VisualContentService] docToContent "pCI5NHXpowu2ySucqDn8_9": {hasVideoVariantsField: true, hasVariantsField: false, rawType: array[0], parsedVariantsCount: 0, allTopLevelKeys: Array(14)} @ https://outrun.co.il/_next/static/chunks/2378-c01d9a87a3ce5082.js:0
[   87690ms] [LOG] [VisualContentService] docToContent "pCI5NHXpowu2ySucqDn8_8": {hasVideoVariantsField: true, hasVariantsField: false, rawType: array[0], parsedVariantsCount: 0, allTopLevelKeys: Array(14)} @ https://outrun.co.il/_next/static/chunks/2378-c01d9a87a3ce5082.js:0
[   87819ms] [LOG] [VisualContentService] docToContent "pCI5NHXpowu2ySucqDn8_7": {hasVideoVariantsField: true, hasVariantsField: false, rawType: array[0], parsedVariantsCount: 0, allTopLevelKeys: Array(14)} @ https://outrun.co.il/_next/static/chunks/2378-c01d9a87a3ce5082.js:0
[   87963ms] [LOG] [VisualContentService] docToContent "pCI5NHXpowu2ySucqDn8_6": {hasVideoVariantsField: true, hasVariantsField: false, rawType: array[0], parsedVariantsCount: 0, allTopLevelKeys: Array(14)} @ https://outrun.co.il/_next/static/chunks/2378-c01d9a87a3ce5082.js:0
[   88107ms] [LOG] [VisualContentService] docToContent "pCI5NHXpowu2ySucqDn8_5": {hasVideoVariantsField: true, hasVariantsField: false, rawType: array[0], parsedVariantsCount: 0, allTopLevelKeys: Array(14)} @ https://outrun.co.il/_next/static/chunks/2378-c01d9a87a3ce5082.js:0
[   88236ms] [LOG] [VisualContentService] docToContent "pCI5NHXpowu2ySucqDn8_4": {hasVideoVariantsField: true, hasVariantsField: false, rawType: array[0], parsedVariantsCount: 0, allTopLevelKeys: Array(14)} @ https://outrun.co.il/_next/static/chunks/2378-c01d9a87a3ce5082.js:0
[   88359ms] [LOG] [VisualContentService] docToContent "pCI5NHXpowu2ySucqDn8_3": {hasVideoVariantsField: true, hasVariantsField: false, rawType: array[0], parsedVariantsCount: 0, allTopLevelKeys: Array(14)} @ https://outrun.co.il/_next/static/chunks/2378-c01d9a87a3ce5082.js:0
[   88516ms] [LOG] [VisualContentService] docToContent "pCI5NHXpowu2ySucqDn8_2": {hasVideoVariantsField: true, hasVariantsField: false, rawType: array[0], parsedVariantsCount: 0, allTopLevelKeys: Array(14)} @ https://outrun.co.il/_next/static/chunks/2378-c01d9a87a3ce5082.js:0
[   88665ms] [LOG] [VisualContentService] docToContent "pCI5NHXpowu2ySucqDn8_1": {hasVideoVariantsField: true, hasVariantsField: false, rawType: array[0], parsedVariantsCount: 0, allTopLevelKeys: Array(14)} @ https://outrun.co.il/_next/static/chunks/2378-c01d9a87a3ce5082.js:0
[   90055ms] [LOG] [DEBUG-RESOLVER] resolveContent("planche", 11) → programId="pCI5NHXpowu2ySucqDn8" @ https://outrun.co.il/_next/static/chunks/2378-c01d9a87a3ce5082.js:0
[   90055ms] [LOG] [DEBUG-RESOLVER] resolveContent("planche", 13) → programId="pCI5NHXpowu2ySucqDn8" @ https://outrun.co.il/_next/static/chunks/2378-c01d9a87a3ce5082.js:0
[   90055ms] [LOG] [DEBUG-RESOLVER] resolveContent("planche", 13) → programId="pCI5NHXpowu2ySucqDn8" @ https://outrun.co.il/_next/static/chunks/2378-c01d9a87a3ce5082.js:0
[   90194ms] [LOG] [DEBUG-RESOLVER] Incoming Category: front_lever Resolved Candidate IDs: [front_lever, mFcuYlNgKXLqWVUFo0zt] @ https://outrun.co.il/_next/static/chunks/2378-c01d9a87a3ce5082.js:0
[   90202ms] [LOG] [VisualContentService] docToContent "pCI5NHXpowu2ySucqDn8_11": {hasVideoVariantsField: true, hasVariantsField: false, rawType: array[0], parsedVariantsCount: 0, allTopLevelKeys: Array(14)} @ https://outrun.co.il/_next/static/chunks/2378-c01d9a87a3ce5082.js:0
[   90202ms] [LOG] [DEBUG-RESOLVER] attempt1 getVisualContentItem("pCI5NHXpowu2ySucqDn8", 11) → FOUND @ https://outrun.co.il/_next/static/chunks/2378-c01d9a87a3ce5082.js:0
[   90202ms] [LOG] [VisualContentService] docToContent "pCI5NHXpowu2ySucqDn8_13": {hasVideoVariantsField: true, hasVariantsField: false, rawType: array[0], parsedVariantsCount: 0, allTopLevelKeys: Array(14)} @ https://outrun.co.il/_next/static/chunks/2378-c01d9a87a3ce5082.js:0
[   90203ms] [LOG] [DEBUG-RESOLVER] attempt1 getVisualContentItem("pCI5NHXpowu2ySucqDn8", 13) → FOUND @ https://outrun.co.il/_next/static/chunks/2378-c01d9a87a3ce5082.js:0
[   90203ms] [LOG] [VisualContentService] docToContent "pCI5NHXpowu2ySucqDn8_13": {hasVideoVariantsField: true, hasVariantsField: false, rawType: array[0], parsedVariantsCount: 0, allTopLevelKeys: Array(14)} @ https://outrun.co.il/_next/static/chunks/2378-c01d9a87a3ce5082.js:0
[   90203ms] [LOG] [DEBUG-RESOLVER] attempt1 getVisualContentItem("pCI5NHXpowu2ySucqDn8", 13) → FOUND @ https://outrun.co.il/_next/static/chunks/2378-c01d9a87a3ce5082.js:0
[   90358ms] [LOG] [DEBUG-FIRESTORE] Querying IDs: [front_lever, mFcuYlNgKXLqWVUFo0zt] Snapshot size returned: 15 @ https://outrun.co.il/_next/static/chunks/2378-c01d9a87a3ce5082.js:0
[   90358ms] [LOG] [DEBUG-FIRESTORE] showInOnboarding=true levels: [1, 3, 5, 7, 9, 11, 13] (7 total) @ https://outrun.co.il/_next/static/chunks/2378-c01d9a87a3ce5082.js:0
[   90358ms] [LOG] [DEBUG-RESOLVER] Final onboarding levels for "front_lever": [1, 3, 5, 7, 9, 11, 13] (7 total) @ https://outrun.co.il/_next/static/chunks/2378-c01d9a87a3ce5082.js:0
[   90359ms] [LOG] [ContentResolver] Level 11 — exercise video resolved: "שכיבות סמיכה פלאנץ׳ בטאק מתקדם" → https://vz-b17872ab-7a7.b-cdn.net/eeb3aed1-5a23-4689-9ad9-59… @ https://outrun.co.il/_next/static/chunks/2378-c01d9a87a3ce5082.js:0
[   90359ms] [LOG] [VisualContentService] docToContent "pCI5NHXpowu2ySucqDn8_12": {hasVideoVariantsField: true, hasVariantsField: false, rawType: array[0], parsedVariantsCount: 0, allTopLevelKeys: Array(14)} @ https://outrun.co.il/_next/static/chunks/2378-c01d9a87a3ce5082.js:0
[   90359ms] [LOG] [VisualContentService] docToContent "pCI5NHXpowu2ySucqDn8_12": {hasVideoVariantsField: true, hasVariantsField: false, rawType: array[0], parsedVariantsCount: 0, allTopLevelKeys: Array(14)} @ https://outrun.co.il/_next/static/chunks/2378-c01d9a87a3ce5082.js:0
[   90361ms] [LOG] [DEBUG-RESOLVER] resolveContent("front_lever", 1) → programId="mFcuYlNgKXLqWVUFo0zt" @ https://outrun.co.il/_next/static/chunks/2378-c01d9a87a3ce5082.js:0
[   90361ms] [LOG] [DEBUG-RESOLVER] resolveContent("front_lever", 2) → programId="mFcuYlNgKXLqWVUFo0zt" @ https://outrun.co.il/_next/static/chunks/2378-c01d9a87a3ce5082.js:0
[   90361ms] [LOG] [DEBUG-RESOLVER] resolveContent("front_lever", 2) → programId="mFcuYlNgKXLqWVUFo0zt" @ https://outrun.co.il/_next/static/chunks/2378-c01d9a87a3ce5082.js:0
[   90477ms] [LOG] [VisualContentService] docToContent "pCI5NHXpowu2ySucqDn8_11": {hasVideoVariantsField: true, hasVariantsField: false, rawType: array[0], parsedVariantsCount: 0, allTopLevelKeys: Array(14)} @ https://outrun.co.il/_next/static/chunks/2378-c01d9a87a3ce5082.js:0
[   90477ms] [LOG] [VisualContentService] docToContent "pCI5NHXpowu2ySucqDn8_11": {hasVideoVariantsField: true, hasVariantsField: false, rawType: array[0], parsedVariantsCount: 0, allTopLevelKeys: Array(14)} @ https://outrun.co.il/_next/static/chunks/2378-c01d9a87a3ce5082.js:0
[   90477ms] [LOG] [VisualContentService] docToContent "mFcuYlNgKXLqWVUFo0zt_2": {hasVideoVariantsField: true, hasVariantsField: false, rawType: array[0], parsedVariantsCount: 0, allTopLevelKeys: Array(14)} @ https://outrun.co.il/_next/static/chunks/2378-c01d9a87a3ce5082.js:0
[   90477ms] [LOG] [DEBUG-RESOLVER] attempt1 getVisualContentItem("mFcuYlNgKXLqWVUFo0zt", 2) → FOUND @ https://outrun.co.il/_next/static/chunks/2378-c01d9a87a3ce5082.js:0
[   90477ms] [LOG] [VisualContentService] docToContent "mFcuYlNgKXLqWVUFo0zt_2": {hasVideoVariantsField: true, hasVariantsField: false, rawType: array[0], parsedVariantsCount: 0, allTopLevelKeys: Array(14)} @ https://outrun.co.il/_next/static/chunks/2378-c01d9a87a3ce5082.js:0
[   90477ms] [LOG] [DEBUG-RESOLVER] attempt1 getVisualContentItem("mFcuYlNgKXLqWVUFo0zt", 2) → FOUND @ https://outrun.co.il/_next/static/chunks/2378-c01d9a87a3ce5082.js:0
[   90598ms] [LOG] [VisualContentService] docToContent "pCI5NHXpowu2ySucqDn8_10": {hasVideoVariantsField: true, hasVariantsField: false, rawType: array[0], parsedVariantsCount: 0, allTopLevelKeys: Array(14)} @ https://outrun.co.il/_next/static/chunks/2378-c01d9a87a3ce5082.js:0
[   90598ms] [LOG] [VisualContentService] docToContent "pCI5NHXpowu2ySucqDn8_10": {hasVideoVariantsField: true, hasVariantsField: false, rawType: array[0], parsedVariantsCount: 0, allTopLevelKeys: Array(14)} @ https://outrun.co.il/_next/static/chunks/2378-c01d9a87a3ce5082.js:0
[   90599ms] [LOG] [ContentResolver] Level 2 — exercise video resolved: "מתח קומנדו" → https://vz-b17872ab-7a7.b-cdn.net/fc8e9782-ed5b-4047-9ac2-1f… @ https://outrun.co.il/_next/static/chunks/2378-c01d9a87a3ce5082.js:0
[   90599ms] [LOG] [ContentResolver] Level 2 — exercise video resolved: "מתח קומנדו" → https://vz-b17872ab-7a7.b-cdn.net/fc8e9782-ed5b-4047-9ac2-1f… @ https://outrun.co.il/_next/static/chunks/2378-c01d9a87a3ce5082.js:0
[   90730ms] [LOG] [VisualContentService] docToContent "pCI5NHXpowu2ySucqDn8_9": {hasVideoVariantsField: true, hasVariantsField: false, rawType: array[0], parsedVariantsCount: 0, allTopLevelKeys: Array(14)} @ https://outrun.co.il/_next/static/chunks/2378-c01d9a87a3ce5082.js:0
[   90731ms] [LOG] [VisualContentService] docToContent "pCI5NHXpowu2ySucqDn8_9": {hasVideoVariantsField: true, hasVariantsField: false, rawType: array[0], parsedVariantsCount: 0, allTopLevelKeys: Array(14)} @ https://outrun.co.il/_next/static/chunks/2378-c01d9a87a3ce5082.js:0
[   90877ms] [LOG] [VisualContentService] docToContent "pCI5NHXpowu2ySucqDn8_8": {hasVideoVariantsField: true, hasVariantsField: false, rawType: array[0], parsedVariantsCount: 0, allTopLevelKeys: Array(14)} @ https://outrun.co.il/_next/static/chunks/2378-c01d9a87a3ce5082.js:0
[   90878ms] [LOG] [VisualContentService] docToContent "pCI5NHXpowu2ySucqDn8_8": {hasVideoVariantsField: true, hasVariantsField: false, rawType: array[0], parsedVariantsCount: 0, allTopLevelKeys: Array(14)} @ https://outrun.co.il/_next/static/chunks/2378-c01d9a87a3ce5082.js:0
[   91030ms] [LOG] [VisualContentService] docToContent "pCI5NHXpowu2ySucqDn8_7": {hasVideoVariantsField: true, hasVariantsField: false, rawType: array[0], parsedVariantsCount: 0, allTopLevelKeys: Array(14)} @ https://outrun.co.il/_next/static/chunks/2378-c01d9a87a3ce5082.js:0
[   91030ms] [LOG] [VisualContentService] docToContent "pCI5NHXpowu2ySucqDn8_7": {hasVideoVariantsField: true, hasVariantsField: false, rawType: array[0], parsedVariantsCount: 0, allTopLevelKeys: Array(14)} @ https://outrun.co.il/_next/static/chunks/2378-c01d9a87a3ce5082.js:0
[   91284ms] [LOG] [VisualContentService] docToContent "pCI5NHXpowu2ySucqDn8_6": {hasVideoVariantsField: true, hasVariantsField: false, rawType: array[0], parsedVariantsCount: 0, allTopLevelKeys: Array(14)} @ https://outrun.co.il/_next/static/chunks/2378-c01d9a87a3ce5082.js:0
[   91284ms] [LOG] [VisualContentService] docToContent "pCI5NHXpowu2ySucqDn8_6": {hasVideoVariantsField: true, hasVariantsField: false, rawType: array[0], parsedVariantsCount: 0, allTopLevelKeys: Array(14)} @ https://outrun.co.il/_next/static/chunks/2378-c01d9a87a3ce5082.js:0
[   91412ms] [LOG] [VisualContentService] docToContent "pCI5NHXpowu2ySucqDn8_5": {hasVideoVariantsField: true, hasVariantsField: false, rawType: array[0], parsedVariantsCount: 0, allTopLevelKeys: Array(14)} @ https://outrun.co.il/_next/static/chunks/2378-c01d9a87a3ce5082.js:0
[   91412ms] [LOG] [VisualContentService] docToContent "pCI5NHXpowu2ySucqDn8_5": {hasVideoVariantsField: true, hasVariantsField: false, rawType: array[0], parsedVariantsCount: 0, allTopLevelKeys: Array(14)} @ https://outrun.co.il/_next/static/chunks/2378-c01d9a87a3ce5082.js:0
[   91516ms] [LOG] [VisualContentService] docToContent "pCI5NHXpowu2ySucqDn8_4": {hasVideoVariantsField: true, hasVariantsField: false, rawType: array[0], parsedVariantsCount: 0, allTopLevelKeys: Array(14)} @ https://outrun.co.il/_next/static/chunks/2378-c01d9a87a3ce5082.js:0
[   91517ms] [LOG] [VisualContentService] docToContent "pCI5NHXpowu2ySucqDn8_4": {hasVideoVariantsField: true, hasVariantsField: false, rawType: array[0], parsedVariantsCount: 0, allTopLevelKeys: Array(14)} @ https://outrun.co.il/_next/static/chunks/2378-c01d9a87a3ce5082.js:0
[   91634ms] [LOG] [VisualContentService] docToContent "pCI5NHXpowu2ySucqDn8_3": {hasVideoVariantsField: true, hasVariantsField: false, rawType: array[0], parsedVariantsCount: 0, allTopLevelKeys: Array(14)} @ https://outrun.co.il/_next/static/chunks/2378-c01d9a87a3ce5082.js:0
[   91634ms] [LOG] [VisualContentService] docToContent "pCI5NHXpowu2ySucqDn8_3": {hasVideoVariantsField: true, hasVariantsField: false, rawType: array[0], parsedVariantsCount: 0, allTopLevelKeys: Array(14)} @ https://outrun.co.il/_next/static/chunks/2378-c01d9a87a3ce5082.js:0
[   91755ms] [LOG] [VisualContentService] docToContent "pCI5NHXpowu2ySucqDn8_2": {hasVideoVariantsField: true, hasVariantsField: false, rawType: array[0], parsedVariantsCount: 0, allTopLevelKeys: Array(14)} @ https://outrun.co.il/_next/static/chunks/2378-c01d9a87a3ce5082.js:0
[   91755ms] [LOG] [VisualContentService] docToContent "pCI5NHXpowu2ySucqDn8_2": {hasVideoVariantsField: true, hasVariantsField: false, rawType: array[0], parsedVariantsCount: 0, allTopLevelKeys: Array(14)} @ https://outrun.co.il/_next/static/chunks/2378-c01d9a87a3ce5082.js:0
[   91875ms] [LOG] [VisualContentService] docToContent "pCI5NHXpowu2ySucqDn8_1": {hasVideoVariantsField: true, hasVariantsField: false, rawType: array[0], parsedVariantsCount: 0, allTopLevelKeys: Array(14)} @ https://outrun.co.il/_next/static/chunks/2378-c01d9a87a3ce5082.js:0
[   91875ms] [LOG] [VisualContentService] docToContent "pCI5NHXpowu2ySucqDn8_1": {hasVideoVariantsField: true, hasVariantsField: false, rawType: array[0], parsedVariantsCount: 0, allTopLevelKeys: Array(14)} @ https://outrun.co.il/_next/static/chunks/2378-c01d9a87a3ce5082.js:0
[   97735ms] [LOG] [DEBUG-RESOLVER] resolveContent("front_lever", 11) → programId="mFcuYlNgKXLqWVUFo0zt" @ https://outrun.co.il/_next/static/chunks/2378-c01d9a87a3ce5082.js:0
[   97908ms] [LOG] [VisualContentService] docToContent "mFcuYlNgKXLqWVUFo0zt_11": {hasVideoVariantsField: true, hasVariantsField: false, rawType: array[0], parsedVariantsCount: 0, allTopLevelKeys: Array(14)} @ https://outrun.co.il/_next/static/chunks/2378-c01d9a87a3ce5082.js:0
[   97908ms] [LOG] [DEBUG-RESOLVER] attempt1 getVisualContentItem("mFcuYlNgKXLqWVUFo0zt", 11) → FOUND @ https://outrun.co.il/_next/static/chunks/2378-c01d9a87a3ce5082.js:0
[   98021ms] [LOG] [ContentResolver] Level 11 — exercise video resolved: "פרונט לבר בפישוק" → https://vz-b17872ab-7a7.b-cdn.net/ba8207a0-78fa-49b6-bf30-f0… @ https://outrun.co.il/_next/static/chunks/2378-c01d9a87a3ce5082.js:0
[   98021ms] [LOG] [DEBUG-RESOLVER] resolveContent("front_lever", 10) → programId="mFcuYlNgKXLqWVUFo0zt" @ https://outrun.co.il/_next/static/chunks/2378-c01d9a87a3ce5082.js:0
[   98021ms] [LOG] [DEBUG-RESOLVER] resolveContent("front_lever", 12) → programId="mFcuYlNgKXLqWVUFo0zt" @ https://outrun.co.il/_next/static/chunks/2378-c01d9a87a3ce5082.js:0
[   98021ms] [LOG] [DEBUG-RESOLVER] resolveContent("front_lever", 12) → programId="mFcuYlNgKXLqWVUFo0zt" @ https://outrun.co.il/_next/static/chunks/2378-c01d9a87a3ce5082.js:0
[   98156ms] [LOG] [VisualContentService] docToContent "mFcuYlNgKXLqWVUFo0zt_10": {hasVideoVariantsField: true, hasVariantsField: false, rawType: array[0], parsedVariantsCount: 0, allTopLevelKeys: Array(14)} @ https://outrun.co.il/_next/static/chunks/2378-c01d9a87a3ce5082.js:0
[   98156ms] [LOG] [DEBUG-RESOLVER] attempt1 getVisualContentItem("mFcuYlNgKXLqWVUFo0zt", 10) → FOUND @ https://outrun.co.il/_next/static/chunks/2378-c01d9a87a3ce5082.js:0
[   98156ms] [LOG] [VisualContentService] docToContent "mFcuYlNgKXLqWVUFo0zt_12": {hasVideoVariantsField: true, hasVariantsField: false, rawType: array[0], parsedVariantsCount: 0, allTopLevelKeys: Array(14)} @ https://outrun.co.il/_next/static/chunks/2378-c01d9a87a3ce5082.js:0
[   98156ms] [LOG] [DEBUG-RESOLVER] attempt1 getVisualContentItem("mFcuYlNgKXLqWVUFo0zt", 12) → FOUND @ https://outrun.co.il/_next/static/chunks/2378-c01d9a87a3ce5082.js:0
[   98156ms] [LOG] [VisualContentService] docToContent "mFcuYlNgKXLqWVUFo0zt_12": {hasVideoVariantsField: true, hasVariantsField: false, rawType: array[0], parsedVariantsCount: 0, allTopLevelKeys: Array(14)} @ https://outrun.co.il/_next/static/chunks/2378-c01d9a87a3ce5082.js:0
[   98156ms] [LOG] [DEBUG-RESOLVER] attempt1 getVisualContentItem("mFcuYlNgKXLqWVUFo0zt", 12) → FOUND @ https://outrun.co.il/_next/static/chunks/2378-c01d9a87a3ce5082.js:0
[   98313ms] [LOG] [ContentResolver] Level 10 — exercise video resolved: "הרמות פרונט לבר רגל אחת" → https://vz-b17872ab-7a7.b-cdn.net/571a5005-79a4-418d-b8f1-20… @ https://outrun.co.il/_next/static/chunks/2378-c01d9a87a3ce5082.js:0
[   98314ms] [LOG] [ContentResolver] Level 12 — exercise video resolved: "פרונט לבר חצי גוף" → https://vz-b17872ab-7a7.b-cdn.net/f9bd7fa7-9e77-4ca8-ac4c-35… @ https://outrun.co.il/_next/static/chunks/2378-c01d9a87a3ce5082.js:0
[   98314ms] [LOG] [ContentResolver] Level 12 — exercise video resolved: "פרונט לבר חצי גוף" → https://vz-b17872ab-7a7.b-cdn.net/f9bd7fa7-9e77-4ca8-ac4c-35… @ https://outrun.co.il/_next/static/chunks/2378-c01d9a87a3ce5082.js:0
[  101227ms] [LOG] [DEBUG-RESOLVER] Incoming Category: legs Resolved Candidate IDs: [legs, OrAmOH3F375dVio5yGdU] @ https://outrun.co.il/_next/static/chunks/2378-c01d9a87a3ce5082.js:0
[  101361ms] [LOG] [DEBUG-FIRESTORE] Querying IDs: [legs, OrAmOH3F375dVio5yGdU] Snapshot size returned: 15 @ https://outrun.co.il/_next/static/chunks/2378-c01d9a87a3ce5082.js:0
[  101361ms] [LOG] [DEBUG-FIRESTORE] showInOnboarding=true levels: [1, 3, 6, 8, 10, 12] (6 total) @ https://outrun.co.il/_next/static/chunks/2378-c01d9a87a3ce5082.js:0
[  101361ms] [LOG] [DEBUG-RESOLVER] Final onboarding levels for "legs": [1, 3, 6, 8, 10, 12] (6 total) @ https://outrun.co.il/_next/static/chunks/2378-c01d9a87a3ce5082.js:0
[  101362ms] [LOG] [DEBUG-RESOLVER] resolveContent("legs", 1) → programId="OrAmOH3F375dVio5yGdU" @ https://outrun.co.il/_next/static/chunks/2378-c01d9a87a3ce5082.js:0
[  101362ms] [LOG] [DEBUG-RESOLVER] resolveContent("legs", 2) → programId="OrAmOH3F375dVio5yGdU" @ https://outrun.co.il/_next/static/chunks/2378-c01d9a87a3ce5082.js:0
[  101362ms] [LOG] [DEBUG-RESOLVER] resolveContent("legs", 2) → programId="OrAmOH3F375dVio5yGdU" @ https://outrun.co.il/_next/static/chunks/2378-c01d9a87a3ce5082.js:0
[  101494ms] [LOG] [VisualContentService] docToContent "OrAmOH3F375dVio5yGdU_2": {hasVideoVariantsField: true, hasVariantsField: false, rawType: array[0], parsedVariantsCount: 0, allTopLevelKeys: Array(12)} @ https://outrun.co.il/_next/static/chunks/2378-c01d9a87a3ce5082.js:0
[  101494ms] [LOG] [DEBUG-RESOLVER] attempt1 getVisualContentItem("OrAmOH3F375dVio5yGdU", 2) → FOUND @ https://outrun.co.il/_next/static/chunks/2378-c01d9a87a3ce5082.js:0
[  101494ms] [LOG] [VisualContentService] docToContent "OrAmOH3F375dVio5yGdU_2": {hasVideoVariantsField: true, hasVariantsField: false, rawType: array[0], parsedVariantsCount: 0, allTopLevelKeys: Array(12)} @ https://outrun.co.il/_next/static/chunks/2378-c01d9a87a3ce5082.js:0
[  101494ms] [LOG] [DEBUG-RESOLVER] attempt1 getVisualContentItem("OrAmOH3F375dVio5yGdU", 2) → FOUND @ https://outrun.co.il/_next/static/chunks/2378-c01d9a87a3ce5082.js:0
[  101609ms] [LOG] [ContentResolver] Level 2 — exercise video resolved: "היפ טראסט רגל אחת" → https://vz-b17872ab-7a7.b-cdn.net/cf09b02d-edd1-434e-8be6-36… @ https://outrun.co.il/_next/static/chunks/2378-c01d9a87a3ce5082.js:0
[  101610ms] [LOG] [ContentResolver] Level 2 — exercise video resolved: "היפ טראסט רגל אחת" → https://vz-b17872ab-7a7.b-cdn.net/cf09b02d-edd1-434e-8be6-36… @ https://outrun.co.il/_next/static/chunks/2378-c01d9a87a3ce5082.js:0
[  107958ms] [LOG] [DEBUG-RESOLVER] resolveContent("legs", 12) → programId="OrAmOH3F375dVio5yGdU" @ https://outrun.co.il/_next/static/chunks/2378-c01d9a87a3ce5082.js:0
[  108148ms] [LOG] [VisualContentService] docToContent "OrAmOH3F375dVio5yGdU_12": {hasVideoVariantsField: true, hasVariantsField: false, rawType: array[0], parsedVariantsCount: 0, allTopLevelKeys: Array(14)} @ https://outrun.co.il/_next/static/chunks/2378-c01d9a87a3ce5082.js:0
[  108149ms] [LOG] [DEBUG-RESOLVER] attempt1 getVisualContentItem("OrAmOH3F375dVio5yGdU", 12) → FOUND @ https://outrun.co.il/_next/static/chunks/2378-c01d9a87a3ce5082.js:0
[  108345ms] [LOG] [ContentResolver] Level 12 — exercise video resolved: "דרגון סקוואט" → https://vz-b17872ab-7a7.b-cdn.net/1b85355d-ea49-485c-8103-c5… @ https://outrun.co.il/_next/static/chunks/2378-c01d9a87a3ce5082.js:0
[  108346ms] [LOG] [DEBUG-RESOLVER] resolveContent("legs", 11) → programId="OrAmOH3F375dVio5yGdU" @ https://outrun.co.il/_next/static/chunks/2378-c01d9a87a3ce5082.js:0
[  108346ms] [LOG] [DEBUG-RESOLVER] resolveContent("legs", 13) → programId="OrAmOH3F375dVio5yGdU" @ https://outrun.co.il/_next/static/chunks/2378-c01d9a87a3ce5082.js:0
[  108346ms] [LOG] [DEBUG-RESOLVER] resolveContent("legs", 13) → programId="OrAmOH3F375dVio5yGdU" @ https://outrun.co.il/_next/static/chunks/2378-c01d9a87a3ce5082.js:0
[  108533ms] [LOG] [VisualContentService] docToContent "OrAmOH3F375dVio5yGdU_11": {hasVideoVariantsField: true, hasVariantsField: false, rawType: array[0], parsedVariantsCount: 0, allTopLevelKeys: Array(14)} @ https://outrun.co.il/_next/static/chunks/2378-c01d9a87a3ce5082.js:0
[  108533ms] [LOG] [DEBUG-RESOLVER] attempt1 getVisualContentItem("OrAmOH3F375dVio5yGdU", 11) → FOUND @ https://outrun.co.il/_next/static/chunks/2378-c01d9a87a3ce5082.js:0
[  108533ms] [LOG] [VisualContentService] docToContent "OrAmOH3F375dVio5yGdU_13": {hasVideoVariantsField: true, hasVariantsField: false, rawType: array[0], parsedVariantsCount: 0, allTopLevelKeys: Array(14)} @ https://outrun.co.il/_next/static/chunks/2378-c01d9a87a3ce5082.js:0
[  108533ms] [LOG] [DEBUG-RESOLVER] attempt1 getVisualContentItem("OrAmOH3F375dVio5yGdU", 13) → FOUND @ https://outrun.co.il/_next/static/chunks/2378-c01d9a87a3ce5082.js:0
[  108533ms] [LOG] [VisualContentService] docToContent "OrAmOH3F375dVio5yGdU_13": {hasVideoVariantsField: true, hasVariantsField: false, rawType: array[0], parsedVariantsCount: 0, allTopLevelKeys: Array(14)} @ https://outrun.co.il/_next/static/chunks/2378-c01d9a87a3ce5082.js:0
[  108534ms] [LOG] [DEBUG-RESOLVER] attempt1 getVisualContentItem("OrAmOH3F375dVio5yGdU", 13) → FOUND @ https://outrun.co.il/_next/static/chunks/2378-c01d9a87a3ce5082.js:0
[  108690ms] [LOG] [ContentResolver] Level 11 — exercise video resolved: "סיסי סקוואט" → https://vz-b17872ab-7a7.b-cdn.net/c8b3ed8c-7106-4f00-b2ab-35… @ https://outrun.co.il/_next/static/chunks/2378-c01d9a87a3ce5082.js:0
[  108691ms] [LOG] [ContentResolver] Level 13 — exercise video resolved: "כפיפת נורדיק" → https://vz-b17872ab-7a7.b-cdn.net/abbdac97-8426-4e04-90c7-09… @ https://outrun.co.il/_next/static/chunks/2378-c01d9a87a3ce5082.js:0
[  108691ms] [LOG] [ContentResolver] Level 13 — exercise video resolved: "כפיפת נורדיק" → https://vz-b17872ab-7a7.b-cdn.net/abbdac97-8426-4e04-90c7-09… @ https://outrun.co.il/_next/static/chunks/2378-c01d9a87a3ce5082.js:0
[  111261ms] [LOG] [DEBUG-RESOLVER] Incoming Category: core Resolved Candidate IDs: [core, kDMpobbKsuVTByTIKUpe] @ https://outrun.co.il/_next/static/chunks/2378-c01d9a87a3ce5082.js:0
[  111398ms] [LOG] [DEBUG-FIRESTORE] Querying IDs: [core, kDMpobbKsuVTByTIKUpe] Snapshot size returned: 20 @ https://outrun.co.il/_next/static/chunks/2378-c01d9a87a3ce5082.js:0
[  111399ms] [LOG] [DEBUG-FIRESTORE] showInOnboarding=true levels: [1, 3, 5, 7, 8, 10, 11, 14] (8 total) @ https://outrun.co.il/_next/static/chunks/2378-c01d9a87a3ce5082.js:0
[  111399ms] [LOG] [DEBUG-RESOLVER] Final onboarding levels for "core": [1, 3, 5, 7, 8, 10, 11, 14] (8 total) @ https://outrun.co.il/_next/static/chunks/2378-c01d9a87a3ce5082.js:0
[  111401ms] [LOG] [DEBUG-RESOLVER] resolveContent("core", 1) → programId="kDMpobbKsuVTByTIKUpe" @ https://outrun.co.il/_next/static/chunks/2378-c01d9a87a3ce5082.js:0
[  111401ms] [LOG] [DEBUG-RESOLVER] resolveContent("core", 2) → programId="kDMpobbKsuVTByTIKUpe" @ https://outrun.co.il/_next/static/chunks/2378-c01d9a87a3ce5082.js:0
[  111401ms] [LOG] [DEBUG-RESOLVER] resolveContent("core", 2) → programId="kDMpobbKsuVTByTIKUpe" @ https://outrun.co.il/_next/static/chunks/2378-c01d9a87a3ce5082.js:0
[  111555ms] [LOG] [VisualContentService] docToContent "kDMpobbKsuVTByTIKUpe_2": {hasVideoVariantsField: true, hasVariantsField: false, rawType: array[0], parsedVariantsCount: 0, allTopLevelKeys: Array(14)} @ https://outrun.co.il/_next/static/chunks/2378-c01d9a87a3ce5082.js:0
[  111555ms] [LOG] [DEBUG-RESOLVER] attempt1 getVisualContentItem("kDMpobbKsuVTByTIKUpe", 2) → FOUND @ https://outrun.co.il/_next/static/chunks/2378-c01d9a87a3ce5082.js:0
[  111555ms] [LOG] [VisualContentService] docToContent "kDMpobbKsuVTByTIKUpe_2": {hasVideoVariantsField: true, hasVariantsField: false, rawType: array[0], parsedVariantsCount: 0, allTopLevelKeys: Array(14)} @ https://outrun.co.il/_next/static/chunks/2378-c01d9a87a3ce5082.js:0
[  111555ms] [LOG] [DEBUG-RESOLVER] attempt1 getVisualContentItem("kDMpobbKsuVTByTIKUpe", 2) → FOUND @ https://outrun.co.il/_next/static/chunks/2378-c01d9a87a3ce5082.js:0
[  111687ms] [LOG] [ContentResolver] Level 2 — exercise video resolved: "כפיפות בטן" → https://vz-b17872ab-7a7.b-cdn.net/cc132d16-7560-4dbb-841e-9f… @ https://outrun.co.il/_next/static/chunks/2378-c01d9a87a3ce5082.js:0
[  111687ms] [LOG] [ContentResolver] Level 2 — exercise video resolved: "כפיפות בטן" → https://vz-b17872ab-7a7.b-cdn.net/cc132d16-7560-4dbb-841e-9f… @ https://outrun.co.il/_next/static/chunks/2378-c01d9a87a3ce5082.js:0
[  117960ms] [LOG] [DEBUG-RESOLVER] resolveContent("core", 10) → programId="kDMpobbKsuVTByTIKUpe" @ https://outrun.co.il/_next/static/chunks/2378-c01d9a87a3ce5082.js:0
[  118095ms] [LOG] [VisualContentService] docToContent "kDMpobbKsuVTByTIKUpe_10": {hasVideoVariantsField: true, hasVariantsField: false, rawType: array[0], parsedVariantsCount: 0, allTopLevelKeys: Array(14)} @ https://outrun.co.il/_next/static/chunks/2378-c01d9a87a3ce5082.js:0
[  118095ms] [LOG] [DEBUG-RESOLVER] attempt1 getVisualContentItem("kDMpobbKsuVTByTIKUpe", 10) → FOUND @ https://outrun.co.il/_next/static/chunks/2378-c01d9a87a3ce5082.js:0
[  118230ms] [LOG] [ContentResolver] Level 10 — exercise video resolved: "ישיבת L רגל אחת" → https://vz-b17872ab-7a7.b-cdn.net/05902e32-806b-42df-9335-81… @ https://outrun.co.il/_next/static/chunks/2378-c01d9a87a3ce5082.js:0
[  118231ms] [LOG] [DEBUG-RESOLVER] resolveContent("core", 9) → programId="kDMpobbKsuVTByTIKUpe" @ https://outrun.co.il/_next/static/chunks/2378-c01d9a87a3ce5082.js:0
[  118231ms] [LOG] [DEBUG-RESOLVER] resolveContent("core", 11) → programId="kDMpobbKsuVTByTIKUpe" @ https://outrun.co.il/_next/static/chunks/2378-c01d9a87a3ce5082.js:0
[  118231ms] [LOG] [DEBUG-RESOLVER] resolveContent("core", 11) → programId="kDMpobbKsuVTByTIKUpe" @ https://outrun.co.il/_next/static/chunks/2378-c01d9a87a3ce5082.js:0
[  118413ms] [LOG] [VisualContentService] docToContent "kDMpobbKsuVTByTIKUpe_9": {hasVideoVariantsField: true, hasVariantsField: false, rawType: array[0], parsedVariantsCount: 0, allTopLevelKeys: Array(14)} @ https://outrun.co.il/_next/static/chunks/2378-c01d9a87a3ce5082.js:0
[  118414ms] [LOG] [DEBUG-RESOLVER] attempt1 getVisualContentItem("kDMpobbKsuVTByTIKUpe", 9) → FOUND @ https://outrun.co.il/_next/static/chunks/2378-c01d9a87a3ce5082.js:0
[  118415ms] [LOG] [VisualContentService] docToContent "kDMpobbKsuVTByTIKUpe_11": {hasVideoVariantsField: true, hasVariantsField: false, rawType: array[0], parsedVariantsCount: 0, allTopLevelKeys: Array(14)} @ https://outrun.co.il/_next/static/chunks/2378-c01d9a87a3ce5082.js:0
[  118415ms] [LOG] [DEBUG-RESOLVER] attempt1 getVisualContentItem("kDMpobbKsuVTByTIKUpe", 11) → FOUND @ https://outrun.co.il/_next/static/chunks/2378-c01d9a87a3ce5082.js:0
[  118415ms] [LOG] [VisualContentService] docToContent "kDMpobbKsuVTByTIKUpe_11": {hasVideoVariantsField: true, hasVariantsField: false, rawType: array[0], parsedVariantsCount: 0, allTopLevelKeys: Array(14)} @ https://outrun.co.il/_next/static/chunks/2378-c01d9a87a3ce5082.js:0
[  118415ms] [LOG] [DEBUG-RESOLVER] attempt1 getVisualContentItem("kDMpobbKsuVTByTIKUpe", 11) → FOUND @ https://outrun.co.il/_next/static/chunks/2378-c01d9a87a3ce5082.js:0
[  118554ms] [LOG] [ContentResolver] Level 9 — exercise video resolved: "כפיפות ברכיים בתלייה אלכסונים" → https://vz-b17872ab-7a7.b-cdn.net/dcb6710b-f51b-4bb1-bf1d-45… @ https://outrun.co.il/_next/static/chunks/2378-c01d9a87a3ce5082.js:0
[  118554ms] [LOG] [ContentResolver] Level 11 — exercise video resolved: "עליות l בתלייה" → https://vz-b17872ab-7a7.b-cdn.net/a3d1b6cf-5d30-4354-b419-e0… @ https://outrun.co.il/_next/static/chunks/2378-c01d9a87a3ce5082.js:0
[  118554ms] [LOG] [ContentResolver] Level 11 — exercise video resolved: "עליות l בתלייה" → https://vz-b17872ab-7a7.b-cdn.net/a3d1b6cf-5d30-4354-b419-e0… @ https://outrun.co.il/_next/static/chunks/2378-c01d9a87a3ce5082.js:0
[  132477ms] [LOG] [Assessment] Persisting results: {programId: planche, levelMode: manual, resolvedLevelId: planche_level_12, average: 11, levels: Object} @ https://outrun.co.il/_next/static/chunks/app/onboarding-new/assessment-visual/page-c4ac6e2686330360.js:0
[  133044ms] [LOG] [BranchingLogic] Computed context: {levels: Object, average: 4, tier: beginner, matchedRuleId: undefined, matchedRuleAction: undefined} @ https://outrun.co.il/_next/static/chunks/9140-1ff4a1a79b8079de.js:0
[  133553ms] [LOG] [OnboardingSync][DIAG] doc snapshot {uid: 5UkzK70jmBYoRM0pyna7nhVPZRk1, step: COMPLETED, mode: UPDATE, hasCore: true, coreRole: (absent)} @ https://outrun.co.il/_next/static/chunks/9140-1ff4a1a79b8079de.js:0
[  133555ms] [LOG] [OnboardingSync] Persona Engine → primaryTrack: health (goal-derived) → dashboardMode: DEFAULT @ https://outrun.co.il/_next/static/chunks/9140-1ff4a1a79b8079de.js:0
[  133847ms] [LOG] [onboarding-sync] maxLevels source: CMS (14 programs) {human_flag: 10, push: 25, full_body: 15, core: 20, pull: 25} @ https://outrun.co.il/_next/static/chunks/9140-1ff4a1a79b8079de.js:0
[  133848ms] [LOG] [OnboardingSync] Skills contribution: activeProgram= calisthenics_upper skillFocusIds= [planche, front_lever] @ https://outrun.co.il/_next/static/chunks/9140-1ff4a1a79b8079de.js:0
[  133848ms] [LOG] [OnboardingSync] Category contribution: muscleIds=[legs], health=false → legs=legs_level_12 @ https://outrun.co.il/_next/static/chunks/9140-1ff4a1a79b8079de.js:0
[  133848ms] [LOG] [OnboardingSync] Using assignedResults from dynamic questionnaire: [Object, Object] @ https://outrun.co.il/_next/static/chunks/9140-1ff4a1a79b8079de.js:0
[  133848ms] [LOG] [OnboardingSync] Skill→Foundation (multi-skill): push L21 (max derived from sub-levels, offset +9) @ https://outrun.co.il/_next/static/chunks/9140-1ff4a1a79b8079de.js:0
[  133848ms] [LOG] [OnboardingSync] Skill→Foundation (multi-skill): pull L20 (max derived from sub-levels, offset +9) @ https://outrun.co.il/_next/static/chunks/9140-1ff4a1a79b8079de.js:0
[  133848ms] [LOG] [OnboardingSync] Writing progression.tracks (Path B/C assessment levels): {calisthenics_upper: Object, planche: Object, front_lever: Object, legs: Object, core: Object} @ https://outrun.co.il/_next/static/chunks/9140-1ff4a1a79b8079de.js:0
[  133848ms] [LOG] [OnboardingSync] Path C Ghost Purge: stripped unassessed `legs`/`core` placeholders. Remaining domains: [human_flag, push, full_body, core, pull, one_arm_pullup, muscle_up, handstand, planche, upper_body, legs, front_lever, calisthenics_upper, handstand_pushup], tracks: [calisthenics_upper, planche, front_lever, legs, core, push, pull] @ https://outrun.co.il/_next/static/chunks/9140-1ff4a1a79b8079de.js:0
[  133848ms] [LOG] [OnboardingSync][DIAG] payload {uid: 5UkzK70jmBYoRM0pyna7nhVPZRk1, step: COMPLETED, mode: UPDATE, topLevelKeys: Array(14), coreKeys: Array(11)} @ https://outrun.co.il/_next/static/chunks/9140-1ff4a1a79b8079de.js:0
[  134036ms] [LOG] [OnboardingSync] Kicking off background master-level recalculation for 7 tracks (non-blocking). @ https://outrun.co.il/_next/static/chunks/9140-1ff4a1a79b8079de.js:0
[  134191ms] [LOG] [OnboardingSync] Synced step "COMPLETED" to Firestore for user 5UkzK70jmBYoRM0pyna7nhVPZRk1 @ https://outrun.co.il/_next/static/chunks/9140-1ff4a1a79b8079de.js:0
[  134329ms] [INFO] [User Service] User 5UkzK70jmBYoRM0pyna7nhVPZRk1 has missing or empty equipment profile. This may affect Smart Swap functionality. Please update user equipment in the admin panel. @ https://outrun.co.il/_next/static/chunks/9140-1ff4a1a79b8079de.js:0
[  134390ms] [LOG] [HealthDeclaration] pdf-service preloaded in background. @ https://outrun.co.il/_next/static/chunks/7343-52f937f3d4f34f2e.js:0
[  135766ms] [LOG] [Progression] Master "47smw26hUyG5ZbE1bhr3" (slug: "upper_body") recalculated → Level 21, 0.00% (from 2 children) @ https://outrun.co.il/_next/static/chunks/9140-1ff4a1a79b8079de.js:0
[  136451ms] [LOG] [Progression] Master "47smw26hUyG5ZbE1bhr3" (slug: "upper_body") recalculated → Level 21, 0.00% (from 2 children) @ https://outrun.co.il/_next/static/chunks/9140-1ff4a1a79b8079de.js:0
[  136514ms] [LOG] [Progression] Master "H2279XsRGDg9G370J7S9" (slug: "full_body") recalculated → Level 15, 0.00% (from 5 children) @ https://outrun.co.il/_next/static/chunks/9140-1ff4a1a79b8079de.js:0
[  136520ms] [LOG] [KellyBot] Welcome DM seeded for user: 5UkzK70jmBYoRM0pyna7nhVPZRk1 @ https://outrun.co.il/_next/static/chunks/9140-1ff4a1a79b8079de.js:0
[  136571ms] [LOG] [Progression] Master "H2279XsRGDg9G370J7S9" (slug: "full_body") recalculated → Level 15, 0.00% (from 5 children) @ https://outrun.co.il/_next/static/chunks/9140-1ff4a1a79b8079de.js:0
[  136602ms] [LOG] [Progression] calisthenics_upper averaging: Tier 1 skillFocusIds → [planche, front_lever] @ https://outrun.co.il/_next/static/chunks/9140-1ff4a1a79b8079de.js:0
[  136602ms] [WARNING] [Progression] getMasterProgramProgress: empty filter for master "calisthenics_upper" (id: "JCac76p48XGZ5MVahLI2") — 3 configured children [core, push, pull] were ALL rejected by the averaging filter. skillFocusIds: [planche, front_lever]. Aborting recalculation to prevent level wipeout (routingEmptySkip=true). @ https://outrun.co.il/_next/static/chunks/9140-1ff4a1a79b8079de.js:0
[  136602ms] [WARNING] [Progression] recalculateMasterLevel: ABORTED write for master "JCac76p48XGZ5MVahLI2" (slug: "calisthenics_upper") — routingEmptySkip flag set by getMasterProgramProgress. Existing level 12 preserved. Check slug map coverage for skill program hashes in subPrograms[]. @ https://outrun.co.il/_next/static/chunks/9140-1ff4a1a79b8079de.js:0
[  136602ms] [LOG] [Progression] calisthenics_upper averaging: Tier 1 skillFocusIds → [planche, front_lever] @ https://outrun.co.il/_next/static/chunks/9140-1ff4a1a79b8079de.js:0
[  136602ms] [WARNING] [Progression] getMasterProgramProgress: empty filter for master "calisthenics_upper" (id: "JCac76p48XGZ5MVahLI2") — 3 configured children [core, push, pull] were ALL rejected by the averaging filter. skillFocusIds: [planche, front_lever]. Aborting recalculation to prevent level wipeout (routingEmptySkip=true). @ https://outrun.co.il/_next/static/chunks/9140-1ff4a1a79b8079de.js:0
[  136602ms] [WARNING] [Progression] recalculateMasterLevel: ABORTED write for master "JCac76p48XGZ5MVahLI2" (slug: "calisthenics_upper") — routingEmptySkip flag set by getMasterProgramProgress. Existing level 12 preserved. Check slug map coverage for skill program hashes in subPrograms[]. @ https://outrun.co.il/_next/static/chunks/9140-1ff4a1a79b8079de.js:0
[  137265ms] [LOG] [Progression] Master "H2279XsRGDg9G370J7S9" (slug: "full_body") recalculated → Level 15, 0.00% (from 5 children) @ https://outrun.co.il/_next/static/chunks/9140-1ff4a1a79b8079de.js:0
[  137757ms] [LOG] [Progression] Master "H2279XsRGDg9G370J7S9" (slug: "full_body") recalculated → Level 15, 0.00% (from 5 children) @ https://outrun.co.il/_next/static/chunks/9140-1ff4a1a79b8079de.js:0
[  137823ms] [LOG] [Progression] calisthenics_upper averaging: Tier 1 skillFocusIds → [planche, front_lever] @ https://outrun.co.il/_next/static/chunks/9140-1ff4a1a79b8079de.js:0
[  137823ms] [WARNING] [Progression] getMasterProgramProgress: empty filter for master "calisthenics_upper" (id: "JCac76p48XGZ5MVahLI2") — 3 configured children [core, push, pull] were ALL rejected by the averaging filter. skillFocusIds: [planche, front_lever]. Aborting recalculation to prevent level wipeout (routingEmptySkip=true). @ https://outrun.co.il/_next/static/chunks/9140-1ff4a1a79b8079de.js:0
[  137823ms] [WARNING] [Progression] recalculateMasterLevel: ABORTED write for master "JCac76p48XGZ5MVahLI2" (slug: "calisthenics_upper") — routingEmptySkip flag set by getMasterProgramProgress. Existing level 12 preserved. Check slug map coverage for skill program hashes in subPrograms[]. @ https://outrun.co.il/_next/static/chunks/9140-1ff4a1a79b8079de.js:0
[  138905ms] [LOG] [Progression] calisthenics_upper averaging: Tier 1 skillFocusIds → [planche, front_lever] @ https://outrun.co.il/_next/static/chunks/9140-1ff4a1a79b8079de.js:0
[  138905ms] [WARNING] [Progression] getMasterProgramProgress: empty filter for master "calisthenics_upper" (id: "JCac76p48XGZ5MVahLI2") — 3 configured children [core, push, pull] were ALL rejected by the averaging filter. skillFocusIds: [planche, front_lever]. Aborting recalculation to prevent level wipeout (routingEmptySkip=true). @ https://outrun.co.il/_next/static/chunks/9140-1ff4a1a79b8079de.js:0
[  138905ms] [WARNING] [Progression] recalculateMasterLevel: ABORTED write for master "JCac76p48XGZ5MVahLI2" (slug: "calisthenics_upper") — routingEmptySkip flag set by getMasterProgramProgress. Existing level 12 preserved. Check slug map coverage for skill program hashes in subPrograms[]. @ https://outrun.co.il/_next/static/chunks/9140-1ff4a1a79b8079de.js:0
[  139414ms] [LOG] [Progression] calisthenics_upper averaging: Tier 1 skillFocusIds → [planche, front_lever] @ https://outrun.co.il/_next/static/chunks/9140-1ff4a1a79b8079de.js:0
[  139414ms] [WARNING] [Progression] getMasterProgramProgress: empty filter for master "calisthenics_upper" (id: "JCac76p48XGZ5MVahLI2") — 3 configured children [core, push, pull] were ALL rejected by the averaging filter. skillFocusIds: [planche, front_lever]. Aborting recalculation to prevent level wipeout (routingEmptySkip=true). @ https://outrun.co.il/_next/static/chunks/9140-1ff4a1a79b8079de.js:0
[  139414ms] [WARNING] [Progression] recalculateMasterLevel: ABORTED write for master "JCac76p48XGZ5MVahLI2" (slug: "calisthenics_upper") — routingEmptySkip flag set by getMasterProgramProgress. Existing level 12 preserved. Check slug map coverage for skill program hashes in subPrograms[]. @ https://outrun.co.il/_next/static/chunks/9140-1ff4a1a79b8079de.js:0
[  139944ms] [LOG] [Progression] Master "fTLWzjP9gH2VNpamyCZF" (slug: "muscle_up") recalculated → Level 21, 0.00% (from 2 children) @ https://outrun.co.il/_next/static/chunks/9140-1ff4a1a79b8079de.js:0
[  140469ms] [LOG] [Progression] Master "fTLWzjP9gH2VNpamyCZF" (slug: "muscle_up") recalculated → Level 21, 0.00% (from 2 children) @ https://outrun.co.il/_next/static/chunks/9140-1ff4a1a79b8079de.js:0
[  140702ms] [LOG] ✅ [OnboardingSync] Background master program levels recalculated. @ https://outrun.co.il/_next/static/chunks/9140-1ff4a1a79b8079de.js:0
[  162894ms] [LOG] [PDF Service] Simpler Pro font embedded successfully @ https://outrun.co.il/_next/static/chunks/7121.5903f630e09599bf.js:0
[  164900ms] [LOG] [Health] Calling syncOnboardingToFirestore(COMPLETED) — full running bridge + activeProgram generation @ https://outrun.co.il/_next/static/chunks/app/onboarding-new/health/page-4fe38bf7ad79c671.js:0
[  165032ms] [LOG] [OnboardingSync][DIAG] doc snapshot {uid: 5UkzK70jmBYoRM0pyna7nhVPZRk1, step: COMPLETED, mode: UPDATE, hasCore: true, coreRole: (absent)} @ https://outrun.co.il/_next/static/chunks/9140-1ff4a1a79b8079de.js:0
[  165032ms] [LOG] [OnboardingSync] Persona Engine skipped — no goal signal and primaryTrack already set: health . Leaving it untouched. @ https://outrun.co.il/_next/static/chunks/9140-1ff4a1a79b8079de.js:0
[  165170ms] [LOG] [onboarding-sync] maxLevels source: CMS (14 programs) {human_flag: 10, push: 25, full_body: 15, core: 20, pull: 25} @ https://outrun.co.il/_next/static/chunks/9140-1ff4a1a79b8079de.js:0
[  165171ms] [LOG] [OnboardingSync] Skills contribution: activeProgram= calisthenics_upper skillFocusIds= [planche, front_lever] @ https://outrun.co.il/_next/static/chunks/9140-1ff4a1a79b8079de.js:0
[  165171ms] [LOG] [OnboardingSync] Category contribution: muscleIds=[legs], health=false → legs=legs_level_12 @ https://outrun.co.il/_next/static/chunks/9140-1ff4a1a79b8079de.js:0
[  165171ms] [LOG] [OnboardingSync] Using assignedResults from dynamic questionnaire: [Object, Object] @ https://outrun.co.il/_next/static/chunks/9140-1ff4a1a79b8079de.js:0
[  165171ms] [LOG] [OnboardingSync] Skill→Foundation (multi-skill): push L21 (max derived from sub-levels, offset +9) @ https://outrun.co.il/_next/static/chunks/9140-1ff4a1a79b8079de.js:0
[  165171ms] [LOG] [OnboardingSync] Skill→Foundation (multi-skill): pull L20 (max derived from sub-levels, offset +9) @ https://outrun.co.il/_next/static/chunks/9140-1ff4a1a79b8079de.js:0
[  165171ms] [LOG] [OnboardingSync] Writing progression.tracks (Path B/C assessment levels): {full_body: Object, muscle_up: Object, push: Object, 47smw26hUyG5ZbE1bhr3: Object, core: Object} @ https://outrun.co.il/_next/static/chunks/9140-1ff4a1a79b8079de.js:0
[  165171ms] [LOG] [OnboardingSync] Path C Ghost Purge: stripped unassessed `legs`/`core` placeholders. Remaining domains: [human_flag, push, full_body, core, pull, one_arm_pullup, muscle_up, handstand, planche, upper_body, legs, front_lever, calisthenics_upper, handstand_pushup], tracks: [full_body, muscle_up, push, 47smw26hUyG5ZbE1bhr3, core, H2279XsRGDg9G370J7S9, calisthenics_upper, fTLWzjP9gH2VNpamyCZF, legs, upper_body, planche, pull, front_lever] @ https://outrun.co.il/_next/static/chunks/9140-1ff4a1a79b8079de.js:0
[  165171ms] [LOG] [OnboardingSync][DIAG] payload {uid: 5UkzK70jmBYoRM0pyna7nhVPZRk1, step: COMPLETED, mode: UPDATE, topLevelKeys: Array(14), coreKeys: Array(11)} @ https://outrun.co.il/_next/static/chunks/9140-1ff4a1a79b8079de.js:0
[  165373ms] [LOG] [OnboardingSync] Kicking off background master-level recalculation for 13 tracks (non-blocking). @ https://outrun.co.il/_next/static/chunks/9140-1ff4a1a79b8079de.js:0
[  165449ms] [LOG] [OnboardingSync][DIAG] doc snapshot {uid: 5UkzK70jmBYoRM0pyna7nhVPZRk1, step: PERSONA, mode: UPDATE, hasCore: true, coreRole: (absent)} @ https://outrun.co.il/_next/static/chunks/9140-1ff4a1a79b8079de.js:0
[  165449ms] [LOG] [OnboardingSync][DIAG] payload {uid: 5UkzK70jmBYoRM0pyna7nhVPZRk1, step: PERSONA, mode: UPDATE, topLevelKeys: Array(12), coreKeys: Array(11)} @ https://outrun.co.il/_next/static/chunks/9140-1ff4a1a79b8079de.js:0
[  165535ms] [LOG] [OnboardingSync] Synced step "COMPLETED" to Firestore for user 5UkzK70jmBYoRM0pyna7nhVPZRk1 @ https://outrun.co.il/_next/static/chunks/9140-1ff4a1a79b8079de.js:0
[  165535ms] [LOG] [Health] Sync complete. Refreshing profile before navigation... @ https://outrun.co.il/_next/static/chunks/app/onboarding-new/health/page-4fe38bf7ad79c671.js:0
[  165699ms] [INFO] [User Service] User 5UkzK70jmBYoRM0pyna7nhVPZRk1 has missing or empty equipment profile. This may affect Smart Swap functionality. Please update user equipment in the admin panel. @ https://outrun.co.il/_next/static/chunks/9140-1ff4a1a79b8079de.js:0
[  165700ms] [LOG] [Health] Calling syncOnboardingToFirestore(COMPLETED) — full running bridge + activeProgram generation @ https://outrun.co.il/_next/static/chunks/app/onboarding-new/health/page-4fe38bf7ad79c671.js:0
[  165865ms] [LOG] [OnboardingSync][DIAG] doc snapshot {uid: 5UkzK70jmBYoRM0pyna7nhVPZRk1, step: COMPLETED, mode: UPDATE, hasCore: true, coreRole: (absent)} @ https://outrun.co.il/_next/static/chunks/9140-1ff4a1a79b8079de.js:0
[  165865ms] [LOG] [OnboardingSync] Persona Engine skipped — no goal signal and primaryTrack already set: health . Leaving it untouched. @ https://outrun.co.il/_next/static/chunks/9140-1ff4a1a79b8079de.js:0
[  165903ms] [LOG] [OnboardingSync] Synced step "PERSONA" to Firestore for user 5UkzK70jmBYoRM0pyna7nhVPZRk1 @ https://outrun.co.il/_next/static/chunks/9140-1ff4a1a79b8079de.js:0
[  165955ms] [LOG] [onboarding-sync] maxLevels source: CMS (14 programs) {human_flag: 10, push: 25, full_body: 15, core: 20, pull: 25} @ https://outrun.co.il/_next/static/chunks/9140-1ff4a1a79b8079de.js:0
[  165955ms] [LOG] [OnboardingSync] Skills contribution: activeProgram= calisthenics_upper skillFocusIds= [planche, front_lever] @ https://outrun.co.il/_next/static/chunks/9140-1ff4a1a79b8079de.js:0
[  165955ms] [LOG] [OnboardingSync] Category contribution: muscleIds=[legs], health=false → legs=legs_level_12 @ https://outrun.co.il/_next/static/chunks/9140-1ff4a1a79b8079de.js:0
[  165955ms] [LOG] [OnboardingSync] Using assignedResults from dynamic questionnaire: [Object, Object] @ https://outrun.co.il/_next/static/chunks/9140-1ff4a1a79b8079de.js:0
[  165955ms] [LOG] [OnboardingSync] Skill→Foundation (multi-skill): push L21 (max derived from sub-levels, offset +9) @ https://outrun.co.il/_next/static/chunks/9140-1ff4a1a79b8079de.js:0
[  165955ms] [LOG] [OnboardingSync] Skill→Foundation (multi-skill): pull L20 (max derived from sub-levels, offset +9) @ https://outrun.co.il/_next/static/chunks/9140-1ff4a1a79b8079de.js:0
[  165955ms] [LOG] [OnboardingSync] Writing progression.tracks (Path B/C assessment levels): {pull: Object, legs: Object, upper_body: Object, planche: Object, calisthenics_upper: Object} @ https://outrun.co.il/_next/static/chunks/9140-1ff4a1a79b8079de.js:0
[  165955ms] [LOG] [OnboardingSync] Path C Ghost Purge: stripped unassessed `legs`/`core` placeholders. Remaining domains: [human_flag, push, full_body, core, pull, one_arm_pullup, muscle_up, handstand, planche, upper_body, legs, front_lever, calisthenics_upper, handstand_pushup], tracks: [pull, legs, upper_body, planche, calisthenics_upper, 47smw26hUyG5ZbE1bhr3, push, H2279XsRGDg9G370J7S9, core, full_body, muscle_up, front_lever, fTLWzjP9gH2VNpamyCZF] @ https://outrun.co.il/_next/static/chunks/9140-1ff4a1a79b8079de.js:0
[  165956ms] [LOG] [OnboardingSync][DIAG] payload {uid: 5UkzK70jmBYoRM0pyna7nhVPZRk1, step: COMPLETED, mode: UPDATE, topLevelKeys: Array(14), coreKeys: Array(11)} @ https://outrun.co.il/_next/static/chunks/9140-1ff4a1a79b8079de.js:0
[  166185ms] [LOG] [OnboardingSync] Kicking off background master-level recalculation for 13 tracks (non-blocking). @ https://outrun.co.il/_next/static/chunks/9140-1ff4a1a79b8079de.js:0
[  166317ms] [LOG] [OnboardingSync] Synced step "COMPLETED" to Firestore for user 5UkzK70jmBYoRM0pyna7nhVPZRk1 @ https://outrun.co.il/_next/static/chunks/9140-1ff4a1a79b8079de.js:0
[  166317ms] [LOG] [Health] Sync complete. Refreshing profile before navigation... @ https://outrun.co.il/_next/static/chunks/app/onboarding-new/health/page-4fe38bf7ad79c671.js:0
[  166562ms] [INFO] [User Service] User 5UkzK70jmBYoRM0pyna7nhVPZRk1 has missing or empty equipment profile. This may affect Smart Swap functionality. Please update user equipment in the admin panel. @ https://outrun.co.il/_next/static/chunks/9140-1ff4a1a79b8079de.js:0
[  166773ms] [LOG] [Progression] Master "47smw26hUyG5ZbE1bhr3" (slug: "upper_body") recalculated → Level 21, 0.00% (from 2 children) @ https://outrun.co.il/_next/static/chunks/9140-1ff4a1a79b8079de.js:0
[  166777ms] [LOG] [Progression] Master "47smw26hUyG5ZbE1bhr3" (slug: "upper_body") recalculated → Level 21, 0.00% (from 2 children) @ https://outrun.co.il/_next/static/chunks/9140-1ff4a1a79b8079de.js:0
[  166796ms] [LOG] [Progression] Master "47smw26hUyG5ZbE1bhr3" (slug: "upper_body") recalculated → Level 21, 0.00% (from 2 children) @ https://outrun.co.il/_next/static/chunks/9140-1ff4a1a79b8079de.js:0
[  166828ms] [LOG] [Progression] Master "47smw26hUyG5ZbE1bhr3" (slug: "upper_body") recalculated → Level 21, 0.00% (from 2 children) @ https://outrun.co.il/_next/static/chunks/9140-1ff4a1a79b8079de.js:0
[  167447ms] [LOG] [Progression] calisthenics_upper averaging: Tier 1 skillFocusIds → [planche, front_lever] @ https://outrun.co.il/_next/static/chunks/9140-1ff4a1a79b8079de.js:0
[  167447ms] [WARNING] [Progression] getMasterProgramProgress: empty filter for master "calisthenics_upper" (id: "JCac76p48XGZ5MVahLI2") — 3 configured children [core, push, pull] were ALL rejected by the averaging filter. skillFocusIds: [planche, front_lever]. Aborting recalculation to prevent level wipeout (routingEmptySkip=true). @ https://outrun.co.il/_next/static/chunks/9140-1ff4a1a79b8079de.js:0
[  167447ms] [WARNING] [Progression] recalculateMasterLevel: ABORTED write for master "JCac76p48XGZ5MVahLI2" (slug: "calisthenics_upper") — routingEmptySkip flag set by getMasterProgramProgress. Existing level 12 preserved. Check slug map coverage for skill program hashes in subPrograms[]. @ https://outrun.co.il/_next/static/chunks/9140-1ff4a1a79b8079de.js:0
[  167448ms] [LOG] [Progression] calisthenics_upper averaging: Tier 1 skillFocusIds → [planche, front_lever] @ https://outrun.co.il/_next/static/chunks/9140-1ff4a1a79b8079de.js:0
[  167448ms] [WARNING] [Progression] getMasterProgramProgress: empty filter for master "calisthenics_upper" (id: "JCac76p48XGZ5MVahLI2") — 3 configured children [core, push, pull] were ALL rejected by the averaging filter. skillFocusIds: [planche, front_lever]. Aborting recalculation to prevent level wipeout (routingEmptySkip=true). @ https://outrun.co.il/_next/static/chunks/9140-1ff4a1a79b8079de.js:0
[  167448ms] [WARNING] [Progression] recalculateMasterLevel: ABORTED write for master "JCac76p48XGZ5MVahLI2" (slug: "calisthenics_upper") — routingEmptySkip flag set by getMasterProgramProgress. Existing level 12 preserved. Check slug map coverage for skill program hashes in subPrograms[]. @ https://outrun.co.il/_next/static/chunks/9140-1ff4a1a79b8079de.js:0
[  168147ms] [WARNING] [2026-09-22T11:44:37.700Z]  @firebase/auth: Auth (12.6.0): Error while retrieving App Check token: FirebaseError: AppCheck: ReCAPTCHA error. (appCheck/recaptcha-error). @ https://outrun.co.il/_next/static/chunks/2532-16f59635ee5a761a.js:14
[  174864ms] [LOG] [ActivityStore] No Firestore data, created new day @ https://outrun.co.il/_next/static/chunks/1381-2a035a20bf094eec.js:0
[  174864ms] [LOG] [ActivityStore] No Firestore data, created new day @ https://outrun.co.il/_next/static/chunks/1381-2a035a20bf094eec.js:0
[  174864ms] [LOG] [ActivityStore] No Firestore data, created new day @ https://outrun.co.il/_next/static/chunks/1381-2a035a20bf094eec.js:0
[  175071ms] [INFO] [User Service] User 5UkzK70jmBYoRM0pyna7nhVPZRk1 has missing or empty equipment profile. This may affect Smart Swap functionality. Please update user equipment in the admin panel. @ https://outrun.co.il/_next/static/chunks/9140-74b9d860149fe2f6.js:0
[  175074ms] [LOG] [ActivityStore] Loaded from Firestore - Streak: 0 @ https://outrun.co.il/_next/static/chunks/1381-2a035a20bf094eec.js:0
[  175078ms] [LOG] [ActivityStore] Loaded from Firestore - Streak: 0 @ https://outrun.co.il/_next/static/chunks/1381-2a035a20bf094eec.js:0
[  175081ms] [LOG] [ActivityStore] Loaded from Firestore - Streak: 0 @ https://outrun.co.il/_next/static/chunks/1381-2a035a20bf094eec.js:0
[  175105ms] [LOG] [HomeContext] Domain 'front_lever' resolved to L11 (Source: Tracks) @ https://outrun.co.il/_next/static/chunks/4861-0a4b1c61fcd6903d.js:0
[  175105ms] [LOG] [HomeContext] Domain 'core' resolved to L10 (Source: Tracks) @ https://outrun.co.il/_next/static/chunks/4861-0a4b1c61fcd6903d.js:0
[  175105ms] [LOG] [HomeContext] Domain 'upper_body' resolved to L21 (Source: Tracks) @ https://outrun.co.il/_next/static/chunks/4861-0a4b1c61fcd6903d.js:0
[  175105ms] [LOG] [HomeContext] Domain 'push' resolved to L21 (Source: Tracks) @ https://outrun.co.il/_next/static/chunks/4861-0a4b1c61fcd6903d.js:0
[  175105ms] [LOG] [HomeContext] Domain 'calisthenics_upper' resolved to L12 (Source: Tracks) @ https://outrun.co.il/_next/static/chunks/4861-0a4b1c61fcd6903d.js:0
[  175105ms] [LOG] [HomeContext] Domain '47smw26hUyG5ZbE1bhr3' resolved to L21 (Source: Tracks) @ https://outrun.co.il/_next/static/chunks/4861-0a4b1c61fcd6903d.js:0
[  175105ms] [LOG] [HomeContext] Domain 'pull' resolved to L20 (Source: Tracks) @ https://outrun.co.il/_next/static/chunks/4861-0a4b1c61fcd6903d.js:0
[  175105ms] [LOG] [HomeContext] Domain 'H2279XsRGDg9G370J7S9' → slug 'full_body' dual-keyed at L15 (Source: Tracks) @ https://outrun.co.il/_next/static/chunks/4861-0a4b1c61fcd6903d.js:0
[  175105ms] [LOG] [HomeContext] Domain 'legs' resolved to L12 (Source: Tracks) @ https://outrun.co.il/_next/static/chunks/4861-0a4b1c61fcd6903d.js:0
[  175105ms] [LOG] [HomeContext] Domain 'muscle_up' resolved to L21 (Source: Tracks) @ https://outrun.co.il/_next/static/chunks/4861-0a4b1c61fcd6903d.js:0
[  175105ms] [LOG] [HomeContext] Domain 'planche' resolved to L12 (Source: Tracks) @ https://outrun.co.il/_next/static/chunks/4861-0a4b1c61fcd6903d.js:0
[  175105ms] [LOG] [HomeContext] Domain 'full_body' resolved to L15 (Source: Tracks) @ https://outrun.co.il/_next/static/chunks/4861-0a4b1c61fcd6903d.js:0
[  175105ms] [LOG] [HomeContext] Domain 'fTLWzjP9gH2VNpamyCZF' resolved to L21 (Source: Tracks) @ https://outrun.co.il/_next/static/chunks/4861-0a4b1c61fcd6903d.js:0
[  175105ms] [LOG] [HomeContext] Domain 'one_arm_pullup' — no assessed level, left ABSENT (no invention) @ https://outrun.co.il/_next/static/chunks/4861-0a4b1c61fcd6903d.js:0
[  175105ms] [LOG] [HomeContext] Domain 'handstand' — no assessed level, left ABSENT (no invention) @ https://outrun.co.il/_next/static/chunks/4861-0a4b1c61fcd6903d.js:0
[  175105ms] [LOG] [HomeContext] Domain 'handstand_pushup' — no assessed level, left ABSENT (no invention) @ https://outrun.co.il/_next/static/chunks/4861-0a4b1c61fcd6903d.js:0
[  175105ms] [LOG] [HomeContext] Domain 'human_flag' — no assessed level, left ABSENT (no invention) @ https://outrun.co.il/_next/static/chunks/4861-0a4b1c61fcd6903d.js:0
[  175105ms] [LOG] [home] scoreBreakdown "full-strength" (score=30): {goalMatch: 30, gapFilling: 0, stepDeficit: 0, preferenceMatch: 0, recoveryMatch: 0} @ https://outrun.co.il/_next/static/chunks/app/home/page-508081ccd1a2ac8d.js:0
[  175105ms] [LOG] [HomeWorkout] 🏞️ No location specified → "park" (PARK FORCE active) @ https://outrun.co.il/_next/static/chunks/1381-2a035a20bf094eec.js:0
[  175105ms] [LOG] [LOC-OVERRIDE] {"requested":null,"requestedSource":"none","resolved":"park","winner":"PARK_FORCE","path":"generateHomeWorkoutTrio"} @ https://outrun.co.il/_next/static/chunks/1381-2a035a20bf094eec.js:0
[  175105ms] [LOG] [HomeWorkout] scheduledProgramIds normalised: [] → [calisthenics_upper] @ https://outrun.co.il/_next/static/chunks/1381-2a035a20bf094eec.js:0
[  175105ms] [LOG] [home] scoreBreakdown "safety-net" (score=0): {goalMatch: 0, gapFilling: 0, stepDeficit: 0, preferenceMatch: 0, recoveryMatch: 0} @ https://outrun.co.il/_next/static/chunks/app/home/page-508081ccd1a2ac8d.js:0
[  175950ms] [LOG] [ActivityStore] No Firestore data, created new day @ https://outrun.co.il/_next/static/chunks/1381-2a035a20bf094eec.js:0
[  175950ms] [LOG] [ActivityStore] No Firestore data, created new day @ https://outrun.co.il/_next/static/chunks/1381-2a035a20bf094eec.js:0
[  175950ms] [LOG] [ActivityStore] No Firestore data, created new day @ https://outrun.co.il/_next/static/chunks/1381-2a035a20bf094eec.js:0
[  176856ms] [LOG] [HomeWorkout:Trio] Domain 'front_lever' resolved to L11 (Source: Tracks) @ https://outrun.co.il/_next/static/chunks/4861-0a4b1c61fcd6903d.js:0
[  176856ms] [LOG] [HomeWorkout:Trio] Domain 'core' resolved to L10 (Source: Tracks) @ https://outrun.co.il/_next/static/chunks/4861-0a4b1c61fcd6903d.js:0
[  176856ms] [LOG] [HomeWorkout:Trio] Domain 'upper_body' resolved to L21 (Source: Tracks) @ https://outrun.co.il/_next/static/chunks/4861-0a4b1c61fcd6903d.js:0
[  176856ms] [LOG] [HomeWorkout:Trio] Domain 'push' resolved to L21 (Source: Tracks) @ https://outrun.co.il/_next/static/chunks/4861-0a4b1c61fcd6903d.js:0
[  176856ms] [LOG] [HomeWorkout:Trio] Domain 'calisthenics_upper' resolved to L12 (Source: Tracks) @ https://outrun.co.il/_next/static/chunks/4861-0a4b1c61fcd6903d.js:0
[  176856ms] [LOG] [HomeWorkout:Trio] Skipping master program "47smw26hUyG5ZbE1bhr3" (display-only) @ https://outrun.co.il/_next/static/chunks/4861-0a4b1c61fcd6903d.js:0
[  176856ms] [LOG] [HomeWorkout:Trio] Domain 'pull' resolved to L20 (Source: Tracks) @ https://outrun.co.il/_next/static/chunks/4861-0a4b1c61fcd6903d.js:0
[  176856ms] [LOG] [HomeWorkout:Trio] Skipping master program "H2279XsRGDg9G370J7S9" (display-only) @ https://outrun.co.il/_next/static/chunks/4861-0a4b1c61fcd6903d.js:0
[  176856ms] [LOG] [HomeWorkout:Trio] Domain 'legs' resolved to L12 (Source: Tracks) @ https://outrun.co.il/_next/static/chunks/4861-0a4b1c61fcd6903d.js:0
[  176856ms] [LOG] [HomeWorkout:Trio] Domain 'muscle_up' resolved to L21 (Source: Tracks) @ https://outrun.co.il/_next/static/chunks/4861-0a4b1c61fcd6903d.js:0
[  176856ms] [LOG] [HomeWorkout:Trio] Domain 'planche' resolved to L12 (Source: Tracks) @ https://outrun.co.il/_next/static/chunks/4861-0a4b1c61fcd6903d.js:0
[  176856ms] [LOG] [HomeWorkout:Trio] Domain 'full_body' resolved to L15 (Source: Tracks) @ https://outrun.co.il/_next/static/chunks/4861-0a4b1c61fcd6903d.js:0
[  176856ms] [LOG] [HomeWorkout:Trio] Skipping master program "fTLWzjP9gH2VNpamyCZF" (display-only) @ https://outrun.co.il/_next/static/chunks/4861-0a4b1c61fcd6903d.js:0
[  176856ms] [LOG] [HomeWorkout:Trio] Domain 'one_arm_pullup' — no assessed level, left ABSENT (no invention) @ https://outrun.co.il/_next/static/chunks/4861-0a4b1c61fcd6903d.js:0
[  176856ms] [LOG] [HomeWorkout:Trio] Domain 'handstand' — no assessed level, left ABSENT (no invention) @ https://outrun.co.il/_next/static/chunks/4861-0a4b1c61fcd6903d.js:0
[  176856ms] [LOG] [HomeWorkout:Trio] Domain 'handstand_pushup' — no assessed level, left ABSENT (no invention) @ https://outrun.co.il/_next/static/chunks/4861-0a4b1c61fcd6903d.js:0
[  176856ms] [LOG] [HomeWorkout:Trio] Domain 'human_flag' — no assessed level, left ABSENT (no invention) @ https://outrun.co.il/_next/static/chunks/4861-0a4b1c61fcd6903d.js:0
[  176856ms] [LOG] [HomeWorkout:Trio] [MasterDerive] "H2279XsRGDg9G370J7S9" → L15 (avg of [21,20,12] = 18, cap=15) @ https://outrun.co.il/_next/static/chunks/4861-0a4b1c61fcd6903d.js:0
[  176856ms] [LOG] [HomeWorkout:Trio] [MasterDerive] "fTLWzjP9gH2VNpamyCZF" → L15 (avg of [21,20,12] = 18, cap=15) @ https://outrun.co.il/_next/static/chunks/4861-0a4b1c61fcd6903d.js:0
[  176856ms] [LOG] [HomeWorkout:Trio] [MasterDerive] "47smw26hUyG5ZbE1bhr3" → L15 (avg of [21,20,12] = 18, cap=15) @ https://outrun.co.il/_next/static/chunks/4861-0a4b1c61fcd6903d.js:0
[  176856ms] [LOG] [HomeWorkout:Trio] [MasterDerive] "JCac76p48XGZ5MVahLI2" → L15 (avg of [21,20,12] = 18, cap=15) @ https://outrun.co.il/_next/static/chunks/4861-0a4b1c61fcd6903d.js:0
[  176856ms] [LOG] [HomeWorkout] calisthenics_upper: child domains resolved via idToSlug → [planche, front_lever] @ https://outrun.co.il/_next/static/chunks/1381-2a035a20bf094eec.js:0
[  176857ms] [LOG] [HomeWorkout] Empty equipment profile for location "park" — defaulting to bodyweight @ https://outrun.co.il/_next/static/chunks/4861-0a4b1c61fcd6903d.js:0
[  176857ms] [WARNING] [InputSanitizer] ⚠️ No park inventory resolved — ESSENTIAL_PARK_GEAR fallback active @ https://outrun.co.il/_next/static/chunks/4861-0a4b1c61fcd6903d.js:0
[  176875ms] [LOG] [ActivityStore] Loaded from Firestore - Streak: 0 @ https://outrun.co.il/_next/static/chunks/1381-2a035a20bf094eec.js:0
[  176877ms] [LOG] [ActivityStore] Loaded from Firestore - Streak: 0 @ https://outrun.co.il/_next/static/chunks/1381-2a035a20bf094eec.js:0
[  176877ms] [LOG] [ActivityStore] Loaded from Firestore - Streak: 0 @ https://outrun.co.il/_next/static/chunks/1381-2a035a20bf094eec.js:0
[  177075ms] [LOG] [WorkoutTrio] No app_config/workout_trio doc → using pre-seeded Hebrew labels @ https://outrun.co.il/_next/static/chunks/1381-2a035a20bf094eec.js:0
[  177075ms] [LOG] [LOC-OVERRIDE] {"requested":null,"requestedSource":"none","resolved":"park","winner":"DEFAULT_LOCATION","path":"tryRestDayFastPath"} @ https://outrun.co.il/_next/static/chunks/1381-2a035a20bf094eec.js:0
[  177075ms] [LOG] [WorkoutTrio] Rest-day fast path: 3 options from pool of 7 (targeted query, full pipeline skipped) @ https://outrun.co.il/_next/static/chunks/1381-2a035a20bf094eec.js:0
[  177075ms] [LOG] [home] scoreBreakdown "recovery-follow-up" (score=0): {goalMatch: 0, gapFilling: 0, stepDeficit: 0, preferenceMatch: 0, recoveryMatch: 0} @ https://outrun.co.il/_next/static/chunks/app/home/page-508081ccd1a2ac8d.js:0
[  177075ms] [LOG] [DomainBudget] activeProgramId="calisthenics_upper" slug="calisthenics_upper" resolvedChildDomains=[planche, front_lever] isFullBodyMaster=false isCalisthenicsUpperMaster=true isUpperBodyMaster=false @ https://outrun.co.il/_next/static/chunks/1381-2a035a20bf094eec.js:0
[  177075ms] [LOG] [DomainBudget] calisthenics_upper budgets (skills + parents): [planche=L12, front_lever=L11, push=L21, pull=L20] @ https://outrun.co.il/_next/static/chunks/1381-2a035a20bf094eec.js:0
[  177076ms] [LOG] activeProgramId: calisthenics_upper @ https://outrun.co.il/_next/static/chunks/1381-2a035a20bf094eec.js:0
[  177076ms] [LOG] progression.tracks: {front_lever: Object, core: Object, upper_body: Object, push: Object, calisthenics_upper: Object} @ https://outrun.co.il/_next/static/chunks/1381-2a035a20bf094eec.js:0
[  177076ms] [LOG] progression.domains: {H2279XsRGDg9G370J7S9: Object, one_arm_pullup: Object, handstand: Object, pull: Object, planche: Object} @ https://outrun.co.il/_next/static/chunks/1381-2a035a20bf094eec.js:0
[  177076ms] [LOG] progression.activePrograms: [Object] @ https://outrun.co.il/_next/static/chunks/1381-2a035a20bf094eec.js:0
[  177076ms] [LOG] progression.skillFocusIds: [planche, front_lever] @ https://outrun.co.il/_next/static/chunks/1381-2a035a20bf094eec.js:0
[  177076ms] [LOG] progression.masterProgramSubLevels: (none) @ https://outrun.co.il/_next/static/chunks/1381-2a035a20bf094eec.js:0
[  177076ms] [LOG] Derived userLevel (base): 21 @ https://outrun.co.il/_next/static/chunks/1381-2a035a20bf094eec.js:0
[  177076ms] [LOG] scheduleDays count: 2 @ https://outrun.co.il/_next/static/chunks/1381-2a035a20bf094eec.js:0
[  177076ms] [LOG] Base User Level: 21 @ https://outrun.co.il/_next/static/chunks/1381-2a035a20bf094eec.js:0
[  177076ms] [LOG] Schedule Days (total / remaining): 2 / 2 @ https://outrun.co.il/_next/static/chunks/1381-2a035a20bf094eec.js:0
[  177076ms] [LOG] Source: Admin Panel (ProgramLevelSettings) @ https://outrun.co.il/_next/static/chunks/1381-2a035a20bf094eec.js:0
[  177076ms] [LOG] Effective Weekly Budget: 42 @ https://outrun.co.il/_next/static/chunks/1381-2a035a20bf094eec.js:0
[  177076ms] [LOG] Completed This Week (all domains): 0 @ https://outrun.co.il/_next/static/chunks/1381-2a035a20bf094eec.js:0
[  177076ms] [LOG] Remaining Sets: 42 = 42 − 0 @ https://outrun.co.il/_next/static/chunks/1381-2a035a20bf094eec.js:0
[  177076ms] [LOG] Daily Budget: ceil(42 / 2) = 21 @ https://outrun.co.il/_next/static/chunks/1381-2a035a20bf094eec.js:0
[  177076ms] [LOG] Final dailySetBudget (min 2): 21 @ https://outrun.co.il/_next/static/chunks/1381-2a035a20bf094eec.js:0
[  177077ms] [LOG] [Periodization] Cycle clock: startDate=2026-09-21 daysSinceStart=0 → Week 1/5 @ https://outrun.co.il/_next/static/chunks/1381-2a035a20bf094eec.js:0
[  177077ms] [LOG]   Inputs:        cycleWeek=1, gapDays=0 @ https://outrun.co.il/_next/static/chunks/1381-2a035a20bf094eec.js:0
[  177077ms] [LOG]   Volume mult:   x1 @ https://outrun.co.il/_next/static/chunks/1381-2a035a20bf094eec.js:0
[  177077ms] [LOG]   Δ override:    none @ https://outrun.co.il/_next/static/chunks/1381-2a035a20bf094eec.js:0
[  177077ms] [LOG]   Protocol mult: x1 @ https://outrun.co.il/_next/static/chunks/1381-2a035a20bf094eec.js:0
[  177077ms] [LOG]   SA cap:        none @ https://outrun.co.il/_next/static/chunks/1381-2a035a20bf094eec.js:0
[  177077ms] [LOG]   Detraining:    false @ https://outrun.co.il/_next/static/chunks/1381-2a035a20bf094eec.js:0
[  177077ms] [LOG]   Default focus: Normal(1) @ https://outrun.co.il/_next/static/chunks/1381-2a035a20bf094eec.js:0
[  177077ms] [LOG]   Restart cycle: false @ https://outrun.co.il/_next/static/chunks/1381-2a035a20bf094eec.js:0
[  177077ms] [LOG] [SkillPriority] wired: resolvedChildDomains=[planche, front_lever] → priority={planche:1, front_lever:2} @ https://outrun.co.il/_next/static/chunks/1381-2a035a20bf094eec.js:0
[  177077ms] [LOG] [HomeWorkout] calisthenics_upper focusDomains: [planche, front_lever, push, pull] @ https://outrun.co.il/_next/static/chunks/1381-2a035a20bf094eec.js:0
[  177077ms] [LOG] [InputSanitizer] focusDomains priority path: [planche, front_lever, push, pull] → activeProgramFilters @ https://outrun.co.il/_next/static/chunks/4861-0a4b1c61fcd6903d.js:0
[  177077ms] [LOG] [ShadowLevel] TARGET PROGRAM: "פלאנק רחוק" → program="kDMpobbKsuVTByTIKUpe" (slug="core") userLevel=10 (adminTag=8) (movementGroup=core, muscle=back) @ https://outrun.co.il/_next/static/chunks/4861-0a4b1c61fcd6903d.js:0
[  177078ms] [WARNING] [ParkGating] "מתח לא שוויוני עם טבעות" — 1 park method(s) all gated → exercise excluded Required gear not in park inventory: [Object] Available: [bodyweight, pullup_bar, dip_station, bench, low_bar, high_bar, step, park_bench, park_step] @ https://outrun.co.il/_next/static/chunks/4861-0a4b1c61fcd6903d.js:0
[  177078ms] [WARNING] [ParkGating] "מתח יד אחת עם גומייה" — 2 park method(s) all gated → exercise excluded Required gear not in park inventory: [Object, Object] Available: [bodyweight, pullup_bar, dip_station, bench, low_bar, high_bar, step, park_bench, park_step] @ https://outrun.co.il/_next/static/chunks/4861-0a4b1c61fcd6903d.js:0
[  177078ms] [WARNING] [ParkGating] "סקין דה קאט טאק מתקדם" — 2 park method(s) all gated → exercise excluded Required gear not in park inventory: [Object, Object] Available: [bodyweight, pullup_bar, dip_station, bench, low_bar, high_bar, step, park_bench, park_step] @ https://outrun.co.il/_next/static/chunks/4861-0a4b1c61fcd6903d.js:0
[  177078ms] [WARNING] [ParkGating] "פלאנץ׳ בטאק מתקדם בעזרת גומייה דקה" — 1 park method(s) all gated → exercise excluded Required gear not in park inventory: [Object] Available: [bodyweight, pullup_bar, dip_station, bench, low_bar, high_bar, step, park_bench, park_step] @ https://outrun.co.il/_next/static/chunks/4861-0a4b1c61fcd6903d.js:0
[  177078ms] [WARNING] [ParkGating] "פלאנץ׳ יהלום בעזרת גומייה דקה" — 1 park method(s) all gated → exercise excluded Required gear not in park inventory: [Object] Available: [bodyweight, pullup_bar, dip_station, bench, low_bar, high_bar, step, park_bench, park_step] @ https://outrun.co.il/_next/static/chunks/4861-0a4b1c61fcd6903d.js:0
[  177078ms] [WARNING] [ParkGating] "פרונט לבר בפישוק עם גומייה" — 2 park method(s) all gated → exercise excluded Required gear not in park inventory: [Object, Object] Available: [bodyweight, pullup_bar, dip_station, bench, low_bar, high_bar, step, park_bench, park_step] @ https://outrun.co.il/_next/static/chunks/4861-0a4b1c61fcd6903d.js:0
[  177078ms] [WARNING] [ParkGating] "פרונט לבר יהלום עם גומייה" — 2 park method(s) all gated → exercise excluded Required gear not in park inventory: [Object, Object] Available: [bodyweight, pullup_bar, dip_station, bench, low_bar, high_bar, step, park_bench, park_step] @ https://outrun.co.il/_next/static/chunks/4861-0a4b1c61fcd6903d.js:0
[  177078ms] [WARNING] [ParkGating] "פרונט לבר רגל אחת בעזרת גומייה" — 2 park method(s) all gated → exercise excluded Required gear not in park inventory: [Object, Object] Available: [bodyweight, pullup_bar, dip_station, bench, low_bar, high_bar, step, park_bench, park_step] @ https://outrun.co.il/_next/static/chunks/4861-0a4b1c61fcd6903d.js:0
[  177079ms] [WARNING] [ParkGating] "חתירות פרונט לבר בטאק מתקדם בעזרת גומייה" — 2 park method(s) all gated → exercise excluded Required gear not in park inventory: [Object, Object] Available: [bodyweight, pullup_bar, dip_station, bench, low_bar, high_bar, step, park_bench, park_step] @ https://outrun.co.il/_next/static/chunks/4861-0a4b1c61fcd6903d.js:0
[  177079ms] [LOG] [ShadowLevel] TARGET PROGRAM: "פלאנק רחוק" → program="kDMpobbKsuVTByTIKUpe" (slug="core") userLevel=10 (adminTag=8) (movementGroup=core, muscle=back) @ https://outrun.co.il/_next/static/chunks/4861-0a4b1c61fcd6903d.js:0
[  177079ms] [LOG] [WorkoutTrio] Shared pipeline: 20 scored exercises (45 excluded), 370 total in DB @ https://outrun.co.il/_next/static/chunks/1381-2a035a20bf094eec.js:0
[  177079ms] [LOG] [WorkoutTrio] Filter breakdown — program_filter: 29, level_tolerance: 6, skill_gate: 0, location: 9, injury: 0, passed: 20 @ https://outrun.co.il/_next/static/chunks/1381-2a035a20bf094eec.js:0
[  177386ms] [LOG] [HomeContext] Domain 'front_lever' resolved to L11 (Source: Tracks) @ https://outrun.co.il/_next/static/chunks/4861-0a4b1c61fcd6903d.js:0
[  177386ms] [LOG] [HomeContext] Domain 'core' resolved to L10 (Source: Tracks) @ https://outrun.co.il/_next/static/chunks/4861-0a4b1c61fcd6903d.js:0
[  177386ms] [LOG] [HomeContext] Domain 'upper_body' resolved to L21 (Source: Tracks) @ https://outrun.co.il/_next/static/chunks/4861-0a4b1c61fcd6903d.js:0
[  177386ms] [LOG] [HomeContext] Domain 'push' resolved to L21 (Source: Tracks) @ https://outrun.co.il/_next/static/chunks/4861-0a4b1c61fcd6903d.js:0
[  177386ms] [LOG] [HomeContext] Domain 'calisthenics_upper' resolved to L12 (Source: Tracks) @ https://outrun.co.il/_next/static/chunks/4861-0a4b1c61fcd6903d.js:0
[  177386ms] [LOG] [HomeContext] Domain '47smw26hUyG5ZbE1bhr3' resolved to L21 (Source: Tracks) @ https://outrun.co.il/_next/static/chunks/4861-0a4b1c61fcd6903d.js:0
[  177386ms] [LOG] [HomeContext] Domain 'pull' resolved to L20 (Source: Tracks) @ https://outrun.co.il/_next/static/chunks/4861-0a4b1c61fcd6903d.js:0
[  177386ms] [LOG] [HomeContext] Domain 'H2279XsRGDg9G370J7S9' → slug 'full_body' dual-keyed at L15 (Source: Tracks) @ https://outrun.co.il/_next/static/chunks/4861-0a4b1c61fcd6903d.js:0
[  177386ms] [LOG] [HomeContext] Domain 'legs' resolved to L12 (Source: Tracks) @ https://outrun.co.il/_next/static/chunks/4861-0a4b1c61fcd6903d.js:0
[  177386ms] [LOG] [HomeContext] Domain 'muscle_up' resolved to L21 (Source: Tracks) @ https://outrun.co.il/_next/static/chunks/4861-0a4b1c61fcd6903d.js:0
[  177386ms] [LOG] [HomeContext] Domain 'planche' resolved to L12 (Source: Tracks) @ https://outrun.co.il/_next/static/chunks/4861-0a4b1c61fcd6903d.js:0
[  177386ms] [LOG] [HomeContext] Domain 'full_body' resolved to L15 (Source: Tracks) @ https://outrun.co.il/_next/static/chunks/4861-0a4b1c61fcd6903d.js:0
[  177386ms] [LOG] [HomeContext] Domain 'fTLWzjP9gH2VNpamyCZF' resolved to L21 (Source: Tracks) @ https://outrun.co.il/_next/static/chunks/4861-0a4b1c61fcd6903d.js:0
[  177386ms] [LOG] [HomeContext] Domain 'one_arm_pullup' — no assessed level, left ABSENT (no invention) @ https://outrun.co.il/_next/static/chunks/4861-0a4b1c61fcd6903d.js:0
[  177386ms] [LOG] [HomeContext] Domain 'handstand' — no assessed level, left ABSENT (no invention) @ https://outrun.co.il/_next/static/chunks/4861-0a4b1c61fcd6903d.js:0
[  177386ms] [LOG] [HomeContext] Domain 'handstand_pushup' — no assessed level, left ABSENT (no invention) @ https://outrun.co.il/_next/static/chunks/4861-0a4b1c61fcd6903d.js:0
[  177386ms] [LOG] [HomeContext] Domain 'human_flag' — no assessed level, left ABSENT (no invention) @ https://outrun.co.il/_next/static/chunks/4861-0a4b1c61fcd6903d.js:0
[  181279ms] [LOG] [WorkoutTrio] Settings resolved → protocols: ⚠️  none (straight sets — check Firestore doc) | goals: none | tabata: p=0.22 from push@L21 @ https://outrun.co.il/_next/static/chunks/1381-2a035a20bf094eec.js:0
[  182044ms] [LOG] [ExerciseHistory] Loaded history for 0/20 exercises (1 chunked 'in' query) @ https://outrun.co.il/_next/static/chunks/1381-2a035a20bf094eec.js:0
[  182044ms] [LOG] [WorkoutTrio] Exercise history loaded: 0/20 exercises have prior session data (David Staircase floor active). @ https://outrun.co.il/_next/static/chunks/1381-2a035a20bf094eec.js:0
[  182044ms] [LOG] [WorkoutTrio] Protocol probability passed to generator: 0.00 (base=0, multiplier=1, week=1) @ https://outrun.co.il/_next/static/chunks/1381-2a035a20bf094eec.js:0
[  182044ms] [LOG] [WorkoutTrio] Tabata finisher probability: 0.22 × 1 = 0.22 (from push@L21) @ https://outrun.co.il/_next/static/chunks/1381-2a035a20bf094eec.js:0
[  182555ms] [LOG] [WorkoutTrio] No app_config/workout_trio doc → using pre-seeded Hebrew labels @ https://outrun.co.il/_next/static/chunks/1381-2a035a20bf094eec.js:0
[  182555ms] [LOG] [WorkoutTrio] Labels (fallback): [מאוזן, עצים ומהיר, אימון פארק קליל] @ https://outrun.co.il/_next/static/chunks/1381-2a035a20bf094eec.js:0
[  182555ms] [LOG] [WorkoutTrio] Bolt2: honouring requested 30min (ceiling 45min, explicit=false) @ https://outrun.co.il/_next/static/chunks/1381-2a035a20bf094eec.js:0
[  182555ms] [LOG] [PipelineOrchestrator] Pool OK: 20 survivors at location=park (gear=9) → normal generation (sparse contexts degrade to bodyweight, not recovery). @ https://outrun.co.il/_next/static/chunks/1381-2a035a20bf094eec.js:0
[  182556ms] [LOG] [PipelineOrchestrator] 🔓 Master-program bypass (calisthenics_upper): skipping single-domain tolerance gate — ContextualEngine shared pass already scoped pool to all child domains. Pool size preserved: 20 exercises. @ https://outrun.co.il/_next/static/chunks/1381-2a035a20bf094eec.js:0
[  182558ms] [LOG] [InputSanitizer:Periodization] Phase=BUILD(W1) effectiveDifficulty=2 @ https://outrun.co.il/_next/static/chunks/4861-0a4b1c61fcd6903d.js:0
[  182558ms] [LOG]   planche L12: 8 sets/day (24/week) @ https://outrun.co.il/_next/static/chunks/1594-5a87e39473af2633.js:0
[  182558ms] [LOG]   front_lever L11: 8 sets/day (22/week) @ https://outrun.co.il/_next/static/chunks/1594-5a87e39473af2633.js:0
[  182558ms] [LOG]   push L21: 14 sets/day (42/week) @ https://outrun.co.il/_next/static/chunks/1594-5a87e39473af2633.js:0
[  182558ms] [LOG]   pull L20: 14 sets/day (40/week) @ https://outrun.co.il/_next/static/chunks/1594-5a87e39473af2633.js:0
[  182559ms] [LOG] Foundation Buffer: 8 exercises boosted (+30) — Pull-ups/Dips/Push-ups/Rows prioritised @ https://outrun.co.il/_next/static/chunks/1594-5a87e39473af2633.js:0
[  182559ms] [LOG] Vertical Preference: 2 exercises boosted (diminishing: 15/8) @ https://outrun.co.il/_next/static/chunks/1594-5a87e39473af2633.js:0
[  182559ms] [LOG] Naked Strength: 5 bodyweight exercises boosted (+8) @ https://outrun.co.il/_next/static/chunks/1594-5a87e39473af2633.js:0
[  182559ms] [LOG] Equipment Synergy: "pullup_bar" dominant → 11 exercises boosted (+8) @ https://outrun.co.il/_next/static/chunks/1594-5a87e39473af2633.js:0
[  182559ms] [LOG] Modality Match: "bent_arm" dominant → 8 exercises boosted (+10) @ https://outrun.co.il/_next/static/chunks/1594-5a87e39473af2633.js:0
[  182560ms] [LOG] [LevelSync] DifficultyFilter: globalLevel=L21, domainLevels={planche:L12, front_lever:L11, push:L21, pull:L20, core:L10, upper_body:L21, calisthenics_upper:L12, legs:L12, muscle_up:L21, full_body:L15} @ https://outrun.co.il/_next/static/chunks/4861-0a4b1c61fcd6903d.js:0
[  182561ms] [LOG] [WorkoutGenerator] Domain Rescue: injected JgtE20xpoJKkWbf9OCYi for "planche" (L11, user L12, location:park) @ https://outrun.co.il/_next/static/chunks/4861-0a4b1c61fcd6903d.js:0
[  182561ms] [LOG] [WorkoutGenerator] Domain quotas: planche, front_lever → 7 exercises @ https://outrun.co.il/_next/static/chunks/4861-0a4b1c61fcd6903d.js:0
[  182561ms] [LOG] [MGDiversity] Single-domain mode: slug-dedup only, all 7 exercises kept @ https://outrun.co.il/_next/static/chunks/1594-5a87e39473af2633.js:0
[  182562ms] [LOG] [assignVolume] Budget guard: front_lever budget=8 ÷ 6 exercises (budgetCap=2) → consolidated to 2 receiver(s) @ https://outrun.co.il/_next/static/chunks/1594-5a87e39473af2633.js:0
[  182562ms] [LOG]   planche L12: 8 sets ÷ 1 exercises = 8 sets/each @ https://outrun.co.il/_next/static/chunks/1594-5a87e39473af2633.js:0
[  182562ms] [LOG]   front_lever L11: 8 sets ÷ 2 exercises = 4 sets/each @ https://outrun.co.il/_next/static/chunks/1594-5a87e39473af2633.js:0
[  182562ms] [LOG]   push L21: 14 sets ÷ 0 exercises = 0 sets/each @ https://outrun.co.il/_next/static/chunks/1594-5a87e39473af2633.js:0
[  182562ms] [LOG]   pull L20: 14 sets ÷ 0 exercises = 0 sets/each @ https://outrun.co.il/_next/static/chunks/1594-5a87e39473af2633.js:0
[  182563ms] [LOG] [BudgetDistributor.balancedClusterCap] D2 balanced session — culled 4 exercise(s) → 3 clustered exercises (diverse=false, domains=2, longSession=false, availableTime=30). Sets: 4/4/4 @ https://outrun.co.il/_next/static/chunks/1594-5a87e39473af2633.js:0
[  182564ms] [LOG] [WorkoutGenerator][selectProtocol] difficulty=2 | adminProtocols=null | adminProbability=0 | periodizationWeek=1 @ https://outrun.co.il/_next/static/chunks/1594-5a87e39473af2633.js:0
[  182564ms] [LOG] [WorkoutGenerator][selectProtocol] No protocols configured — straight sets @ https://outrun.co.il/_next/static/chunks/1594-5a87e39473af2633.js:0
[  182564ms] [LOG] [GuaranteePassRunner] ⏭️  Bypassing VerticalFoundationGuarantee — single_domain strategy (track-specialized session) @ https://outrun.co.il/_next/static/chunks/1594-5a87e39473af2633.js:0
[  182564ms] [LOG] ┌─────────────┬────────────┬────────────┬────────────┐
│  Section    │  Work      │  Rest      │  Subtotal  │
├─────────────┼────────────┼────────────┼────────────┤
│  Warmup     │ 0m 0s      │ 0m 0s      │ 0m 0s      │  ← 0s rest, 5s transitions, cap=6m
│  Main       │ 3m 0s      │ 14m 12s    │ 17m 12s    │  ← 14m rest = 83% of main block
│  Cooldown   │ 0m 0s      │ 0m 0s      │ 0m 0s      │
├─────────────┼────────────┼────────────┼────────────┤
│  TOTAL(raw) │             │             │ 17m 12s    │
└─────────────┴────────────┴────────────┴────────────┘ @ https://outrun.co.il/_next/static/chunks/1594-5a87e39473af2633.js:0
[  182565ms] [LOG]   + Main transitions (2 × 30s): 60s @ https://outrun.co.il/_next/static/chunks/1594-5a87e39473af2633.js:0
[  182565ms] [LOG]   = Final Duration: 19 min @ https://outrun.co.il/_next/static/chunks/1594-5a87e39473af2633.js:0
[  182565ms] [TABLE] [Object, Object, Object] @ https://outrun.co.il/_next/static/chunks/1594-5a87e39473af2633.js:0
[  182565ms] [LOG] ┌─────────────┬────────────┬────────────┬────────────┐
│  Section    │  Work      │  Rest      │  Subtotal  │
├─────────────┼────────────┼────────────┼────────────┤
│  Warmup     │ 0m 0s      │ 0m 0s      │ 0m 0s      │  ← 0s rest, 5s transitions, cap=6m
│  Main       │ 3m 0s      │ 14m 12s    │ 17m 12s    │  ← 14m rest = 83% of main block
│  Cooldown   │ 0m 0s      │ 0m 0s      │ 0m 0s      │
├─────────────┼────────────┼────────────┼────────────┤
│  TOTAL(raw) │             │             │ 17m 12s    │
└─────────────┴────────────┴────────────┴────────────┘ @ https://outrun.co.il/_next/static/chunks/1594-5a87e39473af2633.js:0
[  182565ms] [LOG]   + Main transitions (2 × 30s): 60s @ https://outrun.co.il/_next/static/chunks/1594-5a87e39473af2633.js:0
[  182565ms] [LOG]   = Final Duration: 19 min @ https://outrun.co.il/_next/static/chunks/1594-5a87e39473af2633.js:0
[  182565ms] [TABLE] [Object, Object, Object] @ https://outrun.co.il/_next/static/chunks/1594-5a87e39473af2633.js:0
[  182565ms] [LOG] [Engine] Pool: 65→36→20→20→7(raw)→7(diverse) | Selected: 3 | Budget: ?/21 remaining/daily | Difficulty: 2 | Sets: 12 @ https://outrun.co.il/_next/static/chunks/1594-5a87e39473af2633.js:0
[  182565ms] [LOG] [1] סקין דה קאט חצי גוף (סיבוב על הטבעות חצי גוף) | programLevel=13 [LevelResolution] סקין דה קאט חצי גוף (סיבוב על הטבעות חצי גוף) → L13 via front_lever | userDomainL=20 | Tier=flow | Sets=4 Hold=15s Rest=62s | Video=YES @ https://outrun.co.il/_next/static/chunks/1594-5a87e39473af2633.js:0
[  182566ms] [LOG] [2] פרונט לבר מלא | programLevel=13 [LevelResolution] פרונט לבר מלא → L13 via front_lever | userDomainL=20 | Tier=flow | Sets=4 Hold=15s Rest=61s | Video=YES @ https://outrun.co.il/_next/static/chunks/1594-5a87e39473af2633.js:0
[  182566ms] [LOG] [3] הרמות פרונט לבר חצי גוף | programLevel=13 [LevelResolution] הרמות פרונט לבר חצי גוף → L13 via front_lever | userDomainL=20 | Tier=flow | Sets=4 Hold=15s Rest=90s | Video=YES @ https://outrun.co.il/_next/static/chunks/1594-5a87e39473af2633.js:0
[  182566ms] [LOG] [Warmup] Pool: 370 total | follow-along: 13 | role=warmup: 1 | mobility-tag: 0 @ https://outrun.co.il/_next/static/chunks/1381-2a035a20bf094eec.js:0
[  182567ms] [LOG] [Warmup] Stage 1: "(none)" selected (none) @ https://outrun.co.il/_next/static/chunks/1381-2a035a20bf094eec.js:0
[  182567ms] [LOG] [Warmup] David Scale: pull(100%×4s) @ https://outrun.co.il/_next/static/chunks/1381-2a035a20bf094eec.js:0
[  182567ms] [WARNING] [ParkGating] "חתירות ב-15°" — 3 park method(s) all gated → exercise excluded Required gear not in park inventory: [Object, Object, Object] Available: [bodyweight, pullup_bar, dip_station, bench, low_bar, high_bar, step, park_bench, park_step] @ https://outrun.co.il/_next/static/chunks/4861-0a4b1c61fcd6903d.js:0
[  182568ms] [WARNING] [ParkGating] "חתירות ב-75°" — 3 park method(s) all gated → exercise excluded Required gear not in park inventory: [Object, Object, Object] Available: [bodyweight, pullup_bar, dip_station, bench, low_bar, high_bar, step, park_bench, park_step] @ https://outrun.co.il/_next/static/chunks/4861-0a4b1c61fcd6903d.js:0
[  182568ms] [WARNING] [ParkGating] "משיכות Y" — 3 park method(s) all gated → exercise excluded Required gear not in park inventory: [Object, Object, Object] Available: [bodyweight, pullup_bar, dip_station, bench, low_bar, high_bar, step, park_bench, park_step] @ https://outrun.co.il/_next/static/chunks/4861-0a4b1c61fcd6903d.js:0
[  182568ms] [WARNING] [ParkGating] "פרפר הפוך" — 3 park method(s) all gated → exercise excluded Required gear not in park inventory: [Object, Object, Object] Available: [bodyweight, pullup_bar, dip_station, bench, low_bar, high_bar, step, park_bench, park_step] @ https://outrun.co.il/_next/static/chunks/4861-0a4b1c61fcd6903d.js:0
[  182568ms] [WARNING] [ParkGating] "חתירות באחיזה עמוקה" — 1 park method(s) all gated → exercise excluded Required gear not in park inventory: [Object] Available: [bodyweight, pullup_bar, dip_station, bench, low_bar, high_bar, step, park_bench, park_step] @ https://outrun.co.il/_next/static/chunks/4861-0a4b1c61fcd6903d.js:0
[  182568ms] [WARNING] [ParkGating] "משיכות פנים" — 3 park method(s) all gated → exercise excluded Required gear not in park inventory: [Object, Object, Object] Available: [bodyweight, pullup_bar, dip_station, bench, low_bar, high_bar, step, park_bench, park_step] @ https://outrun.co.il/_next/static/chunks/4861-0a4b1c61fcd6903d.js:0
[  182568ms] [WARNING] [ParkGating] "חתירות ב-15°" — 3 park method(s) all gated → exercise excluded Required gear not in park inventory: [Object, Object, Object] Available: [bodyweight, pullup_bar, dip_station, bench, low_bar, high_bar, step, park_bench, park_step] @ https://outrun.co.il/_next/static/chunks/4861-0a4b1c61fcd6903d.js:0
[  182568ms] [WARNING] [ParkGating] "חתירות ב-15° עם ברכיים כפופות" — 3 park method(s) all gated → exercise excluded Required gear not in park inventory: [Object, Object, Object] Available: [bodyweight, pullup_bar, dip_station, bench, low_bar, high_bar, step, park_bench, park_step] @ https://outrun.co.il/_next/static/chunks/4861-0a4b1c61fcd6903d.js:0
[  182568ms] [WARNING] [ParkGating] "חתירות קשתים ב-30°" — 3 park method(s) all gated → exercise excluded Required gear not in park inventory: [Object, Object, Object] Available: [bodyweight, pullup_bar, dip_station, bench, low_bar, high_bar, step, park_bench, park_step] @ https://outrun.co.il/_next/static/chunks/4861-0a4b1c61fcd6903d.js:0
[  182569ms] [WARNING] [ParkGating] "חתירות יד אחת ב-45°" — 2 park method(s) all gated → exercise excluded Required gear not in park inventory: [Object, Object] Available: [bodyweight, pullup_bar, dip_station, bench, low_bar, high_bar, step, park_bench, park_step] @ https://outrun.co.il/_next/static/chunks/4861-0a4b1c61fcd6903d.js:0
[  182569ms] [WARNING] [ParkGating] "חתירות קשתים ב-45°" — 3 park method(s) all gated → exercise excluded Required gear not in park inventory: [Object, Object, Object] Available: [bodyweight, pullup_bar, dip_station, bench, low_bar, high_bar, step, park_bench, park_step] @ https://outrun.co.il/_next/static/chunks/4861-0a4b1c61fcd6903d.js:0
[  182569ms] [WARNING] [ParkGating] "בק לבר בטאק" — 2 park method(s) all gated → exercise excluded Required gear not in park inventory: [Object, Object] Available: [bodyweight, pullup_bar, dip_station, bench, low_bar, high_bar, step, park_bench, park_step] @ https://outrun.co.il/_next/static/chunks/4861-0a4b1c61fcd6903d.js:0
[  182569ms] [WARNING] [ParkGating] "סקין דה קאט בטאק (סיבוב על הטבעות בטאק)" — 2 park method(s) all gated → exercise excluded Required gear not in park inventory: [Object, Object] Available: [bodyweight, pullup_bar, dip_station, bench, low_bar, high_bar, step, park_bench, park_step] @ https://outrun.co.il/_next/static/chunks/4861-0a4b1c61fcd6903d.js:0
[  182569ms] [WARNING] [ParkGating] "פרונט לבר בטאק מתקדם עם גומייה" — 2 park method(s) all gated → exercise excluded Required gear not in park inventory: [Object, Object] Available: [bodyweight, pullup_bar, dip_station, bench, low_bar, high_bar, step, park_bench, park_step] @ https://outrun.co.il/_next/static/chunks/4861-0a4b1c61fcd6903d.js:0
[  182569ms] [WARNING] [ParkGating] "סקין דה קאט אקצנטרי (סיבוב על הטבעות שלילי)" — 1 park method(s) all gated → exercise excluded Required gear not in park inventory: [Object] Available: [bodyweight, pullup_bar, dip_station, bench, low_bar, high_bar, step, park_bench, park_step] @ https://outrun.co.il/_next/static/chunks/4861-0a4b1c61fcd6903d.js:0
[  182570ms] [LOG] [Warmup] Activation pull slot1/4 F2: "פרונט לבר בטאק" L14 from 5 cands (zone [5–7], reps 8–12) @ https://outrun.co.il/_next/static/chunks/1381-2a035a20bf094eec.js:0
[  182570ms] [WARNING] [ParkGating] "משיכות Y" — 3 park method(s) all gated → exercise excluded Required gear not in park inventory: [Object, Object, Object] Available: [bodyweight, pullup_bar, dip_station, bench, low_bar, high_bar, step, park_bench, park_step] @ https://outrun.co.il/_next/static/chunks/4861-0a4b1c61fcd6903d.js:0
[  182570ms] [WARNING] [ParkGating] "פרפר הפוך" — 3 park method(s) all gated → exercise excluded Required gear not in park inventory: [Object, Object, Object] Available: [bodyweight, pullup_bar, dip_station, bench, low_bar, high_bar, step, park_bench, park_step] @ https://outrun.co.il/_next/static/chunks/4861-0a4b1c61fcd6903d.js:0
[  182570ms] [WARNING] [ParkGating] "משיכות פנים" — 3 park method(s) all gated → exercise excluded Required gear not in park inventory: [Object, Object, Object] Available: [bodyweight, pullup_bar, dip_station, bench, low_bar, high_bar, step, park_bench, park_step] @ https://outrun.co.il/_next/static/chunks/4861-0a4b1c61fcd6903d.js:0
[  182570ms] [WARNING] [ParkGating] "חתירות ב-75°" — 3 park method(s) all gated → exercise excluded Required gear not in park inventory: [Object, Object, Object] Available: [bodyweight, pullup_bar, dip_station, bench, low_bar, high_bar, step, park_bench, park_step] @ https://outrun.co.il/_next/static/chunks/4861-0a4b1c61fcd6903d.js:0
[  182570ms] [WARNING] [ParkGating] "משיכות Y" — 3 park method(s) all gated → exercise excluded Required gear not in park inventory: [Object, Object, Object] Available: [bodyweight, pullup_bar, dip_station, bench, low_bar, high_bar, step, park_bench, park_step] @ https://outrun.co.il/_next/static/chunks/4861-0a4b1c61fcd6903d.js:0
[  182570ms] [WARNING] [ParkGating] "פרפר הפוך" — 3 park method(s) all gated → exercise excluded Required gear not in park inventory: [Object, Object, Object] Available: [bodyweight, pullup_bar, dip_station, bench, low_bar, high_bar, step, park_bench, park_step] @ https://outrun.co.il/_next/static/chunks/4861-0a4b1c61fcd6903d.js:0
[  182570ms] [WARNING] [ParkGating] "חתירות באחיזה עמוקה" — 1 park method(s) all gated → exercise excluded Required gear not in park inventory: [Object] Available: [bodyweight, pullup_bar, dip_station, bench, low_bar, high_bar, step, park_bench, park_step] @ https://outrun.co.il/_next/static/chunks/4861-0a4b1c61fcd6903d.js:0
[  182570ms] [WARNING] [ParkGating] "משיכות פנים" — 3 park method(s) all gated → exercise excluded Required gear not in park inventory: [Object, Object, Object] Available: [bodyweight, pullup_bar, dip_station, bench, low_bar, high_bar, step, park_bench, park_step] @ https://outrun.co.il/_next/static/chunks/4861-0a4b1c61fcd6903d.js:0
[  182571ms] [WARNING] [ParkGating] "חתירות ב-15°" — 3 park method(s) all gated → exercise excluded Required gear not in park inventory: [Object, Object, Object] Available: [bodyweight, pullup_bar, dip_station, bench, low_bar, high_bar, step, park_bench, park_step] @ https://outrun.co.il/_next/static/chunks/4861-0a4b1c61fcd6903d.js:0
[  182571ms] [WARNING] [ParkGating] "חתירות ב-15° עם ברכיים כפופות" — 3 park method(s) all gated → exercise excluded Required gear not in park inventory: [Object, Object, Object] Available: [bodyweight, pullup_bar, dip_station, bench, low_bar, high_bar, step, park_bench, park_step] @ https://outrun.co.il/_next/static/chunks/4861-0a4b1c61fcd6903d.js:0
[  182571ms] [WARNING] [ParkGating] "חתירות קשתים ב-30°" — 3 park method(s) all gated → exercise excluded Required gear not in park inventory: [Object, Object, Object] Available: [bodyweight, pullup_bar, dip_station, bench, low_bar, high_bar, step, park_bench, park_step] @ https://outrun.co.il/_next/static/chunks/4861-0a4b1c61fcd6903d.js:0
[  182571ms] [WARNING] [ParkGating] "חתירות יד אחת ב-45°" — 2 park method(s) all gated → exercise excluded Required gear not in park inventory: [Object, Object] Available: [bodyweight, pullup_bar, dip_station, bench, low_bar, high_bar, step, park_bench, park_step] @ https://outrun.co.il/_next/static/chunks/4861-0a4b1c61fcd6903d.js:0
[  182571ms] [WARNING] [ParkGating] "חתירות קשתים ב-45°" — 3 park method(s) all gated → exercise excluded Required gear not in park inventory: [Object, Object, Object] Available: [bodyweight, pullup_bar, dip_station, bench, low_bar, high_bar, step, park_bench, park_step] @ https://outrun.co.il/_next/static/chunks/4861-0a4b1c61fcd6903d.js:0
[  182571ms] [WARNING] [ParkGating] "בק לבר בטאק" — 2 park method(s) all gated → exercise excluded Required gear not in park inventory: [Object, Object] Available: [bodyweight, pullup_bar, dip_station, bench, low_bar, high_bar, step, park_bench, park_step] @ https://outrun.co.il/_next/static/chunks/4861-0a4b1c61fcd6903d.js:0
[  182571ms] [WARNING] [ParkGating] "סקין דה קאט בטאק (סיבוב על הטבעות בטאק)" — 2 park method(s) all gated → exercise excluded Required gear not in park inventory: [Object, Object] Available: [bodyweight, pullup_bar, dip_station, bench, low_bar, high_bar, step, park_bench, park_step] @ https://outrun.co.il/_next/static/chunks/4861-0a4b1c61fcd6903d.js:0
[  182571ms] [WARNING] [ParkGating] "פרונט לבר בטאק מתקדם עם גומייה" — 2 park method(s) all gated → exercise excluded Required gear not in park inventory: [Object, Object] Available: [bodyweight, pullup_bar, dip_station, bench, low_bar, high_bar, step, park_bench, park_step] @ https://outrun.co.il/_next/static/chunks/4861-0a4b1c61fcd6903d.js:0
[  182571ms] [WARNING] [ParkGating] "סקין דה קאט אקצנטרי (סיבוב על הטבעות שלילי)" — 1 park method(s) all gated → exercise excluded Required gear not in park inventory: [Object] Available: [bodyweight, pullup_bar, dip_station, bench, low_bar, high_bar, step, park_bench, park_step] @ https://outrun.co.il/_next/static/chunks/4861-0a4b1c61fcd6903d.js:0
[  182572ms] [LOG] [Warmup] Activation pull slot2/4 F2: "הרמות פרונט לבר בטאק" L14 from 4 cands (zone [7–11], reps 8–12) @ https://outrun.co.il/_next/static/chunks/1381-2a035a20bf094eec.js:0
[  182572ms] [WARNING] [ParkGating] "חתירות קשתים ב-30°" — 3 park method(s) all gated → exercise excluded Required gear not in park inventory: [Object, Object, Object] Available: [bodyweight, pullup_bar, dip_station, bench, low_bar, high_bar, step, park_bench, park_step] @ https://outrun.co.il/_next/static/chunks/4861-0a4b1c61fcd6903d.js:0
[  182572ms] [WARNING] [ParkGating] "חתירות קשתים ב-45°" — 3 park method(s) all gated → exercise excluded Required gear not in park inventory: [Object, Object, Object] Available: [bodyweight, pullup_bar, dip_station, bench, low_bar, high_bar, step, park_bench, park_step] @ https://outrun.co.il/_next/static/chunks/4861-0a4b1c61fcd6903d.js:0
[  182572ms] [WARNING] [ParkGating] "בק לבר בטאק" — 2 park method(s) all gated → exercise excluded Required gear not in park inventory: [Object, Object] Available: [bodyweight, pullup_bar, dip_station, bench, low_bar, high_bar, step, park_bench, park_step] @ https://outrun.co.il/_next/static/chunks/4861-0a4b1c61fcd6903d.js:0
[  182572ms] [WARNING] [ParkGating] "סקין דה קאט בטאק (סיבוב על הטבעות בטאק)" — 2 park method(s) all gated → exercise excluded Required gear not in park inventory: [Object, Object] Available: [bodyweight, pullup_bar, dip_station, bench, low_bar, high_bar, step, park_bench, park_step] @ https://outrun.co.il/_next/static/chunks/4861-0a4b1c61fcd6903d.js:0
[  182572ms] [WARNING] [ParkGating] "סקין דה קאט אקצנטרי (סיבוב על הטבעות שלילי)" — 1 park method(s) all gated → exercise excluded Required gear not in park inventory: [Object] Available: [bodyweight, pullup_bar, dip_station, bench, low_bar, high_bar, step, park_bench, park_step] @ https://outrun.co.il/_next/static/chunks/4861-0a4b1c61fcd6903d.js:0
[  182572ms] [WARNING] [ParkGating] "חתירות ב-75°" — 3 park method(s) all gated → exercise excluded Required gear not in park inventory: [Object, Object, Object] Available: [bodyweight, pullup_bar, dip_station, bench, low_bar, high_bar, step, park_bench, park_step] @ https://outrun.co.il/_next/static/chunks/4861-0a4b1c61fcd6903d.js:0
[  182572ms] [WARNING] [ParkGating] "משיכות Y" — 3 park method(s) all gated → exercise excluded Required gear not in park inventory: [Object, Object, Object] Available: [bodyweight, pullup_bar, dip_station, bench, low_bar, high_bar, step, park_bench, park_step] @ https://outrun.co.il/_next/static/chunks/4861-0a4b1c61fcd6903d.js:0
[  182572ms] [WARNING] [ParkGating] "פרפר הפוך" — 3 park method(s) all gated → exercise excluded Required gear not in park inventory: [Object, Object, Object] Available: [bodyweight, pullup_bar, dip_station, bench, low_bar, high_bar, step, park_bench, park_step] @ https://outrun.co.il/_next/static/chunks/4861-0a4b1c61fcd6903d.js:0
[  182572ms] [WARNING] [ParkGating] "חתירות באחיזה עמוקה" — 1 park method(s) all gated → exercise excluded Required gear not in park inventory: [Object] Available: [bodyweight, pullup_bar, dip_station, bench, low_bar, high_bar, step, park_bench, park_step] @ https://outrun.co.il/_next/static/chunks/4861-0a4b1c61fcd6903d.js:0
[  182573ms] [WARNING] [ParkGating] "משיכות פנים" — 3 park method(s) all gated → exercise excluded Required gear not in park inventory: [Object, Object, Object] Available: [bodyweight, pullup_bar, dip_station, bench, low_bar, high_bar, step, park_bench, park_step] @ https://outrun.co.il/_next/static/chunks/4861-0a4b1c61fcd6903d.js:0
[  182573ms] [WARNING] [ParkGating] "חתירות ב-15°" — 3 park method(s) all gated → exercise excluded Required gear not in park inventory: [Object, Object, Object] Available: [bodyweight, pullup_bar, dip_station, bench, low_bar, high_bar, step, park_bench, park_step] @ https://outrun.co.il/_next/static/chunks/4861-0a4b1c61fcd6903d.js:0
[  182573ms] [WARNING] [ParkGating] "חתירות ב-15° עם ברכיים כפופות" — 3 park method(s) all gated → exercise excluded Required gear not in park inventory: [Object, Object, Object] Available: [bodyweight, pullup_bar, dip_station, bench, low_bar, high_bar, step, park_bench, park_step] @ https://outrun.co.il/_next/static/chunks/4861-0a4b1c61fcd6903d.js:0
[  182573ms] [WARNING] [ParkGating] "חתירות קשתים ב-30°" — 3 park method(s) all gated → exercise excluded Required gear not in park inventory: [Object, Object, Object] Available: [bodyweight, pullup_bar, dip_station, bench, low_bar, high_bar, step, park_bench, park_step] @ https://outrun.co.il/_next/static/chunks/4861-0a4b1c61fcd6903d.js:0
[  182573ms] [WARNING] [ParkGating] "חתירות יד אחת ב-45°" — 2 park method(s) all gated → exercise excluded Required gear not in park inventory: [Object, Object] Available: [bodyweight, pullup_bar, dip_station, bench, low_bar, high_bar, step, park_bench, park_step] @ https://outrun.co.il/_next/static/chunks/4861-0a4b1c61fcd6903d.js:0
[  182573ms] [WARNING] [ParkGating] "חתירות קשתים ב-45°" — 3 park method(s) all gated → exercise excluded Required gear not in park inventory: [Object, Object, Object] Available: [bodyweight, pullup_bar, dip_station, bench, low_bar, high_bar, step, park_bench, park_step] @ https://outrun.co.il/_next/static/chunks/4861-0a4b1c61fcd6903d.js:0
[  182573ms] [WARNING] [ParkGating] "בק לבר בטאק" — 2 park method(s) all gated → exercise excluded Required gear not in park inventory: [Object, Object] Available: [bodyweight, pullup_bar, dip_station, bench, low_bar, high_bar, step, park_bench, park_step] @ https://outrun.co.il/_next/static/chunks/4861-0a4b1c61fcd6903d.js:0
[  182573ms] [WARNING] [ParkGating] "סקין דה קאט בטאק (סיבוב על הטבעות בטאק)" — 2 park method(s) all gated → exercise excluded Required gear not in park inventory: [Object, Object] Available: [bodyweight, pullup_bar, dip_station, bench, low_bar, high_bar, step, park_bench, park_step] @ https://outrun.co.il/_next/static/chunks/4861-0a4b1c61fcd6903d.js:0
[  182573ms] [WARNING] [ParkGating] "פרונט לבר בטאק מתקדם עם גומייה" — 2 park method(s) all gated → exercise excluded Required gear not in park inventory: [Object, Object] Available: [bodyweight, pullup_bar, dip_station, bench, low_bar, high_bar, step, park_bench, park_step] @ https://outrun.co.il/_next/static/chunks/4861-0a4b1c61fcd6903d.js:0
[  182573ms] [WARNING] [ParkGating] "סקין דה קאט אקצנטרי (סיבוב על הטבעות שלילי)" — 1 park method(s) all gated → exercise excluded Required gear not in park inventory: [Object] Available: [bodyweight, pullup_bar, dip_station, bench, low_bar, high_bar, step, park_bench, park_step] @ https://outrun.co.il/_next/static/chunks/4861-0a4b1c61fcd6903d.js:0
[  182574ms] [LOG] [Warmup] Activation pull slot3/4 F2: "בק לבר בטאק מתקדם" L15 from 3 cands (zone [11–14], reps 8–12) @ https://outrun.co.il/_next/static/chunks/1381-2a035a20bf094eec.js:0
[  182574ms] [WARNING] [ParkGating] "חתירות יד אחת ב-45°" — 2 park method(s) all gated → exercise excluded Required gear not in park inventory: [Object, Object] Available: [bodyweight, pullup_bar, dip_station, bench, low_bar, high_bar, step, park_bench, park_step] @ https://outrun.co.il/_next/static/chunks/4861-0a4b1c61fcd6903d.js:0
[  182574ms] [WARNING] [ParkGating] "סקין דה קאט טאק מתקדם" — 2 park method(s) all gated → exercise excluded Required gear not in park inventory: [Object, Object] Available: [bodyweight, pullup_bar, dip_station, bench, low_bar, high_bar, step, park_bench, park_step] @ https://outrun.co.il/_next/static/chunks/4861-0a4b1c61fcd6903d.js:0
[  182574ms] [WARNING] [ParkGating] "פרונט לבר בטאק מתקדם עם גומייה" — 2 park method(s) all gated → exercise excluded Required gear not in park inventory: [Object, Object] Available: [bodyweight, pullup_bar, dip_station, bench, low_bar, high_bar, step, park_bench, park_step] @ https://outrun.co.il/_next/static/chunks/4861-0a4b1c61fcd6903d.js:0
[  182574ms] [WARNING] [ParkGating] "פרונט לבר יהלום עם גומייה" — 2 park method(s) all gated → exercise excluded Required gear not in park inventory: [Object, Object] Available: [bodyweight, pullup_bar, dip_station, bench, low_bar, high_bar, step, park_bench, park_step] @ https://outrun.co.il/_next/static/chunks/4861-0a4b1c61fcd6903d.js:0
[  182574ms] [WARNING] [ParkGating] "חתירות פרונט לבר בטאק מתקדם בעזרת גומייה" — 2 park method(s) all gated → exercise excluded Required gear not in park inventory: [Object, Object] Available: [bodyweight, pullup_bar, dip_station, bench, low_bar, high_bar, step, park_bench, park_step] @ https://outrun.co.il/_next/static/chunks/4861-0a4b1c61fcd6903d.js:0
[  182574ms] [LOG] [Warmup] Priming pull slot4/4 F2: "בק לבר בפישוק" L17 from 4 cands (zone [14–17], reps 3–5) @ https://outrun.co.il/_next/static/chunks/1381-2a035a20bf094eec.js:0
[  182574ms] [LOG] [Warmup] Stage 2 Patterns primed: [pull] from active [pull] — 4 slots total @ https://outrun.co.il/_next/static/chunks/1381-2a035a20bf094eec.js:0
[  182574ms] [LOG] [Warmup] Time-aware trim: 4 → 3 slots (budget 3 for 30min, coverage-first) @ https://outrun.co.il/_next/static/chunks/1381-2a035a20bf094eec.js:0
[  182574ms] [LOG] [Warmup] Block finalised: 1 general + 4 ladder slots = 3 total (budget 3) @ https://outrun.co.il/_next/static/chunks/1381-2a035a20bf094eec.js:0
[  182575ms] [LOG]   ETMVVSpt0lIpeF3mkEn6 "מתיחות פלג גוף עליון לבדיקה": OK @ https://outrun.co.il/_next/static/chunks/1381-2a035a20bf094eec.js:0
[  182575ms] [LOG] ┌─────────────┬────────────┬────────────┬────────────┐
│  Section    │  Work      │  Rest      │  Subtotal  │
├─────────────┼────────────┼────────────┼────────────┤
│  Warmup     │ 3m 10s     │ 0m 0s      │ 3m 10s     │  ← 0s rest, 5s transitions, cap=6m
│  Main       │ 3m 0s      │ 14m 12s    │ 17m 12s    │  ← 14m rest = 83% of main block
│  Cooldown   │ 2m 30s     │ 0m 0s      │ 2m 30s     │
├─────────────┼────────────┼────────────┼────────────┤
│  TOTAL(raw) │             │             │ 22m 52s    │
└─────────────┴────────────┴────────────┴────────────┘ @ https://outrun.co.il/_next/static/chunks/1594-5a87e39473af2633.js:0
[  182575ms] [LOG]   + Main transitions (3 × 30s): 90s @ https://outrun.co.il/_next/static/chunks/1594-5a87e39473af2633.js:0
[  182575ms] [LOG]   = Final Duration: 24 min @ https://outrun.co.il/_next/static/chunks/1594-5a87e39473af2633.js:0
[  182575ms] [TABLE] [Object, Object, Object, Object, Object, Object, Object] @ https://outrun.co.il/_next/static/chunks/1594-5a87e39473af2633.js:0
[  182575ms] [LOG] [PresentationFormatter.volumeCap] PhaseD: added "שכיבות סמיכה שלילי בעמידת ידיים חזה לקיר " from reserve (sets=2) — still 24m < 30-3m @ https://outrun.co.il/_next/static/chunks/1381-2a035a20bf094eec.js:0
[  182576ms] [LOG] ┌─────────────┬────────────┬────────────┬────────────┐
│  Section    │  Work      │  Rest      │  Subtotal  │
├─────────────┼────────────┼────────────┼────────────┤
│  Warmup     │ 3m 10s     │ 0m 0s      │ 3m 10s     │  ← 0s rest, 5s transitions, cap=6m
│  Main       │ 4m 56s     │ 17m 12s    │ 21m 8s     │  ← 17m rest = 81% of main block
│  Cooldown   │ 2m 30s     │ 0m 0s      │ 2m 30s     │
├─────────────┼────────────┼────────────┼────────────┤
│  TOTAL(raw) │             │             │ 26m 48s    │
└─────────────┴────────────┴────────────┴────────────┘ @ https://outrun.co.il/_next/static/chunks/1594-5a87e39473af2633.js:0
[  182576ms] [LOG]   + Main transitions (4 × 30s): 120s @ https://outrun.co.il/_next/static/chunks/1594-5a87e39473af2633.js:0
[  182576ms] [LOG]   = Final Duration: 28 min @ https://outrun.co.il/_next/static/chunks/1594-5a87e39473af2633.js:0
[  182576ms] [TABLE] [Object, Object, Object, Object, Object, Object, Object, Object] @ https://outrun.co.il/_next/static/chunks/1594-5a87e39473af2633.js:0
[  182576ms] [LOG] [PresentationFormatter.volumeCap] Done after 1 step(s): 28m, 18 sets, 4 main exercises @ https://outrun.co.il/_next/static/chunks/1381-2a035a20bf094eec.js:0
