[     650ms] [WARNING] [2026-09-23T19:13:56.166Z]  @firebase/auth: Auth (12.6.0): Error while retrieving App Check token: FirebaseError: AppCheck: ReCAPTCHA error. (appCheck/recaptcha-error). @ https://out-run-app-git-worktree-streng-98e01f-davids-projects-0d6e1f97.vercel.app/_next/static/chunks/2532-16f59635ee5a761a.js:14
[    1165ms] [ERROR] Access to manifest at 'https://vercel.com/sso-api?url=https%3A%2F%2Fout-run-app-git-worktree-streng-98e01f-davids-projects-0d6e1f97.vercel.app%2Fmanifest.json&nonce=0b308b9e6569e876ac7f46fed93c889deb5ed18705c5957d5c50af00a56e5d2c' (redirected from 'https://out-run-app-git-worktree-streng-98e01f-davids-projects-0d6e1f97.vercel.app/manifest.json') from origin 'https://out-run-app-git-worktree-streng-98e01f-davids-projects-0d6e1f97.vercel.app' has been blocked by CORS policy: No 'Access-Control-Allow-Origin' header is present on the requested resource. @ https://out-run-app-git-worktree-streng-98e01f-davids-projects-0d6e1f97.vercel.app/onboarding-new/program-path:0
[    1165ms] [ERROR] Failed to load resource: net::ERR_FAILED @ https://vercel.com/sso-api?url=https%3A%2F%2Fout-run-app-git-worktree-streng-98e01f-davids-projects-0d6e1f97.vercel.app%2Fmanifest.json&nonce=0b308b9e6569e876ac7f46fed93c889deb5ed18705c5957d5c50af00a56e5d2c:0
[    9146ms] [LOG] [DEBUG-PAGE] pathConfig.path: body_focus | categories passed to VisualSlider: [push] | skipTier: true @ https://out-run-app-git-worktree-streng-98e01f-davids-projects-0d6e1f97.vercel.app/_next/static/chunks/app/onboarding-new/assessment-visual/page-187e5f0441b97f63.js:0
[    9337ms] [LOG] [DEBUG-RESOLVER] loadCategoryMap built: {human_flag: EtY8YCol0qpF6DzgcTx1, push: J0fLpmJhG0KDN2tQouxh, core: kDMpobbKsuVTByTIKUpe, pull: UPDBtTdCvX748dtBlWYj, one_arm_pullup: cC0BOmm6KIqYAyQynEIo} @ https://out-run-app-git-worktree-streng-98e01f-davids-projects-0d6e1f97.vercel.app/_next/static/chunks/5677-419b04fe742aa51a.js:0
[    9337ms] [LOG] [DEBUG-RESOLVER] Incoming Category: push Resolved Candidate IDs: [push, J0fLpmJhG0KDN2tQouxh] @ https://out-run-app-git-worktree-streng-98e01f-davids-projects-0d6e1f97.vercel.app/_next/static/chunks/5677-419b04fe742aa51a.js:0
[    9338ms] [LOG] [DEBUG-PAGE] pathConfig.path: body_focus | categories passed to VisualSlider: [push] | skipTier: true @ https://out-run-app-git-worktree-streng-98e01f-davids-projects-0d6e1f97.vercel.app/_next/static/chunks/app/onboarding-new/assessment-visual/page-187e5f0441b97f63.js:0
[    9338ms] [LOG] [DEBUG-RESOLVER] Incoming Category: push Resolved Candidate IDs: [push, J0fLpmJhG0KDN2tQouxh] @ https://out-run-app-git-worktree-streng-98e01f-davids-projects-0d6e1f97.vercel.app/_next/static/chunks/5677-419b04fe742aa51a.js:0
[    9509ms] [LOG] [DEBUG-FIRESTORE] Querying IDs: [push, J0fLpmJhG0KDN2tQouxh] Snapshot size returned: 25 @ https://out-run-app-git-worktree-streng-98e01f-davids-projects-0d6e1f97.vercel.app/_next/static/chunks/5677-419b04fe742aa51a.js:0
[    9509ms] [LOG] [DEBUG-FIRESTORE] showInOnboarding=true levels: [1, 4, 6, 9, 12, 14, 16, 18, 19, 20] (10 total) @ https://out-run-app-git-worktree-streng-98e01f-davids-projects-0d6e1f97.vercel.app/_next/static/chunks/5677-419b04fe742aa51a.js:0
[    9509ms] [LOG] [DEBUG-RESOLVER] Final onboarding levels for "push": [1, 4, 6, 9, 12, 14, 16, 18, 19, 20] (10 total) @ https://out-run-app-git-worktree-streng-98e01f-davids-projects-0d6e1f97.vercel.app/_next/static/chunks/5677-419b04fe742aa51a.js:0
[    9509ms] [LOG] [DEBUG-RESOLVER] resolveContent("push", 1) → programId="J0fLpmJhG0KDN2tQouxh" @ https://out-run-app-git-worktree-streng-98e01f-davids-projects-0d6e1f97.vercel.app/_next/static/chunks/5677-419b04fe742aa51a.js:0
[    9509ms] [LOG] [DEBUG-RESOLVER] resolveContent("push", 4) → programId="J0fLpmJhG0KDN2tQouxh" @ https://out-run-app-git-worktree-streng-98e01f-davids-projects-0d6e1f97.vercel.app/_next/static/chunks/5677-419b04fe742aa51a.js:0
[    9510ms] [LOG] [DEBUG-FIRESTORE] Querying IDs: [push, J0fLpmJhG0KDN2tQouxh] Snapshot size returned: 25 @ https://out-run-app-git-worktree-streng-98e01f-davids-projects-0d6e1f97.vercel.app/_next/static/chunks/5677-419b04fe742aa51a.js:0
[    9510ms] [LOG] [DEBUG-FIRESTORE] showInOnboarding=true levels: [1, 4, 6, 9, 12, 14, 16, 18, 19, 20] (10 total) @ https://out-run-app-git-worktree-streng-98e01f-davids-projects-0d6e1f97.vercel.app/_next/static/chunks/5677-419b04fe742aa51a.js:0
[    9510ms] [LOG] [DEBUG-RESOLVER] Final onboarding levels for "push": [1, 4, 6, 9, 12, 14, 16, 18, 19, 20] (10 total) @ https://out-run-app-git-worktree-streng-98e01f-davids-projects-0d6e1f97.vercel.app/_next/static/chunks/5677-419b04fe742aa51a.js:0
[    9510ms] [LOG] [DEBUG-RESOLVER] resolveContent("push", 1) → programId="J0fLpmJhG0KDN2tQouxh" @ https://out-run-app-git-worktree-streng-98e01f-davids-projects-0d6e1f97.vercel.app/_next/static/chunks/5677-419b04fe742aa51a.js:0
[    9510ms] [LOG] [DEBUG-RESOLVER] resolveContent("push", 4) → programId="J0fLpmJhG0KDN2tQouxh" @ https://out-run-app-git-worktree-streng-98e01f-davids-projects-0d6e1f97.vercel.app/_next/static/chunks/5677-419b04fe742aa51a.js:0
[    9772ms] [LOG] [VisualContentService] docToContent "J0fLpmJhG0KDN2tQouxh_1": {hasVideoVariantsField: true, hasVariantsField: false, rawType: array[0], parsedVariantsCount: 0, allTopLevelKeys: Array(14)} @ https://out-run-app-git-worktree-streng-98e01f-davids-projects-0d6e1f97.vercel.app/_next/static/chunks/5677-419b04fe742aa51a.js:0
[    9773ms] [LOG] [DEBUG-RESOLVER] attempt1 getVisualContentItem("J0fLpmJhG0KDN2tQouxh", 1) → FOUND @ https://out-run-app-git-worktree-streng-98e01f-davids-projects-0d6e1f97.vercel.app/_next/static/chunks/5677-419b04fe742aa51a.js:0
[    9773ms] [LOG] [VisualContentService] docToContent "J0fLpmJhG0KDN2tQouxh_1": {hasVideoVariantsField: true, hasVariantsField: false, rawType: array[0], parsedVariantsCount: 0, allTopLevelKeys: Array(14)} @ https://out-run-app-git-worktree-streng-98e01f-davids-projects-0d6e1f97.vercel.app/_next/static/chunks/5677-419b04fe742aa51a.js:0
[    9773ms] [LOG] [DEBUG-RESOLVER] attempt1 getVisualContentItem("J0fLpmJhG0KDN2tQouxh", 1) → FOUND @ https://out-run-app-git-worktree-streng-98e01f-davids-projects-0d6e1f97.vercel.app/_next/static/chunks/5677-419b04fe742aa51a.js:0
[    9773ms] [LOG] [VisualContentService] docToContent "J0fLpmJhG0KDN2tQouxh_4": {hasVideoVariantsField: true, hasVariantsField: false, rawType: array[0], parsedVariantsCount: 0, allTopLevelKeys: Array(14)} @ https://out-run-app-git-worktree-streng-98e01f-davids-projects-0d6e1f97.vercel.app/_next/static/chunks/5677-419b04fe742aa51a.js:0
[    9773ms] [LOG] [DEBUG-RESOLVER] attempt1 getVisualContentItem("J0fLpmJhG0KDN2tQouxh", 4) → FOUND @ https://out-run-app-git-worktree-streng-98e01f-davids-projects-0d6e1f97.vercel.app/_next/static/chunks/5677-419b04fe742aa51a.js:0
[    9773ms] [LOG] [VisualContentService] docToContent "J0fLpmJhG0KDN2tQouxh_4": {hasVideoVariantsField: true, hasVariantsField: false, rawType: array[0], parsedVariantsCount: 0, allTopLevelKeys: Array(14)} @ https://out-run-app-git-worktree-streng-98e01f-davids-projects-0d6e1f97.vercel.app/_next/static/chunks/5677-419b04fe742aa51a.js:0
[    9773ms] [LOG] [DEBUG-RESOLVER] attempt1 getVisualContentItem("J0fLpmJhG0KDN2tQouxh", 4) → FOUND @ https://out-run-app-git-worktree-streng-98e01f-davids-projects-0d6e1f97.vercel.app/_next/static/chunks/5677-419b04fe742aa51a.js:0
[   10168ms] [LOG] [ContentResolver] Level 1 — exercise video resolved: "שכיבות סמיכה ב-75°" → https://vz-b17872ab-7a7.b-cdn.net/b1e43b30-37e1-49f7-8c17-74… @ https://out-run-app-git-worktree-streng-98e01f-davids-projects-0d6e1f97.vercel.app/_next/static/chunks/5677-419b04fe742aa51a.js:0
[   10169ms] [LOG] [ContentResolver] Level 1 — exercise video resolved: "שכיבות סמיכה ב-75°" → https://vz-b17872ab-7a7.b-cdn.net/b1e43b30-37e1-49f7-8c17-74… @ https://out-run-app-git-worktree-streng-98e01f-davids-projects-0d6e1f97.vercel.app/_next/static/chunks/5677-419b04fe742aa51a.js:0
[   10169ms] [LOG] [ContentResolver] Level 4 — exercise video resolved: "שכיבות סמיכה ברכיים" → https://vz-b17872ab-7a7.b-cdn.net/7413db0b-1702-4acd-8072-8a… @ https://out-run-app-git-worktree-streng-98e01f-davids-projects-0d6e1f97.vercel.app/_next/static/chunks/5677-419b04fe742aa51a.js:0
[   10169ms] [LOG] [ContentResolver] Level 4 — exercise video resolved: "שכיבות סמיכה ברכיים" → https://vz-b17872ab-7a7.b-cdn.net/7413db0b-1702-4acd-8072-8a… @ https://out-run-app-git-worktree-streng-98e01f-davids-projects-0d6e1f97.vercel.app/_next/static/chunks/5677-419b04fe742aa51a.js:0
[   20443ms] [LOG] [DEBUG-RESOLVER] Incoming Category: push Resolved Candidate IDs: [push, J0fLpmJhG0KDN2tQouxh] @ https://out-run-app-git-worktree-streng-98e01f-davids-projects-0d6e1f97.vercel.app/_next/static/chunks/5677-419b04fe742aa51a.js:0
[   20629ms] [LOG] [DEBUG-FIRESTORE] Querying IDs: [push, J0fLpmJhG0KDN2tQouxh] Snapshot size returned: 25 @ https://out-run-app-git-worktree-streng-98e01f-davids-projects-0d6e1f97.vercel.app/_next/static/chunks/5677-419b04fe742aa51a.js:0
[   20629ms] [LOG] [DEBUG-FIRESTORE] showInOnboarding=true levels: [1, 4, 6, 9, 12, 14, 16, 18, 19, 20] (10 total) @ https://out-run-app-git-worktree-streng-98e01f-davids-projects-0d6e1f97.vercel.app/_next/static/chunks/5677-419b04fe742aa51a.js:0
[   20629ms] [LOG] [DEBUG-RESOLVER] Final onboarding levels for "push": [1, 4, 6, 9, 12, 14, 16, 18, 19, 20] (10 total) @ https://out-run-app-git-worktree-streng-98e01f-davids-projects-0d6e1f97.vercel.app/_next/static/chunks/5677-419b04fe742aa51a.js:0
[   20633ms] [LOG] [DEBUG-RESOLVER] resolveContent("push", 1) → programId="J0fLpmJhG0KDN2tQouxh" @ https://out-run-app-git-worktree-streng-98e01f-davids-projects-0d6e1f97.vercel.app/_next/static/chunks/5677-419b04fe742aa51a.js:0
[   20633ms] [LOG] [DEBUG-RESOLVER] resolveContent("push", 4) → programId="J0fLpmJhG0KDN2tQouxh" @ https://out-run-app-git-worktree-streng-98e01f-davids-projects-0d6e1f97.vercel.app/_next/static/chunks/5677-419b04fe742aa51a.js:0
[   20633ms] [LOG] [DEBUG-RESOLVER] resolveContent("push", 6) → programId="J0fLpmJhG0KDN2tQouxh" @ https://out-run-app-git-worktree-streng-98e01f-davids-projects-0d6e1f97.vercel.app/_next/static/chunks/5677-419b04fe742aa51a.js:0
[   20633ms] [LOG] [DEBUG-RESOLVER] resolveContent("push", 9) → programId="J0fLpmJhG0KDN2tQouxh" @ https://out-run-app-git-worktree-streng-98e01f-davids-projects-0d6e1f97.vercel.app/_next/static/chunks/5677-419b04fe742aa51a.js:0
[   20633ms] [LOG] [DEBUG-RESOLVER] resolveContent("push", 12) → programId="J0fLpmJhG0KDN2tQouxh" @ https://out-run-app-git-worktree-streng-98e01f-davids-projects-0d6e1f97.vercel.app/_next/static/chunks/5677-419b04fe742aa51a.js:0
[   20633ms] [LOG] [DEBUG-RESOLVER] resolveContent("push", 14) → programId="J0fLpmJhG0KDN2tQouxh" @ https://out-run-app-git-worktree-streng-98e01f-davids-projects-0d6e1f97.vercel.app/_next/static/chunks/5677-419b04fe742aa51a.js:0
[   20633ms] [LOG] [DEBUG-RESOLVER] resolveContent("push", 16) → programId="J0fLpmJhG0KDN2tQouxh" @ https://out-run-app-git-worktree-streng-98e01f-davids-projects-0d6e1f97.vercel.app/_next/static/chunks/5677-419b04fe742aa51a.js:0
[   20633ms] [LOG] [DEBUG-RESOLVER] resolveContent("push", 18) → programId="J0fLpmJhG0KDN2tQouxh" @ https://out-run-app-git-worktree-streng-98e01f-davids-projects-0d6e1f97.vercel.app/_next/static/chunks/5677-419b04fe742aa51a.js:0
[   20633ms] [LOG] [DEBUG-RESOLVER] resolveContent("push", 19) → programId="J0fLpmJhG0KDN2tQouxh" @ https://out-run-app-git-worktree-streng-98e01f-davids-projects-0d6e1f97.vercel.app/_next/static/chunks/5677-419b04fe742aa51a.js:0
[   20633ms] [LOG] [DEBUG-RESOLVER] resolveContent("push", 20) → programId="J0fLpmJhG0KDN2tQouxh" @ https://out-run-app-git-worktree-streng-98e01f-davids-projects-0d6e1f97.vercel.app/_next/static/chunks/5677-419b04fe742aa51a.js:0
[   20633ms] [LOG] [DEBUG-RESOLVER] resolveContent("push", 1) → programId="J0fLpmJhG0KDN2tQouxh" @ https://out-run-app-git-worktree-streng-98e01f-davids-projects-0d6e1f97.vercel.app/_next/static/chunks/5677-419b04fe742aa51a.js:0
[   20633ms] [LOG] [DEBUG-RESOLVER] resolveContent("push", 2) → programId="J0fLpmJhG0KDN2tQouxh" @ https://out-run-app-git-worktree-streng-98e01f-davids-projects-0d6e1f97.vercel.app/_next/static/chunks/5677-419b04fe742aa51a.js:0
[   20633ms] [LOG] [DEBUG-RESOLVER] resolveContent("push", 2) → programId="J0fLpmJhG0KDN2tQouxh" @ https://out-run-app-git-worktree-streng-98e01f-davids-projects-0d6e1f97.vercel.app/_next/static/chunks/5677-419b04fe742aa51a.js:0
[   20831ms] [LOG] [VisualContentService] docToContent "J0fLpmJhG0KDN2tQouxh_6": {hasVideoVariantsField: true, hasVariantsField: false, rawType: array[0], parsedVariantsCount: 0, allTopLevelKeys: Array(14)} @ https://out-run-app-git-worktree-streng-98e01f-davids-projects-0d6e1f97.vercel.app/_next/static/chunks/5677-419b04fe742aa51a.js:0
[   20831ms] [LOG] [DEBUG-RESOLVER] attempt1 getVisualContentItem("J0fLpmJhG0KDN2tQouxh", 6) → FOUND @ https://out-run-app-git-worktree-streng-98e01f-davids-projects-0d6e1f97.vercel.app/_next/static/chunks/5677-419b04fe742aa51a.js:0
[   20831ms] [LOG] [VisualContentService] docToContent "J0fLpmJhG0KDN2tQouxh_9": {hasVideoVariantsField: true, hasVariantsField: false, rawType: array[0], parsedVariantsCount: 0, allTopLevelKeys: Array(14)} @ https://out-run-app-git-worktree-streng-98e01f-davids-projects-0d6e1f97.vercel.app/_next/static/chunks/5677-419b04fe742aa51a.js:0
[   20831ms] [LOG] [DEBUG-RESOLVER] attempt1 getVisualContentItem("J0fLpmJhG0KDN2tQouxh", 9) → FOUND @ https://out-run-app-git-worktree-streng-98e01f-davids-projects-0d6e1f97.vercel.app/_next/static/chunks/5677-419b04fe742aa51a.js:0
[   20831ms] [LOG] [VisualContentService] docToContent "J0fLpmJhG0KDN2tQouxh_12": {hasVideoVariantsField: true, hasVariantsField: false, rawType: array[0], parsedVariantsCount: 0, allTopLevelKeys: Array(14)} @ https://out-run-app-git-worktree-streng-98e01f-davids-projects-0d6e1f97.vercel.app/_next/static/chunks/5677-419b04fe742aa51a.js:0
[   20831ms] [LOG] [DEBUG-RESOLVER] attempt1 getVisualContentItem("J0fLpmJhG0KDN2tQouxh", 12) → FOUND @ https://out-run-app-git-worktree-streng-98e01f-davids-projects-0d6e1f97.vercel.app/_next/static/chunks/5677-419b04fe742aa51a.js:0
[   20831ms] [LOG] [VisualContentService] docToContent "J0fLpmJhG0KDN2tQouxh_14": {hasVideoVariantsField: true, hasVariantsField: false, rawType: array[0], parsedVariantsCount: 0, allTopLevelKeys: Array(14)} @ https://out-run-app-git-worktree-streng-98e01f-davids-projects-0d6e1f97.vercel.app/_next/static/chunks/5677-419b04fe742aa51a.js:0
[   20831ms] [LOG] [DEBUG-RESOLVER] attempt1 getVisualContentItem("J0fLpmJhG0KDN2tQouxh", 14) → FOUND @ https://out-run-app-git-worktree-streng-98e01f-davids-projects-0d6e1f97.vercel.app/_next/static/chunks/5677-419b04fe742aa51a.js:0
[   20833ms] [LOG] [VisualContentService] docToContent "J0fLpmJhG0KDN2tQouxh_16": {hasVideoVariantsField: true, hasVariantsField: false, rawType: array[0], parsedVariantsCount: 0, allTopLevelKeys: Array(14)} @ https://out-run-app-git-worktree-streng-98e01f-davids-projects-0d6e1f97.vercel.app/_next/static/chunks/5677-419b04fe742aa51a.js:0
[   20833ms] [LOG] [DEBUG-RESOLVER] attempt1 getVisualContentItem("J0fLpmJhG0KDN2tQouxh", 16) → FOUND @ https://out-run-app-git-worktree-streng-98e01f-davids-projects-0d6e1f97.vercel.app/_next/static/chunks/5677-419b04fe742aa51a.js:0
[   20833ms] [LOG] [VisualContentService] docToContent "J0fLpmJhG0KDN2tQouxh_18": {hasVideoVariantsField: true, hasVariantsField: false, rawType: array[0], parsedVariantsCount: 0, allTopLevelKeys: Array(14)} @ https://out-run-app-git-worktree-streng-98e01f-davids-projects-0d6e1f97.vercel.app/_next/static/chunks/5677-419b04fe742aa51a.js:0
[   20833ms] [LOG] [DEBUG-RESOLVER] attempt1 getVisualContentItem("J0fLpmJhG0KDN2tQouxh", 18) → FOUND @ https://out-run-app-git-worktree-streng-98e01f-davids-projects-0d6e1f97.vercel.app/_next/static/chunks/5677-419b04fe742aa51a.js:0
[   20917ms] [LOG] [VisualContentService] docToContent "J0fLpmJhG0KDN2tQouxh_19": {hasVideoVariantsField: true, hasVariantsField: false, rawType: array[0], parsedVariantsCount: 0, allTopLevelKeys: Array(14)} @ https://out-run-app-git-worktree-streng-98e01f-davids-projects-0d6e1f97.vercel.app/_next/static/chunks/5677-419b04fe742aa51a.js:0
[   20918ms] [LOG] [DEBUG-RESOLVER] attempt1 getVisualContentItem("J0fLpmJhG0KDN2tQouxh", 19) → FOUND @ https://out-run-app-git-worktree-streng-98e01f-davids-projects-0d6e1f97.vercel.app/_next/static/chunks/5677-419b04fe742aa51a.js:0
[   20918ms] [LOG] [VisualContentService] docToContent "J0fLpmJhG0KDN2tQouxh_20": {hasVideoVariantsField: true, hasVariantsField: false, rawType: array[0], parsedVariantsCount: 0, allTopLevelKeys: Array(14)} @ https://out-run-app-git-worktree-streng-98e01f-davids-projects-0d6e1f97.vercel.app/_next/static/chunks/5677-419b04fe742aa51a.js:0
[   20918ms] [LOG] [DEBUG-RESOLVER] attempt1 getVisualContentItem("J0fLpmJhG0KDN2tQouxh", 20) → FOUND @ https://out-run-app-git-worktree-streng-98e01f-davids-projects-0d6e1f97.vercel.app/_next/static/chunks/5677-419b04fe742aa51a.js:0
[   20918ms] [LOG] [VisualContentService] docToContent "J0fLpmJhG0KDN2tQouxh_2": {hasVideoVariantsField: true, hasVariantsField: false, rawType: array[0], parsedVariantsCount: 0, allTopLevelKeys: Array(14)} @ https://out-run-app-git-worktree-streng-98e01f-davids-projects-0d6e1f97.vercel.app/_next/static/chunks/5677-419b04fe742aa51a.js:0
[   20918ms] [LOG] [DEBUG-RESOLVER] attempt1 getVisualContentItem("J0fLpmJhG0KDN2tQouxh", 2) → FOUND @ https://out-run-app-git-worktree-streng-98e01f-davids-projects-0d6e1f97.vercel.app/_next/static/chunks/5677-419b04fe742aa51a.js:0
[   20918ms] [LOG] [VisualContentService] docToContent "J0fLpmJhG0KDN2tQouxh_2": {hasVideoVariantsField: true, hasVariantsField: false, rawType: array[0], parsedVariantsCount: 0, allTopLevelKeys: Array(14)} @ https://out-run-app-git-worktree-streng-98e01f-davids-projects-0d6e1f97.vercel.app/_next/static/chunks/5677-419b04fe742aa51a.js:0
[   20918ms] [LOG] [DEBUG-RESOLVER] attempt1 getVisualContentItem("J0fLpmJhG0KDN2tQouxh", 2) → FOUND @ https://out-run-app-git-worktree-streng-98e01f-davids-projects-0d6e1f97.vercel.app/_next/static/chunks/5677-419b04fe742aa51a.js:0
[   21023ms] [LOG] [ContentResolver] Level 6 — exercise video resolved: "מקבילים עם גומייה עבה" → https://vz-b17872ab-7a7.b-cdn.net/c6e95235-2dd7-481b-92ad-9e… @ https://out-run-app-git-worktree-streng-98e01f-davids-projects-0d6e1f97.vercel.app/_next/static/chunks/5677-419b04fe742aa51a.js:0
[   21024ms] [LOG] [ContentResolver] Level 9 — exercise video resolved: "מקבילים אקצנטרי" → https://vz-b17872ab-7a7.b-cdn.net/0cf4aa4f-997b-4ff6-8243-c5… @ https://out-run-app-git-worktree-streng-98e01f-davids-projects-0d6e1f97.vercel.app/_next/static/chunks/5677-419b04fe742aa51a.js:0
[   21024ms] [LOG] [ContentResolver] Level 12 — exercise video resolved: "ישיבת L" → https://vz-b17872ab-7a7.b-cdn.net/ff5f0220-761e-4805-9f96-74… @ https://out-run-app-git-worktree-streng-98e01f-davids-projects-0d6e1f97.vercel.app/_next/static/chunks/5677-419b04fe742aa51a.js:0
[   21024ms] [LOG] [ContentResolver] Level 14 — exercise video resolved: "מקבילים על טבעות" → https://vz-b17872ab-7a7.b-cdn.net/7a815617-f091-41cd-a8f2-6f… @ https://out-run-app-git-worktree-streng-98e01f-davids-projects-0d6e1f97.vercel.app/_next/static/chunks/5677-419b04fe742aa51a.js:0
[   21029ms] [LOG] [ContentResolver] Level 16 — exercise video resolved: "פלאנץ׳ בטאק" → https://vz-b17872ab-7a7.b-cdn.net/912c9beb-a881-4593-980b-38… @ https://out-run-app-git-worktree-streng-98e01f-davids-projects-0d6e1f97.vercel.app/_next/static/chunks/5677-419b04fe742aa51a.js:0
[   21112ms] [LOG] [ContentResolver] Level 18 — exercise video resolved: "שכיבות סמיכה פלאנץ׳ טאק" → https://vz-b17872ab-7a7.b-cdn.net/849d609d-13fd-4bf6-ad46-7d… @ https://out-run-app-git-worktree-streng-98e01f-davids-projects-0d6e1f97.vercel.app/_next/static/chunks/5677-419b04fe742aa51a.js:0
[   21113ms] [LOG] [ContentResolver] Level 19 — exercise video resolved: "שכיבות סמיכה בעמידת ידיים חזה לקיר" → https://vz-b17872ab-7a7.b-cdn.net/97901438-7f7a-43d1-9fa3-1a… @ https://out-run-app-git-worktree-streng-98e01f-davids-projects-0d6e1f97.vercel.app/_next/static/chunks/5677-419b04fe742aa51a.js:0
[   21113ms] [LOG] [VisualContentService] docToContent "J0fLpmJhG0KDN2tQouxh_19": {hasVideoVariantsField: true, hasVariantsField: false, rawType: array[0], parsedVariantsCount: 0, allTopLevelKeys: Array(14)} @ https://out-run-app-git-worktree-streng-98e01f-davids-projects-0d6e1f97.vercel.app/_next/static/chunks/5677-419b04fe742aa51a.js:0
[   21113ms] [LOG] [ContentResolver] Level 2 — exercise video resolved: "שכיבות סמיכה ב-45°" → https://vz-b17872ab-7a7.b-cdn.net/bb502550-744f-46e3-8b18-62… @ https://out-run-app-git-worktree-streng-98e01f-davids-projects-0d6e1f97.vercel.app/_next/static/chunks/5677-419b04fe742aa51a.js:0
[   21113ms] [LOG] [ContentResolver] Level 2 — exercise video resolved: "שכיבות סמיכה ב-45°" → https://vz-b17872ab-7a7.b-cdn.net/bb502550-744f-46e3-8b18-62… @ https://out-run-app-git-worktree-streng-98e01f-davids-projects-0d6e1f97.vercel.app/_next/static/chunks/5677-419b04fe742aa51a.js:0
[   21332ms] [LOG] [VisualContentService] docToContent "J0fLpmJhG0KDN2tQouxh_18": {hasVideoVariantsField: true, hasVariantsField: false, rawType: array[0], parsedVariantsCount: 0, allTopLevelKeys: Array(14)} @ https://out-run-app-git-worktree-streng-98e01f-davids-projects-0d6e1f97.vercel.app/_next/static/chunks/5677-419b04fe742aa51a.js:0
[   21533ms] [LOG] [VisualContentService] docToContent "J0fLpmJhG0KDN2tQouxh_17": {hasVideoVariantsField: true, hasVariantsField: false, rawType: array[0], parsedVariantsCount: 0, allTopLevelKeys: Array(14)} @ https://out-run-app-git-worktree-streng-98e01f-davids-projects-0d6e1f97.vercel.app/_next/static/chunks/5677-419b04fe742aa51a.js:0
[   21744ms] [LOG] [VisualContentService] docToContent "J0fLpmJhG0KDN2tQouxh_16": {hasVideoVariantsField: true, hasVariantsField: false, rawType: array[0], parsedVariantsCount: 0, allTopLevelKeys: Array(14)} @ https://out-run-app-git-worktree-streng-98e01f-davids-projects-0d6e1f97.vercel.app/_next/static/chunks/5677-419b04fe742aa51a.js:0
[   21951ms] [LOG] [VisualContentService] docToContent "J0fLpmJhG0KDN2tQouxh_15": {hasVideoVariantsField: true, hasVariantsField: false, rawType: array[0], parsedVariantsCount: 0, allTopLevelKeys: Array(14)} @ https://out-run-app-git-worktree-streng-98e01f-davids-projects-0d6e1f97.vercel.app/_next/static/chunks/5677-419b04fe742aa51a.js:0
[   22160ms] [LOG] [VisualContentService] docToContent "J0fLpmJhG0KDN2tQouxh_14": {hasVideoVariantsField: true, hasVariantsField: false, rawType: array[0], parsedVariantsCount: 0, allTopLevelKeys: Array(14)} @ https://out-run-app-git-worktree-streng-98e01f-davids-projects-0d6e1f97.vercel.app/_next/static/chunks/5677-419b04fe742aa51a.js:0
[   22336ms] [LOG] [VisualContentService] docToContent "J0fLpmJhG0KDN2tQouxh_13": {hasVideoVariantsField: true, hasVariantsField: false, rawType: array[0], parsedVariantsCount: 0, allTopLevelKeys: Array(14)} @ https://out-run-app-git-worktree-streng-98e01f-davids-projects-0d6e1f97.vercel.app/_next/static/chunks/5677-419b04fe742aa51a.js:0
[   22506ms] [LOG] [VisualContentService] docToContent "J0fLpmJhG0KDN2tQouxh_12": {hasVideoVariantsField: true, hasVariantsField: false, rawType: array[0], parsedVariantsCount: 0, allTopLevelKeys: Array(14)} @ https://out-run-app-git-worktree-streng-98e01f-davids-projects-0d6e1f97.vercel.app/_next/static/chunks/5677-419b04fe742aa51a.js:0
[   22688ms] [LOG] [VisualContentService] docToContent "J0fLpmJhG0KDN2tQouxh_11": {hasVideoVariantsField: true, hasVariantsField: false, rawType: array[0], parsedVariantsCount: 0, allTopLevelKeys: Array(14)} @ https://out-run-app-git-worktree-streng-98e01f-davids-projects-0d6e1f97.vercel.app/_next/static/chunks/5677-419b04fe742aa51a.js:0
[   22875ms] [LOG] [VisualContentService] docToContent "J0fLpmJhG0KDN2tQouxh_10": {hasVideoVariantsField: true, hasVariantsField: false, rawType: array[0], parsedVariantsCount: 0, allTopLevelKeys: Array(14)} @ https://out-run-app-git-worktree-streng-98e01f-davids-projects-0d6e1f97.vercel.app/_next/static/chunks/5677-419b04fe742aa51a.js:0
[   23065ms] [LOG] [VisualContentService] docToContent "J0fLpmJhG0KDN2tQouxh_9": {hasVideoVariantsField: true, hasVariantsField: false, rawType: array[0], parsedVariantsCount: 0, allTopLevelKeys: Array(14)} @ https://out-run-app-git-worktree-streng-98e01f-davids-projects-0d6e1f97.vercel.app/_next/static/chunks/5677-419b04fe742aa51a.js:0
[   23270ms] [LOG] [VisualContentService] docToContent "J0fLpmJhG0KDN2tQouxh_8": {hasVideoVariantsField: true, hasVariantsField: false, rawType: array[0], parsedVariantsCount: 0, allTopLevelKeys: Array(14)} @ https://out-run-app-git-worktree-streng-98e01f-davids-projects-0d6e1f97.vercel.app/_next/static/chunks/5677-419b04fe742aa51a.js:0
[   23480ms] [LOG] [VisualContentService] docToContent "J0fLpmJhG0KDN2tQouxh_7": {hasVideoVariantsField: true, hasVariantsField: false, rawType: array[0], parsedVariantsCount: 0, allTopLevelKeys: Array(14)} @ https://out-run-app-git-worktree-streng-98e01f-davids-projects-0d6e1f97.vercel.app/_next/static/chunks/5677-419b04fe742aa51a.js:0
[   23657ms] [LOG] [VisualContentService] docToContent "J0fLpmJhG0KDN2tQouxh_6": {hasVideoVariantsField: true, hasVariantsField: false, rawType: array[0], parsedVariantsCount: 0, allTopLevelKeys: Array(14)} @ https://out-run-app-git-worktree-streng-98e01f-davids-projects-0d6e1f97.vercel.app/_next/static/chunks/5677-419b04fe742aa51a.js:0
[   23831ms] [LOG] [VisualContentService] docToContent "J0fLpmJhG0KDN2tQouxh_5": {hasVideoVariantsField: true, hasVariantsField: false, rawType: array[0], parsedVariantsCount: 0, allTopLevelKeys: Array(14)} @ https://out-run-app-git-worktree-streng-98e01f-davids-projects-0d6e1f97.vercel.app/_next/static/chunks/5677-419b04fe742aa51a.js:0
[   24031ms] [LOG] [VisualContentService] docToContent "J0fLpmJhG0KDN2tQouxh_4": {hasVideoVariantsField: true, hasVariantsField: false, rawType: array[0], parsedVariantsCount: 0, allTopLevelKeys: Array(14)} @ https://out-run-app-git-worktree-streng-98e01f-davids-projects-0d6e1f97.vercel.app/_next/static/chunks/5677-419b04fe742aa51a.js:0
[   24238ms] [LOG] [VisualContentService] docToContent "J0fLpmJhG0KDN2tQouxh_3": {hasVideoVariantsField: true, hasVariantsField: false, rawType: array[0], parsedVariantsCount: 0, allTopLevelKeys: Array(14)} @ https://out-run-app-git-worktree-streng-98e01f-davids-projects-0d6e1f97.vercel.app/_next/static/chunks/5677-419b04fe742aa51a.js:0
[   24438ms] [LOG] [VisualContentService] docToContent "J0fLpmJhG0KDN2tQouxh_2": {hasVideoVariantsField: true, hasVariantsField: false, rawType: array[0], parsedVariantsCount: 0, allTopLevelKeys: Array(14)} @ https://out-run-app-git-worktree-streng-98e01f-davids-projects-0d6e1f97.vercel.app/_next/static/chunks/5677-419b04fe742aa51a.js:0
[   24666ms] [LOG] [VisualContentService] docToContent "J0fLpmJhG0KDN2tQouxh_1": {hasVideoVariantsField: true, hasVariantsField: false, rawType: array[0], parsedVariantsCount: 0, allTopLevelKeys: Array(14)} @ https://out-run-app-git-worktree-streng-98e01f-davids-projects-0d6e1f97.vercel.app/_next/static/chunks/5677-419b04fe742aa51a.js:0
[   47136ms] [LOG] [DEBUG-RESOLVER] resolveContent("push", 4) → programId="J0fLpmJhG0KDN2tQouxh" @ https://out-run-app-git-worktree-streng-98e01f-davids-projects-0d6e1f97.vercel.app/_next/static/chunks/5677-419b04fe742aa51a.js:0
[   47136ms] [LOG] [DEBUG-RESOLVER] resolveContent("push", 3) → programId="J0fLpmJhG0KDN2tQouxh" @ https://out-run-app-git-worktree-streng-98e01f-davids-projects-0d6e1f97.vercel.app/_next/static/chunks/5677-419b04fe742aa51a.js:0
[   47136ms] [LOG] [DEBUG-RESOLVER] resolveContent("push", 5) → programId="J0fLpmJhG0KDN2tQouxh" @ https://out-run-app-git-worktree-streng-98e01f-davids-projects-0d6e1f97.vercel.app/_next/static/chunks/5677-419b04fe742aa51a.js:0
[   47136ms] [LOG] [DEBUG-RESOLVER] resolveContent("push", 5) → programId="J0fLpmJhG0KDN2tQouxh" @ https://out-run-app-git-worktree-streng-98e01f-davids-projects-0d6e1f97.vercel.app/_next/static/chunks/5677-419b04fe742aa51a.js:0
[   47316ms] [LOG] [VisualContentService] docToContent "J0fLpmJhG0KDN2tQouxh_3": {hasVideoVariantsField: true, hasVariantsField: false, rawType: array[0], parsedVariantsCount: 0, allTopLevelKeys: Array(14)} @ https://out-run-app-git-worktree-streng-98e01f-davids-projects-0d6e1f97.vercel.app/_next/static/chunks/5677-419b04fe742aa51a.js:0
[   47316ms] [LOG] [DEBUG-RESOLVER] attempt1 getVisualContentItem("J0fLpmJhG0KDN2tQouxh", 3) → FOUND @ https://out-run-app-git-worktree-streng-98e01f-davids-projects-0d6e1f97.vercel.app/_next/static/chunks/5677-419b04fe742aa51a.js:0
[   47316ms] [LOG] [VisualContentService] docToContent "J0fLpmJhG0KDN2tQouxh_5": {hasVideoVariantsField: true, hasVariantsField: false, rawType: array[0], parsedVariantsCount: 0, allTopLevelKeys: Array(14)} @ https://out-run-app-git-worktree-streng-98e01f-davids-projects-0d6e1f97.vercel.app/_next/static/chunks/5677-419b04fe742aa51a.js:0
[   47316ms] [LOG] [DEBUG-RESOLVER] attempt1 getVisualContentItem("J0fLpmJhG0KDN2tQouxh", 5) → FOUND @ https://out-run-app-git-worktree-streng-98e01f-davids-projects-0d6e1f97.vercel.app/_next/static/chunks/5677-419b04fe742aa51a.js:0
[   47316ms] [LOG] [VisualContentService] docToContent "J0fLpmJhG0KDN2tQouxh_5": {hasVideoVariantsField: true, hasVariantsField: false, rawType: array[0], parsedVariantsCount: 0, allTopLevelKeys: Array(14)} @ https://out-run-app-git-worktree-streng-98e01f-davids-projects-0d6e1f97.vercel.app/_next/static/chunks/5677-419b04fe742aa51a.js:0
[   47316ms] [LOG] [DEBUG-RESOLVER] attempt1 getVisualContentItem("J0fLpmJhG0KDN2tQouxh", 5) → FOUND @ https://out-run-app-git-worktree-streng-98e01f-davids-projects-0d6e1f97.vercel.app/_next/static/chunks/5677-419b04fe742aa51a.js:0
[   47491ms] [LOG] [ContentResolver] Level 3 — exercise video resolved: "פשיטת מרפקים על ספסל" → https://vz-b17872ab-7a7.b-cdn.net/baa1e44e-19ce-4939-bb77-20… @ https://out-run-app-git-worktree-streng-98e01f-davids-projects-0d6e1f97.vercel.app/_next/static/chunks/5677-419b04fe742aa51a.js:0
[   47491ms] [LOG] [ContentResolver] Level 5 — exercise video resolved: "שכיבות סמיכה" → https://vz-b17872ab-7a7.b-cdn.net/a2412dd0-5f79-418b-856b-db… @ https://out-run-app-git-worktree-streng-98e01f-davids-projects-0d6e1f97.vercel.app/_next/static/chunks/5677-419b04fe742aa51a.js:0
[   47492ms] [LOG] [ContentResolver] Level 5 — exercise video resolved: "שכיבות סמיכה" → https://vz-b17872ab-7a7.b-cdn.net/a2412dd0-5f79-418b-856b-db… @ https://out-run-app-git-worktree-streng-98e01f-davids-projects-0d6e1f97.vercel.app/_next/static/chunks/5677-419b04fe742aa51a.js:0
[   70262ms] [LOG] [DEBUG-RESOLVER] resolveContent("push", 6) → programId="J0fLpmJhG0KDN2tQouxh" @ https://out-run-app-git-worktree-streng-98e01f-davids-projects-0d6e1f97.vercel.app/_next/static/chunks/5677-419b04fe742aa51a.js:0
[   70262ms] [LOG] [DEBUG-RESOLVER] resolveContent("push", 5) → programId="J0fLpmJhG0KDN2tQouxh" @ https://out-run-app-git-worktree-streng-98e01f-davids-projects-0d6e1f97.vercel.app/_next/static/chunks/5677-419b04fe742aa51a.js:0
[   70262ms] [LOG] [DEBUG-RESOLVER] resolveContent("push", 7) → programId="J0fLpmJhG0KDN2tQouxh" @ https://out-run-app-git-worktree-streng-98e01f-davids-projects-0d6e1f97.vercel.app/_next/static/chunks/5677-419b04fe742aa51a.js:0
[   70262ms] [LOG] [DEBUG-RESOLVER] resolveContent("push", 7) → programId="J0fLpmJhG0KDN2tQouxh" @ https://out-run-app-git-worktree-streng-98e01f-davids-projects-0d6e1f97.vercel.app/_next/static/chunks/5677-419b04fe742aa51a.js:0
[   70472ms] [LOG] [VisualContentService] docToContent "J0fLpmJhG0KDN2tQouxh_7": {hasVideoVariantsField: true, hasVariantsField: false, rawType: array[0], parsedVariantsCount: 0, allTopLevelKeys: Array(14)} @ https://out-run-app-git-worktree-streng-98e01f-davids-projects-0d6e1f97.vercel.app/_next/static/chunks/5677-419b04fe742aa51a.js:0
[   70472ms] [LOG] [DEBUG-RESOLVER] attempt1 getVisualContentItem("J0fLpmJhG0KDN2tQouxh", 7) → FOUND @ https://out-run-app-git-worktree-streng-98e01f-davids-projects-0d6e1f97.vercel.app/_next/static/chunks/5677-419b04fe742aa51a.js:0
[   70472ms] [LOG] [VisualContentService] docToContent "J0fLpmJhG0KDN2tQouxh_7": {hasVideoVariantsField: true, hasVariantsField: false, rawType: array[0], parsedVariantsCount: 0, allTopLevelKeys: Array(14)} @ https://out-run-app-git-worktree-streng-98e01f-davids-projects-0d6e1f97.vercel.app/_next/static/chunks/5677-419b04fe742aa51a.js:0
[   70472ms] [LOG] [DEBUG-RESOLVER] attempt1 getVisualContentItem("J0fLpmJhG0KDN2tQouxh", 7) → FOUND @ https://out-run-app-git-worktree-streng-98e01f-davids-projects-0d6e1f97.vercel.app/_next/static/chunks/5677-419b04fe742aa51a.js:0
[   70661ms] [LOG] [DEBUG-RESOLVER] resolveContent("push", 9) → programId="J0fLpmJhG0KDN2tQouxh" @ https://out-run-app-git-worktree-streng-98e01f-davids-projects-0d6e1f97.vercel.app/_next/static/chunks/5677-419b04fe742aa51a.js:0
[   70661ms] [LOG] [DEBUG-RESOLVER] resolveContent("push", 8) → programId="J0fLpmJhG0KDN2tQouxh" @ https://out-run-app-git-worktree-streng-98e01f-davids-projects-0d6e1f97.vercel.app/_next/static/chunks/5677-419b04fe742aa51a.js:0
[   70661ms] [LOG] [DEBUG-RESOLVER] resolveContent("push", 10) → programId="J0fLpmJhG0KDN2tQouxh" @ https://out-run-app-git-worktree-streng-98e01f-davids-projects-0d6e1f97.vercel.app/_next/static/chunks/5677-419b04fe742aa51a.js:0
[   70661ms] [LOG] [DEBUG-RESOLVER] resolveContent("push", 10) → programId="J0fLpmJhG0KDN2tQouxh" @ https://out-run-app-git-worktree-streng-98e01f-davids-projects-0d6e1f97.vercel.app/_next/static/chunks/5677-419b04fe742aa51a.js:0
[   70666ms] [LOG] [ContentResolver] Level 7 — exercise video resolved: "ישיבת L ברכיים כפופות" → https://vz-b17872ab-7a7.b-cdn.net/d4e3274f-791d-4218-ba19-b1… @ https://out-run-app-git-worktree-streng-98e01f-davids-projects-0d6e1f97.vercel.app/_next/static/chunks/5677-419b04fe742aa51a.js:0
[   70666ms] [LOG] [ContentResolver] Level 7 — exercise video resolved: "ישיבת L ברכיים כפופות" → https://vz-b17872ab-7a7.b-cdn.net/d4e3274f-791d-4218-ba19-b1… @ https://out-run-app-git-worktree-streng-98e01f-davids-projects-0d6e1f97.vercel.app/_next/static/chunks/5677-419b04fe742aa51a.js:0
[   70832ms] [LOG] [VisualContentService] docToContent "J0fLpmJhG0KDN2tQouxh_8": {hasVideoVariantsField: true, hasVariantsField: false, rawType: array[0], parsedVariantsCount: 0, allTopLevelKeys: Array(14)} @ https://out-run-app-git-worktree-streng-98e01f-davids-projects-0d6e1f97.vercel.app/_next/static/chunks/5677-419b04fe742aa51a.js:0
[   70832ms] [LOG] [DEBUG-RESOLVER] attempt1 getVisualContentItem("J0fLpmJhG0KDN2tQouxh", 8) → FOUND @ https://out-run-app-git-worktree-streng-98e01f-davids-projects-0d6e1f97.vercel.app/_next/static/chunks/5677-419b04fe742aa51a.js:0
[   70833ms] [LOG] [VisualContentService] docToContent "J0fLpmJhG0KDN2tQouxh_10": {hasVideoVariantsField: true, hasVariantsField: false, rawType: array[0], parsedVariantsCount: 0, allTopLevelKeys: Array(14)} @ https://out-run-app-git-worktree-streng-98e01f-davids-projects-0d6e1f97.vercel.app/_next/static/chunks/5677-419b04fe742aa51a.js:0
[   70833ms] [LOG] [DEBUG-RESOLVER] attempt1 getVisualContentItem("J0fLpmJhG0KDN2tQouxh", 10) → FOUND @ https://out-run-app-git-worktree-streng-98e01f-davids-projects-0d6e1f97.vercel.app/_next/static/chunks/5677-419b04fe742aa51a.js:0
[   70833ms] [LOG] [VisualContentService] docToContent "J0fLpmJhG0KDN2tQouxh_10": {hasVideoVariantsField: true, hasVariantsField: false, rawType: array[0], parsedVariantsCount: 0, allTopLevelKeys: Array(14)} @ https://out-run-app-git-worktree-streng-98e01f-davids-projects-0d6e1f97.vercel.app/_next/static/chunks/5677-419b04fe742aa51a.js:0
[   70833ms] [LOG] [DEBUG-RESOLVER] attempt1 getVisualContentItem("J0fLpmJhG0KDN2tQouxh", 10) → FOUND @ https://out-run-app-git-worktree-streng-98e01f-davids-projects-0d6e1f97.vercel.app/_next/static/chunks/5677-419b04fe742aa51a.js:0
[   71026ms] [LOG] [ContentResolver] Level 8 — exercise video resolved: "מקבילים טווח עליון" → https://vz-b17872ab-7a7.b-cdn.net/dc6c422a-f1a6-498f-afd7-35… @ https://out-run-app-git-worktree-streng-98e01f-davids-projects-0d6e1f97.vercel.app/_next/static/chunks/5677-419b04fe742aa51a.js:0
[   71026ms] [LOG] [ContentResolver] Level 10 — exercise video resolved: "מקבילים" → https://vz-b17872ab-7a7.b-cdn.net/726dd77e-6f84-4862-a7ab-cd… @ https://out-run-app-git-worktree-streng-98e01f-davids-projects-0d6e1f97.vercel.app/_next/static/chunks/5677-419b04fe742aa51a.js:0
[   71026ms] [LOG] [ContentResolver] Level 10 — exercise video resolved: "מקבילים" → https://vz-b17872ab-7a7.b-cdn.net/726dd77e-6f84-4862-a7ab-cd… @ https://out-run-app-git-worktree-streng-98e01f-davids-projects-0d6e1f97.vercel.app/_next/static/chunks/5677-419b04fe742aa51a.js:0
[   71063ms] [LOG] [DEBUG-RESOLVER] resolveContent("push", 12) → programId="J0fLpmJhG0KDN2tQouxh" @ https://out-run-app-git-worktree-streng-98e01f-davids-projects-0d6e1f97.vercel.app/_next/static/chunks/5677-419b04fe742aa51a.js:0
[   71063ms] [LOG] [DEBUG-RESOLVER] resolveContent("push", 11) → programId="J0fLpmJhG0KDN2tQouxh" @ https://out-run-app-git-worktree-streng-98e01f-davids-projects-0d6e1f97.vercel.app/_next/static/chunks/5677-419b04fe742aa51a.js:0
[   71063ms] [LOG] [DEBUG-RESOLVER] resolveContent("push", 13) → programId="J0fLpmJhG0KDN2tQouxh" @ https://out-run-app-git-worktree-streng-98e01f-davids-projects-0d6e1f97.vercel.app/_next/static/chunks/5677-419b04fe742aa51a.js:0
[   71063ms] [LOG] [DEBUG-RESOLVER] resolveContent("push", 13) → programId="J0fLpmJhG0KDN2tQouxh" @ https://out-run-app-git-worktree-streng-98e01f-davids-projects-0d6e1f97.vercel.app/_next/static/chunks/5677-419b04fe742aa51a.js:0
[   71341ms] [LOG] [VisualContentService] docToContent "J0fLpmJhG0KDN2tQouxh_11": {hasVideoVariantsField: true, hasVariantsField: false, rawType: array[0], parsedVariantsCount: 0, allTopLevelKeys: Array(14)} @ https://out-run-app-git-worktree-streng-98e01f-davids-projects-0d6e1f97.vercel.app/_next/static/chunks/5677-419b04fe742aa51a.js:0
[   71341ms] [LOG] [DEBUG-RESOLVER] attempt1 getVisualContentItem("J0fLpmJhG0KDN2tQouxh", 11) → FOUND @ https://out-run-app-git-worktree-streng-98e01f-davids-projects-0d6e1f97.vercel.app/_next/static/chunks/5677-419b04fe742aa51a.js:0
[   71341ms] [LOG] [VisualContentService] docToContent "J0fLpmJhG0KDN2tQouxh_13": {hasVideoVariantsField: true, hasVariantsField: false, rawType: array[0], parsedVariantsCount: 0, allTopLevelKeys: Array(14)} @ https://out-run-app-git-worktree-streng-98e01f-davids-projects-0d6e1f97.vercel.app/_next/static/chunks/5677-419b04fe742aa51a.js:0
[   71341ms] [LOG] [DEBUG-RESOLVER] attempt1 getVisualContentItem("J0fLpmJhG0KDN2tQouxh", 13) → FOUND @ https://out-run-app-git-worktree-streng-98e01f-davids-projects-0d6e1f97.vercel.app/_next/static/chunks/5677-419b04fe742aa51a.js:0
[   71341ms] [LOG] [VisualContentService] docToContent "J0fLpmJhG0KDN2tQouxh_13": {hasVideoVariantsField: true, hasVariantsField: false, rawType: array[0], parsedVariantsCount: 0, allTopLevelKeys: Array(14)} @ https://out-run-app-git-worktree-streng-98e01f-davids-projects-0d6e1f97.vercel.app/_next/static/chunks/5677-419b04fe742aa51a.js:0
[   71342ms] [LOG] [DEBUG-RESOLVER] attempt1 getVisualContentItem("J0fLpmJhG0KDN2tQouxh", 13) → FOUND @ https://out-run-app-git-worktree-streng-98e01f-davids-projects-0d6e1f97.vercel.app/_next/static/chunks/5677-419b04fe742aa51a.js:0
[   71464ms] [LOG] [DEBUG-RESOLVER] resolveContent("push", 14) → programId="J0fLpmJhG0KDN2tQouxh" @ https://out-run-app-git-worktree-streng-98e01f-davids-projects-0d6e1f97.vercel.app/_next/static/chunks/5677-419b04fe742aa51a.js:0
[   71464ms] [LOG] [DEBUG-RESOLVER] resolveContent("push", 13) → programId="J0fLpmJhG0KDN2tQouxh" @ https://out-run-app-git-worktree-streng-98e01f-davids-projects-0d6e1f97.vercel.app/_next/static/chunks/5677-419b04fe742aa51a.js:0
[   71464ms] [LOG] [DEBUG-RESOLVER] resolveContent("push", 15) → programId="J0fLpmJhG0KDN2tQouxh" @ https://out-run-app-git-worktree-streng-98e01f-davids-projects-0d6e1f97.vercel.app/_next/static/chunks/5677-419b04fe742aa51a.js:0
[   71464ms] [LOG] [DEBUG-RESOLVER] resolveContent("push", 15) → programId="J0fLpmJhG0KDN2tQouxh" @ https://out-run-app-git-worktree-streng-98e01f-davids-projects-0d6e1f97.vercel.app/_next/static/chunks/5677-419b04fe742aa51a.js:0
[   71520ms] [LOG] [ContentResolver] Level 11 — exercise video resolved: "שכיבות סמיכה שיפוע שלילי" → https://vz-b17872ab-7a7.b-cdn.net/c03197dc-921b-4a03-ae4c-e8… @ https://out-run-app-git-worktree-streng-98e01f-davids-projects-0d6e1f97.vercel.app/_next/static/chunks/5677-419b04fe742aa51a.js:0
[   71520ms] [LOG] [ContentResolver] Level 13 — exercise video resolved: "שכיבות סמיכה פייק גובה שוק" → https://vz-b17872ab-7a7.b-cdn.net/2cdcaf24-54cf-4d61-94fa-04… @ https://out-run-app-git-worktree-streng-98e01f-davids-projects-0d6e1f97.vercel.app/_next/static/chunks/5677-419b04fe742aa51a.js:0
[   71520ms] [LOG] [ContentResolver] Level 13 — exercise video resolved: "שכיבות סמיכה פייק גובה שוק" → https://vz-b17872ab-7a7.b-cdn.net/2cdcaf24-54cf-4d61-94fa-04… @ https://out-run-app-git-worktree-streng-98e01f-davids-projects-0d6e1f97.vercel.app/_next/static/chunks/5677-419b04fe742aa51a.js:0
[   71621ms] [LOG] [VisualContentService] docToContent "J0fLpmJhG0KDN2tQouxh_13": {hasVideoVariantsField: true, hasVariantsField: false, rawType: array[0], parsedVariantsCount: 0, allTopLevelKeys: Array(14)} @ https://out-run-app-git-worktree-streng-98e01f-davids-projects-0d6e1f97.vercel.app/_next/static/chunks/5677-419b04fe742aa51a.js:0
[   71621ms] [LOG] [DEBUG-RESOLVER] attempt1 getVisualContentItem("J0fLpmJhG0KDN2tQouxh", 13) → FOUND @ https://out-run-app-git-worktree-streng-98e01f-davids-projects-0d6e1f97.vercel.app/_next/static/chunks/5677-419b04fe742aa51a.js:0
[   71621ms] [LOG] [VisualContentService] docToContent "J0fLpmJhG0KDN2tQouxh_15": {hasVideoVariantsField: true, hasVariantsField: false, rawType: array[0], parsedVariantsCount: 0, allTopLevelKeys: Array(14)} @ https://out-run-app-git-worktree-streng-98e01f-davids-projects-0d6e1f97.vercel.app/_next/static/chunks/5677-419b04fe742aa51a.js:0
[   71621ms] [LOG] [DEBUG-RESOLVER] attempt1 getVisualContentItem("J0fLpmJhG0KDN2tQouxh", 15) → FOUND @ https://out-run-app-git-worktree-streng-98e01f-davids-projects-0d6e1f97.vercel.app/_next/static/chunks/5677-419b04fe742aa51a.js:0
[   71621ms] [LOG] [VisualContentService] docToContent "J0fLpmJhG0KDN2tQouxh_15": {hasVideoVariantsField: true, hasVariantsField: false, rawType: array[0], parsedVariantsCount: 0, allTopLevelKeys: Array(14)} @ https://out-run-app-git-worktree-streng-98e01f-davids-projects-0d6e1f97.vercel.app/_next/static/chunks/5677-419b04fe742aa51a.js:0
[   71621ms] [LOG] [DEBUG-RESOLVER] attempt1 getVisualContentItem("J0fLpmJhG0KDN2tQouxh", 15) → FOUND @ https://out-run-app-git-worktree-streng-98e01f-davids-projects-0d6e1f97.vercel.app/_next/static/chunks/5677-419b04fe742aa51a.js:0
[   71807ms] [LOG] [ContentResolver] Level 13 — exercise video resolved: "שכיבות סמיכה פייק גובה שוק" → https://vz-b17872ab-7a7.b-cdn.net/2cdcaf24-54cf-4d61-94fa-04… @ https://out-run-app-git-worktree-streng-98e01f-davids-projects-0d6e1f97.vercel.app/_next/static/chunks/5677-419b04fe742aa51a.js:0
[   71808ms] [LOG] [ContentResolver] Level 15 — exercise video resolved: "בק לבר בטאק מתקדם" → https://vz-b17872ab-7a7.b-cdn.net/42ae4312-c64b-4365-8491-10… @ https://out-run-app-git-worktree-streng-98e01f-davids-projects-0d6e1f97.vercel.app/_next/static/chunks/5677-419b04fe742aa51a.js:0
[   71808ms] [LOG] [ContentResolver] Level 15 — exercise video resolved: "בק לבר בטאק מתקדם" → https://vz-b17872ab-7a7.b-cdn.net/42ae4312-c64b-4365-8491-10… @ https://out-run-app-git-worktree-streng-98e01f-davids-projects-0d6e1f97.vercel.app/_next/static/chunks/5677-419b04fe742aa51a.js:0
[   71864ms] [LOG] [DEBUG-RESOLVER] resolveContent("push", 16) → programId="J0fLpmJhG0KDN2tQouxh" @ https://out-run-app-git-worktree-streng-98e01f-davids-projects-0d6e1f97.vercel.app/_next/static/chunks/5677-419b04fe742aa51a.js:0
[   71864ms] [LOG] [DEBUG-RESOLVER] resolveContent("push", 15) → programId="J0fLpmJhG0KDN2tQouxh" @ https://out-run-app-git-worktree-streng-98e01f-davids-projects-0d6e1f97.vercel.app/_next/static/chunks/5677-419b04fe742aa51a.js:0
[   71864ms] [LOG] [DEBUG-RESOLVER] resolveContent("push", 17) → programId="J0fLpmJhG0KDN2tQouxh" @ https://out-run-app-git-worktree-streng-98e01f-davids-projects-0d6e1f97.vercel.app/_next/static/chunks/5677-419b04fe742aa51a.js:0
[   71864ms] [LOG] [DEBUG-RESOLVER] resolveContent("push", 17) → programId="J0fLpmJhG0KDN2tQouxh" @ https://out-run-app-git-worktree-streng-98e01f-davids-projects-0d6e1f97.vercel.app/_next/static/chunks/5677-419b04fe742aa51a.js:0
[   72029ms] [LOG] [VisualContentService] docToContent "J0fLpmJhG0KDN2tQouxh_17": {hasVideoVariantsField: true, hasVariantsField: false, rawType: array[0], parsedVariantsCount: 0, allTopLevelKeys: Array(14)} @ https://out-run-app-git-worktree-streng-98e01f-davids-projects-0d6e1f97.vercel.app/_next/static/chunks/5677-419b04fe742aa51a.js:0
[   72029ms] [LOG] [DEBUG-RESOLVER] attempt1 getVisualContentItem("J0fLpmJhG0KDN2tQouxh", 17) → FOUND @ https://out-run-app-git-worktree-streng-98e01f-davids-projects-0d6e1f97.vercel.app/_next/static/chunks/5677-419b04fe742aa51a.js:0
[   72029ms] [LOG] [VisualContentService] docToContent "J0fLpmJhG0KDN2tQouxh_17": {hasVideoVariantsField: true, hasVariantsField: false, rawType: array[0], parsedVariantsCount: 0, allTopLevelKeys: Array(14)} @ https://out-run-app-git-worktree-streng-98e01f-davids-projects-0d6e1f97.vercel.app/_next/static/chunks/5677-419b04fe742aa51a.js:0
[   72029ms] [LOG] [DEBUG-RESOLVER] attempt1 getVisualContentItem("J0fLpmJhG0KDN2tQouxh", 17) → FOUND @ https://out-run-app-git-worktree-streng-98e01f-davids-projects-0d6e1f97.vercel.app/_next/static/chunks/5677-419b04fe742aa51a.js:0
[   72231ms] [LOG] [ContentResolver] Level 17 — exercise video resolved: "בק לבר בפישוק" → https://vz-b17872ab-7a7.b-cdn.net/18d409c4-552f-4ade-913e-ed… @ https://out-run-app-git-worktree-streng-98e01f-davids-projects-0d6e1f97.vercel.app/_next/static/chunks/5677-419b04fe742aa51a.js:0
[   72231ms] [LOG] [ContentResolver] Level 17 — exercise video resolved: "בק לבר בפישוק" → https://vz-b17872ab-7a7.b-cdn.net/18d409c4-552f-4ade-913e-ed… @ https://out-run-app-git-worktree-streng-98e01f-davids-projects-0d6e1f97.vercel.app/_next/static/chunks/5677-419b04fe742aa51a.js:0
[   72265ms] [LOG] [DEBUG-RESOLVER] resolveContent("push", 18) → programId="J0fLpmJhG0KDN2tQouxh" @ https://out-run-app-git-worktree-streng-98e01f-davids-projects-0d6e1f97.vercel.app/_next/static/chunks/5677-419b04fe742aa51a.js:0
[   72265ms] [LOG] [DEBUG-RESOLVER] resolveContent("push", 17) → programId="J0fLpmJhG0KDN2tQouxh" @ https://out-run-app-git-worktree-streng-98e01f-davids-projects-0d6e1f97.vercel.app/_next/static/chunks/5677-419b04fe742aa51a.js:0
[   72265ms] [LOG] [DEBUG-RESOLVER] resolveContent("push", 19) → programId="J0fLpmJhG0KDN2tQouxh" @ https://out-run-app-git-worktree-streng-98e01f-davids-projects-0d6e1f97.vercel.app/_next/static/chunks/5677-419b04fe742aa51a.js:0
[   72265ms] [LOG] [DEBUG-RESOLVER] resolveContent("push", 19) → programId="J0fLpmJhG0KDN2tQouxh" @ https://out-run-app-git-worktree-streng-98e01f-davids-projects-0d6e1f97.vercel.app/_next/static/chunks/5677-419b04fe742aa51a.js:0
[   72666ms] [LOG] [DEBUG-RESOLVER] resolveContent("push", 19) → programId="J0fLpmJhG0KDN2tQouxh" @ https://out-run-app-git-worktree-streng-98e01f-davids-projects-0d6e1f97.vercel.app/_next/static/chunks/5677-419b04fe742aa51a.js:0
[   72667ms] [LOG] [DEBUG-RESOLVER] resolveContent("push", 18) → programId="J0fLpmJhG0KDN2tQouxh" @ https://out-run-app-git-worktree-streng-98e01f-davids-projects-0d6e1f97.vercel.app/_next/static/chunks/5677-419b04fe742aa51a.js:0
[   72667ms] [LOG] [DEBUG-RESOLVER] resolveContent("push", 20) → programId="J0fLpmJhG0KDN2tQouxh" @ https://out-run-app-git-worktree-streng-98e01f-davids-projects-0d6e1f97.vercel.app/_next/static/chunks/5677-419b04fe742aa51a.js:0
[   72667ms] [LOG] [DEBUG-RESOLVER] resolveContent("push", 20) → programId="J0fLpmJhG0KDN2tQouxh" @ https://out-run-app-git-worktree-streng-98e01f-davids-projects-0d6e1f97.vercel.app/_next/static/chunks/5677-419b04fe742aa51a.js:0
[   73068ms] [LOG] [DEBUG-RESOLVER] resolveContent("push", 20) → programId="J0fLpmJhG0KDN2tQouxh" @ https://out-run-app-git-worktree-streng-98e01f-davids-projects-0d6e1f97.vercel.app/_next/static/chunks/5677-419b04fe742aa51a.js:0
[   73069ms] [LOG] [DEBUG-RESOLVER] resolveContent("push", 19) → programId="J0fLpmJhG0KDN2tQouxh" @ https://out-run-app-git-worktree-streng-98e01f-davids-projects-0d6e1f97.vercel.app/_next/static/chunks/5677-419b04fe742aa51a.js:0
[   73069ms] [LOG] [DEBUG-RESOLVER] resolveContent("push", 21) → programId="J0fLpmJhG0KDN2tQouxh" @ https://out-run-app-git-worktree-streng-98e01f-davids-projects-0d6e1f97.vercel.app/_next/static/chunks/5677-419b04fe742aa51a.js:0
[   73069ms] [LOG] [DEBUG-RESOLVER] resolveContent("push", 21) → programId="J0fLpmJhG0KDN2tQouxh" @ https://out-run-app-git-worktree-streng-98e01f-davids-projects-0d6e1f97.vercel.app/_next/static/chunks/5677-419b04fe742aa51a.js:0
[   73284ms] [LOG] [VisualContentService] docToContent "J0fLpmJhG0KDN2tQouxh_21": {hasVideoVariantsField: true, hasVariantsField: false, rawType: array[0], parsedVariantsCount: 0, allTopLevelKeys: Array(10)} @ https://out-run-app-git-worktree-streng-98e01f-davids-projects-0d6e1f97.vercel.app/_next/static/chunks/5677-419b04fe742aa51a.js:0
[   73284ms] [LOG] [DEBUG-RESOLVER] attempt1 getVisualContentItem("J0fLpmJhG0KDN2tQouxh", 21) → FOUND @ https://out-run-app-git-worktree-streng-98e01f-davids-projects-0d6e1f97.vercel.app/_next/static/chunks/5677-419b04fe742aa51a.js:0
[   73284ms] [LOG] [VisualContentService] docToContent "J0fLpmJhG0KDN2tQouxh_21": {hasVideoVariantsField: true, hasVariantsField: false, rawType: array[0], parsedVariantsCount: 0, allTopLevelKeys: Array(10)} @ https://out-run-app-git-worktree-streng-98e01f-davids-projects-0d6e1f97.vercel.app/_next/static/chunks/5677-419b04fe742aa51a.js:0
[   73284ms] [LOG] [DEBUG-RESOLVER] attempt1 getVisualContentItem("J0fLpmJhG0KDN2tQouxh", 21) → FOUND @ https://out-run-app-git-worktree-streng-98e01f-davids-projects-0d6e1f97.vercel.app/_next/static/chunks/5677-419b04fe742aa51a.js:0
[   73472ms] [LOG] [VisualContentService] docToContent "J0fLpmJhG0KDN2tQouxh_20": {hasVideoVariantsField: true, hasVariantsField: false, rawType: array[0], parsedVariantsCount: 0, allTopLevelKeys: Array(14)} @ https://out-run-app-git-worktree-streng-98e01f-davids-projects-0d6e1f97.vercel.app/_next/static/chunks/5677-419b04fe742aa51a.js:0
[   73472ms] [LOG] [VisualContentService] docToContent "J0fLpmJhG0KDN2tQouxh_20": {hasVideoVariantsField: true, hasVariantsField: false, rawType: array[0], parsedVariantsCount: 0, allTopLevelKeys: Array(14)} @ https://out-run-app-git-worktree-streng-98e01f-davids-projects-0d6e1f97.vercel.app/_next/static/chunks/5677-419b04fe742aa51a.js:0
[   73653ms] [LOG] [VisualContentService] docToContent "J0fLpmJhG0KDN2tQouxh_19": {hasVideoVariantsField: true, hasVariantsField: false, rawType: array[0], parsedVariantsCount: 0, allTopLevelKeys: Array(14)} @ https://out-run-app-git-worktree-streng-98e01f-davids-projects-0d6e1f97.vercel.app/_next/static/chunks/5677-419b04fe742aa51a.js:0
[   73653ms] [LOG] [VisualContentService] docToContent "J0fLpmJhG0KDN2tQouxh_19": {hasVideoVariantsField: true, hasVariantsField: false, rawType: array[0], parsedVariantsCount: 0, allTopLevelKeys: Array(14)} @ https://out-run-app-git-worktree-streng-98e01f-davids-projects-0d6e1f97.vercel.app/_next/static/chunks/5677-419b04fe742aa51a.js:0
[   73827ms] [LOG] [VisualContentService] docToContent "J0fLpmJhG0KDN2tQouxh_18": {hasVideoVariantsField: true, hasVariantsField: false, rawType: array[0], parsedVariantsCount: 0, allTopLevelKeys: Array(14)} @ https://out-run-app-git-worktree-streng-98e01f-davids-projects-0d6e1f97.vercel.app/_next/static/chunks/5677-419b04fe742aa51a.js:0
[   73828ms] [LOG] [VisualContentService] docToContent "J0fLpmJhG0KDN2tQouxh_18": {hasVideoVariantsField: true, hasVariantsField: false, rawType: array[0], parsedVariantsCount: 0, allTopLevelKeys: Array(14)} @ https://out-run-app-git-worktree-streng-98e01f-davids-projects-0d6e1f97.vercel.app/_next/static/chunks/5677-419b04fe742aa51a.js:0
[   74001ms] [LOG] [VisualContentService] docToContent "J0fLpmJhG0KDN2tQouxh_17": {hasVideoVariantsField: true, hasVariantsField: false, rawType: array[0], parsedVariantsCount: 0, allTopLevelKeys: Array(14)} @ https://out-run-app-git-worktree-streng-98e01f-davids-projects-0d6e1f97.vercel.app/_next/static/chunks/5677-419b04fe742aa51a.js:0
[   74002ms] [LOG] [VisualContentService] docToContent "J0fLpmJhG0KDN2tQouxh_17": {hasVideoVariantsField: true, hasVariantsField: false, rawType: array[0], parsedVariantsCount: 0, allTopLevelKeys: Array(14)} @ https://out-run-app-git-worktree-streng-98e01f-davids-projects-0d6e1f97.vercel.app/_next/static/chunks/5677-419b04fe742aa51a.js:0
[   74183ms] [LOG] [VisualContentService] docToContent "J0fLpmJhG0KDN2tQouxh_16": {hasVideoVariantsField: true, hasVariantsField: false, rawType: array[0], parsedVariantsCount: 0, allTopLevelKeys: Array(14)} @ https://out-run-app-git-worktree-streng-98e01f-davids-projects-0d6e1f97.vercel.app/_next/static/chunks/5677-419b04fe742aa51a.js:0
[   74183ms] [LOG] [VisualContentService] docToContent "J0fLpmJhG0KDN2tQouxh_16": {hasVideoVariantsField: true, hasVariantsField: false, rawType: array[0], parsedVariantsCount: 0, allTopLevelKeys: Array(14)} @ https://out-run-app-git-worktree-streng-98e01f-davids-projects-0d6e1f97.vercel.app/_next/static/chunks/5677-419b04fe742aa51a.js:0
[   74365ms] [LOG] [VisualContentService] docToContent "J0fLpmJhG0KDN2tQouxh_15": {hasVideoVariantsField: true, hasVariantsField: false, rawType: array[0], parsedVariantsCount: 0, allTopLevelKeys: Array(14)} @ https://out-run-app-git-worktree-streng-98e01f-davids-projects-0d6e1f97.vercel.app/_next/static/chunks/5677-419b04fe742aa51a.js:0
[   74365ms] [LOG] [VisualContentService] docToContent "J0fLpmJhG0KDN2tQouxh_15": {hasVideoVariantsField: true, hasVariantsField: false, rawType: array[0], parsedVariantsCount: 0, allTopLevelKeys: Array(14)} @ https://out-run-app-git-worktree-streng-98e01f-davids-projects-0d6e1f97.vercel.app/_next/static/chunks/5677-419b04fe742aa51a.js:0
[   74590ms] [LOG] [VisualContentService] docToContent "J0fLpmJhG0KDN2tQouxh_14": {hasVideoVariantsField: true, hasVariantsField: false, rawType: array[0], parsedVariantsCount: 0, allTopLevelKeys: Array(14)} @ https://out-run-app-git-worktree-streng-98e01f-davids-projects-0d6e1f97.vercel.app/_next/static/chunks/5677-419b04fe742aa51a.js:0
[   74590ms] [LOG] [VisualContentService] docToContent "J0fLpmJhG0KDN2tQouxh_14": {hasVideoVariantsField: true, hasVariantsField: false, rawType: array[0], parsedVariantsCount: 0, allTopLevelKeys: Array(14)} @ https://out-run-app-git-worktree-streng-98e01f-davids-projects-0d6e1f97.vercel.app/_next/static/chunks/5677-419b04fe742aa51a.js:0
[   74785ms] [LOG] [VisualContentService] docToContent "J0fLpmJhG0KDN2tQouxh_13": {hasVideoVariantsField: true, hasVariantsField: false, rawType: array[0], parsedVariantsCount: 0, allTopLevelKeys: Array(14)} @ https://out-run-app-git-worktree-streng-98e01f-davids-projects-0d6e1f97.vercel.app/_next/static/chunks/5677-419b04fe742aa51a.js:0
[   74785ms] [LOG] [VisualContentService] docToContent "J0fLpmJhG0KDN2tQouxh_13": {hasVideoVariantsField: true, hasVariantsField: false, rawType: array[0], parsedVariantsCount: 0, allTopLevelKeys: Array(14)} @ https://out-run-app-git-worktree-streng-98e01f-davids-projects-0d6e1f97.vercel.app/_next/static/chunks/5677-419b04fe742aa51a.js:0
[   74974ms] [LOG] [VisualContentService] docToContent "J0fLpmJhG0KDN2tQouxh_12": {hasVideoVariantsField: true, hasVariantsField: false, rawType: array[0], parsedVariantsCount: 0, allTopLevelKeys: Array(14)} @ https://out-run-app-git-worktree-streng-98e01f-davids-projects-0d6e1f97.vercel.app/_next/static/chunks/5677-419b04fe742aa51a.js:0
[   74974ms] [LOG] [VisualContentService] docToContent "J0fLpmJhG0KDN2tQouxh_12": {hasVideoVariantsField: true, hasVariantsField: false, rawType: array[0], parsedVariantsCount: 0, allTopLevelKeys: Array(14)} @ https://out-run-app-git-worktree-streng-98e01f-davids-projects-0d6e1f97.vercel.app/_next/static/chunks/5677-419b04fe742aa51a.js:0
[   75174ms] [LOG] [VisualContentService] docToContent "J0fLpmJhG0KDN2tQouxh_11": {hasVideoVariantsField: true, hasVariantsField: false, rawType: array[0], parsedVariantsCount: 0, allTopLevelKeys: Array(14)} @ https://out-run-app-git-worktree-streng-98e01f-davids-projects-0d6e1f97.vercel.app/_next/static/chunks/5677-419b04fe742aa51a.js:0
[   75174ms] [LOG] [VisualContentService] docToContent "J0fLpmJhG0KDN2tQouxh_11": {hasVideoVariantsField: true, hasVariantsField: false, rawType: array[0], parsedVariantsCount: 0, allTopLevelKeys: Array(14)} @ https://out-run-app-git-worktree-streng-98e01f-davids-projects-0d6e1f97.vercel.app/_next/static/chunks/5677-419b04fe742aa51a.js:0
[   75388ms] [LOG] [VisualContentService] docToContent "J0fLpmJhG0KDN2tQouxh_10": {hasVideoVariantsField: true, hasVariantsField: false, rawType: array[0], parsedVariantsCount: 0, allTopLevelKeys: Array(14)} @ https://out-run-app-git-worktree-streng-98e01f-davids-projects-0d6e1f97.vercel.app/_next/static/chunks/5677-419b04fe742aa51a.js:0
[   75388ms] [LOG] [VisualContentService] docToContent "J0fLpmJhG0KDN2tQouxh_10": {hasVideoVariantsField: true, hasVariantsField: false, rawType: array[0], parsedVariantsCount: 0, allTopLevelKeys: Array(14)} @ https://out-run-app-git-worktree-streng-98e01f-davids-projects-0d6e1f97.vercel.app/_next/static/chunks/5677-419b04fe742aa51a.js:0
[   75565ms] [LOG] [VisualContentService] docToContent "J0fLpmJhG0KDN2tQouxh_9": {hasVideoVariantsField: true, hasVariantsField: false, rawType: array[0], parsedVariantsCount: 0, allTopLevelKeys: Array(14)} @ https://out-run-app-git-worktree-streng-98e01f-davids-projects-0d6e1f97.vercel.app/_next/static/chunks/5677-419b04fe742aa51a.js:0
[   75566ms] [LOG] [VisualContentService] docToContent "J0fLpmJhG0KDN2tQouxh_9": {hasVideoVariantsField: true, hasVariantsField: false, rawType: array[0], parsedVariantsCount: 0, allTopLevelKeys: Array(14)} @ https://out-run-app-git-worktree-streng-98e01f-davids-projects-0d6e1f97.vercel.app/_next/static/chunks/5677-419b04fe742aa51a.js:0
[   75751ms] [LOG] [VisualContentService] docToContent "J0fLpmJhG0KDN2tQouxh_8": {hasVideoVariantsField: true, hasVariantsField: false, rawType: array[0], parsedVariantsCount: 0, allTopLevelKeys: Array(14)} @ https://out-run-app-git-worktree-streng-98e01f-davids-projects-0d6e1f97.vercel.app/_next/static/chunks/5677-419b04fe742aa51a.js:0
[   75751ms] [LOG] [VisualContentService] docToContent "J0fLpmJhG0KDN2tQouxh_8": {hasVideoVariantsField: true, hasVariantsField: false, rawType: array[0], parsedVariantsCount: 0, allTopLevelKeys: Array(14)} @ https://out-run-app-git-worktree-streng-98e01f-davids-projects-0d6e1f97.vercel.app/_next/static/chunks/5677-419b04fe742aa51a.js:0
[   75969ms] [LOG] [VisualContentService] docToContent "J0fLpmJhG0KDN2tQouxh_7": {hasVideoVariantsField: true, hasVariantsField: false, rawType: array[0], parsedVariantsCount: 0, allTopLevelKeys: Array(14)} @ https://out-run-app-git-worktree-streng-98e01f-davids-projects-0d6e1f97.vercel.app/_next/static/chunks/5677-419b04fe742aa51a.js:0
[   75969ms] [LOG] [VisualContentService] docToContent "J0fLpmJhG0KDN2tQouxh_7": {hasVideoVariantsField: true, hasVariantsField: false, rawType: array[0], parsedVariantsCount: 0, allTopLevelKeys: Array(14)} @ https://out-run-app-git-worktree-streng-98e01f-davids-projects-0d6e1f97.vercel.app/_next/static/chunks/5677-419b04fe742aa51a.js:0
[   76147ms] [LOG] [VisualContentService] docToContent "J0fLpmJhG0KDN2tQouxh_6": {hasVideoVariantsField: true, hasVariantsField: false, rawType: array[0], parsedVariantsCount: 0, allTopLevelKeys: Array(14)} @ https://out-run-app-git-worktree-streng-98e01f-davids-projects-0d6e1f97.vercel.app/_next/static/chunks/5677-419b04fe742aa51a.js:0
[   76148ms] [LOG] [VisualContentService] docToContent "J0fLpmJhG0KDN2tQouxh_6": {hasVideoVariantsField: true, hasVariantsField: false, rawType: array[0], parsedVariantsCount: 0, allTopLevelKeys: Array(14)} @ https://out-run-app-git-worktree-streng-98e01f-davids-projects-0d6e1f97.vercel.app/_next/static/chunks/5677-419b04fe742aa51a.js:0
[   76382ms] [LOG] [VisualContentService] docToContent "J0fLpmJhG0KDN2tQouxh_5": {hasVideoVariantsField: true, hasVariantsField: false, rawType: array[0], parsedVariantsCount: 0, allTopLevelKeys: Array(14)} @ https://out-run-app-git-worktree-streng-98e01f-davids-projects-0d6e1f97.vercel.app/_next/static/chunks/5677-419b04fe742aa51a.js:0
[   76382ms] [LOG] [VisualContentService] docToContent "J0fLpmJhG0KDN2tQouxh_5": {hasVideoVariantsField: true, hasVariantsField: false, rawType: array[0], parsedVariantsCount: 0, allTopLevelKeys: Array(14)} @ https://out-run-app-git-worktree-streng-98e01f-davids-projects-0d6e1f97.vercel.app/_next/static/chunks/5677-419b04fe742aa51a.js:0
[   76571ms] [LOG] [VisualContentService] docToContent "J0fLpmJhG0KDN2tQouxh_4": {hasVideoVariantsField: true, hasVariantsField: false, rawType: array[0], parsedVariantsCount: 0, allTopLevelKeys: Array(14)} @ https://out-run-app-git-worktree-streng-98e01f-davids-projects-0d6e1f97.vercel.app/_next/static/chunks/5677-419b04fe742aa51a.js:0
[   76571ms] [LOG] [VisualContentService] docToContent "J0fLpmJhG0KDN2tQouxh_4": {hasVideoVariantsField: true, hasVariantsField: false, rawType: array[0], parsedVariantsCount: 0, allTopLevelKeys: Array(14)} @ https://out-run-app-git-worktree-streng-98e01f-davids-projects-0d6e1f97.vercel.app/_next/static/chunks/5677-419b04fe742aa51a.js:0
[   76752ms] [LOG] [VisualContentService] docToContent "J0fLpmJhG0KDN2tQouxh_3": {hasVideoVariantsField: true, hasVariantsField: false, rawType: array[0], parsedVariantsCount: 0, allTopLevelKeys: Array(14)} @ https://out-run-app-git-worktree-streng-98e01f-davids-projects-0d6e1f97.vercel.app/_next/static/chunks/5677-419b04fe742aa51a.js:0
[   76752ms] [LOG] [VisualContentService] docToContent "J0fLpmJhG0KDN2tQouxh_3": {hasVideoVariantsField: true, hasVariantsField: false, rawType: array[0], parsedVariantsCount: 0, allTopLevelKeys: Array(14)} @ https://out-run-app-git-worktree-streng-98e01f-davids-projects-0d6e1f97.vercel.app/_next/static/chunks/5677-419b04fe742aa51a.js:0
[   76914ms] [LOG] [VisualContentService] docToContent "J0fLpmJhG0KDN2tQouxh_2": {hasVideoVariantsField: true, hasVariantsField: false, rawType: array[0], parsedVariantsCount: 0, allTopLevelKeys: Array(14)} @ https://out-run-app-git-worktree-streng-98e01f-davids-projects-0d6e1f97.vercel.app/_next/static/chunks/5677-419b04fe742aa51a.js:0
[   76914ms] [LOG] [VisualContentService] docToContent "J0fLpmJhG0KDN2tQouxh_2": {hasVideoVariantsField: true, hasVariantsField: false, rawType: array[0], parsedVariantsCount: 0, allTopLevelKeys: Array(14)} @ https://out-run-app-git-worktree-streng-98e01f-davids-projects-0d6e1f97.vercel.app/_next/static/chunks/5677-419b04fe742aa51a.js:0
[   77019ms] [LOG] [VisualContentService] docToContent "J0fLpmJhG0KDN2tQouxh_1": {hasVideoVariantsField: true, hasVariantsField: false, rawType: array[0], parsedVariantsCount: 0, allTopLevelKeys: Array(14)} @ https://out-run-app-git-worktree-streng-98e01f-davids-projects-0d6e1f97.vercel.app/_next/static/chunks/5677-419b04fe742aa51a.js:0
[   77019ms] [LOG] [VisualContentService] docToContent "J0fLpmJhG0KDN2tQouxh_1": {hasVideoVariantsField: true, hasVariantsField: false, rawType: array[0], parsedVariantsCount: 0, allTopLevelKeys: Array(14)} @ https://out-run-app-git-worktree-streng-98e01f-davids-projects-0d6e1f97.vercel.app/_next/static/chunks/5677-419b04fe742aa51a.js:0
[  108975ms] [LOG] [DEBUG-RESOLVER] resolveContent("push", 9) → programId="J0fLpmJhG0KDN2tQouxh" @ https://out-run-app-git-worktree-streng-98e01f-davids-projects-0d6e1f97.vercel.app/_next/static/chunks/5677-419b04fe742aa51a.js:0
[  108976ms] [LOG] [DEBUG-RESOLVER] resolveContent("push", 8) → programId="J0fLpmJhG0KDN2tQouxh" @ https://out-run-app-git-worktree-streng-98e01f-davids-projects-0d6e1f97.vercel.app/_next/static/chunks/5677-419b04fe742aa51a.js:0
[  108976ms] [LOG] [DEBUG-RESOLVER] resolveContent("push", 10) → programId="J0fLpmJhG0KDN2tQouxh" @ https://out-run-app-git-worktree-streng-98e01f-davids-projects-0d6e1f97.vercel.app/_next/static/chunks/5677-419b04fe742aa51a.js:0
[  108976ms] [LOG] [DEBUG-RESOLVER] resolveContent("push", 10) → programId="J0fLpmJhG0KDN2tQouxh" @ https://out-run-app-git-worktree-streng-98e01f-davids-projects-0d6e1f97.vercel.app/_next/static/chunks/5677-419b04fe742aa51a.js:0
[  164096ms] [LOG] [DEBUG-RESOLVER] resolveContent("push", 1) → programId="J0fLpmJhG0KDN2tQouxh" @ https://out-run-app-git-worktree-streng-98e01f-davids-projects-0d6e1f97.vercel.app/_next/static/chunks/5677-419b04fe742aa51a.js:0
[  164297ms] [LOG] [VisualContentService] docToContent "J0fLpmJhG0KDN2tQouxh_1": {hasVideoVariantsField: true, hasVariantsField: false, rawType: array[0], parsedVariantsCount: 0, allTopLevelKeys: Array(14)} @ https://out-run-app-git-worktree-streng-98e01f-davids-projects-0d6e1f97.vercel.app/_next/static/chunks/5677-419b04fe742aa51a.js:0
[  164297ms] [LOG] [DEBUG-RESOLVER] attempt1 getVisualContentItem("J0fLpmJhG0KDN2tQouxh", 1) → FOUND @ https://out-run-app-git-worktree-streng-98e01f-davids-projects-0d6e1f97.vercel.app/_next/static/chunks/5677-419b04fe742aa51a.js:0
[  164575ms] [LOG] [ContentResolver] Level 1 — exercise video resolved: "שכיבות סמיכה ב-75°" → https://vz-b17872ab-7a7.b-cdn.net/b1e43b30-37e1-49f7-8c17-74… @ https://out-run-app-git-worktree-streng-98e01f-davids-projects-0d6e1f97.vercel.app/_next/static/chunks/5677-419b04fe742aa51a.js:0
[  164576ms] [LOG] [DEBUG-RESOLVER] resolveContent("push", 2) → programId="J0fLpmJhG0KDN2tQouxh" @ https://out-run-app-git-worktree-streng-98e01f-davids-projects-0d6e1f97.vercel.app/_next/static/chunks/5677-419b04fe742aa51a.js:0
[  164576ms] [LOG] [DEBUG-RESOLVER] resolveContent("push", 2) → programId="J0fLpmJhG0KDN2tQouxh" @ https://out-run-app-git-worktree-streng-98e01f-davids-projects-0d6e1f97.vercel.app/_next/static/chunks/5677-419b04fe742aa51a.js:0
[  164756ms] [LOG] [VisualContentService] docToContent "J0fLpmJhG0KDN2tQouxh_2": {hasVideoVariantsField: true, hasVariantsField: false, rawType: array[0], parsedVariantsCount: 0, allTopLevelKeys: Array(14)} @ https://out-run-app-git-worktree-streng-98e01f-davids-projects-0d6e1f97.vercel.app/_next/static/chunks/5677-419b04fe742aa51a.js:0
[  164756ms] [LOG] [DEBUG-RESOLVER] attempt1 getVisualContentItem("J0fLpmJhG0KDN2tQouxh", 2) → FOUND @ https://out-run-app-git-worktree-streng-98e01f-davids-projects-0d6e1f97.vercel.app/_next/static/chunks/5677-419b04fe742aa51a.js:0
[  164756ms] [LOG] [VisualContentService] docToContent "J0fLpmJhG0KDN2tQouxh_2": {hasVideoVariantsField: true, hasVariantsField: false, rawType: array[0], parsedVariantsCount: 0, allTopLevelKeys: Array(14)} @ https://out-run-app-git-worktree-streng-98e01f-davids-projects-0d6e1f97.vercel.app/_next/static/chunks/5677-419b04fe742aa51a.js:0
[  164756ms] [LOG] [DEBUG-RESOLVER] attempt1 getVisualContentItem("J0fLpmJhG0KDN2tQouxh", 2) → FOUND @ https://out-run-app-git-worktree-streng-98e01f-davids-projects-0d6e1f97.vercel.app/_next/static/chunks/5677-419b04fe742aa51a.js:0
[  164956ms] [LOG] [ContentResolver] Level 2 — exercise video resolved: "שכיבות סמיכה ב-45°" → https://vz-b17872ab-7a7.b-cdn.net/bb502550-744f-46e3-8b18-62… @ https://out-run-app-git-worktree-streng-98e01f-davids-projects-0d6e1f97.vercel.app/_next/static/chunks/5677-419b04fe742aa51a.js:0
[  164956ms] [LOG] [ContentResolver] Level 2 — exercise video resolved: "שכיבות סמיכה ב-45°" → https://vz-b17872ab-7a7.b-cdn.net/bb502550-744f-46e3-8b18-62… @ https://out-run-app-git-worktree-streng-98e01f-davids-projects-0d6e1f97.vercel.app/_next/static/chunks/5677-419b04fe742aa51a.js:0
[  165076ms] [LOG] [DEBUG-RESOLVER] resolveContent("push", 4) → programId="J0fLpmJhG0KDN2tQouxh" @ https://out-run-app-git-worktree-streng-98e01f-davids-projects-0d6e1f97.vercel.app/_next/static/chunks/5677-419b04fe742aa51a.js:0
[  165264ms] [LOG] [VisualContentService] docToContent "J0fLpmJhG0KDN2tQouxh_4": {hasVideoVariantsField: true, hasVariantsField: false, rawType: array[0], parsedVariantsCount: 0, allTopLevelKeys: Array(14)} @ https://out-run-app-git-worktree-streng-98e01f-davids-projects-0d6e1f97.vercel.app/_next/static/chunks/5677-419b04fe742aa51a.js:0
[  165265ms] [LOG] [DEBUG-RESOLVER] attempt1 getVisualContentItem("J0fLpmJhG0KDN2tQouxh", 4) → FOUND @ https://out-run-app-git-worktree-streng-98e01f-davids-projects-0d6e1f97.vercel.app/_next/static/chunks/5677-419b04fe742aa51a.js:0
[  165438ms] [LOG] [ContentResolver] Level 4 — exercise video resolved: "שכיבות סמיכה ברכיים" → https://vz-b17872ab-7a7.b-cdn.net/7413db0b-1702-4acd-8072-8a… @ https://out-run-app-git-worktree-streng-98e01f-davids-projects-0d6e1f97.vercel.app/_next/static/chunks/5677-419b04fe742aa51a.js:0
[  165438ms] [LOG] [DEBUG-RESOLVER] resolveContent("push", 3) → programId="J0fLpmJhG0KDN2tQouxh" @ https://out-run-app-git-worktree-streng-98e01f-davids-projects-0d6e1f97.vercel.app/_next/static/chunks/5677-419b04fe742aa51a.js:0
[  165438ms] [LOG] [DEBUG-RESOLVER] resolveContent("push", 5) → programId="J0fLpmJhG0KDN2tQouxh" @ https://out-run-app-git-worktree-streng-98e01f-davids-projects-0d6e1f97.vercel.app/_next/static/chunks/5677-419b04fe742aa51a.js:0
[  165438ms] [LOG] [DEBUG-RESOLVER] resolveContent("push", 5) → programId="J0fLpmJhG0KDN2tQouxh" @ https://out-run-app-git-worktree-streng-98e01f-davids-projects-0d6e1f97.vercel.app/_next/static/chunks/5677-419b04fe742aa51a.js:0
[  167512ms] [LOG] [DEBUG-RESOLVER] resolveContent("push", 6) → programId="J0fLpmJhG0KDN2tQouxh" @ https://out-run-app-git-worktree-streng-98e01f-davids-projects-0d6e1f97.vercel.app/_next/static/chunks/5677-419b04fe742aa51a.js:0
[  167818ms] [LOG] [VisualContentService] docToContent "J0fLpmJhG0KDN2tQouxh_6": {hasVideoVariantsField: true, hasVariantsField: false, rawType: array[0], parsedVariantsCount: 0, allTopLevelKeys: Array(14)} @ https://out-run-app-git-worktree-streng-98e01f-davids-projects-0d6e1f97.vercel.app/_next/static/chunks/5677-419b04fe742aa51a.js:0
[  167818ms] [LOG] [DEBUG-RESOLVER] attempt1 getVisualContentItem("J0fLpmJhG0KDN2tQouxh", 6) → FOUND @ https://out-run-app-git-worktree-streng-98e01f-davids-projects-0d6e1f97.vercel.app/_next/static/chunks/5677-419b04fe742aa51a.js:0
[  168029ms] [LOG] [ContentResolver] Level 6 — exercise video resolved: "מקבילים עם גומייה עבה" → https://vz-b17872ab-7a7.b-cdn.net/c6e95235-2dd7-481b-92ad-9e… @ https://out-run-app-git-worktree-streng-98e01f-davids-projects-0d6e1f97.vercel.app/_next/static/chunks/5677-419b04fe742aa51a.js:0
[  168030ms] [LOG] [DEBUG-RESOLVER] resolveContent("push", 5) → programId="J0fLpmJhG0KDN2tQouxh" @ https://out-run-app-git-worktree-streng-98e01f-davids-projects-0d6e1f97.vercel.app/_next/static/chunks/5677-419b04fe742aa51a.js:0
[  168030ms] [LOG] [DEBUG-RESOLVER] resolveContent("push", 7) → programId="J0fLpmJhG0KDN2tQouxh" @ https://out-run-app-git-worktree-streng-98e01f-davids-projects-0d6e1f97.vercel.app/_next/static/chunks/5677-419b04fe742aa51a.js:0
[  168030ms] [LOG] [DEBUG-RESOLVER] resolveContent("push", 7) → programId="J0fLpmJhG0KDN2tQouxh" @ https://out-run-app-git-worktree-streng-98e01f-davids-projects-0d6e1f97.vercel.app/_next/static/chunks/5677-419b04fe742aa51a.js:0
[  168220ms] [LOG] [VisualContentService] docToContent "J0fLpmJhG0KDN2tQouxh_5": {hasVideoVariantsField: true, hasVariantsField: false, rawType: array[0], parsedVariantsCount: 0, allTopLevelKeys: Array(14)} @ https://out-run-app-git-worktree-streng-98e01f-davids-projects-0d6e1f97.vercel.app/_next/static/chunks/5677-419b04fe742aa51a.js:0
[  168220ms] [LOG] [DEBUG-RESOLVER] attempt1 getVisualContentItem("J0fLpmJhG0KDN2tQouxh", 5) → FOUND @ https://out-run-app-git-worktree-streng-98e01f-davids-projects-0d6e1f97.vercel.app/_next/static/chunks/5677-419b04fe742aa51a.js:0
[  168416ms] [LOG] [ContentResolver] Level 5 — exercise video resolved: "שכיבות סמיכה" → https://vz-b17872ab-7a7.b-cdn.net/a2412dd0-5f79-418b-856b-db… @ https://out-run-app-git-worktree-streng-98e01f-davids-projects-0d6e1f97.vercel.app/_next/static/chunks/5677-419b04fe742aa51a.js:0
[  169278ms] [LOG] [DEBUG-RESOLVER] resolveContent("push", 9) → programId="J0fLpmJhG0KDN2tQouxh" @ https://out-run-app-git-worktree-streng-98e01f-davids-projects-0d6e1f97.vercel.app/_next/static/chunks/5677-419b04fe742aa51a.js:0
[  169552ms] [LOG] [VisualContentService] docToContent "J0fLpmJhG0KDN2tQouxh_9": {hasVideoVariantsField: true, hasVariantsField: false, rawType: array[0], parsedVariantsCount: 0, allTopLevelKeys: Array(14)} @ https://out-run-app-git-worktree-streng-98e01f-davids-projects-0d6e1f97.vercel.app/_next/static/chunks/5677-419b04fe742aa51a.js:0
[  169552ms] [LOG] [DEBUG-RESOLVER] attempt1 getVisualContentItem("J0fLpmJhG0KDN2tQouxh", 9) → FOUND @ https://out-run-app-git-worktree-streng-98e01f-davids-projects-0d6e1f97.vercel.app/_next/static/chunks/5677-419b04fe742aa51a.js:0
[  169880ms] [LOG] [ContentResolver] Level 9 — exercise video resolved: "מקבילים אקצנטרי" → https://vz-b17872ab-7a7.b-cdn.net/0cf4aa4f-997b-4ff6-8243-c5… @ https://out-run-app-git-worktree-streng-98e01f-davids-projects-0d6e1f97.vercel.app/_next/static/chunks/5677-419b04fe742aa51a.js:0
[  169880ms] [LOG] [DEBUG-RESOLVER] resolveContent("push", 8) → programId="J0fLpmJhG0KDN2tQouxh" @ https://out-run-app-git-worktree-streng-98e01f-davids-projects-0d6e1f97.vercel.app/_next/static/chunks/5677-419b04fe742aa51a.js:0
[  169880ms] [LOG] [DEBUG-RESOLVER] resolveContent("push", 10) → programId="J0fLpmJhG0KDN2tQouxh" @ https://out-run-app-git-worktree-streng-98e01f-davids-projects-0d6e1f97.vercel.app/_next/static/chunks/5677-419b04fe742aa51a.js:0
[  169880ms] [LOG] [DEBUG-RESOLVER] resolveContent("push", 10) → programId="J0fLpmJhG0KDN2tQouxh" @ https://out-run-app-git-worktree-streng-98e01f-davids-projects-0d6e1f97.vercel.app/_next/static/chunks/5677-419b04fe742aa51a.js:0
[  172979ms] [LOG] [DEBUG-RESOLVER] resolveContent("push", 12) → programId="J0fLpmJhG0KDN2tQouxh" @ https://out-run-app-git-worktree-streng-98e01f-davids-projects-0d6e1f97.vercel.app/_next/static/chunks/5677-419b04fe742aa51a.js:0
[  173160ms] [LOG] [VisualContentService] docToContent "J0fLpmJhG0KDN2tQouxh_12": {hasVideoVariantsField: true, hasVariantsField: false, rawType: array[0], parsedVariantsCount: 0, allTopLevelKeys: Array(14)} @ https://out-run-app-git-worktree-streng-98e01f-davids-projects-0d6e1f97.vercel.app/_next/static/chunks/5677-419b04fe742aa51a.js:0
[  173160ms] [LOG] [DEBUG-RESOLVER] attempt1 getVisualContentItem("J0fLpmJhG0KDN2tQouxh", 12) → FOUND @ https://out-run-app-git-worktree-streng-98e01f-davids-projects-0d6e1f97.vercel.app/_next/static/chunks/5677-419b04fe742aa51a.js:0
[  173385ms] [LOG] [ContentResolver] Level 12 — exercise video resolved: "ישיבת L" → https://vz-b17872ab-7a7.b-cdn.net/ff5f0220-761e-4805-9f96-74… @ https://out-run-app-git-worktree-streng-98e01f-davids-projects-0d6e1f97.vercel.app/_next/static/chunks/5677-419b04fe742aa51a.js:0
[  173385ms] [LOG] [DEBUG-RESOLVER] resolveContent("push", 11) → programId="J0fLpmJhG0KDN2tQouxh" @ https://out-run-app-git-worktree-streng-98e01f-davids-projects-0d6e1f97.vercel.app/_next/static/chunks/5677-419b04fe742aa51a.js:0
[  173385ms] [LOG] [DEBUG-RESOLVER] resolveContent("push", 13) → programId="J0fLpmJhG0KDN2tQouxh" @ https://out-run-app-git-worktree-streng-98e01f-davids-projects-0d6e1f97.vercel.app/_next/static/chunks/5677-419b04fe742aa51a.js:0
[  173385ms] [LOG] [DEBUG-RESOLVER] resolveContent("push", 13) → programId="J0fLpmJhG0KDN2tQouxh" @ https://out-run-app-git-worktree-streng-98e01f-davids-projects-0d6e1f97.vercel.app/_next/static/chunks/5677-419b04fe742aa51a.js:0
[  176645ms] [LOG] [DEBUG-RESOLVER] resolveContent("push", 14) → programId="J0fLpmJhG0KDN2tQouxh" @ https://out-run-app-git-worktree-streng-98e01f-davids-projects-0d6e1f97.vercel.app/_next/static/chunks/5677-419b04fe742aa51a.js:0
[  176842ms] [LOG] [VisualContentService] docToContent "J0fLpmJhG0KDN2tQouxh_14": {hasVideoVariantsField: true, hasVariantsField: false, rawType: array[0], parsedVariantsCount: 0, allTopLevelKeys: Array(14)} @ https://out-run-app-git-worktree-streng-98e01f-davids-projects-0d6e1f97.vercel.app/_next/static/chunks/5677-419b04fe742aa51a.js:0
[  176842ms] [LOG] [DEBUG-RESOLVER] attempt1 getVisualContentItem("J0fLpmJhG0KDN2tQouxh", 14) → FOUND @ https://out-run-app-git-worktree-streng-98e01f-davids-projects-0d6e1f97.vercel.app/_next/static/chunks/5677-419b04fe742aa51a.js:0
[  177023ms] [LOG] [ContentResolver] Level 14 — exercise video resolved: "מקבילים על טבעות" → https://vz-b17872ab-7a7.b-cdn.net/7a815617-f091-41cd-a8f2-6f… @ https://out-run-app-git-worktree-streng-98e01f-davids-projects-0d6e1f97.vercel.app/_next/static/chunks/5677-419b04fe742aa51a.js:0
[  177024ms] [LOG] [DEBUG-RESOLVER] resolveContent("push", 13) → programId="J0fLpmJhG0KDN2tQouxh" @ https://out-run-app-git-worktree-streng-98e01f-davids-projects-0d6e1f97.vercel.app/_next/static/chunks/5677-419b04fe742aa51a.js:0
[  177024ms] [LOG] [DEBUG-RESOLVER] resolveContent("push", 15) → programId="J0fLpmJhG0KDN2tQouxh" @ https://out-run-app-git-worktree-streng-98e01f-davids-projects-0d6e1f97.vercel.app/_next/static/chunks/5677-419b04fe742aa51a.js:0
[  177024ms] [LOG] [DEBUG-RESOLVER] resolveContent("push", 15) → programId="J0fLpmJhG0KDN2tQouxh" @ https://out-run-app-git-worktree-streng-98e01f-davids-projects-0d6e1f97.vercel.app/_next/static/chunks/5677-419b04fe742aa51a.js:0
[  219328ms] [LOG] [DEBUG-RESOLVER] resolveContent("push", 12) → programId="J0fLpmJhG0KDN2tQouxh" @ https://out-run-app-git-worktree-streng-98e01f-davids-projects-0d6e1f97.vercel.app/_next/static/chunks/5677-419b04fe742aa51a.js:0
[  219329ms] [LOG] [DEBUG-RESOLVER] resolveContent("push", 11) → programId="J0fLpmJhG0KDN2tQouxh" @ https://out-run-app-git-worktree-streng-98e01f-davids-projects-0d6e1f97.vercel.app/_next/static/chunks/5677-419b04fe742aa51a.js:0
[  219329ms] [LOG] [DEBUG-RESOLVER] resolveContent("push", 13) → programId="J0fLpmJhG0KDN2tQouxh" @ https://out-run-app-git-worktree-streng-98e01f-davids-projects-0d6e1f97.vercel.app/_next/static/chunks/5677-419b04fe742aa51a.js:0
[  219329ms] [LOG] [DEBUG-RESOLVER] resolveContent("push", 13) → programId="J0fLpmJhG0KDN2tQouxh" @ https://out-run-app-git-worktree-streng-98e01f-davids-projects-0d6e1f97.vercel.app/_next/static/chunks/5677-419b04fe742aa51a.js:0
[  219516ms] [LOG] [VisualContentService] docToContent "J0fLpmJhG0KDN2tQouxh_11": {hasVideoVariantsField: true, hasVariantsField: false, rawType: array[0], parsedVariantsCount: 0, allTopLevelKeys: Array(14)} @ https://out-run-app-git-worktree-streng-98e01f-davids-projects-0d6e1f97.vercel.app/_next/static/chunks/5677-419b04fe742aa51a.js:0
[  219516ms] [LOG] [DEBUG-RESOLVER] attempt1 getVisualContentItem("J0fLpmJhG0KDN2tQouxh", 11) → FOUND @ https://out-run-app-git-worktree-streng-98e01f-davids-projects-0d6e1f97.vercel.app/_next/static/chunks/5677-419b04fe742aa51a.js:0
[  219516ms] [LOG] [VisualContentService] docToContent "J0fLpmJhG0KDN2tQouxh_13": {hasVideoVariantsField: true, hasVariantsField: false, rawType: array[0], parsedVariantsCount: 0, allTopLevelKeys: Array(14)} @ https://out-run-app-git-worktree-streng-98e01f-davids-projects-0d6e1f97.vercel.app/_next/static/chunks/5677-419b04fe742aa51a.js:0
[  219516ms] [LOG] [DEBUG-RESOLVER] attempt1 getVisualContentItem("J0fLpmJhG0KDN2tQouxh", 13) → FOUND @ https://out-run-app-git-worktree-streng-98e01f-davids-projects-0d6e1f97.vercel.app/_next/static/chunks/5677-419b04fe742aa51a.js:0
[  219516ms] [LOG] [VisualContentService] docToContent "J0fLpmJhG0KDN2tQouxh_13": {hasVideoVariantsField: true, hasVariantsField: false, rawType: array[0], parsedVariantsCount: 0, allTopLevelKeys: Array(14)} @ https://out-run-app-git-worktree-streng-98e01f-davids-projects-0d6e1f97.vercel.app/_next/static/chunks/5677-419b04fe742aa51a.js:0
[  219516ms] [LOG] [DEBUG-RESOLVER] attempt1 getVisualContentItem("J0fLpmJhG0KDN2tQouxh", 13) → FOUND @ https://out-run-app-git-worktree-streng-98e01f-davids-projects-0d6e1f97.vercel.app/_next/static/chunks/5677-419b04fe742aa51a.js:0
[  219697ms] [LOG] [ContentResolver] Level 11 — exercise video resolved: "שכיבות סמיכה שיפוע שלילי" → https://vz-b17872ab-7a7.b-cdn.net/c03197dc-921b-4a03-ae4c-e8… @ https://out-run-app-git-worktree-streng-98e01f-davids-projects-0d6e1f97.vercel.app/_next/static/chunks/5677-419b04fe742aa51a.js:0
[  219697ms] [LOG] [ContentResolver] Level 13 — exercise video resolved: "שכיבות סמיכה פייק גובה שוק" → https://vz-b17872ab-7a7.b-cdn.net/2cdcaf24-54cf-4d61-94fa-04… @ https://out-run-app-git-worktree-streng-98e01f-davids-projects-0d6e1f97.vercel.app/_next/static/chunks/5677-419b04fe742aa51a.js:0
[  219697ms] [LOG] [ContentResolver] Level 13 — exercise video resolved: "שכיבות סמיכה פייק גובה שוק" → https://vz-b17872ab-7a7.b-cdn.net/2cdcaf24-54cf-4d61-94fa-04… @ https://out-run-app-git-worktree-streng-98e01f-davids-projects-0d6e1f97.vercel.app/_next/static/chunks/5677-419b04fe742aa51a.js:0
[  223561ms] [LOG] [DEBUG-RESOLVER] resolveContent("push", 14) → programId="J0fLpmJhG0KDN2tQouxh" @ https://out-run-app-git-worktree-streng-98e01f-davids-projects-0d6e1f97.vercel.app/_next/static/chunks/5677-419b04fe742aa51a.js:0
[  223562ms] [LOG] [DEBUG-RESOLVER] resolveContent("push", 13) → programId="J0fLpmJhG0KDN2tQouxh" @ https://out-run-app-git-worktree-streng-98e01f-davids-projects-0d6e1f97.vercel.app/_next/static/chunks/5677-419b04fe742aa51a.js:0
[  223562ms] [LOG] [DEBUG-RESOLVER] resolveContent("push", 15) → programId="J0fLpmJhG0KDN2tQouxh" @ https://out-run-app-git-worktree-streng-98e01f-davids-projects-0d6e1f97.vercel.app/_next/static/chunks/5677-419b04fe742aa51a.js:0
[  223562ms] [LOG] [DEBUG-RESOLVER] resolveContent("push", 15) → programId="J0fLpmJhG0KDN2tQouxh" @ https://out-run-app-git-worktree-streng-98e01f-davids-projects-0d6e1f97.vercel.app/_next/static/chunks/5677-419b04fe742aa51a.js:0
[  223832ms] [LOG] [VisualContentService] docToContent "J0fLpmJhG0KDN2tQouxh_15": {hasVideoVariantsField: true, hasVariantsField: false, rawType: array[0], parsedVariantsCount: 0, allTopLevelKeys: Array(14)} @ https://out-run-app-git-worktree-streng-98e01f-davids-projects-0d6e1f97.vercel.app/_next/static/chunks/5677-419b04fe742aa51a.js:0
[  223832ms] [LOG] [DEBUG-RESOLVER] attempt1 getVisualContentItem("J0fLpmJhG0KDN2tQouxh", 15) → FOUND @ https://out-run-app-git-worktree-streng-98e01f-davids-projects-0d6e1f97.vercel.app/_next/static/chunks/5677-419b04fe742aa51a.js:0
[  223832ms] [LOG] [VisualContentService] docToContent "J0fLpmJhG0KDN2tQouxh_15": {hasVideoVariantsField: true, hasVariantsField: false, rawType: array[0], parsedVariantsCount: 0, allTopLevelKeys: Array(14)} @ https://out-run-app-git-worktree-streng-98e01f-davids-projects-0d6e1f97.vercel.app/_next/static/chunks/5677-419b04fe742aa51a.js:0
[  223832ms] [LOG] [DEBUG-RESOLVER] attempt1 getVisualContentItem("J0fLpmJhG0KDN2tQouxh", 15) → FOUND @ https://out-run-app-git-worktree-streng-98e01f-davids-projects-0d6e1f97.vercel.app/_next/static/chunks/5677-419b04fe742aa51a.js:0
[  224041ms] [LOG] [ContentResolver] Level 15 — exercise video resolved: "בק לבר בטאק מתקדם" → https://vz-b17872ab-7a7.b-cdn.net/42ae4312-c64b-4365-8491-10… @ https://out-run-app-git-worktree-streng-98e01f-davids-projects-0d6e1f97.vercel.app/_next/static/chunks/5677-419b04fe742aa51a.js:0
[  224041ms] [LOG] [ContentResolver] Level 15 — exercise video resolved: "בק לבר בטאק מתקדם" → https://vz-b17872ab-7a7.b-cdn.net/42ae4312-c64b-4365-8491-10… @ https://out-run-app-git-worktree-streng-98e01f-davids-projects-0d6e1f97.vercel.app/_next/static/chunks/5677-419b04fe742aa51a.js:0
[  226261ms] [LOG] [DEBUG-RESOLVER] resolveContent("push", 16) → programId="J0fLpmJhG0KDN2tQouxh" @ https://out-run-app-git-worktree-streng-98e01f-davids-projects-0d6e1f97.vercel.app/_next/static/chunks/5677-419b04fe742aa51a.js:0
[  226464ms] [LOG] [VisualContentService] docToContent "J0fLpmJhG0KDN2tQouxh_16": {hasVideoVariantsField: true, hasVariantsField: false, rawType: array[0], parsedVariantsCount: 0, allTopLevelKeys: Array(14)} @ https://out-run-app-git-worktree-streng-98e01f-davids-projects-0d6e1f97.vercel.app/_next/static/chunks/5677-419b04fe742aa51a.js:0
[  226464ms] [LOG] [DEBUG-RESOLVER] attempt1 getVisualContentItem("J0fLpmJhG0KDN2tQouxh", 16) → FOUND @ https://out-run-app-git-worktree-streng-98e01f-davids-projects-0d6e1f97.vercel.app/_next/static/chunks/5677-419b04fe742aa51a.js:0
[  226661ms] [LOG] [ContentResolver] Level 16 — exercise video resolved: "פלאנץ׳ בטאק" → https://vz-b17872ab-7a7.b-cdn.net/912c9beb-a881-4593-980b-38… @ https://out-run-app-git-worktree-streng-98e01f-davids-projects-0d6e1f97.vercel.app/_next/static/chunks/5677-419b04fe742aa51a.js:0
[  226661ms] [LOG] [DEBUG-RESOLVER] resolveContent("push", 15) → programId="J0fLpmJhG0KDN2tQouxh" @ https://out-run-app-git-worktree-streng-98e01f-davids-projects-0d6e1f97.vercel.app/_next/static/chunks/5677-419b04fe742aa51a.js:0
[  226661ms] [LOG] [DEBUG-RESOLVER] resolveContent("push", 17) → programId="J0fLpmJhG0KDN2tQouxh" @ https://out-run-app-git-worktree-streng-98e01f-davids-projects-0d6e1f97.vercel.app/_next/static/chunks/5677-419b04fe742aa51a.js:0
[  226661ms] [LOG] [DEBUG-RESOLVER] resolveContent("push", 17) → programId="J0fLpmJhG0KDN2tQouxh" @ https://out-run-app-git-worktree-streng-98e01f-davids-projects-0d6e1f97.vercel.app/_next/static/chunks/5677-419b04fe742aa51a.js:0
[  226868ms] [LOG] [VisualContentService] docToContent "J0fLpmJhG0KDN2tQouxh_17": {hasVideoVariantsField: true, hasVariantsField: false, rawType: array[0], parsedVariantsCount: 0, allTopLevelKeys: Array(14)} @ https://out-run-app-git-worktree-streng-98e01f-davids-projects-0d6e1f97.vercel.app/_next/static/chunks/5677-419b04fe742aa51a.js:0
[  226868ms] [LOG] [DEBUG-RESOLVER] attempt1 getVisualContentItem("J0fLpmJhG0KDN2tQouxh", 17) → FOUND @ https://out-run-app-git-worktree-streng-98e01f-davids-projects-0d6e1f97.vercel.app/_next/static/chunks/5677-419b04fe742aa51a.js:0
[  226868ms] [LOG] [VisualContentService] docToContent "J0fLpmJhG0KDN2tQouxh_17": {hasVideoVariantsField: true, hasVariantsField: false, rawType: array[0], parsedVariantsCount: 0, allTopLevelKeys: Array(14)} @ https://out-run-app-git-worktree-streng-98e01f-davids-projects-0d6e1f97.vercel.app/_next/static/chunks/5677-419b04fe742aa51a.js:0
[  226868ms] [LOG] [DEBUG-RESOLVER] attempt1 getVisualContentItem("J0fLpmJhG0KDN2tQouxh", 17) → FOUND @ https://out-run-app-git-worktree-streng-98e01f-davids-projects-0d6e1f97.vercel.app/_next/static/chunks/5677-419b04fe742aa51a.js:0
[  227065ms] [LOG] [ContentResolver] Level 17 — exercise video resolved: "בק לבר בפישוק" → https://vz-b17872ab-7a7.b-cdn.net/18d409c4-552f-4ade-913e-ed… @ https://out-run-app-git-worktree-streng-98e01f-davids-projects-0d6e1f97.vercel.app/_next/static/chunks/5677-419b04fe742aa51a.js:0
[  227065ms] [LOG] [ContentResolver] Level 17 — exercise video resolved: "בק לבר בפישוק" → https://vz-b17872ab-7a7.b-cdn.net/18d409c4-552f-4ade-913e-ed… @ https://out-run-app-git-worktree-streng-98e01f-davids-projects-0d6e1f97.vercel.app/_next/static/chunks/5677-419b04fe742aa51a.js:0
[  228045ms] [LOG] [DEBUG-RESOLVER] resolveContent("push", 18) → programId="J0fLpmJhG0KDN2tQouxh" @ https://out-run-app-git-worktree-streng-98e01f-davids-projects-0d6e1f97.vercel.app/_next/static/chunks/5677-419b04fe742aa51a.js:0
[  228266ms] [LOG] [VisualContentService] docToContent "J0fLpmJhG0KDN2tQouxh_18": {hasVideoVariantsField: true, hasVariantsField: false, rawType: array[0], parsedVariantsCount: 0, allTopLevelKeys: Array(14)} @ https://out-run-app-git-worktree-streng-98e01f-davids-projects-0d6e1f97.vercel.app/_next/static/chunks/5677-419b04fe742aa51a.js:0
[  228267ms] [LOG] [DEBUG-RESOLVER] attempt1 getVisualContentItem("J0fLpmJhG0KDN2tQouxh", 18) → FOUND @ https://out-run-app-git-worktree-streng-98e01f-davids-projects-0d6e1f97.vercel.app/_next/static/chunks/5677-419b04fe742aa51a.js:0
[  228447ms] [LOG] [ContentResolver] Level 18 — exercise video resolved: "שכיבות סמיכה פלאנץ׳ טאק" → https://vz-b17872ab-7a7.b-cdn.net/849d609d-13fd-4bf6-ad46-7d… @ https://out-run-app-git-worktree-streng-98e01f-davids-projects-0d6e1f97.vercel.app/_next/static/chunks/5677-419b04fe742aa51a.js:0
[  228448ms] [LOG] [DEBUG-RESOLVER] resolveContent("push", 17) → programId="J0fLpmJhG0KDN2tQouxh" @ https://out-run-app-git-worktree-streng-98e01f-davids-projects-0d6e1f97.vercel.app/_next/static/chunks/5677-419b04fe742aa51a.js:0
[  228448ms] [LOG] [DEBUG-RESOLVER] resolveContent("push", 19) → programId="J0fLpmJhG0KDN2tQouxh" @ https://out-run-app-git-worktree-streng-98e01f-davids-projects-0d6e1f97.vercel.app/_next/static/chunks/5677-419b04fe742aa51a.js:0
[  228448ms] [LOG] [DEBUG-RESOLVER] resolveContent("push", 19) → programId="J0fLpmJhG0KDN2tQouxh" @ https://out-run-app-git-worktree-streng-98e01f-davids-projects-0d6e1f97.vercel.app/_next/static/chunks/5677-419b04fe742aa51a.js:0
[  228646ms] [LOG] [VisualContentService] docToContent "J0fLpmJhG0KDN2tQouxh_19": {hasVideoVariantsField: true, hasVariantsField: false, rawType: array[0], parsedVariantsCount: 0, allTopLevelKeys: Array(14)} @ https://out-run-app-git-worktree-streng-98e01f-davids-projects-0d6e1f97.vercel.app/_next/static/chunks/5677-419b04fe742aa51a.js:0
[  228646ms] [LOG] [DEBUG-RESOLVER] attempt1 getVisualContentItem("J0fLpmJhG0KDN2tQouxh", 19) → FOUND @ https://out-run-app-git-worktree-streng-98e01f-davids-projects-0d6e1f97.vercel.app/_next/static/chunks/5677-419b04fe742aa51a.js:0
[  228646ms] [LOG] [VisualContentService] docToContent "J0fLpmJhG0KDN2tQouxh_19": {hasVideoVariantsField: true, hasVariantsField: false, rawType: array[0], parsedVariantsCount: 0, allTopLevelKeys: Array(14)} @ https://out-run-app-git-worktree-streng-98e01f-davids-projects-0d6e1f97.vercel.app/_next/static/chunks/5677-419b04fe742aa51a.js:0
[  228646ms] [LOG] [DEBUG-RESOLVER] attempt1 getVisualContentItem("J0fLpmJhG0KDN2tQouxh", 19) → FOUND @ https://out-run-app-git-worktree-streng-98e01f-davids-projects-0d6e1f97.vercel.app/_next/static/chunks/5677-419b04fe742aa51a.js:0
[  228831ms] [LOG] [ContentResolver] Level 19 — exercise video resolved: "שכיבות סמיכה בעמידת ידיים חזה לקיר" → https://vz-b17872ab-7a7.b-cdn.net/97901438-7f7a-43d1-9fa3-1a… @ https://out-run-app-git-worktree-streng-98e01f-davids-projects-0d6e1f97.vercel.app/_next/static/chunks/5677-419b04fe742aa51a.js:0
[  228831ms] [LOG] [ContentResolver] Level 19 — exercise video resolved: "שכיבות סמיכה בעמידת ידיים חזה לקיר" → https://vz-b17872ab-7a7.b-cdn.net/97901438-7f7a-43d1-9fa3-1a… @ https://out-run-app-git-worktree-streng-98e01f-davids-projects-0d6e1f97.vercel.app/_next/static/chunks/5677-419b04fe742aa51a.js:0
[  235462ms] [LOG] [DEBUG-RESOLVER] resolveContent("push", 20) → programId="J0fLpmJhG0KDN2tQouxh" @ https://out-run-app-git-worktree-streng-98e01f-davids-projects-0d6e1f97.vercel.app/_next/static/chunks/5677-419b04fe742aa51a.js:0
[  235657ms] [LOG] [VisualContentService] docToContent "J0fLpmJhG0KDN2tQouxh_20": {hasVideoVariantsField: true, hasVariantsField: false, rawType: array[0], parsedVariantsCount: 0, allTopLevelKeys: Array(14)} @ https://out-run-app-git-worktree-streng-98e01f-davids-projects-0d6e1f97.vercel.app/_next/static/chunks/5677-419b04fe742aa51a.js:0
[  235657ms] [LOG] [DEBUG-RESOLVER] attempt1 getVisualContentItem("J0fLpmJhG0KDN2tQouxh", 20) → FOUND @ https://out-run-app-git-worktree-streng-98e01f-davids-projects-0d6e1f97.vercel.app/_next/static/chunks/5677-419b04fe742aa51a.js:0
[  235838ms] [LOG] [VisualContentService] docToContent "J0fLpmJhG0KDN2tQouxh_19": {hasVideoVariantsField: true, hasVariantsField: false, rawType: array[0], parsedVariantsCount: 0, allTopLevelKeys: Array(14)} @ https://out-run-app-git-worktree-streng-98e01f-davids-projects-0d6e1f97.vercel.app/_next/static/chunks/5677-419b04fe742aa51a.js:0
[  236019ms] [LOG] [VisualContentService] docToContent "J0fLpmJhG0KDN2tQouxh_18": {hasVideoVariantsField: true, hasVariantsField: false, rawType: array[0], parsedVariantsCount: 0, allTopLevelKeys: Array(14)} @ https://out-run-app-git-worktree-streng-98e01f-davids-projects-0d6e1f97.vercel.app/_next/static/chunks/5677-419b04fe742aa51a.js:0
[  236203ms] [LOG] [VisualContentService] docToContent "J0fLpmJhG0KDN2tQouxh_17": {hasVideoVariantsField: true, hasVariantsField: false, rawType: array[0], parsedVariantsCount: 0, allTopLevelKeys: Array(14)} @ https://out-run-app-git-worktree-streng-98e01f-davids-projects-0d6e1f97.vercel.app/_next/static/chunks/5677-419b04fe742aa51a.js:0
[  236344ms] [LOG] [DEBUG-RESOLVER] resolveContent("push", 19) → programId="J0fLpmJhG0KDN2tQouxh" @ https://out-run-app-git-worktree-streng-98e01f-davids-projects-0d6e1f97.vercel.app/_next/static/chunks/5677-419b04fe742aa51a.js:0
[  236345ms] [LOG] [DEBUG-RESOLVER] resolveContent("push", 18) → programId="J0fLpmJhG0KDN2tQouxh" @ https://out-run-app-git-worktree-streng-98e01f-davids-projects-0d6e1f97.vercel.app/_next/static/chunks/5677-419b04fe742aa51a.js:0
[  236345ms] [LOG] [DEBUG-RESOLVER] resolveContent("push", 20) → programId="J0fLpmJhG0KDN2tQouxh" @ https://out-run-app-git-worktree-streng-98e01f-davids-projects-0d6e1f97.vercel.app/_next/static/chunks/5677-419b04fe742aa51a.js:0
[  236345ms] [LOG] [DEBUG-RESOLVER] resolveContent("push", 20) → programId="J0fLpmJhG0KDN2tQouxh" @ https://out-run-app-git-worktree-streng-98e01f-davids-projects-0d6e1f97.vercel.app/_next/static/chunks/5677-419b04fe742aa51a.js:0
[  236382ms] [LOG] [VisualContentService] docToContent "J0fLpmJhG0KDN2tQouxh_16": {hasVideoVariantsField: true, hasVariantsField: false, rawType: array[0], parsedVariantsCount: 0, allTopLevelKeys: Array(14)} @ https://out-run-app-git-worktree-streng-98e01f-davids-projects-0d6e1f97.vercel.app/_next/static/chunks/5677-419b04fe742aa51a.js:0
[  236563ms] [LOG] [VisualContentService] docToContent "J0fLpmJhG0KDN2tQouxh_20": {hasVideoVariantsField: true, hasVariantsField: false, rawType: array[0], parsedVariantsCount: 0, allTopLevelKeys: Array(14)} @ https://out-run-app-git-worktree-streng-98e01f-davids-projects-0d6e1f97.vercel.app/_next/static/chunks/5677-419b04fe742aa51a.js:0
[  236563ms] [LOG] [DEBUG-RESOLVER] attempt1 getVisualContentItem("J0fLpmJhG0KDN2tQouxh", 20) → FOUND @ https://out-run-app-git-worktree-streng-98e01f-davids-projects-0d6e1f97.vercel.app/_next/static/chunks/5677-419b04fe742aa51a.js:0
[  236563ms] [LOG] [VisualContentService] docToContent "J0fLpmJhG0KDN2tQouxh_20": {hasVideoVariantsField: true, hasVariantsField: false, rawType: array[0], parsedVariantsCount: 0, allTopLevelKeys: Array(14)} @ https://out-run-app-git-worktree-streng-98e01f-davids-projects-0d6e1f97.vercel.app/_next/static/chunks/5677-419b04fe742aa51a.js:0
[  236563ms] [LOG] [DEBUG-RESOLVER] attempt1 getVisualContentItem("J0fLpmJhG0KDN2tQouxh", 20) → FOUND @ https://out-run-app-git-worktree-streng-98e01f-davids-projects-0d6e1f97.vercel.app/_next/static/chunks/5677-419b04fe742aa51a.js:0
[  236563ms] [LOG] [VisualContentService] docToContent "J0fLpmJhG0KDN2tQouxh_15": {hasVideoVariantsField: true, hasVariantsField: false, rawType: array[0], parsedVariantsCount: 0, allTopLevelKeys: Array(14)} @ https://out-run-app-git-worktree-streng-98e01f-davids-projects-0d6e1f97.vercel.app/_next/static/chunks/5677-419b04fe742aa51a.js:0
[  236758ms] [LOG] [VisualContentService] docToContent "J0fLpmJhG0KDN2tQouxh_19": {hasVideoVariantsField: true, hasVariantsField: false, rawType: array[0], parsedVariantsCount: 0, allTopLevelKeys: Array(14)} @ https://out-run-app-git-worktree-streng-98e01f-davids-projects-0d6e1f97.vercel.app/_next/static/chunks/5677-419b04fe742aa51a.js:0
[  236758ms] [LOG] [VisualContentService] docToContent "J0fLpmJhG0KDN2tQouxh_19": {hasVideoVariantsField: true, hasVariantsField: false, rawType: array[0], parsedVariantsCount: 0, allTopLevelKeys: Array(14)} @ https://out-run-app-git-worktree-streng-98e01f-davids-projects-0d6e1f97.vercel.app/_next/static/chunks/5677-419b04fe742aa51a.js:0
[  236758ms] [LOG] [VisualContentService] docToContent "J0fLpmJhG0KDN2tQouxh_14": {hasVideoVariantsField: true, hasVariantsField: false, rawType: array[0], parsedVariantsCount: 0, allTopLevelKeys: Array(14)} @ https://out-run-app-git-worktree-streng-98e01f-davids-projects-0d6e1f97.vercel.app/_next/static/chunks/5677-419b04fe742aa51a.js:0
[  237097ms] [LOG] [VisualContentService] docToContent "J0fLpmJhG0KDN2tQouxh_18": {hasVideoVariantsField: true, hasVariantsField: false, rawType: array[0], parsedVariantsCount: 0, allTopLevelKeys: Array(14)} @ https://out-run-app-git-worktree-streng-98e01f-davids-projects-0d6e1f97.vercel.app/_next/static/chunks/5677-419b04fe742aa51a.js:0
[  237097ms] [LOG] [VisualContentService] docToContent "J0fLpmJhG0KDN2tQouxh_18": {hasVideoVariantsField: true, hasVariantsField: false, rawType: array[0], parsedVariantsCount: 0, allTopLevelKeys: Array(14)} @ https://out-run-app-git-worktree-streng-98e01f-davids-projects-0d6e1f97.vercel.app/_next/static/chunks/5677-419b04fe742aa51a.js:0
[  237098ms] [LOG] [VisualContentService] docToContent "J0fLpmJhG0KDN2tQouxh_13": {hasVideoVariantsField: true, hasVariantsField: false, rawType: array[0], parsedVariantsCount: 0, allTopLevelKeys: Array(14)} @ https://out-run-app-git-worktree-streng-98e01f-davids-projects-0d6e1f97.vercel.app/_next/static/chunks/5677-419b04fe742aa51a.js:0
[  237282ms] [LOG] [VisualContentService] docToContent "J0fLpmJhG0KDN2tQouxh_17": {hasVideoVariantsField: true, hasVariantsField: false, rawType: array[0], parsedVariantsCount: 0, allTopLevelKeys: Array(14)} @ https://out-run-app-git-worktree-streng-98e01f-davids-projects-0d6e1f97.vercel.app/_next/static/chunks/5677-419b04fe742aa51a.js:0
[  237283ms] [LOG] [VisualContentService] docToContent "J0fLpmJhG0KDN2tQouxh_17": {hasVideoVariantsField: true, hasVariantsField: false, rawType: array[0], parsedVariantsCount: 0, allTopLevelKeys: Array(14)} @ https://out-run-app-git-worktree-streng-98e01f-davids-projects-0d6e1f97.vercel.app/_next/static/chunks/5677-419b04fe742aa51a.js:0
[  237283ms] [LOG] [VisualContentService] docToContent "J0fLpmJhG0KDN2tQouxh_12": {hasVideoVariantsField: true, hasVariantsField: false, rawType: array[0], parsedVariantsCount: 0, allTopLevelKeys: Array(14)} @ https://out-run-app-git-worktree-streng-98e01f-davids-projects-0d6e1f97.vercel.app/_next/static/chunks/5677-419b04fe742aa51a.js:0
[  237452ms] [LOG] [VisualContentService] docToContent "J0fLpmJhG0KDN2tQouxh_16": {hasVideoVariantsField: true, hasVariantsField: false, rawType: array[0], parsedVariantsCount: 0, allTopLevelKeys: Array(14)} @ https://out-run-app-git-worktree-streng-98e01f-davids-projects-0d6e1f97.vercel.app/_next/static/chunks/5677-419b04fe742aa51a.js:0
[  237452ms] [LOG] [VisualContentService] docToContent "J0fLpmJhG0KDN2tQouxh_16": {hasVideoVariantsField: true, hasVariantsField: false, rawType: array[0], parsedVariantsCount: 0, allTopLevelKeys: Array(14)} @ https://out-run-app-git-worktree-streng-98e01f-davids-projects-0d6e1f97.vercel.app/_next/static/chunks/5677-419b04fe742aa51a.js:0
[  237453ms] [LOG] [VisualContentService] docToContent "J0fLpmJhG0KDN2tQouxh_11": {hasVideoVariantsField: true, hasVariantsField: false, rawType: array[0], parsedVariantsCount: 0, allTopLevelKeys: Array(14)} @ https://out-run-app-git-worktree-streng-98e01f-davids-projects-0d6e1f97.vercel.app/_next/static/chunks/5677-419b04fe742aa51a.js:0
[  237640ms] [LOG] [VisualContentService] docToContent "J0fLpmJhG0KDN2tQouxh_15": {hasVideoVariantsField: true, hasVariantsField: false, rawType: array[0], parsedVariantsCount: 0, allTopLevelKeys: Array(14)} @ https://out-run-app-git-worktree-streng-98e01f-davids-projects-0d6e1f97.vercel.app/_next/static/chunks/5677-419b04fe742aa51a.js:0
[  237640ms] [LOG] [VisualContentService] docToContent "J0fLpmJhG0KDN2tQouxh_15": {hasVideoVariantsField: true, hasVariantsField: false, rawType: array[0], parsedVariantsCount: 0, allTopLevelKeys: Array(14)} @ https://out-run-app-git-worktree-streng-98e01f-davids-projects-0d6e1f97.vercel.app/_next/static/chunks/5677-419b04fe742aa51a.js:0
[  237640ms] [LOG] [VisualContentService] docToContent "J0fLpmJhG0KDN2tQouxh_10": {hasVideoVariantsField: true, hasVariantsField: false, rawType: array[0], parsedVariantsCount: 0, allTopLevelKeys: Array(14)} @ https://out-run-app-git-worktree-streng-98e01f-davids-projects-0d6e1f97.vercel.app/_next/static/chunks/5677-419b04fe742aa51a.js:0
[  237824ms] [LOG] [VisualContentService] docToContent "J0fLpmJhG0KDN2tQouxh_14": {hasVideoVariantsField: true, hasVariantsField: false, rawType: array[0], parsedVariantsCount: 0, allTopLevelKeys: Array(14)} @ https://out-run-app-git-worktree-streng-98e01f-davids-projects-0d6e1f97.vercel.app/_next/static/chunks/5677-419b04fe742aa51a.js:0
[  237824ms] [LOG] [VisualContentService] docToContent "J0fLpmJhG0KDN2tQouxh_14": {hasVideoVariantsField: true, hasVariantsField: false, rawType: array[0], parsedVariantsCount: 0, allTopLevelKeys: Array(14)} @ https://out-run-app-git-worktree-streng-98e01f-davids-projects-0d6e1f97.vercel.app/_next/static/chunks/5677-419b04fe742aa51a.js:0
[  237824ms] [LOG] [VisualContentService] docToContent "J0fLpmJhG0KDN2tQouxh_9": {hasVideoVariantsField: true, hasVariantsField: false, rawType: array[0], parsedVariantsCount: 0, allTopLevelKeys: Array(14)} @ https://out-run-app-git-worktree-streng-98e01f-davids-projects-0d6e1f97.vercel.app/_next/static/chunks/5677-419b04fe742aa51a.js:0
[  238018ms] [LOG] [VisualContentService] docToContent "J0fLpmJhG0KDN2tQouxh_13": {hasVideoVariantsField: true, hasVariantsField: false, rawType: array[0], parsedVariantsCount: 0, allTopLevelKeys: Array(14)} @ https://out-run-app-git-worktree-streng-98e01f-davids-projects-0d6e1f97.vercel.app/_next/static/chunks/5677-419b04fe742aa51a.js:0
[  238018ms] [LOG] [VisualContentService] docToContent "J0fLpmJhG0KDN2tQouxh_13": {hasVideoVariantsField: true, hasVariantsField: false, rawType: array[0], parsedVariantsCount: 0, allTopLevelKeys: Array(14)} @ https://out-run-app-git-worktree-streng-98e01f-davids-projects-0d6e1f97.vercel.app/_next/static/chunks/5677-419b04fe742aa51a.js:0
[  238018ms] [LOG] [VisualContentService] docToContent "J0fLpmJhG0KDN2tQouxh_8": {hasVideoVariantsField: true, hasVariantsField: false, rawType: array[0], parsedVariantsCount: 0, allTopLevelKeys: Array(14)} @ https://out-run-app-git-worktree-streng-98e01f-davids-projects-0d6e1f97.vercel.app/_next/static/chunks/5677-419b04fe742aa51a.js:0
[  238221ms] [LOG] [VisualContentService] docToContent "J0fLpmJhG0KDN2tQouxh_12": {hasVideoVariantsField: true, hasVariantsField: false, rawType: array[0], parsedVariantsCount: 0, allTopLevelKeys: Array(14)} @ https://out-run-app-git-worktree-streng-98e01f-davids-projects-0d6e1f97.vercel.app/_next/static/chunks/5677-419b04fe742aa51a.js:0
[  238221ms] [LOG] [VisualContentService] docToContent "J0fLpmJhG0KDN2tQouxh_12": {hasVideoVariantsField: true, hasVariantsField: false, rawType: array[0], parsedVariantsCount: 0, allTopLevelKeys: Array(14)} @ https://out-run-app-git-worktree-streng-98e01f-davids-projects-0d6e1f97.vercel.app/_next/static/chunks/5677-419b04fe742aa51a.js:0
[  238221ms] [LOG] [VisualContentService] docToContent "J0fLpmJhG0KDN2tQouxh_7": {hasVideoVariantsField: true, hasVariantsField: false, rawType: array[0], parsedVariantsCount: 0, allTopLevelKeys: Array(14)} @ https://out-run-app-git-worktree-streng-98e01f-davids-projects-0d6e1f97.vercel.app/_next/static/chunks/5677-419b04fe742aa51a.js:0
[  238425ms] [LOG] [VisualContentService] docToContent "J0fLpmJhG0KDN2tQouxh_11": {hasVideoVariantsField: true, hasVariantsField: false, rawType: array[0], parsedVariantsCount: 0, allTopLevelKeys: Array(14)} @ https://out-run-app-git-worktree-streng-98e01f-davids-projects-0d6e1f97.vercel.app/_next/static/chunks/5677-419b04fe742aa51a.js:0
[  238425ms] [LOG] [VisualContentService] docToContent "J0fLpmJhG0KDN2tQouxh_11": {hasVideoVariantsField: true, hasVariantsField: false, rawType: array[0], parsedVariantsCount: 0, allTopLevelKeys: Array(14)} @ https://out-run-app-git-worktree-streng-98e01f-davids-projects-0d6e1f97.vercel.app/_next/static/chunks/5677-419b04fe742aa51a.js:0
[  238425ms] [LOG] [VisualContentService] docToContent "J0fLpmJhG0KDN2tQouxh_6": {hasVideoVariantsField: true, hasVariantsField: false, rawType: array[0], parsedVariantsCount: 0, allTopLevelKeys: Array(14)} @ https://out-run-app-git-worktree-streng-98e01f-davids-projects-0d6e1f97.vercel.app/_next/static/chunks/5677-419b04fe742aa51a.js:0
[  238661ms] [LOG] [VisualContentService] docToContent "J0fLpmJhG0KDN2tQouxh_10": {hasVideoVariantsField: true, hasVariantsField: false, rawType: array[0], parsedVariantsCount: 0, allTopLevelKeys: Array(14)} @ https://out-run-app-git-worktree-streng-98e01f-davids-projects-0d6e1f97.vercel.app/_next/static/chunks/5677-419b04fe742aa51a.js:0
[  238661ms] [LOG] [VisualContentService] docToContent "J0fLpmJhG0KDN2tQouxh_10": {hasVideoVariantsField: true, hasVariantsField: false, rawType: array[0], parsedVariantsCount: 0, allTopLevelKeys: Array(14)} @ https://out-run-app-git-worktree-streng-98e01f-davids-projects-0d6e1f97.vercel.app/_next/static/chunks/5677-419b04fe742aa51a.js:0
[  238662ms] [LOG] [VisualContentService] docToContent "J0fLpmJhG0KDN2tQouxh_5": {hasVideoVariantsField: true, hasVariantsField: false, rawType: array[0], parsedVariantsCount: 0, allTopLevelKeys: Array(14)} @ https://out-run-app-git-worktree-streng-98e01f-davids-projects-0d6e1f97.vercel.app/_next/static/chunks/5677-419b04fe742aa51a.js:0
[  238857ms] [LOG] [VisualContentService] docToContent "J0fLpmJhG0KDN2tQouxh_9": {hasVideoVariantsField: true, hasVariantsField: false, rawType: array[0], parsedVariantsCount: 0, allTopLevelKeys: Array(14)} @ https://out-run-app-git-worktree-streng-98e01f-davids-projects-0d6e1f97.vercel.app/_next/static/chunks/5677-419b04fe742aa51a.js:0
[  238857ms] [LOG] [VisualContentService] docToContent "J0fLpmJhG0KDN2tQouxh_9": {hasVideoVariantsField: true, hasVariantsField: false, rawType: array[0], parsedVariantsCount: 0, allTopLevelKeys: Array(14)} @ https://out-run-app-git-worktree-streng-98e01f-davids-projects-0d6e1f97.vercel.app/_next/static/chunks/5677-419b04fe742aa51a.js:0
[  238857ms] [LOG] [VisualContentService] docToContent "J0fLpmJhG0KDN2tQouxh_4": {hasVideoVariantsField: true, hasVariantsField: false, rawType: array[0], parsedVariantsCount: 0, allTopLevelKeys: Array(14)} @ https://out-run-app-git-worktree-streng-98e01f-davids-projects-0d6e1f97.vercel.app/_next/static/chunks/5677-419b04fe742aa51a.js:0
[  239052ms] [LOG] [VisualContentService] docToContent "J0fLpmJhG0KDN2tQouxh_8": {hasVideoVariantsField: true, hasVariantsField: false, rawType: array[0], parsedVariantsCount: 0, allTopLevelKeys: Array(14)} @ https://out-run-app-git-worktree-streng-98e01f-davids-projects-0d6e1f97.vercel.app/_next/static/chunks/5677-419b04fe742aa51a.js:0
[  239053ms] [LOG] [VisualContentService] docToContent "J0fLpmJhG0KDN2tQouxh_8": {hasVideoVariantsField: true, hasVariantsField: false, rawType: array[0], parsedVariantsCount: 0, allTopLevelKeys: Array(14)} @ https://out-run-app-git-worktree-streng-98e01f-davids-projects-0d6e1f97.vercel.app/_next/static/chunks/5677-419b04fe742aa51a.js:0
[  239055ms] [LOG] [VisualContentService] docToContent "J0fLpmJhG0KDN2tQouxh_3": {hasVideoVariantsField: true, hasVariantsField: false, rawType: array[0], parsedVariantsCount: 0, allTopLevelKeys: Array(14)} @ https://out-run-app-git-worktree-streng-98e01f-davids-projects-0d6e1f97.vercel.app/_next/static/chunks/5677-419b04fe742aa51a.js:0
[  239244ms] [LOG] [VisualContentService] docToContent "J0fLpmJhG0KDN2tQouxh_7": {hasVideoVariantsField: true, hasVariantsField: false, rawType: array[0], parsedVariantsCount: 0, allTopLevelKeys: Array(14)} @ https://out-run-app-git-worktree-streng-98e01f-davids-projects-0d6e1f97.vercel.app/_next/static/chunks/5677-419b04fe742aa51a.js:0
[  239244ms] [LOG] [VisualContentService] docToContent "J0fLpmJhG0KDN2tQouxh_7": {hasVideoVariantsField: true, hasVariantsField: false, rawType: array[0], parsedVariantsCount: 0, allTopLevelKeys: Array(14)} @ https://out-run-app-git-worktree-streng-98e01f-davids-projects-0d6e1f97.vercel.app/_next/static/chunks/5677-419b04fe742aa51a.js:0
[  239244ms] [LOG] [VisualContentService] docToContent "J0fLpmJhG0KDN2tQouxh_2": {hasVideoVariantsField: true, hasVariantsField: false, rawType: array[0], parsedVariantsCount: 0, allTopLevelKeys: Array(14)} @ https://out-run-app-git-worktree-streng-98e01f-davids-projects-0d6e1f97.vercel.app/_next/static/chunks/5677-419b04fe742aa51a.js:0
[  239472ms] [LOG] [VisualContentService] docToContent "J0fLpmJhG0KDN2tQouxh_6": {hasVideoVariantsField: true, hasVariantsField: false, rawType: array[0], parsedVariantsCount: 0, allTopLevelKeys: Array(14)} @ https://out-run-app-git-worktree-streng-98e01f-davids-projects-0d6e1f97.vercel.app/_next/static/chunks/5677-419b04fe742aa51a.js:0
[  239472ms] [LOG] [VisualContentService] docToContent "J0fLpmJhG0KDN2tQouxh_6": {hasVideoVariantsField: true, hasVariantsField: false, rawType: array[0], parsedVariantsCount: 0, allTopLevelKeys: Array(14)} @ https://out-run-app-git-worktree-streng-98e01f-davids-projects-0d6e1f97.vercel.app/_next/static/chunks/5677-419b04fe742aa51a.js:0
[  239472ms] [LOG] [VisualContentService] docToContent "J0fLpmJhG0KDN2tQouxh_1": {hasVideoVariantsField: true, hasVariantsField: false, rawType: array[0], parsedVariantsCount: 0, allTopLevelKeys: Array(14)} @ https://out-run-app-git-worktree-streng-98e01f-davids-projects-0d6e1f97.vercel.app/_next/static/chunks/5677-419b04fe742aa51a.js:0
[  239652ms] [LOG] [VisualContentService] docToContent "J0fLpmJhG0KDN2tQouxh_5": {hasVideoVariantsField: true, hasVariantsField: false, rawType: array[0], parsedVariantsCount: 0, allTopLevelKeys: Array(14)} @ https://out-run-app-git-worktree-streng-98e01f-davids-projects-0d6e1f97.vercel.app/_next/static/chunks/5677-419b04fe742aa51a.js:0
[  239652ms] [LOG] [VisualContentService] docToContent "J0fLpmJhG0KDN2tQouxh_5": {hasVideoVariantsField: true, hasVariantsField: false, rawType: array[0], parsedVariantsCount: 0, allTopLevelKeys: Array(14)} @ https://out-run-app-git-worktree-streng-98e01f-davids-projects-0d6e1f97.vercel.app/_next/static/chunks/5677-419b04fe742aa51a.js:0
[  239850ms] [LOG] [VisualContentService] docToContent "J0fLpmJhG0KDN2tQouxh_4": {hasVideoVariantsField: true, hasVariantsField: false, rawType: array[0], parsedVariantsCount: 0, allTopLevelKeys: Array(14)} @ https://out-run-app-git-worktree-streng-98e01f-davids-projects-0d6e1f97.vercel.app/_next/static/chunks/5677-419b04fe742aa51a.js:0
[  239850ms] [LOG] [VisualContentService] docToContent "J0fLpmJhG0KDN2tQouxh_4": {hasVideoVariantsField: true, hasVariantsField: false, rawType: array[0], parsedVariantsCount: 0, allTopLevelKeys: Array(14)} @ https://out-run-app-git-worktree-streng-98e01f-davids-projects-0d6e1f97.vercel.app/_next/static/chunks/5677-419b04fe742aa51a.js:0
[  240051ms] [LOG] [VisualContentService] docToContent "J0fLpmJhG0KDN2tQouxh_3": {hasVideoVariantsField: true, hasVariantsField: false, rawType: array[0], parsedVariantsCount: 0, allTopLevelKeys: Array(14)} @ https://out-run-app-git-worktree-streng-98e01f-davids-projects-0d6e1f97.vercel.app/_next/static/chunks/5677-419b04fe742aa51a.js:0
[  240051ms] [LOG] [VisualContentService] docToContent "J0fLpmJhG0KDN2tQouxh_3": {hasVideoVariantsField: true, hasVariantsField: false, rawType: array[0], parsedVariantsCount: 0, allTopLevelKeys: Array(14)} @ https://out-run-app-git-worktree-streng-98e01f-davids-projects-0d6e1f97.vercel.app/_next/static/chunks/5677-419b04fe742aa51a.js:0
[  240232ms] [LOG] [VisualContentService] docToContent "J0fLpmJhG0KDN2tQouxh_2": {hasVideoVariantsField: true, hasVariantsField: false, rawType: array[0], parsedVariantsCount: 0, allTopLevelKeys: Array(14)} @ https://out-run-app-git-worktree-streng-98e01f-davids-projects-0d6e1f97.vercel.app/_next/static/chunks/5677-419b04fe742aa51a.js:0
[  240232ms] [LOG] [VisualContentService] docToContent "J0fLpmJhG0KDN2tQouxh_2": {hasVideoVariantsField: true, hasVariantsField: false, rawType: array[0], parsedVariantsCount: 0, allTopLevelKeys: Array(14)} @ https://out-run-app-git-worktree-streng-98e01f-davids-projects-0d6e1f97.vercel.app/_next/static/chunks/5677-419b04fe742aa51a.js:0
[  240419ms] [LOG] [VisualContentService] docToContent "J0fLpmJhG0KDN2tQouxh_1": {hasVideoVariantsField: true, hasVariantsField: false, rawType: array[0], parsedVariantsCount: 0, allTopLevelKeys: Array(14)} @ https://out-run-app-git-worktree-streng-98e01f-davids-projects-0d6e1f97.vercel.app/_next/static/chunks/5677-419b04fe742aa51a.js:0
[  240419ms] [LOG] [VisualContentService] docToContent "J0fLpmJhG0KDN2tQouxh_1": {hasVideoVariantsField: true, hasVariantsField: false, rawType: array[0], parsedVariantsCount: 0, allTopLevelKeys: Array(14)} @ https://out-run-app-git-worktree-streng-98e01f-davids-projects-0d6e1f97.vercel.app/_next/static/chunks/5677-419b04fe742aa51a.js:0
[  245112ms] [LOG] [DEBUG-RESOLVER] resolveContent("push", 16) → programId="J0fLpmJhG0KDN2tQouxh" @ https://out-run-app-git-worktree-streng-98e01f-davids-projects-0d6e1f97.vercel.app/_next/static/chunks/5677-419b04fe742aa51a.js:0
[  245112ms] [LOG] [DEBUG-RESOLVER] resolveContent("push", 15) → programId="J0fLpmJhG0KDN2tQouxh" @ https://out-run-app-git-worktree-streng-98e01f-davids-projects-0d6e1f97.vercel.app/_next/static/chunks/5677-419b04fe742aa51a.js:0
[  245112ms] [LOG] [DEBUG-RESOLVER] resolveContent("push", 17) → programId="J0fLpmJhG0KDN2tQouxh" @ https://out-run-app-git-worktree-streng-98e01f-davids-projects-0d6e1f97.vercel.app/_next/static/chunks/5677-419b04fe742aa51a.js:0
[  245112ms] [LOG] [DEBUG-RESOLVER] resolveContent("push", 17) → programId="J0fLpmJhG0KDN2tQouxh" @ https://out-run-app-git-worktree-streng-98e01f-davids-projects-0d6e1f97.vercel.app/_next/static/chunks/5677-419b04fe742aa51a.js:0
[  248904ms] [LOG] [DEBUG-RESOLVER] resolveContent("push", 14) → programId="J0fLpmJhG0KDN2tQouxh" @ https://out-run-app-git-worktree-streng-98e01f-davids-projects-0d6e1f97.vercel.app/_next/static/chunks/5677-419b04fe742aa51a.js:0
[  248905ms] [LOG] [DEBUG-RESOLVER] resolveContent("push", 13) → programId="J0fLpmJhG0KDN2tQouxh" @ https://out-run-app-git-worktree-streng-98e01f-davids-projects-0d6e1f97.vercel.app/_next/static/chunks/5677-419b04fe742aa51a.js:0
[  248905ms] [LOG] [DEBUG-RESOLVER] resolveContent("push", 15) → programId="J0fLpmJhG0KDN2tQouxh" @ https://out-run-app-git-worktree-streng-98e01f-davids-projects-0d6e1f97.vercel.app/_next/static/chunks/5677-419b04fe742aa51a.js:0
[  248905ms] [LOG] [DEBUG-RESOLVER] resolveContent("push", 15) → programId="J0fLpmJhG0KDN2tQouxh" @ https://out-run-app-git-worktree-streng-98e01f-davids-projects-0d6e1f97.vercel.app/_next/static/chunks/5677-419b04fe742aa51a.js:0
[  249969ms] [LOG] [DEBUG-RESOLVER] resolveContent("push", 16) → programId="J0fLpmJhG0KDN2tQouxh" @ https://out-run-app-git-worktree-streng-98e01f-davids-projects-0d6e1f97.vercel.app/_next/static/chunks/5677-419b04fe742aa51a.js:0
[  249969ms] [LOG] [DEBUG-RESOLVER] resolveContent("push", 15) → programId="J0fLpmJhG0KDN2tQouxh" @ https://out-run-app-git-worktree-streng-98e01f-davids-projects-0d6e1f97.vercel.app/_next/static/chunks/5677-419b04fe742aa51a.js:0
[  249969ms] [LOG] [DEBUG-RESOLVER] resolveContent("push", 17) → programId="J0fLpmJhG0KDN2tQouxh" @ https://out-run-app-git-worktree-streng-98e01f-davids-projects-0d6e1f97.vercel.app/_next/static/chunks/5677-419b04fe742aa51a.js:0
[  249969ms] [LOG] [DEBUG-RESOLVER] resolveContent("push", 17) → programId="J0fLpmJhG0KDN2tQouxh" @ https://out-run-app-git-worktree-streng-98e01f-davids-projects-0d6e1f97.vercel.app/_next/static/chunks/5677-419b04fe742aa51a.js:0
[  251202ms] [LOG] [DEBUG-RESOLVER] resolveContent("push", 14) → programId="J0fLpmJhG0KDN2tQouxh" @ https://out-run-app-git-worktree-streng-98e01f-davids-projects-0d6e1f97.vercel.app/_next/static/chunks/5677-419b04fe742aa51a.js:0
[  251202ms] [LOG] [DEBUG-RESOLVER] resolveContent("push", 13) → programId="J0fLpmJhG0KDN2tQouxh" @ https://out-run-app-git-worktree-streng-98e01f-davids-projects-0d6e1f97.vercel.app/_next/static/chunks/5677-419b04fe742aa51a.js:0
[  251202ms] [LOG] [DEBUG-RESOLVER] resolveContent("push", 15) → programId="J0fLpmJhG0KDN2tQouxh" @ https://out-run-app-git-worktree-streng-98e01f-davids-projects-0d6e1f97.vercel.app/_next/static/chunks/5677-419b04fe742aa51a.js:0
[  251202ms] [LOG] [DEBUG-RESOLVER] resolveContent("push", 15) → programId="J0fLpmJhG0KDN2tQouxh" @ https://out-run-app-git-worktree-streng-98e01f-davids-projects-0d6e1f97.vercel.app/_next/static/chunks/5677-419b04fe742aa51a.js:0
[  251902ms] [LOG] [DEBUG-RESOLVER] resolveContent("push", 16) → programId="J0fLpmJhG0KDN2tQouxh" @ https://out-run-app-git-worktree-streng-98e01f-davids-projects-0d6e1f97.vercel.app/_next/static/chunks/5677-419b04fe742aa51a.js:0
[  251902ms] [LOG] [DEBUG-RESOLVER] resolveContent("push", 15) → programId="J0fLpmJhG0KDN2tQouxh" @ https://out-run-app-git-worktree-streng-98e01f-davids-projects-0d6e1f97.vercel.app/_next/static/chunks/5677-419b04fe742aa51a.js:0
[  251902ms] [LOG] [DEBUG-RESOLVER] resolveContent("push", 17) → programId="J0fLpmJhG0KDN2tQouxh" @ https://out-run-app-git-worktree-streng-98e01f-davids-projects-0d6e1f97.vercel.app/_next/static/chunks/5677-419b04fe742aa51a.js:0
[  251902ms] [LOG] [DEBUG-RESOLVER] resolveContent("push", 17) → programId="J0fLpmJhG0KDN2tQouxh" @ https://out-run-app-git-worktree-streng-98e01f-davids-projects-0d6e1f97.vercel.app/_next/static/chunks/5677-419b04fe742aa51a.js:0
[  356620ms] [LOG] [DEBUG-RESOLVER] resolveContent("push", 1) → programId="J0fLpmJhG0KDN2tQouxh" @ https://out-run-app-git-worktree-streng-98e01f-davids-projects-0d6e1f97.vercel.app/_next/static/chunks/5677-419b04fe742aa51a.js:0
[  356823ms] [LOG] [VisualContentService] docToContent "J0fLpmJhG0KDN2tQouxh_1": {hasVideoVariantsField: true, hasVariantsField: false, rawType: array[0], parsedVariantsCount: 0, allTopLevelKeys: Array(14)} @ https://out-run-app-git-worktree-streng-98e01f-davids-projects-0d6e1f97.vercel.app/_next/static/chunks/5677-419b04fe742aa51a.js:0
[  356824ms] [LOG] [DEBUG-RESOLVER] attempt1 getVisualContentItem("J0fLpmJhG0KDN2tQouxh", 1) → FOUND @ https://out-run-app-git-worktree-streng-98e01f-davids-projects-0d6e1f97.vercel.app/_next/static/chunks/5677-419b04fe742aa51a.js:0
[  357042ms] [LOG] [ContentResolver] Level 1 — exercise video resolved: "שכיבות סמיכה ב-75°" → https://vz-b17872ab-7a7.b-cdn.net/b1e43b30-37e1-49f7-8c17-74… @ https://out-run-app-git-worktree-streng-98e01f-davids-projects-0d6e1f97.vercel.app/_next/static/chunks/5677-419b04fe742aa51a.js:0
[  357042ms] [LOG] [DEBUG-RESOLVER] resolveContent("push", 2) → programId="J0fLpmJhG0KDN2tQouxh" @ https://out-run-app-git-worktree-streng-98e01f-davids-projects-0d6e1f97.vercel.app/_next/static/chunks/5677-419b04fe742aa51a.js:0
[  357042ms] [LOG] [DEBUG-RESOLVER] resolveContent("push", 2) → programId="J0fLpmJhG0KDN2tQouxh" @ https://out-run-app-git-worktree-streng-98e01f-davids-projects-0d6e1f97.vercel.app/_next/static/chunks/5677-419b04fe742aa51a.js:0
[  357231ms] [LOG] [VisualContentService] docToContent "J0fLpmJhG0KDN2tQouxh_2": {hasVideoVariantsField: true, hasVariantsField: false, rawType: array[0], parsedVariantsCount: 0, allTopLevelKeys: Array(14)} @ https://out-run-app-git-worktree-streng-98e01f-davids-projects-0d6e1f97.vercel.app/_next/static/chunks/5677-419b04fe742aa51a.js:0
[  357231ms] [LOG] [DEBUG-RESOLVER] attempt1 getVisualContentItem("J0fLpmJhG0KDN2tQouxh", 2) → FOUND @ https://out-run-app-git-worktree-streng-98e01f-davids-projects-0d6e1f97.vercel.app/_next/static/chunks/5677-419b04fe742aa51a.js:0
[  357232ms] [LOG] [VisualContentService] docToContent "J0fLpmJhG0KDN2tQouxh_2": {hasVideoVariantsField: true, hasVariantsField: false, rawType: array[0], parsedVariantsCount: 0, allTopLevelKeys: Array(14)} @ https://out-run-app-git-worktree-streng-98e01f-davids-projects-0d6e1f97.vercel.app/_next/static/chunks/5677-419b04fe742aa51a.js:0
[  357232ms] [LOG] [DEBUG-RESOLVER] attempt1 getVisualContentItem("J0fLpmJhG0KDN2tQouxh", 2) → FOUND @ https://out-run-app-git-worktree-streng-98e01f-davids-projects-0d6e1f97.vercel.app/_next/static/chunks/5677-419b04fe742aa51a.js:0
[  357446ms] [LOG] [ContentResolver] Level 2 — exercise video resolved: "שכיבות סמיכה ב-45°" → https://vz-b17872ab-7a7.b-cdn.net/bb502550-744f-46e3-8b18-62… @ https://out-run-app-git-worktree-streng-98e01f-davids-projects-0d6e1f97.vercel.app/_next/static/chunks/5677-419b04fe742aa51a.js:0
[  357447ms] [LOG] [ContentResolver] Level 2 — exercise video resolved: "שכיבות סמיכה ב-45°" → https://vz-b17872ab-7a7.b-cdn.net/bb502550-744f-46e3-8b18-62… @ https://out-run-app-git-worktree-streng-98e01f-davids-projects-0d6e1f97.vercel.app/_next/static/chunks/5677-419b04fe742aa51a.js:0
[  366036ms] [LOG] [DEBUG-RESOLVER] resolveContent("push", 6) → programId="J0fLpmJhG0KDN2tQouxh" @ https://out-run-app-git-worktree-streng-98e01f-davids-projects-0d6e1f97.vercel.app/_next/static/chunks/5677-419b04fe742aa51a.js:0
[  366268ms] [LOG] [VisualContentService] docToContent "J0fLpmJhG0KDN2tQouxh_6": {hasVideoVariantsField: true, hasVariantsField: false, rawType: array[0], parsedVariantsCount: 0, allTopLevelKeys: Array(14)} @ https://out-run-app-git-worktree-streng-98e01f-davids-projects-0d6e1f97.vercel.app/_next/static/chunks/5677-419b04fe742aa51a.js:0
[  366268ms] [LOG] [DEBUG-RESOLVER] attempt1 getVisualContentItem("J0fLpmJhG0KDN2tQouxh", 6) → FOUND @ https://out-run-app-git-worktree-streng-98e01f-davids-projects-0d6e1f97.vercel.app/_next/static/chunks/5677-419b04fe742aa51a.js:0
[  366458ms] [LOG] [ContentResolver] Level 6 — exercise video resolved: "מקבילים עם גומייה עבה" → https://vz-b17872ab-7a7.b-cdn.net/c6e95235-2dd7-481b-92ad-9e… @ https://out-run-app-git-worktree-streng-98e01f-davids-projects-0d6e1f97.vercel.app/_next/static/chunks/5677-419b04fe742aa51a.js:0
[  366459ms] [LOG] [DEBUG-RESOLVER] resolveContent("push", 5) → programId="J0fLpmJhG0KDN2tQouxh" @ https://out-run-app-git-worktree-streng-98e01f-davids-projects-0d6e1f97.vercel.app/_next/static/chunks/5677-419b04fe742aa51a.js:0
[  366459ms] [LOG] [DEBUG-RESOLVER] resolveContent("push", 7) → programId="J0fLpmJhG0KDN2tQouxh" @ https://out-run-app-git-worktree-streng-98e01f-davids-projects-0d6e1f97.vercel.app/_next/static/chunks/5677-419b04fe742aa51a.js:0
[  366459ms] [LOG] [DEBUG-RESOLVER] resolveContent("push", 7) → programId="J0fLpmJhG0KDN2tQouxh" @ https://out-run-app-git-worktree-streng-98e01f-davids-projects-0d6e1f97.vercel.app/_next/static/chunks/5677-419b04fe742aa51a.js:0
[  366655ms] [LOG] [VisualContentService] docToContent "J0fLpmJhG0KDN2tQouxh_5": {hasVideoVariantsField: true, hasVariantsField: false, rawType: array[0], parsedVariantsCount: 0, allTopLevelKeys: Array(14)} @ https://out-run-app-git-worktree-streng-98e01f-davids-projects-0d6e1f97.vercel.app/_next/static/chunks/5677-419b04fe742aa51a.js:0
[  366655ms] [LOG] [DEBUG-RESOLVER] attempt1 getVisualContentItem("J0fLpmJhG0KDN2tQouxh", 5) → FOUND @ https://out-run-app-git-worktree-streng-98e01f-davids-projects-0d6e1f97.vercel.app/_next/static/chunks/5677-419b04fe742aa51a.js:0
[  366655ms] [LOG] [VisualContentService] docToContent "J0fLpmJhG0KDN2tQouxh_7": {hasVideoVariantsField: true, hasVariantsField: false, rawType: array[0], parsedVariantsCount: 0, allTopLevelKeys: Array(14)} @ https://out-run-app-git-worktree-streng-98e01f-davids-projects-0d6e1f97.vercel.app/_next/static/chunks/5677-419b04fe742aa51a.js:0
[  366655ms] [LOG] [DEBUG-RESOLVER] attempt1 getVisualContentItem("J0fLpmJhG0KDN2tQouxh", 7) → FOUND @ https://out-run-app-git-worktree-streng-98e01f-davids-projects-0d6e1f97.vercel.app/_next/static/chunks/5677-419b04fe742aa51a.js:0
[  366655ms] [LOG] [VisualContentService] docToContent "J0fLpmJhG0KDN2tQouxh_7": {hasVideoVariantsField: true, hasVariantsField: false, rawType: array[0], parsedVariantsCount: 0, allTopLevelKeys: Array(14)} @ https://out-run-app-git-worktree-streng-98e01f-davids-projects-0d6e1f97.vercel.app/_next/static/chunks/5677-419b04fe742aa51a.js:0
[  366655ms] [LOG] [DEBUG-RESOLVER] attempt1 getVisualContentItem("J0fLpmJhG0KDN2tQouxh", 7) → FOUND @ https://out-run-app-git-worktree-streng-98e01f-davids-projects-0d6e1f97.vercel.app/_next/static/chunks/5677-419b04fe742aa51a.js:0
[  366856ms] [LOG] [ContentResolver] Level 5 — exercise video resolved: "שכיבות סמיכה" → https://vz-b17872ab-7a7.b-cdn.net/a2412dd0-5f79-418b-856b-db… @ https://out-run-app-git-worktree-streng-98e01f-davids-projects-0d6e1f97.vercel.app/_next/static/chunks/5677-419b04fe742aa51a.js:0
[  366856ms] [LOG] [ContentResolver] Level 7 — exercise video resolved: "ישיבת L ברכיים כפופות" → https://vz-b17872ab-7a7.b-cdn.net/d4e3274f-791d-4218-ba19-b1… @ https://out-run-app-git-worktree-streng-98e01f-davids-projects-0d6e1f97.vercel.app/_next/static/chunks/5677-419b04fe742aa51a.js:0
[  366856ms] [LOG] [ContentResolver] Level 7 — exercise video resolved: "ישיבת L ברכיים כפופות" → https://vz-b17872ab-7a7.b-cdn.net/d4e3274f-791d-4218-ba19-b1… @ https://out-run-app-git-worktree-streng-98e01f-davids-projects-0d6e1f97.vercel.app/_next/static/chunks/5677-419b04fe742aa51a.js:0
[  373192ms] [LOG] [DEBUG-RESOLVER] resolveContent("push", 9) → programId="J0fLpmJhG0KDN2tQouxh" @ https://out-run-app-git-worktree-streng-98e01f-davids-projects-0d6e1f97.vercel.app/_next/static/chunks/5677-419b04fe742aa51a.js:0
[  373402ms] [LOG] [VisualContentService] docToContent "J0fLpmJhG0KDN2tQouxh_9": {hasVideoVariantsField: true, hasVariantsField: false, rawType: array[0], parsedVariantsCount: 0, allTopLevelKeys: Array(14)} @ https://out-run-app-git-worktree-streng-98e01f-davids-projects-0d6e1f97.vercel.app/_next/static/chunks/5677-419b04fe742aa51a.js:0
[  373402ms] [LOG] [DEBUG-RESOLVER] attempt1 getVisualContentItem("J0fLpmJhG0KDN2tQouxh", 9) → FOUND @ https://out-run-app-git-worktree-streng-98e01f-davids-projects-0d6e1f97.vercel.app/_next/static/chunks/5677-419b04fe742aa51a.js:0
[  373607ms] [LOG] [ContentResolver] Level 9 — exercise video resolved: "מקבילים אקצנטרי" → https://vz-b17872ab-7a7.b-cdn.net/0cf4aa4f-997b-4ff6-8243-c5… @ https://out-run-app-git-worktree-streng-98e01f-davids-projects-0d6e1f97.vercel.app/_next/static/chunks/5677-419b04fe742aa51a.js:0
[  373607ms] [LOG] [DEBUG-RESOLVER] resolveContent("push", 8) → programId="J0fLpmJhG0KDN2tQouxh" @ https://out-run-app-git-worktree-streng-98e01f-davids-projects-0d6e1f97.vercel.app/_next/static/chunks/5677-419b04fe742aa51a.js:0
[  373607ms] [LOG] [DEBUG-RESOLVER] resolveContent("push", 10) → programId="J0fLpmJhG0KDN2tQouxh" @ https://out-run-app-git-worktree-streng-98e01f-davids-projects-0d6e1f97.vercel.app/_next/static/chunks/5677-419b04fe742aa51a.js:0
[  373607ms] [LOG] [DEBUG-RESOLVER] resolveContent("push", 10) → programId="J0fLpmJhG0KDN2tQouxh" @ https://out-run-app-git-worktree-streng-98e01f-davids-projects-0d6e1f97.vercel.app/_next/static/chunks/5677-419b04fe742aa51a.js:0
[  373797ms] [LOG] [VisualContentService] docToContent "J0fLpmJhG0KDN2tQouxh_8": {hasVideoVariantsField: true, hasVariantsField: false, rawType: array[0], parsedVariantsCount: 0, allTopLevelKeys: Array(14)} @ https://out-run-app-git-worktree-streng-98e01f-davids-projects-0d6e1f97.vercel.app/_next/static/chunks/5677-419b04fe742aa51a.js:0
[  373797ms] [LOG] [DEBUG-RESOLVER] attempt1 getVisualContentItem("J0fLpmJhG0KDN2tQouxh", 8) → FOUND @ https://out-run-app-git-worktree-streng-98e01f-davids-projects-0d6e1f97.vercel.app/_next/static/chunks/5677-419b04fe742aa51a.js:0
[  373797ms] [LOG] [VisualContentService] docToContent "J0fLpmJhG0KDN2tQouxh_10": {hasVideoVariantsField: true, hasVariantsField: false, rawType: array[0], parsedVariantsCount: 0, allTopLevelKeys: Array(14)} @ https://out-run-app-git-worktree-streng-98e01f-davids-projects-0d6e1f97.vercel.app/_next/static/chunks/5677-419b04fe742aa51a.js:0
[  373798ms] [LOG] [DEBUG-RESOLVER] attempt1 getVisualContentItem("J0fLpmJhG0KDN2tQouxh", 10) → FOUND @ https://out-run-app-git-worktree-streng-98e01f-davids-projects-0d6e1f97.vercel.app/_next/static/chunks/5677-419b04fe742aa51a.js:0
[  373798ms] [LOG] [VisualContentService] docToContent "J0fLpmJhG0KDN2tQouxh_10": {hasVideoVariantsField: true, hasVariantsField: false, rawType: array[0], parsedVariantsCount: 0, allTopLevelKeys: Array(14)} @ https://out-run-app-git-worktree-streng-98e01f-davids-projects-0d6e1f97.vercel.app/_next/static/chunks/5677-419b04fe742aa51a.js:0
[  373798ms] [LOG] [DEBUG-RESOLVER] attempt1 getVisualContentItem("J0fLpmJhG0KDN2tQouxh", 10) → FOUND @ https://out-run-app-git-worktree-streng-98e01f-davids-projects-0d6e1f97.vercel.app/_next/static/chunks/5677-419b04fe742aa51a.js:0
[  373991ms] [LOG] [ContentResolver] Level 8 — exercise video resolved: "מקבילים טווח עליון" → https://vz-b17872ab-7a7.b-cdn.net/dc6c422a-f1a6-498f-afd7-35… @ https://out-run-app-git-worktree-streng-98e01f-davids-projects-0d6e1f97.vercel.app/_next/static/chunks/5677-419b04fe742aa51a.js:0
[  373992ms] [LOG] [ContentResolver] Level 10 — exercise video resolved: "מקבילים" → https://vz-b17872ab-7a7.b-cdn.net/726dd77e-6f84-4862-a7ab-cd… @ https://out-run-app-git-worktree-streng-98e01f-davids-projects-0d6e1f97.vercel.app/_next/static/chunks/5677-419b04fe742aa51a.js:0
[  373992ms] [LOG] [ContentResolver] Level 10 — exercise video resolved: "מקבילים" → https://vz-b17872ab-7a7.b-cdn.net/726dd77e-6f84-4862-a7ab-cd… @ https://out-run-app-git-worktree-streng-98e01f-davids-projects-0d6e1f97.vercel.app/_next/static/chunks/5677-419b04fe742aa51a.js:0
[  379758ms] [LOG] [DEBUG-RESOLVER] resolveContent("push", 6) → programId="J0fLpmJhG0KDN2tQouxh" @ https://out-run-app-git-worktree-streng-98e01f-davids-projects-0d6e1f97.vercel.app/_next/static/chunks/5677-419b04fe742aa51a.js:0
[  379758ms] [LOG] [DEBUG-RESOLVER] resolveContent("push", 5) → programId="J0fLpmJhG0KDN2tQouxh" @ https://out-run-app-git-worktree-streng-98e01f-davids-projects-0d6e1f97.vercel.app/_next/static/chunks/5677-419b04fe742aa51a.js:0
[  379759ms] [LOG] [DEBUG-RESOLVER] resolveContent("push", 7) → programId="J0fLpmJhG0KDN2tQouxh" @ https://out-run-app-git-worktree-streng-98e01f-davids-projects-0d6e1f97.vercel.app/_next/static/chunks/5677-419b04fe742aa51a.js:0
[  379759ms] [LOG] [DEBUG-RESOLVER] resolveContent("push", 7) → programId="J0fLpmJhG0KDN2tQouxh" @ https://out-run-app-git-worktree-streng-98e01f-davids-projects-0d6e1f97.vercel.app/_next/static/chunks/5677-419b04fe742aa51a.js:0
[  404084ms] [LOG] [DEBUG-RESOLVER] resolveContent("push", 1) → programId="J0fLpmJhG0KDN2tQouxh" @ https://out-run-app-git-worktree-streng-98e01f-davids-projects-0d6e1f97.vercel.app/_next/static/chunks/5677-419b04fe742aa51a.js:0
[  404085ms] [LOG] [DEBUG-RESOLVER] resolveContent("push", 2) → programId="J0fLpmJhG0KDN2tQouxh" @ https://out-run-app-git-worktree-streng-98e01f-davids-projects-0d6e1f97.vercel.app/_next/static/chunks/5677-419b04fe742aa51a.js:0
[  404085ms] [LOG] [DEBUG-RESOLVER] resolveContent("push", 2) → programId="J0fLpmJhG0KDN2tQouxh" @ https://out-run-app-git-worktree-streng-98e01f-davids-projects-0d6e1f97.vercel.app/_next/static/chunks/5677-419b04fe742aa51a.js:0
[  455751ms] [LOG] [DEBUG-RESOLVER] resolveContent("push", 4) → programId="J0fLpmJhG0KDN2tQouxh" @ https://out-run-app-git-worktree-streng-98e01f-davids-projects-0d6e1f97.vercel.app/_next/static/chunks/5677-419b04fe742aa51a.js:0
[  455965ms] [LOG] [VisualContentService] docToContent "J0fLpmJhG0KDN2tQouxh_4": {hasVideoVariantsField: true, hasVariantsField: false, rawType: array[0], parsedVariantsCount: 0, allTopLevelKeys: Array(14)} @ https://out-run-app-git-worktree-streng-98e01f-davids-projects-0d6e1f97.vercel.app/_next/static/chunks/5677-419b04fe742aa51a.js:0
[  455965ms] [LOG] [DEBUG-RESOLVER] attempt1 getVisualContentItem("J0fLpmJhG0KDN2tQouxh", 4) → FOUND @ https://out-run-app-git-worktree-streng-98e01f-davids-projects-0d6e1f97.vercel.app/_next/static/chunks/5677-419b04fe742aa51a.js:0
[  456141ms] [LOG] [ContentResolver] Level 4 — exercise video resolved: "שכיבות סמיכה ברכיים" → https://vz-b17872ab-7a7.b-cdn.net/7413db0b-1702-4acd-8072-8a… @ https://out-run-app-git-worktree-streng-98e01f-davids-projects-0d6e1f97.vercel.app/_next/static/chunks/5677-419b04fe742aa51a.js:0
[  456141ms] [LOG] [DEBUG-RESOLVER] resolveContent("push", 3) → programId="J0fLpmJhG0KDN2tQouxh" @ https://out-run-app-git-worktree-streng-98e01f-davids-projects-0d6e1f97.vercel.app/_next/static/chunks/5677-419b04fe742aa51a.js:0
[  456142ms] [LOG] [DEBUG-RESOLVER] resolveContent("push", 5) → programId="J0fLpmJhG0KDN2tQouxh" @ https://out-run-app-git-worktree-streng-98e01f-davids-projects-0d6e1f97.vercel.app/_next/static/chunks/5677-419b04fe742aa51a.js:0
[  456142ms] [LOG] [DEBUG-RESOLVER] resolveContent("push", 5) → programId="J0fLpmJhG0KDN2tQouxh" @ https://out-run-app-git-worktree-streng-98e01f-davids-projects-0d6e1f97.vercel.app/_next/static/chunks/5677-419b04fe742aa51a.js:0
[  456339ms] [LOG] [VisualContentService] docToContent "J0fLpmJhG0KDN2tQouxh_3": {hasVideoVariantsField: true, hasVariantsField: false, rawType: array[0], parsedVariantsCount: 0, allTopLevelKeys: Array(14)} @ https://out-run-app-git-worktree-streng-98e01f-davids-projects-0d6e1f97.vercel.app/_next/static/chunks/5677-419b04fe742aa51a.js:0
[  456339ms] [LOG] [DEBUG-RESOLVER] attempt1 getVisualContentItem("J0fLpmJhG0KDN2tQouxh", 3) → FOUND @ https://out-run-app-git-worktree-streng-98e01f-davids-projects-0d6e1f97.vercel.app/_next/static/chunks/5677-419b04fe742aa51a.js:0
[  456538ms] [LOG] [ContentResolver] Level 3 — exercise video resolved: "פשיטת מרפקים על ספסל" → https://vz-b17872ab-7a7.b-cdn.net/baa1e44e-19ce-4939-bb77-20… @ https://out-run-app-git-worktree-streng-98e01f-davids-projects-0d6e1f97.vercel.app/_next/static/chunks/5677-419b04fe742aa51a.js:0
[  466069ms] [LOG] [DEBUG-RESOLVER] resolveContent("push", 6) → programId="J0fLpmJhG0KDN2tQouxh" @ https://out-run-app-git-worktree-streng-98e01f-davids-projects-0d6e1f97.vercel.app/_next/static/chunks/5677-419b04fe742aa51a.js:0
[  466070ms] [LOG] [DEBUG-RESOLVER] resolveContent("push", 5) → programId="J0fLpmJhG0KDN2tQouxh" @ https://out-run-app-git-worktree-streng-98e01f-davids-projects-0d6e1f97.vercel.app/_next/static/chunks/5677-419b04fe742aa51a.js:0
[  466070ms] [LOG] [DEBUG-RESOLVER] resolveContent("push", 7) → programId="J0fLpmJhG0KDN2tQouxh" @ https://out-run-app-git-worktree-streng-98e01f-davids-projects-0d6e1f97.vercel.app/_next/static/chunks/5677-419b04fe742aa51a.js:0
[  466070ms] [LOG] [DEBUG-RESOLVER] resolveContent("push", 7) → programId="J0fLpmJhG0KDN2tQouxh" @ https://out-run-app-git-worktree-streng-98e01f-davids-projects-0d6e1f97.vercel.app/_next/static/chunks/5677-419b04fe742aa51a.js:0
[  643878ms] [WARNING] [2026-09-23T19:24:39.393Z]  @firebase/auth: Auth (12.6.0): Error while retrieving App Check token: FirebaseError: AppCheck: ReCAPTCHA error. (appCheck/recaptcha-error). @ https://out-run-app-git-worktree-streng-98e01f-davids-projects-0d6e1f97.vercel.app/_next/static/chunks/2532-16f59635ee5a761a.js:14
