[     817ms] [WARNING] [2026-09-24T12:14:38.425Z]  @firebase/auth: Auth (12.6.0): Error while retrieving App Check token: FirebaseError: AppCheck: ReCAPTCHA error. (appCheck/recaptcha-error). @ https://out-run-app-git-worktree-streng-98e01f-davids-projects-0d6e1f97.vercel.app/_next/static/chunks/2532-16f59635ee5a761a.js:14
[    1226ms] [ERROR] Access to manifest at 'https://vercel.com/sso-api?url=https%3A%2F%2Fout-run-app-git-worktree-streng-98e01f-davids-projects-0d6e1f97.vercel.app%2Fmanifest.json&nonce=662ca4ba62a54ecdd2419d2caadf105be570d77667b3aadaab9d1a8c554f9e24' (redirected from 'https://out-run-app-git-worktree-streng-98e01f-davids-projects-0d6e1f97.vercel.app/manifest.json') from origin 'https://out-run-app-git-worktree-streng-98e01f-davids-projects-0d6e1f97.vercel.app' has been blocked by CORS policy: No 'Access-Control-Allow-Origin' header is present on the requested resource. @ https://out-run-app-git-worktree-streng-98e01f-davids-projects-0d6e1f97.vercel.app/onboarding-new/profile:0
[    1227ms] [ERROR] Failed to load resource: net::ERR_FAILED @ https://vercel.com/sso-api?url=https%3A%2F%2Fout-run-app-git-worktree-streng-98e01f-davids-projects-0d6e1f97.vercel.app%2Fmanifest.json&nonce=662ca4ba62a54ecdd2419d2caadf105be570d77667b3aadaab9d1a8c554f9e24:0
[   16472ms] [LOG] [DEBUG-RESOLVER] Incoming Category: muscle_up Resolved Candidate IDs: [muscle_up, fTLWzjP9gH2VNpamyCZF] @ https://out-run-app-git-worktree-streng-98e01f-davids-projects-0d6e1f97.vercel.app/_next/static/chunks/2390-dc57abc8d12f6b2f.js:0
[   16654ms] [LOG] [DEBUG-RESOLVER] loadCategoryMap built: {human_flag: EtY8YCol0qpF6DzgcTx1, push: J0fLpmJhG0KDN2tQouxh, core: kDMpobbKsuVTByTIKUpe, pull: UPDBtTdCvX748dtBlWYj, one_arm_pullup: cC0BOmm6KIqYAyQynEIo} @ https://out-run-app-git-worktree-streng-98e01f-davids-projects-0d6e1f97.vercel.app/_next/static/chunks/2390-dc57abc8d12f6b2f.js:0
[   16654ms] [LOG] [DEBUG-RESOLVER] Incoming Category: front_lever Resolved Candidate IDs: [front_lever, mFcuYlNgKXLqWVUFo0zt] @ https://out-run-app-git-worktree-streng-98e01f-davids-projects-0d6e1f97.vercel.app/_next/static/chunks/2390-dc57abc8d12f6b2f.js:0
[   16654ms] [LOG] [DEBUG-RESOLVER] loadCategoryMap built: {human_flag: EtY8YCol0qpF6DzgcTx1, push: J0fLpmJhG0KDN2tQouxh, core: kDMpobbKsuVTByTIKUpe, pull: UPDBtTdCvX748dtBlWYj, one_arm_pullup: cC0BOmm6KIqYAyQynEIo} @ https://out-run-app-git-worktree-streng-98e01f-davids-projects-0d6e1f97.vercel.app/_next/static/chunks/2390-dc57abc8d12f6b2f.js:0
[   16654ms] [LOG] [DEBUG-RESOLVER] Incoming Category: planche Resolved Candidate IDs: [planche, pCI5NHXpowu2ySucqDn8] @ https://out-run-app-git-worktree-streng-98e01f-davids-projects-0d6e1f97.vercel.app/_next/static/chunks/2390-dc57abc8d12f6b2f.js:0
[   16655ms] [LOG] [DEBUG-RESOLVER] loadCategoryMap built: {human_flag: EtY8YCol0qpF6DzgcTx1, push: J0fLpmJhG0KDN2tQouxh, core: kDMpobbKsuVTByTIKUpe, pull: UPDBtTdCvX748dtBlWYj, one_arm_pullup: cC0BOmm6KIqYAyQynEIo} @ https://out-run-app-git-worktree-streng-98e01f-davids-projects-0d6e1f97.vercel.app/_next/static/chunks/2390-dc57abc8d12f6b2f.js:0
[   16655ms] [LOG] [DEBUG-RESOLVER] Incoming Category: handstand Resolved Candidate IDs: [handstand, IOfBZFeorTTDkcz3tOA6] @ https://out-run-app-git-worktree-streng-98e01f-davids-projects-0d6e1f97.vercel.app/_next/static/chunks/2390-dc57abc8d12f6b2f.js:0
[   16655ms] [LOG] [DEBUG-RESOLVER] loadCategoryMap built: {human_flag: EtY8YCol0qpF6DzgcTx1, push: J0fLpmJhG0KDN2tQouxh, core: kDMpobbKsuVTByTIKUpe, pull: UPDBtTdCvX748dtBlWYj, one_arm_pullup: cC0BOmm6KIqYAyQynEIo} @ https://out-run-app-git-worktree-streng-98e01f-davids-projects-0d6e1f97.vercel.app/_next/static/chunks/2390-dc57abc8d12f6b2f.js:0
[   16655ms] [LOG] [DEBUG-RESOLVER] Incoming Category: hspu Resolved Candidate IDs: [hspu, PAxprHuT7HjqrWU4wl0T] @ https://out-run-app-git-worktree-streng-98e01f-davids-projects-0d6e1f97.vercel.app/_next/static/chunks/2390-dc57abc8d12f6b2f.js:0
[   16655ms] [LOG] [DEBUG-RESOLVER] loadCategoryMap built: {human_flag: EtY8YCol0qpF6DzgcTx1, push: J0fLpmJhG0KDN2tQouxh, core: kDMpobbKsuVTByTIKUpe, pull: UPDBtTdCvX748dtBlWYj, one_arm_pullup: cC0BOmm6KIqYAyQynEIo} @ https://out-run-app-git-worktree-streng-98e01f-davids-projects-0d6e1f97.vercel.app/_next/static/chunks/2390-dc57abc8d12f6b2f.js:0
[   16655ms] [LOG] [DEBUG-RESOLVER] Incoming Category: one_arm_pullup Resolved Candidate IDs: [one_arm_pullup, cC0BOmm6KIqYAyQynEIo] @ https://out-run-app-git-worktree-streng-98e01f-davids-projects-0d6e1f97.vercel.app/_next/static/chunks/2390-dc57abc8d12f6b2f.js:0
[   16656ms] [LOG] [DEBUG-FIRESTORE] Querying IDs: [muscle_up, fTLWzjP9gH2VNpamyCZF] Snapshot size returned: 0 @ https://out-run-app-git-worktree-streng-98e01f-davids-projects-0d6e1f97.vercel.app/_next/static/chunks/2390-dc57abc8d12f6b2f.js:0
[   16656ms] [LOG] [DEBUG-FIRESTORE] showInOnboarding=true levels: [] (0 total) @ https://out-run-app-git-worktree-streng-98e01f-davids-projects-0d6e1f97.vercel.app/_next/static/chunks/2390-dc57abc8d12f6b2f.js:0
[   16656ms] [LOG] [DEBUG-RESOLVER] Final onboarding levels for "muscle_up": [] (0 total) @ https://out-run-app-git-worktree-streng-98e01f-davids-projects-0d6e1f97.vercel.app/_next/static/chunks/2390-dc57abc8d12f6b2f.js:0
[   16935ms] [LOG] [DEBUG-FIRESTORE] Querying IDs: [front_lever, mFcuYlNgKXLqWVUFo0zt] Snapshot size returned: 15 @ https://out-run-app-git-worktree-streng-98e01f-davids-projects-0d6e1f97.vercel.app/_next/static/chunks/2390-dc57abc8d12f6b2f.js:0
[   16935ms] [LOG] [DEBUG-FIRESTORE] showInOnboarding=true levels: [1, 3, 5, 7, 9, 11, 13] (7 total) @ https://out-run-app-git-worktree-streng-98e01f-davids-projects-0d6e1f97.vercel.app/_next/static/chunks/2390-dc57abc8d12f6b2f.js:0
[   16935ms] [LOG] [DEBUG-RESOLVER] Final onboarding levels for "front_lever": [1, 3, 5, 7, 9, 11, 13] (7 total) @ https://out-run-app-git-worktree-streng-98e01f-davids-projects-0d6e1f97.vercel.app/_next/static/chunks/2390-dc57abc8d12f6b2f.js:0
[   16935ms] [LOG] [DEBUG-FIRESTORE] Querying IDs: [planche, pCI5NHXpowu2ySucqDn8] Snapshot size returned: 15 @ https://out-run-app-git-worktree-streng-98e01f-davids-projects-0d6e1f97.vercel.app/_next/static/chunks/2390-dc57abc8d12f6b2f.js:0
[   16935ms] [LOG] [DEBUG-FIRESTORE] showInOnboarding=true levels: [1, 3, 5, 7, 10, 12, 13, 14, 15] (9 total) @ https://out-run-app-git-worktree-streng-98e01f-davids-projects-0d6e1f97.vercel.app/_next/static/chunks/2390-dc57abc8d12f6b2f.js:0
[   16935ms] [LOG] [DEBUG-RESOLVER] Final onboarding levels for "planche": [1, 3, 5, 7, 10, 12, 13, 14, 15] (9 total) @ https://out-run-app-git-worktree-streng-98e01f-davids-projects-0d6e1f97.vercel.app/_next/static/chunks/2390-dc57abc8d12f6b2f.js:0
[   16935ms] [LOG] [DEBUG-FIRESTORE] Querying IDs: [handstand, IOfBZFeorTTDkcz3tOA6] Snapshot size returned: 15 @ https://out-run-app-git-worktree-streng-98e01f-davids-projects-0d6e1f97.vercel.app/_next/static/chunks/2390-dc57abc8d12f6b2f.js:0
[   16936ms] [LOG] [DEBUG-FIRESTORE] showInOnboarding=true levels: [] (0 total) @ https://out-run-app-git-worktree-streng-98e01f-davids-projects-0d6e1f97.vercel.app/_next/static/chunks/2390-dc57abc8d12f6b2f.js:0
[   16936ms] [LOG] [DEBUG-RESOLVER] Final onboarding levels for "handstand": [] (0 total) @ https://out-run-app-git-worktree-streng-98e01f-davids-projects-0d6e1f97.vercel.app/_next/static/chunks/2390-dc57abc8d12f6b2f.js:0
[   16936ms] [LOG] [DEBUG-FIRESTORE] Querying IDs: [hspu, PAxprHuT7HjqrWU4wl0T] Snapshot size returned: 15 @ https://out-run-app-git-worktree-streng-98e01f-davids-projects-0d6e1f97.vercel.app/_next/static/chunks/2390-dc57abc8d12f6b2f.js:0
[   16936ms] [LOG] [DEBUG-FIRESTORE] showInOnboarding=true levels: [1, 3, 6, 8, 9, 10, 11, 12, 13, 14, 15] (11 total) @ https://out-run-app-git-worktree-streng-98e01f-davids-projects-0d6e1f97.vercel.app/_next/static/chunks/2390-dc57abc8d12f6b2f.js:0
[   16936ms] [LOG] [DEBUG-RESOLVER] Final onboarding levels for "hspu": [1, 3, 6, 8, 9, 10, 11, 12, 13, 14, 15] (11 total) @ https://out-run-app-git-worktree-streng-98e01f-davids-projects-0d6e1f97.vercel.app/_next/static/chunks/2390-dc57abc8d12f6b2f.js:0
[   17010ms] [LOG] [DEBUG-FIRESTORE] Querying IDs: [one_arm_pullup, cC0BOmm6KIqYAyQynEIo] Snapshot size returned: 15 @ https://out-run-app-git-worktree-streng-98e01f-davids-projects-0d6e1f97.vercel.app/_next/static/chunks/2390-dc57abc8d12f6b2f.js:0
[   17010ms] [LOG] [DEBUG-FIRESTORE] showInOnboarding=true levels: [1, 4, 6, 7, 8, 10, 11, 13] (8 total) @ https://out-run-app-git-worktree-streng-98e01f-davids-projects-0d6e1f97.vercel.app/_next/static/chunks/2390-dc57abc8d12f6b2f.js:0
[   17010ms] [LOG] [DEBUG-RESOLVER] Final onboarding levels for "one_arm_pullup": [1, 4, 6, 7, 8, 10, 11, 13] (8 total) @ https://out-run-app-git-worktree-streng-98e01f-davids-projects-0d6e1f97.vercel.app/_next/static/chunks/2390-dc57abc8d12f6b2f.js:0
[   47126ms] [LOG] [DEBUG-PAGE] pathConfig.path: skills | categories passed to VisualSlider: [front_lever, core] | skipTier: true @ https://out-run-app-git-worktree-streng-98e01f-davids-projects-0d6e1f97.vercel.app/_next/static/chunks/app/onboarding-new/assessment-visual/page-b2b81a08950c73dd.js:0
[   47275ms] [LOG] [DEBUG-RESOLVER] loadCategoryMap built: {human_flag: EtY8YCol0qpF6DzgcTx1, push: J0fLpmJhG0KDN2tQouxh, core: kDMpobbKsuVTByTIKUpe, pull: UPDBtTdCvX748dtBlWYj, one_arm_pullup: cC0BOmm6KIqYAyQynEIo} @ https://out-run-app-git-worktree-streng-98e01f-davids-projects-0d6e1f97.vercel.app/_next/static/chunks/2390-dc57abc8d12f6b2f.js:0
[   47275ms] [LOG] [DEBUG-RESOLVER] Incoming Category: front_lever Resolved Candidate IDs: [front_lever, mFcuYlNgKXLqWVUFo0zt] @ https://out-run-app-git-worktree-streng-98e01f-davids-projects-0d6e1f97.vercel.app/_next/static/chunks/2390-dc57abc8d12f6b2f.js:0
[   47276ms] [LOG] [DEBUG-RESOLVER] loadCategoryMap built: {human_flag: EtY8YCol0qpF6DzgcTx1, push: J0fLpmJhG0KDN2tQouxh, core: kDMpobbKsuVTByTIKUpe, pull: UPDBtTdCvX748dtBlWYj, one_arm_pullup: cC0BOmm6KIqYAyQynEIo} @ https://out-run-app-git-worktree-streng-98e01f-davids-projects-0d6e1f97.vercel.app/_next/static/chunks/2390-dc57abc8d12f6b2f.js:0
[   47276ms] [LOG] [DEBUG-RESOLVER] Incoming Category: core Resolved Candidate IDs: [core, kDMpobbKsuVTByTIKUpe] @ https://out-run-app-git-worktree-streng-98e01f-davids-projects-0d6e1f97.vercel.app/_next/static/chunks/2390-dc57abc8d12f6b2f.js:0
[   47419ms] [LOG] [DEBUG-FIRESTORE] Querying IDs: [front_lever, mFcuYlNgKXLqWVUFo0zt] Snapshot size returned: 15 @ https://out-run-app-git-worktree-streng-98e01f-davids-projects-0d6e1f97.vercel.app/_next/static/chunks/2390-dc57abc8d12f6b2f.js:0
[   47419ms] [LOG] [DEBUG-FIRESTORE] showInOnboarding=true levels: [1, 3, 5, 7, 9, 11, 13] (7 total) @ https://out-run-app-git-worktree-streng-98e01f-davids-projects-0d6e1f97.vercel.app/_next/static/chunks/2390-dc57abc8d12f6b2f.js:0
[   47419ms] [LOG] [DEBUG-RESOLVER] Final onboarding levels for "front_lever": [1, 3, 5, 7, 9, 11, 13] (7 total) @ https://out-run-app-git-worktree-streng-98e01f-davids-projects-0d6e1f97.vercel.app/_next/static/chunks/2390-dc57abc8d12f6b2f.js:0
[   47419ms] [LOG] [DEBUG-RESOLVER] resolveContent("front_lever", 1) → programId="mFcuYlNgKXLqWVUFo0zt" @ https://out-run-app-git-worktree-streng-98e01f-davids-projects-0d6e1f97.vercel.app/_next/static/chunks/2390-dc57abc8d12f6b2f.js:0
[   47419ms] [LOG] [DEBUG-RESOLVER] resolveContent("front_lever", 3) → programId="mFcuYlNgKXLqWVUFo0zt" @ https://out-run-app-git-worktree-streng-98e01f-davids-projects-0d6e1f97.vercel.app/_next/static/chunks/2390-dc57abc8d12f6b2f.js:0
[   47419ms] [LOG] [DEBUG-PAGE] pathConfig.path: skills | categories passed to VisualSlider: [front_lever, core] | skipTier: true @ https://out-run-app-git-worktree-streng-98e01f-davids-projects-0d6e1f97.vercel.app/_next/static/chunks/app/onboarding-new/assessment-visual/page-b2b81a08950c73dd.js:0
[   47420ms] [LOG] [DEBUG-RESOLVER] Incoming Category: front_lever Resolved Candidate IDs: [front_lever, mFcuYlNgKXLqWVUFo0zt] @ https://out-run-app-git-worktree-streng-98e01f-davids-projects-0d6e1f97.vercel.app/_next/static/chunks/2390-dc57abc8d12f6b2f.js:0
[   47420ms] [LOG] [DEBUG-RESOLVER] Incoming Category: core Resolved Candidate IDs: [core, kDMpobbKsuVTByTIKUpe] @ https://out-run-app-git-worktree-streng-98e01f-davids-projects-0d6e1f97.vercel.app/_next/static/chunks/2390-dc57abc8d12f6b2f.js:0
[   47429ms] [LOG] [DEBUG-FIRESTORE] Querying IDs: [core, kDMpobbKsuVTByTIKUpe] Snapshot size returned: 20 @ https://out-run-app-git-worktree-streng-98e01f-davids-projects-0d6e1f97.vercel.app/_next/static/chunks/2390-dc57abc8d12f6b2f.js:0
[   47429ms] [LOG] [DEBUG-FIRESTORE] showInOnboarding=true levels: [1, 3, 5, 7, 8, 10, 11, 14] (8 total) @ https://out-run-app-git-worktree-streng-98e01f-davids-projects-0d6e1f97.vercel.app/_next/static/chunks/2390-dc57abc8d12f6b2f.js:0
[   47429ms] [LOG] [DEBUG-RESOLVER] Final onboarding levels for "core": [1, 3, 5, 7, 8, 10, 11, 14] (8 total) @ https://out-run-app-git-worktree-streng-98e01f-davids-projects-0d6e1f97.vercel.app/_next/static/chunks/2390-dc57abc8d12f6b2f.js:0
[   47429ms] [LOG] [DEBUG-RESOLVER] resolveContent("core", 1) → programId="kDMpobbKsuVTByTIKUpe" @ https://out-run-app-git-worktree-streng-98e01f-davids-projects-0d6e1f97.vercel.app/_next/static/chunks/2390-dc57abc8d12f6b2f.js:0
[   47429ms] [LOG] [DEBUG-RESOLVER] resolveContent("core", 3) → programId="kDMpobbKsuVTByTIKUpe" @ https://out-run-app-git-worktree-streng-98e01f-davids-projects-0d6e1f97.vercel.app/_next/static/chunks/2390-dc57abc8d12f6b2f.js:0
[   47429ms] [LOG] [DEBUG-FIRESTORE] Querying IDs: [core, kDMpobbKsuVTByTIKUpe] Snapshot size returned: 20 @ https://out-run-app-git-worktree-streng-98e01f-davids-projects-0d6e1f97.vercel.app/_next/static/chunks/2390-dc57abc8d12f6b2f.js:0
[   47429ms] [LOG] [DEBUG-FIRESTORE] showInOnboarding=true levels: [1, 3, 5, 7, 8, 10, 11, 14] (8 total) @ https://out-run-app-git-worktree-streng-98e01f-davids-projects-0d6e1f97.vercel.app/_next/static/chunks/2390-dc57abc8d12f6b2f.js:0
[   47429ms] [LOG] [DEBUG-RESOLVER] Final onboarding levels for "core": [1, 3, 5, 7, 8, 10, 11, 14] (8 total) @ https://out-run-app-git-worktree-streng-98e01f-davids-projects-0d6e1f97.vercel.app/_next/static/chunks/2390-dc57abc8d12f6b2f.js:0
[   47429ms] [LOG] [DEBUG-RESOLVER] resolveContent("core", 1) → programId="kDMpobbKsuVTByTIKUpe" @ https://out-run-app-git-worktree-streng-98e01f-davids-projects-0d6e1f97.vercel.app/_next/static/chunks/2390-dc57abc8d12f6b2f.js:0
[   47429ms] [LOG] [DEBUG-RESOLVER] resolveContent("core", 3) → programId="kDMpobbKsuVTByTIKUpe" @ https://out-run-app-git-worktree-streng-98e01f-davids-projects-0d6e1f97.vercel.app/_next/static/chunks/2390-dc57abc8d12f6b2f.js:0
[   47564ms] [LOG] [VisualContentService] docToContent "mFcuYlNgKXLqWVUFo0zt_1": {hasVideoVariantsField: true, hasVariantsField: false, rawType: array[0], parsedVariantsCount: 0, allTopLevelKeys: Array(14)} @ https://out-run-app-git-worktree-streng-98e01f-davids-projects-0d6e1f97.vercel.app/_next/static/chunks/2390-dc57abc8d12f6b2f.js:0
[   47564ms] [LOG] [DEBUG-RESOLVER] attempt1 getVisualContentItem("mFcuYlNgKXLqWVUFo0zt", 1) → FOUND @ https://out-run-app-git-worktree-streng-98e01f-davids-projects-0d6e1f97.vercel.app/_next/static/chunks/2390-dc57abc8d12f6b2f.js:0
[   47565ms] [LOG] [VisualContentService] docToContent "mFcuYlNgKXLqWVUFo0zt_3": {hasVideoVariantsField: true, hasVariantsField: false, rawType: array[0], parsedVariantsCount: 0, allTopLevelKeys: Array(14)} @ https://out-run-app-git-worktree-streng-98e01f-davids-projects-0d6e1f97.vercel.app/_next/static/chunks/2390-dc57abc8d12f6b2f.js:0
[   47565ms] [LOG] [DEBUG-RESOLVER] attempt1 getVisualContentItem("mFcuYlNgKXLqWVUFo0zt", 3) → FOUND @ https://out-run-app-git-worktree-streng-98e01f-davids-projects-0d6e1f97.vercel.app/_next/static/chunks/2390-dc57abc8d12f6b2f.js:0
[   47565ms] [LOG] [DEBUG-FIRESTORE] Querying IDs: [front_lever, mFcuYlNgKXLqWVUFo0zt] Snapshot size returned: 15 @ https://out-run-app-git-worktree-streng-98e01f-davids-projects-0d6e1f97.vercel.app/_next/static/chunks/2390-dc57abc8d12f6b2f.js:0
[   47565ms] [LOG] [DEBUG-FIRESTORE] showInOnboarding=true levels: [1, 3, 5, 7, 9, 11, 13] (7 total) @ https://out-run-app-git-worktree-streng-98e01f-davids-projects-0d6e1f97.vercel.app/_next/static/chunks/2390-dc57abc8d12f6b2f.js:0
[   47565ms] [LOG] [DEBUG-RESOLVER] Final onboarding levels for "front_lever": [1, 3, 5, 7, 9, 11, 13] (7 total) @ https://out-run-app-git-worktree-streng-98e01f-davids-projects-0d6e1f97.vercel.app/_next/static/chunks/2390-dc57abc8d12f6b2f.js:0
[   47565ms] [LOG] [DEBUG-RESOLVER] resolveContent("front_lever", 1) → programId="mFcuYlNgKXLqWVUFo0zt" @ https://out-run-app-git-worktree-streng-98e01f-davids-projects-0d6e1f97.vercel.app/_next/static/chunks/2390-dc57abc8d12f6b2f.js:0
[   47565ms] [LOG] [DEBUG-RESOLVER] resolveContent("front_lever", 3) → programId="mFcuYlNgKXLqWVUFo0zt" @ https://out-run-app-git-worktree-streng-98e01f-davids-projects-0d6e1f97.vercel.app/_next/static/chunks/2390-dc57abc8d12f6b2f.js:0
[   47565ms] [LOG] [VisualContentService] docToContent "kDMpobbKsuVTByTIKUpe_1": {hasVideoVariantsField: true, hasVariantsField: false, rawType: array[0], parsedVariantsCount: 0, allTopLevelKeys: Array(14)} @ https://out-run-app-git-worktree-streng-98e01f-davids-projects-0d6e1f97.vercel.app/_next/static/chunks/2390-dc57abc8d12f6b2f.js:0
[   47565ms] [LOG] [DEBUG-RESOLVER] attempt1 getVisualContentItem("kDMpobbKsuVTByTIKUpe", 1) → FOUND @ https://out-run-app-git-worktree-streng-98e01f-davids-projects-0d6e1f97.vercel.app/_next/static/chunks/2390-dc57abc8d12f6b2f.js:0
[   47565ms] [LOG] [VisualContentService] docToContent "kDMpobbKsuVTByTIKUpe_1": {hasVideoVariantsField: true, hasVariantsField: false, rawType: array[0], parsedVariantsCount: 0, allTopLevelKeys: Array(14)} @ https://out-run-app-git-worktree-streng-98e01f-davids-projects-0d6e1f97.vercel.app/_next/static/chunks/2390-dc57abc8d12f6b2f.js:0
[   47565ms] [LOG] [DEBUG-RESOLVER] attempt1 getVisualContentItem("kDMpobbKsuVTByTIKUpe", 1) → FOUND @ https://out-run-app-git-worktree-streng-98e01f-davids-projects-0d6e1f97.vercel.app/_next/static/chunks/2390-dc57abc8d12f6b2f.js:0
[   47565ms] [LOG] [VisualContentService] docToContent "kDMpobbKsuVTByTIKUpe_3": {hasVideoVariantsField: true, hasVariantsField: false, rawType: array[0], parsedVariantsCount: 0, allTopLevelKeys: Array(14)} @ https://out-run-app-git-worktree-streng-98e01f-davids-projects-0d6e1f97.vercel.app/_next/static/chunks/2390-dc57abc8d12f6b2f.js:0
[   47565ms] [LOG] [DEBUG-RESOLVER] attempt1 getVisualContentItem("kDMpobbKsuVTByTIKUpe", 3) → FOUND @ https://out-run-app-git-worktree-streng-98e01f-davids-projects-0d6e1f97.vercel.app/_next/static/chunks/2390-dc57abc8d12f6b2f.js:0
[   47565ms] [LOG] [VisualContentService] docToContent "kDMpobbKsuVTByTIKUpe_3": {hasVideoVariantsField: true, hasVariantsField: false, rawType: array[0], parsedVariantsCount: 0, allTopLevelKeys: Array(14)} @ https://out-run-app-git-worktree-streng-98e01f-davids-projects-0d6e1f97.vercel.app/_next/static/chunks/2390-dc57abc8d12f6b2f.js:0
[   47565ms] [LOG] [DEBUG-RESOLVER] attempt1 getVisualContentItem("kDMpobbKsuVTByTIKUpe", 3) → FOUND @ https://out-run-app-git-worktree-streng-98e01f-davids-projects-0d6e1f97.vercel.app/_next/static/chunks/2390-dc57abc8d12f6b2f.js:0
[   47717ms] [LOG] [ContentResolver] Level 1 — exercise video resolved: "מתח סופינציה" → https://vz-b17872ab-7a7.b-cdn.net/6f2db76f-5634-4fe6-bfa8-b1… @ https://out-run-app-git-worktree-streng-98e01f-davids-projects-0d6e1f97.vercel.app/_next/static/chunks/2390-dc57abc8d12f6b2f.js:0
[   47718ms] [LOG] [ContentResolver] Level 3 — exercise video resolved: "מתח רחב" → https://vz-b17872ab-7a7.b-cdn.net/b94feac8-97fa-407e-844e-cc… @ https://out-run-app-git-worktree-streng-98e01f-davids-projects-0d6e1f97.vercel.app/_next/static/chunks/2390-dc57abc8d12f6b2f.js:0
[   47719ms] [LOG] [VisualContentService] docToContent "mFcuYlNgKXLqWVUFo0zt_1": {hasVideoVariantsField: true, hasVariantsField: false, rawType: array[0], parsedVariantsCount: 0, allTopLevelKeys: Array(14)} @ https://out-run-app-git-worktree-streng-98e01f-davids-projects-0d6e1f97.vercel.app/_next/static/chunks/2390-dc57abc8d12f6b2f.js:0
[   47719ms] [LOG] [DEBUG-RESOLVER] attempt1 getVisualContentItem("mFcuYlNgKXLqWVUFo0zt", 1) → FOUND @ https://out-run-app-git-worktree-streng-98e01f-davids-projects-0d6e1f97.vercel.app/_next/static/chunks/2390-dc57abc8d12f6b2f.js:0
[   47719ms] [LOG] [VisualContentService] docToContent "mFcuYlNgKXLqWVUFo0zt_3": {hasVideoVariantsField: true, hasVariantsField: false, rawType: array[0], parsedVariantsCount: 0, allTopLevelKeys: Array(14)} @ https://out-run-app-git-worktree-streng-98e01f-davids-projects-0d6e1f97.vercel.app/_next/static/chunks/2390-dc57abc8d12f6b2f.js:0
[   47719ms] [LOG] [DEBUG-RESOLVER] attempt1 getVisualContentItem("mFcuYlNgKXLqWVUFo0zt", 3) → FOUND @ https://out-run-app-git-worktree-streng-98e01f-davids-projects-0d6e1f97.vercel.app/_next/static/chunks/2390-dc57abc8d12f6b2f.js:0
[   47719ms] [LOG] [ContentResolver] Level 1 — exercise video resolved: "פלאנק על הברכיים" → https://vz-b17872ab-7a7.b-cdn.net/3011b6ff-f251-4c7b-81f4-e2… @ https://out-run-app-git-worktree-streng-98e01f-davids-projects-0d6e1f97.vercel.app/_next/static/chunks/2390-dc57abc8d12f6b2f.js:0
[   47719ms] [LOG] [ContentResolver] Level 1 — exercise video resolved: "פלאנק על הברכיים" → https://vz-b17872ab-7a7.b-cdn.net/3011b6ff-f251-4c7b-81f4-e2… @ https://out-run-app-git-worktree-streng-98e01f-davids-projects-0d6e1f97.vercel.app/_next/static/chunks/2390-dc57abc8d12f6b2f.js:0
[   47719ms] [LOG] [ContentResolver] Level 3 — exercise video resolved: "פלאנק עליות ונגיעות בכתפיים" → https://vz-b17872ab-7a7.b-cdn.net/4d5bc37c-3994-4574-ace7-12… @ https://out-run-app-git-worktree-streng-98e01f-davids-projects-0d6e1f97.vercel.app/_next/static/chunks/2390-dc57abc8d12f6b2f.js:0
[   47719ms] [LOG] [ContentResolver] Level 3 — exercise video resolved: "פלאנק עליות ונגיעות בכתפיים" → https://vz-b17872ab-7a7.b-cdn.net/4d5bc37c-3994-4574-ace7-12… @ https://out-run-app-git-worktree-streng-98e01f-davids-projects-0d6e1f97.vercel.app/_next/static/chunks/2390-dc57abc8d12f6b2f.js:0
[   47816ms] [LOG] [ContentResolver] Level 1 — exercise video resolved: "מתח סופינציה" → https://vz-b17872ab-7a7.b-cdn.net/6f2db76f-5634-4fe6-bfa8-b1… @ https://out-run-app-git-worktree-streng-98e01f-davids-projects-0d6e1f97.vercel.app/_next/static/chunks/2390-dc57abc8d12f6b2f.js:0
[   47824ms] [LOG] [ContentResolver] Level 3 — exercise video resolved: "מתח רחב" → https://vz-b17872ab-7a7.b-cdn.net/b94feac8-97fa-407e-844e-cc… @ https://out-run-app-git-worktree-streng-98e01f-davids-projects-0d6e1f97.vercel.app/_next/static/chunks/2390-dc57abc8d12f6b2f.js:0
[   60211ms] [LOG] [DEBUG-RESOLVER] Incoming Category: front_lever Resolved Candidate IDs: [front_lever, mFcuYlNgKXLqWVUFo0zt] @ https://out-run-app-git-worktree-streng-98e01f-davids-projects-0d6e1f97.vercel.app/_next/static/chunks/2390-dc57abc8d12f6b2f.js:0
[   60344ms] [LOG] [DEBUG-FIRESTORE] Querying IDs: [front_lever, mFcuYlNgKXLqWVUFo0zt] Snapshot size returned: 15 @ https://out-run-app-git-worktree-streng-98e01f-davids-projects-0d6e1f97.vercel.app/_next/static/chunks/2390-dc57abc8d12f6b2f.js:0
[   60344ms] [LOG] [DEBUG-FIRESTORE] showInOnboarding=true levels: [1, 3, 5, 7, 9, 11, 13] (7 total) @ https://out-run-app-git-worktree-streng-98e01f-davids-projects-0d6e1f97.vercel.app/_next/static/chunks/2390-dc57abc8d12f6b2f.js:0
[   60344ms] [LOG] [DEBUG-RESOLVER] Final onboarding levels for "front_lever": [1, 3, 5, 7, 9, 11, 13] (7 total) @ https://out-run-app-git-worktree-streng-98e01f-davids-projects-0d6e1f97.vercel.app/_next/static/chunks/2390-dc57abc8d12f6b2f.js:0
[   60346ms] [LOG] [DEBUG-RESOLVER] resolveContent("front_lever", 1) → programId="mFcuYlNgKXLqWVUFo0zt" @ https://out-run-app-git-worktree-streng-98e01f-davids-projects-0d6e1f97.vercel.app/_next/static/chunks/2390-dc57abc8d12f6b2f.js:0
[   60346ms] [LOG] [DEBUG-RESOLVER] resolveContent("front_lever", 3) → programId="mFcuYlNgKXLqWVUFo0zt" @ https://out-run-app-git-worktree-streng-98e01f-davids-projects-0d6e1f97.vercel.app/_next/static/chunks/2390-dc57abc8d12f6b2f.js:0
[   60346ms] [LOG] [DEBUG-RESOLVER] resolveContent("front_lever", 5) → programId="mFcuYlNgKXLqWVUFo0zt" @ https://out-run-app-git-worktree-streng-98e01f-davids-projects-0d6e1f97.vercel.app/_next/static/chunks/2390-dc57abc8d12f6b2f.js:0
[   60346ms] [LOG] [DEBUG-RESOLVER] resolveContent("front_lever", 7) → programId="mFcuYlNgKXLqWVUFo0zt" @ https://out-run-app-git-worktree-streng-98e01f-davids-projects-0d6e1f97.vercel.app/_next/static/chunks/2390-dc57abc8d12f6b2f.js:0
[   60346ms] [LOG] [DEBUG-RESOLVER] resolveContent("front_lever", 9) → programId="mFcuYlNgKXLqWVUFo0zt" @ https://out-run-app-git-worktree-streng-98e01f-davids-projects-0d6e1f97.vercel.app/_next/static/chunks/2390-dc57abc8d12f6b2f.js:0
[   60347ms] [LOG] [DEBUG-RESOLVER] resolveContent("front_lever", 11) → programId="mFcuYlNgKXLqWVUFo0zt" @ https://out-run-app-git-worktree-streng-98e01f-davids-projects-0d6e1f97.vercel.app/_next/static/chunks/2390-dc57abc8d12f6b2f.js:0
[   60347ms] [LOG] [DEBUG-RESOLVER] resolveContent("front_lever", 13) → programId="mFcuYlNgKXLqWVUFo0zt" @ https://out-run-app-git-worktree-streng-98e01f-davids-projects-0d6e1f97.vercel.app/_next/static/chunks/2390-dc57abc8d12f6b2f.js:0
[   60347ms] [LOG] [DEBUG-RESOLVER] resolveContent("front_lever", 1) → programId="mFcuYlNgKXLqWVUFo0zt" @ https://out-run-app-git-worktree-streng-98e01f-davids-projects-0d6e1f97.vercel.app/_next/static/chunks/2390-dc57abc8d12f6b2f.js:0
[   60347ms] [LOG] [DEBUG-RESOLVER] resolveContent("front_lever", 2) → programId="mFcuYlNgKXLqWVUFo0zt" @ https://out-run-app-git-worktree-streng-98e01f-davids-projects-0d6e1f97.vercel.app/_next/static/chunks/2390-dc57abc8d12f6b2f.js:0
[   60347ms] [LOG] [DEBUG-RESOLVER] resolveContent("front_lever", 2) → programId="mFcuYlNgKXLqWVUFo0zt" @ https://out-run-app-git-worktree-streng-98e01f-davids-projects-0d6e1f97.vercel.app/_next/static/chunks/2390-dc57abc8d12f6b2f.js:0
[   60486ms] [LOG] [VisualContentService] docToContent "mFcuYlNgKXLqWVUFo0zt_5": {hasVideoVariantsField: true, hasVariantsField: false, rawType: array[0], parsedVariantsCount: 0, allTopLevelKeys: Array(14)} @ https://out-run-app-git-worktree-streng-98e01f-davids-projects-0d6e1f97.vercel.app/_next/static/chunks/2390-dc57abc8d12f6b2f.js:0
[   60486ms] [LOG] [DEBUG-RESOLVER] attempt1 getVisualContentItem("mFcuYlNgKXLqWVUFo0zt", 5) → FOUND @ https://out-run-app-git-worktree-streng-98e01f-davids-projects-0d6e1f97.vercel.app/_next/static/chunks/2390-dc57abc8d12f6b2f.js:0
[   60486ms] [LOG] [VisualContentService] docToContent "mFcuYlNgKXLqWVUFo0zt_7": {hasVideoVariantsField: true, hasVariantsField: false, rawType: array[0], parsedVariantsCount: 0, allTopLevelKeys: Array(14)} @ https://out-run-app-git-worktree-streng-98e01f-davids-projects-0d6e1f97.vercel.app/_next/static/chunks/2390-dc57abc8d12f6b2f.js:0
[   60486ms] [LOG] [DEBUG-RESOLVER] attempt1 getVisualContentItem("mFcuYlNgKXLqWVUFo0zt", 7) → FOUND @ https://out-run-app-git-worktree-streng-98e01f-davids-projects-0d6e1f97.vercel.app/_next/static/chunks/2390-dc57abc8d12f6b2f.js:0
[   60486ms] [LOG] [VisualContentService] docToContent "mFcuYlNgKXLqWVUFo0zt_9": {hasVideoVariantsField: true, hasVariantsField: false, rawType: array[0], parsedVariantsCount: 0, allTopLevelKeys: Array(14)} @ https://out-run-app-git-worktree-streng-98e01f-davids-projects-0d6e1f97.vercel.app/_next/static/chunks/2390-dc57abc8d12f6b2f.js:0
[   60486ms] [LOG] [DEBUG-RESOLVER] attempt1 getVisualContentItem("mFcuYlNgKXLqWVUFo0zt", 9) → FOUND @ https://out-run-app-git-worktree-streng-98e01f-davids-projects-0d6e1f97.vercel.app/_next/static/chunks/2390-dc57abc8d12f6b2f.js:0
[   60486ms] [LOG] [VisualContentService] docToContent "mFcuYlNgKXLqWVUFo0zt_11": {hasVideoVariantsField: true, hasVariantsField: false, rawType: array[0], parsedVariantsCount: 0, allTopLevelKeys: Array(14)} @ https://out-run-app-git-worktree-streng-98e01f-davids-projects-0d6e1f97.vercel.app/_next/static/chunks/2390-dc57abc8d12f6b2f.js:0
[   60486ms] [LOG] [DEBUG-RESOLVER] attempt1 getVisualContentItem("mFcuYlNgKXLqWVUFo0zt", 11) → FOUND @ https://out-run-app-git-worktree-streng-98e01f-davids-projects-0d6e1f97.vercel.app/_next/static/chunks/2390-dc57abc8d12f6b2f.js:0
[   60487ms] [LOG] [VisualContentService] docToContent "mFcuYlNgKXLqWVUFo0zt_13": {hasVideoVariantsField: true, hasVariantsField: false, rawType: array[0], parsedVariantsCount: 0, allTopLevelKeys: Array(14)} @ https://out-run-app-git-worktree-streng-98e01f-davids-projects-0d6e1f97.vercel.app/_next/static/chunks/2390-dc57abc8d12f6b2f.js:0
[   60487ms] [LOG] [DEBUG-RESOLVER] attempt1 getVisualContentItem("mFcuYlNgKXLqWVUFo0zt", 13) → FOUND @ https://out-run-app-git-worktree-streng-98e01f-davids-projects-0d6e1f97.vercel.app/_next/static/chunks/2390-dc57abc8d12f6b2f.js:0
[   60487ms] [LOG] [VisualContentService] docToContent "mFcuYlNgKXLqWVUFo0zt_2": {hasVideoVariantsField: true, hasVariantsField: false, rawType: array[0], parsedVariantsCount: 0, allTopLevelKeys: Array(14)} @ https://out-run-app-git-worktree-streng-98e01f-davids-projects-0d6e1f97.vercel.app/_next/static/chunks/2390-dc57abc8d12f6b2f.js:0
[   60487ms] [LOG] [DEBUG-RESOLVER] attempt1 getVisualContentItem("mFcuYlNgKXLqWVUFo0zt", 2) → FOUND @ https://out-run-app-git-worktree-streng-98e01f-davids-projects-0d6e1f97.vercel.app/_next/static/chunks/2390-dc57abc8d12f6b2f.js:0
[   60487ms] [LOG] [VisualContentService] docToContent "mFcuYlNgKXLqWVUFo0zt_2": {hasVideoVariantsField: true, hasVariantsField: false, rawType: array[0], parsedVariantsCount: 0, allTopLevelKeys: Array(14)} @ https://out-run-app-git-worktree-streng-98e01f-davids-projects-0d6e1f97.vercel.app/_next/static/chunks/2390-dc57abc8d12f6b2f.js:0
[   60487ms] [LOG] [DEBUG-RESOLVER] attempt1 getVisualContentItem("mFcuYlNgKXLqWVUFo0zt", 2) → FOUND @ https://out-run-app-git-worktree-streng-98e01f-davids-projects-0d6e1f97.vercel.app/_next/static/chunks/2390-dc57abc8d12f6b2f.js:0
[   60624ms] [LOG] [ContentResolver] Level 5 — exercise video resolved: "פרונט לבר בטאק" → https://vz-b17872ab-7a7.b-cdn.net/4492d3f7-76b8-4f6c-8bdd-e1… @ https://out-run-app-git-worktree-streng-98e01f-davids-projects-0d6e1f97.vercel.app/_next/static/chunks/2390-dc57abc8d12f6b2f.js:0
[   60624ms] [LOG] [ContentResolver] Level 7 — exercise video resolved: "פרונט לבר בטאק מתקדם" → https://vz-b17872ab-7a7.b-cdn.net/6991a593-e8da-4380-a1e1-ab… @ https://out-run-app-git-worktree-streng-98e01f-davids-projects-0d6e1f97.vercel.app/_next/static/chunks/2390-dc57abc8d12f6b2f.js:0
[   60624ms] [LOG] [ContentResolver] Level 9 — exercise video resolved: "פרונט לבר יהלום" → https://vz-b17872ab-7a7.b-cdn.net/672db07c-e6e2-4024-bbd7-ea… @ https://out-run-app-git-worktree-streng-98e01f-davids-projects-0d6e1f97.vercel.app/_next/static/chunks/2390-dc57abc8d12f6b2f.js:0
[   60624ms] [LOG] [ContentResolver] Level 11 — exercise video resolved: "פרונט לבר בפישוק" → https://vz-b17872ab-7a7.b-cdn.net/ba8207a0-78fa-49b6-bf30-f0… @ https://out-run-app-git-worktree-streng-98e01f-davids-projects-0d6e1f97.vercel.app/_next/static/chunks/2390-dc57abc8d12f6b2f.js:0
[   60625ms] [LOG] [ContentResolver] Level 13 — exercise video resolved: "פרונט לבר מלא" → https://vz-b17872ab-7a7.b-cdn.net/a0eec03c-558d-4346-99a7-6c… @ https://out-run-app-git-worktree-streng-98e01f-davids-projects-0d6e1f97.vercel.app/_next/static/chunks/2390-dc57abc8d12f6b2f.js:0
[   60666ms] [LOG] [ContentResolver] Level 2 — exercise video resolved: "מתח קומנדו" → https://vz-b17872ab-7a7.b-cdn.net/fc8e9782-ed5b-4047-9ac2-1f… @ https://out-run-app-git-worktree-streng-98e01f-davids-projects-0d6e1f97.vercel.app/_next/static/chunks/2390-dc57abc8d12f6b2f.js:0
[   60666ms] [LOG] [ContentResolver] Level 2 — exercise video resolved: "מתח קומנדו" → https://vz-b17872ab-7a7.b-cdn.net/fc8e9782-ed5b-4047-9ac2-1f… @ https://out-run-app-git-worktree-streng-98e01f-davids-projects-0d6e1f97.vercel.app/_next/static/chunks/2390-dc57abc8d12f6b2f.js:0
[  112619ms] [LOG] [DEBUG-PAGE] pathConfig.path: skills | categories passed to VisualSlider: [front_lever, core] | skipTier: true @ https://out-run-app-git-worktree-streng-98e01f-davids-projects-0d6e1f97.vercel.app/_next/static/chunks/app/onboarding-new/assessment-visual/page-b2b81a08950c73dd.js:0
[  112827ms] [WARNING] [2026-09-24T12:16:30.436Z]  @firebase/auth: Auth (12.6.0): Error while retrieving App Check token: FirebaseError: AppCheck: ReCAPTCHA error. (appCheck/recaptcha-error). @ https://out-run-app-git-worktree-streng-98e01f-davids-projects-0d6e1f97.vercel.app/_next/static/chunks/2532-16f59635ee5a761a.js:14
[  113113ms] [ERROR] Access to manifest at 'https://vercel.com/sso-api?url=https%3A%2F%2Fout-run-app-git-worktree-streng-98e01f-davids-projects-0d6e1f97.vercel.app%2Fmanifest.json&nonce=321f53ef07c8ed3ec72363a25dc9181722ac2c5170e29e7db07e122f41567afe' (redirected from 'https://out-run-app-git-worktree-streng-98e01f-davids-projects-0d6e1f97.vercel.app/manifest.json') from origin 'https://out-run-app-git-worktree-streng-98e01f-davids-projects-0d6e1f97.vercel.app' has been blocked by CORS policy: No 'Access-Control-Allow-Origin' header is present on the requested resource. @ https://out-run-app-git-worktree-streng-98e01f-davids-projects-0d6e1f97.vercel.app/onboarding-new/assessment-visual:0
[  113114ms] [ERROR] Failed to load resource: net::ERR_FAILED @ https://vercel.com/sso-api?url=https%3A%2F%2Fout-run-app-git-worktree-streng-98e01f-davids-projects-0d6e1f97.vercel.app%2Fmanifest.json&nonce=321f53ef07c8ed3ec72363a25dc9181722ac2c5170e29e7db07e122f41567afe:0
[  113302ms] [LOG] [DEBUG-RESOLVER] loadCategoryMap built: {human_flag: EtY8YCol0qpF6DzgcTx1, push: J0fLpmJhG0KDN2tQouxh, core: kDMpobbKsuVTByTIKUpe, pull: UPDBtTdCvX748dtBlWYj, one_arm_pullup: cC0BOmm6KIqYAyQynEIo} @ https://out-run-app-git-worktree-streng-98e01f-davids-projects-0d6e1f97.vercel.app/_next/static/chunks/2390-dc57abc8d12f6b2f.js:0
[  113302ms] [LOG] [DEBUG-RESOLVER] Incoming Category: front_lever Resolved Candidate IDs: [front_lever, mFcuYlNgKXLqWVUFo0zt] @ https://out-run-app-git-worktree-streng-98e01f-davids-projects-0d6e1f97.vercel.app/_next/static/chunks/2390-dc57abc8d12f6b2f.js:0
[  113303ms] [LOG] [DEBUG-RESOLVER] loadCategoryMap built: {human_flag: EtY8YCol0qpF6DzgcTx1, push: J0fLpmJhG0KDN2tQouxh, core: kDMpobbKsuVTByTIKUpe, pull: UPDBtTdCvX748dtBlWYj, one_arm_pullup: cC0BOmm6KIqYAyQynEIo} @ https://out-run-app-git-worktree-streng-98e01f-davids-projects-0d6e1f97.vercel.app/_next/static/chunks/2390-dc57abc8d12f6b2f.js:0
[  113303ms] [LOG] [DEBUG-RESOLVER] Incoming Category: core Resolved Candidate IDs: [core, kDMpobbKsuVTByTIKUpe] @ https://out-run-app-git-worktree-streng-98e01f-davids-projects-0d6e1f97.vercel.app/_next/static/chunks/2390-dc57abc8d12f6b2f.js:0
[  113439ms] [LOG] [DEBUG-PAGE] pathConfig.path: skills | categories passed to VisualSlider: [front_lever, core] | skipTier: true @ https://out-run-app-git-worktree-streng-98e01f-davids-projects-0d6e1f97.vercel.app/_next/static/chunks/app/onboarding-new/assessment-visual/page-b2b81a08950c73dd.js:0
[  113439ms] [LOG] [DEBUG-RESOLVER] Incoming Category: front_lever Resolved Candidate IDs: [front_lever, mFcuYlNgKXLqWVUFo0zt] @ https://out-run-app-git-worktree-streng-98e01f-davids-projects-0d6e1f97.vercel.app/_next/static/chunks/2390-dc57abc8d12f6b2f.js:0
[  113439ms] [LOG] [DEBUG-RESOLVER] Incoming Category: core Resolved Candidate IDs: [core, kDMpobbKsuVTByTIKUpe] @ https://out-run-app-git-worktree-streng-98e01f-davids-projects-0d6e1f97.vercel.app/_next/static/chunks/2390-dc57abc8d12f6b2f.js:0
[  113496ms] [LOG] [DEBUG-FIRESTORE] Querying IDs: [front_lever, mFcuYlNgKXLqWVUFo0zt] Snapshot size returned: 15 @ https://out-run-app-git-worktree-streng-98e01f-davids-projects-0d6e1f97.vercel.app/_next/static/chunks/2390-dc57abc8d12f6b2f.js:0
[  113496ms] [LOG] [DEBUG-FIRESTORE] showInOnboarding=true levels: [1, 3, 5, 7, 9, 11, 13] (7 total) @ https://out-run-app-git-worktree-streng-98e01f-davids-projects-0d6e1f97.vercel.app/_next/static/chunks/2390-dc57abc8d12f6b2f.js:0
[  113496ms] [LOG] [DEBUG-RESOLVER] Final onboarding levels for "front_lever": [1, 3, 5, 7, 9, 11, 13] (7 total) @ https://out-run-app-git-worktree-streng-98e01f-davids-projects-0d6e1f97.vercel.app/_next/static/chunks/2390-dc57abc8d12f6b2f.js:0
[  113496ms] [LOG] [DEBUG-RESOLVER] resolveContent("front_lever", 1) → programId="mFcuYlNgKXLqWVUFo0zt" @ https://out-run-app-git-worktree-streng-98e01f-davids-projects-0d6e1f97.vercel.app/_next/static/chunks/2390-dc57abc8d12f6b2f.js:0
[  113496ms] [LOG] [DEBUG-RESOLVER] resolveContent("front_lever", 3) → programId="mFcuYlNgKXLqWVUFo0zt" @ https://out-run-app-git-worktree-streng-98e01f-davids-projects-0d6e1f97.vercel.app/_next/static/chunks/2390-dc57abc8d12f6b2f.js:0
[  113496ms] [LOG] [DEBUG-FIRESTORE] Querying IDs: [front_lever, mFcuYlNgKXLqWVUFo0zt] Snapshot size returned: 15 @ https://out-run-app-git-worktree-streng-98e01f-davids-projects-0d6e1f97.vercel.app/_next/static/chunks/2390-dc57abc8d12f6b2f.js:0
[  113496ms] [LOG] [DEBUG-FIRESTORE] showInOnboarding=true levels: [1, 3, 5, 7, 9, 11, 13] (7 total) @ https://out-run-app-git-worktree-streng-98e01f-davids-projects-0d6e1f97.vercel.app/_next/static/chunks/2390-dc57abc8d12f6b2f.js:0
[  113496ms] [LOG] [DEBUG-RESOLVER] Final onboarding levels for "front_lever": [1, 3, 5, 7, 9, 11, 13] (7 total) @ https://out-run-app-git-worktree-streng-98e01f-davids-projects-0d6e1f97.vercel.app/_next/static/chunks/2390-dc57abc8d12f6b2f.js:0
[  113496ms] [LOG] [DEBUG-RESOLVER] resolveContent("front_lever", 1) → programId="mFcuYlNgKXLqWVUFo0zt" @ https://out-run-app-git-worktree-streng-98e01f-davids-projects-0d6e1f97.vercel.app/_next/static/chunks/2390-dc57abc8d12f6b2f.js:0
[  113496ms] [LOG] [DEBUG-RESOLVER] resolveContent("front_lever", 3) → programId="mFcuYlNgKXLqWVUFo0zt" @ https://out-run-app-git-worktree-streng-98e01f-davids-projects-0d6e1f97.vercel.app/_next/static/chunks/2390-dc57abc8d12f6b2f.js:0
[  113497ms] [LOG] [DEBUG-FIRESTORE] Querying IDs: [core, kDMpobbKsuVTByTIKUpe] Snapshot size returned: 20 @ https://out-run-app-git-worktree-streng-98e01f-davids-projects-0d6e1f97.vercel.app/_next/static/chunks/2390-dc57abc8d12f6b2f.js:0
[  113497ms] [LOG] [DEBUG-FIRESTORE] showInOnboarding=true levels: [1, 3, 5, 7, 8, 10, 11, 14] (8 total) @ https://out-run-app-git-worktree-streng-98e01f-davids-projects-0d6e1f97.vercel.app/_next/static/chunks/2390-dc57abc8d12f6b2f.js:0
[  113497ms] [LOG] [DEBUG-RESOLVER] Final onboarding levels for "core": [1, 3, 5, 7, 8, 10, 11, 14] (8 total) @ https://out-run-app-git-worktree-streng-98e01f-davids-projects-0d6e1f97.vercel.app/_next/static/chunks/2390-dc57abc8d12f6b2f.js:0
[  113497ms] [LOG] [DEBUG-RESOLVER] resolveContent("core", 1) → programId="kDMpobbKsuVTByTIKUpe" @ https://out-run-app-git-worktree-streng-98e01f-davids-projects-0d6e1f97.vercel.app/_next/static/chunks/2390-dc57abc8d12f6b2f.js:0
[  113497ms] [LOG] [DEBUG-RESOLVER] resolveContent("core", 3) → programId="kDMpobbKsuVTByTIKUpe" @ https://out-run-app-git-worktree-streng-98e01f-davids-projects-0d6e1f97.vercel.app/_next/static/chunks/2390-dc57abc8d12f6b2f.js:0
[  113497ms] [LOG] [DEBUG-FIRESTORE] Querying IDs: [core, kDMpobbKsuVTByTIKUpe] Snapshot size returned: 20 @ https://out-run-app-git-worktree-streng-98e01f-davids-projects-0d6e1f97.vercel.app/_next/static/chunks/2390-dc57abc8d12f6b2f.js:0
[  113497ms] [LOG] [DEBUG-FIRESTORE] showInOnboarding=true levels: [1, 3, 5, 7, 8, 10, 11, 14] (8 total) @ https://out-run-app-git-worktree-streng-98e01f-davids-projects-0d6e1f97.vercel.app/_next/static/chunks/2390-dc57abc8d12f6b2f.js:0
[  113497ms] [LOG] [DEBUG-RESOLVER] Final onboarding levels for "core": [1, 3, 5, 7, 8, 10, 11, 14] (8 total) @ https://out-run-app-git-worktree-streng-98e01f-davids-projects-0d6e1f97.vercel.app/_next/static/chunks/2390-dc57abc8d12f6b2f.js:0
[  113497ms] [LOG] [DEBUG-RESOLVER] resolveContent("core", 1) → programId="kDMpobbKsuVTByTIKUpe" @ https://out-run-app-git-worktree-streng-98e01f-davids-projects-0d6e1f97.vercel.app/_next/static/chunks/2390-dc57abc8d12f6b2f.js:0
[  113497ms] [LOG] [DEBUG-RESOLVER] resolveContent("core", 3) → programId="kDMpobbKsuVTByTIKUpe" @ https://out-run-app-git-worktree-streng-98e01f-davids-projects-0d6e1f97.vercel.app/_next/static/chunks/2390-dc57abc8d12f6b2f.js:0
[  113630ms] [LOG] [VisualContentService] docToContent "mFcuYlNgKXLqWVUFo0zt_1": {hasVideoVariantsField: true, hasVariantsField: false, rawType: array[0], parsedVariantsCount: 0, allTopLevelKeys: Array(14)} @ https://out-run-app-git-worktree-streng-98e01f-davids-projects-0d6e1f97.vercel.app/_next/static/chunks/2390-dc57abc8d12f6b2f.js:0
[  113631ms] [LOG] [DEBUG-RESOLVER] attempt1 getVisualContentItem("mFcuYlNgKXLqWVUFo0zt", 1) → FOUND @ https://out-run-app-git-worktree-streng-98e01f-davids-projects-0d6e1f97.vercel.app/_next/static/chunks/2390-dc57abc8d12f6b2f.js:0
[  113631ms] [LOG] [VisualContentService] docToContent "mFcuYlNgKXLqWVUFo0zt_1": {hasVideoVariantsField: true, hasVariantsField: false, rawType: array[0], parsedVariantsCount: 0, allTopLevelKeys: Array(14)} @ https://out-run-app-git-worktree-streng-98e01f-davids-projects-0d6e1f97.vercel.app/_next/static/chunks/2390-dc57abc8d12f6b2f.js:0
[  113631ms] [LOG] [DEBUG-RESOLVER] attempt1 getVisualContentItem("mFcuYlNgKXLqWVUFo0zt", 1) → FOUND @ https://out-run-app-git-worktree-streng-98e01f-davids-projects-0d6e1f97.vercel.app/_next/static/chunks/2390-dc57abc8d12f6b2f.js:0
[  113631ms] [LOG] [VisualContentService] docToContent "mFcuYlNgKXLqWVUFo0zt_3": {hasVideoVariantsField: true, hasVariantsField: false, rawType: array[0], parsedVariantsCount: 0, allTopLevelKeys: Array(14)} @ https://out-run-app-git-worktree-streng-98e01f-davids-projects-0d6e1f97.vercel.app/_next/static/chunks/2390-dc57abc8d12f6b2f.js:0
[  113631ms] [LOG] [DEBUG-RESOLVER] attempt1 getVisualContentItem("mFcuYlNgKXLqWVUFo0zt", 3) → FOUND @ https://out-run-app-git-worktree-streng-98e01f-davids-projects-0d6e1f97.vercel.app/_next/static/chunks/2390-dc57abc8d12f6b2f.js:0
[  113631ms] [LOG] [VisualContentService] docToContent "mFcuYlNgKXLqWVUFo0zt_3": {hasVideoVariantsField: true, hasVariantsField: false, rawType: array[0], parsedVariantsCount: 0, allTopLevelKeys: Array(14)} @ https://out-run-app-git-worktree-streng-98e01f-davids-projects-0d6e1f97.vercel.app/_next/static/chunks/2390-dc57abc8d12f6b2f.js:0
[  113631ms] [LOG] [DEBUG-RESOLVER] attempt1 getVisualContentItem("mFcuYlNgKXLqWVUFo0zt", 3) → FOUND @ https://out-run-app-git-worktree-streng-98e01f-davids-projects-0d6e1f97.vercel.app/_next/static/chunks/2390-dc57abc8d12f6b2f.js:0
[  113631ms] [LOG] [VisualContentService] docToContent "kDMpobbKsuVTByTIKUpe_1": {hasVideoVariantsField: true, hasVariantsField: false, rawType: array[0], parsedVariantsCount: 0, allTopLevelKeys: Array(14)} @ https://out-run-app-git-worktree-streng-98e01f-davids-projects-0d6e1f97.vercel.app/_next/static/chunks/2390-dc57abc8d12f6b2f.js:0
[  113631ms] [LOG] [DEBUG-RESOLVER] attempt1 getVisualContentItem("kDMpobbKsuVTByTIKUpe", 1) → FOUND @ https://out-run-app-git-worktree-streng-98e01f-davids-projects-0d6e1f97.vercel.app/_next/static/chunks/2390-dc57abc8d12f6b2f.js:0
[  113631ms] [LOG] [VisualContentService] docToContent "kDMpobbKsuVTByTIKUpe_1": {hasVideoVariantsField: true, hasVariantsField: false, rawType: array[0], parsedVariantsCount: 0, allTopLevelKeys: Array(14)} @ https://out-run-app-git-worktree-streng-98e01f-davids-projects-0d6e1f97.vercel.app/_next/static/chunks/2390-dc57abc8d12f6b2f.js:0
[  113631ms] [LOG] [DEBUG-RESOLVER] attempt1 getVisualContentItem("kDMpobbKsuVTByTIKUpe", 1) → FOUND @ https://out-run-app-git-worktree-streng-98e01f-davids-projects-0d6e1f97.vercel.app/_next/static/chunks/2390-dc57abc8d12f6b2f.js:0
[  113631ms] [LOG] [VisualContentService] docToContent "kDMpobbKsuVTByTIKUpe_3": {hasVideoVariantsField: true, hasVariantsField: false, rawType: array[0], parsedVariantsCount: 0, allTopLevelKeys: Array(14)} @ https://out-run-app-git-worktree-streng-98e01f-davids-projects-0d6e1f97.vercel.app/_next/static/chunks/2390-dc57abc8d12f6b2f.js:0
[  113631ms] [LOG] [DEBUG-RESOLVER] attempt1 getVisualContentItem("kDMpobbKsuVTByTIKUpe", 3) → FOUND @ https://out-run-app-git-worktree-streng-98e01f-davids-projects-0d6e1f97.vercel.app/_next/static/chunks/2390-dc57abc8d12f6b2f.js:0
[  113631ms] [LOG] [VisualContentService] docToContent "kDMpobbKsuVTByTIKUpe_3": {hasVideoVariantsField: true, hasVariantsField: false, rawType: array[0], parsedVariantsCount: 0, allTopLevelKeys: Array(14)} @ https://out-run-app-git-worktree-streng-98e01f-davids-projects-0d6e1f97.vercel.app/_next/static/chunks/2390-dc57abc8d12f6b2f.js:0
[  113631ms] [LOG] [DEBUG-RESOLVER] attempt1 getVisualContentItem("kDMpobbKsuVTByTIKUpe", 3) → FOUND @ https://out-run-app-git-worktree-streng-98e01f-davids-projects-0d6e1f97.vercel.app/_next/static/chunks/2390-dc57abc8d12f6b2f.js:0
[  113803ms] [LOG] [ContentResolver] Level 1 — exercise video resolved: "מתח סופינציה" → https://vz-b17872ab-7a7.b-cdn.net/6f2db76f-5634-4fe6-bfa8-b1… @ https://out-run-app-git-worktree-streng-98e01f-davids-projects-0d6e1f97.vercel.app/_next/static/chunks/2390-dc57abc8d12f6b2f.js:0
[  113803ms] [LOG] [ContentResolver] Level 1 — exercise video resolved: "מתח סופינציה" → https://vz-b17872ab-7a7.b-cdn.net/6f2db76f-5634-4fe6-bfa8-b1… @ https://out-run-app-git-worktree-streng-98e01f-davids-projects-0d6e1f97.vercel.app/_next/static/chunks/2390-dc57abc8d12f6b2f.js:0
[  113804ms] [LOG] [ContentResolver] Level 3 — exercise video resolved: "מתח רחב" → https://vz-b17872ab-7a7.b-cdn.net/b94feac8-97fa-407e-844e-cc… @ https://out-run-app-git-worktree-streng-98e01f-davids-projects-0d6e1f97.vercel.app/_next/static/chunks/2390-dc57abc8d12f6b2f.js:0
[  113805ms] [LOG] [ContentResolver] Level 3 — exercise video resolved: "מתח רחב" → https://vz-b17872ab-7a7.b-cdn.net/b94feac8-97fa-407e-844e-cc… @ https://out-run-app-git-worktree-streng-98e01f-davids-projects-0d6e1f97.vercel.app/_next/static/chunks/2390-dc57abc8d12f6b2f.js:0
[  113805ms] [LOG] [ContentResolver] Level 1 — exercise video resolved: "פלאנק על הברכיים" → https://vz-b17872ab-7a7.b-cdn.net/3011b6ff-f251-4c7b-81f4-e2… @ https://out-run-app-git-worktree-streng-98e01f-davids-projects-0d6e1f97.vercel.app/_next/static/chunks/2390-dc57abc8d12f6b2f.js:0
[  113806ms] [LOG] [ContentResolver] Level 1 — exercise video resolved: "פלאנק על הברכיים" → https://vz-b17872ab-7a7.b-cdn.net/3011b6ff-f251-4c7b-81f4-e2… @ https://out-run-app-git-worktree-streng-98e01f-davids-projects-0d6e1f97.vercel.app/_next/static/chunks/2390-dc57abc8d12f6b2f.js:0
[  113806ms] [LOG] [ContentResolver] Level 3 — exercise video resolved: "פלאנק עליות ונגיעות בכתפיים" → https://vz-b17872ab-7a7.b-cdn.net/4d5bc37c-3994-4574-ace7-12… @ https://out-run-app-git-worktree-streng-98e01f-davids-projects-0d6e1f97.vercel.app/_next/static/chunks/2390-dc57abc8d12f6b2f.js:0
[  113806ms] [LOG] [ContentResolver] Level 3 — exercise video resolved: "פלאנק עליות ונגיעות בכתפיים" → https://vz-b17872ab-7a7.b-cdn.net/4d5bc37c-3994-4574-ace7-12… @ https://out-run-app-git-worktree-streng-98e01f-davids-projects-0d6e1f97.vercel.app/_next/static/chunks/2390-dc57abc8d12f6b2f.js:0
[  120813ms] [LOG] [DEBUG-RESOLVER] Incoming Category: front_lever Resolved Candidate IDs: [front_lever, mFcuYlNgKXLqWVUFo0zt] @ https://out-run-app-git-worktree-streng-98e01f-davids-projects-0d6e1f97.vercel.app/_next/static/chunks/2390-dc57abc8d12f6b2f.js:0
[  120978ms] [LOG] [DEBUG-FIRESTORE] Querying IDs: [front_lever, mFcuYlNgKXLqWVUFo0zt] Snapshot size returned: 15 @ https://out-run-app-git-worktree-streng-98e01f-davids-projects-0d6e1f97.vercel.app/_next/static/chunks/2390-dc57abc8d12f6b2f.js:0
[  120978ms] [LOG] [DEBUG-FIRESTORE] showInOnboarding=true levels: [1, 3, 5, 7, 9, 11, 13] (7 total) @ https://out-run-app-git-worktree-streng-98e01f-davids-projects-0d6e1f97.vercel.app/_next/static/chunks/2390-dc57abc8d12f6b2f.js:0
[  120978ms] [LOG] [DEBUG-RESOLVER] Final onboarding levels for "front_lever": [1, 3, 5, 7, 9, 11, 13] (7 total) @ https://out-run-app-git-worktree-streng-98e01f-davids-projects-0d6e1f97.vercel.app/_next/static/chunks/2390-dc57abc8d12f6b2f.js:0
[  120984ms] [LOG] [DEBUG-RESOLVER] resolveContent("front_lever", 1) → programId="mFcuYlNgKXLqWVUFo0zt" @ https://out-run-app-git-worktree-streng-98e01f-davids-projects-0d6e1f97.vercel.app/_next/static/chunks/2390-dc57abc8d12f6b2f.js:0
[  120984ms] [LOG] [DEBUG-RESOLVER] resolveContent("front_lever", 3) → programId="mFcuYlNgKXLqWVUFo0zt" @ https://out-run-app-git-worktree-streng-98e01f-davids-projects-0d6e1f97.vercel.app/_next/static/chunks/2390-dc57abc8d12f6b2f.js:0
[  120984ms] [LOG] [DEBUG-RESOLVER] resolveContent("front_lever", 5) → programId="mFcuYlNgKXLqWVUFo0zt" @ https://out-run-app-git-worktree-streng-98e01f-davids-projects-0d6e1f97.vercel.app/_next/static/chunks/2390-dc57abc8d12f6b2f.js:0
[  120984ms] [LOG] [DEBUG-RESOLVER] resolveContent("front_lever", 7) → programId="mFcuYlNgKXLqWVUFo0zt" @ https://out-run-app-git-worktree-streng-98e01f-davids-projects-0d6e1f97.vercel.app/_next/static/chunks/2390-dc57abc8d12f6b2f.js:0
[  120984ms] [LOG] [DEBUG-RESOLVER] resolveContent("front_lever", 9) → programId="mFcuYlNgKXLqWVUFo0zt" @ https://out-run-app-git-worktree-streng-98e01f-davids-projects-0d6e1f97.vercel.app/_next/static/chunks/2390-dc57abc8d12f6b2f.js:0
[  120984ms] [LOG] [DEBUG-RESOLVER] resolveContent("front_lever", 11) → programId="mFcuYlNgKXLqWVUFo0zt" @ https://out-run-app-git-worktree-streng-98e01f-davids-projects-0d6e1f97.vercel.app/_next/static/chunks/2390-dc57abc8d12f6b2f.js:0
[  120984ms] [LOG] [DEBUG-RESOLVER] resolveContent("front_lever", 13) → programId="mFcuYlNgKXLqWVUFo0zt" @ https://out-run-app-git-worktree-streng-98e01f-davids-projects-0d6e1f97.vercel.app/_next/static/chunks/2390-dc57abc8d12f6b2f.js:0
[  120985ms] [LOG] [DEBUG-RESOLVER] resolveContent("front_lever", 1) → programId="mFcuYlNgKXLqWVUFo0zt" @ https://out-run-app-git-worktree-streng-98e01f-davids-projects-0d6e1f97.vercel.app/_next/static/chunks/2390-dc57abc8d12f6b2f.js:0
[  120985ms] [LOG] [DEBUG-RESOLVER] resolveContent("front_lever", 2) → programId="mFcuYlNgKXLqWVUFo0zt" @ https://out-run-app-git-worktree-streng-98e01f-davids-projects-0d6e1f97.vercel.app/_next/static/chunks/2390-dc57abc8d12f6b2f.js:0
[  120985ms] [LOG] [DEBUG-RESOLVER] resolveContent("front_lever", 2) → programId="mFcuYlNgKXLqWVUFo0zt" @ https://out-run-app-git-worktree-streng-98e01f-davids-projects-0d6e1f97.vercel.app/_next/static/chunks/2390-dc57abc8d12f6b2f.js:0
[  121145ms] [LOG] [VisualContentService] docToContent "mFcuYlNgKXLqWVUFo0zt_5": {hasVideoVariantsField: true, hasVariantsField: false, rawType: array[0], parsedVariantsCount: 0, allTopLevelKeys: Array(14)} @ https://out-run-app-git-worktree-streng-98e01f-davids-projects-0d6e1f97.vercel.app/_next/static/chunks/2390-dc57abc8d12f6b2f.js:0
[  121145ms] [LOG] [DEBUG-RESOLVER] attempt1 getVisualContentItem("mFcuYlNgKXLqWVUFo0zt", 5) → FOUND @ https://out-run-app-git-worktree-streng-98e01f-davids-projects-0d6e1f97.vercel.app/_next/static/chunks/2390-dc57abc8d12f6b2f.js:0
[  121145ms] [LOG] [VisualContentService] docToContent "mFcuYlNgKXLqWVUFo0zt_7": {hasVideoVariantsField: true, hasVariantsField: false, rawType: array[0], parsedVariantsCount: 0, allTopLevelKeys: Array(14)} @ https://out-run-app-git-worktree-streng-98e01f-davids-projects-0d6e1f97.vercel.app/_next/static/chunks/2390-dc57abc8d12f6b2f.js:0
[  121145ms] [LOG] [DEBUG-RESOLVER] attempt1 getVisualContentItem("mFcuYlNgKXLqWVUFo0zt", 7) → FOUND @ https://out-run-app-git-worktree-streng-98e01f-davids-projects-0d6e1f97.vercel.app/_next/static/chunks/2390-dc57abc8d12f6b2f.js:0
[  121146ms] [LOG] [VisualContentService] docToContent "mFcuYlNgKXLqWVUFo0zt_9": {hasVideoVariantsField: true, hasVariantsField: false, rawType: array[0], parsedVariantsCount: 0, allTopLevelKeys: Array(14)} @ https://out-run-app-git-worktree-streng-98e01f-davids-projects-0d6e1f97.vercel.app/_next/static/chunks/2390-dc57abc8d12f6b2f.js:0
[  121146ms] [LOG] [DEBUG-RESOLVER] attempt1 getVisualContentItem("mFcuYlNgKXLqWVUFo0zt", 9) → FOUND @ https://out-run-app-git-worktree-streng-98e01f-davids-projects-0d6e1f97.vercel.app/_next/static/chunks/2390-dc57abc8d12f6b2f.js:0
[  121146ms] [LOG] [VisualContentService] docToContent "mFcuYlNgKXLqWVUFo0zt_11": {hasVideoVariantsField: true, hasVariantsField: false, rawType: array[0], parsedVariantsCount: 0, allTopLevelKeys: Array(14)} @ https://out-run-app-git-worktree-streng-98e01f-davids-projects-0d6e1f97.vercel.app/_next/static/chunks/2390-dc57abc8d12f6b2f.js:0
[  121146ms] [LOG] [DEBUG-RESOLVER] attempt1 getVisualContentItem("mFcuYlNgKXLqWVUFo0zt", 11) → FOUND @ https://out-run-app-git-worktree-streng-98e01f-davids-projects-0d6e1f97.vercel.app/_next/static/chunks/2390-dc57abc8d12f6b2f.js:0
[  121146ms] [LOG] [VisualContentService] docToContent "mFcuYlNgKXLqWVUFo0zt_13": {hasVideoVariantsField: true, hasVariantsField: false, rawType: array[0], parsedVariantsCount: 0, allTopLevelKeys: Array(14)} @ https://out-run-app-git-worktree-streng-98e01f-davids-projects-0d6e1f97.vercel.app/_next/static/chunks/2390-dc57abc8d12f6b2f.js:0
[  121146ms] [LOG] [DEBUG-RESOLVER] attempt1 getVisualContentItem("mFcuYlNgKXLqWVUFo0zt", 13) → FOUND @ https://out-run-app-git-worktree-streng-98e01f-davids-projects-0d6e1f97.vercel.app/_next/static/chunks/2390-dc57abc8d12f6b2f.js:0
[  121146ms] [LOG] [VisualContentService] docToContent "mFcuYlNgKXLqWVUFo0zt_2": {hasVideoVariantsField: true, hasVariantsField: false, rawType: array[0], parsedVariantsCount: 0, allTopLevelKeys: Array(14)} @ https://out-run-app-git-worktree-streng-98e01f-davids-projects-0d6e1f97.vercel.app/_next/static/chunks/2390-dc57abc8d12f6b2f.js:0
[  121146ms] [LOG] [DEBUG-RESOLVER] attempt1 getVisualContentItem("mFcuYlNgKXLqWVUFo0zt", 2) → FOUND @ https://out-run-app-git-worktree-streng-98e01f-davids-projects-0d6e1f97.vercel.app/_next/static/chunks/2390-dc57abc8d12f6b2f.js:0
[  121146ms] [LOG] [VisualContentService] docToContent "mFcuYlNgKXLqWVUFo0zt_2": {hasVideoVariantsField: true, hasVariantsField: false, rawType: array[0], parsedVariantsCount: 0, allTopLevelKeys: Array(14)} @ https://out-run-app-git-worktree-streng-98e01f-davids-projects-0d6e1f97.vercel.app/_next/static/chunks/2390-dc57abc8d12f6b2f.js:0
[  121146ms] [LOG] [DEBUG-RESOLVER] attempt1 getVisualContentItem("mFcuYlNgKXLqWVUFo0zt", 2) → FOUND @ https://out-run-app-git-worktree-streng-98e01f-davids-projects-0d6e1f97.vercel.app/_next/static/chunks/2390-dc57abc8d12f6b2f.js:0
[  121268ms] [LOG] [ContentResolver] Level 5 — exercise video resolved: "פרונט לבר בטאק" → https://vz-b17872ab-7a7.b-cdn.net/4492d3f7-76b8-4f6c-8bdd-e1… @ https://out-run-app-git-worktree-streng-98e01f-davids-projects-0d6e1f97.vercel.app/_next/static/chunks/2390-dc57abc8d12f6b2f.js:0
[  121268ms] [LOG] [ContentResolver] Level 7 — exercise video resolved: "פרונט לבר בטאק מתקדם" → https://vz-b17872ab-7a7.b-cdn.net/6991a593-e8da-4380-a1e1-ab… @ https://out-run-app-git-worktree-streng-98e01f-davids-projects-0d6e1f97.vercel.app/_next/static/chunks/2390-dc57abc8d12f6b2f.js:0
[  121268ms] [LOG] [ContentResolver] Level 9 — exercise video resolved: "פרונט לבר יהלום" → https://vz-b17872ab-7a7.b-cdn.net/672db07c-e6e2-4024-bbd7-ea… @ https://out-run-app-git-worktree-streng-98e01f-davids-projects-0d6e1f97.vercel.app/_next/static/chunks/2390-dc57abc8d12f6b2f.js:0
[  121269ms] [LOG] [ContentResolver] Level 11 — exercise video resolved: "פרונט לבר בפישוק" → https://vz-b17872ab-7a7.b-cdn.net/ba8207a0-78fa-49b6-bf30-f0… @ https://out-run-app-git-worktree-streng-98e01f-davids-projects-0d6e1f97.vercel.app/_next/static/chunks/2390-dc57abc8d12f6b2f.js:0
[  121305ms] [LOG] [ContentResolver] Level 13 — exercise video resolved: "פרונט לבר מלא" → https://vz-b17872ab-7a7.b-cdn.net/a0eec03c-558d-4346-99a7-6c… @ https://out-run-app-git-worktree-streng-98e01f-davids-projects-0d6e1f97.vercel.app/_next/static/chunks/2390-dc57abc8d12f6b2f.js:0
[  121364ms] [LOG] [ContentResolver] Level 2 — exercise video resolved: "מתח קומנדו" → https://vz-b17872ab-7a7.b-cdn.net/fc8e9782-ed5b-4047-9ac2-1f… @ https://out-run-app-git-worktree-streng-98e01f-davids-projects-0d6e1f97.vercel.app/_next/static/chunks/2390-dc57abc8d12f6b2f.js:0
[  121364ms] [LOG] [ContentResolver] Level 2 — exercise video resolved: "מתח קומנדו" → https://vz-b17872ab-7a7.b-cdn.net/fc8e9782-ed5b-4047-9ac2-1f… @ https://out-run-app-git-worktree-streng-98e01f-davids-projects-0d6e1f97.vercel.app/_next/static/chunks/2390-dc57abc8d12f6b2f.js:0
[  150048ms] [LOG] [DEBUG-RESOLVER] resolveContent("front_lever", 1) → programId="mFcuYlNgKXLqWVUFo0zt" @ https://out-run-app-git-worktree-streng-98e01f-davids-projects-0d6e1f97.vercel.app/_next/static/chunks/2390-dc57abc8d12f6b2f.js:0
[  150049ms] [LOG] [DEBUG-RESOLVER] resolveContent("front_lever", 2) → programId="mFcuYlNgKXLqWVUFo0zt" @ https://out-run-app-git-worktree-streng-98e01f-davids-projects-0d6e1f97.vercel.app/_next/static/chunks/2390-dc57abc8d12f6b2f.js:0
[  150049ms] [LOG] [DEBUG-RESOLVER] resolveContent("front_lever", 2) → programId="mFcuYlNgKXLqWVUFo0zt" @ https://out-run-app-git-worktree-streng-98e01f-davids-projects-0d6e1f97.vercel.app/_next/static/chunks/2390-dc57abc8d12f6b2f.js:0
[  151795ms] [LOG] [DEBUG-RESOLVER] resolveContent("front_lever", 5) → programId="mFcuYlNgKXLqWVUFo0zt" @ https://out-run-app-git-worktree-streng-98e01f-davids-projects-0d6e1f97.vercel.app/_next/static/chunks/2390-dc57abc8d12f6b2f.js:0
[  151796ms] [LOG] [DEBUG-RESOLVER] resolveContent("front_lever", 4) → programId="mFcuYlNgKXLqWVUFo0zt" @ https://out-run-app-git-worktree-streng-98e01f-davids-projects-0d6e1f97.vercel.app/_next/static/chunks/2390-dc57abc8d12f6b2f.js:0
[  151796ms] [LOG] [DEBUG-RESOLVER] resolveContent("front_lever", 6) → programId="mFcuYlNgKXLqWVUFo0zt" @ https://out-run-app-git-worktree-streng-98e01f-davids-projects-0d6e1f97.vercel.app/_next/static/chunks/2390-dc57abc8d12f6b2f.js:0
[  151796ms] [LOG] [DEBUG-RESOLVER] resolveContent("front_lever", 6) → programId="mFcuYlNgKXLqWVUFo0zt" @ https://out-run-app-git-worktree-streng-98e01f-davids-projects-0d6e1f97.vercel.app/_next/static/chunks/2390-dc57abc8d12f6b2f.js:0
[  151930ms] [LOG] [VisualContentService] docToContent "mFcuYlNgKXLqWVUFo0zt_4": {hasVideoVariantsField: true, hasVariantsField: false, rawType: array[0], parsedVariantsCount: 0, allTopLevelKeys: Array(14)} @ https://out-run-app-git-worktree-streng-98e01f-davids-projects-0d6e1f97.vercel.app/_next/static/chunks/2390-dc57abc8d12f6b2f.js:0
[  151930ms] [LOG] [DEBUG-RESOLVER] attempt1 getVisualContentItem("mFcuYlNgKXLqWVUFo0zt", 4) → FOUND @ https://out-run-app-git-worktree-streng-98e01f-davids-projects-0d6e1f97.vercel.app/_next/static/chunks/2390-dc57abc8d12f6b2f.js:0
[  151930ms] [LOG] [VisualContentService] docToContent "mFcuYlNgKXLqWVUFo0zt_6": {hasVideoVariantsField: true, hasVariantsField: false, rawType: array[0], parsedVariantsCount: 0, allTopLevelKeys: Array(14)} @ https://out-run-app-git-worktree-streng-98e01f-davids-projects-0d6e1f97.vercel.app/_next/static/chunks/2390-dc57abc8d12f6b2f.js:0
[  151930ms] [LOG] [DEBUG-RESOLVER] attempt1 getVisualContentItem("mFcuYlNgKXLqWVUFo0zt", 6) → FOUND @ https://out-run-app-git-worktree-streng-98e01f-davids-projects-0d6e1f97.vercel.app/_next/static/chunks/2390-dc57abc8d12f6b2f.js:0
[  151930ms] [LOG] [VisualContentService] docToContent "mFcuYlNgKXLqWVUFo0zt_6": {hasVideoVariantsField: true, hasVariantsField: false, rawType: array[0], parsedVariantsCount: 0, allTopLevelKeys: Array(14)} @ https://out-run-app-git-worktree-streng-98e01f-davids-projects-0d6e1f97.vercel.app/_next/static/chunks/2390-dc57abc8d12f6b2f.js:0
[  151930ms] [LOG] [DEBUG-RESOLVER] attempt1 getVisualContentItem("mFcuYlNgKXLqWVUFo0zt", 6) → FOUND @ https://out-run-app-git-worktree-streng-98e01f-davids-projects-0d6e1f97.vercel.app/_next/static/chunks/2390-dc57abc8d12f6b2f.js:0
[  152074ms] [LOG] [ContentResolver] Level 4 — exercise video resolved: "מתח באחיזה מעורבת" → https://vz-b17872ab-7a7.b-cdn.net/816e1256-d6a4-4691-8d93-ef… @ https://out-run-app-git-worktree-streng-98e01f-davids-projects-0d6e1f97.vercel.app/_next/static/chunks/2390-dc57abc8d12f6b2f.js:0
[  152074ms] [LOG] [ContentResolver] Level 6 — exercise video resolved: "פרונט לבר בטאק מתקדם עם גומייה" → https://vz-b17872ab-7a7.b-cdn.net/38a46200-464f-4942-b9d2-85… @ https://out-run-app-git-worktree-streng-98e01f-davids-projects-0d6e1f97.vercel.app/_next/static/chunks/2390-dc57abc8d12f6b2f.js:0
[  152074ms] [LOG] [ContentResolver] Level 6 — exercise video resolved: "פרונט לבר בטאק מתקדם עם גומייה" → https://vz-b17872ab-7a7.b-cdn.net/38a46200-464f-4942-b9d2-85… @ https://out-run-app-git-worktree-streng-98e01f-davids-projects-0d6e1f97.vercel.app/_next/static/chunks/2390-dc57abc8d12f6b2f.js:0
[  153562ms] [LOG] [DEBUG-RESOLVER] resolveContent("front_lever", 3) → programId="mFcuYlNgKXLqWVUFo0zt" @ https://out-run-app-git-worktree-streng-98e01f-davids-projects-0d6e1f97.vercel.app/_next/static/chunks/2390-dc57abc8d12f6b2f.js:0
[  153562ms] [LOG] [DEBUG-RESOLVER] resolveContent("front_lever", 2) → programId="mFcuYlNgKXLqWVUFo0zt" @ https://out-run-app-git-worktree-streng-98e01f-davids-projects-0d6e1f97.vercel.app/_next/static/chunks/2390-dc57abc8d12f6b2f.js:0
[  153562ms] [LOG] [DEBUG-RESOLVER] resolveContent("front_lever", 4) → programId="mFcuYlNgKXLqWVUFo0zt" @ https://out-run-app-git-worktree-streng-98e01f-davids-projects-0d6e1f97.vercel.app/_next/static/chunks/2390-dc57abc8d12f6b2f.js:0
[  153562ms] [LOG] [DEBUG-RESOLVER] resolveContent("front_lever", 4) → programId="mFcuYlNgKXLqWVUFo0zt" @ https://out-run-app-git-worktree-streng-98e01f-davids-projects-0d6e1f97.vercel.app/_next/static/chunks/2390-dc57abc8d12f6b2f.js:0
[  156385ms] [LOG] [DEBUG-RESOLVER] resolveContent("front_lever", 5) → programId="mFcuYlNgKXLqWVUFo0zt" @ https://out-run-app-git-worktree-streng-98e01f-davids-projects-0d6e1f97.vercel.app/_next/static/chunks/2390-dc57abc8d12f6b2f.js:0
[  156386ms] [LOG] [DEBUG-RESOLVER] resolveContent("front_lever", 4) → programId="mFcuYlNgKXLqWVUFo0zt" @ https://out-run-app-git-worktree-streng-98e01f-davids-projects-0d6e1f97.vercel.app/_next/static/chunks/2390-dc57abc8d12f6b2f.js:0
[  156386ms] [LOG] [DEBUG-RESOLVER] resolveContent("front_lever", 6) → programId="mFcuYlNgKXLqWVUFo0zt" @ https://out-run-app-git-worktree-streng-98e01f-davids-projects-0d6e1f97.vercel.app/_next/static/chunks/2390-dc57abc8d12f6b2f.js:0
[  156386ms] [LOG] [DEBUG-RESOLVER] resolveContent("front_lever", 6) → programId="mFcuYlNgKXLqWVUFo0zt" @ https://out-run-app-git-worktree-streng-98e01f-davids-projects-0d6e1f97.vercel.app/_next/static/chunks/2390-dc57abc8d12f6b2f.js:0
[  157768ms] [LOG] [DEBUG-RESOLVER] resolveContent("front_lever", 3) → programId="mFcuYlNgKXLqWVUFo0zt" @ https://out-run-app-git-worktree-streng-98e01f-davids-projects-0d6e1f97.vercel.app/_next/static/chunks/2390-dc57abc8d12f6b2f.js:0
[  157769ms] [LOG] [DEBUG-RESOLVER] resolveContent("front_lever", 2) → programId="mFcuYlNgKXLqWVUFo0zt" @ https://out-run-app-git-worktree-streng-98e01f-davids-projects-0d6e1f97.vercel.app/_next/static/chunks/2390-dc57abc8d12f6b2f.js:0
[  157769ms] [LOG] [DEBUG-RESOLVER] resolveContent("front_lever", 4) → programId="mFcuYlNgKXLqWVUFo0zt" @ https://out-run-app-git-worktree-streng-98e01f-davids-projects-0d6e1f97.vercel.app/_next/static/chunks/2390-dc57abc8d12f6b2f.js:0
[  157769ms] [LOG] [DEBUG-RESOLVER] resolveContent("front_lever", 4) → programId="mFcuYlNgKXLqWVUFo0zt" @ https://out-run-app-git-worktree-streng-98e01f-davids-projects-0d6e1f97.vercel.app/_next/static/chunks/2390-dc57abc8d12f6b2f.js:0
[  159185ms] [LOG] [DEBUG-RESOLVER] resolveContent("front_lever", 1) → programId="mFcuYlNgKXLqWVUFo0zt" @ https://out-run-app-git-worktree-streng-98e01f-davids-projects-0d6e1f97.vercel.app/_next/static/chunks/2390-dc57abc8d12f6b2f.js:0
[  159186ms] [LOG] [DEBUG-RESOLVER] resolveContent("front_lever", 2) → programId="mFcuYlNgKXLqWVUFo0zt" @ https://out-run-app-git-worktree-streng-98e01f-davids-projects-0d6e1f97.vercel.app/_next/static/chunks/2390-dc57abc8d12f6b2f.js:0
[  159186ms] [LOG] [DEBUG-RESOLVER] resolveContent("front_lever", 2) → programId="mFcuYlNgKXLqWVUFo0zt" @ https://out-run-app-git-worktree-streng-98e01f-davids-projects-0d6e1f97.vercel.app/_next/static/chunks/2390-dc57abc8d12f6b2f.js:0
[  191867ms] [LOG] [DEBUG-PAGE] pathConfig.path: body_focus | categories passed to VisualSlider: [pull] | skipTier: true @ https://out-run-app-git-worktree-streng-98e01f-davids-projects-0d6e1f97.vercel.app/_next/static/chunks/app/onboarding-new/assessment-visual/page-b2b81a08950c73dd.js:0
[  191868ms] [LOG] [DEBUG-RESOLVER] Incoming Category: pull Resolved Candidate IDs: [pull, UPDBtTdCvX748dtBlWYj] @ https://out-run-app-git-worktree-streng-98e01f-davids-projects-0d6e1f97.vercel.app/_next/static/chunks/2390-dc57abc8d12f6b2f.js:0
[  192002ms] [LOG] [DEBUG-PAGE] pathConfig.path: body_focus | categories passed to VisualSlider: [pull] | skipTier: true @ https://out-run-app-git-worktree-streng-98e01f-davids-projects-0d6e1f97.vercel.app/_next/static/chunks/app/onboarding-new/assessment-visual/page-b2b81a08950c73dd.js:0
[  192003ms] [LOG] [DEBUG-RESOLVER] Incoming Category: pull Resolved Candidate IDs: [pull, UPDBtTdCvX748dtBlWYj] @ https://out-run-app-git-worktree-streng-98e01f-davids-projects-0d6e1f97.vercel.app/_next/static/chunks/2390-dc57abc8d12f6b2f.js:0
[  192014ms] [LOG] [DEBUG-FIRESTORE] Querying IDs: [pull, UPDBtTdCvX748dtBlWYj] Snapshot size returned: 25 @ https://out-run-app-git-worktree-streng-98e01f-davids-projects-0d6e1f97.vercel.app/_next/static/chunks/2390-dc57abc8d12f6b2f.js:0
[  192014ms] [LOG] [DEBUG-FIRESTORE] showInOnboarding=true levels: [1, 4, 6, 10, 14, 17, 19, 20] (8 total) @ https://out-run-app-git-worktree-streng-98e01f-davids-projects-0d6e1f97.vercel.app/_next/static/chunks/2390-dc57abc8d12f6b2f.js:0
[  192014ms] [LOG] [DEBUG-RESOLVER] Final onboarding levels for "pull": [1, 4, 6, 10, 14, 17, 19, 20] (8 total) @ https://out-run-app-git-worktree-streng-98e01f-davids-projects-0d6e1f97.vercel.app/_next/static/chunks/2390-dc57abc8d12f6b2f.js:0
[  192014ms] [LOG] [DEBUG-RESOLVER] resolveContent("pull", 1) → programId="UPDBtTdCvX748dtBlWYj" @ https://out-run-app-git-worktree-streng-98e01f-davids-projects-0d6e1f97.vercel.app/_next/static/chunks/2390-dc57abc8d12f6b2f.js:0
[  192014ms] [LOG] [DEBUG-RESOLVER] resolveContent("pull", 4) → programId="UPDBtTdCvX748dtBlWYj" @ https://out-run-app-git-worktree-streng-98e01f-davids-projects-0d6e1f97.vercel.app/_next/static/chunks/2390-dc57abc8d12f6b2f.js:0
[  192014ms] [LOG] [DEBUG-FIRESTORE] Querying IDs: [pull, UPDBtTdCvX748dtBlWYj] Snapshot size returned: 25 @ https://out-run-app-git-worktree-streng-98e01f-davids-projects-0d6e1f97.vercel.app/_next/static/chunks/2390-dc57abc8d12f6b2f.js:0
[  192014ms] [LOG] [DEBUG-FIRESTORE] showInOnboarding=true levels: [1, 4, 6, 10, 14, 17, 19, 20] (8 total) @ https://out-run-app-git-worktree-streng-98e01f-davids-projects-0d6e1f97.vercel.app/_next/static/chunks/2390-dc57abc8d12f6b2f.js:0
[  192014ms] [LOG] [DEBUG-RESOLVER] Final onboarding levels for "pull": [1, 4, 6, 10, 14, 17, 19, 20] (8 total) @ https://out-run-app-git-worktree-streng-98e01f-davids-projects-0d6e1f97.vercel.app/_next/static/chunks/2390-dc57abc8d12f6b2f.js:0
[  192014ms] [LOG] [DEBUG-RESOLVER] resolveContent("pull", 1) → programId="UPDBtTdCvX748dtBlWYj" @ https://out-run-app-git-worktree-streng-98e01f-davids-projects-0d6e1f97.vercel.app/_next/static/chunks/2390-dc57abc8d12f6b2f.js:0
[  192014ms] [LOG] [DEBUG-RESOLVER] resolveContent("pull", 4) → programId="UPDBtTdCvX748dtBlWYj" @ https://out-run-app-git-worktree-streng-98e01f-davids-projects-0d6e1f97.vercel.app/_next/static/chunks/2390-dc57abc8d12f6b2f.js:0
[  192151ms] [LOG] [VisualContentService] docToContent "UPDBtTdCvX748dtBlWYj_1": {hasVideoVariantsField: true, hasVariantsField: false, rawType: array[0], parsedVariantsCount: 0, allTopLevelKeys: Array(14)} @ https://out-run-app-git-worktree-streng-98e01f-davids-projects-0d6e1f97.vercel.app/_next/static/chunks/2390-dc57abc8d12f6b2f.js:0
[  192151ms] [LOG] [DEBUG-RESOLVER] attempt1 getVisualContentItem("UPDBtTdCvX748dtBlWYj", 1) → FOUND @ https://out-run-app-git-worktree-streng-98e01f-davids-projects-0d6e1f97.vercel.app/_next/static/chunks/2390-dc57abc8d12f6b2f.js:0
[  192151ms] [LOG] [VisualContentService] docToContent "UPDBtTdCvX748dtBlWYj_1": {hasVideoVariantsField: true, hasVariantsField: false, rawType: array[0], parsedVariantsCount: 0, allTopLevelKeys: Array(14)} @ https://out-run-app-git-worktree-streng-98e01f-davids-projects-0d6e1f97.vercel.app/_next/static/chunks/2390-dc57abc8d12f6b2f.js:0
[  192151ms] [LOG] [DEBUG-RESOLVER] attempt1 getVisualContentItem("UPDBtTdCvX748dtBlWYj", 1) → FOUND @ https://out-run-app-git-worktree-streng-98e01f-davids-projects-0d6e1f97.vercel.app/_next/static/chunks/2390-dc57abc8d12f6b2f.js:0
[  192151ms] [LOG] [VisualContentService] docToContent "UPDBtTdCvX748dtBlWYj_4": {hasVideoVariantsField: true, hasVariantsField: false, rawType: array[0], parsedVariantsCount: 0, allTopLevelKeys: Array(14)} @ https://out-run-app-git-worktree-streng-98e01f-davids-projects-0d6e1f97.vercel.app/_next/static/chunks/2390-dc57abc8d12f6b2f.js:0
[  192151ms] [LOG] [DEBUG-RESOLVER] attempt1 getVisualContentItem("UPDBtTdCvX748dtBlWYj", 4) → FOUND @ https://out-run-app-git-worktree-streng-98e01f-davids-projects-0d6e1f97.vercel.app/_next/static/chunks/2390-dc57abc8d12f6b2f.js:0
[  192151ms] [LOG] [VisualContentService] docToContent "UPDBtTdCvX748dtBlWYj_4": {hasVideoVariantsField: true, hasVariantsField: false, rawType: array[0], parsedVariantsCount: 0, allTopLevelKeys: Array(14)} @ https://out-run-app-git-worktree-streng-98e01f-davids-projects-0d6e1f97.vercel.app/_next/static/chunks/2390-dc57abc8d12f6b2f.js:0
[  192151ms] [LOG] [DEBUG-RESOLVER] attempt1 getVisualContentItem("UPDBtTdCvX748dtBlWYj", 4) → FOUND @ https://out-run-app-git-worktree-streng-98e01f-davids-projects-0d6e1f97.vercel.app/_next/static/chunks/2390-dc57abc8d12f6b2f.js:0
[  192177ms] [LOG] [DEBUG-RESOLVER] Incoming Category: pull Resolved Candidate IDs: [pull, UPDBtTdCvX748dtBlWYj] @ https://out-run-app-git-worktree-streng-98e01f-davids-projects-0d6e1f97.vercel.app/_next/static/chunks/2390-dc57abc8d12f6b2f.js:0
[  192301ms] [LOG] [ContentResolver] Level 1 — exercise video resolved: "חתירות ב-75°" → https://vz-b17872ab-7a7.b-cdn.net/90762fc3-e7d8-4070-a312-46… @ https://out-run-app-git-worktree-streng-98e01f-davids-projects-0d6e1f97.vercel.app/_next/static/chunks/2390-dc57abc8d12f6b2f.js:0
[  192302ms] [LOG] [ContentResolver] Level 1 — exercise video resolved: "חתירות ב-75°" → https://vz-b17872ab-7a7.b-cdn.net/90762fc3-e7d8-4070-a312-46… @ https://out-run-app-git-worktree-streng-98e01f-davids-projects-0d6e1f97.vercel.app/_next/static/chunks/2390-dc57abc8d12f6b2f.js:0
[  192302ms] [LOG] [ContentResolver] Level 4 — exercise video resolved: "חתירות ב-15° עם ברכיים כפופות" → https://vz-b17872ab-7a7.b-cdn.net/65b8ee9b-baf7-4ed1-834a-2f… @ https://out-run-app-git-worktree-streng-98e01f-davids-projects-0d6e1f97.vercel.app/_next/static/chunks/2390-dc57abc8d12f6b2f.js:0
[  192302ms] [LOG] [ContentResolver] Level 4 — exercise video resolved: "חתירות ב-15° עם ברכיים כפופות" → https://vz-b17872ab-7a7.b-cdn.net/65b8ee9b-baf7-4ed1-834a-2f… @ https://out-run-app-git-worktree-streng-98e01f-davids-projects-0d6e1f97.vercel.app/_next/static/chunks/2390-dc57abc8d12f6b2f.js:0
[  192302ms] [LOG] [DEBUG-FIRESTORE] Querying IDs: [pull, UPDBtTdCvX748dtBlWYj] Snapshot size returned: 25 @ https://out-run-app-git-worktree-streng-98e01f-davids-projects-0d6e1f97.vercel.app/_next/static/chunks/2390-dc57abc8d12f6b2f.js:0
[  192302ms] [LOG] [DEBUG-FIRESTORE] showInOnboarding=true levels: [1, 4, 6, 10, 14, 17, 19, 20] (8 total) @ https://out-run-app-git-worktree-streng-98e01f-davids-projects-0d6e1f97.vercel.app/_next/static/chunks/2390-dc57abc8d12f6b2f.js:0
[  192302ms] [LOG] [DEBUG-RESOLVER] Final onboarding levels for "pull": [1, 4, 6, 10, 14, 17, 19, 20] (8 total) @ https://out-run-app-git-worktree-streng-98e01f-davids-projects-0d6e1f97.vercel.app/_next/static/chunks/2390-dc57abc8d12f6b2f.js:0
[  192304ms] [LOG] [DEBUG-RESOLVER] resolveContent("pull", 1) → programId="UPDBtTdCvX748dtBlWYj" @ https://out-run-app-git-worktree-streng-98e01f-davids-projects-0d6e1f97.vercel.app/_next/static/chunks/2390-dc57abc8d12f6b2f.js:0
[  192304ms] [LOG] [DEBUG-RESOLVER] resolveContent("pull", 4) → programId="UPDBtTdCvX748dtBlWYj" @ https://out-run-app-git-worktree-streng-98e01f-davids-projects-0d6e1f97.vercel.app/_next/static/chunks/2390-dc57abc8d12f6b2f.js:0
[  192304ms] [LOG] [DEBUG-RESOLVER] resolveContent("pull", 6) → programId="UPDBtTdCvX748dtBlWYj" @ https://out-run-app-git-worktree-streng-98e01f-davids-projects-0d6e1f97.vercel.app/_next/static/chunks/2390-dc57abc8d12f6b2f.js:0
[  192304ms] [LOG] [DEBUG-RESOLVER] resolveContent("pull", 10) → programId="UPDBtTdCvX748dtBlWYj" @ https://out-run-app-git-worktree-streng-98e01f-davids-projects-0d6e1f97.vercel.app/_next/static/chunks/2390-dc57abc8d12f6b2f.js:0
[  192304ms] [LOG] [DEBUG-RESOLVER] resolveContent("pull", 14) → programId="UPDBtTdCvX748dtBlWYj" @ https://out-run-app-git-worktree-streng-98e01f-davids-projects-0d6e1f97.vercel.app/_next/static/chunks/2390-dc57abc8d12f6b2f.js:0
[  192304ms] [LOG] [DEBUG-RESOLVER] resolveContent("pull", 17) → programId="UPDBtTdCvX748dtBlWYj" @ https://out-run-app-git-worktree-streng-98e01f-davids-projects-0d6e1f97.vercel.app/_next/static/chunks/2390-dc57abc8d12f6b2f.js:0
[  192304ms] [LOG] [DEBUG-RESOLVER] resolveContent("pull", 19) → programId="UPDBtTdCvX748dtBlWYj" @ https://out-run-app-git-worktree-streng-98e01f-davids-projects-0d6e1f97.vercel.app/_next/static/chunks/2390-dc57abc8d12f6b2f.js:0
[  192304ms] [LOG] [DEBUG-RESOLVER] resolveContent("pull", 20) → programId="UPDBtTdCvX748dtBlWYj" @ https://out-run-app-git-worktree-streng-98e01f-davids-projects-0d6e1f97.vercel.app/_next/static/chunks/2390-dc57abc8d12f6b2f.js:0
[  192304ms] [LOG] [DEBUG-RESOLVER] resolveContent("pull", 1) → programId="UPDBtTdCvX748dtBlWYj" @ https://out-run-app-git-worktree-streng-98e01f-davids-projects-0d6e1f97.vercel.app/_next/static/chunks/2390-dc57abc8d12f6b2f.js:0
[  192304ms] [LOG] [DEBUG-RESOLVER] resolveContent("pull", 2) → programId="UPDBtTdCvX748dtBlWYj" @ https://out-run-app-git-worktree-streng-98e01f-davids-projects-0d6e1f97.vercel.app/_next/static/chunks/2390-dc57abc8d12f6b2f.js:0
[  192304ms] [LOG] [DEBUG-RESOLVER] resolveContent("pull", 2) → programId="UPDBtTdCvX748dtBlWYj" @ https://out-run-app-git-worktree-streng-98e01f-davids-projects-0d6e1f97.vercel.app/_next/static/chunks/2390-dc57abc8d12f6b2f.js:0
[  192433ms] [LOG] [VisualContentService] docToContent "UPDBtTdCvX748dtBlWYj_6": {hasVideoVariantsField: true, hasVariantsField: false, rawType: array[0], parsedVariantsCount: 0, allTopLevelKeys: Array(14)} @ https://out-run-app-git-worktree-streng-98e01f-davids-projects-0d6e1f97.vercel.app/_next/static/chunks/2390-dc57abc8d12f6b2f.js:0
[  192433ms] [LOG] [DEBUG-RESOLVER] attempt1 getVisualContentItem("UPDBtTdCvX748dtBlWYj", 6) → FOUND @ https://out-run-app-git-worktree-streng-98e01f-davids-projects-0d6e1f97.vercel.app/_next/static/chunks/2390-dc57abc8d12f6b2f.js:0
[  192433ms] [LOG] [VisualContentService] docToContent "UPDBtTdCvX748dtBlWYj_10": {hasVideoVariantsField: true, hasVariantsField: false, rawType: array[0], parsedVariantsCount: 0, allTopLevelKeys: Array(14)} @ https://out-run-app-git-worktree-streng-98e01f-davids-projects-0d6e1f97.vercel.app/_next/static/chunks/2390-dc57abc8d12f6b2f.js:0
[  192433ms] [LOG] [DEBUG-RESOLVER] attempt1 getVisualContentItem("UPDBtTdCvX748dtBlWYj", 10) → FOUND @ https://out-run-app-git-worktree-streng-98e01f-davids-projects-0d6e1f97.vercel.app/_next/static/chunks/2390-dc57abc8d12f6b2f.js:0
[  192433ms] [LOG] [VisualContentService] docToContent "UPDBtTdCvX748dtBlWYj_14": {hasVideoVariantsField: true, hasVariantsField: false, rawType: array[0], parsedVariantsCount: 0, allTopLevelKeys: Array(14)} @ https://out-run-app-git-worktree-streng-98e01f-davids-projects-0d6e1f97.vercel.app/_next/static/chunks/2390-dc57abc8d12f6b2f.js:0
[  192433ms] [LOG] [DEBUG-RESOLVER] attempt1 getVisualContentItem("UPDBtTdCvX748dtBlWYj", 14) → FOUND @ https://out-run-app-git-worktree-streng-98e01f-davids-projects-0d6e1f97.vercel.app/_next/static/chunks/2390-dc57abc8d12f6b2f.js:0
[  192433ms] [LOG] [VisualContentService] docToContent "UPDBtTdCvX748dtBlWYj_17": {hasVideoVariantsField: true, hasVariantsField: false, rawType: array[0], parsedVariantsCount: 0, allTopLevelKeys: Array(14)} @ https://out-run-app-git-worktree-streng-98e01f-davids-projects-0d6e1f97.vercel.app/_next/static/chunks/2390-dc57abc8d12f6b2f.js:0
[  192433ms] [LOG] [DEBUG-RESOLVER] attempt1 getVisualContentItem("UPDBtTdCvX748dtBlWYj", 17) → FOUND @ https://out-run-app-git-worktree-streng-98e01f-davids-projects-0d6e1f97.vercel.app/_next/static/chunks/2390-dc57abc8d12f6b2f.js:0
[  192433ms] [LOG] [VisualContentService] docToContent "UPDBtTdCvX748dtBlWYj_19": {hasVideoVariantsField: true, hasVariantsField: false, rawType: array[0], parsedVariantsCount: 0, allTopLevelKeys: Array(14)} @ https://out-run-app-git-worktree-streng-98e01f-davids-projects-0d6e1f97.vercel.app/_next/static/chunks/2390-dc57abc8d12f6b2f.js:0
[  192433ms] [LOG] [DEBUG-RESOLVER] attempt1 getVisualContentItem("UPDBtTdCvX748dtBlWYj", 19) → FOUND @ https://out-run-app-git-worktree-streng-98e01f-davids-projects-0d6e1f97.vercel.app/_next/static/chunks/2390-dc57abc8d12f6b2f.js:0
[  192433ms] [LOG] [VisualContentService] docToContent "UPDBtTdCvX748dtBlWYj_20": {hasVideoVariantsField: true, hasVariantsField: false, rawType: array[0], parsedVariantsCount: 0, allTopLevelKeys: Array(14)} @ https://out-run-app-git-worktree-streng-98e01f-davids-projects-0d6e1f97.vercel.app/_next/static/chunks/2390-dc57abc8d12f6b2f.js:0
[  192433ms] [LOG] [DEBUG-RESOLVER] attempt1 getVisualContentItem("UPDBtTdCvX748dtBlWYj", 20) → FOUND @ https://out-run-app-git-worktree-streng-98e01f-davids-projects-0d6e1f97.vercel.app/_next/static/chunks/2390-dc57abc8d12f6b2f.js:0
[  192433ms] [LOG] [VisualContentService] docToContent "UPDBtTdCvX748dtBlWYj_2": {hasVideoVariantsField: true, hasVariantsField: false, rawType: array[0], parsedVariantsCount: 0, allTopLevelKeys: Array(14)} @ https://out-run-app-git-worktree-streng-98e01f-davids-projects-0d6e1f97.vercel.app/_next/static/chunks/2390-dc57abc8d12f6b2f.js:0
[  192433ms] [LOG] [DEBUG-RESOLVER] attempt1 getVisualContentItem("UPDBtTdCvX748dtBlWYj", 2) → FOUND @ https://out-run-app-git-worktree-streng-98e01f-davids-projects-0d6e1f97.vercel.app/_next/static/chunks/2390-dc57abc8d12f6b2f.js:0
[  192433ms] [LOG] [VisualContentService] docToContent "UPDBtTdCvX748dtBlWYj_2": {hasVideoVariantsField: true, hasVariantsField: false, rawType: array[0], parsedVariantsCount: 0, allTopLevelKeys: Array(14)} @ https://out-run-app-git-worktree-streng-98e01f-davids-projects-0d6e1f97.vercel.app/_next/static/chunks/2390-dc57abc8d12f6b2f.js:0
[  192433ms] [LOG] [DEBUG-RESOLVER] attempt1 getVisualContentItem("UPDBtTdCvX748dtBlWYj", 2) → FOUND @ https://out-run-app-git-worktree-streng-98e01f-davids-projects-0d6e1f97.vercel.app/_next/static/chunks/2390-dc57abc8d12f6b2f.js:0
[  192565ms] [LOG] [ContentResolver] Level 6 — exercise video resolved: "מתח עם גומייה עבה" → https://vz-b17872ab-7a7.b-cdn.net/6ff58ac8-9c8f-456d-9145-12… @ https://out-run-app-git-worktree-streng-98e01f-davids-projects-0d6e1f97.vercel.app/_next/static/chunks/2390-dc57abc8d12f6b2f.js:0
[  192565ms] [LOG] [ContentResolver] Level 10 — exercise video resolved: "מתח סופינציה" → https://vz-b17872ab-7a7.b-cdn.net/6f2db76f-5634-4fe6-bfa8-b1… @ https://out-run-app-git-worktree-streng-98e01f-davids-projects-0d6e1f97.vercel.app/_next/static/chunks/2390-dc57abc8d12f6b2f.js:0
[  192565ms] [LOG] [ContentResolver] Level 14 — exercise video resolved: "פרונט לבר בטאק" → https://vz-b17872ab-7a7.b-cdn.net/4492d3f7-76b8-4f6c-8bdd-e1… @ https://out-run-app-git-worktree-streng-98e01f-davids-projects-0d6e1f97.vercel.app/_next/static/chunks/2390-dc57abc8d12f6b2f.js:0
[  192565ms] [LOG] [ContentResolver] Level 17 — exercise video resolved: "מתח קשתים" → https://vz-b17872ab-7a7.b-cdn.net/fd8caf8e-0541-424e-a1c1-b5… @ https://out-run-app-git-worktree-streng-98e01f-davids-projects-0d6e1f97.vercel.app/_next/static/chunks/2390-dc57abc8d12f6b2f.js:0
[  192565ms] [LOG] [ContentResolver] Level 19 — exercise video resolved: "החזקת מתח יד אחת ב-90°" → https://vz-b17872ab-7a7.b-cdn.net/81ce89c8-cd72-488b-9f5e-77… @ https://out-run-app-git-worktree-streng-98e01f-davids-projects-0d6e1f97.vercel.app/_next/static/chunks/2390-dc57abc8d12f6b2f.js:0
[  192644ms] [LOG] [VisualContentService] docToContent "UPDBtTdCvX748dtBlWYj_19": {hasVideoVariantsField: true, hasVariantsField: false, rawType: array[0], parsedVariantsCount: 0, allTopLevelKeys: Array(14)} @ https://out-run-app-git-worktree-streng-98e01f-davids-projects-0d6e1f97.vercel.app/_next/static/chunks/2390-dc57abc8d12f6b2f.js:0
[  192645ms] [LOG] [ContentResolver] Level 2 — exercise video resolved: "תלייה פסיבית" → https://vz-b17872ab-7a7.b-cdn.net/b4956107-60a2-4f0f-9b09-46… @ https://out-run-app-git-worktree-streng-98e01f-davids-projects-0d6e1f97.vercel.app/_next/static/chunks/2390-dc57abc8d12f6b2f.js:0
[  192645ms] [LOG] [ContentResolver] Level 2 — exercise video resolved: "תלייה פסיבית" → https://vz-b17872ab-7a7.b-cdn.net/b4956107-60a2-4f0f-9b09-46… @ https://out-run-app-git-worktree-streng-98e01f-davids-projects-0d6e1f97.vercel.app/_next/static/chunks/2390-dc57abc8d12f6b2f.js:0
[  192745ms] [LOG] [VisualContentService] docToContent "UPDBtTdCvX748dtBlWYj_18": {hasVideoVariantsField: true, hasVariantsField: false, rawType: array[0], parsedVariantsCount: 0, allTopLevelKeys: Array(14)} @ https://out-run-app-git-worktree-streng-98e01f-davids-projects-0d6e1f97.vercel.app/_next/static/chunks/2390-dc57abc8d12f6b2f.js:0
[  192843ms] [LOG] [VisualContentService] docToContent "UPDBtTdCvX748dtBlWYj_17": {hasVideoVariantsField: true, hasVariantsField: false, rawType: array[0], parsedVariantsCount: 0, allTopLevelKeys: Array(14)} @ https://out-run-app-git-worktree-streng-98e01f-davids-projects-0d6e1f97.vercel.app/_next/static/chunks/2390-dc57abc8d12f6b2f.js:0
[  192968ms] [LOG] [VisualContentService] docToContent "UPDBtTdCvX748dtBlWYj_16": {hasVideoVariantsField: true, hasVariantsField: false, rawType: array[0], parsedVariantsCount: 0, allTopLevelKeys: Array(14)} @ https://out-run-app-git-worktree-streng-98e01f-davids-projects-0d6e1f97.vercel.app/_next/static/chunks/2390-dc57abc8d12f6b2f.js:0
[  193067ms] [LOG] [VisualContentService] docToContent "UPDBtTdCvX748dtBlWYj_15": {hasVideoVariantsField: true, hasVariantsField: false, rawType: array[0], parsedVariantsCount: 0, allTopLevelKeys: Array(14)} @ https://out-run-app-git-worktree-streng-98e01f-davids-projects-0d6e1f97.vercel.app/_next/static/chunks/2390-dc57abc8d12f6b2f.js:0
[  193188ms] [LOG] [VisualContentService] docToContent "UPDBtTdCvX748dtBlWYj_14": {hasVideoVariantsField: true, hasVariantsField: false, rawType: array[0], parsedVariantsCount: 0, allTopLevelKeys: Array(14)} @ https://out-run-app-git-worktree-streng-98e01f-davids-projects-0d6e1f97.vercel.app/_next/static/chunks/2390-dc57abc8d12f6b2f.js:0
[  193307ms] [LOG] [VisualContentService] docToContent "UPDBtTdCvX748dtBlWYj_13": {hasVideoVariantsField: true, hasVariantsField: false, rawType: array[0], parsedVariantsCount: 0, allTopLevelKeys: Array(14)} @ https://out-run-app-git-worktree-streng-98e01f-davids-projects-0d6e1f97.vercel.app/_next/static/chunks/2390-dc57abc8d12f6b2f.js:0
[  193411ms] [LOG] [VisualContentService] docToContent "UPDBtTdCvX748dtBlWYj_12": {hasVideoVariantsField: true, hasVariantsField: false, rawType: array[0], parsedVariantsCount: 0, allTopLevelKeys: Array(14)} @ https://out-run-app-git-worktree-streng-98e01f-davids-projects-0d6e1f97.vercel.app/_next/static/chunks/2390-dc57abc8d12f6b2f.js:0
[  193536ms] [LOG] [VisualContentService] docToContent "UPDBtTdCvX748dtBlWYj_11": {hasVideoVariantsField: true, hasVariantsField: false, rawType: array[0], parsedVariantsCount: 0, allTopLevelKeys: Array(14)} @ https://out-run-app-git-worktree-streng-98e01f-davids-projects-0d6e1f97.vercel.app/_next/static/chunks/2390-dc57abc8d12f6b2f.js:0
[  193647ms] [LOG] [VisualContentService] docToContent "UPDBtTdCvX748dtBlWYj_10": {hasVideoVariantsField: true, hasVariantsField: false, rawType: array[0], parsedVariantsCount: 0, allTopLevelKeys: Array(14)} @ https://out-run-app-git-worktree-streng-98e01f-davids-projects-0d6e1f97.vercel.app/_next/static/chunks/2390-dc57abc8d12f6b2f.js:0
[  193764ms] [LOG] [VisualContentService] docToContent "UPDBtTdCvX748dtBlWYj_9": {hasVideoVariantsField: true, hasVariantsField: false, rawType: array[0], parsedVariantsCount: 0, allTopLevelKeys: Array(14)} @ https://out-run-app-git-worktree-streng-98e01f-davids-projects-0d6e1f97.vercel.app/_next/static/chunks/2390-dc57abc8d12f6b2f.js:0
[  193892ms] [LOG] [VisualContentService] docToContent "UPDBtTdCvX748dtBlWYj_8": {hasVideoVariantsField: true, hasVariantsField: false, rawType: array[0], parsedVariantsCount: 0, allTopLevelKeys: Array(14)} @ https://out-run-app-git-worktree-streng-98e01f-davids-projects-0d6e1f97.vercel.app/_next/static/chunks/2390-dc57abc8d12f6b2f.js:0
[  193995ms] [LOG] [VisualContentService] docToContent "UPDBtTdCvX748dtBlWYj_7": {hasVideoVariantsField: true, hasVariantsField: false, rawType: array[0], parsedVariantsCount: 0, allTopLevelKeys: Array(14)} @ https://out-run-app-git-worktree-streng-98e01f-davids-projects-0d6e1f97.vercel.app/_next/static/chunks/2390-dc57abc8d12f6b2f.js:0
[  194111ms] [LOG] [VisualContentService] docToContent "UPDBtTdCvX748dtBlWYj_6": {hasVideoVariantsField: true, hasVariantsField: false, rawType: array[0], parsedVariantsCount: 0, allTopLevelKeys: Array(14)} @ https://out-run-app-git-worktree-streng-98e01f-davids-projects-0d6e1f97.vercel.app/_next/static/chunks/2390-dc57abc8d12f6b2f.js:0
[  194255ms] [LOG] [VisualContentService] docToContent "UPDBtTdCvX748dtBlWYj_5": {hasVideoVariantsField: true, hasVariantsField: false, rawType: array[0], parsedVariantsCount: 0, allTopLevelKeys: Array(14)} @ https://out-run-app-git-worktree-streng-98e01f-davids-projects-0d6e1f97.vercel.app/_next/static/chunks/2390-dc57abc8d12f6b2f.js:0
[  194347ms] [LOG] [VisualContentService] docToContent "UPDBtTdCvX748dtBlWYj_4": {hasVideoVariantsField: true, hasVariantsField: false, rawType: array[0], parsedVariantsCount: 0, allTopLevelKeys: Array(14)} @ https://out-run-app-git-worktree-streng-98e01f-davids-projects-0d6e1f97.vercel.app/_next/static/chunks/2390-dc57abc8d12f6b2f.js:0
[  194450ms] [LOG] [VisualContentService] docToContent "UPDBtTdCvX748dtBlWYj_3": {hasVideoVariantsField: true, hasVariantsField: false, rawType: array[0], parsedVariantsCount: 0, allTopLevelKeys: Array(14)} @ https://out-run-app-git-worktree-streng-98e01f-davids-projects-0d6e1f97.vercel.app/_next/static/chunks/2390-dc57abc8d12f6b2f.js:0
[  194584ms] [LOG] [VisualContentService] docToContent "UPDBtTdCvX748dtBlWYj_2": {hasVideoVariantsField: true, hasVariantsField: false, rawType: array[0], parsedVariantsCount: 0, allTopLevelKeys: Array(14)} @ https://out-run-app-git-worktree-streng-98e01f-davids-projects-0d6e1f97.vercel.app/_next/static/chunks/2390-dc57abc8d12f6b2f.js:0
[  194693ms] [LOG] [VisualContentService] docToContent "UPDBtTdCvX748dtBlWYj_1": {hasVideoVariantsField: true, hasVariantsField: false, rawType: array[0], parsedVariantsCount: 0, allTopLevelKeys: Array(14)} @ https://out-run-app-git-worktree-streng-98e01f-davids-projects-0d6e1f97.vercel.app/_next/static/chunks/2390-dc57abc8d12f6b2f.js:0
[  214782ms] [LOG] [DEBUG-RESOLVER] resolveContent("pull", 6) → programId="UPDBtTdCvX748dtBlWYj" @ https://out-run-app-git-worktree-streng-98e01f-davids-projects-0d6e1f97.vercel.app/_next/static/chunks/2390-dc57abc8d12f6b2f.js:0
[  214783ms] [LOG] [DEBUG-RESOLVER] resolveContent("pull", 5) → programId="UPDBtTdCvX748dtBlWYj" @ https://out-run-app-git-worktree-streng-98e01f-davids-projects-0d6e1f97.vercel.app/_next/static/chunks/2390-dc57abc8d12f6b2f.js:0
[  214785ms] [LOG] [DEBUG-RESOLVER] resolveContent("pull", 7) → programId="UPDBtTdCvX748dtBlWYj" @ https://out-run-app-git-worktree-streng-98e01f-davids-projects-0d6e1f97.vercel.app/_next/static/chunks/2390-dc57abc8d12f6b2f.js:0
[  214785ms] [LOG] [DEBUG-RESOLVER] resolveContent("pull", 7) → programId="UPDBtTdCvX748dtBlWYj" @ https://out-run-app-git-worktree-streng-98e01f-davids-projects-0d6e1f97.vercel.app/_next/static/chunks/2390-dc57abc8d12f6b2f.js:0
[  214938ms] [LOG] [VisualContentService] docToContent "UPDBtTdCvX748dtBlWYj_5": {hasVideoVariantsField: true, hasVariantsField: false, rawType: array[0], parsedVariantsCount: 0, allTopLevelKeys: Array(14)} @ https://out-run-app-git-worktree-streng-98e01f-davids-projects-0d6e1f97.vercel.app/_next/static/chunks/2390-dc57abc8d12f6b2f.js:0
[  214938ms] [LOG] [DEBUG-RESOLVER] attempt1 getVisualContentItem("UPDBtTdCvX748dtBlWYj", 5) → FOUND @ https://out-run-app-git-worktree-streng-98e01f-davids-projects-0d6e1f97.vercel.app/_next/static/chunks/2390-dc57abc8d12f6b2f.js:0
[  214938ms] [LOG] [VisualContentService] docToContent "UPDBtTdCvX748dtBlWYj_7": {hasVideoVariantsField: true, hasVariantsField: false, rawType: array[0], parsedVariantsCount: 0, allTopLevelKeys: Array(14)} @ https://out-run-app-git-worktree-streng-98e01f-davids-projects-0d6e1f97.vercel.app/_next/static/chunks/2390-dc57abc8d12f6b2f.js:0
[  214938ms] [LOG] [DEBUG-RESOLVER] attempt1 getVisualContentItem("UPDBtTdCvX748dtBlWYj", 7) → FOUND @ https://out-run-app-git-worktree-streng-98e01f-davids-projects-0d6e1f97.vercel.app/_next/static/chunks/2390-dc57abc8d12f6b2f.js:0
[  214938ms] [LOG] [VisualContentService] docToContent "UPDBtTdCvX748dtBlWYj_7": {hasVideoVariantsField: true, hasVariantsField: false, rawType: array[0], parsedVariantsCount: 0, allTopLevelKeys: Array(14)} @ https://out-run-app-git-worktree-streng-98e01f-davids-projects-0d6e1f97.vercel.app/_next/static/chunks/2390-dc57abc8d12f6b2f.js:0
[  214938ms] [LOG] [DEBUG-RESOLVER] attempt1 getVisualContentItem("UPDBtTdCvX748dtBlWYj", 7) → FOUND @ https://out-run-app-git-worktree-streng-98e01f-davids-projects-0d6e1f97.vercel.app/_next/static/chunks/2390-dc57abc8d12f6b2f.js:0
[  215084ms] [LOG] [ContentResolver] Level 5 — exercise video resolved: "חתירות ב-15°" → https://vz-b17872ab-7a7.b-cdn.net/0a284a00-d1ec-43b5-9794-bd… @ https://out-run-app-git-worktree-streng-98e01f-davids-projects-0d6e1f97.vercel.app/_next/static/chunks/2390-dc57abc8d12f6b2f.js:0
[  215084ms] [LOG] [ContentResolver] Level 7 — exercise video resolved: "החזקת מתח ב-90°" → https://vz-b17872ab-7a7.b-cdn.net/5698bae1-9262-4da0-a2f9-bb… @ https://out-run-app-git-worktree-streng-98e01f-davids-projects-0d6e1f97.vercel.app/_next/static/chunks/2390-dc57abc8d12f6b2f.js:0
[  215084ms] [LOG] [ContentResolver] Level 7 — exercise video resolved: "החזקת מתח ב-90°" → https://vz-b17872ab-7a7.b-cdn.net/5698bae1-9262-4da0-a2f9-bb… @ https://out-run-app-git-worktree-streng-98e01f-davids-projects-0d6e1f97.vercel.app/_next/static/chunks/2390-dc57abc8d12f6b2f.js:0
[  233344ms] [LOG] [Assessment] Persisting results: {programId: full_body, levelMode: manual, resolvedLevelId: level_3, average: 6, levels: Object} @ https://out-run-app-git-worktree-streng-98e01f-davids-projects-0d6e1f97.vercel.app/_next/static/chunks/app/onboarding-new/assessment-visual/page-b2b81a08950c73dd.js:0
[  233619ms] [LOG] [BranchingLogic] Computed context: {levels: Object, average: 3, tier: beginner, matchedRuleId: undefined, matchedRuleAction: undefined} @ https://out-run-app-git-worktree-streng-98e01f-davids-projects-0d6e1f97.vercel.app/_next/static/chunks/9140-a3184e9b67f2d8ca.js:0
[  234118ms] [LOG] [OnboardingSync][DIAG] doc snapshot {uid: XoM8TeqSRcUTTSWCniVihSJ1tnV2, step: COMPLETED, mode: UPDATE, hasCore: true, coreRole: (absent)} @ https://out-run-app-git-worktree-streng-98e01f-davids-projects-0d6e1f97.vercel.app/_next/static/chunks/9140-a3184e9b67f2d8ca.js:0
[  234119ms] [LOG] [OnboardingSync] Persona Engine skipped — no goal signal and primaryTrack already set: health . Leaving it untouched. @ https://out-run-app-git-worktree-streng-98e01f-davids-projects-0d6e1f97.vercel.app/_next/static/chunks/9140-a3184e9b67f2d8ca.js:0
[  234254ms] [LOG] [onboarding-sync] maxLevels source: CMS (14 programs) {human_flag: 10, push: 25, full_body: 15, core: 20, pull: 25} @ https://out-run-app-git-worktree-streng-98e01f-davids-projects-0d6e1f97.vercel.app/_next/static/chunks/9140-a3184e9b67f2d8ca.js:0
[  234254ms] [LOG] [OnboardingSync] Category contribution: muscleIds=[pull], health=false → pull=pull_level_6 @ https://out-run-app-git-worktree-streng-98e01f-davids-projects-0d6e1f97.vercel.app/_next/static/chunks/9140-a3184e9b67f2d8ca.js:0
[  234254ms] [LOG] [OnboardingSync] Using assignedResults from dynamic questionnaire: [Object] @ https://out-run-app-git-worktree-streng-98e01f-davids-projects-0d6e1f97.vercel.app/_next/static/chunks/9140-a3184e9b67f2d8ca.js:0
[  234254ms] [LOG] [OnboardingSync] Writing progression.tracks (Path B/C assessment levels): {fTLWzjP9gH2VNpamyCZF: Object, calisthenics_upper: Object, pull: Object, planche: Object, upper_body: Object} @ https://out-run-app-git-worktree-streng-98e01f-davids-projects-0d6e1f97.vercel.app/_next/static/chunks/9140-a3184e9b67f2d8ca.js:0
[  234255ms] [LOG] [OnboardingSync][DIAG] payload {uid: XoM8TeqSRcUTTSWCniVihSJ1tnV2, step: COMPLETED, mode: UPDATE, topLevelKeys: Array(15), coreKeys: Array(16)} @ https://out-run-app-git-worktree-streng-98e01f-davids-projects-0d6e1f97.vercel.app/_next/static/chunks/9140-a3184e9b67f2d8ca.js:0
[  234462ms] [LOG] [OnboardingSync] Kicking off background master-level recalculation for 13 tracks (non-blocking). @ https://out-run-app-git-worktree-streng-98e01f-davids-projects-0d6e1f97.vercel.app/_next/static/chunks/9140-a3184e9b67f2d8ca.js:0
[  234594ms] [LOG] [OnboardingSync] Synced step "COMPLETED" to Firestore for user XoM8TeqSRcUTTSWCniVihSJ1tnV2 @ https://out-run-app-git-worktree-streng-98e01f-davids-projects-0d6e1f97.vercel.app/_next/static/chunks/9140-a3184e9b67f2d8ca.js:0
[  234873ms] [INFO] [User Service] User XoM8TeqSRcUTTSWCniVihSJ1tnV2 has missing or empty equipment profile. This may affect Smart Swap functionality. Please update user equipment in the admin panel. @ https://out-run-app-git-worktree-streng-98e01f-davids-projects-0d6e1f97.vercel.app/_next/static/chunks/9140-a3184e9b67f2d8ca.js:0
[  234882ms] [LOG] [Health] Calling syncOnboardingToFirestore(COMPLETED) — full running bridge + activeProgram generation @ https://out-run-app-git-worktree-streng-98e01f-davids-projects-0d6e1f97.vercel.app/_next/static/chunks/app/onboarding-new/health/page-4fe38bf7ad79c671.js:0
[  235025ms] [LOG] [OnboardingSync][DIAG] doc snapshot {uid: XoM8TeqSRcUTTSWCniVihSJ1tnV2, step: COMPLETED, mode: UPDATE, hasCore: true, coreRole: (absent)} @ https://out-run-app-git-worktree-streng-98e01f-davids-projects-0d6e1f97.vercel.app/_next/static/chunks/9140-a3184e9b67f2d8ca.js:0
[  235026ms] [LOG] [OnboardingSync] Persona Engine skipped — no goal signal and primaryTrack already set: health . Leaving it untouched. @ https://out-run-app-git-worktree-streng-98e01f-davids-projects-0d6e1f97.vercel.app/_next/static/chunks/9140-a3184e9b67f2d8ca.js:0
[  235167ms] [WARNING] [Programs] getProgramByTemplateId: no match for "hspu" @ https://out-run-app-git-worktree-streng-98e01f-davids-projects-0d6e1f97.vercel.app/_next/static/chunks/1418-99986d9f9db67bbd.js:0
[  235167ms] [LOG] [onboarding-sync] maxLevels source: CMS (14 programs) {human_flag: 10, push: 25, full_body: 15, core: 20, pull: 25} @ https://out-run-app-git-worktree-streng-98e01f-davids-projects-0d6e1f97.vercel.app/_next/static/chunks/9140-a3184e9b67f2d8ca.js:0
[  235167ms] [LOG] [OnboardingSync] Category contribution: muscleIds=[pull], health=false → pull=pull_level_6 @ https://out-run-app-git-worktree-streng-98e01f-davids-projects-0d6e1f97.vercel.app/_next/static/chunks/9140-a3184e9b67f2d8ca.js:0
[  235167ms] [LOG] [OnboardingSync] Using assignedResults from dynamic questionnaire: [Object] @ https://out-run-app-git-worktree-streng-98e01f-davids-projects-0d6e1f97.vercel.app/_next/static/chunks/9140-a3184e9b67f2d8ca.js:0
[  235167ms] [LOG] [OnboardingSync] Writing progression.tracks (Path B/C assessment levels): {47smw26hUyG5ZbE1bhr3: Object, core: Object, upper_body: Object, muscle_up: Object, H2279XsRGDg9G370J7S9: Object} @ https://out-run-app-git-worktree-streng-98e01f-davids-projects-0d6e1f97.vercel.app/_next/static/chunks/9140-a3184e9b67f2d8ca.js:0
[  235167ms] [LOG] [OnboardingSync][DIAG] payload {uid: XoM8TeqSRcUTTSWCniVihSJ1tnV2, step: COMPLETED, mode: UPDATE, topLevelKeys: Array(15), coreKeys: Array(16)} @ https://out-run-app-git-worktree-streng-98e01f-davids-projects-0d6e1f97.vercel.app/_next/static/chunks/9140-a3184e9b67f2d8ca.js:0
[  235667ms] [LOG] [OnboardingSync] Kicking off background master-level recalculation for 13 tracks (non-blocking). @ https://out-run-app-git-worktree-streng-98e01f-davids-projects-0d6e1f97.vercel.app/_next/static/chunks/9140-a3184e9b67f2d8ca.js:0
[  235761ms] [LOG] [Progression] Master "47smw26hUyG5ZbE1bhr3" (slug: "upper_body") recalculated → Level 15, 0.00% (from 2 children, monotonic floor: computed=10 < prior=15 → clamped to 15) @ https://out-run-app-git-worktree-streng-98e01f-davids-projects-0d6e1f97.vercel.app/_next/static/chunks/9140-a3184e9b67f2d8ca.js:0
[  235796ms] [LOG] [Progression] Master "47smw26hUyG5ZbE1bhr3" (slug: "upper_body") recalculated → Level 15, 0.00% (from 2 children, monotonic floor: computed=10 < prior=15 → clamped to 15) @ https://out-run-app-git-worktree-streng-98e01f-davids-projects-0d6e1f97.vercel.app/_next/static/chunks/9140-a3184e9b67f2d8ca.js:0
[  235840ms] [LOG] [Progression] Master "47smw26hUyG5ZbE1bhr3" (slug: "upper_body") recalculated → Level 15, 0.00% (from 2 children, monotonic floor: computed=10 < prior=15 → clamped to 15) @ https://out-run-app-git-worktree-streng-98e01f-davids-projects-0d6e1f97.vercel.app/_next/static/chunks/9140-a3184e9b67f2d8ca.js:0
[  235871ms] [LOG] [Progression] Master "47smw26hUyG5ZbE1bhr3" (slug: "upper_body") recalculated → Level 15, 0.00% (from 2 children, monotonic floor: computed=10 < prior=15 → clamped to 15) @ https://out-run-app-git-worktree-streng-98e01f-davids-projects-0d6e1f97.vercel.app/_next/static/chunks/9140-a3184e9b67f2d8ca.js:0
[  235904ms] [LOG] [OnboardingSync] Synced step "COMPLETED" to Firestore for user XoM8TeqSRcUTTSWCniVihSJ1tnV2 @ https://out-run-app-git-worktree-streng-98e01f-davids-projects-0d6e1f97.vercel.app/_next/static/chunks/9140-a3184e9b67f2d8ca.js:0
[  235904ms] [LOG] [Health] Sync complete. Refreshing profile before navigation... @ https://out-run-app-git-worktree-streng-98e01f-davids-projects-0d6e1f97.vercel.app/_next/static/chunks/app/onboarding-new/health/page-4fe38bf7ad79c671.js:0
[  236035ms] [INFO] [User Service] User XoM8TeqSRcUTTSWCniVihSJ1tnV2 has missing or empty equipment profile. This may affect Smart Swap functionality. Please update user equipment in the admin panel. @ https://out-run-app-git-worktree-streng-98e01f-davids-projects-0d6e1f97.vercel.app/_next/static/chunks/9140-a3184e9b67f2d8ca.js:0
[  236418ms] [WARNING] [Programs] getProgramByTemplateId: no match for "hspu" @ https://out-run-app-git-worktree-streng-98e01f-davids-projects-0d6e1f97.vercel.app/_next/static/chunks/1418-99986d9f9db67bbd.js:0
[  236528ms] [LOG] [Progression] calisthenics_upper averaging: Tier 1 skillFocusIds → [hspu, one_arm_pullup] @ https://out-run-app-git-worktree-streng-98e01f-davids-projects-0d6e1f97.vercel.app/_next/static/chunks/9140-a3184e9b67f2d8ca.js:0
[  236528ms] [WARNING] [Progression] getMasterProgramProgress: empty filter for master "calisthenics_upper" (id: "JCac76p48XGZ5MVahLI2") — 3 configured children [core, push, pull] were ALL rejected by the averaging filter. skillFocusIds: [hspu, one_arm_pullup]. Aborting recalculation to prevent level wipeout (routingEmptySkip=true). @ https://out-run-app-git-worktree-streng-98e01f-davids-projects-0d6e1f97.vercel.app/_next/static/chunks/9140-a3184e9b67f2d8ca.js:0
[  236528ms] [WARNING] [Progression] recalculateMasterLevel: ABORTED write for master "JCac76p48XGZ5MVahLI2" (slug: "calisthenics_upper") — routingEmptySkip flag set by getMasterProgramProgress. Existing level 1 preserved. Check slug map coverage for skill program hashes in subPrograms[]. @ https://out-run-app-git-worktree-streng-98e01f-davids-projects-0d6e1f97.vercel.app/_next/static/chunks/9140-a3184e9b67f2d8ca.js:0
[  236528ms] [LOG] [Progression] calisthenics_upper averaging: Tier 1 skillFocusIds → [hspu, one_arm_pullup] @ https://out-run-app-git-worktree-streng-98e01f-davids-projects-0d6e1f97.vercel.app/_next/static/chunks/9140-a3184e9b67f2d8ca.js:0
[  236528ms] [WARNING] [Progression] getMasterProgramProgress: empty filter for master "calisthenics_upper" (id: "JCac76p48XGZ5MVahLI2") — 3 configured children [core, push, pull] were ALL rejected by the averaging filter. skillFocusIds: [hspu, one_arm_pullup]. Aborting recalculation to prevent level wipeout (routingEmptySkip=true). @ https://out-run-app-git-worktree-streng-98e01f-davids-projects-0d6e1f97.vercel.app/_next/static/chunks/9140-a3184e9b67f2d8ca.js:0
[  236528ms] [WARNING] [Progression] recalculateMasterLevel: ABORTED write for master "JCac76p48XGZ5MVahLI2" (slug: "calisthenics_upper") — routingEmptySkip flag set by getMasterProgramProgress. Existing level 1 preserved. Check slug map coverage for skill program hashes in subPrograms[]. @ https://out-run-app-git-worktree-streng-98e01f-davids-projects-0d6e1f97.vercel.app/_next/static/chunks/9140-a3184e9b67f2d8ca.js:0
[  236677ms] [LOG] [Progression] Master "H2279XsRGDg9G370J7S9" (slug: "full_body") recalculated → Level 15, 0.00% (from 5 children, monotonic floor: computed=12 < prior=15 → clamped to 15) @ https://out-run-app-git-worktree-streng-98e01f-davids-projects-0d6e1f97.vercel.app/_next/static/chunks/9140-a3184e9b67f2d8ca.js:0
[  236904ms] [LOG] [Progression] Master "47smw26hUyG5ZbE1bhr3" (slug: "upper_body") recalculated → Level 15, 0.00% (from 2 children, monotonic floor: computed=10 < prior=15 → clamped to 15) @ https://out-run-app-git-worktree-streng-98e01f-davids-projects-0d6e1f97.vercel.app/_next/static/chunks/9140-a3184e9b67f2d8ca.js:0
[  236939ms] [LOG] [Progression] Master "47smw26hUyG5ZbE1bhr3" (slug: "upper_body") recalculated → Level 15, 0.00% (from 2 children, monotonic floor: computed=10 < prior=15 → clamped to 15) @ https://out-run-app-git-worktree-streng-98e01f-davids-projects-0d6e1f97.vercel.app/_next/static/chunks/9140-a3184e9b67f2d8ca.js:0
[  236978ms] [LOG] [Progression] Master "47smw26hUyG5ZbE1bhr3" (slug: "upper_body") recalculated → Level 15, 0.00% (from 2 children, monotonic floor: computed=10 < prior=15 → clamped to 15) @ https://out-run-app-git-worktree-streng-98e01f-davids-projects-0d6e1f97.vercel.app/_next/static/chunks/9140-a3184e9b67f2d8ca.js:0
[  237018ms] [LOG] [Progression] Master "47smw26hUyG5ZbE1bhr3" (slug: "upper_body") recalculated → Level 15, 0.00% (from 2 children, monotonic floor: computed=10 < prior=15 → clamped to 15) @ https://out-run-app-git-worktree-streng-98e01f-davids-projects-0d6e1f97.vercel.app/_next/static/chunks/9140-a3184e9b67f2d8ca.js:0
[  237055ms] [LOG] [Progression] Master "H2279XsRGDg9G370J7S9" (slug: "full_body") recalculated → Level 15, 0.00% (from 5 children, monotonic floor: computed=12 < prior=15 → clamped to 15) @ https://out-run-app-git-worktree-streng-98e01f-davids-projects-0d6e1f97.vercel.app/_next/static/chunks/9140-a3184e9b67f2d8ca.js:0
[  237213ms] [LOG] [Progression] Master "H2279XsRGDg9G370J7S9" (slug: "full_body") recalculated → Level 15, 0.00% (from 5 children, monotonic floor: computed=12 < prior=15 → clamped to 15) @ https://out-run-app-git-worktree-streng-98e01f-davids-projects-0d6e1f97.vercel.app/_next/static/chunks/9140-a3184e9b67f2d8ca.js:0
[  237243ms] [LOG] [Progression] Master "H2279XsRGDg9G370J7S9" (slug: "full_body") recalculated → Level 15, 0.00% (from 5 children, monotonic floor: computed=12 < prior=15 → clamped to 15) @ https://out-run-app-git-worktree-streng-98e01f-davids-projects-0d6e1f97.vercel.app/_next/static/chunks/9140-a3184e9b67f2d8ca.js:0
[  237277ms] [LOG] [Progression] Master "H2279XsRGDg9G370J7S9" (slug: "full_body") recalculated → Level 15, 0.00% (from 5 children, monotonic floor: computed=12 < prior=15 → clamped to 15) @ https://out-run-app-git-worktree-streng-98e01f-davids-projects-0d6e1f97.vercel.app/_next/static/chunks/9140-a3184e9b67f2d8ca.js:0
[  237309ms] [LOG] [Progression] Master "H2279XsRGDg9G370J7S9" (slug: "full_body") recalculated → Level 15, 0.00% (from 5 children, monotonic floor: computed=12 < prior=15 → clamped to 15) @ https://out-run-app-git-worktree-streng-98e01f-davids-projects-0d6e1f97.vercel.app/_next/static/chunks/9140-a3184e9b67f2d8ca.js:0
[  237570ms] [LOG] [Progression] calisthenics_upper averaging: Tier 1 skillFocusIds → [hspu, one_arm_pullup] @ https://out-run-app-git-worktree-streng-98e01f-davids-projects-0d6e1f97.vercel.app/_next/static/chunks/9140-a3184e9b67f2d8ca.js:0
[  237570ms] [WARNING] [Progression] getMasterProgramProgress: empty filter for master "calisthenics_upper" (id: "JCac76p48XGZ5MVahLI2") — 3 configured children [core, push, pull] were ALL rejected by the averaging filter. skillFocusIds: [hspu, one_arm_pullup]. Aborting recalculation to prevent level wipeout (routingEmptySkip=true). @ https://out-run-app-git-worktree-streng-98e01f-davids-projects-0d6e1f97.vercel.app/_next/static/chunks/9140-a3184e9b67f2d8ca.js:0
[  237570ms] [WARNING] [Progression] recalculateMasterLevel: ABORTED write for master "JCac76p48XGZ5MVahLI2" (slug: "calisthenics_upper") — routingEmptySkip flag set by getMasterProgramProgress. Existing level 1 preserved. Check slug map coverage for skill program hashes in subPrograms[]. @ https://out-run-app-git-worktree-streng-98e01f-davids-projects-0d6e1f97.vercel.app/_next/static/chunks/9140-a3184e9b67f2d8ca.js:0
[  237570ms] [LOG] [Progression] calisthenics_upper averaging: Tier 1 skillFocusIds → [hspu, one_arm_pullup] @ https://out-run-app-git-worktree-streng-98e01f-davids-projects-0d6e1f97.vercel.app/_next/static/chunks/9140-a3184e9b67f2d8ca.js:0
[  237570ms] [WARNING] [Progression] getMasterProgramProgress: empty filter for master "calisthenics_upper" (id: "JCac76p48XGZ5MVahLI2") — 3 configured children [core, push, pull] were ALL rejected by the averaging filter. skillFocusIds: [hspu, one_arm_pullup]. Aborting recalculation to prevent level wipeout (routingEmptySkip=true). @ https://out-run-app-git-worktree-streng-98e01f-davids-projects-0d6e1f97.vercel.app/_next/static/chunks/9140-a3184e9b67f2d8ca.js:0
[  237570ms] [WARNING] [Progression] recalculateMasterLevel: ABORTED write for master "JCac76p48XGZ5MVahLI2" (slug: "calisthenics_upper") — routingEmptySkip flag set by getMasterProgramProgress. Existing level 1 preserved. Check slug map coverage for skill program hashes in subPrograms[]. @ https://out-run-app-git-worktree-streng-98e01f-davids-projects-0d6e1f97.vercel.app/_next/static/chunks/9140-a3184e9b67f2d8ca.js:0
[  238151ms] [LOG] [Progression] calisthenics_upper averaging: Tier 1 skillFocusIds → [hspu, one_arm_pullup] @ https://out-run-app-git-worktree-streng-98e01f-davids-projects-0d6e1f97.vercel.app/_next/static/chunks/9140-a3184e9b67f2d8ca.js:0
[  238151ms] [WARNING] [Progression] getMasterProgramProgress: empty filter for master "calisthenics_upper" (id: "JCac76p48XGZ5MVahLI2") — 3 configured children [core, push, pull] were ALL rejected by the averaging filter. skillFocusIds: [hspu, one_arm_pullup]. Aborting recalculation to prevent level wipeout (routingEmptySkip=true). @ https://out-run-app-git-worktree-streng-98e01f-davids-projects-0d6e1f97.vercel.app/_next/static/chunks/9140-a3184e9b67f2d8ca.js:0
[  238151ms] [WARNING] [Progression] recalculateMasterLevel: ABORTED write for master "JCac76p48XGZ5MVahLI2" (slug: "calisthenics_upper") — routingEmptySkip flag set by getMasterProgramProgress. Existing level 1 preserved. Check slug map coverage for skill program hashes in subPrograms[]. @ https://out-run-app-git-worktree-streng-98e01f-davids-projects-0d6e1f97.vercel.app/_next/static/chunks/9140-a3184e9b67f2d8ca.js:0
[  238174ms] [LOG] [Progression] Master "H2279XsRGDg9G370J7S9" (slug: "full_body") recalculated → Level 15, 0.00% (from 5 children, monotonic floor: computed=12 < prior=15 → clamped to 15) @ https://out-run-app-git-worktree-streng-98e01f-davids-projects-0d6e1f97.vercel.app/_next/static/chunks/9140-a3184e9b67f2d8ca.js:0
[  238216ms] [LOG] [Progression] Master "H2279XsRGDg9G370J7S9" (slug: "full_body") recalculated → Level 15, 0.00% (from 5 children, monotonic floor: computed=12 < prior=15 → clamped to 15) @ https://out-run-app-git-worktree-streng-98e01f-davids-projects-0d6e1f97.vercel.app/_next/static/chunks/9140-a3184e9b67f2d8ca.js:0
[  238245ms] [LOG] [Progression] Master "H2279XsRGDg9G370J7S9" (slug: "full_body") recalculated → Level 15, 0.00% (from 5 children, monotonic floor: computed=12 < prior=15 → clamped to 15) @ https://out-run-app-git-worktree-streng-98e01f-davids-projects-0d6e1f97.vercel.app/_next/static/chunks/9140-a3184e9b67f2d8ca.js:0
[  238266ms] [LOG] [Progression] Master "H2279XsRGDg9G370J7S9" (slug: "full_body") recalculated → Level 15, 0.00% (from 5 children, monotonic floor: computed=12 < prior=15 → clamped to 15) @ https://out-run-app-git-worktree-streng-98e01f-davids-projects-0d6e1f97.vercel.app/_next/static/chunks/9140-a3184e9b67f2d8ca.js:0
[  238479ms] [LOG] [Progression] calisthenics_upper averaging: Tier 1 skillFocusIds → [hspu, one_arm_pullup] @ https://out-run-app-git-worktree-streng-98e01f-davids-projects-0d6e1f97.vercel.app/_next/static/chunks/9140-a3184e9b67f2d8ca.js:0
[  238479ms] [WARNING] [Progression] getMasterProgramProgress: empty filter for master "calisthenics_upper" (id: "JCac76p48XGZ5MVahLI2") — 3 configured children [core, push, pull] were ALL rejected by the averaging filter. skillFocusIds: [hspu, one_arm_pullup]. Aborting recalculation to prevent level wipeout (routingEmptySkip=true). @ https://out-run-app-git-worktree-streng-98e01f-davids-projects-0d6e1f97.vercel.app/_next/static/chunks/9140-a3184e9b67f2d8ca.js:0
[  238479ms] [WARNING] [Progression] recalculateMasterLevel: ABORTED write for master "JCac76p48XGZ5MVahLI2" (slug: "calisthenics_upper") — routingEmptySkip flag set by getMasterProgramProgress. Existing level 1 preserved. Check slug map coverage for skill program hashes in subPrograms[]. @ https://out-run-app-git-worktree-streng-98e01f-davids-projects-0d6e1f97.vercel.app/_next/static/chunks/9140-a3184e9b67f2d8ca.js:0
[  238479ms] [LOG] [Progression] calisthenics_upper averaging: Tier 1 skillFocusIds → [hspu, one_arm_pullup] @ https://out-run-app-git-worktree-streng-98e01f-davids-projects-0d6e1f97.vercel.app/_next/static/chunks/9140-a3184e9b67f2d8ca.js:0
[  238479ms] [WARNING] [Progression] getMasterProgramProgress: empty filter for master "calisthenics_upper" (id: "JCac76p48XGZ5MVahLI2") — 3 configured children [core, push, pull] were ALL rejected by the averaging filter. skillFocusIds: [hspu, one_arm_pullup]. Aborting recalculation to prevent level wipeout (routingEmptySkip=true). @ https://out-run-app-git-worktree-streng-98e01f-davids-projects-0d6e1f97.vercel.app/_next/static/chunks/9140-a3184e9b67f2d8ca.js:0
[  238479ms] [WARNING] [Progression] recalculateMasterLevel: ABORTED write for master "JCac76p48XGZ5MVahLI2" (slug: "calisthenics_upper") — routingEmptySkip flag set by getMasterProgramProgress. Existing level 1 preserved. Check slug map coverage for skill program hashes in subPrograms[]. @ https://out-run-app-git-worktree-streng-98e01f-davids-projects-0d6e1f97.vercel.app/_next/static/chunks/9140-a3184e9b67f2d8ca.js:0
[  238479ms] [LOG] [Progression] calisthenics_upper averaging: Tier 1 skillFocusIds → [hspu, one_arm_pullup] @ https://out-run-app-git-worktree-streng-98e01f-davids-projects-0d6e1f97.vercel.app/_next/static/chunks/9140-a3184e9b67f2d8ca.js:0
[  238479ms] [WARNING] [Progression] getMasterProgramProgress: empty filter for master "calisthenics_upper" (id: "JCac76p48XGZ5MVahLI2") — 3 configured children [core, push, pull] were ALL rejected by the averaging filter. skillFocusIds: [hspu, one_arm_pullup]. Aborting recalculation to prevent level wipeout (routingEmptySkip=true). @ https://out-run-app-git-worktree-streng-98e01f-davids-projects-0d6e1f97.vercel.app/_next/static/chunks/9140-a3184e9b67f2d8ca.js:0
[  238479ms] [WARNING] [Progression] recalculateMasterLevel: ABORTED write for master "JCac76p48XGZ5MVahLI2" (slug: "calisthenics_upper") — routingEmptySkip flag set by getMasterProgramProgress. Existing level 1 preserved. Check slug map coverage for skill program hashes in subPrograms[]. @ https://out-run-app-git-worktree-streng-98e01f-davids-projects-0d6e1f97.vercel.app/_next/static/chunks/9140-a3184e9b67f2d8ca.js:0
[  238479ms] [LOG] [Progression] calisthenics_upper averaging: Tier 1 skillFocusIds → [hspu, one_arm_pullup] @ https://out-run-app-git-worktree-streng-98e01f-davids-projects-0d6e1f97.vercel.app/_next/static/chunks/9140-a3184e9b67f2d8ca.js:0
[  238479ms] [WARNING] [Progression] getMasterProgramProgress: empty filter for master "calisthenics_upper" (id: "JCac76p48XGZ5MVahLI2") — 3 configured children [core, push, pull] were ALL rejected by the averaging filter. skillFocusIds: [hspu, one_arm_pullup]. Aborting recalculation to prevent level wipeout (routingEmptySkip=true). @ https://out-run-app-git-worktree-streng-98e01f-davids-projects-0d6e1f97.vercel.app/_next/static/chunks/9140-a3184e9b67f2d8ca.js:0
[  238479ms] [WARNING] [Progression] recalculateMasterLevel: ABORTED write for master "JCac76p48XGZ5MVahLI2" (slug: "calisthenics_upper") — routingEmptySkip flag set by getMasterProgramProgress. Existing level 1 preserved. Check slug map coverage for skill program hashes in subPrograms[]. @ https://out-run-app-git-worktree-streng-98e01f-davids-projects-0d6e1f97.vercel.app/_next/static/chunks/9140-a3184e9b67f2d8ca.js:0
[  238479ms] [LOG] [Progression] calisthenics_upper averaging: Tier 1 skillFocusIds → [hspu, one_arm_pullup] @ https://out-run-app-git-worktree-streng-98e01f-davids-projects-0d6e1f97.vercel.app/_next/static/chunks/9140-a3184e9b67f2d8ca.js:0
[  238479ms] [WARNING] [Progression] getMasterProgramProgress: empty filter for master "calisthenics_upper" (id: "JCac76p48XGZ5MVahLI2") — 3 configured children [core, push, pull] were ALL rejected by the averaging filter. skillFocusIds: [hspu, one_arm_pullup]. Aborting recalculation to prevent level wipeout (routingEmptySkip=true). @ https://out-run-app-git-worktree-streng-98e01f-davids-projects-0d6e1f97.vercel.app/_next/static/chunks/9140-a3184e9b67f2d8ca.js:0
[  238479ms] [WARNING] [Progression] recalculateMasterLevel: ABORTED write for master "JCac76p48XGZ5MVahLI2" (slug: "calisthenics_upper") — routingEmptySkip flag set by getMasterProgramProgress. Existing level 1 preserved. Check slug map coverage for skill program hashes in subPrograms[]. @ https://out-run-app-git-worktree-streng-98e01f-davids-projects-0d6e1f97.vercel.app/_next/static/chunks/9140-a3184e9b67f2d8ca.js:0
[  239534ms] [LOG] [Progression] Master "fTLWzjP9gH2VNpamyCZF" (slug: "muscle_up") recalculated → Level 15, 0.00% (from 2 children, monotonic floor: computed=10 < prior=15 → clamped to 15) @ https://out-run-app-git-worktree-streng-98e01f-davids-projects-0d6e1f97.vercel.app/_next/static/chunks/9140-a3184e9b67f2d8ca.js:0
[  239574ms] [LOG] [Progression] Master "fTLWzjP9gH2VNpamyCZF" (slug: "muscle_up") recalculated → Level 15, 0.00% (from 2 children, monotonic floor: computed=10 < prior=15 → clamped to 15) @ https://out-run-app-git-worktree-streng-98e01f-davids-projects-0d6e1f97.vercel.app/_next/static/chunks/9140-a3184e9b67f2d8ca.js:0
[  239602ms] [LOG] [Progression] calisthenics_upper averaging: Tier 1 skillFocusIds → [hspu, one_arm_pullup] @ https://out-run-app-git-worktree-streng-98e01f-davids-projects-0d6e1f97.vercel.app/_next/static/chunks/9140-a3184e9b67f2d8ca.js:0
[  239602ms] [WARNING] [Progression] getMasterProgramProgress: empty filter for master "calisthenics_upper" (id: "JCac76p48XGZ5MVahLI2") — 3 configured children [core, push, pull] were ALL rejected by the averaging filter. skillFocusIds: [hspu, one_arm_pullup]. Aborting recalculation to prevent level wipeout (routingEmptySkip=true). @ https://out-run-app-git-worktree-streng-98e01f-davids-projects-0d6e1f97.vercel.app/_next/static/chunks/9140-a3184e9b67f2d8ca.js:0
[  239602ms] [WARNING] [Progression] recalculateMasterLevel: ABORTED write for master "JCac76p48XGZ5MVahLI2" (slug: "calisthenics_upper") — routingEmptySkip flag set by getMasterProgramProgress. Existing level 1 preserved. Check slug map coverage for skill program hashes in subPrograms[]. @ https://out-run-app-git-worktree-streng-98e01f-davids-projects-0d6e1f97.vercel.app/_next/static/chunks/9140-a3184e9b67f2d8ca.js:0
[  239602ms] [LOG] [Progression] calisthenics_upper averaging: Tier 1 skillFocusIds → [hspu, one_arm_pullup] @ https://out-run-app-git-worktree-streng-98e01f-davids-projects-0d6e1f97.vercel.app/_next/static/chunks/9140-a3184e9b67f2d8ca.js:0
[  239602ms] [WARNING] [Progression] getMasterProgramProgress: empty filter for master "calisthenics_upper" (id: "JCac76p48XGZ5MVahLI2") — 3 configured children [core, push, pull] were ALL rejected by the averaging filter. skillFocusIds: [hspu, one_arm_pullup]. Aborting recalculation to prevent level wipeout (routingEmptySkip=true). @ https://out-run-app-git-worktree-streng-98e01f-davids-projects-0d6e1f97.vercel.app/_next/static/chunks/9140-a3184e9b67f2d8ca.js:0
[  239602ms] [WARNING] [Progression] recalculateMasterLevel: ABORTED write for master "JCac76p48XGZ5MVahLI2" (slug: "calisthenics_upper") — routingEmptySkip flag set by getMasterProgramProgress. Existing level 1 preserved. Check slug map coverage for skill program hashes in subPrograms[]. @ https://out-run-app-git-worktree-streng-98e01f-davids-projects-0d6e1f97.vercel.app/_next/static/chunks/9140-a3184e9b67f2d8ca.js:0
[  239602ms] [LOG] [Progression] calisthenics_upper averaging: Tier 1 skillFocusIds → [hspu, one_arm_pullup] @ https://out-run-app-git-worktree-streng-98e01f-davids-projects-0d6e1f97.vercel.app/_next/static/chunks/9140-a3184e9b67f2d8ca.js:0
[  239602ms] [WARNING] [Progression] getMasterProgramProgress: empty filter for master "calisthenics_upper" (id: "JCac76p48XGZ5MVahLI2") — 3 configured children [core, push, pull] were ALL rejected by the averaging filter. skillFocusIds: [hspu, one_arm_pullup]. Aborting recalculation to prevent level wipeout (routingEmptySkip=true). @ https://out-run-app-git-worktree-streng-98e01f-davids-projects-0d6e1f97.vercel.app/_next/static/chunks/9140-a3184e9b67f2d8ca.js:0
[  239602ms] [WARNING] [Progression] recalculateMasterLevel: ABORTED write for master "JCac76p48XGZ5MVahLI2" (slug: "calisthenics_upper") — routingEmptySkip flag set by getMasterProgramProgress. Existing level 1 preserved. Check slug map coverage for skill program hashes in subPrograms[]. @ https://out-run-app-git-worktree-streng-98e01f-davids-projects-0d6e1f97.vercel.app/_next/static/chunks/9140-a3184e9b67f2d8ca.js:0
[  239602ms] [LOG] [Progression] calisthenics_upper averaging: Tier 1 skillFocusIds → [hspu, one_arm_pullup] @ https://out-run-app-git-worktree-streng-98e01f-davids-projects-0d6e1f97.vercel.app/_next/static/chunks/9140-a3184e9b67f2d8ca.js:0
[  239602ms] [WARNING] [Progression] getMasterProgramProgress: empty filter for master "calisthenics_upper" (id: "JCac76p48XGZ5MVahLI2") — 3 configured children [core, push, pull] were ALL rejected by the averaging filter. skillFocusIds: [hspu, one_arm_pullup]. Aborting recalculation to prevent level wipeout (routingEmptySkip=true). @ https://out-run-app-git-worktree-streng-98e01f-davids-projects-0d6e1f97.vercel.app/_next/static/chunks/9140-a3184e9b67f2d8ca.js:0
[  239602ms] [WARNING] [Progression] recalculateMasterLevel: ABORTED write for master "JCac76p48XGZ5MVahLI2" (slug: "calisthenics_upper") — routingEmptySkip flag set by getMasterProgramProgress. Existing level 1 preserved. Check slug map coverage for skill program hashes in subPrograms[]. @ https://out-run-app-git-worktree-streng-98e01f-davids-projects-0d6e1f97.vercel.app/_next/static/chunks/9140-a3184e9b67f2d8ca.js:0
[  239606ms] [LOG] [Progression] Master "fTLWzjP9gH2VNpamyCZF" (slug: "muscle_up") recalculated → Level 15, 0.00% (from 2 children, monotonic floor: computed=10 < prior=15 → clamped to 15) @ https://out-run-app-git-worktree-streng-98e01f-davids-projects-0d6e1f97.vercel.app/_next/static/chunks/9140-a3184e9b67f2d8ca.js:0
[  239657ms] [LOG] [Progression] Master "fTLWzjP9gH2VNpamyCZF" (slug: "muscle_up") recalculated → Level 15, 0.00% (from 2 children, monotonic floor: computed=10 < prior=15 → clamped to 15) @ https://out-run-app-git-worktree-streng-98e01f-davids-projects-0d6e1f97.vercel.app/_next/static/chunks/9140-a3184e9b67f2d8ca.js:0
[  240512ms] [LOG] [Progression] Master "fTLWzjP9gH2VNpamyCZF" (slug: "muscle_up") recalculated → Level 15, 0.00% (from 2 children, monotonic floor: computed=10 < prior=15 → clamped to 15) @ https://out-run-app-git-worktree-streng-98e01f-davids-projects-0d6e1f97.vercel.app/_next/static/chunks/9140-a3184e9b67f2d8ca.js:0
[  240619ms] [LOG] [Progression] Master "fTLWzjP9gH2VNpamyCZF" (slug: "muscle_up") recalculated → Level 15, 0.00% (from 2 children, monotonic floor: computed=10 < prior=15 → clamped to 15) @ https://out-run-app-git-worktree-streng-98e01f-davids-projects-0d6e1f97.vercel.app/_next/static/chunks/9140-a3184e9b67f2d8ca.js:0
[  240647ms] [LOG] [Progression] Master "fTLWzjP9gH2VNpamyCZF" (slug: "muscle_up") recalculated → Level 15, 0.00% (from 2 children, monotonic floor: computed=10 < prior=15 → clamped to 15) @ https://out-run-app-git-worktree-streng-98e01f-davids-projects-0d6e1f97.vercel.app/_next/static/chunks/9140-a3184e9b67f2d8ca.js:0
[  240690ms] [LOG] [Progression] Master "fTLWzjP9gH2VNpamyCZF" (slug: "muscle_up") recalculated → Level 15, 0.00% (from 2 children, monotonic floor: computed=10 < prior=15 → clamped to 15) @ https://out-run-app-git-worktree-streng-98e01f-davids-projects-0d6e1f97.vercel.app/_next/static/chunks/9140-a3184e9b67f2d8ca.js:0
[  240831ms] [LOG] [Progression] Master "47smw26hUyG5ZbE1bhr3" (slug: "upper_body") recalculated → Level 15, 0.00% (from 2 children, monotonic floor: computed=10 < prior=15 → clamped to 15) @ https://out-run-app-git-worktree-streng-98e01f-davids-projects-0d6e1f97.vercel.app/_next/static/chunks/9140-a3184e9b67f2d8ca.js:0
[  240861ms] [LOG] [Progression] Master "47smw26hUyG5ZbE1bhr3" (slug: "upper_body") recalculated → Level 15, 0.00% (from 2 children, monotonic floor: computed=10 < prior=15 → clamped to 15) @ https://out-run-app-git-worktree-streng-98e01f-davids-projects-0d6e1f97.vercel.app/_next/static/chunks/9140-a3184e9b67f2d8ca.js:0
[  241615ms] [LOG] [Progression] Master "47smw26hUyG5ZbE1bhr3" (slug: "upper_body") recalculated → Level 15, 0.00% (from 2 children, monotonic floor: computed=10 < prior=15 → clamped to 15) @ https://out-run-app-git-worktree-streng-98e01f-davids-projects-0d6e1f97.vercel.app/_next/static/chunks/9140-a3184e9b67f2d8ca.js:0
[  241647ms] [LOG] [Progression] Master "47smw26hUyG5ZbE1bhr3" (slug: "upper_body") recalculated → Level 15, 0.00% (from 2 children, monotonic floor: computed=10 < prior=15 → clamped to 15) @ https://out-run-app-git-worktree-streng-98e01f-davids-projects-0d6e1f97.vercel.app/_next/static/chunks/9140-a3184e9b67f2d8ca.js:0
[  241963ms] [LOG] [Progression] Master "H2279XsRGDg9G370J7S9" (slug: "full_body") recalculated → Level 15, 0.00% (from 5 children, monotonic floor: computed=12 < prior=15 → clamped to 15) @ https://out-run-app-git-worktree-streng-98e01f-davids-projects-0d6e1f97.vercel.app/_next/static/chunks/9140-a3184e9b67f2d8ca.js:0
[  241988ms] [LOG] [Progression] Master "H2279XsRGDg9G370J7S9" (slug: "full_body") recalculated → Level 15, 0.00% (from 5 children, monotonic floor: computed=12 < prior=15 → clamped to 15) @ https://out-run-app-git-worktree-streng-98e01f-davids-projects-0d6e1f97.vercel.app/_next/static/chunks/9140-a3184e9b67f2d8ca.js:0
[  242851ms] [LOG] [Progression] Master "H2279XsRGDg9G370J7S9" (slug: "full_body") recalculated → Level 15, 0.00% (from 5 children, monotonic floor: computed=12 < prior=15 → clamped to 15) @ https://out-run-app-git-worktree-streng-98e01f-davids-projects-0d6e1f97.vercel.app/_next/static/chunks/9140-a3184e9b67f2d8ca.js:0
[  242882ms] [LOG] [Progression] Master "H2279XsRGDg9G370J7S9" (slug: "full_body") recalculated → Level 15, 0.00% (from 5 children, monotonic floor: computed=12 < prior=15 → clamped to 15) @ https://out-run-app-git-worktree-streng-98e01f-davids-projects-0d6e1f97.vercel.app/_next/static/chunks/9140-a3184e9b67f2d8ca.js:0
[  243254ms] [LOG] [Progression] calisthenics_upper averaging: Tier 1 skillFocusIds → [hspu, one_arm_pullup] @ https://out-run-app-git-worktree-streng-98e01f-davids-projects-0d6e1f97.vercel.app/_next/static/chunks/9140-a3184e9b67f2d8ca.js:0
[  243254ms] [WARNING] [Progression] getMasterProgramProgress: empty filter for master "calisthenics_upper" (id: "JCac76p48XGZ5MVahLI2") — 3 configured children [core, push, pull] were ALL rejected by the averaging filter. skillFocusIds: [hspu, one_arm_pullup]. Aborting recalculation to prevent level wipeout (routingEmptySkip=true). @ https://out-run-app-git-worktree-streng-98e01f-davids-projects-0d6e1f97.vercel.app/_next/static/chunks/9140-a3184e9b67f2d8ca.js:0
[  243254ms] [WARNING] [Progression] recalculateMasterLevel: ABORTED write for master "JCac76p48XGZ5MVahLI2" (slug: "calisthenics_upper") — routingEmptySkip flag set by getMasterProgramProgress. Existing level 1 preserved. Check slug map coverage for skill program hashes in subPrograms[]. @ https://out-run-app-git-worktree-streng-98e01f-davids-projects-0d6e1f97.vercel.app/_next/static/chunks/9140-a3184e9b67f2d8ca.js:0
[  243254ms] [LOG] [Progression] calisthenics_upper averaging: Tier 1 skillFocusIds → [hspu, one_arm_pullup] @ https://out-run-app-git-worktree-streng-98e01f-davids-projects-0d6e1f97.vercel.app/_next/static/chunks/9140-a3184e9b67f2d8ca.js:0
[  243254ms] [WARNING] [Progression] getMasterProgramProgress: empty filter for master "calisthenics_upper" (id: "JCac76p48XGZ5MVahLI2") — 3 configured children [core, push, pull] were ALL rejected by the averaging filter. skillFocusIds: [hspu, one_arm_pullup]. Aborting recalculation to prevent level wipeout (routingEmptySkip=true). @ https://out-run-app-git-worktree-streng-98e01f-davids-projects-0d6e1f97.vercel.app/_next/static/chunks/9140-a3184e9b67f2d8ca.js:0
[  243254ms] [WARNING] [Progression] recalculateMasterLevel: ABORTED write for master "JCac76p48XGZ5MVahLI2" (slug: "calisthenics_upper") — routingEmptySkip flag set by getMasterProgramProgress. Existing level 1 preserved. Check slug map coverage for skill program hashes in subPrograms[]. @ https://out-run-app-git-worktree-streng-98e01f-davids-projects-0d6e1f97.vercel.app/_next/static/chunks/9140-a3184e9b67f2d8ca.js:0
[  244113ms] [LOG] [Progression] Master "fTLWzjP9gH2VNpamyCZF" (slug: "muscle_up") recalculated → Level 15, 0.00% (from 2 children, monotonic floor: computed=10 < prior=15 → clamped to 15) @ https://out-run-app-git-worktree-streng-98e01f-davids-projects-0d6e1f97.vercel.app/_next/static/chunks/9140-a3184e9b67f2d8ca.js:0
[  244139ms] [LOG] [Progression] Master "fTLWzjP9gH2VNpamyCZF" (slug: "muscle_up") recalculated → Level 15, 0.00% (from 2 children, monotonic floor: computed=10 < prior=15 → clamped to 15) @ https://out-run-app-git-worktree-streng-98e01f-davids-projects-0d6e1f97.vercel.app/_next/static/chunks/9140-a3184e9b67f2d8ca.js:0
[  244151ms] [LOG] [Progression] calisthenics_upper averaging: Tier 1 skillFocusIds → [hspu, one_arm_pullup] @ https://out-run-app-git-worktree-streng-98e01f-davids-projects-0d6e1f97.vercel.app/_next/static/chunks/9140-a3184e9b67f2d8ca.js:0
[  244151ms] [WARNING] [Progression] getMasterProgramProgress: empty filter for master "calisthenics_upper" (id: "JCac76p48XGZ5MVahLI2") — 3 configured children [core, push, pull] were ALL rejected by the averaging filter. skillFocusIds: [hspu, one_arm_pullup]. Aborting recalculation to prevent level wipeout (routingEmptySkip=true). @ https://out-run-app-git-worktree-streng-98e01f-davids-projects-0d6e1f97.vercel.app/_next/static/chunks/9140-a3184e9b67f2d8ca.js:0
[  244151ms] [WARNING] [Progression] recalculateMasterLevel: ABORTED write for master "JCac76p48XGZ5MVahLI2" (slug: "calisthenics_upper") — routingEmptySkip flag set by getMasterProgramProgress. Existing level 1 preserved. Check slug map coverage for skill program hashes in subPrograms[]. @ https://out-run-app-git-worktree-streng-98e01f-davids-projects-0d6e1f97.vercel.app/_next/static/chunks/9140-a3184e9b67f2d8ca.js:0
[  244152ms] [LOG] [Progression] calisthenics_upper averaging: Tier 1 skillFocusIds → [hspu, one_arm_pullup] @ https://out-run-app-git-worktree-streng-98e01f-davids-projects-0d6e1f97.vercel.app/_next/static/chunks/9140-a3184e9b67f2d8ca.js:0
[  244152ms] [WARNING] [Progression] getMasterProgramProgress: empty filter for master "calisthenics_upper" (id: "JCac76p48XGZ5MVahLI2") — 3 configured children [core, push, pull] were ALL rejected by the averaging filter. skillFocusIds: [hspu, one_arm_pullup]. Aborting recalculation to prevent level wipeout (routingEmptySkip=true). @ https://out-run-app-git-worktree-streng-98e01f-davids-projects-0d6e1f97.vercel.app/_next/static/chunks/9140-a3184e9b67f2d8ca.js:0
[  244152ms] [WARNING] [Progression] recalculateMasterLevel: ABORTED write for master "JCac76p48XGZ5MVahLI2" (slug: "calisthenics_upper") — routingEmptySkip flag set by getMasterProgramProgress. Existing level 1 preserved. Check slug map coverage for skill program hashes in subPrograms[]. @ https://out-run-app-git-worktree-streng-98e01f-davids-projects-0d6e1f97.vercel.app/_next/static/chunks/9140-a3184e9b67f2d8ca.js:0
[  245059ms] [LOG] [Progression] Master "fTLWzjP9gH2VNpamyCZF" (slug: "muscle_up") recalculated → Level 15, 0.00% (from 2 children, monotonic floor: computed=10 < prior=15 → clamped to 15) @ https://out-run-app-git-worktree-streng-98e01f-davids-projects-0d6e1f97.vercel.app/_next/static/chunks/9140-a3184e9b67f2d8ca.js:0
[  245107ms] [LOG] [Progression] Master "fTLWzjP9gH2VNpamyCZF" (slug: "muscle_up") recalculated → Level 15, 0.00% (from 2 children, monotonic floor: computed=10 < prior=15 → clamped to 15) @ https://out-run-app-git-worktree-streng-98e01f-davids-projects-0d6e1f97.vercel.app/_next/static/chunks/9140-a3184e9b67f2d8ca.js:0
[  245723ms] [LOG] [Progression] Master "H2279XsRGDg9G370J7S9" (slug: "full_body") recalculated → Level 15, 0.00% (from 5 children, monotonic floor: computed=12 < prior=15 → clamped to 15) @ https://out-run-app-git-worktree-streng-98e01f-davids-projects-0d6e1f97.vercel.app/_next/static/chunks/9140-a3184e9b67f2d8ca.js:0
[  246666ms] [LOG] [Progression] Master "H2279XsRGDg9G370J7S9" (slug: "full_body") recalculated → Level 15, 0.00% (from 5 children, monotonic floor: computed=12 < prior=15 → clamped to 15) @ https://out-run-app-git-worktree-streng-98e01f-davids-projects-0d6e1f97.vercel.app/_next/static/chunks/9140-a3184e9b67f2d8ca.js:0
[  247218ms] [LOG] [Progression] Master "H2279XsRGDg9G370J7S9" (slug: "full_body") recalculated → Level 15, 0.00% (from 5 children, monotonic floor: computed=12 < prior=15 → clamped to 15) @ https://out-run-app-git-worktree-streng-98e01f-davids-projects-0d6e1f97.vercel.app/_next/static/chunks/9140-a3184e9b67f2d8ca.js:0
[  248227ms] [LOG] [Progression] Master "H2279XsRGDg9G370J7S9" (slug: "full_body") recalculated → Level 15, 0.00% (from 5 children, monotonic floor: computed=12 < prior=15 → clamped to 15) @ https://out-run-app-git-worktree-streng-98e01f-davids-projects-0d6e1f97.vercel.app/_next/static/chunks/9140-a3184e9b67f2d8ca.js:0
[  248554ms] [LOG] [Progression] calisthenics_upper averaging: Tier 1 skillFocusIds → [hspu, one_arm_pullup] @ https://out-run-app-git-worktree-streng-98e01f-davids-projects-0d6e1f97.vercel.app/_next/static/chunks/9140-a3184e9b67f2d8ca.js:0
[  248554ms] [WARNING] [Progression] getMasterProgramProgress: empty filter for master "calisthenics_upper" (id: "JCac76p48XGZ5MVahLI2") — 3 configured children [core, push, pull] were ALL rejected by the averaging filter. skillFocusIds: [hspu, one_arm_pullup]. Aborting recalculation to prevent level wipeout (routingEmptySkip=true). @ https://out-run-app-git-worktree-streng-98e01f-davids-projects-0d6e1f97.vercel.app/_next/static/chunks/9140-a3184e9b67f2d8ca.js:0
[  248554ms] [WARNING] [Progression] recalculateMasterLevel: ABORTED write for master "JCac76p48XGZ5MVahLI2" (slug: "calisthenics_upper") — routingEmptySkip flag set by getMasterProgramProgress. Existing level 1 preserved. Check slug map coverage for skill program hashes in subPrograms[]. @ https://out-run-app-git-worktree-streng-98e01f-davids-projects-0d6e1f97.vercel.app/_next/static/chunks/9140-a3184e9b67f2d8ca.js:0
[  248663ms] [LOG] ✅ [OnboardingSync] Background master program levels recalculated. @ https://out-run-app-git-worktree-streng-98e01f-davids-projects-0d6e1f97.vercel.app/_next/static/chunks/9140-a3184e9b67f2d8ca.js:0
[  249529ms] [LOG] [Progression] calisthenics_upper averaging: Tier 1 skillFocusIds → [hspu, one_arm_pullup] @ https://out-run-app-git-worktree-streng-98e01f-davids-projects-0d6e1f97.vercel.app/_next/static/chunks/9140-a3184e9b67f2d8ca.js:0
[  249529ms] [WARNING] [Progression] getMasterProgramProgress: empty filter for master "calisthenics_upper" (id: "JCac76p48XGZ5MVahLI2") — 3 configured children [core, push, pull] were ALL rejected by the averaging filter. skillFocusIds: [hspu, one_arm_pullup]. Aborting recalculation to prevent level wipeout (routingEmptySkip=true). @ https://out-run-app-git-worktree-streng-98e01f-davids-projects-0d6e1f97.vercel.app/_next/static/chunks/9140-a3184e9b67f2d8ca.js:0
[  249529ms] [WARNING] [Progression] recalculateMasterLevel: ABORTED write for master "JCac76p48XGZ5MVahLI2" (slug: "calisthenics_upper") — routingEmptySkip flag set by getMasterProgramProgress. Existing level 1 preserved. Check slug map coverage for skill program hashes in subPrograms[]. @ https://out-run-app-git-worktree-streng-98e01f-davids-projects-0d6e1f97.vercel.app/_next/static/chunks/9140-a3184e9b67f2d8ca.js:0
[  249747ms] [LOG] ✅ [OnboardingSync] Background master program levels recalculated. @ https://out-run-app-git-worktree-streng-98e01f-davids-projects-0d6e1f97.vercel.app/_next/static/chunks/9140-a3184e9b67f2d8ca.js:0
[  363798ms] [LOG] [DEBUG-PAGE] pathConfig.path: body_focus | categories passed to VisualSlider: [pull] | skipTier: true @ https://out-run-app-git-worktree-streng-98e01f-davids-projects-0d6e1f97.vercel.app/_next/static/chunks/app/onboarding-new/assessment-visual/page-b2b81a08950c73dd.js:0
[  363931ms] [LOG] [DEBUG-RESOLVER] loadCategoryMap built: {human_flag: EtY8YCol0qpF6DzgcTx1, push: J0fLpmJhG0KDN2tQouxh, core: kDMpobbKsuVTByTIKUpe, pull: UPDBtTdCvX748dtBlWYj, one_arm_pullup: cC0BOmm6KIqYAyQynEIo} @ https://out-run-app-git-worktree-streng-98e01f-davids-projects-0d6e1f97.vercel.app/_next/static/chunks/2390-dc57abc8d12f6b2f.js:0
[  363931ms] [LOG] [DEBUG-RESOLVER] Incoming Category: pull Resolved Candidate IDs: [pull, UPDBtTdCvX748dtBlWYj] @ https://out-run-app-git-worktree-streng-98e01f-davids-projects-0d6e1f97.vercel.app/_next/static/chunks/2390-dc57abc8d12f6b2f.js:0
[  363932ms] [LOG] [DEBUG-PAGE] pathConfig.path: body_focus | categories passed to VisualSlider: [pull] | skipTier: true @ https://out-run-app-git-worktree-streng-98e01f-davids-projects-0d6e1f97.vercel.app/_next/static/chunks/app/onboarding-new/assessment-visual/page-b2b81a08950c73dd.js:0
[  363933ms] [LOG] [DEBUG-RESOLVER] Incoming Category: pull Resolved Candidate IDs: [pull, UPDBtTdCvX748dtBlWYj] @ https://out-run-app-git-worktree-streng-98e01f-davids-projects-0d6e1f97.vercel.app/_next/static/chunks/2390-dc57abc8d12f6b2f.js:0
[  364072ms] [LOG] [DEBUG-FIRESTORE] Querying IDs: [pull, UPDBtTdCvX748dtBlWYj] Snapshot size returned: 25 @ https://out-run-app-git-worktree-streng-98e01f-davids-projects-0d6e1f97.vercel.app/_next/static/chunks/2390-dc57abc8d12f6b2f.js:0
[  364072ms] [LOG] [DEBUG-FIRESTORE] showInOnboarding=true levels: [1, 4, 6, 10, 14, 17, 19, 20] (8 total) @ https://out-run-app-git-worktree-streng-98e01f-davids-projects-0d6e1f97.vercel.app/_next/static/chunks/2390-dc57abc8d12f6b2f.js:0
[  364072ms] [LOG] [DEBUG-RESOLVER] Final onboarding levels for "pull": [1, 4, 6, 10, 14, 17, 19, 20] (8 total) @ https://out-run-app-git-worktree-streng-98e01f-davids-projects-0d6e1f97.vercel.app/_next/static/chunks/2390-dc57abc8d12f6b2f.js:0
[  364072ms] [LOG] [DEBUG-RESOLVER] resolveContent("pull", 1) → programId="UPDBtTdCvX748dtBlWYj" @ https://out-run-app-git-worktree-streng-98e01f-davids-projects-0d6e1f97.vercel.app/_next/static/chunks/2390-dc57abc8d12f6b2f.js:0
[  364072ms] [LOG] [DEBUG-RESOLVER] resolveContent("pull", 4) → programId="UPDBtTdCvX748dtBlWYj" @ https://out-run-app-git-worktree-streng-98e01f-davids-projects-0d6e1f97.vercel.app/_next/static/chunks/2390-dc57abc8d12f6b2f.js:0
[  364073ms] [LOG] [DEBUG-FIRESTORE] Querying IDs: [pull, UPDBtTdCvX748dtBlWYj] Snapshot size returned: 25 @ https://out-run-app-git-worktree-streng-98e01f-davids-projects-0d6e1f97.vercel.app/_next/static/chunks/2390-dc57abc8d12f6b2f.js:0
[  364073ms] [LOG] [DEBUG-FIRESTORE] showInOnboarding=true levels: [1, 4, 6, 10, 14, 17, 19, 20] (8 total) @ https://out-run-app-git-worktree-streng-98e01f-davids-projects-0d6e1f97.vercel.app/_next/static/chunks/2390-dc57abc8d12f6b2f.js:0
[  364073ms] [LOG] [DEBUG-RESOLVER] Final onboarding levels for "pull": [1, 4, 6, 10, 14, 17, 19, 20] (8 total) @ https://out-run-app-git-worktree-streng-98e01f-davids-projects-0d6e1f97.vercel.app/_next/static/chunks/2390-dc57abc8d12f6b2f.js:0
[  364073ms] [LOG] [DEBUG-RESOLVER] resolveContent("pull", 1) → programId="UPDBtTdCvX748dtBlWYj" @ https://out-run-app-git-worktree-streng-98e01f-davids-projects-0d6e1f97.vercel.app/_next/static/chunks/2390-dc57abc8d12f6b2f.js:0
[  364073ms] [LOG] [DEBUG-RESOLVER] resolveContent("pull", 4) → programId="UPDBtTdCvX748dtBlWYj" @ https://out-run-app-git-worktree-streng-98e01f-davids-projects-0d6e1f97.vercel.app/_next/static/chunks/2390-dc57abc8d12f6b2f.js:0
[  364210ms] [LOG] [VisualContentService] docToContent "UPDBtTdCvX748dtBlWYj_1": {hasVideoVariantsField: true, hasVariantsField: false, rawType: array[0], parsedVariantsCount: 0, allTopLevelKeys: Array(14)} @ https://out-run-app-git-worktree-streng-98e01f-davids-projects-0d6e1f97.vercel.app/_next/static/chunks/2390-dc57abc8d12f6b2f.js:0
[  364210ms] [LOG] [DEBUG-RESOLVER] attempt1 getVisualContentItem("UPDBtTdCvX748dtBlWYj", 1) → FOUND @ https://out-run-app-git-worktree-streng-98e01f-davids-projects-0d6e1f97.vercel.app/_next/static/chunks/2390-dc57abc8d12f6b2f.js:0
[  364210ms] [LOG] [VisualContentService] docToContent "UPDBtTdCvX748dtBlWYj_1": {hasVideoVariantsField: true, hasVariantsField: false, rawType: array[0], parsedVariantsCount: 0, allTopLevelKeys: Array(14)} @ https://out-run-app-git-worktree-streng-98e01f-davids-projects-0d6e1f97.vercel.app/_next/static/chunks/2390-dc57abc8d12f6b2f.js:0
[  364210ms] [LOG] [DEBUG-RESOLVER] attempt1 getVisualContentItem("UPDBtTdCvX748dtBlWYj", 1) → FOUND @ https://out-run-app-git-worktree-streng-98e01f-davids-projects-0d6e1f97.vercel.app/_next/static/chunks/2390-dc57abc8d12f6b2f.js:0
[  364210ms] [LOG] [VisualContentService] docToContent "UPDBtTdCvX748dtBlWYj_4": {hasVideoVariantsField: true, hasVariantsField: false, rawType: array[0], parsedVariantsCount: 0, allTopLevelKeys: Array(14)} @ https://out-run-app-git-worktree-streng-98e01f-davids-projects-0d6e1f97.vercel.app/_next/static/chunks/2390-dc57abc8d12f6b2f.js:0
[  364210ms] [LOG] [DEBUG-RESOLVER] attempt1 getVisualContentItem("UPDBtTdCvX748dtBlWYj", 4) → FOUND @ https://out-run-app-git-worktree-streng-98e01f-davids-projects-0d6e1f97.vercel.app/_next/static/chunks/2390-dc57abc8d12f6b2f.js:0
[  364210ms] [LOG] [VisualContentService] docToContent "UPDBtTdCvX748dtBlWYj_4": {hasVideoVariantsField: true, hasVariantsField: false, rawType: array[0], parsedVariantsCount: 0, allTopLevelKeys: Array(14)} @ https://out-run-app-git-worktree-streng-98e01f-davids-projects-0d6e1f97.vercel.app/_next/static/chunks/2390-dc57abc8d12f6b2f.js:0
[  364210ms] [LOG] [DEBUG-RESOLVER] attempt1 getVisualContentItem("UPDBtTdCvX748dtBlWYj", 4) → FOUND @ https://out-run-app-git-worktree-streng-98e01f-davids-projects-0d6e1f97.vercel.app/_next/static/chunks/2390-dc57abc8d12f6b2f.js:0
[  364365ms] [LOG] [ContentResolver] Level 1 — exercise video resolved: "חתירות ב-75°" → https://vz-b17872ab-7a7.b-cdn.net/90762fc3-e7d8-4070-a312-46… @ https://out-run-app-git-worktree-streng-98e01f-davids-projects-0d6e1f97.vercel.app/_next/static/chunks/2390-dc57abc8d12f6b2f.js:0
[  364365ms] [LOG] [ContentResolver] Level 1 — exercise video resolved: "חתירות ב-75°" → https://vz-b17872ab-7a7.b-cdn.net/90762fc3-e7d8-4070-a312-46… @ https://out-run-app-git-worktree-streng-98e01f-davids-projects-0d6e1f97.vercel.app/_next/static/chunks/2390-dc57abc8d12f6b2f.js:0
[  364374ms] [LOG] [ContentResolver] Level 4 — exercise video resolved: "חתירות ב-15° עם ברכיים כפופות" → https://vz-b17872ab-7a7.b-cdn.net/65b8ee9b-baf7-4ed1-834a-2f… @ https://out-run-app-git-worktree-streng-98e01f-davids-projects-0d6e1f97.vercel.app/_next/static/chunks/2390-dc57abc8d12f6b2f.js:0
[  364374ms] [LOG] [ContentResolver] Level 4 — exercise video resolved: "חתירות ב-15° עם ברכיים כפופות" → https://vz-b17872ab-7a7.b-cdn.net/65b8ee9b-baf7-4ed1-834a-2f… @ https://out-run-app-git-worktree-streng-98e01f-davids-projects-0d6e1f97.vercel.app/_next/static/chunks/2390-dc57abc8d12f6b2f.js:0
[  366107ms] [LOG] [DEBUG-RESOLVER] Incoming Category: muscle_up Resolved Candidate IDs: [muscle_up, fTLWzjP9gH2VNpamyCZF] @ https://out-run-app-git-worktree-streng-98e01f-davids-projects-0d6e1f97.vercel.app/_next/static/chunks/2390-dc57abc8d12f6b2f.js:0
[  366240ms] [LOG] [DEBUG-RESOLVER] loadCategoryMap built: {human_flag: EtY8YCol0qpF6DzgcTx1, push: J0fLpmJhG0KDN2tQouxh, core: kDMpobbKsuVTByTIKUpe, pull: UPDBtTdCvX748dtBlWYj, one_arm_pullup: cC0BOmm6KIqYAyQynEIo} @ https://out-run-app-git-worktree-streng-98e01f-davids-projects-0d6e1f97.vercel.app/_next/static/chunks/2390-dc57abc8d12f6b2f.js:0
[  366240ms] [LOG] [DEBUG-RESOLVER] Incoming Category: front_lever Resolved Candidate IDs: [front_lever, mFcuYlNgKXLqWVUFo0zt] @ https://out-run-app-git-worktree-streng-98e01f-davids-projects-0d6e1f97.vercel.app/_next/static/chunks/2390-dc57abc8d12f6b2f.js:0
[  366240ms] [LOG] [DEBUG-RESOLVER] loadCategoryMap built: {human_flag: EtY8YCol0qpF6DzgcTx1, push: J0fLpmJhG0KDN2tQouxh, core: kDMpobbKsuVTByTIKUpe, pull: UPDBtTdCvX748dtBlWYj, one_arm_pullup: cC0BOmm6KIqYAyQynEIo} @ https://out-run-app-git-worktree-streng-98e01f-davids-projects-0d6e1f97.vercel.app/_next/static/chunks/2390-dc57abc8d12f6b2f.js:0
[  366240ms] [LOG] [DEBUG-RESOLVER] Incoming Category: planche Resolved Candidate IDs: [planche, pCI5NHXpowu2ySucqDn8] @ https://out-run-app-git-worktree-streng-98e01f-davids-projects-0d6e1f97.vercel.app/_next/static/chunks/2390-dc57abc8d12f6b2f.js:0
[  366240ms] [LOG] [DEBUG-RESOLVER] loadCategoryMap built: {human_flag: EtY8YCol0qpF6DzgcTx1, push: J0fLpmJhG0KDN2tQouxh, core: kDMpobbKsuVTByTIKUpe, pull: UPDBtTdCvX748dtBlWYj, one_arm_pullup: cC0BOmm6KIqYAyQynEIo} @ https://out-run-app-git-worktree-streng-98e01f-davids-projects-0d6e1f97.vercel.app/_next/static/chunks/2390-dc57abc8d12f6b2f.js:0
[  366240ms] [LOG] [DEBUG-RESOLVER] Incoming Category: handstand Resolved Candidate IDs: [handstand, IOfBZFeorTTDkcz3tOA6] @ https://out-run-app-git-worktree-streng-98e01f-davids-projects-0d6e1f97.vercel.app/_next/static/chunks/2390-dc57abc8d12f6b2f.js:0
[  366240ms] [LOG] [DEBUG-RESOLVER] loadCategoryMap built: {human_flag: EtY8YCol0qpF6DzgcTx1, push: J0fLpmJhG0KDN2tQouxh, core: kDMpobbKsuVTByTIKUpe, pull: UPDBtTdCvX748dtBlWYj, one_arm_pullup: cC0BOmm6KIqYAyQynEIo} @ https://out-run-app-git-worktree-streng-98e01f-davids-projects-0d6e1f97.vercel.app/_next/static/chunks/2390-dc57abc8d12f6b2f.js:0
[  366240ms] [LOG] [DEBUG-RESOLVER] Incoming Category: hspu Resolved Candidate IDs: [hspu, PAxprHuT7HjqrWU4wl0T] @ https://out-run-app-git-worktree-streng-98e01f-davids-projects-0d6e1f97.vercel.app/_next/static/chunks/2390-dc57abc8d12f6b2f.js:0
[  366240ms] [LOG] [DEBUG-RESOLVER] loadCategoryMap built: {human_flag: EtY8YCol0qpF6DzgcTx1, push: J0fLpmJhG0KDN2tQouxh, core: kDMpobbKsuVTByTIKUpe, pull: UPDBtTdCvX748dtBlWYj, one_arm_pullup: cC0BOmm6KIqYAyQynEIo} @ https://out-run-app-git-worktree-streng-98e01f-davids-projects-0d6e1f97.vercel.app/_next/static/chunks/2390-dc57abc8d12f6b2f.js:0
[  366240ms] [LOG] [DEBUG-RESOLVER] Incoming Category: one_arm_pullup Resolved Candidate IDs: [one_arm_pullup, cC0BOmm6KIqYAyQynEIo] @ https://out-run-app-git-worktree-streng-98e01f-davids-projects-0d6e1f97.vercel.app/_next/static/chunks/2390-dc57abc8d12f6b2f.js:0
[  366240ms] [LOG] [DEBUG-FIRESTORE] Querying IDs: [muscle_up, fTLWzjP9gH2VNpamyCZF] Snapshot size returned: 0 @ https://out-run-app-git-worktree-streng-98e01f-davids-projects-0d6e1f97.vercel.app/_next/static/chunks/2390-dc57abc8d12f6b2f.js:0
[  366240ms] [LOG] [DEBUG-FIRESTORE] showInOnboarding=true levels: [] (0 total) @ https://out-run-app-git-worktree-streng-98e01f-davids-projects-0d6e1f97.vercel.app/_next/static/chunks/2390-dc57abc8d12f6b2f.js:0
[  366240ms] [LOG] [DEBUG-RESOLVER] Final onboarding levels for "muscle_up": [] (0 total) @ https://out-run-app-git-worktree-streng-98e01f-davids-projects-0d6e1f97.vercel.app/_next/static/chunks/2390-dc57abc8d12f6b2f.js:0
[  366377ms] [LOG] [DEBUG-FIRESTORE] Querying IDs: [front_lever, mFcuYlNgKXLqWVUFo0zt] Snapshot size returned: 15 @ https://out-run-app-git-worktree-streng-98e01f-davids-projects-0d6e1f97.vercel.app/_next/static/chunks/2390-dc57abc8d12f6b2f.js:0
[  366377ms] [LOG] [DEBUG-FIRESTORE] showInOnboarding=true levels: [1, 3, 5, 7, 9, 11, 13] (7 total) @ https://out-run-app-git-worktree-streng-98e01f-davids-projects-0d6e1f97.vercel.app/_next/static/chunks/2390-dc57abc8d12f6b2f.js:0
[  366377ms] [LOG] [DEBUG-RESOLVER] Final onboarding levels for "front_lever": [1, 3, 5, 7, 9, 11, 13] (7 total) @ https://out-run-app-git-worktree-streng-98e01f-davids-projects-0d6e1f97.vercel.app/_next/static/chunks/2390-dc57abc8d12f6b2f.js:0
[  366377ms] [LOG] [DEBUG-FIRESTORE] Querying IDs: [planche, pCI5NHXpowu2ySucqDn8] Snapshot size returned: 15 @ https://out-run-app-git-worktree-streng-98e01f-davids-projects-0d6e1f97.vercel.app/_next/static/chunks/2390-dc57abc8d12f6b2f.js:0
[  366377ms] [LOG] [DEBUG-FIRESTORE] showInOnboarding=true levels: [1, 3, 5, 7, 10, 12, 13, 14, 15] (9 total) @ https://out-run-app-git-worktree-streng-98e01f-davids-projects-0d6e1f97.vercel.app/_next/static/chunks/2390-dc57abc8d12f6b2f.js:0
[  366377ms] [LOG] [DEBUG-RESOLVER] Final onboarding levels for "planche": [1, 3, 5, 7, 10, 12, 13, 14, 15] (9 total) @ https://out-run-app-git-worktree-streng-98e01f-davids-projects-0d6e1f97.vercel.app/_next/static/chunks/2390-dc57abc8d12f6b2f.js:0
[  366377ms] [LOG] [DEBUG-FIRESTORE] Querying IDs: [handstand, IOfBZFeorTTDkcz3tOA6] Snapshot size returned: 15 @ https://out-run-app-git-worktree-streng-98e01f-davids-projects-0d6e1f97.vercel.app/_next/static/chunks/2390-dc57abc8d12f6b2f.js:0
[  366377ms] [LOG] [DEBUG-FIRESTORE] showInOnboarding=true levels: [] (0 total) @ https://out-run-app-git-worktree-streng-98e01f-davids-projects-0d6e1f97.vercel.app/_next/static/chunks/2390-dc57abc8d12f6b2f.js:0
[  366377ms] [LOG] [DEBUG-RESOLVER] Final onboarding levels for "handstand": [] (0 total) @ https://out-run-app-git-worktree-streng-98e01f-davids-projects-0d6e1f97.vercel.app/_next/static/chunks/2390-dc57abc8d12f6b2f.js:0
[  366377ms] [LOG] [DEBUG-FIRESTORE] Querying IDs: [hspu, PAxprHuT7HjqrWU4wl0T] Snapshot size returned: 15 @ https://out-run-app-git-worktree-streng-98e01f-davids-projects-0d6e1f97.vercel.app/_next/static/chunks/2390-dc57abc8d12f6b2f.js:0
[  366377ms] [LOG] [DEBUG-FIRESTORE] showInOnboarding=true levels: [1, 3, 6, 8, 9, 10, 11, 12, 13, 14, 15] (11 total) @ https://out-run-app-git-worktree-streng-98e01f-davids-projects-0d6e1f97.vercel.app/_next/static/chunks/2390-dc57abc8d12f6b2f.js:0
[  366377ms] [LOG] [DEBUG-RESOLVER] Final onboarding levels for "hspu": [1, 3, 6, 8, 9, 10, 11, 12, 13, 14, 15] (11 total) @ https://out-run-app-git-worktree-streng-98e01f-davids-projects-0d6e1f97.vercel.app/_next/static/chunks/2390-dc57abc8d12f6b2f.js:0
[  366453ms] [LOG] [DEBUG-FIRESTORE] Querying IDs: [one_arm_pullup, cC0BOmm6KIqYAyQynEIo] Snapshot size returned: 15 @ https://out-run-app-git-worktree-streng-98e01f-davids-projects-0d6e1f97.vercel.app/_next/static/chunks/2390-dc57abc8d12f6b2f.js:0
[  366454ms] [LOG] [DEBUG-FIRESTORE] showInOnboarding=true levels: [1, 4, 6, 7, 8, 10, 11, 13] (8 total) @ https://out-run-app-git-worktree-streng-98e01f-davids-projects-0d6e1f97.vercel.app/_next/static/chunks/2390-dc57abc8d12f6b2f.js:0
[  366454ms] [LOG] [DEBUG-RESOLVER] Final onboarding levels for "one_arm_pullup": [1, 4, 6, 7, 8, 10, 11, 13] (8 total) @ https://out-run-app-git-worktree-streng-98e01f-davids-projects-0d6e1f97.vercel.app/_next/static/chunks/2390-dc57abc8d12f6b2f.js:0
[  370079ms] [LOG] [DEBUG-PAGE] pathConfig.path: skills | categories passed to VisualSlider: [front_lever, core] | skipTier: true @ https://out-run-app-git-worktree-streng-98e01f-davids-projects-0d6e1f97.vercel.app/_next/static/chunks/app/onboarding-new/assessment-visual/page-b2b81a08950c73dd.js:0
[  370247ms] [LOG] [DEBUG-RESOLVER] loadCategoryMap built: {human_flag: EtY8YCol0qpF6DzgcTx1, push: J0fLpmJhG0KDN2tQouxh, core: kDMpobbKsuVTByTIKUpe, pull: UPDBtTdCvX748dtBlWYj, one_arm_pullup: cC0BOmm6KIqYAyQynEIo} @ https://out-run-app-git-worktree-streng-98e01f-davids-projects-0d6e1f97.vercel.app/_next/static/chunks/2390-dc57abc8d12f6b2f.js:0
[  370247ms] [LOG] [DEBUG-RESOLVER] Incoming Category: front_lever Resolved Candidate IDs: [front_lever, mFcuYlNgKXLqWVUFo0zt] @ https://out-run-app-git-worktree-streng-98e01f-davids-projects-0d6e1f97.vercel.app/_next/static/chunks/2390-dc57abc8d12f6b2f.js:0
[  370247ms] [LOG] [DEBUG-RESOLVER] loadCategoryMap built: {human_flag: EtY8YCol0qpF6DzgcTx1, push: J0fLpmJhG0KDN2tQouxh, core: kDMpobbKsuVTByTIKUpe, pull: UPDBtTdCvX748dtBlWYj, one_arm_pullup: cC0BOmm6KIqYAyQynEIo} @ https://out-run-app-git-worktree-streng-98e01f-davids-projects-0d6e1f97.vercel.app/_next/static/chunks/2390-dc57abc8d12f6b2f.js:0
[  370247ms] [LOG] [DEBUG-RESOLVER] Incoming Category: core Resolved Candidate IDs: [core, kDMpobbKsuVTByTIKUpe] @ https://out-run-app-git-worktree-streng-98e01f-davids-projects-0d6e1f97.vercel.app/_next/static/chunks/2390-dc57abc8d12f6b2f.js:0
[  370390ms] [LOG] [DEBUG-FIRESTORE] Querying IDs: [front_lever, mFcuYlNgKXLqWVUFo0zt] Snapshot size returned: 15 @ https://out-run-app-git-worktree-streng-98e01f-davids-projects-0d6e1f97.vercel.app/_next/static/chunks/2390-dc57abc8d12f6b2f.js:0
[  370390ms] [LOG] [DEBUG-FIRESTORE] showInOnboarding=true levels: [1, 3, 5, 7, 9, 11, 13] (7 total) @ https://out-run-app-git-worktree-streng-98e01f-davids-projects-0d6e1f97.vercel.app/_next/static/chunks/2390-dc57abc8d12f6b2f.js:0
[  370390ms] [LOG] [DEBUG-RESOLVER] Final onboarding levels for "front_lever": [1, 3, 5, 7, 9, 11, 13] (7 total) @ https://out-run-app-git-worktree-streng-98e01f-davids-projects-0d6e1f97.vercel.app/_next/static/chunks/2390-dc57abc8d12f6b2f.js:0
[  370390ms] [LOG] [DEBUG-RESOLVER] resolveContent("front_lever", 1) → programId="mFcuYlNgKXLqWVUFo0zt" @ https://out-run-app-git-worktree-streng-98e01f-davids-projects-0d6e1f97.vercel.app/_next/static/chunks/2390-dc57abc8d12f6b2f.js:0
[  370390ms] [LOG] [DEBUG-RESOLVER] resolveContent("front_lever", 3) → programId="mFcuYlNgKXLqWVUFo0zt" @ https://out-run-app-git-worktree-streng-98e01f-davids-projects-0d6e1f97.vercel.app/_next/static/chunks/2390-dc57abc8d12f6b2f.js:0
[  370390ms] [LOG] [DEBUG-FIRESTORE] Querying IDs: [core, kDMpobbKsuVTByTIKUpe] Snapshot size returned: 20 @ https://out-run-app-git-worktree-streng-98e01f-davids-projects-0d6e1f97.vercel.app/_next/static/chunks/2390-dc57abc8d12f6b2f.js:0
[  370390ms] [LOG] [DEBUG-FIRESTORE] showInOnboarding=true levels: [1, 3, 5, 7, 8, 10, 11, 14] (8 total) @ https://out-run-app-git-worktree-streng-98e01f-davids-projects-0d6e1f97.vercel.app/_next/static/chunks/2390-dc57abc8d12f6b2f.js:0
[  370390ms] [LOG] [DEBUG-RESOLVER] Final onboarding levels for "core": [1, 3, 5, 7, 8, 10, 11, 14] (8 total) @ https://out-run-app-git-worktree-streng-98e01f-davids-projects-0d6e1f97.vercel.app/_next/static/chunks/2390-dc57abc8d12f6b2f.js:0
[  370390ms] [LOG] [DEBUG-RESOLVER] resolveContent("core", 1) → programId="kDMpobbKsuVTByTIKUpe" @ https://out-run-app-git-worktree-streng-98e01f-davids-projects-0d6e1f97.vercel.app/_next/static/chunks/2390-dc57abc8d12f6b2f.js:0
[  370390ms] [LOG] [DEBUG-RESOLVER] resolveContent("core", 3) → programId="kDMpobbKsuVTByTIKUpe" @ https://out-run-app-git-worktree-streng-98e01f-davids-projects-0d6e1f97.vercel.app/_next/static/chunks/2390-dc57abc8d12f6b2f.js:0
[  370391ms] [LOG] [DEBUG-PAGE] pathConfig.path: skills | categories passed to VisualSlider: [front_lever, core] | skipTier: true @ https://out-run-app-git-worktree-streng-98e01f-davids-projects-0d6e1f97.vercel.app/_next/static/chunks/app/onboarding-new/assessment-visual/page-b2b81a08950c73dd.js:0
[  370391ms] [LOG] [DEBUG-RESOLVER] Incoming Category: front_lever Resolved Candidate IDs: [front_lever, mFcuYlNgKXLqWVUFo0zt] @ https://out-run-app-git-worktree-streng-98e01f-davids-projects-0d6e1f97.vercel.app/_next/static/chunks/2390-dc57abc8d12f6b2f.js:0
[  370391ms] [LOG] [DEBUG-RESOLVER] Incoming Category: core Resolved Candidate IDs: [core, kDMpobbKsuVTByTIKUpe] @ https://out-run-app-git-worktree-streng-98e01f-davids-projects-0d6e1f97.vercel.app/_next/static/chunks/2390-dc57abc8d12f6b2f.js:0
[  370544ms] [LOG] [VisualContentService] docToContent "mFcuYlNgKXLqWVUFo0zt_1": {hasVideoVariantsField: true, hasVariantsField: false, rawType: array[0], parsedVariantsCount: 0, allTopLevelKeys: Array(14)} @ https://out-run-app-git-worktree-streng-98e01f-davids-projects-0d6e1f97.vercel.app/_next/static/chunks/2390-dc57abc8d12f6b2f.js:0
[  370544ms] [LOG] [DEBUG-RESOLVER] attempt1 getVisualContentItem("mFcuYlNgKXLqWVUFo0zt", 1) → FOUND @ https://out-run-app-git-worktree-streng-98e01f-davids-projects-0d6e1f97.vercel.app/_next/static/chunks/2390-dc57abc8d12f6b2f.js:0
[  370545ms] [LOG] [VisualContentService] docToContent "mFcuYlNgKXLqWVUFo0zt_3": {hasVideoVariantsField: true, hasVariantsField: false, rawType: array[0], parsedVariantsCount: 0, allTopLevelKeys: Array(14)} @ https://out-run-app-git-worktree-streng-98e01f-davids-projects-0d6e1f97.vercel.app/_next/static/chunks/2390-dc57abc8d12f6b2f.js:0
[  370545ms] [LOG] [DEBUG-RESOLVER] attempt1 getVisualContentItem("mFcuYlNgKXLqWVUFo0zt", 3) → FOUND @ https://out-run-app-git-worktree-streng-98e01f-davids-projects-0d6e1f97.vercel.app/_next/static/chunks/2390-dc57abc8d12f6b2f.js:0
[  370545ms] [LOG] [VisualContentService] docToContent "kDMpobbKsuVTByTIKUpe_1": {hasVideoVariantsField: true, hasVariantsField: false, rawType: array[0], parsedVariantsCount: 0, allTopLevelKeys: Array(14)} @ https://out-run-app-git-worktree-streng-98e01f-davids-projects-0d6e1f97.vercel.app/_next/static/chunks/2390-dc57abc8d12f6b2f.js:0
[  370545ms] [LOG] [DEBUG-RESOLVER] attempt1 getVisualContentItem("kDMpobbKsuVTByTIKUpe", 1) → FOUND @ https://out-run-app-git-worktree-streng-98e01f-davids-projects-0d6e1f97.vercel.app/_next/static/chunks/2390-dc57abc8d12f6b2f.js:0
[  370545ms] [LOG] [VisualContentService] docToContent "kDMpobbKsuVTByTIKUpe_3": {hasVideoVariantsField: true, hasVariantsField: false, rawType: array[0], parsedVariantsCount: 0, allTopLevelKeys: Array(14)} @ https://out-run-app-git-worktree-streng-98e01f-davids-projects-0d6e1f97.vercel.app/_next/static/chunks/2390-dc57abc8d12f6b2f.js:0
[  370545ms] [LOG] [DEBUG-RESOLVER] attempt1 getVisualContentItem("kDMpobbKsuVTByTIKUpe", 3) → FOUND @ https://out-run-app-git-worktree-streng-98e01f-davids-projects-0d6e1f97.vercel.app/_next/static/chunks/2390-dc57abc8d12f6b2f.js:0
[  370545ms] [LOG] [DEBUG-FIRESTORE] Querying IDs: [front_lever, mFcuYlNgKXLqWVUFo0zt] Snapshot size returned: 15 @ https://out-run-app-git-worktree-streng-98e01f-davids-projects-0d6e1f97.vercel.app/_next/static/chunks/2390-dc57abc8d12f6b2f.js:0
[  370545ms] [LOG] [DEBUG-FIRESTORE] showInOnboarding=true levels: [1, 3, 5, 7, 9, 11, 13] (7 total) @ https://out-run-app-git-worktree-streng-98e01f-davids-projects-0d6e1f97.vercel.app/_next/static/chunks/2390-dc57abc8d12f6b2f.js:0
[  370545ms] [LOG] [DEBUG-RESOLVER] Final onboarding levels for "front_lever": [1, 3, 5, 7, 9, 11, 13] (7 total) @ https://out-run-app-git-worktree-streng-98e01f-davids-projects-0d6e1f97.vercel.app/_next/static/chunks/2390-dc57abc8d12f6b2f.js:0
[  370545ms] [LOG] [DEBUG-RESOLVER] resolveContent("front_lever", 1) → programId="mFcuYlNgKXLqWVUFo0zt" @ https://out-run-app-git-worktree-streng-98e01f-davids-projects-0d6e1f97.vercel.app/_next/static/chunks/2390-dc57abc8d12f6b2f.js:0
[  370545ms] [LOG] [DEBUG-RESOLVER] resolveContent("front_lever", 3) → programId="mFcuYlNgKXLqWVUFo0zt" @ https://out-run-app-git-worktree-streng-98e01f-davids-projects-0d6e1f97.vercel.app/_next/static/chunks/2390-dc57abc8d12f6b2f.js:0
[  370545ms] [LOG] [DEBUG-FIRESTORE] Querying IDs: [core, kDMpobbKsuVTByTIKUpe] Snapshot size returned: 20 @ https://out-run-app-git-worktree-streng-98e01f-davids-projects-0d6e1f97.vercel.app/_next/static/chunks/2390-dc57abc8d12f6b2f.js:0
[  370545ms] [LOG] [DEBUG-FIRESTORE] showInOnboarding=true levels: [1, 3, 5, 7, 8, 10, 11, 14] (8 total) @ https://out-run-app-git-worktree-streng-98e01f-davids-projects-0d6e1f97.vercel.app/_next/static/chunks/2390-dc57abc8d12f6b2f.js:0
[  370545ms] [LOG] [DEBUG-RESOLVER] Final onboarding levels for "core": [1, 3, 5, 7, 8, 10, 11, 14] (8 total) @ https://out-run-app-git-worktree-streng-98e01f-davids-projects-0d6e1f97.vercel.app/_next/static/chunks/2390-dc57abc8d12f6b2f.js:0
[  370545ms] [LOG] [DEBUG-RESOLVER] resolveContent("core", 1) → programId="kDMpobbKsuVTByTIKUpe" @ https://out-run-app-git-worktree-streng-98e01f-davids-projects-0d6e1f97.vercel.app/_next/static/chunks/2390-dc57abc8d12f6b2f.js:0
[  370545ms] [LOG] [DEBUG-RESOLVER] resolveContent("core", 3) → programId="kDMpobbKsuVTByTIKUpe" @ https://out-run-app-git-worktree-streng-98e01f-davids-projects-0d6e1f97.vercel.app/_next/static/chunks/2390-dc57abc8d12f6b2f.js:0
[  370668ms] [LOG] [ContentResolver] Level 1 — exercise video resolved: "מתח סופינציה" → https://vz-b17872ab-7a7.b-cdn.net/6f2db76f-5634-4fe6-bfa8-b1… @ https://out-run-app-git-worktree-streng-98e01f-davids-projects-0d6e1f97.vercel.app/_next/static/chunks/2390-dc57abc8d12f6b2f.js:0
[  370669ms] [LOG] [ContentResolver] Level 3 — exercise video resolved: "מתח רחב" → https://vz-b17872ab-7a7.b-cdn.net/b94feac8-97fa-407e-844e-cc… @ https://out-run-app-git-worktree-streng-98e01f-davids-projects-0d6e1f97.vercel.app/_next/static/chunks/2390-dc57abc8d12f6b2f.js:0
[  370669ms] [LOG] [ContentResolver] Level 1 — exercise video resolved: "פלאנק על הברכיים" → https://vz-b17872ab-7a7.b-cdn.net/3011b6ff-f251-4c7b-81f4-e2… @ https://out-run-app-git-worktree-streng-98e01f-davids-projects-0d6e1f97.vercel.app/_next/static/chunks/2390-dc57abc8d12f6b2f.js:0
[  370669ms] [LOG] [ContentResolver] Level 3 — exercise video resolved: "פלאנק עליות ונגיעות בכתפיים" → https://vz-b17872ab-7a7.b-cdn.net/4d5bc37c-3994-4574-ace7-12… @ https://out-run-app-git-worktree-streng-98e01f-davids-projects-0d6e1f97.vercel.app/_next/static/chunks/2390-dc57abc8d12f6b2f.js:0
[  370669ms] [LOG] [VisualContentService] docToContent "mFcuYlNgKXLqWVUFo0zt_1": {hasVideoVariantsField: true, hasVariantsField: false, rawType: array[0], parsedVariantsCount: 0, allTopLevelKeys: Array(14)} @ https://out-run-app-git-worktree-streng-98e01f-davids-projects-0d6e1f97.vercel.app/_next/static/chunks/2390-dc57abc8d12f6b2f.js:0
[  370669ms] [LOG] [DEBUG-RESOLVER] attempt1 getVisualContentItem("mFcuYlNgKXLqWVUFo0zt", 1) → FOUND @ https://out-run-app-git-worktree-streng-98e01f-davids-projects-0d6e1f97.vercel.app/_next/static/chunks/2390-dc57abc8d12f6b2f.js:0
[  370796ms] [LOG] [VisualContentService] docToContent "mFcuYlNgKXLqWVUFo0zt_3": {hasVideoVariantsField: true, hasVariantsField: false, rawType: array[0], parsedVariantsCount: 0, allTopLevelKeys: Array(14)} @ https://out-run-app-git-worktree-streng-98e01f-davids-projects-0d6e1f97.vercel.app/_next/static/chunks/2390-dc57abc8d12f6b2f.js:0
[  370796ms] [LOG] [DEBUG-RESOLVER] attempt1 getVisualContentItem("mFcuYlNgKXLqWVUFo0zt", 3) → FOUND @ https://out-run-app-git-worktree-streng-98e01f-davids-projects-0d6e1f97.vercel.app/_next/static/chunks/2390-dc57abc8d12f6b2f.js:0
[  370796ms] [LOG] [VisualContentService] docToContent "kDMpobbKsuVTByTIKUpe_1": {hasVideoVariantsField: true, hasVariantsField: false, rawType: array[0], parsedVariantsCount: 0, allTopLevelKeys: Array(14)} @ https://out-run-app-git-worktree-streng-98e01f-davids-projects-0d6e1f97.vercel.app/_next/static/chunks/2390-dc57abc8d12f6b2f.js:0
[  370796ms] [LOG] [DEBUG-RESOLVER] attempt1 getVisualContentItem("kDMpobbKsuVTByTIKUpe", 1) → FOUND @ https://out-run-app-git-worktree-streng-98e01f-davids-projects-0d6e1f97.vercel.app/_next/static/chunks/2390-dc57abc8d12f6b2f.js:0
[  370796ms] [LOG] [VisualContentService] docToContent "kDMpobbKsuVTByTIKUpe_3": {hasVideoVariantsField: true, hasVariantsField: false, rawType: array[0], parsedVariantsCount: 0, allTopLevelKeys: Array(14)} @ https://out-run-app-git-worktree-streng-98e01f-davids-projects-0d6e1f97.vercel.app/_next/static/chunks/2390-dc57abc8d12f6b2f.js:0
[  370796ms] [LOG] [DEBUG-RESOLVER] attempt1 getVisualContentItem("kDMpobbKsuVTByTIKUpe", 3) → FOUND @ https://out-run-app-git-worktree-streng-98e01f-davids-projects-0d6e1f97.vercel.app/_next/static/chunks/2390-dc57abc8d12f6b2f.js:0
[  370796ms] [LOG] [ContentResolver] Level 1 — exercise video resolved: "מתח סופינציה" → https://vz-b17872ab-7a7.b-cdn.net/6f2db76f-5634-4fe6-bfa8-b1… @ https://out-run-app-git-worktree-streng-98e01f-davids-projects-0d6e1f97.vercel.app/_next/static/chunks/2390-dc57abc8d12f6b2f.js:0
[  370895ms] [LOG] [ContentResolver] Level 3 — exercise video resolved: "מתח רחב" → https://vz-b17872ab-7a7.b-cdn.net/b94feac8-97fa-407e-844e-cc… @ https://out-run-app-git-worktree-streng-98e01f-davids-projects-0d6e1f97.vercel.app/_next/static/chunks/2390-dc57abc8d12f6b2f.js:0
[  370895ms] [LOG] [ContentResolver] Level 1 — exercise video resolved: "פלאנק על הברכיים" → https://vz-b17872ab-7a7.b-cdn.net/3011b6ff-f251-4c7b-81f4-e2… @ https://out-run-app-git-worktree-streng-98e01f-davids-projects-0d6e1f97.vercel.app/_next/static/chunks/2390-dc57abc8d12f6b2f.js:0
[  370896ms] [LOG] [ContentResolver] Level 3 — exercise video resolved: "פלאנק עליות ונגיעות בכתפיים" → https://vz-b17872ab-7a7.b-cdn.net/4d5bc37c-3994-4574-ace7-12… @ https://out-run-app-git-worktree-streng-98e01f-davids-projects-0d6e1f97.vercel.app/_next/static/chunks/2390-dc57abc8d12f6b2f.js:0
[  372590ms] [LOG] [DEBUG-RESOLVER] Incoming Category: front_lever Resolved Candidate IDs: [front_lever, mFcuYlNgKXLqWVUFo0zt] @ https://out-run-app-git-worktree-streng-98e01f-davids-projects-0d6e1f97.vercel.app/_next/static/chunks/2390-dc57abc8d12f6b2f.js:0
[  372711ms] [LOG] [DEBUG-FIRESTORE] Querying IDs: [front_lever, mFcuYlNgKXLqWVUFo0zt] Snapshot size returned: 15 @ https://out-run-app-git-worktree-streng-98e01f-davids-projects-0d6e1f97.vercel.app/_next/static/chunks/2390-dc57abc8d12f6b2f.js:0
[  372711ms] [LOG] [DEBUG-FIRESTORE] showInOnboarding=true levels: [1, 3, 5, 7, 9, 11, 13] (7 total) @ https://out-run-app-git-worktree-streng-98e01f-davids-projects-0d6e1f97.vercel.app/_next/static/chunks/2390-dc57abc8d12f6b2f.js:0
[  372711ms] [LOG] [DEBUG-RESOLVER] Final onboarding levels for "front_lever": [1, 3, 5, 7, 9, 11, 13] (7 total) @ https://out-run-app-git-worktree-streng-98e01f-davids-projects-0d6e1f97.vercel.app/_next/static/chunks/2390-dc57abc8d12f6b2f.js:0
[  372713ms] [LOG] [DEBUG-RESOLVER] resolveContent("front_lever", 1) → programId="mFcuYlNgKXLqWVUFo0zt" @ https://out-run-app-git-worktree-streng-98e01f-davids-projects-0d6e1f97.vercel.app/_next/static/chunks/2390-dc57abc8d12f6b2f.js:0
[  372713ms] [LOG] [DEBUG-RESOLVER] resolveContent("front_lever", 3) → programId="mFcuYlNgKXLqWVUFo0zt" @ https://out-run-app-git-worktree-streng-98e01f-davids-projects-0d6e1f97.vercel.app/_next/static/chunks/2390-dc57abc8d12f6b2f.js:0
[  372713ms] [LOG] [DEBUG-RESOLVER] resolveContent("front_lever", 5) → programId="mFcuYlNgKXLqWVUFo0zt" @ https://out-run-app-git-worktree-streng-98e01f-davids-projects-0d6e1f97.vercel.app/_next/static/chunks/2390-dc57abc8d12f6b2f.js:0
[  372713ms] [LOG] [DEBUG-RESOLVER] resolveContent("front_lever", 7) → programId="mFcuYlNgKXLqWVUFo0zt" @ https://out-run-app-git-worktree-streng-98e01f-davids-projects-0d6e1f97.vercel.app/_next/static/chunks/2390-dc57abc8d12f6b2f.js:0
[  372713ms] [LOG] [DEBUG-RESOLVER] resolveContent("front_lever", 9) → programId="mFcuYlNgKXLqWVUFo0zt" @ https://out-run-app-git-worktree-streng-98e01f-davids-projects-0d6e1f97.vercel.app/_next/static/chunks/2390-dc57abc8d12f6b2f.js:0
[  372713ms] [LOG] [DEBUG-RESOLVER] resolveContent("front_lever", 11) → programId="mFcuYlNgKXLqWVUFo0zt" @ https://out-run-app-git-worktree-streng-98e01f-davids-projects-0d6e1f97.vercel.app/_next/static/chunks/2390-dc57abc8d12f6b2f.js:0
[  372713ms] [LOG] [DEBUG-RESOLVER] resolveContent("front_lever", 13) → programId="mFcuYlNgKXLqWVUFo0zt" @ https://out-run-app-git-worktree-streng-98e01f-davids-projects-0d6e1f97.vercel.app/_next/static/chunks/2390-dc57abc8d12f6b2f.js:0
[  372713ms] [LOG] [DEBUG-RESOLVER] resolveContent("front_lever", 1) → programId="mFcuYlNgKXLqWVUFo0zt" @ https://out-run-app-git-worktree-streng-98e01f-davids-projects-0d6e1f97.vercel.app/_next/static/chunks/2390-dc57abc8d12f6b2f.js:0
[  372713ms] [LOG] [DEBUG-RESOLVER] resolveContent("front_lever", 2) → programId="mFcuYlNgKXLqWVUFo0zt" @ https://out-run-app-git-worktree-streng-98e01f-davids-projects-0d6e1f97.vercel.app/_next/static/chunks/2390-dc57abc8d12f6b2f.js:0
[  372713ms] [LOG] [DEBUG-RESOLVER] resolveContent("front_lever", 2) → programId="mFcuYlNgKXLqWVUFo0zt" @ https://out-run-app-git-worktree-streng-98e01f-davids-projects-0d6e1f97.vercel.app/_next/static/chunks/2390-dc57abc8d12f6b2f.js:0
[  372832ms] [LOG] [VisualContentService] docToContent "mFcuYlNgKXLqWVUFo0zt_5": {hasVideoVariantsField: true, hasVariantsField: false, rawType: array[0], parsedVariantsCount: 0, allTopLevelKeys: Array(14)} @ https://out-run-app-git-worktree-streng-98e01f-davids-projects-0d6e1f97.vercel.app/_next/static/chunks/2390-dc57abc8d12f6b2f.js:0
[  372832ms] [LOG] [DEBUG-RESOLVER] attempt1 getVisualContentItem("mFcuYlNgKXLqWVUFo0zt", 5) → FOUND @ https://out-run-app-git-worktree-streng-98e01f-davids-projects-0d6e1f97.vercel.app/_next/static/chunks/2390-dc57abc8d12f6b2f.js:0
[  372832ms] [LOG] [VisualContentService] docToContent "mFcuYlNgKXLqWVUFo0zt_7": {hasVideoVariantsField: true, hasVariantsField: false, rawType: array[0], parsedVariantsCount: 0, allTopLevelKeys: Array(14)} @ https://out-run-app-git-worktree-streng-98e01f-davids-projects-0d6e1f97.vercel.app/_next/static/chunks/2390-dc57abc8d12f6b2f.js:0
[  372832ms] [LOG] [DEBUG-RESOLVER] attempt1 getVisualContentItem("mFcuYlNgKXLqWVUFo0zt", 7) → FOUND @ https://out-run-app-git-worktree-streng-98e01f-davids-projects-0d6e1f97.vercel.app/_next/static/chunks/2390-dc57abc8d12f6b2f.js:0
[  372832ms] [LOG] [VisualContentService] docToContent "mFcuYlNgKXLqWVUFo0zt_9": {hasVideoVariantsField: true, hasVariantsField: false, rawType: array[0], parsedVariantsCount: 0, allTopLevelKeys: Array(14)} @ https://out-run-app-git-worktree-streng-98e01f-davids-projects-0d6e1f97.vercel.app/_next/static/chunks/2390-dc57abc8d12f6b2f.js:0
[  372832ms] [LOG] [DEBUG-RESOLVER] attempt1 getVisualContentItem("mFcuYlNgKXLqWVUFo0zt", 9) → FOUND @ https://out-run-app-git-worktree-streng-98e01f-davids-projects-0d6e1f97.vercel.app/_next/static/chunks/2390-dc57abc8d12f6b2f.js:0
[  372833ms] [LOG] [VisualContentService] docToContent "mFcuYlNgKXLqWVUFo0zt_11": {hasVideoVariantsField: true, hasVariantsField: false, rawType: array[0], parsedVariantsCount: 0, allTopLevelKeys: Array(14)} @ https://out-run-app-git-worktree-streng-98e01f-davids-projects-0d6e1f97.vercel.app/_next/static/chunks/2390-dc57abc8d12f6b2f.js:0
[  372833ms] [LOG] [DEBUG-RESOLVER] attempt1 getVisualContentItem("mFcuYlNgKXLqWVUFo0zt", 11) → FOUND @ https://out-run-app-git-worktree-streng-98e01f-davids-projects-0d6e1f97.vercel.app/_next/static/chunks/2390-dc57abc8d12f6b2f.js:0
[  372833ms] [LOG] [VisualContentService] docToContent "mFcuYlNgKXLqWVUFo0zt_13": {hasVideoVariantsField: true, hasVariantsField: false, rawType: array[0], parsedVariantsCount: 0, allTopLevelKeys: Array(14)} @ https://out-run-app-git-worktree-streng-98e01f-davids-projects-0d6e1f97.vercel.app/_next/static/chunks/2390-dc57abc8d12f6b2f.js:0
[  372833ms] [LOG] [DEBUG-RESOLVER] attempt1 getVisualContentItem("mFcuYlNgKXLqWVUFo0zt", 13) → FOUND @ https://out-run-app-git-worktree-streng-98e01f-davids-projects-0d6e1f97.vercel.app/_next/static/chunks/2390-dc57abc8d12f6b2f.js:0
[  372833ms] [LOG] [VisualContentService] docToContent "mFcuYlNgKXLqWVUFo0zt_2": {hasVideoVariantsField: true, hasVariantsField: false, rawType: array[0], parsedVariantsCount: 0, allTopLevelKeys: Array(14)} @ https://out-run-app-git-worktree-streng-98e01f-davids-projects-0d6e1f97.vercel.app/_next/static/chunks/2390-dc57abc8d12f6b2f.js:0
[  372833ms] [LOG] [DEBUG-RESOLVER] attempt1 getVisualContentItem("mFcuYlNgKXLqWVUFo0zt", 2) → FOUND @ https://out-run-app-git-worktree-streng-98e01f-davids-projects-0d6e1f97.vercel.app/_next/static/chunks/2390-dc57abc8d12f6b2f.js:0
[  372833ms] [LOG] [VisualContentService] docToContent "mFcuYlNgKXLqWVUFo0zt_2": {hasVideoVariantsField: true, hasVariantsField: false, rawType: array[0], parsedVariantsCount: 0, allTopLevelKeys: Array(14)} @ https://out-run-app-git-worktree-streng-98e01f-davids-projects-0d6e1f97.vercel.app/_next/static/chunks/2390-dc57abc8d12f6b2f.js:0
[  372833ms] [LOG] [DEBUG-RESOLVER] attempt1 getVisualContentItem("mFcuYlNgKXLqWVUFo0zt", 2) → FOUND @ https://out-run-app-git-worktree-streng-98e01f-davids-projects-0d6e1f97.vercel.app/_next/static/chunks/2390-dc57abc8d12f6b2f.js:0
[  372932ms] [LOG] [ContentResolver] Level 5 — exercise video resolved: "פרונט לבר בטאק" → https://vz-b17872ab-7a7.b-cdn.net/4492d3f7-76b8-4f6c-8bdd-e1… @ https://out-run-app-git-worktree-streng-98e01f-davids-projects-0d6e1f97.vercel.app/_next/static/chunks/2390-dc57abc8d12f6b2f.js:0
[  372932ms] [LOG] [ContentResolver] Level 7 — exercise video resolved: "פרונט לבר בטאק מתקדם" → https://vz-b17872ab-7a7.b-cdn.net/6991a593-e8da-4380-a1e1-ab… @ https://out-run-app-git-worktree-streng-98e01f-davids-projects-0d6e1f97.vercel.app/_next/static/chunks/2390-dc57abc8d12f6b2f.js:0
[  372971ms] [LOG] [ContentResolver] Level 9 — exercise video resolved: "פרונט לבר יהלום" → https://vz-b17872ab-7a7.b-cdn.net/672db07c-e6e2-4024-bbd7-ea… @ https://out-run-app-git-worktree-streng-98e01f-davids-projects-0d6e1f97.vercel.app/_next/static/chunks/2390-dc57abc8d12f6b2f.js:0
[  372971ms] [LOG] [ContentResolver] Level 11 — exercise video resolved: "פרונט לבר בפישוק" → https://vz-b17872ab-7a7.b-cdn.net/ba8207a0-78fa-49b6-bf30-f0… @ https://out-run-app-git-worktree-streng-98e01f-davids-projects-0d6e1f97.vercel.app/_next/static/chunks/2390-dc57abc8d12f6b2f.js:0
[  372971ms] [LOG] [ContentResolver] Level 13 — exercise video resolved: "פרונט לבר מלא" → https://vz-b17872ab-7a7.b-cdn.net/a0eec03c-558d-4346-99a7-6c… @ https://out-run-app-git-worktree-streng-98e01f-davids-projects-0d6e1f97.vercel.app/_next/static/chunks/2390-dc57abc8d12f6b2f.js:0
[  373034ms] [LOG] [ContentResolver] Level 2 — exercise video resolved: "מתח קומנדו" → https://vz-b17872ab-7a7.b-cdn.net/fc8e9782-ed5b-4047-9ac2-1f… @ https://out-run-app-git-worktree-streng-98e01f-davids-projects-0d6e1f97.vercel.app/_next/static/chunks/2390-dc57abc8d12f6b2f.js:0
[  373034ms] [LOG] [ContentResolver] Level 2 — exercise video resolved: "מתח קומנדו" → https://vz-b17872ab-7a7.b-cdn.net/fc8e9782-ed5b-4047-9ac2-1f… @ https://out-run-app-git-worktree-streng-98e01f-davids-projects-0d6e1f97.vercel.app/_next/static/chunks/2390-dc57abc8d12f6b2f.js:0
[  392670ms] [LOG] [DEBUG-PAGE] pathConfig.path: body_focus | categories passed to VisualSlider: [pull] | skipTier: true @ https://out-run-app-git-worktree-streng-98e01f-davids-projects-0d6e1f97.vercel.app/_next/static/chunks/app/onboarding-new/assessment-visual/page-b2b81a08950c73dd.js:0
[  392672ms] [LOG] [DEBUG-RESOLVER] Incoming Category: pull Resolved Candidate IDs: [pull, UPDBtTdCvX748dtBlWYj] @ https://out-run-app-git-worktree-streng-98e01f-davids-projects-0d6e1f97.vercel.app/_next/static/chunks/2390-dc57abc8d12f6b2f.js:0
[  392892ms] [LOG] [DEBUG-FIRESTORE] Querying IDs: [pull, UPDBtTdCvX748dtBlWYj] Snapshot size returned: 25 @ https://out-run-app-git-worktree-streng-98e01f-davids-projects-0d6e1f97.vercel.app/_next/static/chunks/2390-dc57abc8d12f6b2f.js:0
[  392892ms] [LOG] [DEBUG-FIRESTORE] showInOnboarding=true levels: [1, 4, 6, 10, 14, 17, 19, 20] (8 total) @ https://out-run-app-git-worktree-streng-98e01f-davids-projects-0d6e1f97.vercel.app/_next/static/chunks/2390-dc57abc8d12f6b2f.js:0
[  392892ms] [LOG] [DEBUG-RESOLVER] Final onboarding levels for "pull": [1, 4, 6, 10, 14, 17, 19, 20] (8 total) @ https://out-run-app-git-worktree-streng-98e01f-davids-projects-0d6e1f97.vercel.app/_next/static/chunks/2390-dc57abc8d12f6b2f.js:0
[  392892ms] [LOG] [DEBUG-RESOLVER] resolveContent("pull", 1) → programId="UPDBtTdCvX748dtBlWYj" @ https://out-run-app-git-worktree-streng-98e01f-davids-projects-0d6e1f97.vercel.app/_next/static/chunks/2390-dc57abc8d12f6b2f.js:0
[  392892ms] [LOG] [DEBUG-RESOLVER] resolveContent("pull", 4) → programId="UPDBtTdCvX748dtBlWYj" @ https://out-run-app-git-worktree-streng-98e01f-davids-projects-0d6e1f97.vercel.app/_next/static/chunks/2390-dc57abc8d12f6b2f.js:0
[  392893ms] [LOG] [DEBUG-PAGE] pathConfig.path: body_focus | categories passed to VisualSlider: [pull] | skipTier: true @ https://out-run-app-git-worktree-streng-98e01f-davids-projects-0d6e1f97.vercel.app/_next/static/chunks/app/onboarding-new/assessment-visual/page-b2b81a08950c73dd.js:0
[  392893ms] [LOG] [DEBUG-RESOLVER] Incoming Category: pull Resolved Candidate IDs: [pull, UPDBtTdCvX748dtBlWYj] @ https://out-run-app-git-worktree-streng-98e01f-davids-projects-0d6e1f97.vercel.app/_next/static/chunks/2390-dc57abc8d12f6b2f.js:0
[  392975ms] [LOG] [DEBUG-RESOLVER] Incoming Category: pull Resolved Candidate IDs: [pull, UPDBtTdCvX748dtBlWYj] @ https://out-run-app-git-worktree-streng-98e01f-davids-projects-0d6e1f97.vercel.app/_next/static/chunks/2390-dc57abc8d12f6b2f.js:0
[  393020ms] [LOG] [VisualContentService] docToContent "UPDBtTdCvX748dtBlWYj_1": {hasVideoVariantsField: true, hasVariantsField: false, rawType: array[0], parsedVariantsCount: 0, allTopLevelKeys: Array(14)} @ https://out-run-app-git-worktree-streng-98e01f-davids-projects-0d6e1f97.vercel.app/_next/static/chunks/2390-dc57abc8d12f6b2f.js:0
[  393020ms] [LOG] [DEBUG-RESOLVER] attempt1 getVisualContentItem("UPDBtTdCvX748dtBlWYj", 1) → FOUND @ https://out-run-app-git-worktree-streng-98e01f-davids-projects-0d6e1f97.vercel.app/_next/static/chunks/2390-dc57abc8d12f6b2f.js:0
[  393020ms] [LOG] [VisualContentService] docToContent "UPDBtTdCvX748dtBlWYj_4": {hasVideoVariantsField: true, hasVariantsField: false, rawType: array[0], parsedVariantsCount: 0, allTopLevelKeys: Array(14)} @ https://out-run-app-git-worktree-streng-98e01f-davids-projects-0d6e1f97.vercel.app/_next/static/chunks/2390-dc57abc8d12f6b2f.js:0
[  393020ms] [LOG] [DEBUG-RESOLVER] attempt1 getVisualContentItem("UPDBtTdCvX748dtBlWYj", 4) → FOUND @ https://out-run-app-git-worktree-streng-98e01f-davids-projects-0d6e1f97.vercel.app/_next/static/chunks/2390-dc57abc8d12f6b2f.js:0
[  393020ms] [LOG] [DEBUG-FIRESTORE] Querying IDs: [pull, UPDBtTdCvX748dtBlWYj] Snapshot size returned: 25 @ https://out-run-app-git-worktree-streng-98e01f-davids-projects-0d6e1f97.vercel.app/_next/static/chunks/2390-dc57abc8d12f6b2f.js:0
[  393021ms] [LOG] [DEBUG-FIRESTORE] showInOnboarding=true levels: [1, 4, 6, 10, 14, 17, 19, 20] (8 total) @ https://out-run-app-git-worktree-streng-98e01f-davids-projects-0d6e1f97.vercel.app/_next/static/chunks/2390-dc57abc8d12f6b2f.js:0
[  393021ms] [LOG] [DEBUG-RESOLVER] Final onboarding levels for "pull": [1, 4, 6, 10, 14, 17, 19, 20] (8 total) @ https://out-run-app-git-worktree-streng-98e01f-davids-projects-0d6e1f97.vercel.app/_next/static/chunks/2390-dc57abc8d12f6b2f.js:0
[  393021ms] [LOG] [DEBUG-RESOLVER] resolveContent("pull", 1) → programId="UPDBtTdCvX748dtBlWYj" @ https://out-run-app-git-worktree-streng-98e01f-davids-projects-0d6e1f97.vercel.app/_next/static/chunks/2390-dc57abc8d12f6b2f.js:0
[  393021ms] [LOG] [DEBUG-RESOLVER] resolveContent("pull", 4) → programId="UPDBtTdCvX748dtBlWYj" @ https://out-run-app-git-worktree-streng-98e01f-davids-projects-0d6e1f97.vercel.app/_next/static/chunks/2390-dc57abc8d12f6b2f.js:0
[  393021ms] [LOG] [DEBUG-FIRESTORE] Querying IDs: [pull, UPDBtTdCvX748dtBlWYj] Snapshot size returned: 25 @ https://out-run-app-git-worktree-streng-98e01f-davids-projects-0d6e1f97.vercel.app/_next/static/chunks/2390-dc57abc8d12f6b2f.js:0
[  393021ms] [LOG] [DEBUG-FIRESTORE] showInOnboarding=true levels: [1, 4, 6, 10, 14, 17, 19, 20] (8 total) @ https://out-run-app-git-worktree-streng-98e01f-davids-projects-0d6e1f97.vercel.app/_next/static/chunks/2390-dc57abc8d12f6b2f.js:0
[  393021ms] [LOG] [DEBUG-RESOLVER] Final onboarding levels for "pull": [1, 4, 6, 10, 14, 17, 19, 20] (8 total) @ https://out-run-app-git-worktree-streng-98e01f-davids-projects-0d6e1f97.vercel.app/_next/static/chunks/2390-dc57abc8d12f6b2f.js:0
[  393024ms] [LOG] [DEBUG-RESOLVER] resolveContent("pull", 1) → programId="UPDBtTdCvX748dtBlWYj" @ https://out-run-app-git-worktree-streng-98e01f-davids-projects-0d6e1f97.vercel.app/_next/static/chunks/2390-dc57abc8d12f6b2f.js:0
[  393024ms] [LOG] [DEBUG-RESOLVER] resolveContent("pull", 4) → programId="UPDBtTdCvX748dtBlWYj" @ https://out-run-app-git-worktree-streng-98e01f-davids-projects-0d6e1f97.vercel.app/_next/static/chunks/2390-dc57abc8d12f6b2f.js:0
[  393025ms] [LOG] [DEBUG-RESOLVER] resolveContent("pull", 6) → programId="UPDBtTdCvX748dtBlWYj" @ https://out-run-app-git-worktree-streng-98e01f-davids-projects-0d6e1f97.vercel.app/_next/static/chunks/2390-dc57abc8d12f6b2f.js:0
[  393025ms] [LOG] [DEBUG-RESOLVER] resolveContent("pull", 10) → programId="UPDBtTdCvX748dtBlWYj" @ https://out-run-app-git-worktree-streng-98e01f-davids-projects-0d6e1f97.vercel.app/_next/static/chunks/2390-dc57abc8d12f6b2f.js:0
[  393025ms] [LOG] [DEBUG-RESOLVER] resolveContent("pull", 14) → programId="UPDBtTdCvX748dtBlWYj" @ https://out-run-app-git-worktree-streng-98e01f-davids-projects-0d6e1f97.vercel.app/_next/static/chunks/2390-dc57abc8d12f6b2f.js:0
[  393025ms] [LOG] [DEBUG-RESOLVER] resolveContent("pull", 17) → programId="UPDBtTdCvX748dtBlWYj" @ https://out-run-app-git-worktree-streng-98e01f-davids-projects-0d6e1f97.vercel.app/_next/static/chunks/2390-dc57abc8d12f6b2f.js:0
[  393025ms] [LOG] [DEBUG-RESOLVER] resolveContent("pull", 19) → programId="UPDBtTdCvX748dtBlWYj" @ https://out-run-app-git-worktree-streng-98e01f-davids-projects-0d6e1f97.vercel.app/_next/static/chunks/2390-dc57abc8d12f6b2f.js:0
[  393025ms] [LOG] [DEBUG-RESOLVER] resolveContent("pull", 20) → programId="UPDBtTdCvX748dtBlWYj" @ https://out-run-app-git-worktree-streng-98e01f-davids-projects-0d6e1f97.vercel.app/_next/static/chunks/2390-dc57abc8d12f6b2f.js:0
[  393025ms] [LOG] [DEBUG-RESOLVER] resolveContent("pull", 1) → programId="UPDBtTdCvX748dtBlWYj" @ https://out-run-app-git-worktree-streng-98e01f-davids-projects-0d6e1f97.vercel.app/_next/static/chunks/2390-dc57abc8d12f6b2f.js:0
[  393188ms] [LOG] [ContentResolver] Level 1 — exercise video resolved: "חתירות ב-75°" → https://vz-b17872ab-7a7.b-cdn.net/90762fc3-e7d8-4070-a312-46… @ https://out-run-app-git-worktree-streng-98e01f-davids-projects-0d6e1f97.vercel.app/_next/static/chunks/2390-dc57abc8d12f6b2f.js:0
[  393188ms] [LOG] [ContentResolver] Level 4 — exercise video resolved: "חתירות ב-15° עם ברכיים כפופות" → https://vz-b17872ab-7a7.b-cdn.net/65b8ee9b-baf7-4ed1-834a-2f… @ https://out-run-app-git-worktree-streng-98e01f-davids-projects-0d6e1f97.vercel.app/_next/static/chunks/2390-dc57abc8d12f6b2f.js:0
[  393188ms] [LOG] [VisualContentService] docToContent "UPDBtTdCvX748dtBlWYj_1": {hasVideoVariantsField: true, hasVariantsField: false, rawType: array[0], parsedVariantsCount: 0, allTopLevelKeys: Array(14)} @ https://out-run-app-git-worktree-streng-98e01f-davids-projects-0d6e1f97.vercel.app/_next/static/chunks/2390-dc57abc8d12f6b2f.js:0
[  393188ms] [LOG] [DEBUG-RESOLVER] attempt1 getVisualContentItem("UPDBtTdCvX748dtBlWYj", 1) → FOUND @ https://out-run-app-git-worktree-streng-98e01f-davids-projects-0d6e1f97.vercel.app/_next/static/chunks/2390-dc57abc8d12f6b2f.js:0
[  393188ms] [LOG] [VisualContentService] docToContent "UPDBtTdCvX748dtBlWYj_1": {hasVideoVariantsField: true, hasVariantsField: false, rawType: array[0], parsedVariantsCount: 0, allTopLevelKeys: Array(14)} @ https://out-run-app-git-worktree-streng-98e01f-davids-projects-0d6e1f97.vercel.app/_next/static/chunks/2390-dc57abc8d12f6b2f.js:0
[  393188ms] [LOG] [DEBUG-RESOLVER] attempt1 getVisualContentItem("UPDBtTdCvX748dtBlWYj", 1) → FOUND @ https://out-run-app-git-worktree-streng-98e01f-davids-projects-0d6e1f97.vercel.app/_next/static/chunks/2390-dc57abc8d12f6b2f.js:0
[  393188ms] [LOG] [VisualContentService] docToContent "UPDBtTdCvX748dtBlWYj_1": {hasVideoVariantsField: true, hasVariantsField: false, rawType: array[0], parsedVariantsCount: 0, allTopLevelKeys: Array(14)} @ https://out-run-app-git-worktree-streng-98e01f-davids-projects-0d6e1f97.vercel.app/_next/static/chunks/2390-dc57abc8d12f6b2f.js:0
[  393188ms] [LOG] [DEBUG-RESOLVER] attempt1 getVisualContentItem("UPDBtTdCvX748dtBlWYj", 1) → FOUND @ https://out-run-app-git-worktree-streng-98e01f-davids-projects-0d6e1f97.vercel.app/_next/static/chunks/2390-dc57abc8d12f6b2f.js:0
[  393189ms] [LOG] [VisualContentService] docToContent "UPDBtTdCvX748dtBlWYj_4": {hasVideoVariantsField: true, hasVariantsField: false, rawType: array[0], parsedVariantsCount: 0, allTopLevelKeys: Array(14)} @ https://out-run-app-git-worktree-streng-98e01f-davids-projects-0d6e1f97.vercel.app/_next/static/chunks/2390-dc57abc8d12f6b2f.js:0
[  393189ms] [LOG] [DEBUG-RESOLVER] attempt1 getVisualContentItem("UPDBtTdCvX748dtBlWYj", 4) → FOUND @ https://out-run-app-git-worktree-streng-98e01f-davids-projects-0d6e1f97.vercel.app/_next/static/chunks/2390-dc57abc8d12f6b2f.js:0
[  393189ms] [LOG] [VisualContentService] docToContent "UPDBtTdCvX748dtBlWYj_4": {hasVideoVariantsField: true, hasVariantsField: false, rawType: array[0], parsedVariantsCount: 0, allTopLevelKeys: Array(14)} @ https://out-run-app-git-worktree-streng-98e01f-davids-projects-0d6e1f97.vercel.app/_next/static/chunks/2390-dc57abc8d12f6b2f.js:0
[  393189ms] [LOG] [DEBUG-RESOLVER] attempt1 getVisualContentItem("UPDBtTdCvX748dtBlWYj", 4) → FOUND @ https://out-run-app-git-worktree-streng-98e01f-davids-projects-0d6e1f97.vercel.app/_next/static/chunks/2390-dc57abc8d12f6b2f.js:0
[  393189ms] [LOG] [VisualContentService] docToContent "UPDBtTdCvX748dtBlWYj_6": {hasVideoVariantsField: true, hasVariantsField: false, rawType: array[0], parsedVariantsCount: 0, allTopLevelKeys: Array(14)} @ https://out-run-app-git-worktree-streng-98e01f-davids-projects-0d6e1f97.vercel.app/_next/static/chunks/2390-dc57abc8d12f6b2f.js:0
[  393189ms] [LOG] [DEBUG-RESOLVER] attempt1 getVisualContentItem("UPDBtTdCvX748dtBlWYj", 6) → FOUND @ https://out-run-app-git-worktree-streng-98e01f-davids-projects-0d6e1f97.vercel.app/_next/static/chunks/2390-dc57abc8d12f6b2f.js:0
[  393189ms] [LOG] [VisualContentService] docToContent "UPDBtTdCvX748dtBlWYj_10": {hasVideoVariantsField: true, hasVariantsField: false, rawType: array[0], parsedVariantsCount: 0, allTopLevelKeys: Array(14)} @ https://out-run-app-git-worktree-streng-98e01f-davids-projects-0d6e1f97.vercel.app/_next/static/chunks/2390-dc57abc8d12f6b2f.js:0
[  393189ms] [LOG] [DEBUG-RESOLVER] attempt1 getVisualContentItem("UPDBtTdCvX748dtBlWYj", 10) → FOUND @ https://out-run-app-git-worktree-streng-98e01f-davids-projects-0d6e1f97.vercel.app/_next/static/chunks/2390-dc57abc8d12f6b2f.js:0
[  393202ms] [LOG] [VisualContentService] docToContent "UPDBtTdCvX748dtBlWYj_14": {hasVideoVariantsField: true, hasVariantsField: false, rawType: array[0], parsedVariantsCount: 0, allTopLevelKeys: Array(14)} @ https://out-run-app-git-worktree-streng-98e01f-davids-projects-0d6e1f97.vercel.app/_next/static/chunks/2390-dc57abc8d12f6b2f.js:0
[  393203ms] [LOG] [DEBUG-RESOLVER] attempt1 getVisualContentItem("UPDBtTdCvX748dtBlWYj", 14) → FOUND @ https://out-run-app-git-worktree-streng-98e01f-davids-projects-0d6e1f97.vercel.app/_next/static/chunks/2390-dc57abc8d12f6b2f.js:0
[  393329ms] [LOG] [VisualContentService] docToContent "UPDBtTdCvX748dtBlWYj_17": {hasVideoVariantsField: true, hasVariantsField: false, rawType: array[0], parsedVariantsCount: 0, allTopLevelKeys: Array(14)} @ https://out-run-app-git-worktree-streng-98e01f-davids-projects-0d6e1f97.vercel.app/_next/static/chunks/2390-dc57abc8d12f6b2f.js:0
[  393329ms] [LOG] [DEBUG-RESOLVER] attempt1 getVisualContentItem("UPDBtTdCvX748dtBlWYj", 17) → FOUND @ https://out-run-app-git-worktree-streng-98e01f-davids-projects-0d6e1f97.vercel.app/_next/static/chunks/2390-dc57abc8d12f6b2f.js:0
[  393329ms] [LOG] [VisualContentService] docToContent "UPDBtTdCvX748dtBlWYj_19": {hasVideoVariantsField: true, hasVariantsField: false, rawType: array[0], parsedVariantsCount: 0, allTopLevelKeys: Array(14)} @ https://out-run-app-git-worktree-streng-98e01f-davids-projects-0d6e1f97.vercel.app/_next/static/chunks/2390-dc57abc8d12f6b2f.js:0
[  393329ms] [LOG] [DEBUG-RESOLVER] attempt1 getVisualContentItem("UPDBtTdCvX748dtBlWYj", 19) → FOUND @ https://out-run-app-git-worktree-streng-98e01f-davids-projects-0d6e1f97.vercel.app/_next/static/chunks/2390-dc57abc8d12f6b2f.js:0
[  393329ms] [LOG] [VisualContentService] docToContent "UPDBtTdCvX748dtBlWYj_20": {hasVideoVariantsField: true, hasVariantsField: false, rawType: array[0], parsedVariantsCount: 0, allTopLevelKeys: Array(14)} @ https://out-run-app-git-worktree-streng-98e01f-davids-projects-0d6e1f97.vercel.app/_next/static/chunks/2390-dc57abc8d12f6b2f.js:0
[  393329ms] [LOG] [DEBUG-RESOLVER] attempt1 getVisualContentItem("UPDBtTdCvX748dtBlWYj", 20) → FOUND @ https://out-run-app-git-worktree-streng-98e01f-davids-projects-0d6e1f97.vercel.app/_next/static/chunks/2390-dc57abc8d12f6b2f.js:0
[  393330ms] [LOG] [ContentResolver] Level 1 — exercise video resolved: "חתירות ב-75°" → https://vz-b17872ab-7a7.b-cdn.net/90762fc3-e7d8-4070-a312-46… @ https://out-run-app-git-worktree-streng-98e01f-davids-projects-0d6e1f97.vercel.app/_next/static/chunks/2390-dc57abc8d12f6b2f.js:0
[  393330ms] [LOG] [ContentResolver] Level 1 — exercise video resolved: "חתירות ב-75°" → https://vz-b17872ab-7a7.b-cdn.net/90762fc3-e7d8-4070-a312-46… @ https://out-run-app-git-worktree-streng-98e01f-davids-projects-0d6e1f97.vercel.app/_next/static/chunks/2390-dc57abc8d12f6b2f.js:0
[  393330ms] [LOG] [ContentResolver] Level 1 — exercise video resolved: "חתירות ב-75°" → https://vz-b17872ab-7a7.b-cdn.net/90762fc3-e7d8-4070-a312-46… @ https://out-run-app-git-worktree-streng-98e01f-davids-projects-0d6e1f97.vercel.app/_next/static/chunks/2390-dc57abc8d12f6b2f.js:0
[  393330ms] [LOG] [DEBUG-RESOLVER] resolveContent("pull", 2) → programId="UPDBtTdCvX748dtBlWYj" @ https://out-run-app-git-worktree-streng-98e01f-davids-projects-0d6e1f97.vercel.app/_next/static/chunks/2390-dc57abc8d12f6b2f.js:0
[  393330ms] [LOG] [DEBUG-RESOLVER] resolveContent("pull", 2) → programId="UPDBtTdCvX748dtBlWYj" @ https://out-run-app-git-worktree-streng-98e01f-davids-projects-0d6e1f97.vercel.app/_next/static/chunks/2390-dc57abc8d12f6b2f.js:0
[  393331ms] [LOG] [ContentResolver] Level 4 — exercise video resolved: "חתירות ב-15° עם ברכיים כפופות" → https://vz-b17872ab-7a7.b-cdn.net/65b8ee9b-baf7-4ed1-834a-2f… @ https://out-run-app-git-worktree-streng-98e01f-davids-projects-0d6e1f97.vercel.app/_next/static/chunks/2390-dc57abc8d12f6b2f.js:0
[  393331ms] [LOG] [ContentResolver] Level 4 — exercise video resolved: "חתירות ב-15° עם ברכיים כפופות" → https://vz-b17872ab-7a7.b-cdn.net/65b8ee9b-baf7-4ed1-834a-2f… @ https://out-run-app-git-worktree-streng-98e01f-davids-projects-0d6e1f97.vercel.app/_next/static/chunks/2390-dc57abc8d12f6b2f.js:0
[  393331ms] [LOG] [ContentResolver] Level 6 — exercise video resolved: "מתח עם גומייה עבה" → https://vz-b17872ab-7a7.b-cdn.net/6ff58ac8-9c8f-456d-9145-12… @ https://out-run-app-git-worktree-streng-98e01f-davids-projects-0d6e1f97.vercel.app/_next/static/chunks/2390-dc57abc8d12f6b2f.js:0
[  393331ms] [LOG] [ContentResolver] Level 10 — exercise video resolved: "מתח סופינציה" → https://vz-b17872ab-7a7.b-cdn.net/6f2db76f-5634-4fe6-bfa8-b1… @ https://out-run-app-git-worktree-streng-98e01f-davids-projects-0d6e1f97.vercel.app/_next/static/chunks/2390-dc57abc8d12f6b2f.js:0
[  393331ms] [LOG] [ContentResolver] Level 14 — exercise video resolved: "פרונט לבר בטאק" → https://vz-b17872ab-7a7.b-cdn.net/4492d3f7-76b8-4f6c-8bdd-e1… @ https://out-run-app-git-worktree-streng-98e01f-davids-projects-0d6e1f97.vercel.app/_next/static/chunks/2390-dc57abc8d12f6b2f.js:0
[  393482ms] [LOG] [ContentResolver] Level 17 — exercise video resolved: "מתח קשתים" → https://vz-b17872ab-7a7.b-cdn.net/fd8caf8e-0541-424e-a1c1-b5… @ https://out-run-app-git-worktree-streng-98e01f-davids-projects-0d6e1f97.vercel.app/_next/static/chunks/2390-dc57abc8d12f6b2f.js:0
[  393482ms] [LOG] [ContentResolver] Level 19 — exercise video resolved: "החזקת מתח יד אחת ב-90°" → https://vz-b17872ab-7a7.b-cdn.net/81ce89c8-cd72-488b-9f5e-77… @ https://out-run-app-git-worktree-streng-98e01f-davids-projects-0d6e1f97.vercel.app/_next/static/chunks/2390-dc57abc8d12f6b2f.js:0
[  393482ms] [LOG] [VisualContentService] docToContent "UPDBtTdCvX748dtBlWYj_19": {hasVideoVariantsField: true, hasVariantsField: false, rawType: array[0], parsedVariantsCount: 0, allTopLevelKeys: Array(14)} @ https://out-run-app-git-worktree-streng-98e01f-davids-projects-0d6e1f97.vercel.app/_next/static/chunks/2390-dc57abc8d12f6b2f.js:0
[  393488ms] [LOG] [VisualContentService] docToContent "UPDBtTdCvX748dtBlWYj_2": {hasVideoVariantsField: true, hasVariantsField: false, rawType: array[0], parsedVariantsCount: 0, allTopLevelKeys: Array(14)} @ https://out-run-app-git-worktree-streng-98e01f-davids-projects-0d6e1f97.vercel.app/_next/static/chunks/2390-dc57abc8d12f6b2f.js:0
[  393488ms] [LOG] [DEBUG-RESOLVER] attempt1 getVisualContentItem("UPDBtTdCvX748dtBlWYj", 2) → FOUND @ https://out-run-app-git-worktree-streng-98e01f-davids-projects-0d6e1f97.vercel.app/_next/static/chunks/2390-dc57abc8d12f6b2f.js:0
[  393488ms] [LOG] [VisualContentService] docToContent "UPDBtTdCvX748dtBlWYj_2": {hasVideoVariantsField: true, hasVariantsField: false, rawType: array[0], parsedVariantsCount: 0, allTopLevelKeys: Array(14)} @ https://out-run-app-git-worktree-streng-98e01f-davids-projects-0d6e1f97.vercel.app/_next/static/chunks/2390-dc57abc8d12f6b2f.js:0
[  393488ms] [LOG] [DEBUG-RESOLVER] attempt1 getVisualContentItem("UPDBtTdCvX748dtBlWYj", 2) → FOUND @ https://out-run-app-git-worktree-streng-98e01f-davids-projects-0d6e1f97.vercel.app/_next/static/chunks/2390-dc57abc8d12f6b2f.js:0
[  393590ms] [LOG] [VisualContentService] docToContent "UPDBtTdCvX748dtBlWYj_18": {hasVideoVariantsField: true, hasVariantsField: false, rawType: array[0], parsedVariantsCount: 0, allTopLevelKeys: Array(14)} @ https://out-run-app-git-worktree-streng-98e01f-davids-projects-0d6e1f97.vercel.app/_next/static/chunks/2390-dc57abc8d12f6b2f.js:0
[  393590ms] [LOG] [ContentResolver] Level 2 — exercise video resolved: "תלייה פסיבית" → https://vz-b17872ab-7a7.b-cdn.net/b4956107-60a2-4f0f-9b09-46… @ https://out-run-app-git-worktree-streng-98e01f-davids-projects-0d6e1f97.vercel.app/_next/static/chunks/2390-dc57abc8d12f6b2f.js:0
[  393590ms] [LOG] [ContentResolver] Level 2 — exercise video resolved: "תלייה פסיבית" → https://vz-b17872ab-7a7.b-cdn.net/b4956107-60a2-4f0f-9b09-46… @ https://out-run-app-git-worktree-streng-98e01f-davids-projects-0d6e1f97.vercel.app/_next/static/chunks/2390-dc57abc8d12f6b2f.js:0
[  393712ms] [LOG] [VisualContentService] docToContent "UPDBtTdCvX748dtBlWYj_17": {hasVideoVariantsField: true, hasVariantsField: false, rawType: array[0], parsedVariantsCount: 0, allTopLevelKeys: Array(14)} @ https://out-run-app-git-worktree-streng-98e01f-davids-projects-0d6e1f97.vercel.app/_next/static/chunks/2390-dc57abc8d12f6b2f.js:0
[  393856ms] [LOG] [VisualContentService] docToContent "UPDBtTdCvX748dtBlWYj_16": {hasVideoVariantsField: true, hasVariantsField: false, rawType: array[0], parsedVariantsCount: 0, allTopLevelKeys: Array(14)} @ https://out-run-app-git-worktree-streng-98e01f-davids-projects-0d6e1f97.vercel.app/_next/static/chunks/2390-dc57abc8d12f6b2f.js:0
[  394014ms] [LOG] [VisualContentService] docToContent "UPDBtTdCvX748dtBlWYj_15": {hasVideoVariantsField: true, hasVariantsField: false, rawType: array[0], parsedVariantsCount: 0, allTopLevelKeys: Array(14)} @ https://out-run-app-git-worktree-streng-98e01f-davids-projects-0d6e1f97.vercel.app/_next/static/chunks/2390-dc57abc8d12f6b2f.js:0
[  394107ms] [LOG] [VisualContentService] docToContent "UPDBtTdCvX748dtBlWYj_14": {hasVideoVariantsField: true, hasVariantsField: false, rawType: array[0], parsedVariantsCount: 0, allTopLevelKeys: Array(14)} @ https://out-run-app-git-worktree-streng-98e01f-davids-projects-0d6e1f97.vercel.app/_next/static/chunks/2390-dc57abc8d12f6b2f.js:0
[  394214ms] [LOG] [VisualContentService] docToContent "UPDBtTdCvX748dtBlWYj_13": {hasVideoVariantsField: true, hasVariantsField: false, rawType: array[0], parsedVariantsCount: 0, allTopLevelKeys: Array(14)} @ https://out-run-app-git-worktree-streng-98e01f-davids-projects-0d6e1f97.vercel.app/_next/static/chunks/2390-dc57abc8d12f6b2f.js:0
[  394334ms] [LOG] [VisualContentService] docToContent "UPDBtTdCvX748dtBlWYj_12": {hasVideoVariantsField: true, hasVariantsField: false, rawType: array[0], parsedVariantsCount: 0, allTopLevelKeys: Array(14)} @ https://out-run-app-git-worktree-streng-98e01f-davids-projects-0d6e1f97.vercel.app/_next/static/chunks/2390-dc57abc8d12f6b2f.js:0
[  394460ms] [LOG] [VisualContentService] docToContent "UPDBtTdCvX748dtBlWYj_11": {hasVideoVariantsField: true, hasVariantsField: false, rawType: array[0], parsedVariantsCount: 0, allTopLevelKeys: Array(14)} @ https://out-run-app-git-worktree-streng-98e01f-davids-projects-0d6e1f97.vercel.app/_next/static/chunks/2390-dc57abc8d12f6b2f.js:0
[  394593ms] [LOG] [VisualContentService] docToContent "UPDBtTdCvX748dtBlWYj_10": {hasVideoVariantsField: true, hasVariantsField: false, rawType: array[0], parsedVariantsCount: 0, allTopLevelKeys: Array(14)} @ https://out-run-app-git-worktree-streng-98e01f-davids-projects-0d6e1f97.vercel.app/_next/static/chunks/2390-dc57abc8d12f6b2f.js:0
[  394715ms] [LOG] [VisualContentService] docToContent "UPDBtTdCvX748dtBlWYj_9": {hasVideoVariantsField: true, hasVariantsField: false, rawType: array[0], parsedVariantsCount: 0, allTopLevelKeys: Array(14)} @ https://out-run-app-git-worktree-streng-98e01f-davids-projects-0d6e1f97.vercel.app/_next/static/chunks/2390-dc57abc8d12f6b2f.js:0
[  394838ms] [LOG] [VisualContentService] docToContent "UPDBtTdCvX748dtBlWYj_8": {hasVideoVariantsField: true, hasVariantsField: false, rawType: array[0], parsedVariantsCount: 0, allTopLevelKeys: Array(14)} @ https://out-run-app-git-worktree-streng-98e01f-davids-projects-0d6e1f97.vercel.app/_next/static/chunks/2390-dc57abc8d12f6b2f.js:0
[  394948ms] [LOG] [VisualContentService] docToContent "UPDBtTdCvX748dtBlWYj_7": {hasVideoVariantsField: true, hasVariantsField: false, rawType: array[0], parsedVariantsCount: 0, allTopLevelKeys: Array(14)} @ https://out-run-app-git-worktree-streng-98e01f-davids-projects-0d6e1f97.vercel.app/_next/static/chunks/2390-dc57abc8d12f6b2f.js:0
[  395067ms] [LOG] [VisualContentService] docToContent "UPDBtTdCvX748dtBlWYj_6": {hasVideoVariantsField: true, hasVariantsField: false, rawType: array[0], parsedVariantsCount: 0, allTopLevelKeys: Array(14)} @ https://out-run-app-git-worktree-streng-98e01f-davids-projects-0d6e1f97.vercel.app/_next/static/chunks/2390-dc57abc8d12f6b2f.js:0
[  395178ms] [LOG] [VisualContentService] docToContent "UPDBtTdCvX748dtBlWYj_5": {hasVideoVariantsField: true, hasVariantsField: false, rawType: array[0], parsedVariantsCount: 0, allTopLevelKeys: Array(14)} @ https://out-run-app-git-worktree-streng-98e01f-davids-projects-0d6e1f97.vercel.app/_next/static/chunks/2390-dc57abc8d12f6b2f.js:0
[  395296ms] [LOG] [VisualContentService] docToContent "UPDBtTdCvX748dtBlWYj_4": {hasVideoVariantsField: true, hasVariantsField: false, rawType: array[0], parsedVariantsCount: 0, allTopLevelKeys: Array(14)} @ https://out-run-app-git-worktree-streng-98e01f-davids-projects-0d6e1f97.vercel.app/_next/static/chunks/2390-dc57abc8d12f6b2f.js:0
[  395418ms] [LOG] [VisualContentService] docToContent "UPDBtTdCvX748dtBlWYj_3": {hasVideoVariantsField: true, hasVariantsField: false, rawType: array[0], parsedVariantsCount: 0, allTopLevelKeys: Array(14)} @ https://out-run-app-git-worktree-streng-98e01f-davids-projects-0d6e1f97.vercel.app/_next/static/chunks/2390-dc57abc8d12f6b2f.js:0
[  395542ms] [LOG] [VisualContentService] docToContent "UPDBtTdCvX748dtBlWYj_2": {hasVideoVariantsField: true, hasVariantsField: false, rawType: array[0], parsedVariantsCount: 0, allTopLevelKeys: Array(14)} @ https://out-run-app-git-worktree-streng-98e01f-davids-projects-0d6e1f97.vercel.app/_next/static/chunks/2390-dc57abc8d12f6b2f.js:0
[  395641ms] [LOG] [VisualContentService] docToContent "UPDBtTdCvX748dtBlWYj_1": {hasVideoVariantsField: true, hasVariantsField: false, rawType: array[0], parsedVariantsCount: 0, allTopLevelKeys: Array(14)} @ https://out-run-app-git-worktree-streng-98e01f-davids-projects-0d6e1f97.vercel.app/_next/static/chunks/2390-dc57abc8d12f6b2f.js:0
[ 1166433ms] [WARNING] [2026-09-24T12:34:04.041Z]  @firebase/auth: Auth (12.6.0): Error while retrieving App Check token: FirebaseError: AppCheck: ReCAPTCHA error. (appCheck/recaptcha-error). @ https://out-run-app-git-worktree-streng-98e01f-davids-projects-0d6e1f97.vercel.app/_next/static/chunks/2532-16f59635ee5a761a.js:14
[ 1922691ms] [LOG] [DEBUG-RESOLVER] Incoming Category: pull Resolved Candidate IDs: [pull, UPDBtTdCvX748dtBlWYj] @ https://out-run-app-git-worktree-streng-98e01f-davids-projects-0d6e1f97.vercel.app/_next/static/chunks/2390-dc57abc8d12f6b2f.js:0
[ 1922851ms] [LOG] [DEBUG-FIRESTORE] Querying IDs: [pull, UPDBtTdCvX748dtBlWYj] Snapshot size returned: 25 @ https://out-run-app-git-worktree-streng-98e01f-davids-projects-0d6e1f97.vercel.app/_next/static/chunks/2390-dc57abc8d12f6b2f.js:0
[ 1922851ms] [LOG] [DEBUG-FIRESTORE] showInOnboarding=true levels: [1, 4, 6, 10, 14, 17, 19, 20] (8 total) @ https://out-run-app-git-worktree-streng-98e01f-davids-projects-0d6e1f97.vercel.app/_next/static/chunks/2390-dc57abc8d12f6b2f.js:0
[ 1922851ms] [LOG] [DEBUG-RESOLVER] Final onboarding levels for "pull": [1, 4, 6, 10, 14, 17, 19, 20] (8 total) @ https://out-run-app-git-worktree-streng-98e01f-davids-projects-0d6e1f97.vercel.app/_next/static/chunks/2390-dc57abc8d12f6b2f.js:0
[ 1922853ms] [LOG] [DEBUG-RESOLVER] resolveContent("pull", 1) → programId="UPDBtTdCvX748dtBlWYj" @ https://out-run-app-git-worktree-streng-98e01f-davids-projects-0d6e1f97.vercel.app/_next/static/chunks/2390-dc57abc8d12f6b2f.js:0
[ 1922853ms] [LOG] [DEBUG-RESOLVER] resolveContent("pull", 4) → programId="UPDBtTdCvX748dtBlWYj" @ https://out-run-app-git-worktree-streng-98e01f-davids-projects-0d6e1f97.vercel.app/_next/static/chunks/2390-dc57abc8d12f6b2f.js:0
[ 1922853ms] [LOG] [DEBUG-RESOLVER] resolveContent("pull", 6) → programId="UPDBtTdCvX748dtBlWYj" @ https://out-run-app-git-worktree-streng-98e01f-davids-projects-0d6e1f97.vercel.app/_next/static/chunks/2390-dc57abc8d12f6b2f.js:0
[ 1922853ms] [LOG] [DEBUG-RESOLVER] resolveContent("pull", 10) → programId="UPDBtTdCvX748dtBlWYj" @ https://out-run-app-git-worktree-streng-98e01f-davids-projects-0d6e1f97.vercel.app/_next/static/chunks/2390-dc57abc8d12f6b2f.js:0
[ 1922853ms] [LOG] [DEBUG-RESOLVER] resolveContent("pull", 14) → programId="UPDBtTdCvX748dtBlWYj" @ https://out-run-app-git-worktree-streng-98e01f-davids-projects-0d6e1f97.vercel.app/_next/static/chunks/2390-dc57abc8d12f6b2f.js:0
[ 1922853ms] [LOG] [DEBUG-RESOLVER] resolveContent("pull", 17) → programId="UPDBtTdCvX748dtBlWYj" @ https://out-run-app-git-worktree-streng-98e01f-davids-projects-0d6e1f97.vercel.app/_next/static/chunks/2390-dc57abc8d12f6b2f.js:0
[ 1922853ms] [LOG] [DEBUG-RESOLVER] resolveContent("pull", 19) → programId="UPDBtTdCvX748dtBlWYj" @ https://out-run-app-git-worktree-streng-98e01f-davids-projects-0d6e1f97.vercel.app/_next/static/chunks/2390-dc57abc8d12f6b2f.js:0
[ 1922853ms] [LOG] [DEBUG-RESOLVER] resolveContent("pull", 20) → programId="UPDBtTdCvX748dtBlWYj" @ https://out-run-app-git-worktree-streng-98e01f-davids-projects-0d6e1f97.vercel.app/_next/static/chunks/2390-dc57abc8d12f6b2f.js:0
[ 1922853ms] [LOG] [DEBUG-RESOLVER] resolveContent("pull", 1) → programId="UPDBtTdCvX748dtBlWYj" @ https://out-run-app-git-worktree-streng-98e01f-davids-projects-0d6e1f97.vercel.app/_next/static/chunks/2390-dc57abc8d12f6b2f.js:0
[ 1922986ms] [LOG] [VisualContentService] docToContent "UPDBtTdCvX748dtBlWYj_1": {hasVideoVariantsField: true, hasVariantsField: false, rawType: array[0], parsedVariantsCount: 0, allTopLevelKeys: Array(14)} @ https://out-run-app-git-worktree-streng-98e01f-davids-projects-0d6e1f97.vercel.app/_next/static/chunks/2390-dc57abc8d12f6b2f.js:0
[ 1922986ms] [LOG] [DEBUG-RESOLVER] attempt1 getVisualContentItem("UPDBtTdCvX748dtBlWYj", 1) → FOUND @ https://out-run-app-git-worktree-streng-98e01f-davids-projects-0d6e1f97.vercel.app/_next/static/chunks/2390-dc57abc8d12f6b2f.js:0
[ 1922986ms] [LOG] [VisualContentService] docToContent "UPDBtTdCvX748dtBlWYj_1": {hasVideoVariantsField: true, hasVariantsField: false, rawType: array[0], parsedVariantsCount: 0, allTopLevelKeys: Array(14)} @ https://out-run-app-git-worktree-streng-98e01f-davids-projects-0d6e1f97.vercel.app/_next/static/chunks/2390-dc57abc8d12f6b2f.js:0
[ 1922986ms] [LOG] [DEBUG-RESOLVER] attempt1 getVisualContentItem("UPDBtTdCvX748dtBlWYj", 1) → FOUND @ https://out-run-app-git-worktree-streng-98e01f-davids-projects-0d6e1f97.vercel.app/_next/static/chunks/2390-dc57abc8d12f6b2f.js:0
[ 1923106ms] [LOG] [VisualContentService] docToContent "UPDBtTdCvX748dtBlWYj_4": {hasVideoVariantsField: true, hasVariantsField: false, rawType: array[0], parsedVariantsCount: 0, allTopLevelKeys: Array(14)} @ https://out-run-app-git-worktree-streng-98e01f-davids-projects-0d6e1f97.vercel.app/_next/static/chunks/2390-dc57abc8d12f6b2f.js:0
[ 1923106ms] [LOG] [DEBUG-RESOLVER] attempt1 getVisualContentItem("UPDBtTdCvX748dtBlWYj", 4) → FOUND @ https://out-run-app-git-worktree-streng-98e01f-davids-projects-0d6e1f97.vercel.app/_next/static/chunks/2390-dc57abc8d12f6b2f.js:0
[ 1923106ms] [LOG] [VisualContentService] docToContent "UPDBtTdCvX748dtBlWYj_6": {hasVideoVariantsField: true, hasVariantsField: false, rawType: array[0], parsedVariantsCount: 0, allTopLevelKeys: Array(14)} @ https://out-run-app-git-worktree-streng-98e01f-davids-projects-0d6e1f97.vercel.app/_next/static/chunks/2390-dc57abc8d12f6b2f.js:0
[ 1923106ms] [LOG] [DEBUG-RESOLVER] attempt1 getVisualContentItem("UPDBtTdCvX748dtBlWYj", 6) → FOUND @ https://out-run-app-git-worktree-streng-98e01f-davids-projects-0d6e1f97.vercel.app/_next/static/chunks/2390-dc57abc8d12f6b2f.js:0
[ 1923106ms] [LOG] [VisualContentService] docToContent "UPDBtTdCvX748dtBlWYj_10": {hasVideoVariantsField: true, hasVariantsField: false, rawType: array[0], parsedVariantsCount: 0, allTopLevelKeys: Array(14)} @ https://out-run-app-git-worktree-streng-98e01f-davids-projects-0d6e1f97.vercel.app/_next/static/chunks/2390-dc57abc8d12f6b2f.js:0
[ 1923106ms] [LOG] [DEBUG-RESOLVER] attempt1 getVisualContentItem("UPDBtTdCvX748dtBlWYj", 10) → FOUND @ https://out-run-app-git-worktree-streng-98e01f-davids-projects-0d6e1f97.vercel.app/_next/static/chunks/2390-dc57abc8d12f6b2f.js:0
[ 1923106ms] [LOG] [VisualContentService] docToContent "UPDBtTdCvX748dtBlWYj_14": {hasVideoVariantsField: true, hasVariantsField: false, rawType: array[0], parsedVariantsCount: 0, allTopLevelKeys: Array(14)} @ https://out-run-app-git-worktree-streng-98e01f-davids-projects-0d6e1f97.vercel.app/_next/static/chunks/2390-dc57abc8d12f6b2f.js:0
[ 1923106ms] [LOG] [DEBUG-RESOLVER] attempt1 getVisualContentItem("UPDBtTdCvX748dtBlWYj", 14) → FOUND @ https://out-run-app-git-worktree-streng-98e01f-davids-projects-0d6e1f97.vercel.app/_next/static/chunks/2390-dc57abc8d12f6b2f.js:0
[ 1923106ms] [LOG] [VisualContentService] docToContent "UPDBtTdCvX748dtBlWYj_17": {hasVideoVariantsField: true, hasVariantsField: false, rawType: array[0], parsedVariantsCount: 0, allTopLevelKeys: Array(14)} @ https://out-run-app-git-worktree-streng-98e01f-davids-projects-0d6e1f97.vercel.app/_next/static/chunks/2390-dc57abc8d12f6b2f.js:0
[ 1923106ms] [LOG] [DEBUG-RESOLVER] attempt1 getVisualContentItem("UPDBtTdCvX748dtBlWYj", 17) → FOUND @ https://out-run-app-git-worktree-streng-98e01f-davids-projects-0d6e1f97.vercel.app/_next/static/chunks/2390-dc57abc8d12f6b2f.js:0
[ 1923106ms] [LOG] [VisualContentService] docToContent "UPDBtTdCvX748dtBlWYj_19": {hasVideoVariantsField: true, hasVariantsField: false, rawType: array[0], parsedVariantsCount: 0, allTopLevelKeys: Array(14)} @ https://out-run-app-git-worktree-streng-98e01f-davids-projects-0d6e1f97.vercel.app/_next/static/chunks/2390-dc57abc8d12f6b2f.js:0
[ 1923106ms] [LOG] [DEBUG-RESOLVER] attempt1 getVisualContentItem("UPDBtTdCvX748dtBlWYj", 19) → FOUND @ https://out-run-app-git-worktree-streng-98e01f-davids-projects-0d6e1f97.vercel.app/_next/static/chunks/2390-dc57abc8d12f6b2f.js:0
[ 1923106ms] [LOG] [VisualContentService] docToContent "UPDBtTdCvX748dtBlWYj_20": {hasVideoVariantsField: true, hasVariantsField: false, rawType: array[0], parsedVariantsCount: 0, allTopLevelKeys: Array(14)} @ https://out-run-app-git-worktree-streng-98e01f-davids-projects-0d6e1f97.vercel.app/_next/static/chunks/2390-dc57abc8d12f6b2f.js:0
[ 1923106ms] [LOG] [DEBUG-RESOLVER] attempt1 getVisualContentItem("UPDBtTdCvX748dtBlWYj", 20) → FOUND @ https://out-run-app-git-worktree-streng-98e01f-davids-projects-0d6e1f97.vercel.app/_next/static/chunks/2390-dc57abc8d12f6b2f.js:0
[ 1923119ms] [LOG] [ContentResolver] Level 1 — exercise video resolved: "חתירות ב-75°" → https://vz-b17872ab-7a7.b-cdn.net/90762fc3-e7d8-4070-a312-46… @ https://out-run-app-git-worktree-streng-98e01f-davids-projects-0d6e1f97.vercel.app/_next/static/chunks/2390-dc57abc8d12f6b2f.js:0
[ 1923119ms] [LOG] [ContentResolver] Level 1 — exercise video resolved: "חתירות ב-75°" → https://vz-b17872ab-7a7.b-cdn.net/90762fc3-e7d8-4070-a312-46… @ https://out-run-app-git-worktree-streng-98e01f-davids-projects-0d6e1f97.vercel.app/_next/static/chunks/2390-dc57abc8d12f6b2f.js:0
[ 1923119ms] [LOG] [DEBUG-RESOLVER] resolveContent("pull", 2) → programId="UPDBtTdCvX748dtBlWYj" @ https://out-run-app-git-worktree-streng-98e01f-davids-projects-0d6e1f97.vercel.app/_next/static/chunks/2390-dc57abc8d12f6b2f.js:0
[ 1923119ms] [LOG] [DEBUG-RESOLVER] resolveContent("pull", 2) → programId="UPDBtTdCvX748dtBlWYj" @ https://out-run-app-git-worktree-streng-98e01f-davids-projects-0d6e1f97.vercel.app/_next/static/chunks/2390-dc57abc8d12f6b2f.js:0
[ 1923282ms] [LOG] [ContentResolver] Level 4 — exercise video resolved: "חתירות ב-15° עם ברכיים כפופות" → https://vz-b17872ab-7a7.b-cdn.net/65b8ee9b-baf7-4ed1-834a-2f… @ https://out-run-app-git-worktree-streng-98e01f-davids-projects-0d6e1f97.vercel.app/_next/static/chunks/2390-dc57abc8d12f6b2f.js:0
[ 1923283ms] [LOG] [ContentResolver] Level 6 — exercise video resolved: "מתח עם גומייה עבה" → https://vz-b17872ab-7a7.b-cdn.net/6ff58ac8-9c8f-456d-9145-12… @ https://out-run-app-git-worktree-streng-98e01f-davids-projects-0d6e1f97.vercel.app/_next/static/chunks/2390-dc57abc8d12f6b2f.js:0
[ 1923283ms] [LOG] [ContentResolver] Level 10 — exercise video resolved: "מתח סופינציה" → https://vz-b17872ab-7a7.b-cdn.net/6f2db76f-5634-4fe6-bfa8-b1… @ https://out-run-app-git-worktree-streng-98e01f-davids-projects-0d6e1f97.vercel.app/_next/static/chunks/2390-dc57abc8d12f6b2f.js:0
[ 1923283ms] [LOG] [ContentResolver] Level 14 — exercise video resolved: "פרונט לבר בטאק" → https://vz-b17872ab-7a7.b-cdn.net/4492d3f7-76b8-4f6c-8bdd-e1… @ https://out-run-app-git-worktree-streng-98e01f-davids-projects-0d6e1f97.vercel.app/_next/static/chunks/2390-dc57abc8d12f6b2f.js:0
[ 1923283ms] [LOG] [ContentResolver] Level 17 — exercise video resolved: "מתח קשתים" → https://vz-b17872ab-7a7.b-cdn.net/fd8caf8e-0541-424e-a1c1-b5… @ https://out-run-app-git-worktree-streng-98e01f-davids-projects-0d6e1f97.vercel.app/_next/static/chunks/2390-dc57abc8d12f6b2f.js:0
[ 1923321ms] [LOG] [ContentResolver] Level 19 — exercise video resolved: "החזקת מתח יד אחת ב-90°" → https://vz-b17872ab-7a7.b-cdn.net/81ce89c8-cd72-488b-9f5e-77… @ https://out-run-app-git-worktree-streng-98e01f-davids-projects-0d6e1f97.vercel.app/_next/static/chunks/2390-dc57abc8d12f6b2f.js:0
[ 1923322ms] [LOG] [VisualContentService] docToContent "UPDBtTdCvX748dtBlWYj_19": {hasVideoVariantsField: true, hasVariantsField: false, rawType: array[0], parsedVariantsCount: 0, allTopLevelKeys: Array(14)} @ https://out-run-app-git-worktree-streng-98e01f-davids-projects-0d6e1f97.vercel.app/_next/static/chunks/2390-dc57abc8d12f6b2f.js:0
[ 1923322ms] [LOG] [VisualContentService] docToContent "UPDBtTdCvX748dtBlWYj_2": {hasVideoVariantsField: true, hasVariantsField: false, rawType: array[0], parsedVariantsCount: 0, allTopLevelKeys: Array(14)} @ https://out-run-app-git-worktree-streng-98e01f-davids-projects-0d6e1f97.vercel.app/_next/static/chunks/2390-dc57abc8d12f6b2f.js:0
[ 1923322ms] [LOG] [DEBUG-RESOLVER] attempt1 getVisualContentItem("UPDBtTdCvX748dtBlWYj", 2) → FOUND @ https://out-run-app-git-worktree-streng-98e01f-davids-projects-0d6e1f97.vercel.app/_next/static/chunks/2390-dc57abc8d12f6b2f.js:0
[ 1923322ms] [LOG] [VisualContentService] docToContent "UPDBtTdCvX748dtBlWYj_2": {hasVideoVariantsField: true, hasVariantsField: false, rawType: array[0], parsedVariantsCount: 0, allTopLevelKeys: Array(14)} @ https://out-run-app-git-worktree-streng-98e01f-davids-projects-0d6e1f97.vercel.app/_next/static/chunks/2390-dc57abc8d12f6b2f.js:0
[ 1923322ms] [LOG] [DEBUG-RESOLVER] attempt1 getVisualContentItem("UPDBtTdCvX748dtBlWYj", 2) → FOUND @ https://out-run-app-git-worktree-streng-98e01f-davids-projects-0d6e1f97.vercel.app/_next/static/chunks/2390-dc57abc8d12f6b2f.js:0
[ 1923448ms] [LOG] [VisualContentService] docToContent "UPDBtTdCvX748dtBlWYj_18": {hasVideoVariantsField: true, hasVariantsField: false, rawType: array[0], parsedVariantsCount: 0, allTopLevelKeys: Array(14)} @ https://out-run-app-git-worktree-streng-98e01f-davids-projects-0d6e1f97.vercel.app/_next/static/chunks/2390-dc57abc8d12f6b2f.js:0
[ 1923448ms] [LOG] [ContentResolver] Level 2 — exercise video resolved: "תלייה פסיבית" → https://vz-b17872ab-7a7.b-cdn.net/b4956107-60a2-4f0f-9b09-46… @ https://out-run-app-git-worktree-streng-98e01f-davids-projects-0d6e1f97.vercel.app/_next/static/chunks/2390-dc57abc8d12f6b2f.js:0
[ 1923448ms] [LOG] [ContentResolver] Level 2 — exercise video resolved: "תלייה פסיבית" → https://vz-b17872ab-7a7.b-cdn.net/b4956107-60a2-4f0f-9b09-46… @ https://out-run-app-git-worktree-streng-98e01f-davids-projects-0d6e1f97.vercel.app/_next/static/chunks/2390-dc57abc8d12f6b2f.js:0
[ 1923569ms] [LOG] [VisualContentService] docToContent "UPDBtTdCvX748dtBlWYj_17": {hasVideoVariantsField: true, hasVariantsField: false, rawType: array[0], parsedVariantsCount: 0, allTopLevelKeys: Array(14)} @ https://out-run-app-git-worktree-streng-98e01f-davids-projects-0d6e1f97.vercel.app/_next/static/chunks/2390-dc57abc8d12f6b2f.js:0
[ 1923689ms] [LOG] [VisualContentService] docToContent "UPDBtTdCvX748dtBlWYj_16": {hasVideoVariantsField: true, hasVariantsField: false, rawType: array[0], parsedVariantsCount: 0, allTopLevelKeys: Array(14)} @ https://out-run-app-git-worktree-streng-98e01f-davids-projects-0d6e1f97.vercel.app/_next/static/chunks/2390-dc57abc8d12f6b2f.js:0
[ 1923807ms] [LOG] [VisualContentService] docToContent "UPDBtTdCvX748dtBlWYj_15": {hasVideoVariantsField: true, hasVariantsField: false, rawType: array[0], parsedVariantsCount: 0, allTopLevelKeys: Array(14)} @ https://out-run-app-git-worktree-streng-98e01f-davids-projects-0d6e1f97.vercel.app/_next/static/chunks/2390-dc57abc8d12f6b2f.js:0
[ 1923927ms] [LOG] [VisualContentService] docToContent "UPDBtTdCvX748dtBlWYj_14": {hasVideoVariantsField: true, hasVariantsField: false, rawType: array[0], parsedVariantsCount: 0, allTopLevelKeys: Array(14)} @ https://out-run-app-git-worktree-streng-98e01f-davids-projects-0d6e1f97.vercel.app/_next/static/chunks/2390-dc57abc8d12f6b2f.js:0
[ 1924033ms] [LOG] [VisualContentService] docToContent "UPDBtTdCvX748dtBlWYj_13": {hasVideoVariantsField: true, hasVariantsField: false, rawType: array[0], parsedVariantsCount: 0, allTopLevelKeys: Array(14)} @ https://out-run-app-git-worktree-streng-98e01f-davids-projects-0d6e1f97.vercel.app/_next/static/chunks/2390-dc57abc8d12f6b2f.js:0
[ 1924159ms] [LOG] [VisualContentService] docToContent "UPDBtTdCvX748dtBlWYj_12": {hasVideoVariantsField: true, hasVariantsField: false, rawType: array[0], parsedVariantsCount: 0, allTopLevelKeys: Array(14)} @ https://out-run-app-git-worktree-streng-98e01f-davids-projects-0d6e1f97.vercel.app/_next/static/chunks/2390-dc57abc8d12f6b2f.js:0
[ 1924279ms] [LOG] [VisualContentService] docToContent "UPDBtTdCvX748dtBlWYj_11": {hasVideoVariantsField: true, hasVariantsField: false, rawType: array[0], parsedVariantsCount: 0, allTopLevelKeys: Array(14)} @ https://out-run-app-git-worktree-streng-98e01f-davids-projects-0d6e1f97.vercel.app/_next/static/chunks/2390-dc57abc8d12f6b2f.js:0
[ 1924415ms] [LOG] [VisualContentService] docToContent "UPDBtTdCvX748dtBlWYj_10": {hasVideoVariantsField: true, hasVariantsField: false, rawType: array[0], parsedVariantsCount: 0, allTopLevelKeys: Array(14)} @ https://out-run-app-git-worktree-streng-98e01f-davids-projects-0d6e1f97.vercel.app/_next/static/chunks/2390-dc57abc8d12f6b2f.js:0
[ 1924527ms] [LOG] [VisualContentService] docToContent "UPDBtTdCvX748dtBlWYj_9": {hasVideoVariantsField: true, hasVariantsField: false, rawType: array[0], parsedVariantsCount: 0, allTopLevelKeys: Array(14)} @ https://out-run-app-git-worktree-streng-98e01f-davids-projects-0d6e1f97.vercel.app/_next/static/chunks/2390-dc57abc8d12f6b2f.js:0
[ 1924635ms] [LOG] [VisualContentService] docToContent "UPDBtTdCvX748dtBlWYj_8": {hasVideoVariantsField: true, hasVariantsField: false, rawType: array[0], parsedVariantsCount: 0, allTopLevelKeys: Array(14)} @ https://out-run-app-git-worktree-streng-98e01f-davids-projects-0d6e1f97.vercel.app/_next/static/chunks/2390-dc57abc8d12f6b2f.js:0
[ 1924757ms] [LOG] [VisualContentService] docToContent "UPDBtTdCvX748dtBlWYj_7": {hasVideoVariantsField: true, hasVariantsField: false, rawType: array[0], parsedVariantsCount: 0, allTopLevelKeys: Array(14)} @ https://out-run-app-git-worktree-streng-98e01f-davids-projects-0d6e1f97.vercel.app/_next/static/chunks/2390-dc57abc8d12f6b2f.js:0
[ 1924860ms] [LOG] [VisualContentService] docToContent "UPDBtTdCvX748dtBlWYj_6": {hasVideoVariantsField: true, hasVariantsField: false, rawType: array[0], parsedVariantsCount: 0, allTopLevelKeys: Array(14)} @ https://out-run-app-git-worktree-streng-98e01f-davids-projects-0d6e1f97.vercel.app/_next/static/chunks/2390-dc57abc8d12f6b2f.js:0
[ 1924961ms] [LOG] [VisualContentService] docToContent "UPDBtTdCvX748dtBlWYj_5": {hasVideoVariantsField: true, hasVariantsField: false, rawType: array[0], parsedVariantsCount: 0, allTopLevelKeys: Array(14)} @ https://out-run-app-git-worktree-streng-98e01f-davids-projects-0d6e1f97.vercel.app/_next/static/chunks/2390-dc57abc8d12f6b2f.js:0
[ 1925073ms] [LOG] [VisualContentService] docToContent "UPDBtTdCvX748dtBlWYj_4": {hasVideoVariantsField: true, hasVariantsField: false, rawType: array[0], parsedVariantsCount: 0, allTopLevelKeys: Array(14)} @ https://out-run-app-git-worktree-streng-98e01f-davids-projects-0d6e1f97.vercel.app/_next/static/chunks/2390-dc57abc8d12f6b2f.js:0
[ 1925186ms] [LOG] [VisualContentService] docToContent "UPDBtTdCvX748dtBlWYj_3": {hasVideoVariantsField: true, hasVariantsField: false, rawType: array[0], parsedVariantsCount: 0, allTopLevelKeys: Array(14)} @ https://out-run-app-git-worktree-streng-98e01f-davids-projects-0d6e1f97.vercel.app/_next/static/chunks/2390-dc57abc8d12f6b2f.js:0
[ 1925321ms] [LOG] [VisualContentService] docToContent "UPDBtTdCvX748dtBlWYj_2": {hasVideoVariantsField: true, hasVariantsField: false, rawType: array[0], parsedVariantsCount: 0, allTopLevelKeys: Array(14)} @ https://out-run-app-git-worktree-streng-98e01f-davids-projects-0d6e1f97.vercel.app/_next/static/chunks/2390-dc57abc8d12f6b2f.js:0
[ 1925444ms] [LOG] [VisualContentService] docToContent "UPDBtTdCvX748dtBlWYj_1": {hasVideoVariantsField: true, hasVariantsField: false, rawType: array[0], parsedVariantsCount: 0, allTopLevelKeys: Array(14)} @ https://out-run-app-git-worktree-streng-98e01f-davids-projects-0d6e1f97.vercel.app/_next/static/chunks/2390-dc57abc8d12f6b2f.js:0
[ 1930231ms] [LOG] [DEBUG-RESOLVER] Incoming Category: muscle_up Resolved Candidate IDs: [muscle_up, fTLWzjP9gH2VNpamyCZF] @ https://out-run-app-git-worktree-streng-98e01f-davids-projects-0d6e1f97.vercel.app/_next/static/chunks/2390-dc57abc8d12f6b2f.js:0
[ 1930363ms] [LOG] [DEBUG-RESOLVER] loadCategoryMap built: {human_flag: EtY8YCol0qpF6DzgcTx1, push: J0fLpmJhG0KDN2tQouxh, core: kDMpobbKsuVTByTIKUpe, pull: UPDBtTdCvX748dtBlWYj, one_arm_pullup: cC0BOmm6KIqYAyQynEIo} @ https://out-run-app-git-worktree-streng-98e01f-davids-projects-0d6e1f97.vercel.app/_next/static/chunks/2390-dc57abc8d12f6b2f.js:0
[ 1930363ms] [LOG] [DEBUG-RESOLVER] Incoming Category: front_lever Resolved Candidate IDs: [front_lever, mFcuYlNgKXLqWVUFo0zt] @ https://out-run-app-git-worktree-streng-98e01f-davids-projects-0d6e1f97.vercel.app/_next/static/chunks/2390-dc57abc8d12f6b2f.js:0
[ 1930363ms] [LOG] [DEBUG-RESOLVER] loadCategoryMap built: {human_flag: EtY8YCol0qpF6DzgcTx1, push: J0fLpmJhG0KDN2tQouxh, core: kDMpobbKsuVTByTIKUpe, pull: UPDBtTdCvX748dtBlWYj, one_arm_pullup: cC0BOmm6KIqYAyQynEIo} @ https://out-run-app-git-worktree-streng-98e01f-davids-projects-0d6e1f97.vercel.app/_next/static/chunks/2390-dc57abc8d12f6b2f.js:0
[ 1930363ms] [LOG] [DEBUG-RESOLVER] Incoming Category: planche Resolved Candidate IDs: [planche, pCI5NHXpowu2ySucqDn8] @ https://out-run-app-git-worktree-streng-98e01f-davids-projects-0d6e1f97.vercel.app/_next/static/chunks/2390-dc57abc8d12f6b2f.js:0
[ 1930363ms] [LOG] [DEBUG-RESOLVER] loadCategoryMap built: {human_flag: EtY8YCol0qpF6DzgcTx1, push: J0fLpmJhG0KDN2tQouxh, core: kDMpobbKsuVTByTIKUpe, pull: UPDBtTdCvX748dtBlWYj, one_arm_pullup: cC0BOmm6KIqYAyQynEIo} @ https://out-run-app-git-worktree-streng-98e01f-davids-projects-0d6e1f97.vercel.app/_next/static/chunks/2390-dc57abc8d12f6b2f.js:0
[ 1930363ms] [LOG] [DEBUG-RESOLVER] Incoming Category: handstand Resolved Candidate IDs: [handstand, IOfBZFeorTTDkcz3tOA6] @ https://out-run-app-git-worktree-streng-98e01f-davids-projects-0d6e1f97.vercel.app/_next/static/chunks/2390-dc57abc8d12f6b2f.js:0
[ 1930364ms] [LOG] [DEBUG-RESOLVER] loadCategoryMap built: {human_flag: EtY8YCol0qpF6DzgcTx1, push: J0fLpmJhG0KDN2tQouxh, core: kDMpobbKsuVTByTIKUpe, pull: UPDBtTdCvX748dtBlWYj, one_arm_pullup: cC0BOmm6KIqYAyQynEIo} @ https://out-run-app-git-worktree-streng-98e01f-davids-projects-0d6e1f97.vercel.app/_next/static/chunks/2390-dc57abc8d12f6b2f.js:0
[ 1930364ms] [LOG] [DEBUG-RESOLVER] Incoming Category: hspu Resolved Candidate IDs: [hspu, PAxprHuT7HjqrWU4wl0T] @ https://out-run-app-git-worktree-streng-98e01f-davids-projects-0d6e1f97.vercel.app/_next/static/chunks/2390-dc57abc8d12f6b2f.js:0
[ 1930364ms] [LOG] [DEBUG-RESOLVER] loadCategoryMap built: {human_flag: EtY8YCol0qpF6DzgcTx1, push: J0fLpmJhG0KDN2tQouxh, core: kDMpobbKsuVTByTIKUpe, pull: UPDBtTdCvX748dtBlWYj, one_arm_pullup: cC0BOmm6KIqYAyQynEIo} @ https://out-run-app-git-worktree-streng-98e01f-davids-projects-0d6e1f97.vercel.app/_next/static/chunks/2390-dc57abc8d12f6b2f.js:0
[ 1930364ms] [LOG] [DEBUG-RESOLVER] Incoming Category: one_arm_pullup Resolved Candidate IDs: [one_arm_pullup, cC0BOmm6KIqYAyQynEIo] @ https://out-run-app-git-worktree-streng-98e01f-davids-projects-0d6e1f97.vercel.app/_next/static/chunks/2390-dc57abc8d12f6b2f.js:0
[ 1930364ms] [LOG] [DEBUG-FIRESTORE] Querying IDs: [muscle_up, fTLWzjP9gH2VNpamyCZF] Snapshot size returned: 0 @ https://out-run-app-git-worktree-streng-98e01f-davids-projects-0d6e1f97.vercel.app/_next/static/chunks/2390-dc57abc8d12f6b2f.js:0
[ 1930364ms] [LOG] [DEBUG-FIRESTORE] showInOnboarding=true levels: [] (0 total) @ https://out-run-app-git-worktree-streng-98e01f-davids-projects-0d6e1f97.vercel.app/_next/static/chunks/2390-dc57abc8d12f6b2f.js:0
[ 1930364ms] [LOG] [DEBUG-RESOLVER] Final onboarding levels for "muscle_up": [] (0 total) @ https://out-run-app-git-worktree-streng-98e01f-davids-projects-0d6e1f97.vercel.app/_next/static/chunks/2390-dc57abc8d12f6b2f.js:0
[ 1930523ms] [LOG] [DEBUG-FIRESTORE] Querying IDs: [front_lever, mFcuYlNgKXLqWVUFo0zt] Snapshot size returned: 15 @ https://out-run-app-git-worktree-streng-98e01f-davids-projects-0d6e1f97.vercel.app/_next/static/chunks/2390-dc57abc8d12f6b2f.js:0
[ 1930523ms] [LOG] [DEBUG-FIRESTORE] showInOnboarding=true levels: [1, 3, 5, 7, 9, 11, 13] (7 total) @ https://out-run-app-git-worktree-streng-98e01f-davids-projects-0d6e1f97.vercel.app/_next/static/chunks/2390-dc57abc8d12f6b2f.js:0
[ 1930523ms] [LOG] [DEBUG-RESOLVER] Final onboarding levels for "front_lever": [1, 3, 5, 7, 9, 11, 13] (7 total) @ https://out-run-app-git-worktree-streng-98e01f-davids-projects-0d6e1f97.vercel.app/_next/static/chunks/2390-dc57abc8d12f6b2f.js:0
[ 1930523ms] [LOG] [DEBUG-FIRESTORE] Querying IDs: [planche, pCI5NHXpowu2ySucqDn8] Snapshot size returned: 15 @ https://out-run-app-git-worktree-streng-98e01f-davids-projects-0d6e1f97.vercel.app/_next/static/chunks/2390-dc57abc8d12f6b2f.js:0
[ 1930523ms] [LOG] [DEBUG-FIRESTORE] showInOnboarding=true levels: [1, 3, 5, 7, 10, 12, 13, 14, 15] (9 total) @ https://out-run-app-git-worktree-streng-98e01f-davids-projects-0d6e1f97.vercel.app/_next/static/chunks/2390-dc57abc8d12f6b2f.js:0
[ 1930523ms] [LOG] [DEBUG-RESOLVER] Final onboarding levels for "planche": [1, 3, 5, 7, 10, 12, 13, 14, 15] (9 total) @ https://out-run-app-git-worktree-streng-98e01f-davids-projects-0d6e1f97.vercel.app/_next/static/chunks/2390-dc57abc8d12f6b2f.js:0
[ 1930523ms] [LOG] [DEBUG-FIRESTORE] Querying IDs: [handstand, IOfBZFeorTTDkcz3tOA6] Snapshot size returned: 15 @ https://out-run-app-git-worktree-streng-98e01f-davids-projects-0d6e1f97.vercel.app/_next/static/chunks/2390-dc57abc8d12f6b2f.js:0
[ 1930523ms] [LOG] [DEBUG-FIRESTORE] showInOnboarding=true levels: [] (0 total) @ https://out-run-app-git-worktree-streng-98e01f-davids-projects-0d6e1f97.vercel.app/_next/static/chunks/2390-dc57abc8d12f6b2f.js:0
[ 1930523ms] [LOG] [DEBUG-RESOLVER] Final onboarding levels for "handstand": [] (0 total) @ https://out-run-app-git-worktree-streng-98e01f-davids-projects-0d6e1f97.vercel.app/_next/static/chunks/2390-dc57abc8d12f6b2f.js:0
[ 1930524ms] [LOG] [DEBUG-FIRESTORE] Querying IDs: [hspu, PAxprHuT7HjqrWU4wl0T] Snapshot size returned: 15 @ https://out-run-app-git-worktree-streng-98e01f-davids-projects-0d6e1f97.vercel.app/_next/static/chunks/2390-dc57abc8d12f6b2f.js:0
[ 1930524ms] [LOG] [DEBUG-FIRESTORE] showInOnboarding=true levels: [1, 3, 6, 8, 9, 10, 11, 12, 13, 14, 15] (11 total) @ https://out-run-app-git-worktree-streng-98e01f-davids-projects-0d6e1f97.vercel.app/_next/static/chunks/2390-dc57abc8d12f6b2f.js:0
[ 1930524ms] [LOG] [DEBUG-RESOLVER] Final onboarding levels for "hspu": [1, 3, 6, 8, 9, 10, 11, 12, 13, 14, 15] (11 total) @ https://out-run-app-git-worktree-streng-98e01f-davids-projects-0d6e1f97.vercel.app/_next/static/chunks/2390-dc57abc8d12f6b2f.js:0
[ 1930550ms] [LOG] [DEBUG-FIRESTORE] Querying IDs: [one_arm_pullup, cC0BOmm6KIqYAyQynEIo] Snapshot size returned: 15 @ https://out-run-app-git-worktree-streng-98e01f-davids-projects-0d6e1f97.vercel.app/_next/static/chunks/2390-dc57abc8d12f6b2f.js:0
[ 1930550ms] [LOG] [DEBUG-FIRESTORE] showInOnboarding=true levels: [1, 4, 6, 7, 8, 10, 11, 13] (8 total) @ https://out-run-app-git-worktree-streng-98e01f-davids-projects-0d6e1f97.vercel.app/_next/static/chunks/2390-dc57abc8d12f6b2f.js:0
[ 1930550ms] [LOG] [DEBUG-RESOLVER] Final onboarding levels for "one_arm_pullup": [1, 4, 6, 7, 8, 10, 11, 13] (8 total) @ https://out-run-app-git-worktree-streng-98e01f-davids-projects-0d6e1f97.vercel.app/_next/static/chunks/2390-dc57abc8d12f6b2f.js:0
[ 1936117ms] [LOG] [DEBUG-PAGE] pathConfig.path: skills | categories passed to VisualSlider: [planche, core] | skipTier: true @ https://out-run-app-git-worktree-streng-98e01f-davids-projects-0d6e1f97.vercel.app/_next/static/chunks/app/onboarding-new/assessment-visual/page-b2b81a08950c73dd.js:0
[ 1936241ms] [LOG] [DEBUG-RESOLVER] loadCategoryMap built: {human_flag: EtY8YCol0qpF6DzgcTx1, push: J0fLpmJhG0KDN2tQouxh, core: kDMpobbKsuVTByTIKUpe, pull: UPDBtTdCvX748dtBlWYj, one_arm_pullup: cC0BOmm6KIqYAyQynEIo} @ https://out-run-app-git-worktree-streng-98e01f-davids-projects-0d6e1f97.vercel.app/_next/static/chunks/2390-dc57abc8d12f6b2f.js:0
[ 1936241ms] [LOG] [DEBUG-RESOLVER] Incoming Category: planche Resolved Candidate IDs: [planche, pCI5NHXpowu2ySucqDn8] @ https://out-run-app-git-worktree-streng-98e01f-davids-projects-0d6e1f97.vercel.app/_next/static/chunks/2390-dc57abc8d12f6b2f.js:0
[ 1936241ms] [LOG] [DEBUG-RESOLVER] loadCategoryMap built: {human_flag: EtY8YCol0qpF6DzgcTx1, push: J0fLpmJhG0KDN2tQouxh, core: kDMpobbKsuVTByTIKUpe, pull: UPDBtTdCvX748dtBlWYj, one_arm_pullup: cC0BOmm6KIqYAyQynEIo} @ https://out-run-app-git-worktree-streng-98e01f-davids-projects-0d6e1f97.vercel.app/_next/static/chunks/2390-dc57abc8d12f6b2f.js:0
[ 1936241ms] [LOG] [DEBUG-RESOLVER] Incoming Category: core Resolved Candidate IDs: [core, kDMpobbKsuVTByTIKUpe] @ https://out-run-app-git-worktree-streng-98e01f-davids-projects-0d6e1f97.vercel.app/_next/static/chunks/2390-dc57abc8d12f6b2f.js:0
[ 1936437ms] [LOG] [DEBUG-FIRESTORE] Querying IDs: [planche, pCI5NHXpowu2ySucqDn8] Snapshot size returned: 15 @ https://out-run-app-git-worktree-streng-98e01f-davids-projects-0d6e1f97.vercel.app/_next/static/chunks/2390-dc57abc8d12f6b2f.js:0
[ 1936437ms] [LOG] [DEBUG-FIRESTORE] showInOnboarding=true levels: [1, 3, 5, 7, 10, 12, 13, 14, 15] (9 total) @ https://out-run-app-git-worktree-streng-98e01f-davids-projects-0d6e1f97.vercel.app/_next/static/chunks/2390-dc57abc8d12f6b2f.js:0
[ 1936437ms] [LOG] [DEBUG-RESOLVER] Final onboarding levels for "planche": [1, 3, 5, 7, 10, 12, 13, 14, 15] (9 total) @ https://out-run-app-git-worktree-streng-98e01f-davids-projects-0d6e1f97.vercel.app/_next/static/chunks/2390-dc57abc8d12f6b2f.js:0
[ 1936437ms] [LOG] [DEBUG-RESOLVER] resolveContent("planche", 1) → programId="pCI5NHXpowu2ySucqDn8" @ https://out-run-app-git-worktree-streng-98e01f-davids-projects-0d6e1f97.vercel.app/_next/static/chunks/2390-dc57abc8d12f6b2f.js:0
[ 1936437ms] [LOG] [DEBUG-RESOLVER] resolveContent("planche", 3) → programId="pCI5NHXpowu2ySucqDn8" @ https://out-run-app-git-worktree-streng-98e01f-davids-projects-0d6e1f97.vercel.app/_next/static/chunks/2390-dc57abc8d12f6b2f.js:0
[ 1936437ms] [LOG] [DEBUG-FIRESTORE] Querying IDs: [core, kDMpobbKsuVTByTIKUpe] Snapshot size returned: 20 @ https://out-run-app-git-worktree-streng-98e01f-davids-projects-0d6e1f97.vercel.app/_next/static/chunks/2390-dc57abc8d12f6b2f.js:0
[ 1936438ms] [LOG] [DEBUG-FIRESTORE] showInOnboarding=true levels: [1, 3, 5, 7, 8, 10, 11, 14] (8 total) @ https://out-run-app-git-worktree-streng-98e01f-davids-projects-0d6e1f97.vercel.app/_next/static/chunks/2390-dc57abc8d12f6b2f.js:0
[ 1936438ms] [LOG] [DEBUG-RESOLVER] Final onboarding levels for "core": [1, 3, 5, 7, 8, 10, 11, 14] (8 total) @ https://out-run-app-git-worktree-streng-98e01f-davids-projects-0d6e1f97.vercel.app/_next/static/chunks/2390-dc57abc8d12f6b2f.js:0
[ 1936438ms] [LOG] [DEBUG-RESOLVER] resolveContent("core", 1) → programId="kDMpobbKsuVTByTIKUpe" @ https://out-run-app-git-worktree-streng-98e01f-davids-projects-0d6e1f97.vercel.app/_next/static/chunks/2390-dc57abc8d12f6b2f.js:0
[ 1936438ms] [LOG] [DEBUG-RESOLVER] resolveContent("core", 3) → programId="kDMpobbKsuVTByTIKUpe" @ https://out-run-app-git-worktree-streng-98e01f-davids-projects-0d6e1f97.vercel.app/_next/static/chunks/2390-dc57abc8d12f6b2f.js:0
[ 1936439ms] [LOG] [DEBUG-PAGE] pathConfig.path: skills | categories passed to VisualSlider: [planche, core] | skipTier: true @ https://out-run-app-git-worktree-streng-98e01f-davids-projects-0d6e1f97.vercel.app/_next/static/chunks/app/onboarding-new/assessment-visual/page-b2b81a08950c73dd.js:0
[ 1936439ms] [LOG] [DEBUG-RESOLVER] Incoming Category: planche Resolved Candidate IDs: [planche, pCI5NHXpowu2ySucqDn8] @ https://out-run-app-git-worktree-streng-98e01f-davids-projects-0d6e1f97.vercel.app/_next/static/chunks/2390-dc57abc8d12f6b2f.js:0
[ 1936439ms] [LOG] [DEBUG-RESOLVER] Incoming Category: core Resolved Candidate IDs: [core, kDMpobbKsuVTByTIKUpe] @ https://out-run-app-git-worktree-streng-98e01f-davids-projects-0d6e1f97.vercel.app/_next/static/chunks/2390-dc57abc8d12f6b2f.js:0
[ 1936579ms] [LOG] [VisualContentService] docToContent "pCI5NHXpowu2ySucqDn8_1": {hasVideoVariantsField: true, hasVariantsField: false, rawType: array[0], parsedVariantsCount: 0, allTopLevelKeys: Array(14)} @ https://out-run-app-git-worktree-streng-98e01f-davids-projects-0d6e1f97.vercel.app/_next/static/chunks/2390-dc57abc8d12f6b2f.js:0
[ 1936579ms] [LOG] [DEBUG-RESOLVER] attempt1 getVisualContentItem("pCI5NHXpowu2ySucqDn8", 1) → FOUND @ https://out-run-app-git-worktree-streng-98e01f-davids-projects-0d6e1f97.vercel.app/_next/static/chunks/2390-dc57abc8d12f6b2f.js:0
[ 1936579ms] [LOG] [VisualContentService] docToContent "pCI5NHXpowu2ySucqDn8_3": {hasVideoVariantsField: true, hasVariantsField: false, rawType: array[0], parsedVariantsCount: 0, allTopLevelKeys: Array(14)} @ https://out-run-app-git-worktree-streng-98e01f-davids-projects-0d6e1f97.vercel.app/_next/static/chunks/2390-dc57abc8d12f6b2f.js:0
[ 1936579ms] [LOG] [DEBUG-RESOLVER] attempt1 getVisualContentItem("pCI5NHXpowu2ySucqDn8", 3) → FOUND @ https://out-run-app-git-worktree-streng-98e01f-davids-projects-0d6e1f97.vercel.app/_next/static/chunks/2390-dc57abc8d12f6b2f.js:0
[ 1936579ms] [LOG] [VisualContentService] docToContent "kDMpobbKsuVTByTIKUpe_1": {hasVideoVariantsField: true, hasVariantsField: false, rawType: array[0], parsedVariantsCount: 0, allTopLevelKeys: Array(14)} @ https://out-run-app-git-worktree-streng-98e01f-davids-projects-0d6e1f97.vercel.app/_next/static/chunks/2390-dc57abc8d12f6b2f.js:0
[ 1936579ms] [LOG] [DEBUG-RESOLVER] attempt1 getVisualContentItem("kDMpobbKsuVTByTIKUpe", 1) → FOUND @ https://out-run-app-git-worktree-streng-98e01f-davids-projects-0d6e1f97.vercel.app/_next/static/chunks/2390-dc57abc8d12f6b2f.js:0
[ 1936579ms] [LOG] [VisualContentService] docToContent "kDMpobbKsuVTByTIKUpe_3": {hasVideoVariantsField: true, hasVariantsField: false, rawType: array[0], parsedVariantsCount: 0, allTopLevelKeys: Array(14)} @ https://out-run-app-git-worktree-streng-98e01f-davids-projects-0d6e1f97.vercel.app/_next/static/chunks/2390-dc57abc8d12f6b2f.js:0
[ 1936580ms] [LOG] [DEBUG-RESOLVER] attempt1 getVisualContentItem("kDMpobbKsuVTByTIKUpe", 3) → FOUND @ https://out-run-app-git-worktree-streng-98e01f-davids-projects-0d6e1f97.vercel.app/_next/static/chunks/2390-dc57abc8d12f6b2f.js:0
[ 1936580ms] [LOG] [DEBUG-FIRESTORE] Querying IDs: [planche, pCI5NHXpowu2ySucqDn8] Snapshot size returned: 15 @ https://out-run-app-git-worktree-streng-98e01f-davids-projects-0d6e1f97.vercel.app/_next/static/chunks/2390-dc57abc8d12f6b2f.js:0
[ 1936580ms] [LOG] [DEBUG-FIRESTORE] showInOnboarding=true levels: [1, 3, 5, 7, 10, 12, 13, 14, 15] (9 total) @ https://out-run-app-git-worktree-streng-98e01f-davids-projects-0d6e1f97.vercel.app/_next/static/chunks/2390-dc57abc8d12f6b2f.js:0
[ 1936580ms] [LOG] [DEBUG-RESOLVER] Final onboarding levels for "planche": [1, 3, 5, 7, 10, 12, 13, 14, 15] (9 total) @ https://out-run-app-git-worktree-streng-98e01f-davids-projects-0d6e1f97.vercel.app/_next/static/chunks/2390-dc57abc8d12f6b2f.js:0
[ 1936580ms] [LOG] [DEBUG-RESOLVER] resolveContent("planche", 1) → programId="pCI5NHXpowu2ySucqDn8" @ https://out-run-app-git-worktree-streng-98e01f-davids-projects-0d6e1f97.vercel.app/_next/static/chunks/2390-dc57abc8d12f6b2f.js:0
[ 1936580ms] [LOG] [DEBUG-RESOLVER] resolveContent("planche", 3) → programId="pCI5NHXpowu2ySucqDn8" @ https://out-run-app-git-worktree-streng-98e01f-davids-projects-0d6e1f97.vercel.app/_next/static/chunks/2390-dc57abc8d12f6b2f.js:0
[ 1936580ms] [LOG] [DEBUG-FIRESTORE] Querying IDs: [core, kDMpobbKsuVTByTIKUpe] Snapshot size returned: 20 @ https://out-run-app-git-worktree-streng-98e01f-davids-projects-0d6e1f97.vercel.app/_next/static/chunks/2390-dc57abc8d12f6b2f.js:0
[ 1936580ms] [LOG] [DEBUG-FIRESTORE] showInOnboarding=true levels: [1, 3, 5, 7, 8, 10, 11, 14] (8 total) @ https://out-run-app-git-worktree-streng-98e01f-davids-projects-0d6e1f97.vercel.app/_next/static/chunks/2390-dc57abc8d12f6b2f.js:0
[ 1936580ms] [LOG] [DEBUG-RESOLVER] Final onboarding levels for "core": [1, 3, 5, 7, 8, 10, 11, 14] (8 total) @ https://out-run-app-git-worktree-streng-98e01f-davids-projects-0d6e1f97.vercel.app/_next/static/chunks/2390-dc57abc8d12f6b2f.js:0
[ 1936580ms] [LOG] [DEBUG-RESOLVER] resolveContent("core", 1) → programId="kDMpobbKsuVTByTIKUpe" @ https://out-run-app-git-worktree-streng-98e01f-davids-projects-0d6e1f97.vercel.app/_next/static/chunks/2390-dc57abc8d12f6b2f.js:0
[ 1936580ms] [LOG] [DEBUG-RESOLVER] resolveContent("core", 3) → programId="kDMpobbKsuVTByTIKUpe" @ https://out-run-app-git-worktree-streng-98e01f-davids-projects-0d6e1f97.vercel.app/_next/static/chunks/2390-dc57abc8d12f6b2f.js:0
[ 1936709ms] [LOG] [ContentResolver] Level 1 — exercise video resolved: "מקבילים" → https://vz-b17872ab-7a7.b-cdn.net/726dd77e-6f84-4862-a7ab-cd… @ https://out-run-app-git-worktree-streng-98e01f-davids-projects-0d6e1f97.vercel.app/_next/static/chunks/2390-dc57abc8d12f6b2f.js:0
[ 1936709ms] [LOG] [ContentResolver] Level 3 — exercise video resolved: "שכיבות סמיכה פייק" → https://vz-b17872ab-7a7.b-cdn.net/0fa11ec8-3148-470b-86f5-67… @ https://out-run-app-git-worktree-streng-98e01f-davids-projects-0d6e1f97.vercel.app/_next/static/chunks/2390-dc57abc8d12f6b2f.js:0
[ 1936710ms] [LOG] [ContentResolver] Level 1 — exercise video resolved: "פלאנק על הברכיים" → https://vz-b17872ab-7a7.b-cdn.net/3011b6ff-f251-4c7b-81f4-e2… @ https://out-run-app-git-worktree-streng-98e01f-davids-projects-0d6e1f97.vercel.app/_next/static/chunks/2390-dc57abc8d12f6b2f.js:0
[ 1936710ms] [LOG] [ContentResolver] Level 3 — exercise video resolved: "פלאנק עליות ונגיעות בכתפיים" → https://vz-b17872ab-7a7.b-cdn.net/4d5bc37c-3994-4574-ace7-12… @ https://out-run-app-git-worktree-streng-98e01f-davids-projects-0d6e1f97.vercel.app/_next/static/chunks/2390-dc57abc8d12f6b2f.js:0
[ 1936710ms] [LOG] [VisualContentService] docToContent "pCI5NHXpowu2ySucqDn8_1": {hasVideoVariantsField: true, hasVariantsField: false, rawType: array[0], parsedVariantsCount: 0, allTopLevelKeys: Array(14)} @ https://out-run-app-git-worktree-streng-98e01f-davids-projects-0d6e1f97.vercel.app/_next/static/chunks/2390-dc57abc8d12f6b2f.js:0
[ 1936710ms] [LOG] [DEBUG-RESOLVER] attempt1 getVisualContentItem("pCI5NHXpowu2ySucqDn8", 1) → FOUND @ https://out-run-app-git-worktree-streng-98e01f-davids-projects-0d6e1f97.vercel.app/_next/static/chunks/2390-dc57abc8d12f6b2f.js:0
[ 1936792ms] [LOG] [VisualContentService] docToContent "pCI5NHXpowu2ySucqDn8_3": {hasVideoVariantsField: true, hasVariantsField: false, rawType: array[0], parsedVariantsCount: 0, allTopLevelKeys: Array(14)} @ https://out-run-app-git-worktree-streng-98e01f-davids-projects-0d6e1f97.vercel.app/_next/static/chunks/2390-dc57abc8d12f6b2f.js:0
[ 1936792ms] [LOG] [DEBUG-RESOLVER] attempt1 getVisualContentItem("pCI5NHXpowu2ySucqDn8", 3) → FOUND @ https://out-run-app-git-worktree-streng-98e01f-davids-projects-0d6e1f97.vercel.app/_next/static/chunks/2390-dc57abc8d12f6b2f.js:0
[ 1936792ms] [LOG] [VisualContentService] docToContent "kDMpobbKsuVTByTIKUpe_1": {hasVideoVariantsField: true, hasVariantsField: false, rawType: array[0], parsedVariantsCount: 0, allTopLevelKeys: Array(14)} @ https://out-run-app-git-worktree-streng-98e01f-davids-projects-0d6e1f97.vercel.app/_next/static/chunks/2390-dc57abc8d12f6b2f.js:0
[ 1936792ms] [LOG] [DEBUG-RESOLVER] attempt1 getVisualContentItem("kDMpobbKsuVTByTIKUpe", 1) → FOUND @ https://out-run-app-git-worktree-streng-98e01f-davids-projects-0d6e1f97.vercel.app/_next/static/chunks/2390-dc57abc8d12f6b2f.js:0
[ 1936792ms] [LOG] [VisualContentService] docToContent "kDMpobbKsuVTByTIKUpe_3": {hasVideoVariantsField: true, hasVariantsField: false, rawType: array[0], parsedVariantsCount: 0, allTopLevelKeys: Array(14)} @ https://out-run-app-git-worktree-streng-98e01f-davids-projects-0d6e1f97.vercel.app/_next/static/chunks/2390-dc57abc8d12f6b2f.js:0
[ 1936792ms] [LOG] [DEBUG-RESOLVER] attempt1 getVisualContentItem("kDMpobbKsuVTByTIKUpe", 3) → FOUND @ https://out-run-app-git-worktree-streng-98e01f-davids-projects-0d6e1f97.vercel.app/_next/static/chunks/2390-dc57abc8d12f6b2f.js:0
[ 1936846ms] [LOG] [ContentResolver] Level 1 — exercise video resolved: "מקבילים" → https://vz-b17872ab-7a7.b-cdn.net/726dd77e-6f84-4862-a7ab-cd… @ https://out-run-app-git-worktree-streng-98e01f-davids-projects-0d6e1f97.vercel.app/_next/static/chunks/2390-dc57abc8d12f6b2f.js:0
[ 1936918ms] [LOG] [ContentResolver] Level 3 — exercise video resolved: "שכיבות סמיכה פייק" → https://vz-b17872ab-7a7.b-cdn.net/0fa11ec8-3148-470b-86f5-67… @ https://out-run-app-git-worktree-streng-98e01f-davids-projects-0d6e1f97.vercel.app/_next/static/chunks/2390-dc57abc8d12f6b2f.js:0
[ 1936918ms] [LOG] [ContentResolver] Level 1 — exercise video resolved: "פלאנק על הברכיים" → https://vz-b17872ab-7a7.b-cdn.net/3011b6ff-f251-4c7b-81f4-e2… @ https://out-run-app-git-worktree-streng-98e01f-davids-projects-0d6e1f97.vercel.app/_next/static/chunks/2390-dc57abc8d12f6b2f.js:0
[ 1936918ms] [LOG] [ContentResolver] Level 3 — exercise video resolved: "פלאנק עליות ונגיעות בכתפיים" → https://vz-b17872ab-7a7.b-cdn.net/4d5bc37c-3994-4574-ace7-12… @ https://out-run-app-git-worktree-streng-98e01f-davids-projects-0d6e1f97.vercel.app/_next/static/chunks/2390-dc57abc8d12f6b2f.js:0
[ 1939410ms] [LOG] [DEBUG-RESOLVER] Incoming Category: planche Resolved Candidate IDs: [planche, pCI5NHXpowu2ySucqDn8] @ https://out-run-app-git-worktree-streng-98e01f-davids-projects-0d6e1f97.vercel.app/_next/static/chunks/2390-dc57abc8d12f6b2f.js:0
[ 1939565ms] [LOG] [DEBUG-FIRESTORE] Querying IDs: [planche, pCI5NHXpowu2ySucqDn8] Snapshot size returned: 15 @ https://out-run-app-git-worktree-streng-98e01f-davids-projects-0d6e1f97.vercel.app/_next/static/chunks/2390-dc57abc8d12f6b2f.js:0
[ 1939565ms] [LOG] [DEBUG-FIRESTORE] showInOnboarding=true levels: [1, 3, 5, 7, 10, 12, 13, 14, 15] (9 total) @ https://out-run-app-git-worktree-streng-98e01f-davids-projects-0d6e1f97.vercel.app/_next/static/chunks/2390-dc57abc8d12f6b2f.js:0
[ 1939565ms] [LOG] [DEBUG-RESOLVER] Final onboarding levels for "planche": [1, 3, 5, 7, 10, 12, 13, 14, 15] (9 total) @ https://out-run-app-git-worktree-streng-98e01f-davids-projects-0d6e1f97.vercel.app/_next/static/chunks/2390-dc57abc8d12f6b2f.js:0
[ 1939568ms] [LOG] [DEBUG-RESOLVER] resolveContent("planche", 1) → programId="pCI5NHXpowu2ySucqDn8" @ https://out-run-app-git-worktree-streng-98e01f-davids-projects-0d6e1f97.vercel.app/_next/static/chunks/2390-dc57abc8d12f6b2f.js:0
[ 1939568ms] [LOG] [DEBUG-RESOLVER] resolveContent("planche", 3) → programId="pCI5NHXpowu2ySucqDn8" @ https://out-run-app-git-worktree-streng-98e01f-davids-projects-0d6e1f97.vercel.app/_next/static/chunks/2390-dc57abc8d12f6b2f.js:0
[ 1939568ms] [LOG] [DEBUG-RESOLVER] resolveContent("planche", 5) → programId="pCI5NHXpowu2ySucqDn8" @ https://out-run-app-git-worktree-streng-98e01f-davids-projects-0d6e1f97.vercel.app/_next/static/chunks/2390-dc57abc8d12f6b2f.js:0
[ 1939568ms] [LOG] [DEBUG-RESOLVER] resolveContent("planche", 7) → programId="pCI5NHXpowu2ySucqDn8" @ https://out-run-app-git-worktree-streng-98e01f-davids-projects-0d6e1f97.vercel.app/_next/static/chunks/2390-dc57abc8d12f6b2f.js:0
[ 1939568ms] [LOG] [DEBUG-RESOLVER] resolveContent("planche", 10) → programId="pCI5NHXpowu2ySucqDn8" @ https://out-run-app-git-worktree-streng-98e01f-davids-projects-0d6e1f97.vercel.app/_next/static/chunks/2390-dc57abc8d12f6b2f.js:0
[ 1939568ms] [LOG] [DEBUG-RESOLVER] resolveContent("planche", 12) → programId="pCI5NHXpowu2ySucqDn8" @ https://out-run-app-git-worktree-streng-98e01f-davids-projects-0d6e1f97.vercel.app/_next/static/chunks/2390-dc57abc8d12f6b2f.js:0
[ 1939568ms] [LOG] [DEBUG-RESOLVER] resolveContent("planche", 13) → programId="pCI5NHXpowu2ySucqDn8" @ https://out-run-app-git-worktree-streng-98e01f-davids-projects-0d6e1f97.vercel.app/_next/static/chunks/2390-dc57abc8d12f6b2f.js:0
[ 1939568ms] [LOG] [DEBUG-RESOLVER] resolveContent("planche", 14) → programId="pCI5NHXpowu2ySucqDn8" @ https://out-run-app-git-worktree-streng-98e01f-davids-projects-0d6e1f97.vercel.app/_next/static/chunks/2390-dc57abc8d12f6b2f.js:0
[ 1939568ms] [LOG] [DEBUG-RESOLVER] resolveContent("planche", 15) → programId="pCI5NHXpowu2ySucqDn8" @ https://out-run-app-git-worktree-streng-98e01f-davids-projects-0d6e1f97.vercel.app/_next/static/chunks/2390-dc57abc8d12f6b2f.js:0
[ 1939568ms] [LOG] [DEBUG-RESOLVER] resolveContent("planche", 1) → programId="pCI5NHXpowu2ySucqDn8" @ https://out-run-app-git-worktree-streng-98e01f-davids-projects-0d6e1f97.vercel.app/_next/static/chunks/2390-dc57abc8d12f6b2f.js:0
[ 1939568ms] [LOG] [DEBUG-RESOLVER] resolveContent("planche", 2) → programId="pCI5NHXpowu2ySucqDn8" @ https://out-run-app-git-worktree-streng-98e01f-davids-projects-0d6e1f97.vercel.app/_next/static/chunks/2390-dc57abc8d12f6b2f.js:0
[ 1939569ms] [LOG] [DEBUG-RESOLVER] resolveContent("planche", 2) → programId="pCI5NHXpowu2ySucqDn8" @ https://out-run-app-git-worktree-streng-98e01f-davids-projects-0d6e1f97.vercel.app/_next/static/chunks/2390-dc57abc8d12f6b2f.js:0
[ 1939710ms] [LOG] [VisualContentService] docToContent "pCI5NHXpowu2ySucqDn8_5": {hasVideoVariantsField: true, hasVariantsField: false, rawType: array[0], parsedVariantsCount: 0, allTopLevelKeys: Array(14)} @ https://out-run-app-git-worktree-streng-98e01f-davids-projects-0d6e1f97.vercel.app/_next/static/chunks/2390-dc57abc8d12f6b2f.js:0
[ 1939710ms] [LOG] [DEBUG-RESOLVER] attempt1 getVisualContentItem("pCI5NHXpowu2ySucqDn8", 5) → FOUND @ https://out-run-app-git-worktree-streng-98e01f-davids-projects-0d6e1f97.vercel.app/_next/static/chunks/2390-dc57abc8d12f6b2f.js:0
[ 1939710ms] [LOG] [VisualContentService] docToContent "pCI5NHXpowu2ySucqDn8_7": {hasVideoVariantsField: true, hasVariantsField: false, rawType: array[0], parsedVariantsCount: 0, allTopLevelKeys: Array(14)} @ https://out-run-app-git-worktree-streng-98e01f-davids-projects-0d6e1f97.vercel.app/_next/static/chunks/2390-dc57abc8d12f6b2f.js:0
[ 1939710ms] [LOG] [DEBUG-RESOLVER] attempt1 getVisualContentItem("pCI5NHXpowu2ySucqDn8", 7) → FOUND @ https://out-run-app-git-worktree-streng-98e01f-davids-projects-0d6e1f97.vercel.app/_next/static/chunks/2390-dc57abc8d12f6b2f.js:0
[ 1939710ms] [LOG] [VisualContentService] docToContent "pCI5NHXpowu2ySucqDn8_10": {hasVideoVariantsField: true, hasVariantsField: false, rawType: array[0], parsedVariantsCount: 0, allTopLevelKeys: Array(14)} @ https://out-run-app-git-worktree-streng-98e01f-davids-projects-0d6e1f97.vercel.app/_next/static/chunks/2390-dc57abc8d12f6b2f.js:0
[ 1939710ms] [LOG] [DEBUG-RESOLVER] attempt1 getVisualContentItem("pCI5NHXpowu2ySucqDn8", 10) → FOUND @ https://out-run-app-git-worktree-streng-98e01f-davids-projects-0d6e1f97.vercel.app/_next/static/chunks/2390-dc57abc8d12f6b2f.js:0
[ 1939710ms] [LOG] [VisualContentService] docToContent "pCI5NHXpowu2ySucqDn8_12": {hasVideoVariantsField: true, hasVariantsField: false, rawType: array[0], parsedVariantsCount: 0, allTopLevelKeys: Array(14)} @ https://out-run-app-git-worktree-streng-98e01f-davids-projects-0d6e1f97.vercel.app/_next/static/chunks/2390-dc57abc8d12f6b2f.js:0
[ 1939710ms] [LOG] [DEBUG-RESOLVER] attempt1 getVisualContentItem("pCI5NHXpowu2ySucqDn8", 12) → FOUND @ https://out-run-app-git-worktree-streng-98e01f-davids-projects-0d6e1f97.vercel.app/_next/static/chunks/2390-dc57abc8d12f6b2f.js:0
[ 1939710ms] [LOG] [VisualContentService] docToContent "pCI5NHXpowu2ySucqDn8_13": {hasVideoVariantsField: true, hasVariantsField: false, rawType: array[0], parsedVariantsCount: 0, allTopLevelKeys: Array(14)} @ https://out-run-app-git-worktree-streng-98e01f-davids-projects-0d6e1f97.vercel.app/_next/static/chunks/2390-dc57abc8d12f6b2f.js:0
[ 1939710ms] [LOG] [DEBUG-RESOLVER] attempt1 getVisualContentItem("pCI5NHXpowu2ySucqDn8", 13) → FOUND @ https://out-run-app-git-worktree-streng-98e01f-davids-projects-0d6e1f97.vercel.app/_next/static/chunks/2390-dc57abc8d12f6b2f.js:0
[ 1939710ms] [LOG] [VisualContentService] docToContent "pCI5NHXpowu2ySucqDn8_14": {hasVideoVariantsField: true, hasVariantsField: false, rawType: array[0], parsedVariantsCount: 0, allTopLevelKeys: Array(14)} @ https://out-run-app-git-worktree-streng-98e01f-davids-projects-0d6e1f97.vercel.app/_next/static/chunks/2390-dc57abc8d12f6b2f.js:0
[ 1939711ms] [LOG] [DEBUG-RESOLVER] attempt1 getVisualContentItem("pCI5NHXpowu2ySucqDn8", 14) → FOUND @ https://out-run-app-git-worktree-streng-98e01f-davids-projects-0d6e1f97.vercel.app/_next/static/chunks/2390-dc57abc8d12f6b2f.js:0
[ 1939711ms] [LOG] [VisualContentService] docToContent "pCI5NHXpowu2ySucqDn8_15": {hasVideoVariantsField: true, hasVariantsField: false, rawType: array[0], parsedVariantsCount: 0, allTopLevelKeys: Array(14)} @ https://out-run-app-git-worktree-streng-98e01f-davids-projects-0d6e1f97.vercel.app/_next/static/chunks/2390-dc57abc8d12f6b2f.js:0
[ 1939711ms] [LOG] [DEBUG-RESOLVER] attempt1 getVisualContentItem("pCI5NHXpowu2ySucqDn8", 15) → FOUND @ https://out-run-app-git-worktree-streng-98e01f-davids-projects-0d6e1f97.vercel.app/_next/static/chunks/2390-dc57abc8d12f6b2f.js:0
[ 1939711ms] [LOG] [VisualContentService] docToContent "pCI5NHXpowu2ySucqDn8_2": {hasVideoVariantsField: true, hasVariantsField: false, rawType: array[0], parsedVariantsCount: 0, allTopLevelKeys: Array(14)} @ https://out-run-app-git-worktree-streng-98e01f-davids-projects-0d6e1f97.vercel.app/_next/static/chunks/2390-dc57abc8d12f6b2f.js:0
[ 1939711ms] [LOG] [DEBUG-RESOLVER] attempt1 getVisualContentItem("pCI5NHXpowu2ySucqDn8", 2) → FOUND @ https://out-run-app-git-worktree-streng-98e01f-davids-projects-0d6e1f97.vercel.app/_next/static/chunks/2390-dc57abc8d12f6b2f.js:0
[ 1939711ms] [LOG] [VisualContentService] docToContent "pCI5NHXpowu2ySucqDn8_2": {hasVideoVariantsField: true, hasVariantsField: false, rawType: array[0], parsedVariantsCount: 0, allTopLevelKeys: Array(14)} @ https://out-run-app-git-worktree-streng-98e01f-davids-projects-0d6e1f97.vercel.app/_next/static/chunks/2390-dc57abc8d12f6b2f.js:0
[ 1939711ms] [LOG] [DEBUG-RESOLVER] attempt1 getVisualContentItem("pCI5NHXpowu2ySucqDn8", 2) → FOUND @ https://out-run-app-git-worktree-streng-98e01f-davids-projects-0d6e1f97.vercel.app/_next/static/chunks/2390-dc57abc8d12f6b2f.js:0
[ 1939848ms] [LOG] [ContentResolver] Level 5 — exercise video resolved: "שכיבות סמיכה פייק גובה ברך" → https://vz-b17872ab-7a7.b-cdn.net/dd052f3a-2677-4fa8-af31-0d… @ https://out-run-app-git-worktree-streng-98e01f-davids-projects-0d6e1f97.vercel.app/_next/static/chunks/2390-dc57abc8d12f6b2f.js:0
[ 1939848ms] [LOG] [ContentResolver] Level 7 — exercise video resolved: "פלאנץ׳ בטאק" → https://vz-b17872ab-7a7.b-cdn.net/912c9beb-a881-4593-980b-38… @ https://out-run-app-git-worktree-streng-98e01f-davids-projects-0d6e1f97.vercel.app/_next/static/chunks/2390-dc57abc8d12f6b2f.js:0
[ 1939848ms] [LOG] [ContentResolver] Level 10 — exercise video resolved: "פלאנץ׳ בטאק מתקדם " → https://vz-b17872ab-7a7.b-cdn.net/a4325b8a-be75-455b-a793-ca… @ https://out-run-app-git-worktree-streng-98e01f-davids-projects-0d6e1f97.vercel.app/_next/static/chunks/2390-dc57abc8d12f6b2f.js:0
[ 1939848ms] [LOG] [VisualContentService] docToContent "pCI5NHXpowu2ySucqDn8_11": {hasVideoVariantsField: true, hasVariantsField: false, rawType: array[0], parsedVariantsCount: 0, allTopLevelKeys: Array(14)} @ https://out-run-app-git-worktree-streng-98e01f-davids-projects-0d6e1f97.vercel.app/_next/static/chunks/2390-dc57abc8d12f6b2f.js:0
[ 1939848ms] [LOG] [VisualContentService] docToContent "pCI5NHXpowu2ySucqDn8_12": {hasVideoVariantsField: true, hasVariantsField: false, rawType: array[0], parsedVariantsCount: 0, allTopLevelKeys: Array(14)} @ https://out-run-app-git-worktree-streng-98e01f-davids-projects-0d6e1f97.vercel.app/_next/static/chunks/2390-dc57abc8d12f6b2f.js:0
[ 1939911ms] [LOG] [VisualContentService] docToContent "pCI5NHXpowu2ySucqDn8_13": {hasVideoVariantsField: true, hasVariantsField: false, rawType: array[0], parsedVariantsCount: 0, allTopLevelKeys: Array(14)} @ https://out-run-app-git-worktree-streng-98e01f-davids-projects-0d6e1f97.vercel.app/_next/static/chunks/2390-dc57abc8d12f6b2f.js:0
[ 1939911ms] [LOG] [VisualContentService] docToContent "pCI5NHXpowu2ySucqDn8_14": {hasVideoVariantsField: true, hasVariantsField: false, rawType: array[0], parsedVariantsCount: 0, allTopLevelKeys: Array(14)} @ https://out-run-app-git-worktree-streng-98e01f-davids-projects-0d6e1f97.vercel.app/_next/static/chunks/2390-dc57abc8d12f6b2f.js:0
[ 1939912ms] [LOG] [ContentResolver] Level 2 — exercise video resolved: "שכיבות סמיכה סופינציה" → https://vz-b17872ab-7a7.b-cdn.net/9817c4dc-0765-4be0-af69-74… @ https://out-run-app-git-worktree-streng-98e01f-davids-projects-0d6e1f97.vercel.app/_next/static/chunks/2390-dc57abc8d12f6b2f.js:0
[ 1939912ms] [LOG] [ContentResolver] Level 2 — exercise video resolved: "שכיבות סמיכה סופינציה" → https://vz-b17872ab-7a7.b-cdn.net/9817c4dc-0765-4be0-af69-74… @ https://out-run-app-git-worktree-streng-98e01f-davids-projects-0d6e1f97.vercel.app/_next/static/chunks/2390-dc57abc8d12f6b2f.js:0
[ 1939965ms] [LOG] [VisualContentService] docToContent "pCI5NHXpowu2ySucqDn8_10": {hasVideoVariantsField: true, hasVariantsField: false, rawType: array[0], parsedVariantsCount: 0, allTopLevelKeys: Array(14)} @ https://out-run-app-git-worktree-streng-98e01f-davids-projects-0d6e1f97.vercel.app/_next/static/chunks/2390-dc57abc8d12f6b2f.js:0
[ 1939965ms] [LOG] [VisualContentService] docToContent "pCI5NHXpowu2ySucqDn8_11": {hasVideoVariantsField: true, hasVariantsField: false, rawType: array[0], parsedVariantsCount: 0, allTopLevelKeys: Array(14)} @ https://out-run-app-git-worktree-streng-98e01f-davids-projects-0d6e1f97.vercel.app/_next/static/chunks/2390-dc57abc8d12f6b2f.js:0
[ 1940019ms] [LOG] [VisualContentService] docToContent "pCI5NHXpowu2ySucqDn8_12": {hasVideoVariantsField: true, hasVariantsField: false, rawType: array[0], parsedVariantsCount: 0, allTopLevelKeys: Array(14)} @ https://out-run-app-git-worktree-streng-98e01f-davids-projects-0d6e1f97.vercel.app/_next/static/chunks/2390-dc57abc8d12f6b2f.js:0
[ 1940066ms] [LOG] [VisualContentService] docToContent "pCI5NHXpowu2ySucqDn8_13": {hasVideoVariantsField: true, hasVariantsField: false, rawType: array[0], parsedVariantsCount: 0, allTopLevelKeys: Array(14)} @ https://out-run-app-git-worktree-streng-98e01f-davids-projects-0d6e1f97.vercel.app/_next/static/chunks/2390-dc57abc8d12f6b2f.js:0
[ 1940066ms] [LOG] [VisualContentService] docToContent "pCI5NHXpowu2ySucqDn8_9": {hasVideoVariantsField: true, hasVariantsField: false, rawType: array[0], parsedVariantsCount: 0, allTopLevelKeys: Array(14)} @ https://out-run-app-git-worktree-streng-98e01f-davids-projects-0d6e1f97.vercel.app/_next/static/chunks/2390-dc57abc8d12f6b2f.js:0
[ 1940066ms] [LOG] [VisualContentService] docToContent "pCI5NHXpowu2ySucqDn8_10": {hasVideoVariantsField: true, hasVariantsField: false, rawType: array[0], parsedVariantsCount: 0, allTopLevelKeys: Array(14)} @ https://out-run-app-git-worktree-streng-98e01f-davids-projects-0d6e1f97.vercel.app/_next/static/chunks/2390-dc57abc8d12f6b2f.js:0
[ 1940120ms] [LOG] [VisualContentService] docToContent "pCI5NHXpowu2ySucqDn8_11": {hasVideoVariantsField: true, hasVariantsField: false, rawType: array[0], parsedVariantsCount: 0, allTopLevelKeys: Array(14)} @ https://out-run-app-git-worktree-streng-98e01f-davids-projects-0d6e1f97.vercel.app/_next/static/chunks/2390-dc57abc8d12f6b2f.js:0
[ 1940184ms] [LOG] [VisualContentService] docToContent "pCI5NHXpowu2ySucqDn8_12": {hasVideoVariantsField: true, hasVariantsField: false, rawType: array[0], parsedVariantsCount: 0, allTopLevelKeys: Array(14)} @ https://out-run-app-git-worktree-streng-98e01f-davids-projects-0d6e1f97.vercel.app/_next/static/chunks/2390-dc57abc8d12f6b2f.js:0
[ 1940184ms] [LOG] [VisualContentService] docToContent "pCI5NHXpowu2ySucqDn8_8": {hasVideoVariantsField: true, hasVariantsField: false, rawType: array[0], parsedVariantsCount: 0, allTopLevelKeys: Array(14)} @ https://out-run-app-git-worktree-streng-98e01f-davids-projects-0d6e1f97.vercel.app/_next/static/chunks/2390-dc57abc8d12f6b2f.js:0
[ 1940184ms] [LOG] [VisualContentService] docToContent "pCI5NHXpowu2ySucqDn8_9": {hasVideoVariantsField: true, hasVariantsField: false, rawType: array[0], parsedVariantsCount: 0, allTopLevelKeys: Array(14)} @ https://out-run-app-git-worktree-streng-98e01f-davids-projects-0d6e1f97.vercel.app/_next/static/chunks/2390-dc57abc8d12f6b2f.js:0
[ 1940228ms] [LOG] [VisualContentService] docToContent "pCI5NHXpowu2ySucqDn8_10": {hasVideoVariantsField: true, hasVariantsField: false, rawType: array[0], parsedVariantsCount: 0, allTopLevelKeys: Array(14)} @ https://out-run-app-git-worktree-streng-98e01f-davids-projects-0d6e1f97.vercel.app/_next/static/chunks/2390-dc57abc8d12f6b2f.js:0
[ 1940317ms] [LOG] [VisualContentService] docToContent "pCI5NHXpowu2ySucqDn8_11": {hasVideoVariantsField: true, hasVariantsField: false, rawType: array[0], parsedVariantsCount: 0, allTopLevelKeys: Array(14)} @ https://out-run-app-git-worktree-streng-98e01f-davids-projects-0d6e1f97.vercel.app/_next/static/chunks/2390-dc57abc8d12f6b2f.js:0
[ 1940318ms] [LOG] [VisualContentService] docToContent "pCI5NHXpowu2ySucqDn8_7": {hasVideoVariantsField: true, hasVariantsField: false, rawType: array[0], parsedVariantsCount: 0, allTopLevelKeys: Array(14)} @ https://out-run-app-git-worktree-streng-98e01f-davids-projects-0d6e1f97.vercel.app/_next/static/chunks/2390-dc57abc8d12f6b2f.js:0
[ 1940318ms] [LOG] [VisualContentService] docToContent "pCI5NHXpowu2ySucqDn8_8": {hasVideoVariantsField: true, hasVariantsField: false, rawType: array[0], parsedVariantsCount: 0, allTopLevelKeys: Array(14)} @ https://out-run-app-git-worktree-streng-98e01f-davids-projects-0d6e1f97.vercel.app/_next/static/chunks/2390-dc57abc8d12f6b2f.js:0
[ 1940349ms] [LOG] [VisualContentService] docToContent "pCI5NHXpowu2ySucqDn8_9": {hasVideoVariantsField: true, hasVariantsField: false, rawType: array[0], parsedVariantsCount: 0, allTopLevelKeys: Array(14)} @ https://out-run-app-git-worktree-streng-98e01f-davids-projects-0d6e1f97.vercel.app/_next/static/chunks/2390-dc57abc8d12f6b2f.js:0
[ 1940454ms] [LOG] [VisualContentService] docToContent "pCI5NHXpowu2ySucqDn8_10": {hasVideoVariantsField: true, hasVariantsField: false, rawType: array[0], parsedVariantsCount: 0, allTopLevelKeys: Array(14)} @ https://out-run-app-git-worktree-streng-98e01f-davids-projects-0d6e1f97.vercel.app/_next/static/chunks/2390-dc57abc8d12f6b2f.js:0
[ 1940454ms] [LOG] [VisualContentService] docToContent "pCI5NHXpowu2ySucqDn8_6": {hasVideoVariantsField: true, hasVariantsField: false, rawType: array[0], parsedVariantsCount: 0, allTopLevelKeys: Array(14)} @ https://out-run-app-git-worktree-streng-98e01f-davids-projects-0d6e1f97.vercel.app/_next/static/chunks/2390-dc57abc8d12f6b2f.js:0
[ 1940454ms] [LOG] [VisualContentService] docToContent "pCI5NHXpowu2ySucqDn8_7": {hasVideoVariantsField: true, hasVariantsField: false, rawType: array[0], parsedVariantsCount: 0, allTopLevelKeys: Array(14)} @ https://out-run-app-git-worktree-streng-98e01f-davids-projects-0d6e1f97.vercel.app/_next/static/chunks/2390-dc57abc8d12f6b2f.js:0
[ 1940454ms] [LOG] [VisualContentService] docToContent "pCI5NHXpowu2ySucqDn8_8": {hasVideoVariantsField: true, hasVariantsField: false, rawType: array[0], parsedVariantsCount: 0, allTopLevelKeys: Array(14)} @ https://out-run-app-git-worktree-streng-98e01f-davids-projects-0d6e1f97.vercel.app/_next/static/chunks/2390-dc57abc8d12f6b2f.js:0
[ 1940573ms] [LOG] [VisualContentService] docToContent "pCI5NHXpowu2ySucqDn8_9": {hasVideoVariantsField: true, hasVariantsField: false, rawType: array[0], parsedVariantsCount: 0, allTopLevelKeys: Array(14)} @ https://out-run-app-git-worktree-streng-98e01f-davids-projects-0d6e1f97.vercel.app/_next/static/chunks/2390-dc57abc8d12f6b2f.js:0
[ 1940573ms] [LOG] [VisualContentService] docToContent "pCI5NHXpowu2ySucqDn8_5": {hasVideoVariantsField: true, hasVariantsField: false, rawType: array[0], parsedVariantsCount: 0, allTopLevelKeys: Array(14)} @ https://out-run-app-git-worktree-streng-98e01f-davids-projects-0d6e1f97.vercel.app/_next/static/chunks/2390-dc57abc8d12f6b2f.js:0
[ 1940573ms] [LOG] [VisualContentService] docToContent "pCI5NHXpowu2ySucqDn8_6": {hasVideoVariantsField: true, hasVariantsField: false, rawType: array[0], parsedVariantsCount: 0, allTopLevelKeys: Array(14)} @ https://out-run-app-git-worktree-streng-98e01f-davids-projects-0d6e1f97.vercel.app/_next/static/chunks/2390-dc57abc8d12f6b2f.js:0
[ 1940573ms] [LOG] [VisualContentService] docToContent "pCI5NHXpowu2ySucqDn8_7": {hasVideoVariantsField: true, hasVariantsField: false, rawType: array[0], parsedVariantsCount: 0, allTopLevelKeys: Array(14)} @ https://out-run-app-git-worktree-streng-98e01f-davids-projects-0d6e1f97.vercel.app/_next/static/chunks/2390-dc57abc8d12f6b2f.js:0
[ 1940695ms] [LOG] [VisualContentService] docToContent "pCI5NHXpowu2ySucqDn8_8": {hasVideoVariantsField: true, hasVariantsField: false, rawType: array[0], parsedVariantsCount: 0, allTopLevelKeys: Array(14)} @ https://out-run-app-git-worktree-streng-98e01f-davids-projects-0d6e1f97.vercel.app/_next/static/chunks/2390-dc57abc8d12f6b2f.js:0
[ 1940695ms] [LOG] [VisualContentService] docToContent "pCI5NHXpowu2ySucqDn8_4": {hasVideoVariantsField: true, hasVariantsField: false, rawType: array[0], parsedVariantsCount: 0, allTopLevelKeys: Array(14)} @ https://out-run-app-git-worktree-streng-98e01f-davids-projects-0d6e1f97.vercel.app/_next/static/chunks/2390-dc57abc8d12f6b2f.js:0
[ 1940695ms] [LOG] [VisualContentService] docToContent "pCI5NHXpowu2ySucqDn8_5": {hasVideoVariantsField: true, hasVariantsField: false, rawType: array[0], parsedVariantsCount: 0, allTopLevelKeys: Array(14)} @ https://out-run-app-git-worktree-streng-98e01f-davids-projects-0d6e1f97.vercel.app/_next/static/chunks/2390-dc57abc8d12f6b2f.js:0
[ 1940695ms] [LOG] [VisualContentService] docToContent "pCI5NHXpowu2ySucqDn8_6": {hasVideoVariantsField: true, hasVariantsField: false, rawType: array[0], parsedVariantsCount: 0, allTopLevelKeys: Array(14)} @ https://out-run-app-git-worktree-streng-98e01f-davids-projects-0d6e1f97.vercel.app/_next/static/chunks/2390-dc57abc8d12f6b2f.js:0
[ 1940813ms] [LOG] [VisualContentService] docToContent "pCI5NHXpowu2ySucqDn8_7": {hasVideoVariantsField: true, hasVariantsField: false, rawType: array[0], parsedVariantsCount: 0, allTopLevelKeys: Array(14)} @ https://out-run-app-git-worktree-streng-98e01f-davids-projects-0d6e1f97.vercel.app/_next/static/chunks/2390-dc57abc8d12f6b2f.js:0
[ 1940813ms] [LOG] [VisualContentService] docToContent "pCI5NHXpowu2ySucqDn8_3": {hasVideoVariantsField: true, hasVariantsField: false, rawType: array[0], parsedVariantsCount: 0, allTopLevelKeys: Array(14)} @ https://out-run-app-git-worktree-streng-98e01f-davids-projects-0d6e1f97.vercel.app/_next/static/chunks/2390-dc57abc8d12f6b2f.js:0
[ 1940813ms] [LOG] [VisualContentService] docToContent "pCI5NHXpowu2ySucqDn8_4": {hasVideoVariantsField: true, hasVariantsField: false, rawType: array[0], parsedVariantsCount: 0, allTopLevelKeys: Array(14)} @ https://out-run-app-git-worktree-streng-98e01f-davids-projects-0d6e1f97.vercel.app/_next/static/chunks/2390-dc57abc8d12f6b2f.js:0
[ 1940813ms] [LOG] [VisualContentService] docToContent "pCI5NHXpowu2ySucqDn8_5": {hasVideoVariantsField: true, hasVariantsField: false, rawType: array[0], parsedVariantsCount: 0, allTopLevelKeys: Array(14)} @ https://out-run-app-git-worktree-streng-98e01f-davids-projects-0d6e1f97.vercel.app/_next/static/chunks/2390-dc57abc8d12f6b2f.js:0
[ 1940928ms] [LOG] [VisualContentService] docToContent "pCI5NHXpowu2ySucqDn8_6": {hasVideoVariantsField: true, hasVariantsField: false, rawType: array[0], parsedVariantsCount: 0, allTopLevelKeys: Array(14)} @ https://out-run-app-git-worktree-streng-98e01f-davids-projects-0d6e1f97.vercel.app/_next/static/chunks/2390-dc57abc8d12f6b2f.js:0
[ 1940928ms] [LOG] [VisualContentService] docToContent "pCI5NHXpowu2ySucqDn8_2": {hasVideoVariantsField: true, hasVariantsField: false, rawType: array[0], parsedVariantsCount: 0, allTopLevelKeys: Array(14)} @ https://out-run-app-git-worktree-streng-98e01f-davids-projects-0d6e1f97.vercel.app/_next/static/chunks/2390-dc57abc8d12f6b2f.js:0
[ 1940928ms] [LOG] [VisualContentService] docToContent "pCI5NHXpowu2ySucqDn8_3": {hasVideoVariantsField: true, hasVariantsField: false, rawType: array[0], parsedVariantsCount: 0, allTopLevelKeys: Array(14)} @ https://out-run-app-git-worktree-streng-98e01f-davids-projects-0d6e1f97.vercel.app/_next/static/chunks/2390-dc57abc8d12f6b2f.js:0
[ 1940928ms] [LOG] [VisualContentService] docToContent "pCI5NHXpowu2ySucqDn8_4": {hasVideoVariantsField: true, hasVariantsField: false, rawType: array[0], parsedVariantsCount: 0, allTopLevelKeys: Array(14)} @ https://out-run-app-git-worktree-streng-98e01f-davids-projects-0d6e1f97.vercel.app/_next/static/chunks/2390-dc57abc8d12f6b2f.js:0
[ 1941040ms] [LOG] [VisualContentService] docToContent "pCI5NHXpowu2ySucqDn8_2": {hasVideoVariantsField: true, hasVariantsField: false, rawType: array[0], parsedVariantsCount: 0, allTopLevelKeys: Array(14)} @ https://out-run-app-git-worktree-streng-98e01f-davids-projects-0d6e1f97.vercel.app/_next/static/chunks/2390-dc57abc8d12f6b2f.js:0
[ 1941041ms] [LOG] [VisualContentService] docToContent "pCI5NHXpowu2ySucqDn8_3": {hasVideoVariantsField: true, hasVariantsField: false, rawType: array[0], parsedVariantsCount: 0, allTopLevelKeys: Array(14)} @ https://out-run-app-git-worktree-streng-98e01f-davids-projects-0d6e1f97.vercel.app/_next/static/chunks/2390-dc57abc8d12f6b2f.js:0
[ 1941046ms] [LOG] [VisualContentService] docToContent "pCI5NHXpowu2ySucqDn8_5": {hasVideoVariantsField: true, hasVariantsField: false, rawType: array[0], parsedVariantsCount: 0, allTopLevelKeys: Array(14)} @ https://out-run-app-git-worktree-streng-98e01f-davids-projects-0d6e1f97.vercel.app/_next/static/chunks/2390-dc57abc8d12f6b2f.js:0
[ 1941046ms] [LOG] [VisualContentService] docToContent "pCI5NHXpowu2ySucqDn8_1": {hasVideoVariantsField: true, hasVariantsField: false, rawType: array[0], parsedVariantsCount: 0, allTopLevelKeys: Array(14)} @ https://out-run-app-git-worktree-streng-98e01f-davids-projects-0d6e1f97.vercel.app/_next/static/chunks/2390-dc57abc8d12f6b2f.js:0
[ 1941046ms] [LOG] [VisualContentService] docToContent "pCI5NHXpowu2ySucqDn8_1": {hasVideoVariantsField: true, hasVariantsField: false, rawType: array[0], parsedVariantsCount: 0, allTopLevelKeys: Array(14)} @ https://out-run-app-git-worktree-streng-98e01f-davids-projects-0d6e1f97.vercel.app/_next/static/chunks/2390-dc57abc8d12f6b2f.js:0
[ 1941154ms] [LOG] [VisualContentService] docToContent "pCI5NHXpowu2ySucqDn8_2": {hasVideoVariantsField: true, hasVariantsField: false, rawType: array[0], parsedVariantsCount: 0, allTopLevelKeys: Array(14)} @ https://out-run-app-git-worktree-streng-98e01f-davids-projects-0d6e1f97.vercel.app/_next/static/chunks/2390-dc57abc8d12f6b2f.js:0
[ 1941154ms] [LOG] [VisualContentService] docToContent "pCI5NHXpowu2ySucqDn8_4": {hasVideoVariantsField: true, hasVariantsField: false, rawType: array[0], parsedVariantsCount: 0, allTopLevelKeys: Array(14)} @ https://out-run-app-git-worktree-streng-98e01f-davids-projects-0d6e1f97.vercel.app/_next/static/chunks/2390-dc57abc8d12f6b2f.js:0
[ 1941269ms] [LOG] [VisualContentService] docToContent "pCI5NHXpowu2ySucqDn8_1": {hasVideoVariantsField: true, hasVariantsField: false, rawType: array[0], parsedVariantsCount: 0, allTopLevelKeys: Array(14)} @ https://out-run-app-git-worktree-streng-98e01f-davids-projects-0d6e1f97.vercel.app/_next/static/chunks/2390-dc57abc8d12f6b2f.js:0
[ 1941270ms] [LOG] [VisualContentService] docToContent "pCI5NHXpowu2ySucqDn8_3": {hasVideoVariantsField: true, hasVariantsField: false, rawType: array[0], parsedVariantsCount: 0, allTopLevelKeys: Array(14)} @ https://out-run-app-git-worktree-streng-98e01f-davids-projects-0d6e1f97.vercel.app/_next/static/chunks/2390-dc57abc8d12f6b2f.js:0
[ 1941411ms] [LOG] [VisualContentService] docToContent "pCI5NHXpowu2ySucqDn8_2": {hasVideoVariantsField: true, hasVariantsField: false, rawType: array[0], parsedVariantsCount: 0, allTopLevelKeys: Array(14)} @ https://out-run-app-git-worktree-streng-98e01f-davids-projects-0d6e1f97.vercel.app/_next/static/chunks/2390-dc57abc8d12f6b2f.js:0
[ 1941533ms] [LOG] [VisualContentService] docToContent "pCI5NHXpowu2ySucqDn8_1": {hasVideoVariantsField: true, hasVariantsField: false, rawType: array[0], parsedVariantsCount: 0, allTopLevelKeys: Array(14)} @ https://out-run-app-git-worktree-streng-98e01f-davids-projects-0d6e1f97.vercel.app/_next/static/chunks/2390-dc57abc8d12f6b2f.js:0
[ 1947883ms] [LOG] [DEBUG-PAGE] pathConfig.path: skills | categories passed to VisualSlider: [planche, core] | skipTier: true @ https://out-run-app-git-worktree-streng-98e01f-davids-projects-0d6e1f97.vercel.app/_next/static/chunks/app/onboarding-new/assessment-visual/page-b2b81a08950c73dd.js:0
[ 1948193ms] [WARNING] [2026-09-24T12:47:05.801Z]  @firebase/auth: Auth (12.6.0): Error while retrieving App Check token: FirebaseError: AppCheck: ReCAPTCHA error. (appCheck/recaptcha-error). @ https://out-run-app-git-worktree-streng-98e01f-davids-projects-0d6e1f97.vercel.app/_next/static/chunks/2532-16f59635ee5a761a.js:14
[ 1948793ms] [ERROR] Access to manifest at 'https://vercel.com/sso-api?url=https%3A%2F%2Fout-run-app-git-worktree-streng-98e01f-davids-projects-0d6e1f97.vercel.app%2Fmanifest.json&nonce=18846216ac786317cd6d7ba8a744db70c43106ae8802b24205f871622f9c3a6c' (redirected from 'https://out-run-app-git-worktree-streng-98e01f-davids-projects-0d6e1f97.vercel.app/manifest.json') from origin 'https://out-run-app-git-worktree-streng-98e01f-davids-projects-0d6e1f97.vercel.app' has been blocked by CORS policy: No 'Access-Control-Allow-Origin' header is present on the requested resource. @ https://out-run-app-git-worktree-streng-98e01f-davids-projects-0d6e1f97.vercel.app/onboarding-new/assessment-visual:0
[ 1948793ms] [ERROR] Failed to load resource: net::ERR_FAILED @ https://vercel.com/sso-api?url=https%3A%2F%2Fout-run-app-git-worktree-streng-98e01f-davids-projects-0d6e1f97.vercel.app%2Fmanifest.json&nonce=18846216ac786317cd6d7ba8a744db70c43106ae8802b24205f871622f9c3a6c:0
[ 1948950ms] [LOG] [DEBUG-RESOLVER] loadCategoryMap built: {human_flag: EtY8YCol0qpF6DzgcTx1, push: J0fLpmJhG0KDN2tQouxh, core: kDMpobbKsuVTByTIKUpe, pull: UPDBtTdCvX748dtBlWYj, one_arm_pullup: cC0BOmm6KIqYAyQynEIo} @ https://out-run-app-git-worktree-streng-98e01f-davids-projects-0d6e1f97.vercel.app/_next/static/chunks/2390-dc57abc8d12f6b2f.js:0
[ 1948950ms] [LOG] [DEBUG-RESOLVER] Incoming Category: planche Resolved Candidate IDs: [planche, pCI5NHXpowu2ySucqDn8] @ https://out-run-app-git-worktree-streng-98e01f-davids-projects-0d6e1f97.vercel.app/_next/static/chunks/2390-dc57abc8d12f6b2f.js:0
[ 1948951ms] [LOG] [DEBUG-RESOLVER] loadCategoryMap built: {human_flag: EtY8YCol0qpF6DzgcTx1, push: J0fLpmJhG0KDN2tQouxh, core: kDMpobbKsuVTByTIKUpe, pull: UPDBtTdCvX748dtBlWYj, one_arm_pullup: cC0BOmm6KIqYAyQynEIo} @ https://out-run-app-git-worktree-streng-98e01f-davids-projects-0d6e1f97.vercel.app/_next/static/chunks/2390-dc57abc8d12f6b2f.js:0
[ 1948951ms] [LOG] [DEBUG-RESOLVER] Incoming Category: core Resolved Candidate IDs: [core, kDMpobbKsuVTByTIKUpe] @ https://out-run-app-git-worktree-streng-98e01f-davids-projects-0d6e1f97.vercel.app/_next/static/chunks/2390-dc57abc8d12f6b2f.js:0
[ 1949152ms] [LOG] [DEBUG-FIRESTORE] Querying IDs: [planche, pCI5NHXpowu2ySucqDn8] Snapshot size returned: 15 @ https://out-run-app-git-worktree-streng-98e01f-davids-projects-0d6e1f97.vercel.app/_next/static/chunks/2390-dc57abc8d12f6b2f.js:0
[ 1949152ms] [LOG] [DEBUG-FIRESTORE] showInOnboarding=true levels: [1, 3, 5, 7, 10, 12, 13, 14, 15] (9 total) @ https://out-run-app-git-worktree-streng-98e01f-davids-projects-0d6e1f97.vercel.app/_next/static/chunks/2390-dc57abc8d12f6b2f.js:0
[ 1949152ms] [LOG] [DEBUG-RESOLVER] Final onboarding levels for "planche": [1, 3, 5, 7, 10, 12, 13, 14, 15] (9 total) @ https://out-run-app-git-worktree-streng-98e01f-davids-projects-0d6e1f97.vercel.app/_next/static/chunks/2390-dc57abc8d12f6b2f.js:0
[ 1949152ms] [LOG] [DEBUG-RESOLVER] resolveContent("planche", 1) → programId="pCI5NHXpowu2ySucqDn8" @ https://out-run-app-git-worktree-streng-98e01f-davids-projects-0d6e1f97.vercel.app/_next/static/chunks/2390-dc57abc8d12f6b2f.js:0
[ 1949152ms] [LOG] [DEBUG-RESOLVER] resolveContent("planche", 3) → programId="pCI5NHXpowu2ySucqDn8" @ https://out-run-app-git-worktree-streng-98e01f-davids-projects-0d6e1f97.vercel.app/_next/static/chunks/2390-dc57abc8d12f6b2f.js:0
[ 1949155ms] [LOG] [DEBUG-PAGE] pathConfig.path: skills | categories passed to VisualSlider: [planche, core] | skipTier: true @ https://out-run-app-git-worktree-streng-98e01f-davids-projects-0d6e1f97.vercel.app/_next/static/chunks/app/onboarding-new/assessment-visual/page-b2b81a08950c73dd.js:0
[ 1949156ms] [LOG] [DEBUG-RESOLVER] Incoming Category: planche Resolved Candidate IDs: [planche, pCI5NHXpowu2ySucqDn8] @ https://out-run-app-git-worktree-streng-98e01f-davids-projects-0d6e1f97.vercel.app/_next/static/chunks/2390-dc57abc8d12f6b2f.js:0
[ 1949156ms] [LOG] [DEBUG-RESOLVER] Incoming Category: core Resolved Candidate IDs: [core, kDMpobbKsuVTByTIKUpe] @ https://out-run-app-git-worktree-streng-98e01f-davids-projects-0d6e1f97.vercel.app/_next/static/chunks/2390-dc57abc8d12f6b2f.js:0
[ 1949406ms] [LOG] [DEBUG-FIRESTORE] Querying IDs: [core, kDMpobbKsuVTByTIKUpe] Snapshot size returned: 20 @ https://out-run-app-git-worktree-streng-98e01f-davids-projects-0d6e1f97.vercel.app/_next/static/chunks/2390-dc57abc8d12f6b2f.js:0
[ 1949406ms] [LOG] [DEBUG-FIRESTORE] showInOnboarding=true levels: [1, 3, 5, 7, 8, 10, 11, 14] (8 total) @ https://out-run-app-git-worktree-streng-98e01f-davids-projects-0d6e1f97.vercel.app/_next/static/chunks/2390-dc57abc8d12f6b2f.js:0
[ 1949406ms] [LOG] [DEBUG-RESOLVER] Final onboarding levels for "core": [1, 3, 5, 7, 8, 10, 11, 14] (8 total) @ https://out-run-app-git-worktree-streng-98e01f-davids-projects-0d6e1f97.vercel.app/_next/static/chunks/2390-dc57abc8d12f6b2f.js:0
[ 1949406ms] [LOG] [DEBUG-RESOLVER] resolveContent("core", 1) → programId="kDMpobbKsuVTByTIKUpe" @ https://out-run-app-git-worktree-streng-98e01f-davids-projects-0d6e1f97.vercel.app/_next/static/chunks/2390-dc57abc8d12f6b2f.js:0
[ 1949406ms] [LOG] [DEBUG-RESOLVER] resolveContent("core", 3) → programId="kDMpobbKsuVTByTIKUpe" @ https://out-run-app-git-worktree-streng-98e01f-davids-projects-0d6e1f97.vercel.app/_next/static/chunks/2390-dc57abc8d12f6b2f.js:0
[ 1949406ms] [LOG] [DEBUG-FIRESTORE] Querying IDs: [core, kDMpobbKsuVTByTIKUpe] Snapshot size returned: 20 @ https://out-run-app-git-worktree-streng-98e01f-davids-projects-0d6e1f97.vercel.app/_next/static/chunks/2390-dc57abc8d12f6b2f.js:0
[ 1949407ms] [LOG] [DEBUG-FIRESTORE] showInOnboarding=true levels: [1, 3, 5, 7, 8, 10, 11, 14] (8 total) @ https://out-run-app-git-worktree-streng-98e01f-davids-projects-0d6e1f97.vercel.app/_next/static/chunks/2390-dc57abc8d12f6b2f.js:0
[ 1949407ms] [LOG] [DEBUG-RESOLVER] Final onboarding levels for "core": [1, 3, 5, 7, 8, 10, 11, 14] (8 total) @ https://out-run-app-git-worktree-streng-98e01f-davids-projects-0d6e1f97.vercel.app/_next/static/chunks/2390-dc57abc8d12f6b2f.js:0
[ 1949407ms] [LOG] [DEBUG-RESOLVER] resolveContent("core", 1) → programId="kDMpobbKsuVTByTIKUpe" @ https://out-run-app-git-worktree-streng-98e01f-davids-projects-0d6e1f97.vercel.app/_next/static/chunks/2390-dc57abc8d12f6b2f.js:0
[ 1949407ms] [LOG] [DEBUG-RESOLVER] resolveContent("core", 3) → programId="kDMpobbKsuVTByTIKUpe" @ https://out-run-app-git-worktree-streng-98e01f-davids-projects-0d6e1f97.vercel.app/_next/static/chunks/2390-dc57abc8d12f6b2f.js:0
[ 1949407ms] [LOG] [VisualContentService] docToContent "pCI5NHXpowu2ySucqDn8_1": {hasVideoVariantsField: true, hasVariantsField: false, rawType: array[0], parsedVariantsCount: 0, allTopLevelKeys: Array(14)} @ https://out-run-app-git-worktree-streng-98e01f-davids-projects-0d6e1f97.vercel.app/_next/static/chunks/2390-dc57abc8d12f6b2f.js:0
[ 1949407ms] [LOG] [DEBUG-RESOLVER] attempt1 getVisualContentItem("pCI5NHXpowu2ySucqDn8", 1) → FOUND @ https://out-run-app-git-worktree-streng-98e01f-davids-projects-0d6e1f97.vercel.app/_next/static/chunks/2390-dc57abc8d12f6b2f.js:0
[ 1949407ms] [LOG] [VisualContentService] docToContent "pCI5NHXpowu2ySucqDn8_3": {hasVideoVariantsField: true, hasVariantsField: false, rawType: array[0], parsedVariantsCount: 0, allTopLevelKeys: Array(14)} @ https://out-run-app-git-worktree-streng-98e01f-davids-projects-0d6e1f97.vercel.app/_next/static/chunks/2390-dc57abc8d12f6b2f.js:0
[ 1949407ms] [LOG] [DEBUG-RESOLVER] attempt1 getVisualContentItem("pCI5NHXpowu2ySucqDn8", 3) → FOUND @ https://out-run-app-git-worktree-streng-98e01f-davids-projects-0d6e1f97.vercel.app/_next/static/chunks/2390-dc57abc8d12f6b2f.js:0
[ 1949407ms] [LOG] [DEBUG-FIRESTORE] Querying IDs: [planche, pCI5NHXpowu2ySucqDn8] Snapshot size returned: 15 @ https://out-run-app-git-worktree-streng-98e01f-davids-projects-0d6e1f97.vercel.app/_next/static/chunks/2390-dc57abc8d12f6b2f.js:0
[ 1949407ms] [LOG] [DEBUG-FIRESTORE] showInOnboarding=true levels: [1, 3, 5, 7, 10, 12, 13, 14, 15] (9 total) @ https://out-run-app-git-worktree-streng-98e01f-davids-projects-0d6e1f97.vercel.app/_next/static/chunks/2390-dc57abc8d12f6b2f.js:0
[ 1949407ms] [LOG] [DEBUG-RESOLVER] Final onboarding levels for "planche": [1, 3, 5, 7, 10, 12, 13, 14, 15] (9 total) @ https://out-run-app-git-worktree-streng-98e01f-davids-projects-0d6e1f97.vercel.app/_next/static/chunks/2390-dc57abc8d12f6b2f.js:0
[ 1949407ms] [LOG] [DEBUG-RESOLVER] resolveContent("planche", 1) → programId="pCI5NHXpowu2ySucqDn8" @ https://out-run-app-git-worktree-streng-98e01f-davids-projects-0d6e1f97.vercel.app/_next/static/chunks/2390-dc57abc8d12f6b2f.js:0
[ 1949407ms] [LOG] [DEBUG-RESOLVER] resolveContent("planche", 3) → programId="pCI5NHXpowu2ySucqDn8" @ https://out-run-app-git-worktree-streng-98e01f-davids-projects-0d6e1f97.vercel.app/_next/static/chunks/2390-dc57abc8d12f6b2f.js:0
[ 1949612ms] [LOG] [VisualContentService] docToContent "kDMpobbKsuVTByTIKUpe_1": {hasVideoVariantsField: true, hasVariantsField: false, rawType: array[0], parsedVariantsCount: 0, allTopLevelKeys: Array(14)} @ https://out-run-app-git-worktree-streng-98e01f-davids-projects-0d6e1f97.vercel.app/_next/static/chunks/2390-dc57abc8d12f6b2f.js:0
[ 1949612ms] [LOG] [DEBUG-RESOLVER] attempt1 getVisualContentItem("kDMpobbKsuVTByTIKUpe", 1) → FOUND @ https://out-run-app-git-worktree-streng-98e01f-davids-projects-0d6e1f97.vercel.app/_next/static/chunks/2390-dc57abc8d12f6b2f.js:0
[ 1949612ms] [LOG] [VisualContentService] docToContent "kDMpobbKsuVTByTIKUpe_1": {hasVideoVariantsField: true, hasVariantsField: false, rawType: array[0], parsedVariantsCount: 0, allTopLevelKeys: Array(14)} @ https://out-run-app-git-worktree-streng-98e01f-davids-projects-0d6e1f97.vercel.app/_next/static/chunks/2390-dc57abc8d12f6b2f.js:0
[ 1949612ms] [LOG] [DEBUG-RESOLVER] attempt1 getVisualContentItem("kDMpobbKsuVTByTIKUpe", 1) → FOUND @ https://out-run-app-git-worktree-streng-98e01f-davids-projects-0d6e1f97.vercel.app/_next/static/chunks/2390-dc57abc8d12f6b2f.js:0
[ 1949612ms] [LOG] [VisualContentService] docToContent "kDMpobbKsuVTByTIKUpe_3": {hasVideoVariantsField: true, hasVariantsField: false, rawType: array[0], parsedVariantsCount: 0, allTopLevelKeys: Array(14)} @ https://out-run-app-git-worktree-streng-98e01f-davids-projects-0d6e1f97.vercel.app/_next/static/chunks/2390-dc57abc8d12f6b2f.js:0
[ 1949612ms] [LOG] [DEBUG-RESOLVER] attempt1 getVisualContentItem("kDMpobbKsuVTByTIKUpe", 3) → FOUND @ https://out-run-app-git-worktree-streng-98e01f-davids-projects-0d6e1f97.vercel.app/_next/static/chunks/2390-dc57abc8d12f6b2f.js:0
[ 1949612ms] [LOG] [VisualContentService] docToContent "kDMpobbKsuVTByTIKUpe_3": {hasVideoVariantsField: true, hasVariantsField: false, rawType: array[0], parsedVariantsCount: 0, allTopLevelKeys: Array(14)} @ https://out-run-app-git-worktree-streng-98e01f-davids-projects-0d6e1f97.vercel.app/_next/static/chunks/2390-dc57abc8d12f6b2f.js:0
[ 1949612ms] [LOG] [DEBUG-RESOLVER] attempt1 getVisualContentItem("kDMpobbKsuVTByTIKUpe", 3) → FOUND @ https://out-run-app-git-worktree-streng-98e01f-davids-projects-0d6e1f97.vercel.app/_next/static/chunks/2390-dc57abc8d12f6b2f.js:0
[ 1949613ms] [LOG] [ContentResolver] Level 1 — exercise video resolved: "מקבילים" → https://vz-b17872ab-7a7.b-cdn.net/726dd77e-6f84-4862-a7ab-cd… @ https://out-run-app-git-worktree-streng-98e01f-davids-projects-0d6e1f97.vercel.app/_next/static/chunks/2390-dc57abc8d12f6b2f.js:0
[ 1949613ms] [LOG] [ContentResolver] Level 3 — exercise video resolved: "שכיבות סמיכה פייק" → https://vz-b17872ab-7a7.b-cdn.net/0fa11ec8-3148-470b-86f5-67… @ https://out-run-app-git-worktree-streng-98e01f-davids-projects-0d6e1f97.vercel.app/_next/static/chunks/2390-dc57abc8d12f6b2f.js:0
[ 1949613ms] [LOG] [VisualContentService] docToContent "pCI5NHXpowu2ySucqDn8_1": {hasVideoVariantsField: true, hasVariantsField: false, rawType: array[0], parsedVariantsCount: 0, allTopLevelKeys: Array(14)} @ https://out-run-app-git-worktree-streng-98e01f-davids-projects-0d6e1f97.vercel.app/_next/static/chunks/2390-dc57abc8d12f6b2f.js:0
[ 1949613ms] [LOG] [DEBUG-RESOLVER] attempt1 getVisualContentItem("pCI5NHXpowu2ySucqDn8", 1) → FOUND @ https://out-run-app-git-worktree-streng-98e01f-davids-projects-0d6e1f97.vercel.app/_next/static/chunks/2390-dc57abc8d12f6b2f.js:0
[ 1949613ms] [LOG] [VisualContentService] docToContent "pCI5NHXpowu2ySucqDn8_3": {hasVideoVariantsField: true, hasVariantsField: false, rawType: array[0], parsedVariantsCount: 0, allTopLevelKeys: Array(14)} @ https://out-run-app-git-worktree-streng-98e01f-davids-projects-0d6e1f97.vercel.app/_next/static/chunks/2390-dc57abc8d12f6b2f.js:0
[ 1949613ms] [LOG] [DEBUG-RESOLVER] attempt1 getVisualContentItem("pCI5NHXpowu2ySucqDn8", 3) → FOUND @ https://out-run-app-git-worktree-streng-98e01f-davids-projects-0d6e1f97.vercel.app/_next/static/chunks/2390-dc57abc8d12f6b2f.js:0
[ 1949760ms] [LOG] [ContentResolver] Level 1 — exercise video resolved: "פלאנק על הברכיים" → https://vz-b17872ab-7a7.b-cdn.net/3011b6ff-f251-4c7b-81f4-e2… @ https://out-run-app-git-worktree-streng-98e01f-davids-projects-0d6e1f97.vercel.app/_next/static/chunks/2390-dc57abc8d12f6b2f.js:0
[ 1949760ms] [LOG] [ContentResolver] Level 1 — exercise video resolved: "פלאנק על הברכיים" → https://vz-b17872ab-7a7.b-cdn.net/3011b6ff-f251-4c7b-81f4-e2… @ https://out-run-app-git-worktree-streng-98e01f-davids-projects-0d6e1f97.vercel.app/_next/static/chunks/2390-dc57abc8d12f6b2f.js:0
[ 1949760ms] [LOG] [ContentResolver] Level 3 — exercise video resolved: "פלאנק עליות ונגיעות בכתפיים" → https://vz-b17872ab-7a7.b-cdn.net/4d5bc37c-3994-4574-ace7-12… @ https://out-run-app-git-worktree-streng-98e01f-davids-projects-0d6e1f97.vercel.app/_next/static/chunks/2390-dc57abc8d12f6b2f.js:0
[ 1949761ms] [LOG] [ContentResolver] Level 3 — exercise video resolved: "פלאנק עליות ונגיעות בכתפיים" → https://vz-b17872ab-7a7.b-cdn.net/4d5bc37c-3994-4574-ace7-12… @ https://out-run-app-git-worktree-streng-98e01f-davids-projects-0d6e1f97.vercel.app/_next/static/chunks/2390-dc57abc8d12f6b2f.js:0
[ 1949761ms] [LOG] [ContentResolver] Level 1 — exercise video resolved: "מקבילים" → https://vz-b17872ab-7a7.b-cdn.net/726dd77e-6f84-4862-a7ab-cd… @ https://out-run-app-git-worktree-streng-98e01f-davids-projects-0d6e1f97.vercel.app/_next/static/chunks/2390-dc57abc8d12f6b2f.js:0
[ 1949761ms] [LOG] [ContentResolver] Level 3 — exercise video resolved: "שכיבות סמיכה פייק" → https://vz-b17872ab-7a7.b-cdn.net/0fa11ec8-3148-470b-86f5-67… @ https://out-run-app-git-worktree-streng-98e01f-davids-projects-0d6e1f97.vercel.app/_next/static/chunks/2390-dc57abc8d12f6b2f.js:0
[ 1950476ms] [LOG] [DEBUG-RESOLVER] Incoming Category: planche Resolved Candidate IDs: [planche, pCI5NHXpowu2ySucqDn8] @ https://out-run-app-git-worktree-streng-98e01f-davids-projects-0d6e1f97.vercel.app/_next/static/chunks/2390-dc57abc8d12f6b2f.js:0
[ 1950600ms] [LOG] [DEBUG-FIRESTORE] Querying IDs: [planche, pCI5NHXpowu2ySucqDn8] Snapshot size returned: 15 @ https://out-run-app-git-worktree-streng-98e01f-davids-projects-0d6e1f97.vercel.app/_next/static/chunks/2390-dc57abc8d12f6b2f.js:0
[ 1950600ms] [LOG] [DEBUG-FIRESTORE] showInOnboarding=true levels: [1, 3, 5, 7, 10, 12, 13, 14, 15] (9 total) @ https://out-run-app-git-worktree-streng-98e01f-davids-projects-0d6e1f97.vercel.app/_next/static/chunks/2390-dc57abc8d12f6b2f.js:0
[ 1950600ms] [LOG] [DEBUG-RESOLVER] Final onboarding levels for "planche": [1, 3, 5, 7, 10, 12, 13, 14, 15] (9 total) @ https://out-run-app-git-worktree-streng-98e01f-davids-projects-0d6e1f97.vercel.app/_next/static/chunks/2390-dc57abc8d12f6b2f.js:0
[ 1950602ms] [LOG] [DEBUG-RESOLVER] resolveContent("planche", 1) → programId="pCI5NHXpowu2ySucqDn8" @ https://out-run-app-git-worktree-streng-98e01f-davids-projects-0d6e1f97.vercel.app/_next/static/chunks/2390-dc57abc8d12f6b2f.js:0
[ 1950602ms] [LOG] [DEBUG-RESOLVER] resolveContent("planche", 3) → programId="pCI5NHXpowu2ySucqDn8" @ https://out-run-app-git-worktree-streng-98e01f-davids-projects-0d6e1f97.vercel.app/_next/static/chunks/2390-dc57abc8d12f6b2f.js:0
[ 1950603ms] [LOG] [DEBUG-RESOLVER] resolveContent("planche", 5) → programId="pCI5NHXpowu2ySucqDn8" @ https://out-run-app-git-worktree-streng-98e01f-davids-projects-0d6e1f97.vercel.app/_next/static/chunks/2390-dc57abc8d12f6b2f.js:0
[ 1950603ms] [LOG] [DEBUG-RESOLVER] resolveContent("planche", 7) → programId="pCI5NHXpowu2ySucqDn8" @ https://out-run-app-git-worktree-streng-98e01f-davids-projects-0d6e1f97.vercel.app/_next/static/chunks/2390-dc57abc8d12f6b2f.js:0
[ 1950603ms] [LOG] [DEBUG-RESOLVER] resolveContent("planche", 10) → programId="pCI5NHXpowu2ySucqDn8" @ https://out-run-app-git-worktree-streng-98e01f-davids-projects-0d6e1f97.vercel.app/_next/static/chunks/2390-dc57abc8d12f6b2f.js:0
[ 1950603ms] [LOG] [DEBUG-RESOLVER] resolveContent("planche", 12) → programId="pCI5NHXpowu2ySucqDn8" @ https://out-run-app-git-worktree-streng-98e01f-davids-projects-0d6e1f97.vercel.app/_next/static/chunks/2390-dc57abc8d12f6b2f.js:0
[ 1950603ms] [LOG] [DEBUG-RESOLVER] resolveContent("planche", 13) → programId="pCI5NHXpowu2ySucqDn8" @ https://out-run-app-git-worktree-streng-98e01f-davids-projects-0d6e1f97.vercel.app/_next/static/chunks/2390-dc57abc8d12f6b2f.js:0
[ 1950603ms] [LOG] [DEBUG-RESOLVER] resolveContent("planche", 14) → programId="pCI5NHXpowu2ySucqDn8" @ https://out-run-app-git-worktree-streng-98e01f-davids-projects-0d6e1f97.vercel.app/_next/static/chunks/2390-dc57abc8d12f6b2f.js:0
[ 1950603ms] [LOG] [DEBUG-RESOLVER] resolveContent("planche", 15) → programId="pCI5NHXpowu2ySucqDn8" @ https://out-run-app-git-worktree-streng-98e01f-davids-projects-0d6e1f97.vercel.app/_next/static/chunks/2390-dc57abc8d12f6b2f.js:0
[ 1950603ms] [LOG] [DEBUG-RESOLVER] resolveContent("planche", 1) → programId="pCI5NHXpowu2ySucqDn8" @ https://out-run-app-git-worktree-streng-98e01f-davids-projects-0d6e1f97.vercel.app/_next/static/chunks/2390-dc57abc8d12f6b2f.js:0
[ 1950603ms] [LOG] [DEBUG-RESOLVER] resolveContent("planche", 2) → programId="pCI5NHXpowu2ySucqDn8" @ https://out-run-app-git-worktree-streng-98e01f-davids-projects-0d6e1f97.vercel.app/_next/static/chunks/2390-dc57abc8d12f6b2f.js:0
[ 1950603ms] [LOG] [DEBUG-RESOLVER] resolveContent("planche", 2) → programId="pCI5NHXpowu2ySucqDn8" @ https://out-run-app-git-worktree-streng-98e01f-davids-projects-0d6e1f97.vercel.app/_next/static/chunks/2390-dc57abc8d12f6b2f.js:0
[ 1950771ms] [LOG] [VisualContentService] docToContent "pCI5NHXpowu2ySucqDn8_5": {hasVideoVariantsField: true, hasVariantsField: false, rawType: array[0], parsedVariantsCount: 0, allTopLevelKeys: Array(14)} @ https://out-run-app-git-worktree-streng-98e01f-davids-projects-0d6e1f97.vercel.app/_next/static/chunks/2390-dc57abc8d12f6b2f.js:0
[ 1950771ms] [LOG] [DEBUG-RESOLVER] attempt1 getVisualContentItem("pCI5NHXpowu2ySucqDn8", 5) → FOUND @ https://out-run-app-git-worktree-streng-98e01f-davids-projects-0d6e1f97.vercel.app/_next/static/chunks/2390-dc57abc8d12f6b2f.js:0
[ 1950771ms] [LOG] [VisualContentService] docToContent "pCI5NHXpowu2ySucqDn8_7": {hasVideoVariantsField: true, hasVariantsField: false, rawType: array[0], parsedVariantsCount: 0, allTopLevelKeys: Array(14)} @ https://out-run-app-git-worktree-streng-98e01f-davids-projects-0d6e1f97.vercel.app/_next/static/chunks/2390-dc57abc8d12f6b2f.js:0
[ 1950771ms] [LOG] [DEBUG-RESOLVER] attempt1 getVisualContentItem("pCI5NHXpowu2ySucqDn8", 7) → FOUND @ https://out-run-app-git-worktree-streng-98e01f-davids-projects-0d6e1f97.vercel.app/_next/static/chunks/2390-dc57abc8d12f6b2f.js:0
[ 1950771ms] [LOG] [VisualContentService] docToContent "pCI5NHXpowu2ySucqDn8_10": {hasVideoVariantsField: true, hasVariantsField: false, rawType: array[0], parsedVariantsCount: 0, allTopLevelKeys: Array(14)} @ https://out-run-app-git-worktree-streng-98e01f-davids-projects-0d6e1f97.vercel.app/_next/static/chunks/2390-dc57abc8d12f6b2f.js:0
[ 1950771ms] [LOG] [DEBUG-RESOLVER] attempt1 getVisualContentItem("pCI5NHXpowu2ySucqDn8", 10) → FOUND @ https://out-run-app-git-worktree-streng-98e01f-davids-projects-0d6e1f97.vercel.app/_next/static/chunks/2390-dc57abc8d12f6b2f.js:0
[ 1950771ms] [LOG] [VisualContentService] docToContent "pCI5NHXpowu2ySucqDn8_12": {hasVideoVariantsField: true, hasVariantsField: false, rawType: array[0], parsedVariantsCount: 0, allTopLevelKeys: Array(14)} @ https://out-run-app-git-worktree-streng-98e01f-davids-projects-0d6e1f97.vercel.app/_next/static/chunks/2390-dc57abc8d12f6b2f.js:0
[ 1950771ms] [LOG] [DEBUG-RESOLVER] attempt1 getVisualContentItem("pCI5NHXpowu2ySucqDn8", 12) → FOUND @ https://out-run-app-git-worktree-streng-98e01f-davids-projects-0d6e1f97.vercel.app/_next/static/chunks/2390-dc57abc8d12f6b2f.js:0
[ 1950771ms] [LOG] [VisualContentService] docToContent "pCI5NHXpowu2ySucqDn8_13": {hasVideoVariantsField: true, hasVariantsField: false, rawType: array[0], parsedVariantsCount: 0, allTopLevelKeys: Array(14)} @ https://out-run-app-git-worktree-streng-98e01f-davids-projects-0d6e1f97.vercel.app/_next/static/chunks/2390-dc57abc8d12f6b2f.js:0
[ 1950771ms] [LOG] [DEBUG-RESOLVER] attempt1 getVisualContentItem("pCI5NHXpowu2ySucqDn8", 13) → FOUND @ https://out-run-app-git-worktree-streng-98e01f-davids-projects-0d6e1f97.vercel.app/_next/static/chunks/2390-dc57abc8d12f6b2f.js:0
[ 1950771ms] [LOG] [VisualContentService] docToContent "pCI5NHXpowu2ySucqDn8_14": {hasVideoVariantsField: true, hasVariantsField: false, rawType: array[0], parsedVariantsCount: 0, allTopLevelKeys: Array(14)} @ https://out-run-app-git-worktree-streng-98e01f-davids-projects-0d6e1f97.vercel.app/_next/static/chunks/2390-dc57abc8d12f6b2f.js:0
[ 1950771ms] [LOG] [DEBUG-RESOLVER] attempt1 getVisualContentItem("pCI5NHXpowu2ySucqDn8", 14) → FOUND @ https://out-run-app-git-worktree-streng-98e01f-davids-projects-0d6e1f97.vercel.app/_next/static/chunks/2390-dc57abc8d12f6b2f.js:0
[ 1950771ms] [LOG] [VisualContentService] docToContent "pCI5NHXpowu2ySucqDn8_15": {hasVideoVariantsField: true, hasVariantsField: false, rawType: array[0], parsedVariantsCount: 0, allTopLevelKeys: Array(14)} @ https://out-run-app-git-worktree-streng-98e01f-davids-projects-0d6e1f97.vercel.app/_next/static/chunks/2390-dc57abc8d12f6b2f.js:0
[ 1950771ms] [LOG] [DEBUG-RESOLVER] attempt1 getVisualContentItem("pCI5NHXpowu2ySucqDn8", 15) → FOUND @ https://out-run-app-git-worktree-streng-98e01f-davids-projects-0d6e1f97.vercel.app/_next/static/chunks/2390-dc57abc8d12f6b2f.js:0
[ 1950771ms] [LOG] [VisualContentService] docToContent "pCI5NHXpowu2ySucqDn8_2": {hasVideoVariantsField: true, hasVariantsField: false, rawType: array[0], parsedVariantsCount: 0, allTopLevelKeys: Array(14)} @ https://out-run-app-git-worktree-streng-98e01f-davids-projects-0d6e1f97.vercel.app/_next/static/chunks/2390-dc57abc8d12f6b2f.js:0
[ 1950771ms] [LOG] [DEBUG-RESOLVER] attempt1 getVisualContentItem("pCI5NHXpowu2ySucqDn8", 2) → FOUND @ https://out-run-app-git-worktree-streng-98e01f-davids-projects-0d6e1f97.vercel.app/_next/static/chunks/2390-dc57abc8d12f6b2f.js:0
[ 1950771ms] [LOG] [VisualContentService] docToContent "pCI5NHXpowu2ySucqDn8_2": {hasVideoVariantsField: true, hasVariantsField: false, rawType: array[0], parsedVariantsCount: 0, allTopLevelKeys: Array(14)} @ https://out-run-app-git-worktree-streng-98e01f-davids-projects-0d6e1f97.vercel.app/_next/static/chunks/2390-dc57abc8d12f6b2f.js:0
[ 1950771ms] [LOG] [DEBUG-RESOLVER] attempt1 getVisualContentItem("pCI5NHXpowu2ySucqDn8", 2) → FOUND @ https://out-run-app-git-worktree-streng-98e01f-davids-projects-0d6e1f97.vercel.app/_next/static/chunks/2390-dc57abc8d12f6b2f.js:0
[ 1950902ms] [LOG] [ContentResolver] Level 5 — exercise video resolved: "שכיבות סמיכה פייק גובה ברך" → https://vz-b17872ab-7a7.b-cdn.net/dd052f3a-2677-4fa8-af31-0d… @ https://out-run-app-git-worktree-streng-98e01f-davids-projects-0d6e1f97.vercel.app/_next/static/chunks/2390-dc57abc8d12f6b2f.js:0
[ 1950902ms] [LOG] [ContentResolver] Level 7 — exercise video resolved: "פלאנץ׳ בטאק" → https://vz-b17872ab-7a7.b-cdn.net/912c9beb-a881-4593-980b-38… @ https://out-run-app-git-worktree-streng-98e01f-davids-projects-0d6e1f97.vercel.app/_next/static/chunks/2390-dc57abc8d12f6b2f.js:0
[ 1950903ms] [LOG] [ContentResolver] Level 10 — exercise video resolved: "פלאנץ׳ בטאק מתקדם " → https://vz-b17872ab-7a7.b-cdn.net/a4325b8a-be75-455b-a793-ca… @ https://out-run-app-git-worktree-streng-98e01f-davids-projects-0d6e1f97.vercel.app/_next/static/chunks/2390-dc57abc8d12f6b2f.js:0
[ 1950903ms] [LOG] [VisualContentService] docToContent "pCI5NHXpowu2ySucqDn8_11": {hasVideoVariantsField: true, hasVariantsField: false, rawType: array[0], parsedVariantsCount: 0, allTopLevelKeys: Array(14)} @ https://out-run-app-git-worktree-streng-98e01f-davids-projects-0d6e1f97.vercel.app/_next/static/chunks/2390-dc57abc8d12f6b2f.js:0
[ 1950903ms] [LOG] [VisualContentService] docToContent "pCI5NHXpowu2ySucqDn8_12": {hasVideoVariantsField: true, hasVariantsField: false, rawType: array[0], parsedVariantsCount: 0, allTopLevelKeys: Array(14)} @ https://out-run-app-git-worktree-streng-98e01f-davids-projects-0d6e1f97.vercel.app/_next/static/chunks/2390-dc57abc8d12f6b2f.js:0
[ 1950983ms] [LOG] [VisualContentService] docToContent "pCI5NHXpowu2ySucqDn8_13": {hasVideoVariantsField: true, hasVariantsField: false, rawType: array[0], parsedVariantsCount: 0, allTopLevelKeys: Array(14)} @ https://out-run-app-git-worktree-streng-98e01f-davids-projects-0d6e1f97.vercel.app/_next/static/chunks/2390-dc57abc8d12f6b2f.js:0
[ 1950983ms] [LOG] [VisualContentService] docToContent "pCI5NHXpowu2ySucqDn8_14": {hasVideoVariantsField: true, hasVariantsField: false, rawType: array[0], parsedVariantsCount: 0, allTopLevelKeys: Array(14)} @ https://out-run-app-git-worktree-streng-98e01f-davids-projects-0d6e1f97.vercel.app/_next/static/chunks/2390-dc57abc8d12f6b2f.js:0
[ 1950984ms] [LOG] [ContentResolver] Level 2 — exercise video resolved: "שכיבות סמיכה סופינציה" → https://vz-b17872ab-7a7.b-cdn.net/9817c4dc-0765-4be0-af69-74… @ https://out-run-app-git-worktree-streng-98e01f-davids-projects-0d6e1f97.vercel.app/_next/static/chunks/2390-dc57abc8d12f6b2f.js:0
[ 1950984ms] [LOG] [ContentResolver] Level 2 — exercise video resolved: "שכיבות סמיכה סופינציה" → https://vz-b17872ab-7a7.b-cdn.net/9817c4dc-0765-4be0-af69-74… @ https://out-run-app-git-worktree-streng-98e01f-davids-projects-0d6e1f97.vercel.app/_next/static/chunks/2390-dc57abc8d12f6b2f.js:0
[ 1951027ms] [LOG] [VisualContentService] docToContent "pCI5NHXpowu2ySucqDn8_10": {hasVideoVariantsField: true, hasVariantsField: false, rawType: array[0], parsedVariantsCount: 0, allTopLevelKeys: Array(14)} @ https://out-run-app-git-worktree-streng-98e01f-davids-projects-0d6e1f97.vercel.app/_next/static/chunks/2390-dc57abc8d12f6b2f.js:0
[ 1951028ms] [LOG] [VisualContentService] docToContent "pCI5NHXpowu2ySucqDn8_11": {hasVideoVariantsField: true, hasVariantsField: false, rawType: array[0], parsedVariantsCount: 0, allTopLevelKeys: Array(14)} @ https://out-run-app-git-worktree-streng-98e01f-davids-projects-0d6e1f97.vercel.app/_next/static/chunks/2390-dc57abc8d12f6b2f.js:0
[ 1951091ms] [LOG] [VisualContentService] docToContent "pCI5NHXpowu2ySucqDn8_12": {hasVideoVariantsField: true, hasVariantsField: false, rawType: array[0], parsedVariantsCount: 0, allTopLevelKeys: Array(14)} @ https://out-run-app-git-worktree-streng-98e01f-davids-projects-0d6e1f97.vercel.app/_next/static/chunks/2390-dc57abc8d12f6b2f.js:0
[ 1951149ms] [LOG] [VisualContentService] docToContent "pCI5NHXpowu2ySucqDn8_13": {hasVideoVariantsField: true, hasVariantsField: false, rawType: array[0], parsedVariantsCount: 0, allTopLevelKeys: Array(14)} @ https://out-run-app-git-worktree-streng-98e01f-davids-projects-0d6e1f97.vercel.app/_next/static/chunks/2390-dc57abc8d12f6b2f.js:0
[ 1951149ms] [LOG] [VisualContentService] docToContent "pCI5NHXpowu2ySucqDn8_9": {hasVideoVariantsField: true, hasVariantsField: false, rawType: array[0], parsedVariantsCount: 0, allTopLevelKeys: Array(14)} @ https://out-run-app-git-worktree-streng-98e01f-davids-projects-0d6e1f97.vercel.app/_next/static/chunks/2390-dc57abc8d12f6b2f.js:0
[ 1951149ms] [LOG] [VisualContentService] docToContent "pCI5NHXpowu2ySucqDn8_10": {hasVideoVariantsField: true, hasVariantsField: false, rawType: array[0], parsedVariantsCount: 0, allTopLevelKeys: Array(14)} @ https://out-run-app-git-worktree-streng-98e01f-davids-projects-0d6e1f97.vercel.app/_next/static/chunks/2390-dc57abc8d12f6b2f.js:0
[ 1951194ms] [LOG] [VisualContentService] docToContent "pCI5NHXpowu2ySucqDn8_11": {hasVideoVariantsField: true, hasVariantsField: false, rawType: array[0], parsedVariantsCount: 0, allTopLevelKeys: Array(14)} @ https://out-run-app-git-worktree-streng-98e01f-davids-projects-0d6e1f97.vercel.app/_next/static/chunks/2390-dc57abc8d12f6b2f.js:0
[ 1951320ms] [LOG] [VisualContentService] docToContent "pCI5NHXpowu2ySucqDn8_12": {hasVideoVariantsField: true, hasVariantsField: false, rawType: array[0], parsedVariantsCount: 0, allTopLevelKeys: Array(14)} @ https://out-run-app-git-worktree-streng-98e01f-davids-projects-0d6e1f97.vercel.app/_next/static/chunks/2390-dc57abc8d12f6b2f.js:0
[ 1951320ms] [LOG] [VisualContentService] docToContent "pCI5NHXpowu2ySucqDn8_8": {hasVideoVariantsField: true, hasVariantsField: false, rawType: array[0], parsedVariantsCount: 0, allTopLevelKeys: Array(14)} @ https://out-run-app-git-worktree-streng-98e01f-davids-projects-0d6e1f97.vercel.app/_next/static/chunks/2390-dc57abc8d12f6b2f.js:0
[ 1951320ms] [LOG] [VisualContentService] docToContent "pCI5NHXpowu2ySucqDn8_9": {hasVideoVariantsField: true, hasVariantsField: false, rawType: array[0], parsedVariantsCount: 0, allTopLevelKeys: Array(14)} @ https://out-run-app-git-worktree-streng-98e01f-davids-projects-0d6e1f97.vercel.app/_next/static/chunks/2390-dc57abc8d12f6b2f.js:0
[ 1951320ms] [LOG] [VisualContentService] docToContent "pCI5NHXpowu2ySucqDn8_10": {hasVideoVariantsField: true, hasVariantsField: false, rawType: array[0], parsedVariantsCount: 0, allTopLevelKeys: Array(14)} @ https://out-run-app-git-worktree-streng-98e01f-davids-projects-0d6e1f97.vercel.app/_next/static/chunks/2390-dc57abc8d12f6b2f.js:0
[ 1951459ms] [LOG] [VisualContentService] docToContent "pCI5NHXpowu2ySucqDn8_11": {hasVideoVariantsField: true, hasVariantsField: false, rawType: array[0], parsedVariantsCount: 0, allTopLevelKeys: Array(14)} @ https://out-run-app-git-worktree-streng-98e01f-davids-projects-0d6e1f97.vercel.app/_next/static/chunks/2390-dc57abc8d12f6b2f.js:0
[ 1951459ms] [LOG] [VisualContentService] docToContent "pCI5NHXpowu2ySucqDn8_7": {hasVideoVariantsField: true, hasVariantsField: false, rawType: array[0], parsedVariantsCount: 0, allTopLevelKeys: Array(14)} @ https://out-run-app-git-worktree-streng-98e01f-davids-projects-0d6e1f97.vercel.app/_next/static/chunks/2390-dc57abc8d12f6b2f.js:0
[ 1951459ms] [LOG] [VisualContentService] docToContent "pCI5NHXpowu2ySucqDn8_8": {hasVideoVariantsField: true, hasVariantsField: false, rawType: array[0], parsedVariantsCount: 0, allTopLevelKeys: Array(14)} @ https://out-run-app-git-worktree-streng-98e01f-davids-projects-0d6e1f97.vercel.app/_next/static/chunks/2390-dc57abc8d12f6b2f.js:0
[ 1951459ms] [LOG] [VisualContentService] docToContent "pCI5NHXpowu2ySucqDn8_9": {hasVideoVariantsField: true, hasVariantsField: false, rawType: array[0], parsedVariantsCount: 0, allTopLevelKeys: Array(14)} @ https://out-run-app-git-worktree-streng-98e01f-davids-projects-0d6e1f97.vercel.app/_next/static/chunks/2390-dc57abc8d12f6b2f.js:0
[ 1951608ms] [LOG] [VisualContentService] docToContent "pCI5NHXpowu2ySucqDn8_10": {hasVideoVariantsField: true, hasVariantsField: false, rawType: array[0], parsedVariantsCount: 0, allTopLevelKeys: Array(14)} @ https://out-run-app-git-worktree-streng-98e01f-davids-projects-0d6e1f97.vercel.app/_next/static/chunks/2390-dc57abc8d12f6b2f.js:0
[ 1951608ms] [LOG] [VisualContentService] docToContent "pCI5NHXpowu2ySucqDn8_6": {hasVideoVariantsField: true, hasVariantsField: false, rawType: array[0], parsedVariantsCount: 0, allTopLevelKeys: Array(14)} @ https://out-run-app-git-worktree-streng-98e01f-davids-projects-0d6e1f97.vercel.app/_next/static/chunks/2390-dc57abc8d12f6b2f.js:0
[ 1951608ms] [LOG] [VisualContentService] docToContent "pCI5NHXpowu2ySucqDn8_7": {hasVideoVariantsField: true, hasVariantsField: false, rawType: array[0], parsedVariantsCount: 0, allTopLevelKeys: Array(14)} @ https://out-run-app-git-worktree-streng-98e01f-davids-projects-0d6e1f97.vercel.app/_next/static/chunks/2390-dc57abc8d12f6b2f.js:0
[ 1951608ms] [LOG] [VisualContentService] docToContent "pCI5NHXpowu2ySucqDn8_8": {hasVideoVariantsField: true, hasVariantsField: false, rawType: array[0], parsedVariantsCount: 0, allTopLevelKeys: Array(14)} @ https://out-run-app-git-worktree-streng-98e01f-davids-projects-0d6e1f97.vercel.app/_next/static/chunks/2390-dc57abc8d12f6b2f.js:0
[ 1951715ms] [LOG] [VisualContentService] docToContent "pCI5NHXpowu2ySucqDn8_6": {hasVideoVariantsField: true, hasVariantsField: false, rawType: array[0], parsedVariantsCount: 0, allTopLevelKeys: Array(14)} @ https://out-run-app-git-worktree-streng-98e01f-davids-projects-0d6e1f97.vercel.app/_next/static/chunks/2390-dc57abc8d12f6b2f.js:0
[ 1951715ms] [LOG] [VisualContentService] docToContent "pCI5NHXpowu2ySucqDn8_7": {hasVideoVariantsField: true, hasVariantsField: false, rawType: array[0], parsedVariantsCount: 0, allTopLevelKeys: Array(14)} @ https://out-run-app-git-worktree-streng-98e01f-davids-projects-0d6e1f97.vercel.app/_next/static/chunks/2390-dc57abc8d12f6b2f.js:0
[ 1951747ms] [LOG] [VisualContentService] docToContent "pCI5NHXpowu2ySucqDn8_9": {hasVideoVariantsField: true, hasVariantsField: false, rawType: array[0], parsedVariantsCount: 0, allTopLevelKeys: Array(14)} @ https://out-run-app-git-worktree-streng-98e01f-davids-projects-0d6e1f97.vercel.app/_next/static/chunks/2390-dc57abc8d12f6b2f.js:0
[ 1951747ms] [LOG] [VisualContentService] docToContent "pCI5NHXpowu2ySucqDn8_5": {hasVideoVariantsField: true, hasVariantsField: false, rawType: array[0], parsedVariantsCount: 0, allTopLevelKeys: Array(14)} @ https://out-run-app-git-worktree-streng-98e01f-davids-projects-0d6e1f97.vercel.app/_next/static/chunks/2390-dc57abc8d12f6b2f.js:0
[ 1951747ms] [LOG] [VisualContentService] docToContent "pCI5NHXpowu2ySucqDn8_5": {hasVideoVariantsField: true, hasVariantsField: false, rawType: array[0], parsedVariantsCount: 0, allTopLevelKeys: Array(14)} @ https://out-run-app-git-worktree-streng-98e01f-davids-projects-0d6e1f97.vercel.app/_next/static/chunks/2390-dc57abc8d12f6b2f.js:0
[ 1951837ms] [LOG] [VisualContentService] docToContent "pCI5NHXpowu2ySucqDn8_6": {hasVideoVariantsField: true, hasVariantsField: false, rawType: array[0], parsedVariantsCount: 0, allTopLevelKeys: Array(14)} @ https://out-run-app-git-worktree-streng-98e01f-davids-projects-0d6e1f97.vercel.app/_next/static/chunks/2390-dc57abc8d12f6b2f.js:0
[ 1951875ms] [LOG] [VisualContentService] docToContent "pCI5NHXpowu2ySucqDn8_8": {hasVideoVariantsField: true, hasVariantsField: false, rawType: array[0], parsedVariantsCount: 0, allTopLevelKeys: Array(14)} @ https://out-run-app-git-worktree-streng-98e01f-davids-projects-0d6e1f97.vercel.app/_next/static/chunks/2390-dc57abc8d12f6b2f.js:0
[ 1951875ms] [LOG] [VisualContentService] docToContent "pCI5NHXpowu2ySucqDn8_4": {hasVideoVariantsField: true, hasVariantsField: false, rawType: array[0], parsedVariantsCount: 0, allTopLevelKeys: Array(14)} @ https://out-run-app-git-worktree-streng-98e01f-davids-projects-0d6e1f97.vercel.app/_next/static/chunks/2390-dc57abc8d12f6b2f.js:0
[ 1951875ms] [LOG] [VisualContentService] docToContent "pCI5NHXpowu2ySucqDn8_4": {hasVideoVariantsField: true, hasVariantsField: false, rawType: array[0], parsedVariantsCount: 0, allTopLevelKeys: Array(14)} @ https://out-run-app-git-worktree-streng-98e01f-davids-projects-0d6e1f97.vercel.app/_next/static/chunks/2390-dc57abc8d12f6b2f.js:0
[ 1951939ms] [LOG] [VisualContentService] docToContent "pCI5NHXpowu2ySucqDn8_5": {hasVideoVariantsField: true, hasVariantsField: false, rawType: array[0], parsedVariantsCount: 0, allTopLevelKeys: Array(14)} @ https://out-run-app-git-worktree-streng-98e01f-davids-projects-0d6e1f97.vercel.app/_next/static/chunks/2390-dc57abc8d12f6b2f.js:0
[ 1952008ms] [LOG] [VisualContentService] docToContent "pCI5NHXpowu2ySucqDn8_7": {hasVideoVariantsField: true, hasVariantsField: false, rawType: array[0], parsedVariantsCount: 0, allTopLevelKeys: Array(14)} @ https://out-run-app-git-worktree-streng-98e01f-davids-projects-0d6e1f97.vercel.app/_next/static/chunks/2390-dc57abc8d12f6b2f.js:0
[ 1952008ms] [LOG] [VisualContentService] docToContent "pCI5NHXpowu2ySucqDn8_3": {hasVideoVariantsField: true, hasVariantsField: false, rawType: array[0], parsedVariantsCount: 0, allTopLevelKeys: Array(14)} @ https://out-run-app-git-worktree-streng-98e01f-davids-projects-0d6e1f97.vercel.app/_next/static/chunks/2390-dc57abc8d12f6b2f.js:0
[ 1952008ms] [LOG] [VisualContentService] docToContent "pCI5NHXpowu2ySucqDn8_3": {hasVideoVariantsField: true, hasVariantsField: false, rawType: array[0], parsedVariantsCount: 0, allTopLevelKeys: Array(14)} @ https://out-run-app-git-worktree-streng-98e01f-davids-projects-0d6e1f97.vercel.app/_next/static/chunks/2390-dc57abc8d12f6b2f.js:0
[ 1952065ms] [LOG] [VisualContentService] docToContent "pCI5NHXpowu2ySucqDn8_4": {hasVideoVariantsField: true, hasVariantsField: false, rawType: array[0], parsedVariantsCount: 0, allTopLevelKeys: Array(14)} @ https://out-run-app-git-worktree-streng-98e01f-davids-projects-0d6e1f97.vercel.app/_next/static/chunks/2390-dc57abc8d12f6b2f.js:0
[ 1952128ms] [LOG] [VisualContentService] docToContent "pCI5NHXpowu2ySucqDn8_6": {hasVideoVariantsField: true, hasVariantsField: false, rawType: array[0], parsedVariantsCount: 0, allTopLevelKeys: Array(14)} @ https://out-run-app-git-worktree-streng-98e01f-davids-projects-0d6e1f97.vercel.app/_next/static/chunks/2390-dc57abc8d12f6b2f.js:0
[ 1952128ms] [LOG] [VisualContentService] docToContent "pCI5NHXpowu2ySucqDn8_2": {hasVideoVariantsField: true, hasVariantsField: false, rawType: array[0], parsedVariantsCount: 0, allTopLevelKeys: Array(14)} @ https://out-run-app-git-worktree-streng-98e01f-davids-projects-0d6e1f97.vercel.app/_next/static/chunks/2390-dc57abc8d12f6b2f.js:0
[ 1952129ms] [LOG] [VisualContentService] docToContent "pCI5NHXpowu2ySucqDn8_2": {hasVideoVariantsField: true, hasVariantsField: false, rawType: array[0], parsedVariantsCount: 0, allTopLevelKeys: Array(14)} @ https://out-run-app-git-worktree-streng-98e01f-davids-projects-0d6e1f97.vercel.app/_next/static/chunks/2390-dc57abc8d12f6b2f.js:0
[ 1952171ms] [LOG] [VisualContentService] docToContent "pCI5NHXpowu2ySucqDn8_3": {hasVideoVariantsField: true, hasVariantsField: false, rawType: array[0], parsedVariantsCount: 0, allTopLevelKeys: Array(14)} @ https://out-run-app-git-worktree-streng-98e01f-davids-projects-0d6e1f97.vercel.app/_next/static/chunks/2390-dc57abc8d12f6b2f.js:0
[ 1952243ms] [LOG] [VisualContentService] docToContent "pCI5NHXpowu2ySucqDn8_5": {hasVideoVariantsField: true, hasVariantsField: false, rawType: array[0], parsedVariantsCount: 0, allTopLevelKeys: Array(14)} @ https://out-run-app-git-worktree-streng-98e01f-davids-projects-0d6e1f97.vercel.app/_next/static/chunks/2390-dc57abc8d12f6b2f.js:0
[ 1952243ms] [LOG] [VisualContentService] docToContent "pCI5NHXpowu2ySucqDn8_1": {hasVideoVariantsField: true, hasVariantsField: false, rawType: array[0], parsedVariantsCount: 0, allTopLevelKeys: Array(14)} @ https://out-run-app-git-worktree-streng-98e01f-davids-projects-0d6e1f97.vercel.app/_next/static/chunks/2390-dc57abc8d12f6b2f.js:0
[ 1952243ms] [LOG] [VisualContentService] docToContent "pCI5NHXpowu2ySucqDn8_1": {hasVideoVariantsField: true, hasVariantsField: false, rawType: array[0], parsedVariantsCount: 0, allTopLevelKeys: Array(14)} @ https://out-run-app-git-worktree-streng-98e01f-davids-projects-0d6e1f97.vercel.app/_next/static/chunks/2390-dc57abc8d12f6b2f.js:0
[ 1952281ms] [LOG] [VisualContentService] docToContent "pCI5NHXpowu2ySucqDn8_2": {hasVideoVariantsField: true, hasVariantsField: false, rawType: array[0], parsedVariantsCount: 0, allTopLevelKeys: Array(14)} @ https://out-run-app-git-worktree-streng-98e01f-davids-projects-0d6e1f97.vercel.app/_next/static/chunks/2390-dc57abc8d12f6b2f.js:0
[ 1952391ms] [LOG] [VisualContentService] docToContent "pCI5NHXpowu2ySucqDn8_4": {hasVideoVariantsField: true, hasVariantsField: false, rawType: array[0], parsedVariantsCount: 0, allTopLevelKeys: Array(14)} @ https://out-run-app-git-worktree-streng-98e01f-davids-projects-0d6e1f97.vercel.app/_next/static/chunks/2390-dc57abc8d12f6b2f.js:0
[ 1952391ms] [LOG] [VisualContentService] docToContent "pCI5NHXpowu2ySucqDn8_1": {hasVideoVariantsField: true, hasVariantsField: false, rawType: array[0], parsedVariantsCount: 0, allTopLevelKeys: Array(14)} @ https://out-run-app-git-worktree-streng-98e01f-davids-projects-0d6e1f97.vercel.app/_next/static/chunks/2390-dc57abc8d12f6b2f.js:0
[ 1952530ms] [LOG] [VisualContentService] docToContent "pCI5NHXpowu2ySucqDn8_3": {hasVideoVariantsField: true, hasVariantsField: false, rawType: array[0], parsedVariantsCount: 0, allTopLevelKeys: Array(14)} @ https://out-run-app-git-worktree-streng-98e01f-davids-projects-0d6e1f97.vercel.app/_next/static/chunks/2390-dc57abc8d12f6b2f.js:0
[ 1952676ms] [LOG] [VisualContentService] docToContent "pCI5NHXpowu2ySucqDn8_2": {hasVideoVariantsField: true, hasVariantsField: false, rawType: array[0], parsedVariantsCount: 0, allTopLevelKeys: Array(14)} @ https://out-run-app-git-worktree-streng-98e01f-davids-projects-0d6e1f97.vercel.app/_next/static/chunks/2390-dc57abc8d12f6b2f.js:0
[ 1952804ms] [LOG] [VisualContentService] docToContent "pCI5NHXpowu2ySucqDn8_1": {hasVideoVariantsField: true, hasVariantsField: false, rawType: array[0], parsedVariantsCount: 0, allTopLevelKeys: Array(14)} @ https://out-run-app-git-worktree-streng-98e01f-davids-projects-0d6e1f97.vercel.app/_next/static/chunks/2390-dc57abc8d12f6b2f.js:0
