[    4063ms] [WARNING] Failed to execute 'postMessage' on 'DOMWindow': The target origin provided ('https://www.youtube.com') does not match the recipient window's origin ('https://www.google.com'). @ https://www.youtube.com/s/player/e937390a/www-widgetapi.vflset/www-widgetapi.js:162
[    5842ms] [ERROR] Failed to load resource: the server responded with a status of 404 () @ https://encrypted-tbn1.gstatic.com/favicon-tbn?q=tbn%3AANd9GcT8UiUzZylBV9go0yDcqU9MJ9Lwc54DdNeqGvu73s0035CTd1yOfimEw1dDJlWjjVsqHb0BwtrRwgPHnK0Hl4bUNKY1XOseSObE:0
[    7695ms] [WARNING] Failed to execute 'postMessage' on 'DOMWindow': The target origin provided ('https://www.youtube.com') does not match the recipient window's origin ('https://www.google.com'). @ https://www.youtube.com/s/player/e937390a/www-widgetapi.vflset/www-widgetapi.js:162
[   85466ms] [INFO] websocket_client: 1788345029787 connecting... @ https://static.canva.com/web/8106ee633973e981.sentry_browser.js:0
[   86013ms] [INFO] websocket_client: connected @ https://static.canva.com/web/8106ee633973e981.sentry_browser.js:0
[   86013ms] [INFO] websocket_client: status CONNECTED @ https://static.canva.com/web/8106ee633973e981.sentry_browser.js:0
[   86233ms] [INFO] websocket_client: request id a34bd6f4f8438e4b @ https://static.canva.com/web/8106ee633973e981.sentry_browser.js:0
[13801420ms] [INFO] websocket_client: status ERROR, reconnecting in 1675ms Error: RSocketWebSocketClient: Socket closed unexpectedly.
    at WebSocket.<anonymous> (https://chunk-composing.canva.com/chunk-batch/877a88ab8b19a83c.vendor.js+8bb5bbcbd8281f1e.vendor.js+343b767bfbe009e0.vendor.js+0bf4bb2624066750.vendor.js+5b892a8ed94beac9.vendor.js+7f3a370848dc508d.vendor.js+e04e64b695ce4be4.vendor.js+c5edb793fb9cb8df.js+8f84e9b67f01d8d1.js+ac3565f6b86c8cff.js+27aabbef94d856a2.js+d5b18aa207bd7b4c.js+b362c223728a0a35.js+ea388c6023f54604.js+aee0f0cb88cd2a2f.js+963e45d46f6f387a.js+b3928915b75fab3e.js+716453c86228008e.vendor.js+45bf9ada43140582.js+05e2e08e032ef11d.js+97f516fe99df2674.js+8336a2ef7f304079.js+561dd38201169522.js+79cd2d3d1df128cf.js+ac8c2ff9c6c57b04.js+29556ee032fc4409.js+17c1573fd42f6c80.js+879d352c704e129d.js+905dfe214a6ce934.vendor.js+8aa948bbc0553e6d.js+8d65ce13218937a5.js+07e601e9e77a8f42.js+cf3c9fa4989aae43.js+ef513f21c104a344.js+18d92c018bc15140.js+4228bc3b2a6b4c17.js+f1f73b5a91fadaa9.js+3cbc3e3a184c5bb2.js+58326968697a49ba.vendor.js+972cc0e479ab8a8b.js:6:44448)
    at WebSocket.n (https://static.canva.com/web/8106ee633973e981.sentry_browser.js:1:76074) @ https://static.canva.com/web/8106ee633973e981.sentry_browser.js:0
[13803093ms] [INFO] websocket_client: 1788358747414 connecting... @ https://static.canva.com/web/8106ee633973e981.sentry_browser.js:0
[13803988ms] [INFO] websocket_client: connected @ https://static.canva.com/web/8106ee633973e981.sentry_browser.js:0
[13803992ms] [INFO] websocket_client: status CONNECTED @ https://static.canva.com/web/8106ee633973e981.sentry_browser.js:0
[13804164ms] [INFO] websocket_client: request id a34d25de9c7d8e45 @ https://static.canva.com/web/8106ee633973e981.sentry_browser.js:0
[13883628ms] [ERROR] Failed to load resource: net::ERR_NETWORK_CHANGED @ https://www.canva.com/_ajax/ae/time:0
[13906557ms] [ERROR] Failed to load resource: net::ERR_NETWORK_CHANGED @ https://www.canva.com/_ajax/ae/time:0
[13913907ms] [INFO] websocket_client: status ERROR, reconnecting in 2494ms Error: RSocketWebSocketClient: Socket closed unexpectedly.
    at WebSocket.<anonymous> (https://chunk-composing.canva.com/chunk-batch/877a88ab8b19a83c.vendor.js+8bb5bbcbd8281f1e.vendor.js+343b767bfbe009e0.vendor.js+0bf4bb2624066750.vendor.js+5b892a8ed94beac9.vendor.js+7f3a370848dc508d.vendor.js+e04e64b695ce4be4.vendor.js+c5edb793fb9cb8df.js+8f84e9b67f01d8d1.js+ac3565f6b86c8cff.js+27aabbef94d856a2.js+d5b18aa207bd7b4c.js+b362c223728a0a35.js+ea388c6023f54604.js+aee0f0cb88cd2a2f.js+963e45d46f6f387a.js+b3928915b75fab3e.js+716453c86228008e.vendor.js+45bf9ada43140582.js+05e2e08e032ef11d.js+97f516fe99df2674.js+8336a2ef7f304079.js+561dd38201169522.js+79cd2d3d1df128cf.js+ac8c2ff9c6c57b04.js+29556ee032fc4409.js+17c1573fd42f6c80.js+879d352c704e129d.js+905dfe214a6ce934.vendor.js+8aa948bbc0553e6d.js+8d65ce13218937a5.js+07e601e9e77a8f42.js+cf3c9fa4989aae43.js+ef513f21c104a344.js+18d92c018bc15140.js+4228bc3b2a6b4c17.js+f1f73b5a91fadaa9.js+3cbc3e3a184c5bb2.js+58326968697a49ba.vendor.js+972cc0e479ab8a8b.js:6:44448)
    at WebSocket.n (https://static.canva.com/web/8106ee633973e981.sentry_browser.js:1:76074) @ https://static.canva.com/web/8106ee633973e981.sentry_browser.js:0
[13916402ms] [INFO] websocket_client: 1788358860723 connecting... @ https://static.canva.com/web/8106ee633973e981.sentry_browser.js:0
[14868556ms] [ERROR] Failed to load resource: net::ERR_NETWORK_CHANGED @ https://www.canva.com/_ajax/ae/time:0
[14869232ms] [ERROR] Failed to load resource: net::ERR_INTERNET_DISCONNECTED @ https://www.canva.com/_online?1788359812996:0
[14870652ms] [ERROR] Failed to load resource: net::ERR_INTERNET_DISCONNECTED @ https://www.canva.com/_online?1788359814666:0
[14872570ms] [ERROR] Failed to load resource: net::ERR_INTERNET_DISCONNECTED @ https://www.canva.com/_online?1788359816579:0
[14874822ms] [ERROR] Failed to load resource: net::ERR_INTERNET_DISCONNECTED @ https://www.canva.com/_online?1788359818830:0
[14877549ms] [ERROR] Failed to load resource: net::ERR_INTERNET_DISCONNECTED @ https://www.canva.com/_online?1788359821550:0
[14880958ms] [ERROR] Failed to load resource: net::ERR_INTERNET_DISCONNECTED @ https://www.canva.com/_online?1788359824974:0
[14885055ms] [ERROR] Failed to load resource: net::ERR_INTERNET_DISCONNECTED @ https://www.canva.com/_online?1788359829069:0
[14891530ms] [ERROR] Failed to load resource: net::ERR_INTERNET_DISCONNECTED @ https://www.canva.com/_online?1788359835540:0
[14897641ms] [ERROR] Failed to load resource: net::ERR_INTERNET_DISCONNECTED @ https://www.canva.com/_online?1788359841650:0
[14897849ms] [WARNING] WebSocket connection to 'wss://www.canva.com/_stream' failed: WebSocket is closed before the connection is established. @ https://chunk-composing.canva.com/chunk-batch/877a88ab8b19a83c.vendor.js+8bb5bbcbd8281f1e.vendor.js+343b767bfbe009e0.vendor.js+0bf4bb2624066750.vendor.js+5b892a8ed94beac9.vendor.js+7f3a370848dc508d.vendor.js+e04e64b695ce4be4.vendor.js+c5edb793fb9cb8df.js+8f84e9b67f01d8d1.js+ac3565f6b86c8cff.js+27aabbef94d856a2.js+d5b18aa207bd7b4c.js+b362c223728a0a35.js+ea388c6023f54604.js+aee0f0cb88cd2a2f.js+963e45d46f6f387a.js+b3928915b75fab3e.js+716453c86228008e.vendor.js+45bf9ada43140582.js+05e2e08e032ef11d.js+97f516fe99df2674.js+8336a2ef7f304079.js+561dd38201169522.js+79cd2d3d1df128cf.js+ac8c2ff9c6c57b04.js+29556ee032fc4409.js+17c1573fd42f6c80.js+879d352c704e129d.js+905dfe214a6ce934.vendor.js+8aa948bbc0553e6d.js+8d65ce13218937a5.js+07e601e9e77a8f42.js+cf3c9fa4989aae43.js+ef513f21c104a344.js+18d92c018bc15140.js+4228bc3b2a6b4c17.js+f1f73b5a91fadaa9.js+3cbc3e3a184c5bb2.js+58326968697a49ba.vendor.js+972cc0e479ab8a8b.js:5
[14897849ms] [WARNING] websocket_client: connection failed, retrying in 1890ms Error: Connect Timeout
    at https://chunk-composing.canva.com/chunk-batch/877a88ab8b19a83c.vendor.js+8bb5bbcbd8281f1e.vendor.js+343b767bfbe009e0.vendor.js+0bf4bb2624066750.vendor.js+5b892a8ed94beac9.vendor.js+7f3a370848dc508d.vendor.js+e04e64b695ce4be4.vendor.js+c5edb793fb9cb8df.js+8f84e9b67f01d8d1.js+ac3565f6b86c8cff.js+27aabbef94d856a2.js+d5b18aa207bd7b4c.js+b362c223728a0a35.js+ea388c6023f54604.js+aee0f0cb88cd2a2f.js+963e45d46f6f387a.js+b3928915b75fab3e.js+716453c86228008e.vendor.js+45bf9ada43140582.js+05e2e08e032ef11d.js+97f516fe99df2674.js+8336a2ef7f304079.js+561dd38201169522.js+79cd2d3d1df128cf.js+ac8c2ff9c6c57b04.js+29556ee032fc4409.js+17c1573fd42f6c80.js+879d352c704e129d.js+905dfe214a6ce934.vendor.js+8aa948bbc0553e6d.js+8d65ce13218937a5.js+07e601e9e77a8f42.js+cf3c9fa4989aae43.js+ef513f21c104a344.js+18d92c018bc15140.js+4228bc3b2a6b4c17.js+f1f73b5a91fadaa9.js+3cbc3e3a184c5bb2.js+58326968697a49ba.vendor.js+972cc0e479ab8a8b.js:21:264
    at n (https://static.canva.com/web/8106ee633973e981.sentry_browser.js:1:76074) @ https://static.canva.com/web/8106ee633973e981.sentry_browser.js:0
[14899740ms] [INFO] websocket_client: offline, waiting for online... @ https://static.canva.com/web/8106ee633973e981.sentry_browser.js:0
[14903521ms] [ERROR] Failed to load resource: net::ERR_INTERNET_DISCONNECTED @ https://www.canva.com/_online?1788359847838:0
[16873450ms] [ERROR] Failed to load resource: net::ERR_INTERNET_DISCONNECTED @ https://www.canva.com/_online?1788361817769:0
[17896678ms] [ERROR] Failed to load resource: net::ERR_INTERNET_DISCONNECTED @ https://www.canva.com/_online?1788362840996:0
[19833902ms] [ERROR] Failed to load resource: net::ERR_INTERNET_DISCONNECTED @ https://www.canva.com/_online?1788364778220:0
[21061548ms] [ERROR] Failed to load resource: net::ERR_INTERNET_DISCONNECTED @ https://www.canva.com/_online?1788366005866:0
[21063219ms] [ERROR] Failed to load resource: net::ERR_INTERNET_DISCONNECTED @ https://www.canva.com/_ajax/messagingorchestration/alerts/v2?page=A:0
[21067976ms] [ERROR] Failed to load resource: net::ERR_INTERNET_DISCONNECTED @ https://www.canva.com/_online?1788366012294:0
[21073383ms] [ERROR] Failed to load resource: net::ERR_INTERNET_DISCONNECTED @ https://www.canva.com/_online?1788366017702:0
[21078933ms] [ERROR] Failed to load resource: net::ERR_INTERNET_DISCONNECTED @ https://www.canva.com/_online?1788366023252:0
[21085189ms] [ERROR] Failed to load resource: net::ERR_INTERNET_DISCONNECTED @ https://www.canva.com/_online?1788366029508:0
[21090772ms] [ERROR] Failed to load resource: net::ERR_INTERNET_DISCONNECTED @ https://www.canva.com/_online?1788366035090:0
[21097034ms] [ERROR] Failed to load resource: net::ERR_INTERNET_DISCONNECTED @ https://www.canva.com/_online?1788366041045:0
[21103377ms] [ERROR] Failed to load resource: net::ERR_INTERNET_DISCONNECTED @ https://www.canva.com/_online?1788366047693:0
[22018726ms] [ERROR] Failed to load resource: net::ERR_INTERNET_DISCONNECTED @ https://www.canva.com/_online?1788366963044:0
[23056368ms] [ERROR] Failed to load resource: net::ERR_INTERNET_DISCONNECTED @ https://www.canva.com/_online?1788368000687:0
[24721299ms] [ERROR] Failed to load resource: net::ERR_INTERNET_DISCONNECTED @ https://www.canva.com/_online?1788369665618:0
[24727361ms] [ERROR] Failed to load resource: net::ERR_INTERNET_DISCONNECTED @ https://www.canva.com/_online?1788369671677:0
[24733838ms] [ERROR] Failed to load resource: net::ERR_INTERNET_DISCONNECTED @ https://www.canva.com/_online?1788369678157:0
[24739742ms] [ERROR] Failed to load resource: net::ERR_INTERNET_DISCONNECTED @ https://www.canva.com/_online?1788369684059:0
[24745989ms] [ERROR] Failed to load resource: net::ERR_INTERNET_DISCONNECTED @ https://www.canva.com/_online?1788369690308:0
[24752224ms] [ERROR] Failed to load resource: net::ERR_INTERNET_DISCONNECTED @ https://www.canva.com/_online?1788369696543:0
[24758672ms] [ERROR] Failed to load resource: net::ERR_INTERNET_DISCONNECTED @ https://www.canva.com/_online?1788369702990:0
[24763985ms] [ERROR] Failed to load resource: net::ERR_INTERNET_DISCONNECTED @ https://www.canva.com/_online?1788369708303:0
[25787428ms] [ERROR] Failed to load resource: net::ERR_INTERNET_DISCONNECTED @ https://www.canva.com/_online?1788370731747:0
[27723041ms] [ERROR] Failed to load resource: net::ERR_INTERNET_DISCONNECTED @ https://www.canva.com/_online?1788372667360:0
[28383719ms] [ERROR] Failed to load resource: net::ERR_INTERNET_DISCONNECTED @ https://www.canva.com/_online?1788373328038:0
[28388860ms] [ERROR] Failed to load resource: net::ERR_INTERNET_DISCONNECTED @ https://www.canva.com/_online?1788373333176:0
[28391178ms] [ERROR] Failed to load resource: net::ERR_INTERNET_DISCONNECTED @ https://www.canva.com/_ajax/livefolderitem/channel/AoJWAbKSVEFcr6ojT373jz8/retrieve_updates?continuation=1788349892913-0:0
[28394679ms] [ERROR] Failed to load resource: net::ERR_INTERNET_DISCONNECTED @ https://www.canva.com/_online?1788373338997:0
[28401111ms] [ERROR] Failed to load resource: net::ERR_INTERNET_DISCONNECTED @ https://www.canva.com/_online?1788373345430:0
[28406558ms] [ERROR] Failed to load resource: net::ERR_INTERNET_DISCONNECTED @ https://www.canva.com/_online?1788373350876:0
[28412222ms] [ERROR] Failed to load resource: net::ERR_INTERNET_DISCONNECTED @ https://www.canva.com/_online?1788373356541:0
[28418665ms] [ERROR] Failed to load resource: net::ERR_INTERNET_DISCONNECTED @ https://www.canva.com/_online?1788373362984:0
[28423872ms] [ERROR] Failed to load resource: net::ERR_INTERNET_DISCONNECTED @ https://www.canva.com/_online?1788373368189:0
[29334766ms] [ERROR] Failed to load resource: net::ERR_INTERNET_DISCONNECTED @ https://www.canva.com/_online?1788374279085:0
[30099771ms] [ERROR] Failed to load resource: net::ERR_INTERNET_DISCONNECTED @ https://www.canva.com/_online?1788375044090:0
[30104864ms] [ERROR] Failed to load resource: net::ERR_INTERNET_DISCONNECTED @ https://www.canva.com/_online?1788375049182:0
[30110438ms] [ERROR] Failed to load resource: net::ERR_INTERNET_DISCONNECTED @ https://www.canva.com/_online?1788375054757:0
[30115642ms] [ERROR] Failed to load resource: net::ERR_INTERNET_DISCONNECTED @ https://www.canva.com/_online?1788375059961:0
[30121515ms] [ERROR] Failed to load resource: net::ERR_INTERNET_DISCONNECTED @ https://www.canva.com/_online?1788375065834:0
[30127917ms] [ERROR] Failed to load resource: net::ERR_INTERNET_DISCONNECTED @ https://www.canva.com/_online?1788375072236:0
[30134139ms] [ERROR] Failed to load resource: net::ERR_INTERNET_DISCONNECTED @ https://www.canva.com/_online?1788375078458:0
[30139406ms] [ERROR] Failed to load resource: net::ERR_INTERNET_DISCONNECTED @ https://www.canva.com/_online?1788375083726:0
[30144669ms] [ERROR] Failed to load resource: net::ERR_INTERNET_DISCONNECTED @ https://www.canva.com/_online?1788375088988:0
[30149815ms] [ERROR] Failed to load resource: net::ERR_INTERNET_DISCONNECTED @ https://www.canva.com/_online?1788375094134:0
[30156028ms] [ERROR] Failed to load resource: net::ERR_INTERNET_DISCONNECTED @ https://www.canva.com/_online?1788375100347:0
[30161391ms] [ERROR] Failed to load resource: net::ERR_INTERNET_DISCONNECTED @ https://www.canva.com/_online?1788375105698:0
[30167201ms] [ERROR] Failed to load resource: net::ERR_INTERNET_DISCONNECTED @ https://www.canva.com/_online?1788375111520:0
[30173083ms] [ERROR] Failed to load resource: net::ERR_INTERNET_DISCONNECTED @ https://www.canva.com/_online?1788375117403:0
[30175739ms] [ERROR] Failed to load resource: net::ERR_INTERNET_DISCONNECTED @ https://www.canva.com/_ajax/livefolderitem/channel/AoJWAbKSVEFcr6ojT373jz8/retrieve_updates?continuation=1788349892913-0:0
[30179141ms] [ERROR] Failed to load resource: net::ERR_INTERNET_DISCONNECTED @ https://www.canva.com/_online?1788375123461:0
[30185572ms] [ERROR] Failed to load resource: net::ERR_INTERNET_DISCONNECTED @ https://www.canva.com/_online?1788375129892:0
[30191345ms] [ERROR] Failed to load resource: net::ERR_INTERNET_DISCONNECTED @ https://www.canva.com/_online?1788375135659:0
[30196643ms] [INFO] websocket_client: back online at 1788375140964 @ https://static.canva.com/web/8106ee633973e981.sentry_browser.js:0
[30196643ms] [INFO] websocket_client: 1788375140965 connecting... @ https://static.canva.com/web/8106ee633973e981.sentry_browser.js:0
[30197160ms] [INFO] websocket_client: connected @ https://static.canva.com/web/8106ee633973e981.sentry_browser.js:0
[30197162ms] [INFO] websocket_client: status CONNECTED @ https://static.canva.com/web/8106ee633973e981.sentry_browser.js:0
[30197338ms] [INFO] websocket_client: request id a34eb619ad0454b5 @ https://static.canva.com/web/8106ee633973e981.sentry_browser.js:0
[30999819ms] [INFO] websocket_client: status CLOSED, reconnecting in 1972ms undefined @ https://static.canva.com/web/8106ee633973e981.sentry_browser.js:0
[31001792ms] [INFO] websocket_client: 1788375946114 connecting... @ https://static.canva.com/web/8106ee633973e981.sentry_browser.js:0
[31006550ms] [INFO] websocket_client: connected @ https://static.canva.com/web/8106ee633973e981.sentry_browser.js:0
[31006553ms] [INFO] websocket_client: status CONNECTED @ https://static.canva.com/web/8106ee633973e981.sentry_browser.js:0
[31007186ms] [INFO] websocket_client: request id a34ec9c4783f3d7c @ https://static.canva.com/web/8106ee633973e981.sentry_browser.js:0
[33400001ms] [INFO] websocket_client: status ERROR, reconnecting in 1147ms Error: RSocketWebSocketClient: Socket closed unexpectedly.
    at WebSocket.<anonymous> (https://chunk-composing.canva.com/chunk-batch/877a88ab8b19a83c.vendor.js+8bb5bbcbd8281f1e.vendor.js+343b767bfbe009e0.vendor.js+0bf4bb2624066750.vendor.js+5b892a8ed94beac9.vendor.js+7f3a370848dc508d.vendor.js+e04e64b695ce4be4.vendor.js+c5edb793fb9cb8df.js+8f84e9b67f01d8d1.js+ac3565f6b86c8cff.js+27aabbef94d856a2.js+d5b18aa207bd7b4c.js+b362c223728a0a35.js+ea388c6023f54604.js+aee0f0cb88cd2a2f.js+963e45d46f6f387a.js+b3928915b75fab3e.js+716453c86228008e.vendor.js+45bf9ada43140582.js+05e2e08e032ef11d.js+97f516fe99df2674.js+8336a2ef7f304079.js+561dd38201169522.js+79cd2d3d1df128cf.js+ac8c2ff9c6c57b04.js+29556ee032fc4409.js+17c1573fd42f6c80.js+879d352c704e129d.js+905dfe214a6ce934.vendor.js+8aa948bbc0553e6d.js+8d65ce13218937a5.js+07e601e9e77a8f42.js+cf3c9fa4989aae43.js+ef513f21c104a344.js+18d92c018bc15140.js+4228bc3b2a6b4c17.js+f1f73b5a91fadaa9.js+3cbc3e3a184c5bb2.js+58326968697a49ba.vendor.js+972cc0e479ab8a8b.js:6:44448)
    at WebSocket.n (https://static.canva.com/web/8106ee633973e981.sentry_browser.js:1:76074) @ https://static.canva.com/web/8106ee633973e981.sentry_browser.js:0
[33401149ms] [INFO] websocket_client: 1788378345471 connecting... @ https://static.canva.com/web/8106ee633973e981.sentry_browser.js:0
[33402039ms] [INFO] websocket_client: connected @ https://static.canva.com/web/8106ee633973e981.sentry_browser.js:0
[33402041ms] [INFO] websocket_client: status CONNECTED @ https://static.canva.com/web/8106ee633973e981.sentry_browser.js:0
[33402230ms] [INFO] websocket_client: request id a34f045519ac64ec @ https://static.canva.com/web/8106ee633973e981.sentry_browser.js:0
[34247062ms] [INFO] websocket_client: status ERROR, reconnecting in 2000ms Error: RSocketWebSocketClient: Socket closed unexpectedly.
    at WebSocket.<anonymous> (https://chunk-composing.canva.com/chunk-batch/877a88ab8b19a83c.vendor.js+8bb5bbcbd8281f1e.vendor.js+343b767bfbe009e0.vendor.js+0bf4bb2624066750.vendor.js+5b892a8ed94beac9.vendor.js+7f3a370848dc508d.vendor.js+e04e64b695ce4be4.vendor.js+c5edb793fb9cb8df.js+8f84e9b67f01d8d1.js+ac3565f6b86c8cff.js+27aabbef94d856a2.js+d5b18aa207bd7b4c.js+b362c223728a0a35.js+ea388c6023f54604.js+aee0f0cb88cd2a2f.js+963e45d46f6f387a.js+b3928915b75fab3e.js+716453c86228008e.vendor.js+45bf9ada43140582.js+05e2e08e032ef11d.js+97f516fe99df2674.js+8336a2ef7f304079.js+561dd38201169522.js+79cd2d3d1df128cf.js+ac8c2ff9c6c57b04.js+29556ee032fc4409.js+17c1573fd42f6c80.js+879d352c704e129d.js+905dfe214a6ce934.vendor.js+8aa948bbc0553e6d.js+8d65ce13218937a5.js+07e601e9e77a8f42.js+cf3c9fa4989aae43.js+ef513f21c104a344.js+18d92c018bc15140.js+4228bc3b2a6b4c17.js+f1f73b5a91fadaa9.js+3cbc3e3a184c5bb2.js+58326968697a49ba.vendor.js+972cc0e479ab8a8b.js:6:44448)
    at WebSocket.n (https://static.canva.com/web/8106ee633973e981.sentry_browser.js:1:76074) @ https://static.canva.com/web/8106ee633973e981.sentry_browser.js:0
[34249062ms] [INFO] websocket_client: 1788379193383 connecting... @ https://static.canva.com/web/8106ee633973e981.sentry_browser.js:0
[34250016ms] [INFO] websocket_client: connected @ https://static.canva.com/web/8106ee633973e981.sentry_browser.js:0
[34250027ms] [INFO] websocket_client: status CONNECTED @ https://static.canva.com/web/8106ee633973e981.sentry_browser.js:0
[34250204ms] [INFO] websocket_client: request id a34f190a2ae83d7c @ https://static.canva.com/web/8106ee633973e981.sentry_browser.js:0
[34304553ms] [ERROR] Failed to load resource: net::ERR_NETWORK_CHANGED @ https://www.canva.com/_ajax/ae/time:0
[34308921ms] [INFO] websocket_client: status ERROR, reconnecting in 2364ms Error: RSocketWebSocketClient: Socket closed unexpectedly.
    at WebSocket.<anonymous> (https://chunk-composing.canva.com/chunk-batch/877a88ab8b19a83c.vendor.js+8bb5bbcbd8281f1e.vendor.js+343b767bfbe009e0.vendor.js+0bf4bb2624066750.vendor.js+5b892a8ed94beac9.vendor.js+7f3a370848dc508d.vendor.js+e04e64b695ce4be4.vendor.js+c5edb793fb9cb8df.js+8f84e9b67f01d8d1.js+ac3565f6b86c8cff.js+27aabbef94d856a2.js+d5b18aa207bd7b4c.js+b362c223728a0a35.js+ea388c6023f54604.js+aee0f0cb88cd2a2f.js+963e45d46f6f387a.js+b3928915b75fab3e.js+716453c86228008e.vendor.js+45bf9ada43140582.js+05e2e08e032ef11d.js+97f516fe99df2674.js+8336a2ef7f304079.js+561dd38201169522.js+79cd2d3d1df128cf.js+ac8c2ff9c6c57b04.js+29556ee032fc4409.js+17c1573fd42f6c80.js+879d352c704e129d.js+905dfe214a6ce934.vendor.js+8aa948bbc0553e6d.js+8d65ce13218937a5.js+07e601e9e77a8f42.js+cf3c9fa4989aae43.js+ef513f21c104a344.js+18d92c018bc15140.js+4228bc3b2a6b4c17.js+f1f73b5a91fadaa9.js+3cbc3e3a184c5bb2.js+58326968697a49ba.vendor.js+972cc0e479ab8a8b.js:6:44448)
    at WebSocket.n (https://static.canva.com/web/8106ee633973e981.sentry_browser.js:1:76074) @ https://static.canva.com/web/8106ee633973e981.sentry_browser.js:0
[34308945ms] [ERROR] Failed to load resource: net::ERR_NETWORK_IO_SUSPENDED @ https://www.canva.com/_ajax/ae/time:0
[34311281ms] [INFO] websocket_client: 1788379255602 connecting... @ https://static.canva.com/web/8106ee633973e981.sentry_browser.js:0
[34311969ms] [INFO] websocket_client: connected @ https://static.canva.com/web/8106ee633973e981.sentry_browser.js:0
[34311970ms] [INFO] websocket_client: status CONNECTED @ https://static.canva.com/web/8106ee633973e981.sentry_browser.js:0
[34313665ms] [INFO] websocket_client: request id a34f1a8d79362187 @ https://static.canva.com/web/8106ee633973e981.sentry_browser.js:0
[34843542ms] [ERROR] Failed to load resource: net::ERR_NAME_NOT_RESOLVED @ https://www.canva.com/_online?1788379787484:0
[34844689ms] [ERROR] Failed to load resource: net::ERR_INTERNET_DISCONNECTED @ https://www.canva.com/_online?1788379789002:0
[34846325ms] [ERROR] Failed to load resource: net::ERR_INTERNET_DISCONNECTED @ https://www.canva.com/_online?1788379790627:0
[34848369ms] [ERROR] Failed to load resource: net::ERR_INTERNET_DISCONNECTED @ https://www.canva.com/_online?1788379792688:0
[34850750ms] [ERROR] Failed to load resource: net::ERR_INTERNET_DISCONNECTED @ https://www.canva.com/_online?1788379795069:0
[34853943ms] [ERROR] Failed to load resource: net::ERR_INTERNET_DISCONNECTED @ https://www.canva.com/_online?1788379798262:0
[34857765ms] [ERROR] Failed to load resource: net::ERR_INTERNET_DISCONNECTED @ https://www.canva.com/_online?1788379802084:0
[34863766ms] [ERROR] Failed to load resource: net::ERR_INTERNET_DISCONNECTED @ https://www.canva.com/_online?1788379808085:0
[34868876ms] [ERROR] Failed to load resource: net::ERR_INTERNET_DISCONNECTED @ https://www.canva.com/_online?1788379813195:0
[34873923ms] [ERROR] Failed to load resource: net::ERR_INTERNET_DISCONNECTED @ https://www.canva.com/_online?1788379818242:0
[34880140ms] [ERROR] Failed to load resource: net::ERR_INTERNET_DISCONNECTED @ https://www.canva.com/_online?1788379824459:0
[34880398ms] [INFO] websocket_client: status CLOSED, reconnecting in 1888ms undefined @ https://static.canva.com/web/8106ee633973e981.sentry_browser.js:0
[34882286ms] [INFO] websocket_client: offline, waiting for online... @ https://static.canva.com/web/8106ee633973e981.sentry_browser.js:0
[34885315ms] [ERROR] Failed to load resource: net::ERR_INTERNET_DISCONNECTED @ https://www.canva.com/_online?1788379829634:0
[34890959ms] [ERROR] Failed to load resource: net::ERR_INTERNET_DISCONNECTED @ https://www.canva.com/_online?1788379835278:0
[34897147ms] [ERROR] Failed to load resource: net::ERR_INTERNET_DISCONNECTED @ https://www.canva.com/_online?1788379841466:0
[34903301ms] [ERROR] Failed to load resource: net::ERR_INTERNET_DISCONNECTED @ https://www.canva.com/_online?1788379847621:0
[34908727ms] [ERROR] Failed to load resource: net::ERR_INTERNET_DISCONNECTED @ https://www.canva.com/_online?1788379853047:0
[34913818ms] [ERROR] Failed to load resource: net::ERR_INTERNET_DISCONNECTED @ https://www.canva.com/_online?1788379858137:0
[34919077ms] [ERROR] Failed to load resource: net::ERR_INTERNET_DISCONNECTED @ https://www.canva.com/_online?1788379863396:0
[34924436ms] [ERROR] Failed to load resource: net::ERR_INTERNET_DISCONNECTED @ https://www.canva.com/_online?1788379868754:0
[34930192ms] [ERROR] Failed to load resource: net::ERR_INTERNET_DISCONNECTED @ https://www.canva.com/_online?1788379874511:0
[34935422ms] [ERROR] Failed to load resource: net::ERR_INTERNET_DISCONNECTED @ https://www.canva.com/_online?1788379879740:0
[34941686ms] [ERROR] Failed to load resource: net::ERR_INTERNET_DISCONNECTED @ https://www.canva.com/_online?1788379886004:0
[34947843ms] [ERROR] Failed to load resource: net::ERR_INTERNET_DISCONNECTED @ https://www.canva.com/_online?1788379892162:0
[34953793ms] [ERROR] Failed to load resource: net::ERR_INTERNET_DISCONNECTED @ https://www.canva.com/_online?1788379898112:0
[34960221ms] [ERROR] Failed to load resource: net::ERR_INTERNET_DISCONNECTED @ https://www.canva.com/_online?1788379904541:0
[34966207ms] [ERROR] Failed to load resource: net::ERR_INTERNET_DISCONNECTED @ https://www.canva.com/_online?1788379910526:0
[34971958ms] [ERROR] Failed to load resource: net::ERR_INTERNET_DISCONNECTED @ https://www.canva.com/_online?1788379916277:0
[34977809ms] [ERROR] Failed to load resource: net::ERR_INTERNET_DISCONNECTED @ https://www.canva.com/_online?1788379922128:0
[34984289ms] [ERROR] Failed to load resource: net::ERR_INTERNET_DISCONNECTED @ https://www.canva.com/_online?1788379928602:0
[34990203ms] [ERROR] Failed to load resource: net::ERR_INTERNET_DISCONNECTED @ https://www.canva.com/_online?1788379934523:0
[34995848ms] [ERROR] Failed to load resource: net::ERR_INTERNET_DISCONNECTED @ https://www.canva.com/_online?1788379940167:0
[35000984ms] [ERROR] Failed to load resource: net::ERR_INTERNET_DISCONNECTED @ https://www.canva.com/_online?1788379945303:0
[35007463ms] [ERROR] Failed to load resource: net::ERR_INTERNET_DISCONNECTED @ https://www.canva.com/_online?1788379951783:0
[35012654ms] [ERROR] Failed to load resource: net::ERR_INTERNET_DISCONNECTED @ https://www.canva.com/_online?1788379956973:0
[35017891ms] [ERROR] Failed to load resource: net::ERR_INTERNET_DISCONNECTED @ https://www.canva.com/_online?1788379962211:0
[35023365ms] [ERROR] Failed to load resource: net::ERR_INTERNET_DISCONNECTED @ https://www.canva.com/_online?1788379967684:0
[35927775ms] [ERROR] Failed to load resource: net::ERR_INTERNET_DISCONNECTED @ https://www.canva.com/_online?1788380872094:0
[35932869ms] [ERROR] Failed to load resource: net::ERR_INTERNET_DISCONNECTED @ https://www.canva.com/_online?1788380877188:0
[35938004ms] [ERROR] Failed to load resource: net::ERR_INTERNET_DISCONNECTED @ https://www.canva.com/_online?1788380882321:0
[35944307ms] [ERROR] Failed to load resource: net::ERR_INTERNET_DISCONNECTED @ https://www.canva.com/_online?1788380888626:0
[35950611ms] [ERROR] Failed to load resource: net::ERR_INTERNET_DISCONNECTED @ https://www.canva.com/_online?1788380894927:0
[35955687ms] [ERROR] Failed to load resource: net::ERR_INTERNET_DISCONNECTED @ https://www.canva.com/_online?1788380900002:0
[35961531ms] [ERROR] Failed to load resource: net::ERR_INTERNET_DISCONNECTED @ https://www.canva.com/_online?1788380905848:0
[35965955ms] [ERROR] Failed to load resource: net::ERR_INTERNET_DISCONNECTED @ https://www.canva.com/_ajax/livefolderitem/channel/AoJWAbKSVEFcr6ojT373jz8/retrieve_updates?continuation=1788349892913-0:0
[35966683ms] [ERROR] Failed to load resource: net::ERR_INTERNET_DISCONNECTED @ https://www.canva.com/_online?1788380911000:0
[35972500ms] [ERROR] Failed to load resource: net::ERR_INTERNET_DISCONNECTED @ https://www.canva.com/_online?1788380916818:0
[35978373ms] [ERROR] Failed to load resource: net::ERR_INTERNET_DISCONNECTED @ https://www.canva.com/_online?1788380922690:0
[35983530ms] [ERROR] Failed to load resource: net::ERR_INTERNET_DISCONNECTED @ https://www.canva.com/_online?1788380927848:0
[35989079ms] [ERROR] Failed to load resource: net::ERR_INTERNET_DISCONNECTED @ https://www.canva.com/_online?1788380933397:0
[35994168ms] [ERROR] Failed to load resource: net::ERR_INTERNET_DISCONNECTED @ https://www.canva.com/_online?1788380938486:0
[35999194ms] [ERROR] Failed to load resource: net::ERR_INTERNET_DISCONNECTED @ https://www.canva.com/_online?1788380943512:0
[36004650ms] [ERROR] Failed to load resource: net::ERR_INTERNET_DISCONNECTED @ https://www.canva.com/_online?1788380948968:0
[36009703ms] [ERROR] Failed to load resource: net::ERR_INTERNET_DISCONNECTED @ https://www.canva.com/_online?1788380954020:0
[36014880ms] [ERROR] Failed to load resource: net::ERR_INTERNET_DISCONNECTED @ https://www.canva.com/_online?1788380959198:0
[36020375ms] [ERROR] Failed to load resource: net::ERR_INTERNET_DISCONNECTED @ https://www.canva.com/_online?1788380964694:0
[36025884ms] [ERROR] Failed to load resource: net::ERR_INTERNET_DISCONNECTED @ https://www.canva.com/_online?1788380970200:0
[36032063ms] [ERROR] Failed to load resource: net::ERR_INTERNET_DISCONNECTED @ https://www.canva.com/_online?1788380976382:0
[36038057ms] [ERROR] Failed to load resource: net::ERR_INTERNET_DISCONNECTED @ https://www.canva.com/_online?1788380982375:0
[36043082ms] [ERROR] Failed to load resource: net::ERR_INTERNET_DISCONNECTED @ https://www.canva.com/_online?1788380987400:0
[36048320ms] [ERROR] Failed to load resource: net::ERR_INTERNET_DISCONNECTED @ https://www.canva.com/_online?1788380992638:0
[36053653ms] [ERROR] Failed to load resource: net::ERR_INTERNET_DISCONNECTED @ https://www.canva.com/_online?1788380997971:0
[36059270ms] [ERROR] Failed to load resource: net::ERR_INTERNET_DISCONNECTED @ https://www.canva.com/_online?1788381003587:0
[36064952ms] [ERROR] Failed to load resource: net::ERR_INTERNET_DISCONNECTED @ https://www.canva.com/_online?1788381009269:0
[36071353ms] [ERROR] Failed to load resource: net::ERR_INTERNET_DISCONNECTED @ https://www.canva.com/_online?1788381015669:0
[36076927ms] [ERROR] Failed to load resource: net::ERR_INTERNET_DISCONNECTED @ https://www.canva.com/_online?1788381021245:0
[36082761ms] [ERROR] Failed to load resource: net::ERR_INTERNET_DISCONNECTED @ https://www.canva.com/_online?1788381027079:0
[36085968ms] [ERROR] Failed to load resource: net::ERR_INTERNET_DISCONNECTED @ https://www.canva.com/_ajax/livefolderitem/channel/AoJWAbKSVEFcr6ojT373jz8/retrieve_updates?continuation=1788349892913-0:0
[36087784ms] [ERROR] Failed to load resource: net::ERR_INTERNET_DISCONNECTED @ https://www.canva.com/_online?1788381032102:0
[36093086ms] [ERROR] Failed to load resource: net::ERR_INTERNET_DISCONNECTED @ https://www.canva.com/_online?1788381037405:0
[36099485ms] [ERROR] Failed to load resource: net::ERR_INTERNET_DISCONNECTED @ https://www.canva.com/_online?1788381043803:0
[36105243ms] [ERROR] Failed to load resource: net::ERR_INTERNET_DISCONNECTED @ https://www.canva.com/_online?1788381049562:0
[36111534ms] [ERROR] Failed to load resource: net::ERR_INTERNET_DISCONNECTED @ https://www.canva.com/_online?1788381055853:0
[36117327ms] [ERROR] Failed to load resource: net::ERR_INTERNET_DISCONNECTED @ https://www.canva.com/_online?1788381061645:0
[36123131ms] [ERROR] Failed to load resource: net::ERR_INTERNET_DISCONNECTED @ https://www.canva.com/_online?1788381067450:0
[36128536ms] [ERROR] Failed to load resource: net::ERR_INTERNET_DISCONNECTED @ https://www.canva.com/_online?1788381072854:0
[36134965ms] [ERROR] Failed to load resource: net::ERR_INTERNET_DISCONNECTED @ https://www.canva.com/_online?1788381079283:0
[36140899ms] [ERROR] Failed to load resource: net::ERR_INTERNET_DISCONNECTED @ https://www.canva.com/_online?1788381085218:0
[36146453ms] [ERROR] Failed to load resource: net::ERR_INTERNET_DISCONNECTED @ https://www.canva.com/_online?1788381090771:0
[36151614ms] [ERROR] Failed to load resource: net::ERR_INTERNET_DISCONNECTED @ https://www.canva.com/_online?1788381095933:0
[36152151ms] [ERROR] Failed to load resource: net::ERR_INTERNET_DISCONNECTED @ https://www.canva.com/_ajax/messagingorchestration/alerts/v2?page=A:0
[36157260ms] [ERROR] Failed to load resource: net::ERR_INTERNET_DISCONNECTED @ https://www.canva.com/_online?1788381101579:0
[36163155ms] [ERROR] Failed to load resource: net::ERR_INTERNET_DISCONNECTED @ https://www.canva.com/_online?1788381107472:0
[36168167ms] [ERROR] Failed to load resource: net::ERR_INTERNET_DISCONNECTED @ https://www.canva.com/_online?1788381112485:0
[36174439ms] [ERROR] Failed to load resource: net::ERR_INTERNET_DISCONNECTED @ https://www.canva.com/_online?1788381118757:0
[36179546ms] [ERROR] Failed to load resource: net::ERR_INTERNET_DISCONNECTED @ https://www.canva.com/_online?1788381123863:0
[36185422ms] [ERROR] Failed to load resource: net::ERR_INTERNET_DISCONNECTED @ https://www.canva.com/_online?1788381129741:0
[36191023ms] [ERROR] Failed to load resource: net::ERR_INTERNET_DISCONNECTED @ https://www.canva.com/_online?1788381135342:0
[36197447ms] [ERROR] Failed to load resource: net::ERR_INTERNET_DISCONNECTED @ https://www.canva.com/_online?1788381141765:0
[36203649ms] [ERROR] Failed to load resource: net::ERR_INTERNET_DISCONNECTED @ https://www.canva.com/_online?1788381147967:0
[36209406ms] [ERROR] Failed to load resource: net::ERR_INTERNET_DISCONNECTED @ https://www.canva.com/_online?1788381153724:0
[36215587ms] [ERROR] Failed to load resource: net::ERR_INTERNET_DISCONNECTED @ https://www.canva.com/_online?1788381159906:0
[36221463ms] [ERROR] Failed to load resource: net::ERR_INTERNET_DISCONNECTED @ https://www.canva.com/_online?1788381165782:0
[36227422ms] [ERROR] Failed to load resource: net::ERR_INTERNET_DISCONNECTED @ https://www.canva.com/_online?1788381171740:0
[36232801ms] [ERROR] Failed to load resource: net::ERR_INTERNET_DISCONNECTED @ https://www.canva.com/_online?1788381177118:0
[36238931ms] [ERROR] Failed to load resource: net::ERR_INTERNET_DISCONNECTED @ https://www.canva.com/_online?1788381183250:0
[36244115ms] [ERROR] Failed to load resource: net::ERR_INTERNET_DISCONNECTED @ https://www.canva.com/_online?1788381188433:0
[36249943ms] [ERROR] Failed to load resource: net::ERR_INTERNET_DISCONNECTED @ https://www.canva.com/_online?1788381194262:0
[36256398ms] [ERROR] Failed to load resource: net::ERR_INTERNET_DISCONNECTED @ https://www.canva.com/_online?1788381200715:0
[36261843ms] [ERROR] Failed to load resource: net::ERR_INTERNET_DISCONNECTED @ https://www.canva.com/_online?1788381206161:0
[36266882ms] [ERROR] Failed to load resource: net::ERR_INTERNET_DISCONNECTED @ https://www.canva.com/_online?1788381211200:0
[36273185ms] [ERROR] Failed to load resource: net::ERR_INTERNET_DISCONNECTED @ https://www.canva.com/_online?1788381217504:0
[36279382ms] [ERROR] Failed to load resource: net::ERR_INTERNET_DISCONNECTED @ https://www.canva.com/_online?1788381223701:0
[36285533ms] [ERROR] Failed to load resource: net::ERR_INTERNET_DISCONNECTED @ https://www.canva.com/_online?1788381229851:0
[36291623ms] [ERROR] Failed to load resource: net::ERR_INTERNET_DISCONNECTED @ https://www.canva.com/_online?1788381235942:0
[36296666ms] [ERROR] Failed to load resource: net::ERR_INTERNET_DISCONNECTED @ https://www.canva.com/_online?1788381240984:0
[36302113ms] [ERROR] Failed to load resource: net::ERR_INTERNET_DISCONNECTED @ https://www.canva.com/_online?1788381246431:0
[36308228ms] [ERROR] Failed to load resource: net::ERR_INTERNET_DISCONNECTED @ https://www.canva.com/_online?1788381252547:0
[36313422ms] [ERROR] Failed to load resource: net::ERR_INTERNET_DISCONNECTED @ https://www.canva.com/_online?1788381257741:0
[36318686ms] [ERROR] Failed to load resource: net::ERR_INTERNET_DISCONNECTED @ https://www.canva.com/_online?1788381263005:0
[36324149ms] [ERROR] Failed to load resource: net::ERR_INTERNET_DISCONNECTED @ https://www.canva.com/_online?1788381268467:0
[36326002ms] [ERROR] Failed to load resource: net::ERR_INTERNET_DISCONNECTED @ https://www.canva.com/_ajax/livefolderitem/channel/AoJWAbKSVEFcr6ojT373jz8/retrieve_updates?continuation=1788349892913-0:0
[36329698ms] [ERROR] Failed to load resource: net::ERR_INTERNET_DISCONNECTED @ https://www.canva.com/_online?1788381274016:0
[36335195ms] [ERROR] Failed to load resource: net::ERR_INTERNET_DISCONNECTED @ https://www.canva.com/_online?1788381279514:0
[36340387ms] [ERROR] Failed to load resource: net::ERR_INTERNET_DISCONNECTED @ https://www.canva.com/_online?1788381284705:0
[36345431ms] [ERROR] Failed to load resource: net::ERR_INTERNET_DISCONNECTED @ https://www.canva.com/_online?1788381289748:0
[36351841ms] [ERROR] Failed to load resource: net::ERR_INTERNET_DISCONNECTED @ https://www.canva.com/_online?1788381296159:0
[36357512ms] [ERROR] Failed to load resource: net::ERR_INTERNET_DISCONNECTED @ https://www.canva.com/_online?1788381301831:0
[36363223ms] [ERROR] Failed to load resource: net::ERR_INTERNET_DISCONNECTED @ https://www.canva.com/_online?1788381307541:0
[36369216ms] [ERROR] Failed to load resource: net::ERR_INTERNET_DISCONNECTED @ https://www.canva.com/_online?1788381313535:0
[36374424ms] [ERROR] Failed to load resource: net::ERR_INTERNET_DISCONNECTED @ https://www.canva.com/_online?1788381318743:0
[36380656ms] [ERROR] Failed to load resource: net::ERR_INTERNET_DISCONNECTED @ https://www.canva.com/_online?1788381324974:0
[36386951ms] [ERROR] Failed to load resource: net::ERR_INTERNET_DISCONNECTED @ https://www.canva.com/_online?1788381331269:0
[36392960ms] [ERROR] Failed to load resource: net::ERR_INTERNET_DISCONNECTED @ https://www.canva.com/_online?1788381337279:0
[36398641ms] [ERROR] Failed to load resource: net::ERR_INTERNET_DISCONNECTED @ https://www.canva.com/_online?1788381342959:0
[36403928ms] [ERROR] Failed to load resource: net::ERR_INTERNET_DISCONNECTED @ https://www.canva.com/_online?1788381348244:0
[36409610ms] [ERROR] Failed to load resource: net::ERR_INTERNET_DISCONNECTED @ https://www.canva.com/_online?1788381353929:0
[36415312ms] [ERROR] Failed to load resource: net::ERR_INTERNET_DISCONNECTED @ https://www.canva.com/_online?1788381359631:0
[36421431ms] [ERROR] Failed to load resource: net::ERR_INTERNET_DISCONNECTED @ https://www.canva.com/_online?1788381365750:0
[36427777ms] [ERROR] Failed to load resource: net::ERR_INTERNET_DISCONNECTED @ https://www.canva.com/_online?1788381372096:0
[36434174ms] [ERROR] Failed to load resource: net::ERR_INTERNET_DISCONNECTED @ https://www.canva.com/_online?1788381378493:0
[36440193ms] [ERROR] Failed to load resource: net::ERR_INTERNET_DISCONNECTED @ https://www.canva.com/_online?1788381384511:0
[36446440ms] [ERROR] Failed to load resource: net::ERR_INTERNET_DISCONNECTED @ https://www.canva.com/_online?1788381390759:0
[36452570ms] [ERROR] Failed to load resource: net::ERR_INTERNET_DISCONNECTED @ https://www.canva.com/_online?1788381396888:0
[36458993ms] [ERROR] Failed to load resource: net::ERR_INTERNET_DISCONNECTED @ https://www.canva.com/_online?1788381403310:0
[36465483ms] [ERROR] Failed to load resource: net::ERR_INTERNET_DISCONNECTED @ https://www.canva.com/_online?1788381409802:0
[36471079ms] [ERROR] Failed to load resource: net::ERR_INTERNET_DISCONNECTED @ https://www.canva.com/_online?1788381415397:0
[36477330ms] [ERROR] Failed to load resource: net::ERR_INTERNET_DISCONNECTED @ https://www.canva.com/_online?1788381421647:0
[36483663ms] [ERROR] Failed to load resource: net::ERR_INTERNET_DISCONNECTED @ https://www.canva.com/_online?1788381427980:0
[36489483ms] [ERROR] Failed to load resource: net::ERR_INTERNET_DISCONNECTED @ https://www.canva.com/_online?1788381433802:0
[36495632ms] [ERROR] Failed to load resource: net::ERR_INTERNET_DISCONNECTED @ https://www.canva.com/_online?1788381439950:0
[36501991ms] [ERROR] Failed to load resource: net::ERR_INTERNET_DISCONNECTED @ https://www.canva.com/_online?1788381446309:0
[36507833ms] [ERROR] Failed to load resource: net::ERR_INTERNET_DISCONNECTED @ https://www.canva.com/_online?1788381452151:0
[36513202ms] [ERROR] Failed to load resource: net::ERR_INTERNET_DISCONNECTED @ https://www.canva.com/_online?1788381457520:0
[36518610ms] [ERROR] Failed to load resource: net::ERR_INTERNET_DISCONNECTED @ https://www.canva.com/_online?1788381462929:0
[36524919ms] [ERROR] Failed to load resource: net::ERR_INTERNET_DISCONNECTED @ https://www.canva.com/_online?1788381469237:0
[36530413ms] [ERROR] Failed to load resource: net::ERR_INTERNET_DISCONNECTED @ https://www.canva.com/_online?1788381474731:0
[36535909ms] [ERROR] Failed to load resource: net::ERR_INTERNET_DISCONNECTED @ https://www.canva.com/_online?1788381480227:0
[36541530ms] [ERROR] Failed to load resource: net::ERR_INTERNET_DISCONNECTED @ https://www.canva.com/_online?1788381485848:0
[36547782ms] [ERROR] Failed to load resource: net::ERR_INTERNET_DISCONNECTED @ https://www.canva.com/_online?1788381492100:0
[36553317ms] [ERROR] Failed to load resource: net::ERR_INTERNET_DISCONNECTED @ https://www.canva.com/_online?1788381497635:0
[36559601ms] [ERROR] Failed to load resource: net::ERR_INTERNET_DISCONNECTED @ https://www.canva.com/_online?1788381503919:0
[36565842ms] [ERROR] Failed to load resource: net::ERR_INTERNET_DISCONNECTED @ https://www.canva.com/_online?1788381510160:0
[36571663ms] [ERROR] Failed to load resource: net::ERR_INTERNET_DISCONNECTED @ https://www.canva.com/_online?1788381515981:0
[36577203ms] [ERROR] Failed to load resource: net::ERR_INTERNET_DISCONNECTED @ https://www.canva.com/_online?1788381521521:0
[36583683ms] [ERROR] Failed to load resource: net::ERR_INTERNET_DISCONNECTED @ https://www.canva.com/_online?1788381528001:0
[36589983ms] [ERROR] Failed to load resource: net::ERR_INTERNET_DISCONNECTED @ https://www.canva.com/_online?1788381534301:0
[36595174ms] [ERROR] Failed to load resource: net::ERR_INTERNET_DISCONNECTED @ https://www.canva.com/_online?1788381539491:0
[36600799ms] [ERROR] Failed to load resource: net::ERR_INTERNET_DISCONNECTED @ https://www.canva.com/_online?1788381545117:0
[36606739ms] [ERROR] Failed to load resource: net::ERR_INTERNET_DISCONNECTED @ https://www.canva.com/_online?1788381551056:0
[36612590ms] [ERROR] Failed to load resource: net::ERR_INTERNET_DISCONNECTED @ https://www.canva.com/_online?1788381556909:0
[36618389ms] [ERROR] Failed to load resource: net::ERR_INTERNET_DISCONNECTED @ https://www.canva.com/_online?1788381562708:0
[36624068ms] [ERROR] Failed to load resource: net::ERR_INTERNET_DISCONNECTED @ https://www.canva.com/_online?1788381568387:0
[36629111ms] [ERROR] Failed to load resource: net::ERR_INTERNET_DISCONNECTED @ https://www.canva.com/_online?1788381573430:0
[36635172ms] [ERROR] Failed to load resource: net::ERR_INTERNET_DISCONNECTED @ https://www.canva.com/_online?1788381579491:0
[36640660ms] [ERROR] Failed to load resource: net::ERR_INTERNET_DISCONNECTED @ https://www.canva.com/_online?1788381584978:0
[36646811ms] [ERROR] Failed to load resource: net::ERR_INTERNET_DISCONNECTED @ https://www.canva.com/_online?1788381591129:0
[36652779ms] [ERROR] Failed to load resource: net::ERR_INTERNET_DISCONNECTED @ https://www.canva.com/_online?1788381597096:0
[36659109ms] [ERROR] Failed to load resource: net::ERR_INTERNET_DISCONNECTED @ https://www.canva.com/_online?1788381603428:0
[36665306ms] [ERROR] Failed to load resource: net::ERR_INTERNET_DISCONNECTED @ https://www.canva.com/_online?1788381609624:0
[36671289ms] [ERROR] Failed to load resource: net::ERR_INTERNET_DISCONNECTED @ https://www.canva.com/_online?1788381615608:0
[36676399ms] [ERROR] Failed to load resource: net::ERR_INTERNET_DISCONNECTED @ https://www.canva.com/_online?1788381620717:0
[36682189ms] [ERROR] Failed to load resource: net::ERR_INTERNET_DISCONNECTED @ https://www.canva.com/_online?1788381626507:0
[36687481ms] [ERROR] Failed to load resource: net::ERR_INTERNET_DISCONNECTED @ https://www.canva.com/_online?1788381631798:0
[36693860ms] [ERROR] Failed to load resource: net::ERR_INTERNET_DISCONNECTED @ https://www.canva.com/_online?1788381638179:0
[36698960ms] [ERROR] Failed to load resource: net::ERR_INTERNET_DISCONNECTED @ https://www.canva.com/_online?1788381643278:0
[36704855ms] [ERROR] Failed to load resource: net::ERR_INTERNET_DISCONNECTED @ https://www.canva.com/_online?1788381649173:0
[36710032ms] [ERROR] Failed to load resource: net::ERR_INTERNET_DISCONNECTED @ https://www.canva.com/_online?1788381654350:0
[36715848ms] [ERROR] Failed to load resource: net::ERR_INTERNET_DISCONNECTED @ https://www.canva.com/_online?1788381660164:0
[36720921ms] [ERROR] Failed to load resource: net::ERR_INTERNET_DISCONNECTED @ https://www.canva.com/_online?1788381665240:0
[36726395ms] [ERROR] Failed to load resource: net::ERR_INTERNET_DISCONNECTED @ https://www.canva.com/_online?1788381670714:0
[36731809ms] [ERROR] Failed to load resource: net::ERR_INTERNET_DISCONNECTED @ https://www.canva.com/_online?1788381676128:0
[36736887ms] [ERROR] Failed to load resource: net::ERR_INTERNET_DISCONNECTED @ https://www.canva.com/_online?1788381681205:0
[36742430ms] [ERROR] Failed to load resource: net::ERR_INTERNET_DISCONNECTED @ https://www.canva.com/_online?1788381686746:0
[36748279ms] [ERROR] Failed to load resource: net::ERR_INTERNET_DISCONNECTED @ https://www.canva.com/_online?1788381692592:0
[36754572ms] [ERROR] Failed to load resource: net::ERR_INTERNET_DISCONNECTED @ https://www.canva.com/_online?1788381698890:0
[36760716ms] [ERROR] Failed to load resource: net::ERR_INTERNET_DISCONNECTED @ https://www.canva.com/_online?1788381705033:0
[36766221ms] [ERROR] Failed to load resource: net::ERR_INTERNET_DISCONNECTED @ https://www.canva.com/_online?1788381710539:0
[36772146ms] [ERROR] Failed to load resource: net::ERR_INTERNET_DISCONNECTED @ https://www.canva.com/_online?1788381716465:0
[36778463ms] [ERROR] Failed to load resource: net::ERR_INTERNET_DISCONNECTED @ https://www.canva.com/_online?1788381722782:0
[36784361ms] [ERROR] Failed to load resource: net::ERR_INTERNET_DISCONNECTED @ https://www.canva.com/_online?1788381728680:0
[36789443ms] [ERROR] Failed to load resource: net::ERR_INTERNET_DISCONNECTED @ https://www.canva.com/_online?1788381733762:0
[36795117ms] [ERROR] Failed to load resource: net::ERR_INTERNET_DISCONNECTED @ https://www.canva.com/_online?1788381739436:0
[36800413ms] [ERROR] Failed to load resource: net::ERR_INTERNET_DISCONNECTED @ https://www.canva.com/_online?1788381744733:0
[36805418ms] [ERROR] Failed to load resource: net::ERR_INTERNET_DISCONNECTED @ https://www.canva.com/_online?1788381749737:0
[36806021ms] [ERROR] Failed to load resource: net::ERR_INTERNET_DISCONNECTED @ https://www.canva.com/_ajax/livefolderitem/channel/AoJWAbKSVEFcr6ojT373jz8/retrieve_updates?continuation=1788349892913-0:0
[36810907ms] [ERROR] Failed to load resource: net::ERR_INTERNET_DISCONNECTED @ https://www.canva.com/_online?1788381755226:0
[36816790ms] [ERROR] Failed to load resource: net::ERR_INTERNET_DISCONNECTED @ https://www.canva.com/_online?1788381761109:0
[36822404ms] [ERROR] Failed to load resource: net::ERR_INTERNET_DISCONNECTED @ https://www.canva.com/_online?1788381766723:0
[36828174ms] [ERROR] Failed to load resource: net::ERR_INTERNET_DISCONNECTED @ https://www.canva.com/_online?1788381772491:0
[36833414ms] [ERROR] Failed to load resource: net::ERR_INTERNET_DISCONNECTED @ https://www.canva.com/_online?1788381777734:0
[36838743ms] [ERROR] Failed to load resource: net::ERR_INTERNET_DISCONNECTED @ https://www.canva.com/_online?1788381783061:0
[36843904ms] [ERROR] Failed to load resource: net::ERR_INTERNET_DISCONNECTED @ https://www.canva.com/_online?1788381788222:0
[36849987ms] [ERROR] Failed to load resource: net::ERR_INTERNET_DISCONNECTED @ https://www.canva.com/_online?1788381794306:0
[36855103ms] [ERROR] Failed to load resource: net::ERR_INTERNET_DISCONNECTED @ https://www.canva.com/_online?1788381799422:0
[36860748ms] [ERROR] Failed to load resource: net::ERR_INTERNET_DISCONNECTED @ https://www.canva.com/_online?1788381805066:0
[36867050ms] [ERROR] Failed to load resource: net::ERR_INTERNET_DISCONNECTED @ https://www.canva.com/_online?1788381811368:0
[36872721ms] [ERROR] Failed to load resource: net::ERR_INTERNET_DISCONNECTED @ https://www.canva.com/_online?1788381817038:0
[36878440ms] [ERROR] Failed to load resource: net::ERR_INTERNET_DISCONNECTED @ https://www.canva.com/_online?1788381822758:0
[36884239ms] [ERROR] Failed to load resource: net::ERR_INTERNET_DISCONNECTED @ https://www.canva.com/_online?1788381828557:0
[36889825ms] [ERROR] Failed to load resource: net::ERR_INTERNET_DISCONNECTED @ https://www.canva.com/_online?1788381834138:0
[36894841ms] [ERROR] Failed to load resource: net::ERR_INTERNET_DISCONNECTED @ https://www.canva.com/_online?1788381839159:0
[36900956ms] [ERROR] Failed to load resource: net::ERR_INTERNET_DISCONNECTED @ https://www.canva.com/_online?1788381845274:0
[36906794ms] [ERROR] Failed to load resource: net::ERR_INTERNET_DISCONNECTED @ https://www.canva.com/_online?1788381851113:0
[36912936ms] [ERROR] Failed to load resource: net::ERR_INTERNET_DISCONNECTED @ https://www.canva.com/_online?1788381857254:0
[36918474ms] [ERROR] Failed to load resource: net::ERR_INTERNET_DISCONNECTED @ https://www.canva.com/_online?1788381862793:0
[36923559ms] [ERROR] Failed to load resource: net::ERR_INTERNET_DISCONNECTED @ https://www.canva.com/_online?1788381867875:0
[36929277ms] [ERROR] Failed to load resource: net::ERR_INTERNET_DISCONNECTED @ https://www.canva.com/_online?1788381873597:0
[36935234ms] [ERROR] Failed to load resource: net::ERR_INTERNET_DISCONNECTED @ https://www.canva.com/_online?1788381879553:0
[36940910ms] [ERROR] Failed to load resource: net::ERR_INTERNET_DISCONNECTED @ https://www.canva.com/_online?1788381885229:0
[36947097ms] [ERROR] Failed to load resource: net::ERR_INTERNET_DISCONNECTED @ https://www.canva.com/_online?1788381891413:0
[36952376ms] [ERROR] Failed to load resource: net::ERR_INTERNET_DISCONNECTED @ https://www.canva.com/_online?1788381896694:0
[36957498ms] [ERROR] Failed to load resource: net::ERR_INTERNET_DISCONNECTED @ https://www.canva.com/_online?1788381901817:0
[36963772ms] [ERROR] Failed to load resource: net::ERR_INTERNET_DISCONNECTED @ https://www.canva.com/_online?1788381908091:0
[36970064ms] [ERROR] Failed to load resource: net::ERR_INTERNET_DISCONNECTED @ https://www.canva.com/_online?1788381914383:0
[36976024ms] [ERROR] Failed to load resource: net::ERR_INTERNET_DISCONNECTED @ https://www.canva.com/_online?1788381920341:0
[36982294ms] [ERROR] Failed to load resource: net::ERR_INTERNET_DISCONNECTED @ https://www.canva.com/_online?1788381926613:0
[36987604ms] [ERROR] Failed to load resource: net::ERR_INTERNET_DISCONNECTED @ https://www.canva.com/_online?1788381931919:0
[36993847ms] [ERROR] Failed to load resource: net::ERR_INTERNET_DISCONNECTED @ https://www.canva.com/_online?1788381938162:0
[36999557ms] [ERROR] Failed to load resource: net::ERR_INTERNET_DISCONNECTED @ https://www.canva.com/_online?1788381943875:0
[37005626ms] [ERROR] Failed to load resource: net::ERR_INTERNET_DISCONNECTED @ https://www.canva.com/_online?1788381949942:0
[37011343ms] [ERROR] Failed to load resource: net::ERR_INTERNET_DISCONNECTED @ https://www.canva.com/_online?1788381955660:0
[37017608ms] [ERROR] Failed to load resource: net::ERR_INTERNET_DISCONNECTED @ https://www.canva.com/_online?1788381961925:0
[37022868ms] [ERROR] Failed to load resource: net::ERR_INTERNET_DISCONNECTED @ https://www.canva.com/_online?1788381967184:0
[37028199ms] [ERROR] Failed to load resource: net::ERR_INTERNET_DISCONNECTED @ https://www.canva.com/_online?1788381972516:0
[37034658ms] [ERROR] Failed to load resource: net::ERR_INTERNET_DISCONNECTED @ https://www.canva.com/_online?1788381978974:0
[37040261ms] [ERROR] Failed to load resource: net::ERR_INTERNET_DISCONNECTED @ https://www.canva.com/_online?1788381984578:0
[37046280ms] [ERROR] Failed to load resource: net::ERR_INTERNET_DISCONNECTED @ https://www.canva.com/_online?1788381990598:0
[37052486ms] [ERROR] Failed to load resource: net::ERR_INTERNET_DISCONNECTED @ https://www.canva.com/_online?1788381996802:0
[37058549ms] [ERROR] Failed to load resource: net::ERR_INTERNET_DISCONNECTED @ https://www.canva.com/_online?1788382002867:0
[37064607ms] [ERROR] Failed to load resource: net::ERR_INTERNET_DISCONNECTED @ https://www.canva.com/_online?1788382008924:0
[37069819ms] [ERROR] Failed to load resource: net::ERR_INTERNET_DISCONNECTED @ https://www.canva.com/_online?1788382014137:0
[37075730ms] [ERROR] Failed to load resource: net::ERR_INTERNET_DISCONNECTED @ https://www.canva.com/_online?1788382020046:0
[37081325ms] [ERROR] Failed to load resource: net::ERR_INTERNET_DISCONNECTED @ https://www.canva.com/_online?1788382025642:0
[37086330ms] [ERROR] Failed to load resource: net::ERR_INTERNET_DISCONNECTED @ https://www.canva.com/_online?1788382030647:0
[37091662ms] [ERROR] Failed to load resource: net::ERR_INTERNET_DISCONNECTED @ https://www.canva.com/_online?1788382035980:0
[37097020ms] [ERROR] Failed to load resource: net::ERR_INTERNET_DISCONNECTED @ https://www.canva.com/_online?1788382041337:0
[37103106ms] [ERROR] Failed to load resource: net::ERR_INTERNET_DISCONNECTED @ https://www.canva.com/_online?1788382047422:0
[37109532ms] [ERROR] Failed to load resource: net::ERR_INTERNET_DISCONNECTED @ https://www.canva.com/_online?1788382053850:0
[37115341ms] [ERROR] Failed to load resource: net::ERR_INTERNET_DISCONNECTED @ https://www.canva.com/_online?1788382059658:0
[37120379ms] [ERROR] Failed to load resource: net::ERR_INTERNET_DISCONNECTED @ https://www.canva.com/_online?1788382064694:0
[37126782ms] [ERROR] Failed to load resource: net::ERR_INTERNET_DISCONNECTED @ https://www.canva.com/_online?1788382071099:0
[37133142ms] [ERROR] Failed to load resource: net::ERR_INTERNET_DISCONNECTED @ https://www.canva.com/_online?1788382077460:0
[37139600ms] [ERROR] Failed to load resource: net::ERR_INTERNET_DISCONNECTED @ https://www.canva.com/_online?1788382083918:0
[37145294ms] [ERROR] Failed to load resource: net::ERR_INTERNET_DISCONNECTED @ https://www.canva.com/_online?1788382089611:0
[37151406ms] [ERROR] Failed to load resource: net::ERR_INTERNET_DISCONNECTED @ https://www.canva.com/_online?1788382095722:0
[37157580ms] [ERROR] Failed to load resource: net::ERR_INTERNET_DISCONNECTED @ https://www.canva.com/_online?1788382101896:0
[37163143ms] [ERROR] Failed to load resource: net::ERR_INTERNET_DISCONNECTED @ https://www.canva.com/_online?1788382107460:0
[37169145ms] [ERROR] Failed to load resource: net::ERR_INTERNET_DISCONNECTED @ https://www.canva.com/_online?1788382113463:0
[37174439ms] [ERROR] Failed to load resource: net::ERR_INTERNET_DISCONNECTED @ https://www.canva.com/_online?1788382118755:0
[37179529ms] [ERROR] Failed to load resource: net::ERR_INTERNET_DISCONNECTED @ https://www.canva.com/_online?1788382123845:0
[37185887ms] [ERROR] Failed to load resource: net::ERR_INTERNET_DISCONNECTED @ https://www.canva.com/_online?1788382130205:0
[37190924ms] [ERROR] Failed to load resource: net::ERR_INTERNET_DISCONNECTED @ https://www.canva.com/_online?1788382135240:0
[37196254ms] [ERROR] Failed to load resource: net::ERR_INTERNET_DISCONNECTED @ https://www.canva.com/_online?1788382140571:0
[37201895ms] [ERROR] Failed to load resource: net::ERR_INTERNET_DISCONNECTED @ https://www.canva.com/_online?1788382146212:0
[37208222ms] [ERROR] Failed to load resource: net::ERR_INTERNET_DISCONNECTED @ https://www.canva.com/_online?1788382152539:0
[37213919ms] [ERROR] Failed to load resource: net::ERR_INTERNET_DISCONNECTED @ https://www.canva.com/_online?1788382158236:0
[37219652ms] [ERROR] Failed to load resource: net::ERR_INTERNET_DISCONNECTED @ https://www.canva.com/_online?1788382163970:0
[37225435ms] [ERROR] Failed to load resource: net::ERR_INTERNET_DISCONNECTED @ https://www.canva.com/_online?1788382169751:0
[37231512ms] [ERROR] Failed to load resource: net::ERR_INTERNET_DISCONNECTED @ https://www.canva.com/_online?1788382175829:0
[37237475ms] [ERROR] Failed to load resource: net::ERR_INTERNET_DISCONNECTED @ https://www.canva.com/_online?1788382181793:0
[37243127ms] [ERROR] Failed to load resource: net::ERR_INTERNET_DISCONNECTED @ https://www.canva.com/_online?1788382187443:0
[37248934ms] [ERROR] Failed to load resource: net::ERR_INTERNET_DISCONNECTED @ https://www.canva.com/_online?1788382193251:0
[37255275ms] [ERROR] Failed to load resource: net::ERR_INTERNET_DISCONNECTED @ https://www.canva.com/_online?1788382199592:0
[37260731ms] [ERROR] Failed to load resource: net::ERR_INTERNET_DISCONNECTED @ https://www.canva.com/_online?1788382205048:0
[37265802ms] [ERROR] Failed to load resource: net::ERR_INTERNET_DISCONNECTED @ https://www.canva.com/_online?1788382210117:0
[37271494ms] [ERROR] Failed to load resource: net::ERR_INTERNET_DISCONNECTED @ https://www.canva.com/_online?1788382215811:0
[37277294ms] [ERROR] Failed to load resource: net::ERR_INTERNET_DISCONNECTED @ https://www.canva.com/_online?1788382221611:0
[37282498ms] [ERROR] Failed to load resource: net::ERR_INTERNET_DISCONNECTED @ https://www.canva.com/_online?1788382226815:0
[37288574ms] [ERROR] Failed to load resource: net::ERR_INTERNET_DISCONNECTED @ https://www.canva.com/_online?1788382232890:0
[37294986ms] [ERROR] Failed to load resource: net::ERR_INTERNET_DISCONNECTED @ https://www.canva.com/_online?1788382239302:0
[37300261ms] [ERROR] Failed to load resource: net::ERR_INTERNET_DISCONNECTED @ https://www.canva.com/_online?1788382244578:0
[37305460ms] [ERROR] Failed to load resource: net::ERR_INTERNET_DISCONNECTED @ https://www.canva.com/_online?1788382249777:0
[37310724ms] [ERROR] Failed to load resource: net::ERR_INTERNET_DISCONNECTED @ https://www.canva.com/_online?1788382255041:0
[37315932ms] [ERROR] Failed to load resource: net::ERR_INTERNET_DISCONNECTED @ https://www.canva.com/_online?1788382260247:0
[37321010ms] [ERROR] Failed to load resource: net::ERR_INTERNET_DISCONNECTED @ https://www.canva.com/_online?1788382265328:0
[37326042ms] [ERROR] Failed to load resource: net::ERR_INTERNET_DISCONNECTED @ https://www.canva.com/_online?1788382270359:0
[37331288ms] [ERROR] Failed to load resource: net::ERR_INTERNET_DISCONNECTED @ https://www.canva.com/_online?1788382275606:0
[37337354ms] [ERROR] Failed to load resource: net::ERR_INTERNET_DISCONNECTED @ https://www.canva.com/_online?1788382281670:0
[37342370ms] [ERROR] Failed to load resource: net::ERR_INTERNET_DISCONNECTED @ https://www.canva.com/_online?1788382286686:0
[37347838ms] [ERROR] Failed to load resource: net::ERR_INTERNET_DISCONNECTED @ https://www.canva.com/_online?1788382292155:0
[37353094ms] [ERROR] Failed to load resource: net::ERR_INTERNET_DISCONNECTED @ https://www.canva.com/_online?1788382297412:0
[37358695ms] [ERROR] Failed to load resource: net::ERR_INTERNET_DISCONNECTED @ https://www.canva.com/_online?1788382303010:0
[37364212ms] [ERROR] Failed to load resource: net::ERR_INTERNET_DISCONNECTED @ https://www.canva.com/_online?1788382308529:0
[37369451ms] [ERROR] Failed to load resource: net::ERR_INTERNET_DISCONNECTED @ https://www.canva.com/_online?1788382313768:0
[37374788ms] [ERROR] Failed to load resource: net::ERR_INTERNET_DISCONNECTED @ https://www.canva.com/_online?1788382319106:0
[37380410ms] [ERROR] Failed to load resource: net::ERR_INTERNET_DISCONNECTED @ https://www.canva.com/_online?1788382324719:0
[37386631ms] [ERROR] Failed to load resource: net::ERR_INTERNET_DISCONNECTED @ https://www.canva.com/_online?1788382330948:0
[37392407ms] [ERROR] Failed to load resource: net::ERR_INTERNET_DISCONNECTED @ https://www.canva.com/_online?1788382336725:0
[37398545ms] [ERROR] Failed to load resource: net::ERR_INTERNET_DISCONNECTED @ https://www.canva.com/_online?1788382342861:0
[37403585ms] [ERROR] Failed to load resource: net::ERR_INTERNET_DISCONNECTED @ https://www.canva.com/_online?1788382347901:0
[37408664ms] [ERROR] Failed to load resource: net::ERR_INTERNET_DISCONNECTED @ https://www.canva.com/_online?1788382352977:0
[37413954ms] [ERROR] Failed to load resource: net::ERR_INTERNET_DISCONNECTED @ https://www.canva.com/_online?1788382358270:0
[37420266ms] [ERROR] Failed to load resource: net::ERR_INTERNET_DISCONNECTED @ https://www.canva.com/_online?1788382364584:0
[37426377ms] [ERROR] Failed to load resource: net::ERR_INTERNET_DISCONNECTED @ https://www.canva.com/_online?1788382370695:0
[37431995ms] [ERROR] Failed to load resource: net::ERR_INTERNET_DISCONNECTED @ https://www.canva.com/_online?1788382376312:0
[37437614ms] [ERROR] Failed to load resource: net::ERR_INTERNET_DISCONNECTED @ https://www.canva.com/_online?1788382381931:0
[37443316ms] [ERROR] Failed to load resource: net::ERR_INTERNET_DISCONNECTED @ https://www.canva.com/_online?1788382387633:0
[37448643ms] [ERROR] Failed to load resource: net::ERR_INTERNET_DISCONNECTED @ https://www.canva.com/_online?1788382392960:0
[37454290ms] [ERROR] Failed to load resource: net::ERR_INTERNET_DISCONNECTED @ https://www.canva.com/_online?1788382398608:0
[37460212ms] [ERROR] Failed to load resource: net::ERR_INTERNET_DISCONNECTED @ https://www.canva.com/_online?1788382404528:0
[37465803ms] [ERROR] Failed to load resource: net::ERR_INTERNET_DISCONNECTED @ https://www.canva.com/_online?1788382410121:0
[37472018ms] [ERROR] Failed to load resource: net::ERR_INTERNET_DISCONNECTED @ https://www.canva.com/_online?1788382416336:0
[37478147ms] [ERROR] Failed to load resource: net::ERR_INTERNET_DISCONNECTED @ https://www.canva.com/_online?1788382422465:0
[37483230ms] [ERROR] Failed to load resource: net::ERR_INTERNET_DISCONNECTED @ https://www.canva.com/_online?1788382427547:0
[37489353ms] [ERROR] Failed to load resource: net::ERR_INTERNET_DISCONNECTED @ https://www.canva.com/_online?1788382433670:0
[37495644ms] [ERROR] Failed to load resource: net::ERR_INTERNET_DISCONNECTED @ https://www.canva.com/_online?1788382439962:0
[37501992ms] [ERROR] Failed to load resource: net::ERR_INTERNET_DISCONNECTED @ https://www.canva.com/_online?1788382446309:0
[37507992ms] [ERROR] Failed to load resource: net::ERR_INTERNET_DISCONNECTED @ https://www.canva.com/_online?1788382452309:0
[37514390ms] [ERROR] Failed to load resource: net::ERR_INTERNET_DISCONNECTED @ https://www.canva.com/_online?1788382458706:0
[37520318ms] [ERROR] Failed to load resource: net::ERR_INTERNET_DISCONNECTED @ https://www.canva.com/_online?1788382464635:0
[37526634ms] [ERROR] Failed to load resource: net::ERR_INTERNET_DISCONNECTED @ https://www.canva.com/_online?1788382470950:0
[37531915ms] [ERROR] Failed to load resource: net::ERR_INTERNET_DISCONNECTED @ https://www.canva.com/_online?1788382476230:0
[37537801ms] [ERROR] Failed to load resource: net::ERR_INTERNET_DISCONNECTED @ https://www.canva.com/_online?1788382482116:0
[37543980ms] [ERROR] Failed to load resource: net::ERR_INTERNET_DISCONNECTED @ https://www.canva.com/_online?1788382488297:0
[37550026ms] [ERROR] Failed to load resource: net::ERR_INTERNET_DISCONNECTED @ https://www.canva.com/_online?1788382494343:0
[37555383ms] [ERROR] Failed to load resource: net::ERR_INTERNET_DISCONNECTED @ https://www.canva.com/_online?1788382499701:0
[37560999ms] [ERROR] Failed to load resource: net::ERR_INTERNET_DISCONNECTED @ https://www.canva.com/_online?1788382505314:0
[37566171ms] [ERROR] Failed to load resource: net::ERR_INTERNET_DISCONNECTED @ https://www.canva.com/_online?1788382510486:0
[37572404ms] [ERROR] Failed to load resource: net::ERR_INTERNET_DISCONNECTED @ https://www.canva.com/_online?1788382516719:0
[37578157ms] [ERROR] Failed to load resource: net::ERR_INTERNET_DISCONNECTED @ https://www.canva.com/_online?1788382522473:0
[37583975ms] [ERROR] Failed to load resource: net::ERR_INTERNET_DISCONNECTED @ https://www.canva.com/_online?1788382528292:0
[37589887ms] [ERROR] Failed to load resource: net::ERR_INTERNET_DISCONNECTED @ https://www.canva.com/_online?1788382534204:0
[37596249ms] [ERROR] Failed to load resource: net::ERR_INTERNET_DISCONNECTED @ https://www.canva.com/_online?1788382540563:0
[37602662ms] [ERROR] Failed to load resource: net::ERR_INTERNET_DISCONNECTED @ https://www.canva.com/_online?1788382546979:0
[37608142ms] [ERROR] Failed to load resource: net::ERR_INTERNET_DISCONNECTED @ https://www.canva.com/_online?1788382552459:0
[37613666ms] [ERROR] Failed to load resource: net::ERR_INTERNET_DISCONNECTED @ https://www.canva.com/_online?1788382557983:0
[37619843ms] [ERROR] Failed to load resource: net::ERR_INTERNET_DISCONNECTED @ https://www.canva.com/_online?1788382564160:0
[37625241ms] [ERROR] Failed to load resource: net::ERR_INTERNET_DISCONNECTED @ https://www.canva.com/_online?1788382569557:0
[37630941ms] [ERROR] Failed to load resource: net::ERR_INTERNET_DISCONNECTED @ https://www.canva.com/_online?1788382575256:0
[37636111ms] [ERROR] Failed to load resource: net::ERR_INTERNET_DISCONNECTED @ https://www.canva.com/_online?1788382580428:0
[37642274ms] [ERROR] Failed to load resource: net::ERR_INTERNET_DISCONNECTED @ https://www.canva.com/_online?1788382586587:0
[37648202ms] [ERROR] Failed to load resource: net::ERR_INTERNET_DISCONNECTED @ https://www.canva.com/_online?1788382592517:0
[37653919ms] [ERROR] Failed to load resource: net::ERR_INTERNET_DISCONNECTED @ https://www.canva.com/_online?1788382598235:0
[37660179ms] [ERROR] Failed to load resource: net::ERR_INTERNET_DISCONNECTED @ https://www.canva.com/_online?1788382604493:0
[37665589ms] [ERROR] Failed to load resource: net::ERR_INTERNET_DISCONNECTED @ https://www.canva.com/_online?1788382609882:0
[37670936ms] [ERROR] Failed to load resource: net::ERR_INTERNET_DISCONNECTED @ https://www.canva.com/_online?1788382615253:0
[37676729ms] [ERROR] Failed to load resource: net::ERR_INTERNET_DISCONNECTED @ https://www.canva.com/_online?1788382621044:0
[37681792ms] [ERROR] Failed to load resource: net::ERR_INTERNET_DISCONNECTED @ https://www.canva.com/_online?1788382626105:0
[37687557ms] [ERROR] Failed to load resource: net::ERR_INTERNET_DISCONNECTED @ https://www.canva.com/_online?1788382631874:0
[37693457ms] [ERROR] Failed to load resource: net::ERR_INTERNET_DISCONNECTED @ https://www.canva.com/_online?1788382637775:0
[37699433ms] [ERROR] Failed to load resource: net::ERR_INTERNET_DISCONNECTED @ https://www.canva.com/_online?1788382643750:0
[37705800ms] [ERROR] Failed to load resource: net::ERR_INTERNET_DISCONNECTED @ https://www.canva.com/_online?1788382650117:0
[37711522ms] [ERROR] Failed to load resource: net::ERR_INTERNET_DISCONNECTED @ https://www.canva.com/_online?1788382655837:0
[37717311ms] [ERROR] Failed to load resource: net::ERR_INTERNET_DISCONNECTED @ https://www.canva.com/_online?1788382661628:0
[37723512ms] [ERROR] Failed to load resource: net::ERR_INTERNET_DISCONNECTED @ https://www.canva.com/_online?1788382667807:0
[37728678ms] [ERROR] Failed to load resource: net::ERR_INTERNET_DISCONNECTED @ https://www.canva.com/_online?1788382672996:0
[37733949ms] [ERROR] Failed to load resource: net::ERR_INTERNET_DISCONNECTED @ https://www.canva.com/_online?1788382678266:0
[37740392ms] [ERROR] Failed to load resource: net::ERR_INTERNET_DISCONNECTED @ https://www.canva.com/_online?1788382684709:0
[37745935ms] [ERROR] Failed to load resource: net::ERR_INTERNET_DISCONNECTED @ https://www.canva.com/_online?1788382690246:0
[37752220ms] [ERROR] Failed to load resource: net::ERR_INTERNET_DISCONNECTED @ https://www.canva.com/_online?1788382696537:0
[37758277ms] [ERROR] Failed to load resource: net::ERR_INTERNET_DISCONNECTED @ https://www.canva.com/_online?1788382702594:0
[37764398ms] [ERROR] Failed to load resource: net::ERR_INTERNET_DISCONNECTED @ https://www.canva.com/_online?1788382708712:0
[37766053ms] [ERROR] Failed to load resource: net::ERR_INTERNET_DISCONNECTED @ https://www.canva.com/_ajax/livefolderitem/channel/AoJWAbKSVEFcr6ojT373jz8/retrieve_updates?continuation=1788349892913-0:0
[37770723ms] [ERROR] Failed to load resource: net::ERR_INTERNET_DISCONNECTED @ https://www.canva.com/_online?1788382715041:0
[37777163ms] [ERROR] Failed to load resource: net::ERR_INTERNET_DISCONNECTED @ https://www.canva.com/_online?1788382721481:0
[37782328ms] [ERROR] Failed to load resource: net::ERR_INTERNET_DISCONNECTED @ https://www.canva.com/_online?1788382726644:0
[37788713ms] [ERROR] Failed to load resource: net::ERR_INTERNET_DISCONNECTED @ https://www.canva.com/_online?1788382733029:0
[37793804ms] [ERROR] Failed to load resource: net::ERR_INTERNET_DISCONNECTED @ https://www.canva.com/_online?1788382738121:0
[37800107ms] [ERROR] Failed to load resource: net::ERR_INTERNET_DISCONNECTED @ https://www.canva.com/_online?1788382744421:0
[37806211ms] [ERROR] Failed to load resource: net::ERR_INTERNET_DISCONNECTED @ https://www.canva.com/_online?1788382750527:0
[37811367ms] [ERROR] Failed to load resource: net::ERR_INTERNET_DISCONNECTED @ https://www.canva.com/_online?1788382755682:0
[37817403ms] [ERROR] Failed to load resource: net::ERR_INTERNET_DISCONNECTED @ https://www.canva.com/_online?1788382761719:0
[37822491ms] [ERROR] Failed to load resource: net::ERR_INTERNET_DISCONNECTED @ https://www.canva.com/_online?1788382766806:0
[37828796ms] [ERROR] Failed to load resource: net::ERR_INTERNET_DISCONNECTED @ https://www.canva.com/_online?1788382773111:0
[37833835ms] [ERROR] Failed to load resource: net::ERR_INTERNET_DISCONNECTED @ https://www.canva.com/_online?1788382778152:0
[37840002ms] [ERROR] Failed to load resource: net::ERR_INTERNET_DISCONNECTED @ https://www.canva.com/_online?1788382784319:0
[37845117ms] [ERROR] Failed to load resource: net::ERR_INTERNET_DISCONNECTED @ https://www.canva.com/_online?1788382789434:0
[37846701ms] [ERROR] Failed to load resource: net::ERR_INTERNET_DISCONNECTED @ https://www.canva.com/_ajax/messagingorchestration/alerts/v2?page=A:0
[37850297ms] [ERROR] Failed to load resource: net::ERR_INTERNET_DISCONNECTED @ https://www.canva.com/_online?1788382794613:0
[37855808ms] [ERROR] Failed to load resource: net::ERR_INTERNET_DISCONNECTED @ https://www.canva.com/_online?1788382800118:0
[37861761ms] [ERROR] Failed to load resource: net::ERR_INTERNET_DISCONNECTED @ https://www.canva.com/_online?1788382806078:0
[37867600ms] [ERROR] Failed to load resource: net::ERR_INTERNET_DISCONNECTED @ https://www.canva.com/_online?1788382811918:0
[37873676ms] [ERROR] Failed to load resource: net::ERR_INTERNET_DISCONNECTED @ https://www.canva.com/_online?1788382817991:0
[37878917ms] [ERROR] Failed to load resource: net::ERR_INTERNET_DISCONNECTED @ https://www.canva.com/_online?1788382823230:0
[37884399ms] [ERROR] Failed to load resource: net::ERR_INTERNET_DISCONNECTED @ https://www.canva.com/_online?1788382828715:0
[37890220ms] [ERROR] Failed to load resource: net::ERR_INTERNET_DISCONNECTED @ https://www.canva.com/_online?1788382834535:0
[37895794ms] [ERROR] Failed to load resource: net::ERR_INTERNET_DISCONNECTED @ https://www.canva.com/_online?1788382840111:0
[37901877ms] [ERROR] Failed to load resource: net::ERR_INTERNET_DISCONNECTED @ https://www.canva.com/_online?1788382846193:0
[37907880ms] [ERROR] Failed to load resource: net::ERR_INTERNET_DISCONNECTED @ https://www.canva.com/_online?1788382852197:0
[37913456ms] [ERROR] Failed to load resource: net::ERR_INTERNET_DISCONNECTED @ https://www.canva.com/_online?1788382857773:0
[37918985ms] [ERROR] Failed to load resource: net::ERR_INTERNET_DISCONNECTED @ https://www.canva.com/_online?1788382863303:0
[37923995ms] [ERROR] Failed to load resource: net::ERR_INTERNET_DISCONNECTED @ https://www.canva.com/_online?1788382868313:0
[37929845ms] [ERROR] Failed to load resource: net::ERR_INTERNET_DISCONNECTED @ https://www.canva.com/_online?1788382874162:0
[37935071ms] [ERROR] Failed to load resource: net::ERR_INTERNET_DISCONNECTED @ https://www.canva.com/_online?1788382879387:0
[37941078ms] [ERROR] Failed to load resource: net::ERR_INTERNET_DISCONNECTED @ https://www.canva.com/_online?1788382885394:0
[37947501ms] [ERROR] Failed to load resource: net::ERR_INTERNET_DISCONNECTED @ https://www.canva.com/_online?1788382891818:0
[37952908ms] [ERROR] Failed to load resource: net::ERR_INTERNET_DISCONNECTED @ https://www.canva.com/_online?1788382897223:0
[37959193ms] [ERROR] Failed to load resource: net::ERR_INTERNET_DISCONNECTED @ https://www.canva.com/_online?1788382903510:0
[37965693ms] [ERROR] Failed to load resource: net::ERR_INTERNET_DISCONNECTED @ https://www.canva.com/_online?1788382910009:0
[37971354ms] [ERROR] Failed to load resource: net::ERR_INTERNET_DISCONNECTED @ https://www.canva.com/_online?1788382915670:0
[37977279ms] [ERROR] Failed to load resource: net::ERR_INTERNET_DISCONNECTED @ https://www.canva.com/_online?1788382921596:0
[37982686ms] [ERROR] Failed to load resource: net::ERR_INTERNET_DISCONNECTED @ https://www.canva.com/_online?1788382927002:0
[37988410ms] [ERROR] Failed to load resource: net::ERR_INTERNET_DISCONNECTED @ https://www.canva.com/_online?1788382932728:0
[37994379ms] [ERROR] Failed to load resource: net::ERR_INTERNET_DISCONNECTED @ https://www.canva.com/_online?1788382938693:0
[37999849ms] [ERROR] Failed to load resource: net::ERR_INTERNET_DISCONNECTED @ https://www.canva.com/_online?1788382944165:0
[38005982ms] [ERROR] Failed to load resource: net::ERR_INTERNET_DISCONNECTED @ https://www.canva.com/_online?1788382950298:0
[38011004ms] [ERROR] Failed to load resource: net::ERR_INTERNET_DISCONNECTED @ https://www.canva.com/_online?1788382955321:0
[38017315ms] [ERROR] Failed to load resource: net::ERR_INTERNET_DISCONNECTED @ https://www.canva.com/_online?1788382961632:0
[38023016ms] [ERROR] Failed to load resource: net::ERR_INTERNET_DISCONNECTED @ https://www.canva.com/_online?1788382967330:0
[38029238ms] [ERROR] Failed to load resource: net::ERR_INTERNET_DISCONNECTED @ https://www.canva.com/_online?1788382973555:0
[38034651ms] [ERROR] Failed to load resource: net::ERR_INTERNET_DISCONNECTED @ https://www.canva.com/_online?1788382978968:0
[38039945ms] [ERROR] Failed to load resource: net::ERR_INTERNET_DISCONNECTED @ https://www.canva.com/_online?1788382984262:0
[38046079ms] [ERROR] Failed to load resource: net::ERR_INTERNET_DISCONNECTED @ https://www.canva.com/_online?1788382990395:0
[38051222ms] [ERROR] Failed to load resource: net::ERR_INTERNET_DISCONNECTED @ https://www.canva.com/_online?1788382995539:0
[38056876ms] [ERROR] Failed to load resource: net::ERR_INTERNET_DISCONNECTED @ https://www.canva.com/_online?1788383001192:0
[38062647ms] [ERROR] Failed to load resource: net::ERR_INTERNET_DISCONNECTED @ https://www.canva.com/_online?1788383006964:0
[38068549ms] [ERROR] Failed to load resource: net::ERR_INTERNET_DISCONNECTED @ https://www.canva.com/_online?1788383012866:0
[38073913ms] [ERROR] Failed to load resource: net::ERR_INTERNET_DISCONNECTED @ https://www.canva.com/_online?1788383018231:0
[38079009ms] [ERROR] Failed to load resource: net::ERR_INTERNET_DISCONNECTED @ https://www.canva.com/_online?1788383023323:0
[38084810ms] [ERROR] Failed to load resource: net::ERR_INTERNET_DISCONNECTED @ https://www.canva.com/_online?1788383029125:0
[38090482ms] [ERROR] Failed to load resource: net::ERR_INTERNET_DISCONNECTED @ https://www.canva.com/_online?1788383034798:0
[38096441ms] [ERROR] Failed to load resource: net::ERR_INTERNET_DISCONNECTED @ https://www.canva.com/_online?1788383040758:0
[38102811ms] [ERROR] Failed to load resource: net::ERR_INTERNET_DISCONNECTED @ https://www.canva.com/_online?1788383047128:0
[38108848ms] [ERROR] Failed to load resource: net::ERR_INTERNET_DISCONNECTED @ https://www.canva.com/_online?1788383053165:0
[38115197ms] [ERROR] Failed to load resource: net::ERR_INTERNET_DISCONNECTED @ https://www.canva.com/_online?1788383059515:0
[38121306ms] [ERROR] Failed to load resource: net::ERR_INTERNET_DISCONNECTED @ https://www.canva.com/_online?1788383065622:0
[38127587ms] [ERROR] Failed to load resource: net::ERR_INTERNET_DISCONNECTED @ https://www.canva.com/_online?1788383071900:0
[38133698ms] [ERROR] Failed to load resource: net::ERR_INTERNET_DISCONNECTED @ https://www.canva.com/_online?1788383078016:0
[38139617ms] [ERROR] Failed to load resource: net::ERR_INTERNET_DISCONNECTED @ https://www.canva.com/_online?1788383083934:0
[38146074ms] [ERROR] Failed to load resource: net::ERR_INTERNET_DISCONNECTED @ https://www.canva.com/_online?1788383090391:0
[38151721ms] [ERROR] Failed to load resource: net::ERR_INTERNET_DISCONNECTED @ https://www.canva.com/_online?1788383096039:0
[38157837ms] [ERROR] Failed to load resource: net::ERR_INTERNET_DISCONNECTED @ https://www.canva.com/_online?1788383102155:0
[38163878ms] [ERROR] Failed to load resource: net::ERR_INTERNET_DISCONNECTED @ https://www.canva.com/_online?1788383108194:0
[38169593ms] [ERROR] Failed to load resource: net::ERR_INTERNET_DISCONNECTED @ https://www.canva.com/_online?1788383113909:0
[38174774ms] [ERROR] Failed to load resource: net::ERR_INTERNET_DISCONNECTED @ https://www.canva.com/_online?1788383119091:0
[38180758ms] [ERROR] Failed to load resource: net::ERR_INTERNET_DISCONNECTED @ https://www.canva.com/_online?1788383125074:0
[38186603ms] [ERROR] Failed to load resource: net::ERR_INTERNET_DISCONNECTED @ https://www.canva.com/_online?1788383130920:0
[38192719ms] [ERROR] Failed to load resource: net::ERR_INTERNET_DISCONNECTED @ https://www.canva.com/_online?1788383137037:0
[38199153ms] [ERROR] Failed to load resource: net::ERR_INTERNET_DISCONNECTED @ https://www.canva.com/_online?1788383143469:0
[38204523ms] [ERROR] Failed to load resource: net::ERR_INTERNET_DISCONNECTED @ https://www.canva.com/_online?1788383148840:0
[38209736ms] [ERROR] Failed to load resource: net::ERR_INTERNET_DISCONNECTED @ https://www.canva.com/_online?1788383154052:0
[38216016ms] [ERROR] Failed to load resource: net::ERR_INTERNET_DISCONNECTED @ https://www.canva.com/_online?1788383160333:0
[38222082ms] [ERROR] Failed to load resource: net::ERR_INTERNET_DISCONNECTED @ https://www.canva.com/_online?1788383166400:0
[38228141ms] [ERROR] Failed to load resource: net::ERR_INTERNET_DISCONNECTED @ https://www.canva.com/_online?1788383172458:0
[38233807ms] [ERROR] Failed to load resource: net::ERR_INTERNET_DISCONNECTED @ https://www.canva.com/_online?1788383178121:0
[38239294ms] [ERROR] Failed to load resource: net::ERR_INTERNET_DISCONNECTED @ https://www.canva.com/_online?1788383183612:0
[38244719ms] [ERROR] Failed to load resource: net::ERR_INTERNET_DISCONNECTED @ https://www.canva.com/_online?1788383189036:0
[38250635ms] [ERROR] Failed to load resource: net::ERR_INTERNET_DISCONNECTED @ https://www.canva.com/_online?1788383194953:0
[38256427ms] [ERROR] Failed to load resource: net::ERR_INTERNET_DISCONNECTED @ https://www.canva.com/_online?1788383200742:0
[38262338ms] [ERROR] Failed to load resource: net::ERR_INTERNET_DISCONNECTED @ https://www.canva.com/_online?1788383206656:0
[38268186ms] [ERROR] Failed to load resource: net::ERR_INTERNET_DISCONNECTED @ https://www.canva.com/_online?1788383212504:0
[38273684ms] [ERROR] Failed to load resource: net::ERR_INTERNET_DISCONNECTED @ https://www.canva.com/_online?1788383218001:0
[38278859ms] [ERROR] Failed to load resource: net::ERR_INTERNET_DISCONNECTED @ https://www.canva.com/_online?1788383223176:0
[38284104ms] [ERROR] Failed to load resource: net::ERR_INTERNET_DISCONNECTED @ https://www.canva.com/_online?1788383228421:0
[38289831ms] [ERROR] Failed to load resource: net::ERR_INTERNET_DISCONNECTED @ https://www.canva.com/_online?1788383234148:0
[38295407ms] [ERROR] Failed to load resource: net::ERR_INTERNET_DISCONNECTED @ https://www.canva.com/_online?1788383239724:0
[38301032ms] [ERROR] Failed to load resource: net::ERR_INTERNET_DISCONNECTED @ https://www.canva.com/_online?1788383245349:0
[38306537ms] [ERROR] Failed to load resource: net::ERR_INTERNET_DISCONNECTED @ https://www.canva.com/_online?1788383250854:0
[38312074ms] [ERROR] Failed to load resource: net::ERR_INTERNET_DISCONNECTED @ https://www.canva.com/_online?1788383256391:0
[38317747ms] [ERROR] Failed to load resource: net::ERR_INTERNET_DISCONNECTED @ https://www.canva.com/_online?1788383262062:0
[38322769ms] [ERROR] Failed to load resource: net::ERR_INTERNET_DISCONNECTED @ https://www.canva.com/_online?1788383267087:0
[38327810ms] [ERROR] Failed to load resource: net::ERR_INTERNET_DISCONNECTED @ https://www.canva.com/_online?1788383272126:0
[38334147ms] [ERROR] Failed to load resource: net::ERR_INTERNET_DISCONNECTED @ https://www.canva.com/_online?1788383278464:0
[38339373ms] [ERROR] Failed to load resource: net::ERR_INTERNET_DISCONNECTED @ https://www.canva.com/_online?1788383283691:0
[38345283ms] [ERROR] Failed to load resource: net::ERR_INTERNET_DISCONNECTED @ https://www.canva.com/_online?1788383289598:0
[38350312ms] [ERROR] Failed to load resource: net::ERR_INTERNET_DISCONNECTED @ https://www.canva.com/_online?1788383294628:0
[38355427ms] [ERROR] Failed to load resource: net::ERR_INTERNET_DISCONNECTED @ https://www.canva.com/_online?1788383299743:0
[38360520ms] [ERROR] Failed to load resource: net::ERR_INTERNET_DISCONNECTED @ https://www.canva.com/_online?1788383304837:0
[38366692ms] [ERROR] Failed to load resource: net::ERR_INTERNET_DISCONNECTED @ https://www.canva.com/_online?1788383311010:0
[38372457ms] [ERROR] Failed to load resource: net::ERR_INTERNET_DISCONNECTED @ https://www.canva.com/_online?1788383316774:0
[38378907ms] [ERROR] Failed to load resource: net::ERR_INTERNET_DISCONNECTED @ https://www.canva.com/_online?1788383323223:0
[38385229ms] [ERROR] Failed to load resource: net::ERR_INTERNET_DISCONNECTED @ https://www.canva.com/_online?1788383329543:0
[38390749ms] [ERROR] Failed to load resource: net::ERR_INTERNET_DISCONNECTED @ https://www.canva.com/_online?1788383335066:0
[38396642ms] [ERROR] Failed to load resource: net::ERR_INTERNET_DISCONNECTED @ https://www.canva.com/_online?1788383340958:0
[38402769ms] [ERROR] Failed to load resource: net::ERR_INTERNET_DISCONNECTED @ https://www.canva.com/_online?1788383347086:0
[38407797ms] [ERROR] Failed to load resource: net::ERR_INTERNET_DISCONNECTED @ https://www.canva.com/_online?1788383352115:0
[38413680ms] [ERROR] Failed to load resource: net::ERR_INTERNET_DISCONNECTED @ https://www.canva.com/_online?1788383357997:0
[38419997ms] [ERROR] Failed to load resource: net::ERR_INTERNET_DISCONNECTED @ https://www.canva.com/_online?1788383364313:0
[38426492ms] [ERROR] Failed to load resource: net::ERR_INTERNET_DISCONNECTED @ https://www.canva.com/_online?1788383370808:0
[38432229ms] [ERROR] Failed to load resource: net::ERR_INTERNET_DISCONNECTED @ https://www.canva.com/_online?1788383376546:0
[38437569ms] [ERROR] Failed to load resource: net::ERR_INTERNET_DISCONNECTED @ https://www.canva.com/_online?1788383381885:0
[38443693ms] [ERROR] Failed to load resource: net::ERR_INTERNET_DISCONNECTED @ https://www.canva.com/_online?1788383388001:0
[38450128ms] [ERROR] Failed to load resource: net::ERR_INTERNET_DISCONNECTED @ https://www.canva.com/_online?1788383394440:0
[38455418ms] [ERROR] Failed to load resource: net::ERR_INTERNET_DISCONNECTED @ https://www.canva.com/_online?1788383399736:0
[38460654ms] [ERROR] Failed to load resource: net::ERR_INTERNET_DISCONNECTED @ https://www.canva.com/_online?1788383404972:0
[38467074ms] [ERROR] Failed to load resource: net::ERR_INTERNET_DISCONNECTED @ https://www.canva.com/_online?1788383411389:0
[38473266ms] [ERROR] Failed to load resource: net::ERR_INTERNET_DISCONNECTED @ https://www.canva.com/_online?1788383417581:0
[38479209ms] [ERROR] Failed to load resource: net::ERR_INTERNET_DISCONNECTED @ https://www.canva.com/_online?1788383423524:0
[38484332ms] [ERROR] Failed to load resource: net::ERR_INTERNET_DISCONNECTED @ https://www.canva.com/_online?1788383428629:0
[38489996ms] [ERROR] Failed to load resource: net::ERR_INTERNET_DISCONNECTED @ https://www.canva.com/_online?1788383434313:0
[38495558ms] [ERROR] Failed to load resource: net::ERR_INTERNET_DISCONNECTED @ https://www.canva.com/_online?1788383439874:0
[38501234ms] [ERROR] Failed to load resource: net::ERR_INTERNET_DISCONNECTED @ https://www.canva.com/_online?1788383445551:0
[38506625ms] [ERROR] Failed to load resource: net::ERR_INTERNET_DISCONNECTED @ https://www.canva.com/_online?1788383450942:0
[38511910ms] [ERROR] Failed to load resource: net::ERR_INTERNET_DISCONNECTED @ https://www.canva.com/_online?1788383456226:0
[38518124ms] [ERROR] Failed to load resource: net::ERR_INTERNET_DISCONNECTED @ https://www.canva.com/_online?1788383462442:0
[38523730ms] [ERROR] Failed to load resource: net::ERR_INTERNET_DISCONNECTED @ https://www.canva.com/_online?1788383468047:0
[38530058ms] [ERROR] Failed to load resource: net::ERR_INTERNET_DISCONNECTED @ https://www.canva.com/_online?1788383474375:0
[38535657ms] [ERROR] Failed to load resource: net::ERR_INTERNET_DISCONNECTED @ https://www.canva.com/_online?1788383479973:0
[38541095ms] [ERROR] Failed to load resource: net::ERR_INTERNET_DISCONNECTED @ https://www.canva.com/_online?1788383485412:0
[38546404ms] [ERROR] Failed to load resource: net::ERR_INTERNET_DISCONNECTED @ https://www.canva.com/_online?1788383490722:0
[38552828ms] [ERROR] Failed to load resource: net::ERR_INTERNET_DISCONNECTED @ https://www.canva.com/_online?1788383497145:0
[38559130ms] [ERROR] Failed to load resource: net::ERR_INTERNET_DISCONNECTED @ https://www.canva.com/_online?1788383503447:0
[38564680ms] [ERROR] Failed to load resource: net::ERR_INTERNET_DISCONNECTED @ https://www.canva.com/_online?1788383508997:0
[38571171ms] [ERROR] Failed to load resource: net::ERR_INTERNET_DISCONNECTED @ https://www.canva.com/_online?1788383515488:0
[38576751ms] [ERROR] Failed to load resource: net::ERR_INTERNET_DISCONNECTED @ https://www.canva.com/_online?1788383521068:0
[38581832ms] [ERROR] Failed to load resource: net::ERR_INTERNET_DISCONNECTED @ https://www.canva.com/_online?1788383526148:0
[38587559ms] [ERROR] Failed to load resource: net::ERR_INTERNET_DISCONNECTED @ https://www.canva.com/_online?1788383531877:0
[38593295ms] [ERROR] Failed to load resource: net::ERR_INTERNET_DISCONNECTED @ https://www.canva.com/_online?1788383537612:0
[38599709ms] [ERROR] Failed to load resource: net::ERR_INTERNET_DISCONNECTED @ https://www.canva.com/_online?1788383544027:0
[38605747ms] [ERROR] Failed to load resource: net::ERR_INTERNET_DISCONNECTED @ https://www.canva.com/_online?1788383550062:0
[38611757ms] [ERROR] Failed to load resource: net::ERR_INTERNET_DISCONNECTED @ https://www.canva.com/_online?1788383556073:0
[38617523ms] [ERROR] Failed to load resource: net::ERR_INTERNET_DISCONNECTED @ https://www.canva.com/_online?1788383561840:0
[38622668ms] [ERROR] Failed to load resource: net::ERR_INTERNET_DISCONNECTED @ https://www.canva.com/_online?1788383566981:0
[38627878ms] [ERROR] Failed to load resource: net::ERR_INTERNET_DISCONNECTED @ https://www.canva.com/_online?1788383572195:0
[38633710ms] [ERROR] Failed to load resource: net::ERR_INTERNET_DISCONNECTED @ https://www.canva.com/_online?1788383578026:0
[38639876ms] [ERROR] Failed to load resource: net::ERR_INTERNET_DISCONNECTED @ https://www.canva.com/_online?1788383584192:0
[38645826ms] [ERROR] Failed to load resource: net::ERR_INTERNET_DISCONNECTED @ https://www.canva.com/_online?1788383590142:0
[38651976ms] [ERROR] Failed to load resource: net::ERR_INTERNET_DISCONNECTED @ https://www.canva.com/_online?1788383596291:0
[38657291ms] [ERROR] Failed to load resource: net::ERR_INTERNET_DISCONNECTED @ https://www.canva.com/_online?1788383601609:0
[38663618ms] [ERROR] Failed to load resource: net::ERR_INTERNET_DISCONNECTED @ https://www.canva.com/_online?1788383607934:0
[38669092ms] [ERROR] Failed to load resource: net::ERR_INTERNET_DISCONNECTED @ https://www.canva.com/_online?1788383613410:0
[38674178ms] [ERROR] Failed to load resource: net::ERR_INTERNET_DISCONNECTED @ https://www.canva.com/_online?1788383618494:0
[38680592ms] [ERROR] Failed to load resource: net::ERR_INTERNET_DISCONNECTED @ https://www.canva.com/_online?1788383624904:0
[38686979ms] [ERROR] Failed to load resource: net::ERR_INTERNET_DISCONNECTED @ https://www.canva.com/_online?1788383631294:0
[38692255ms] [ERROR] Failed to load resource: net::ERR_INTERNET_DISCONNECTED @ https://www.canva.com/_online?1788383636573:0
[38697743ms] [ERROR] Failed to load resource: net::ERR_INTERNET_DISCONNECTED @ https://www.canva.com/_online?1788383642061:0
[38703781ms] [ERROR] Failed to load resource: net::ERR_INTERNET_DISCONNECTED @ https://www.canva.com/_online?1788383648098:0
[38709644ms] [ERROR] Failed to load resource: net::ERR_INTERNET_DISCONNECTED @ https://www.canva.com/_online?1788383653961:0
[38714931ms] [ERROR] Failed to load resource: net::ERR_INTERNET_DISCONNECTED @ https://www.canva.com/_online?1788383659247:0
[38721274ms] [ERROR] Failed to load resource: net::ERR_INTERNET_DISCONNECTED @ https://www.canva.com/_online?1788383665584:0
[38727054ms] [ERROR] Failed to load resource: net::ERR_INTERNET_DISCONNECTED @ https://www.canva.com/_online?1788383671372:0
[38733064ms] [ERROR] Failed to load resource: net::ERR_INTERNET_DISCONNECTED @ https://www.canva.com/_online?1788383677382:0
[38738904ms] [ERROR] Failed to load resource: net::ERR_INTERNET_DISCONNECTED @ https://www.canva.com/_online?1788383683222:0
[38744023ms] [ERROR] Failed to load resource: net::ERR_INTERNET_DISCONNECTED @ https://www.canva.com/_online?1788383688341:0
[38749341ms] [ERROR] Failed to load resource: net::ERR_INTERNET_DISCONNECTED @ https://www.canva.com/_online?1788383693658:0
[38755064ms] [ERROR] Failed to load resource: net::ERR_INTERNET_DISCONNECTED @ https://www.canva.com/_online?1788383699378:0
[38760533ms] [ERROR] Failed to load resource: net::ERR_INTERNET_DISCONNECTED @ https://www.canva.com/_online?1788383704848:0
[38766847ms] [ERROR] Failed to load resource: net::ERR_INTERNET_DISCONNECTED @ https://www.canva.com/_online?1788383711161:0
[38773250ms] [ERROR] Failed to load resource: net::ERR_INTERNET_DISCONNECTED @ https://www.canva.com/_online?1788383717566:0
[38779383ms] [ERROR] Failed to load resource: net::ERR_INTERNET_DISCONNECTED @ https://www.canva.com/_online?1788383723698:0
[38785554ms] [ERROR] Failed to load resource: net::ERR_INTERNET_DISCONNECTED @ https://www.canva.com/_online?1788383729869:0
[38791033ms] [ERROR] Failed to load resource: net::ERR_INTERNET_DISCONNECTED @ https://www.canva.com/_online?1788383735350:0
[38796410ms] [ERROR] Failed to load resource: net::ERR_INTERNET_DISCONNECTED @ https://www.canva.com/_online?1788383740727:0
[38802047ms] [ERROR] Failed to load resource: net::ERR_INTERNET_DISCONNECTED @ https://www.canva.com/_online?1788383746363:0
[38808499ms] [ERROR] Failed to load resource: net::ERR_INTERNET_DISCONNECTED @ https://www.canva.com/_online?1788383752817:0
[38814099ms] [ERROR] Failed to load resource: net::ERR_INTERNET_DISCONNECTED @ https://www.canva.com/_online?1788383758415:0
[38819526ms] [ERROR] Failed to load resource: net::ERR_INTERNET_DISCONNECTED @ https://www.canva.com/_online?1788383763843:0
[38825694ms] [ERROR] Failed to load resource: net::ERR_INTERNET_DISCONNECTED @ https://www.canva.com/_online?1788383770011:0
[38831955ms] [ERROR] Failed to load resource: net::ERR_INTERNET_DISCONNECTED @ https://www.canva.com/_online?1788383776271:0
[38837434ms] [ERROR] Failed to load resource: net::ERR_INTERNET_DISCONNECTED @ https://www.canva.com/_online?1788383781751:0
[38842687ms] [ERROR] Failed to load resource: net::ERR_INTERNET_DISCONNECTED @ https://www.canva.com/_online?1788383787004:0
[38848878ms] [ERROR] Failed to load resource: net::ERR_INTERNET_DISCONNECTED @ https://www.canva.com/_online?1788383793194:0
[38855209ms] [ERROR] Failed to load resource: net::ERR_INTERNET_DISCONNECTED @ https://www.canva.com/_online?1788383799526:0
[38860740ms] [ERROR] Failed to load resource: net::ERR_INTERNET_DISCONNECTED @ https://www.canva.com/_online?1788383805052:0
[38866215ms] [ERROR] Failed to load resource: net::ERR_INTERNET_DISCONNECTED @ https://www.canva.com/_online?1788383810531:0
[38871320ms] [ERROR] Failed to load resource: net::ERR_INTERNET_DISCONNECTED @ https://www.canva.com/_online?1788383815627:0
[38877480ms] [ERROR] Failed to load resource: net::ERR_INTERNET_DISCONNECTED @ https://www.canva.com/_online?1788383821795:0
[38882674ms] [ERROR] Failed to load resource: net::ERR_INTERNET_DISCONNECTED @ https://www.canva.com/_online?1788383826990:0
[38888183ms] [ERROR] Failed to load resource: net::ERR_INTERNET_DISCONNECTED @ https://www.canva.com/_online?1788383832500:0
[38893538ms] [ERROR] Failed to load resource: net::ERR_INTERNET_DISCONNECTED @ https://www.canva.com/_online?1788383837854:0
[38898974ms] [ERROR] Failed to load resource: net::ERR_INTERNET_DISCONNECTED @ https://www.canva.com/_online?1788383843290:0
[38905277ms] [ERROR] Failed to load resource: net::ERR_INTERNET_DISCONNECTED @ https://www.canva.com/_online?1788383849595:0
[38910798ms] [ERROR] Failed to load resource: net::ERR_INTERNET_DISCONNECTED @ https://www.canva.com/_online?1788383855115:0
[38916148ms] [ERROR] Failed to load resource: net::ERR_INTERNET_DISCONNECTED @ https://www.canva.com/_online?1788383860464:0
[38921324ms] [ERROR] Failed to load resource: net::ERR_INTERNET_DISCONNECTED @ https://www.canva.com/_online?1788383865639:0
[38926983ms] [ERROR] Failed to load resource: net::ERR_INTERNET_DISCONNECTED @ https://www.canva.com/_online?1788383871296:0
[38932584ms] [ERROR] Failed to load resource: net::ERR_INTERNET_DISCONNECTED @ https://www.canva.com/_online?1788383876900:0
[38938179ms] [ERROR] Failed to load resource: net::ERR_INTERNET_DISCONNECTED @ https://www.canva.com/_online?1788383882497:0
[38943597ms] [ERROR] Failed to load resource: net::ERR_INTERNET_DISCONNECTED @ https://www.canva.com/_online?1788383887913:0
[38948852ms] [ERROR] Failed to load resource: net::ERR_INTERNET_DISCONNECTED @ https://www.canva.com/_online?1788383893169:0
[38953972ms] [ERROR] Failed to load resource: net::ERR_INTERNET_DISCONNECTED @ https://www.canva.com/_online?1788383898286:0
[38959094ms] [ERROR] Failed to load resource: net::ERR_INTERNET_DISCONNECTED @ https://www.canva.com/_online?1788383903408:0
[38965564ms] [ERROR] Failed to load resource: net::ERR_INTERNET_DISCONNECTED @ https://www.canva.com/_online?1788383909879:0
[38970841ms] [ERROR] Failed to load resource: net::ERR_INTERNET_DISCONNECTED @ https://www.canva.com/_online?1788383915156:0
[38976784ms] [ERROR] Failed to load resource: net::ERR_INTERNET_DISCONNECTED @ https://www.canva.com/_online?1788383921100:0
[38983258ms] [ERROR] Failed to load resource: net::ERR_INTERNET_DISCONNECTED @ https://www.canva.com/_online?1788383927575:0
[38989605ms] [ERROR] Failed to load resource: net::ERR_INTERNET_DISCONNECTED @ https://www.canva.com/_online?1788383933922:0
[38995330ms] [ERROR] Failed to load resource: net::ERR_INTERNET_DISCONNECTED @ https://www.canva.com/_online?1788383939646:0
[39000956ms] [ERROR] Failed to load resource: net::ERR_INTERNET_DISCONNECTED @ https://www.canva.com/_online?1788383945274:0
[39006372ms] [ERROR] Failed to load resource: net::ERR_INTERNET_DISCONNECTED @ https://www.canva.com/_online?1788383950689:0
[39011493ms] [ERROR] Failed to load resource: net::ERR_INTERNET_DISCONNECTED @ https://www.canva.com/_online?1788383955810:0
[39016835ms] [ERROR] Failed to load resource: net::ERR_INTERNET_DISCONNECTED @ https://www.canva.com/_online?1788383961152:0
[39022077ms] [ERROR] Failed to load resource: net::ERR_INTERNET_DISCONNECTED @ https://www.canva.com/_online?1788383966393:0
[39027154ms] [ERROR] Failed to load resource: net::ERR_INTERNET_DISCONNECTED @ https://www.canva.com/_online?1788383971472:0
[39032276ms] [ERROR] Failed to load resource: net::ERR_INTERNET_DISCONNECTED @ https://www.canva.com/_online?1788383976593:0
[39038195ms] [ERROR] Failed to load resource: net::ERR_INTERNET_DISCONNECTED @ https://www.canva.com/_online?1788383982513:0
[39043756ms] [ERROR] Failed to load resource: net::ERR_INTERNET_DISCONNECTED @ https://www.canva.com/_online?1788383988070:0
[39049905ms] [ERROR] Failed to load resource: net::ERR_INTERNET_DISCONNECTED @ https://www.canva.com/_online?1788383994222:0
[39055231ms] [ERROR] Failed to load resource: net::ERR_INTERNET_DISCONNECTED @ https://www.canva.com/_online?1788383999542:0
[39061608ms] [ERROR] Failed to load resource: net::ERR_INTERNET_DISCONNECTED @ https://www.canva.com/_online?1788384005925:0
[39067281ms] [ERROR] Failed to load resource: net::ERR_INTERNET_DISCONNECTED @ https://www.canva.com/_online?1788384011596:0
[39072448ms] [ERROR] Failed to load resource: net::ERR_INTERNET_DISCONNECTED @ https://www.canva.com/_online?1788384016765:0
[39078558ms] [ERROR] Failed to load resource: net::ERR_INTERNET_DISCONNECTED @ https://www.canva.com/_online?1788384022876:0
[39083639ms] [ERROR] Failed to load resource: net::ERR_INTERNET_DISCONNECTED @ https://www.canva.com/_online?1788384027957:0
[39089699ms] [ERROR] Failed to load resource: net::ERR_INTERNET_DISCONNECTED @ https://www.canva.com/_online?1788384034013:0
[39095520ms] [ERROR] Failed to load resource: net::ERR_INTERNET_DISCONNECTED @ https://www.canva.com/_online?1788384039836:0
[39101306ms] [ERROR] Failed to load resource: net::ERR_INTERNET_DISCONNECTED @ https://www.canva.com/_online?1788384045624:0
[39107240ms] [ERROR] Failed to load resource: net::ERR_INTERNET_DISCONNECTED @ https://www.canva.com/_online?1788384051556:0
[39112731ms] [ERROR] Failed to load resource: net::ERR_INTERNET_DISCONNECTED @ https://www.canva.com/_online?1788384057048:0
[39118968ms] [ERROR] Failed to load resource: net::ERR_INTERNET_DISCONNECTED @ https://www.canva.com/_online?1788384063285:0
[39124039ms] [ERROR] Failed to load resource: net::ERR_INTERNET_DISCONNECTED @ https://www.canva.com/_online?1788384068342:0
[39129391ms] [ERROR] Failed to load resource: net::ERR_INTERNET_DISCONNECTED @ https://www.canva.com/_online?1788384073707:0
[39135702ms] [ERROR] Failed to load resource: net::ERR_INTERNET_DISCONNECTED @ https://www.canva.com/_online?1788384080017:0
[39141495ms] [ERROR] Failed to load resource: net::ERR_INTERNET_DISCONNECTED @ https://www.canva.com/_online?1788384085811:0
[39146752ms] [ERROR] Failed to load resource: net::ERR_INTERNET_DISCONNECTED @ https://www.canva.com/_online?1788384091070:0
[39152305ms] [ERROR] Failed to load resource: net::ERR_INTERNET_DISCONNECTED @ https://www.canva.com/_online?1788384096622:0
[39158791ms] [ERROR] Failed to load resource: net::ERR_INTERNET_DISCONNECTED @ https://www.canva.com/_online?1788384103107:0
[39163936ms] [ERROR] Failed to load resource: net::ERR_INTERNET_DISCONNECTED @ https://www.canva.com/_online?1788384108252:0
[39169817ms] [ERROR] Failed to load resource: net::ERR_INTERNET_DISCONNECTED @ https://www.canva.com/_online?1788384114135:0
[39175597ms] [ERROR] Failed to load resource: net::ERR_INTERNET_DISCONNECTED @ https://www.canva.com/_online?1788384119912:0
[39180820ms] [ERROR] Failed to load resource: net::ERR_INTERNET_DISCONNECTED @ https://www.canva.com/_online?1788384125139:0
[39186067ms] [ERROR] Failed to load resource: net::ERR_INTERNET_DISCONNECTED @ https://www.canva.com/_online?1788384130386:0
[39192142ms] [ERROR] Failed to load resource: net::ERR_INTERNET_DISCONNECTED @ https://www.canva.com/_online?1788384136461:0
[39197438ms] [ERROR] Failed to load resource: net::ERR_INTERNET_DISCONNECTED @ https://www.canva.com/_online?1788384141749:0
[39203491ms] [ERROR] Failed to load resource: net::ERR_INTERNET_DISCONNECTED @ https://www.canva.com/_online?1788384147810:0
[39208922ms] [ERROR] Failed to load resource: net::ERR_INTERNET_DISCONNECTED @ https://www.canva.com/_online?1788384153241:0
[39213969ms] [ERROR] Failed to load resource: net::ERR_INTERNET_DISCONNECTED @ https://www.canva.com/_online?1788384158287:0
[39220228ms] [ERROR] Failed to load resource: net::ERR_INTERNET_DISCONNECTED @ https://www.canva.com/_online?1788384164546:0
[39226018ms] [ERROR] Failed to load resource: net::ERR_INTERNET_DISCONNECTED @ https://www.canva.com/_online?1788384170336:0
[39231912ms] [ERROR] Failed to load resource: net::ERR_INTERNET_DISCONNECTED @ https://www.canva.com/_online?1788384176231:0
[39237054ms] [ERROR] Failed to load resource: net::ERR_INTERNET_DISCONNECTED @ https://www.canva.com/_online?1788384181372:0
[39242890ms] [ERROR] Failed to load resource: net::ERR_INTERNET_DISCONNECTED @ https://www.canva.com/_online?1788384187208:0
[39248143ms] [ERROR] Failed to load resource: net::ERR_INTERNET_DISCONNECTED @ https://www.canva.com/_online?1788384192462:0
[39254182ms] [ERROR] Failed to load resource: net::ERR_INTERNET_DISCONNECTED @ https://www.canva.com/_online?1788384198501:0
[39259290ms] [ERROR] Failed to load resource: net::ERR_INTERNET_DISCONNECTED @ https://www.canva.com/_online?1788384203609:0
[39264715ms] [ERROR] Failed to load resource: net::ERR_INTERNET_DISCONNECTED @ https://www.canva.com/_online?1788384209034:0
[39271075ms] [ERROR] Failed to load resource: net::ERR_INTERNET_DISCONNECTED @ https://www.canva.com/_online?1788384215393:0
[39276770ms] [ERROR] Failed to load resource: net::ERR_INTERNET_DISCONNECTED @ https://www.canva.com/_online?1788384221088:0
[39282867ms] [ERROR] Failed to load resource: net::ERR_INTERNET_DISCONNECTED @ https://www.canva.com/_online?1788384227185:0
[39288157ms] [ERROR] Failed to load resource: net::ERR_INTERNET_DISCONNECTED @ https://www.canva.com/_online?1788384232475:0
[39293528ms] [ERROR] Failed to load resource: net::ERR_INTERNET_DISCONNECTED @ https://www.canva.com/_online?1788384237846:0
[39299533ms] [ERROR] Failed to load resource: net::ERR_INTERNET_DISCONNECTED @ https://www.canva.com/_online?1788384243850:0
[39305571ms] [ERROR] Failed to load resource: net::ERR_INTERNET_DISCONNECTED @ https://www.canva.com/_online?1788384249889:0
[39311093ms] [ERROR] Failed to load resource: net::ERR_INTERNET_DISCONNECTED @ https://www.canva.com/_online?1788384255412:0
[39317321ms] [ERROR] Failed to load resource: net::ERR_INTERNET_DISCONNECTED @ https://www.canva.com/_online?1788384261640:0
[39322896ms] [ERROR] Failed to load resource: net::ERR_INTERNET_DISCONNECTED @ https://www.canva.com/_online?1788384267215:0
[39329143ms] [ERROR] Failed to load resource: net::ERR_INTERNET_DISCONNECTED @ https://www.canva.com/_online?1788384273461:0
[39335163ms] [ERROR] Failed to load resource: net::ERR_INTERNET_DISCONNECTED @ https://www.canva.com/_online?1788384279481:0
[39340902ms] [ERROR] Failed to load resource: net::ERR_INTERNET_DISCONNECTED @ https://www.canva.com/_online?1788384285221:0
[39347184ms] [ERROR] Failed to load resource: net::ERR_INTERNET_DISCONNECTED @ https://www.canva.com/_online?1788384291503:0
[39353438ms] [ERROR] Failed to load resource: net::ERR_INTERNET_DISCONNECTED @ https://www.canva.com/_online?1788384297757:0
[39358554ms] [ERROR] Failed to load resource: net::ERR_INTERNET_DISCONNECTED @ https://www.canva.com/_online?1788384302872:0
[39364995ms] [ERROR] Failed to load resource: net::ERR_INTERNET_DISCONNECTED @ https://www.canva.com/_online?1788384309313:0
[39370664ms] [ERROR] Failed to load resource: net::ERR_INTERNET_DISCONNECTED @ https://www.canva.com/_online?1788384314982:0
[39375938ms] [ERROR] Failed to load resource: net::ERR_INTERNET_DISCONNECTED @ https://www.canva.com/_online?1788384320256:0
[39381713ms] [ERROR] Failed to load resource: net::ERR_INTERNET_DISCONNECTED @ https://www.canva.com/_online?1788384326032:0
[39387296ms] [ERROR] Failed to load resource: net::ERR_INTERNET_DISCONNECTED @ https://www.canva.com/_online?1788384331615:0
[39393524ms] [ERROR] Failed to load resource: net::ERR_INTERNET_DISCONNECTED @ https://www.canva.com/_online?1788384337843:0
[39399771ms] [ERROR] Failed to load resource: net::ERR_INTERNET_DISCONNECTED @ https://www.canva.com/_online?1788384344088:0
[39405250ms] [ERROR] Failed to load resource: net::ERR_INTERNET_DISCONNECTED @ https://www.canva.com/_online?1788384349569:0
[39411634ms] [ERROR] Failed to load resource: net::ERR_INTERNET_DISCONNECTED @ https://www.canva.com/_online?1788384355953:0
[39417811ms] [ERROR] Failed to load resource: net::ERR_INTERNET_DISCONNECTED @ https://www.canva.com/_online?1788384362131:0
[39423924ms] [ERROR] Failed to load resource: net::ERR_INTERNET_DISCONNECTED @ https://www.canva.com/_online?1788384368243:0
[39429894ms] [ERROR] Failed to load resource: net::ERR_INTERNET_DISCONNECTED @ https://www.canva.com/_online?1788384374213:0
[39435448ms] [ERROR] Failed to load resource: net::ERR_INTERNET_DISCONNECTED @ https://www.canva.com/_online?1788384379766:0
[39440747ms] [ERROR] Failed to load resource: net::ERR_INTERNET_DISCONNECTED @ https://www.canva.com/_online?1788384385065:0
[39447214ms] [ERROR] Failed to load resource: net::ERR_INTERNET_DISCONNECTED @ https://www.canva.com/_online?1788384391532:0
[39452237ms] [ERROR] Failed to load resource: net::ERR_INTERNET_DISCONNECTED @ https://www.canva.com/_online?1788384396555:0
[39457685ms] [ERROR] Failed to load resource: net::ERR_INTERNET_DISCONNECTED @ https://www.canva.com/_online?1788384402003:0
[39463299ms] [ERROR] Failed to load resource: net::ERR_INTERNET_DISCONNECTED @ https://www.canva.com/_online?1788384407615:0
[39469705ms] [ERROR] Failed to load resource: net::ERR_INTERNET_DISCONNECTED @ https://www.canva.com/_online?1788384414023:0
[39474722ms] [ERROR] Failed to load resource: net::ERR_INTERNET_DISCONNECTED @ https://www.canva.com/_online?1788384419041:0
[39480546ms] [ERROR] Failed to load resource: net::ERR_INTERNET_DISCONNECTED @ https://www.canva.com/_online?1788384424862:0
[39486272ms] [ERROR] Failed to load resource: net::ERR_INTERNET_DISCONNECTED @ https://www.canva.com/_online?1788384430591:0
[39491792ms] [ERROR] Failed to load resource: net::ERR_INTERNET_DISCONNECTED @ https://www.canva.com/_online?1788384436111:0
[39497502ms] [ERROR] Failed to load resource: net::ERR_INTERNET_DISCONNECTED @ https://www.canva.com/_online?1788384441820:0
[39502583ms] [ERROR] Failed to load resource: net::ERR_INTERNET_DISCONNECTED @ https://www.canva.com/_online?1788384446902:0
[39508280ms] [ERROR] Failed to load resource: net::ERR_INTERNET_DISCONNECTED @ https://www.canva.com/_online?1788384452597:0
[39514183ms] [ERROR] Failed to load resource: net::ERR_INTERNET_DISCONNECTED @ https://www.canva.com/_online?1788384458501:0
[39519371ms] [ERROR] Failed to load resource: net::ERR_INTERNET_DISCONNECTED @ https://www.canva.com/_online?1788384463689:0
[39525393ms] [ERROR] Failed to load resource: net::ERR_INTERNET_DISCONNECTED @ https://www.canva.com/_online?1788384469712:0
[39531852ms] [ERROR] Failed to load resource: net::ERR_INTERNET_DISCONNECTED @ https://www.canva.com/_online?1788384476171:0
[39537194ms] [ERROR] Failed to load resource: net::ERR_INTERNET_DISCONNECTED @ https://www.canva.com/_online?1788384481513:0
[39543233ms] [ERROR] Failed to load resource: net::ERR_INTERNET_DISCONNECTED @ https://www.canva.com/_online?1788384487551:0
[39548753ms] [ERROR] Failed to load resource: net::ERR_INTERNET_DISCONNECTED @ https://www.canva.com/_online?1788384493072:0
[39553922ms] [ERROR] Failed to load resource: net::ERR_INTERNET_DISCONNECTED @ https://www.canva.com/_online?1788384498241:0
[39560203ms] [ERROR] Failed to load resource: net::ERR_INTERNET_DISCONNECTED @ https://www.canva.com/_online?1788384504520:0
[39565483ms] [ERROR] Failed to load resource: net::ERR_INTERNET_DISCONNECTED @ https://www.canva.com/_online?1788384509802:0
[39566074ms] [ERROR] Failed to load resource: net::ERR_INTERNET_DISCONNECTED @ https://www.canva.com/_ajax/livefolderitem/channel/AoJWAbKSVEFcr6ojT373jz8/retrieve_updates?continuation=1788349892913-0:0
[39570993ms] [ERROR] Failed to load resource: net::ERR_INTERNET_DISCONNECTED @ https://www.canva.com/_online?1788384515311:0
[39577392ms] [ERROR] Failed to load resource: net::ERR_INTERNET_DISCONNECTED @ https://www.canva.com/_online?1788384521711:0
[39582511ms] [ERROR] Failed to load resource: net::ERR_INTERNET_DISCONNECTED @ https://www.canva.com/_online?1788384526830:0
[39587702ms] [ERROR] Failed to load resource: net::ERR_INTERNET_DISCONNECTED @ https://www.canva.com/_online?1788384532021:0
[39593775ms] [ERROR] Failed to load resource: net::ERR_INTERNET_DISCONNECTED @ https://www.canva.com/_online?1788384538093:0
[39599008ms] [ERROR] Failed to load resource: net::ERR_INTERNET_DISCONNECTED @ https://www.canva.com/_online?1788384543327:0
[39604356ms] [ERROR] Failed to load resource: net::ERR_INTERNET_DISCONNECTED @ https://www.canva.com/_online?1788384548675:0
[39609690ms] [ERROR] Failed to load resource: net::ERR_INTERNET_DISCONNECTED @ https://www.canva.com/_online?1788384554009:0
[39615384ms] [ERROR] Failed to load resource: net::ERR_INTERNET_DISCONNECTED @ https://www.canva.com/_online?1788384559703:0
[39621747ms] [ERROR] Failed to load resource: net::ERR_INTERNET_DISCONNECTED @ https://www.canva.com/_online?1788384566066:0
[39626816ms] [ERROR] Failed to load resource: net::ERR_INTERNET_DISCONNECTED @ https://www.canva.com/_online?1788384571133:0
[39632772ms] [ERROR] Failed to load resource: net::ERR_INTERNET_DISCONNECTED @ https://www.canva.com/_online?1788384577091:0
[39638842ms] [ERROR] Failed to load resource: net::ERR_INTERNET_DISCONNECTED @ https://www.canva.com/_online?1788384583160:0
[39644254ms] [ERROR] Failed to load resource: net::ERR_INTERNET_DISCONNECTED @ https://www.canva.com/_online?1788384588572:0
[39650449ms] [ERROR] Failed to load resource: net::ERR_INTERNET_DISCONNECTED @ https://www.canva.com/_online?1788384594768:0
[39656121ms] [ERROR] Failed to load resource: net::ERR_INTERNET_DISCONNECTED @ https://www.canva.com/_online?1788384600439:0
[39662040ms] [ERROR] Failed to load resource: net::ERR_INTERNET_DISCONNECTED @ https://www.canva.com/_online?1788384606359:0
[39667629ms] [ERROR] Failed to load resource: net::ERR_INTERNET_DISCONNECTED @ https://www.canva.com/_online?1788384611947:0
[39673533ms] [ERROR] Failed to load resource: net::ERR_INTERNET_DISCONNECTED @ https://www.canva.com/_online?1788384617851:0
[39679678ms] [ERROR] Failed to load resource: net::ERR_INTERNET_DISCONNECTED @ https://www.canva.com/_online?1788384623997:0
[39685407ms] [ERROR] Failed to load resource: net::ERR_INTERNET_DISCONNECTED @ https://www.canva.com/_online?1788384629725:0
[39691642ms] [ERROR] Failed to load resource: net::ERR_INTERNET_DISCONNECTED @ https://www.canva.com/_online?1788384635961:0
[39697221ms] [ERROR] Failed to load resource: net::ERR_INTERNET_DISCONNECTED @ https://www.canva.com/_online?1788384641539:0
[39703404ms] [ERROR] Failed to load resource: net::ERR_INTERNET_DISCONNECTED @ https://www.canva.com/_online?1788384647722:0
[39709334ms] [ERROR] Failed to load resource: net::ERR_INTERNET_DISCONNECTED @ https://www.canva.com/_online?1788384653653:0
[39714865ms] [ERROR] Failed to load resource: net::ERR_INTERNET_DISCONNECTED @ https://www.canva.com/_online?1788384659184:0
[39720491ms] [ERROR] Failed to load resource: net::ERR_INTERNET_DISCONNECTED @ https://www.canva.com/_online?1788384664809:0
[39726428ms] [ERROR] Failed to load resource: net::ERR_INTERNET_DISCONNECTED @ https://www.canva.com/_online?1788384670747:0
[39732459ms] [ERROR] Failed to load resource: net::ERR_INTERNET_DISCONNECTED @ https://www.canva.com/_online?1788384676777:0
[39738365ms] [ERROR] Failed to load resource: net::ERR_INTERNET_DISCONNECTED @ https://www.canva.com/_online?1788384682683:0
[39744232ms] [ERROR] Failed to load resource: net::ERR_INTERNET_DISCONNECTED @ https://www.canva.com/_online?1788384688551:0
[39749453ms] [ERROR] Failed to load resource: net::ERR_INTERNET_DISCONNECTED @ https://www.canva.com/_online?1788384693771:0
[39755287ms] [ERROR] Failed to load resource: net::ERR_INTERNET_DISCONNECTED @ https://www.canva.com/_online?1788384699605:0
[39761478ms] [ERROR] Failed to load resource: net::ERR_INTERNET_DISCONNECTED @ https://www.canva.com/_online?1788384705797:0
[39766619ms] [ERROR] Failed to load resource: net::ERR_INTERNET_DISCONNECTED @ https://www.canva.com/_online?1788384710937:0
[39772658ms] [ERROR] Failed to load resource: net::ERR_INTERNET_DISCONNECTED @ https://www.canva.com/_online?1788384716977:0
[39778550ms] [ERROR] Failed to load resource: net::ERR_INTERNET_DISCONNECTED @ https://www.canva.com/_online?1788384722869:0
[39784483ms] [ERROR] Failed to load resource: net::ERR_INTERNET_DISCONNECTED @ https://www.canva.com/_online?1788384728802:0
[39790210ms] [ERROR] Failed to load resource: net::ERR_INTERNET_DISCONNECTED @ https://www.canva.com/_online?1788384734529:0
[39796275ms] [ERROR] Failed to load resource: net::ERR_INTERNET_DISCONNECTED @ https://www.canva.com/_online?1788384740587:0
[39801546ms] [ERROR] Failed to load resource: net::ERR_INTERNET_DISCONNECTED @ https://www.canva.com/_online?1788384745864:0
[39807688ms] [ERROR] Failed to load resource: net::ERR_INTERNET_DISCONNECTED @ https://www.canva.com/_online?1788384752006:0
[39812736ms] [ERROR] Failed to load resource: net::ERR_INTERNET_DISCONNECTED @ https://www.canva.com/_online?1788384757055:0
[39817793ms] [ERROR] Failed to load resource: net::ERR_INTERNET_DISCONNECTED @ https://www.canva.com/_online?1788384762112:0
[39823635ms] [ERROR] Failed to load resource: net::ERR_INTERNET_DISCONNECTED @ https://www.canva.com/_online?1788384767954:0
[39828945ms] [ERROR] Failed to load resource: net::ERR_INTERNET_DISCONNECTED @ https://www.canva.com/_online?1788384773264:0
[39834300ms] [ERROR] Failed to load resource: net::ERR_INTERNET_DISCONNECTED @ https://www.canva.com/_online?1788384778619:0
[39840377ms] [ERROR] Failed to load resource: net::ERR_INTERNET_DISCONNECTED @ https://www.canva.com/_online?1788384784695:0
[39846158ms] [ERROR] Failed to load resource: net::ERR_INTERNET_DISCONNECTED @ https://www.canva.com/_online?1788384790477:0
[39852611ms] [ERROR] Failed to load resource: net::ERR_INTERNET_DISCONNECTED @ https://www.canva.com/_online?1788384796930:0
[39859077ms] [ERROR] Failed to load resource: net::ERR_INTERNET_DISCONNECTED @ https://www.canva.com/_online?1788384803395:0
[39864538ms] [ERROR] Failed to load resource: net::ERR_INTERNET_DISCONNECTED @ https://www.canva.com/_online?1788384808855:0
[39870407ms] [ERROR] Failed to load resource: net::ERR_INTERNET_DISCONNECTED @ https://www.canva.com/_online?1788384814725:0
[39875632ms] [ERROR] Failed to load resource: net::ERR_INTERNET_DISCONNECTED @ https://www.canva.com/_online?1788384819951:0
[39881244ms] [ERROR] Failed to load resource: net::ERR_INTERNET_DISCONNECTED @ https://www.canva.com/_online?1788384825563:0
[39886635ms] [ERROR] Failed to load resource: net::ERR_INTERNET_DISCONNECTED @ https://www.canva.com/_online?1788384830954:0
[39892726ms] [ERROR] Failed to load resource: net::ERR_INTERNET_DISCONNECTED @ https://www.canva.com/_online?1788384837044:0
[39899085ms] [ERROR] Failed to load resource: net::ERR_INTERNET_DISCONNECTED @ https://www.canva.com/_online?1788384843404:0
[39905267ms] [ERROR] Failed to load resource: net::ERR_INTERNET_DISCONNECTED @ https://www.canva.com/_online?1788384849585:0
[39910325ms] [ERROR] Failed to load resource: net::ERR_INTERNET_DISCONNECTED @ https://www.canva.com/_online?1788384854644:0
[39916651ms] [ERROR] Failed to load resource: net::ERR_INTERNET_DISCONNECTED @ https://www.canva.com/_online?1788384860970:0
[39923050ms] [ERROR] Failed to load resource: net::ERR_INTERNET_DISCONNECTED @ https://www.canva.com/_online?1788384867368:0
[39928201ms] [ERROR] Failed to load resource: net::ERR_INTERNET_DISCONNECTED @ https://www.canva.com/_online?1788384872518:0
[39933345ms] [ERROR] Failed to load resource: net::ERR_INTERNET_DISCONNECTED @ https://www.canva.com/_online?1788384877664:0
[39939294ms] [ERROR] Failed to load resource: net::ERR_INTERNET_DISCONNECTED @ https://www.canva.com/_online?1788384883613:0
[39944312ms] [ERROR] Failed to load resource: net::ERR_INTERNET_DISCONNECTED @ https://www.canva.com/_online?1788384888630:0
[39949576ms] [ERROR] Failed to load resource: net::ERR_INTERNET_DISCONNECTED @ https://www.canva.com/_online?1788384893895:0
[39955968ms] [ERROR] Failed to load resource: net::ERR_INTERNET_DISCONNECTED @ https://www.canva.com/_online?1788384900284:0
[39962316ms] [ERROR] Failed to load resource: net::ERR_INTERNET_DISCONNECTED @ https://www.canva.com/_online?1788384906635:0
[39968505ms] [ERROR] Failed to load resource: net::ERR_INTERNET_DISCONNECTED @ https://www.canva.com/_online?1788384912823:0
[39974948ms] [ERROR] Failed to load resource: net::ERR_INTERNET_DISCONNECTED @ https://www.canva.com/_online?1788384919266:0
[39981386ms] [ERROR] Failed to load resource: net::ERR_INTERNET_DISCONNECTED @ https://www.canva.com/_online?1788384925705:0
[39987737ms] [ERROR] Failed to load resource: net::ERR_INTERNET_DISCONNECTED @ https://www.canva.com/_online?1788384932056:0
[39994156ms] [ERROR] Failed to load resource: net::ERR_INTERNET_DISCONNECTED @ https://www.canva.com/_online?1788384938475:0
[40000271ms] [ERROR] Failed to load resource: net::ERR_INTERNET_DISCONNECTED @ https://www.canva.com/_online?1788384944589:0
[40006056ms] [ERROR] Failed to load resource: net::ERR_INTERNET_DISCONNECTED @ https://www.canva.com/_online?1788384950375:0
[40011606ms] [ERROR] Failed to load resource: net::ERR_INTERNET_DISCONNECTED @ https://www.canva.com/_online?1788384955925:0
[40016756ms] [ERROR] Failed to load resource: net::ERR_INTERNET_DISCONNECTED @ https://www.canva.com/_online?1788384961075:0
[40023013ms] [ERROR] Failed to load resource: net::ERR_INTERNET_DISCONNECTED @ https://www.canva.com/_online?1788384967332:0
[40029058ms] [ERROR] Failed to load resource: net::ERR_INTERNET_DISCONNECTED @ https://www.canva.com/_online?1788384973376:0
[40034969ms] [ERROR] Failed to load resource: net::ERR_INTERNET_DISCONNECTED @ https://www.canva.com/_online?1788384979287:0
[40040957ms] [ERROR] Failed to load resource: net::ERR_INTERNET_DISCONNECTED @ https://www.canva.com/_online?1788384985276:0
[40046162ms] [ERROR] Failed to load resource: net::ERR_INTERNET_DISCONNECTED @ https://www.canva.com/_online?1788384990475:0
[40052387ms] [ERROR] Failed to load resource: net::ERR_INTERNET_DISCONNECTED @ https://www.canva.com/_online?1788384996705:0
[40058421ms] [ERROR] Failed to load resource: net::ERR_INTERNET_DISCONNECTED @ https://www.canva.com/_online?1788385002740:0
[40063728ms] [ERROR] Failed to load resource: net::ERR_INTERNET_DISCONNECTED @ https://www.canva.com/_online?1788385008047:0
[40069181ms] [ERROR] Failed to load resource: net::ERR_INTERNET_DISCONNECTED @ https://www.canva.com/_online?1788385013499:0
[40075157ms] [ERROR] Failed to load resource: net::ERR_INTERNET_DISCONNECTED @ https://www.canva.com/_online?1788385019475:0
[40080905ms] [ERROR] Failed to load resource: net::ERR_INTERNET_DISCONNECTED @ https://www.canva.com/_online?1788385025223:0
[40086276ms] [ERROR] Failed to load resource: net::ERR_INTERNET_DISCONNECTED @ https://www.canva.com/_online?1788385030592:0
[40092417ms] [ERROR] Failed to load resource: net::ERR_INTERNET_DISCONNECTED @ https://www.canva.com/_online?1788385036736:0
[40097515ms] [ERROR] Failed to load resource: net::ERR_INTERNET_DISCONNECTED @ https://www.canva.com/_online?1788385041832:0
[40102775ms] [ERROR] Failed to load resource: net::ERR_INTERNET_DISCONNECTED @ https://www.canva.com/_online?1788385047094:0
[40108764ms] [ERROR] Failed to load resource: net::ERR_INTERNET_DISCONNECTED @ https://www.canva.com/_online?1788385053083:0
[40114404ms] [ERROR] Failed to load resource: net::ERR_INTERNET_DISCONNECTED @ https://www.canva.com/_online?1788385058722:0
[40120027ms] [ERROR] Failed to load resource: net::ERR_INTERNET_DISCONNECTED @ https://www.canva.com/_online?1788385064345:0
[40125320ms] [ERROR] Failed to load resource: net::ERR_INTERNET_DISCONNECTED @ https://www.canva.com/_online?1788385069638:0
[40131564ms] [ERROR] Failed to load resource: net::ERR_INTERNET_DISCONNECTED @ https://www.canva.com/_online?1788385075881:0
[40136974ms] [ERROR] Failed to load resource: net::ERR_INTERNET_DISCONNECTED @ https://www.canva.com/_online?1788385081292:0
[40143262ms] [ERROR] Failed to load resource: net::ERR_INTERNET_DISCONNECTED @ https://www.canva.com/_online?1788385087581:0
[40149607ms] [ERROR] Failed to load resource: net::ERR_INTERNET_DISCONNECTED @ https://www.canva.com/_online?1788385093926:0
[40155629ms] [ERROR] Failed to load resource: net::ERR_INTERNET_DISCONNECTED @ https://www.canva.com/_online?1788385099947:0
[40162091ms] [ERROR] Failed to load resource: net::ERR_INTERNET_DISCONNECTED @ https://www.canva.com/_online?1788385106410:0
[40167234ms] [ERROR] Failed to load resource: net::ERR_INTERNET_DISCONNECTED @ https://www.canva.com/_online?1788385111553:0
[40172750ms] [ERROR] Failed to load resource: net::ERR_INTERNET_DISCONNECTED @ https://www.canva.com/_online?1788385117069:0
[40178498ms] [ERROR] Failed to load resource: net::ERR_INTERNET_DISCONNECTED @ https://www.canva.com/_online?1788385122817:0
[40184050ms] [ERROR] Failed to load resource: net::ERR_INTERNET_DISCONNECTED @ https://www.canva.com/_online?1788385128369:0
[40189586ms] [ERROR] Failed to load resource: net::ERR_INTERNET_DISCONNECTED @ https://www.canva.com/_online?1788385133904:0
[40194683ms] [ERROR] Failed to load resource: net::ERR_INTERNET_DISCONNECTED @ https://www.canva.com/_online?1788385139000:0
[40199994ms] [ERROR] Failed to load resource: net::ERR_INTERNET_DISCONNECTED @ https://www.canva.com/_online?1788385144313:0
[40205160ms] [ERROR] Failed to load resource: net::ERR_INTERNET_DISCONNECTED @ https://www.canva.com/_online?1788385149479:0
[40210418ms] [ERROR] Failed to load resource: net::ERR_INTERNET_DISCONNECTED @ https://www.canva.com/_online?1788385154737:0
[40216557ms] [ERROR] Failed to load resource: net::ERR_INTERNET_DISCONNECTED @ https://www.canva.com/_online?1788385160875:0
[40222745ms] [ERROR] Failed to load resource: net::ERR_INTERNET_DISCONNECTED @ https://www.canva.com/_online?1788385167064:0
[40228215ms] [ERROR] Failed to load resource: net::ERR_INTERNET_DISCONNECTED @ https://www.canva.com/_online?1788385172533:0
[40233239ms] [ERROR] Failed to load resource: net::ERR_INTERNET_DISCONNECTED @ https://www.canva.com/_online?1788385177557:0
[40239238ms] [ERROR] Failed to load resource: net::ERR_INTERNET_DISCONNECTED @ https://www.canva.com/_online?1788385183555:0
[40245295ms] [ERROR] Failed to load resource: net::ERR_INTERNET_DISCONNECTED @ https://www.canva.com/_online?1788385189612:0
[40250831ms] [ERROR] Failed to load resource: net::ERR_INTERNET_DISCONNECTED @ https://www.canva.com/_online?1788385195150:0
[40256325ms] [ERROR] Failed to load resource: net::ERR_INTERNET_DISCONNECTED @ https://www.canva.com/_online?1788385200642:0
[40262294ms] [ERROR] Failed to load resource: net::ERR_INTERNET_DISCONNECTED @ https://www.canva.com/_online?1788385206613:0
[40268785ms] [ERROR] Failed to load resource: net::ERR_INTERNET_DISCONNECTED @ https://www.canva.com/_online?1788385213104:0
[40273842ms] [ERROR] Failed to load resource: net::ERR_INTERNET_DISCONNECTED @ https://www.canva.com/_online?1788385218161:0
[40279757ms] [ERROR] Failed to load resource: net::ERR_INTERNET_DISCONNECTED @ https://www.canva.com/_online?1788385224076:0
[40285017ms] [ERROR] Failed to load resource: net::ERR_INTERNET_DISCONNECTED @ https://www.canva.com/_online?1788385229336:0
[40290147ms] [ERROR] Failed to load resource: net::ERR_INTERNET_DISCONNECTED @ https://www.canva.com/_online?1788385234464:0
[40296146ms] [ERROR] Failed to load resource: net::ERR_INTERNET_DISCONNECTED @ https://www.canva.com/_online?1788385240464:0
[40301838ms] [ERROR] Failed to load resource: net::ERR_INTERNET_DISCONNECTED @ https://www.canva.com/_online?1788385246157:0
[40307488ms] [ERROR] Failed to load resource: net::ERR_INTERNET_DISCONNECTED @ https://www.canva.com/_online?1788385251807:0
[40312607ms] [ERROR] Failed to load resource: net::ERR_INTERNET_DISCONNECTED @ https://www.canva.com/_online?1788385256926:0
[40318325ms] [ERROR] Failed to load resource: net::ERR_INTERNET_DISCONNECTED @ https://www.canva.com/_online?1788385262644:0
[40323757ms] [ERROR] Failed to load resource: net::ERR_INTERNET_DISCONNECTED @ https://www.canva.com/_online?1788385268076:0
[40330155ms] [ERROR] Failed to load resource: net::ERR_INTERNET_DISCONNECTED @ https://www.canva.com/_online?1788385274472:0
[40336317ms] [ERROR] Failed to load resource: net::ERR_INTERNET_DISCONNECTED @ https://www.canva.com/_online?1788385280636:0
[40342396ms] [ERROR] Failed to load resource: net::ERR_INTERNET_DISCONNECTED @ https://www.canva.com/_online?1788385286715:0
[40347784ms] [ERROR] Failed to load resource: net::ERR_INTERNET_DISCONNECTED @ https://www.canva.com/_online?1788385292100:0
[40354222ms] [ERROR] Failed to load resource: net::ERR_INTERNET_DISCONNECTED @ https://www.canva.com/_online?1788385298540:0
[40360668ms] [ERROR] Failed to load resource: net::ERR_INTERNET_DISCONNECTED @ https://www.canva.com/_online?1788385304985:0
[40365679ms] [ERROR] Failed to load resource: net::ERR_INTERNET_DISCONNECTED @ https://www.canva.com/_online?1788385309997:0
[40371901ms] [ERROR] Failed to load resource: net::ERR_INTERNET_DISCONNECTED @ https://www.canva.com/_online?1788385316219:0
[40377230ms] [ERROR] Failed to load resource: net::ERR_INTERNET_DISCONNECTED @ https://www.canva.com/_online?1788385321547:0
[40382620ms] [ERROR] Failed to load resource: net::ERR_INTERNET_DISCONNECTED @ https://www.canva.com/_online?1788385326938:0
[40388930ms] [ERROR] Failed to load resource: net::ERR_INTERNET_DISCONNECTED @ https://www.canva.com/_online?1788385333249:0
[40394275ms] [ERROR] Failed to load resource: net::ERR_INTERNET_DISCONNECTED @ https://www.canva.com/_online?1788385338594:0
[40399677ms] [ERROR] Failed to load resource: net::ERR_INTERNET_DISCONNECTED @ https://www.canva.com/_online?1788385343995:0
[40405062ms] [ERROR] Failed to load resource: net::ERR_INTERNET_DISCONNECTED @ https://www.canva.com/_online?1788385349381:0
[40410616ms] [ERROR] Failed to load resource: net::ERR_INTERNET_DISCONNECTED @ https://www.canva.com/_online?1788385354935:0
[40415672ms] [ERROR] Failed to load resource: net::ERR_INTERNET_DISCONNECTED @ https://www.canva.com/_online?1788385359991:0
[40421769ms] [ERROR] Failed to load resource: net::ERR_INTERNET_DISCONNECTED @ https://www.canva.com/_online?1788385366088:0
[40426992ms] [ERROR] Failed to load resource: net::ERR_INTERNET_DISCONNECTED @ https://www.canva.com/_online?1788385371311:0
[40433163ms] [ERROR] Failed to load resource: net::ERR_INTERNET_DISCONNECTED @ https://www.canva.com/_online?1788385377482:0
[40439552ms] [ERROR] Failed to load resource: net::ERR_INTERNET_DISCONNECTED @ https://www.canva.com/_online?1788385383870:0
[40445312ms] [ERROR] Failed to load resource: net::ERR_INTERNET_DISCONNECTED @ https://www.canva.com/_online?1788385389631:0
[40451189ms] [ERROR] Failed to load resource: net::ERR_INTERNET_DISCONNECTED @ https://www.canva.com/_online?1788385395507:0
[40456711ms] [ERROR] Failed to load resource: net::ERR_INTERNET_DISCONNECTED @ https://www.canva.com/_online?1788385401029:0
[40462919ms] [ERROR] Failed to load resource: net::ERR_INTERNET_DISCONNECTED @ https://www.canva.com/_online?1788385407238:0
[40469397ms] [ERROR] Failed to load resource: net::ERR_INTERNET_DISCONNECTED @ https://www.canva.com/_online?1788385413715:0
[40474694ms] [ERROR] Failed to load resource: net::ERR_INTERNET_DISCONNECTED @ https://www.canva.com/_online?1788385419013:0
[40480727ms] [ERROR] Failed to load resource: net::ERR_INTERNET_DISCONNECTED @ https://www.canva.com/_online?1788385425045:0
[40487052ms] [ERROR] Failed to load resource: net::ERR_INTERNET_DISCONNECTED @ https://www.canva.com/_online?1788385431371:0
[40492754ms] [ERROR] Failed to load resource: net::ERR_INTERNET_DISCONNECTED @ https://www.canva.com/_online?1788385437072:0
[40498210ms] [ERROR] Failed to load resource: net::ERR_INTERNET_DISCONNECTED @ https://www.canva.com/_online?1788385442528:0
[40504712ms] [ERROR] Failed to load resource: net::ERR_INTERNET_DISCONNECTED @ https://www.canva.com/_online?1788385449031:0
[40510936ms] [ERROR] Failed to load resource: net::ERR_INTERNET_DISCONNECTED @ https://www.canva.com/_online?1788385455254:0
[40516066ms] [ERROR] Failed to load resource: net::ERR_INTERNET_DISCONNECTED @ https://www.canva.com/_online?1788385460383:0
[40522538ms] [ERROR] Failed to load resource: net::ERR_INTERNET_DISCONNECTED @ https://www.canva.com/_online?1788385466857:0
[40528972ms] [ERROR] Failed to load resource: net::ERR_INTERNET_DISCONNECTED @ https://www.canva.com/_online?1788385473291:0
[40535217ms] [ERROR] Failed to load resource: net::ERR_INTERNET_DISCONNECTED @ https://www.canva.com/_online?1788385479536:0
[40541366ms] [ERROR] Failed to load resource: net::ERR_INTERNET_DISCONNECTED @ https://www.canva.com/_online?1788385485684:0
[40547095ms] [ERROR] Failed to load resource: net::ERR_INTERNET_DISCONNECTED @ https://www.canva.com/_online?1788385491413:0
[40552796ms] [ERROR] Failed to load resource: net::ERR_INTERNET_DISCONNECTED @ https://www.canva.com/_online?1788385497114:0
[40559134ms] [ERROR] Failed to load resource: net::ERR_INTERNET_DISCONNECTED @ https://www.canva.com/_online?1788385503453:0
[40564788ms] [ERROR] Failed to load resource: net::ERR_INTERNET_DISCONNECTED @ https://www.canva.com/_online?1788385509107:0
[40570755ms] [ERROR] Failed to load resource: net::ERR_INTERNET_DISCONNECTED @ https://www.canva.com/_online?1788385515073:0
[40577256ms] [ERROR] Failed to load resource: net::ERR_INTERNET_DISCONNECTED @ https://www.canva.com/_online?1788385521576:0
[40582919ms] [ERROR] Failed to load resource: net::ERR_INTERNET_DISCONNECTED @ https://www.canva.com/_online?1788385527238:0
[40588121ms] [ERROR] Failed to load resource: net::ERR_INTERNET_DISCONNECTED @ https://www.canva.com/_online?1788385532437:0
[40594053ms] [ERROR] Failed to load resource: net::ERR_INTERNET_DISCONNECTED @ https://www.canva.com/_online?1788385538371:0
[40599207ms] [ERROR] Failed to load resource: net::ERR_INTERNET_DISCONNECTED @ https://www.canva.com/_online?1788385543526:0
[40605327ms] [ERROR] Failed to load resource: net::ERR_INTERNET_DISCONNECTED @ https://www.canva.com/_online?1788385549645:0
[40611599ms] [ERROR] Failed to load resource: net::ERR_INTERNET_DISCONNECTED @ https://www.canva.com/_online?1788385555918:0
[40616724ms] [ERROR] Failed to load resource: net::ERR_INTERNET_DISCONNECTED @ https://www.canva.com/_online?1788385561042:0
[40623148ms] [ERROR] Failed to load resource: net::ERR_INTERNET_DISCONNECTED @ https://www.canva.com/_online?1788385567467:0
[40629241ms] [ERROR] Failed to load resource: net::ERR_INTERNET_DISCONNECTED @ https://www.canva.com/_online?1788385573560:0
[40634835ms] [ERROR] Failed to load resource: net::ERR_INTERNET_DISCONNECTED @ https://www.canva.com/_online?1788385579155:0
[40641270ms] [ERROR] Failed to load resource: net::ERR_INTERNET_DISCONNECTED @ https://www.canva.com/_online?1788385585588:0
[40647148ms] [ERROR] Failed to load resource: net::ERR_INTERNET_DISCONNECTED @ https://www.canva.com/_online?1788385591467:0
[40652908ms] [ERROR] Failed to load resource: net::ERR_INTERNET_DISCONNECTED @ https://www.canva.com/_online?1788385597227:0
[40658068ms] [ERROR] Failed to load resource: net::ERR_INTERNET_DISCONNECTED @ https://www.canva.com/_online?1788385602387:0
[40663301ms] [ERROR] Failed to load resource: net::ERR_INTERNET_DISCONNECTED @ https://www.canva.com/_online?1788385607620:0
[40668428ms] [ERROR] Failed to load resource: net::ERR_INTERNET_DISCONNECTED @ https://www.canva.com/_online?1788385612747:0
[40674288ms] [ERROR] Failed to load resource: net::ERR_INTERNET_DISCONNECTED @ https://www.canva.com/_online?1788385618607:0
[40680685ms] [ERROR] Failed to load resource: net::ERR_INTERNET_DISCONNECTED @ https://www.canva.com/_online?1788385625003:0
[40685961ms] [ERROR] Failed to load resource: net::ERR_INTERNET_DISCONNECTED @ https://www.canva.com/_online?1788385630280:0
[40691232ms] [ERROR] Failed to load resource: net::ERR_INTERNET_DISCONNECTED @ https://www.canva.com/_online?1788385635551:0
[40696813ms] [ERROR] Failed to load resource: net::ERR_INTERNET_DISCONNECTED @ https://www.canva.com/_online?1788385641132:0
[40702205ms] [ERROR] Failed to load resource: net::ERR_INTERNET_DISCONNECTED @ https://www.canva.com/_online?1788385646524:0
[40708594ms] [ERROR] Failed to load resource: net::ERR_INTERNET_DISCONNECTED @ https://www.canva.com/_online?1788385652913:0
[40714404ms] [ERROR] Failed to load resource: net::ERR_INTERNET_DISCONNECTED @ https://www.canva.com/_online?1788385658723:0
[40720821ms] [ERROR] Failed to load resource: net::ERR_INTERNET_DISCONNECTED @ https://www.canva.com/_online?1788385665140:0
[40726854ms] [ERROR] Failed to load resource: net::ERR_INTERNET_DISCONNECTED @ https://www.canva.com/_online?1788385671173:0
[40733279ms] [ERROR] Failed to load resource: net::ERR_INTERNET_DISCONNECTED @ https://www.canva.com/_online?1788385677598:0
[40739232ms] [ERROR] Failed to load resource: net::ERR_INTERNET_DISCONNECTED @ https://www.canva.com/_online?1788385683550:0
[40744709ms] [ERROR] Failed to load resource: net::ERR_INTERNET_DISCONNECTED @ https://www.canva.com/_online?1788385689028:0
[40751139ms] [ERROR] Failed to load resource: net::ERR_INTERNET_DISCONNECTED @ https://www.canva.com/_online?1788385695458:0
[40757149ms] [ERROR] Failed to load resource: net::ERR_INTERNET_DISCONNECTED @ https://www.canva.com/_online?1788385701468:0
[40762850ms] [ERROR] Failed to load resource: net::ERR_INTERNET_DISCONNECTED @ https://www.canva.com/_online?1788385707169:0
[40768700ms] [ERROR] Failed to load resource: net::ERR_INTERNET_DISCONNECTED @ https://www.canva.com/_online?1788385713019:0
[40774437ms] [ERROR] Failed to load resource: net::ERR_INTERNET_DISCONNECTED @ https://www.canva.com/_online?1788385718756:0
[40779528ms] [ERROR] Failed to load resource: net::ERR_INTERNET_DISCONNECTED @ https://www.canva.com/_online?1788385723847:0
[40785025ms] [ERROR] Failed to load resource: net::ERR_INTERNET_DISCONNECTED @ https://www.canva.com/_online?1788385729344:0
[40791199ms] [ERROR] Failed to load resource: net::ERR_INTERNET_DISCONNECTED @ https://www.canva.com/_online?1788385735517:0
[40797554ms] [ERROR] Failed to load resource: net::ERR_INTERNET_DISCONNECTED @ https://www.canva.com/_online?1788385741873:0
[40803326ms] [ERROR] Failed to load resource: net::ERR_INTERNET_DISCONNECTED @ https://www.canva.com/_online?1788385747645:0
[40808915ms] [ERROR] Failed to load resource: net::ERR_INTERNET_DISCONNECTED @ https://www.canva.com/_online?1788385753233:0
[40814106ms] [ERROR] Failed to load resource: net::ERR_INTERNET_DISCONNECTED @ https://www.canva.com/_online?1788385758425:0
[40819138ms] [ERROR] Failed to load resource: net::ERR_INTERNET_DISCONNECTED @ https://www.canva.com/_online?1788385763440:0
[40825240ms] [ERROR] Failed to load resource: net::ERR_INTERNET_DISCONNECTED @ https://www.canva.com/_online?1788385769559:0
[40830874ms] [ERROR] Failed to load resource: net::ERR_INTERNET_DISCONNECTED @ https://www.canva.com/_online?1788385775193:0
[40837160ms] [ERROR] Failed to load resource: net::ERR_INTERNET_DISCONNECTED @ https://www.canva.com/_online?1788385781479:0
[40842231ms] [ERROR] Failed to load resource: net::ERR_INTERNET_DISCONNECTED @ https://www.canva.com/_online?1788385786550:0
[40847589ms] [ERROR] Failed to load resource: net::ERR_INTERNET_DISCONNECTED @ https://www.canva.com/_online?1788385791908:0
[40853844ms] [ERROR] Failed to load resource: net::ERR_INTERNET_DISCONNECTED @ https://www.canva.com/_online?1788385798163:0
[40860285ms] [ERROR] Failed to load resource: net::ERR_INTERNET_DISCONNECTED @ https://www.canva.com/_online?1788385804603:0
[40865900ms] [ERROR] Failed to load resource: net::ERR_INTERNET_DISCONNECTED @ https://www.canva.com/_online?1788385810219:0
[40871016ms] [ERROR] Failed to load resource: net::ERR_INTERNET_DISCONNECTED @ https://www.canva.com/_online?1788385815336:0
[40876777ms] [ERROR] Failed to load resource: net::ERR_INTERNET_DISCONNECTED @ https://www.canva.com/_online?1788385821096:0
[40882854ms] [ERROR] Failed to load resource: net::ERR_INTERNET_DISCONNECTED @ https://www.canva.com/_online?1788385827173:0
[40888607ms] [ERROR] Failed to load resource: net::ERR_INTERNET_DISCONNECTED @ https://www.canva.com/_online?1788385832926:0
[40894313ms] [ERROR] Failed to load resource: net::ERR_INTERNET_DISCONNECTED @ https://www.canva.com/_online?1788385838632:0
[40899674ms] [ERROR] Failed to load resource: net::ERR_INTERNET_DISCONNECTED @ https://www.canva.com/_online?1788385843993:0
[40905273ms] [ERROR] Failed to load resource: net::ERR_INTERNET_DISCONNECTED @ https://www.canva.com/_online?1788385849591:0
[40911601ms] [ERROR] Failed to load resource: net::ERR_INTERNET_DISCONNECTED @ https://www.canva.com/_online?1788385855920:0
[40917914ms] [ERROR] Failed to load resource: net::ERR_INTERNET_DISCONNECTED @ https://www.canva.com/_online?1788385862232:0
[40923931ms] [ERROR] Failed to load resource: net::ERR_INTERNET_DISCONNECTED @ https://www.canva.com/_online?1788385868249:0
[40930234ms] [ERROR] Failed to load resource: net::ERR_INTERNET_DISCONNECTED @ https://www.canva.com/_online?1788385874552:0
[40935490ms] [ERROR] Failed to load resource: net::ERR_INTERNET_DISCONNECTED @ https://www.canva.com/_online?1788385879808:0
[40940650ms] [ERROR] Failed to load resource: net::ERR_INTERNET_DISCONNECTED @ https://www.canva.com/_online?1788385884969:0
[40946301ms] [ERROR] Failed to load resource: net::ERR_INTERNET_DISCONNECTED @ https://www.canva.com/_online?1788385890620:0
[40951873ms] [ERROR] Failed to load resource: net::ERR_INTERNET_DISCONNECTED @ https://www.canva.com/_online?1788385896192:0
[40958057ms] [ERROR] Failed to load resource: net::ERR_INTERNET_DISCONNECTED @ https://www.canva.com/_online?1788385902376:0
[40963787ms] [ERROR] Failed to load resource: net::ERR_INTERNET_DISCONNECTED @ https://www.canva.com/_online?1788385908106:0
[40968872ms] [ERROR] Failed to load resource: net::ERR_INTERNET_DISCONNECTED @ https://www.canva.com/_online?1788385913191:0
[40974317ms] [ERROR] Failed to load resource: net::ERR_INTERNET_DISCONNECTED @ https://www.canva.com/_online?1788385918637:0
[40979636ms] [ERROR] Failed to load resource: net::ERR_INTERNET_DISCONNECTED @ https://www.canva.com/_online?1788385923955:0
[40985978ms] [ERROR] Failed to load resource: net::ERR_INTERNET_DISCONNECTED @ https://www.canva.com/_online?1788385930297:0
[40992409ms] [ERROR] Failed to load resource: net::ERR_INTERNET_DISCONNECTED @ https://www.canva.com/_online?1788385936728:0
[40998135ms] [ERROR] Failed to load resource: net::ERR_INTERNET_DISCONNECTED @ https://www.canva.com/_online?1788385942454:0
[41003291ms] [ERROR] Failed to load resource: net::ERR_INTERNET_DISCONNECTED @ https://www.canva.com/_online?1788385947609:0
[41008323ms] [ERROR] Failed to load resource: net::ERR_INTERNET_DISCONNECTED @ https://www.canva.com/_online?1788385952641:0
[41014168ms] [ERROR] Failed to load resource: net::ERR_INTERNET_DISCONNECTED @ https://www.canva.com/_online?1788385958487:0
[41020113ms] [ERROR] Failed to load resource: net::ERR_INTERNET_DISCONNECTED @ https://www.canva.com/_online?1788385964431:0
[41025635ms] [ERROR] Failed to load resource: net::ERR_INTERNET_DISCONNECTED @ https://www.canva.com/_online?1788385969954:0
[41031120ms] [ERROR] Failed to load resource: net::ERR_INTERNET_DISCONNECTED @ https://www.canva.com/_online?1788385975438:0
[41037114ms] [ERROR] Failed to load resource: net::ERR_INTERNET_DISCONNECTED @ https://www.canva.com/_online?1788385981432:0
[41042252ms] [ERROR] Failed to load resource: net::ERR_INTERNET_DISCONNECTED @ https://www.canva.com/_online?1788385986571:0
[41048498ms] [ERROR] Failed to load resource: net::ERR_INTERNET_DISCONNECTED @ https://www.canva.com/_online?1788385992817:0
[41053800ms] [ERROR] Failed to load resource: net::ERR_INTERNET_DISCONNECTED @ https://www.canva.com/_online?1788385998119:0
[41059662ms] [ERROR] Failed to load resource: net::ERR_INTERNET_DISCONNECTED @ https://www.canva.com/_online?1788386003981:0
[41065511ms] [ERROR] Failed to load resource: net::ERR_INTERNET_DISCONNECTED @ https://www.canva.com/_online?1788386009830:0
[41070831ms] [ERROR] Failed to load resource: net::ERR_INTERNET_DISCONNECTED @ https://www.canva.com/_online?1788386015150:0
[41077081ms] [ERROR] Failed to load resource: net::ERR_INTERNET_DISCONNECTED @ https://www.canva.com/_online?1788386021400:0
[41082387ms] [ERROR] Failed to load resource: net::ERR_INTERNET_DISCONNECTED @ https://www.canva.com/_online?1788386026706:0
[41088575ms] [ERROR] Failed to load resource: net::ERR_INTERNET_DISCONNECTED @ https://www.canva.com/_online?1788386032894:0
[41094827ms] [ERROR] Failed to load resource: net::ERR_INTERNET_DISCONNECTED @ https://www.canva.com/_online?1788386039146:0
[41100828ms] [ERROR] Failed to load resource: net::ERR_INTERNET_DISCONNECTED @ https://www.canva.com/_online?1788386045147:0
[41107017ms] [ERROR] Failed to load resource: net::ERR_INTERNET_DISCONNECTED @ https://www.canva.com/_online?1788386051335:0
[41113196ms] [ERROR] Failed to load resource: net::ERR_INTERNET_DISCONNECTED @ https://www.canva.com/_online?1788386057515:0
[41118609ms] [ERROR] Failed to load resource: net::ERR_INTERNET_DISCONNECTED @ https://www.canva.com/_online?1788386062928:0
[41123865ms] [ERROR] Failed to load resource: net::ERR_INTERNET_DISCONNECTED @ https://www.canva.com/_online?1788386068184:0
[41129278ms] [ERROR] Failed to load resource: net::ERR_INTERNET_DISCONNECTED @ https://www.canva.com/_online?1788386073596:0
[41135076ms] [ERROR] Failed to load resource: net::ERR_INTERNET_DISCONNECTED @ https://www.canva.com/_online?1788386079395:0
[41140351ms] [ERROR] Failed to load resource: net::ERR_INTERNET_DISCONNECTED @ https://www.canva.com/_online?1788386084670:0
[41146544ms] [ERROR] Failed to load resource: net::ERR_INTERNET_DISCONNECTED @ https://www.canva.com/_online?1788386090863:0
[41152566ms] [ERROR] Failed to load resource: net::ERR_INTERNET_DISCONNECTED @ https://www.canva.com/_online?1788386096884:0
[41158288ms] [ERROR] Failed to load resource: net::ERR_INTERNET_DISCONNECTED @ https://www.canva.com/_online?1788386102606:0
[41164513ms] [ERROR] Failed to load resource: net::ERR_INTERNET_DISCONNECTED @ https://www.canva.com/_online?1788386108832:0
[41170480ms] [ERROR] Failed to load resource: net::ERR_INTERNET_DISCONNECTED @ https://www.canva.com/_online?1788386114799:0
[41175884ms] [ERROR] Failed to load resource: net::ERR_INTERNET_DISCONNECTED @ https://www.canva.com/_online?1788386120203:0
[41181063ms] [ERROR] Failed to load resource: net::ERR_INTERNET_DISCONNECTED @ https://www.canva.com/_online?1788386125382:0
[41186506ms] [ERROR] Failed to load resource: net::ERR_INTERNET_DISCONNECTED @ https://www.canva.com/_online?1788386130825:0
[41192123ms] [ERROR] Failed to load resource: net::ERR_INTERNET_DISCONNECTED @ https://www.canva.com/_online?1788386136442:0
[41197470ms] [ERROR] Failed to load resource: net::ERR_INTERNET_DISCONNECTED @ https://www.canva.com/_online?1788386141789:0
[41203304ms] [ERROR] Failed to load resource: net::ERR_INTERNET_DISCONNECTED @ https://www.canva.com/_online?1788386147623:0
[41208735ms] [ERROR] Failed to load resource: net::ERR_INTERNET_DISCONNECTED @ https://www.canva.com/_online?1788386153054:0
[41214862ms] [ERROR] Failed to load resource: net::ERR_INTERNET_DISCONNECTED @ https://www.canva.com/_online?1788386159181:0
[41221037ms] [ERROR] Failed to load resource: net::ERR_INTERNET_DISCONNECTED @ https://www.canva.com/_online?1788386165356:0
[41226797ms] [ERROR] Failed to load resource: net::ERR_INTERNET_DISCONNECTED @ https://www.canva.com/_online?1788386171116:0
[41232477ms] [ERROR] Failed to load resource: net::ERR_INTERNET_DISCONNECTED @ https://www.canva.com/_online?1788386176796:0
[41238015ms] [ERROR] Failed to load resource: net::ERR_INTERNET_DISCONNECTED @ https://www.canva.com/_online?1788386182334:0
[41244499ms] [ERROR] Failed to load resource: net::ERR_INTERNET_DISCONNECTED @ https://www.canva.com/_online?1788386188818:0
[41250090ms] [ERROR] Failed to load resource: net::ERR_INTERNET_DISCONNECTED @ https://www.canva.com/_online?1788386194409:0
[41255445ms] [ERROR] Failed to load resource: net::ERR_INTERNET_DISCONNECTED @ https://www.canva.com/_online?1788386199764:0
[41261172ms] [ERROR] Failed to load resource: net::ERR_INTERNET_DISCONNECTED @ https://www.canva.com/_online?1788386205490:0
[41266648ms] [ERROR] Failed to load resource: net::ERR_INTERNET_DISCONNECTED @ https://www.canva.com/_online?1788386210967:0
[41273145ms] [ERROR] Failed to load resource: net::ERR_INTERNET_DISCONNECTED @ https://www.canva.com/_online?1788386217463:0
[41278390ms] [ERROR] Failed to load resource: net::ERR_INTERNET_DISCONNECTED @ https://www.canva.com/_online?1788386222709:0
[41284493ms] [ERROR] Failed to load resource: net::ERR_INTERNET_DISCONNECTED @ https://www.canva.com/_online?1788386228812:0
[41290082ms] [ERROR] Failed to load resource: net::ERR_INTERNET_DISCONNECTED @ https://www.canva.com/_online?1788386234401:0
[41295180ms] [ERROR] Failed to load resource: net::ERR_INTERNET_DISCONNECTED @ https://www.canva.com/_online?1788386239499:0
[41301060ms] [ERROR] Failed to load resource: net::ERR_INTERNET_DISCONNECTED @ https://www.canva.com/_online?1788386245379:0
[41307560ms] [ERROR] Failed to load resource: net::ERR_INTERNET_DISCONNECTED @ https://www.canva.com/_online?1788386251879:0
[41314059ms] [ERROR] Failed to load resource: net::ERR_INTERNET_DISCONNECTED @ https://www.canva.com/_online?1788386258378:0
[41319214ms] [ERROR] Failed to load resource: net::ERR_INTERNET_DISCONNECTED @ https://www.canva.com/_online?1788386263533:0
[41325405ms] [ERROR] Failed to load resource: net::ERR_INTERNET_DISCONNECTED @ https://www.canva.com/_online?1788386269724:0
[41331282ms] [ERROR] Failed to load resource: net::ERR_INTERNET_DISCONNECTED @ https://www.canva.com/_online?1788386275601:0
[41337542ms] [ERROR] Failed to load resource: net::ERR_INTERNET_DISCONNECTED @ https://www.canva.com/_online?1788386281860:0
[41342590ms] [ERROR] Failed to load resource: net::ERR_INTERNET_DISCONNECTED @ https://www.canva.com/_online?1788386286908:0
[41347650ms] [ERROR] Failed to load resource: net::ERR_INTERNET_DISCONNECTED @ https://www.canva.com/_online?1788386291969:0
[41353991ms] [ERROR] Failed to load resource: net::ERR_INTERNET_DISCONNECTED @ https://www.canva.com/_online?1788386298310:0
[41360434ms] [ERROR] Failed to load resource: net::ERR_INTERNET_DISCONNECTED @ https://www.canva.com/_online?1788386304753:0
[41365967ms] [ERROR] Failed to load resource: net::ERR_INTERNET_DISCONNECTED @ https://www.canva.com/_online?1788386310286:0
[41366095ms] [ERROR] Failed to load resource: net::ERR_INTERNET_DISCONNECTED @ https://www.canva.com/_ajax/livefolderitem/channel/AoJWAbKSVEFcr6ojT373jz8/retrieve_updates?continuation=1788349892913-0:0
[41371010ms] [ERROR] Failed to load resource: net::ERR_INTERNET_DISCONNECTED @ https://www.canva.com/_online?1788386315330:0
[41377199ms] [ERROR] Failed to load resource: net::ERR_INTERNET_DISCONNECTED @ https://www.canva.com/_online?1788386321518:0
[41383112ms] [ERROR] Failed to load resource: net::ERR_INTERNET_DISCONNECTED @ https://www.canva.com/_online?1788386327431:0
[41389084ms] [ERROR] Failed to load resource: net::ERR_INTERNET_DISCONNECTED @ https://www.canva.com/_online?1788386333403:0
[41394804ms] [ERROR] Failed to load resource: net::ERR_INTERNET_DISCONNECTED @ https://www.canva.com/_online?1788386339123:0
[41400312ms] [ERROR] Failed to load resource: net::ERR_INTERNET_DISCONNECTED @ https://www.canva.com/_online?1788386344631:0
[41405482ms] [ERROR] Failed to load resource: net::ERR_INTERNET_DISCONNECTED @ https://www.canva.com/_online?1788386349801:0
[41410730ms] [ERROR] Failed to load resource: net::ERR_INTERNET_DISCONNECTED @ https://www.canva.com/_online?1788386355049:0
[41416324ms] [ERROR] Failed to load resource: net::ERR_INTERNET_DISCONNECTED @ https://www.canva.com/_online?1788386360642:0
[41421752ms] [ERROR] Failed to load resource: net::ERR_INTERNET_DISCONNECTED @ https://www.canva.com/_online?1788386366071:0
[41427925ms] [ERROR] Failed to load resource: net::ERR_INTERNET_DISCONNECTED @ https://www.canva.com/_online?1788386372244:0
[41433242ms] [ERROR] Failed to load resource: net::ERR_INTERNET_DISCONNECTED @ https://www.canva.com/_online?1788386377561:0
[41439235ms] [ERROR] Failed to load resource: net::ERR_INTERNET_DISCONNECTED @ https://www.canva.com/_online?1788386383554:0
[41444642ms] [ERROR] Failed to load resource: net::ERR_INTERNET_DISCONNECTED @ https://www.canva.com/_online?1788386388961:0
[41450981ms] [ERROR] Failed to load resource: net::ERR_INTERNET_DISCONNECTED @ https://www.canva.com/_online?1788386395300:0
[41457320ms] [ERROR] Failed to load resource: net::ERR_INTERNET_DISCONNECTED @ https://www.canva.com/_online?1788386401638:0
[41462405ms] [ERROR] Failed to load resource: net::ERR_INTERNET_DISCONNECTED @ https://www.canva.com/_online?1788386406724:0
[41468890ms] [ERROR] Failed to load resource: net::ERR_INTERNET_DISCONNECTED @ https://www.canva.com/_online?1788386413209:0
[41474225ms] [ERROR] Failed to load resource: net::ERR_INTERNET_DISCONNECTED @ https://www.canva.com/_online?1788386418543:0
[41479675ms] [ERROR] Failed to load resource: net::ERR_INTERNET_DISCONNECTED @ https://www.canva.com/_online?1788386423994:0
[41485539ms] [ERROR] Failed to load resource: net::ERR_INTERNET_DISCONNECTED @ https://www.canva.com/_online?1788386429858:0
[41491481ms] [ERROR] Failed to load resource: net::ERR_INTERNET_DISCONNECTED @ https://www.canva.com/_online?1788386435801:0
[41496865ms] [ERROR] Failed to load resource: net::ERR_INTERNET_DISCONNECTED @ https://www.canva.com/_online?1788386441184:0
[41503122ms] [ERROR] Failed to load resource: net::ERR_INTERNET_DISCONNECTED @ https://www.canva.com/_online?1788386447441:0
[41508986ms] [ERROR] Failed to load resource: net::ERR_INTERNET_DISCONNECTED @ https://www.canva.com/_online?1788386453304:0
[41515489ms] [ERROR] Failed to load resource: net::ERR_INTERNET_DISCONNECTED @ https://www.canva.com/_online?1788386459807:0
[41520842ms] [ERROR] Failed to load resource: net::ERR_INTERNET_DISCONNECTED @ https://www.canva.com/_online?1788386465161:0
[41525901ms] [ERROR] Failed to load resource: net::ERR_INTERNET_DISCONNECTED @ https://www.canva.com/_online?1788386470221:0
[41532259ms] [ERROR] Failed to load resource: net::ERR_INTERNET_DISCONNECTED @ https://www.canva.com/_online?1788386476578:0
[41538027ms] [ERROR] Failed to load resource: net::ERR_INTERNET_DISCONNECTED @ https://www.canva.com/_online?1788386482346:0
[41543848ms] [ERROR] Failed to load resource: net::ERR_INTERNET_DISCONNECTED @ https://www.canva.com/_online?1788386488167:0
[41550129ms] [ERROR] Failed to load resource: net::ERR_INTERNET_DISCONNECTED @ https://www.canva.com/_online?1788386494448:0
[41555306ms] [ERROR] Failed to load resource: net::ERR_INTERNET_DISCONNECTED @ https://www.canva.com/_online?1788386499626:0
[41560851ms] [ERROR] Failed to load resource: net::ERR_INTERNET_DISCONNECTED @ https://www.canva.com/_online?1788386505170:0
[41566222ms] [ERROR] Failed to load resource: net::ERR_INTERNET_DISCONNECTED @ https://www.canva.com/_online?1788386510540:0
[41571744ms] [ERROR] Failed to load resource: net::ERR_INTERNET_DISCONNECTED @ https://www.canva.com/_online?1788386516061:0
[41577320ms] [ERROR] Failed to load resource: net::ERR_INTERNET_DISCONNECTED @ https://www.canva.com/_online?1788386521638:0
[41583543ms] [ERROR] Failed to load resource: net::ERR_INTERNET_DISCONNECTED @ https://www.canva.com/_online?1788386527862:0
[41589167ms] [ERROR] Failed to load resource: net::ERR_INTERNET_DISCONNECTED @ https://www.canva.com/_online?1788386533486:0
[41594277ms] [ERROR] Failed to load resource: net::ERR_INTERNET_DISCONNECTED @ https://www.canva.com/_online?1788386538596:0
[41599657ms] [ERROR] Failed to load resource: net::ERR_INTERNET_DISCONNECTED @ https://www.canva.com/_online?1788386543976:0
[41604826ms] [ERROR] Failed to load resource: net::ERR_INTERNET_DISCONNECTED @ https://www.canva.com/_online?1788386549145:0
[41611128ms] [ERROR] Failed to load resource: net::ERR_INTERNET_DISCONNECTED @ https://www.canva.com/_online?1788386555447:0
[41616361ms] [ERROR] Failed to load resource: net::ERR_INTERNET_DISCONNECTED @ https://www.canva.com/_online?1788386560680:0
[41621915ms] [ERROR] Failed to load resource: net::ERR_INTERNET_DISCONNECTED @ https://www.canva.com/_online?1788386566233:0
[41627214ms] [ERROR] Failed to load resource: net::ERR_INTERNET_DISCONNECTED @ https://www.canva.com/_online?1788386571533:0
[41632540ms] [ERROR] Failed to load resource: net::ERR_INTERNET_DISCONNECTED @ https://www.canva.com/_online?1788386576859:0
[41637621ms] [ERROR] Failed to load resource: net::ERR_INTERNET_DISCONNECTED @ https://www.canva.com/_online?1788386581940:0
[41643421ms] [ERROR] Failed to load resource: net::ERR_INTERNET_DISCONNECTED @ https://www.canva.com/_online?1788386587740:0
[41649123ms] [ERROR] Failed to load resource: net::ERR_INTERNET_DISCONNECTED @ https://www.canva.com/_online?1788386593442:0
[41654726ms] [ERROR] Failed to load resource: net::ERR_INTERNET_DISCONNECTED @ https://www.canva.com/_online?1788386599045:0
[41661111ms] [ERROR] Failed to load resource: net::ERR_INTERNET_DISCONNECTED @ https://www.canva.com/_online?1788386605430:0
[41667565ms] [ERROR] Failed to load resource: net::ERR_INTERNET_DISCONNECTED @ https://www.canva.com/_online?1788386611885:0
[41672929ms] [ERROR] Failed to load resource: net::ERR_INTERNET_DISCONNECTED @ https://www.canva.com/_online?1788386617248:0
[41679101ms] [ERROR] Failed to load resource: net::ERR_INTERNET_DISCONNECTED @ https://www.canva.com/_online?1788386623420:0
[41684538ms] [ERROR] Failed to load resource: net::ERR_INTERNET_DISCONNECTED @ https://www.canva.com/_online?1788386628856:0
[41689872ms] [ERROR] Failed to load resource: net::ERR_INTERNET_DISCONNECTED @ https://www.canva.com/_online?1788386634191:0
[41695476ms] [ERROR] Failed to load resource: net::ERR_INTERNET_DISCONNECTED @ https://www.canva.com/_online?1788386639795:0
[41701772ms] [ERROR] Failed to load resource: net::ERR_INTERNET_DISCONNECTED @ https://www.canva.com/_online?1788386646090:0
[41706947ms] [ERROR] Failed to load resource: net::ERR_INTERNET_DISCONNECTED @ https://www.canva.com/_online?1788386651266:0
[41712912ms] [ERROR] Failed to load resource: net::ERR_INTERNET_DISCONNECTED @ https://www.canva.com/_online?1788386657232:0
[41719356ms] [ERROR] Failed to load resource: net::ERR_INTERNET_DISCONNECTED @ https://www.canva.com/_online?1788386663675:0
[41725644ms] [ERROR] Failed to load resource: net::ERR_INTERNET_DISCONNECTED @ https://www.canva.com/_online?1788386669963:0
[41731043ms] [ERROR] Failed to load resource: net::ERR_INTERNET_DISCONNECTED @ https://www.canva.com/_online?1788386675362:0
[41736194ms] [ERROR] Failed to load resource: net::ERR_INTERNET_DISCONNECTED @ https://www.canva.com/_online?1788386680512:0
[41742546ms] [ERROR] Failed to load resource: net::ERR_INTERNET_DISCONNECTED @ https://www.canva.com/_online?1788386686865:0
[41747763ms] [ERROR] Failed to load resource: net::ERR_INTERNET_DISCONNECTED @ https://www.canva.com/_online?1788386692074:0
[41753424ms] [ERROR] Failed to load resource: net::ERR_INTERNET_DISCONNECTED @ https://www.canva.com/_online?1788386697743:0
[41759725ms] [ERROR] Failed to load resource: net::ERR_INTERNET_DISCONNECTED @ https://www.canva.com/_online?1788386704044:0
[41765165ms] [ERROR] Failed to load resource: net::ERR_INTERNET_DISCONNECTED @ https://www.canva.com/_online?1788386709484:0
[41771567ms] [ERROR] Failed to load resource: net::ERR_INTERNET_DISCONNECTED @ https://www.canva.com/_online?1788386715886:0
[41777375ms] [ERROR] Failed to load resource: net::ERR_INTERNET_DISCONNECTED @ https://www.canva.com/_online?1788386721694:0
[41783694ms] [ERROR] Failed to load resource: net::ERR_INTERNET_DISCONNECTED @ https://www.canva.com/_online?1788386728012:0
[41788774ms] [ERROR] Failed to load resource: net::ERR_INTERNET_DISCONNECTED @ https://www.canva.com/_online?1788386733094:0
[41793950ms] [ERROR] Failed to load resource: net::ERR_INTERNET_DISCONNECTED @ https://www.canva.com/_online?1788386738268:0
[41799207ms] [ERROR] Failed to load resource: net::ERR_INTERNET_DISCONNECTED @ https://www.canva.com/_online?1788386743526:0
[41805174ms] [ERROR] Failed to load resource: net::ERR_INTERNET_DISCONNECTED @ https://www.canva.com/_online?1788386749493:0
[41811402ms] [ERROR] Failed to load resource: net::ERR_INTERNET_DISCONNECTED @ https://www.canva.com/_online?1788386755721:0
[41817704ms] [ERROR] Failed to load resource: net::ERR_INTERNET_DISCONNECTED @ https://www.canva.com/_online?1788386762022:0
[41824151ms] [ERROR] Failed to load resource: net::ERR_INTERNET_DISCONNECTED @ https://www.canva.com/_online?1788386768470:0
[41829555ms] [ERROR] Failed to load resource: net::ERR_INTERNET_DISCONNECTED @ https://www.canva.com/_online?1788386773873:0
[41835625ms] [ERROR] Failed to load resource: net::ERR_INTERNET_DISCONNECTED @ https://www.canva.com/_online?1788386779944:0
[41840827ms] [ERROR] Failed to load resource: net::ERR_INTERNET_DISCONNECTED @ https://www.canva.com/_online?1788386785145:0
[41846353ms] [ERROR] Failed to load resource: net::ERR_INTERNET_DISCONNECTED @ https://www.canva.com/_online?1788386790673:0
[41848950ms] [ERROR] Failed to load resource: net::ERR_INTERNET_DISCONNECTED @ https://www.canva.com/_ajax/messagingorchestration/alerts/v2?page=A:0
[41852195ms] [ERROR] Failed to load resource: net::ERR_INTERNET_DISCONNECTED @ https://www.canva.com/_online?1788386796514:0
[41858432ms] [ERROR] Failed to load resource: net::ERR_INTERNET_DISCONNECTED @ https://www.canva.com/_online?1788386802751:0
[41864010ms] [ERROR] Failed to load resource: net::ERR_INTERNET_DISCONNECTED @ https://www.canva.com/_online?1788386808328:0
[41869641ms] [ERROR] Failed to load resource: net::ERR_INTERNET_DISCONNECTED @ https://www.canva.com/_online?1788386813960:0
[41875330ms] [ERROR] Failed to load resource: net::ERR_INTERNET_DISCONNECTED @ https://www.canva.com/_online?1788386819649:0
[41880493ms] [ERROR] Failed to load resource: net::ERR_INTERNET_DISCONNECTED @ https://www.canva.com/_online?1788386824813:0
[41885854ms] [ERROR] Failed to load resource: net::ERR_INTERNET_DISCONNECTED @ https://www.canva.com/_online?1788386830172:0
[41892189ms] [ERROR] Failed to load resource: net::ERR_INTERNET_DISCONNECTED @ https://www.canva.com/_online?1788386836507:0
[41897344ms] [ERROR] Failed to load resource: net::ERR_INTERNET_DISCONNECTED @ https://www.canva.com/_online?1788386841663:0
[41903014ms] [ERROR] Failed to load resource: net::ERR_INTERNET_DISCONNECTED @ https://www.canva.com/_online?1788386847333:0
[41908773ms] [ERROR] Failed to load resource: net::ERR_INTERNET_DISCONNECTED @ https://www.canva.com/_online?1788386853092:0
[41913910ms] [ERROR] Failed to load resource: net::ERR_INTERNET_DISCONNECTED @ https://www.canva.com/_online?1788386858228:0
[41920083ms] [ERROR] Failed to load resource: net::ERR_INTERNET_DISCONNECTED @ https://www.canva.com/_online?1788386864402:0
[41925481ms] [ERROR] Failed to load resource: net::ERR_INTERNET_DISCONNECTED @ https://www.canva.com/_online?1788386869799:0
[41930940ms] [ERROR] Failed to load resource: net::ERR_INTERNET_DISCONNECTED @ https://www.canva.com/_online?1788386875259:0
[41937186ms] [ERROR] Failed to load resource: net::ERR_INTERNET_DISCONNECTED @ https://www.canva.com/_online?1788386881505:0
[41943215ms] [ERROR] Failed to load resource: net::ERR_INTERNET_DISCONNECTED @ https://www.canva.com/_online?1788386887534:0
[41948527ms] [ERROR] Failed to load resource: net::ERR_INTERNET_DISCONNECTED @ https://www.canva.com/_online?1788386892846:0
[41953797ms] [ERROR] Failed to load resource: net::ERR_INTERNET_DISCONNECTED @ https://www.canva.com/_online?1788386898116:0
[41958826ms] [ERROR] Failed to load resource: net::ERR_INTERNET_DISCONNECTED @ https://www.canva.com/_online?1788386903144:0
[41964660ms] [ERROR] Failed to load resource: net::ERR_INTERNET_DISCONNECTED @ https://www.canva.com/_online?1788386908979:0
[41970415ms] [ERROR] Failed to load resource: net::ERR_INTERNET_DISCONNECTED @ https://www.canva.com/_online?1788386914734:0
[41976622ms] [ERROR] Failed to load resource: net::ERR_INTERNET_DISCONNECTED @ https://www.canva.com/_online?1788386920941:0
[41982257ms] [ERROR] Failed to load resource: net::ERR_INTERNET_DISCONNECTED @ https://www.canva.com/_online?1788386926576:0
[41987518ms] [ERROR] Failed to load resource: net::ERR_INTERNET_DISCONNECTED @ https://www.canva.com/_online?1788386931837:0
[41992866ms] [ERROR] Failed to load resource: net::ERR_INTERNET_DISCONNECTED @ https://www.canva.com/_online?1788386937181:0
[41999034ms] [ERROR] Failed to load resource: net::ERR_INTERNET_DISCONNECTED @ https://www.canva.com/_online?1788386943353:0
[42005308ms] [ERROR] Failed to load resource: net::ERR_INTERNET_DISCONNECTED @ https://www.canva.com/_online?1788386949626:0
[42011021ms] [ERROR] Failed to load resource: net::ERR_INTERNET_DISCONNECTED @ https://www.canva.com/_online?1788386955340:0
[42016985ms] [ERROR] Failed to load resource: net::ERR_INTERNET_DISCONNECTED @ https://www.canva.com/_online?1788386961304:0
[42022351ms] [ERROR] Failed to load resource: net::ERR_INTERNET_DISCONNECTED @ https://www.canva.com/_online?1788386966669:0
[42027796ms] [ERROR] Failed to load resource: net::ERR_INTERNET_DISCONNECTED @ https://www.canva.com/_online?1788386972115:0
[42033857ms] [ERROR] Failed to load resource: net::ERR_INTERNET_DISCONNECTED @ https://www.canva.com/_online?1788386978176:0
[42039993ms] [ERROR] Failed to load resource: net::ERR_INTERNET_DISCONNECTED @ https://www.canva.com/_online?1788386984312:0
[42045665ms] [ERROR] Failed to load resource: net::ERR_INTERNET_DISCONNECTED @ https://www.canva.com/_online?1788386989982:0
[42051123ms] [ERROR] Failed to load resource: net::ERR_INTERNET_DISCONNECTED @ https://www.canva.com/_online?1788386995442:0
[42056460ms] [ERROR] Failed to load resource: net::ERR_INTERNET_DISCONNECTED @ https://www.canva.com/_online?1788387000779:0
[42061833ms] [ERROR] Failed to load resource: net::ERR_INTERNET_DISCONNECTED @ https://www.canva.com/_online?1788387006152:0
[42067161ms] [ERROR] Failed to load resource: net::ERR_INTERNET_DISCONNECTED @ https://www.canva.com/_online?1788387011480:0
[42073336ms] [ERROR] Failed to load resource: net::ERR_INTERNET_DISCONNECTED @ https://www.canva.com/_online?1788387017655:0
[42078640ms] [ERROR] Failed to load resource: net::ERR_INTERNET_DISCONNECTED @ https://www.canva.com/_online?1788387022958:0
[42085091ms] [ERROR] Failed to load resource: net::ERR_INTERNET_DISCONNECTED @ https://www.canva.com/_online?1788387029409:0
[42091099ms] [ERROR] Failed to load resource: net::ERR_INTERNET_DISCONNECTED @ https://www.canva.com/_online?1788387035417:0
[42096409ms] [ERROR] Failed to load resource: net::ERR_INTERNET_DISCONNECTED @ https://www.canva.com/_online?1788387040728:0
[42101716ms] [ERROR] Failed to load resource: net::ERR_INTERNET_DISCONNECTED @ https://www.canva.com/_online?1788387046035:0
[42107245ms] [ERROR] Failed to load resource: net::ERR_INTERNET_DISCONNECTED @ https://www.canva.com/_online?1788387051563:0
[42112474ms] [ERROR] Failed to load resource: net::ERR_INTERNET_DISCONNECTED @ https://www.canva.com/_online?1788387056793:0
[42118837ms] [ERROR] Failed to load resource: net::ERR_INTERNET_DISCONNECTED @ https://www.canva.com/_online?1788387063156:0
[42124129ms] [ERROR] Failed to load resource: net::ERR_INTERNET_DISCONNECTED @ https://www.canva.com/_online?1788387068448:0
[42129909ms] [ERROR] Failed to load resource: net::ERR_INTERNET_DISCONNECTED @ https://www.canva.com/_online?1788387074228:0
[42135296ms] [ERROR] Failed to load resource: net::ERR_INTERNET_DISCONNECTED @ https://www.canva.com/_online?1788387079614:0
[42140327ms] [ERROR] Failed to load resource: net::ERR_INTERNET_DISCONNECTED @ https://www.canva.com/_online?1788387084646:0
[42146674ms] [ERROR] Failed to load resource: net::ERR_INTERNET_DISCONNECTED @ https://www.canva.com/_online?1788387090993:0
[42151928ms] [ERROR] Failed to load resource: net::ERR_INTERNET_DISCONNECTED @ https://www.canva.com/_online?1788387096245:0
[42157586ms] [ERROR] Failed to load resource: net::ERR_INTERNET_DISCONNECTED @ https://www.canva.com/_online?1788387101905:0
[42163660ms] [ERROR] Failed to load resource: net::ERR_INTERNET_DISCONNECTED @ https://www.canva.com/_online?1788387107978:0
[42169709ms] [ERROR] Failed to load resource: net::ERR_INTERNET_DISCONNECTED @ https://www.canva.com/_online?1788387114027:0
[42175231ms] [ERROR] Failed to load resource: net::ERR_INTERNET_DISCONNECTED @ https://www.canva.com/_online?1788387119549:0
[42181546ms] [ERROR] Failed to load resource: net::ERR_INTERNET_DISCONNECTED @ https://www.canva.com/_online?1788387125864:0
[42187914ms] [ERROR] Failed to load resource: net::ERR_INTERNET_DISCONNECTED @ https://www.canva.com/_online?1788387132233:0
[42193239ms] [ERROR] Failed to load resource: net::ERR_INTERNET_DISCONNECTED @ https://www.canva.com/_online?1788387137557:0
[42199157ms] [ERROR] Failed to load resource: net::ERR_INTERNET_DISCONNECTED @ https://www.canva.com/_online?1788387143476:0
[42204428ms] [ERROR] Failed to load resource: net::ERR_INTERNET_DISCONNECTED @ https://www.canva.com/_online?1788387148746:0
[42209818ms] [ERROR] Failed to load resource: net::ERR_INTERNET_DISCONNECTED @ https://www.canva.com/_online?1788387154136:0
[42215354ms] [ERROR] Failed to load resource: net::ERR_INTERNET_DISCONNECTED @ https://www.canva.com/_online?1788387159673:0
[42220504ms] [ERROR] Failed to load resource: net::ERR_INTERNET_DISCONNECTED @ https://www.canva.com/_online?1788387164823:0
[42226802ms] [ERROR] Failed to load resource: net::ERR_INTERNET_DISCONNECTED @ https://www.canva.com/_online?1788387171114:0
[42232720ms] [ERROR] Failed to load resource: net::ERR_INTERNET_DISCONNECTED @ https://www.canva.com/_online?1788387177037:0
[42237810ms] [ERROR] Failed to load resource: net::ERR_INTERNET_DISCONNECTED @ https://www.canva.com/_online?1788387182128:0
[42242893ms] [ERROR] Failed to load resource: net::ERR_INTERNET_DISCONNECTED @ https://www.canva.com/_online?1788387187209:0
[42248301ms] [ERROR] Failed to load resource: net::ERR_INTERNET_DISCONNECTED @ https://www.canva.com/_online?1788387192620:0
[42254356ms] [ERROR] Failed to load resource: net::ERR_INTERNET_DISCONNECTED @ https://www.canva.com/_online?1788387198675:0
[42259746ms] [ERROR] Failed to load resource: net::ERR_INTERNET_DISCONNECTED @ https://www.canva.com/_online?1788387204065:0
[42266151ms] [ERROR] Failed to load resource: net::ERR_INTERNET_DISCONNECTED @ https://www.canva.com/_online?1788387210470:0
[42271593ms] [ERROR] Failed to load resource: net::ERR_INTERNET_DISCONNECTED @ https://www.canva.com/_online?1788387215912:0
[42277629ms] [ERROR] Failed to load resource: net::ERR_INTERNET_DISCONNECTED @ https://www.canva.com/_online?1788387221948:0
[42283151ms] [ERROR] Failed to load resource: net::ERR_INTERNET_DISCONNECTED @ https://www.canva.com/_online?1788387227470:0
[42289214ms] [ERROR] Failed to load resource: net::ERR_INTERNET_DISCONNECTED @ https://www.canva.com/_online?1788387233533:0
[42295421ms] [ERROR] Failed to load resource: net::ERR_INTERNET_DISCONNECTED @ https://www.canva.com/_online?1788387239740:0
[42301370ms] [ERROR] Failed to load resource: net::ERR_INTERNET_DISCONNECTED @ https://www.canva.com/_online?1788387245688:0
[42307786ms] [ERROR] Failed to load resource: net::ERR_INTERNET_DISCONNECTED @ https://www.canva.com/_online?1788387252104:0
[42313768ms] [ERROR] Failed to load resource: net::ERR_INTERNET_DISCONNECTED @ https://www.canva.com/_online?1788387258087:0
[42319967ms] [ERROR] Failed to load resource: net::ERR_INTERNET_DISCONNECTED @ https://www.canva.com/_online?1788387264285:0
[42325680ms] [ERROR] Failed to load resource: net::ERR_INTERNET_DISCONNECTED @ https://www.canva.com/_online?1788387269999:0
[42331702ms] [ERROR] Failed to load resource: net::ERR_INTERNET_DISCONNECTED @ https://www.canva.com/_online?1788387276021:0
[42336985ms] [ERROR] Failed to load resource: net::ERR_INTERNET_DISCONNECTED @ https://www.canva.com/_online?1788387281304:0
[42342370ms] [ERROR] Failed to load resource: net::ERR_INTERNET_DISCONNECTED @ https://www.canva.com/_online?1788387286689:0
[42348113ms] [ERROR] Failed to load resource: net::ERR_INTERNET_DISCONNECTED @ https://www.canva.com/_online?1788387292432:0
[42353429ms] [ERROR] Failed to load resource: net::ERR_INTERNET_DISCONNECTED @ https://www.canva.com/_online?1788387297748:0
[42359097ms] [ERROR] Failed to load resource: net::ERR_INTERNET_DISCONNECTED @ https://www.canva.com/_online?1788387303416:0
[42364322ms] [ERROR] Failed to load resource: net::ERR_INTERNET_DISCONNECTED @ https://www.canva.com/_online?1788387308641:0
[42370633ms] [ERROR] Failed to load resource: net::ERR_INTERNET_DISCONNECTED @ https://www.canva.com/_online?1788387314951:0
[42375980ms] [ERROR] Failed to load resource: net::ERR_INTERNET_DISCONNECTED @ https://www.canva.com/_online?1788387320299:0
[42381538ms] [ERROR] Failed to load resource: net::ERR_INTERNET_DISCONNECTED @ https://www.canva.com/_online?1788387325857:0
[42387785ms] [ERROR] Failed to load resource: net::ERR_INTERNET_DISCONNECTED @ https://www.canva.com/_online?1788387332104:0
[42393734ms] [ERROR] Failed to load resource: net::ERR_INTERNET_DISCONNECTED @ https://www.canva.com/_online?1788387338053:0
[42399388ms] [ERROR] Failed to load resource: net::ERR_INTERNET_DISCONNECTED @ https://www.canva.com/_online?1788387343706:0
[42404835ms] [ERROR] Failed to load resource: net::ERR_INTERNET_DISCONNECTED @ https://www.canva.com/_online?1788387349153:0
[42410851ms] [ERROR] Failed to load resource: net::ERR_INTERNET_DISCONNECTED @ https://www.canva.com/_online?1788387355170:0
[42415982ms] [ERROR] Failed to load resource: net::ERR_INTERNET_DISCONNECTED @ https://www.canva.com/_online?1788387360300:0
[42421093ms] [ERROR] Failed to load resource: net::ERR_INTERNET_DISCONNECTED @ https://www.canva.com/_online?1788387365410:0
[42426755ms] [ERROR] Failed to load resource: net::ERR_INTERNET_DISCONNECTED @ https://www.canva.com/_online?1788387371074:0
[42431931ms] [ERROR] Failed to load resource: net::ERR_INTERNET_DISCONNECTED @ https://www.canva.com/_online?1788387376250:0
[42437126ms] [ERROR] Failed to load resource: net::ERR_INTERNET_DISCONNECTED @ https://www.canva.com/_online?1788387381445:0
[42443276ms] [ERROR] Failed to load resource: net::ERR_INTERNET_DISCONNECTED @ https://www.canva.com/_online?1788387387595:0
[42449583ms] [ERROR] Failed to load resource: net::ERR_INTERNET_DISCONNECTED @ https://www.canva.com/_online?1788387393902:0
[42455686ms] [ERROR] Failed to load resource: net::ERR_INTERNET_DISCONNECTED @ https://www.canva.com/_online?1788387400005:0
[42460776ms] [ERROR] Failed to load resource: net::ERR_INTERNET_DISCONNECTED @ https://www.canva.com/_online?1788387405094:0
[42466583ms] [ERROR] Failed to load resource: net::ERR_INTERNET_DISCONNECTED @ https://www.canva.com/_online?1788387410901:0
[42471653ms] [ERROR] Failed to load resource: net::ERR_INTERNET_DISCONNECTED @ https://www.canva.com/_online?1788387415972:0
[42477209ms] [ERROR] Failed to load resource: net::ERR_INTERNET_DISCONNECTED @ https://www.canva.com/_online?1788387421526:0
[42482876ms] [ERROR] Failed to load resource: net::ERR_INTERNET_DISCONNECTED @ https://www.canva.com/_online?1788387427194:0
[42488223ms] [ERROR] Failed to load resource: net::ERR_INTERNET_DISCONNECTED @ https://www.canva.com/_online?1788387432542:0
[42493769ms] [ERROR] Failed to load resource: net::ERR_INTERNET_DISCONNECTED @ https://www.canva.com/_online?1788387438088:0
[42499822ms] [ERROR] Failed to load resource: net::ERR_INTERNET_DISCONNECTED @ https://www.canva.com/_online?1788387444141:0
[42506152ms] [ERROR] Failed to load resource: net::ERR_INTERNET_DISCONNECTED @ https://www.canva.com/_online?1788387450472:0
[42512414ms] [ERROR] Failed to load resource: net::ERR_INTERNET_DISCONNECTED @ https://www.canva.com/_online?1788387456733:0
[42517721ms] [ERROR] Failed to load resource: net::ERR_INTERNET_DISCONNECTED @ https://www.canva.com/_online?1788387462040:0
[42523262ms] [ERROR] Failed to load resource: net::ERR_INTERNET_DISCONNECTED @ https://www.canva.com/_online?1788387467581:0
[42529584ms] [ERROR] Failed to load resource: net::ERR_INTERNET_DISCONNECTED @ https://www.canva.com/_online?1788387473900:0
[42535542ms] [ERROR] Failed to load resource: net::ERR_INTERNET_DISCONNECTED @ https://www.canva.com/_online?1788387479860:0
[42540789ms] [ERROR] Failed to load resource: net::ERR_INTERNET_DISCONNECTED @ https://www.canva.com/_online?1788387485108:0
[42546432ms] [ERROR] Failed to load resource: net::ERR_INTERNET_DISCONNECTED @ https://www.canva.com/_online?1788387490751:0
[42552330ms] [ERROR] Failed to load resource: net::ERR_INTERNET_DISCONNECTED @ https://www.canva.com/_online?1788387496646:0
[42557687ms] [ERROR] Failed to load resource: net::ERR_INTERNET_DISCONNECTED @ https://www.canva.com/_online?1788387502006:0
[42563004ms] [ERROR] Failed to load resource: net::ERR_INTERNET_DISCONNECTED @ https://www.canva.com/_online?1788387507322:0
[42569432ms] [ERROR] Failed to load resource: net::ERR_INTERNET_DISCONNECTED @ https://www.canva.com/_online?1788387513749:0
[42574442ms] [ERROR] Failed to load resource: net::ERR_INTERNET_DISCONNECTED @ https://www.canva.com/_online?1788387518760:0
[42580541ms] [ERROR] Failed to load resource: net::ERR_INTERNET_DISCONNECTED @ https://www.canva.com/_online?1788387524860:0
[42586006ms] [ERROR] Failed to load resource: net::ERR_INTERNET_DISCONNECTED @ https://www.canva.com/_online?1788387530323:0
[42592414ms] [ERROR] Failed to load resource: net::ERR_INTERNET_DISCONNECTED @ https://www.canva.com/_online?1788387536732:0
[42598301ms] [ERROR] Failed to load resource: net::ERR_INTERNET_DISCONNECTED @ https://www.canva.com/_online?1788387542619:0
[42603884ms] [ERROR] Failed to load resource: net::ERR_INTERNET_DISCONNECTED @ https://www.canva.com/_online?1788387548202:0
[42609111ms] [ERROR] Failed to load resource: net::ERR_INTERNET_DISCONNECTED @ https://www.canva.com/_online?1788387553430:0
[42615303ms] [ERROR] Failed to load resource: net::ERR_INTERNET_DISCONNECTED @ https://www.canva.com/_online?1788387559621:0
[42621765ms] [ERROR] Failed to load resource: net::ERR_INTERNET_DISCONNECTED @ https://www.canva.com/_online?1788387566083:0
[42627022ms] [ERROR] Failed to load resource: net::ERR_INTERNET_DISCONNECTED @ https://www.canva.com/_online?1788387571338:0
[42633055ms] [ERROR] Failed to load resource: net::ERR_INTERNET_DISCONNECTED @ https://www.canva.com/_online?1788387577373:0
[42638727ms] [ERROR] Failed to load resource: net::ERR_INTERNET_DISCONNECTED @ https://www.canva.com/_online?1788387583045:0
[42644168ms] [ERROR] Failed to load resource: net::ERR_INTERNET_DISCONNECTED @ https://www.canva.com/_online?1788387588487:0
[42650531ms] [ERROR] Failed to load resource: net::ERR_INTERNET_DISCONNECTED @ https://www.canva.com/_online?1788387594849:0
[42655572ms] [ERROR] Failed to load resource: net::ERR_INTERNET_DISCONNECTED @ https://www.canva.com/_online?1788387599889:0
[42661633ms] [ERROR] Failed to load resource: net::ERR_INTERNET_DISCONNECTED @ https://www.canva.com/_online?1788387605952:0
[42667084ms] [ERROR] Failed to load resource: net::ERR_INTERNET_DISCONNECTED @ https://www.canva.com/_online?1788387611403:0
[42672252ms] [ERROR] Failed to load resource: net::ERR_INTERNET_DISCONNECTED @ https://www.canva.com/_online?1788387616570:0
[42678073ms] [ERROR] Failed to load resource: net::ERR_INTERNET_DISCONNECTED @ https://www.canva.com/_online?1788387622391:0
[42684133ms] [ERROR] Failed to load resource: net::ERR_INTERNET_DISCONNECTED @ https://www.canva.com/_online?1788387628451:0
[42689266ms] [ERROR] Failed to load resource: net::ERR_INTERNET_DISCONNECTED @ https://www.canva.com/_online?1788387633585:0
[42695468ms] [ERROR] Failed to load resource: net::ERR_INTERNET_DISCONNECTED @ https://www.canva.com/_online?1788387639786:0
[42700531ms] [ERROR] Failed to load resource: net::ERR_INTERNET_DISCONNECTED @ https://www.canva.com/_online?1788387644849:0
[42706319ms] [ERROR] Failed to load resource: net::ERR_INTERNET_DISCONNECTED @ https://www.canva.com/_online?1788387650638:0
[42712366ms] [ERROR] Failed to load resource: net::ERR_INTERNET_DISCONNECTED @ https://www.canva.com/_online?1788387656685:0
[42717785ms] [ERROR] Failed to load resource: net::ERR_INTERNET_DISCONNECTED @ https://www.canva.com/_online?1788387662104:0
[42724158ms] [ERROR] Failed to load resource: net::ERR_INTERNET_DISCONNECTED @ https://www.canva.com/_online?1788387668476:0
[42729397ms] [ERROR] Failed to load resource: net::ERR_INTERNET_DISCONNECTED @ https://www.canva.com/_online?1788387673715:0
[42735345ms] [ERROR] Failed to load resource: net::ERR_INTERNET_DISCONNECTED @ https://www.canva.com/_online?1788387679664:0
[42741753ms] [ERROR] Failed to load resource: net::ERR_INTERNET_DISCONNECTED @ https://www.canva.com/_online?1788387686072:0
[42746780ms] [ERROR] Failed to load resource: net::ERR_INTERNET_DISCONNECTED @ https://www.canva.com/_online?1788387691099:0
[42751800ms] [ERROR] Failed to load resource: net::ERR_INTERNET_DISCONNECTED @ https://www.canva.com/_online?1788387696119:0
[42758112ms] [ERROR] Failed to load resource: net::ERR_INTERNET_DISCONNECTED @ https://www.canva.com/_online?1788387702430:0
[42764435ms] [ERROR] Failed to load resource: net::ERR_INTERNET_DISCONNECTED @ https://www.canva.com/_online?1788387708752:0
[42769730ms] [ERROR] Failed to load resource: net::ERR_INTERNET_DISCONNECTED @ https://www.canva.com/_online?1788387714049:0
[42775998ms] [ERROR] Failed to load resource: net::ERR_INTERNET_DISCONNECTED @ https://www.canva.com/_online?1788387720317:0
[42782487ms] [ERROR] Failed to load resource: net::ERR_INTERNET_DISCONNECTED @ https://www.canva.com/_online?1788387726806:0
[42788986ms] [ERROR] Failed to load resource: net::ERR_INTERNET_DISCONNECTED @ https://www.canva.com/_online?1788387733305:0
[42795332ms] [ERROR] Failed to load resource: net::ERR_INTERNET_DISCONNECTED @ https://www.canva.com/_online?1788387739650:0
[42801005ms] [ERROR] Failed to load resource: net::ERR_INTERNET_DISCONNECTED @ https://www.canva.com/_online?1788387745324:0
[42806221ms] [ERROR] Failed to load resource: net::ERR_INTERNET_DISCONNECTED @ https://www.canva.com/_online?1788387750540:0
[42812632ms] [ERROR] Failed to load resource: net::ERR_INTERNET_DISCONNECTED @ https://www.canva.com/_online?1788387756950:0
[42819032ms] [ERROR] Failed to load resource: net::ERR_INTERNET_DISCONNECTED @ https://www.canva.com/_online?1788387763351:0
[42825080ms] [ERROR] Failed to load resource: net::ERR_INTERNET_DISCONNECTED @ https://www.canva.com/_online?1788387769398:0
[42831010ms] [ERROR] Failed to load resource: net::ERR_INTERNET_DISCONNECTED @ https://www.canva.com/_online?1788387775329:0
[42836819ms] [ERROR] Failed to load resource: net::ERR_INTERNET_DISCONNECTED @ https://www.canva.com/_online?1788387781137:0
[42843216ms] [ERROR] Failed to load resource: net::ERR_INTERNET_DISCONNECTED @ https://www.canva.com/_online?1788387787535:0
[42849261ms] [ERROR] Failed to load resource: net::ERR_INTERNET_DISCONNECTED @ https://www.canva.com/_online?1788387793579:0
[42855358ms] [ERROR] Failed to load resource: net::ERR_INTERNET_DISCONNECTED @ https://www.canva.com/_online?1788387799677:0
[42860728ms] [ERROR] Failed to load resource: net::ERR_INTERNET_DISCONNECTED @ https://www.canva.com/_online?1788387805047:0
[42866486ms] [ERROR] Failed to load resource: net::ERR_INTERNET_DISCONNECTED @ https://www.canva.com/_online?1788387810805:0
[42871831ms] [ERROR] Failed to load resource: net::ERR_INTERNET_DISCONNECTED @ https://www.canva.com/_online?1788387816151:0
[42876942ms] [ERROR] Failed to load resource: net::ERR_INTERNET_DISCONNECTED @ https://www.canva.com/_online?1788387821261:0
[42883305ms] [ERROR] Failed to load resource: net::ERR_INTERNET_DISCONNECTED @ https://www.canva.com/_online?1788387827623:0
[42889441ms] [ERROR] Failed to load resource: net::ERR_INTERNET_DISCONNECTED @ https://www.canva.com/_online?1788387833759:0
[42894545ms] [ERROR] Failed to load resource: net::ERR_INTERNET_DISCONNECTED @ https://www.canva.com/_online?1788387838863:0
[42899801ms] [ERROR] Failed to load resource: net::ERR_INTERNET_DISCONNECTED @ https://www.canva.com/_online?1788387844119:0
[42905441ms] [ERROR] Failed to load resource: net::ERR_INTERNET_DISCONNECTED @ https://www.canva.com/_online?1788387849760:0
[42910620ms] [ERROR] Failed to load resource: net::ERR_INTERNET_DISCONNECTED @ https://www.canva.com/_online?1788387854939:0
[42916855ms] [ERROR] Failed to load resource: net::ERR_INTERNET_DISCONNECTED @ https://www.canva.com/_online?1788387861175:0
[42922243ms] [ERROR] Failed to load resource: net::ERR_INTERNET_DISCONNECTED @ https://www.canva.com/_online?1788387866562:0
[42927893ms] [ERROR] Failed to load resource: net::ERR_INTERNET_DISCONNECTED @ https://www.canva.com/_online?1788387872212:0
[42934072ms] [ERROR] Failed to load resource: net::ERR_INTERNET_DISCONNECTED @ https://www.canva.com/_online?1788387878390:0
[42940025ms] [ERROR] Failed to load resource: net::ERR_INTERNET_DISCONNECTED @ https://www.canva.com/_online?1788387884344:0
[42945745ms] [ERROR] Failed to load resource: net::ERR_INTERNET_DISCONNECTED @ https://www.canva.com/_online?1788387890064:0
[42951665ms] [ERROR] Failed to load resource: net::ERR_INTERNET_DISCONNECTED @ https://www.canva.com/_online?1788387895984:0
[42957240ms] [ERROR] Failed to load resource: net::ERR_INTERNET_DISCONNECTED @ https://www.canva.com/_online?1788387901559:0
[42963166ms] [ERROR] Failed to load resource: net::ERR_INTERNET_DISCONNECTED @ https://www.canva.com/_online?1788387907485:0
[42969149ms] [ERROR] Failed to load resource: net::ERR_INTERNET_DISCONNECTED @ https://www.canva.com/_online?1788387913468:0
[42975243ms] [ERROR] Failed to load resource: net::ERR_INTERNET_DISCONNECTED @ https://www.canva.com/_online?1788387919562:0
[42981427ms] [ERROR] Failed to load resource: net::ERR_INTERNET_DISCONNECTED @ https://www.canva.com/_online?1788387925746:0
[42987896ms] [ERROR] Failed to load resource: net::ERR_INTERNET_DISCONNECTED @ https://www.canva.com/_online?1788387932215:0
[42993956ms] [ERROR] Failed to load resource: net::ERR_INTERNET_DISCONNECTED @ https://www.canva.com/_online?1788387938275:0
[43000168ms] [ERROR] Failed to load resource: net::ERR_INTERNET_DISCONNECTED @ https://www.canva.com/_online?1788387944487:0
[43006181ms] [ERROR] Failed to load resource: net::ERR_INTERNET_DISCONNECTED @ https://www.canva.com/_online?1788387950500:0
[43012548ms] [ERROR] Failed to load resource: net::ERR_INTERNET_DISCONNECTED @ https://www.canva.com/_online?1788387956867:0
[43018738ms] [ERROR] Failed to load resource: net::ERR_INTERNET_DISCONNECTED @ https://www.canva.com/_online?1788387963057:0
[43024175ms] [ERROR] Failed to load resource: net::ERR_INTERNET_DISCONNECTED @ https://www.canva.com/_online?1788387968494:0
[43029493ms] [ERROR] Failed to load resource: net::ERR_INTERNET_DISCONNECTED @ https://www.canva.com/_online?1788387973812:0
[43035327ms] [ERROR] Failed to load resource: net::ERR_INTERNET_DISCONNECTED @ https://www.canva.com/_online?1788387979645:0
[43040977ms] [ERROR] Failed to load resource: net::ERR_INTERNET_DISCONNECTED @ https://www.canva.com/_online?1788387985296:0
[43046351ms] [ERROR] Failed to load resource: net::ERR_INTERNET_DISCONNECTED @ https://www.canva.com/_online?1788387990670:0
[43051546ms] [ERROR] Failed to load resource: net::ERR_INTERNET_DISCONNECTED @ https://www.canva.com/_online?1788387995864:0
[43056639ms] [ERROR] Failed to load resource: net::ERR_INTERNET_DISCONNECTED @ https://www.canva.com/_online?1788388000957:0
[43063127ms] [ERROR] Failed to load resource: net::ERR_INTERNET_DISCONNECTED @ https://www.canva.com/_online?1788388007446:0
[43068342ms] [ERROR] Failed to load resource: net::ERR_INTERNET_DISCONNECTED @ https://www.canva.com/_online?1788388012660:0
[43073626ms] [ERROR] Failed to load resource: net::ERR_INTERNET_DISCONNECTED @ https://www.canva.com/_online?1788388017944:0
[43079669ms] [ERROR] Failed to load resource: net::ERR_INTERNET_DISCONNECTED @ https://www.canva.com/_online?1788388023988:0
[43086052ms] [ERROR] Failed to load resource: net::ERR_INTERNET_DISCONNECTED @ https://www.canva.com/_online?1788388030370:0
[43091966ms] [ERROR] Failed to load resource: net::ERR_INTERNET_DISCONNECTED @ https://www.canva.com/_online?1788388036285:0
[43098297ms] [ERROR] Failed to load resource: net::ERR_INTERNET_DISCONNECTED @ https://www.canva.com/_online?1788388042616:0
[43104364ms] [ERROR] Failed to load resource: net::ERR_INTERNET_DISCONNECTED @ https://www.canva.com/_online?1788388048683:0
[43110490ms] [ERROR] Failed to load resource: net::ERR_INTERNET_DISCONNECTED @ https://www.canva.com/_online?1788388054808:0
[43115764ms] [ERROR] Failed to load resource: net::ERR_INTERNET_DISCONNECTED @ https://www.canva.com/_online?1788388060083:0
[43121766ms] [ERROR] Failed to load resource: net::ERR_INTERNET_DISCONNECTED @ https://www.canva.com/_online?1788388066085:0
[43127786ms] [ERROR] Failed to load resource: net::ERR_INTERNET_DISCONNECTED @ https://www.canva.com/_online?1788388072105:0
[43133175ms] [ERROR] Failed to load resource: net::ERR_INTERNET_DISCONNECTED @ https://www.canva.com/_online?1788388077495:0
[43139136ms] [ERROR] Failed to load resource: net::ERR_INTERNET_DISCONNECTED @ https://www.canva.com/_online?1788388083455:0
[43144806ms] [ERROR] Failed to load resource: net::ERR_INTERNET_DISCONNECTED @ https://www.canva.com/_online?1788388089125:0
[43151120ms] [ERROR] Failed to load resource: net::ERR_INTERNET_DISCONNECTED @ https://www.canva.com/_online?1788388095439:0
[43156512ms] [ERROR] Failed to load resource: net::ERR_INTERNET_DISCONNECTED @ https://www.canva.com/_online?1788388100831:0
[43161898ms] [ERROR] Failed to load resource: net::ERR_INTERNET_DISCONNECTED @ https://www.canva.com/_online?1788388106217:0
[43166116ms] [ERROR] Failed to load resource: net::ERR_INTERNET_DISCONNECTED @ https://www.canva.com/_ajax/livefolderitem/channel/AoJWAbKSVEFcr6ojT373jz8/retrieve_updates?continuation=1788349892913-0:0
[43168022ms] [ERROR] Failed to load resource: net::ERR_INTERNET_DISCONNECTED @ https://www.canva.com/_online?1788388112341:0
[43173908ms] [ERROR] Failed to load resource: net::ERR_INTERNET_DISCONNECTED @ https://www.canva.com/_online?1788388118226:0
[43180188ms] [ERROR] Failed to load resource: net::ERR_INTERNET_DISCONNECTED @ https://www.canva.com/_online?1788388124507:0
[43186359ms] [ERROR] Failed to load resource: net::ERR_INTERNET_DISCONNECTED @ https://www.canva.com/_online?1788388130678:0
[43191472ms] [ERROR] Failed to load resource: net::ERR_INTERNET_DISCONNECTED @ https://www.canva.com/_online?1788388135789:0
[43196942ms] [ERROR] Failed to load resource: net::ERR_INTERNET_DISCONNECTED @ https://www.canva.com/_online?1788388141260:0
[43203294ms] [ERROR] Failed to load resource: net::ERR_INTERNET_DISCONNECTED @ https://www.canva.com/_online?1788388147613:0
[43208892ms] [ERROR] Failed to load resource: net::ERR_INTERNET_DISCONNECTED @ https://www.canva.com/_online?1788388153212:0
[43214033ms] [ERROR] Failed to load resource: net::ERR_INTERNET_DISCONNECTED @ https://www.canva.com/_online?1788388158352:0
[43219554ms] [ERROR] Failed to load resource: net::ERR_INTERNET_DISCONNECTED @ https://www.canva.com/_online?1788388163873:0
[43225247ms] [ERROR] Failed to load resource: net::ERR_INTERNET_DISCONNECTED @ https://www.canva.com/_online?1788388169565:0
[43288176ms] [ERROR] Failed to load resource: net::ERR_INTERNET_DISCONNECTED @ https://www.canva.com/_online?1788388232493:0
[43293991ms] [ERROR] Failed to load resource: net::ERR_INTERNET_DISCONNECTED @ https://www.canva.com/_online?1788388238310:0
[43300150ms] [ERROR] Failed to load resource: net::ERR_INTERNET_DISCONNECTED @ https://www.canva.com/_online?1788388244469:0
[43306608ms] [ERROR] Failed to load resource: net::ERR_INTERNET_DISCONNECTED @ https://www.canva.com/_online?1788388250927:0
[43312267ms] [ERROR] Failed to load resource: net::ERR_INTERNET_DISCONNECTED @ https://www.canva.com/_online?1788388256586:0
[43318473ms] [ERROR] Failed to load resource: net::ERR_INTERNET_DISCONNECTED @ https://www.canva.com/_online?1788388262792:0
[43324738ms] [ERROR] Failed to load resource: net::ERR_INTERNET_DISCONNECTED @ https://www.canva.com/_online?1788388269057:0
[43329884ms] [ERROR] Failed to load resource: net::ERR_INTERNET_DISCONNECTED @ https://www.canva.com/_online?1788388274204:0
[43633861ms] [ERROR] Failed to load resource: net::ERR_INTERNET_DISCONNECTED @ https://www.canva.com/_online?1788388578180:0
[43639230ms] [ERROR] Failed to load resource: net::ERR_INTERNET_DISCONNECTED @ https://www.canva.com/_online?1788388583549:0
[43645619ms] [ERROR] Failed to load resource: net::ERR_INTERNET_DISCONNECTED @ https://www.canva.com/_online?1788388589938:0
[43652080ms] [ERROR] Failed to load resource: net::ERR_INTERNET_DISCONNECTED @ https://www.canva.com/_online?1788388596399:0
[43658502ms] [ERROR] Failed to load resource: net::ERR_INTERNET_DISCONNECTED @ https://www.canva.com/_online?1788388602821:0
[43664132ms] [ERROR] Failed to load resource: net::ERR_INTERNET_DISCONNECTED @ https://www.canva.com/_online?1788388608450:0
[43670548ms] [ERROR] Failed to load resource: net::ERR_INTERNET_DISCONNECTED @ https://www.canva.com/_online?1788388614867:0
[43675667ms] [ERROR] Failed to load resource: net::ERR_INTERNET_DISCONNECTED @ https://www.canva.com/_online?1788388619987:0
[43979840ms] [ERROR] Failed to load resource: net::ERR_INTERNET_DISCONNECTED @ https://www.canva.com/_online?1788388924159:0
[43986028ms] [ERROR] Failed to load resource: net::ERR_INTERNET_DISCONNECTED @ https://www.canva.com/_online?1788388930347:0
[43992364ms] [ERROR] Failed to load resource: net::ERR_INTERNET_DISCONNECTED @ https://www.canva.com/_online?1788388936683:0
[43997510ms] [ERROR] Failed to load resource: net::ERR_INTERNET_DISCONNECTED @ https://www.canva.com/_online?1788388941829:0
[44003786ms] [ERROR] Failed to load resource: net::ERR_INTERNET_DISCONNECTED @ https://www.canva.com/_online?1788388948106:0
[44009134ms] [ERROR] Failed to load resource: net::ERR_INTERNET_DISCONNECTED @ https://www.canva.com/_online?1788388953452:0
[44015259ms] [ERROR] Failed to load resource: net::ERR_INTERNET_DISCONNECTED @ https://www.canva.com/_online?1788388959579:0
[44021666ms] [ERROR] Failed to load resource: net::ERR_INTERNET_DISCONNECTED @ https://www.canva.com/_online?1788388965985:0
[44325569ms] [ERROR] Failed to load resource: net::ERR_INTERNET_DISCONNECTED @ https://www.canva.com/_online?1788389269888:0
[44332032ms] [ERROR] Failed to load resource: net::ERR_INTERNET_DISCONNECTED @ https://www.canva.com/_online?1788389276351:0
[44337715ms] [ERROR] Failed to load resource: net::ERR_INTERNET_DISCONNECTED @ https://www.canva.com/_online?1788389282033:0
[44343198ms] [ERROR] Failed to load resource: net::ERR_INTERNET_DISCONNECTED @ https://www.canva.com/_online?1788389287517:0
[44348820ms] [ERROR] Failed to load resource: net::ERR_INTERNET_DISCONNECTED @ https://www.canva.com/_online?1788389293139:0
[44354469ms] [ERROR] Failed to load resource: net::ERR_INTERNET_DISCONNECTED @ https://www.canva.com/_online?1788389298789:0
[44360311ms] [ERROR] Failed to load resource: net::ERR_INTERNET_DISCONNECTED @ https://www.canva.com/_online?1788389304630:0
[44366620ms] [ERROR] Failed to load resource: net::ERR_INTERNET_DISCONNECTED @ https://www.canva.com/_online?1788389310939:0
[45111520ms] [ERROR] Failed to load resource: net::ERR_INTERNET_DISCONNECTED @ https://www.canva.com/_online?1788390055838:0
[45116679ms] [ERROR] Failed to load resource: net::ERR_INTERNET_DISCONNECTED @ https://www.canva.com/_online?1788390060998:0
[45122641ms] [ERROR] Failed to load resource: net::ERR_INTERNET_DISCONNECTED @ https://www.canva.com/_online?1788390066960:0
[45128452ms] [ERROR] Failed to load resource: net::ERR_INTERNET_DISCONNECTED @ https://www.canva.com/_online?1788390072771:0
[45134945ms] [ERROR] Failed to load resource: net::ERR_INTERNET_DISCONNECTED @ https://www.canva.com/_online?1788390079264:0
[45140001ms] [ERROR] Failed to load resource: net::ERR_INTERNET_DISCONNECTED @ https://www.canva.com/_online?1788390084320:0
[45145209ms] [ERROR] Failed to load resource: net::ERR_INTERNET_DISCONNECTED @ https://www.canva.com/_online?1788390089528:0
[45151096ms] [ERROR] Failed to load resource: net::ERR_INTERNET_DISCONNECTED @ https://www.canva.com/_online?1788390095416:0
[45321639ms] [ERROR] Failed to load resource: net::ERR_INTERNET_DISCONNECTED @ https://www.canva.com/_online?1788390265958:0
[45326921ms] [ERROR] Failed to load resource: net::ERR_INTERNET_DISCONNECTED @ https://www.canva.com/_online?1788390271238:0
[45332936ms] [ERROR] Failed to load resource: net::ERR_INTERNET_DISCONNECTED @ https://www.canva.com/_online?1788390277255:0
[45339032ms] [ERROR] Failed to load resource: net::ERR_INTERNET_DISCONNECTED @ https://www.canva.com/_online?1788390283351:0
[45345037ms] [ERROR] Failed to load resource: net::ERR_INTERNET_DISCONNECTED @ https://www.canva.com/_online?1788390289355:0
[45350761ms] [ERROR] Failed to load resource: net::ERR_INTERNET_DISCONNECTED @ https://www.canva.com/_online?1788390295080:0
[45356036ms] [ERROR] Failed to load resource: net::ERR_INTERNET_DISCONNECTED @ https://www.canva.com/_online?1788390300355:0
[45362263ms] [ERROR] Failed to load resource: net::ERR_INTERNET_DISCONNECTED @ https://www.canva.com/_online?1788390306582:0
[46299090ms] [ERROR] Failed to load resource: net::ERR_INTERNET_DISCONNECTED @ https://www.canva.com/_online?1788391243409:0
[46305588ms] [ERROR] Failed to load resource: net::ERR_INTERNET_DISCONNECTED @ https://www.canva.com/_online?1788391249907:0
[46310726ms] [ERROR] Failed to load resource: net::ERR_INTERNET_DISCONNECTED @ https://www.canva.com/_online?1788391255045:0
[46317060ms] [ERROR] Failed to load resource: net::ERR_INTERNET_DISCONNECTED @ https://www.canva.com/_online?1788391261378:0
[46323370ms] [ERROR] Failed to load resource: net::ERR_INTERNET_DISCONNECTED @ https://www.canva.com/_online?1788391267689:0
[46328579ms] [ERROR] Failed to load resource: net::ERR_INTERNET_DISCONNECTED @ https://www.canva.com/_online?1788391272898:0
[46334839ms] [ERROR] Failed to load resource: net::ERR_INTERNET_DISCONNECTED @ https://www.canva.com/_online?1788391279158:0
[46340656ms] [ERROR] Failed to load resource: net::ERR_INTERNET_DISCONNECTED @ https://www.canva.com/_online?1788391284975:0
[47315729ms] [ERROR] Failed to load resource: net::ERR_INTERNET_DISCONNECTED @ https://www.canva.com/_online?1788392260047:0
[47321861ms] [ERROR] Failed to load resource: net::ERR_INTERNET_DISCONNECTED @ https://www.canva.com/_online?1788392266180:0
[47327828ms] [ERROR] Failed to load resource: net::ERR_INTERNET_DISCONNECTED @ https://www.canva.com/_online?1788392272147:0
[47334321ms] [ERROR] Failed to load resource: net::ERR_INTERNET_DISCONNECTED @ https://www.canva.com/_online?1788392278640:0
[47340099ms] [ERROR] Failed to load resource: net::ERR_INTERNET_DISCONNECTED @ https://www.canva.com/_online?1788392284418:0
[47345751ms] [ERROR] Failed to load resource: net::ERR_INTERNET_DISCONNECTED @ https://www.canva.com/_online?1788392290070:0
[47351751ms] [ERROR] Failed to load resource: net::ERR_INTERNET_DISCONNECTED @ https://www.canva.com/_online?1788392296071:0
[47358198ms] [ERROR] Failed to load resource: net::ERR_INTERNET_DISCONNECTED @ https://www.canva.com/_online?1788392302518:0
[48177491ms] [ERROR] Failed to load resource: net::ERR_INTERNET_DISCONNECTED @ https://www.canva.com/_online?1788393121809:0
[48183476ms] [ERROR] Failed to load resource: net::ERR_INTERNET_DISCONNECTED @ https://www.canva.com/_online?1788393127784:0
[48189154ms] [ERROR] Failed to load resource: net::ERR_INTERNET_DISCONNECTED @ https://www.canva.com/_online?1788393133472:0
[48195495ms] [ERROR] Failed to load resource: net::ERR_INTERNET_DISCONNECTED @ https://www.canva.com/_online?1788393139814:0
[48201008ms] [ERROR] Failed to load resource: net::ERR_INTERNET_DISCONNECTED @ https://www.canva.com/_online?1788393145327:0
[48206138ms] [ERROR] Failed to load resource: net::ERR_INTERNET_DISCONNECTED @ https://www.canva.com/_online?1788393150457:0
[48211740ms] [ERROR] Failed to load resource: net::ERR_INTERNET_DISCONNECTED @ https://www.canva.com/_online?1788393156059:0
[48217888ms] [ERROR] Failed to load resource: net::ERR_INTERNET_DISCONNECTED @ https://www.canva.com/_online?1788393162207:0
[48223063ms] [ERROR] Failed to load resource: net::ERR_INTERNET_DISCONNECTED @ https://www.canva.com/_online?1788393167382:0
[48771789ms] [ERROR] Failed to load resource: net::ERR_INTERNET_DISCONNECTED @ https://www.canva.com/_online?1788393716107:0
[48776994ms] [ERROR] Failed to load resource: net::ERR_INTERNET_DISCONNECTED @ https://www.canva.com/_online?1788393721313:0
[48782427ms] [ERROR] Failed to load resource: net::ERR_INTERNET_DISCONNECTED @ https://www.canva.com/_online?1788393726746:0
[48788049ms] [ERROR] Failed to load resource: net::ERR_INTERNET_DISCONNECTED @ https://www.canva.com/_online?1788393732368:0
[48793121ms] [ERROR] Failed to load resource: net::ERR_INTERNET_DISCONNECTED @ https://www.canva.com/_online?1788393737440:0
[48799054ms] [ERROR] Failed to load resource: net::ERR_INTERNET_DISCONNECTED @ https://www.canva.com/_online?1788393743372:0
[48804290ms] [ERROR] Failed to load resource: net::ERR_INTERNET_DISCONNECTED @ https://www.canva.com/_online?1788393748607:0
[48809670ms] [ERROR] Failed to load resource: net::ERR_INTERNET_DISCONNECTED @ https://www.canva.com/_online?1788393753989:0
[49774998ms] [ERROR] Failed to load resource: net::ERR_INTERNET_DISCONNECTED @ https://www.canva.com/_online?1788394719314:0
[49780495ms] [ERROR] Failed to load resource: net::ERR_INTERNET_DISCONNECTED @ https://www.canva.com/_online?1788394724813:0
[49786992ms] [ERROR] Failed to load resource: net::ERR_INTERNET_DISCONNECTED @ https://www.canva.com/_online?1788394731311:0
[49793057ms] [ERROR] Failed to load resource: net::ERR_INTERNET_DISCONNECTED @ https://www.canva.com/_online?1788394737376:0
[49798476ms] [ERROR] Failed to load resource: net::ERR_INTERNET_DISCONNECTED @ https://www.canva.com/_online?1788394742795:0
[49803879ms] [ERROR] Failed to load resource: net::ERR_INTERNET_DISCONNECTED @ https://www.canva.com/_online?1788394748198:0
[49809675ms] [ERROR] Failed to load resource: net::ERR_INTERNET_DISCONNECTED @ https://www.canva.com/_online?1788394753994:0
[49814827ms] [ERROR] Failed to load resource: net::ERR_INTERNET_DISCONNECTED @ https://www.canva.com/_online?1788394759146:0
[50730460ms] [ERROR] Failed to load resource: net::ERR_INTERNET_DISCONNECTED @ https://www.canva.com/_online?1788395674778:0
[50736703ms] [ERROR] Failed to load resource: net::ERR_INTERNET_DISCONNECTED @ https://www.canva.com/_online?1788395681021:0
[50742991ms] [ERROR] Failed to load resource: net::ERR_INTERNET_DISCONNECTED @ https://www.canva.com/_online?1788395687309:0
[50748301ms] [ERROR] Failed to load resource: net::ERR_INTERNET_DISCONNECTED @ https://www.canva.com/_online?1788395692619:0
[50754126ms] [ERROR] Failed to load resource: net::ERR_INTERNET_DISCONNECTED @ https://www.canva.com/_online?1788395698445:0
[50759279ms] [ERROR] Failed to load resource: net::ERR_INTERNET_DISCONNECTED @ https://www.canva.com/_online?1788395703598:0
[50765303ms] [ERROR] Failed to load resource: net::ERR_INTERNET_DISCONNECTED @ https://www.canva.com/_online?1788395709622:0
[50770374ms] [ERROR] Failed to load resource: net::ERR_INTERNET_DISCONNECTED @ https://www.canva.com/_online?1788395714693:0
[50776629ms] [ERROR] Failed to load resource: net::ERR_INTERNET_DISCONNECTED @ https://www.canva.com/_online?1788395720948:0
[50781740ms] [ERROR] Failed to load resource: net::ERR_INTERNET_DISCONNECTED @ https://www.canva.com/_online?1788395726058:0
[50786902ms] [ERROR] Failed to load resource: net::ERR_INTERNET_DISCONNECTED @ https://www.canva.com/_online?1788395731221:0
[50792745ms] [ERROR] Failed to load resource: net::ERR_INTERNET_DISCONNECTED @ https://www.canva.com/_online?1788395737063:0
[50798646ms] [ERROR] Failed to load resource: net::ERR_INTERNET_DISCONNECTED @ https://www.canva.com/_online?1788395742965:0
[50804665ms] [ERROR] Failed to load resource: net::ERR_INTERNET_DISCONNECTED @ https://www.canva.com/_online?1788395748984:0
[50809714ms] [ERROR] Failed to load resource: net::ERR_INTERNET_DISCONNECTED @ https://www.canva.com/_online?1788395754032:0
[50815834ms] [ERROR] Failed to load resource: net::ERR_INTERNET_DISCONNECTED @ https://www.canva.com/_online?1788395760152:0
[50821146ms] [ERROR] Failed to load resource: net::ERR_INTERNET_DISCONNECTED @ https://www.canva.com/_online?1788395765465:0
[50826725ms] [ERROR] Failed to load resource: net::ERR_INTERNET_DISCONNECTED @ https://www.canva.com/_online?1788395771043:0
[50833001ms] [ERROR] Failed to load resource: net::ERR_INTERNET_DISCONNECTED @ https://www.canva.com/_online?1788395777320:0
[50839305ms] [ERROR] Failed to load resource: net::ERR_INTERNET_DISCONNECTED @ https://www.canva.com/_online?1788395783625:0
[50845079ms] [ERROR] Failed to load resource: net::ERR_INTERNET_DISCONNECTED @ https://www.canva.com/_online?1788395789398:0
[50851512ms] [ERROR] Failed to load resource: net::ERR_INTERNET_DISCONNECTED @ https://www.canva.com/_online?1788395795831:0
[50858006ms] [ERROR] Failed to load resource: net::ERR_INTERNET_DISCONNECTED @ https://www.canva.com/_online?1788395802325:0
[50863620ms] [ERROR] Failed to load resource: net::ERR_INTERNET_DISCONNECTED @ https://www.canva.com/_online?1788395807939:0
[50868986ms] [ERROR] Failed to load resource: net::ERR_INTERNET_DISCONNECTED @ https://www.canva.com/_online?1788395813305:0
[50874150ms] [ERROR] Failed to load resource: net::ERR_INTERNET_DISCONNECTED @ https://www.canva.com/_online?1788395818469:0
[50880349ms] [ERROR] Failed to load resource: net::ERR_INTERNET_DISCONNECTED @ https://www.canva.com/_online?1788395824669:0
[50885606ms] [ERROR] Failed to load resource: net::ERR_INTERNET_DISCONNECTED @ https://www.canva.com/_online?1788395829925:0
[50891809ms] [ERROR] Failed to load resource: net::ERR_INTERNET_DISCONNECTED @ https://www.canva.com/_online?1788395836128:0
[50897462ms] [ERROR] Failed to load resource: net::ERR_INTERNET_DISCONNECTED @ https://www.canva.com/_online?1788395841781:0
[50903050ms] [ERROR] Failed to load resource: net::ERR_INTERNET_DISCONNECTED @ https://www.canva.com/_online?1788395847370:0
[50908124ms] [ERROR] Failed to load resource: net::ERR_INTERNET_DISCONNECTED @ https://www.canva.com/_online?1788395852442:0
[50913694ms] [ERROR] Failed to load resource: net::ERR_INTERNET_DISCONNECTED @ https://www.canva.com/_online?1788395858013:0
[50919016ms] [ERROR] Failed to load resource: net::ERR_INTERNET_DISCONNECTED @ https://www.canva.com/_online?1788395863335:0
[50925039ms] [ERROR] Failed to load resource: net::ERR_INTERNET_DISCONNECTED @ https://www.canva.com/_online?1788395869358:0
[50930067ms] [ERROR] Failed to load resource: net::ERR_INTERNET_DISCONNECTED @ https://www.canva.com/_online?1788395874385:0
[50936482ms] [ERROR] Failed to load resource: net::ERR_INTERNET_DISCONNECTED @ https://www.canva.com/_online?1788395880801:0
[50941939ms] [ERROR] Failed to load resource: net::ERR_INTERNET_DISCONNECTED @ https://www.canva.com/_online?1788395886258:0
[50947987ms] [ERROR] Failed to load resource: net::ERR_INTERNET_DISCONNECTED @ https://www.canva.com/_online?1788395892306:0
[50953490ms] [ERROR] Failed to load resource: net::ERR_INTERNET_DISCONNECTED @ https://www.canva.com/_online?1788395897809:0
[50959877ms] [ERROR] Failed to load resource: net::ERR_INTERNET_DISCONNECTED @ https://www.canva.com/_online?1788395904196:0
[50965376ms] [ERROR] Failed to load resource: net::ERR_INTERNET_DISCONNECTED @ https://www.canva.com/_online?1788395909694:0
[50971489ms] [ERROR] Failed to load resource: net::ERR_INTERNET_DISCONNECTED @ https://www.canva.com/_online?1788395915808:0
[50977154ms] [ERROR] Failed to load resource: net::ERR_INTERNET_DISCONNECTED @ https://www.canva.com/_online?1788395921473:0
[50983406ms] [ERROR] Failed to load resource: net::ERR_INTERNET_DISCONNECTED @ https://www.canva.com/_online?1788395927724:0
[50989894ms] [ERROR] Failed to load resource: net::ERR_INTERNET_DISCONNECTED @ https://www.canva.com/_online?1788395934213:0
[50994931ms] [ERROR] Failed to load resource: net::ERR_INTERNET_DISCONNECTED @ https://www.canva.com/_online?1788395939251:0
[51000527ms] [ERROR] Failed to load resource: net::ERR_INTERNET_DISCONNECTED @ https://www.canva.com/_online?1788395944846:0
[51006378ms] [ERROR] Failed to load resource: net::ERR_INTERNET_DISCONNECTED @ https://www.canva.com/_online?1788395950697:0
[51012088ms] [ERROR] Failed to load resource: net::ERR_INTERNET_DISCONNECTED @ https://www.canva.com/_online?1788395956407:0
[51017560ms] [ERROR] Failed to load resource: net::ERR_INTERNET_DISCONNECTED @ https://www.canva.com/_online?1788395961879:0
[51023120ms] [ERROR] Failed to load resource: net::ERR_INTERNET_DISCONNECTED @ https://www.canva.com/_online?1788395967439:0
[51028319ms] [ERROR] Failed to load resource: net::ERR_INTERNET_DISCONNECTED @ https://www.canva.com/_online?1788395972638:0
[51034209ms] [ERROR] Failed to load resource: net::ERR_INTERNET_DISCONNECTED @ https://www.canva.com/_online?1788395978528:0
[51040659ms] [ERROR] Failed to load resource: net::ERR_INTERNET_DISCONNECTED @ https://www.canva.com/_online?1788395984977:0
[51047073ms] [ERROR] Failed to load resource: net::ERR_INTERNET_DISCONNECTED @ https://www.canva.com/_online?1788395991392:0
[51052286ms] [ERROR] Failed to load resource: net::ERR_INTERNET_DISCONNECTED @ https://www.canva.com/_online?1788395996605:0
[51058105ms] [ERROR] Failed to load resource: net::ERR_INTERNET_DISCONNECTED @ https://www.canva.com/_online?1788396002424:0
[51063966ms] [ERROR] Failed to load resource: net::ERR_INTERNET_DISCONNECTED @ https://www.canva.com/_online?1788396008285:0
[51070092ms] [ERROR] Failed to load resource: net::ERR_INTERNET_DISCONNECTED @ https://www.canva.com/_online?1788396014411:0
[51075790ms] [ERROR] Failed to load resource: net::ERR_INTERNET_DISCONNECTED @ https://www.canva.com/_online?1788396020109:0
[51082001ms] [ERROR] Failed to load resource: net::ERR_INTERNET_DISCONNECTED @ https://www.canva.com/_online?1788396026320:0
[51087748ms] [ERROR] Failed to load resource: net::ERR_INTERNET_DISCONNECTED @ https://www.canva.com/_online?1788396032066:0
[51093436ms] [ERROR] Failed to load resource: net::ERR_INTERNET_DISCONNECTED @ https://www.canva.com/_online?1788396037755:0
[51099129ms] [ERROR] Failed to load resource: net::ERR_INTERNET_DISCONNECTED @ https://www.canva.com/_online?1788396043448:0
[51104718ms] [ERROR] Failed to load resource: net::ERR_INTERNET_DISCONNECTED @ https://www.canva.com/_online?1788396049037:0
[51110727ms] [ERROR] Failed to load resource: net::ERR_INTERNET_DISCONNECTED @ https://www.canva.com/_online?1788396055046:0
[51116261ms] [ERROR] Failed to load resource: net::ERR_INTERNET_DISCONNECTED @ https://www.canva.com/_online?1788396060580:0
[51122722ms] [ERROR] Failed to load resource: net::ERR_INTERNET_DISCONNECTED @ https://www.canva.com/_online?1788396067040:0
[51128200ms] [ERROR] Failed to load resource: net::ERR_INTERNET_DISCONNECTED @ https://www.canva.com/_online?1788396072519:0
[51134288ms] [ERROR] Failed to load resource: net::ERR_INTERNET_DISCONNECTED @ https://www.canva.com/_online?1788396078607:0
[51140294ms] [ERROR] Failed to load resource: net::ERR_INTERNET_DISCONNECTED @ https://www.canva.com/_online?1788396084613:0
[51146087ms] [ERROR] Failed to load resource: net::ERR_INTERNET_DISCONNECTED @ https://www.canva.com/_online?1788396090407:0
[51151521ms] [ERROR] Failed to load resource: net::ERR_INTERNET_DISCONNECTED @ https://www.canva.com/_online?1788396095841:0
[51157568ms] [ERROR] Failed to load resource: net::ERR_INTERNET_DISCONNECTED @ https://www.canva.com/_online?1788396101887:0
[51163867ms] [ERROR] Failed to load resource: net::ERR_INTERNET_DISCONNECTED @ https://www.canva.com/_online?1788396108186:0
[51169772ms] [ERROR] Failed to load resource: net::ERR_INTERNET_DISCONNECTED @ https://www.canva.com/_online?1788396114091:0
[51176178ms] [ERROR] Failed to load resource: net::ERR_INTERNET_DISCONNECTED @ https://www.canva.com/_online?1788396120497:0
[51182573ms] [ERROR] Failed to load resource: net::ERR_INTERNET_DISCONNECTED @ https://www.canva.com/_online?1788396126892:0
[51187945ms] [ERROR] Failed to load resource: net::ERR_INTERNET_DISCONNECTED @ https://www.canva.com/_online?1788396132264:0
[51193077ms] [ERROR] Failed to load resource: net::ERR_INTERNET_DISCONNECTED @ https://www.canva.com/_online?1788396137395:0
[51199449ms] [ERROR] Failed to load resource: net::ERR_INTERNET_DISCONNECTED @ https://www.canva.com/_online?1788396143768:0
[51205826ms] [ERROR] Failed to load resource: net::ERR_INTERNET_DISCONNECTED @ https://www.canva.com/_online?1788396150146:0
[51211882ms] [ERROR] Failed to load resource: net::ERR_INTERNET_DISCONNECTED @ https://www.canva.com/_online?1788396156201:0
[51218271ms] [ERROR] Failed to load resource: net::ERR_INTERNET_DISCONNECTED @ https://www.canva.com/_online?1788396162590:0
[51224356ms] [ERROR] Failed to load resource: net::ERR_INTERNET_DISCONNECTED @ https://www.canva.com/_online?1788396168674:0
[51230553ms] [ERROR] Failed to load resource: net::ERR_INTERNET_DISCONNECTED @ https://www.canva.com/_online?1788396174872:0
[51236604ms] [ERROR] Failed to load resource: net::ERR_INTERNET_DISCONNECTED @ https://www.canva.com/_online?1788396180923:0
[51242443ms] [ERROR] Failed to load resource: net::ERR_INTERNET_DISCONNECTED @ https://www.canva.com/_online?1788396186762:0
[51247830ms] [ERROR] Failed to load resource: net::ERR_INTERNET_DISCONNECTED @ https://www.canva.com/_online?1788396192149:0
[51253647ms] [ERROR] Failed to load resource: net::ERR_INTERNET_DISCONNECTED @ https://www.canva.com/_online?1788396197966:0
[51259799ms] [ERROR] Failed to load resource: net::ERR_INTERNET_DISCONNECTED @ https://www.canva.com/_online?1788396204119:0
[51265973ms] [ERROR] Failed to load resource: net::ERR_INTERNET_DISCONNECTED @ https://www.canva.com/_online?1788396210292:0
[51271127ms] [ERROR] Failed to load resource: net::ERR_INTERNET_DISCONNECTED @ https://www.canva.com/_online?1788396215446:0
[51277096ms] [ERROR] Failed to load resource: net::ERR_INTERNET_DISCONNECTED @ https://www.canva.com/_online?1788396221415:0
[51282541ms] [ERROR] Failed to load resource: net::ERR_INTERNET_DISCONNECTED @ https://www.canva.com/_online?1788396226860:0
[51288008ms] [ERROR] Failed to load resource: net::ERR_INTERNET_DISCONNECTED @ https://www.canva.com/_online?1788396232328:0
[51293930ms] [ERROR] Failed to load resource: net::ERR_INTERNET_DISCONNECTED @ https://www.canva.com/_online?1788396238250:0
[51300190ms] [ERROR] Failed to load resource: net::ERR_INTERNET_DISCONNECTED @ https://www.canva.com/_online?1788396244509:0
[51305251ms] [ERROR] Failed to load resource: net::ERR_INTERNET_DISCONNECTED @ https://www.canva.com/_online?1788396249570:0
[51311192ms] [ERROR] Failed to load resource: net::ERR_INTERNET_DISCONNECTED @ https://www.canva.com/_online?1788396255511:0
[51316377ms] [ERROR] Failed to load resource: net::ERR_INTERNET_DISCONNECTED @ https://www.canva.com/_online?1788396260696:0
[51321539ms] [ERROR] Failed to load resource: net::ERR_INTERNET_DISCONNECTED @ https://www.canva.com/_online?1788396265859:0
[51327281ms] [ERROR] Failed to load resource: net::ERR_INTERNET_DISCONNECTED @ https://www.canva.com/_online?1788396271600:0
[51332384ms] [ERROR] Failed to load resource: net::ERR_INTERNET_DISCONNECTED @ https://www.canva.com/_online?1788396276703:0
[51337937ms] [ERROR] Failed to load resource: net::ERR_INTERNET_DISCONNECTED @ https://www.canva.com/_online?1788396282256:0
[51344160ms] [ERROR] Failed to load resource: net::ERR_INTERNET_DISCONNECTED @ https://www.canva.com/_online?1788396288479:0
[51349994ms] [ERROR] Failed to load resource: net::ERR_INTERNET_DISCONNECTED @ https://www.canva.com/_online?1788396294313:0
[51355909ms] [ERROR] Failed to load resource: net::ERR_INTERNET_DISCONNECTED @ https://www.canva.com/_online?1788396300228:0
[51361736ms] [ERROR] Failed to load resource: net::ERR_INTERNET_DISCONNECTED @ https://www.canva.com/_online?1788396306055:0
[51367478ms] [ERROR] Failed to load resource: net::ERR_INTERNET_DISCONNECTED @ https://www.canva.com/_online?1788396311798:0
[51373623ms] [ERROR] Failed to load resource: net::ERR_INTERNET_DISCONNECTED @ https://www.canva.com/_online?1788396317942:0
[51379917ms] [ERROR] Failed to load resource: net::ERR_INTERNET_DISCONNECTED @ https://www.canva.com/_online?1788396324236:0
[51385171ms] [ERROR] Failed to load resource: net::ERR_INTERNET_DISCONNECTED @ https://www.canva.com/_online?1788396329490:0
[51390733ms] [ERROR] Failed to load resource: net::ERR_INTERNET_DISCONNECTED @ https://www.canva.com/_online?1788396335052:0
[51396962ms] [ERROR] Failed to load resource: net::ERR_INTERNET_DISCONNECTED @ https://www.canva.com/_online?1788396341281:0
[51402942ms] [ERROR] Failed to load resource: net::ERR_INTERNET_DISCONNECTED @ https://www.canva.com/_online?1788396347261:0
[51408450ms] [ERROR] Failed to load resource: net::ERR_INTERNET_DISCONNECTED @ https://www.canva.com/_online?1788396352769:0
[51414474ms] [ERROR] Failed to load resource: net::ERR_INTERNET_DISCONNECTED @ https://www.canva.com/_online?1788396358793:0
[51420634ms] [ERROR] Failed to load resource: net::ERR_INTERNET_DISCONNECTED @ https://www.canva.com/_online?1788396364953:0
[51427044ms] [ERROR] Failed to load resource: net::ERR_INTERNET_DISCONNECTED @ https://www.canva.com/_online?1788396371363:0
[51433088ms] [ERROR] Failed to load resource: net::ERR_INTERNET_DISCONNECTED @ https://www.canva.com/_online?1788396377407:0
[51439435ms] [ERROR] Failed to load resource: net::ERR_INTERNET_DISCONNECTED @ https://www.canva.com/_online?1788396383754:0
[51444480ms] [ERROR] Failed to load resource: net::ERR_INTERNET_DISCONNECTED @ https://www.canva.com/_online?1788396388799:0
[51449837ms] [ERROR] Failed to load resource: net::ERR_INTERNET_DISCONNECTED @ https://www.canva.com/_online?1788396394156:0
[51456197ms] [ERROR] Failed to load resource: net::ERR_INTERNET_DISCONNECTED @ https://www.canva.com/_online?1788396400516:0
[51462588ms] [ERROR] Failed to load resource: net::ERR_INTERNET_DISCONNECTED @ https://www.canva.com/_online?1788396406907:0
[51468974ms] [ERROR] Failed to load resource: net::ERR_INTERNET_DISCONNECTED @ https://www.canva.com/_online?1788396413293:0
[51475218ms] [ERROR] Failed to load resource: net::ERR_INTERNET_DISCONNECTED @ https://www.canva.com/_online?1788396419537:0
[51481022ms] [ERROR] Failed to load resource: net::ERR_INTERNET_DISCONNECTED @ https://www.canva.com/_online?1788396425341:0
[51486926ms] [ERROR] Failed to load resource: net::ERR_INTERNET_DISCONNECTED @ https://www.canva.com/_online?1788396431245:0
[51492989ms] [ERROR] Failed to load resource: net::ERR_INTERNET_DISCONNECTED @ https://www.canva.com/_online?1788396437308:0
[51499275ms] [ERROR] Failed to load resource: net::ERR_INTERNET_DISCONNECTED @ https://www.canva.com/_online?1788396443595:0
[51504431ms] [ERROR] Failed to load resource: net::ERR_INTERNET_DISCONNECTED @ https://www.canva.com/_online?1788396448750:0
[51510753ms] [ERROR] Failed to load resource: net::ERR_INTERNET_DISCONNECTED @ https://www.canva.com/_online?1788396455072:0
[51516761ms] [ERROR] Failed to load resource: net::ERR_INTERNET_DISCONNECTED @ https://www.canva.com/_online?1788396461080:0
[51522235ms] [ERROR] Failed to load resource: net::ERR_INTERNET_DISCONNECTED @ https://www.canva.com/_online?1788396466554:0
[51527832ms] [ERROR] Failed to load resource: net::ERR_INTERNET_DISCONNECTED @ https://www.canva.com/_online?1788396472151:0
[51533827ms] [ERROR] Failed to load resource: net::ERR_INTERNET_DISCONNECTED @ https://www.canva.com/_online?1788396478146:0
[51539288ms] [ERROR] Failed to load resource: net::ERR_INTERNET_DISCONNECTED @ https://www.canva.com/_online?1788396483607:0
[51544574ms] [ERROR] Failed to load resource: net::ERR_INTERNET_DISCONNECTED @ https://www.canva.com/_online?1788396488891:0
[51550422ms] [ERROR] Failed to load resource: net::ERR_INTERNET_DISCONNECTED @ https://www.canva.com/_online?1788396494742:0
[51556404ms] [ERROR] Failed to load resource: net::ERR_INTERNET_DISCONNECTED @ https://www.canva.com/_online?1788396500723:0
[51561750ms] [ERROR] Failed to load resource: net::ERR_INTERNET_DISCONNECTED @ https://www.canva.com/_online?1788396506070:0
[51567350ms] [ERROR] Failed to load resource: net::ERR_INTERNET_DISCONNECTED @ https://www.canva.com/_online?1788396511668:0
[51573564ms] [ERROR] Failed to load resource: net::ERR_INTERNET_DISCONNECTED @ https://www.canva.com/_online?1788396517884:0
[51579095ms] [ERROR] Failed to load resource: net::ERR_INTERNET_DISCONNECTED @ https://www.canva.com/_online?1788396523414:0
[51584952ms] [ERROR] Failed to load resource: net::ERR_INTERNET_DISCONNECTED @ https://www.canva.com/_online?1788396529271:0
[51590506ms] [ERROR] Failed to load resource: net::ERR_INTERNET_DISCONNECTED @ https://www.canva.com/_online?1788396534825:0
[51596191ms] [ERROR] Failed to load resource: net::ERR_INTERNET_DISCONNECTED @ https://www.canva.com/_online?1788396540510:0
[51602078ms] [ERROR] Failed to load resource: net::ERR_INTERNET_DISCONNECTED @ https://www.canva.com/_online?1788396546397:0
[51607309ms] [ERROR] Failed to load resource: net::ERR_INTERNET_DISCONNECTED @ https://www.canva.com/_online?1788396551628:0
[51613159ms] [ERROR] Failed to load resource: net::ERR_INTERNET_DISCONNECTED @ https://www.canva.com/_online?1788396557478:0
[51619562ms] [ERROR] Failed to load resource: net::ERR_INTERNET_DISCONNECTED @ https://www.canva.com/_online?1788396563881:0
[51625624ms] [ERROR] Failed to load resource: net::ERR_INTERNET_DISCONNECTED @ https://www.canva.com/_online?1788396569943:0
[51630801ms] [ERROR] Failed to load resource: net::ERR_INTERNET_DISCONNECTED @ https://www.canva.com/_online?1788396575120:0
[51635828ms] [ERROR] Failed to load resource: net::ERR_INTERNET_DISCONNECTED @ https://www.canva.com/_online?1788396580146:0
[51641685ms] [ERROR] Failed to load resource: net::ERR_INTERNET_DISCONNECTED @ https://www.canva.com/_online?1788396586003:0
[51646882ms] [ERROR] Failed to load resource: net::ERR_INTERNET_DISCONNECTED @ https://www.canva.com/_online?1788396591201:0
[51652622ms] [ERROR] Failed to load resource: net::ERR_INTERNET_DISCONNECTED @ https://www.canva.com/_online?1788396596941:0
[51658040ms] [ERROR] Failed to load resource: net::ERR_INTERNET_DISCONNECTED @ https://www.canva.com/_online?1788396602359:0
[51664436ms] [ERROR] Failed to load resource: net::ERR_INTERNET_DISCONNECTED @ https://www.canva.com/_online?1788396608755:0
[51669842ms] [ERROR] Failed to load resource: net::ERR_INTERNET_DISCONNECTED @ https://www.canva.com/_online?1788396614160:0
[51674906ms] [ERROR] Failed to load resource: net::ERR_INTERNET_DISCONNECTED @ https://www.canva.com/_online?1788396619225:0
[51681008ms] [ERROR] Failed to load resource: net::ERR_INTERNET_DISCONNECTED @ https://www.canva.com/_online?1788396625327:0
[51686023ms] [ERROR] Failed to load resource: net::ERR_INTERNET_DISCONNECTED @ https://www.canva.com/_online?1788396630342:0
[51691948ms] [ERROR] Failed to load resource: net::ERR_INTERNET_DISCONNECTED @ https://www.canva.com/_online?1788396636267:0
[51697605ms] [ERROR] Failed to load resource: net::ERR_INTERNET_DISCONNECTED @ https://www.canva.com/_online?1788396641924:0
[51702915ms] [ERROR] Failed to load resource: net::ERR_INTERNET_DISCONNECTED @ https://www.canva.com/_online?1788396647234:0
[51709306ms] [ERROR] Failed to load resource: net::ERR_INTERNET_DISCONNECTED @ https://www.canva.com/_online?1788396653625:0
[51715490ms] [ERROR] Failed to load resource: net::ERR_INTERNET_DISCONNECTED @ https://www.canva.com/_online?1788396659809:0
[51721737ms] [ERROR] Failed to load resource: net::ERR_INTERNET_DISCONNECTED @ https://www.canva.com/_online?1788396666057:0
[51726813ms] [ERROR] Failed to load resource: net::ERR_INTERNET_DISCONNECTED @ https://www.canva.com/_online?1788396671132:0
[51733082ms] [ERROR] Failed to load resource: net::ERR_INTERNET_DISCONNECTED @ https://www.canva.com/_online?1788396677401:0
[51738727ms] [ERROR] Failed to load resource: net::ERR_INTERNET_DISCONNECTED @ https://www.canva.com/_online?1788396683046:0
[51744563ms] [ERROR] Failed to load resource: net::ERR_INTERNET_DISCONNECTED @ https://www.canva.com/_online?1788396688882:0
[51750989ms] [ERROR] Failed to load resource: net::ERR_INTERNET_DISCONNECTED @ https://www.canva.com/_online?1788396695308:0
[51757296ms] [ERROR] Failed to load resource: net::ERR_INTERNET_DISCONNECTED @ https://www.canva.com/_online?1788396701612:0
[51763474ms] [ERROR] Failed to load resource: net::ERR_INTERNET_DISCONNECTED @ https://www.canva.com/_online?1788396707793:0
[51769288ms] [ERROR] Failed to load resource: net::ERR_INTERNET_DISCONNECTED @ https://www.canva.com/_online?1788396713608:0
[51775013ms] [ERROR] Failed to load resource: net::ERR_INTERNET_DISCONNECTED @ https://www.canva.com/_online?1788396719332:0
[51781418ms] [ERROR] Failed to load resource: net::ERR_INTERNET_DISCONNECTED @ https://www.canva.com/_online?1788396725735:0
[51787298ms] [ERROR] Failed to load resource: net::ERR_INTERNET_DISCONNECTED @ https://www.canva.com/_online?1788396731617:0
[51792868ms] [ERROR] Failed to load resource: net::ERR_INTERNET_DISCONNECTED @ https://www.canva.com/_online?1788396737187:0
[51798703ms] [ERROR] Failed to load resource: net::ERR_INTERNET_DISCONNECTED @ https://www.canva.com/_online?1788396743022:0
[51803749ms] [ERROR] Failed to load resource: net::ERR_INTERNET_DISCONNECTED @ https://www.canva.com/_online?1788396748068:0
[51809468ms] [ERROR] Failed to load resource: net::ERR_INTERNET_DISCONNECTED @ https://www.canva.com/_online?1788396753787:0
[51815708ms] [ERROR] Failed to load resource: net::ERR_INTERNET_DISCONNECTED @ https://www.canva.com/_online?1788396760027:0
[51820989ms] [ERROR] Failed to load resource: net::ERR_INTERNET_DISCONNECTED @ https://www.canva.com/_online?1788396765308:0
[51826129ms] [ERROR] Failed to load resource: net::ERR_INTERNET_DISCONNECTED @ https://www.canva.com/_online?1788396770448:0
[51831896ms] [ERROR] Failed to load resource: net::ERR_INTERNET_DISCONNECTED @ https://www.canva.com/_online?1788396776215:0
[51837888ms] [ERROR] Failed to load resource: net::ERR_INTERNET_DISCONNECTED @ https://www.canva.com/_online?1788396782207:0
[51844076ms] [ERROR] Failed to load resource: net::ERR_INTERNET_DISCONNECTED @ https://www.canva.com/_online?1788396788394:0
[51850362ms] [ERROR] Failed to load resource: net::ERR_INTERNET_DISCONNECTED @ https://www.canva.com/_online?1788396794681:0
[51855842ms] [ERROR] Failed to load resource: net::ERR_INTERNET_DISCONNECTED @ https://www.canva.com/_online?1788396800161:0
[51861654ms] [ERROR] Failed to load resource: net::ERR_INTERNET_DISCONNECTED @ https://www.canva.com/_online?1788396805973:0
[51867046ms] [ERROR] Failed to load resource: net::ERR_INTERNET_DISCONNECTED @ https://www.canva.com/_online?1788396811366:0
[51873333ms] [ERROR] Failed to load resource: net::ERR_INTERNET_DISCONNECTED @ https://www.canva.com/_online?1788396817652:0
[51879491ms] [ERROR] Failed to load resource: net::ERR_INTERNET_DISCONNECTED @ https://www.canva.com/_online?1788396823810:0
[51885809ms] [ERROR] Failed to load resource: net::ERR_INTERNET_DISCONNECTED @ https://www.canva.com/_online?1788396830128:0
[51890818ms] [ERROR] Failed to load resource: net::ERR_INTERNET_DISCONNECTED @ https://www.canva.com/_online?1788396835137:0
[51897205ms] [ERROR] Failed to load resource: net::ERR_INTERNET_DISCONNECTED @ https://www.canva.com/_online?1788396841524:0
[51902357ms] [ERROR] Failed to load resource: net::ERR_INTERNET_DISCONNECTED @ https://www.canva.com/_online?1788396846676:0
[51908768ms] [ERROR] Failed to load resource: net::ERR_INTERNET_DISCONNECTED @ https://www.canva.com/_online?1788396853087:0
[51914205ms] [ERROR] Failed to load resource: net::ERR_INTERNET_DISCONNECTED @ https://www.canva.com/_online?1788396858524:0
[51920391ms] [ERROR] Failed to load resource: net::ERR_INTERNET_DISCONNECTED @ https://www.canva.com/_online?1788396864710:0
[51926327ms] [ERROR] Failed to load resource: net::ERR_INTERNET_DISCONNECTED @ https://www.canva.com/_online?1788396870647:0
[51931764ms] [ERROR] Failed to load resource: net::ERR_INTERNET_DISCONNECTED @ https://www.canva.com/_online?1788396876082:0
[51937884ms] [ERROR] Failed to load resource: net::ERR_INTERNET_DISCONNECTED @ https://www.canva.com/_online?1788396882203:0
[51943283ms] [ERROR] Failed to load resource: net::ERR_INTERNET_DISCONNECTED @ https://www.canva.com/_online?1788396887602:0
[51946295ms] [ERROR] Failed to load resource: net::ERR_INTERNET_DISCONNECTED @ https://www.canva.com/_ajax/livefolderitem/channel/AoJWAbKSVEFcr6ojT373jz8/retrieve_updates?continuation=1788349892913-0:0
[51949033ms] [ERROR] Failed to load resource: net::ERR_INTERNET_DISCONNECTED @ https://www.canva.com/_online?1788396893351:0
[51954341ms] [ERROR] Failed to load resource: net::ERR_INTERNET_DISCONNECTED @ https://www.canva.com/_online?1788396898660:0
[51960240ms] [ERROR] Failed to load resource: net::ERR_INTERNET_DISCONNECTED @ https://www.canva.com/_online?1788396904559:0
[51965527ms] [ERROR] Failed to load resource: net::ERR_INTERNET_DISCONNECTED @ https://www.canva.com/_online?1788396909846:0
[51971835ms] [ERROR] Failed to load resource: net::ERR_INTERNET_DISCONNECTED @ https://www.canva.com/_online?1788396916154:0
[51976992ms] [ERROR] Failed to load resource: net::ERR_INTERNET_DISCONNECTED @ https://www.canva.com/_online?1788396921311:0
[51983260ms] [ERROR] Failed to load resource: net::ERR_INTERNET_DISCONNECTED @ https://www.canva.com/_online?1788396927579:0
[51989165ms] [ERROR] Failed to load resource: net::ERR_INTERNET_DISCONNECTED @ https://www.canva.com/_online?1788396933484:0
[51995601ms] [ERROR] Failed to load resource: net::ERR_INTERNET_DISCONNECTED @ https://www.canva.com/_online?1788396939920:0
[52001059ms] [ERROR] Failed to load resource: net::ERR_INTERNET_DISCONNECTED @ https://www.canva.com/_online?1788396945378:0
[52006620ms] [ERROR] Failed to load resource: net::ERR_INTERNET_DISCONNECTED @ https://www.canva.com/_online?1788396950939:0
[52012232ms] [ERROR] Failed to load resource: net::ERR_INTERNET_DISCONNECTED @ https://www.canva.com/_online?1788396956551:0
[52017671ms] [ERROR] Failed to load resource: net::ERR_INTERNET_DISCONNECTED @ https://www.canva.com/_online?1788396961990:0
[52023798ms] [ERROR] Failed to load resource: net::ERR_INTERNET_DISCONNECTED @ https://www.canva.com/_online?1788396968117:0
[52029008ms] [ERROR] Failed to load resource: net::ERR_INTERNET_DISCONNECTED @ https://www.canva.com/_online?1788396973327:0
[52034819ms] [ERROR] Failed to load resource: net::ERR_INTERNET_DISCONNECTED @ https://www.canva.com/_online?1788396979137:0
[52040939ms] [ERROR] Failed to load resource: net::ERR_INTERNET_DISCONNECTED @ https://www.canva.com/_online?1788396985258:0
[52046256ms] [ERROR] Failed to load resource: net::ERR_INTERNET_DISCONNECTED @ https://www.canva.com/_online?1788396990575:0
[52052258ms] [ERROR] Failed to load resource: net::ERR_INTERNET_DISCONNECTED @ https://www.canva.com/_online?1788396996576:0
[52057565ms] [ERROR] Failed to load resource: net::ERR_INTERNET_DISCONNECTED @ https://www.canva.com/_online?1788397001883:0
[52063649ms] [ERROR] Failed to load resource: net::ERR_INTERNET_DISCONNECTED @ https://www.canva.com/_online?1788397007968:0
[52068983ms] [ERROR] Failed to load resource: net::ERR_INTERNET_DISCONNECTED @ https://www.canva.com/_online?1788397013302:0
[52074547ms] [ERROR] Failed to load resource: net::ERR_INTERNET_DISCONNECTED @ https://www.canva.com/_online?1788397018866:0
[52080566ms] [ERROR] Failed to load resource: net::ERR_INTERNET_DISCONNECTED @ https://www.canva.com/_online?1788397024885:0
[52086332ms] [ERROR] Failed to load resource: net::ERR_INTERNET_DISCONNECTED @ https://www.canva.com/_online?1788397030651:0
[52092805ms] [ERROR] Failed to load resource: net::ERR_INTERNET_DISCONNECTED @ https://www.canva.com/_online?1788397037123:0
[52098854ms] [ERROR] Failed to load resource: net::ERR_INTERNET_DISCONNECTED @ https://www.canva.com/_online?1788397043173:0
[52104732ms] [ERROR] Failed to load resource: net::ERR_INTERNET_DISCONNECTED @ https://www.canva.com/_online?1788397049051:0
[52110843ms] [ERROR] Failed to load resource: net::ERR_INTERNET_DISCONNECTED @ https://www.canva.com/_online?1788397055162:0
[52116507ms] [ERROR] Failed to load resource: net::ERR_INTERNET_DISCONNECTED @ https://www.canva.com/_online?1788397060826:0
[52121925ms] [ERROR] Failed to load resource: net::ERR_INTERNET_DISCONNECTED @ https://www.canva.com/_online?1788397066245:0
[52127866ms] [ERROR] Failed to load resource: net::ERR_INTERNET_DISCONNECTED @ https://www.canva.com/_online?1788397072185:0
[52134223ms] [ERROR] Failed to load resource: net::ERR_INTERNET_DISCONNECTED @ https://www.canva.com/_online?1788397078542:0
[52139692ms] [ERROR] Failed to load resource: net::ERR_INTERNET_DISCONNECTED @ https://www.canva.com/_online?1788397084011:0
[52145866ms] [ERROR] Failed to load resource: net::ERR_INTERNET_DISCONNECTED @ https://www.canva.com/_online?1788397090185:0
[52152306ms] [ERROR] Failed to load resource: net::ERR_INTERNET_DISCONNECTED @ https://www.canva.com/_online?1788397096626:0
[52157519ms] [ERROR] Failed to load resource: net::ERR_INTERNET_DISCONNECTED @ https://www.canva.com/_online?1788397101838:0
[52163121ms] [ERROR] Failed to load resource: net::ERR_INTERNET_DISCONNECTED @ https://www.canva.com/_online?1788397107441:0
[52168698ms] [ERROR] Failed to load resource: net::ERR_INTERNET_DISCONNECTED @ https://www.canva.com/_online?1788397113017:0
[52173769ms] [ERROR] Failed to load resource: net::ERR_INTERNET_DISCONNECTED @ https://www.canva.com/_online?1788397118088:0
[52179433ms] [ERROR] Failed to load resource: net::ERR_INTERNET_DISCONNECTED @ https://www.canva.com/_online?1788397123752:0
[52185611ms] [ERROR] Failed to load resource: net::ERR_INTERNET_DISCONNECTED @ https://www.canva.com/_online?1788397129930:0
[52191461ms] [ERROR] Failed to load resource: net::ERR_INTERNET_DISCONNECTED @ https://www.canva.com/_online?1788397135780:0
[52196738ms] [ERROR] Failed to load resource: net::ERR_INTERNET_DISCONNECTED @ https://www.canva.com/_online?1788397141057:0
[52202850ms] [ERROR] Failed to load resource: net::ERR_INTERNET_DISCONNECTED @ https://www.canva.com/_online?1788397147169:0
[52209237ms] [ERROR] Failed to load resource: net::ERR_INTERNET_DISCONNECTED @ https://www.canva.com/_online?1788397153555:0
[52215297ms] [ERROR] Failed to load resource: net::ERR_INTERNET_DISCONNECTED @ https://www.canva.com/_online?1788397159616:0
[52221711ms] [ERROR] Failed to load resource: net::ERR_INTERNET_DISCONNECTED @ https://www.canva.com/_online?1788397166030:0
[52226990ms] [ERROR] Failed to load resource: net::ERR_INTERNET_DISCONNECTED @ https://www.canva.com/_online?1788397171309:0
[52232154ms] [ERROR] Failed to load resource: net::ERR_INTERNET_DISCONNECTED @ https://www.canva.com/_online?1788397176473:0
[52238625ms] [ERROR] Failed to load resource: net::ERR_INTERNET_DISCONNECTED @ https://www.canva.com/_online?1788397182944:0
[52244819ms] [ERROR] Failed to load resource: net::ERR_INTERNET_DISCONNECTED @ https://www.canva.com/_online?1788397189138:0
[52250249ms] [ERROR] Failed to load resource: net::ERR_INTERNET_DISCONNECTED @ https://www.canva.com/_online?1788397194568:0
[52256427ms] [ERROR] Failed to load resource: net::ERR_INTERNET_DISCONNECTED @ https://www.canva.com/_online?1788397200746:0
[52262421ms] [ERROR] Failed to load resource: net::ERR_INTERNET_DISCONNECTED @ https://www.canva.com/_online?1788397206740:0
[52268307ms] [ERROR] Failed to load resource: net::ERR_INTERNET_DISCONNECTED @ https://www.canva.com/_online?1788397212626:0
[52273790ms] [ERROR] Failed to load resource: net::ERR_INTERNET_DISCONNECTED @ https://www.canva.com/_online?1788397218109:0
[52279569ms] [ERROR] Failed to load resource: net::ERR_INTERNET_DISCONNECTED @ https://www.canva.com/_online?1788397223887:0
[52285466ms] [ERROR] Failed to load resource: net::ERR_INTERNET_DISCONNECTED @ https://www.canva.com/_online?1788397229785:0
[52291057ms] [ERROR] Failed to load resource: net::ERR_INTERNET_DISCONNECTED @ https://www.canva.com/_online?1788397235376:0
[52297168ms] [ERROR] Failed to load resource: net::ERR_INTERNET_DISCONNECTED @ https://www.canva.com/_online?1788397241487:0
[52302874ms] [ERROR] Failed to load resource: net::ERR_INTERNET_DISCONNECTED @ https://www.canva.com/_online?1788397247194:0
[52309146ms] [ERROR] Failed to load resource: net::ERR_INTERNET_DISCONNECTED @ https://www.canva.com/_online?1788397253465:0
[52314798ms] [ERROR] Failed to load resource: net::ERR_INTERNET_DISCONNECTED @ https://www.canva.com/_online?1788397259118:0
[52321135ms] [ERROR] Failed to load resource: net::ERR_INTERNET_DISCONNECTED @ https://www.canva.com/_online?1788397265454:0
[52326284ms] [ERROR] Failed to load resource: net::ERR_INTERNET_DISCONNECTED @ https://www.canva.com/_online?1788397270603:0
[52332429ms] [ERROR] Failed to load resource: net::ERR_INTERNET_DISCONNECTED @ https://www.canva.com/_online?1788397276747:0
[52338604ms] [ERROR] Failed to load resource: net::ERR_INTERNET_DISCONNECTED @ https://www.canva.com/_online?1788397282923:0
[52344763ms] [ERROR] Failed to load resource: net::ERR_INTERNET_DISCONNECTED @ https://www.canva.com/_online?1788397289082:0
[52350478ms] [ERROR] Failed to load resource: net::ERR_INTERNET_DISCONNECTED @ https://www.canva.com/_online?1788397294797:0
[52355597ms] [ERROR] Failed to load resource: net::ERR_INTERNET_DISCONNECTED @ https://www.canva.com/_online?1788397299917:0
[52361131ms] [ERROR] Failed to load resource: net::ERR_INTERNET_DISCONNECTED @ https://www.canva.com/_online?1788397305450:0
[52366603ms] [ERROR] Failed to load resource: net::ERR_INTERNET_DISCONNECTED @ https://www.canva.com/_online?1788397310922:0
[52372829ms] [ERROR] Failed to load resource: net::ERR_INTERNET_DISCONNECTED @ https://www.canva.com/_online?1788397317147:0
[52378490ms] [ERROR] Failed to load resource: net::ERR_INTERNET_DISCONNECTED @ https://www.canva.com/_online?1788397322809:0
[52384078ms] [ERROR] Failed to load resource: net::ERR_INTERNET_DISCONNECTED @ https://www.canva.com/_online?1788397328397:0
[52389514ms] [ERROR] Failed to load resource: net::ERR_INTERNET_DISCONNECTED @ https://www.canva.com/_online?1788397333834:0
[52395239ms] [ERROR] Failed to load resource: net::ERR_INTERNET_DISCONNECTED @ https://www.canva.com/_online?1788397339558:0
[52400540ms] [ERROR] Failed to load resource: net::ERR_INTERNET_DISCONNECTED @ https://www.canva.com/_online?1788397344860:0
[52406715ms] [ERROR] Failed to load resource: net::ERR_INTERNET_DISCONNECTED @ https://www.canva.com/_online?1788397351034:0
[52411962ms] [ERROR] Failed to load resource: net::ERR_INTERNET_DISCONNECTED @ https://www.canva.com/_online?1788397356280:0
[52417819ms] [ERROR] Failed to load resource: net::ERR_INTERNET_DISCONNECTED @ https://www.canva.com/_online?1788397362138:0
[52423625ms] [ERROR] Failed to load resource: net::ERR_INTERNET_DISCONNECTED @ https://www.canva.com/_online?1788397367944:0
[52428786ms] [ERROR] Failed to load resource: net::ERR_INTERNET_DISCONNECTED @ https://www.canva.com/_online?1788397373105:0
[52433996ms] [ERROR] Failed to load resource: net::ERR_INTERNET_DISCONNECTED @ https://www.canva.com/_online?1788397378315:0
[52439388ms] [ERROR] Failed to load resource: net::ERR_INTERNET_DISCONNECTED @ https://www.canva.com/_online?1788397383707:0
[52445279ms] [ERROR] Failed to load resource: net::ERR_INTERNET_DISCONNECTED @ https://www.canva.com/_online?1788397389598:0
[52451020ms] [ERROR] Failed to load resource: net::ERR_INTERNET_DISCONNECTED @ https://www.canva.com/_online?1788397395339:0
[52456263ms] [ERROR] Failed to load resource: net::ERR_INTERNET_DISCONNECTED @ https://www.canva.com/_online?1788397400582:0
[52462137ms] [ERROR] Failed to load resource: net::ERR_INTERNET_DISCONNECTED @ https://www.canva.com/_online?1788397406456:0
[52468608ms] [ERROR] Failed to load resource: net::ERR_INTERNET_DISCONNECTED @ https://www.canva.com/_online?1788397412927:0
[52474757ms] [ERROR] Failed to load resource: net::ERR_INTERNET_DISCONNECTED @ https://www.canva.com/_online?1788397419076:0
[52481235ms] [ERROR] Failed to load resource: net::ERR_INTERNET_DISCONNECTED @ https://www.canva.com/_online?1788397425553:0
[52487656ms] [ERROR] Failed to load resource: net::ERR_INTERNET_DISCONNECTED @ https://www.canva.com/_online?1788397431974:0
[52493032ms] [ERROR] Failed to load resource: net::ERR_INTERNET_DISCONNECTED @ https://www.canva.com/_online?1788397437351:0
[52499399ms] [ERROR] Failed to load resource: net::ERR_INTERNET_DISCONNECTED @ https://www.canva.com/_online?1788397443718:0
[52504865ms] [ERROR] Failed to load resource: net::ERR_INTERNET_DISCONNECTED @ https://www.canva.com/_online?1788397449184:0
[52510864ms] [ERROR] Failed to load resource: net::ERR_INTERNET_DISCONNECTED @ https://www.canva.com/_online?1788397455183:0
[52516613ms] [ERROR] Failed to load resource: net::ERR_INTERNET_DISCONNECTED @ https://www.canva.com/_online?1788397460932:0
[52522239ms] [ERROR] Failed to load resource: net::ERR_INTERNET_DISCONNECTED @ https://www.canva.com/_online?1788397466559:0
[52527812ms] [ERROR] Failed to load resource: net::ERR_INTERNET_DISCONNECTED @ https://www.canva.com/_online?1788397472131:0
[52533488ms] [ERROR] Failed to load resource: net::ERR_INTERNET_DISCONNECTED @ https://www.canva.com/_online?1788397477807:0
[52539618ms] [ERROR] Failed to load resource: net::ERR_INTERNET_DISCONNECTED @ https://www.canva.com/_online?1788397483937:0
[52545239ms] [ERROR] Failed to load resource: net::ERR_INTERNET_DISCONNECTED @ https://www.canva.com/_online?1788397489558:0
[52550535ms] [ERROR] Failed to load resource: net::ERR_INTERNET_DISCONNECTED @ https://www.canva.com/_online?1788397494854:0
[52556886ms] [ERROR] Failed to load resource: net::ERR_INTERNET_DISCONNECTED @ https://www.canva.com/_online?1788397501205:0
[52562296ms] [ERROR] Failed to load resource: net::ERR_INTERNET_DISCONNECTED @ https://www.canva.com/_online?1788397506616:0
[52567406ms] [ERROR] Failed to load resource: net::ERR_INTERNET_DISCONNECTED @ https://www.canva.com/_online?1788397511725:0
[52572694ms] [ERROR] Failed to load resource: net::ERR_INTERNET_DISCONNECTED @ https://www.canva.com/_online?1788397517013:0
[52578736ms] [ERROR] Failed to load resource: net::ERR_INTERNET_DISCONNECTED @ https://www.canva.com/_online?1788397523055:0
[52584971ms] [ERROR] Failed to load resource: net::ERR_INTERNET_DISCONNECTED @ https://www.canva.com/_online?1788397529290:0
[52590525ms] [ERROR] Failed to load resource: net::ERR_INTERNET_DISCONNECTED @ https://www.canva.com/_online?1788397534844:0
[52595857ms] [ERROR] Failed to load resource: net::ERR_INTERNET_DISCONNECTED @ https://www.canva.com/_online?1788397540176:0
[52601966ms] [ERROR] Failed to load resource: net::ERR_INTERNET_DISCONNECTED @ https://www.canva.com/_online?1788397546284:0
[52607684ms] [ERROR] Failed to load resource: net::ERR_INTERNET_DISCONNECTED @ https://www.canva.com/_online?1788397552003:0
[52613211ms] [ERROR] Failed to load resource: net::ERR_INTERNET_DISCONNECTED @ https://www.canva.com/_online?1788397557530:0
[52619238ms] [ERROR] Failed to load resource: net::ERR_INTERNET_DISCONNECTED @ https://www.canva.com/_online?1788397563557:0
[52624635ms] [ERROR] Failed to load resource: net::ERR_INTERNET_DISCONNECTED @ https://www.canva.com/_online?1788397568955:0
[52631127ms] [ERROR] Failed to load resource: net::ERR_INTERNET_DISCONNECTED @ https://www.canva.com/_online?1788397575446:0
[52637123ms] [ERROR] Failed to load resource: net::ERR_INTERNET_DISCONNECTED @ https://www.canva.com/_online?1788397581442:0
[52643246ms] [ERROR] Failed to load resource: net::ERR_INTERNET_DISCONNECTED @ https://www.canva.com/_online?1788397587565:0
[52648327ms] [ERROR] Failed to load resource: net::ERR_INTERNET_DISCONNECTED @ https://www.canva.com/_online?1788397592647:0
[52654134ms] [ERROR] Failed to load resource: net::ERR_INTERNET_DISCONNECTED @ https://www.canva.com/_online?1788397598453:0
[52660490ms] [ERROR] Failed to load resource: net::ERR_INTERNET_DISCONNECTED @ https://www.canva.com/_online?1788397604809:0
[52666867ms] [ERROR] Failed to load resource: net::ERR_INTERNET_DISCONNECTED @ https://www.canva.com/_online?1788397611187:0
[52673283ms] [ERROR] Failed to load resource: net::ERR_INTERNET_DISCONNECTED @ https://www.canva.com/_online?1788397617602:0
[52679552ms] [ERROR] Failed to load resource: net::ERR_INTERNET_DISCONNECTED @ https://www.canva.com/_online?1788397623871:0
[52684745ms] [ERROR] Failed to load resource: net::ERR_INTERNET_DISCONNECTED @ https://www.canva.com/_online?1788397629064:0
[52689980ms] [ERROR] Failed to load resource: net::ERR_INTERNET_DISCONNECTED @ https://www.canva.com/_online?1788397634300:0
[52696172ms] [ERROR] Failed to load resource: net::ERR_INTERNET_DISCONNECTED @ https://www.canva.com/_online?1788397640490:0
[52702536ms] [ERROR] Failed to load resource: net::ERR_INTERNET_DISCONNECTED @ https://www.canva.com/_online?1788397646855:0
[52707546ms] [ERROR] Failed to load resource: net::ERR_INTERNET_DISCONNECTED @ https://www.canva.com/_online?1788397651865:0
[52713097ms] [ERROR] Failed to load resource: net::ERR_INTERNET_DISCONNECTED @ https://www.canva.com/_online?1788397657416:0
[52718504ms] [ERROR] Failed to load resource: net::ERR_INTERNET_DISCONNECTED @ https://www.canva.com/_online?1788397662823:0
[52723607ms] [ERROR] Failed to load resource: net::ERR_INTERNET_DISCONNECTED @ https://www.canva.com/_online?1788397667926:0
[52728839ms] [ERROR] Failed to load resource: net::ERR_INTERNET_DISCONNECTED @ https://www.canva.com/_online?1788397673158:0
[52734914ms] [ERROR] Failed to load resource: net::ERR_INTERNET_DISCONNECTED @ https://www.canva.com/_online?1788397679233:0
[52741103ms] [ERROR] Failed to load resource: net::ERR_INTERNET_DISCONNECTED @ https://www.canva.com/_online?1788397685422:0
[52746714ms] [ERROR] Failed to load resource: net::ERR_INTERNET_DISCONNECTED @ https://www.canva.com/_online?1788397691032:0
[52753009ms] [ERROR] Failed to load resource: net::ERR_INTERNET_DISCONNECTED @ https://www.canva.com/_online?1788397697328:0
[52759272ms] [ERROR] Failed to load resource: net::ERR_INTERNET_DISCONNECTED @ https://www.canva.com/_online?1788397703591:0
[52765699ms] [ERROR] Failed to load resource: net::ERR_INTERNET_DISCONNECTED @ https://www.canva.com/_online?1788397710018:0
[52771892ms] [ERROR] Failed to load resource: net::ERR_INTERNET_DISCONNECTED @ https://www.canva.com/_online?1788397716210:0
[52776944ms] [ERROR] Failed to load resource: net::ERR_INTERNET_DISCONNECTED @ https://www.canva.com/_online?1788397721262:0
[52782471ms] [ERROR] Failed to load resource: net::ERR_INTERNET_DISCONNECTED @ https://www.canva.com/_online?1788397726790:0
[52787838ms] [ERROR] Failed to load resource: net::ERR_INTERNET_DISCONNECTED @ https://www.canva.com/_online?1788397732156:0
[52794275ms] [ERROR] Failed to load resource: net::ERR_INTERNET_DISCONNECTED @ https://www.canva.com/_online?1788397738594:0
[52799909ms] [ERROR] Failed to load resource: net::ERR_INTERNET_DISCONNECTED @ https://www.canva.com/_online?1788397744228:0
[52805724ms] [ERROR] Failed to load resource: net::ERR_INTERNET_DISCONNECTED @ https://www.canva.com/_online?1788397750044:0
[52811578ms] [ERROR] Failed to load resource: net::ERR_INTERNET_DISCONNECTED @ https://www.canva.com/_online?1788397755897:0
[52816724ms] [ERROR] Failed to load resource: net::ERR_INTERNET_DISCONNECTED @ https://www.canva.com/_online?1788397761043:0
[52823121ms] [ERROR] Failed to load resource: net::ERR_INTERNET_DISCONNECTED @ https://www.canva.com/_online?1788397767441:0
[52829353ms] [ERROR] Failed to load resource: net::ERR_INTERNET_DISCONNECTED @ https://www.canva.com/_online?1788397773672:0
[52835584ms] [ERROR] Failed to load resource: net::ERR_INTERNET_DISCONNECTED @ https://www.canva.com/_online?1788397779903:0
[52840979ms] [ERROR] Failed to load resource: net::ERR_INTERNET_DISCONNECTED @ https://www.canva.com/_online?1788397785298:0
[52846567ms] [ERROR] Failed to load resource: net::ERR_INTERNET_DISCONNECTED @ https://www.canva.com/_online?1788397790885:0
[52852315ms] [ERROR] Failed to load resource: net::ERR_INTERNET_DISCONNECTED @ https://www.canva.com/_online?1788397796634:0
[52858543ms] [ERROR] Failed to load resource: net::ERR_INTERNET_DISCONNECTED @ https://www.canva.com/_online?1788397802862:0
[52863689ms] [ERROR] Failed to load resource: net::ERR_INTERNET_DISCONNECTED @ https://www.canva.com/_online?1788397808008:0
[52869629ms] [ERROR] Failed to load resource: net::ERR_INTERNET_DISCONNECTED @ https://www.canva.com/_online?1788397813948:0
[52874648ms] [ERROR] Failed to load resource: net::ERR_INTERNET_DISCONNECTED @ https://www.canva.com/_online?1788397818967:0
[52880697ms] [ERROR] Failed to load resource: net::ERR_INTERNET_DISCONNECTED @ https://www.canva.com/_online?1788397825016:0
[52886045ms] [ERROR] Failed to load resource: net::ERR_INTERNET_DISCONNECTED @ https://www.canva.com/_online?1788397830364:0
[52892353ms] [ERROR] Failed to load resource: net::ERR_INTERNET_DISCONNECTED @ https://www.canva.com/_online?1788397836672:0
[52898701ms] [ERROR] Failed to load resource: net::ERR_INTERNET_DISCONNECTED @ https://www.canva.com/_online?1788397843020:0
[52904250ms] [ERROR] Failed to load resource: net::ERR_INTERNET_DISCONNECTED @ https://www.canva.com/_online?1788397848569:0
[52909292ms] [ERROR] Failed to load resource: net::ERR_INTERNET_DISCONNECTED @ https://www.canva.com/_online?1788397853611:0
[52914415ms] [ERROR] Failed to load resource: net::ERR_INTERNET_DISCONNECTED @ https://www.canva.com/_online?1788397858734:0
[52919564ms] [ERROR] Failed to load resource: net::ERR_INTERNET_DISCONNECTED @ https://www.canva.com/_online?1788397863883:0
[52925688ms] [ERROR] Failed to load resource: net::ERR_INTERNET_DISCONNECTED @ https://www.canva.com/_online?1788397870007:0
[52930879ms] [ERROR] Failed to load resource: net::ERR_INTERNET_DISCONNECTED @ https://www.canva.com/_online?1788397875198:0
[52936126ms] [ERROR] Failed to load resource: net::ERR_INTERNET_DISCONNECTED @ https://www.canva.com/_online?1788397880445:0
[52941202ms] [ERROR] Failed to load resource: net::ERR_INTERNET_DISCONNECTED @ https://www.canva.com/_online?1788397885521:0
[52947388ms] [ERROR] Failed to load resource: net::ERR_INTERNET_DISCONNECTED @ https://www.canva.com/_online?1788397891707:0
[52952571ms] [ERROR] Failed to load resource: net::ERR_INTERNET_DISCONNECTED @ https://www.canva.com/_online?1788397896891:0
[52958549ms] [ERROR] Failed to load resource: net::ERR_INTERNET_DISCONNECTED @ https://www.canva.com/_online?1788397902867:0
[52963878ms] [ERROR] Failed to load resource: net::ERR_INTERNET_DISCONNECTED @ https://www.canva.com/_online?1788397908197:0
[52970005ms] [ERROR] Failed to load resource: net::ERR_INTERNET_DISCONNECTED @ https://www.canva.com/_online?1788397914323:0
[52975741ms] [ERROR] Failed to load resource: net::ERR_INTERNET_DISCONNECTED @ https://www.canva.com/_online?1788397920060:0
[52980961ms] [ERROR] Failed to load resource: net::ERR_INTERNET_DISCONNECTED @ https://www.canva.com/_online?1788397925280:0
[52986902ms] [ERROR] Failed to load resource: net::ERR_INTERNET_DISCONNECTED @ https://www.canva.com/_online?1788397931221:0
[52993151ms] [ERROR] Failed to load resource: net::ERR_INTERNET_DISCONNECTED @ https://www.canva.com/_online?1788397937470:0
[52999250ms] [ERROR] Failed to load resource: net::ERR_INTERNET_DISCONNECTED @ https://www.canva.com/_online?1788397943569:0
[53005145ms] [ERROR] Failed to load resource: net::ERR_INTERNET_DISCONNECTED @ https://www.canva.com/_online?1788397949464:0
[53010654ms] [ERROR] Failed to load resource: net::ERR_INTERNET_DISCONNECTED @ https://www.canva.com/_online?1788397954973:0
[53016695ms] [ERROR] Failed to load resource: net::ERR_INTERNET_DISCONNECTED @ https://www.canva.com/_online?1788397961014:0
[53021766ms] [ERROR] Failed to load resource: net::ERR_INTERNET_DISCONNECTED @ https://www.canva.com/_online?1788397966085:0
[53027409ms] [ERROR] Failed to load resource: net::ERR_INTERNET_DISCONNECTED @ https://www.canva.com/_online?1788397971728:0
[53033450ms] [ERROR] Failed to load resource: net::ERR_INTERNET_DISCONNECTED @ https://www.canva.com/_online?1788397977769:0
[53039700ms] [ERROR] Failed to load resource: net::ERR_INTERNET_DISCONNECTED @ https://www.canva.com/_online?1788397984018:0
[53045452ms] [ERROR] Failed to load resource: net::ERR_INTERNET_DISCONNECTED @ https://www.canva.com/_online?1788397989770:0
[53051274ms] [ERROR] Failed to load resource: net::ERR_INTERNET_DISCONNECTED @ https://www.canva.com/_online?1788397995592:0
[53057336ms] [ERROR] Failed to load resource: net::ERR_INTERNET_DISCONNECTED @ https://www.canva.com/_online?1788398001655:0
[53062441ms] [ERROR] Failed to load resource: net::ERR_INTERNET_DISCONNECTED @ https://www.canva.com/_online?1788398006760:0
[53068931ms] [ERROR] Failed to load resource: net::ERR_INTERNET_DISCONNECTED @ https://www.canva.com/_online?1788398013248:0
[53074025ms] [ERROR] Failed to load resource: net::ERR_INTERNET_DISCONNECTED @ https://www.canva.com/_online?1788398018344:0
[53079384ms] [ERROR] Failed to load resource: net::ERR_INTERNET_DISCONNECTED @ https://www.canva.com/_online?1788398023704:0
[53085283ms] [ERROR] Failed to load resource: net::ERR_INTERNET_DISCONNECTED @ https://www.canva.com/_online?1788398029602:0
[53090634ms] [ERROR] Failed to load resource: net::ERR_INTERNET_DISCONNECTED @ https://www.canva.com/_online?1788398034953:0
[53096821ms] [ERROR] Failed to load resource: net::ERR_INTERNET_DISCONNECTED @ https://www.canva.com/_online?1788398041140:0
[53102378ms] [ERROR] Failed to load resource: net::ERR_INTERNET_DISCONNECTED @ https://www.canva.com/_online?1788398046697:0
[53107661ms] [ERROR] Failed to load resource: net::ERR_INTERNET_DISCONNECTED @ https://www.canva.com/_online?1788398051979:0
[53113972ms] [ERROR] Failed to load resource: net::ERR_INTERNET_DISCONNECTED @ https://www.canva.com/_online?1788398058292:0
[53120210ms] [ERROR] Failed to load resource: net::ERR_INTERNET_DISCONNECTED @ https://www.canva.com/_online?1788398064529:0
[53126239ms] [ERROR] Failed to load resource: net::ERR_INTERNET_DISCONNECTED @ https://www.canva.com/_online?1788398070558:0
[53132466ms] [ERROR] Failed to load resource: net::ERR_INTERNET_DISCONNECTED @ https://www.canva.com/_online?1788398076784:0
[53137773ms] [ERROR] Failed to load resource: net::ERR_INTERNET_DISCONNECTED @ https://www.canva.com/_online?1788398082091:0
[53143010ms] [ERROR] Failed to load resource: net::ERR_INTERNET_DISCONNECTED @ https://www.canva.com/_online?1788398087329:0
[53148565ms] [ERROR] Failed to load resource: net::ERR_INTERNET_DISCONNECTED @ https://www.canva.com/_online?1788398092884:0
[53153741ms] [ERROR] Failed to load resource: net::ERR_INTERNET_DISCONNECTED @ https://www.canva.com/_online?1788398098060:0
[53159944ms] [ERROR] Failed to load resource: net::ERR_INTERNET_DISCONNECTED @ https://www.canva.com/_online?1788398104263:0
[53165281ms] [ERROR] Failed to load resource: net::ERR_INTERNET_DISCONNECTED @ https://www.canva.com/_online?1788398109600:0
[53170450ms] [ERROR] Failed to load resource: net::ERR_INTERNET_DISCONNECTED @ https://www.canva.com/_online?1788398114770:0
[53176859ms] [ERROR] Failed to load resource: net::ERR_INTERNET_DISCONNECTED @ https://www.canva.com/_online?1788398121177:0
[53182109ms] [ERROR] Failed to load resource: net::ERR_INTERNET_DISCONNECTED @ https://www.canva.com/_online?1788398126428:0
[53188556ms] [ERROR] Failed to load resource: net::ERR_INTERNET_DISCONNECTED @ https://www.canva.com/_online?1788398132876:0
[53193963ms] [ERROR] Failed to load resource: net::ERR_INTERNET_DISCONNECTED @ https://www.canva.com/_online?1788398138282:0
[53199379ms] [ERROR] Failed to load resource: net::ERR_INTERNET_DISCONNECTED @ https://www.canva.com/_online?1788398143699:0
[53204896ms] [ERROR] Failed to load resource: net::ERR_INTERNET_DISCONNECTED @ https://www.canva.com/_online?1788398149215:0
[53210397ms] [ERROR] Failed to load resource: net::ERR_INTERNET_DISCONNECTED @ https://www.canva.com/_online?1788398154716:0
[53215552ms] [ERROR] Failed to load resource: net::ERR_INTERNET_DISCONNECTED @ https://www.canva.com/_online?1788398159870:0
[53221006ms] [ERROR] Failed to load resource: net::ERR_INTERNET_DISCONNECTED @ https://www.canva.com/_online?1788398165325:0
[53226091ms] [ERROR] Failed to load resource: net::ERR_INTERNET_DISCONNECTED @ https://www.canva.com/_online?1788398170410:0
[53231220ms] [ERROR] Failed to load resource: net::ERR_INTERNET_DISCONNECTED @ https://www.canva.com/_online?1788398175539:0
[53237112ms] [ERROR] Failed to load resource: net::ERR_INTERNET_DISCONNECTED @ https://www.canva.com/_online?1788398181431:0
[53243314ms] [ERROR] Failed to load resource: net::ERR_INTERNET_DISCONNECTED @ https://www.canva.com/_online?1788398187633:0
[53248445ms] [ERROR] Failed to load resource: net::ERR_INTERNET_DISCONNECTED @ https://www.canva.com/_online?1788398192763:0
[53254410ms] [ERROR] Failed to load resource: net::ERR_INTERNET_DISCONNECTED @ https://www.canva.com/_online?1788398198728:0
[53260392ms] [ERROR] Failed to load resource: net::ERR_INTERNET_DISCONNECTED @ https://www.canva.com/_online?1788398204711:0
[53265622ms] [ERROR] Failed to load resource: net::ERR_INTERNET_DISCONNECTED @ https://www.canva.com/_online?1788398209941:0
[53271368ms] [ERROR] Failed to load resource: net::ERR_INTERNET_DISCONNECTED @ https://www.canva.com/_online?1788398215687:0
[53277700ms] [ERROR] Failed to load resource: net::ERR_INTERNET_DISCONNECTED @ https://www.canva.com/_online?1788398222019:0
[53283067ms] [ERROR] Failed to load resource: net::ERR_INTERNET_DISCONNECTED @ https://www.canva.com/_online?1788398227386:0
[53288705ms] [ERROR] Failed to load resource: net::ERR_INTERNET_DISCONNECTED @ https://www.canva.com/_online?1788398233024:0
[53294494ms] [ERROR] Failed to load resource: net::ERR_INTERNET_DISCONNECTED @ https://www.canva.com/_online?1788398238813:0
[53299674ms] [ERROR] Failed to load resource: net::ERR_INTERNET_DISCONNECTED @ https://www.canva.com/_online?1788398243993:0
[53305235ms] [ERROR] Failed to load resource: net::ERR_INTERNET_DISCONNECTED @ https://www.canva.com/_online?1788398249554:0
[53311424ms] [ERROR] Failed to load resource: net::ERR_INTERNET_DISCONNECTED @ https://www.canva.com/_online?1788398255743:0
[53317197ms] [ERROR] Failed to load resource: net::ERR_INTERNET_DISCONNECTED @ https://www.canva.com/_online?1788398261516:0
[53323127ms] [ERROR] Failed to load resource: net::ERR_INTERNET_DISCONNECTED @ https://www.canva.com/_online?1788398267446:0
[53329540ms] [ERROR] Failed to load resource: net::ERR_INTERNET_DISCONNECTED @ https://www.canva.com/_online?1788398273859:0
[53335084ms] [ERROR] Failed to load resource: net::ERR_INTERNET_DISCONNECTED @ https://www.canva.com/_online?1788398279403:0
[53340102ms] [ERROR] Failed to load resource: net::ERR_INTERNET_DISCONNECTED @ https://www.canva.com/_online?1788398284421:0
[53345323ms] [ERROR] Failed to load resource: net::ERR_INTERNET_DISCONNECTED @ https://www.canva.com/_online?1788398289643:0
[53351082ms] [ERROR] Failed to load resource: net::ERR_INTERNET_DISCONNECTED @ https://www.canva.com/_online?1788398295400:0
[53356459ms] [ERROR] Failed to load resource: net::ERR_INTERNET_DISCONNECTED @ https://www.canva.com/_online?1788398300778:0
[53361740ms] [ERROR] Failed to load resource: net::ERR_INTERNET_DISCONNECTED @ https://www.canva.com/_online?1788398306057:0
[53368143ms] [ERROR] Failed to load resource: net::ERR_INTERNET_DISCONNECTED @ https://www.canva.com/_online?1788398312463:0
[53374280ms] [ERROR] Failed to load resource: net::ERR_INTERNET_DISCONNECTED @ https://www.canva.com/_online?1788398318599:0
[53379894ms] [ERROR] Failed to load resource: net::ERR_INTERNET_DISCONNECTED @ https://www.canva.com/_online?1788398324213:0
[53386364ms] [ERROR] Failed to load resource: net::ERR_INTERNET_DISCONNECTED @ https://www.canva.com/_online?1788398330682:0
[53392734ms] [ERROR] Failed to load resource: net::ERR_INTERNET_DISCONNECTED @ https://www.canva.com/_online?1788398337053:0
[53399209ms] [ERROR] Failed to load resource: net::ERR_INTERNET_DISCONNECTED @ https://www.canva.com/_online?1788398343528:0
[53404655ms] [ERROR] Failed to load resource: net::ERR_INTERNET_DISCONNECTED @ https://www.canva.com/_online?1788398348974:0
[53410650ms] [ERROR] Failed to load resource: net::ERR_INTERNET_DISCONNECTED @ https://www.canva.com/_online?1788398354969:0
[53417132ms] [ERROR] Failed to load resource: net::ERR_INTERNET_DISCONNECTED @ https://www.canva.com/_online?1788398361451:0
[53423082ms] [ERROR] Failed to load resource: net::ERR_INTERNET_DISCONNECTED @ https://www.canva.com/_online?1788398367401:0
[53428107ms] [ERROR] Failed to load resource: net::ERR_INTERNET_DISCONNECTED @ https://www.canva.com/_online?1788398372426:0
[53433784ms] [ERROR] Failed to load resource: net::ERR_INTERNET_DISCONNECTED @ https://www.canva.com/_online?1788398378103:0
[53439198ms] [ERROR] Failed to load resource: net::ERR_INTERNET_DISCONNECTED @ https://www.canva.com/_online?1788398383516:0
[53445559ms] [ERROR] Failed to load resource: net::ERR_INTERNET_DISCONNECTED @ https://www.canva.com/_online?1788398389878:0
[53450884ms] [ERROR] Failed to load resource: net::ERR_INTERNET_DISCONNECTED @ https://www.canva.com/_online?1788398395204:0
[53457204ms] [ERROR] Failed to load resource: net::ERR_INTERNET_DISCONNECTED @ https://www.canva.com/_online?1788398401523:0
[53463394ms] [ERROR] Failed to load resource: net::ERR_INTERNET_DISCONNECTED @ https://www.canva.com/_online?1788398407713:0
[53468971ms] [ERROR] Failed to load resource: net::ERR_INTERNET_DISCONNECTED @ https://www.canva.com/_online?1788398413290:0
[53474494ms] [ERROR] Failed to load resource: net::ERR_INTERNET_DISCONNECTED @ https://www.canva.com/_online?1788398418813:0
[53479845ms] [ERROR] Failed to load resource: net::ERR_INTERNET_DISCONNECTED @ https://www.canva.com/_online?1788398424164:0
[53486335ms] [ERROR] Failed to load resource: net::ERR_INTERNET_DISCONNECTED @ https://www.canva.com/_online?1788398430654:0
[53492565ms] [ERROR] Failed to load resource: net::ERR_INTERNET_DISCONNECTED @ https://www.canva.com/_online?1788398436884:0
[53497970ms] [ERROR] Failed to load resource: net::ERR_INTERNET_DISCONNECTED @ https://www.canva.com/_online?1788398442288:0
[53503143ms] [ERROR] Failed to load resource: net::ERR_INTERNET_DISCONNECTED @ https://www.canva.com/_online?1788398447462:0
[53509411ms] [ERROR] Failed to load resource: net::ERR_INTERNET_DISCONNECTED @ https://www.canva.com/_online?1788398453730:0
[53514495ms] [ERROR] Failed to load resource: net::ERR_INTERNET_DISCONNECTED @ https://www.canva.com/_online?1788398458815:0
[53520181ms] [ERROR] Failed to load resource: net::ERR_INTERNET_DISCONNECTED @ https://www.canva.com/_online?1788398464500:0
[53525724ms] [ERROR] Failed to load resource: net::ERR_INTERNET_DISCONNECTED @ https://www.canva.com/_online?1788398470043:0
[53531422ms] [ERROR] Failed to load resource: net::ERR_INTERNET_DISCONNECTED @ https://www.canva.com/_online?1788398475741:0
[53537389ms] [ERROR] Failed to load resource: net::ERR_INTERNET_DISCONNECTED @ https://www.canva.com/_online?1788398481709:0
[53542499ms] [ERROR] Failed to load resource: net::ERR_INTERNET_DISCONNECTED @ https://www.canva.com/_online?1788398486818:0
[53548938ms] [ERROR] Failed to load resource: net::ERR_INTERNET_DISCONNECTED @ https://www.canva.com/_online?1788398493257:0
[53554797ms] [ERROR] Failed to load resource: net::ERR_INTERNET_DISCONNECTED @ https://www.canva.com/_online?1788398499116:0
[53561152ms] [ERROR] Failed to load resource: net::ERR_INTERNET_DISCONNECTED @ https://www.canva.com/_online?1788398505470:0
[53567095ms] [ERROR] Failed to load resource: net::ERR_INTERNET_DISCONNECTED @ https://www.canva.com/_online?1788398511414:0
[53573309ms] [ERROR] Failed to load resource: net::ERR_INTERNET_DISCONNECTED @ https://www.canva.com/_online?1788398517628:0
[53578551ms] [ERROR] Failed to load resource: net::ERR_INTERNET_DISCONNECTED @ https://www.canva.com/_online?1788398522870:0
[53584811ms] [ERROR] Failed to load resource: net::ERR_INTERNET_DISCONNECTED @ https://www.canva.com/_online?1788398529130:0
[53590261ms] [ERROR] Failed to load resource: net::ERR_INTERNET_DISCONNECTED @ https://www.canva.com/_online?1788398534580:0
[53595453ms] [ERROR] Failed to load resource: net::ERR_INTERNET_DISCONNECTED @ https://www.canva.com/_online?1788398539772:0
[53601877ms] [ERROR] Failed to load resource: net::ERR_INTERNET_DISCONNECTED @ https://www.canva.com/_online?1788398546196:0
[53607576ms] [ERROR] Failed to load resource: net::ERR_INTERNET_DISCONNECTED @ https://www.canva.com/_online?1788398551895:0
[53613151ms] [ERROR] Failed to load resource: net::ERR_INTERNET_DISCONNECTED @ https://www.canva.com/_online?1788398557470:0
[53618646ms] [ERROR] Failed to load resource: net::ERR_INTERNET_DISCONNECTED @ https://www.canva.com/_online?1788398562965:0
[53624723ms] [ERROR] Failed to load resource: net::ERR_INTERNET_DISCONNECTED @ https://www.canva.com/_online?1788398569042:0
[53630153ms] [ERROR] Failed to load resource: net::ERR_INTERNET_DISCONNECTED @ https://www.canva.com/_online?1788398574472:0
[53636599ms] [ERROR] Failed to load resource: net::ERR_INTERNET_DISCONNECTED @ https://www.canva.com/_online?1788398580917:0
[53642229ms] [ERROR] Failed to load resource: net::ERR_INTERNET_DISCONNECTED @ https://www.canva.com/_online?1788398586548:0
[53647699ms] [ERROR] Failed to load resource: net::ERR_INTERNET_DISCONNECTED @ https://www.canva.com/_online?1788398592019:0
[53653791ms] [ERROR] Failed to load resource: net::ERR_INTERNET_DISCONNECTED @ https://www.canva.com/_online?1788398598110:0
[53659107ms] [ERROR] Failed to load resource: net::ERR_INTERNET_DISCONNECTED @ https://www.canva.com/_online?1788398603426:0
[53664231ms] [ERROR] Failed to load resource: net::ERR_INTERNET_DISCONNECTED @ https://www.canva.com/_online?1788398608548:0
[53669586ms] [ERROR] Failed to load resource: net::ERR_INTERNET_DISCONNECTED @ https://www.canva.com/_online?1788398613905:0
[53675620ms] [ERROR] Failed to load resource: net::ERR_INTERNET_DISCONNECTED @ https://www.canva.com/_online?1788398619938:0
[53680956ms] [ERROR] Failed to load resource: net::ERR_INTERNET_DISCONNECTED @ https://www.canva.com/_online?1788398625275:0
[53686757ms] [ERROR] Failed to load resource: net::ERR_INTERNET_DISCONNECTED @ https://www.canva.com/_online?1788398631076:0
[53692664ms] [ERROR] Failed to load resource: net::ERR_INTERNET_DISCONNECTED @ https://www.canva.com/_online?1788398636983:0
[53698027ms] [ERROR] Failed to load resource: net::ERR_INTERNET_DISCONNECTED @ https://www.canva.com/_online?1788398642346:0
[53704450ms] [ERROR] Failed to load resource: net::ERR_INTERNET_DISCONNECTED @ https://www.canva.com/_online?1788398648769:0
[53710142ms] [ERROR] Failed to load resource: net::ERR_INTERNET_DISCONNECTED @ https://www.canva.com/_online?1788398654461:0
[53716357ms] [ERROR] Failed to load resource: net::ERR_INTERNET_DISCONNECTED @ https://www.canva.com/_online?1788398660676:0
[53721902ms] [ERROR] Failed to load resource: net::ERR_INTERNET_DISCONNECTED @ https://www.canva.com/_online?1788398666221:0
[53728378ms] [ERROR] Failed to load resource: net::ERR_INTERNET_DISCONNECTED @ https://www.canva.com/_online?1788398672697:0
[53734435ms] [ERROR] Failed to load resource: net::ERR_INTERNET_DISCONNECTED @ https://www.canva.com/_online?1788398678754:0
[53739872ms] [ERROR] Failed to load resource: net::ERR_INTERNET_DISCONNECTED @ https://www.canva.com/_online?1788398684191:0
[53746169ms] [ERROR] Failed to load resource: net::ERR_INTERNET_DISCONNECTED @ https://www.canva.com/_online?1788398690488:0
[53746318ms] [ERROR] Failed to load resource: net::ERR_INTERNET_DISCONNECTED @ https://www.canva.com/_ajax/livefolderitem/channel/AoJWAbKSVEFcr6ojT373jz8/retrieve_updates?continuation=1788349892913-0:0
[53751476ms] [ERROR] Failed to load resource: net::ERR_INTERNET_DISCONNECTED @ https://www.canva.com/_online?1788398695796:0
[53757017ms] [ERROR] Failed to load resource: net::ERR_INTERNET_DISCONNECTED @ https://www.canva.com/_online?1788398701336:0
[53763427ms] [ERROR] Failed to load resource: net::ERR_INTERNET_DISCONNECTED @ https://www.canva.com/_online?1788398707746:0
[53769573ms] [ERROR] Failed to load resource: net::ERR_INTERNET_DISCONNECTED @ https://www.canva.com/_online?1788398713892:0
[53775750ms] [ERROR] Failed to load resource: net::ERR_INTERNET_DISCONNECTED @ https://www.canva.com/_online?1788398720069:0
[53780945ms] [ERROR] Failed to load resource: net::ERR_INTERNET_DISCONNECTED @ https://www.canva.com/_online?1788398725264:0
[53787050ms] [ERROR] Failed to load resource: net::ERR_INTERNET_DISCONNECTED @ https://www.canva.com/_online?1788398731369:0
[53792586ms] [ERROR] Failed to load resource: net::ERR_INTERNET_DISCONNECTED @ https://www.canva.com/_online?1788398736905:0
[53798537ms] [ERROR] Failed to load resource: net::ERR_INTERNET_DISCONNECTED @ https://www.canva.com/_online?1788398742856:0
[53804241ms] [ERROR] Failed to load resource: net::ERR_INTERNET_DISCONNECTED @ https://www.canva.com/_online?1788398748560:0
[53809991ms] [ERROR] Failed to load resource: net::ERR_INTERNET_DISCONNECTED @ https://www.canva.com/_online?1788398754310:0
[53816373ms] [ERROR] Failed to load resource: net::ERR_INTERNET_DISCONNECTED @ https://www.canva.com/_online?1788398760692:0
[53821703ms] [ERROR] Failed to load resource: net::ERR_INTERNET_DISCONNECTED @ https://www.canva.com/_online?1788398766022:0
[53827735ms] [ERROR] Failed to load resource: net::ERR_INTERNET_DISCONNECTED @ https://www.canva.com/_online?1788398772054:0
[53833516ms] [ERROR] Failed to load resource: net::ERR_INTERNET_DISCONNECTED @ https://www.canva.com/_online?1788398777836:0
[53839956ms] [ERROR] Failed to load resource: net::ERR_INTERNET_DISCONNECTED @ https://www.canva.com/_online?1788398784274:0
[53846120ms] [ERROR] Failed to load resource: net::ERR_INTERNET_DISCONNECTED @ https://www.canva.com/_online?1788398790438:0
[53851752ms] [ERROR] Failed to load resource: net::ERR_INTERNET_DISCONNECTED @ https://www.canva.com/_online?1788398796071:0
[53857805ms] [ERROR] Failed to load resource: net::ERR_INTERNET_DISCONNECTED @ https://www.canva.com/_online?1788398802124:0
[53864031ms] [ERROR] Failed to load resource: net::ERR_INTERNET_DISCONNECTED @ https://www.canva.com/_online?1788398808349:0
[53869851ms] [ERROR] Failed to load resource: net::ERR_INTERNET_DISCONNECTED @ https://www.canva.com/_online?1788398814168:0
[53875089ms] [ERROR] Failed to load resource: net::ERR_INTERNET_DISCONNECTED @ https://www.canva.com/_online?1788398819408:0
[53880658ms] [ERROR] Failed to load resource: net::ERR_INTERNET_DISCONNECTED @ https://www.canva.com/_online?1788398824977:0
[53887081ms] [ERROR] Failed to load resource: net::ERR_INTERNET_DISCONNECTED @ https://www.canva.com/_online?1788398831400:0
[53893559ms] [ERROR] Failed to load resource: net::ERR_INTERNET_DISCONNECTED @ https://www.canva.com/_online?1788398837878:0
[53899190ms] [ERROR] Failed to load resource: net::ERR_INTERNET_DISCONNECTED @ https://www.canva.com/_online?1788398843508:0
[53905662ms] [ERROR] Failed to load resource: net::ERR_INTERNET_DISCONNECTED @ https://www.canva.com/_online?1788398849981:0
[53911953ms] [ERROR] Failed to load resource: net::ERR_INTERNET_DISCONNECTED @ https://www.canva.com/_online?1788398856273:0
[53917076ms] [ERROR] Failed to load resource: net::ERR_INTERNET_DISCONNECTED @ https://www.canva.com/_online?1788398861395:0
[53922309ms] [ERROR] Failed to load resource: net::ERR_INTERNET_DISCONNECTED @ https://www.canva.com/_online?1788398866628:0
[53927555ms] [ERROR] Failed to load resource: net::ERR_INTERNET_DISCONNECTED @ https://www.canva.com/_online?1788398871874:0
[53932781ms] [ERROR] Failed to load resource: net::ERR_INTERNET_DISCONNECTED @ https://www.canva.com/_online?1788398877100:0
[53938056ms] [ERROR] Failed to load resource: net::ERR_INTERNET_DISCONNECTED @ https://www.canva.com/_online?1788398882376:0
[53943219ms] [ERROR] Failed to load resource: net::ERR_INTERNET_DISCONNECTED @ https://www.canva.com/_online?1788398887538:0
[53949365ms] [ERROR] Failed to load resource: net::ERR_INTERNET_DISCONNECTED @ https://www.canva.com/_online?1788398893684:0
[53954453ms] [ERROR] Failed to load resource: net::ERR_INTERNET_DISCONNECTED @ https://www.canva.com/_online?1788398898772:0
[53959623ms] [ERROR] Failed to load resource: net::ERR_INTERNET_DISCONNECTED @ https://www.canva.com/_online?1788398903942:0
[53964967ms] [ERROR] Failed to load resource: net::ERR_INTERNET_DISCONNECTED @ https://www.canva.com/_online?1788398909287:0
[53970180ms] [ERROR] Failed to load resource: net::ERR_INTERNET_DISCONNECTED @ https://www.canva.com/_online?1788398914498:0
[53975270ms] [ERROR] Failed to load resource: net::ERR_INTERNET_DISCONNECTED @ https://www.canva.com/_online?1788398919589:0
[53981525ms] [ERROR] Failed to load resource: net::ERR_INTERNET_DISCONNECTED @ https://www.canva.com/_online?1788398925844:0
[53987001ms] [ERROR] Failed to load resource: net::ERR_INTERNET_DISCONNECTED @ https://www.canva.com/_online?1788398931320:0
[53993153ms] [ERROR] Failed to load resource: net::ERR_INTERNET_DISCONNECTED @ https://www.canva.com/_online?1788398937472:0
[53999409ms] [ERROR] Failed to load resource: net::ERR_INTERNET_DISCONNECTED @ https://www.canva.com/_online?1788398943728:0
[54004677ms] [ERROR] Failed to load resource: net::ERR_INTERNET_DISCONNECTED @ https://www.canva.com/_online?1788398948997:0
[54010206ms] [ERROR] Failed to load resource: net::ERR_INTERNET_DISCONNECTED @ https://www.canva.com/_online?1788398954525:0
[54016625ms] [ERROR] Failed to load resource: net::ERR_INTERNET_DISCONNECTED @ https://www.canva.com/_online?1788398960944:0
[54023072ms] [ERROR] Failed to load resource: net::ERR_INTERNET_DISCONNECTED @ https://www.canva.com/_online?1788398967391:0
[54028257ms] [ERROR] Failed to load resource: net::ERR_INTERNET_DISCONNECTED @ https://www.canva.com/_online?1788398972576:0
[54034456ms] [ERROR] Failed to load resource: net::ERR_INTERNET_DISCONNECTED @ https://www.canva.com/_online?1788398978775:0
[54040440ms] [ERROR] Failed to load resource: net::ERR_INTERNET_DISCONNECTED @ https://www.canva.com/_online?1788398984759:0
[54045700ms] [ERROR] Failed to load resource: net::ERR_INTERNET_DISCONNECTED @ https://www.canva.com/_online?1788398990020:0
[54051536ms] [ERROR] Failed to load resource: net::ERR_INTERNET_DISCONNECTED @ https://www.canva.com/_online?1788398995855:0
[54056548ms] [ERROR] Failed to load resource: net::ERR_INTERNET_DISCONNECTED @ https://www.canva.com/_online?1788399000867:0
[54061639ms] [ERROR] Failed to load resource: net::ERR_INTERNET_DISCONNECTED @ https://www.canva.com/_online?1788399005959:0
[54067614ms] [ERROR] Failed to load resource: net::ERR_INTERNET_DISCONNECTED @ https://www.canva.com/_online?1788399011933:0
[54073051ms] [ERROR] Failed to load resource: net::ERR_INTERNET_DISCONNECTED @ https://www.canva.com/_online?1788399017370:0
[54078650ms] [ERROR] Failed to load resource: net::ERR_INTERNET_DISCONNECTED @ https://www.canva.com/_online?1788399022968:0
[54085146ms] [ERROR] Failed to load resource: net::ERR_INTERNET_DISCONNECTED @ https://www.canva.com/_online?1788399029465:0
[54090187ms] [ERROR] Failed to load resource: net::ERR_INTERNET_DISCONNECTED @ https://www.canva.com/_online?1788399034506:0
[54096524ms] [ERROR] Failed to load resource: net::ERR_INTERNET_DISCONNECTED @ https://www.canva.com/_online?1788399040843:0
[54102755ms] [ERROR] Failed to load resource: net::ERR_INTERNET_DISCONNECTED @ https://www.canva.com/_online?1788399047075:0
[54108173ms] [ERROR] Failed to load resource: net::ERR_INTERNET_DISCONNECTED @ https://www.canva.com/_online?1788399052492:0
[54113704ms] [ERROR] Failed to load resource: net::ERR_INTERNET_DISCONNECTED @ https://www.canva.com/_online?1788399058023:0
[54118994ms] [ERROR] Failed to load resource: net::ERR_INTERNET_DISCONNECTED @ https://www.canva.com/_online?1788399063313:0
[54125346ms] [ERROR] Failed to load resource: net::ERR_INTERNET_DISCONNECTED @ https://www.canva.com/_online?1788399069664:0
[54131336ms] [ERROR] Failed to load resource: net::ERR_INTERNET_DISCONNECTED @ https://www.canva.com/_online?1788399075655:0
[54137081ms] [ERROR] Failed to load resource: net::ERR_INTERNET_DISCONNECTED @ https://www.canva.com/_online?1788399081400:0
[54143198ms] [ERROR] Failed to load resource: net::ERR_INTERNET_DISCONNECTED @ https://www.canva.com/_online?1788399087517:0
[54148865ms] [ERROR] Failed to load resource: net::ERR_INTERNET_DISCONNECTED @ https://www.canva.com/_online?1788399093184:0
[54155331ms] [ERROR] Failed to load resource: net::ERR_INTERNET_DISCONNECTED @ https://www.canva.com/_online?1788399099650:0
[54161448ms] [ERROR] Failed to load resource: net::ERR_INTERNET_DISCONNECTED @ https://www.canva.com/_online?1788399105767:0
[54166937ms] [ERROR] Failed to load resource: net::ERR_INTERNET_DISCONNECTED @ https://www.canva.com/_online?1788399111256:0
[54172101ms] [ERROR] Failed to load resource: net::ERR_INTERNET_DISCONNECTED @ https://www.canva.com/_online?1788399116420:0
[54177164ms] [ERROR] Failed to load resource: net::ERR_INTERNET_DISCONNECTED @ https://www.canva.com/_online?1788399121483:0
[54183476ms] [ERROR] Failed to load resource: net::ERR_INTERNET_DISCONNECTED @ https://www.canva.com/_online?1788399127795:0
[54189278ms] [ERROR] Failed to load resource: net::ERR_INTERNET_DISCONNECTED @ https://www.canva.com/_online?1788399133597:0
[54195009ms] [ERROR] Failed to load resource: net::ERR_INTERNET_DISCONNECTED @ https://www.canva.com/_online?1788399139328:0
[54201389ms] [ERROR] Failed to load resource: net::ERR_INTERNET_DISCONNECTED @ https://www.canva.com/_online?1788399145708:0
[54206609ms] [ERROR] Failed to load resource: net::ERR_INTERNET_DISCONNECTED @ https://www.canva.com/_online?1788399150928:0
[54212357ms] [ERROR] Failed to load resource: net::ERR_INTERNET_DISCONNECTED @ https://www.canva.com/_online?1788399156676:0
[54217501ms] [ERROR] Failed to load resource: net::ERR_INTERNET_DISCONNECTED @ https://www.canva.com/_online?1788399161820:0
[54222985ms] [ERROR] Failed to load resource: net::ERR_INTERNET_DISCONNECTED @ https://www.canva.com/_online?1788399167304:0
[54228069ms] [ERROR] Failed to load resource: net::ERR_INTERNET_DISCONNECTED @ https://www.canva.com/_online?1788399172388:0
[54233370ms] [ERROR] Failed to load resource: net::ERR_INTERNET_DISCONNECTED @ https://www.canva.com/_online?1788399177689:0
[54238474ms] [ERROR] Failed to load resource: net::ERR_INTERNET_DISCONNECTED @ https://www.canva.com/_online?1788399182793:0
[54244639ms] [ERROR] Failed to load resource: net::ERR_INTERNET_DISCONNECTED @ https://www.canva.com/_online?1788399188957:0
[54250622ms] [ERROR] Failed to load resource: net::ERR_INTERNET_DISCONNECTED @ https://www.canva.com/_online?1788399194941:0
[54256794ms] [ERROR] Failed to load resource: net::ERR_INTERNET_DISCONNECTED @ https://www.canva.com/_online?1788399201113:0
[54263138ms] [ERROR] Failed to load resource: net::ERR_INTERNET_DISCONNECTED @ https://www.canva.com/_online?1788399207457:0
[54268495ms] [ERROR] Failed to load resource: net::ERR_INTERNET_DISCONNECTED @ https://www.canva.com/_online?1788399212814:0
[54274909ms] [ERROR] Failed to load resource: net::ERR_INTERNET_DISCONNECTED @ https://www.canva.com/_online?1788399219228:0
[54280455ms] [ERROR] Failed to load resource: net::ERR_INTERNET_DISCONNECTED @ https://www.canva.com/_online?1788399224774:0
[54286591ms] [ERROR] Failed to load resource: net::ERR_INTERNET_DISCONNECTED @ https://www.canva.com/_online?1788399230910:0
[54293050ms] [ERROR] Failed to load resource: net::ERR_INTERNET_DISCONNECTED @ https://www.canva.com/_online?1788399237369:0
[54299409ms] [ERROR] Failed to load resource: net::ERR_INTERNET_DISCONNECTED @ https://www.canva.com/_online?1788399243728:0
[54304808ms] [ERROR] Failed to load resource: net::ERR_INTERNET_DISCONNECTED @ https://www.canva.com/_online?1788399249127:0
[54310612ms] [ERROR] Failed to load resource: net::ERR_INTERNET_DISCONNECTED @ https://www.canva.com/_online?1788399254931:0
[54315622ms] [ERROR] Failed to load resource: net::ERR_INTERNET_DISCONNECTED @ https://www.canva.com/_online?1788399259941:0
[54321513ms] [ERROR] Failed to load resource: net::ERR_INTERNET_DISCONNECTED @ https://www.canva.com/_online?1788399265832:0
[54326865ms] [ERROR] Failed to load resource: net::ERR_INTERNET_DISCONNECTED @ https://www.canva.com/_online?1788399271184:0
[54332135ms] [ERROR] Failed to load resource: net::ERR_INTERNET_DISCONNECTED @ https://www.canva.com/_online?1788399276454:0
[54338627ms] [ERROR] Failed to load resource: net::ERR_INTERNET_DISCONNECTED @ https://www.canva.com/_online?1788399282945:0
[54344047ms] [ERROR] Failed to load resource: net::ERR_INTERNET_DISCONNECTED @ https://www.canva.com/_online?1788399288366:0
[54349078ms] [ERROR] Failed to load resource: net::ERR_INTERNET_DISCONNECTED @ https://www.canva.com/_online?1788399293397:0
[54355320ms] [ERROR] Failed to load resource: net::ERR_INTERNET_DISCONNECTED @ https://www.canva.com/_online?1788399299639:0
[54361158ms] [ERROR] Failed to load resource: net::ERR_INTERNET_DISCONNECTED @ https://www.canva.com/_online?1788399305477:0
[54366880ms] [ERROR] Failed to load resource: net::ERR_INTERNET_DISCONNECTED @ https://www.canva.com/_online?1788399311199:0
[54372344ms] [ERROR] Failed to load resource: net::ERR_INTERNET_DISCONNECTED @ https://www.canva.com/_online?1788399316662:0
[54378599ms] [ERROR] Failed to load resource: net::ERR_INTERNET_DISCONNECTED @ https://www.canva.com/_online?1788399322919:0
[54384730ms] [ERROR] Failed to load resource: net::ERR_INTERNET_DISCONNECTED @ https://www.canva.com/_online?1788399329049:0
[54390769ms] [ERROR] Failed to load resource: net::ERR_INTERNET_DISCONNECTED @ https://www.canva.com/_online?1788399335087:0
[54396832ms] [ERROR] Failed to load resource: net::ERR_INTERNET_DISCONNECTED @ https://www.canva.com/_online?1788399341151:0
[54403002ms] [ERROR] Failed to load resource: net::ERR_INTERNET_DISCONNECTED @ https://www.canva.com/_online?1788399347322:0
[54408128ms] [ERROR] Failed to load resource: net::ERR_INTERNET_DISCONNECTED @ https://www.canva.com/_online?1788399352447:0
[54414175ms] [ERROR] Failed to load resource: net::ERR_INTERNET_DISCONNECTED @ https://www.canva.com/_online?1788399358493:0
[54420093ms] [ERROR] Failed to load resource: net::ERR_INTERNET_DISCONNECTED @ https://www.canva.com/_online?1788399364413:0
[54425888ms] [ERROR] Failed to load resource: net::ERR_INTERNET_DISCONNECTED @ https://www.canva.com/_online?1788399370207:0
[54432054ms] [ERROR] Failed to load resource: net::ERR_INTERNET_DISCONNECTED @ https://www.canva.com/_online?1788399376373:0
[54437794ms] [ERROR] Failed to load resource: net::ERR_INTERNET_DISCONNECTED @ https://www.canva.com/_online?1788399382113:0
[54443439ms] [ERROR] Failed to load resource: net::ERR_INTERNET_DISCONNECTED @ https://www.canva.com/_online?1788399387758:0
[54448667ms] [ERROR] Failed to load resource: net::ERR_INTERNET_DISCONNECTED @ https://www.canva.com/_online?1788399392986:0
[54454001ms] [ERROR] Failed to load resource: net::ERR_INTERNET_DISCONNECTED @ https://www.canva.com/_online?1788399398320:0
[54460506ms] [ERROR] Failed to load resource: net::ERR_INTERNET_DISCONNECTED @ https://www.canva.com/_online?1788399404821:0
[54466205ms] [ERROR] Failed to load resource: net::ERR_INTERNET_DISCONNECTED @ https://www.canva.com/_online?1788399410524:0
[54472570ms] [ERROR] Failed to load resource: net::ERR_INTERNET_DISCONNECTED @ https://www.canva.com/_online?1788399416889:0
[54478099ms] [ERROR] Failed to load resource: net::ERR_INTERNET_DISCONNECTED @ https://www.canva.com/_online?1788399422418:0
[54483384ms] [ERROR] Failed to load resource: net::ERR_INTERNET_DISCONNECTED @ https://www.canva.com/_online?1788399427700:0
[55404329ms] [ERROR] Failed to load resource: net::ERR_INTERNET_DISCONNECTED @ https://www.canva.com/_online?1788400348645:0
[55409689ms] [ERROR] Failed to load resource: net::ERR_INTERNET_DISCONNECTED @ https://www.canva.com/_online?1788400354008:0
[55415039ms] [ERROR] Failed to load resource: net::ERR_INTERNET_DISCONNECTED @ https://www.canva.com/_online?1788400359357:0
[55420946ms] [ERROR] Failed to load resource: net::ERR_INTERNET_DISCONNECTED @ https://www.canva.com/_online?1788400365265:0
[55426218ms] [ERROR] Failed to load resource: net::ERR_INTERNET_DISCONNECTED @ https://www.canva.com/_online?1788400370537:0
[55432609ms] [ERROR] Failed to load resource: net::ERR_INTERNET_DISCONNECTED @ https://www.canva.com/_online?1788400376928:0
[55438892ms] [ERROR] Failed to load resource: net::ERR_INTERNET_DISCONNECTED @ https://www.canva.com/_online?1788400383211:0
[55444410ms] [ERROR] Failed to load resource: net::ERR_INTERNET_DISCONNECTED @ https://www.canva.com/_online?1788400388726:0
[55450710ms] [ERROR] Failed to load resource: net::ERR_INTERNET_DISCONNECTED @ https://www.canva.com/_online?1788400395028:0
[55455746ms] [ERROR] Failed to load resource: net::ERR_INTERNET_DISCONNECTED @ https://www.canva.com/_online?1788400400065:0
[55461208ms] [ERROR] Failed to load resource: net::ERR_INTERNET_DISCONNECTED @ https://www.canva.com/_online?1788400405526:0
[55466403ms] [ERROR] Failed to load resource: net::ERR_INTERNET_DISCONNECTED @ https://www.canva.com/_online?1788400410722:0
[55472449ms] [ERROR] Failed to load resource: net::ERR_INTERNET_DISCONNECTED @ https://www.canva.com/_online?1788400416768:0
[55478422ms] [ERROR] Failed to load resource: net::ERR_INTERNET_DISCONNECTED @ https://www.canva.com/_online?1788400422741:0
[55484719ms] [ERROR] Failed to load resource: net::ERR_INTERNET_DISCONNECTED @ https://www.canva.com/_online?1788400429038:0
[55491153ms] [ERROR] Failed to load resource: net::ERR_INTERNET_DISCONNECTED @ https://www.canva.com/_online?1788400435472:0
[55496449ms] [ERROR] Failed to load resource: net::ERR_INTERNET_DISCONNECTED @ https://www.canva.com/_online?1788400440768:0
[55501912ms] [ERROR] Failed to load resource: net::ERR_INTERNET_DISCONNECTED @ https://www.canva.com/_online?1788400446231:0
[55507932ms] [ERROR] Failed to load resource: net::ERR_INTERNET_DISCONNECTED @ https://www.canva.com/_online?1788400452251:0
[55514340ms] [ERROR] Failed to load resource: net::ERR_INTERNET_DISCONNECTED @ https://www.canva.com/_online?1788400458660:0
[55520495ms] [ERROR] Failed to load resource: net::ERR_INTERNET_DISCONNECTED @ https://www.canva.com/_online?1788400464814:0
[55525586ms] [ERROR] Failed to load resource: net::ERR_INTERNET_DISCONNECTED @ https://www.canva.com/_online?1788400469904:0
[55531069ms] [ERROR] Failed to load resource: net::ERR_INTERNET_DISCONNECTED @ https://www.canva.com/_online?1788400475388:0
[55536415ms] [ERROR] Failed to load resource: net::ERR_INTERNET_DISCONNECTED @ https://www.canva.com/_online?1788400480734:0
[55542902ms] [ERROR] Failed to load resource: net::ERR_INTERNET_DISCONNECTED @ https://www.canva.com/_online?1788400487221:0
[55548352ms] [ERROR] Failed to load resource: net::ERR_INTERNET_DISCONNECTED @ https://www.canva.com/_online?1788400492671:0
[55554673ms] [ERROR] Failed to load resource: net::ERR_INTERNET_DISCONNECTED @ https://www.canva.com/_online?1788400498993:0
[55560721ms] [ERROR] Failed to load resource: net::ERR_INTERNET_DISCONNECTED @ https://www.canva.com/_online?1788400505040:0
[55566969ms] [ERROR] Failed to load resource: net::ERR_INTERNET_DISCONNECTED @ https://www.canva.com/_online?1788400511288:0
[55573416ms] [ERROR] Failed to load resource: net::ERR_INTERNET_DISCONNECTED @ https://www.canva.com/_online?1788400517735:0
[55579545ms] [ERROR] Failed to load resource: net::ERR_INTERNET_DISCONNECTED @ https://www.canva.com/_online?1788400523864:0
[55585608ms] [ERROR] Failed to load resource: net::ERR_INTERNET_DISCONNECTED @ https://www.canva.com/_online?1788400529927:0
[55591297ms] [ERROR] Failed to load resource: net::ERR_INTERNET_DISCONNECTED @ https://www.canva.com/_online?1788400535616:0
[55597267ms] [ERROR] Failed to load resource: net::ERR_INTERNET_DISCONNECTED @ https://www.canva.com/_online?1788400541586:0
[55602785ms] [ERROR] Failed to load resource: net::ERR_INTERNET_DISCONNECTED @ https://www.canva.com/_online?1788400547104:0
[55608104ms] [ERROR] Failed to load resource: net::ERR_INTERNET_DISCONNECTED @ https://www.canva.com/_online?1788400552423:0
[55613840ms] [ERROR] Failed to load resource: net::ERR_INTERNET_DISCONNECTED @ https://www.canva.com/_online?1788400558159:0
[55618964ms] [ERROR] Failed to load resource: net::ERR_INTERNET_DISCONNECTED @ https://www.canva.com/_online?1788400563283:0
[55624029ms] [ERROR] Failed to load resource: net::ERR_INTERNET_DISCONNECTED @ https://www.canva.com/_online?1788400568348:0
[55629797ms] [ERROR] Failed to load resource: net::ERR_INTERNET_DISCONNECTED @ https://www.canva.com/_online?1788400574116:0
[55635229ms] [ERROR] Failed to load resource: net::ERR_INTERNET_DISCONNECTED @ https://www.canva.com/_online?1788400579548:0
[55640544ms] [ERROR] Failed to load resource: net::ERR_INTERNET_DISCONNECTED @ https://www.canva.com/_online?1788400584863:0
[55646616ms] [ERROR] Failed to load resource: net::ERR_INTERNET_DISCONNECTED @ https://www.canva.com/_online?1788400590935:0
[55652204ms] [ERROR] Failed to load resource: net::ERR_INTERNET_DISCONNECTED @ https://www.canva.com/_online?1788400596523:0
[55657637ms] [ERROR] Failed to load resource: net::ERR_INTERNET_DISCONNECTED @ https://www.canva.com/_online?1788400601956:0
[55663295ms] [ERROR] Failed to load resource: net::ERR_INTERNET_DISCONNECTED @ https://www.canva.com/_online?1788400607613:0
[55669690ms] [ERROR] Failed to load resource: net::ERR_INTERNET_DISCONNECTED @ https://www.canva.com/_online?1788400614009:0
[55675388ms] [ERROR] Failed to load resource: net::ERR_INTERNET_DISCONNECTED @ https://www.canva.com/_online?1788400619707:0
[55681690ms] [ERROR] Failed to load resource: net::ERR_INTERNET_DISCONNECTED @ https://www.canva.com/_online?1788400626009:0
[55687468ms] [ERROR] Failed to load resource: net::ERR_INTERNET_DISCONNECTED @ https://www.canva.com/_online?1788400631786:0
[55693308ms] [ERROR] Failed to load resource: net::ERR_INTERNET_DISCONNECTED @ https://www.canva.com/_online?1788400637627:0
[55698566ms] [ERROR] Failed to load resource: net::ERR_INTERNET_DISCONNECTED @ https://www.canva.com/_online?1788400642885:0
[55704119ms] [ERROR] Failed to load resource: net::ERR_INTERNET_DISCONNECTED @ https://www.canva.com/_online?1788400648438:0
[55709305ms] [ERROR] Failed to load resource: net::ERR_INTERNET_DISCONNECTED @ https://www.canva.com/_online?1788400653624:0
[55714797ms] [ERROR] Failed to load resource: net::ERR_INTERNET_DISCONNECTED @ https://www.canva.com/_online?1788400659116:0
[55720168ms] [ERROR] Failed to load resource: net::ERR_INTERNET_DISCONNECTED @ https://www.canva.com/_online?1788400664487:0
[55725527ms] [ERROR] Failed to load resource: net::ERR_INTERNET_DISCONNECTED @ https://www.canva.com/_online?1788400669846:0
[55731880ms] [ERROR] Failed to load resource: net::ERR_INTERNET_DISCONNECTED @ https://www.canva.com/_online?1788400676199:0
[55737690ms] [ERROR] Failed to load resource: net::ERR_INTERNET_DISCONNECTED @ https://www.canva.com/_online?1788400682009:0
[55742972ms] [ERROR] Failed to load resource: net::ERR_INTERNET_DISCONNECTED @ https://www.canva.com/_online?1788400687291:0
[55749109ms] [ERROR] Failed to load resource: net::ERR_INTERNET_DISCONNECTED @ https://www.canva.com/_online?1788400693428:0
[55755313ms] [ERROR] Failed to load resource: net::ERR_INTERNET_DISCONNECTED @ https://www.canva.com/_online?1788400699631:0
[55760951ms] [ERROR] Failed to load resource: net::ERR_INTERNET_DISCONNECTED @ https://www.canva.com/_online?1788400705271:0
[55766920ms] [ERROR] Failed to load resource: net::ERR_INTERNET_DISCONNECTED @ https://www.canva.com/_online?1788400711239:0
[55772514ms] [ERROR] Failed to load resource: net::ERR_INTERNET_DISCONNECTED @ https://www.canva.com/_online?1788400716833:0
[55778864ms] [ERROR] Failed to load resource: net::ERR_INTERNET_DISCONNECTED @ https://www.canva.com/_online?1788400723183:0
[55785123ms] [ERROR] Failed to load resource: net::ERR_INTERNET_DISCONNECTED @ https://www.canva.com/_online?1788400729442:0
[55790771ms] [ERROR] Failed to load resource: net::ERR_INTERNET_DISCONNECTED @ https://www.canva.com/_online?1788400735089:0
[55796923ms] [ERROR] Failed to load resource: net::ERR_INTERNET_DISCONNECTED @ https://www.canva.com/_online?1788400741242:0
[55802838ms] [ERROR] Failed to load resource: net::ERR_INTERNET_DISCONNECTED @ https://www.canva.com/_online?1788400747157:0
[55808819ms] [ERROR] Failed to load resource: net::ERR_INTERNET_DISCONNECTED @ https://www.canva.com/_online?1788400753137:0
[55813858ms] [ERROR] Failed to load resource: net::ERR_INTERNET_DISCONNECTED @ https://www.canva.com/_online?1788400758177:0
[55819135ms] [ERROR] Failed to load resource: net::ERR_INTERNET_DISCONNECTED @ https://www.canva.com/_online?1788400763454:0
[55824286ms] [ERROR] Failed to load resource: net::ERR_INTERNET_DISCONNECTED @ https://www.canva.com/_online?1788400768605:0
[55830390ms] [ERROR] Failed to load resource: net::ERR_INTERNET_DISCONNECTED @ https://www.canva.com/_online?1788400774709:0
[55835612ms] [ERROR] Failed to load resource: net::ERR_INTERNET_DISCONNECTED @ https://www.canva.com/_online?1788400779931:0
[55841302ms] [ERROR] Failed to load resource: net::ERR_INTERNET_DISCONNECTED @ https://www.canva.com/_online?1788400785621:0
[55846943ms] [ERROR] Failed to load resource: net::ERR_INTERNET_DISCONNECTED @ https://www.canva.com/_online?1788400791262:0
[55853416ms] [ERROR] Failed to load resource: net::ERR_INTERNET_DISCONNECTED @ https://www.canva.com/_online?1788400797734:0
[55859869ms] [ERROR] Failed to load resource: net::ERR_INTERNET_DISCONNECTED @ https://www.canva.com/_online?1788400804189:0
[55865112ms] [ERROR] Failed to load resource: net::ERR_INTERNET_DISCONNECTED @ https://www.canva.com/_online?1788400809430:0
[55870855ms] [ERROR] Failed to load resource: net::ERR_INTERNET_DISCONNECTED @ https://www.canva.com/_online?1788400815174:0
[55876644ms] [ERROR] Failed to load resource: net::ERR_INTERNET_DISCONNECTED @ https://www.canva.com/_online?1788400820962:0
[55882842ms] [ERROR] Failed to load resource: net::ERR_INTERNET_DISCONNECTED @ https://www.canva.com/_online?1788400827161:0
[55888406ms] [ERROR] Failed to load resource: net::ERR_INTERNET_DISCONNECTED @ https://www.canva.com/_online?1788400832725:0
[55893481ms] [ERROR] Failed to load resource: net::ERR_INTERNET_DISCONNECTED @ https://www.canva.com/_online?1788400837800:0
[55899140ms] [ERROR] Failed to load resource: net::ERR_INTERNET_DISCONNECTED @ https://www.canva.com/_online?1788400843459:0
[55904329ms] [ERROR] Failed to load resource: net::ERR_INTERNET_DISCONNECTED @ https://www.canva.com/_online?1788400848647:0
[55910750ms] [ERROR] Failed to load resource: net::ERR_INTERNET_DISCONNECTED @ https://www.canva.com/_online?1788400855069:0
[55915926ms] [ERROR] Failed to load resource: net::ERR_INTERNET_DISCONNECTED @ https://www.canva.com/_online?1788400860245:0
[55921519ms] [ERROR] Failed to load resource: net::ERR_INTERNET_DISCONNECTED @ https://www.canva.com/_online?1788400865837:0
[55926639ms] [ERROR] Failed to load resource: net::ERR_INTERNET_DISCONNECTED @ https://www.canva.com/_online?1788400870958:0
[55931872ms] [ERROR] Failed to load resource: net::ERR_INTERNET_DISCONNECTED @ https://www.canva.com/_online?1788400876191:0
[55937392ms] [ERROR] Failed to load resource: net::ERR_INTERNET_DISCONNECTED @ https://www.canva.com/_online?1788400881710:0
[55943614ms] [ERROR] Failed to load resource: net::ERR_INTERNET_DISCONNECTED @ https://www.canva.com/_online?1788400887933:0
[55948935ms] [ERROR] Failed to load resource: net::ERR_INTERNET_DISCONNECTED @ https://www.canva.com/_online?1788400893255:0
[55954241ms] [ERROR] Failed to load resource: net::ERR_INTERNET_DISCONNECTED @ https://www.canva.com/_online?1788400898560:0
[55959308ms] [ERROR] Failed to load resource: net::ERR_INTERNET_DISCONNECTED @ https://www.canva.com/_online?1788400903627:0
[55965737ms] [ERROR] Failed to load resource: net::ERR_INTERNET_DISCONNECTED @ https://www.canva.com/_online?1788400910056:0
[55971452ms] [ERROR] Failed to load resource: net::ERR_INTERNET_DISCONNECTED @ https://www.canva.com/_online?1788400915771:0
[55977483ms] [ERROR] Failed to load resource: net::ERR_INTERNET_DISCONNECTED @ https://www.canva.com/_online?1788400921802:0
[55983312ms] [ERROR] Failed to load resource: net::ERR_INTERNET_DISCONNECTED @ https://www.canva.com/_online?1788400927631:0
[55989055ms] [ERROR] Failed to load resource: net::ERR_INTERNET_DISCONNECTED @ https://www.canva.com/_online?1788400933374:0
[55995138ms] [ERROR] Failed to load resource: net::ERR_INTERNET_DISCONNECTED @ https://www.canva.com/_online?1788400939458:0
[56001416ms] [ERROR] Failed to load resource: net::ERR_INTERNET_DISCONNECTED @ https://www.canva.com/_online?1788400945734:0
[56007816ms] [ERROR] Failed to load resource: net::ERR_INTERNET_DISCONNECTED @ https://www.canva.com/_online?1788400952135:0
[56013083ms] [ERROR] Failed to load resource: net::ERR_INTERNET_DISCONNECTED @ https://www.canva.com/_online?1788400957402:0
[56019443ms] [ERROR] Failed to load resource: net::ERR_INTERNET_DISCONNECTED @ https://www.canva.com/_online?1788400963762:0
[56025821ms] [ERROR] Failed to load resource: net::ERR_INTERNET_DISCONNECTED @ https://www.canva.com/_online?1788400970140:0
[56031273ms] [ERROR] Failed to load resource: net::ERR_INTERNET_DISCONNECTED @ https://www.canva.com/_online?1788400975591:0
[56037762ms] [ERROR] Failed to load resource: net::ERR_INTERNET_DISCONNECTED @ https://www.canva.com/_online?1788400982082:0
[56043347ms] [ERROR] Failed to load resource: net::ERR_INTERNET_DISCONNECTED @ https://www.canva.com/_online?1788400987666:0
[56048476ms] [ERROR] Failed to load resource: net::ERR_INTERNET_DISCONNECTED @ https://www.canva.com/_online?1788400992795:0
[56054663ms] [ERROR] Failed to load resource: net::ERR_INTERNET_DISCONNECTED @ https://www.canva.com/_online?1788400998982:0
[56059865ms] [ERROR] Failed to load resource: net::ERR_INTERNET_DISCONNECTED @ https://www.canva.com/_online?1788401004184:0
[56065354ms] [ERROR] Failed to load resource: net::ERR_INTERNET_DISCONNECTED @ https://www.canva.com/_online?1788401009673:0
[56070853ms] [ERROR] Failed to load resource: net::ERR_INTERNET_DISCONNECTED @ https://www.canva.com/_online?1788401015171:0
[56077025ms] [ERROR] Failed to load resource: net::ERR_INTERNET_DISCONNECTED @ https://www.canva.com/_online?1788401021344:0
[56082515ms] [ERROR] Failed to load resource: net::ERR_INTERNET_DISCONNECTED @ https://www.canva.com/_online?1788401026834:0
[56088186ms] [ERROR] Failed to load resource: net::ERR_INTERNET_DISCONNECTED @ https://www.canva.com/_online?1788401032505:0
[56094065ms] [ERROR] Failed to load resource: net::ERR_INTERNET_DISCONNECTED @ https://www.canva.com/_online?1788401038384:0
[56100327ms] [ERROR] Failed to load resource: net::ERR_INTERNET_DISCONNECTED @ https://www.canva.com/_online?1788401044646:0
[56106336ms] [ERROR] Failed to load resource: net::ERR_INTERNET_DISCONNECTED @ https://www.canva.com/_online?1788401050656:0
[56112099ms] [ERROR] Failed to load resource: net::ERR_INTERNET_DISCONNECTED @ https://www.canva.com/_online?1788401056418:0
[56117890ms] [ERROR] Failed to load resource: net::ERR_INTERNET_DISCONNECTED @ https://www.canva.com/_online?1788401062209:0
[56123885ms] [ERROR] Failed to load resource: net::ERR_INTERNET_DISCONNECTED @ https://www.canva.com/_online?1788401068204:0
[56129722ms] [ERROR] Failed to load resource: net::ERR_INTERNET_DISCONNECTED @ https://www.canva.com/_online?1788401074041:0
[56136022ms] [ERROR] Failed to load resource: net::ERR_INTERNET_DISCONNECTED @ https://www.canva.com/_online?1788401080341:0
[56141826ms] [ERROR] Failed to load resource: net::ERR_INTERNET_DISCONNECTED @ https://www.canva.com/_online?1788401086145:0
[56147650ms] [ERROR] Failed to load resource: net::ERR_INTERNET_DISCONNECTED @ https://www.canva.com/_online?1788401091969:0
[56153688ms] [ERROR] Failed to load resource: net::ERR_INTERNET_DISCONNECTED @ https://www.canva.com/_online?1788401098007:0
[56159880ms] [ERROR] Failed to load resource: net::ERR_INTERNET_DISCONNECTED @ https://www.canva.com/_online?1788401104199:0
[56165830ms] [ERROR] Failed to load resource: net::ERR_INTERNET_DISCONNECTED @ https://www.canva.com/_online?1788401110149:0
[56171123ms] [ERROR] Failed to load resource: net::ERR_INTERNET_DISCONNECTED @ https://www.canva.com/_online?1788401115442:0
[56177499ms] [ERROR] Failed to load resource: net::ERR_INTERNET_DISCONNECTED @ https://www.canva.com/_online?1788401121818:0
[56183451ms] [ERROR] Failed to load resource: net::ERR_INTERNET_DISCONNECTED @ https://www.canva.com/_online?1788401127770:0
[56188676ms] [ERROR] Failed to load resource: net::ERR_INTERNET_DISCONNECTED @ https://www.canva.com/_online?1788401132995:0
[56194127ms] [ERROR] Failed to load resource: net::ERR_INTERNET_DISCONNECTED @ https://www.canva.com/_online?1788401138446:0
[56199702ms] [ERROR] Failed to load resource: net::ERR_INTERNET_DISCONNECTED @ https://www.canva.com/_online?1788401144021:0
[56205829ms] [ERROR] Failed to load resource: net::ERR_INTERNET_DISCONNECTED @ https://www.canva.com/_online?1788401150148:0
[56212095ms] [ERROR] Failed to load resource: net::ERR_INTERNET_DISCONNECTED @ https://www.canva.com/_online?1788401156414:0
[56217922ms] [ERROR] Failed to load resource: net::ERR_INTERNET_DISCONNECTED @ https://www.canva.com/_online?1788401162241:0
[56224365ms] [ERROR] Failed to load resource: net::ERR_INTERNET_DISCONNECTED @ https://www.canva.com/_online?1788401168684:0
[56229562ms] [ERROR] Failed to load resource: net::ERR_INTERNET_DISCONNECTED @ https://www.canva.com/_online?1788401173881:0
[56234634ms] [ERROR] Failed to load resource: net::ERR_INTERNET_DISCONNECTED @ https://www.canva.com/_online?1788401178953:0
[56241014ms] [ERROR] Failed to load resource: net::ERR_INTERNET_DISCONNECTED @ https://www.canva.com/_online?1788401185333:0
[56247272ms] [ERROR] Failed to load resource: net::ERR_INTERNET_DISCONNECTED @ https://www.canva.com/_online?1788401191591:0
[56253733ms] [ERROR] Failed to load resource: net::ERR_INTERNET_DISCONNECTED @ https://www.canva.com/_online?1788401198052:0
[56258809ms] [ERROR] Failed to load resource: net::ERR_INTERNET_DISCONNECTED @ https://www.canva.com/_online?1788401203127:0
[56264513ms] [ERROR] Failed to load resource: net::ERR_INTERNET_DISCONNECTED @ https://www.canva.com/_online?1788401208833:0
[56270530ms] [ERROR] Failed to load resource: net::ERR_INTERNET_DISCONNECTED @ https://www.canva.com/_online?1788401214849:0
[56276015ms] [ERROR] Failed to load resource: net::ERR_INTERNET_DISCONNECTED @ https://www.canva.com/_online?1788401220331:0
[56282044ms] [ERROR] Failed to load resource: net::ERR_INTERNET_DISCONNECTED @ https://www.canva.com/_online?1788401226363:0
[56287838ms] [ERROR] Failed to load resource: net::ERR_INTERNET_DISCONNECTED @ https://www.canva.com/_online?1788401232157:0
[56292856ms] [ERROR] Failed to load resource: net::ERR_INTERNET_DISCONNECTED @ https://www.canva.com/_online?1788401237175:0
[56297907ms] [ERROR] Failed to load resource: net::ERR_INTERNET_DISCONNECTED @ https://www.canva.com/_online?1788401242226:0
[56303133ms] [ERROR] Failed to load resource: net::ERR_INTERNET_DISCONNECTED @ https://www.canva.com/_online?1788401247451:0
[56309563ms] [ERROR] Failed to load resource: net::ERR_INTERNET_DISCONNECTED @ https://www.canva.com/_online?1788401253882:0
[56315422ms] [ERROR] Failed to load resource: net::ERR_INTERNET_DISCONNECTED @ https://www.canva.com/_online?1788401259741:0
[56320608ms] [ERROR] Failed to load resource: net::ERR_INTERNET_DISCONNECTED @ https://www.canva.com/_online?1788401264927:0
[56326920ms] [ERROR] Failed to load resource: net::ERR_INTERNET_DISCONNECTED @ https://www.canva.com/_online?1788401271239:0
[56332438ms] [ERROR] Failed to load resource: net::ERR_INTERNET_DISCONNECTED @ https://www.canva.com/_online?1788401276757:0
[56338553ms] [ERROR] Failed to load resource: net::ERR_INTERNET_DISCONNECTED @ https://www.canva.com/_online?1788401282872:0
[56344050ms] [ERROR] Failed to load resource: net::ERR_INTERNET_DISCONNECTED @ https://www.canva.com/_online?1788401288369:0
[56349389ms] [ERROR] Failed to load resource: net::ERR_INTERNET_DISCONNECTED @ https://www.canva.com/_online?1788401293708:0
[56355076ms] [ERROR] Failed to load resource: net::ERR_INTERNET_DISCONNECTED @ https://www.canva.com/_online?1788401299395:0
[56360849ms] [ERROR] Failed to load resource: net::ERR_INTERNET_DISCONNECTED @ https://www.canva.com/_online?1788401305168:0
[56366233ms] [ERROR] Failed to load resource: net::ERR_INTERNET_DISCONNECTED @ https://www.canva.com/_online?1788401310553:0
[56372459ms] [ERROR] Failed to load resource: net::ERR_INTERNET_DISCONNECTED @ https://www.canva.com/_online?1788401316777:0
[56378677ms] [ERROR] Failed to load resource: net::ERR_INTERNET_DISCONNECTED @ https://www.canva.com/_online?1788401322996:0
[56384553ms] [ERROR] Failed to load resource: net::ERR_INTERNET_DISCONNECTED @ https://www.canva.com/_online?1788401328872:0
[56389903ms] [ERROR] Failed to load resource: net::ERR_INTERNET_DISCONNECTED @ https://www.canva.com/_online?1788401334223:0
[56395547ms] [ERROR] Failed to load resource: net::ERR_INTERNET_DISCONNECTED @ https://www.canva.com/_online?1788401339866:0
[56401843ms] [ERROR] Failed to load resource: net::ERR_INTERNET_DISCONNECTED @ https://www.canva.com/_online?1788401346162:0
[56408182ms] [ERROR] Failed to load resource: net::ERR_INTERNET_DISCONNECTED @ https://www.canva.com/_online?1788401352501:0
[56414659ms] [ERROR] Failed to load resource: net::ERR_INTERNET_DISCONNECTED @ https://www.canva.com/_online?1788401358978:0
[56419734ms] [ERROR] Failed to load resource: net::ERR_INTERNET_DISCONNECTED @ https://www.canva.com/_online?1788401364053:0
[56425319ms] [ERROR] Failed to load resource: net::ERR_INTERNET_DISCONNECTED @ https://www.canva.com/_online?1788401369638:0
[56431124ms] [ERROR] Failed to load resource: net::ERR_INTERNET_DISCONNECTED @ https://www.canva.com/_online?1788401375444:0
[56436171ms] [ERROR] Failed to load resource: net::ERR_INTERNET_DISCONNECTED @ https://www.canva.com/_online?1788401380490:0
[56442463ms] [ERROR] Failed to load resource: net::ERR_INTERNET_DISCONNECTED @ https://www.canva.com/_online?1788401386782:0
[56448414ms] [ERROR] Failed to load resource: net::ERR_INTERNET_DISCONNECTED @ https://www.canva.com/_online?1788401392733:0
[56454490ms] [ERROR] Failed to load resource: net::ERR_INTERNET_DISCONNECTED @ https://www.canva.com/_online?1788401398809:0
[56460936ms] [ERROR] Failed to load resource: net::ERR_INTERNET_DISCONNECTED @ https://www.canva.com/_online?1788401405255:0
[56461879ms] [ERROR] Failed to load resource: net::ERR_INTERNET_DISCONNECTED @ https://www.canva.com/_ajax/livefolderitem/channel/AoJWAbKSVEFcr6ojT373jz8/retrieve_updates?continuation=1788349892913-0:0
[56467367ms] [ERROR] Failed to load resource: net::ERR_INTERNET_DISCONNECTED @ https://www.canva.com/_online?1788401411687:0
[56473220ms] [ERROR] Failed to load resource: net::ERR_INTERNET_DISCONNECTED @ https://www.canva.com/_online?1788401417539:0
[56478838ms] [ERROR] Failed to load resource: net::ERR_INTERNET_DISCONNECTED @ https://www.canva.com/_online?1788401423157:0
[56484183ms] [ERROR] Failed to load resource: net::ERR_INTERNET_DISCONNECTED @ https://www.canva.com/_online?1788401428502:0
[56490527ms] [ERROR] Failed to load resource: net::ERR_INTERNET_DISCONNECTED @ https://www.canva.com/_online?1788401434846:0
[56495856ms] [ERROR] Failed to load resource: net::ERR_INTERNET_DISCONNECTED @ https://www.canva.com/_online?1788401440175:0
[56502012ms] [ERROR] Failed to load resource: net::ERR_INTERNET_DISCONNECTED @ https://www.canva.com/_online?1788401446330:0
[56508015ms] [ERROR] Failed to load resource: net::ERR_INTERNET_DISCONNECTED @ https://www.canva.com/_online?1788401452334:0
[56514518ms] [ERROR] Failed to load resource: net::ERR_INTERNET_DISCONNECTED @ https://www.canva.com/_online?1788401458835:0
[56519679ms] [ERROR] Failed to load resource: net::ERR_INTERNET_DISCONNECTED @ https://www.canva.com/_online?1788401463999:0
[56524803ms] [ERROR] Failed to load resource: net::ERR_INTERNET_DISCONNECTED @ https://www.canva.com/_online?1788401469122:0
[56530481ms] [ERROR] Failed to load resource: net::ERR_INTERNET_DISCONNECTED @ https://www.canva.com/_online?1788401474800:0
[56536822ms] [ERROR] Failed to load resource: net::ERR_INTERNET_DISCONNECTED @ https://www.canva.com/_online?1788401481141:0
[56542757ms] [ERROR] Failed to load resource: net::ERR_INTERNET_DISCONNECTED @ https://www.canva.com/_online?1788401487077:0
[56548780ms] [ERROR] Failed to load resource: net::ERR_INTERNET_DISCONNECTED @ https://www.canva.com/_online?1788401493099:0
[56554995ms] [ERROR] Failed to load resource: net::ERR_INTERNET_DISCONNECTED @ https://www.canva.com/_online?1788401499314:0
[56561239ms] [ERROR] Failed to load resource: net::ERR_INTERNET_DISCONNECTED @ https://www.canva.com/_online?1788401505558:0
[56567447ms] [ERROR] Failed to load resource: net::ERR_INTERNET_DISCONNECTED @ https://www.canva.com/_online?1788401511766:0
[56572652ms] [ERROR] Failed to load resource: net::ERR_INTERNET_DISCONNECTED @ https://www.canva.com/_online?1788401516972:0
[56578443ms] [ERROR] Failed to load resource: net::ERR_INTERNET_DISCONNECTED @ https://www.canva.com/_online?1788401522762:0
[56584860ms] [ERROR] Failed to load resource: net::ERR_INTERNET_DISCONNECTED @ https://www.canva.com/_online?1788401529179:0
[56591326ms] [ERROR] Failed to load resource: net::ERR_INTERNET_DISCONNECTED @ https://www.canva.com/_online?1788401535645:0
[56596874ms] [ERROR] Failed to load resource: net::ERR_INTERNET_DISCONNECTED @ https://www.canva.com/_online?1788401541193:0
[56602782ms] [ERROR] Failed to load resource: net::ERR_INTERNET_DISCONNECTED @ https://www.canva.com/_online?1788401547101:0
[56608448ms] [ERROR] Failed to load resource: net::ERR_INTERNET_DISCONNECTED @ https://www.canva.com/_online?1788401552765:0
[56613492ms] [ERROR] Failed to load resource: net::ERR_INTERNET_DISCONNECTED @ https://www.canva.com/_online?1788401557811:0
[56618985ms] [ERROR] Failed to load resource: net::ERR_INTERNET_DISCONNECTED @ https://www.canva.com/_online?1788401563304:0
[56624749ms] [ERROR] Failed to load resource: net::ERR_INTERNET_DISCONNECTED @ https://www.canva.com/_online?1788401569069:0
[56629982ms] [ERROR] Failed to load resource: net::ERR_INTERNET_DISCONNECTED @ https://www.canva.com/_online?1788401574300:0
[56635563ms] [ERROR] Failed to load resource: net::ERR_INTERNET_DISCONNECTED @ https://www.canva.com/_online?1788401579882:0
[56641515ms] [ERROR] Failed to load resource: net::ERR_INTERNET_DISCONNECTED @ https://www.canva.com/_online?1788401585834:0
[56647337ms] [ERROR] Failed to load resource: net::ERR_INTERNET_DISCONNECTED @ https://www.canva.com/_online?1788401591656:0
[56653401ms] [ERROR] Failed to load resource: net::ERR_INTERNET_DISCONNECTED @ https://www.canva.com/_online?1788401597720:0
[56659129ms] [ERROR] Failed to load resource: net::ERR_INTERNET_DISCONNECTED @ https://www.canva.com/_online?1788401603447:0
[56664163ms] [ERROR] Failed to load resource: net::ERR_INTERNET_DISCONNECTED @ https://www.canva.com/_online?1788401608482:0
[56669261ms] [ERROR] Failed to load resource: net::ERR_INTERNET_DISCONNECTED @ https://www.canva.com/_online?1788401613580:0
[56675662ms] [ERROR] Failed to load resource: net::ERR_INTERNET_DISCONNECTED @ https://www.canva.com/_online?1788401619980:0
[56680690ms] [ERROR] Failed to load resource: net::ERR_INTERNET_DISCONNECTED @ https://www.canva.com/_online?1788401625009:0
[56686688ms] [ERROR] Failed to load resource: net::ERR_INTERNET_DISCONNECTED @ https://www.canva.com/_online?1788401631007:0
[56691819ms] [ERROR] Failed to load resource: net::ERR_INTERNET_DISCONNECTED @ https://www.canva.com/_online?1788401636138:0
[56696963ms] [ERROR] Failed to load resource: net::ERR_INTERNET_DISCONNECTED @ https://www.canva.com/_online?1788401641282:0
[56702596ms] [ERROR] Failed to load resource: net::ERR_INTERNET_DISCONNECTED @ https://www.canva.com/_online?1788401646915:0
[56707916ms] [ERROR] Failed to load resource: net::ERR_INTERNET_DISCONNECTED @ https://www.canva.com/_online?1788401652235:0
[56714169ms] [ERROR] Failed to load resource: net::ERR_INTERNET_DISCONNECTED @ https://www.canva.com/_online?1788401658488:0
[56719690ms] [ERROR] Failed to load resource: net::ERR_INTERNET_DISCONNECTED @ https://www.canva.com/_online?1788401664009:0
[56726034ms] [ERROR] Failed to load resource: net::ERR_INTERNET_DISCONNECTED @ https://www.canva.com/_online?1788401670352:0
[56732469ms] [ERROR] Failed to load resource: net::ERR_INTERNET_DISCONNECTED @ https://www.canva.com/_online?1788401676788:0
[56737768ms] [ERROR] Failed to load resource: net::ERR_INTERNET_DISCONNECTED @ https://www.canva.com/_online?1788401682087:0
[56743880ms] [ERROR] Failed to load resource: net::ERR_INTERNET_DISCONNECTED @ https://www.canva.com/_online?1788401688199:0
[56749307ms] [ERROR] Failed to load resource: net::ERR_INTERNET_DISCONNECTED @ https://www.canva.com/_online?1788401693626:0
[56755747ms] [ERROR] Failed to load resource: net::ERR_INTERNET_DISCONNECTED @ https://www.canva.com/_online?1788401700066:0
[56760754ms] [ERROR] Failed to load resource: net::ERR_INTERNET_DISCONNECTED @ https://www.canva.com/_online?1788401705073:0
[56765912ms] [ERROR] Failed to load resource: net::ERR_INTERNET_DISCONNECTED @ https://www.canva.com/_online?1788401710231:0
[56771178ms] [ERROR] Failed to load resource: net::ERR_INTERNET_DISCONNECTED @ https://www.canva.com/_online?1788401715494:0
[56776430ms] [ERROR] Failed to load resource: net::ERR_INTERNET_DISCONNECTED @ https://www.canva.com/_online?1788401720749:0
[56781717ms] [ERROR] Failed to load resource: net::ERR_INTERNET_DISCONNECTED @ https://www.canva.com/_online?1788401726036:0
[56787409ms] [ERROR] Failed to load resource: net::ERR_INTERNET_DISCONNECTED @ https://www.canva.com/_online?1788401731728:0
[56792985ms] [ERROR] Failed to load resource: net::ERR_INTERNET_DISCONNECTED @ https://www.canva.com/_online?1788401737304:0
[56798715ms] [ERROR] Failed to load resource: net::ERR_INTERNET_DISCONNECTED @ https://www.canva.com/_online?1788401743034:0
[56804530ms] [ERROR] Failed to load resource: net::ERR_INTERNET_DISCONNECTED @ https://www.canva.com/_online?1788401748849:0
[56810179ms] [ERROR] Failed to load resource: net::ERR_INTERNET_DISCONNECTED @ https://www.canva.com/_online?1788401754498:0
[56816594ms] [ERROR] Failed to load resource: net::ERR_INTERNET_DISCONNECTED @ https://www.canva.com/_online?1788401760913:0
[56822105ms] [ERROR] Failed to load resource: net::ERR_INTERNET_DISCONNECTED @ https://www.canva.com/_online?1788401766424:0
[56828393ms] [ERROR] Failed to load resource: net::ERR_INTERNET_DISCONNECTED @ https://www.canva.com/_online?1788401772712:0
[56834241ms] [ERROR] Failed to load resource: net::ERR_INTERNET_DISCONNECTED @ https://www.canva.com/_online?1788401778560:0
[56840174ms] [ERROR] Failed to load resource: net::ERR_INTERNET_DISCONNECTED @ https://www.canva.com/_online?1788401784493:0
[56845810ms] [ERROR] Failed to load resource: net::ERR_INTERNET_DISCONNECTED @ https://www.canva.com/_online?1788401790129:0
[56851288ms] [ERROR] Failed to load resource: net::ERR_INTERNET_DISCONNECTED @ https://www.canva.com/_online?1788401795607:0
[56857361ms] [ERROR] Failed to load resource: net::ERR_INTERNET_DISCONNECTED @ https://www.canva.com/_online?1788401801679:0
[56862906ms] [ERROR] Failed to load resource: net::ERR_INTERNET_DISCONNECTED @ https://www.canva.com/_online?1788401807225:0
[56869127ms] [ERROR] Failed to load resource: net::ERR_INTERNET_DISCONNECTED @ https://www.canva.com/_online?1788401813445:0
[56874236ms] [ERROR] Failed to load resource: net::ERR_INTERNET_DISCONNECTED @ https://www.canva.com/_online?1788401818554:0
[56879840ms] [ERROR] Failed to load resource: net::ERR_INTERNET_DISCONNECTED @ https://www.canva.com/_online?1788401824160:0
[56885516ms] [ERROR] Failed to load resource: net::ERR_INTERNET_DISCONNECTED @ https://www.canva.com/_online?1788401829835:0
[56891226ms] [ERROR] Failed to load resource: net::ERR_INTERNET_DISCONNECTED @ https://www.canva.com/_online?1788401835543:0
[56896344ms] [ERROR] Failed to load resource: net::ERR_INTERNET_DISCONNECTED @ https://www.canva.com/_online?1788401840663:0
[56902670ms] [ERROR] Failed to load resource: net::ERR_INTERNET_DISCONNECTED @ https://www.canva.com/_online?1788401846989:0
[56908761ms] [ERROR] Failed to load resource: net::ERR_INTERNET_DISCONNECTED @ https://www.canva.com/_online?1788401853080:0
[56914572ms] [ERROR] Failed to load resource: net::ERR_INTERNET_DISCONNECTED @ https://www.canva.com/_online?1788401858891:0
[56920366ms] [ERROR] Failed to load resource: net::ERR_INTERNET_DISCONNECTED @ https://www.canva.com/_online?1788401864686:0
[56925398ms] [ERROR] Failed to load resource: net::ERR_INTERNET_DISCONNECTED @ https://www.canva.com/_online?1788401869718:0
[56930954ms] [ERROR] Failed to load resource: net::ERR_INTERNET_DISCONNECTED @ https://www.canva.com/_online?1788401875273:0
[56936640ms] [ERROR] Failed to load resource: net::ERR_INTERNET_DISCONNECTED @ https://www.canva.com/_online?1788401880959:0
[56942764ms] [ERROR] Failed to load resource: net::ERR_INTERNET_DISCONNECTED @ https://www.canva.com/_online?1788401887081:0
[56949117ms] [ERROR] Failed to load resource: net::ERR_INTERNET_DISCONNECTED @ https://www.canva.com/_online?1788401893435:0
[56954528ms] [ERROR] Failed to load resource: net::ERR_INTERNET_DISCONNECTED @ https://www.canva.com/_online?1788401898847:0
[56960546ms] [ERROR] Failed to load resource: net::ERR_INTERNET_DISCONNECTED @ https://www.canva.com/_online?1788401904865:0
[56966532ms] [ERROR] Failed to load resource: net::ERR_INTERNET_DISCONNECTED @ https://www.canva.com/_online?1788401910851:0
[56972916ms] [ERROR] Failed to load resource: net::ERR_INTERNET_DISCONNECTED @ https://www.canva.com/_online?1788401917235:0
[56978375ms] [ERROR] Failed to load resource: net::ERR_INTERNET_DISCONNECTED @ https://www.canva.com/_online?1788401922694:0
[56983582ms] [ERROR] Failed to load resource: net::ERR_INTERNET_DISCONNECTED @ https://www.canva.com/_online?1788401927901:0
[56989070ms] [ERROR] Failed to load resource: net::ERR_INTERNET_DISCONNECTED @ https://www.canva.com/_online?1788401933389:0
[56995339ms] [ERROR] Failed to load resource: net::ERR_INTERNET_DISCONNECTED @ https://www.canva.com/_online?1788401939658:0
[57001046ms] [ERROR] Failed to load resource: net::ERR_INTERNET_DISCONNECTED @ https://www.canva.com/_online?1788401945365:0
[57006667ms] [ERROR] Failed to load resource: net::ERR_INTERNET_DISCONNECTED @ https://www.canva.com/_online?1788401950986:0
[57012392ms] [ERROR] Failed to load resource: net::ERR_INTERNET_DISCONNECTED @ https://www.canva.com/_online?1788401956708:0
[57017646ms] [ERROR] Failed to load resource: net::ERR_INTERNET_DISCONNECTED @ https://www.canva.com/_online?1788401961965:0
[57023322ms] [ERROR] Failed to load resource: net::ERR_INTERNET_DISCONNECTED @ https://www.canva.com/_online?1788401967641:0
[57028719ms] [ERROR] Failed to load resource: net::ERR_INTERNET_DISCONNECTED @ https://www.canva.com/_online?1788401973037:0
[57034972ms] [ERROR] Failed to load resource: net::ERR_INTERNET_DISCONNECTED @ https://www.canva.com/_online?1788401979290:0
[57040777ms] [ERROR] Failed to load resource: net::ERR_INTERNET_DISCONNECTED @ https://www.canva.com/_online?1788401985096:0
[57047233ms] [ERROR] Failed to load resource: net::ERR_INTERNET_DISCONNECTED @ https://www.canva.com/_online?1788401991552:0
[57053600ms] [ERROR] Failed to load resource: net::ERR_INTERNET_DISCONNECTED @ https://www.canva.com/_online?1788401997919:0
[57059588ms] [ERROR] Failed to load resource: net::ERR_INTERNET_DISCONNECTED @ https://www.canva.com/_online?1788402003907:0
[57064612ms] [ERROR] Failed to load resource: net::ERR_INTERNET_DISCONNECTED @ https://www.canva.com/_online?1788402008932:0
[57070787ms] [ERROR] Failed to load resource: net::ERR_INTERNET_DISCONNECTED @ https://www.canva.com/_online?1788402015106:0
[57076457ms] [ERROR] Failed to load resource: net::ERR_INTERNET_DISCONNECTED @ https://www.canva.com/_online?1788402020776:0
[57082226ms] [ERROR] Failed to load resource: net::ERR_INTERNET_DISCONNECTED @ https://www.canva.com/_online?1788402026545:0
[57088234ms] [ERROR] Failed to load resource: net::ERR_INTERNET_DISCONNECTED @ https://www.canva.com/_online?1788402032553:0
[57093645ms] [ERROR] Failed to load resource: net::ERR_INTERNET_DISCONNECTED @ https://www.canva.com/_online?1788402037963:0
[57099946ms] [ERROR] Failed to load resource: net::ERR_INTERNET_DISCONNECTED @ https://www.canva.com/_online?1788402044265:0
[57105788ms] [ERROR] Failed to load resource: net::ERR_INTERNET_DISCONNECTED @ https://www.canva.com/_online?1788402050106:0
[57111490ms] [ERROR] Failed to load resource: net::ERR_INTERNET_DISCONNECTED @ https://www.canva.com/_online?1788402055809:0
[57117655ms] [ERROR] Failed to load resource: net::ERR_INTERNET_DISCONNECTED @ https://www.canva.com/_online?1788402061974:0
[57124107ms] [ERROR] Failed to load resource: net::ERR_INTERNET_DISCONNECTED @ https://www.canva.com/_online?1788402068426:0
[57129692ms] [ERROR] Failed to load resource: net::ERR_INTERNET_DISCONNECTED @ https://www.canva.com/_online?1788402074011:0
[57135364ms] [ERROR] Failed to load resource: net::ERR_INTERNET_DISCONNECTED @ https://www.canva.com/_online?1788402079683:0
[57140648ms] [ERROR] Failed to load resource: net::ERR_INTERNET_DISCONNECTED @ https://www.canva.com/_online?1788402084967:0
[57146338ms] [ERROR] Failed to load resource: net::ERR_INTERNET_DISCONNECTED @ https://www.canva.com/_online?1788402090657:0
[57152515ms] [ERROR] Failed to load resource: net::ERR_INTERNET_DISCONNECTED @ https://www.canva.com/_online?1788402096834:0
[57158379ms] [ERROR] Failed to load resource: net::ERR_INTERNET_DISCONNECTED @ https://www.canva.com/_online?1788402102698:0
[57163476ms] [ERROR] Failed to load resource: net::ERR_INTERNET_DISCONNECTED @ https://www.canva.com/_online?1788402107795:0
[57169857ms] [ERROR] Failed to load resource: net::ERR_INTERNET_DISCONNECTED @ https://www.canva.com/_online?1788402114176:0
[57175992ms] [ERROR] Failed to load resource: net::ERR_INTERNET_DISCONNECTED @ https://www.canva.com/_online?1788402120310:0
[57182106ms] [ERROR] Failed to load resource: net::ERR_INTERNET_DISCONNECTED @ https://www.canva.com/_online?1788402126425:0
[57188201ms] [ERROR] Failed to load resource: net::ERR_INTERNET_DISCONNECTED @ https://www.canva.com/_online?1788402132520:0
[57194336ms] [ERROR] Failed to load resource: net::ERR_INTERNET_DISCONNECTED @ https://www.canva.com/_online?1788402138655:0
[57199702ms] [ERROR] Failed to load resource: net::ERR_INTERNET_DISCONNECTED @ https://www.canva.com/_online?1788402144021:0
[57204813ms] [ERROR] Failed to load resource: net::ERR_INTERNET_DISCONNECTED @ https://www.canva.com/_online?1788402149132:0
[57211229ms] [ERROR] Failed to load resource: net::ERR_INTERNET_DISCONNECTED @ https://www.canva.com/_online?1788402155549:0
[57217391ms] [ERROR] Failed to load resource: net::ERR_INTERNET_DISCONNECTED @ https://www.canva.com/_online?1788402161709:0
[57223548ms] [ERROR] Failed to load resource: net::ERR_INTERNET_DISCONNECTED @ https://www.canva.com/_online?1788402167867:0
[57229891ms] [ERROR] Failed to load resource: net::ERR_INTERNET_DISCONNECTED @ https://www.canva.com/_online?1788402174210:0
[57236268ms] [ERROR] Failed to load resource: net::ERR_INTERNET_DISCONNECTED @ https://www.canva.com/_online?1788402180586:0
[57242177ms] [ERROR] Failed to load resource: net::ERR_INTERNET_DISCONNECTED @ https://www.canva.com/_online?1788402186495:0
[57247290ms] [ERROR] Failed to load resource: net::ERR_INTERNET_DISCONNECTED @ https://www.canva.com/_online?1788402191597:0
[57252639ms] [ERROR] Failed to load resource: net::ERR_INTERNET_DISCONNECTED @ https://www.canva.com/_online?1788402196958:0
[57258393ms] [ERROR] Failed to load resource: net::ERR_INTERNET_DISCONNECTED @ https://www.canva.com/_online?1788402202712:0
[57263546ms] [ERROR] Failed to load resource: net::ERR_INTERNET_DISCONNECTED @ https://www.canva.com/_online?1788402207864:0
[57269808ms] [ERROR] Failed to load resource: net::ERR_INTERNET_DISCONNECTED @ https://www.canva.com/_online?1788402214128:0
[57275600ms] [ERROR] Failed to load resource: net::ERR_INTERNET_DISCONNECTED @ https://www.canva.com/_online?1788402219919:0
[57280699ms] [ERROR] Failed to load resource: net::ERR_INTERNET_DISCONNECTED @ https://www.canva.com/_online?1788402225017:0
[57287193ms] [ERROR] Failed to load resource: net::ERR_INTERNET_DISCONNECTED @ https://www.canva.com/_online?1788402231511:0
[57292238ms] [ERROR] Failed to load resource: net::ERR_INTERNET_DISCONNECTED @ https://www.canva.com/_online?1788402236557:0
[57298475ms] [ERROR] Failed to load resource: net::ERR_INTERNET_DISCONNECTED @ https://www.canva.com/_online?1788402242793:0
[57304547ms] [ERROR] Failed to load resource: net::ERR_INTERNET_DISCONNECTED @ https://www.canva.com/_online?1788402248866:0
[57310680ms] [ERROR] Failed to load resource: net::ERR_INTERNET_DISCONNECTED @ https://www.canva.com/_online?1788402254999:0
[57315698ms] [ERROR] Failed to load resource: net::ERR_INTERNET_DISCONNECTED @ https://www.canva.com/_online?1788402260017:0
[57321172ms] [ERROR] Failed to load resource: net::ERR_INTERNET_DISCONNECTED @ https://www.canva.com/_online?1788402265490:0
[57326477ms] [ERROR] Failed to load resource: net::ERR_INTERNET_DISCONNECTED @ https://www.canva.com/_online?1788402270795:0
[57332261ms] [ERROR] Failed to load resource: net::ERR_INTERNET_DISCONNECTED @ https://www.canva.com/_online?1788402276579:0
[57338259ms] [ERROR] Failed to load resource: net::ERR_INTERNET_DISCONNECTED @ https://www.canva.com/_online?1788402282579:0
[57343307ms] [ERROR] Failed to load resource: net::ERR_INTERNET_DISCONNECTED @ https://www.canva.com/_online?1788402287626:0
[57349762ms] [ERROR] Failed to load resource: net::ERR_INTERNET_DISCONNECTED @ https://www.canva.com/_online?1788402294081:0
[57355149ms] [ERROR] Failed to load resource: net::ERR_INTERNET_DISCONNECTED @ https://www.canva.com/_online?1788402299468:0
[57360305ms] [ERROR] Failed to load resource: net::ERR_INTERNET_DISCONNECTED @ https://www.canva.com/_online?1788402304624:0
[57365662ms] [ERROR] Failed to load resource: net::ERR_INTERNET_DISCONNECTED @ https://www.canva.com/_online?1788402309954:0
[57371267ms] [ERROR] Failed to load resource: net::ERR_INTERNET_DISCONNECTED @ https://www.canva.com/_online?1788402315587:0
[57377289ms] [ERROR] Failed to load resource: net::ERR_INTERNET_DISCONNECTED @ https://www.canva.com/_online?1788402321608:0
[57382826ms] [ERROR] Failed to load resource: net::ERR_INTERNET_DISCONNECTED @ https://www.canva.com/_online?1788402327145:0
[57389253ms] [ERROR] Failed to load resource: net::ERR_INTERNET_DISCONNECTED @ https://www.canva.com/_online?1788402333571:0
[57394310ms] [ERROR] Failed to load resource: net::ERR_INTERNET_DISCONNECTED @ https://www.canva.com/_online?1788402338629:0
[57399460ms] [ERROR] Failed to load resource: net::ERR_INTERNET_DISCONNECTED @ https://www.canva.com/_online?1788402343778:0
[57405078ms] [ERROR] Failed to load resource: net::ERR_INTERNET_DISCONNECTED @ https://www.canva.com/_online?1788402349397:0
[57410647ms] [ERROR] Failed to load resource: net::ERR_INTERNET_DISCONNECTED @ https://www.canva.com/_online?1788402354966:0
[57416757ms] [ERROR] Failed to load resource: net::ERR_INTERNET_DISCONNECTED @ https://www.canva.com/_online?1788402361076:0
[57423026ms] [ERROR] Failed to load resource: net::ERR_INTERNET_DISCONNECTED @ https://www.canva.com/_online?1788402367345:0
[57428474ms] [ERROR] Failed to load resource: net::ERR_INTERNET_DISCONNECTED @ https://www.canva.com/_online?1788402372793:0
[57434454ms] [ERROR] Failed to load resource: net::ERR_INTERNET_DISCONNECTED @ https://www.canva.com/_online?1788402378773:0
[57440446ms] [ERROR] Failed to load resource: net::ERR_INTERNET_DISCONNECTED @ https://www.canva.com/_online?1788402384765:0
[57446692ms] [ERROR] Failed to load resource: net::ERR_INTERNET_DISCONNECTED @ https://www.canva.com/_online?1788402391010:0
[57452787ms] [ERROR] Failed to load resource: net::ERR_INTERNET_DISCONNECTED @ https://www.canva.com/_online?1788402397107:0
[57459238ms] [ERROR] Failed to load resource: net::ERR_INTERNET_DISCONNECTED @ https://www.canva.com/_online?1788402403557:0
[57464254ms] [ERROR] Failed to load resource: net::ERR_INTERNET_DISCONNECTED @ https://www.canva.com/_online?1788402408573:0
[57470414ms] [ERROR] Failed to load resource: net::ERR_INTERNET_DISCONNECTED @ https://www.canva.com/_online?1788402414733:0
[57476691ms] [ERROR] Failed to load resource: net::ERR_INTERNET_DISCONNECTED @ https://www.canva.com/_online?1788402421010:0
[57481755ms] [ERROR] Failed to load resource: net::ERR_INTERNET_DISCONNECTED @ https://www.canva.com/_online?1788402426073:0
[57487766ms] [ERROR] Failed to load resource: net::ERR_INTERNET_DISCONNECTED @ https://www.canva.com/_online?1788402432085:0
[57494139ms] [ERROR] Failed to load resource: net::ERR_INTERNET_DISCONNECTED @ https://www.canva.com/_online?1788402438458:0
[57499475ms] [ERROR] Failed to load resource: net::ERR_INTERNET_DISCONNECTED @ https://www.canva.com/_online?1788402443795:0
[57505581ms] [ERROR] Failed to load resource: net::ERR_INTERNET_DISCONNECTED @ https://www.canva.com/_online?1788402449900:0
[57511177ms] [ERROR] Failed to load resource: net::ERR_INTERNET_DISCONNECTED @ https://www.canva.com/_online?1788402455496:0
[57516369ms] [ERROR] Failed to load resource: net::ERR_INTERNET_DISCONNECTED @ https://www.canva.com/_online?1788402460688:0
[57522384ms] [ERROR] Failed to load resource: net::ERR_INTERNET_DISCONNECTED @ https://www.canva.com/_online?1788402466703:0
[57527625ms] [ERROR] Failed to load resource: net::ERR_INTERNET_DISCONNECTED @ https://www.canva.com/_online?1788402471944:0
[57533194ms] [ERROR] Failed to load resource: net::ERR_INTERNET_DISCONNECTED @ https://www.canva.com/_online?1788402477512:0
[57538704ms] [ERROR] Failed to load resource: net::ERR_INTERNET_DISCONNECTED @ https://www.canva.com/_online?1788402483023:0
[57544219ms] [ERROR] Failed to load resource: net::ERR_INTERNET_DISCONNECTED @ https://www.canva.com/_online?1788402488538:0
[57549624ms] [ERROR] Failed to load resource: net::ERR_INTERNET_DISCONNECTED @ https://www.canva.com/_online?1788402493943:0
[57555548ms] [ERROR] Failed to load resource: net::ERR_INTERNET_DISCONNECTED @ https://www.canva.com/_online?1788402499867:0
[57561400ms] [ERROR] Failed to load resource: net::ERR_INTERNET_DISCONNECTED @ https://www.canva.com/_online?1788402505719:0
[57567895ms] [ERROR] Failed to load resource: net::ERR_INTERNET_DISCONNECTED @ https://www.canva.com/_online?1788402512214:0
[57573294ms] [ERROR] Failed to load resource: net::ERR_INTERNET_DISCONNECTED @ https://www.canva.com/_online?1788402517613:0
[57578572ms] [ERROR] Failed to load resource: net::ERR_INTERNET_DISCONNECTED @ https://www.canva.com/_online?1788402522891:0
[57584243ms] [ERROR] Failed to load resource: net::ERR_INTERNET_DISCONNECTED @ https://www.canva.com/_online?1788402528562:0
[57590569ms] [ERROR] Failed to load resource: net::ERR_INTERNET_DISCONNECTED @ https://www.canva.com/_online?1788402534888:0
[57596944ms] [ERROR] Failed to load resource: net::ERR_INTERNET_DISCONNECTED @ https://www.canva.com/_online?1788402541263:0
[57602160ms] [ERROR] Failed to load resource: net::ERR_INTERNET_DISCONNECTED @ https://www.canva.com/_online?1788402546479:0
[57608439ms] [ERROR] Failed to load resource: net::ERR_INTERNET_DISCONNECTED @ https://www.canva.com/_online?1788402552758:0
[57614327ms] [ERROR] Failed to load resource: net::ERR_INTERNET_DISCONNECTED @ https://www.canva.com/_online?1788402558646:0
[57619474ms] [ERROR] Failed to load resource: net::ERR_INTERNET_DISCONNECTED @ https://www.canva.com/_online?1788402563792:0
[57625373ms] [ERROR] Failed to load resource: net::ERR_INTERNET_DISCONNECTED @ https://www.canva.com/_online?1788402569691:0
[57631322ms] [ERROR] Failed to load resource: net::ERR_INTERNET_DISCONNECTED @ https://www.canva.com/_online?1788402575641:0
[57637355ms] [ERROR] Failed to load resource: net::ERR_INTERNET_DISCONNECTED @ https://www.canva.com/_online?1788402581674:0
[57643318ms] [ERROR] Failed to load resource: net::ERR_INTERNET_DISCONNECTED @ https://www.canva.com/_online?1788402587637:0
[57648916ms] [ERROR] Failed to load resource: net::ERR_INTERNET_DISCONNECTED @ https://www.canva.com/_online?1788402593235:0
[57654774ms] [ERROR] Failed to load resource: net::ERR_INTERNET_DISCONNECTED @ https://www.canva.com/_online?1788402599093:0
[57659982ms] [ERROR] Failed to load resource: net::ERR_INTERNET_DISCONNECTED @ https://www.canva.com/_online?1788402604300:0
[57666167ms] [ERROR] Failed to load resource: net::ERR_INTERNET_DISCONNECTED @ https://www.canva.com/_online?1788402610485:0
[57671419ms] [ERROR] Failed to load resource: net::ERR_INTERNET_DISCONNECTED @ https://www.canva.com/_online?1788402615738:0
[57676663ms] [ERROR] Failed to load resource: net::ERR_INTERNET_DISCONNECTED @ https://www.canva.com/_online?1788402620982:0
[57682232ms] [ERROR] Failed to load resource: net::ERR_INTERNET_DISCONNECTED @ https://www.canva.com/_online?1788402626551:0
[57687768ms] [ERROR] Failed to load resource: net::ERR_INTERNET_DISCONNECTED @ https://www.canva.com/_online?1788402632087:0
[57693785ms] [ERROR] Failed to load resource: net::ERR_INTERNET_DISCONNECTED @ https://www.canva.com/_online?1788402638104:0
[57699527ms] [ERROR] Failed to load resource: net::ERR_INTERNET_DISCONNECTED @ https://www.canva.com/_online?1788402643846:0
[57705109ms] [ERROR] Failed to load resource: net::ERR_INTERNET_DISCONNECTED @ https://www.canva.com/_online?1788402649428:0
[57711327ms] [ERROR] Failed to load resource: net::ERR_INTERNET_DISCONNECTED @ https://www.canva.com/_online?1788402655646:0
[57716550ms] [ERROR] Failed to load resource: net::ERR_INTERNET_DISCONNECTED @ https://www.canva.com/_online?1788402660868:0
[57721765ms] [ERROR] Failed to load resource: net::ERR_INTERNET_DISCONNECTED @ https://www.canva.com/_online?1788402666084:0
[57726785ms] [ERROR] Failed to load resource: net::ERR_INTERNET_DISCONNECTED @ https://www.canva.com/_online?1788402671103:0
[57732097ms] [ERROR] Failed to load resource: net::ERR_INTERNET_DISCONNECTED @ https://www.canva.com/_online?1788402676416:0
[57737767ms] [ERROR] Failed to load resource: net::ERR_INTERNET_DISCONNECTED @ https://www.canva.com/_online?1788402682086:0
[57743166ms] [ERROR] Failed to load resource: net::ERR_INTERNET_DISCONNECTED @ https://www.canva.com/_online?1788402687484:0
[57748424ms] [ERROR] Failed to load resource: net::ERR_INTERNET_DISCONNECTED @ https://www.canva.com/_online?1788402692743:0
[57754221ms] [ERROR] Failed to load resource: net::ERR_INTERNET_DISCONNECTED @ https://www.canva.com/_online?1788402698539:0
[57759381ms] [ERROR] Failed to load resource: net::ERR_INTERNET_DISCONNECTED @ https://www.canva.com/_online?1788402703699:0
[57765662ms] [ERROR] Failed to load resource: net::ERR_INTERNET_DISCONNECTED @ https://www.canva.com/_online?1788402709981:0
[57771312ms] [ERROR] Failed to load resource: net::ERR_INTERNET_DISCONNECTED @ https://www.canva.com/_online?1788402715631:0
[57777212ms] [ERROR] Failed to load resource: net::ERR_INTERNET_DISCONNECTED @ https://www.canva.com/_online?1788402721531:0
[57782930ms] [ERROR] Failed to load resource: net::ERR_INTERNET_DISCONNECTED @ https://www.canva.com/_online?1788402727249:0
[57788213ms] [ERROR] Failed to load resource: net::ERR_INTERNET_DISCONNECTED @ https://www.canva.com/_online?1788402732533:0
[57793245ms] [ERROR] Failed to load resource: net::ERR_INTERNET_DISCONNECTED @ https://www.canva.com/_online?1788402737563:0
[57798441ms] [ERROR] Failed to load resource: net::ERR_INTERNET_DISCONNECTED @ https://www.canva.com/_online?1788402742760:0
[57804818ms] [ERROR] Failed to load resource: net::ERR_INTERNET_DISCONNECTED @ https://www.canva.com/_online?1788402749136:0
[57810794ms] [ERROR] Failed to load resource: net::ERR_INTERNET_DISCONNECTED @ https://www.canva.com/_online?1788402755113:0
[57816244ms] [ERROR] Failed to load resource: net::ERR_INTERNET_DISCONNECTED @ https://www.canva.com/_online?1788402760563:0
[57821911ms] [ERROR] Failed to load resource: net::ERR_INTERNET_DISCONNECTED @ https://www.canva.com/_online?1788402766229:0
[57826919ms] [ERROR] Failed to load resource: net::ERR_INTERNET_DISCONNECTED @ https://www.canva.com/_online?1788402771237:0
[57833275ms] [ERROR] Failed to load resource: net::ERR_INTERNET_DISCONNECTED @ https://www.canva.com/_online?1788402777594:0
[57839286ms] [ERROR] Failed to load resource: net::ERR_INTERNET_DISCONNECTED @ https://www.canva.com/_online?1788402783605:0
[57845110ms] [ERROR] Failed to load resource: net::ERR_INTERNET_DISCONNECTED @ https://www.canva.com/_online?1788402789429:0
[57850276ms] [ERROR] Failed to load resource: net::ERR_INTERNET_DISCONNECTED @ https://www.canva.com/_online?1788402794595:0
[57856037ms] [ERROR] Failed to load resource: net::ERR_INTERNET_DISCONNECTED @ https://www.canva.com/_online?1788402800356:0
[57862142ms] [ERROR] Failed to load resource: net::ERR_INTERNET_DISCONNECTED @ https://www.canva.com/_online?1788402806461:0
[57867685ms] [ERROR] Failed to load resource: net::ERR_INTERNET_DISCONNECTED @ https://www.canva.com/_online?1788402812005:0
[57873752ms] [ERROR] Failed to load resource: net::ERR_INTERNET_DISCONNECTED @ https://www.canva.com/_online?1788402818070:0
[57878824ms] [ERROR] Failed to load resource: net::ERR_INTERNET_DISCONNECTED @ https://www.canva.com/_online?1788402823143:0
[57884668ms] [ERROR] Failed to load resource: net::ERR_INTERNET_DISCONNECTED @ https://www.canva.com/_online?1788402828987:0
[57890197ms] [ERROR] Failed to load resource: net::ERR_INTERNET_DISCONNECTED @ https://www.canva.com/_online?1788402834516:0
[57895504ms] [ERROR] Failed to load resource: net::ERR_INTERNET_DISCONNECTED @ https://www.canva.com/_online?1788402839824:0
[57901482ms] [ERROR] Failed to load resource: net::ERR_INTERNET_DISCONNECTED @ https://www.canva.com/_online?1788402845801:0
[57906591ms] [ERROR] Failed to load resource: net::ERR_INTERNET_DISCONNECTED @ https://www.canva.com/_online?1788402850910:0
[57911928ms] [ERROR] Failed to load resource: net::ERR_INTERNET_DISCONNECTED @ https://www.canva.com/_online?1788402856247:0
[57916972ms] [ERROR] Failed to load resource: net::ERR_INTERNET_DISCONNECTED @ https://www.canva.com/_online?1788402861291:0
[57922658ms] [ERROR] Failed to load resource: net::ERR_INTERNET_DISCONNECTED @ https://www.canva.com/_online?1788402866976:0
[57928372ms] [ERROR] Failed to load resource: net::ERR_INTERNET_DISCONNECTED @ https://www.canva.com/_online?1788402872691:0
[57933449ms] [ERROR] Failed to load resource: net::ERR_INTERNET_DISCONNECTED @ https://www.canva.com/_online?1788402877768:0
[57938497ms] [ERROR] Failed to load resource: net::ERR_INTERNET_DISCONNECTED @ https://www.canva.com/_online?1788402882816:0
[57944250ms] [ERROR] Failed to load resource: net::ERR_INTERNET_DISCONNECTED @ https://www.canva.com/_online?1788402888569:0
[57949891ms] [ERROR] Failed to load resource: net::ERR_INTERNET_DISCONNECTED @ https://www.canva.com/_online?1788402894210:0
[57954996ms] [ERROR] Failed to load resource: net::ERR_INTERNET_DISCONNECTED @ https://www.canva.com/_online?1788402899315:0
[57961402ms] [ERROR] Failed to load resource: net::ERR_INTERNET_DISCONNECTED @ https://www.canva.com/_online?1788402905721:0
[57967009ms] [ERROR] Failed to load resource: net::ERR_INTERNET_DISCONNECTED @ https://www.canva.com/_online?1788402911327:0
[57973338ms] [ERROR] Failed to load resource: net::ERR_INTERNET_DISCONNECTED @ https://www.canva.com/_online?1788402917657:0
[57979154ms] [ERROR] Failed to load resource: net::ERR_INTERNET_DISCONNECTED @ https://www.canva.com/_online?1788402923472:0
[57984554ms] [ERROR] Failed to load resource: net::ERR_INTERNET_DISCONNECTED @ https://www.canva.com/_online?1788402928871:0
[57990650ms] [ERROR] Failed to load resource: net::ERR_INTERNET_DISCONNECTED @ https://www.canva.com/_online?1788402934968:0
[57996136ms] [ERROR] Failed to load resource: net::ERR_INTERNET_DISCONNECTED @ https://www.canva.com/_online?1788402940455:0
[58001400ms] [ERROR] Failed to load resource: net::ERR_INTERNET_DISCONNECTED @ https://www.canva.com/_online?1788402945720:0
[58007139ms] [ERROR] Failed to load resource: net::ERR_INTERNET_DISCONNECTED @ https://www.canva.com/_online?1788402951458:0
[58012867ms] [ERROR] Failed to load resource: net::ERR_INTERNET_DISCONNECTED @ https://www.canva.com/_online?1788402957185:0
[58019351ms] [ERROR] Failed to load resource: net::ERR_INTERNET_DISCONNECTED @ https://www.canva.com/_online?1788402963668:0
[58024480ms] [ERROR] Failed to load resource: net::ERR_INTERNET_DISCONNECTED @ https://www.canva.com/_online?1788402968799:0
[58030939ms] [ERROR] Failed to load resource: net::ERR_INTERNET_DISCONNECTED @ https://www.canva.com/_online?1788402975258:0
[58036623ms] [ERROR] Failed to load resource: net::ERR_INTERNET_DISCONNECTED @ https://www.canva.com/_online?1788402980942:0
[58041783ms] [ERROR] Failed to load resource: net::ERR_INTERNET_DISCONNECTED @ https://www.canva.com/_online?1788402986102:0
[58048221ms] [ERROR] Failed to load resource: net::ERR_INTERNET_DISCONNECTED @ https://www.canva.com/_online?1788402992540:0
[58053722ms] [ERROR] Failed to load resource: net::ERR_INTERNET_DISCONNECTED @ https://www.canva.com/_online?1788402998040:0
[58059419ms] [ERROR] Failed to load resource: net::ERR_INTERNET_DISCONNECTED @ https://www.canva.com/_online?1788403003738:0
[58065242ms] [ERROR] Failed to load resource: net::ERR_INTERNET_DISCONNECTED @ https://www.canva.com/_online?1788403009561:0
[58070689ms] [ERROR] Failed to load resource: net::ERR_INTERNET_DISCONNECTED @ https://www.canva.com/_online?1788403015008:0
[58076158ms] [ERROR] Failed to load resource: net::ERR_INTERNET_DISCONNECTED @ https://www.canva.com/_online?1788403020476:0
[58082225ms] [ERROR] Failed to load resource: net::ERR_INTERNET_DISCONNECTED @ https://www.canva.com/_online?1788403026544:0
[58088373ms] [ERROR] Failed to load resource: net::ERR_INTERNET_DISCONNECTED @ https://www.canva.com/_online?1788403032692:0
[58093566ms] [ERROR] Failed to load resource: net::ERR_INTERNET_DISCONNECTED @ https://www.canva.com/_online?1788403037884:0
[58099772ms] [ERROR] Failed to load resource: net::ERR_INTERNET_DISCONNECTED @ https://www.canva.com/_online?1788403044091:0
[58106052ms] [ERROR] Failed to load resource: net::ERR_INTERNET_DISCONNECTED @ https://www.canva.com/_online?1788403050371:0
[58112250ms] [ERROR] Failed to load resource: net::ERR_INTERNET_DISCONNECTED @ https://www.canva.com/_online?1788403056569:0
[58117836ms] [ERROR] Failed to load resource: net::ERR_INTERNET_DISCONNECTED @ https://www.canva.com/_online?1788403062155:0
[58123738ms] [ERROR] Failed to load resource: net::ERR_INTERNET_DISCONNECTED @ https://www.canva.com/_online?1788403068057:0
[58129112ms] [ERROR] Failed to load resource: net::ERR_INTERNET_DISCONNECTED @ https://www.canva.com/_online?1788403073429:0
[58134571ms] [ERROR] Failed to load resource: net::ERR_INTERNET_DISCONNECTED @ https://www.canva.com/_online?1788403078889:0
[58139860ms] [ERROR] Failed to load resource: net::ERR_INTERNET_DISCONNECTED @ https://www.canva.com/_online?1788403084178:0
[58145984ms] [ERROR] Failed to load resource: net::ERR_INTERNET_DISCONNECTED @ https://www.canva.com/_online?1788403090302:0
[58151444ms] [ERROR] Failed to load resource: net::ERR_INTERNET_DISCONNECTED @ https://www.canva.com/_online?1788403095762:0
[58157700ms] [ERROR] Failed to load resource: net::ERR_INTERNET_DISCONNECTED @ https://www.canva.com/_online?1788403102018:0
[58162725ms] [ERROR] Failed to load resource: net::ERR_INTERNET_DISCONNECTED @ https://www.canva.com/_online?1788403107043:0
[58168183ms] [ERROR] Failed to load resource: net::ERR_INTERNET_DISCONNECTED @ https://www.canva.com/_online?1788403112502:0
[58173382ms] [ERROR] Failed to load resource: net::ERR_INTERNET_DISCONNECTED @ https://www.canva.com/_online?1788403117700:0
[58179092ms] [ERROR] Failed to load resource: net::ERR_INTERNET_DISCONNECTED @ https://www.canva.com/_online?1788403123411:0
[58185598ms] [ERROR] Failed to load resource: net::ERR_INTERNET_DISCONNECTED @ https://www.canva.com/_online?1788403129911:0
[58191772ms] [ERROR] Failed to load resource: net::ERR_INTERNET_DISCONNECTED @ https://www.canva.com/_online?1788403136091:0
[58198186ms] [ERROR] Failed to load resource: net::ERR_INTERNET_DISCONNECTED @ https://www.canva.com/_online?1788403142505:0
[58203221ms] [ERROR] Failed to load resource: net::ERR_INTERNET_DISCONNECTED @ https://www.canva.com/_online?1788403147540:0
[58209394ms] [ERROR] Failed to load resource: net::ERR_INTERNET_DISCONNECTED @ https://www.canva.com/_online?1788403153712:0
[58215665ms] [ERROR] Failed to load resource: net::ERR_INTERNET_DISCONNECTED @ https://www.canva.com/_online?1788403159984:0
[58221575ms] [ERROR] Failed to load resource: net::ERR_INTERNET_DISCONNECTED @ https://www.canva.com/_online?1788403165893:0
[58227379ms] [ERROR] Failed to load resource: net::ERR_INTERNET_DISCONNECTED @ https://www.canva.com/_online?1788403171698:0
[58233581ms] [ERROR] Failed to load resource: net::ERR_INTERNET_DISCONNECTED @ https://www.canva.com/_online?1788403177900:0
[58239866ms] [ERROR] Failed to load resource: net::ERR_INTERNET_DISCONNECTED @ https://www.canva.com/_online?1788403184184:0
[58245532ms] [ERROR] Failed to load resource: net::ERR_INTERNET_DISCONNECTED @ https://www.canva.com/_online?1788403189851:0
[58250871ms] [ERROR] Failed to load resource: net::ERR_INTERNET_DISCONNECTED @ https://www.canva.com/_online?1788403195189:0
[58257168ms] [ERROR] Failed to load resource: net::ERR_INTERNET_DISCONNECTED @ https://www.canva.com/_online?1788403201487:0
[58261900ms] [ERROR] Failed to load resource: net::ERR_INTERNET_DISCONNECTED @ https://www.canva.com/_ajax/livefolderitem/channel/AoJWAbKSVEFcr6ojT373jz8/retrieve_updates?continuation=1788349892913-0:0
[58263396ms] [ERROR] Failed to load resource: net::ERR_INTERNET_DISCONNECTED @ https://www.canva.com/_online?1788403207715:0
[58268880ms] [ERROR] Failed to load resource: net::ERR_INTERNET_DISCONNECTED @ https://www.canva.com/_online?1788403213198:0
[58274702ms] [ERROR] Failed to load resource: net::ERR_INTERNET_DISCONNECTED @ https://www.canva.com/_online?1788403219021:0
[58281088ms] [ERROR] Failed to load resource: net::ERR_INTERNET_DISCONNECTED @ https://www.canva.com/_online?1788403225406:0
[58287446ms] [ERROR] Failed to load resource: net::ERR_INTERNET_DISCONNECTED @ https://www.canva.com/_online?1788403231765:0
[58293520ms] [ERROR] Failed to load resource: net::ERR_INTERNET_DISCONNECTED @ https://www.canva.com/_online?1788403237839:0
[58299240ms] [ERROR] Failed to load resource: net::ERR_INTERNET_DISCONNECTED @ https://www.canva.com/_online?1788403243559:0
[58304453ms] [ERROR] Failed to load resource: net::ERR_INTERNET_DISCONNECTED @ https://www.canva.com/_online?1788403248771:0
[58309754ms] [ERROR] Failed to load resource: net::ERR_INTERNET_DISCONNECTED @ https://www.canva.com/_online?1788403254072:0
[58315707ms] [ERROR] Failed to load resource: net::ERR_INTERNET_DISCONNECTED @ https://www.canva.com/_online?1788403260025:0
[58321287ms] [ERROR] Failed to load resource: net::ERR_INTERNET_DISCONNECTED @ https://www.canva.com/_online?1788403265606:0
[58327228ms] [ERROR] Failed to load resource: net::ERR_INTERNET_DISCONNECTED @ https://www.canva.com/_online?1788403271547:0
[58332285ms] [ERROR] Failed to load resource: net::ERR_INTERNET_DISCONNECTED @ https://www.canva.com/_online?1788403276604:0
[58337522ms] [ERROR] Failed to load resource: net::ERR_INTERNET_DISCONNECTED @ https://www.canva.com/_online?1788403281841:0
[58343344ms] [ERROR] Failed to load resource: net::ERR_INTERNET_DISCONNECTED @ https://www.canva.com/_online?1788403287663:0
[58348620ms] [ERROR] Failed to load resource: net::ERR_INTERNET_DISCONNECTED @ https://www.canva.com/_online?1788403292939:0
[58353794ms] [ERROR] Failed to load resource: net::ERR_INTERNET_DISCONNECTED @ https://www.canva.com/_online?1788403298113:0
[58359246ms] [ERROR] Failed to load resource: net::ERR_INTERNET_DISCONNECTED @ https://www.canva.com/_online?1788403303565:0
[58364584ms] [ERROR] Failed to load resource: net::ERR_INTERNET_DISCONNECTED @ https://www.canva.com/_online?1788403308903:0
[58370592ms] [ERROR] Failed to load resource: net::ERR_INTERNET_DISCONNECTED @ https://www.canva.com/_online?1788403314911:0
[58376901ms] [ERROR] Failed to load resource: net::ERR_INTERNET_DISCONNECTED @ https://www.canva.com/_online?1788403321219:0
[58382338ms] [ERROR] Failed to load resource: net::ERR_INTERNET_DISCONNECTED @ https://www.canva.com/_online?1788403326657:0
[58388471ms] [ERROR] Failed to load resource: net::ERR_INTERNET_DISCONNECTED @ https://www.canva.com/_online?1788403332789:0
[58394633ms] [ERROR] Failed to load resource: net::ERR_INTERNET_DISCONNECTED @ https://www.canva.com/_online?1788403338952:0
[58400746ms] [ERROR] Failed to load resource: net::ERR_INTERNET_DISCONNECTED @ https://www.canva.com/_online?1788403345064:0
[58406317ms] [ERROR] Failed to load resource: net::ERR_INTERNET_DISCONNECTED @ https://www.canva.com/_online?1788403350636:0
[58412420ms] [ERROR] Failed to load resource: net::ERR_INTERNET_DISCONNECTED @ https://www.canva.com/_online?1788403356739:0
[58418652ms] [ERROR] Failed to load resource: net::ERR_INTERNET_DISCONNECTED @ https://www.canva.com/_online?1788403362971:0
[58424597ms] [ERROR] Failed to load resource: net::ERR_INTERNET_DISCONNECTED @ https://www.canva.com/_online?1788403368916:0
[58429899ms] [ERROR] Failed to load resource: net::ERR_INTERNET_DISCONNECTED @ https://www.canva.com/_online?1788403374217:0
[58435604ms] [ERROR] Failed to load resource: net::ERR_INTERNET_DISCONNECTED @ https://www.canva.com/_online?1788403379923:0
[58441401ms] [ERROR] Failed to load resource: net::ERR_INTERNET_DISCONNECTED @ https://www.canva.com/_online?1788403385720:0
[58446805ms] [ERROR] Failed to load resource: net::ERR_INTERNET_DISCONNECTED @ https://www.canva.com/_online?1788403391123:0
[58452859ms] [ERROR] Failed to load resource: net::ERR_INTERNET_DISCONNECTED @ https://www.canva.com/_online?1788403397177:0
[58458787ms] [ERROR] Failed to load resource: net::ERR_INTERNET_DISCONNECTED @ https://www.canva.com/_online?1788403403106:0
[58464578ms] [ERROR] Failed to load resource: net::ERR_INTERNET_DISCONNECTED @ https://www.canva.com/_online?1788403408897:0
[58470472ms] [ERROR] Failed to load resource: net::ERR_INTERNET_DISCONNECTED @ https://www.canva.com/_online?1788403414791:0
[58475757ms] [ERROR] Failed to load resource: net::ERR_INTERNET_DISCONNECTED @ https://www.canva.com/_online?1788403420075:0
[58481160ms] [ERROR] Failed to load resource: net::ERR_INTERNET_DISCONNECTED @ https://www.canva.com/_online?1788403425479:0
[58486916ms] [ERROR] Failed to load resource: net::ERR_INTERNET_DISCONNECTED @ https://www.canva.com/_online?1788403431235:0
[58492202ms] [ERROR] Failed to load resource: net::ERR_INTERNET_DISCONNECTED @ https://www.canva.com/_online?1788403436521:0
[58497996ms] [ERROR] Failed to load resource: net::ERR_INTERNET_DISCONNECTED @ https://www.canva.com/_online?1788403442315:0
[58503986ms] [ERROR] Failed to load resource: net::ERR_INTERNET_DISCONNECTED @ https://www.canva.com/_online?1788403448305:0
[58509344ms] [ERROR] Failed to load resource: net::ERR_INTERNET_DISCONNECTED @ https://www.canva.com/_online?1788403453663:0
[58514693ms] [ERROR] Failed to load resource: net::ERR_INTERNET_DISCONNECTED @ https://www.canva.com/_online?1788403459012:0
[58520399ms] [ERROR] Failed to load resource: net::ERR_INTERNET_DISCONNECTED @ https://www.canva.com/_online?1788403464717:0
[58526629ms] [ERROR] Failed to load resource: net::ERR_INTERNET_DISCONNECTED @ https://www.canva.com/_online?1788403470947:0
[58531855ms] [ERROR] Failed to load resource: net::ERR_INTERNET_DISCONNECTED @ https://www.canva.com/_online?1788403476173:0
[58537132ms] [ERROR] Failed to load resource: net::ERR_INTERNET_DISCONNECTED @ https://www.canva.com/_online?1788403481449:0
[58542830ms] [ERROR] Failed to load resource: net::ERR_INTERNET_DISCONNECTED @ https://www.canva.com/_online?1788403487149:0
[58548410ms] [ERROR] Failed to load resource: net::ERR_INTERNET_DISCONNECTED @ https://www.canva.com/_online?1788403492729:0
[58553994ms] [ERROR] Failed to load resource: net::ERR_INTERNET_DISCONNECTED @ https://www.canva.com/_online?1788403498313:0
[58559477ms] [ERROR] Failed to load resource: net::ERR_INTERNET_DISCONNECTED @ https://www.canva.com/_online?1788403503796:0
[58564841ms] [ERROR] Failed to load resource: net::ERR_INTERNET_DISCONNECTED @ https://www.canva.com/_online?1788403509160:0
[58569983ms] [ERROR] Failed to load resource: net::ERR_INTERNET_DISCONNECTED @ https://www.canva.com/_online?1788403514301:0
[58575411ms] [ERROR] Failed to load resource: net::ERR_INTERNET_DISCONNECTED @ https://www.canva.com/_online?1788403519729:0
[58580587ms] [ERROR] Failed to load resource: net::ERR_INTERNET_DISCONNECTED @ https://www.canva.com/_online?1788403524906:0
[58585689ms] [ERROR] Failed to load resource: net::ERR_INTERNET_DISCONNECTED @ https://www.canva.com/_online?1788403530005:0
[58591926ms] [ERROR] Failed to load resource: net::ERR_INTERNET_DISCONNECTED @ https://www.canva.com/_online?1788403536245:0
[58597444ms] [ERROR] Failed to load resource: net::ERR_INTERNET_DISCONNECTED @ https://www.canva.com/_online?1788403541763:0
[58603082ms] [ERROR] Failed to load resource: net::ERR_INTERNET_DISCONNECTED @ https://www.canva.com/_online?1788403547400:0
[58609521ms] [ERROR] Failed to load resource: net::ERR_INTERNET_DISCONNECTED @ https://www.canva.com/_online?1788403553839:0
[58615240ms] [ERROR] Failed to load resource: net::ERR_INTERNET_DISCONNECTED @ https://www.canva.com/_online?1788403559558:0
[58621252ms] [ERROR] Failed to load resource: net::ERR_INTERNET_DISCONNECTED @ https://www.canva.com/_online?1788403565568:0
[58627127ms] [ERROR] Failed to load resource: net::ERR_INTERNET_DISCONNECTED @ https://www.canva.com/_online?1788403571444:0
[58633405ms] [ERROR] Failed to load resource: net::ERR_INTERNET_DISCONNECTED @ https://www.canva.com/_online?1788403577724:0
[58639823ms] [ERROR] Failed to load resource: net::ERR_INTERNET_DISCONNECTED @ https://www.canva.com/_online?1788403584140:0
[58646250ms] [ERROR] Failed to load resource: net::ERR_INTERNET_DISCONNECTED @ https://www.canva.com/_online?1788403590569:0
[58652551ms] [ERROR] Failed to load resource: net::ERR_INTERNET_DISCONNECTED @ https://www.canva.com/_online?1788403596870:0
[58657713ms] [ERROR] Failed to load resource: net::ERR_INTERNET_DISCONNECTED @ https://www.canva.com/_online?1788403602032:0
[58663166ms] [ERROR] Failed to load resource: net::ERR_INTERNET_DISCONNECTED @ https://www.canva.com/_online?1788403607485:0
[58668498ms] [ERROR] Failed to load resource: net::ERR_INTERNET_DISCONNECTED @ https://www.canva.com/_online?1788403612817:0
[58674844ms] [ERROR] Failed to load resource: net::ERR_INTERNET_DISCONNECTED @ https://www.canva.com/_online?1788403619163:0
[58680540ms] [ERROR] Failed to load resource: net::ERR_INTERNET_DISCONNECTED @ https://www.canva.com/_online?1788403624859:0
[58686405ms] [ERROR] Failed to load resource: net::ERR_INTERNET_DISCONNECTED @ https://www.canva.com/_online?1788403630725:0
[58692701ms] [ERROR] Failed to load resource: net::ERR_INTERNET_DISCONNECTED @ https://www.canva.com/_online?1788403637020:0
[58698896ms] [ERROR] Failed to load resource: net::ERR_INTERNET_DISCONNECTED @ https://www.canva.com/_online?1788403643215:0
[58705071ms] [ERROR] Failed to load resource: net::ERR_INTERNET_DISCONNECTED @ https://www.canva.com/_online?1788403649390:0
[58710557ms] [ERROR] Failed to load resource: net::ERR_INTERNET_DISCONNECTED @ https://www.canva.com/_online?1788403654876:0
[58716271ms] [ERROR] Failed to load resource: net::ERR_INTERNET_DISCONNECTED @ https://www.canva.com/_online?1788403660590:0
[58722532ms] [ERROR] Failed to load resource: net::ERR_INTERNET_DISCONNECTED @ https://www.canva.com/_online?1788403666851:0
[58727621ms] [ERROR] Failed to load resource: net::ERR_INTERNET_DISCONNECTED @ https://www.canva.com/_online?1788403671939:0
[58733466ms] [ERROR] Failed to load resource: net::ERR_INTERNET_DISCONNECTED @ https://www.canva.com/_online?1788403677784:0
[58739665ms] [ERROR] Failed to load resource: net::ERR_INTERNET_DISCONNECTED @ https://www.canva.com/_online?1788403683984:0
[58745573ms] [ERROR] Failed to load resource: net::ERR_INTERNET_DISCONNECTED @ https://www.canva.com/_online?1788403689891:0
[58751092ms] [ERROR] Failed to load resource: net::ERR_INTERNET_DISCONNECTED @ https://www.canva.com/_online?1788403695410:0
[58757563ms] [ERROR] Failed to load resource: net::ERR_INTERNET_DISCONNECTED @ https://www.canva.com/_online?1788403701882:0
[58763536ms] [ERROR] Failed to load resource: net::ERR_INTERNET_DISCONNECTED @ https://www.canva.com/_online?1788403707855:0
[58769251ms] [ERROR] Failed to load resource: net::ERR_INTERNET_DISCONNECTED @ https://www.canva.com/_online?1788403713570:0
[58774778ms] [ERROR] Failed to load resource: net::ERR_INTERNET_DISCONNECTED @ https://www.canva.com/_online?1788403719097:0
[58779789ms] [ERROR] Failed to load resource: net::ERR_INTERNET_DISCONNECTED @ https://www.canva.com/_online?1788403724108:0
[58785309ms] [ERROR] Failed to load resource: net::ERR_INTERNET_DISCONNECTED @ https://www.canva.com/_online?1788403729628:0
[58791256ms] [ERROR] Failed to load resource: net::ERR_INTERNET_DISCONNECTED @ https://www.canva.com/_online?1788403735575:0
[58797628ms] [ERROR] Failed to load resource: net::ERR_INTERNET_DISCONNECTED @ https://www.canva.com/_online?1788403741945:0
[58802750ms] [ERROR] Failed to load resource: net::ERR_INTERNET_DISCONNECTED @ https://www.canva.com/_online?1788403747069:0
[58808326ms] [ERROR] Failed to load resource: net::ERR_INTERNET_DISCONNECTED @ https://www.canva.com/_online?1788403752644:0
[58813817ms] [ERROR] Failed to load resource: net::ERR_INTERNET_DISCONNECTED @ https://www.canva.com/_online?1788403758136:0
[58819828ms] [ERROR] Failed to load resource: net::ERR_INTERNET_DISCONNECTED @ https://www.canva.com/_online?1788403764147:0
[58825115ms] [ERROR] Failed to load resource: net::ERR_INTERNET_DISCONNECTED @ https://www.canva.com/_online?1788403769434:0
[58830407ms] [ERROR] Failed to load resource: net::ERR_INTERNET_DISCONNECTED @ https://www.canva.com/_online?1788403774725:0
[58836787ms] [ERROR] Failed to load resource: net::ERR_INTERNET_DISCONNECTED @ https://www.canva.com/_online?1788403781106:0
[58842950ms] [ERROR] Failed to load resource: net::ERR_INTERNET_DISCONNECTED @ https://www.canva.com/_online?1788403787269:0
[58849386ms] [ERROR] Failed to load resource: net::ERR_INTERNET_DISCONNECTED @ https://www.canva.com/_online?1788403793705:0
[58854944ms] [ERROR] Failed to load resource: net::ERR_INTERNET_DISCONNECTED @ https://www.canva.com/_online?1788403799262:0
[58860317ms] [ERROR] Failed to load resource: net::ERR_INTERNET_DISCONNECTED @ https://www.canva.com/_online?1788403804636:0
[58866710ms] [ERROR] Failed to load resource: net::ERR_INTERNET_DISCONNECTED @ https://www.canva.com/_online?1788403811029:0
[58871820ms] [ERROR] Failed to load resource: net::ERR_INTERNET_DISCONNECTED @ https://www.canva.com/_online?1788403816139:0
[58878126ms] [ERROR] Failed to load resource: net::ERR_INTERNET_DISCONNECTED @ https://www.canva.com/_online?1788403822445:0
[58884450ms] [ERROR] Failed to load resource: net::ERR_INTERNET_DISCONNECTED @ https://www.canva.com/_online?1788403828769:0
[58890656ms] [ERROR] Failed to load resource: net::ERR_INTERNET_DISCONNECTED @ https://www.canva.com/_online?1788403834975:0
[58895685ms] [ERROR] Failed to load resource: net::ERR_INTERNET_DISCONNECTED @ https://www.canva.com/_online?1788403840003:0
[58900844ms] [ERROR] Failed to load resource: net::ERR_INTERNET_DISCONNECTED @ https://www.canva.com/_online?1788403845163:0
[58906216ms] [ERROR] Failed to load resource: net::ERR_INTERNET_DISCONNECTED @ https://www.canva.com/_online?1788403850535:0
[58911386ms] [ERROR] Failed to load resource: net::ERR_INTERNET_DISCONNECTED @ https://www.canva.com/_online?1788403855705:0
[58916679ms] [ERROR] Failed to load resource: net::ERR_INTERNET_DISCONNECTED @ https://www.canva.com/_online?1788403860997:0
[58922964ms] [ERROR] Failed to load resource: net::ERR_INTERNET_DISCONNECTED @ https://www.canva.com/_online?1788403867283:0
[58929145ms] [ERROR] Failed to load resource: net::ERR_INTERNET_DISCONNECTED @ https://www.canva.com/_online?1788403873464:0
[58934580ms] [ERROR] Failed to load resource: net::ERR_INTERNET_DISCONNECTED @ https://www.canva.com/_online?1788403878898:0
[58940995ms] [ERROR] Failed to load resource: net::ERR_INTERNET_DISCONNECTED @ https://www.canva.com/_online?1788403885314:0
[58946575ms] [ERROR] Failed to load resource: net::ERR_INTERNET_DISCONNECTED @ https://www.canva.com/_online?1788403890894:0
[58952532ms] [ERROR] Failed to load resource: net::ERR_INTERNET_DISCONNECTED @ https://www.canva.com/_online?1788403896851:0
[58957628ms] [ERROR] Failed to load resource: net::ERR_INTERNET_DISCONNECTED @ https://www.canva.com/_online?1788403901946:0
[58962667ms] [ERROR] Failed to load resource: net::ERR_INTERNET_DISCONNECTED @ https://www.canva.com/_online?1788403906986:0
[58968863ms] [ERROR] Failed to load resource: net::ERR_INTERNET_DISCONNECTED @ https://www.canva.com/_online?1788403913181:0
[58974353ms] [ERROR] Failed to load resource: net::ERR_INTERNET_DISCONNECTED @ https://www.canva.com/_online?1788403918672:0
[58979722ms] [ERROR] Failed to load resource: net::ERR_INTERNET_DISCONNECTED @ https://www.canva.com/_online?1788403924041:0
[58985716ms] [ERROR] Failed to load resource: net::ERR_INTERNET_DISCONNECTED @ https://www.canva.com/_online?1788403930035:0
[58991891ms] [ERROR] Failed to load resource: net::ERR_INTERNET_DISCONNECTED @ https://www.canva.com/_online?1788403936210:0
[58997596ms] [ERROR] Failed to load resource: net::ERR_INTERNET_DISCONNECTED @ https://www.canva.com/_online?1788403941915:0
[59004020ms] [ERROR] Failed to load resource: net::ERR_INTERNET_DISCONNECTED @ https://www.canva.com/_online?1788403948339:0
[59009519ms] [ERROR] Failed to load resource: net::ERR_INTERNET_DISCONNECTED @ https://www.canva.com/_online?1788403953838:0
[59015351ms] [ERROR] Failed to load resource: net::ERR_INTERNET_DISCONNECTED @ https://www.canva.com/_online?1788403959669:0
[59021422ms] [ERROR] Failed to load resource: net::ERR_INTERNET_DISCONNECTED @ https://www.canva.com/_online?1788403965740:0
[59027187ms] [ERROR] Failed to load resource: net::ERR_INTERNET_DISCONNECTED @ https://www.canva.com/_online?1788403971506:0
[59032903ms] [ERROR] Failed to load resource: net::ERR_INTERNET_DISCONNECTED @ https://www.canva.com/_online?1788403977222:0
[59038486ms] [ERROR] Failed to load resource: net::ERR_INTERNET_DISCONNECTED @ https://www.canva.com/_online?1788403982805:0
[59043877ms] [ERROR] Failed to load resource: net::ERR_INTERNET_DISCONNECTED @ https://www.canva.com/_online?1788403988196:0
[59049961ms] [ERROR] Failed to load resource: net::ERR_INTERNET_DISCONNECTED @ https://www.canva.com/_online?1788403994279:0
[59055972ms] [ERROR] Failed to load resource: net::ERR_INTERNET_DISCONNECTED @ https://www.canva.com/_online?1788404000290:0
[59061251ms] [ERROR] Failed to load resource: net::ERR_INTERNET_DISCONNECTED @ https://www.canva.com/_online?1788404005569:0
[59066849ms] [ERROR] Failed to load resource: net::ERR_INTERNET_DISCONNECTED @ https://www.canva.com/_online?1788404011168:0
[59072045ms] [ERROR] Failed to load resource: net::ERR_INTERNET_DISCONNECTED @ https://www.canva.com/_online?1788404016365:0
[59077609ms] [ERROR] Failed to load resource: net::ERR_INTERNET_DISCONNECTED @ https://www.canva.com/_online?1788404021926:0
[59084023ms] [ERROR] Failed to load resource: net::ERR_INTERNET_DISCONNECTED @ https://www.canva.com/_online?1788404028341:0
[59089589ms] [ERROR] Failed to load resource: net::ERR_INTERNET_DISCONNECTED @ https://www.canva.com/_online?1788404033908:0
[59094602ms] [ERROR] Failed to load resource: net::ERR_INTERNET_DISCONNECTED @ https://www.canva.com/_online?1788404038919:0
[59099708ms] [ERROR] Failed to load resource: net::ERR_INTERNET_DISCONNECTED @ https://www.canva.com/_online?1788404044026:0
[59104955ms] [ERROR] Failed to load resource: net::ERR_INTERNET_DISCONNECTED @ https://www.canva.com/_online?1788404049273:0
[59630278ms] [ERROR] Failed to load resource: net::ERR_INTERNET_DISCONNECTED @ https://www.canva.com/_online?1788404574596:0
[59636247ms] [ERROR] Failed to load resource: net::ERR_INTERNET_DISCONNECTED @ https://www.canva.com/_online?1788404580566:0
[59641375ms] [ERROR] Failed to load resource: net::ERR_INTERNET_DISCONNECTED @ https://www.canva.com/_online?1788404585692:0
[59647370ms] [ERROR] Failed to load resource: net::ERR_INTERNET_DISCONNECTED @ https://www.canva.com/_online?1788404591689:0
[59653603ms] [ERROR] Failed to load resource: net::ERR_INTERNET_DISCONNECTED @ https://www.canva.com/_online?1788404597922:0
[59659656ms] [ERROR] Failed to load resource: net::ERR_INTERNET_DISCONNECTED @ https://www.canva.com/_online?1788404603974:0
[59666049ms] [ERROR] Failed to load resource: net::ERR_INTERNET_DISCONNECTED @ https://www.canva.com/_online?1788404610368:0
[59671671ms] [ERROR] Failed to load resource: net::ERR_INTERNET_DISCONNECTED @ https://www.canva.com/_online?1788404615990:0
[59677151ms] [ERROR] Failed to load resource: net::ERR_INTERNET_DISCONNECTED @ https://www.canva.com/_online?1788404621470:0
[59683269ms] [ERROR] Failed to load resource: net::ERR_INTERNET_DISCONNECTED @ https://www.canva.com/_online?1788404627588:0
[59689368ms] [ERROR] Failed to load resource: net::ERR_INTERNET_DISCONNECTED @ https://www.canva.com/_online?1788404633687:0
[59695298ms] [ERROR] Failed to load resource: net::ERR_INTERNET_DISCONNECTED @ https://www.canva.com/_online?1788404639616:0
[59701309ms] [ERROR] Failed to load resource: net::ERR_INTERNET_DISCONNECTED @ https://www.canva.com/_online?1788404645628:0
[59707679ms] [ERROR] Failed to load resource: net::ERR_INTERNET_DISCONNECTED @ https://www.canva.com/_online?1788404651998:0
[59713313ms] [ERROR] Failed to load resource: net::ERR_INTERNET_DISCONNECTED @ https://www.canva.com/_online?1788404657632:0
[59718524ms] [ERROR] Failed to load resource: net::ERR_INTERNET_DISCONNECTED @ https://www.canva.com/_online?1788404662843:0
[59724407ms] [ERROR] Failed to load resource: net::ERR_INTERNET_DISCONNECTED @ https://www.canva.com/_online?1788404668726:0
[59729411ms] [ERROR] Failed to load resource: net::ERR_INTERNET_DISCONNECTED @ https://www.canva.com/_online?1788404673730:0
[59734983ms] [ERROR] Failed to load resource: net::ERR_INTERNET_DISCONNECTED @ https://www.canva.com/_online?1788404679302:0
[59741355ms] [ERROR] Failed to load resource: net::ERR_INTERNET_DISCONNECTED @ https://www.canva.com/_online?1788404685674:0
[59747029ms] [ERROR] Failed to load resource: net::ERR_INTERNET_DISCONNECTED @ https://www.canva.com/_online?1788404691348:0
[59753398ms] [ERROR] Failed to load resource: net::ERR_INTERNET_DISCONNECTED @ https://www.canva.com/_online?1788404697716:0
[59758913ms] [ERROR] Failed to load resource: net::ERR_INTERNET_DISCONNECTED @ https://www.canva.com/_online?1788404703232:0
[59764379ms] [ERROR] Failed to load resource: net::ERR_INTERNET_DISCONNECTED @ https://www.canva.com/_online?1788404708698:0
[59769524ms] [ERROR] Failed to load resource: net::ERR_INTERNET_DISCONNECTED @ https://www.canva.com/_online?1788404713843:0
[59774939ms] [ERROR] Failed to load resource: net::ERR_INTERNET_DISCONNECTED @ https://www.canva.com/_online?1788404719258:0
[59780118ms] [ERROR] Failed to load resource: net::ERR_INTERNET_DISCONNECTED @ https://www.canva.com/_online?1788404724437:0
[59785523ms] [ERROR] Failed to load resource: net::ERR_INTERNET_DISCONNECTED @ https://www.canva.com/_online?1788404729842:0
[59791681ms] [ERROR] Failed to load resource: net::ERR_INTERNET_DISCONNECTED @ https://www.canva.com/_online?1788404736000:0
[59797145ms] [ERROR] Failed to load resource: net::ERR_INTERNET_DISCONNECTED @ https://www.canva.com/_online?1788404741464:0
[59803375ms] [ERROR] Failed to load resource: net::ERR_INTERNET_DISCONNECTED @ https://www.canva.com/_online?1788404747694:0
[59809008ms] [ERROR] Failed to load resource: net::ERR_INTERNET_DISCONNECTED @ https://www.canva.com/_online?1788404753327:0
[59814791ms] [ERROR] Failed to load resource: net::ERR_INTERNET_DISCONNECTED @ https://www.canva.com/_online?1788404759109:0
[59821009ms] [ERROR] Failed to load resource: net::ERR_INTERNET_DISCONNECTED @ https://www.canva.com/_online?1788404765328:0
[59826701ms] [ERROR] Failed to load resource: net::ERR_INTERNET_DISCONNECTED @ https://www.canva.com/_online?1788404771020:0
[59832597ms] [ERROR] Failed to load resource: net::ERR_INTERNET_DISCONNECTED @ https://www.canva.com/_online?1788404776916:0
[59838781ms] [ERROR] Failed to load resource: net::ERR_INTERNET_DISCONNECTED @ https://www.canva.com/_online?1788404783100:0
[59844220ms] [ERROR] Failed to load resource: net::ERR_INTERNET_DISCONNECTED @ https://www.canva.com/_online?1788404788539:0
[59849971ms] [ERROR] Failed to load resource: net::ERR_INTERNET_DISCONNECTED @ https://www.canva.com/_online?1788404794290:0
[59855333ms] [ERROR] Failed to load resource: net::ERR_INTERNET_DISCONNECTED @ https://www.canva.com/_online?1788404799653:0
[59860658ms] [ERROR] Failed to load resource: net::ERR_INTERNET_DISCONNECTED @ https://www.canva.com/_online?1788404804977:0
[59866342ms] [ERROR] Failed to load resource: net::ERR_INTERNET_DISCONNECTED @ https://www.canva.com/_online?1788404810661:0
[59872136ms] [ERROR] Failed to load resource: net::ERR_INTERNET_DISCONNECTED @ https://www.canva.com/_online?1788404816455:0
[59877582ms] [ERROR] Failed to load resource: net::ERR_INTERNET_DISCONNECTED @ https://www.canva.com/_online?1788404821900:0
[59883194ms] [ERROR] Failed to load resource: net::ERR_INTERNET_DISCONNECTED @ https://www.canva.com/_online?1788404827513:0
[59888458ms] [ERROR] Failed to load resource: net::ERR_INTERNET_DISCONNECTED @ https://www.canva.com/_online?1788404832777:0
[59894140ms] [ERROR] Failed to load resource: net::ERR_INTERNET_DISCONNECTED @ https://www.canva.com/_online?1788404838459:0
[59900571ms] [ERROR] Failed to load resource: net::ERR_INTERNET_DISCONNECTED @ https://www.canva.com/_online?1788404844890:0
[59907058ms] [ERROR] Failed to load resource: net::ERR_INTERNET_DISCONNECTED @ https://www.canva.com/_online?1788404851376:0
[59912487ms] [ERROR] Failed to load resource: net::ERR_INTERNET_DISCONNECTED @ https://www.canva.com/_online?1788404856806:0
[59917822ms] [ERROR] Failed to load resource: net::ERR_INTERNET_DISCONNECTED @ https://www.canva.com/_online?1788404862141:0
[59923470ms] [ERROR] Failed to load resource: net::ERR_INTERNET_DISCONNECTED @ https://www.canva.com/_online?1788404867789:0
[59929843ms] [ERROR] Failed to load resource: net::ERR_INTERNET_DISCONNECTED @ https://www.canva.com/_online?1788404874162:0
[59935753ms] [ERROR] Failed to load resource: net::ERR_INTERNET_DISCONNECTED @ https://www.canva.com/_online?1788404880072:0
[59940978ms] [ERROR] Failed to load resource: net::ERR_INTERNET_DISCONNECTED @ https://www.canva.com/_online?1788404885297:0
[59946056ms] [ERROR] Failed to load resource: net::ERR_INTERNET_DISCONNECTED @ https://www.canva.com/_online?1788404890374:0
[59952296ms] [ERROR] Failed to load resource: net::ERR_INTERNET_DISCONNECTED @ https://www.canva.com/_online?1788404896616:0
[59957942ms] [ERROR] Failed to load resource: net::ERR_INTERNET_DISCONNECTED @ https://www.canva.com/_online?1788404902104:0
[59964410ms] [ERROR] Failed to load resource: net::ERR_INTERNET_DISCONNECTED @ https://www.canva.com/_online?1788404908728:0
[59969818ms] [ERROR] Failed to load resource: net::ERR_INTERNET_DISCONNECTED @ https://www.canva.com/_online?1788404914135:0
[59975774ms] [ERROR] Failed to load resource: net::ERR_INTERNET_DISCONNECTED @ https://www.canva.com/_online?1788404920092:0
[59981272ms] [ERROR] Failed to load resource: net::ERR_INTERNET_DISCONNECTED @ https://www.canva.com/_online?1788404925591:0
[59986548ms] [ERROR] Failed to load resource: net::ERR_INTERNET_DISCONNECTED @ https://www.canva.com/_online?1788404930868:0
[59992222ms] [ERROR] Failed to load resource: net::ERR_INTERNET_DISCONNECTED @ https://www.canva.com/_online?1788404936541:0
[59998598ms] [ERROR] Failed to load resource: net::ERR_INTERNET_DISCONNECTED @ https://www.canva.com/_online?1788404942917:0
[60004115ms] [ERROR] Failed to load resource: net::ERR_INTERNET_DISCONNECTED @ https://www.canva.com/_online?1788404948434:0
[60009745ms] [ERROR] Failed to load resource: net::ERR_INTERNET_DISCONNECTED @ https://www.canva.com/_online?1788404954064:0
[60015709ms] [ERROR] Failed to load resource: net::ERR_INTERNET_DISCONNECTED @ https://www.canva.com/_online?1788404960028:0
[60020750ms] [ERROR] Failed to load resource: net::ERR_INTERNET_DISCONNECTED @ https://www.canva.com/_online?1788404965069:0
[60026016ms] [ERROR] Failed to load resource: net::ERR_INTERNET_DISCONNECTED @ https://www.canva.com/_online?1788404970335:0
[60032280ms] [ERROR] Failed to load resource: net::ERR_INTERNET_DISCONNECTED @ https://www.canva.com/_online?1788404976599:0
[60037944ms] [ERROR] Failed to load resource: net::ERR_INTERNET_DISCONNECTED @ https://www.canva.com/_online?1788404982264:0
[60044276ms] [ERROR] Failed to load resource: net::ERR_INTERNET_DISCONNECTED @ https://www.canva.com/_online?1788404988596:0
[60049857ms] [ERROR] Failed to load resource: net::ERR_INTERNET_DISCONNECTED @ https://www.canva.com/_online?1788404994176:0
[60055647ms] [ERROR] Failed to load resource: net::ERR_INTERNET_DISCONNECTED @ https://www.canva.com/_online?1788404999967:0
[60061351ms] [ERROR] Failed to load resource: net::ERR_INTERNET_DISCONNECTED @ https://www.canva.com/_online?1788405005670:0
[60066877ms] [ERROR] Failed to load resource: net::ERR_INTERNET_DISCONNECTED @ https://www.canva.com/_online?1788405011195:0
[60072687ms] [ERROR] Failed to load resource: net::ERR_INTERNET_DISCONNECTED @ https://www.canva.com/_online?1788405017007:0
[60078630ms] [ERROR] Failed to load resource: net::ERR_INTERNET_DISCONNECTED @ https://www.canva.com/_online?1788405022949:0
[60084365ms] [ERROR] Failed to load resource: net::ERR_INTERNET_DISCONNECTED @ https://www.canva.com/_online?1788405028685:0
[60090339ms] [ERROR] Failed to load resource: net::ERR_INTERNET_DISCONNECTED @ https://www.canva.com/_online?1788405034658:0
[60096496ms] [ERROR] Failed to load resource: net::ERR_INTERNET_DISCONNECTED @ https://www.canva.com/_online?1788405040815:0
[60101694ms] [ERROR] Failed to load resource: net::ERR_INTERNET_DISCONNECTED @ https://www.canva.com/_online?1788405046013:0
[60107262ms] [ERROR] Failed to load resource: net::ERR_INTERNET_DISCONNECTED @ https://www.canva.com/_online?1788405051581:0
[60113233ms] [ERROR] Failed to load resource: net::ERR_INTERNET_DISCONNECTED @ https://www.canva.com/_online?1788405057552:0
[60118693ms] [ERROR] Failed to load resource: net::ERR_INTERNET_DISCONNECTED @ https://www.canva.com/_online?1788405063012:0
[60124009ms] [ERROR] Failed to load resource: net::ERR_INTERNET_DISCONNECTED @ https://www.canva.com/_online?1788405068328:0
[60129262ms] [ERROR] Failed to load resource: net::ERR_INTERNET_DISCONNECTED @ https://www.canva.com/_online?1788405073581:0
[60135735ms] [ERROR] Failed to load resource: net::ERR_INTERNET_DISCONNECTED @ https://www.canva.com/_online?1788405080054:0
[60141850ms] [ERROR] Failed to load resource: net::ERR_INTERNET_DISCONNECTED @ https://www.canva.com/_online?1788405086169:0
[60146990ms] [ERROR] Failed to load resource: net::ERR_INTERNET_DISCONNECTED @ https://www.canva.com/_online?1788405091309:0
[60152089ms] [ERROR] Failed to load resource: net::ERR_INTERNET_DISCONNECTED @ https://www.canva.com/_online?1788405096408:0
[60157695ms] [ERROR] Failed to load resource: net::ERR_INTERNET_DISCONNECTED @ https://www.canva.com/_online?1788405102014:0
[60163298ms] [ERROR] Failed to load resource: net::ERR_INTERNET_DISCONNECTED @ https://www.canva.com/_online?1788405107617:0
[60168616ms] [ERROR] Failed to load resource: net::ERR_INTERNET_DISCONNECTED @ https://www.canva.com/_online?1788405112935:0
[60173620ms] [ERROR] Failed to load resource: net::ERR_INTERNET_DISCONNECTED @ https://www.canva.com/_online?1788405117939:0
[60179311ms] [ERROR] Failed to load resource: net::ERR_INTERNET_DISCONNECTED @ https://www.canva.com/_online?1788405123631:0
[60184566ms] [ERROR] Failed to load resource: net::ERR_INTERNET_DISCONNECTED @ https://www.canva.com/_online?1788405128885:0
[60189829ms] [ERROR] Failed to load resource: net::ERR_INTERNET_DISCONNECTED @ https://www.canva.com/_online?1788405134148:0
[60195027ms] [ERROR] Failed to load resource: net::ERR_INTERNET_DISCONNECTED @ https://www.canva.com/_online?1788405139346:0
[60200790ms] [ERROR] Failed to load resource: net::ERR_INTERNET_DISCONNECTED @ https://www.canva.com/_online?1788405145109:0
[60207138ms] [ERROR] Failed to load resource: net::ERR_INTERNET_DISCONNECTED @ https://www.canva.com/_online?1788405151457:0
[60213373ms] [ERROR] Failed to load resource: net::ERR_INTERNET_DISCONNECTED @ https://www.canva.com/_online?1788405157692:0
[60218379ms] [ERROR] Failed to load resource: net::ERR_INTERNET_DISCONNECTED @ https://www.canva.com/_online?1788405162698:0
[60224446ms] [ERROR] Failed to load resource: net::ERR_INTERNET_DISCONNECTED @ https://www.canva.com/_online?1788405168765:0
[60230194ms] [ERROR] Failed to load resource: net::ERR_INTERNET_DISCONNECTED @ https://www.canva.com/_online?1788405174513:0
[60235690ms] [ERROR] Failed to load resource: net::ERR_INTERNET_DISCONNECTED @ https://www.canva.com/_online?1788405180009:0
[60242048ms] [ERROR] Failed to load resource: net::ERR_INTERNET_DISCONNECTED @ https://www.canva.com/_online?1788405186367:0
[60247626ms] [ERROR] Failed to load resource: net::ERR_INTERNET_DISCONNECTED @ https://www.canva.com/_online?1788405191945:0
[60254105ms] [ERROR] Failed to load resource: net::ERR_INTERNET_DISCONNECTED @ https://www.canva.com/_online?1788405198424:0
[60260175ms] [ERROR] Failed to load resource: net::ERR_INTERNET_DISCONNECTED @ https://www.canva.com/_online?1788405204494:0
[60266235ms] [ERROR] Failed to load resource: net::ERR_INTERNET_DISCONNECTED @ https://www.canva.com/_online?1788405210555:0
[60271863ms] [ERROR] Failed to load resource: net::ERR_INTERNET_DISCONNECTED @ https://www.canva.com/_online?1788405216181:0
[60277627ms] [ERROR] Failed to load resource: net::ERR_INTERNET_DISCONNECTED @ https://www.canva.com/_online?1788405221946:0
[60283671ms] [ERROR] Failed to load resource: net::ERR_INTERNET_DISCONNECTED @ https://www.canva.com/_online?1788405227990:0
[60288839ms] [ERROR] Failed to load resource: net::ERR_INTERNET_DISCONNECTED @ https://www.canva.com/_online?1788405233157:0
[60294869ms] [ERROR] Failed to load resource: net::ERR_INTERNET_DISCONNECTED @ https://www.canva.com/_online?1788405239188:0
[60301157ms] [ERROR] Failed to load resource: net::ERR_INTERNET_DISCONNECTED @ https://www.canva.com/_online?1788405245476:0
[60307448ms] [ERROR] Failed to load resource: net::ERR_INTERNET_DISCONNECTED @ https://www.canva.com/_online?1788405251765:0
[60313291ms] [ERROR] Failed to load resource: net::ERR_INTERNET_DISCONNECTED @ https://www.canva.com/_online?1788405257610:0
[60319221ms] [ERROR] Failed to load resource: net::ERR_INTERNET_DISCONNECTED @ https://www.canva.com/_online?1788405263541:0
[60324439ms] [ERROR] Failed to load resource: net::ERR_INTERNET_DISCONNECTED @ https://www.canva.com/_online?1788405268759:0
[60329763ms] [ERROR] Failed to load resource: net::ERR_INTERNET_DISCONNECTED @ https://www.canva.com/_online?1788405274082:0
[60335841ms] [ERROR] Failed to load resource: net::ERR_INTERNET_DISCONNECTED @ https://www.canva.com/_online?1788405280159:0
[60342012ms] [ERROR] Failed to load resource: net::ERR_INTERNET_DISCONNECTED @ https://www.canva.com/_online?1788405286330:0
[60347575ms] [ERROR] Failed to load resource: net::ERR_INTERNET_DISCONNECTED @ https://www.canva.com/_online?1788405291893:0
[60352757ms] [ERROR] Failed to load resource: net::ERR_INTERNET_DISCONNECTED @ https://www.canva.com/_online?1788405297076:0
[60358605ms] [ERROR] Failed to load resource: net::ERR_INTERNET_DISCONNECTED @ https://www.canva.com/_online?1788405302924:0
[60364831ms] [ERROR] Failed to load resource: net::ERR_INTERNET_DISCONNECTED @ https://www.canva.com/_online?1788405309150:0
[60371064ms] [ERROR] Failed to load resource: net::ERR_INTERNET_DISCONNECTED @ https://www.canva.com/_online?1788405315383:0
[60377371ms] [ERROR] Failed to load resource: net::ERR_INTERNET_DISCONNECTED @ https://www.canva.com/_online?1788405321691:0
[60382970ms] [ERROR] Failed to load resource: net::ERR_INTERNET_DISCONNECTED @ https://www.canva.com/_online?1788405327289:0
[60388843ms] [ERROR] Failed to load resource: net::ERR_INTERNET_DISCONNECTED @ https://www.canva.com/_online?1788405333162:0
[60394734ms] [ERROR] Failed to load resource: net::ERR_INTERNET_DISCONNECTED @ https://www.canva.com/_online?1788405339052:0
[60400239ms] [ERROR] Failed to load resource: net::ERR_INTERNET_DISCONNECTED @ https://www.canva.com/_online?1788405344559:0
[60405866ms] [ERROR] Failed to load resource: net::ERR_INTERNET_DISCONNECTED @ https://www.canva.com/_online?1788405350185:0
[60410976ms] [ERROR] Failed to load resource: net::ERR_INTERNET_DISCONNECTED @ https://www.canva.com/_online?1788405355295:0
[60417059ms] [ERROR] Failed to load resource: net::ERR_INTERNET_DISCONNECTED @ https://www.canva.com/_online?1788405361378:0
[60422110ms] [ERROR] Failed to load resource: net::ERR_INTERNET_DISCONNECTED @ https://www.canva.com/_online?1788405366430:0
[60428605ms] [ERROR] Failed to load resource: net::ERR_INTERNET_DISCONNECTED @ https://www.canva.com/_online?1788405372924:0
[60434865ms] [ERROR] Failed to load resource: net::ERR_INTERNET_DISCONNECTED @ https://www.canva.com/_online?1788405379184:0
[60441188ms] [ERROR] Failed to load resource: net::ERR_INTERNET_DISCONNECTED @ https://www.canva.com/_online?1788405385507:0
[60447295ms] [ERROR] Failed to load resource: net::ERR_INTERNET_DISCONNECTED @ https://www.canva.com/_online?1788405391614:0
[60452677ms] [ERROR] Failed to load resource: net::ERR_INTERNET_DISCONNECTED @ https://www.canva.com/_online?1788405396996:0
[60458698ms] [ERROR] Failed to load resource: net::ERR_INTERNET_DISCONNECTED @ https://www.canva.com/_online?1788405403017:0
[60464627ms] [ERROR] Failed to load resource: net::ERR_INTERNET_DISCONNECTED @ https://www.canva.com/_online?1788405408946:0
[60469799ms] [ERROR] Failed to load resource: net::ERR_INTERNET_DISCONNECTED @ https://www.canva.com/_online?1788405414118:0
[60475161ms] [ERROR] Failed to load resource: net::ERR_INTERNET_DISCONNECTED @ https://www.canva.com/_online?1788405419480:0
[60481513ms] [ERROR] Failed to load resource: net::ERR_INTERNET_DISCONNECTED @ https://www.canva.com/_online?1788405425833:0
[60487070ms] [ERROR] Failed to load resource: net::ERR_INTERNET_DISCONNECTED @ https://www.canva.com/_online?1788405431389:0
[60493228ms] [ERROR] Failed to load resource: net::ERR_INTERNET_DISCONNECTED @ https://www.canva.com/_online?1788405437547:0
[60498993ms] [ERROR] Failed to load resource: net::ERR_INTERNET_DISCONNECTED @ https://www.canva.com/_online?1788405443312:0
[60504932ms] [ERROR] Failed to load resource: net::ERR_INTERNET_DISCONNECTED @ https://www.canva.com/_online?1788405449252:0
[60511092ms] [ERROR] Failed to load resource: net::ERR_INTERNET_DISCONNECTED @ https://www.canva.com/_online?1788405455411:0
[60516567ms] [ERROR] Failed to load resource: net::ERR_INTERNET_DISCONNECTED @ https://www.canva.com/_online?1788405460886:0
[60522898ms] [ERROR] Failed to load resource: net::ERR_INTERNET_DISCONNECTED @ https://www.canva.com/_online?1788405467217:0
[60528323ms] [ERROR] Failed to load resource: net::ERR_INTERNET_DISCONNECTED @ https://www.canva.com/_online?1788405472641:0
[60534353ms] [ERROR] Failed to load resource: net::ERR_INTERNET_DISCONNECTED @ https://www.canva.com/_online?1788405478671:0
[60539980ms] [ERROR] Failed to load resource: net::ERR_INTERNET_DISCONNECTED @ https://www.canva.com/_online?1788405484299:0
[60545864ms] [ERROR] Failed to load resource: net::ERR_INTERNET_DISCONNECTED @ https://www.canva.com/_online?1788405490183:0
[60551967ms] [ERROR] Failed to load resource: net::ERR_INTERNET_DISCONNECTED @ https://www.canva.com/_online?1788405496285:0
[60557486ms] [ERROR] Failed to load resource: net::ERR_INTERNET_DISCONNECTED @ https://www.canva.com/_online?1788405501805:0
[60563748ms] [ERROR] Failed to load resource: net::ERR_INTERNET_DISCONNECTED @ https://www.canva.com/_online?1788405508067:0
[60568902ms] [ERROR] Failed to load resource: net::ERR_INTERNET_DISCONNECTED @ https://www.canva.com/_online?1788405513221:0
[60575137ms] [ERROR] Failed to load resource: net::ERR_INTERNET_DISCONNECTED @ https://www.canva.com/_online?1788405519456:0
[60580279ms] [ERROR] Failed to load resource: net::ERR_INTERNET_DISCONNECTED @ https://www.canva.com/_online?1788405524598:0
[60581556ms] [ERROR] Failed to load resource: net::ERR_INTERNET_DISCONNECTED @ https://www.canva.com/_ajax/livefolderitem/channel/AoJWAbKSVEFcr6ojT373jz8/retrieve_updates?continuation=1788349892913-0:0
[60586612ms] [ERROR] Failed to load resource: net::ERR_INTERNET_DISCONNECTED @ https://www.canva.com/_online?1788405530931:0
[60592037ms] [ERROR] Failed to load resource: net::ERR_INTERNET_DISCONNECTED @ https://www.canva.com/_online?1788405536357:0
[60597169ms] [ERROR] Failed to load resource: net::ERR_INTERNET_DISCONNECTED @ https://www.canva.com/_online?1788405541488:0
[60602668ms] [ERROR] Failed to load resource: net::ERR_INTERNET_DISCONNECTED @ https://www.canva.com/_online?1788405546987:0
[60607905ms] [ERROR] Failed to load resource: net::ERR_INTERNET_DISCONNECTED @ https://www.canva.com/_online?1788405552224:0
[60613779ms] [ERROR] Failed to load resource: net::ERR_INTERNET_DISCONNECTED @ https://www.canva.com/_online?1788405558098:0
[60619334ms] [ERROR] Failed to load resource: net::ERR_INTERNET_DISCONNECTED @ https://www.canva.com/_online?1788405563653:0
[60625804ms] [ERROR] Failed to load resource: net::ERR_INTERNET_DISCONNECTED @ https://www.canva.com/_online?1788405570123:0
[60632146ms] [ERROR] Failed to load resource: net::ERR_INTERNET_DISCONNECTED @ https://www.canva.com/_online?1788405576465:0
[60638143ms] [ERROR] Failed to load resource: net::ERR_INTERNET_DISCONNECTED @ https://www.canva.com/_online?1788405582463:0
[60644300ms] [ERROR] Failed to load resource: net::ERR_INTERNET_DISCONNECTED @ https://www.canva.com/_online?1788405588619:0
[60650390ms] [ERROR] Failed to load resource: net::ERR_INTERNET_DISCONNECTED @ https://www.canva.com/_online?1788405594709:0
[60656316ms] [ERROR] Failed to load resource: net::ERR_INTERNET_DISCONNECTED @ https://www.canva.com/_online?1788405600635:0
[60662808ms] [ERROR] Failed to load resource: net::ERR_INTERNET_DISCONNECTED @ https://www.canva.com/_online?1788405607127:0
[60667911ms] [ERROR] Failed to load resource: net::ERR_INTERNET_DISCONNECTED @ https://www.canva.com/_online?1788405612229:0
[60673216ms] [ERROR] Failed to load resource: net::ERR_INTERNET_DISCONNECTED @ https://www.canva.com/_online?1788405617535:0
[60678226ms] [ERROR] Failed to load resource: net::ERR_INTERNET_DISCONNECTED @ https://www.canva.com/_online?1788405622545:0
[60683378ms] [ERROR] Failed to load resource: net::ERR_INTERNET_DISCONNECTED @ https://www.canva.com/_online?1788405627697:0
[60688752ms] [ERROR] Failed to load resource: net::ERR_INTERNET_DISCONNECTED @ https://www.canva.com/_online?1788405633071:0
[60694130ms] [ERROR] Failed to load resource: net::ERR_INTERNET_DISCONNECTED @ https://www.canva.com/_online?1788405638449:0
[60700367ms] [ERROR] Failed to load resource: net::ERR_INTERNET_DISCONNECTED @ https://www.canva.com/_online?1788405644687:0
[60705530ms] [ERROR] Failed to load resource: net::ERR_INTERNET_DISCONNECTED @ https://www.canva.com/_online?1788405649848:0
[60711853ms] [ERROR] Failed to load resource: net::ERR_INTERNET_DISCONNECTED @ https://www.canva.com/_online?1788405656172:0
[60718327ms] [ERROR] Failed to load resource: net::ERR_INTERNET_DISCONNECTED @ https://www.canva.com/_online?1788405662646:0
[60724571ms] [ERROR] Failed to load resource: net::ERR_INTERNET_DISCONNECTED @ https://www.canva.com/_online?1788405668890:0
[60730676ms] [ERROR] Failed to load resource: net::ERR_INTERNET_DISCONNECTED @ https://www.canva.com/_online?1788405674995:0
[60736549ms] [ERROR] Failed to load resource: net::ERR_INTERNET_DISCONNECTED @ https://www.canva.com/_online?1788405680868:0
[60742378ms] [ERROR] Failed to load resource: net::ERR_INTERNET_DISCONNECTED @ https://www.canva.com/_online?1788405686696:0
[60747446ms] [ERROR] Failed to load resource: net::ERR_INTERNET_DISCONNECTED @ https://www.canva.com/_online?1788405691765:0
[60753417ms] [ERROR] Failed to load resource: net::ERR_INTERNET_DISCONNECTED @ https://www.canva.com/_online?1788405697735:0
[60759502ms] [ERROR] Failed to load resource: net::ERR_INTERNET_DISCONNECTED @ https://www.canva.com/_online?1788405703821:0
[60765344ms] [ERROR] Failed to load resource: net::ERR_INTERNET_DISCONNECTED @ https://www.canva.com/_online?1788405709663:0
[60770356ms] [ERROR] Failed to load resource: net::ERR_INTERNET_DISCONNECTED @ https://www.canva.com/_online?1788405714675:0
[60776610ms] [ERROR] Failed to load resource: net::ERR_INTERNET_DISCONNECTED @ https://www.canva.com/_online?1788405720929:0
[60782864ms] [ERROR] Failed to load resource: net::ERR_INTERNET_DISCONNECTED @ https://www.canva.com/_online?1788405727184:0
[60788438ms] [ERROR] Failed to load resource: net::ERR_INTERNET_DISCONNECTED @ https://www.canva.com/_online?1788405732757:0
[60793518ms] [ERROR] Failed to load resource: net::ERR_INTERNET_DISCONNECTED @ https://www.canva.com/_online?1788405737836:0
[60799378ms] [ERROR] Failed to load resource: net::ERR_INTERNET_DISCONNECTED @ https://www.canva.com/_online?1788405743698:0
[60804829ms] [ERROR] Failed to load resource: net::ERR_INTERNET_DISCONNECTED @ https://www.canva.com/_online?1788405749148:0
[60811309ms] [ERROR] Failed to load resource: net::ERR_INTERNET_DISCONNECTED @ https://www.canva.com/_online?1788405755628:0
[60817307ms] [ERROR] Failed to load resource: net::ERR_INTERNET_DISCONNECTED @ https://www.canva.com/_online?1788405761626:0
[60822431ms] [ERROR] Failed to load resource: net::ERR_INTERNET_DISCONNECTED @ https://www.canva.com/_online?1788405766750:0
[60827877ms] [ERROR] Failed to load resource: net::ERR_INTERNET_DISCONNECTED @ https://www.canva.com/_online?1788405772196:0
[60832892ms] [ERROR] Failed to load resource: net::ERR_INTERNET_DISCONNECTED @ https://www.canva.com/_online?1788405777211:0
[60839021ms] [ERROR] Failed to load resource: net::ERR_INTERNET_DISCONNECTED @ https://www.canva.com/_online?1788405783340:0
[60844157ms] [ERROR] Failed to load resource: net::ERR_INTERNET_DISCONNECTED @ https://www.canva.com/_online?1788405788475:0
[60850244ms] [ERROR] Failed to load resource: net::ERR_INTERNET_DISCONNECTED @ https://www.canva.com/_online?1788405794563:0
[60856634ms] [ERROR] Failed to load resource: net::ERR_INTERNET_DISCONNECTED @ https://www.canva.com/_online?1788405800954:0
[60862291ms] [ERROR] Failed to load resource: net::ERR_INTERNET_DISCONNECTED @ https://www.canva.com/_online?1788405806610:0
[60868565ms] [ERROR] Failed to load resource: net::ERR_INTERNET_DISCONNECTED @ https://www.canva.com/_online?1788405812884:0
[60874291ms] [ERROR] Failed to load resource: net::ERR_INTERNET_DISCONNECTED @ https://www.canva.com/_online?1788405818610:0
[60879303ms] [ERROR] Failed to load resource: net::ERR_INTERNET_DISCONNECTED @ https://www.canva.com/_online?1788405823622:0
[60884691ms] [ERROR] Failed to load resource: net::ERR_INTERNET_DISCONNECTED @ https://www.canva.com/_online?1788405829010:0
[60891093ms] [ERROR] Failed to load resource: net::ERR_INTERNET_DISCONNECTED @ https://www.canva.com/_online?1788405835411:0
[60897012ms] [ERROR] Failed to load resource: net::ERR_INTERNET_DISCONNECTED @ https://www.canva.com/_online?1788405841331:0
[60902329ms] [ERROR] Failed to load resource: net::ERR_INTERNET_DISCONNECTED @ https://www.canva.com/_online?1788405846648:0
[60907685ms] [ERROR] Failed to load resource: net::ERR_INTERNET_DISCONNECTED @ https://www.canva.com/_online?1788405852004:0
[60914012ms] [ERROR] Failed to load resource: net::ERR_INTERNET_DISCONNECTED @ https://www.canva.com/_online?1788405858331:0
[60920427ms] [ERROR] Failed to load resource: net::ERR_INTERNET_DISCONNECTED @ https://www.canva.com/_online?1788405864747:0
[60925707ms] [ERROR] Failed to load resource: net::ERR_INTERNET_DISCONNECTED @ https://www.canva.com/_online?1788405870026:0
[60931257ms] [ERROR] Failed to load resource: net::ERR_INTERNET_DISCONNECTED @ https://www.canva.com/_online?1788405875576:0
[60936665ms] [ERROR] Failed to load resource: net::ERR_INTERNET_DISCONNECTED @ https://www.canva.com/_online?1788405880985:0
[60942546ms] [ERROR] Failed to load resource: net::ERR_INTERNET_DISCONNECTED @ https://www.canva.com/_online?1788405886865:0
[60948718ms] [ERROR] Failed to load resource: net::ERR_INTERNET_DISCONNECTED @ https://www.canva.com/_online?1788405893038:0
[60954518ms] [ERROR] Failed to load resource: net::ERR_INTERNET_DISCONNECTED @ https://www.canva.com/_online?1788405898837:0
[60959661ms] [ERROR] Failed to load resource: net::ERR_INTERNET_DISCONNECTED @ https://www.canva.com/_online?1788405903980:0
[60965877ms] [ERROR] Failed to load resource: net::ERR_INTERNET_DISCONNECTED @ https://www.canva.com/_online?1788405910196:0
[60972207ms] [ERROR] Failed to load resource: net::ERR_INTERNET_DISCONNECTED @ https://www.canva.com/_online?1788405916526:0
[60978626ms] [ERROR] Failed to load resource: net::ERR_INTERNET_DISCONNECTED @ https://www.canva.com/_online?1788405922945:0
[60984636ms] [ERROR] Failed to load resource: net::ERR_INTERNET_DISCONNECTED @ https://www.canva.com/_online?1788405928955:0
[60989642ms] [ERROR] Failed to load resource: net::ERR_INTERNET_DISCONNECTED @ https://www.canva.com/_online?1788405933961:0
[60995691ms] [ERROR] Failed to load resource: net::ERR_INTERNET_DISCONNECTED @ https://www.canva.com/_online?1788405940010:0
[61001491ms] [ERROR] Failed to load resource: net::ERR_INTERNET_DISCONNECTED @ https://www.canva.com/_online?1788405945810:0
[61006964ms] [ERROR] Failed to load resource: net::ERR_INTERNET_DISCONNECTED @ https://www.canva.com/_online?1788405951283:0
[61012962ms] [ERROR] Failed to load resource: net::ERR_INTERNET_DISCONNECTED @ https://www.canva.com/_online?1788405957281:0
[61018884ms] [ERROR] Failed to load resource: net::ERR_INTERNET_DISCONNECTED @ https://www.canva.com/_online?1788405963203:0
[61024267ms] [ERROR] Failed to load resource: net::ERR_INTERNET_DISCONNECTED @ https://www.canva.com/_online?1788405968585:0
[61029650ms] [ERROR] Failed to load resource: net::ERR_INTERNET_DISCONNECTED @ https://www.canva.com/_online?1788405973969:0
[61035558ms] [ERROR] Failed to load resource: net::ERR_INTERNET_DISCONNECTED @ https://www.canva.com/_online?1788405979877:0
[61040565ms] [ERROR] Failed to load resource: net::ERR_INTERNET_DISCONNECTED @ https://www.canva.com/_online?1788405984885:0
[61046686ms] [ERROR] Failed to load resource: net::ERR_INTERNET_DISCONNECTED @ https://www.canva.com/_online?1788405991005:0
[61052382ms] [ERROR] Failed to load resource: net::ERR_INTERNET_DISCONNECTED @ https://www.canva.com/_online?1788405996702:0
[61057805ms] [ERROR] Failed to load resource: net::ERR_INTERNET_DISCONNECTED @ https://www.canva.com/_online?1788406002124:0
[61062940ms] [ERROR] Failed to load resource: net::ERR_INTERNET_DISCONNECTED @ https://www.canva.com/_online?1788406007259:0
[61064341ms] [ERROR] Failed to load resource: net::ERR_INTERNET_DISCONNECTED @ https://www.canva.com/_ajax/messagingorchestration/alerts/v2?page=A:0
[61068898ms] [ERROR] Failed to load resource: net::ERR_INTERNET_DISCONNECTED @ https://www.canva.com/_online?1788406013217:0
[61074696ms] [ERROR] Failed to load resource: net::ERR_INTERNET_DISCONNECTED @ https://www.canva.com/_online?1788406019015:0
[61080060ms] [ERROR] Failed to load resource: net::ERR_INTERNET_DISCONNECTED @ https://www.canva.com/_online?1788406024379:0
[61086241ms] [ERROR] Failed to load resource: net::ERR_INTERNET_DISCONNECTED @ https://www.canva.com/_online?1788406030560:0
[61091524ms] [ERROR] Failed to load resource: net::ERR_INTERNET_DISCONNECTED @ https://www.canva.com/_online?1788406035843:0
[61097712ms] [ERROR] Failed to load resource: net::ERR_INTERNET_DISCONNECTED @ https://www.canva.com/_online?1788406042031:0
[61104132ms] [ERROR] Failed to load resource: net::ERR_INTERNET_DISCONNECTED @ https://www.canva.com/_online?1788406048451:0
[61109243ms] [ERROR] Failed to load resource: net::ERR_INTERNET_DISCONNECTED @ https://www.canva.com/_online?1788406053563:0
[61115058ms] [ERROR] Failed to load resource: net::ERR_INTERNET_DISCONNECTED @ https://www.canva.com/_online?1788406059377:0
[61120767ms] [ERROR] Failed to load resource: net::ERR_INTERNET_DISCONNECTED @ https://www.canva.com/_online?1788406065085:0
[61125966ms] [ERROR] Failed to load resource: net::ERR_INTERNET_DISCONNECTED @ https://www.canva.com/_online?1788406070285:0
[61131558ms] [ERROR] Failed to load resource: net::ERR_INTERNET_DISCONNECTED @ https://www.canva.com/_online?1788406075876:0
[61136776ms] [ERROR] Failed to load resource: net::ERR_INTERNET_DISCONNECTED @ https://www.canva.com/_online?1788406081095:0
[61143091ms] [ERROR] Failed to load resource: net::ERR_INTERNET_DISCONNECTED @ https://www.canva.com/_online?1788406087410:0
[61149080ms] [ERROR] Failed to load resource: net::ERR_INTERNET_DISCONNECTED @ https://www.canva.com/_online?1788406093399:0
[61155504ms] [ERROR] Failed to load resource: net::ERR_INTERNET_DISCONNECTED @ https://www.canva.com/_online?1788406099824:0
[61161186ms] [ERROR] Failed to load resource: net::ERR_INTERNET_DISCONNECTED @ https://www.canva.com/_online?1788406105505:0
[61167612ms] [ERROR] Failed to load resource: net::ERR_INTERNET_DISCONNECTED @ https://www.canva.com/_online?1788406111931:0
[61173233ms] [ERROR] Failed to load resource: net::ERR_INTERNET_DISCONNECTED @ https://www.canva.com/_online?1788406117552:0
[61178497ms] [ERROR] Failed to load resource: net::ERR_INTERNET_DISCONNECTED @ https://www.canva.com/_online?1788406122816:0
[61184935ms] [ERROR] Failed to load resource: net::ERR_INTERNET_DISCONNECTED @ https://www.canva.com/_online?1788406129254:0
[61191251ms] [ERROR] Failed to load resource: net::ERR_INTERNET_DISCONNECTED @ https://www.canva.com/_online?1788406135570:0
[61196785ms] [ERROR] Failed to load resource: net::ERR_INTERNET_DISCONNECTED @ https://www.canva.com/_online?1788406141104:0
[61201789ms] [ERROR] Failed to load resource: net::ERR_INTERNET_DISCONNECTED @ https://www.canva.com/_online?1788406146108:0
[61206987ms] [ERROR] Failed to load resource: net::ERR_INTERNET_DISCONNECTED @ https://www.canva.com/_online?1788406151306:0
[61212732ms] [ERROR] Failed to load resource: net::ERR_INTERNET_DISCONNECTED @ https://www.canva.com/_online?1788406157051:0
[61219072ms] [ERROR] Failed to load resource: net::ERR_INTERNET_DISCONNECTED @ https://www.canva.com/_online?1788406163391:0
[61224400ms] [ERROR] Failed to load resource: net::ERR_INTERNET_DISCONNECTED @ https://www.canva.com/_online?1788406168719:0
[61230207ms] [ERROR] Failed to load resource: net::ERR_INTERNET_DISCONNECTED @ https://www.canva.com/_online?1788406174526:0
[61235845ms] [ERROR] Failed to load resource: net::ERR_INTERNET_DISCONNECTED @ https://www.canva.com/_online?1788406180164:0
[61241046ms] [ERROR] Failed to load resource: net::ERR_INTERNET_DISCONNECTED @ https://www.canva.com/_online?1788406185365:0
[61246741ms] [ERROR] Failed to load resource: net::ERR_INTERNET_DISCONNECTED @ https://www.canva.com/_online?1788406191060:0
[61253089ms] [ERROR] Failed to load resource: net::ERR_INTERNET_DISCONNECTED @ https://www.canva.com/_online?1788406197408:0
[61258729ms] [ERROR] Failed to load resource: net::ERR_INTERNET_DISCONNECTED @ https://www.canva.com/_online?1788406203048:0
[61264616ms] [ERROR] Failed to load resource: net::ERR_INTERNET_DISCONNECTED @ https://www.canva.com/_online?1788406208935:0
[61270263ms] [ERROR] Failed to load resource: net::ERR_INTERNET_DISCONNECTED @ https://www.canva.com/_online?1788406214581:0
[61275614ms] [ERROR] Failed to load resource: net::ERR_INTERNET_DISCONNECTED @ https://www.canva.com/_online?1788406219934:0
[61281743ms] [ERROR] Failed to load resource: net::ERR_INTERNET_DISCONNECTED @ https://www.canva.com/_online?1788406226062:0
[61287308ms] [ERROR] Failed to load resource: net::ERR_INTERNET_DISCONNECTED @ https://www.canva.com/_online?1788406231627:0
[61293241ms] [ERROR] Failed to load resource: net::ERR_INTERNET_DISCONNECTED @ https://www.canva.com/_online?1788406237560:0
[61298884ms] [ERROR] Failed to load resource: net::ERR_INTERNET_DISCONNECTED @ https://www.canva.com/_online?1788406243203:0
[61304418ms] [ERROR] Failed to load resource: net::ERR_INTERNET_DISCONNECTED @ https://www.canva.com/_online?1788406248736:0
[61310366ms] [ERROR] Failed to load resource: net::ERR_INTERNET_DISCONNECTED @ https://www.canva.com/_online?1788406254684:0
[61316246ms] [ERROR] Failed to load resource: net::ERR_INTERNET_DISCONNECTED @ https://www.canva.com/_online?1788406260565:0
[61322737ms] [ERROR] Failed to load resource: net::ERR_INTERNET_DISCONNECTED @ https://www.canva.com/_online?1788406267056:0
[61329158ms] [ERROR] Failed to load resource: net::ERR_INTERNET_DISCONNECTED @ https://www.canva.com/_online?1788406273477:0
[61335435ms] [ERROR] Failed to load resource: net::ERR_INTERNET_DISCONNECTED @ https://www.canva.com/_online?1788406279754:0
[61341434ms] [ERROR] Failed to load resource: net::ERR_INTERNET_DISCONNECTED @ https://www.canva.com/_online?1788406285752:0
[61347198ms] [ERROR] Failed to load resource: net::ERR_INTERNET_DISCONNECTED @ https://www.canva.com/_online?1788406291516:0
[61353322ms] [ERROR] Failed to load resource: net::ERR_INTERNET_DISCONNECTED @ https://www.canva.com/_online?1788406297641:0
[61359755ms] [ERROR] Failed to load resource: net::ERR_INTERNET_DISCONNECTED @ https://www.canva.com/_online?1788406304073:0
[61365731ms] [ERROR] Failed to load resource: net::ERR_INTERNET_DISCONNECTED @ https://www.canva.com/_online?1788406310050:0
[61371409ms] [ERROR] Failed to load resource: net::ERR_INTERNET_DISCONNECTED @ https://www.canva.com/_online?1788406315728:0
[61378544ms] [ERROR] Failed to load resource: net::ERR_INTERNET_DISCONNECTED @ https://www.canva.com/_online?1788406322863:0
[61384062ms] [ERROR] Failed to load resource: net::ERR_INTERNET_DISCONNECTED @ https://www.canva.com/_online?1788406328380:0
[61389243ms] [ERROR] Failed to load resource: net::ERR_INTERNET_DISCONNECTED @ https://www.canva.com/_online?1788406333561:0
[61395638ms] [ERROR] Failed to load resource: net::ERR_INTERNET_DISCONNECTED @ https://www.canva.com/_online?1788406339957:0
[61400786ms] [ERROR] Failed to load resource: net::ERR_INTERNET_DISCONNECTED @ https://www.canva.com/_online?1788406345102:0
[61406174ms] [ERROR] Failed to load resource: net::ERR_INTERNET_DISCONNECTED @ https://www.canva.com/_online?1788406350493:0
[61411543ms] [ERROR] Failed to load resource: net::ERR_INTERNET_DISCONNECTED @ https://www.canva.com/_online?1788406355861:0
[61416609ms] [ERROR] Failed to load resource: net::ERR_INTERNET_DISCONNECTED @ https://www.canva.com/_online?1788406360928:0
[62451671ms] [ERROR] Failed to load resource: net::ERR_INTERNET_DISCONNECTED @ https://www.canva.com/_online?1788407395990:0
[63358088ms] [ERROR] Failed to load resource: net::ERR_INTERNET_DISCONNECTED @ https://www.canva.com/_online?1788408302401:0
[64342871ms] [ERROR] Failed to load resource: net::ERR_INTERNET_DISCONNECTED @ https://www.canva.com/_online?1788409287189:0
[65287623ms] [ERROR] Failed to load resource: net::ERR_INTERNET_DISCONNECTED @ https://www.canva.com/_online?1788410231940:0
[66237605ms] [ERROR] Failed to load resource: net::ERR_INTERNET_DISCONNECTED @ https://www.canva.com/_online?1788411181922:0
[67298591ms] [ERROR] Failed to load resource: net::ERR_INTERNET_DISCONNECTED @ https://www.canva.com/_online?1788412242909:0
[68263291ms] [ERROR] Failed to load resource: net::ERR_INTERNET_DISCONNECTED @ https://www.canva.com/_online?1788413207610:0
[68659083ms] [ERROR] Failed to load resource: net::ERR_INTERNET_DISCONNECTED @ https://www.canva.com/_online?1788413603399:0
[68664453ms] [ERROR] Failed to load resource: net::ERR_INTERNET_DISCONNECTED @ https://www.canva.com/_online?1788413608772:0
[68669621ms] [ERROR] Failed to load resource: net::ERR_INTERNET_DISCONNECTED @ https://www.canva.com/_online?1788413613939:0
[68675155ms] [ERROR] Failed to load resource: net::ERR_INTERNET_DISCONNECTED @ https://www.canva.com/_online?1788413619473:0
[68681389ms] [ERROR] Failed to load resource: net::ERR_INTERNET_DISCONNECTED @ https://www.canva.com/_online?1788413625707:0
[68687057ms] [ERROR] Failed to load resource: net::ERR_INTERNET_DISCONNECTED @ https://www.canva.com/_online?1788413631375:0
[68693306ms] [ERROR] Failed to load resource: net::ERR_INTERNET_DISCONNECTED @ https://www.canva.com/_online?1788413637624:0
[68698784ms] [ERROR] Failed to load resource: net::ERR_INTERNET_DISCONNECTED @ https://www.canva.com/_online?1788413643102:0
[69732442ms] [ERROR] Failed to load resource: net::ERR_INTERNET_DISCONNECTED @ https://www.canva.com/_online?1788414676760:0
[70783080ms] [ERROR] Failed to load resource: net::ERR_INTERNET_DISCONNECTED @ https://www.canva.com/_online?1788415727399:0
[71745025ms] [ERROR] Failed to load resource: net::ERR_INTERNET_DISCONNECTED @ https://www.canva.com/_online?1788416689343:0
[72318891ms] [ERROR] Failed to load resource: net::ERR_INTERNET_DISCONNECTED @ https://www.canva.com/_online?1788417263208:0
[72324980ms] [ERROR] Failed to load resource: net::ERR_INTERNET_DISCONNECTED @ https://www.canva.com/_online?1788417269297:0
[72330067ms] [ERROR] Failed to load resource: net::ERR_INTERNET_DISCONNECTED @ https://www.canva.com/_online?1788417274382:0
[72336321ms] [ERROR] Failed to load resource: net::ERR_INTERNET_DISCONNECTED @ https://www.canva.com/_online?1788417280633:0
[72341807ms] [ERROR] Failed to load resource: net::ERR_INTERNET_DISCONNECTED @ https://www.canva.com/_online?1788417286118:0
[72347510ms] [ERROR] Failed to load resource: net::ERR_INTERNET_DISCONNECTED @ https://www.canva.com/_online?1788417291826:0
[72352693ms] [ERROR] Failed to load resource: net::ERR_INTERNET_DISCONNECTED @ https://www.canva.com/_online?1788417297011:0
[72358806ms] [ERROR] Failed to load resource: net::ERR_INTERNET_DISCONNECTED @ https://www.canva.com/_online?1788417303124:0
[73307057ms] [ERROR] Failed to load resource: net::ERR_INTERNET_DISCONNECTED @ https://www.canva.com/_online?1788418251375:0
[74325392ms] [ERROR] Failed to load resource: net::ERR_INTERNET_DISCONNECTED @ https://www.canva.com/_online?1788419269711:0
[75363897ms] [ERROR] Failed to load resource: net::ERR_INTERNET_DISCONNECTED @ https://www.canva.com/_online?1788420308216:0
[75979313ms] [ERROR] Failed to load resource: net::ERR_INTERNET_DISCONNECTED @ https://www.canva.com/_online?1788420923631:0
[75985684ms] [ERROR] Failed to load resource: net::ERR_INTERNET_DISCONNECTED @ https://www.canva.com/_online?1788420930002:0
[75991646ms] [ERROR] Failed to load resource: net::ERR_INTERNET_DISCONNECTED @ https://www.canva.com/_online?1788420935964:0
[75998144ms] [ERROR] Failed to load resource: net::ERR_INTERNET_DISCONNECTED @ https://www.canva.com/_online?1788420942463:0
[76003822ms] [ERROR] Failed to load resource: net::ERR_INTERNET_DISCONNECTED @ https://www.canva.com/_online?1788420948140:0
[76009979ms] [ERROR] Failed to load resource: net::ERR_INTERNET_DISCONNECTED @ https://www.canva.com/_online?1788420954297:0
[76016408ms] [ERROR] Failed to load resource: net::ERR_INTERNET_DISCONNECTED @ https://www.canva.com/_online?1788420960726:0
[77042804ms] [ERROR] Failed to load resource: net::ERR_INTERNET_DISCONNECTED @ https://www.canva.com/_online?1788421987122:0
[78063698ms] [ERROR] Failed to load resource: net::ERR_INTERNET_DISCONNECTED @ https://www.canva.com/_online?1788423008017:0
[79010558ms] [ERROR] Failed to load resource: net::ERR_INTERNET_DISCONNECTED @ https://www.canva.com/_online?1788423954873:0
[79024359ms] [ERROR] Failed to load resource: net::ERR_INTERNET_DISCONNECTED @ https://www.canva.com/_online?1788423968678:0
[79030128ms] [ERROR] Failed to load resource: net::ERR_INTERNET_DISCONNECTED @ https://www.canva.com/_online?1788423974442:0
[79035427ms] [ERROR] Failed to load resource: net::ERR_INTERNET_DISCONNECTED @ https://www.canva.com/_online?1788423979745:0
[79040686ms] [ERROR] Failed to load resource: net::ERR_INTERNET_DISCONNECTED @ https://www.canva.com/_online?1788423985003:0
[79046299ms] [ERROR] Failed to load resource: net::ERR_INTERNET_DISCONNECTED @ https://www.canva.com/_online?1788423990617:0
[79052612ms] [ERROR] Failed to load resource: net::ERR_INTERNET_DISCONNECTED @ https://www.canva.com/_online?1788423996924:0
[79058921ms] [ERROR] Failed to load resource: net::ERR_INTERNET_DISCONNECTED @ https://www.canva.com/_online?1788424003240:0
[79065049ms] [ERROR] Failed to load resource: net::ERR_INTERNET_DISCONNECTED @ https://www.canva.com/_online?1788424009367:0
[79078033ms] [ERROR] Failed to load resource: net::ERR_INTERNET_DISCONNECTED @ https://www.canva.com/_online?1788424022351:0
[79084438ms] [ERROR] Failed to load resource: net::ERR_INTERNET_DISCONNECTED @ https://www.canva.com/_online?1788424028756:0
[79089882ms] [ERROR] Failed to load resource: net::ERR_INTERNET_DISCONNECTED @ https://www.canva.com/_online?1788424034200:0
[79096013ms] [ERROR] Failed to load resource: net::ERR_INTERNET_DISCONNECTED @ https://www.canva.com/_online?1788424040331:0
[79102220ms] [ERROR] Failed to load resource: net::ERR_INTERNET_DISCONNECTED @ https://www.canva.com/_online?1788424046539:0
[79107411ms] [ERROR] Failed to load resource: net::ERR_INTERNET_DISCONNECTED @ https://www.canva.com/_online?1788424051729:0
[79112702ms] [ERROR] Failed to load resource: net::ERR_INTERNET_DISCONNECTED @ https://www.canva.com/_online?1788424057021:0
[79118139ms] [ERROR] Failed to load resource: net::ERR_INTERNET_DISCONNECTED @ https://www.canva.com/_online?1788424062457:0
[79131178ms] [ERROR] Failed to load resource: net::ERR_INTERNET_DISCONNECTED @ https://www.canva.com/_online?1788424075497:0
[79137580ms] [ERROR] Failed to load resource: net::ERR_INTERNET_DISCONNECTED @ https://www.canva.com/_online?1788424081900:0
[79143143ms] [ERROR] Failed to load resource: net::ERR_INTERNET_DISCONNECTED @ https://www.canva.com/_online?1788424087461:0
[79148365ms] [ERROR] Failed to load resource: net::ERR_INTERNET_DISCONNECTED @ https://www.canva.com/_online?1788424092684:0
[79153765ms] [ERROR] Failed to load resource: net::ERR_INTERNET_DISCONNECTED @ https://www.canva.com/_online?1788424098083:0
[79159589ms] [ERROR] Failed to load resource: net::ERR_INTERNET_DISCONNECTED @ https://www.canva.com/_online?1788424103907:0
[79165545ms] [ERROR] Failed to load resource: net::ERR_INTERNET_DISCONNECTED @ https://www.canva.com/_online?1788424109864:0
[79171226ms] [ERROR] Failed to load resource: net::ERR_INTERNET_DISCONNECTED @ https://www.canva.com/_online?1788424115544:0
[79183856ms] [ERROR] Failed to load resource: net::ERR_INTERNET_DISCONNECTED @ https://www.canva.com/_online?1788424128174:0
[79190268ms] [ERROR] Failed to load resource: net::ERR_INTERNET_DISCONNECTED @ https://www.canva.com/_online?1788424134586:0
[79196566ms] [ERROR] Failed to load resource: net::ERR_INTERNET_DISCONNECTED @ https://www.canva.com/_online?1788424140884:0
[79202587ms] [ERROR] Failed to load resource: net::ERR_INTERNET_DISCONNECTED @ https://www.canva.com/_online?1788424146906:0
[79208489ms] [ERROR] Failed to load resource: net::ERR_INTERNET_DISCONNECTED @ https://www.canva.com/_online?1788424152807:0
[79214554ms] [ERROR] Failed to load resource: net::ERR_INTERNET_DISCONNECTED @ https://www.canva.com/_online?1788424158873:0
[79219698ms] [ERROR] Failed to load resource: net::ERR_INTERNET_DISCONNECTED @ https://www.canva.com/_online?1788424164016:0
[79225564ms] [ERROR] Failed to load resource: net::ERR_INTERNET_DISCONNECTED @ https://www.canva.com/_online?1788424169883:0
[79238668ms] [ERROR] Failed to load resource: net::ERR_INTERNET_DISCONNECTED @ https://www.canva.com/_online?1788424182987:0
[79243845ms] [ERROR] Failed to load resource: net::ERR_INTERNET_DISCONNECTED @ https://www.canva.com/_online?1788424188157:0
[79249981ms] [ERROR] Failed to load resource: net::ERR_INTERNET_DISCONNECTED @ https://www.canva.com/_online?1788424194300:0
[79255393ms] [ERROR] Failed to load resource: net::ERR_INTERNET_DISCONNECTED @ https://www.canva.com/_online?1788424199711:0
[79261742ms] [ERROR] Failed to load resource: net::ERR_INTERNET_DISCONNECTED @ https://www.canva.com/_online?1788424206061:0
[79266916ms] [ERROR] Failed to load resource: net::ERR_INTERNET_DISCONNECTED @ https://www.canva.com/_online?1788424211233:0
[79272809ms] [ERROR] Failed to load resource: net::ERR_INTERNET_DISCONNECTED @ https://www.canva.com/_online?1788424217127:0
[79278431ms] [ERROR] Failed to load resource: net::ERR_INTERNET_DISCONNECTED @ https://www.canva.com/_online?1788424222742:0
[79283677ms] [ERROR] Failed to load resource: net::ERR_INTERNET_DISCONNECTED @ https://www.canva.com/_online?1788424227997:0
[79297285ms] [ERROR] Failed to load resource: net::ERR_INTERNET_DISCONNECTED @ https://www.canva.com/_online?1788424241603:0
[79303763ms] [ERROR] Failed to load resource: net::ERR_INTERNET_DISCONNECTED @ https://www.canva.com/_online?1788424248081:0
[79310095ms] [ERROR] Failed to load resource: net::ERR_INTERNET_DISCONNECTED @ https://www.canva.com/_online?1788424254413:0
[79315468ms] [ERROR] Failed to load resource: net::ERR_INTERNET_DISCONNECTED @ https://www.canva.com/_online?1788424259786:0
[79320490ms] [ERROR] Failed to load resource: net::ERR_INTERNET_DISCONNECTED @ https://www.canva.com/_online?1788424264809:0
[79326703ms] [ERROR] Failed to load resource: net::ERR_INTERNET_DISCONNECTED @ https://www.canva.com/_online?1788424271022:0
[79332007ms] [ERROR] Failed to load resource: net::ERR_INTERNET_DISCONNECTED @ https://www.canva.com/_online?1788424276325:0
[79345815ms] [ERROR] Failed to load resource: net::ERR_INTERNET_DISCONNECTED @ https://www.canva.com/_online?1788424290118:0
[79352127ms] [ERROR] Failed to load resource: net::ERR_INTERNET_DISCONNECTED @ https://www.canva.com/_online?1788424296444:0
[79357333ms] [ERROR] Failed to load resource: net::ERR_INTERNET_DISCONNECTED @ https://www.canva.com/_online?1788424301652:0
[79363223ms] [ERROR] Failed to load resource: net::ERR_INTERNET_DISCONNECTED @ https://www.canva.com/_online?1788424307542:0
[79368467ms] [ERROR] Failed to load resource: net::ERR_INTERNET_DISCONNECTED @ https://www.canva.com/_online?1788424312786:0
[79374756ms] [ERROR] Failed to load resource: net::ERR_INTERNET_DISCONNECTED @ https://www.canva.com/_online?1788424319073:0
[79380550ms] [ERROR] Failed to load resource: net::ERR_INTERNET_DISCONNECTED @ https://www.canva.com/_online?1788424324869:0
[79385902ms] [ERROR] Failed to load resource: net::ERR_INTERNET_DISCONNECTED @ https://www.canva.com/_online?1788424330221:0
[79391646ms] [ERROR] Failed to load resource: net::ERR_INTERNET_DISCONNECTED @ https://www.canva.com/_online?1788424335964:0
[79404246ms] [ERROR] Failed to load resource: net::ERR_INTERNET_DISCONNECTED @ https://www.canva.com/_online?1788424348565:0
[79410176ms] [ERROR] Failed to load resource: net::ERR_INTERNET_DISCONNECTED @ https://www.canva.com/_online?1788424354494:0
[79415237ms] [ERROR] Failed to load resource: net::ERR_INTERNET_DISCONNECTED @ https://www.canva.com/_online?1788424359555:0
[79421346ms] [ERROR] Failed to load resource: net::ERR_INTERNET_DISCONNECTED @ https://www.canva.com/_online?1788424365664:0
[79426567ms] [ERROR] Failed to load resource: net::ERR_INTERNET_DISCONNECTED @ https://www.canva.com/_online?1788424370884:0
[79432580ms] [ERROR] Failed to load resource: net::ERR_INTERNET_DISCONNECTED @ https://www.canva.com/_online?1788424376897:0
[79438967ms] [ERROR] Failed to load resource: net::ERR_INTERNET_DISCONNECTED @ https://www.canva.com/_online?1788424383285:0
[79444503ms] [ERROR] Failed to load resource: net::ERR_INTERNET_DISCONNECTED @ https://www.canva.com/_online?1788424388817:0
[79458045ms] [ERROR] Failed to load resource: net::ERR_INTERNET_DISCONNECTED @ https://www.canva.com/_online?1788424402364:0
[79463172ms] [ERROR] Failed to load resource: net::ERR_INTERNET_DISCONNECTED @ https://www.canva.com/_online?1788424407490:0
[79469154ms] [ERROR] Failed to load resource: net::ERR_INTERNET_DISCONNECTED @ https://www.canva.com/_online?1788424413472:0
[79475156ms] [ERROR] Failed to load resource: net::ERR_INTERNET_DISCONNECTED @ https://www.canva.com/_online?1788424419475:0
[79481338ms] [ERROR] Failed to load resource: net::ERR_INTERNET_DISCONNECTED @ https://www.canva.com/_online?1788424425656:0
[79486653ms] [ERROR] Failed to load resource: net::ERR_INTERNET_DISCONNECTED @ https://www.canva.com/_online?1788424430972:0
[79492334ms] [ERROR] Failed to load resource: net::ERR_INTERNET_DISCONNECTED @ https://www.canva.com/_online?1788424436653:0
[79498475ms] [ERROR] Failed to load resource: net::ERR_INTERNET_DISCONNECTED @ https://www.canva.com/_online?1788424442793:0
[79512098ms] [ERROR] Failed to load resource: net::ERR_INTERNET_DISCONNECTED @ https://www.canva.com/_online?1788424456412:0
[79517551ms] [ERROR] Failed to load resource: net::ERR_INTERNET_DISCONNECTED @ https://www.canva.com/_online?1788424461868:0
[79523521ms] [ERROR] Failed to load resource: net::ERR_INTERNET_DISCONNECTED @ https://www.canva.com/_online?1788424467840:0
[79529998ms] [ERROR] Failed to load resource: net::ERR_INTERNET_DISCONNECTED @ https://www.canva.com/_online?1788424474316:0
[79535516ms] [ERROR] Failed to load resource: net::ERR_INTERNET_DISCONNECTED @ https://www.canva.com/_online?1788424479833:0
[79541653ms] [ERROR] Failed to load resource: net::ERR_INTERNET_DISCONNECTED @ https://www.canva.com/_online?1788424485971:0
[79548024ms] [ERROR] Failed to load resource: net::ERR_INTERNET_DISCONNECTED @ https://www.canva.com/_online?1788424492342:0
[79553084ms] [ERROR] Failed to load resource: net::ERR_INTERNET_DISCONNECTED @ https://www.canva.com/_online?1788424497402:0
[79565908ms] [ERROR] Failed to load resource: net::ERR_INTERNET_DISCONNECTED @ https://www.canva.com/_online?1788424510227:0
[79572301ms] [ERROR] Failed to load resource: net::ERR_INTERNET_DISCONNECTED @ https://www.canva.com/_online?1788424516619:0
[79577946ms] [ERROR] Failed to load resource: net::ERR_INTERNET_DISCONNECTED @ https://www.canva.com/_online?1788424522264:0
[79584003ms] [ERROR] Failed to load resource: net::ERR_INTERNET_DISCONNECTED @ https://www.canva.com/_online?1788424528320:0
[79590249ms] [ERROR] Failed to load resource: net::ERR_INTERNET_DISCONNECTED @ https://www.canva.com/_online?1788424534567:0
[79595798ms] [ERROR] Failed to load resource: net::ERR_INTERNET_DISCONNECTED @ https://www.canva.com/_online?1788424540116:0
[79601758ms] [ERROR] Failed to load resource: net::ERR_INTERNET_DISCONNECTED @ https://www.canva.com/_online?1788424546077:0
[79607056ms] [ERROR] Failed to load resource: net::ERR_INTERNET_DISCONNECTED @ https://www.canva.com/_online?1788424551375:0
[80597293ms] [ERROR] Failed to load resource: net::ERR_INTERNET_DISCONNECTED @ https://www.canva.com/_online?1788425541611:0
[80957812ms] [ERROR] Failed to load resource: net::ERR_INTERNET_DISCONNECTED @ https://www.canva.com/_online?1788425902131:0
[80963626ms] [ERROR] Failed to load resource: net::ERR_INTERNET_DISCONNECTED @ https://www.canva.com/_online?1788425907944:0
[80969901ms] [ERROR] Failed to load resource: net::ERR_INTERNET_DISCONNECTED @ https://www.canva.com/_online?1788425914220:0
[80973770ms] [INFO] websocket_client: back online at 1788425918091 @ https://static.canva.com/web/8106ee633973e981.sentry_browser.js:0
[80973770ms] [INFO] websocket_client: 1788425918092 connecting... @ https://static.canva.com/web/8106ee633973e981.sentry_browser.js:0
[80974978ms] [INFO] websocket_client: connected @ https://static.canva.com/web/8106ee633973e981.sentry_browser.js:0
[80974982ms] [INFO] websocket_client: status CONNECTED @ https://static.canva.com/web/8106ee633973e981.sentry_browser.js:0
[80975245ms] [INFO] websocket_client: request id a3538dc84b728e4e @ https://static.canva.com/web/8106ee633973e981.sentry_browser.js:0
[81168428ms] [ERROR] Failed to load resource: the server responded with a status of 404 () @ https://www.canva.com/_ajax/livefolderitem/channel/AoJWAbKSVEFcr6ojT373jz8/retrieve_updates?continuation=1788349892913-0:0
[84830268ms] [ERROR] Failed to load resource: net::ERR_INTERNET_DISCONNECTED @ https://www.canva.com/_online?1788429774318:0
[84831534ms] [ERROR] Failed to load resource: net::ERR_INTERNET_DISCONNECTED @ https://www.canva.com/_online?1788429775850:0
[84833116ms] [ERROR] Failed to load resource: net::ERR_INTERNET_DISCONNECTED @ https://www.canva.com/_online?1788429777434:0
[84835047ms] [ERROR] Failed to load resource: net::ERR_INTERNET_DISCONNECTED @ https://www.canva.com/_online?1788429779366:0
[84837733ms] [ERROR] Failed to load resource: net::ERR_INTERNET_DISCONNECTED @ https://www.canva.com/_online?1788429782052:0
[84841313ms] [ERROR] Failed to load resource: net::ERR_INTERNET_DISCONNECTED @ https://www.canva.com/_online?1788429785631:0
[84845417ms] [ERROR] Failed to load resource: net::ERR_INTERNET_DISCONNECTED @ https://www.canva.com/_online?1788429789737:0
[84851463ms] [ERROR] Failed to load resource: net::ERR_INTERNET_DISCONNECTED @ https://www.canva.com/_online?1788429795782:0
[84856704ms] [ERROR] Failed to load resource: net::ERR_INTERNET_DISCONNECTED @ https://www.canva.com/_online?1788429801023:0
[84860242ms] [INFO] websocket_client: status CLOSED, reconnecting in 2613ms undefined @ https://static.canva.com/web/8106ee633973e981.sentry_browser.js:0
[84862857ms] [INFO] websocket_client: offline, waiting for online... @ https://static.canva.com/web/8106ee633973e981.sentry_browser.js:0
[84863182ms] [ERROR] Failed to load resource: net::ERR_INTERNET_DISCONNECTED @ https://www.canva.com/_online?1788429807501:0
[84868933ms] [ERROR] Failed to load resource: net::ERR_INTERNET_DISCONNECTED @ https://www.canva.com/_online?1788429813252:0
[84875001ms] [ERROR] Failed to load resource: net::ERR_INTERNET_DISCONNECTED @ https://www.canva.com/_online?1788429819320:0
[84880308ms] [ERROR] Failed to load resource: net::ERR_INTERNET_DISCONNECTED @ https://www.canva.com/_online?1788429824628:0
[84886038ms] [ERROR] Failed to load resource: net::ERR_INTERNET_DISCONNECTED @ https://www.canva.com/_online?1788429830357:0
[84892309ms] [ERROR] Failed to load resource: net::ERR_INTERNET_DISCONNECTED @ https://www.canva.com/_online?1788429836628:0
[84898506ms] [ERROR] Failed to load resource: net::ERR_INTERNET_DISCONNECTED @ https://www.canva.com/_online?1788429842825:0
[84904840ms] [ERROR] Failed to load resource: net::ERR_INTERNET_DISCONNECTED @ https://www.canva.com/_online?1788429849159:0
[84910192ms] [ERROR] Failed to load resource: net::ERR_INTERNET_DISCONNECTED @ https://www.canva.com/_online?1788429854511:0
[84916148ms] [ERROR] Failed to load resource: net::ERR_INTERNET_DISCONNECTED @ https://www.canva.com/_online?1788429860465:0
[84922158ms] [ERROR] Failed to load resource: net::ERR_INTERNET_DISCONNECTED @ https://www.canva.com/_online?1788429866477:0
[84927965ms] [ERROR] Failed to load resource: net::ERR_INTERNET_DISCONNECTED @ https://www.canva.com/_online?1788429872284:0
[84934353ms] [ERROR] Failed to load resource: net::ERR_INTERNET_DISCONNECTED @ https://www.canva.com/_online?1788429878672:0
[84940661ms] [ERROR] Failed to load resource: net::ERR_INTERNET_DISCONNECTED @ https://www.canva.com/_online?1788429884980:0
[84947000ms] [ERROR] Failed to load resource: net::ERR_INTERNET_DISCONNECTED @ https://www.canva.com/_online?1788429891320:0
[84953240ms] [ERROR] Failed to load resource: net::ERR_INTERNET_DISCONNECTED @ https://www.canva.com/_online?1788429897557:0
[84959170ms] [ERROR] Failed to load resource: net::ERR_INTERNET_DISCONNECTED @ https://www.canva.com/_online?1788429903489:0
[84965331ms] [ERROR] Failed to load resource: net::ERR_INTERNET_DISCONNECTED @ https://www.canva.com/_online?1788429909651:0
[84967809ms] [ERROR] Failed to load resource: net::ERR_INTERNET_DISCONNECTED @ https://www.canva.com/_ajax/livefolderitem/channel/AhfU5ZDsoUnJhX7J50Y_ius/retrieve_updates?continuation=1788426112984-0:0
[84970888ms] [ERROR] Failed to load resource: net::ERR_INTERNET_DISCONNECTED @ https://www.canva.com/_online?1788429915207:0
[84976508ms] [ERROR] Failed to load resource: net::ERR_INTERNET_DISCONNECTED @ https://www.canva.com/_online?1788429920828:0
[84982598ms] [ERROR] Failed to load resource: net::ERR_INTERNET_DISCONNECTED @ https://www.canva.com/_online?1788429926917:0
[84988857ms] [ERROR] Failed to load resource: net::ERR_INTERNET_DISCONNECTED @ https://www.canva.com/_online?1788429933176:0
[84994718ms] [ERROR] Failed to load resource: net::ERR_INTERNET_DISCONNECTED @ https://www.canva.com/_online?1788429939038:0
[85000805ms] [ERROR] Failed to load resource: net::ERR_INTERNET_DISCONNECTED @ https://www.canva.com/_online?1788429945124:0
[85006938ms] [ERROR] Failed to load resource: net::ERR_INTERNET_DISCONNECTED @ https://www.canva.com/_online?1788429951258:0
[85013254ms] [ERROR] Failed to load resource: net::ERR_INTERNET_DISCONNECTED @ https://www.canva.com/_online?1788429957573:0
[85018753ms] [ERROR] Failed to load resource: net::ERR_INTERNET_DISCONNECTED @ https://www.canva.com/_online?1788429963072:0
[85024591ms] [ERROR] Failed to load resource: net::ERR_INTERNET_DISCONNECTED @ https://www.canva.com/_online?1788429968911:0
[85031057ms] [ERROR] Failed to load resource: net::ERR_INTERNET_DISCONNECTED @ https://www.canva.com/_online?1788429975377:0
[85036469ms] [ERROR] Failed to load resource: net::ERR_INTERNET_DISCONNECTED @ https://www.canva.com/_online?1788429980788:0
[85042727ms] [ERROR] Failed to load resource: net::ERR_INTERNET_DISCONNECTED @ https://www.canva.com/_online?1788429987047:0
[85048851ms] [ERROR] Failed to load resource: net::ERR_INTERNET_DISCONNECTED @ https://www.canva.com/_online?1788429993171:0
[85054578ms] [ERROR] Failed to load resource: net::ERR_INTERNET_DISCONNECTED @ https://www.canva.com/_online?1788429998897:0
[85059695ms] [ERROR] Failed to load resource: net::ERR_INTERNET_DISCONNECTED @ https://www.canva.com/_online?1788430004014:0
[85065167ms] [ERROR] Failed to load resource: net::ERR_INTERNET_DISCONNECTED @ https://www.canva.com/_online?1788430009487:0
[85071244ms] [ERROR] Failed to load resource: net::ERR_INTERNET_DISCONNECTED @ https://www.canva.com/_online?1788430015564:0
[85077365ms] [ERROR] Failed to load resource: net::ERR_INTERNET_DISCONNECTED @ https://www.canva.com/_online?1788430021684:0
[85082920ms] [ERROR] Failed to load resource: net::ERR_INTERNET_DISCONNECTED @ https://www.canva.com/_online?1788430027239:0
[85087817ms] [ERROR] Failed to load resource: net::ERR_INTERNET_DISCONNECTED @ https://www.canva.com/_ajax/livefolderitem/channel/AhfU5ZDsoUnJhX7J50Y_ius/retrieve_updates?continuation=1788426112984-0:0
[85089310ms] [ERROR] Failed to load resource: net::ERR_INTERNET_DISCONNECTED @ https://www.canva.com/_online?1788430033629:0
[85095217ms] [ERROR] Failed to load resource: net::ERR_INTERNET_DISCONNECTED @ https://www.canva.com/_online?1788430039537:0
[85101422ms] [ERROR] Failed to load resource: net::ERR_INTERNET_DISCONNECTED @ https://www.canva.com/_online?1788430045742:0
[85107054ms] [ERROR] Failed to load resource: net::ERR_INTERNET_DISCONNECTED @ https://www.canva.com/_online?1788430051373:0
[85113202ms] [ERROR] Failed to load resource: net::ERR_INTERNET_DISCONNECTED @ https://www.canva.com/_online?1788430057522:0
[85118610ms] [ERROR] Failed to load resource: net::ERR_INTERNET_DISCONNECTED @ https://www.canva.com/_online?1788430062930:0
[85124584ms] [ERROR] Failed to load resource: net::ERR_INTERNET_DISCONNECTED @ https://www.canva.com/_online?1788430068903:0
[85130641ms] [ERROR] Failed to load resource: net::ERR_INTERNET_DISCONNECTED @ https://www.canva.com/_online?1788430074961:0
[85136839ms] [ERROR] Failed to load resource: net::ERR_INTERNET_DISCONNECTED @ https://www.canva.com/_online?1788430081159:0
[85142044ms] [ERROR] Failed to load resource: net::ERR_INTERNET_DISCONNECTED @ https://www.canva.com/_online?1788430086364:0
[85147276ms] [ERROR] Failed to load resource: net::ERR_INTERNET_DISCONNECTED @ https://www.canva.com/_online?1788430091595:0
[85152788ms] [ERROR] Failed to load resource: net::ERR_INTERNET_DISCONNECTED @ https://www.canva.com/_online?1788430097107:0
[85158815ms] [ERROR] Failed to load resource: net::ERR_INTERNET_DISCONNECTED @ https://www.canva.com/_online?1788430103134:0
[85164967ms] [ERROR] Failed to load resource: net::ERR_INTERNET_DISCONNECTED @ https://www.canva.com/_online?1788430109286:0
[85170053ms] [ERROR] Failed to load resource: net::ERR_INTERNET_DISCONNECTED @ https://www.canva.com/_online?1788430114372:0
[85175676ms] [ERROR] Failed to load resource: net::ERR_INTERNET_DISCONNECTED @ https://www.canva.com/_online?1788430119995:0
[85181757ms] [ERROR] Failed to load resource: net::ERR_INTERNET_DISCONNECTED @ https://www.canva.com/_online?1788430126076:0
[85187427ms] [ERROR] Failed to load resource: net::ERR_INTERNET_DISCONNECTED @ https://www.canva.com/_online?1788430131746:0
[85192963ms] [ERROR] Failed to load resource: net::ERR_INTERNET_DISCONNECTED @ https://www.canva.com/_online?1788430137282:0
[85198897ms] [ERROR] Failed to load resource: net::ERR_INTERNET_DISCONNECTED @ https://www.canva.com/_online?1788430143216:0
[85204589ms] [ERROR] Failed to load resource: net::ERR_INTERNET_DISCONNECTED @ https://www.canva.com/_online?1788430148908:0
[85210743ms] [ERROR] Failed to load resource: net::ERR_INTERNET_DISCONNECTED @ https://www.canva.com/_online?1788430155062:0
[85216236ms] [ERROR] Failed to load resource: net::ERR_INTERNET_DISCONNECTED @ https://www.canva.com/_online?1788430160555:0
[85222330ms] [ERROR] Failed to load resource: net::ERR_INTERNET_DISCONNECTED @ https://www.canva.com/_online?1788430166649:0
[85227714ms] [ERROR] Failed to load resource: net::ERR_INTERNET_DISCONNECTED @ https://www.canva.com/_online?1788430172033:0
[85234160ms] [ERROR] Failed to load resource: net::ERR_INTERNET_DISCONNECTED @ https://www.canva.com/_online?1788430178479:0
[85239662ms] [ERROR] Failed to load resource: net::ERR_INTERNET_DISCONNECTED @ https://www.canva.com/_online?1788430183981:0
[85245984ms] [ERROR] Failed to load resource: net::ERR_INTERNET_DISCONNECTED @ https://www.canva.com/_online?1788430190304:0
[85251445ms] [ERROR] Failed to load resource: net::ERR_INTERNET_DISCONNECTED @ https://www.canva.com/_online?1788430195764:0
[85257420ms] [ERROR] Failed to load resource: net::ERR_INTERNET_DISCONNECTED @ https://www.canva.com/_online?1788430201739:0
[85263846ms] [ERROR] Failed to load resource: net::ERR_INTERNET_DISCONNECTED @ https://www.canva.com/_online?1788430208166:0
[85269341ms] [ERROR] Failed to load resource: net::ERR_INTERNET_DISCONNECTED @ https://www.canva.com/_online?1788430213660:0
[85275799ms] [ERROR] Failed to load resource: net::ERR_INTERNET_DISCONNECTED @ https://www.canva.com/_online?1788430220118:0
[85282260ms] [ERROR] Failed to load resource: net::ERR_INTERNET_DISCONNECTED @ https://www.canva.com/_online?1788430226579:0
[85287709ms] [ERROR] Failed to load resource: net::ERR_INTERNET_DISCONNECTED @ https://www.canva.com/_online?1788430232029:0
[85293307ms] [ERROR] Failed to load resource: net::ERR_INTERNET_DISCONNECTED @ https://www.canva.com/_online?1788430237626:0
[85298523ms] [ERROR] Failed to load resource: net::ERR_INTERNET_DISCONNECTED @ https://www.canva.com/_online?1788430242842:0
[85304080ms] [ERROR] Failed to load resource: net::ERR_INTERNET_DISCONNECTED @ https://www.canva.com/_online?1788430248400:0
[85310034ms] [ERROR] Failed to load resource: net::ERR_INTERNET_DISCONNECTED @ https://www.canva.com/_online?1788430254353:0
[85315830ms] [ERROR] Failed to load resource: net::ERR_INTERNET_DISCONNECTED @ https://www.canva.com/_online?1788430260150:0
[85321341ms] [ERROR] Failed to load resource: net::ERR_INTERNET_DISCONNECTED @ https://www.canva.com/_online?1788430265660:0
[85326458ms] [ERROR] Failed to load resource: net::ERR_INTERNET_DISCONNECTED @ https://www.canva.com/_online?1788430270777:0
[85327825ms] [ERROR] Failed to load resource: net::ERR_INTERNET_DISCONNECTED @ https://www.canva.com/_ajax/livefolderitem/channel/AhfU5ZDsoUnJhX7J50Y_ius/retrieve_updates?continuation=1788426112984-0:0
[85331621ms] [ERROR] Failed to load resource: net::ERR_INTERNET_DISCONNECTED @ https://www.canva.com/_online?1788430275941:0
[85337562ms] [ERROR] Failed to load resource: net::ERR_INTERNET_DISCONNECTED @ https://www.canva.com/_online?1788430281881:0
[85342813ms] [ERROR] Failed to load resource: net::ERR_INTERNET_DISCONNECTED @ https://www.canva.com/_online?1788430287132:0
[85348551ms] [ERROR] Failed to load resource: net::ERR_INTERNET_DISCONNECTED @ https://www.canva.com/_online?1788430292870:0
[85353818ms] [ERROR] Failed to load resource: net::ERR_INTERNET_DISCONNECTED @ https://www.canva.com/_online?1788430298137:0
[85360154ms] [ERROR] Failed to load resource: net::ERR_INTERNET_DISCONNECTED @ https://www.canva.com/_online?1788430304472:0
[85365200ms] [ERROR] Failed to load resource: net::ERR_INTERNET_DISCONNECTED @ https://www.canva.com/_online?1788430309519:0
[85370340ms] [ERROR] Failed to load resource: net::ERR_INTERNET_DISCONNECTED @ https://www.canva.com/_online?1788430314659:0
[85376688ms] [ERROR] Failed to load resource: net::ERR_INTERNET_DISCONNECTED @ https://www.canva.com/_online?1788430321007:0
[85383025ms] [ERROR] Failed to load resource: net::ERR_INTERNET_DISCONNECTED @ https://www.canva.com/_online?1788430327344:0
[85389390ms] [ERROR] Failed to load resource: net::ERR_INTERNET_DISCONNECTED @ https://www.canva.com/_online?1788430333710:0
[85394521ms] [ERROR] Failed to load resource: net::ERR_INTERNET_DISCONNECTED @ https://www.canva.com/_online?1788430338840:0
[85400887ms] [ERROR] Failed to load resource: net::ERR_INTERNET_DISCONNECTED @ https://www.canva.com/_online?1788430345207:0
[85406422ms] [ERROR] Failed to load resource: net::ERR_INTERNET_DISCONNECTED @ https://www.canva.com/_online?1788430350741:0
[85412317ms] [ERROR] Failed to load resource: net::ERR_INTERNET_DISCONNECTED @ https://www.canva.com/_online?1788430356637:0
[85418339ms] [ERROR] Failed to load resource: net::ERR_INTERNET_DISCONNECTED @ https://www.canva.com/_online?1788430362659:0
[85423464ms] [ERROR] Failed to load resource: net::ERR_INTERNET_DISCONNECTED @ https://www.canva.com/_online?1788430367783:0
[85428546ms] [ERROR] Failed to load resource: net::ERR_INTERNET_DISCONNECTED @ https://www.canva.com/_online?1788430372866:0
[85434479ms] [ERROR] Failed to load resource: net::ERR_INTERNET_DISCONNECTED @ https://www.canva.com/_online?1788430378798:0
[85439680ms] [ERROR] Failed to load resource: net::ERR_INTERNET_DISCONNECTED @ https://www.canva.com/_online?1788430383999:0
[85445619ms] [ERROR] Failed to load resource: net::ERR_INTERNET_DISCONNECTED @ https://www.canva.com/_online?1788430389938:0
[85451338ms] [ERROR] Failed to load resource: net::ERR_INTERNET_DISCONNECTED @ https://www.canva.com/_online?1788430395658:0
[85456634ms] [ERROR] Failed to load resource: net::ERR_INTERNET_DISCONNECTED @ https://www.canva.com/_online?1788430400953:0
[85463038ms] [ERROR] Failed to load resource: net::ERR_INTERNET_DISCONNECTED @ https://www.canva.com/_online?1788430407357:0
[85468871ms] [ERROR] Failed to load resource: net::ERR_INTERNET_DISCONNECTED @ https://www.canva.com/_online?1788430413190:0
[85475227ms] [ERROR] Failed to load resource: net::ERR_INTERNET_DISCONNECTED @ https://www.canva.com/_online?1788430419547:0
[85481266ms] [ERROR] Failed to load resource: net::ERR_INTERNET_DISCONNECTED @ https://www.canva.com/_online?1788430425586:0
[85487025ms] [ERROR] Failed to load resource: net::ERR_INTERNET_DISCONNECTED @ https://www.canva.com/_online?1788430431344:0
[85493288ms] [ERROR] Failed to load resource: net::ERR_INTERNET_DISCONNECTED @ https://www.canva.com/_online?1788430437606:0
[85498926ms] [ERROR] Failed to load resource: net::ERR_INTERNET_DISCONNECTED @ https://www.canva.com/_online?1788430443245:0
[85503897ms] [INFO] websocket_client: back online at 1788430448218 @ https://static.canva.com/web/8106ee633973e981.sentry_browser.js:0
[85503897ms] [INFO] websocket_client: 1788430448219 connecting... @ https://static.canva.com/web/8106ee633973e981.sentry_browser.js:0
[85504606ms] [INFO] websocket_client: connected @ https://static.canva.com/web/8106ee633973e981.sentry_browser.js:0
[85504608ms] [INFO] websocket_client: status CONNECTED @ https://static.canva.com/web/8106ee633973e981.sentry_browser.js:0
[85504780ms] [INFO] websocket_client: request id a353fc5f29452187 @ https://static.canva.com/web/8106ee633973e981.sentry_browser.js:0
[85505081ms] [ERROR] Failed to load resource: net::ERR_NETWORK_CHANGED @ https://www.canva.com/_ajax/session/validate:0
[85505087ms] [ERROR] Failed to load resource: net::ERR_NETWORK_CHANGED @ https://www.canva.com/_ajax/searchui/searchHome:0
[90751695ms] [INFO] websocket_client: status ERROR, reconnecting in 1508ms Error: RSocketWebSocketClient: Socket closed unexpectedly.
    at WebSocket.<anonymous> (https://chunk-composing.canva.com/chunk-batch/877a88ab8b19a83c.vendor.js+8bb5bbcbd8281f1e.vendor.js+343b767bfbe009e0.vendor.js+0bf4bb2624066750.vendor.js+5b892a8ed94beac9.vendor.js+7f3a370848dc508d.vendor.js+e04e64b695ce4be4.vendor.js+c5edb793fb9cb8df.js+8f84e9b67f01d8d1.js+ac3565f6b86c8cff.js+27aabbef94d856a2.js+d5b18aa207bd7b4c.js+b362c223728a0a35.js+ea388c6023f54604.js+aee0f0cb88cd2a2f.js+963e45d46f6f387a.js+b3928915b75fab3e.js+716453c86228008e.vendor.js+45bf9ada43140582.js+05e2e08e032ef11d.js+97f516fe99df2674.js+8336a2ef7f304079.js+561dd38201169522.js+79cd2d3d1df128cf.js+ac8c2ff9c6c57b04.js+29556ee032fc4409.js+17c1573fd42f6c80.js+879d352c704e129d.js+905dfe214a6ce934.vendor.js+8aa948bbc0553e6d.js+8d65ce13218937a5.js+07e601e9e77a8f42.js+cf3c9fa4989aae43.js+ef513f21c104a344.js+18d92c018bc15140.js+4228bc3b2a6b4c17.js+f1f73b5a91fadaa9.js+3cbc3e3a184c5bb2.js+58326968697a49ba.vendor.js+972cc0e479ab8a8b.js:6:44448)
    at WebSocket.n (https://static.canva.com/web/8106ee633973e981.sentry_browser.js:1:76074) @ https://static.canva.com/web/8106ee633973e981.sentry_browser.js:0
[90753203ms] [INFO] websocket_client: 1788435697524 connecting... @ https://static.canva.com/web/8106ee633973e981.sentry_browser.js:0
[90753841ms] [INFO] websocket_client: connected @ https://static.canva.com/web/8106ee633973e981.sentry_browser.js:0
[90753845ms] [INFO] websocket_client: status CONNECTED @ https://static.canva.com/web/8106ee633973e981.sentry_browser.js:0
[90754029ms] [INFO] websocket_client: request id a3547c86ee442187 @ https://static.canva.com/web/8106ee633973e981.sentry_browser.js:0
[90889830ms] [INFO] websocket_client: status ERROR, reconnecting in 2218ms Error: RSocketWebSocketClient: Socket closed unexpectedly.
    at WebSocket.<anonymous> (https://chunk-composing.canva.com/chunk-batch/877a88ab8b19a83c.vendor.js+8bb5bbcbd8281f1e.vendor.js+343b767bfbe009e0.vendor.js+0bf4bb2624066750.vendor.js+5b892a8ed94beac9.vendor.js+7f3a370848dc508d.vendor.js+e04e64b695ce4be4.vendor.js+c5edb793fb9cb8df.js+8f84e9b67f01d8d1.js+ac3565f6b86c8cff.js+27aabbef94d856a2.js+d5b18aa207bd7b4c.js+b362c223728a0a35.js+ea388c6023f54604.js+aee0f0cb88cd2a2f.js+963e45d46f6f387a.js+b3928915b75fab3e.js+716453c86228008e.vendor.js+45bf9ada43140582.js+05e2e08e032ef11d.js+97f516fe99df2674.js+8336a2ef7f304079.js+561dd38201169522.js+79cd2d3d1df128cf.js+ac8c2ff9c6c57b04.js+29556ee032fc4409.js+17c1573fd42f6c80.js+879d352c704e129d.js+905dfe214a6ce934.vendor.js+8aa948bbc0553e6d.js+8d65ce13218937a5.js+07e601e9e77a8f42.js+cf3c9fa4989aae43.js+ef513f21c104a344.js+18d92c018bc15140.js+4228bc3b2a6b4c17.js+f1f73b5a91fadaa9.js+3cbc3e3a184c5bb2.js+58326968697a49ba.vendor.js+972cc0e479ab8a8b.js:6:44448)
    at WebSocket.n (https://static.canva.com/web/8106ee633973e981.sentry_browser.js:1:76074) @ https://static.canva.com/web/8106ee633973e981.sentry_browser.js:0
[90892048ms] [INFO] websocket_client: 1788435836369 connecting... @ https://static.canva.com/web/8106ee633973e981.sentry_browser.js:0
[90892679ms] [INFO] websocket_client: connected @ https://static.canva.com/web/8106ee633973e981.sentry_browser.js:0
[90892681ms] [INFO] websocket_client: status CONNECTED @ https://static.canva.com/web/8106ee633973e981.sentry_browser.js:0
[90892910ms] [INFO] websocket_client: request id a3547fea9a8e3d7c @ https://static.canva.com/web/8106ee633973e981.sentry_browser.js:0
[91343882ms] [ERROR] Failed to load resource: net::ERR_NETWORK_CHANGED @ https://www.canva.com/_ajax/ae/time:0
[91351405ms] [INFO] websocket_client: status ERROR, reconnecting in 1935ms Error: RSocketWebSocketClient: Socket closed unexpectedly.
    at WebSocket.<anonymous> (https://chunk-composing.canva.com/chunk-batch/877a88ab8b19a83c.vendor.js+8bb5bbcbd8281f1e.vendor.js+343b767bfbe009e0.vendor.js+0bf4bb2624066750.vendor.js+5b892a8ed94beac9.vendor.js+7f3a370848dc508d.vendor.js+e04e64b695ce4be4.vendor.js+c5edb793fb9cb8df.js+8f84e9b67f01d8d1.js+ac3565f6b86c8cff.js+27aabbef94d856a2.js+d5b18aa207bd7b4c.js+b362c223728a0a35.js+ea388c6023f54604.js+aee0f0cb88cd2a2f.js+963e45d46f6f387a.js+b3928915b75fab3e.js+716453c86228008e.vendor.js+45bf9ada43140582.js+05e2e08e032ef11d.js+97f516fe99df2674.js+8336a2ef7f304079.js+561dd38201169522.js+79cd2d3d1df128cf.js+ac8c2ff9c6c57b04.js+29556ee032fc4409.js+17c1573fd42f6c80.js+879d352c704e129d.js+905dfe214a6ce934.vendor.js+8aa948bbc0553e6d.js+8d65ce13218937a5.js+07e601e9e77a8f42.js+cf3c9fa4989aae43.js+ef513f21c104a344.js+18d92c018bc15140.js+4228bc3b2a6b4c17.js+f1f73b5a91fadaa9.js+3cbc3e3a184c5bb2.js+58326968697a49ba.vendor.js+972cc0e479ab8a8b.js:6:44448)
    at WebSocket.n (https://static.canva.com/web/8106ee633973e981.sentry_browser.js:1:76074) @ https://static.canva.com/web/8106ee633973e981.sentry_browser.js:0
[91353340ms] [INFO] websocket_client: 1788436297662 connecting... @ https://static.canva.com/web/8106ee633973e981.sentry_browser.js:0
[91354025ms] [INFO] websocket_client: connected @ https://static.canva.com/web/8106ee633973e981.sentry_browser.js:0
[91354027ms] [INFO] websocket_client: status CONNECTED @ https://static.canva.com/web/8106ee633973e981.sentry_browser.js:0
[91354202ms] [INFO] websocket_client: request id a3548b2f3fe9160e @ https://static.canva.com/web/8106ee633973e981.sentry_browser.js:0
[91589082ms] [ERROR] Failed to load resource: net::ERR_NETWORK_CHANGED @ https://www.canva.com/_online?1788436533328:0
[91592011ms] [ERROR] Failed to load resource: net::ERR_NETWORK_CHANGED @ https://telemetry.canva.com/v1/traces:0
[91597263ms] [INFO] websocket_client: status ERROR, reconnecting in 1675ms Error: RSocketWebSocketClient: Socket closed unexpectedly.
    at WebSocket.<anonymous> (https://chunk-composing.canva.com/chunk-batch/877a88ab8b19a83c.vendor.js+8bb5bbcbd8281f1e.vendor.js+343b767bfbe009e0.vendor.js+0bf4bb2624066750.vendor.js+5b892a8ed94beac9.vendor.js+7f3a370848dc508d.vendor.js+e04e64b695ce4be4.vendor.js+c5edb793fb9cb8df.js+8f84e9b67f01d8d1.js+ac3565f6b86c8cff.js+27aabbef94d856a2.js+d5b18aa207bd7b4c.js+b362c223728a0a35.js+ea388c6023f54604.js+aee0f0cb88cd2a2f.js+963e45d46f6f387a.js+b3928915b75fab3e.js+716453c86228008e.vendor.js+45bf9ada43140582.js+05e2e08e032ef11d.js+97f516fe99df2674.js+8336a2ef7f304079.js+561dd38201169522.js+79cd2d3d1df128cf.js+ac8c2ff9c6c57b04.js+29556ee032fc4409.js+17c1573fd42f6c80.js+879d352c704e129d.js+905dfe214a6ce934.vendor.js+8aa948bbc0553e6d.js+8d65ce13218937a5.js+07e601e9e77a8f42.js+cf3c9fa4989aae43.js+ef513f21c104a344.js+18d92c018bc15140.js+4228bc3b2a6b4c17.js+f1f73b5a91fadaa9.js+3cbc3e3a184c5bb2.js+58326968697a49ba.vendor.js+972cc0e479ab8a8b.js:6:44448)
    at WebSocket.n (https://static.canva.com/web/8106ee633973e981.sentry_browser.js:1:76074) @ https://static.canva.com/web/8106ee633973e981.sentry_browser.js:0
[91598939ms] [INFO] websocket_client: 1788436543261 connecting... @ https://static.canva.com/web/8106ee633973e981.sentry_browser.js:0
[91599555ms] [INFO] websocket_client: connected @ https://static.canva.com/web/8106ee633973e981.sentry_browser.js:0
[91599557ms] [INFO] websocket_client: status CONNECTED @ https://static.canva.com/web/8106ee633973e981.sentry_browser.js:0
[91599738ms] [INFO] websocket_client: request id a354912da8e8f95a @ https://static.canva.com/web/8106ee633973e981.sentry_browser.js:0
[92143438ms] [ERROR] Failed to load resource: net::ERR_NAME_NOT_RESOLVED @ https://www.canva.com/_ajax/ae/time:0
[92143821ms] [ERROR] Failed to load resource: net::ERR_INTERNET_DISCONNECTED @ https://www.canva.com/_online?1788437087845:0
[92145077ms] [ERROR] Failed to load resource: net::ERR_INTERNET_DISCONNECTED @ https://www.canva.com/_online?1788437089390:0
[92146693ms] [ERROR] Failed to load resource: net::ERR_INTERNET_DISCONNECTED @ https://www.canva.com/_online?1788437091008:0
[92148583ms] [ERROR] Failed to load resource: net::ERR_INTERNET_DISCONNECTED @ https://www.canva.com/_online?1788437092894:0
[92151313ms] [ERROR] Failed to load resource: net::ERR_INTERNET_DISCONNECTED @ https://www.canva.com/_online?1788437095628:0
[92154449ms] [ERROR] Failed to load resource: net::ERR_INTERNET_DISCONNECTED @ https://www.canva.com/_online?1788437098767:0
[92158740ms] [ERROR] Failed to load resource: net::ERR_INTERNET_DISCONNECTED @ https://www.canva.com/_online?1788437103057:0
[92161573ms] [ERROR] Failed to load resource: net::ERR_INTERNET_DISCONNECTED @ https://www.canva.com/_ajax/livefolderitem/channel/AhfU5ZDsoUnJhX7J50Y_ius/retrieve_updates?continuation=1788426112984-0:0
[92163601ms] [ERROR] Failed to load resource: net::ERR_INTERNET_DISCONNECTED @ https://www.canva.com/_online?1788437107919:0
[92169108ms] [ERROR] Failed to load resource: net::ERR_INTERNET_DISCONNECTED @ https://www.canva.com/_online?1788437113426:0
[92170049ms] [INFO] websocket_client: status CLOSED, reconnecting in 1357ms undefined @ https://static.canva.com/web/8106ee633973e981.sentry_browser.js:0
[92171406ms] [INFO] websocket_client: offline, waiting for online... @ https://static.canva.com/web/8106ee633973e981.sentry_browser.js:0
[92174864ms] [ERROR] Failed to load resource: net::ERR_INTERNET_DISCONNECTED @ https://www.canva.com/_online?1788437119182:0
[92180652ms] [ERROR] Failed to load resource: net::ERR_INTERNET_DISCONNECTED @ https://www.canva.com/_online?1788437124971:0
[92186293ms] [ERROR] Failed to load resource: net::ERR_INTERNET_DISCONNECTED @ https://www.canva.com/_online?1788437130612:0
[93150746ms] [ERROR] Failed to load resource: net::ERR_INTERNET_DISCONNECTED @ https://www.canva.com/_online?1788438095064:0
[94105896ms] [ERROR] Failed to load resource: net::ERR_INTERNET_DISCONNECTED @ https://www.canva.com/_online?1788439050209:0
[95130860ms] [ERROR] Failed to load resource: net::ERR_INTERNET_DISCONNECTED @ https://www.canva.com/_online?1788440075176:0
[95135958ms] [ERROR] Failed to load resource: net::ERR_INTERNET_DISCONNECTED @ https://www.canva.com/_online?1788440080277:0
[95142334ms] [ERROR] Failed to load resource: net::ERR_INTERNET_DISCONNECTED @ https://www.canva.com/_online?1788440086653:0
[95148714ms] [ERROR] Failed to load resource: net::ERR_INTERNET_DISCONNECTED @ https://www.canva.com/_online?1788440093033:0
[95154010ms] [ERROR] Failed to load resource: net::ERR_INTERNET_DISCONNECTED @ https://www.canva.com/_online?1788440098329:0
[95159418ms] [ERROR] Failed to load resource: net::ERR_INTERNET_DISCONNECTED @ https://www.canva.com/_online?1788440103735:0
[95165387ms] [ERROR] Failed to load resource: net::ERR_INTERNET_DISCONNECTED @ https://www.canva.com/_online?1788440109706:0
[95172671ms] [INFO] websocket_client: back online at 1788440116992 @ https://static.canva.com/web/8106ee633973e981.sentry_browser.js:0
[95172671ms] [INFO] websocket_client: 1788440116993 connecting... @ https://static.canva.com/web/8106ee633973e981.sentry_browser.js:0
[95173545ms] [INFO] websocket_client: connected @ https://static.canva.com/web/8106ee633973e981.sentry_browser.js:0
[95173547ms] [INFO] websocket_client: status CONNECTED @ https://static.canva.com/web/8106ee633973e981.sentry_browser.js:0
[95173761ms] [INFO] websocket_client: request id a354e86e488b64ec @ https://static.canva.com/web/8106ee633973e981.sentry_browser.js:0
[96449549ms] [INFO] websocket_client: status ERROR, reconnecting in 2305ms Error: RSocketWebSocketClient: Socket closed unexpectedly.
    at WebSocket.<anonymous> (https://chunk-composing.canva.com/chunk-batch/877a88ab8b19a83c.vendor.js+8bb5bbcbd8281f1e.vendor.js+343b767bfbe009e0.vendor.js+0bf4bb2624066750.vendor.js+5b892a8ed94beac9.vendor.js+7f3a370848dc508d.vendor.js+e04e64b695ce4be4.vendor.js+c5edb793fb9cb8df.js+8f84e9b67f01d8d1.js+ac3565f6b86c8cff.js+27aabbef94d856a2.js+d5b18aa207bd7b4c.js+b362c223728a0a35.js+ea388c6023f54604.js+aee0f0cb88cd2a2f.js+963e45d46f6f387a.js+b3928915b75fab3e.js+716453c86228008e.vendor.js+45bf9ada43140582.js+05e2e08e032ef11d.js+97f516fe99df2674.js+8336a2ef7f304079.js+561dd38201169522.js+79cd2d3d1df128cf.js+ac8c2ff9c6c57b04.js+29556ee032fc4409.js+17c1573fd42f6c80.js+879d352c704e129d.js+905dfe214a6ce934.vendor.js+8aa948bbc0553e6d.js+8d65ce13218937a5.js+07e601e9e77a8f42.js+cf3c9fa4989aae43.js+ef513f21c104a344.js+18d92c018bc15140.js+4228bc3b2a6b4c17.js+f1f73b5a91fadaa9.js+3cbc3e3a184c5bb2.js+58326968697a49ba.vendor.js+972cc0e479ab8a8b.js:6:44448)
    at WebSocket.n (https://static.canva.com/web/8106ee633973e981.sentry_browser.js:1:76074) @ https://static.canva.com/web/8106ee633973e981.sentry_browser.js:0
[96451854ms] [INFO] websocket_client: 1788441396176 connecting... @ https://static.canva.com/web/8106ee633973e981.sentry_browser.js:0
[96454130ms] [INFO] websocket_client: connected @ https://static.canva.com/web/8106ee633973e981.sentry_browser.js:0
[96454132ms] [INFO] websocket_client: status CONNECTED @ https://static.canva.com/web/8106ee633973e981.sentry_browser.js:0
[96454335ms] [INFO] websocket_client: request id a35507b17ff254b5 @ https://static.canva.com/web/8106ee633973e981.sentry_browser.js:0
[97114906ms] [INFO] websocket_client: status CLOSED, reconnecting in 2032ms undefined @ https://static.canva.com/web/8106ee633973e981.sentry_browser.js:0
[97116938ms] [INFO] websocket_client: 1788442061259 connecting... @ https://static.canva.com/web/8106ee633973e981.sentry_browser.js:0
[97117589ms] [INFO] websocket_client: connected @ https://static.canva.com/web/8106ee633973e981.sentry_browser.js:0
[97117592ms] [INFO] websocket_client: status CONNECTED @ https://static.canva.com/web/8106ee633973e981.sentry_browser.js:0
[97117784ms] [INFO] websocket_client: request id a35517e45f7c2187 @ https://static.canva.com/web/8106ee633973e981.sentry_browser.js:0
[97888590ms] [ERROR] Failed to load resource: net::ERR_INTERNET_DISCONNECTED @ https://www.canva.com/_online?1788442832906:0
[97892054ms] [ERROR] Failed to load resource: net::ERR_NETWORK_CHANGED @ https://telemetry.canva.com/v1/traces:0
[97892109ms] [ERROR] Failed to load resource: net::ERR_NETWORK_CHANGED @ https://www.canva.com/_online?1788442834440:0
[97892112ms] [ERROR] Failed to load resource: net::ERR_NETWORK_CHANGED @ https://www.canva.com/_online?1788442835078:0
[97925704ms] [INFO] websocket_client: status ERROR, reconnecting in 1389ms Error: RSocketWebSocketClient: Socket closed unexpectedly.
    at WebSocket.<anonymous> (https://chunk-composing.canva.com/chunk-batch/877a88ab8b19a83c.vendor.js+8bb5bbcbd8281f1e.vendor.js+343b767bfbe009e0.vendor.js+0bf4bb2624066750.vendor.js+5b892a8ed94beac9.vendor.js+7f3a370848dc508d.vendor.js+e04e64b695ce4be4.vendor.js+c5edb793fb9cb8df.js+8f84e9b67f01d8d1.js+ac3565f6b86c8cff.js+27aabbef94d856a2.js+d5b18aa207bd7b4c.js+b362c223728a0a35.js+ea388c6023f54604.js+aee0f0cb88cd2a2f.js+963e45d46f6f387a.js+b3928915b75fab3e.js+716453c86228008e.vendor.js+45bf9ada43140582.js+05e2e08e032ef11d.js+97f516fe99df2674.js+8336a2ef7f304079.js+561dd38201169522.js+79cd2d3d1df128cf.js+ac8c2ff9c6c57b04.js+29556ee032fc4409.js+17c1573fd42f6c80.js+879d352c704e129d.js+905dfe214a6ce934.vendor.js+8aa948bbc0553e6d.js+8d65ce13218937a5.js+07e601e9e77a8f42.js+cf3c9fa4989aae43.js+ef513f21c104a344.js+18d92c018bc15140.js+4228bc3b2a6b4c17.js+f1f73b5a91fadaa9.js+3cbc3e3a184c5bb2.js+58326968697a49ba.vendor.js+972cc0e479ab8a8b.js:6:44448)
    at WebSocket.n (https://static.canva.com/web/8106ee633973e981.sentry_browser.js:1:76074) @ https://static.canva.com/web/8106ee633973e981.sentry_browser.js:0
[97927091ms] [INFO] websocket_client: 1788442871412 connecting... @ https://static.canva.com/web/8106ee633973e981.sentry_browser.js:0
[97927964ms] [INFO] websocket_client: connected @ https://static.canva.com/web/8106ee633973e981.sentry_browser.js:0
[97927968ms] [INFO] websocket_client: status CONNECTED @ https://static.canva.com/web/8106ee633973e981.sentry_browser.js:0
[97928132ms] [INFO] websocket_client: request id a3552bae19183632 @ https://static.canva.com/web/8106ee633973e981.sentry_browser.js:0
[98223074ms] [INFO] websocket_client: status ERROR, reconnecting in 1788ms Error: RSocketWebSocketClient: Socket closed unexpectedly.
    at WebSocket.<anonymous> (https://chunk-composing.canva.com/chunk-batch/877a88ab8b19a83c.vendor.js+8bb5bbcbd8281f1e.vendor.js+343b767bfbe009e0.vendor.js+0bf4bb2624066750.vendor.js+5b892a8ed94beac9.vendor.js+7f3a370848dc508d.vendor.js+e04e64b695ce4be4.vendor.js+c5edb793fb9cb8df.js+8f84e9b67f01d8d1.js+ac3565f6b86c8cff.js+27aabbef94d856a2.js+d5b18aa207bd7b4c.js+b362c223728a0a35.js+ea388c6023f54604.js+aee0f0cb88cd2a2f.js+963e45d46f6f387a.js+b3928915b75fab3e.js+716453c86228008e.vendor.js+45bf9ada43140582.js+05e2e08e032ef11d.js+97f516fe99df2674.js+8336a2ef7f304079.js+561dd38201169522.js+79cd2d3d1df128cf.js+ac8c2ff9c6c57b04.js+29556ee032fc4409.js+17c1573fd42f6c80.js+879d352c704e129d.js+905dfe214a6ce934.vendor.js+8aa948bbc0553e6d.js+8d65ce13218937a5.js+07e601e9e77a8f42.js+cf3c9fa4989aae43.js+ef513f21c104a344.js+18d92c018bc15140.js+4228bc3b2a6b4c17.js+f1f73b5a91fadaa9.js+3cbc3e3a184c5bb2.js+58326968697a49ba.vendor.js+972cc0e479ab8a8b.js:6:44448)
    at WebSocket.n (https://static.canva.com/web/8106ee633973e981.sentry_browser.js:1:76074) @ https://static.canva.com/web/8106ee633973e981.sentry_browser.js:0
[98224863ms] [INFO] websocket_client: 1788443169185 connecting... @ https://static.canva.com/web/8106ee633973e981.sentry_browser.js:0
[98225689ms] [INFO] websocket_client: connected @ https://static.canva.com/web/8106ee633973e981.sentry_browser.js:0
[98225699ms] [INFO] websocket_client: status CONNECTED @ https://static.canva.com/web/8106ee633973e981.sentry_browser.js:0
[98225843ms] [INFO] websocket_client: request id a35532f2fef84d26 @ https://static.canva.com/web/8106ee633973e981.sentry_browser.js:0
[99163863ms] [ERROR] Failed to load resource: net::ERR_NETWORK_CHANGED @ https://www.canva.com/_ajax/ae/time:0
[99171380ms] [INFO] websocket_client: status ERROR, reconnecting in 1721ms Error: RSocketWebSocketClient: Socket closed unexpectedly.
    at WebSocket.<anonymous> (https://chunk-composing.canva.com/chunk-batch/877a88ab8b19a83c.vendor.js+8bb5bbcbd8281f1e.vendor.js+343b767bfbe009e0.vendor.js+0bf4bb2624066750.vendor.js+5b892a8ed94beac9.vendor.js+7f3a370848dc508d.vendor.js+e04e64b695ce4be4.vendor.js+c5edb793fb9cb8df.js+8f84e9b67f01d8d1.js+ac3565f6b86c8cff.js+27aabbef94d856a2.js+d5b18aa207bd7b4c.js+b362c223728a0a35.js+ea388c6023f54604.js+aee0f0cb88cd2a2f.js+963e45d46f6f387a.js+b3928915b75fab3e.js+716453c86228008e.vendor.js+45bf9ada43140582.js+05e2e08e032ef11d.js+97f516fe99df2674.js+8336a2ef7f304079.js+561dd38201169522.js+79cd2d3d1df128cf.js+ac8c2ff9c6c57b04.js+29556ee032fc4409.js+17c1573fd42f6c80.js+879d352c704e129d.js+905dfe214a6ce934.vendor.js+8aa948bbc0553e6d.js+8d65ce13218937a5.js+07e601e9e77a8f42.js+cf3c9fa4989aae43.js+ef513f21c104a344.js+18d92c018bc15140.js+4228bc3b2a6b4c17.js+f1f73b5a91fadaa9.js+3cbc3e3a184c5bb2.js+58326968697a49ba.vendor.js+972cc0e479ab8a8b.js:6:44448)
    at WebSocket.n (https://static.canva.com/web/8106ee633973e981.sentry_browser.js:1:76074) @ https://static.canva.com/web/8106ee633973e981.sentry_browser.js:0
[99173103ms] [INFO] websocket_client: 1788444117425 connecting... @ https://static.canva.com/web/8106ee633973e981.sentry_browser.js:0
[99173904ms] [INFO] websocket_client: connected @ https://static.canva.com/web/8106ee633973e981.sentry_browser.js:0
[99173909ms] [INFO] websocket_client: status CONNECTED @ https://static.canva.com/web/8106ee633973e981.sentry_browser.js:0
[99174058ms] [INFO] websocket_client: request id a3554a19e88a9923 @ https://static.canva.com/web/8106ee633973e981.sentry_browser.js:0
[100111559ms] [ERROR] Failed to load resource: net::ERR_NETWORK_CHANGED @ https://www.canva.com/_ajax/ae/time:0
[100119675ms] [INFO] websocket_client: status ERROR, reconnecting in 1392ms Error: RSocketWebSocketClient: Socket closed unexpectedly.
    at WebSocket.<anonymous> (https://chunk-composing.canva.com/chunk-batch/877a88ab8b19a83c.vendor.js+8bb5bbcbd8281f1e.vendor.js+343b767bfbe009e0.vendor.js+0bf4bb2624066750.vendor.js+5b892a8ed94beac9.vendor.js+7f3a370848dc508d.vendor.js+e04e64b695ce4be4.vendor.js+c5edb793fb9cb8df.js+8f84e9b67f01d8d1.js+ac3565f6b86c8cff.js+27aabbef94d856a2.js+d5b18aa207bd7b4c.js+b362c223728a0a35.js+ea388c6023f54604.js+aee0f0cb88cd2a2f.js+963e45d46f6f387a.js+b3928915b75fab3e.js+716453c86228008e.vendor.js+45bf9ada43140582.js+05e2e08e032ef11d.js+97f516fe99df2674.js+8336a2ef7f304079.js+561dd38201169522.js+79cd2d3d1df128cf.js+ac8c2ff9c6c57b04.js+29556ee032fc4409.js+17c1573fd42f6c80.js+879d352c704e129d.js+905dfe214a6ce934.vendor.js+8aa948bbc0553e6d.js+8d65ce13218937a5.js+07e601e9e77a8f42.js+cf3c9fa4989aae43.js+ef513f21c104a344.js+18d92c018bc15140.js+4228bc3b2a6b4c17.js+f1f73b5a91fadaa9.js+3cbc3e3a184c5bb2.js+58326968697a49ba.vendor.js+972cc0e479ab8a8b.js:6:44448)
    at WebSocket.n (https://static.canva.com/web/8106ee633973e981.sentry_browser.js:1:76074) @ https://static.canva.com/web/8106ee633973e981.sentry_browser.js:0
[100121070ms] [INFO] websocket_client: 1788445065391 connecting... @ https://static.canva.com/web/8106ee633973e981.sentry_browser.js:0
[100121866ms] [INFO] websocket_client: connected @ https://static.canva.com/web/8106ee633973e981.sentry_browser.js:0
[100121869ms] [INFO] websocket_client: status CONNECTED @ https://static.canva.com/web/8106ee633973e981.sentry_browser.js:0
[100122020ms] [INFO] websocket_client: request id a355613e9f00dcb6 @ https://static.canva.com/web/8106ee633973e981.sentry_browser.js:0
[101105333ms] [INFO] websocket_client: status ERROR, reconnecting in 1322ms Error: RSocketWebSocketClient: Socket closed unexpectedly.
    at WebSocket.<anonymous> (https://chunk-composing.canva.com/chunk-batch/877a88ab8b19a83c.vendor.js+8bb5bbcbd8281f1e.vendor.js+343b767bfbe009e0.vendor.js+0bf4bb2624066750.vendor.js+5b892a8ed94beac9.vendor.js+7f3a370848dc508d.vendor.js+e04e64b695ce4be4.vendor.js+c5edb793fb9cb8df.js+8f84e9b67f01d8d1.js+ac3565f6b86c8cff.js+27aabbef94d856a2.js+d5b18aa207bd7b4c.js+b362c223728a0a35.js+ea388c6023f54604.js+aee0f0cb88cd2a2f.js+963e45d46f6f387a.js+b3928915b75fab3e.js+716453c86228008e.vendor.js+45bf9ada43140582.js+05e2e08e032ef11d.js+97f516fe99df2674.js+8336a2ef7f304079.js+561dd38201169522.js+79cd2d3d1df128cf.js+ac8c2ff9c6c57b04.js+29556ee032fc4409.js+17c1573fd42f6c80.js+879d352c704e129d.js+905dfe214a6ce934.vendor.js+8aa948bbc0553e6d.js+8d65ce13218937a5.js+07e601e9e77a8f42.js+cf3c9fa4989aae43.js+ef513f21c104a344.js+18d92c018bc15140.js+4228bc3b2a6b4c17.js+f1f73b5a91fadaa9.js+3cbc3e3a184c5bb2.js+58326968697a49ba.vendor.js+972cc0e479ab8a8b.js:6:44448)
    at WebSocket.n (https://static.canva.com/web/8106ee633973e981.sentry_browser.js:1:76074) @ https://static.canva.com/web/8106ee633973e981.sentry_browser.js:0
[101106654ms] [INFO] websocket_client: 1788446050975 connecting... @ https://static.canva.com/web/8106ee633973e981.sentry_browser.js:0
[101107446ms] [INFO] websocket_client: connected @ https://static.canva.com/web/8106ee633973e981.sentry_browser.js:0
[101107448ms] [INFO] websocket_client: status CONNECTED @ https://static.canva.com/web/8106ee633973e981.sentry_browser.js:0
[101107596ms] [INFO] websocket_client: request id a355794f0bc5815a @ https://static.canva.com/web/8106ee633973e981.sentry_browser.js:0
[101707561ms] [INFO] websocket_client: status ERROR, reconnecting in 2238ms Error: RSocketWebSocketClient: Socket closed unexpectedly.
    at WebSocket.<anonymous> (https://chunk-composing.canva.com/chunk-batch/877a88ab8b19a83c.vendor.js+8bb5bbcbd8281f1e.vendor.js+343b767bfbe009e0.vendor.js+0bf4bb2624066750.vendor.js+5b892a8ed94beac9.vendor.js+7f3a370848dc508d.vendor.js+e04e64b695ce4be4.vendor.js+c5edb793fb9cb8df.js+8f84e9b67f01d8d1.js+ac3565f6b86c8cff.js+27aabbef94d856a2.js+d5b18aa207bd7b4c.js+b362c223728a0a35.js+ea388c6023f54604.js+aee0f0cb88cd2a2f.js+963e45d46f6f387a.js+b3928915b75fab3e.js+716453c86228008e.vendor.js+45bf9ada43140582.js+05e2e08e032ef11d.js+97f516fe99df2674.js+8336a2ef7f304079.js+561dd38201169522.js+79cd2d3d1df128cf.js+ac8c2ff9c6c57b04.js+29556ee032fc4409.js+17c1573fd42f6c80.js+879d352c704e129d.js+905dfe214a6ce934.vendor.js+8aa948bbc0553e6d.js+8d65ce13218937a5.js+07e601e9e77a8f42.js+cf3c9fa4989aae43.js+ef513f21c104a344.js+18d92c018bc15140.js+4228bc3b2a6b4c17.js+f1f73b5a91fadaa9.js+3cbc3e3a184c5bb2.js+58326968697a49ba.vendor.js+972cc0e479ab8a8b.js:6:44448)
    at WebSocket.n (https://static.canva.com/web/8106ee633973e981.sentry_browser.js:1:76074) @ https://static.canva.com/web/8106ee633973e981.sentry_browser.js:0
[101709801ms] [INFO] websocket_client: 1788446654122 connecting... @ https://static.canva.com/web/8106ee633973e981.sentry_browser.js:0
[101710680ms] [INFO] websocket_client: connected @ https://static.canva.com/web/8106ee633973e981.sentry_browser.js:0
[101710683ms] [INFO] websocket_client: status CONNECTED @ https://static.canva.com/web/8106ee633973e981.sentry_browser.js:0
[101710830ms] [INFO] websocket_client: request id a3558808bab1d26a @ https://static.canva.com/web/8106ee633973e981.sentry_browser.js:0
[102774280ms] [INFO] websocket_client: status ERROR, reconnecting in 2328ms Error: RSocketWebSocketClient: Socket closed unexpectedly.
    at WebSocket.<anonymous> (https://chunk-composing.canva.com/chunk-batch/877a88ab8b19a83c.vendor.js+8bb5bbcbd8281f1e.vendor.js+343b767bfbe009e0.vendor.js+0bf4bb2624066750.vendor.js+5b892a8ed94beac9.vendor.js+7f3a370848dc508d.vendor.js+e04e64b695ce4be4.vendor.js+c5edb793fb9cb8df.js+8f84e9b67f01d8d1.js+ac3565f6b86c8cff.js+27aabbef94d856a2.js+d5b18aa207bd7b4c.js+b362c223728a0a35.js+ea388c6023f54604.js+aee0f0cb88cd2a2f.js+963e45d46f6f387a.js+b3928915b75fab3e.js+716453c86228008e.vendor.js+45bf9ada43140582.js+05e2e08e032ef11d.js+97f516fe99df2674.js+8336a2ef7f304079.js+561dd38201169522.js+79cd2d3d1df128cf.js+ac8c2ff9c6c57b04.js+29556ee032fc4409.js+17c1573fd42f6c80.js+879d352c704e129d.js+905dfe214a6ce934.vendor.js+8aa948bbc0553e6d.js+8d65ce13218937a5.js+07e601e9e77a8f42.js+cf3c9fa4989aae43.js+ef513f21c104a344.js+18d92c018bc15140.js+4228bc3b2a6b4c17.js+f1f73b5a91fadaa9.js+3cbc3e3a184c5bb2.js+58326968697a49ba.vendor.js+972cc0e479ab8a8b.js:6:44448)
    at WebSocket.n (https://static.canva.com/web/8106ee633973e981.sentry_browser.js:1:76074) @ https://static.canva.com/web/8106ee633973e981.sentry_browser.js:0
[102776612ms] [INFO] websocket_client: 1788447720928 connecting... @ https://static.canva.com/web/8106ee633973e981.sentry_browser.js:0
[102777566ms] [INFO] websocket_client: connected @ https://static.canva.com/web/8106ee633973e981.sentry_browser.js:0
[102777596ms] [INFO] websocket_client: status CONNECTED @ https://static.canva.com/web/8106ee633973e981.sentry_browser.js:0
[102777719ms] [INFO] websocket_client: request id a355a213fd1f1bcf @ https://static.canva.com/web/8106ee633973e981.sentry_browser.js:0
[102847487ms] [ERROR] Failed to load resource: net::ERR_NETWORK_CHANGED @ https://www.canva.com/_ajax/ae/time:0
[102985454ms] [ERROR] Failed to load resource: net::ERR_NETWORK_CHANGED @ https://www.canva.com/_ajax/ae/time:0
[102986324ms] [INFO] websocket_client: status ERROR, reconnecting in 1093ms Error: RSocketWebSocketClient: Socket closed unexpectedly.
    at WebSocket.<anonymous> (https://chunk-composing.canva.com/chunk-batch/877a88ab8b19a83c.vendor.js+8bb5bbcbd8281f1e.vendor.js+343b767bfbe009e0.vendor.js+0bf4bb2624066750.vendor.js+5b892a8ed94beac9.vendor.js+7f3a370848dc508d.vendor.js+e04e64b695ce4be4.vendor.js+c5edb793fb9cb8df.js+8f84e9b67f01d8d1.js+ac3565f6b86c8cff.js+27aabbef94d856a2.js+d5b18aa207bd7b4c.js+b362c223728a0a35.js+ea388c6023f54604.js+aee0f0cb88cd2a2f.js+963e45d46f6f387a.js+b3928915b75fab3e.js+716453c86228008e.vendor.js+45bf9ada43140582.js+05e2e08e032ef11d.js+97f516fe99df2674.js+8336a2ef7f304079.js+561dd38201169522.js+79cd2d3d1df128cf.js+ac8c2ff9c6c57b04.js+29556ee032fc4409.js+17c1573fd42f6c80.js+879d352c704e129d.js+905dfe214a6ce934.vendor.js+8aa948bbc0553e6d.js+8d65ce13218937a5.js+07e601e9e77a8f42.js+cf3c9fa4989aae43.js+ef513f21c104a344.js+18d92c018bc15140.js+4228bc3b2a6b4c17.js+f1f73b5a91fadaa9.js+3cbc3e3a184c5bb2.js+58326968697a49ba.vendor.js+972cc0e479ab8a8b.js:6:44448)
    at WebSocket.n (https://static.canva.com/web/8106ee633973e981.sentry_browser.js:1:76074) @ https://static.canva.com/web/8106ee633973e981.sentry_browser.js:0
[102987418ms] [INFO] websocket_client: 1788447931739 connecting... @ https://static.canva.com/web/8106ee633973e981.sentry_browser.js:0
[102988441ms] [INFO] websocket_client: connected @ https://static.canva.com/web/8106ee633973e981.sentry_browser.js:0
[102988457ms] [INFO] websocket_client: status CONNECTED @ https://static.canva.com/web/8106ee633973e981.sentry_browser.js:0
[102988602ms] [INFO] websocket_client: request id a355a73a2e05f7ae @ https://static.canva.com/web/8106ee633973e981.sentry_browser.js:0
[103100283ms] [ERROR] Failed to load resource: net::ERR_NETWORK_CHANGED @ https://www.canva.com/_ajax/ae/time:0
[103419888ms] [INFO] websocket_client: status ERROR, reconnecting in 1333ms Error: RSocketWebSocketClient: Socket closed unexpectedly.
    at WebSocket.<anonymous> (https://chunk-composing.canva.com/chunk-batch/877a88ab8b19a83c.vendor.js+8bb5bbcbd8281f1e.vendor.js+343b767bfbe009e0.vendor.js+0bf4bb2624066750.vendor.js+5b892a8ed94beac9.vendor.js+7f3a370848dc508d.vendor.js+e04e64b695ce4be4.vendor.js+c5edb793fb9cb8df.js+8f84e9b67f01d8d1.js+ac3565f6b86c8cff.js+27aabbef94d856a2.js+d5b18aa207bd7b4c.js+b362c223728a0a35.js+ea388c6023f54604.js+aee0f0cb88cd2a2f.js+963e45d46f6f387a.js+b3928915b75fab3e.js+716453c86228008e.vendor.js+45bf9ada43140582.js+05e2e08e032ef11d.js+97f516fe99df2674.js+8336a2ef7f304079.js+561dd38201169522.js+79cd2d3d1df128cf.js+ac8c2ff9c6c57b04.js+29556ee032fc4409.js+17c1573fd42f6c80.js+879d352c704e129d.js+905dfe214a6ce934.vendor.js+8aa948bbc0553e6d.js+8d65ce13218937a5.js+07e601e9e77a8f42.js+cf3c9fa4989aae43.js+ef513f21c104a344.js+18d92c018bc15140.js+4228bc3b2a6b4c17.js+f1f73b5a91fadaa9.js+3cbc3e3a184c5bb2.js+58326968697a49ba.vendor.js+972cc0e479ab8a8b.js:6:44448)
    at WebSocket.n (https://static.canva.com/web/8106ee633973e981.sentry_browser.js:1:76074) @ https://static.canva.com/web/8106ee633973e981.sentry_browser.js:0
[103421215ms] [INFO] websocket_client: 1788448365537 connecting... @ https://static.canva.com/web/8106ee633973e981.sentry_browser.js:0
[103422140ms] [INFO] websocket_client: connected @ https://static.canva.com/web/8106ee633973e981.sentry_browser.js:0
[103422149ms] [INFO] websocket_client: status CONNECTED @ https://static.canva.com/web/8106ee633973e981.sentry_browser.js:0
[103422295ms] [INFO] websocket_client: request id a355b1d0f811d232 @ https://static.canva.com/web/8106ee633973e981.sentry_browser.js:0
[105200667ms] [INFO] websocket_client: status ERROR, reconnecting in 2351ms Error: RSocketWebSocketClient: Socket closed unexpectedly.
    at WebSocket.<anonymous> (https://chunk-composing.canva.com/chunk-batch/877a88ab8b19a83c.vendor.js+8bb5bbcbd8281f1e.vendor.js+343b767bfbe009e0.vendor.js+0bf4bb2624066750.vendor.js+5b892a8ed94beac9.vendor.js+7f3a370848dc508d.vendor.js+e04e64b695ce4be4.vendor.js+c5edb793fb9cb8df.js+8f84e9b67f01d8d1.js+ac3565f6b86c8cff.js+27aabbef94d856a2.js+d5b18aa207bd7b4c.js+b362c223728a0a35.js+ea388c6023f54604.js+aee0f0cb88cd2a2f.js+963e45d46f6f387a.js+b3928915b75fab3e.js+716453c86228008e.vendor.js+45bf9ada43140582.js+05e2e08e032ef11d.js+97f516fe99df2674.js+8336a2ef7f304079.js+561dd38201169522.js+79cd2d3d1df128cf.js+ac8c2ff9c6c57b04.js+29556ee032fc4409.js+17c1573fd42f6c80.js+879d352c704e129d.js+905dfe214a6ce934.vendor.js+8aa948bbc0553e6d.js+8d65ce13218937a5.js+07e601e9e77a8f42.js+cf3c9fa4989aae43.js+ef513f21c104a344.js+18d92c018bc15140.js+4228bc3b2a6b4c17.js+f1f73b5a91fadaa9.js+3cbc3e3a184c5bb2.js+58326968697a49ba.vendor.js+972cc0e479ab8a8b.js:6:44448)
    at WebSocket.n (https://static.canva.com/web/8106ee633973e981.sentry_browser.js:1:76074) @ https://static.canva.com/web/8106ee633973e981.sentry_browser.js:0
[105203022ms] [INFO] websocket_client: 1788450147343 connecting... @ https://static.canva.com/web/8106ee633973e981.sentry_browser.js:0
[105203823ms] [INFO] websocket_client: connected @ https://static.canva.com/web/8106ee633973e981.sentry_browser.js:0
[105203829ms] [INFO] websocket_client: status CONNECTED @ https://static.canva.com/web/8106ee633973e981.sentry_browser.js:0
[105203988ms] [INFO] websocket_client: request id a355dd50d86fd25c @ https://static.canva.com/web/8106ee633973e981.sentry_browser.js:0
[105510224ms] [INFO] websocket_client: status ERROR, reconnecting in 1643ms Error: RSocketWebSocketClient: Socket closed unexpectedly.
    at WebSocket.<anonymous> (https://chunk-composing.canva.com/chunk-batch/877a88ab8b19a83c.vendor.js+8bb5bbcbd8281f1e.vendor.js+343b767bfbe009e0.vendor.js+0bf4bb2624066750.vendor.js+5b892a8ed94beac9.vendor.js+7f3a370848dc508d.vendor.js+e04e64b695ce4be4.vendor.js+c5edb793fb9cb8df.js+8f84e9b67f01d8d1.js+ac3565f6b86c8cff.js+27aabbef94d856a2.js+d5b18aa207bd7b4c.js+b362c223728a0a35.js+ea388c6023f54604.js+aee0f0cb88cd2a2f.js+963e45d46f6f387a.js+b3928915b75fab3e.js+716453c86228008e.vendor.js+45bf9ada43140582.js+05e2e08e032ef11d.js+97f516fe99df2674.js+8336a2ef7f304079.js+561dd38201169522.js+79cd2d3d1df128cf.js+ac8c2ff9c6c57b04.js+29556ee032fc4409.js+17c1573fd42f6c80.js+879d352c704e129d.js+905dfe214a6ce934.vendor.js+8aa948bbc0553e6d.js+8d65ce13218937a5.js+07e601e9e77a8f42.js+cf3c9fa4989aae43.js+ef513f21c104a344.js+18d92c018bc15140.js+4228bc3b2a6b4c17.js+f1f73b5a91fadaa9.js+3cbc3e3a184c5bb2.js+58326968697a49ba.vendor.js+972cc0e479ab8a8b.js:6:44448)
    at WebSocket.n (https://static.canva.com/web/8106ee633973e981.sentry_browser.js:1:76074) @ https://static.canva.com/web/8106ee633973e981.sentry_browser.js:0
[105511867ms] [INFO] websocket_client: 1788450456188 connecting... @ https://static.canva.com/web/8106ee633973e981.sentry_browser.js:0
[105512692ms] [INFO] websocket_client: connected @ https://static.canva.com/web/8106ee633973e981.sentry_browser.js:0
[105512699ms] [INFO] websocket_client: status CONNECTED @ https://static.canva.com/web/8106ee633973e981.sentry_browser.js:0
[105513077ms] [INFO] websocket_client: request id a355e4db283fdc64 @ https://static.canva.com/web/8106ee633973e981.sentry_browser.js:0
[105613763ms] [INFO] websocket_client: status ERROR, reconnecting in 2161ms Error: RSocketWebSocketClient: Socket closed unexpectedly.
    at WebSocket.<anonymous> (https://chunk-composing.canva.com/chunk-batch/877a88ab8b19a83c.vendor.js+8bb5bbcbd8281f1e.vendor.js+343b767bfbe009e0.vendor.js+0bf4bb2624066750.vendor.js+5b892a8ed94beac9.vendor.js+7f3a370848dc508d.vendor.js+e04e64b695ce4be4.vendor.js+c5edb793fb9cb8df.js+8f84e9b67f01d8d1.js+ac3565f6b86c8cff.js+27aabbef94d856a2.js+d5b18aa207bd7b4c.js+b362c223728a0a35.js+ea388c6023f54604.js+aee0f0cb88cd2a2f.js+963e45d46f6f387a.js+b3928915b75fab3e.js+716453c86228008e.vendor.js+45bf9ada43140582.js+05e2e08e032ef11d.js+97f516fe99df2674.js+8336a2ef7f304079.js+561dd38201169522.js+79cd2d3d1df128cf.js+ac8c2ff9c6c57b04.js+29556ee032fc4409.js+17c1573fd42f6c80.js+879d352c704e129d.js+905dfe214a6ce934.vendor.js+8aa948bbc0553e6d.js+8d65ce13218937a5.js+07e601e9e77a8f42.js+cf3c9fa4989aae43.js+ef513f21c104a344.js+18d92c018bc15140.js+4228bc3b2a6b4c17.js+f1f73b5a91fadaa9.js+3cbc3e3a184c5bb2.js+58326968697a49ba.vendor.js+972cc0e479ab8a8b.js:6:44448)
    at WebSocket.n (https://static.canva.com/web/8106ee633973e981.sentry_browser.js:1:76074) @ https://static.canva.com/web/8106ee633973e981.sentry_browser.js:0
[105615925ms] [INFO] websocket_client: 1788450560247 connecting... @ https://static.canva.com/web/8106ee633973e981.sentry_browser.js:0
[105616714ms] [INFO] websocket_client: connected @ https://static.canva.com/web/8106ee633973e981.sentry_browser.js:0
[105616719ms] [INFO] websocket_client: status CONNECTED @ https://static.canva.com/web/8106ee633973e981.sentry_browser.js:0
[105616863ms] [INFO] websocket_client: request id a355e7657d9c4e6c @ https://static.canva.com/web/8106ee633973e981.sentry_browser.js:0
[105978714ms] [ERROR] Failed to load resource: net::ERR_NETWORK_CHANGED @ https://www.canva.com/_ajax/ae/time:0
[105992802ms] [INFO] websocket_client: status ERROR, reconnecting in 2117ms Error: RSocketWebSocketClient: Socket closed unexpectedly.
    at WebSocket.<anonymous> (https://chunk-composing.canva.com/chunk-batch/877a88ab8b19a83c.vendor.js+8bb5bbcbd8281f1e.vendor.js+343b767bfbe009e0.vendor.js+0bf4bb2624066750.vendor.js+5b892a8ed94beac9.vendor.js+7f3a370848dc508d.vendor.js+e04e64b695ce4be4.vendor.js+c5edb793fb9cb8df.js+8f84e9b67f01d8d1.js+ac3565f6b86c8cff.js+27aabbef94d856a2.js+d5b18aa207bd7b4c.js+b362c223728a0a35.js+ea388c6023f54604.js+aee0f0cb88cd2a2f.js+963e45d46f6f387a.js+b3928915b75fab3e.js+716453c86228008e.vendor.js+45bf9ada43140582.js+05e2e08e032ef11d.js+97f516fe99df2674.js+8336a2ef7f304079.js+561dd38201169522.js+79cd2d3d1df128cf.js+ac8c2ff9c6c57b04.js+29556ee032fc4409.js+17c1573fd42f6c80.js+879d352c704e129d.js+905dfe214a6ce934.vendor.js+8aa948bbc0553e6d.js+8d65ce13218937a5.js+07e601e9e77a8f42.js+cf3c9fa4989aae43.js+ef513f21c104a344.js+18d92c018bc15140.js+4228bc3b2a6b4c17.js+f1f73b5a91fadaa9.js+3cbc3e3a184c5bb2.js+58326968697a49ba.vendor.js+972cc0e479ab8a8b.js:6:44448)
    at WebSocket.n (https://static.canva.com/web/8106ee633973e981.sentry_browser.js:1:76074) @ https://static.canva.com/web/8106ee633973e981.sentry_browser.js:0
[105994920ms] [INFO] websocket_client: 1788450939241 connecting... @ https://static.canva.com/web/8106ee633973e981.sentry_browser.js:0
[105995760ms] [INFO] websocket_client: connected @ https://static.canva.com/web/8106ee633973e981.sentry_browser.js:0
[105995764ms] [INFO] websocket_client: status CONNECTED @ https://static.canva.com/web/8106ee633973e981.sentry_browser.js:0
[105995933ms] [INFO] websocket_client: request id a355f0a639e04d7f @ https://static.canva.com/web/8106ee633973e981.sentry_browser.js:0
[106057234ms] [ERROR] Failed to load resource: net::ERR_NETWORK_CHANGED @ https://www.canva.com/_ajax/ae/time:0
[106061510ms] [INFO] websocket_client: status ERROR, reconnecting in 1119ms Error: RSocketWebSocketClient: Socket closed unexpectedly.
    at WebSocket.<anonymous> (https://chunk-composing.canva.com/chunk-batch/877a88ab8b19a83c.vendor.js+8bb5bbcbd8281f1e.vendor.js+343b767bfbe009e0.vendor.js+0bf4bb2624066750.vendor.js+5b892a8ed94beac9.vendor.js+7f3a370848dc508d.vendor.js+e04e64b695ce4be4.vendor.js+c5edb793fb9cb8df.js+8f84e9b67f01d8d1.js+ac3565f6b86c8cff.js+27aabbef94d856a2.js+d5b18aa207bd7b4c.js+b362c223728a0a35.js+ea388c6023f54604.js+aee0f0cb88cd2a2f.js+963e45d46f6f387a.js+b3928915b75fab3e.js+716453c86228008e.vendor.js+45bf9ada43140582.js+05e2e08e032ef11d.js+97f516fe99df2674.js+8336a2ef7f304079.js+561dd38201169522.js+79cd2d3d1df128cf.js+ac8c2ff9c6c57b04.js+29556ee032fc4409.js+17c1573fd42f6c80.js+879d352c704e129d.js+905dfe214a6ce934.vendor.js+8aa948bbc0553e6d.js+8d65ce13218937a5.js+07e601e9e77a8f42.js+cf3c9fa4989aae43.js+ef513f21c104a344.js+18d92c018bc15140.js+4228bc3b2a6b4c17.js+f1f73b5a91fadaa9.js+3cbc3e3a184c5bb2.js+58326968697a49ba.vendor.js+972cc0e479ab8a8b.js:6:44448)
    at WebSocket.n (https://static.canva.com/web/8106ee633973e981.sentry_browser.js:1:76074) @ https://static.canva.com/web/8106ee633973e981.sentry_browser.js:0
[106062628ms] [INFO] websocket_client: 1788451006949 connecting... @ https://static.canva.com/web/8106ee633973e981.sentry_browser.js:0
[106063594ms] [INFO] websocket_client: connected @ https://static.canva.com/web/8106ee633973e981.sentry_browser.js:0
[106063597ms] [INFO] websocket_client: status CONNECTED @ https://static.canva.com/web/8106ee633973e981.sentry_browser.js:0
[106063874ms] [INFO] websocket_client: request id a355f24d59ce95b3 @ https://static.canva.com/web/8106ee633973e981.sentry_browser.js:0
[107052936ms] [INFO] websocket_client: status ERROR, reconnecting in 1147ms Error: RSocketWebSocketClient: Socket closed unexpectedly.
    at WebSocket.<anonymous> (https://chunk-composing.canva.com/chunk-batch/877a88ab8b19a83c.vendor.js+8bb5bbcbd8281f1e.vendor.js+343b767bfbe009e0.vendor.js+0bf4bb2624066750.vendor.js+5b892a8ed94beac9.vendor.js+7f3a370848dc508d.vendor.js+e04e64b695ce4be4.vendor.js+c5edb793fb9cb8df.js+8f84e9b67f01d8d1.js+ac3565f6b86c8cff.js+27aabbef94d856a2.js+d5b18aa207bd7b4c.js+b362c223728a0a35.js+ea388c6023f54604.js+aee0f0cb88cd2a2f.js+963e45d46f6f387a.js+b3928915b75fab3e.js+716453c86228008e.vendor.js+45bf9ada43140582.js+05e2e08e032ef11d.js+97f516fe99df2674.js+8336a2ef7f304079.js+561dd38201169522.js+79cd2d3d1df128cf.js+ac8c2ff9c6c57b04.js+29556ee032fc4409.js+17c1573fd42f6c80.js+879d352c704e129d.js+905dfe214a6ce934.vendor.js+8aa948bbc0553e6d.js+8d65ce13218937a5.js+07e601e9e77a8f42.js+cf3c9fa4989aae43.js+ef513f21c104a344.js+18d92c018bc15140.js+4228bc3b2a6b4c17.js+f1f73b5a91fadaa9.js+3cbc3e3a184c5bb2.js+58326968697a49ba.vendor.js+972cc0e479ab8a8b.js:6:44448)
    at WebSocket.n (https://static.canva.com/web/8106ee633973e981.sentry_browser.js:1:76074) @ https://static.canva.com/web/8106ee633973e981.sentry_browser.js:0
[107054088ms] [INFO] websocket_client: 1788451998407 connecting... @ https://static.canva.com/web/8106ee633973e981.sentry_browser.js:0
[107055245ms] [INFO] websocket_client: connected @ https://static.canva.com/web/8106ee633973e981.sentry_browser.js:0
[107055255ms] [INFO] websocket_client: status CONNECTED @ https://static.canva.com/web/8106ee633973e981.sentry_browser.js:0
[107055410ms] [INFO] websocket_client: request id a3560a842a5fdb9b @ https://static.canva.com/web/8106ee633973e981.sentry_browser.js:0
[114169690ms] [INFO] websocket_client: status ERROR, reconnecting in 1736ms Error: RSocketWebSocketClient: Socket closed unexpectedly.
    at WebSocket.<anonymous> (https://chunk-composing.canva.com/chunk-batch/877a88ab8b19a83c.vendor.js+8bb5bbcbd8281f1e.vendor.js+343b767bfbe009e0.vendor.js+0bf4bb2624066750.vendor.js+5b892a8ed94beac9.vendor.js+7f3a370848dc508d.vendor.js+e04e64b695ce4be4.vendor.js+c5edb793fb9cb8df.js+8f84e9b67f01d8d1.js+ac3565f6b86c8cff.js+27aabbef94d856a2.js+d5b18aa207bd7b4c.js+b362c223728a0a35.js+ea388c6023f54604.js+aee0f0cb88cd2a2f.js+963e45d46f6f387a.js+b3928915b75fab3e.js+716453c86228008e.vendor.js+45bf9ada43140582.js+05e2e08e032ef11d.js+97f516fe99df2674.js+8336a2ef7f304079.js+561dd38201169522.js+79cd2d3d1df128cf.js+ac8c2ff9c6c57b04.js+29556ee032fc4409.js+17c1573fd42f6c80.js+879d352c704e129d.js+905dfe214a6ce934.vendor.js+8aa948bbc0553e6d.js+8d65ce13218937a5.js+07e601e9e77a8f42.js+cf3c9fa4989aae43.js+ef513f21c104a344.js+18d92c018bc15140.js+4228bc3b2a6b4c17.js+f1f73b5a91fadaa9.js+3cbc3e3a184c5bb2.js+58326968697a49ba.vendor.js+972cc0e479ab8a8b.js:6:44448)
    at WebSocket.n (https://static.canva.com/web/8106ee633973e981.sentry_browser.js:1:76074) @ https://static.canva.com/web/8106ee633973e981.sentry_browser.js:0
[114171426ms] [INFO] websocket_client: 1788459115747 connecting... @ https://static.canva.com/web/8106ee633973e981.sentry_browser.js:0
[114172358ms] [INFO] websocket_client: connected @ https://static.canva.com/web/8106ee633973e981.sentry_browser.js:0
[114172364ms] [INFO] websocket_client: status CONNECTED @ https://static.canva.com/web/8106ee633973e981.sentry_browser.js:0
[114172579ms] [INFO] websocket_client: request id a356b845ff7d3554 @ https://static.canva.com/web/8106ee633973e981.sentry_browser.js:0
[121829206ms] [INFO] websocket_client: status ERROR, reconnecting in 1606ms Error: RSocketWebSocketClient: Socket closed unexpectedly.
    at WebSocket.<anonymous> (https://chunk-composing.canva.com/chunk-batch/877a88ab8b19a83c.vendor.js+8bb5bbcbd8281f1e.vendor.js+343b767bfbe009e0.vendor.js+0bf4bb2624066750.vendor.js+5b892a8ed94beac9.vendor.js+7f3a370848dc508d.vendor.js+e04e64b695ce4be4.vendor.js+c5edb793fb9cb8df.js+8f84e9b67f01d8d1.js+ac3565f6b86c8cff.js+27aabbef94d856a2.js+d5b18aa207bd7b4c.js+b362c223728a0a35.js+ea388c6023f54604.js+aee0f0cb88cd2a2f.js+963e45d46f6f387a.js+b3928915b75fab3e.js+716453c86228008e.vendor.js+45bf9ada43140582.js+05e2e08e032ef11d.js+97f516fe99df2674.js+8336a2ef7f304079.js+561dd38201169522.js+79cd2d3d1df128cf.js+ac8c2ff9c6c57b04.js+29556ee032fc4409.js+17c1573fd42f6c80.js+879d352c704e129d.js+905dfe214a6ce934.vendor.js+8aa948bbc0553e6d.js+8d65ce13218937a5.js+07e601e9e77a8f42.js+cf3c9fa4989aae43.js+ef513f21c104a344.js+18d92c018bc15140.js+4228bc3b2a6b4c17.js+f1f73b5a91fadaa9.js+3cbc3e3a184c5bb2.js+58326968697a49ba.vendor.js+972cc0e479ab8a8b.js:6:44448)
    at WebSocket.n (https://static.canva.com/web/8106ee633973e981.sentry_browser.js:1:76074) @ https://static.canva.com/web/8106ee633973e981.sentry_browser.js:0
[121830813ms] [INFO] websocket_client: 1788466775134 connecting... @ https://static.canva.com/web/8106ee633973e981.sentry_browser.js:0
[121831633ms] [INFO] websocket_client: connected @ https://static.canva.com/web/8106ee633973e981.sentry_browser.js:0
[121831636ms] [INFO] websocket_client: status CONNECTED @ https://static.canva.com/web/8106ee633973e981.sentry_browser.js:0
[121831789ms] [INFO] websocket_client: request id a3577344ee9d1907 @ https://static.canva.com/web/8106ee633973e981.sentry_browser.js:0
[121945557ms] [INFO] websocket_client: status ERROR, reconnecting in 2139ms Error: RSocketWebSocketClient: Socket closed unexpectedly.
    at WebSocket.<anonymous> (https://chunk-composing.canva.com/chunk-batch/877a88ab8b19a83c.vendor.js+8bb5bbcbd8281f1e.vendor.js+343b767bfbe009e0.vendor.js+0bf4bb2624066750.vendor.js+5b892a8ed94beac9.vendor.js+7f3a370848dc508d.vendor.js+e04e64b695ce4be4.vendor.js+c5edb793fb9cb8df.js+8f84e9b67f01d8d1.js+ac3565f6b86c8cff.js+27aabbef94d856a2.js+d5b18aa207bd7b4c.js+b362c223728a0a35.js+ea388c6023f54604.js+aee0f0cb88cd2a2f.js+963e45d46f6f387a.js+b3928915b75fab3e.js+716453c86228008e.vendor.js+45bf9ada43140582.js+05e2e08e032ef11d.js+97f516fe99df2674.js+8336a2ef7f304079.js+561dd38201169522.js+79cd2d3d1df128cf.js+ac8c2ff9c6c57b04.js+29556ee032fc4409.js+17c1573fd42f6c80.js+879d352c704e129d.js+905dfe214a6ce934.vendor.js+8aa948bbc0553e6d.js+8d65ce13218937a5.js+07e601e9e77a8f42.js+cf3c9fa4989aae43.js+ef513f21c104a344.js+18d92c018bc15140.js+4228bc3b2a6b4c17.js+f1f73b5a91fadaa9.js+3cbc3e3a184c5bb2.js+58326968697a49ba.vendor.js+972cc0e479ab8a8b.js:6:44448)
    at WebSocket.n (https://static.canva.com/web/8106ee633973e981.sentry_browser.js:1:76074) @ https://static.canva.com/web/8106ee633973e981.sentry_browser.js:0
[121947696ms] [INFO] websocket_client: 1788466892017 connecting... @ https://static.canva.com/web/8106ee633973e981.sentry_browser.js:0
[121948880ms] [INFO] websocket_client: connected @ https://static.canva.com/web/8106ee633973e981.sentry_browser.js:0
[121948883ms] [INFO] websocket_client: status CONNECTED @ https://static.canva.com/web/8106ee633973e981.sentry_browser.js:0
[121949051ms] [INFO] websocket_client: request id a35776204c855d84 @ https://static.canva.com/web/8106ee633973e981.sentry_browser.js:0
[122886502ms] [ERROR] Failed to load resource: net::ERR_NETWORK_CHANGED @ https://www.canva.com/_ajax/ae/time:0
[122893054ms] [INFO] websocket_client: status ERROR, reconnecting in 1023ms Error: RSocketWebSocketClient: Socket closed unexpectedly.
    at WebSocket.<anonymous> (https://chunk-composing.canva.com/chunk-batch/877a88ab8b19a83c.vendor.js+8bb5bbcbd8281f1e.vendor.js+343b767bfbe009e0.vendor.js+0bf4bb2624066750.vendor.js+5b892a8ed94beac9.vendor.js+7f3a370848dc508d.vendor.js+e04e64b695ce4be4.vendor.js+c5edb793fb9cb8df.js+8f84e9b67f01d8d1.js+ac3565f6b86c8cff.js+27aabbef94d856a2.js+d5b18aa207bd7b4c.js+b362c223728a0a35.js+ea388c6023f54604.js+aee0f0cb88cd2a2f.js+963e45d46f6f387a.js+b3928915b75fab3e.js+716453c86228008e.vendor.js+45bf9ada43140582.js+05e2e08e032ef11d.js+97f516fe99df2674.js+8336a2ef7f304079.js+561dd38201169522.js+79cd2d3d1df128cf.js+ac8c2ff9c6c57b04.js+29556ee032fc4409.js+17c1573fd42f6c80.js+879d352c704e129d.js+905dfe214a6ce934.vendor.js+8aa948bbc0553e6d.js+8d65ce13218937a5.js+07e601e9e77a8f42.js+cf3c9fa4989aae43.js+ef513f21c104a344.js+18d92c018bc15140.js+4228bc3b2a6b4c17.js+f1f73b5a91fadaa9.js+3cbc3e3a184c5bb2.js+58326968697a49ba.vendor.js+972cc0e479ab8a8b.js:6:44448)
    at WebSocket.n (https://static.canva.com/web/8106ee633973e981.sentry_browser.js:1:76074) @ https://static.canva.com/web/8106ee633973e981.sentry_browser.js:0
[122894078ms] [INFO] websocket_client: 1788467838399 connecting... @ https://static.canva.com/web/8106ee633973e981.sentry_browser.js:0
[122894900ms] [INFO] websocket_client: connected @ https://static.canva.com/web/8106ee633973e981.sentry_browser.js:0
[122894903ms] [INFO] websocket_client: status CONNECTED @ https://static.canva.com/web/8106ee633973e981.sentry_browser.js:0
[122895052ms] [INFO] websocket_client: request id a3578d3a1826dbbd @ https://static.canva.com/web/8106ee633973e981.sentry_browser.js:0
[123930774ms] [INFO] websocket_client: status ERROR, reconnecting in 1496ms Error: RSocketWebSocketClient: Socket closed unexpectedly.
    at WebSocket.<anonymous> (https://chunk-composing.canva.com/chunk-batch/877a88ab8b19a83c.vendor.js+8bb5bbcbd8281f1e.vendor.js+343b767bfbe009e0.vendor.js+0bf4bb2624066750.vendor.js+5b892a8ed94beac9.vendor.js+7f3a370848dc508d.vendor.js+e04e64b695ce4be4.vendor.js+c5edb793fb9cb8df.js+8f84e9b67f01d8d1.js+ac3565f6b86c8cff.js+27aabbef94d856a2.js+d5b18aa207bd7b4c.js+b362c223728a0a35.js+ea388c6023f54604.js+aee0f0cb88cd2a2f.js+963e45d46f6f387a.js+b3928915b75fab3e.js+716453c86228008e.vendor.js+45bf9ada43140582.js+05e2e08e032ef11d.js+97f516fe99df2674.js+8336a2ef7f304079.js+561dd38201169522.js+79cd2d3d1df128cf.js+ac8c2ff9c6c57b04.js+29556ee032fc4409.js+17c1573fd42f6c80.js+879d352c704e129d.js+905dfe214a6ce934.vendor.js+8aa948bbc0553e6d.js+8d65ce13218937a5.js+07e601e9e77a8f42.js+cf3c9fa4989aae43.js+ef513f21c104a344.js+18d92c018bc15140.js+4228bc3b2a6b4c17.js+f1f73b5a91fadaa9.js+3cbc3e3a184c5bb2.js+58326968697a49ba.vendor.js+972cc0e479ab8a8b.js:6:44448)
    at WebSocket.n (https://static.canva.com/web/8106ee633973e981.sentry_browser.js:1:76074) @ https://static.canva.com/web/8106ee633973e981.sentry_browser.js:0
[123932266ms] [INFO] websocket_client: 1788468876588 connecting... @ https://static.canva.com/web/8106ee633973e981.sentry_browser.js:0
[123933072ms] [INFO] websocket_client: connected @ https://static.canva.com/web/8106ee633973e981.sentry_browser.js:0
[123933107ms] [INFO] websocket_client: status CONNECTED @ https://static.canva.com/web/8106ee633973e981.sentry_browser.js:0
[123933235ms] [INFO] websocket_client: request id a357a6924c9ad38d @ https://static.canva.com/web/8106ee633973e981.sentry_browser.js:0
[125173575ms] [INFO] websocket_client: status ERROR, reconnecting in 1112ms Error: RSocketWebSocketClient: Socket closed unexpectedly.
    at WebSocket.<anonymous> (https://chunk-composing.canva.com/chunk-batch/877a88ab8b19a83c.vendor.js+8bb5bbcbd8281f1e.vendor.js+343b767bfbe009e0.vendor.js+0bf4bb2624066750.vendor.js+5b892a8ed94beac9.vendor.js+7f3a370848dc508d.vendor.js+e04e64b695ce4be4.vendor.js+c5edb793fb9cb8df.js+8f84e9b67f01d8d1.js+ac3565f6b86c8cff.js+27aabbef94d856a2.js+d5b18aa207bd7b4c.js+b362c223728a0a35.js+ea388c6023f54604.js+aee0f0cb88cd2a2f.js+963e45d46f6f387a.js+b3928915b75fab3e.js+716453c86228008e.vendor.js+45bf9ada43140582.js+05e2e08e032ef11d.js+97f516fe99df2674.js+8336a2ef7f304079.js+561dd38201169522.js+79cd2d3d1df128cf.js+ac8c2ff9c6c57b04.js+29556ee032fc4409.js+17c1573fd42f6c80.js+879d352c704e129d.js+905dfe214a6ce934.vendor.js+8aa948bbc0553e6d.js+8d65ce13218937a5.js+07e601e9e77a8f42.js+cf3c9fa4989aae43.js+ef513f21c104a344.js+18d92c018bc15140.js+4228bc3b2a6b4c17.js+f1f73b5a91fadaa9.js+3cbc3e3a184c5bb2.js+58326968697a49ba.vendor.js+972cc0e479ab8a8b.js:6:44448)
    at WebSocket.n (https://static.canva.com/web/8106ee633973e981.sentry_browser.js:1:76074) @ https://static.canva.com/web/8106ee633973e981.sentry_browser.js:0
[125174687ms] [INFO] websocket_client: 1788470119009 connecting... @ https://static.canva.com/web/8106ee633973e981.sentry_browser.js:0
[125175497ms] [INFO] websocket_client: connected @ https://static.canva.com/web/8106ee633973e981.sentry_browser.js:0
[125175500ms] [INFO] websocket_client: status CONNECTED @ https://static.canva.com/web/8106ee633973e981.sentry_browser.js:0
[125175655ms] [INFO] websocket_client: request id a357c4e759fad29e @ https://static.canva.com/web/8106ee633973e981.sentry_browser.js:0
[125339353ms] [INFO] websocket_client: status ERROR, reconnecting in 2556ms Error: RSocketWebSocketClient: Socket closed unexpectedly.
    at WebSocket.<anonymous> (https://chunk-composing.canva.com/chunk-batch/877a88ab8b19a83c.vendor.js+8bb5bbcbd8281f1e.vendor.js+343b767bfbe009e0.vendor.js+0bf4bb2624066750.vendor.js+5b892a8ed94beac9.vendor.js+7f3a370848dc508d.vendor.js+e04e64b695ce4be4.vendor.js+c5edb793fb9cb8df.js+8f84e9b67f01d8d1.js+ac3565f6b86c8cff.js+27aabbef94d856a2.js+d5b18aa207bd7b4c.js+b362c223728a0a35.js+ea388c6023f54604.js+aee0f0cb88cd2a2f.js+963e45d46f6f387a.js+b3928915b75fab3e.js+716453c86228008e.vendor.js+45bf9ada43140582.js+05e2e08e032ef11d.js+97f516fe99df2674.js+8336a2ef7f304079.js+561dd38201169522.js+79cd2d3d1df128cf.js+ac8c2ff9c6c57b04.js+29556ee032fc4409.js+17c1573fd42f6c80.js+879d352c704e129d.js+905dfe214a6ce934.vendor.js+8aa948bbc0553e6d.js+8d65ce13218937a5.js+07e601e9e77a8f42.js+cf3c9fa4989aae43.js+ef513f21c104a344.js+18d92c018bc15140.js+4228bc3b2a6b4c17.js+f1f73b5a91fadaa9.js+3cbc3e3a184c5bb2.js+58326968697a49ba.vendor.js+972cc0e479ab8a8b.js:6:44448)
    at WebSocket.n (https://static.canva.com/web/8106ee633973e981.sentry_browser.js:1:76074) @ https://static.canva.com/web/8106ee633973e981.sentry_browser.js:0
[125341909ms] [INFO] websocket_client: 1788470286230 connecting... @ https://static.canva.com/web/8106ee633973e981.sentry_browser.js:0
[125342715ms] [INFO] websocket_client: connected @ https://static.canva.com/web/8106ee633973e981.sentry_browser.js:0
[125342721ms] [INFO] websocket_client: status CONNECTED @ https://static.canva.com/web/8106ee633973e981.sentry_browser.js:0
[125342869ms] [INFO] websocket_client: request id a357c8fc8ee9dc72 @ https://static.canva.com/web/8106ee633973e981.sentry_browser.js:0
[126288424ms] [INFO] websocket_client: status ERROR, reconnecting in 1502ms Error: RSocketWebSocketClient: Socket closed unexpectedly.
    at WebSocket.<anonymous> (https://chunk-composing.canva.com/chunk-batch/877a88ab8b19a83c.vendor.js+8bb5bbcbd8281f1e.vendor.js+343b767bfbe009e0.vendor.js+0bf4bb2624066750.vendor.js+5b892a8ed94beac9.vendor.js+7f3a370848dc508d.vendor.js+e04e64b695ce4be4.vendor.js+c5edb793fb9cb8df.js+8f84e9b67f01d8d1.js+ac3565f6b86c8cff.js+27aabbef94d856a2.js+d5b18aa207bd7b4c.js+b362c223728a0a35.js+ea388c6023f54604.js+aee0f0cb88cd2a2f.js+963e45d46f6f387a.js+b3928915b75fab3e.js+716453c86228008e.vendor.js+45bf9ada43140582.js+05e2e08e032ef11d.js+97f516fe99df2674.js+8336a2ef7f304079.js+561dd38201169522.js+79cd2d3d1df128cf.js+ac8c2ff9c6c57b04.js+29556ee032fc4409.js+17c1573fd42f6c80.js+879d352c704e129d.js+905dfe214a6ce934.vendor.js+8aa948bbc0553e6d.js+8d65ce13218937a5.js+07e601e9e77a8f42.js+cf3c9fa4989aae43.js+ef513f21c104a344.js+18d92c018bc15140.js+4228bc3b2a6b4c17.js+f1f73b5a91fadaa9.js+3cbc3e3a184c5bb2.js+58326968697a49ba.vendor.js+972cc0e479ab8a8b.js:6:44448)
    at WebSocket.n (https://static.canva.com/web/8106ee633973e981.sentry_browser.js:1:76074) @ https://static.canva.com/web/8106ee633973e981.sentry_browser.js:0
[126289926ms] [INFO] websocket_client: 1788471234247 connecting... @ https://static.canva.com/web/8106ee633973e981.sentry_browser.js:0
[126290725ms] [INFO] websocket_client: connected @ https://static.canva.com/web/8106ee633973e981.sentry_browser.js:0
[126290732ms] [INFO] websocket_client: status CONNECTED @ https://static.canva.com/web/8106ee633973e981.sentry_browser.js:0
[126290906ms] [INFO] websocket_client: request id a357e0220f64b913 @ https://static.canva.com/web/8106ee633973e981.sentry_browser.js:0
[127330616ms] [INFO] websocket_client: status ERROR, reconnecting in 1641ms Error: RSocketWebSocketClient: Socket closed unexpectedly.
    at WebSocket.<anonymous> (https://chunk-composing.canva.com/chunk-batch/877a88ab8b19a83c.vendor.js+8bb5bbcbd8281f1e.vendor.js+343b767bfbe009e0.vendor.js+0bf4bb2624066750.vendor.js+5b892a8ed94beac9.vendor.js+7f3a370848dc508d.vendor.js+e04e64b695ce4be4.vendor.js+c5edb793fb9cb8df.js+8f84e9b67f01d8d1.js+ac3565f6b86c8cff.js+27aabbef94d856a2.js+d5b18aa207bd7b4c.js+b362c223728a0a35.js+ea388c6023f54604.js+aee0f0cb88cd2a2f.js+963e45d46f6f387a.js+b3928915b75fab3e.js+716453c86228008e.vendor.js+45bf9ada43140582.js+05e2e08e032ef11d.js+97f516fe99df2674.js+8336a2ef7f304079.js+561dd38201169522.js+79cd2d3d1df128cf.js+ac8c2ff9c6c57b04.js+29556ee032fc4409.js+17c1573fd42f6c80.js+879d352c704e129d.js+905dfe214a6ce934.vendor.js+8aa948bbc0553e6d.js+8d65ce13218937a5.js+07e601e9e77a8f42.js+cf3c9fa4989aae43.js+ef513f21c104a344.js+18d92c018bc15140.js+4228bc3b2a6b4c17.js+f1f73b5a91fadaa9.js+3cbc3e3a184c5bb2.js+58326968697a49ba.vendor.js+972cc0e479ab8a8b.js:6:44448)
    at WebSocket.n (https://static.canva.com/web/8106ee633973e981.sentry_browser.js:1:76074) @ https://static.canva.com/web/8106ee633973e981.sentry_browser.js:0
[128233396ms] [INFO] websocket_client: 1788473177717 connecting... @ https://static.canva.com/web/8106ee633973e981.sentry_browser.js:0
[128233784ms] [ERROR] Failed to load resource: net::ERR_NETWORK_CHANGED @ https://www.canva.com/_ajax/ae/time:0
[128234440ms] [INFO] websocket_client: connected @ https://static.canva.com/web/8106ee633973e981.sentry_browser.js:0
[128234465ms] [INFO] websocket_client: status CONNECTED @ https://static.canva.com/web/8106ee633973e981.sentry_browser.js:0
[128234603ms] [INFO] websocket_client: request id a3580f964cead2e7 @ https://static.canva.com/web/8106ee633973e981.sentry_browser.js:0
[128688119ms] [ERROR] Failed to load resource: net::ERR_NETWORK_CHANGED @ https://www.canva.com/_ajax/ae/time:0
[128701798ms] [INFO] websocket_client: status CLOSED, reconnecting in 1915ms undefined @ https://static.canva.com/web/8106ee633973e981.sentry_browser.js:0
[128703713ms] [INFO] websocket_client: 1788473648035 connecting... @ https://static.canva.com/web/8106ee633973e981.sentry_browser.js:0
[128704629ms] [INFO] websocket_client: connected @ https://static.canva.com/web/8106ee633973e981.sentry_browser.js:0
[128704632ms] [INFO] websocket_client: status CONNECTED @ https://static.canva.com/web/8106ee633973e981.sentry_browser.js:0
[128704774ms] [INFO] websocket_client: request id a3581b10da321332 @ https://static.canva.com/web/8106ee633973e981.sentry_browser.js:0
[128819770ms] [INFO] websocket_client: status ERROR, reconnecting in 1793ms Error: RSocketWebSocketClient: Socket closed unexpectedly.
    at WebSocket.<anonymous> (https://chunk-composing.canva.com/chunk-batch/877a88ab8b19a83c.vendor.js+8bb5bbcbd8281f1e.vendor.js+343b767bfbe009e0.vendor.js+0bf4bb2624066750.vendor.js+5b892a8ed94beac9.vendor.js+7f3a370848dc508d.vendor.js+e04e64b695ce4be4.vendor.js+c5edb793fb9cb8df.js+8f84e9b67f01d8d1.js+ac3565f6b86c8cff.js+27aabbef94d856a2.js+d5b18aa207bd7b4c.js+b362c223728a0a35.js+ea388c6023f54604.js+aee0f0cb88cd2a2f.js+963e45d46f6f387a.js+b3928915b75fab3e.js+716453c86228008e.vendor.js+45bf9ada43140582.js+05e2e08e032ef11d.js+97f516fe99df2674.js+8336a2ef7f304079.js+561dd38201169522.js+79cd2d3d1df128cf.js+ac8c2ff9c6c57b04.js+29556ee032fc4409.js+17c1573fd42f6c80.js+879d352c704e129d.js+905dfe214a6ce934.vendor.js+8aa948bbc0553e6d.js+8d65ce13218937a5.js+07e601e9e77a8f42.js+cf3c9fa4989aae43.js+ef513f21c104a344.js+18d92c018bc15140.js+4228bc3b2a6b4c17.js+f1f73b5a91fadaa9.js+3cbc3e3a184c5bb2.js+58326968697a49ba.vendor.js+972cc0e479ab8a8b.js:6:44448)
    at WebSocket.n (https://static.canva.com/web/8106ee633973e981.sentry_browser.js:1:76074) @ https://static.canva.com/web/8106ee633973e981.sentry_browser.js:0
[128821566ms] [INFO] websocket_client: 1788473765887 connecting... @ https://static.canva.com/web/8106ee633973e981.sentry_browser.js:0
[128822360ms] [INFO] websocket_client: connected @ https://static.canva.com/web/8106ee633973e981.sentry_browser.js:0
[128822363ms] [INFO] websocket_client: status CONNECTED @ https://static.canva.com/web/8106ee633973e981.sentry_browser.js:0
[128822513ms] [INFO] websocket_client: request id a3581df09d0ed38d @ https://static.canva.com/web/8106ee633973e981.sentry_browser.js:0
[131644754ms] [INFO] websocket_client: status ERROR, reconnecting in 1988ms Error: RSocketWebSocketClient: Socket closed unexpectedly.
    at WebSocket.<anonymous> (https://chunk-composing.canva.com/chunk-batch/877a88ab8b19a83c.vendor.js+8bb5bbcbd8281f1e.vendor.js+343b767bfbe009e0.vendor.js+0bf4bb2624066750.vendor.js+5b892a8ed94beac9.vendor.js+7f3a370848dc508d.vendor.js+e04e64b695ce4be4.vendor.js+c5edb793fb9cb8df.js+8f84e9b67f01d8d1.js+ac3565f6b86c8cff.js+27aabbef94d856a2.js+d5b18aa207bd7b4c.js+b362c223728a0a35.js+ea388c6023f54604.js+aee0f0cb88cd2a2f.js+963e45d46f6f387a.js+b3928915b75fab3e.js+716453c86228008e.vendor.js+45bf9ada43140582.js+05e2e08e032ef11d.js+97f516fe99df2674.js+8336a2ef7f304079.js+561dd38201169522.js+79cd2d3d1df128cf.js+ac8c2ff9c6c57b04.js+29556ee032fc4409.js+17c1573fd42f6c80.js+879d352c704e129d.js+905dfe214a6ce934.vendor.js+8aa948bbc0553e6d.js+8d65ce13218937a5.js+07e601e9e77a8f42.js+cf3c9fa4989aae43.js+ef513f21c104a344.js+18d92c018bc15140.js+4228bc3b2a6b4c17.js+f1f73b5a91fadaa9.js+3cbc3e3a184c5bb2.js+58326968697a49ba.vendor.js+972cc0e479ab8a8b.js:6:44448)
    at WebSocket.n (https://static.canva.com/web/8106ee633973e981.sentry_browser.js:1:76074) @ https://static.canva.com/web/8106ee633973e981.sentry_browser.js:0
[131973121ms] [ERROR] Failed to load resource: net::ERR_NETWORK_CHANGED @ https://www.canva.com/_ajax/ae/time:0
[131974219ms] [INFO] websocket_client: 1788476918541 connecting... @ https://static.canva.com/web/8106ee633973e981.sentry_browser.js:0
[131975078ms] [INFO] websocket_client: connected @ https://static.canva.com/web/8106ee633973e981.sentry_browser.js:0
[131975081ms] [INFO] websocket_client: status CONNECTED @ https://static.canva.com/web/8106ee633973e981.sentry_browser.js:0
[131975230ms] [INFO] websocket_client: request id a3586ae8cea6d9d6 @ https://static.canva.com/web/8106ee633973e981.sentry_browser.js:0
[132465309ms] [INFO] websocket_client: status ERROR, reconnecting in 1033ms Error: RSocketWebSocketClient: Socket closed unexpectedly.
    at WebSocket.<anonymous> (https://chunk-composing.canva.com/chunk-batch/877a88ab8b19a83c.vendor.js+8bb5bbcbd8281f1e.vendor.js+343b767bfbe009e0.vendor.js+0bf4bb2624066750.vendor.js+5b892a8ed94beac9.vendor.js+7f3a370848dc508d.vendor.js+e04e64b695ce4be4.vendor.js+c5edb793fb9cb8df.js+8f84e9b67f01d8d1.js+ac3565f6b86c8cff.js+27aabbef94d856a2.js+d5b18aa207bd7b4c.js+b362c223728a0a35.js+ea388c6023f54604.js+aee0f0cb88cd2a2f.js+963e45d46f6f387a.js+b3928915b75fab3e.js+716453c86228008e.vendor.js+45bf9ada43140582.js+05e2e08e032ef11d.js+97f516fe99df2674.js+8336a2ef7f304079.js+561dd38201169522.js+79cd2d3d1df128cf.js+ac8c2ff9c6c57b04.js+29556ee032fc4409.js+17c1573fd42f6c80.js+879d352c704e129d.js+905dfe214a6ce934.vendor.js+8aa948bbc0553e6d.js+8d65ce13218937a5.js+07e601e9e77a8f42.js+cf3c9fa4989aae43.js+ef513f21c104a344.js+18d92c018bc15140.js+4228bc3b2a6b4c17.js+f1f73b5a91fadaa9.js+3cbc3e3a184c5bb2.js+58326968697a49ba.vendor.js+972cc0e479ab8a8b.js:6:44448)
    at WebSocket.n (https://static.canva.com/web/8106ee633973e981.sentry_browser.js:1:76074) @ https://static.canva.com/web/8106ee633973e981.sentry_browser.js:0
[132465359ms] [ERROR] Failed to load resource: net::ERR_NETWORK_CHANGED @ https://www.canva.com/_ajax/ae/time:0
[132466343ms] [INFO] websocket_client: 1788477410664 connecting... @ https://static.canva.com/web/8106ee633973e981.sentry_browser.js:0
[132467187ms] [INFO] websocket_client: connected @ https://static.canva.com/web/8106ee633973e981.sentry_browser.js:0
[132467190ms] [INFO] websocket_client: status CONNECTED @ https://static.canva.com/web/8106ee633973e981.sentry_browser.js:0
[132467334ms] [INFO] websocket_client: request id a35876ec8b09d2a9 @ https://static.canva.com/web/8106ee633973e981.sentry_browser.js:0
[133510312ms] [INFO] websocket_client: status ERROR, reconnecting in 1625ms Error: RSocketWebSocketClient: Socket closed unexpectedly.
    at WebSocket.<anonymous> (https://chunk-composing.canva.com/chunk-batch/877a88ab8b19a83c.vendor.js+8bb5bbcbd8281f1e.vendor.js+343b767bfbe009e0.vendor.js+0bf4bb2624066750.vendor.js+5b892a8ed94beac9.vendor.js+7f3a370848dc508d.vendor.js+e04e64b695ce4be4.vendor.js+c5edb793fb9cb8df.js+8f84e9b67f01d8d1.js+ac3565f6b86c8cff.js+27aabbef94d856a2.js+d5b18aa207bd7b4c.js+b362c223728a0a35.js+ea388c6023f54604.js+aee0f0cb88cd2a2f.js+963e45d46f6f387a.js+b3928915b75fab3e.js+716453c86228008e.vendor.js+45bf9ada43140582.js+05e2e08e032ef11d.js+97f516fe99df2674.js+8336a2ef7f304079.js+561dd38201169522.js+79cd2d3d1df128cf.js+ac8c2ff9c6c57b04.js+29556ee032fc4409.js+17c1573fd42f6c80.js+879d352c704e129d.js+905dfe214a6ce934.vendor.js+8aa948bbc0553e6d.js+8d65ce13218937a5.js+07e601e9e77a8f42.js+cf3c9fa4989aae43.js+ef513f21c104a344.js+18d92c018bc15140.js+4228bc3b2a6b4c17.js+f1f73b5a91fadaa9.js+3cbc3e3a184c5bb2.js+58326968697a49ba.vendor.js+972cc0e479ab8a8b.js:6:44448)
    at WebSocket.n (https://static.canva.com/web/8106ee633973e981.sentry_browser.js:1:76074) @ https://static.canva.com/web/8106ee633973e981.sentry_browser.js:0
[133510366ms] [ERROR] Failed to load resource: net::ERR_NETWORK_CHANGED @ https://www.canva.com/_ajax/ae/time:0
[133511937ms] [INFO] websocket_client: 1788478456259 connecting... @ https://static.canva.com/web/8106ee633973e981.sentry_browser.js:0
[133512878ms] [INFO] websocket_client: connected @ https://static.canva.com/web/8106ee633973e981.sentry_browser.js:0
[133512880ms] [INFO] websocket_client: status CONNECTED @ https://static.canva.com/web/8106ee633973e981.sentry_browser.js:0
[133513031ms] [INFO] websocket_client: request id a358907379ea3837 @ https://static.canva.com/web/8106ee633973e981.sentry_browser.js:0
[134527385ms] [ERROR] Failed to load resource: net::ERR_NETWORK_CHANGED @ https://www.canva.com/_ajax/ae/time:0
[135487348ms] [ERROR] Failed to load resource: net::ERR_NETWORK_CHANGED @ https://www.canva.com/_ajax/ae/time:0
[136126248ms] [ERROR] Failed to load resource: net::ERR_NETWORK_CHANGED @ https://www.canva.com/_ajax/ae/time:0
[136135363ms] [INFO] websocket_client: status ERROR, reconnecting in 2088ms Error: RSocketWebSocketClient: Socket closed unexpectedly.
    at WebSocket.<anonymous> (https://chunk-composing.canva.com/chunk-batch/877a88ab8b19a83c.vendor.js+8bb5bbcbd8281f1e.vendor.js+343b767bfbe009e0.vendor.js+0bf4bb2624066750.vendor.js+5b892a8ed94beac9.vendor.js+7f3a370848dc508d.vendor.js+e04e64b695ce4be4.vendor.js+c5edb793fb9cb8df.js+8f84e9b67f01d8d1.js+ac3565f6b86c8cff.js+27aabbef94d856a2.js+d5b18aa207bd7b4c.js+b362c223728a0a35.js+ea388c6023f54604.js+aee0f0cb88cd2a2f.js+963e45d46f6f387a.js+b3928915b75fab3e.js+716453c86228008e.vendor.js+45bf9ada43140582.js+05e2e08e032ef11d.js+97f516fe99df2674.js+8336a2ef7f304079.js+561dd38201169522.js+79cd2d3d1df128cf.js+ac8c2ff9c6c57b04.js+29556ee032fc4409.js+17c1573fd42f6c80.js+879d352c704e129d.js+905dfe214a6ce934.vendor.js+8aa948bbc0553e6d.js+8d65ce13218937a5.js+07e601e9e77a8f42.js+cf3c9fa4989aae43.js+ef513f21c104a344.js+18d92c018bc15140.js+4228bc3b2a6b4c17.js+f1f73b5a91fadaa9.js+3cbc3e3a184c5bb2.js+58326968697a49ba.vendor.js+972cc0e479ab8a8b.js:6:44448)
    at WebSocket.n (https://static.canva.com/web/8106ee633973e981.sentry_browser.js:1:76074) @ https://static.canva.com/web/8106ee633973e981.sentry_browser.js:0
[136137452ms] [INFO] websocket_client: 1788481081773 connecting... @ https://static.canva.com/web/8106ee633973e981.sentry_browser.js:0
[136138224ms] [INFO] websocket_client: connected @ https://static.canva.com/web/8106ee633973e981.sentry_browser.js:0
[136138230ms] [INFO] websocket_client: status CONNECTED @ https://static.canva.com/web/8106ee633973e981.sentry_browser.js:0
[136138376ms] [INFO] websocket_client: request id a358d08ce8e4d2ee @ https://static.canva.com/web/8106ee633973e981.sentry_browser.js:0
[137197261ms] [ERROR] Failed to load resource: net::ERR_NETWORK_CHANGED @ https://www.canva.com/_ajax/ae/time:0
[138115329ms] [ERROR] Failed to load resource: net::ERR_NETWORK_CHANGED @ https://www.canva.com/_ajax/ae/time:0
[139021133ms] [INFO] websocket_client: status ERROR, reconnecting in 1409ms Error: RSocketWebSocketClient: Socket closed unexpectedly.
    at WebSocket.<anonymous> (https://chunk-composing.canva.com/chunk-batch/877a88ab8b19a83c.vendor.js+8bb5bbcbd8281f1e.vendor.js+343b767bfbe009e0.vendor.js+0bf4bb2624066750.vendor.js+5b892a8ed94beac9.vendor.js+7f3a370848dc508d.vendor.js+e04e64b695ce4be4.vendor.js+c5edb793fb9cb8df.js+8f84e9b67f01d8d1.js+ac3565f6b86c8cff.js+27aabbef94d856a2.js+d5b18aa207bd7b4c.js+b362c223728a0a35.js+ea388c6023f54604.js+aee0f0cb88cd2a2f.js+963e45d46f6f387a.js+b3928915b75fab3e.js+716453c86228008e.vendor.js+45bf9ada43140582.js+05e2e08e032ef11d.js+97f516fe99df2674.js+8336a2ef7f304079.js+561dd38201169522.js+79cd2d3d1df128cf.js+ac8c2ff9c6c57b04.js+29556ee032fc4409.js+17c1573fd42f6c80.js+879d352c704e129d.js+905dfe214a6ce934.vendor.js+8aa948bbc0553e6d.js+8d65ce13218937a5.js+07e601e9e77a8f42.js+cf3c9fa4989aae43.js+ef513f21c104a344.js+18d92c018bc15140.js+4228bc3b2a6b4c17.js+f1f73b5a91fadaa9.js+3cbc3e3a184c5bb2.js+58326968697a49ba.vendor.js+972cc0e479ab8a8b.js:6:44448)
    at WebSocket.n (https://static.canva.com/web/8106ee633973e981.sentry_browser.js:1:76074) @ https://static.canva.com/web/8106ee633973e981.sentry_browser.js:0
[139021190ms] [ERROR] Failed to load resource: net::ERR_NETWORK_CHANGED @ https://www.canva.com/_online?1788483964996:0
[139022540ms] [INFO] websocket_client: offline, waiting for online... @ https://static.canva.com/web/8106ee633973e981.sentry_browser.js:0
[139023446ms] [INFO] websocket_client: back online at 1788483967767 @ https://static.canva.com/web/8106ee633973e981.sentry_browser.js:0
[139023446ms] [INFO] websocket_client: 1788483967768 connecting... @ https://static.canva.com/web/8106ee633973e981.sentry_browser.js:0
[139024241ms] [INFO] websocket_client: connected @ https://static.canva.com/web/8106ee633973e981.sentry_browser.js:0
[139024247ms] [INFO] websocket_client: status CONNECTED @ https://static.canva.com/web/8106ee633973e981.sentry_browser.js:0
[139024394ms] [INFO] websocket_client: request id a3591702ab71a63e @ https://static.canva.com/web/8106ee633973e981.sentry_browser.js:0
[139234804ms] [INFO] websocket_client: status ERROR, reconnecting in 1882ms Error: RSocketWebSocketClient: Socket closed unexpectedly.
    at WebSocket.<anonymous> (https://chunk-composing.canva.com/chunk-batch/877a88ab8b19a83c.vendor.js+8bb5bbcbd8281f1e.vendor.js+343b767bfbe009e0.vendor.js+0bf4bb2624066750.vendor.js+5b892a8ed94beac9.vendor.js+7f3a370848dc508d.vendor.js+e04e64b695ce4be4.vendor.js+c5edb793fb9cb8df.js+8f84e9b67f01d8d1.js+ac3565f6b86c8cff.js+27aabbef94d856a2.js+d5b18aa207bd7b4c.js+b362c223728a0a35.js+ea388c6023f54604.js+aee0f0cb88cd2a2f.js+963e45d46f6f387a.js+b3928915b75fab3e.js+716453c86228008e.vendor.js+45bf9ada43140582.js+05e2e08e032ef11d.js+97f516fe99df2674.js+8336a2ef7f304079.js+561dd38201169522.js+79cd2d3d1df128cf.js+ac8c2ff9c6c57b04.js+29556ee032fc4409.js+17c1573fd42f6c80.js+879d352c704e129d.js+905dfe214a6ce934.vendor.js+8aa948bbc0553e6d.js+8d65ce13218937a5.js+07e601e9e77a8f42.js+cf3c9fa4989aae43.js+ef513f21c104a344.js+18d92c018bc15140.js+4228bc3b2a6b4c17.js+f1f73b5a91fadaa9.js+3cbc3e3a184c5bb2.js+58326968697a49ba.vendor.js+972cc0e479ab8a8b.js:6:44448)
    at WebSocket.n (https://static.canva.com/web/8106ee633973e981.sentry_browser.js:1:76074) @ https://static.canva.com/web/8106ee633973e981.sentry_browser.js:0
[139236689ms] [INFO] websocket_client: 1788484181011 connecting... @ https://static.canva.com/web/8106ee633973e981.sentry_browser.js:0
[139237546ms] [INFO] websocket_client: connected @ https://static.canva.com/web/8106ee633973e981.sentry_browser.js:0
[139237550ms] [INFO] websocket_client: status CONNECTED @ https://static.canva.com/web/8106ee633973e981.sentry_browser.js:0
[139237699ms] [INFO] websocket_client: request id a3591c3758043554 @ https://static.canva.com/web/8106ee633973e981.sentry_browser.js:0
[139808298ms] [INFO] websocket_client: status ERROR, reconnecting in 1340ms Error: RSocketWebSocketClient: Socket closed unexpectedly.
    at WebSocket.<anonymous> (https://chunk-composing.canva.com/chunk-batch/877a88ab8b19a83c.vendor.js+8bb5bbcbd8281f1e.vendor.js+343b767bfbe009e0.vendor.js+0bf4bb2624066750.vendor.js+5b892a8ed94beac9.vendor.js+7f3a370848dc508d.vendor.js+e04e64b695ce4be4.vendor.js+c5edb793fb9cb8df.js+8f84e9b67f01d8d1.js+ac3565f6b86c8cff.js+27aabbef94d856a2.js+d5b18aa207bd7b4c.js+b362c223728a0a35.js+ea388c6023f54604.js+aee0f0cb88cd2a2f.js+963e45d46f6f387a.js+b3928915b75fab3e.js+716453c86228008e.vendor.js+45bf9ada43140582.js+05e2e08e032ef11d.js+97f516fe99df2674.js+8336a2ef7f304079.js+561dd38201169522.js+79cd2d3d1df128cf.js+ac8c2ff9c6c57b04.js+29556ee032fc4409.js+17c1573fd42f6c80.js+879d352c704e129d.js+905dfe214a6ce934.vendor.js+8aa948bbc0553e6d.js+8d65ce13218937a5.js+07e601e9e77a8f42.js+cf3c9fa4989aae43.js+ef513f21c104a344.js+18d92c018bc15140.js+4228bc3b2a6b4c17.js+f1f73b5a91fadaa9.js+3cbc3e3a184c5bb2.js+58326968697a49ba.vendor.js+972cc0e479ab8a8b.js:6:44448)
    at WebSocket.n (https://static.canva.com/web/8106ee633973e981.sentry_browser.js:1:76074) @ https://static.canva.com/web/8106ee633973e981.sentry_browser.js:0
[139809639ms] [INFO] websocket_client: 1788484753960 connecting... @ https://static.canva.com/web/8106ee633973e981.sentry_browser.js:0
[139810433ms] [INFO] websocket_client: connected @ https://static.canva.com/web/8106ee633973e981.sentry_browser.js:0
[139810435ms] [INFO] websocket_client: status CONNECTED @ https://static.canva.com/web/8106ee633973e981.sentry_browser.js:0
[139810615ms] [INFO] websocket_client: request id a3592a3428a3d278 @ https://static.canva.com/web/8106ee633973e981.sentry_browser.js:0
[141342907ms] [INFO] websocket_client: status ERROR, reconnecting in 2473ms Error: RSocketWebSocketClient: Socket closed unexpectedly.
    at WebSocket.<anonymous> (https://chunk-composing.canva.com/chunk-batch/877a88ab8b19a83c.vendor.js+8bb5bbcbd8281f1e.vendor.js+343b767bfbe009e0.vendor.js+0bf4bb2624066750.vendor.js+5b892a8ed94beac9.vendor.js+7f3a370848dc508d.vendor.js+e04e64b695ce4be4.vendor.js+c5edb793fb9cb8df.js+8f84e9b67f01d8d1.js+ac3565f6b86c8cff.js+27aabbef94d856a2.js+d5b18aa207bd7b4c.js+b362c223728a0a35.js+ea388c6023f54604.js+aee0f0cb88cd2a2f.js+963e45d46f6f387a.js+b3928915b75fab3e.js+716453c86228008e.vendor.js+45bf9ada43140582.js+05e2e08e032ef11d.js+97f516fe99df2674.js+8336a2ef7f304079.js+561dd38201169522.js+79cd2d3d1df128cf.js+ac8c2ff9c6c57b04.js+29556ee032fc4409.js+17c1573fd42f6c80.js+879d352c704e129d.js+905dfe214a6ce934.vendor.js+8aa948bbc0553e6d.js+8d65ce13218937a5.js+07e601e9e77a8f42.js+cf3c9fa4989aae43.js+ef513f21c104a344.js+18d92c018bc15140.js+4228bc3b2a6b4c17.js+f1f73b5a91fadaa9.js+3cbc3e3a184c5bb2.js+58326968697a49ba.vendor.js+972cc0e479ab8a8b.js:6:44448)
    at WebSocket.n (https://static.canva.com/web/8106ee633973e981.sentry_browser.js:1:76074) @ https://static.canva.com/web/8106ee633973e981.sentry_browser.js:0
[141345382ms] [INFO] websocket_client: 1788486289704 connecting... @ https://static.canva.com/web/8106ee633973e981.sentry_browser.js:0
[141346182ms] [INFO] websocket_client: connected @ https://static.canva.com/web/8106ee633973e981.sentry_browser.js:0
[141346187ms] [INFO] websocket_client: status CONNECTED @ https://static.canva.com/web/8106ee633973e981.sentry_browser.js:0
[141346331ms] [INFO] websocket_client: request id a3594fb28e27d278 @ https://static.canva.com/web/8106ee633973e981.sentry_browser.js:0
[142292862ms] [INFO] websocket_client: status ERROR, reconnecting in 1828ms Error: RSocketWebSocketClient: Socket closed unexpectedly.
    at WebSocket.<anonymous> (https://chunk-composing.canva.com/chunk-batch/877a88ab8b19a83c.vendor.js+8bb5bbcbd8281f1e.vendor.js+343b767bfbe009e0.vendor.js+0bf4bb2624066750.vendor.js+5b892a8ed94beac9.vendor.js+7f3a370848dc508d.vendor.js+e04e64b695ce4be4.vendor.js+c5edb793fb9cb8df.js+8f84e9b67f01d8d1.js+ac3565f6b86c8cff.js+27aabbef94d856a2.js+d5b18aa207bd7b4c.js+b362c223728a0a35.js+ea388c6023f54604.js+aee0f0cb88cd2a2f.js+963e45d46f6f387a.js+b3928915b75fab3e.js+716453c86228008e.vendor.js+45bf9ada43140582.js+05e2e08e032ef11d.js+97f516fe99df2674.js+8336a2ef7f304079.js+561dd38201169522.js+79cd2d3d1df128cf.js+ac8c2ff9c6c57b04.js+29556ee032fc4409.js+17c1573fd42f6c80.js+879d352c704e129d.js+905dfe214a6ce934.vendor.js+8aa948bbc0553e6d.js+8d65ce13218937a5.js+07e601e9e77a8f42.js+cf3c9fa4989aae43.js+ef513f21c104a344.js+18d92c018bc15140.js+4228bc3b2a6b4c17.js+f1f73b5a91fadaa9.js+3cbc3e3a184c5bb2.js+58326968697a49ba.vendor.js+972cc0e479ab8a8b.js:6:44448)
    at WebSocket.n (https://static.canva.com/web/8106ee633973e981.sentry_browser.js:1:76074) @ https://static.canva.com/web/8106ee633973e981.sentry_browser.js:0
[142294691ms] [INFO] websocket_client: 1788487239012 connecting... @ https://static.canva.com/web/8106ee633973e981.sentry_browser.js:0
[142295800ms] [INFO] websocket_client: connected @ https://static.canva.com/web/8106ee633973e981.sentry_browser.js:0
[142295803ms] [INFO] websocket_client: status CONNECTED @ https://static.canva.com/web/8106ee633973e981.sentry_browser.js:0
[142295970ms] [INFO] websocket_client: request id a35966e1cb69d2e2 @ https://static.canva.com/web/8106ee633973e981.sentry_browser.js:0
[143286803ms] [INFO] websocket_client: status ERROR, reconnecting in 2141ms Error: RSocketWebSocketClient: Socket closed unexpectedly.
    at WebSocket.<anonymous> (https://chunk-composing.canva.com/chunk-batch/877a88ab8b19a83c.vendor.js+8bb5bbcbd8281f1e.vendor.js+343b767bfbe009e0.vendor.js+0bf4bb2624066750.vendor.js+5b892a8ed94beac9.vendor.js+7f3a370848dc508d.vendor.js+e04e64b695ce4be4.vendor.js+c5edb793fb9cb8df.js+8f84e9b67f01d8d1.js+ac3565f6b86c8cff.js+27aabbef94d856a2.js+d5b18aa207bd7b4c.js+b362c223728a0a35.js+ea388c6023f54604.js+aee0f0cb88cd2a2f.js+963e45d46f6f387a.js+b3928915b75fab3e.js+716453c86228008e.vendor.js+45bf9ada43140582.js+05e2e08e032ef11d.js+97f516fe99df2674.js+8336a2ef7f304079.js+561dd38201169522.js+79cd2d3d1df128cf.js+ac8c2ff9c6c57b04.js+29556ee032fc4409.js+17c1573fd42f6c80.js+879d352c704e129d.js+905dfe214a6ce934.vendor.js+8aa948bbc0553e6d.js+8d65ce13218937a5.js+07e601e9e77a8f42.js+cf3c9fa4989aae43.js+ef513f21c104a344.js+18d92c018bc15140.js+4228bc3b2a6b4c17.js+f1f73b5a91fadaa9.js+3cbc3e3a184c5bb2.js+58326968697a49ba.vendor.js+972cc0e479ab8a8b.js:6:44448)
    at WebSocket.n (https://static.canva.com/web/8106ee633973e981.sentry_browser.js:1:76074) @ https://static.canva.com/web/8106ee633973e981.sentry_browser.js:0
[143288945ms] [INFO] websocket_client: 1788488233267 connecting... @ https://static.canva.com/web/8106ee633973e981.sentry_browser.js:0
[143289767ms] [INFO] websocket_client: connected @ https://static.canva.com/web/8106ee633973e981.sentry_browser.js:0
[143289770ms] [INFO] websocket_client: status CONNECTED @ https://static.canva.com/web/8106ee633973e981.sentry_browser.js:0
[143289921ms] [INFO] websocket_client: request id a3597f261a6b18f3 @ https://static.canva.com/web/8106ee633973e981.sentry_browser.js:0
[143465497ms] [INFO] websocket_client: status ERROR, reconnecting in 2539ms Error: RSocketWebSocketClient: Socket closed unexpectedly.
    at WebSocket.<anonymous> (https://chunk-composing.canva.com/chunk-batch/877a88ab8b19a83c.vendor.js+8bb5bbcbd8281f1e.vendor.js+343b767bfbe009e0.vendor.js+0bf4bb2624066750.vendor.js+5b892a8ed94beac9.vendor.js+7f3a370848dc508d.vendor.js+e04e64b695ce4be4.vendor.js+c5edb793fb9cb8df.js+8f84e9b67f01d8d1.js+ac3565f6b86c8cff.js+27aabbef94d856a2.js+d5b18aa207bd7b4c.js+b362c223728a0a35.js+ea388c6023f54604.js+aee0f0cb88cd2a2f.js+963e45d46f6f387a.js+b3928915b75fab3e.js+716453c86228008e.vendor.js+45bf9ada43140582.js+05e2e08e032ef11d.js+97f516fe99df2674.js+8336a2ef7f304079.js+561dd38201169522.js+79cd2d3d1df128cf.js+ac8c2ff9c6c57b04.js+29556ee032fc4409.js+17c1573fd42f6c80.js+879d352c704e129d.js+905dfe214a6ce934.vendor.js+8aa948bbc0553e6d.js+8d65ce13218937a5.js+07e601e9e77a8f42.js+cf3c9fa4989aae43.js+ef513f21c104a344.js+18d92c018bc15140.js+4228bc3b2a6b4c17.js+f1f73b5a91fadaa9.js+3cbc3e3a184c5bb2.js+58326968697a49ba.vendor.js+972cc0e479ab8a8b.js:6:44448)
    at WebSocket.n (https://static.canva.com/web/8106ee633973e981.sentry_browser.js:1:76074) @ https://static.canva.com/web/8106ee633973e981.sentry_browser.js:0
[143468037ms] [INFO] websocket_client: 1788488412358 connecting... @ https://static.canva.com/web/8106ee633973e981.sentry_browser.js:0
[143468959ms] [INFO] websocket_client: connected @ https://static.canva.com/web/8106ee633973e981.sentry_browser.js:0
[143468961ms] [INFO] websocket_client: status CONNECTED @ https://static.canva.com/web/8106ee633973e981.sentry_browser.js:0
[143469110ms] [INFO] websocket_client: request id a3598385cccdb71e @ https://static.canva.com/web/8106ee633973e981.sentry_browser.js:0
[145457480ms] [ERROR] Failed to load resource: net::ERR_NETWORK_CHANGED @ https://www.canva.com/_online?1788490401710:0
[145470630ms] [INFO] websocket_client: status ERROR, reconnecting in 1197ms Error: RSocketWebSocketClient: Socket closed unexpectedly.
    at WebSocket.<anonymous> (https://chunk-composing.canva.com/chunk-batch/877a88ab8b19a83c.vendor.js+8bb5bbcbd8281f1e.vendor.js+343b767bfbe009e0.vendor.js+0bf4bb2624066750.vendor.js+5b892a8ed94beac9.vendor.js+7f3a370848dc508d.vendor.js+e04e64b695ce4be4.vendor.js+c5edb793fb9cb8df.js+8f84e9b67f01d8d1.js+ac3565f6b86c8cff.js+27aabbef94d856a2.js+d5b18aa207bd7b4c.js+b362c223728a0a35.js+ea388c6023f54604.js+aee0f0cb88cd2a2f.js+963e45d46f6f387a.js+b3928915b75fab3e.js+716453c86228008e.vendor.js+45bf9ada43140582.js+05e2e08e032ef11d.js+97f516fe99df2674.js+8336a2ef7f304079.js+561dd38201169522.js+79cd2d3d1df128cf.js+ac8c2ff9c6c57b04.js+29556ee032fc4409.js+17c1573fd42f6c80.js+879d352c704e129d.js+905dfe214a6ce934.vendor.js+8aa948bbc0553e6d.js+8d65ce13218937a5.js+07e601e9e77a8f42.js+cf3c9fa4989aae43.js+ef513f21c104a344.js+18d92c018bc15140.js+4228bc3b2a6b4c17.js+f1f73b5a91fadaa9.js+3cbc3e3a184c5bb2.js+58326968697a49ba.vendor.js+972cc0e479ab8a8b.js:6:44448)
    at WebSocket.n (https://static.canva.com/web/8106ee633973e981.sentry_browser.js:1:76074) @ https://static.canva.com/web/8106ee633973e981.sentry_browser.js:0
[145471828ms] [INFO] websocket_client: 1788490416150 connecting... @ https://static.canva.com/web/8106ee633973e981.sentry_browser.js:0
[145472671ms] [INFO] websocket_client: connected @ https://static.canva.com/web/8106ee633973e981.sentry_browser.js:0
[145472675ms] [INFO] websocket_client: status CONNECTED @ https://static.canva.com/web/8106ee633973e981.sentry_browser.js:0
[145472822ms] [INFO] websocket_client: request id a359b4718d7e353c @ https://static.canva.com/web/8106ee633973e981.sentry_browser.js:0
[146466661ms] [ERROR] Failed to load resource: net::ERR_NETWORK_CHANGED @ https://www.canva.com/_ajax/ae/time:0
[146480308ms] [INFO] websocket_client: status ERROR, reconnecting in 1336ms Error: RSocketWebSocketClient: Socket closed unexpectedly.
    at WebSocket.<anonymous> (https://chunk-composing.canva.com/chunk-batch/877a88ab8b19a83c.vendor.js+8bb5bbcbd8281f1e.vendor.js+343b767bfbe009e0.vendor.js+0bf4bb2624066750.vendor.js+5b892a8ed94beac9.vendor.js+7f3a370848dc508d.vendor.js+e04e64b695ce4be4.vendor.js+c5edb793fb9cb8df.js+8f84e9b67f01d8d1.js+ac3565f6b86c8cff.js+27aabbef94d856a2.js+d5b18aa207bd7b4c.js+b362c223728a0a35.js+ea388c6023f54604.js+aee0f0cb88cd2a2f.js+963e45d46f6f387a.js+b3928915b75fab3e.js+716453c86228008e.vendor.js+45bf9ada43140582.js+05e2e08e032ef11d.js+97f516fe99df2674.js+8336a2ef7f304079.js+561dd38201169522.js+79cd2d3d1df128cf.js+ac8c2ff9c6c57b04.js+29556ee032fc4409.js+17c1573fd42f6c80.js+879d352c704e129d.js+905dfe214a6ce934.vendor.js+8aa948bbc0553e6d.js+8d65ce13218937a5.js+07e601e9e77a8f42.js+cf3c9fa4989aae43.js+ef513f21c104a344.js+18d92c018bc15140.js+4228bc3b2a6b4c17.js+f1f73b5a91fadaa9.js+3cbc3e3a184c5bb2.js+58326968697a49ba.vendor.js+972cc0e479ab8a8b.js:6:44448)
    at WebSocket.n (https://static.canva.com/web/8106ee633973e981.sentry_browser.js:1:76074) @ https://static.canva.com/web/8106ee633973e981.sentry_browser.js:0
[146481645ms] [INFO] websocket_client: 1788491425967 connecting... @ https://static.canva.com/web/8106ee633973e981.sentry_browser.js:0
[146482448ms] [INFO] websocket_client: connected @ https://static.canva.com/web/8106ee633973e981.sentry_browser.js:0
[146482452ms] [INFO] websocket_client: status CONNECTED @ https://static.canva.com/web/8106ee633973e981.sentry_browser.js:0
[146482599ms] [INFO] websocket_client: request id a359cd190ad1dcc5 @ https://static.canva.com/web/8106ee633973e981.sentry_browser.js:0
[146522512ms] [ERROR] Failed to load resource: net::ERR_NETWORK_CHANGED @ https://www.canva.com/_ajax/ae/time:0
[146766014ms] [INFO] websocket_client: status ERROR, reconnecting in 1846ms Error: RSocketWebSocketClient: Socket closed unexpectedly.
    at WebSocket.<anonymous> (https://chunk-composing.canva.com/chunk-batch/877a88ab8b19a83c.vendor.js+8bb5bbcbd8281f1e.vendor.js+343b767bfbe009e0.vendor.js+0bf4bb2624066750.vendor.js+5b892a8ed94beac9.vendor.js+7f3a370848dc508d.vendor.js+e04e64b695ce4be4.vendor.js+c5edb793fb9cb8df.js+8f84e9b67f01d8d1.js+ac3565f6b86c8cff.js+27aabbef94d856a2.js+d5b18aa207bd7b4c.js+b362c223728a0a35.js+ea388c6023f54604.js+aee0f0cb88cd2a2f.js+963e45d46f6f387a.js+b3928915b75fab3e.js+716453c86228008e.vendor.js+45bf9ada43140582.js+05e2e08e032ef11d.js+97f516fe99df2674.js+8336a2ef7f304079.js+561dd38201169522.js+79cd2d3d1df128cf.js+ac8c2ff9c6c57b04.js+29556ee032fc4409.js+17c1573fd42f6c80.js+879d352c704e129d.js+905dfe214a6ce934.vendor.js+8aa948bbc0553e6d.js+8d65ce13218937a5.js+07e601e9e77a8f42.js+cf3c9fa4989aae43.js+ef513f21c104a344.js+18d92c018bc15140.js+4228bc3b2a6b4c17.js+f1f73b5a91fadaa9.js+3cbc3e3a184c5bb2.js+58326968697a49ba.vendor.js+972cc0e479ab8a8b.js:6:44448)
    at WebSocket.n (https://static.canva.com/web/8106ee633973e981.sentry_browser.js:1:76074) @ https://static.canva.com/web/8106ee633973e981.sentry_browser.js:0
[146767861ms] [INFO] websocket_client: 1788491712182 connecting... @ https://static.canva.com/web/8106ee633973e981.sentry_browser.js:0
[146768653ms] [INFO] websocket_client: connected @ https://static.canva.com/web/8106ee633973e981.sentry_browser.js:0
[146768656ms] [INFO] websocket_client: status CONNECTED @ https://static.canva.com/web/8106ee633973e981.sentry_browser.js:0
[146768808ms] [INFO] websocket_client: request id a359d415b9c2d2df @ https://static.canva.com/web/8106ee633973e981.sentry_browser.js:0
[146848149ms] [ERROR] Failed to load resource: net::ERR_NETWORK_CHANGED @ https://www.canva.com/_ajax/ae/time:0
[147115687ms] [INFO] websocket_client: status ERROR, reconnecting in 2067ms Error: RSocketWebSocketClient: Socket closed unexpectedly.
    at WebSocket.<anonymous> (https://chunk-composing.canva.com/chunk-batch/877a88ab8b19a83c.vendor.js+8bb5bbcbd8281f1e.vendor.js+343b767bfbe009e0.vendor.js+0bf4bb2624066750.vendor.js+5b892a8ed94beac9.vendor.js+7f3a370848dc508d.vendor.js+e04e64b695ce4be4.vendor.js+c5edb793fb9cb8df.js+8f84e9b67f01d8d1.js+ac3565f6b86c8cff.js+27aabbef94d856a2.js+d5b18aa207bd7b4c.js+b362c223728a0a35.js+ea388c6023f54604.js+aee0f0cb88cd2a2f.js+963e45d46f6f387a.js+b3928915b75fab3e.js+716453c86228008e.vendor.js+45bf9ada43140582.js+05e2e08e032ef11d.js+97f516fe99df2674.js+8336a2ef7f304079.js+561dd38201169522.js+79cd2d3d1df128cf.js+ac8c2ff9c6c57b04.js+29556ee032fc4409.js+17c1573fd42f6c80.js+879d352c704e129d.js+905dfe214a6ce934.vendor.js+8aa948bbc0553e6d.js+8d65ce13218937a5.js+07e601e9e77a8f42.js+cf3c9fa4989aae43.js+ef513f21c104a344.js+18d92c018bc15140.js+4228bc3b2a6b4c17.js+f1f73b5a91fadaa9.js+3cbc3e3a184c5bb2.js+58326968697a49ba.vendor.js+972cc0e479ab8a8b.js:6:44448)
    at WebSocket.n (https://static.canva.com/web/8106ee633973e981.sentry_browser.js:1:76074) @ https://static.canva.com/web/8106ee633973e981.sentry_browser.js:0
[147117754ms] [INFO] websocket_client: 1788492062076 connecting... @ https://static.canva.com/web/8106ee633973e981.sentry_browser.js:0
[147118539ms] [INFO] websocket_client: connected @ https://static.canva.com/web/8106ee633973e981.sentry_browser.js:0
[147118541ms] [INFO] websocket_client: status CONNECTED @ https://static.canva.com/web/8106ee633973e981.sentry_browser.js:0
[147118694ms] [INFO] websocket_client: request id a359dca09edbdb08 @ https://static.canva.com/web/8106ee633973e981.sentry_browser.js:0
[148198449ms] [INFO] websocket_client: status ERROR, reconnecting in 1921ms Error: RSocketWebSocketClient: Socket closed unexpectedly.
    at WebSocket.<anonymous> (https://chunk-composing.canva.com/chunk-batch/877a88ab8b19a83c.vendor.js+8bb5bbcbd8281f1e.vendor.js+343b767bfbe009e0.vendor.js+0bf4bb2624066750.vendor.js+5b892a8ed94beac9.vendor.js+7f3a370848dc508d.vendor.js+e04e64b695ce4be4.vendor.js+c5edb793fb9cb8df.js+8f84e9b67f01d8d1.js+ac3565f6b86c8cff.js+27aabbef94d856a2.js+d5b18aa207bd7b4c.js+b362c223728a0a35.js+ea388c6023f54604.js+aee0f0cb88cd2a2f.js+963e45d46f6f387a.js+b3928915b75fab3e.js+716453c86228008e.vendor.js+45bf9ada43140582.js+05e2e08e032ef11d.js+97f516fe99df2674.js+8336a2ef7f304079.js+561dd38201169522.js+79cd2d3d1df128cf.js+ac8c2ff9c6c57b04.js+29556ee032fc4409.js+17c1573fd42f6c80.js+879d352c704e129d.js+905dfe214a6ce934.vendor.js+8aa948bbc0553e6d.js+8d65ce13218937a5.js+07e601e9e77a8f42.js+cf3c9fa4989aae43.js+ef513f21c104a344.js+18d92c018bc15140.js+4228bc3b2a6b4c17.js+f1f73b5a91fadaa9.js+3cbc3e3a184c5bb2.js+58326968697a49ba.vendor.js+972cc0e479ab8a8b.js:6:44448)
    at WebSocket.n (https://static.canva.com/web/8106ee633973e981.sentry_browser.js:1:76074) @ https://static.canva.com/web/8106ee633973e981.sentry_browser.js:0
[148200372ms] [INFO] websocket_client: 1788493144693 connecting... @ https://static.canva.com/web/8106ee633973e981.sentry_browser.js:0
[148904021ms] [WARNING] WebSocket connection to 'wss://www.canva.com/_stream' failed: WebSocket is closed before the connection is established. @ https://chunk-composing.canva.com/chunk-batch/877a88ab8b19a83c.vendor.js+8bb5bbcbd8281f1e.vendor.js+343b767bfbe009e0.vendor.js+0bf4bb2624066750.vendor.js+5b892a8ed94beac9.vendor.js+7f3a370848dc508d.vendor.js+e04e64b695ce4be4.vendor.js+c5edb793fb9cb8df.js+8f84e9b67f01d8d1.js+ac3565f6b86c8cff.js+27aabbef94d856a2.js+d5b18aa207bd7b4c.js+b362c223728a0a35.js+ea388c6023f54604.js+aee0f0cb88cd2a2f.js+963e45d46f6f387a.js+b3928915b75fab3e.js+716453c86228008e.vendor.js+45bf9ada43140582.js+05e2e08e032ef11d.js+97f516fe99df2674.js+8336a2ef7f304079.js+561dd38201169522.js+79cd2d3d1df128cf.js+ac8c2ff9c6c57b04.js+29556ee032fc4409.js+17c1573fd42f6c80.js+879d352c704e129d.js+905dfe214a6ce934.vendor.js+8aa948bbc0553e6d.js+8d65ce13218937a5.js+07e601e9e77a8f42.js+cf3c9fa4989aae43.js+ef513f21c104a344.js+18d92c018bc15140.js+4228bc3b2a6b4c17.js+f1f73b5a91fadaa9.js+3cbc3e3a184c5bb2.js+58326968697a49ba.vendor.js+972cc0e479ab8a8b.js:5
[148904022ms] [WARNING] websocket_client: connection failed, retrying in 3000ms Error: Connect Timeout
    at https://chunk-composing.canva.com/chunk-batch/877a88ab8b19a83c.vendor.js+8bb5bbcbd8281f1e.vendor.js+343b767bfbe009e0.vendor.js+0bf4bb2624066750.vendor.js+5b892a8ed94beac9.vendor.js+7f3a370848dc508d.vendor.js+e04e64b695ce4be4.vendor.js+c5edb793fb9cb8df.js+8f84e9b67f01d8d1.js+ac3565f6b86c8cff.js+27aabbef94d856a2.js+d5b18aa207bd7b4c.js+b362c223728a0a35.js+ea388c6023f54604.js+aee0f0cb88cd2a2f.js+963e45d46f6f387a.js+b3928915b75fab3e.js+716453c86228008e.vendor.js+45bf9ada43140582.js+05e2e08e032ef11d.js+97f516fe99df2674.js+8336a2ef7f304079.js+561dd38201169522.js+79cd2d3d1df128cf.js+ac8c2ff9c6c57b04.js+29556ee032fc4409.js+17c1573fd42f6c80.js+879d352c704e129d.js+905dfe214a6ce934.vendor.js+8aa948bbc0553e6d.js+8d65ce13218937a5.js+07e601e9e77a8f42.js+cf3c9fa4989aae43.js+ef513f21c104a344.js+18d92c018bc15140.js+4228bc3b2a6b4c17.js+f1f73b5a91fadaa9.js+3cbc3e3a184c5bb2.js+58326968697a49ba.vendor.js+972cc0e479ab8a8b.js:21:264
    at n (https://static.canva.com/web/8106ee633973e981.sentry_browser.js:1:76074) @ https://static.canva.com/web/8106ee633973e981.sentry_browser.js:0
[148907048ms] [INFO] websocket_client: 1788493851370 connecting... @ https://static.canva.com/web/8106ee633973e981.sentry_browser.js:0
[148907836ms] [INFO] websocket_client: connected @ https://static.canva.com/web/8106ee633973e981.sentry_browser.js:0
[148907839ms] [INFO] websocket_client: status CONNECTED @ https://static.canva.com/web/8106ee633973e981.sentry_browser.js:0
[148907987ms] [INFO] websocket_client: request id a35a084fd82b0efe @ https://static.canva.com/web/8106ee633973e981.sentry_browser.js:0
[149138829ms] [ERROR] Failed to load resource: net::ERR_NETWORK_CHANGED @ https://www.canva.com/_ajax/ae/time:0
[149145302ms] [INFO] websocket_client: status ERROR, reconnecting in 2283ms Error: RSocketWebSocketClient: Socket closed unexpectedly.
    at WebSocket.<anonymous> (https://chunk-composing.canva.com/chunk-batch/877a88ab8b19a83c.vendor.js+8bb5bbcbd8281f1e.vendor.js+343b767bfbe009e0.vendor.js+0bf4bb2624066750.vendor.js+5b892a8ed94beac9.vendor.js+7f3a370848dc508d.vendor.js+e04e64b695ce4be4.vendor.js+c5edb793fb9cb8df.js+8f84e9b67f01d8d1.js+ac3565f6b86c8cff.js+27aabbef94d856a2.js+d5b18aa207bd7b4c.js+b362c223728a0a35.js+ea388c6023f54604.js+aee0f0cb88cd2a2f.js+963e45d46f6f387a.js+b3928915b75fab3e.js+716453c86228008e.vendor.js+45bf9ada43140582.js+05e2e08e032ef11d.js+97f516fe99df2674.js+8336a2ef7f304079.js+561dd38201169522.js+79cd2d3d1df128cf.js+ac8c2ff9c6c57b04.js+29556ee032fc4409.js+17c1573fd42f6c80.js+879d352c704e129d.js+905dfe214a6ce934.vendor.js+8aa948bbc0553e6d.js+8d65ce13218937a5.js+07e601e9e77a8f42.js+cf3c9fa4989aae43.js+ef513f21c104a344.js+18d92c018bc15140.js+4228bc3b2a6b4c17.js+f1f73b5a91fadaa9.js+3cbc3e3a184c5bb2.js+58326968697a49ba.vendor.js+972cc0e479ab8a8b.js:6:44448)
    at WebSocket.n (https://static.canva.com/web/8106ee633973e981.sentry_browser.js:1:76074) @ https://static.canva.com/web/8106ee633973e981.sentry_browser.js:0
[149147583ms] [INFO] websocket_client: 1788494091904 connecting... @ https://static.canva.com/web/8106ee633973e981.sentry_browser.js:0
[149148482ms] [INFO] websocket_client: connected @ https://static.canva.com/web/8106ee633973e981.sentry_browser.js:0
[149148484ms] [INFO] websocket_client: status CONNECTED @ https://static.canva.com/web/8106ee633973e981.sentry_browser.js:0
[149148636ms] [INFO] websocket_client: request id a35a0e2f7c253720 @ https://static.canva.com/web/8106ee633973e981.sentry_browser.js:0
[150217041ms] [ERROR] Failed to load resource: net::ERR_NETWORK_CHANGED @ https://www.canva.com/_online?1788495160754:0
[150769935ms] [ERROR] Failed to load resource: net::ERR_NETWORK_CHANGED @ https://www.canva.com/_ajax/messagingorchestration/alerts/v2?page=A:0
[150771872ms] [INFO] websocket_client: status ERROR, reconnecting in 2400ms Error: RSocketWebSocketClient: Socket closed unexpectedly.
    at WebSocket.<anonymous> (https://chunk-composing.canva.com/chunk-batch/877a88ab8b19a83c.vendor.js+8bb5bbcbd8281f1e.vendor.js+343b767bfbe009e0.vendor.js+0bf4bb2624066750.vendor.js+5b892a8ed94beac9.vendor.js+7f3a370848dc508d.vendor.js+e04e64b695ce4be4.vendor.js+c5edb793fb9cb8df.js+8f84e9b67f01d8d1.js+ac3565f6b86c8cff.js+27aabbef94d856a2.js+d5b18aa207bd7b4c.js+b362c223728a0a35.js+ea388c6023f54604.js+aee0f0cb88cd2a2f.js+963e45d46f6f387a.js+b3928915b75fab3e.js+716453c86228008e.vendor.js+45bf9ada43140582.js+05e2e08e032ef11d.js+97f516fe99df2674.js+8336a2ef7f304079.js+561dd38201169522.js+79cd2d3d1df128cf.js+ac8c2ff9c6c57b04.js+29556ee032fc4409.js+17c1573fd42f6c80.js+879d352c704e129d.js+905dfe214a6ce934.vendor.js+8aa948bbc0553e6d.js+8d65ce13218937a5.js+07e601e9e77a8f42.js+cf3c9fa4989aae43.js+ef513f21c104a344.js+18d92c018bc15140.js+4228bc3b2a6b4c17.js+f1f73b5a91fadaa9.js+3cbc3e3a184c5bb2.js+58326968697a49ba.vendor.js+972cc0e479ab8a8b.js:6:44448)
    at WebSocket.n (https://static.canva.com/web/8106ee633973e981.sentry_browser.js:1:76074) @ https://static.canva.com/web/8106ee633973e981.sentry_browser.js:0
[150774275ms] [INFO] websocket_client: 1788495718596 connecting... @ https://static.canva.com/web/8106ee633973e981.sentry_browser.js:0
[150775094ms] [INFO] websocket_client: connected @ https://static.canva.com/web/8106ee633973e981.sentry_browser.js:0
[150775124ms] [INFO] websocket_client: status CONNECTED @ https://static.canva.com/web/8106ee633973e981.sentry_browser.js:0
[150775274ms] [INFO] websocket_client: request id a35a35e66a2b3835 @ https://static.canva.com/web/8106ee633973e981.sentry_browser.js:0
[150884457ms] [INFO] websocket_client: status ERROR, reconnecting in 1583ms Error: RSocketWebSocketClient: Socket closed unexpectedly.
    at WebSocket.<anonymous> (https://chunk-composing.canva.com/chunk-batch/877a88ab8b19a83c.vendor.js+8bb5bbcbd8281f1e.vendor.js+343b767bfbe009e0.vendor.js+0bf4bb2624066750.vendor.js+5b892a8ed94beac9.vendor.js+7f3a370848dc508d.vendor.js+e04e64b695ce4be4.vendor.js+c5edb793fb9cb8df.js+8f84e9b67f01d8d1.js+ac3565f6b86c8cff.js+27aabbef94d856a2.js+d5b18aa207bd7b4c.js+b362c223728a0a35.js+ea388c6023f54604.js+aee0f0cb88cd2a2f.js+963e45d46f6f387a.js+b3928915b75fab3e.js+716453c86228008e.vendor.js+45bf9ada43140582.js+05e2e08e032ef11d.js+97f516fe99df2674.js+8336a2ef7f304079.js+561dd38201169522.js+79cd2d3d1df128cf.js+ac8c2ff9c6c57b04.js+29556ee032fc4409.js+17c1573fd42f6c80.js+879d352c704e129d.js+905dfe214a6ce934.vendor.js+8aa948bbc0553e6d.js+8d65ce13218937a5.js+07e601e9e77a8f42.js+cf3c9fa4989aae43.js+ef513f21c104a344.js+18d92c018bc15140.js+4228bc3b2a6b4c17.js+f1f73b5a91fadaa9.js+3cbc3e3a184c5bb2.js+58326968697a49ba.vendor.js+972cc0e479ab8a8b.js:6:44448)
    at WebSocket.n (https://static.canva.com/web/8106ee633973e981.sentry_browser.js:1:76074) @ https://static.canva.com/web/8106ee633973e981.sentry_browser.js:0
[150886042ms] [INFO] websocket_client: 1788495830364 connecting... @ https://static.canva.com/web/8106ee633973e981.sentry_browser.js:0
[150886854ms] [INFO] websocket_client: connected @ https://static.canva.com/web/8106ee633973e981.sentry_browser.js:0
[150886856ms] [INFO] websocket_client: status CONNECTED @ https://static.canva.com/web/8106ee633973e981.sentry_browser.js:0
[150887012ms] [INFO] websocket_client: request id a35a38a0c9bb5d67 @ https://static.canva.com/web/8106ee633973e981.sentry_browser.js:0
[151088135ms] [INFO] websocket_client: status ERROR, reconnecting in 1527ms Error: RSocketWebSocketClient: Socket closed unexpectedly.
    at WebSocket.<anonymous> (https://chunk-composing.canva.com/chunk-batch/877a88ab8b19a83c.vendor.js+8bb5bbcbd8281f1e.vendor.js+343b767bfbe009e0.vendor.js+0bf4bb2624066750.vendor.js+5b892a8ed94beac9.vendor.js+7f3a370848dc508d.vendor.js+e04e64b695ce4be4.vendor.js+c5edb793fb9cb8df.js+8f84e9b67f01d8d1.js+ac3565f6b86c8cff.js+27aabbef94d856a2.js+d5b18aa207bd7b4c.js+b362c223728a0a35.js+ea388c6023f54604.js+aee0f0cb88cd2a2f.js+963e45d46f6f387a.js+b3928915b75fab3e.js+716453c86228008e.vendor.js+45bf9ada43140582.js+05e2e08e032ef11d.js+97f516fe99df2674.js+8336a2ef7f304079.js+561dd38201169522.js+79cd2d3d1df128cf.js+ac8c2ff9c6c57b04.js+29556ee032fc4409.js+17c1573fd42f6c80.js+879d352c704e129d.js+905dfe214a6ce934.vendor.js+8aa948bbc0553e6d.js+8d65ce13218937a5.js+07e601e9e77a8f42.js+cf3c9fa4989aae43.js+ef513f21c104a344.js+18d92c018bc15140.js+4228bc3b2a6b4c17.js+f1f73b5a91fadaa9.js+3cbc3e3a184c5bb2.js+58326968697a49ba.vendor.js+972cc0e479ab8a8b.js:6:44448)
    at WebSocket.n (https://static.canva.com/web/8106ee633973e981.sentry_browser.js:1:76074) @ https://static.canva.com/web/8106ee633973e981.sentry_browser.js:0
[151089662ms] [INFO] websocket_client: 1788496033984 connecting... @ https://static.canva.com/web/8106ee633973e981.sentry_browser.js:0
[151090455ms] [INFO] websocket_client: connected @ https://static.canva.com/web/8106ee633973e981.sentry_browser.js:0
[151090457ms] [INFO] websocket_client: status CONNECTED @ https://static.canva.com/web/8106ee633973e981.sentry_browser.js:0
[151090609ms] [INFO] websocket_client: request id a35a3d995b29dcb8 @ https://static.canva.com/web/8106ee633973e981.sentry_browser.js:0
[151462905ms] [INFO] websocket_client: status ERROR, reconnecting in 2212ms Error: RSocketWebSocketClient: Socket closed unexpectedly.
    at WebSocket.<anonymous> (https://chunk-composing.canva.com/chunk-batch/877a88ab8b19a83c.vendor.js+8bb5bbcbd8281f1e.vendor.js+343b767bfbe009e0.vendor.js+0bf4bb2624066750.vendor.js+5b892a8ed94beac9.vendor.js+7f3a370848dc508d.vendor.js+e04e64b695ce4be4.vendor.js+c5edb793fb9cb8df.js+8f84e9b67f01d8d1.js+ac3565f6b86c8cff.js+27aabbef94d856a2.js+d5b18aa207bd7b4c.js+b362c223728a0a35.js+ea388c6023f54604.js+aee0f0cb88cd2a2f.js+963e45d46f6f387a.js+b3928915b75fab3e.js+716453c86228008e.vendor.js+45bf9ada43140582.js+05e2e08e032ef11d.js+97f516fe99df2674.js+8336a2ef7f304079.js+561dd38201169522.js+79cd2d3d1df128cf.js+ac8c2ff9c6c57b04.js+29556ee032fc4409.js+17c1573fd42f6c80.js+879d352c704e129d.js+905dfe214a6ce934.vendor.js+8aa948bbc0553e6d.js+8d65ce13218937a5.js+07e601e9e77a8f42.js+cf3c9fa4989aae43.js+ef513f21c104a344.js+18d92c018bc15140.js+4228bc3b2a6b4c17.js+f1f73b5a91fadaa9.js+3cbc3e3a184c5bb2.js+58326968697a49ba.vendor.js+972cc0e479ab8a8b.js:6:44448)
    at WebSocket.n (https://static.canva.com/web/8106ee633973e981.sentry_browser.js:1:76074) @ https://static.canva.com/web/8106ee633973e981.sentry_browser.js:0
[151465117ms] [INFO] websocket_client: 1788496409438 connecting... @ https://static.canva.com/web/8106ee633973e981.sentry_browser.js:0
[151465903ms] [INFO] websocket_client: connected @ https://static.canva.com/web/8106ee633973e981.sentry_browser.js:0
[151465908ms] [INFO] websocket_client: status CONNECTED @ https://static.canva.com/web/8106ee633973e981.sentry_browser.js:0
[151466062ms] [INFO] websocket_client: request id a35a46c44c89d9d0 @ https://static.canva.com/web/8106ee633973e981.sentry_browser.js:0
[152565024ms] [INFO] websocket_client: status ERROR, reconnecting in 1605ms Error: RSocketWebSocketClient: Socket closed unexpectedly.
    at WebSocket.<anonymous> (https://chunk-composing.canva.com/chunk-batch/877a88ab8b19a83c.vendor.js+8bb5bbcbd8281f1e.vendor.js+343b767bfbe009e0.vendor.js+0bf4bb2624066750.vendor.js+5b892a8ed94beac9.vendor.js+7f3a370848dc508d.vendor.js+e04e64b695ce4be4.vendor.js+c5edb793fb9cb8df.js+8f84e9b67f01d8d1.js+ac3565f6b86c8cff.js+27aabbef94d856a2.js+d5b18aa207bd7b4c.js+b362c223728a0a35.js+ea388c6023f54604.js+aee0f0cb88cd2a2f.js+963e45d46f6f387a.js+b3928915b75fab3e.js+716453c86228008e.vendor.js+45bf9ada43140582.js+05e2e08e032ef11d.js+97f516fe99df2674.js+8336a2ef7f304079.js+561dd38201169522.js+79cd2d3d1df128cf.js+ac8c2ff9c6c57b04.js+29556ee032fc4409.js+17c1573fd42f6c80.js+879d352c704e129d.js+905dfe214a6ce934.vendor.js+8aa948bbc0553e6d.js+8d65ce13218937a5.js+07e601e9e77a8f42.js+cf3c9fa4989aae43.js+ef513f21c104a344.js+18d92c018bc15140.js+4228bc3b2a6b4c17.js+f1f73b5a91fadaa9.js+3cbc3e3a184c5bb2.js+58326968697a49ba.vendor.js+972cc0e479ab8a8b.js:6:44448)
    at WebSocket.n (https://static.canva.com/web/8106ee633973e981.sentry_browser.js:1:76074) @ https://static.canva.com/web/8106ee633973e981.sentry_browser.js:0
[152566630ms] [INFO] websocket_client: 1788497510952 connecting... @ https://static.canva.com/web/8106ee633973e981.sentry_browser.js:0
[153503035ms] [ERROR] Failed to load resource: net::ERR_NETWORK_CHANGED @ https://www.canva.com/_ajax/ae/time:0
[153504006ms] [INFO] websocket_client: connected @ https://static.canva.com/web/8106ee633973e981.sentry_browser.js:0
[153504008ms] [INFO] websocket_client: status CONNECTED @ https://static.canva.com/web/8106ee633973e981.sentry_browser.js:0
[153504159ms] [INFO] websocket_client: request id a35a78862b02d290 @ https://static.canva.com/web/8106ee633973e981.sentry_browser.js:0
[153745803ms] [INFO] websocket_client: status ERROR, reconnecting in 1888ms Error: RSocketWebSocketClient: Socket closed unexpectedly.
    at WebSocket.<anonymous> (https://chunk-composing.canva.com/chunk-batch/877a88ab8b19a83c.vendor.js+8bb5bbcbd8281f1e.vendor.js+343b767bfbe009e0.vendor.js+0bf4bb2624066750.vendor.js+5b892a8ed94beac9.vendor.js+7f3a370848dc508d.vendor.js+e04e64b695ce4be4.vendor.js+c5edb793fb9cb8df.js+8f84e9b67f01d8d1.js+ac3565f6b86c8cff.js+27aabbef94d856a2.js+d5b18aa207bd7b4c.js+b362c223728a0a35.js+ea388c6023f54604.js+aee0f0cb88cd2a2f.js+963e45d46f6f387a.js+b3928915b75fab3e.js+716453c86228008e.vendor.js+45bf9ada43140582.js+05e2e08e032ef11d.js+97f516fe99df2674.js+8336a2ef7f304079.js+561dd38201169522.js+79cd2d3d1df128cf.js+ac8c2ff9c6c57b04.js+29556ee032fc4409.js+17c1573fd42f6c80.js+879d352c704e129d.js+905dfe214a6ce934.vendor.js+8aa948bbc0553e6d.js+8d65ce13218937a5.js+07e601e9e77a8f42.js+cf3c9fa4989aae43.js+ef513f21c104a344.js+18d92c018bc15140.js+4228bc3b2a6b4c17.js+f1f73b5a91fadaa9.js+3cbc3e3a184c5bb2.js+58326968697a49ba.vendor.js+972cc0e479ab8a8b.js:6:44448)
    at WebSocket.n (https://static.canva.com/web/8106ee633973e981.sentry_browser.js:1:76074) @ https://static.canva.com/web/8106ee633973e981.sentry_browser.js:0
[153747693ms] [INFO] websocket_client: 1788498692013 connecting... @ https://static.canva.com/web/8106ee633973e981.sentry_browser.js:0
[153748490ms] [INFO] websocket_client: connected @ https://static.canva.com/web/8106ee633973e981.sentry_browser.js:0
[153748494ms] [INFO] websocket_client: status CONNECTED @ https://static.canva.com/web/8106ee633973e981.sentry_browser.js:0
[153748645ms] [INFO] websocket_client: request id a35a7e7d8e0cdcb6 @ https://static.canva.com/web/8106ee633973e981.sentry_browser.js:0
[154430849ms] [INFO] websocket_client: status ERROR, reconnecting in 2099ms Error: RSocketWebSocketClient: Socket closed unexpectedly.
    at WebSocket.<anonymous> (https://chunk-composing.canva.com/chunk-batch/877a88ab8b19a83c.vendor.js+8bb5bbcbd8281f1e.vendor.js+343b767bfbe009e0.vendor.js+0bf4bb2624066750.vendor.js+5b892a8ed94beac9.vendor.js+7f3a370848dc508d.vendor.js+e04e64b695ce4be4.vendor.js+c5edb793fb9cb8df.js+8f84e9b67f01d8d1.js+ac3565f6b86c8cff.js+27aabbef94d856a2.js+d5b18aa207bd7b4c.js+b362c223728a0a35.js+ea388c6023f54604.js+aee0f0cb88cd2a2f.js+963e45d46f6f387a.js+b3928915b75fab3e.js+716453c86228008e.vendor.js+45bf9ada43140582.js+05e2e08e032ef11d.js+97f516fe99df2674.js+8336a2ef7f304079.js+561dd38201169522.js+79cd2d3d1df128cf.js+ac8c2ff9c6c57b04.js+29556ee032fc4409.js+17c1573fd42f6c80.js+879d352c704e129d.js+905dfe214a6ce934.vendor.js+8aa948bbc0553e6d.js+8d65ce13218937a5.js+07e601e9e77a8f42.js+cf3c9fa4989aae43.js+ef513f21c104a344.js+18d92c018bc15140.js+4228bc3b2a6b4c17.js+f1f73b5a91fadaa9.js+3cbc3e3a184c5bb2.js+58326968697a49ba.vendor.js+972cc0e479ab8a8b.js:6:44448)
    at WebSocket.n (https://static.canva.com/web/8106ee633973e981.sentry_browser.js:1:76074) @ https://static.canva.com/web/8106ee633973e981.sentry_browser.js:0
[154432945ms] [INFO] websocket_client: 1788499377267 connecting... @ https://static.canva.com/web/8106ee633973e981.sentry_browser.js:0
[154433900ms] [INFO] websocket_client: connected @ https://static.canva.com/web/8106ee633973e981.sentry_browser.js:0
[154433904ms] [INFO] websocket_client: status CONNECTED @ https://static.canva.com/web/8106ee633973e981.sentry_browser.js:0
[154434048ms] [INFO] websocket_client: request id a35a8f396b4cdbb5 @ https://static.canva.com/web/8106ee633973e981.sentry_browser.js:0
[155511030ms] [INFO] websocket_client: status ERROR, reconnecting in 1932ms Error: RSocketWebSocketClient: Socket closed unexpectedly.
    at WebSocket.<anonymous> (https://chunk-composing.canva.com/chunk-batch/877a88ab8b19a83c.vendor.js+8bb5bbcbd8281f1e.vendor.js+343b767bfbe009e0.vendor.js+0bf4bb2624066750.vendor.js+5b892a8ed94beac9.vendor.js+7f3a370848dc508d.vendor.js+e04e64b695ce4be4.vendor.js+c5edb793fb9cb8df.js+8f84e9b67f01d8d1.js+ac3565f6b86c8cff.js+27aabbef94d856a2.js+d5b18aa207bd7b4c.js+b362c223728a0a35.js+ea388c6023f54604.js+aee0f0cb88cd2a2f.js+963e45d46f6f387a.js+b3928915b75fab3e.js+716453c86228008e.vendor.js+45bf9ada43140582.js+05e2e08e032ef11d.js+97f516fe99df2674.js+8336a2ef7f304079.js+561dd38201169522.js+79cd2d3d1df128cf.js+ac8c2ff9c6c57b04.js+29556ee032fc4409.js+17c1573fd42f6c80.js+879d352c704e129d.js+905dfe214a6ce934.vendor.js+8aa948bbc0553e6d.js+8d65ce13218937a5.js+07e601e9e77a8f42.js+cf3c9fa4989aae43.js+ef513f21c104a344.js+18d92c018bc15140.js+4228bc3b2a6b4c17.js+f1f73b5a91fadaa9.js+3cbc3e3a184c5bb2.js+58326968697a49ba.vendor.js+972cc0e479ab8a8b.js:6:44448)
    at WebSocket.n (https://static.canva.com/web/8106ee633973e981.sentry_browser.js:1:76074) @ https://static.canva.com/web/8106ee633973e981.sentry_browser.js:0
[155513017ms] [INFO] websocket_client: 1788500457339 connecting... @ https://static.canva.com/web/8106ee633973e981.sentry_browser.js:0
[156013233ms] [INFO] websocket_client: connected @ https://static.canva.com/web/8106ee633973e981.sentry_browser.js:0
[156013238ms] [INFO] websocket_client: status CONNECTED @ https://static.canva.com/web/8106ee633973e981.sentry_browser.js:0
[156013390ms] [INFO] websocket_client: request id a35ab5c75bf065a8 @ https://static.canva.com/web/8106ee633973e981.sentry_browser.js:0
[156991196ms] [ERROR] Failed to load resource: net::ERR_NETWORK_CHANGED @ https://www.canva.com/_ajax/ae/time:0
[157957155ms] [ERROR] Failed to load resource: net::ERR_NETWORK_CHANGED @ https://www.canva.com/_ajax/ae/time:0
[158093825ms] [INFO] websocket_client: status CLOSED, reconnecting in 2098ms undefined @ https://static.canva.com/web/8106ee633973e981.sentry_browser.js:0
[158095925ms] [INFO] websocket_client: 1788503040246 connecting... @ https://static.canva.com/web/8106ee633973e981.sentry_browser.js:0
[158096713ms] [INFO] websocket_client: connected @ https://static.canva.com/web/8106ee633973e981.sentry_browser.js:0
[158096715ms] [INFO] websocket_client: status CONNECTED @ https://static.canva.com/web/8106ee633973e981.sentry_browser.js:0
[158096863ms] [INFO] websocket_client: request id a35ae8a5cef1d2de @ https://static.canva.com/web/8106ee633973e981.sentry_browser.js:0
[158177488ms] [ERROR] Failed to load resource: net::ERR_NETWORK_CHANGED @ https://www.canva.com/_ajax/ae/time:0
[158196098ms] [INFO] websocket_client: status CLOSED, reconnecting in 1333ms undefined @ https://static.canva.com/web/8106ee633973e981.sentry_browser.js:0
[158197431ms] [INFO] websocket_client: 1788503141752 connecting... @ https://static.canva.com/web/8106ee633973e981.sentry_browser.js:0
[158198396ms] [INFO] websocket_client: connected @ https://static.canva.com/web/8106ee633973e981.sentry_browser.js:0
[158198398ms] [INFO] websocket_client: status CONNECTED @ https://static.canva.com/web/8106ee633973e981.sentry_browser.js:0
[158198547ms] [INFO] websocket_client: request id a35aeb211cb8d24a @ https://static.canva.com/web/8106ee633973e981.sentry_browser.js:0
[159134163ms] [ERROR] Failed to load resource: net::ERR_NETWORK_CHANGED @ https://www.canva.com/_ajax/ae/time:0
[160155150ms] [ERROR] Failed to load resource: net::ERR_NETWORK_CHANGED @ https://www.canva.com/_ajax/ae/time:0
[160538680ms] [ERROR] Failed to load resource: net::ERR_NETWORK_CHANGED @ https://www.canva.com/_ajax/ae/time:0
[160546942ms] [INFO] websocket_client: status ERROR, reconnecting in 2094ms Error: RSocketWebSocketClient: Socket closed unexpectedly.
    at WebSocket.<anonymous> (https://chunk-composing.canva.com/chunk-batch/877a88ab8b19a83c.vendor.js+8bb5bbcbd8281f1e.vendor.js+343b767bfbe009e0.vendor.js+0bf4bb2624066750.vendor.js+5b892a8ed94beac9.vendor.js+7f3a370848dc508d.vendor.js+e04e64b695ce4be4.vendor.js+c5edb793fb9cb8df.js+8f84e9b67f01d8d1.js+ac3565f6b86c8cff.js+27aabbef94d856a2.js+d5b18aa207bd7b4c.js+b362c223728a0a35.js+ea388c6023f54604.js+aee0f0cb88cd2a2f.js+963e45d46f6f387a.js+b3928915b75fab3e.js+716453c86228008e.vendor.js+45bf9ada43140582.js+05e2e08e032ef11d.js+97f516fe99df2674.js+8336a2ef7f304079.js+561dd38201169522.js+79cd2d3d1df128cf.js+ac8c2ff9c6c57b04.js+29556ee032fc4409.js+17c1573fd42f6c80.js+879d352c704e129d.js+905dfe214a6ce934.vendor.js+8aa948bbc0553e6d.js+8d65ce13218937a5.js+07e601e9e77a8f42.js+cf3c9fa4989aae43.js+ef513f21c104a344.js+18d92c018bc15140.js+4228bc3b2a6b4c17.js+f1f73b5a91fadaa9.js+3cbc3e3a184c5bb2.js+58326968697a49ba.vendor.js+972cc0e479ab8a8b.js:6:44448)
    at WebSocket.n (https://static.canva.com/web/8106ee633973e981.sentry_browser.js:1:76074) @ https://static.canva.com/web/8106ee633973e981.sentry_browser.js:0
[160549037ms] [INFO] websocket_client: 1788505493358 connecting... @ https://static.canva.com/web/8106ee633973e981.sentry_browser.js:0
[160549846ms] [INFO] websocket_client: connected @ https://static.canva.com/web/8106ee633973e981.sentry_browser.js:0
[160549849ms] [INFO] websocket_client: status CONNECTED @ https://static.canva.com/web/8106ee633973e981.sentry_browser.js:0
[160550002ms] [INFO] websocket_client: request id a35b2489bb9ddc9c @ https://static.canva.com/web/8106ee633973e981.sentry_browser.js:0
[161717952ms] [ERROR] Failed to load resource: net::ERR_NETWORK_CHANGED @ https://www.canva.com/_online?1788506661678:0
[161721112ms] [INFO] websocket_client: status ERROR, reconnecting in 2377ms Error: RSocketWebSocketClient: Socket closed unexpectedly.
    at WebSocket.<anonymous> (https://chunk-composing.canva.com/chunk-batch/877a88ab8b19a83c.vendor.js+8bb5bbcbd8281f1e.vendor.js+343b767bfbe009e0.vendor.js+0bf4bb2624066750.vendor.js+5b892a8ed94beac9.vendor.js+7f3a370848dc508d.vendor.js+e04e64b695ce4be4.vendor.js+c5edb793fb9cb8df.js+8f84e9b67f01d8d1.js+ac3565f6b86c8cff.js+27aabbef94d856a2.js+d5b18aa207bd7b4c.js+b362c223728a0a35.js+ea388c6023f54604.js+aee0f0cb88cd2a2f.js+963e45d46f6f387a.js+b3928915b75fab3e.js+716453c86228008e.vendor.js+45bf9ada43140582.js+05e2e08e032ef11d.js+97f516fe99df2674.js+8336a2ef7f304079.js+561dd38201169522.js+79cd2d3d1df128cf.js+ac8c2ff9c6c57b04.js+29556ee032fc4409.js+17c1573fd42f6c80.js+879d352c704e129d.js+905dfe214a6ce934.vendor.js+8aa948bbc0553e6d.js+8d65ce13218937a5.js+07e601e9e77a8f42.js+cf3c9fa4989aae43.js+ef513f21c104a344.js+18d92c018bc15140.js+4228bc3b2a6b4c17.js+f1f73b5a91fadaa9.js+3cbc3e3a184c5bb2.js+58326968697a49ba.vendor.js+972cc0e479ab8a8b.js:6:44448)
    at WebSocket.n (https://static.canva.com/web/8106ee633973e981.sentry_browser.js:1:76074) @ https://static.canva.com/web/8106ee633973e981.sentry_browser.js:0
[161723484ms] [INFO] websocket_client: 1788506667806 connecting... @ https://static.canva.com/web/8106ee633973e981.sentry_browser.js:0
[161724290ms] [INFO] websocket_client: connected @ https://static.canva.com/web/8106ee633973e981.sentry_browser.js:0
[161724294ms] [INFO] websocket_client: status CONNECTED @ https://static.canva.com/web/8106ee633973e981.sentry_browser.js:0
[161724442ms] [INFO] websocket_client: request id a35b4135eeb73412 @ https://static.canva.com/web/8106ee633973e981.sentry_browser.js:0
[161968684ms] [INFO] websocket_client: status ERROR, reconnecting in 1881ms Error: RSocketWebSocketClient: Socket closed unexpectedly.
    at WebSocket.<anonymous> (https://chunk-composing.canva.com/chunk-batch/877a88ab8b19a83c.vendor.js+8bb5bbcbd8281f1e.vendor.js+343b767bfbe009e0.vendor.js+0bf4bb2624066750.vendor.js+5b892a8ed94beac9.vendor.js+7f3a370848dc508d.vendor.js+e04e64b695ce4be4.vendor.js+c5edb793fb9cb8df.js+8f84e9b67f01d8d1.js+ac3565f6b86c8cff.js+27aabbef94d856a2.js+d5b18aa207bd7b4c.js+b362c223728a0a35.js+ea388c6023f54604.js+aee0f0cb88cd2a2f.js+963e45d46f6f387a.js+b3928915b75fab3e.js+716453c86228008e.vendor.js+45bf9ada43140582.js+05e2e08e032ef11d.js+97f516fe99df2674.js+8336a2ef7f304079.js+561dd38201169522.js+79cd2d3d1df128cf.js+ac8c2ff9c6c57b04.js+29556ee032fc4409.js+17c1573fd42f6c80.js+879d352c704e129d.js+905dfe214a6ce934.vendor.js+8aa948bbc0553e6d.js+8d65ce13218937a5.js+07e601e9e77a8f42.js+cf3c9fa4989aae43.js+ef513f21c104a344.js+18d92c018bc15140.js+4228bc3b2a6b4c17.js+f1f73b5a91fadaa9.js+3cbc3e3a184c5bb2.js+58326968697a49ba.vendor.js+972cc0e479ab8a8b.js:6:44448)
    at WebSocket.n (https://static.canva.com/web/8106ee633973e981.sentry_browser.js:1:76074) @ https://static.canva.com/web/8106ee633973e981.sentry_browser.js:0
[161970565ms] [INFO] websocket_client: 1788506914886 connecting... @ https://static.canva.com/web/8106ee633973e981.sentry_browser.js:0
[161971407ms] [INFO] websocket_client: connected @ https://static.canva.com/web/8106ee633973e981.sentry_browser.js:0
[161971411ms] [INFO] websocket_client: status CONNECTED @ https://static.canva.com/web/8106ee633973e981.sentry_browser.js:0
[161971584ms] [INFO] websocket_client: request id a35b473e3e827fa0 @ https://static.canva.com/web/8106ee633973e981.sentry_browser.js:0
