[    2517ms] [INFO] %cDownload the React DevTools for a better development experience: https://reactjs.org/link/react-devtools font-weight:bold @ webpack-internal:///(app-pages-browser)/../../../node_modules/next/dist/compiled/react-dom/cjs/react-dom.development.js:38559
[    3329ms] [INFO] [firebase] App Check bypass: hostname="localhost" treated as local development. initializeAppCheck() will NOT be invoked — this prevents reCAPTCHA Enterprise 403s from crashing the Firestore snapshot listener. Set NEXT_PUBLIC_APP_CHECK_DEBUG_TOKEN to a token registered in the Firebase console (App Check → Apps → Manage debug tokens) if you need a real App Check handshake. @ webpack-internal:///(app-pages-browser)/./src/lib/firebase.ts:125
[    3358ms] [WARNING] [bunny] NEXT_PUBLIC_BUNNY_CDN_HOSTNAME is not set — falling back to hardcoded hostname. Set this variable in your Vercel project environment settings to silence this warning. @ webpack-internal:///(app-pages-browser)/./src/lib/bunny/bunny.config.ts:38
[    4039ms] [LOG] [ActivityStore] Streak updated from Firestore: 1 @ webpack-internal:///(app-pages-browser)/./src/features/activity/store/useActivityStore.ts:899
[    4290ms] [LOG] [buildIdToSlugMap] Built 14 entries: [EtY8YCol…→human_flag, J0fLpmJh…→push, H2279XsR…→full_body, kDMpobbK…→core, UPDBtTdC…→pull, cC0BOmm6…→one_arm_pullup, fTLWzjP9…→muscle_up, IOfBZFeo…→handstand, pCI5NHXp…→planche, 47smw26h…→upper_body, OrAmOH3F…→legs, mFcuYlNg…→front_lever, JCac76p4…→calisthenics_upper, PAxprHuT…→handstand_pushup] @ webpack-internal:///(app-pages-browser)/./src/features/workout-engine/services/program-hierarchy.utils.ts:121
[    4291ms] [LOG] [HomeContext] Domain 'legs' resolved to L1 (Source: Domains) @ webpack-internal:///(app-pages-browser)/./src/features/workout-engine/services/level-resolution.utils.ts:117
[    4291ms] [LOG] [HomeContext] Domain 'planche' resolved to L10 (Source: Tracks) @ webpack-internal:///(app-pages-browser)/./src/features/workout-engine/services/level-resolution.utils.ts:117
[    4291ms] [LOG] [HomeContext] Domain 'push' resolved to L12 (Source: Tracks) @ webpack-internal:///(app-pages-browser)/./src/features/workout-engine/services/level-resolution.utils.ts:117
[    4291ms] [LOG] [HomeContext] Domain 'front_lever' resolved to L13 (Source: Tracks) @ webpack-internal:///(app-pages-browser)/./src/features/workout-engine/services/level-resolution.utils.ts:117
[    4291ms] [LOG] [HomeContext] Domain 'pull' resolved to L22 (Source: Tracks) @ webpack-internal:///(app-pages-browser)/./src/features/workout-engine/services/level-resolution.utils.ts:117
[    4291ms] [LOG] [HomeContext] Domain 'core' resolved to L1 (Source: Domains) @ webpack-internal:///(app-pages-browser)/./src/features/workout-engine/services/level-resolution.utils.ts:117
[    4291ms] [LOG] [HomeContext] Domain 'calisthenics_upper' resolved to L13 (Source: Tracks) @ webpack-internal:///(app-pages-browser)/./src/features/workout-engine/services/level-resolution.utils.ts:117
[    4291ms] [LOG] [HomeContext] Domain 'upper_body' resolved to L21 (Source: Tracks) @ webpack-internal:///(app-pages-browser)/./src/features/workout-engine/services/level-resolution.utils.ts:117
[    4291ms] [LOG] [HomeContext] Domain '47smw26hUyG5ZbE1bhr3' resolved to L21 (Source: Tracks) @ webpack-internal:///(app-pages-browser)/./src/features/workout-engine/services/level-resolution.utils.ts:117
[    4291ms] [LOG] [HomeContext] Domain 'full_body' resolved to L15 (Source: Tracks) @ webpack-internal:///(app-pages-browser)/./src/features/workout-engine/services/level-resolution.utils.ts:117
[    4291ms] [LOG] [HomeContext] Domain 'H2279XsRGDg9G370J7S9' resolved to L15 (Source: Tracks) @ webpack-internal:///(app-pages-browser)/./src/features/workout-engine/services/level-resolution.utils.ts:117
[    4291ms] [LOG] [HomeContext] Domain 'fTLWzjP9gH2VNpamyCZF' → slug 'muscle_up' dual-keyed at L21 (Source: Tracks) @ webpack-internal:///(app-pages-browser)/./src/features/workout-engine/services/level-resolution.utils.ts:115
[    4291ms] [LOG] [HomeContext] Domain 'muscle_up' resolved to L21 (Source: Tracks) @ webpack-internal:///(app-pages-browser)/./src/features/workout-engine/services/level-resolution.utils.ts:117
[    4291ms] [LOG] [HomeContext] Domain 'human_flag' — no assessed level, left ABSENT (no invention) @ webpack-internal:///(app-pages-browser)/./src/features/workout-engine/services/level-resolution.utils.ts:104
[    4291ms] [LOG] [HomeContext] Domain 'one_arm_pullup' — no assessed level, left ABSENT (no invention) @ webpack-internal:///(app-pages-browser)/./src/features/workout-engine/services/level-resolution.utils.ts:104
[    4291ms] [LOG] [HomeContext] Domain 'handstand_pushup' — no assessed level, left ABSENT (no invention) @ webpack-internal:///(app-pages-browser)/./src/features/workout-engine/services/level-resolution.utils.ts:104
[    4291ms] [LOG] [HomeContext] Domain 'handstand' — no assessed level, left ABSENT (no invention) @ webpack-internal:///(app-pages-browser)/./src/features/workout-engine/services/level-resolution.utils.ts:104
[    4291ms] [LOG] [HomeContext] Domain 'legs' is L1 (max across tracks: L22) @ webpack-internal:///(app-pages-browser)/./src/features/workout-engine/services/level-resolution.utils.ts:185
[    4291ms] [LOG] [HomeContext] Domain 'core' is L1 (max across tracks: L22) @ webpack-internal:///(app-pages-browser)/./src/features/workout-engine/services/level-resolution.utils.ts:185
[    4292ms] [LOG] [home] scoreBreakdown "full-strength" (score=30): {goalMatch: 30, gapFilling: 0, stepDeficit: 0, preferenceMatch: 0, recoveryMatch: 0} @ webpack-internal:///(app-pages-browser)/./src/app/home/page.tsx:1343
[    4294ms] [LOG] [HomeWorkout] 🏞️ No location specified → "park" (PARK FORCE active) @ webpack-internal:///(app-pages-browser)/./src/features/workout-engine/services/home-workout.service.ts:1223
[    4294ms] [LOG] [HomeWorkout] scheduledProgramIds normalised: [] → [full_body] @ webpack-internal:///(app-pages-browser)/./src/features/workout-engine/services/home-workout.service.ts:1236
[    4294ms] [LOG] [home] scoreBreakdown "safety-net" (score=0): {goalMatch: 0, gapFilling: 0, stepDeficit: 0, preferenceMatch: 0, recoveryMatch: 0} @ webpack-internal:///(app-pages-browser)/./src/app/home/page.tsx:1343
[    4295ms] [LOG] [ActivityStore] No Firestore data, created new day @ webpack-internal:///(app-pages-browser)/./src/features/activity/store/useActivityStore.ts:672
[    4295ms] [LOG] [ActivityStore] No Firestore data, created new day @ webpack-internal:///(app-pages-browser)/./src/features/activity/store/useActivityStore.ts:672
[    4295ms] [LOG] [ActivityStore] No Firestore data, created new day @ webpack-internal:///(app-pages-browser)/./src/features/activity/store/useActivityStore.ts:672
[    4423ms] [LOG] [ActivityStore] Streak broken - missed days @ webpack-internal:///(app-pages-browser)/./src/features/activity/store/useActivityStore.ts:692
[    4423ms] [LOG] [ActivityStore] Streak broken - missed days @ webpack-internal:///(app-pages-browser)/./src/features/activity/store/useActivityStore.ts:692
[    4423ms] [LOG] [ActivityStore] Streak broken - missed days @ webpack-internal:///(app-pages-browser)/./src/features/activity/store/useActivityStore.ts:692
[    4717ms] [LOG] [buildIdToSlugMap] Built 14 entries: [EtY8YCol…→human_flag, J0fLpmJh…→push, H2279XsR…→full_body, kDMpobbK…→core, UPDBtTdC…→pull, cC0BOmm6…→one_arm_pullup, fTLWzjP9…→muscle_up, IOfBZFeo…→handstand, pCI5NHXp…→planche, 47smw26h…→upper_body, OrAmOH3F…→legs, mFcuYlNg…→front_lever, JCac76p4…→calisthenics_upper, PAxprHuT…→handstand_pushup] @ webpack-internal:///(app-pages-browser)/./src/features/workout-engine/services/program-hierarchy.utils.ts:121
[    4717ms] [LOG] [HomeWorkout:Trio] Domain 'legs' resolved to L1 (Source: Domains) @ webpack-internal:///(app-pages-browser)/./src/features/workout-engine/services/level-resolution.utils.ts:117
[    4717ms] [LOG] [HomeWorkout:Trio] Domain 'planche' resolved to L10 (Source: Tracks) @ webpack-internal:///(app-pages-browser)/./src/features/workout-engine/services/level-resolution.utils.ts:117
[    4717ms] [LOG] [HomeWorkout:Trio] Domain 'push' resolved to L12 (Source: Tracks) @ webpack-internal:///(app-pages-browser)/./src/features/workout-engine/services/level-resolution.utils.ts:117
[    4717ms] [LOG] [HomeWorkout:Trio] Domain 'front_lever' resolved to L13 (Source: Tracks) @ webpack-internal:///(app-pages-browser)/./src/features/workout-engine/services/level-resolution.utils.ts:117
[    4717ms] [LOG] [HomeWorkout:Trio] Domain 'pull' resolved to L22 (Source: Tracks) @ webpack-internal:///(app-pages-browser)/./src/features/workout-engine/services/level-resolution.utils.ts:117
[    4717ms] [LOG] [HomeWorkout:Trio] Domain 'core' resolved to L1 (Source: Domains) @ webpack-internal:///(app-pages-browser)/./src/features/workout-engine/services/level-resolution.utils.ts:117
[    4717ms] [LOG] [HomeWorkout:Trio] Domain 'calisthenics_upper' resolved to L13 (Source: Tracks) @ webpack-internal:///(app-pages-browser)/./src/features/workout-engine/services/level-resolution.utils.ts:117
[    4717ms] [LOG] [HomeWorkout:Trio] Domain 'upper_body' resolved to L21 (Source: Tracks) @ webpack-internal:///(app-pages-browser)/./src/features/workout-engine/services/level-resolution.utils.ts:117
[    4717ms] [LOG] [HomeWorkout:Trio] Skipping master program "47smw26hUyG5ZbE1bhr3" (display-only) @ webpack-internal:///(app-pages-browser)/./src/features/workout-engine/services/level-resolution.utils.ts:96
[    4717ms] [LOG] [HomeWorkout:Trio] Domain 'full_body' resolved to L15 (Source: Tracks) @ webpack-internal:///(app-pages-browser)/./src/features/workout-engine/services/level-resolution.utils.ts:117
[    4717ms] [LOG] [HomeWorkout:Trio] Skipping master program "H2279XsRGDg9G370J7S9" (display-only) @ webpack-internal:///(app-pages-browser)/./src/features/workout-engine/services/level-resolution.utils.ts:96
[    4717ms] [LOG] [HomeWorkout:Trio] Skipping master program "fTLWzjP9gH2VNpamyCZF" (display-only) @ webpack-internal:///(app-pages-browser)/./src/features/workout-engine/services/level-resolution.utils.ts:96
[    4717ms] [LOG] [HomeWorkout:Trio] Domain 'muscle_up' resolved to L21 (Source: Tracks) @ webpack-internal:///(app-pages-browser)/./src/features/workout-engine/services/level-resolution.utils.ts:117
[    4717ms] [LOG] [HomeWorkout:Trio] Domain 'human_flag' — no assessed level, left ABSENT (no invention) @ webpack-internal:///(app-pages-browser)/./src/features/workout-engine/services/level-resolution.utils.ts:104
[    4717ms] [LOG] [HomeWorkout:Trio] Domain 'one_arm_pullup' — no assessed level, left ABSENT (no invention) @ webpack-internal:///(app-pages-browser)/./src/features/workout-engine/services/level-resolution.utils.ts:104
[    4717ms] [LOG] [HomeWorkout:Trio] Domain 'handstand_pushup' — no assessed level, left ABSENT (no invention) @ webpack-internal:///(app-pages-browser)/./src/features/workout-engine/services/level-resolution.utils.ts:104
[    4717ms] [LOG] [HomeWorkout:Trio] Domain 'handstand' — no assessed level, left ABSENT (no invention) @ webpack-internal:///(app-pages-browser)/./src/features/workout-engine/services/level-resolution.utils.ts:104
[    4717ms] [LOG] [HomeWorkout:Trio] Domain 'legs' is L1 (max across tracks: L22) @ webpack-internal:///(app-pages-browser)/./src/features/workout-engine/services/level-resolution.utils.ts:185
[    4717ms] [LOG] [HomeWorkout:Trio] Domain 'core' is L1 (max across tracks: L22) @ webpack-internal:///(app-pages-browser)/./src/features/workout-engine/services/level-resolution.utils.ts:185
[    4717ms] [LOG] [HomeWorkout:Trio] [MasterDerive] "H2279XsRGDg9G370J7S9" → L12 (avg of [12,22,1] = 12, cap=15) @ webpack-internal:///(app-pages-browser)/./src/features/workout-engine/services/level-resolution.utils.ts:202
[    4717ms] [LOG] [HomeWorkout:Trio] [MasterDerive] "fTLWzjP9gH2VNpamyCZF" → L12 (avg of [12,22,1] = 12, cap=15) @ webpack-internal:///(app-pages-browser)/./src/features/workout-engine/services/level-resolution.utils.ts:202
[    4717ms] [LOG] [HomeWorkout:Trio] [MasterDerive] "47smw26hUyG5ZbE1bhr3" → L12 (avg of [12,22,1] = 12, cap=15) @ webpack-internal:///(app-pages-browser)/./src/features/workout-engine/services/level-resolution.utils.ts:202
[    4717ms] [LOG] [HomeWorkout:Trio] [MasterDerive] "JCac76p48XGZ5MVahLI2" → L12 (avg of [12,22,1] = 12, cap=15) @ webpack-internal:///(app-pages-browser)/./src/features/workout-engine/services/level-resolution.utils.ts:202
[    4718ms] [LOG] [HomeWorkout] Empty equipment profile for location "park" — defaulting to bodyweight @ webpack-internal:///(app-pages-browser)/./src/features/workout-engine/services/user-profile.utils.ts:148
[    4718ms] [WARNING] [InputSanitizer] ⚠️ No park inventory resolved — ESSENTIAL_PARK_GEAR fallback active @ webpack-internal:///(app-pages-browser)/./src/features/workout-engine/core/middleware/InputSanitizerMiddleware.ts:110
[    4718ms] [LOG] [buildIdToSlugMap] Built 14 entries: [EtY8YCol…→human_flag, J0fLpmJh…→push, H2279XsR…→full_body, kDMpobbK…→core, UPDBtTdC…→pull, cC0BOmm6…→one_arm_pullup, fTLWzjP9…→muscle_up, IOfBZFeo…→handstand, pCI5NHXp…→planche, 47smw26h…→upper_body, OrAmOH3F…→legs, mFcuYlNg…→front_lever, JCac76p4…→calisthenics_upper, PAxprHuT…→handstand_pushup] @ webpack-internal:///(app-pages-browser)/./src/features/workout-engine/services/program-hierarchy.utils.ts:121
[    4718ms] [LOG] [buildIdToSlugMap] Built 14 entries: [EtY8YCol…→human_flag, J0fLpmJh…→push, H2279XsR…→full_body, kDMpobbK…→core, UPDBtTdC…→pull, cC0BOmm6…→one_arm_pullup, fTLWzjP9…→muscle_up, IOfBZFeo…→handstand, pCI5NHXp…→planche, 47smw26h…→upper_body, OrAmOH3F…→legs, mFcuYlNg…→front_lever, JCac76p4…→calisthenics_upper, PAxprHuT…→handstand_pushup] @ webpack-internal:///(app-pages-browser)/./src/features/workout-engine/services/program-hierarchy.utils.ts:121
[    4718ms] [LOG] [buildIdToSlugMap] Built 14 entries: [EtY8YCol…→human_flag, J0fLpmJh…→push, H2279XsR…→full_body, kDMpobbK…→core, UPDBtTdC…→pull, cC0BOmm6…→one_arm_pullup, fTLWzjP9…→muscle_up, IOfBZFeo…→handstand, pCI5NHXp…→planche, 47smw26h…→upper_body, OrAmOH3F…→legs, mFcuYlNg…→front_lever, JCac76p4…→calisthenics_upper, PAxprHuT…→handstand_pushup] @ webpack-internal:///(app-pages-browser)/./src/features/workout-engine/services/program-hierarchy.utils.ts:121
[    4718ms] [LOG] [buildIdToSlugMap] Built 14 entries: [EtY8YCol…→human_flag, J0fLpmJh…→push, H2279XsR…→full_body, kDMpobbK…→core, UPDBtTdC…→pull, cC0BOmm6…→one_arm_pullup, fTLWzjP9…→muscle_up, IOfBZFeo…→handstand, pCI5NHXp…→planche, 47smw26h…→upper_body, OrAmOH3F…→legs, mFcuYlNg…→front_lever, JCac76p4…→calisthenics_upper, PAxprHuT…→handstand_pushup] @ webpack-internal:///(app-pages-browser)/./src/features/workout-engine/services/program-hierarchy.utils.ts:121
[    4718ms] [LOG] [buildIdToSlugMap] Built 14 entries: [EtY8YCol…→human_flag, J0fLpmJh…→push, H2279XsR…→full_body, kDMpobbK…→core, UPDBtTdC…→pull, cC0BOmm6…→one_arm_pullup, fTLWzjP9…→muscle_up, IOfBZFeo…→handstand, pCI5NHXp…→planche, 47smw26h…→upper_body, OrAmOH3F…→legs, mFcuYlNg…→front_lever, JCac76p4…→calisthenics_upper, PAxprHuT…→handstand_pushup] @ webpack-internal:///(app-pages-browser)/./src/features/workout-engine/services/program-hierarchy.utils.ts:121
[    4718ms] [LOG] [DomainBudget] activeProgramId="full_body" slug="full_body" resolvedChildDomains=[push, pull, legs, core] isFullBodyMaster=true isCalisthenicsUpperMaster=false isUpperBodyMaster=false @ webpack-internal:///(app-pages-browser)/./src/features/workout-engine/services/home-workout.service.ts:1387
[    4718ms] [LOG] [LeadProgram] push: resolved L12 via pattern(push) @ webpack-internal:///(app-pages-browser)/./src/features/workout-engine/services/lead-program.service.ts:264
[    4719ms] [LOG] [ActivityStore] Loaded from Firestore - Streak: 0 @ webpack-internal:///(app-pages-browser)/./src/features/activity/store/useActivityStore.ts:805
[    4724ms] [LOG] [ActivityStore] Loaded from Firestore - Streak: 0 @ webpack-internal:///(app-pages-browser)/./src/features/activity/store/useActivityStore.ts:805
[    4727ms] [LOG] [ActivityStore] Loaded from Firestore - Streak: 0 @ webpack-internal:///(app-pages-browser)/./src/features/activity/store/useActivityStore.ts:805
[    4942ms] [LOG] [WorkoutTrio] No app_config/workout_trio doc → using pre-seeded Hebrew labels @ webpack-internal:///(app-pages-browser)/./src/features/workout-engine/services/trio-labels.service.ts:53
[    4943ms] [LOG] [WorkoutTrio] Rest-day fast path: 3 options from pool of 7 (targeted query, full pipeline skipped) @ webpack-internal:///(app-pages-browser)/./src/features/workout-engine/services/home-workout.service.ts:448
[    4943ms] [LOG] [home] scoreBreakdown "recovery-follow-up" (score=0): {goalMatch: 0, gapFilling: 0, stepDeficit: 0, preferenceMatch: 0, recoveryMatch: 0} @ webpack-internal:///(app-pages-browser)/./src/app/home/page.tsx:1343
[    4943ms] [LOG] [LeadProgram] pull: resolved L22 via pattern(pull) @ webpack-internal:///(app-pages-browser)/./src/features/workout-engine/services/lead-program.service.ts:264
[    5116ms] [LOG] [LeadProgram] legs: resolved L1 via pattern(legs) @ webpack-internal:///(app-pages-browser)/./src/features/workout-engine/services/lead-program.service.ts:264
[    5255ms] [LOG] [HomeContext] Domain 'legs' resolved to L1 (Source: Domains) @ webpack-internal:///(app-pages-browser)/./src/features/workout-engine/services/level-resolution.utils.ts:117
[    5255ms] [LOG] [HomeContext] Domain 'planche' resolved to L10 (Source: Tracks) @ webpack-internal:///(app-pages-browser)/./src/features/workout-engine/services/level-resolution.utils.ts:117
[    5256ms] [LOG] [HomeContext] Domain 'push' resolved to L12 (Source: Tracks) @ webpack-internal:///(app-pages-browser)/./src/features/workout-engine/services/level-resolution.utils.ts:117
[    5256ms] [LOG] [HomeContext] Domain 'front_lever' resolved to L13 (Source: Tracks) @ webpack-internal:///(app-pages-browser)/./src/features/workout-engine/services/level-resolution.utils.ts:117
[    5256ms] [LOG] [HomeContext] Domain 'pull' resolved to L22 (Source: Tracks) @ webpack-internal:///(app-pages-browser)/./src/features/workout-engine/services/level-resolution.utils.ts:117
[    5256ms] [LOG] [HomeContext] Domain 'core' resolved to L1 (Source: Domains) @ webpack-internal:///(app-pages-browser)/./src/features/workout-engine/services/level-resolution.utils.ts:117
[    5256ms] [LOG] [HomeContext] Domain 'calisthenics_upper' resolved to L13 (Source: Tracks) @ webpack-internal:///(app-pages-browser)/./src/features/workout-engine/services/level-resolution.utils.ts:117
[    5256ms] [LOG] [HomeContext] Domain 'upper_body' resolved to L21 (Source: Tracks) @ webpack-internal:///(app-pages-browser)/./src/features/workout-engine/services/level-resolution.utils.ts:117
[    5256ms] [LOG] [HomeContext] Domain '47smw26hUyG5ZbE1bhr3' resolved to L21 (Source: Tracks) @ webpack-internal:///(app-pages-browser)/./src/features/workout-engine/services/level-resolution.utils.ts:117
[    5256ms] [LOG] [HomeContext] Domain 'full_body' resolved to L15 (Source: Tracks) @ webpack-internal:///(app-pages-browser)/./src/features/workout-engine/services/level-resolution.utils.ts:117
[    5256ms] [LOG] [HomeContext] Domain 'H2279XsRGDg9G370J7S9' resolved to L15 (Source: Tracks) @ webpack-internal:///(app-pages-browser)/./src/features/workout-engine/services/level-resolution.utils.ts:117
[    5256ms] [LOG] [HomeContext] Domain 'fTLWzjP9gH2VNpamyCZF' → slug 'muscle_up' dual-keyed at L21 (Source: Tracks) @ webpack-internal:///(app-pages-browser)/./src/features/workout-engine/services/level-resolution.utils.ts:115
[    5256ms] [LOG] [HomeContext] Domain 'muscle_up' resolved to L21 (Source: Tracks) @ webpack-internal:///(app-pages-browser)/./src/features/workout-engine/services/level-resolution.utils.ts:117
[    5256ms] [LOG] [HomeContext] Domain 'human_flag' — no assessed level, left ABSENT (no invention) @ webpack-internal:///(app-pages-browser)/./src/features/workout-engine/services/level-resolution.utils.ts:104
[    5256ms] [LOG] [HomeContext] Domain 'one_arm_pullup' — no assessed level, left ABSENT (no invention) @ webpack-internal:///(app-pages-browser)/./src/features/workout-engine/services/level-resolution.utils.ts:104
[    5256ms] [LOG] [HomeContext] Domain 'handstand_pushup' — no assessed level, left ABSENT (no invention) @ webpack-internal:///(app-pages-browser)/./src/features/workout-engine/services/level-resolution.utils.ts:104
[    5256ms] [LOG] [HomeContext] Domain 'handstand' — no assessed level, left ABSENT (no invention) @ webpack-internal:///(app-pages-browser)/./src/features/workout-engine/services/level-resolution.utils.ts:104
[    5256ms] [LOG] [HomeContext] Domain 'legs' is L1 (max across tracks: L22) @ webpack-internal:///(app-pages-browser)/./src/features/workout-engine/services/level-resolution.utils.ts:185
[    5256ms] [LOG] [HomeContext] Domain 'core' is L1 (max across tracks: L22) @ webpack-internal:///(app-pages-browser)/./src/features/workout-engine/services/level-resolution.utils.ts:185
[    5352ms] [LOG] [LeadProgram] core: resolved L1 via pattern(core) @ webpack-internal:///(app-pages-browser)/./src/features/workout-engine/services/lead-program.service.ts:264
[    5488ms] [LOG] [ActivityStore] No Firestore data, created new day @ webpack-internal:///(app-pages-browser)/./src/features/activity/store/useActivityStore.ts:672
[    5488ms] [LOG] [ActivityStore] No Firestore data, created new day @ webpack-internal:///(app-pages-browser)/./src/features/activity/store/useActivityStore.ts:672
[    5488ms] [LOG] [ActivityStore] No Firestore data, created new day @ webpack-internal:///(app-pages-browser)/./src/features/activity/store/useActivityStore.ts:672
[    5488ms] [LOG] [ActivityStore] Streak broken - missed days @ webpack-internal:///(app-pages-browser)/./src/features/activity/store/useActivityStore.ts:692
[    5488ms] [LOG] [ActivityStore] Streak broken - missed days @ webpack-internal:///(app-pages-browser)/./src/features/activity/store/useActivityStore.ts:692
[    5488ms] [LOG] [ActivityStore] Streak broken - missed days @ webpack-internal:///(app-pages-browser)/./src/features/activity/store/useActivityStore.ts:692
[    5538ms] [LOG] [DomainBudget] resolvedDomainBudgets set: [push=L12, pull=L22, legs=L1, core=L1] @ webpack-internal:///(app-pages-browser)/./src/features/workout-engine/services/home-workout.service.ts:1395
[    5539ms] [LOG] activeProgramId: full_body @ webpack-internal:///(app-pages-browser)/./src/features/workout-engine/services/split-decision/SplitDecisionService.ts:407
[    5539ms] [LOG] progression.tracks: {legs: Object, planche: Object, push: Object, front_lever: Object, pull: Object} @ webpack-internal:///(app-pages-browser)/./src/features/workout-engine/services/split-decision/SplitDecisionService.ts:409
[    5539ms] [LOG] progression.domains: {human_flag: Object, one_arm_pullup: Object, handstand_pushup: Object, handstand: Object, front_lever: Object} @ webpack-internal:///(app-pages-browser)/./src/features/workout-engine/services/split-decision/SplitDecisionService.ts:411
[    5539ms] [LOG] progression.activePrograms: [Object] @ webpack-internal:///(app-pages-browser)/./src/features/workout-engine/services/split-decision/SplitDecisionService.ts:413
[    5539ms] [LOG] progression.skillFocusIds: [front_lever, planche] @ webpack-internal:///(app-pages-browser)/./src/features/workout-engine/services/split-decision/SplitDecisionService.ts:415
[    5539ms] [LOG] progression.masterProgramSubLevels: (none) @ webpack-internal:///(app-pages-browser)/./src/features/workout-engine/services/split-decision/SplitDecisionService.ts:417
[    5539ms] [LOG] Derived userLevel (base): 22 @ webpack-internal:///(app-pages-browser)/./src/features/workout-engine/services/split-decision/SplitDecisionService.ts:418
[    5539ms] [LOG] scheduleDays count: 3 @ webpack-internal:///(app-pages-browser)/./src/features/workout-engine/services/split-decision/SplitDecisionService.ts:419
[    5539ms] [LOG] Source: Admin Panel (ProgramLevelSettings) per domain @ webpack-internal:///(app-pages-browser)/./src/features/workout-engine/services/split-decision/SplitDecisionService.ts:444
[    5539ms] [LOG] Schedule Days: 3 @ webpack-internal:///(app-pages-browser)/./src/features/workout-engine/services/split-decision/SplitDecisionService.ts:445
[    5539ms] [LOG]   push (L12): 17/3=6 @ webpack-internal:///(app-pages-browser)/./src/features/workout-engine/services/split-decision/SplitDecisionService.ts:447
[    5539ms] [LOG]   pull (L22): 23/3=8 @ webpack-internal:///(app-pages-browser)/./src/features/workout-engine/services/split-decision/SplitDecisionService.ts:447
[    5539ms] [LOG]   legs (L1): 10/3=4 @ webpack-internal:///(app-pages-browser)/./src/features/workout-engine/services/split-decision/SplitDecisionService.ts:447
[    5539ms] [LOG]   core (L1): 8/3=3 @ webpack-internal:///(app-pages-browser)/./src/features/workout-engine/services/split-decision/SplitDecisionService.ts:447
[    5539ms] [LOG] Total Daily Budget = 21 sets @ webpack-internal:///(app-pages-browser)/./src/features/workout-engine/services/split-decision/SplitDecisionService.ts:449
[    5540ms] [LOG] [SplitDecision] P1/P2 sort (gender=default/male): [planche, push, front_lever, pull, legs, core] @ webpack-internal:///(app-pages-browser)/./src/features/workout-engine/services/split-decision/SplitDecisionService.ts:296
[    5540ms] [LOG] [Periodization] Cycle clock: startDate=2026-07-08 daysSinceStart=54 → Week 3/5 @ webpack-internal:///(app-pages-browser)/./src/features/workout-engine/services/periodization.service.ts:86
[    5540ms] [LOG]   Inputs:        cycleWeek=3, gapDays=10 @ webpack-internal:///(app-pages-browser)/./src/features/workout-engine/services/periodization.service.ts:225
[    5540ms] [LOG]   Volume mult:   x0.5 (override=0.5) @ webpack-internal:///(app-pages-browser)/./src/features/workout-engine/services/periodization.service.ts:226
[    5540ms] [LOG]   Δ override:    -2 @ webpack-internal:///(app-pages-browser)/./src/features/workout-engine/services/periodization.service.ts:228
[    5540ms] [LOG]   Protocol mult: x0 @ webpack-internal:///(app-pages-browser)/./src/features/workout-engine/services/periodization.service.ts:229
[    5540ms] [LOG]   SA cap:        0.15 @ webpack-internal:///(app-pages-browser)/./src/features/workout-engine/services/periodization.service.ts:231
[    5540ms] [LOG]   Detraining:    true @ webpack-internal:///(app-pages-browser)/./src/features/workout-engine/services/periodization.service.ts:232
[    5540ms] [LOG]   Default focus: Easy(0) @ webpack-internal:///(app-pages-browser)/./src/features/workout-engine/services/periodization.service.ts:233
[    5540ms] [LOG]   Restart cycle: false @ webpack-internal:///(app-pages-browser)/./src/features/workout-engine/services/periodization.service.ts:238
[    5540ms] [LOG]   Coach cue:     "חזרת אחרי 10 ימים — מפעיל את הגוף שוב בשבוע שחזור." @ webpack-internal:///(app-pages-browser)/./src/features/workout-engine/services/periodization.service.ts:239
[    5541ms] [WARNING] [ParkGating] "כפיפת ברך כנגד גומייה" — 1 park method(s) all gated → exercise excluded Required gear not in park inventory: [Object] Available: [bodyweight, pullup_bar, dip_station, bench, low_bar, high_bar, step, park_bench, park_step] @ webpack-internal:///(app-pages-browser)/./src/features/workout-engine/shared/utils/method-selection.utils.ts:119
[    5541ms] [WARNING] [ParkGating] "שכיבות סמיכה קשתים עם רצועות" — 1 park method(s) all gated → exercise excluded Required gear not in park inventory: [Object] Available: [bodyweight, pullup_bar, dip_station, bench, low_bar, high_bar, step, park_bench, park_step] @ webpack-internal:///(app-pages-browser)/./src/features/workout-engine/shared/utils/method-selection.utils.ts:119
[    5542ms] [WARNING] [ParkGating] "מקבילים על טבעות" — 1 park method(s) all gated → exercise excluded Required gear not in park inventory: [Object] Available: [bodyweight, pullup_bar, dip_station, bench, low_bar, high_bar, step, park_bench, park_step] @ webpack-internal:///(app-pages-browser)/./src/features/workout-engine/shared/utils/method-selection.utils.ts:119
[    5542ms] [WARNING] [ParkGating] "מקבילים על טבעות בעזרת גומיה דקה" — 1 park method(s) all gated → exercise excluded Required gear not in park inventory: [Object] Available: [bodyweight, pullup_bar, dip_station, bench, low_bar, high_bar, step, park_bench, park_step] @ webpack-internal:///(app-pages-browser)/./src/features/workout-engine/shared/utils/method-selection.utils.ts:119
[    5542ms] [WARNING] [ParkGating] "מתח יד אחת עם גומייה" — 2 park method(s) all gated → exercise excluded Required gear not in park inventory: [Object, Object] Available: [bodyweight, pullup_bar, dip_station, bench, low_bar, high_bar, step, park_bench, park_step] @ webpack-internal:///(app-pages-browser)/./src/features/workout-engine/shared/utils/method-selection.utils.ts:119
[    5542ms] [WARNING] [ParkGating] "מקבילים עם גומייה דקה" — 1 park method(s) all gated → exercise excluded Required gear not in park inventory: [Object] Available: [bodyweight, pullup_bar, dip_station, bench, low_bar, high_bar, step, park_bench, park_step] @ webpack-internal:///(app-pages-browser)/./src/features/workout-engine/shared/utils/method-selection.utils.ts:119
[    5542ms] [WARNING] [ParkGating] "החזקת תמיכה על טבעות" — 1 park method(s) all gated → exercise excluded Required gear not in park inventory: [Object] Available: [bodyweight, pullup_bar, dip_station, bench, low_bar, high_bar, step, park_bench, park_step] @ webpack-internal:///(app-pages-browser)/./src/features/workout-engine/shared/utils/method-selection.utils.ts:119
[    5542ms] [WARNING] [ParkGating] "החזקת תמיכה על טבעות עם עזרה" — 1 park method(s) all gated → exercise excluded Required gear not in park inventory: [Object] Available: [bodyweight, pullup_bar, dip_station, bench, low_bar, high_bar, step, park_bench, park_step] @ webpack-internal:///(app-pages-browser)/./src/features/workout-engine/shared/utils/method-selection.utils.ts:119
[    5542ms] [WARNING] [ParkGating] "סקוואט כנגד גומייה" — 1 park method(s) all gated → exercise excluded Required gear not in park inventory: [Object] Available: [bodyweight, pullup_bar, dip_station, bench, low_bar, high_bar, step, park_bench, park_step] @ webpack-internal:///(app-pages-browser)/./src/features/workout-engine/shared/utils/method-selection.utils.ts:119
[    5542ms] [WARNING] [ParkGating] "דדליפט רומני בהתנגדות גומייה" — 1 park method(s) all gated → exercise excluded Required gear not in park inventory: [Object] Available: [bodyweight, pullup_bar, dip_station, bench, low_bar, high_bar, step, park_bench, park_step] @ webpack-internal:///(app-pages-browser)/./src/features/workout-engine/shared/utils/method-selection.utils.ts:119
[    5542ms] [WARNING] [ParkGating] "דדליפט רומני על הגבהה" — 2 park method(s) all gated → exercise excluded Required gear not in park inventory: [Object, Object] Available: [bodyweight, pullup_bar, dip_station, bench, low_bar, high_bar, step, park_bench, park_step] @ webpack-internal:///(app-pages-browser)/./src/features/workout-engine/shared/utils/method-selection.utils.ts:119
[    5542ms] [WARNING] [ParkGating] "עמידת פייק גובה ברך" — 1 park method(s) all gated → exercise excluded Required gear not in park inventory: [Object] Available: [bodyweight, pullup_bar, dip_station, bench, low_bar, high_bar, step, park_bench, park_step] @ webpack-internal:///(app-pages-browser)/./src/features/workout-engine/shared/utils/method-selection.utils.ts:119
[    5543ms] [WARNING] [ParkGating] "שכיבות סמיכה פייק גובה שוק" — 1 park method(s) all gated → exercise excluded Required gear not in park inventory: [Object] Available: [bodyweight, pullup_bar, dip_station, bench, low_bar, high_bar, step, park_bench, park_step] @ webpack-internal:///(app-pages-browser)/./src/features/workout-engine/shared/utils/method-selection.utils.ts:119
[    5543ms] [WARNING] [ParkGating] "פלאנץ׳ בטאק בעזרת גומייה דקה" — 1 park method(s) all gated → exercise excluded Required gear not in park inventory: [Object] Available: [bodyweight, pullup_bar, dip_station, bench, low_bar, high_bar, step, park_bench, park_step] @ webpack-internal:///(app-pages-browser)/./src/features/workout-engine/shared/utils/method-selection.utils.ts:119
[    5543ms] [WARNING] [ParkGating] "סקוואט בעזרת רצועות" — 1 park method(s) all gated → exercise excluded Required gear not in park inventory: [Object] Available: [bodyweight, pullup_bar, dip_station, bench, low_bar, high_bar, step, park_bench, park_step] @ webpack-internal:///(app-pages-browser)/./src/features/workout-engine/shared/utils/method-selection.utils.ts:119
[    5543ms] [WARNING] [ParkGating] "עליית מדרגה גובה קרסול" — 1 park method(s) all gated → exercise excluded Required gear not in park inventory: [Object] Available: [bodyweight, pullup_bar, dip_station, bench, low_bar, high_bar, step, park_bench, park_step] @ webpack-internal:///(app-pages-browser)/./src/features/workout-engine/shared/utils/method-selection.utils.ts:119
[    5543ms] [WARNING] [ParkGating] "פרונט לבר בפישוק עם גומייה" — 2 park method(s) all gated → exercise excluded Required gear not in park inventory: [Object, Object] Available: [bodyweight, pullup_bar, dip_station, bench, low_bar, high_bar, step, park_bench, park_step] @ webpack-internal:///(app-pages-browser)/./src/features/workout-engine/shared/utils/method-selection.utils.ts:119
[    5543ms] [LOG] [WorkoutTrio] Shared pipeline: 62 scored exercises (40 excluded), 372 total in DB @ webpack-internal:///(app-pages-browser)/./src/features/workout-engine/services/home-workout.service.ts:1786
[    5543ms] [LOG] [WorkoutTrio] Filter breakdown — program_filter: 0, level_tolerance: 23, skill_gate: 0, location: 17, injury: 0, passed: 62 @ webpack-internal:///(app-pages-browser)/./src/features/workout-engine/services/home-workout.service.ts:1789
[    5659ms] [LOG] [ActivityStore] Loaded from Firestore - Streak: 0 @ webpack-internal:///(app-pages-browser)/./src/features/activity/store/useActivityStore.ts:805
[    5663ms] [LOG] [ActivityStore] Loaded from Firestore - Streak: 0 @ webpack-internal:///(app-pages-browser)/./src/features/activity/store/useActivityStore.ts:805
[    5666ms] [LOG] [ActivityStore] Loaded from Firestore - Streak: 0 @ webpack-internal:///(app-pages-browser)/./src/features/activity/store/useActivityStore.ts:805
[    6708ms] [LOG] [WorkoutTrio] Settings resolved → protocols: [emom, pyramid, antagonist_pair] from pull@L22 | goals: none | tabata: p=0.22 from pull@L22 @ webpack-internal:///(app-pages-browser)/./src/features/workout-engine/services/home-workout.service.ts:1941
[    6966ms] [LOG] [ExerciseHistory] Loaded history for 18/62 exercises (3 chunked 'in' queries) @ webpack-internal:///(app-pages-browser)/./src/features/workout-engine/services/exercise-history.service.ts:150
[    6966ms] [LOG] [WorkoutTrio] Exercise history loaded: 18/62 exercises have prior session data (David Staircase floor active). @ webpack-internal:///(app-pages-browser)/./src/features/workout-engine/services/home-workout.service.ts:1965
[    6966ms] [LOG] [WorkoutTrio] ⛔ PROTOCOLS KILLED by periodization: baseProb=1 × multiplier=0 = 0 (reason: long_gap_deload, week=5) @ webpack-internal:///(app-pages-browser)/./src/features/workout-engine/services/home-workout.service.ts:1998
[    6966ms] [LOG] [WorkoutTrio] Tabata finisher probability: 0.22 × 0 = 0.00 (from pull@L22) @ webpack-internal:///(app-pages-browser)/./src/features/workout-engine/services/home-workout.service.ts:2013
[    6967ms] [LOG] [Periodization] Straight-arm ratio capped: 0.4 → 0.15 (Deload tendon protection) @ webpack-internal:///(app-pages-browser)/./src/features/workout-engine/services/home-workout.service.ts:2033
[    7180ms] [LOG] [WorkoutTrio] No app_config/workout_trio doc → using pre-seeded Hebrew labels @ webpack-internal:///(app-pages-browser)/./src/features/workout-engine/services/trio-labels.service.ts:53
[    7180ms] [LOG] [WorkoutTrio] Labels (fallback): [מאוזן, עצים ומהיר, אימון פארק קליל] @ webpack-internal:///(app-pages-browser)/./src/features/workout-engine/services/home-workout.service.ts:774
[    7181ms] [LOG] [WorkoutTrio] Bolt2: honouring requested 30min (ceiling 45min) @ webpack-internal:///(app-pages-browser)/./src/features/workout-engine/services/home-workout.service.ts:843
[    7181ms] [LOG] [PipelineOrchestrator] Pool OK: 62 survivors at location=park (gear=9) → normal generation (sparse contexts degrade to bodyweight, not recovery). @ webpack-internal:///(app-pages-browser)/./src/features/workout-engine/core/pipeline/PipelineOrchestrator.ts:130
[    7181ms] [LOG] [PipelineOrchestrator] 🔓 Master-program bypass (full_body): skipping single-domain tolerance gate — ContextualEngine shared pass already scoped pool to all child domains. Pool size preserved: 62 exercises. @ webpack-internal:///(app-pages-browser)/./src/features/workout-engine/core/pipeline/PipelineOrchestrator.ts:233
[    7182ms] [LOG] [InputSanitizer:Periodization] Phase=DELOAD effectiveDifficulty=2 @ webpack-internal:///(app-pages-browser)/./src/features/workout-engine/core/middleware/InputSanitizerMiddleware.ts:447
[    7183ms] [LOG]   push L12: 6 sets/day (17/week) @ webpack-internal:///(app-pages-browser)/./src/features/workout-engine/logic/WorkoutGenerator.ts:445
[    7183ms] [LOG]   pull L22: 8 sets/day (23/week) @ webpack-internal:///(app-pages-browser)/./src/features/workout-engine/logic/WorkoutGenerator.ts:445
[    7183ms] [LOG]   legs L1: 4 sets/day (10/week) @ webpack-internal:///(app-pages-browser)/./src/features/workout-engine/logic/WorkoutGenerator.ts:445
[    7183ms] [LOG]   core L1: 3 sets/day (8/week) @ webpack-internal:///(app-pages-browser)/./src/features/workout-engine/logic/WorkoutGenerator.ts:445
[    7184ms] [LOG] Foundation Buffer: 17 exercises boosted (+30) — Pull-ups/Dips/Push-ups/Rows prioritised @ webpack-internal:///(app-pages-browser)/./src/features/workout-engine/logic/WorkoutGenerator.ts:1331
[    7184ms] [LOG] Vertical Preference: 12 exercises boosted (diminishing: 15/8) @ webpack-internal:///(app-pages-browser)/./src/features/workout-engine/logic/WorkoutGenerator.ts:1333
[    7184ms] [LOG] Naked Strength: 34 bodyweight exercises boosted (+8) @ webpack-internal:///(app-pages-browser)/./src/features/workout-engine/logic/WorkoutGenerator.ts:1334
[    7184ms] [LOG] Equipment Synergy: "pullup_bar" dominant → 9 exercises boosted (+8) @ webpack-internal:///(app-pages-browser)/./src/features/workout-engine/logic/WorkoutGenerator.ts:1336
[    7184ms] [LOG] Modality Match: "none" dominant → 31 exercises boosted (+10) @ webpack-internal:///(app-pages-browser)/./src/features/workout-engine/logic/WorkoutGenerator.ts:1337
[    7184ms] [LOG] [LevelSync] DifficultyFilter: globalLevel=L22, domainLevels={push:L12, pull:L22, legs:L1, core:L1, planche:L10, front_lever:L13, calisthenics_upper:L13, upper_body:L21, full_body:L15, muscle_up:L21} @ webpack-internal:///(app-pages-browser)/./src/features/workout-engine/logic/workout-selection.utils.ts:308
[    7185ms] [LOG] [Bolt2Cap] per-domain [push→L13, pull→L23, legs→L2, core→L2] (activeProgram=full_body): filtered out 27 above-ceiling exercise(s). Pool: 62 → 35 @ webpack-internal:///(app-pages-browser)/./src/features/workout-engine/logic/WorkoutGenerator.ts:550
[    7185ms] [LOG] User base level (context.userLevel): 22 @ webpack-internal:///(app-pages-browser)/./src/features/workout-engine/logic/workout-selection.utils.ts:810
[    7185ms] [LOG] Target level per category — P1: [planche] | P2: [push] | P3: undefined @ webpack-internal:///(app-pages-browser)/./src/features/workout-engine/logic/workout-selection.utils.ts:811
[    7185ms] [LOG] Dominance ratio: {p1: 0.65, p2: 0.35, p3: 0} @ webpack-internal:///(app-pages-browser)/./src/features/workout-engine/logic/workout-selection.utils.ts:812
[    7185ms] [LOG] Daily set budget: 21 @ webpack-internal:///(app-pages-browser)/./src/features/workout-engine/logic/workout-selection.utils.ts:817
[    7185ms] [LOG] Exercise levels in pool (programLevel): {1: 9, 2: 4, 10: 7, 11: 1, 12: 1, 13: 3, 19: 4, 20: 3, 21: 2, 22: 1} @ webpack-internal:///(app-pages-browser)/./src/features/workout-engine/logic/workout-selection.utils.ts:824
[    7185ms] [WARNING] Level 1 or defaulted: 9 exercises. Reasons: programLevel undefined → defaults to 1; or Program mapping not found; or Defaulting due to missing progression. @ webpack-internal:///(app-pages-browser)/./src/features/workout-engine/logic/workout-selection.utils.ts:830
[    7185ms] [LOG]   - "גוד מורנינג בישיבה" programLevel=1 @ webpack-internal:///(app-pages-browser)/./src/features/workout-engine/logic/workout-selection.utils.ts:834
[    7185ms] [LOG]   - "סקוואט טווח חלקי (להגבהה)" programLevel=1 @ webpack-internal:///(app-pages-browser)/./src/features/workout-engine/logic/workout-selection.utils.ts:834
[    7185ms] [LOG]   - "שולחן הפוך" programLevel=1 @ webpack-internal:///(app-pages-browser)/./src/features/workout-engine/logic/workout-selection.utils.ts:834
[    7186ms] [LOG] [WorkoutGenerator] Dominance: P1=3 P2=2 accessory=-1 (budget: 13+7+1) @ webpack-internal:///(app-pages-browser)/./src/features/workout-engine/logic/workout-selection.utils.ts:899
[    7186ms] [LOG] [WorkoutGenerator] Budget allows: P1=13 sets, P2=7 sets @ webpack-internal:///(app-pages-browser)/./src/features/workout-engine/logic/workout-selection.utils.ts:900
[    7186ms] [LOG] [MGDiversity] Displaced 2 same-group duplicates → backfilled 2 (pool had 35 candidates) @ webpack-internal:///(app-pages-browser)/./src/features/workout-engine/logic/WorkoutGenerator.ts:733
[    7186ms] [LOG]   push L12: 6 sets ÷ 2 exercises = 3 sets/each @ webpack-internal:///(app-pages-browser)/./src/features/workout-engine/logic/workout-budgeting.utils.ts:693
[    7186ms] [LOG]   pull L22: 8 sets ÷ 2 exercises = 4 sets/each @ webpack-internal:///(app-pages-browser)/./src/features/workout-engine/logic/workout-budgeting.utils.ts:693
[    7186ms] [LOG]   legs L1: 4 sets ÷ 0 exercises = 0 sets/each @ webpack-internal:///(app-pages-browser)/./src/features/workout-engine/logic/workout-budgeting.utils.ts:693
[    7186ms] [LOG]   core L1: 3 sets ÷ 0 exercises = 0 sets/each @ webpack-internal:///(app-pages-browser)/./src/features/workout-engine/logic/workout-budgeting.utils.ts:693
[    7187ms] [LOG] [assignVolume] HistoryFloor "עליית כוח בעזרת תנופה": 10 → 12 reps (last session max: 30, capped at range max 12) @ webpack-internal:///(app-pages-browser)/./src/features/workout-engine/logic/workout-budgeting.utils.ts:841
[    7187ms] [LOG] [BudgetDistributor.balancedClusterCap] D2 balanced session — culled 1 exercise(s) → 3 clustered exercises (diverse=false, domains=2, longSession=false, availableTime=30). Sets: 4/4/4 @ webpack-internal:///(app-pages-browser)/./src/features/workout-engine/core/pipeline/BudgetDistributor.ts:556
[    7187ms] [LOG] [WorkoutGenerator][selectProtocol] difficulty=2 | adminProtocols=["emom","pyramid","antagonist_pair"] | adminProbability=0 | periodizationWeek=5 @ webpack-internal:///(app-pages-browser)/./src/features/workout-engine/logic/WorkoutGenerator.ts:1390
[    7187ms] [LOG] [WorkoutGenerator][selectProtocol] ⛔ Protocol probability = 0 (Deload/Rebuild week or protocolMultiplier killed it) — straight sets @ webpack-internal:///(app-pages-browser)/./src/features/workout-engine/logic/WorkoutGenerator.ts:1413
[    7188ms] [LOG] [findLevelSub] ✅ horizontal_pull: picked "פרונט לבר מלא" L22 (gap=0, radius=±2, domain=pull L22, D2) @ webpack-internal:///(app-pages-browser)/./src/features/workout-engine/core/pipeline/PoolFactory.ts:242
[    7188ms] [LOG] [HorizontalGuarantee] ✅ ADDED "פרונט לבר מלא"(L22) replacing accessory "החזקות מקבילים אקצנטרי"(vertical_push) — preserved vertical_pull [domain=pull L22, budget=4 sets] @ webpack-internal:///(app-pages-browser)/./src/features/workout-engine/core/pipeline/GuaranteePassRunner.ts:161
[    7189ms] [LOG] [VerticalFoundation] ✅ "פרונט לבר מלא"(skill) → "שכיבות סמיכה פייק"(foundation, L12) [vertical_push, domain=push L12] @ webpack-internal:///(app-pages-browser)/./src/features/workout-engine/core/pipeline/GuaranteePassRunner.ts:310
[    7189ms] [LOG] [findLevelSub] ✅ squat: picked "סקוואט טווח חלקי (להגבהה)" L1 (gap=0, radius=±2, domain=legs L1, D2) @ webpack-internal:///(app-pages-browser)/./src/features/workout-engine/core/pipeline/PoolFactory.ts:242
[    7189ms] [WARNING] [FullBodyGuarantee] ⚠️ Could not guarantee legs domain — no candidate within ±6 of L1 @ webpack-internal:///(app-pages-browser)/./src/features/workout-engine/core/pipeline/GuaranteePassRunner.ts:413
[    7189ms] [LOG] ┌─────────────┬────────────┬────────────┬────────────┐
│  Section    │  Work      │  Rest      │  Subtotal  │
├─────────────┼────────────┼────────────┼────────────┤
│  Warmup     │ 0m 0s      │ 0m 0s      │ 0m 0s      │  ← 0s rest, 5s transitions, cap=6m
│  Main       │ 6m 24s     │ 23m 8s     │ 30m 32s    │  ← 23m rest = 78% of main block
│  Cooldown   │ 0m 0s      │ 0m 0s      │ 0m 0s      │
├─────────────┼────────────┼────────────┼────────────┤
│  TOTAL(raw) │             │             │ 30m 32s    │
└─────────────┴────────────┴────────────┴────────────┘ @ webpack-internal:///(app-pages-browser)/./src/features/workout-engine/logic/workout-budgeting.utils.ts:1142
[    7189ms] [LOG]   + Main transitions (2 × 30s): 60s @ webpack-internal:///(app-pages-browser)/./src/features/workout-engine/logic/workout-budgeting.utils.ts:1143
[    7189ms] [LOG]   = Final Duration: 31 min @ webpack-internal:///(app-pages-browser)/./src/features/workout-engine/logic/workout-budgeting.utils.ts:1144
[    7189ms] [TABLE] [Object, Object, Object] @ webpack-internal:///(app-pages-browser)/./src/features/workout-engine/logic/workout-budgeting.utils.ts:1147
[    7190ms] [LOG] ┌─────────────┬────────────┬────────────┬────────────┐
│  Section    │  Work      │  Rest      │  Subtotal  │
├─────────────┼────────────┼────────────┼────────────┤
│  Warmup     │ 0m 0s      │ 0m 0s      │ 0m 0s      │  ← 0s rest, 5s transitions, cap=6m
│  Main       │ 6m 24s     │ 23m 8s     │ 30m 32s    │  ← 23m rest = 78% of main block
│  Cooldown   │ 0m 0s      │ 0m 0s      │ 0m 0s      │
├─────────────┼────────────┼────────────┼────────────┤
│  TOTAL(raw) │             │             │ 30m 32s    │
└─────────────┴────────────┴────────────┴────────────┘ @ webpack-internal:///(app-pages-browser)/./src/features/workout-engine/logic/workout-budgeting.utils.ts:1142
[    7190ms] [LOG]   + Main transitions (2 × 30s): 60s @ webpack-internal:///(app-pages-browser)/./src/features/workout-engine/logic/workout-budgeting.utils.ts:1143
[    7190ms] [LOG]   = Final Duration: 31 min @ webpack-internal:///(app-pages-browser)/./src/features/workout-engine/logic/workout-budgeting.utils.ts:1144
[    7190ms] [TABLE] [Object, Object, Object] @ webpack-internal:///(app-pages-browser)/./src/features/workout-engine/logic/workout-budgeting.utils.ts:1147
[    7190ms] [LOG] [Engine] Pool: 102→102→62→35→4(raw)→4(diverse) | Selected: 3 | Budget: ?/21 remaining/daily | Difficulty: 2 | Sets: 12 @ webpack-internal:///(app-pages-browser)/./src/features/workout-engine/logic/WorkoutGenerator.ts:1076
[    7190ms] [LOG] [1] עליית כוח בעזרת תנופה | programLevel=19 [LevelResolution] עליית כוח בעזרת תנופה → L19 via pull | userDomainL=22 | Tier=flow | Sets=4 Reps=12 Rest=90s | Video=YES @ webpack-internal:///(app-pages-browser)/./src/features/workout-engine/logic/WorkoutGenerator.ts:1087
[    7190ms] [LOG] [2] שכיבות סמיכה פייק | programLevel=12 [LevelResolution] החזקות מקבילים אקצנטרי → L10 via push | userDomainL=12 | Tier=easy | Sets=4 Reps=12 Rest=103s | Video=YES @ webpack-internal:///(app-pages-browser)/./src/features/workout-engine/logic/WorkoutGenerator.ts:1087
[    7190ms] [LOG] [3] שכיבות סמיכה קשתים בפישוק | programLevel=13 [LevelResolution] שכיבות סמיכה קשתים בפישוק → L13 via push | userDomainL=12 | Tier=hard | Sets=4 Reps=2 Rest=154s | Video=YES @ webpack-internal:///(app-pages-browser)/./src/features/workout-engine/logic/WorkoutGenerator.ts:1087
[    7191ms] [LOG] [Warmup] Pool: 372 total | follow-along: 13 | role=warmup: 1 | mobility-tag: 0 @ webpack-internal:///(app-pages-browser)/./src/features/workout-engine/services/warmup.service.ts:555
[    7191ms] [LOG] [Warmup] Stage 1: "מתיחות פלג גוף עליון לבדיקה" selected (follow-along [location-matched]) @ webpack-internal:///(app-pages-browser)/./src/features/workout-engine/services/warmup.service.ts:619
[    7191ms] [LOG] [Warmup] David Scale: push(67%×4s), pull(33%×2s) @ webpack-internal:///(app-pages-browser)/./src/features/workout-engine/services/warmup.service.ts:648
[    7192ms] [WARNING] [ParkGating] "מתח עם גומייה דקה" — 2 park method(s) all gated → exercise excluded Required gear not in park inventory: [Object, Object] Available: [bodyweight, pullup_bar, dip_station, bench, low_bar, high_bar, step, park_bench, park_step] @ webpack-internal:///(app-pages-browser)/./src/features/workout-engine/shared/utils/method-selection.utils.ts:119
[    7192ms] [WARNING] [ParkGating] "מתח עם גומייה בינונית" — 2 park method(s) all gated → exercise excluded Required gear not in park inventory: [Object, Object] Available: [bodyweight, pullup_bar, dip_station, bench, low_bar, high_bar, step, park_bench, park_step] @ webpack-internal:///(app-pages-browser)/./src/features/workout-engine/shared/utils/method-selection.utils.ts:119
[    7192ms] [WARNING] [ParkGating] "מתח עם גומייה עבה" — 2 park method(s) all gated → exercise excluded Required gear not in park inventory: [Object, Object] Available: [bodyweight, pullup_bar, dip_station, bench, low_bar, high_bar, step, park_bench, park_step] @ webpack-internal:///(app-pages-browser)/./src/features/workout-engine/shared/utils/method-selection.utils.ts:119
[    7192ms] [WARNING] [ParkGating] "מתח אקצנטרי עם תמיכה" — 2 park method(s) all gated → exercise excluded Required gear not in park inventory: [Object, Object] Available: [bodyweight, pullup_bar, dip_station, bench, low_bar, high_bar, step, park_bench, park_step] @ webpack-internal:///(app-pages-browser)/./src/features/workout-engine/shared/utils/method-selection.utils.ts:119
[    7192ms] [LOG] [Warmup] Activation pull slot1/2 F2: "החזקת מתח ב-120°" L6 from 8 cands (zone [5–9], reps 8–12) @ webpack-internal:///(app-pages-browser)/./src/features/workout-engine/services/warmup.service.ts:808
[    7192ms] [WARNING] [ParkGating] "מתח לא שוויוני עם טבעות" — 1 park method(s) all gated → exercise excluded Required gear not in park inventory: [Object] Available: [bodyweight, pullup_bar, dip_station, bench, low_bar, high_bar, step, park_bench, park_step] @ webpack-internal:///(app-pages-browser)/./src/features/workout-engine/shared/utils/method-selection.utils.ts:119
[    7192ms] [WARNING] [ParkGating] "מתח יד אחת עם גומייה" — 2 park method(s) all gated → exercise excluded Required gear not in park inventory: [Object, Object] Available: [bodyweight, pullup_bar, dip_station, bench, low_bar, high_bar, step, park_bench, park_step] @ webpack-internal:///(app-pages-browser)/./src/features/workout-engine/shared/utils/method-selection.utils.ts:119
[    7192ms] [WARNING] [ParkGating] "מתח מתפרץ עם טבעות" — 1 park method(s) all gated → exercise excluded Required gear not in park inventory: [Object] Available: [bodyweight, pullup_bar, dip_station, bench, low_bar, high_bar, step, park_bench, park_step] @ webpack-internal:///(app-pages-browser)/./src/features/workout-engine/shared/utils/method-selection.utils.ts:119
[    7193ms] [WARNING] [ParkGating] "עליית כוח בקפיצה עם טבעות" — 1 park method(s) all gated → exercise excluded Required gear not in park inventory: [Object] Available: [bodyweight, pullup_bar, dip_station, bench, low_bar, high_bar, step, park_bench, park_step] @ webpack-internal:///(app-pages-browser)/./src/features/workout-engine/shared/utils/method-selection.utils.ts:119
[    7193ms] [WARNING] [ParkGating] "עליית כוח אקצנטרי עם טבעות" — 1 park method(s) all gated → exercise excluded Required gear not in park inventory: [Object] Available: [bodyweight, pullup_bar, dip_station, bench, low_bar, high_bar, step, park_bench, park_step] @ webpack-internal:///(app-pages-browser)/./src/features/workout-engine/shared/utils/method-selection.utils.ts:119
[    7193ms] [WARNING] [ParkGating] "עליית כוח על טבעות בעזרת גומייה" — 1 park method(s) all gated → exercise excluded Required gear not in park inventory: [Object] Available: [bodyweight, pullup_bar, dip_station, bench, low_bar, high_bar, step, park_bench, park_step] @ webpack-internal:///(app-pages-browser)/./src/features/workout-engine/shared/utils/method-selection.utils.ts:119
[    7193ms] [WARNING] [ParkGating] "עליית כוח עם טבעות" — 1 park method(s) all gated → exercise excluded Required gear not in park inventory: [Object] Available: [bodyweight, pullup_bar, dip_station, bench, low_bar, high_bar, step, park_bench, park_step] @ webpack-internal:///(app-pages-browser)/./src/features/workout-engine/shared/utils/method-selection.utils.ts:119
[    7193ms] [WARNING] [ParkGating] "עליית כוח בעזרת גומייה" — 1 park method(s) all gated → exercise excluded Required gear not in park inventory: [Object] Available: [bodyweight, pullup_bar, dip_station, bench, low_bar, high_bar, step, park_bench, park_step] @ webpack-internal:///(app-pages-browser)/./src/features/workout-engine/shared/utils/method-selection.utils.ts:119
[    7193ms] [LOG] [Warmup] Priming pull slot2/2 F2: "מתח מכונת כתיבה (Typewriter)" L16 from 10 cands (zone [14–19], reps 3–5) @ webpack-internal:///(app-pages-browser)/./src/features/workout-engine/services/warmup.service.ts:808
[    7193ms] [WARNING] [ParkGating] "החזקת מקבילים ב-15° עם גומייה" — 1 park method(s) all gated → exercise excluded Required gear not in park inventory: [Object] Available: [bodyweight, pullup_bar, dip_station, bench, low_bar, high_bar, step, park_bench, park_step] @ webpack-internal:///(app-pages-browser)/./src/features/workout-engine/shared/utils/method-selection.utils.ts:119
[    7193ms] [WARNING] [ParkGating] "החזקת מקבילים ב-120° עם גומייה" — 2 park method(s) all gated → exercise excluded Required gear not in park inventory: [Object, Object] Available: [bodyweight, pullup_bar, dip_station, bench, low_bar, high_bar, step, park_bench, park_step] @ webpack-internal:///(app-pages-browser)/./src/features/workout-engine/shared/utils/method-selection.utils.ts:119
[    7193ms] [WARNING] [ParkGating] "החזקת מקבילים ב-90° עם גומייה" — 2 park method(s) all gated → exercise excluded Required gear not in park inventory: [Object, Object] Available: [bodyweight, pullup_bar, dip_station, bench, low_bar, high_bar, step, park_bench, park_step] @ webpack-internal:///(app-pages-browser)/./src/features/workout-engine/shared/utils/method-selection.utils.ts:119
[    7193ms] [LOG] [Warmup] Activation push slot1/4 F2: "שכיבות סמיכה ברכיים" L4 from 7 cands (zone [2–5], reps 8–12) @ webpack-internal:///(app-pages-browser)/./src/features/workout-engine/services/warmup.service.ts:808
[    7193ms] [WARNING] [ParkGating] "החזקת מקבילים ב-15° עם גומייה" — 1 park method(s) all gated → exercise excluded Required gear not in park inventory: [Object] Available: [bodyweight, pullup_bar, dip_station, bench, low_bar, high_bar, step, park_bench, park_step] @ webpack-internal:///(app-pages-browser)/./src/features/workout-engine/shared/utils/method-selection.utils.ts:119
[    7194ms] [WARNING] [ParkGating] "פרפר רצועות ב-45°" — 1 park method(s) all gated → exercise excluded Required gear not in park inventory: [Object] Available: [bodyweight, pullup_bar, dip_station, bench, low_bar, high_bar, step, park_bench, park_step] @ webpack-internal:///(app-pages-browser)/./src/features/workout-engine/shared/utils/method-selection.utils.ts:119
[    7194ms] [WARNING] [ParkGating] "שכיבות סמיכה רצועות ב-45°" — 1 park method(s) all gated → exercise excluded Required gear not in park inventory: [Object] Available: [bodyweight, pullup_bar, dip_station, bench, low_bar, high_bar, step, park_bench, park_step] @ webpack-internal:///(app-pages-browser)/./src/features/workout-engine/shared/utils/method-selection.utils.ts:119
[    7194ms] [WARNING] [ParkGating] "מקבילים עם גומייה בינונית" — 1 park method(s) all gated → exercise excluded Required gear not in park inventory: [Object] Available: [bodyweight, pullup_bar, dip_station, bench, low_bar, high_bar, step, park_bench, park_step] @ webpack-internal:///(app-pages-browser)/./src/features/workout-engine/shared/utils/method-selection.utils.ts:119
[    7194ms] [WARNING] [ParkGating] "מקבילים עם גומייה עבה" — 1 park method(s) all gated → exercise excluded Required gear not in park inventory: [Object] Available: [bodyweight, pullup_bar, dip_station, bench, low_bar, high_bar, step, park_bench, park_step] @ webpack-internal:///(app-pages-browser)/./src/features/workout-engine/shared/utils/method-selection.utils.ts:119
[    7194ms] [WARNING] [ParkGating] "החזקת מקבילים ב-120° עם גומייה" — 2 park method(s) all gated → exercise excluded Required gear not in park inventory: [Object, Object] Available: [bodyweight, pullup_bar, dip_station, bench, low_bar, high_bar, step, park_bench, park_step] @ webpack-internal:///(app-pages-browser)/./src/features/workout-engine/shared/utils/method-selection.utils.ts:119
[    7194ms] [WARNING] [ParkGating] "החזקת מקבילים ב-90° עם גומייה" — 2 park method(s) all gated → exercise excluded Required gear not in park inventory: [Object, Object] Available: [bodyweight, pullup_bar, dip_station, bench, low_bar, high_bar, step, park_bench, park_step] @ webpack-internal:///(app-pages-browser)/./src/features/workout-engine/shared/utils/method-selection.utils.ts:119
[    7194ms] [LOG] [Warmup] Activation push slot2/4 F2: "שכיבות סמיכה אקצנרטי" L4 from 7 cands (zone [4–7], reps 8–12) @ webpack-internal:///(app-pages-browser)/./src/features/workout-engine/services/warmup.service.ts:808
[    7194ms] [WARNING] [ParkGating] "פרפר רצועות ב-45°" — 1 park method(s) all gated → exercise excluded Required gear not in park inventory: [Object] Available: [bodyweight, pullup_bar, dip_station, bench, low_bar, high_bar, step, park_bench, park_step] @ webpack-internal:///(app-pages-browser)/./src/features/workout-engine/shared/utils/method-selection.utils.ts:119
[    7194ms] [WARNING] [ParkGating] "שכיבות סמיכה רצועות ב-45°" — 1 park method(s) all gated → exercise excluded Required gear not in park inventory: [Object] Available: [bodyweight, pullup_bar, dip_station, bench, low_bar, high_bar, step, park_bench, park_step] @ webpack-internal:///(app-pages-browser)/./src/features/workout-engine/shared/utils/method-selection.utils.ts:119
[    7194ms] [WARNING] [ParkGating] "מקבילים עם גומייה דקה" — 1 park method(s) all gated → exercise excluded Required gear not in park inventory: [Object] Available: [bodyweight, pullup_bar, dip_station, bench, low_bar, high_bar, step, park_bench, park_step] @ webpack-internal:///(app-pages-browser)/./src/features/workout-engine/shared/utils/method-selection.utils.ts:119
[    7195ms] [WARNING] [ParkGating] "מקבילים עם גומייה בינונית" — 1 park method(s) all gated → exercise excluded Required gear not in park inventory: [Object] Available: [bodyweight, pullup_bar, dip_station, bench, low_bar, high_bar, step, park_bench, park_step] @ webpack-internal:///(app-pages-browser)/./src/features/workout-engine/shared/utils/method-selection.utils.ts:119
[    7195ms] [WARNING] [ParkGating] "מקבילים עם גומייה עבה" — 1 park method(s) all gated → exercise excluded Required gear not in park inventory: [Object] Available: [bodyweight, pullup_bar, dip_station, bench, low_bar, high_bar, step, park_bench, park_step] @ webpack-internal:///(app-pages-browser)/./src/features/workout-engine/shared/utils/method-selection.utils.ts:119
[    7195ms] [LOG] [Warmup] Activation push slot3/4 F2: "שכיבות סמיכה יהלום" L8 from 3 cands (zone [6–9], reps 8–12) @ webpack-internal:///(app-pages-browser)/./src/features/workout-engine/services/warmup.service.ts:808
[    7195ms] [WARNING] [ParkGating] "מקבילים עם גומייה דקה" — 1 park method(s) all gated → exercise excluded Required gear not in park inventory: [Object] Available: [bodyweight, pullup_bar, dip_station, bench, low_bar, high_bar, step, park_bench, park_step] @ webpack-internal:///(app-pages-browser)/./src/features/workout-engine/shared/utils/method-selection.utils.ts:119
[    7195ms] [WARNING] [ParkGating] "החזקת תמיכה על טבעות" — 1 park method(s) all gated → exercise excluded Required gear not in park inventory: [Object] Available: [bodyweight, pullup_bar, dip_station, bench, low_bar, high_bar, step, park_bench, park_step] @ webpack-internal:///(app-pages-browser)/./src/features/workout-engine/shared/utils/method-selection.utils.ts:119
[    7195ms] [WARNING] [ParkGating] "החזקת תמיכה על טבעות עם עזרה" — 1 park method(s) all gated → exercise excluded Required gear not in park inventory: [Object] Available: [bodyweight, pullup_bar, dip_station, bench, low_bar, high_bar, step, park_bench, park_step] @ webpack-internal:///(app-pages-browser)/./src/features/workout-engine/shared/utils/method-selection.utils.ts:119
[    7195ms] [LOG] [Warmup] Priming push slot4/4 F2: "שכיבות סמיכה רחבות" L10 from 3 cands (zone [8–10], reps 3–5) @ webpack-internal:///(app-pages-browser)/./src/features/workout-engine/services/warmup.service.ts:808
[    7195ms] [LOG] [Warmup] Stage 2 Patterns primed: [pull, push] from active [pull, push] — 6 slots total @ webpack-internal:///(app-pages-browser)/./src/features/workout-engine/services/warmup.service.ts:843
[    7196ms] [LOG] [Warmup] Time-aware trim: 7 → 3 slots (budget 3 for 30min, coverage-first) @ webpack-internal:///(app-pages-browser)/./src/features/workout-engine/services/warmup.service.ts:877
[    7196ms] [LOG] [Warmup] Block finalised: 1 general + 6 ladder slots = 3 total (budget 3) @ webpack-internal:///(app-pages-browser)/./src/features/workout-engine/services/warmup.service.ts:882
[    7196ms] [LOG]   ETMVVSpt0lIpeF3mkEn6 "מתיחות פלג גוף עליון לבדיקה": already in workout @ webpack-internal:///(app-pages-browser)/./src/features/workout-engine/services/cooldown.service.ts:78
[    7196ms] [LOG] [Cooldown] Strict bodyweight yielded 0 candidates → fallback to ANY cooldown for location @ webpack-internal:///(app-pages-browser)/./src/features/workout-engine/services/cooldown.service.ts:100
[    7197ms] [LOG] ┌─────────────┬────────────┬────────────┬────────────┐
│  Section    │  Work      │  Rest      │  Subtotal  │
├─────────────┼────────────┼────────────┼────────────┤
│  Warmup     │ 3m 10s     │ 0m 0s      │ 3m 10s     │  ← 0s rest, 5s transitions, cap=6m
│  Main       │ 6m 24s     │ 23m 8s     │ 30m 32s    │  ← 23m rest = 78% of main block
│  Cooldown   │ 0m 0s      │ 0m 0s      │ 0m 0s      │
├─────────────┼────────────┼────────────┼────────────┤
│  TOTAL(raw) │             │             │ 33m 42s    │
└─────────────┴────────────┴────────────┴────────────┘ @ webpack-internal:///(app-pages-browser)/./src/features/workout-engine/logic/workout-budgeting.utils.ts:1142
[    7197ms] [LOG]   + Main transitions (2 × 30s): 60s @ webpack-internal:///(app-pages-browser)/./src/features/workout-engine/logic/workout-budgeting.utils.ts:1143
[    7197ms] [LOG]   = Final Duration: 34 min @ webpack-internal:///(app-pages-browser)/./src/features/workout-engine/logic/workout-budgeting.utils.ts:1144
[    7197ms] [TABLE] [Object, Object, Object, Object, Object, Object] @ webpack-internal:///(app-pages-browser)/./src/features/workout-engine/logic/workout-budgeting.utils.ts:1147
[    7197ms] [LOG] ┌─────────────┬────────────┬────────────┬────────────┐
│  Section    │  Work      │  Rest      │  Subtotal  │
├─────────────┼────────────┼────────────┼────────────┤
│  Warmup     │ 3m 10s     │ 0m 0s      │ 3m 10s     │  ← 0s rest, 5s transitions, cap=6m
│  Main       │ 6m 48s     │ 22m 38s    │ 27m 26s    │  ← 22m rest = 79% of main block
│  Cooldown   │ 0m 0s      │ 0m 0s      │ 0m 0s      │
├─────────────┼────────────┼────────────┼────────────┤
│  TOTAL(raw) │             │             │ 31m 36s    │
└─────────────┴────────────┴────────────┴────────────┘ @ webpack-internal:///(app-pages-browser)/./src/features/workout-engine/logic/workout-budgeting.utils.ts:1142
[    7197ms] [LOG]   + Main transitions (2 × 30s): 60s @ webpack-internal:///(app-pages-browser)/./src/features/workout-engine/logic/workout-budgeting.utils.ts:1143
[    7197ms] [LOG]   = Final Duration: 32 min @ webpack-internal:///(app-pages-browser)/./src/features/workout-engine/logic/workout-budgeting.utils.ts:1144
[    7197ms] [TABLE] [Object, Object, Object, Object, Object, Object] @ webpack-internal:///(app-pages-browser)/./src/features/workout-engine/logic/workout-budgeting.utils.ts:1147
[    7197ms] [LOG] ┌─────────────┬────────────┬────────────┬────────────┐
│  Section    │  Work      │  Rest      │  Subtotal  │
├─────────────┼────────────┼────────────┼────────────┤
│  Warmup     │ 3m 10s     │ 0m 0s      │ 3m 10s     │  ← 0s rest, 5s transitions, cap=6m
│  Main       │ 5m 12s     │ 20m 8s     │ 25m 20s    │  ← 20m rest = 79% of main block
│  Cooldown   │ 0m 0s      │ 0m 0s      │ 0m 0s      │
├─────────────┼────────────┼────────────┼────────────┤
│  TOTAL(raw) │             │             │ 29m 30s    │
└─────────────┴────────────┴────────────┴────────────┘ @ webpack-internal:///(app-pages-browser)/./src/features/workout-engine/logic/workout-budgeting.utils.ts:1142
[    7197ms] [LOG]   + Main transitions (2 × 30s): 60s @ webpack-internal:///(app-pages-browser)/./src/features/workout-engine/logic/workout-budgeting.utils.ts:1143
[    7197ms] [LOG]   = Final Duration: 30 min @ webpack-internal:///(app-pages-browser)/./src/features/workout-engine/logic/workout-budgeting.utils.ts:1144
[    7197ms] [TABLE] [Object, Object, Object, Object, Object, Object] @ webpack-internal:///(app-pages-browser)/./src/features/workout-engine/logic/workout-budgeting.utils.ts:1147
[    7197ms] [LOG] [PresentationFormatter.volumeCap] Done after 2 step(s): 30m, 13 sets, 3 main exercises @ webpack-internal:///(app-pages-browser)/./src/features/workout-engine/core/presentation/PresentationFormatter.ts:430
[    7691ms] [LOG] [WorkoutGenerator] Antagonist pairing complete: 1 push+pull, 0 quad+hamstring, 0 domain+core fallback @ webpack-internal:///(app-pages-browser)/./src/features/workout-engine/logic/workout-sorting.utils.ts:494
[    7691ms] [LOG] [applyAntagonistPairing] Buckets — push:2 pull:1 legs:0 other:0 pyramids:0 warmupCooldown:3 @ webpack-internal:///(app-pages-browser)/./src/features/workout-engine/logic/workout-sorting.utils.ts:516
[    7691ms] [LOG]   [Pair] "עליית כוח בעזרת תנופה" (id=4ce7GeLA60a6zxtbDBW1) → pairedWith=UdcGfuqfagFg4g3pB1yt @ webpack-internal:///(app-pages-browser)/./src/features/workout-engine/logic/workout-sorting.utils.ts:520
[    7691ms] [LOG]   [Pair] "שכיבות סמיכה קשתים בפישוק" (id=UdcGfuqfagFg4g3pB1yt) → pairedWith=4ce7GeLA60a6zxtbDBW1 @ webpack-internal:///(app-pages-browser)/./src/features/workout-engine/logic/workout-sorting.utils.ts:520
[    7691ms] [LOG]   [Pair] "שכיבות סמיכה פייק" (id=MwH75rBMKq65J9B86yUq) → pairedWith=NONE @ webpack-internal:///(app-pages-browser)/./src/features/workout-engine/logic/workout-sorting.utils.ts:520
[    7691ms] [LOG] [PresentationFormatter] ✅ Re-applied antagonist pairing on final list (2 exercises have pairedWith, source: adminData, מאוזן) @ webpack-internal:///(app-pages-browser)/./src/features/workout-engine/core/presentation/PresentationFormatter.ts:284
[    7692ms] [LOG] [PresentationFormatter] 🪜 Final domain-priority sort applied (order changed, 6 exercises, מאוזן) @ webpack-internal:///(app-pages-browser)/./src/features/workout-engine/core/presentation/PresentationFormatter.ts:295
[    7692ms] [LOG] [WorkoutTrio] Option 2 (מאוזן): D2, 6 exercises, 13 sets, ~30min @ webpack-internal:///(app-pages-browser)/./src/features/workout-engine/services/home-workout.service.ts:1077
[    7692ms] [LOG] [WorkoutTrio] Single-option path — padded 3 slots with the same workout @ webpack-internal:///(app-pages-browser)/./src/features/workout-engine/services/home-workout.service.ts:1086
[    7692ms] [LOG]   Difficulty: 2 ⚡⚡ @ webpack-internal:///(app-pages-browser)/./src/features/workout-engine/services/trio-modifiers.service.ts:700
[    7692ms] [LOG]   Title: מיקוד גוף מלא בפארק: רמה כל הרמות @ webpack-internal:///(app-pages-browser)/./src/features/workout-engine/services/trio-modifiers.service.ts:701
[    7692ms] [LOG]   Duration: ~30 min @ webpack-internal:///(app-pages-browser)/./src/features/workout-engine/services/trio-modifiers.service.ts:702
[    7692ms] [LOG]   Warmups: 3 | Main: 3 | Sets: 13 @ webpack-internal:///(app-pages-browser)/./src/features/workout-engine/services/trio-modifiers.service.ts:703
[    7692ms] [LOG]   Gear: 1 ⚠️ [rsGezdRxG5hayY7x88pJ] @ webpack-internal:///(app-pages-browser)/./src/features/workout-engine/services/trio-modifiers.service.ts:704
[    7692ms] [LOG]   Exercises: [שכיבות סמיכה קשתים בפישוק, עליית כוח בעזרת תנופה, שכיבות סמיכה פייק] @ webpack-internal:///(app-pages-browser)/./src/features/workout-engine/services/trio-modifiers.service.ts:705
[    7692ms] [LOG]   Difficulty: 2 ⚡⚡ @ webpack-internal:///(app-pages-browser)/./src/features/workout-engine/services/trio-modifiers.service.ts:700
[    7692ms] [LOG]   Title: מיקוד גוף מלא בפארק: רמה כל הרמות @ webpack-internal:///(app-pages-browser)/./src/features/workout-engine/services/trio-modifiers.service.ts:701
[    7692ms] [LOG]   Duration: ~30 min @ webpack-internal:///(app-pages-browser)/./src/features/workout-engine/services/trio-modifiers.service.ts:702
[    7692ms] [LOG]   Warmups: 3 | Main: 3 | Sets: 13 @ webpack-internal:///(app-pages-browser)/./src/features/workout-engine/services/trio-modifiers.service.ts:703
[    7692ms] [LOG]   Gear: 1 ⚠️ [rsGezdRxG5hayY7x88pJ] @ webpack-internal:///(app-pages-browser)/./src/features/workout-engine/services/trio-modifiers.service.ts:704
[    7692ms] [LOG]   Exercises: [שכיבות סמיכה קשתים בפישוק, עליית כוח בעזרת תנופה, שכיבות סמיכה פייק] @ webpack-internal:///(app-pages-browser)/./src/features/workout-engine/services/trio-modifiers.service.ts:705
[    7692ms] [LOG]   Difficulty: 2 ⚡⚡ @ webpack-internal:///(app-pages-browser)/./src/features/workout-engine/services/trio-modifiers.service.ts:700
[    7692ms] [LOG]   Title: מיקוד גוף מלא בפארק: רמה כל הרמות @ webpack-internal:///(app-pages-browser)/./src/features/workout-engine/services/trio-modifiers.service.ts:701
[    7692ms] [LOG]   Duration: ~30 min @ webpack-internal:///(app-pages-browser)/./src/features/workout-engine/services/trio-modifiers.service.ts:702
[    7692ms] [LOG]   Warmups: 3 | Main: 3 | Sets: 13 @ webpack-internal:///(app-pages-browser)/./src/features/workout-engine/services/trio-modifiers.service.ts:703
[    7692ms] [LOG]   Gear: 1 ⚠️ [rsGezdRxG5hayY7x88pJ] @ webpack-internal:///(app-pages-browser)/./src/features/workout-engine/services/trio-modifiers.service.ts:704
[    7692ms] [LOG]   Exercises: [שכיבות סמיכה קשתים בפישוק, עליית כוח בעזרת תנופה, שכיבות סמיכה פייק] @ webpack-internal:///(app-pages-browser)/./src/features/workout-engine/services/trio-modifiers.service.ts:705
[    7693ms] [LOG] Overlap: 1↔2=3, 1↔3=3, 2↔3=3 @ webpack-internal:///(app-pages-browser)/./src/features/workout-engine/services/trio-modifiers.service.ts:710
[   19487ms] [LOG] ACTIVE CALENDAR FILE: MonthlyCalendarGrid.tsx {cellHeight: 60, engine: DayIconCell (unified with home screen), viewMode: rings} @ webpack-internal:///(app-pages-browser)/./src/features/home/components/calendar/MonthlyCalendarGrid.tsx:160
[   19488ms] [LOG] ACTIVE CALENDAR FILE: MonthlyCalendarGrid.tsx {cellHeight: 60, engine: DayIconCell (unified with home screen), viewMode: rings} @ webpack-internal:///(app-pages-browser)/./src/features/home/components/calendar/MonthlyCalendarGrid.tsx:160
[   19535ms] [LOG] ACTIVE CALENDAR FILE: MonthlyCalendarGrid.tsx {cellHeight: 60, engine: DayIconCell (unified with home screen), viewMode: rings} @ webpack-internal:///(app-pages-browser)/./src/features/home/components/calendar/MonthlyCalendarGrid.tsx:160
[   19536ms] [LOG] ACTIVE CALENDAR FILE: MonthlyCalendarGrid.tsx {cellHeight: 60, engine: DayIconCell (unified with home screen), viewMode: rings} @ webpack-internal:///(app-pages-browser)/./src/features/home/components/calendar/MonthlyCalendarGrid.tsx:160
[   19564ms] [LOG] ACTIVE CALENDAR FILE: MonthlyCalendarGrid.tsx {cellHeight: 60, engine: DayIconCell (unified with home screen), viewMode: rings} @ webpack-internal:///(app-pages-browser)/./src/features/home/components/calendar/MonthlyCalendarGrid.tsx:160
[   19565ms] [LOG] ACTIVE CALENDAR FILE: MonthlyCalendarGrid.tsx {cellHeight: 60, engine: DayIconCell (unified with home screen), viewMode: rings} @ webpack-internal:///(app-pages-browser)/./src/features/home/components/calendar/MonthlyCalendarGrid.tsx:160
[   19860ms] [LOG] ACTIVE CALENDAR FILE: MonthlyCalendarGrid.tsx {cellHeight: 60, engine: DayIconCell (unified with home screen), viewMode: rings} @ webpack-internal:///(app-pages-browser)/./src/features/home/components/calendar/MonthlyCalendarGrid.tsx:160
[   19860ms] [LOG] ACTIVE CALENDAR FILE: MonthlyCalendarGrid.tsx {cellHeight: 60, engine: DayIconCell (unified with home screen), viewMode: rings} @ webpack-internal:///(app-pages-browser)/./src/features/home/components/calendar/MonthlyCalendarGrid.tsx:160
[   63696ms] [LOG] ACTIVE CALENDAR FILE: MonthlyCalendarGrid.tsx {cellHeight: 60, engine: DayIconCell (unified with home screen), viewMode: rings} @ webpack-internal:///(app-pages-browser)/./src/features/home/components/calendar/MonthlyCalendarGrid.tsx:160
[   63697ms] [LOG] ACTIVE CALENDAR FILE: MonthlyCalendarGrid.tsx {cellHeight: 60, engine: DayIconCell (unified with home screen), viewMode: rings} @ webpack-internal:///(app-pages-browser)/./src/features/home/components/calendar/MonthlyCalendarGrid.tsx:160
[   64702ms] [LOG] [StatsOverview] 📊 State Sync: domainId=full_body | tracks.level=15 tracks.percent=21.44 | domains.level=15 | RESOLVED → Level 15, 21% @ webpack-internal:///(app-pages-browser)/./src/features/home/components/StatsOverview.tsx:627
[   64703ms] [LOG] [StatsOverview] 📊 State Sync: domainId=full_body | tracks.level=15 tracks.percent=21.44 | domains.level=15 | RESOLVED → Level 15, 21% @ webpack-internal:///(app-pages-browser)/./src/features/home/components/StatsOverview.tsx:627
[   64705ms] [LOG] ACTIVE CALENDAR FILE: MonthlyCalendarGrid.tsx {cellHeight: 60, engine: DayIconCell (unified with home screen), viewMode: rings} @ webpack-internal:///(app-pages-browser)/./src/features/home/components/calendar/MonthlyCalendarGrid.tsx:160
[   64705ms] [LOG] ACTIVE CALENDAR FILE: MonthlyCalendarGrid.tsx {cellHeight: 60, engine: DayIconCell (unified with home screen), viewMode: rings} @ webpack-internal:///(app-pages-browser)/./src/features/home/components/calendar/MonthlyCalendarGrid.tsx:160
[   64726ms] [LOG] 🧠 Brain Decision (Stable): DEFAULT @ webpack-internal:///(app-pages-browser)/./src/features/home/components/StatsOverview.tsx:547
[   64726ms] [LOG] [StatsOverview] targetDate changed → 2026-09-03, generation guard reset @ webpack-internal:///(app-pages-browser)/./src/features/home/components/StatsOverview.tsx:731
[   64732ms] [LOG] 🧠 Brain Decision (Stable): DEFAULT @ webpack-internal:///(app-pages-browser)/./src/features/home/components/StatsOverview.tsx:547
[   64732ms] [LOG] [StatsOverview] targetDate changed → 2026-09-03, generation guard reset @ webpack-internal:///(app-pages-browser)/./src/features/home/components/StatsOverview.tsx:731
[   64733ms] [LOG] [StatsOverview] Context: requested=home → effective=home (source=non-park, gear=0) @ webpack-internal:///(app-pages-browser)/./src/features/home/components/StatsOverview.tsx:905
[   64733ms] [LOG] [StatsOverview] Context: requested=home → effective=home (source=non-park, gear=0) @ webpack-internal:///(app-pages-browser)/./src/features/home/components/StatsOverview.tsx:905
[   64736ms] [LOG] ACTIVE CALENDAR FILE: MonthlyCalendarGrid.tsx {cellHeight: 60, engine: DayIconCell (unified with home screen), viewMode: rings} @ webpack-internal:///(app-pages-browser)/./src/features/home/components/calendar/MonthlyCalendarGrid.tsx:160
[   64736ms] [LOG] ACTIVE CALENDAR FILE: MonthlyCalendarGrid.tsx {cellHeight: 60, engine: DayIconCell (unified with home screen), viewMode: rings} @ webpack-internal:///(app-pages-browser)/./src/features/home/components/calendar/MonthlyCalendarGrid.tsx:160
[   64771ms] [LOG] [ActivityStore] No Firestore data, created new day @ webpack-internal:///(app-pages-browser)/./src/features/activity/store/useActivityStore.ts:672
[   64869ms] [LOG] [ActivityStore] No Firestore data, created new day @ webpack-internal:///(app-pages-browser)/./src/features/activity/store/useActivityStore.ts:672
[   64869ms] [LOG] [ActivityStore] Streak updated from Firestore: 1 @ webpack-internal:///(app-pages-browser)/./src/features/activity/store/useActivityStore.ts:899
[   64871ms] [LOG] ACTIVE CALENDAR FILE: MonthlyCalendarGrid.tsx {cellHeight: 60, engine: DayIconCell (unified with home screen), viewMode: rings} @ webpack-internal:///(app-pages-browser)/./src/features/home/components/calendar/MonthlyCalendarGrid.tsx:160
[   64871ms] [LOG] ACTIVE CALENDAR FILE: MonthlyCalendarGrid.tsx {cellHeight: 60, engine: DayIconCell (unified with home screen), viewMode: rings} @ webpack-internal:///(app-pages-browser)/./src/features/home/components/calendar/MonthlyCalendarGrid.tsx:160
[   64905ms] [LOG] [ActivityStore] Streak broken - missed days @ webpack-internal:///(app-pages-browser)/./src/features/activity/store/useActivityStore.ts:692
[   64908ms] [LOG] [ActivityStore] Streak broken - missed days @ webpack-internal:///(app-pages-browser)/./src/features/activity/store/useActivityStore.ts:692
[   64930ms] [LOG] [buildIdToSlugMap] Built 14 entries: [EtY8YCol…→human_flag, J0fLpmJh…→push, H2279XsR…→full_body, kDMpobbK…→core, UPDBtTdC…→pull, cC0BOmm6…→one_arm_pullup, fTLWzjP9…→muscle_up, IOfBZFeo…→handstand, pCI5NHXp…→planche, 47smw26h…→upper_body, OrAmOH3F…→legs, mFcuYlNg…→front_lever, JCac76p4…→calisthenics_upper, PAxprHuT…→handstand_pushup] @ webpack-internal:///(app-pages-browser)/./src/features/workout-engine/services/program-hierarchy.utils.ts:121
[   64930ms] [LOG] [buildIdToSlugMap] Built 14 entries: [EtY8YCol…→human_flag, J0fLpmJh…→push, H2279XsR…→full_body, kDMpobbK…→core, UPDBtTdC…→pull, cC0BOmm6…→one_arm_pullup, fTLWzjP9…→muscle_up, IOfBZFeo…→handstand, pCI5NHXp…→planche, 47smw26h…→upper_body, OrAmOH3F…→legs, mFcuYlNg…→front_lever, JCac76p4…→calisthenics_upper, PAxprHuT…→handstand_pushup] @ webpack-internal:///(app-pages-browser)/./src/features/workout-engine/services/program-hierarchy.utils.ts:121
[   64931ms] [LOG] [WeeklyVolume] Recalculated from activities: 0 cardio sessions, 0 min @ webpack-internal:///(app-pages-browser)/./src/features/workout-engine/core/store/useWeeklyVolumeStore.ts:310
[   65192ms] [LOG] [UTS] Schedule for 2026-09-03: type=rest programs=[] lateNight=false @ webpack-internal:///(app-pages-browser)/./src/features/home/components/StatsOverview.tsx:944
[   65193ms] [LOG] [UTS] Schedule for 2026-09-03: type=rest programs=[] lateNight=false @ webpack-internal:///(app-pages-browser)/./src/features/home/components/StatsOverview.tsx:944
[   65193ms] [LOG] [ActivityStore] Loaded from Firestore - Streak: 0 @ webpack-internal:///(app-pages-browser)/./src/features/activity/store/useActivityStore.ts:805
[   65196ms] [LOG] ACTIVE CALENDAR FILE: MonthlyCalendarGrid.tsx {cellHeight: 60, engine: DayIconCell (unified with home screen), viewMode: rings} @ webpack-internal:///(app-pages-browser)/./src/features/home/components/calendar/MonthlyCalendarGrid.tsx:160
[   65196ms] [LOG] ACTIVE CALENDAR FILE: MonthlyCalendarGrid.tsx {cellHeight: 60, engine: DayIconCell (unified with home screen), viewMode: rings} @ webpack-internal:///(app-pages-browser)/./src/features/home/components/calendar/MonthlyCalendarGrid.tsx:160
[   65218ms] [LOG] ACTIVE CALENDAR FILE: MonthlyCalendarGrid.tsx {cellHeight: 60, engine: DayIconCell (unified with home screen), viewMode: rings} @ webpack-internal:///(app-pages-browser)/./src/features/home/components/calendar/MonthlyCalendarGrid.tsx:160
[   65218ms] [LOG] ACTIVE CALENDAR FILE: MonthlyCalendarGrid.tsx {cellHeight: 60, engine: DayIconCell (unified with home screen), viewMode: rings} @ webpack-internal:///(app-pages-browser)/./src/features/home/components/calendar/MonthlyCalendarGrid.tsx:160
[   65239ms] [LOG] [ActivityStore] Loaded from Firestore - Streak: 0 @ webpack-internal:///(app-pages-browser)/./src/features/activity/store/useActivityStore.ts:805
[   65244ms] [LOG] ACTIVE CALENDAR FILE: MonthlyCalendarGrid.tsx {cellHeight: 60, engine: DayIconCell (unified with home screen), viewMode: rings} @ webpack-internal:///(app-pages-browser)/./src/features/home/components/calendar/MonthlyCalendarGrid.tsx:160
[   65244ms] [LOG] ACTIVE CALENDAR FILE: MonthlyCalendarGrid.tsx {cellHeight: 60, engine: DayIconCell (unified with home screen), viewMode: rings} @ webpack-internal:///(app-pages-browser)/./src/features/home/components/calendar/MonthlyCalendarGrid.tsx:160
[   65266ms] [LOG] ACTIVE CALENDAR FILE: MonthlyCalendarGrid.tsx {cellHeight: 60, engine: DayIconCell (unified with home screen), viewMode: rings} @ webpack-internal:///(app-pages-browser)/./src/features/home/components/calendar/MonthlyCalendarGrid.tsx:160
[   65266ms] [LOG] ACTIVE CALENDAR FILE: MonthlyCalendarGrid.tsx {cellHeight: 60, engine: DayIconCell (unified with home screen), viewMode: rings} @ webpack-internal:///(app-pages-browser)/./src/features/home/components/calendar/MonthlyCalendarGrid.tsx:160
[   65683ms] [LOG] [WorkoutTrio] No app_config/workout_trio doc → using pre-seeded Hebrew labels @ webpack-internal:///(app-pages-browser)/./src/features/workout-engine/services/trio-labels.service.ts:53
[   65684ms] [LOG] [WorkoutTrio] Rest-day fast path: 3 options from pool of 7 (targeted query, full pipeline skipped) @ webpack-internal:///(app-pages-browser)/./src/features/workout-engine/services/home-workout.service.ts:448
[   65684ms] [LOG] [WorkoutTrio] No app_config/workout_trio doc → using pre-seeded Hebrew labels @ webpack-internal:///(app-pages-browser)/./src/features/workout-engine/services/trio-labels.service.ts:53
[   65684ms] [LOG] [WorkoutTrio] Rest-day fast path: 3 options from pool of 7 (targeted query, full pipeline skipped) @ webpack-internal:///(app-pages-browser)/./src/features/workout-engine/services/home-workout.service.ts:448
[   65687ms] [LOG] ACTIVE CALENDAR FILE: MonthlyCalendarGrid.tsx {cellHeight: 60, engine: DayIconCell (unified with home screen), viewMode: rings} @ webpack-internal:///(app-pages-browser)/./src/features/home/components/calendar/MonthlyCalendarGrid.tsx:160
[   65687ms] [LOG] ACTIVE CALENDAR FILE: MonthlyCalendarGrid.tsx {cellHeight: 60, engine: DayIconCell (unified with home screen), viewMode: rings} @ webpack-internal:///(app-pages-browser)/./src/features/home/components/calendar/MonthlyCalendarGrid.tsx:160
[   65717ms] [LOG] ACTIVE CALENDAR FILE: MonthlyCalendarGrid.tsx {cellHeight: 60, engine: DayIconCell (unified with home screen), viewMode: rings} @ webpack-internal:///(app-pages-browser)/./src/features/home/components/calendar/MonthlyCalendarGrid.tsx:160
[   65717ms] [LOG] ACTIVE CALENDAR FILE: MonthlyCalendarGrid.tsx {cellHeight: 60, engine: DayIconCell (unified with home screen), viewMode: rings} @ webpack-internal:///(app-pages-browser)/./src/features/home/components/calendar/MonthlyCalendarGrid.tsx:160
[   66262ms] [LOG] [ActivityStore] No Firestore data, created new day @ webpack-internal:///(app-pages-browser)/./src/features/activity/store/useActivityStore.ts:672
[   66263ms] [LOG] [ActivityStore] No Firestore data, created new day @ webpack-internal:///(app-pages-browser)/./src/features/activity/store/useActivityStore.ts:672
[   66263ms] [LOG] [ActivityStore] No Firestore data, created new day @ webpack-internal:///(app-pages-browser)/./src/features/activity/store/useActivityStore.ts:672
[   66263ms] [LOG] [ActivityStore] No Firestore data, created new day @ webpack-internal:///(app-pages-browser)/./src/features/activity/store/useActivityStore.ts:672
[   66263ms] [LOG] [ActivityStore] Streak broken - missed days @ webpack-internal:///(app-pages-browser)/./src/features/activity/store/useActivityStore.ts:692
[   66263ms] [LOG] [ActivityStore] Streak broken - missed days @ webpack-internal:///(app-pages-browser)/./src/features/activity/store/useActivityStore.ts:692
[   66263ms] [LOG] [ActivityStore] Streak broken - missed days @ webpack-internal:///(app-pages-browser)/./src/features/activity/store/useActivityStore.ts:692
[   66263ms] [LOG] [ActivityStore] Streak broken - missed days @ webpack-internal:///(app-pages-browser)/./src/features/activity/store/useActivityStore.ts:692
[   66524ms] [LOG] [ActivityStore] Loaded from Firestore - Streak: 0 @ webpack-internal:///(app-pages-browser)/./src/features/activity/store/useActivityStore.ts:805
[   66529ms] [LOG] ACTIVE CALENDAR FILE: MonthlyCalendarGrid.tsx {cellHeight: 60, engine: DayIconCell (unified with home screen), viewMode: rings} @ webpack-internal:///(app-pages-browser)/./src/features/home/components/calendar/MonthlyCalendarGrid.tsx:160
[   66530ms] [LOG] ACTIVE CALENDAR FILE: MonthlyCalendarGrid.tsx {cellHeight: 60, engine: DayIconCell (unified with home screen), viewMode: rings} @ webpack-internal:///(app-pages-browser)/./src/features/home/components/calendar/MonthlyCalendarGrid.tsx:160
[   66555ms] [LOG] [ActivityStore] Loaded from Firestore - Streak: 0 @ webpack-internal:///(app-pages-browser)/./src/features/activity/store/useActivityStore.ts:805
[   66557ms] [LOG] ACTIVE CALENDAR FILE: MonthlyCalendarGrid.tsx {cellHeight: 60, engine: DayIconCell (unified with home screen), viewMode: rings} @ webpack-internal:///(app-pages-browser)/./src/features/home/components/calendar/MonthlyCalendarGrid.tsx:160
[   66557ms] [LOG] ACTIVE CALENDAR FILE: MonthlyCalendarGrid.tsx {cellHeight: 60, engine: DayIconCell (unified with home screen), viewMode: rings} @ webpack-internal:///(app-pages-browser)/./src/features/home/components/calendar/MonthlyCalendarGrid.tsx:160
[   66578ms] [LOG] [ActivityStore] Loaded from Firestore - Streak: 0 @ webpack-internal:///(app-pages-browser)/./src/features/activity/store/useActivityStore.ts:805
[   66585ms] [LOG] ACTIVE CALENDAR FILE: MonthlyCalendarGrid.tsx {cellHeight: 60, engine: DayIconCell (unified with home screen), viewMode: rings} @ webpack-internal:///(app-pages-browser)/./src/features/home/components/calendar/MonthlyCalendarGrid.tsx:160
[   66585ms] [LOG] ACTIVE CALENDAR FILE: MonthlyCalendarGrid.tsx {cellHeight: 60, engine: DayIconCell (unified with home screen), viewMode: rings} @ webpack-internal:///(app-pages-browser)/./src/features/home/components/calendar/MonthlyCalendarGrid.tsx:160
[   66606ms] [LOG] [ActivityStore] Loaded from Firestore - Streak: 0 @ webpack-internal:///(app-pages-browser)/./src/features/activity/store/useActivityStore.ts:805
[   66608ms] [LOG] ACTIVE CALENDAR FILE: MonthlyCalendarGrid.tsx {cellHeight: 60, engine: DayIconCell (unified with home screen), viewMode: rings} @ webpack-internal:///(app-pages-browser)/./src/features/home/components/calendar/MonthlyCalendarGrid.tsx:160
[   66608ms] [LOG] ACTIVE CALENDAR FILE: MonthlyCalendarGrid.tsx {cellHeight: 60, engine: DayIconCell (unified with home screen), viewMode: rings} @ webpack-internal:///(app-pages-browser)/./src/features/home/components/calendar/MonthlyCalendarGrid.tsx:160
[  123690ms] [LOG] ACTIVE CALENDAR FILE: MonthlyCalendarGrid.tsx {cellHeight: 60, engine: DayIconCell (unified with home screen), viewMode: rings} @ webpack-internal:///(app-pages-browser)/./src/features/home/components/calendar/MonthlyCalendarGrid.tsx:160
[  123690ms] [LOG] ACTIVE CALENDAR FILE: MonthlyCalendarGrid.tsx {cellHeight: 60, engine: DayIconCell (unified with home screen), viewMode: rings} @ webpack-internal:///(app-pages-browser)/./src/features/home/components/calendar/MonthlyCalendarGrid.tsx:160
[  183691ms] [LOG] ACTIVE CALENDAR FILE: MonthlyCalendarGrid.tsx {cellHeight: 60, engine: DayIconCell (unified with home screen), viewMode: rings} @ webpack-internal:///(app-pages-browser)/./src/features/home/components/calendar/MonthlyCalendarGrid.tsx:160
[  183692ms] [LOG] ACTIVE CALENDAR FILE: MonthlyCalendarGrid.tsx {cellHeight: 60, engine: DayIconCell (unified with home screen), viewMode: rings} @ webpack-internal:///(app-pages-browser)/./src/features/home/components/calendar/MonthlyCalendarGrid.tsx:160
[  227486ms] [LOG] ACTIVE CALENDAR FILE: MonthlyCalendarGrid.tsx {cellHeight: 60, engine: DayIconCell (unified with home screen), viewMode: rings} @ webpack-internal:///(app-pages-browser)/./src/features/home/components/calendar/MonthlyCalendarGrid.tsx:160
[  227486ms] [LOG] ACTIVE CALENDAR FILE: MonthlyCalendarGrid.tsx {cellHeight: 60, engine: DayIconCell (unified with home screen), viewMode: rings} @ webpack-internal:///(app-pages-browser)/./src/features/home/components/calendar/MonthlyCalendarGrid.tsx:160
[  227506ms] [LOG] [HomeContext] Domain 'legs' resolved to L1 (Source: Domains) @ webpack-internal:///(app-pages-browser)/./src/features/workout-engine/services/level-resolution.utils.ts:117
[  227506ms] [LOG] [HomeContext] Domain 'planche' resolved to L10 (Source: Tracks) @ webpack-internal:///(app-pages-browser)/./src/features/workout-engine/services/level-resolution.utils.ts:117
[  227506ms] [LOG] [HomeContext] Domain 'push' resolved to L12 (Source: Tracks) @ webpack-internal:///(app-pages-browser)/./src/features/workout-engine/services/level-resolution.utils.ts:117
[  227506ms] [LOG] [HomeContext] Domain 'front_lever' resolved to L13 (Source: Tracks) @ webpack-internal:///(app-pages-browser)/./src/features/workout-engine/services/level-resolution.utils.ts:117
[  227506ms] [LOG] [HomeContext] Domain 'pull' resolved to L22 (Source: Tracks) @ webpack-internal:///(app-pages-browser)/./src/features/workout-engine/services/level-resolution.utils.ts:117
[  227506ms] [LOG] [HomeContext] Domain 'core' resolved to L1 (Source: Domains) @ webpack-internal:///(app-pages-browser)/./src/features/workout-engine/services/level-resolution.utils.ts:117
[  227506ms] [LOG] [HomeContext] Domain 'calisthenics_upper' resolved to L13 (Source: Tracks) @ webpack-internal:///(app-pages-browser)/./src/features/workout-engine/services/level-resolution.utils.ts:117
[  227506ms] [LOG] [HomeContext] Domain 'upper_body' resolved to L21 (Source: Tracks) @ webpack-internal:///(app-pages-browser)/./src/features/workout-engine/services/level-resolution.utils.ts:117
[  227506ms] [LOG] [HomeContext] Domain '47smw26hUyG5ZbE1bhr3' resolved to L21 (Source: Tracks) @ webpack-internal:///(app-pages-browser)/./src/features/workout-engine/services/level-resolution.utils.ts:117
[  227506ms] [LOG] [HomeContext] Domain 'full_body' resolved to L15 (Source: Tracks) @ webpack-internal:///(app-pages-browser)/./src/features/workout-engine/services/level-resolution.utils.ts:117
[  227506ms] [LOG] [HomeContext] Domain 'H2279XsRGDg9G370J7S9' resolved to L15 (Source: Tracks) @ webpack-internal:///(app-pages-browser)/./src/features/workout-engine/services/level-resolution.utils.ts:117
[  227506ms] [LOG] [HomeContext] Domain 'fTLWzjP9gH2VNpamyCZF' → slug 'muscle_up' dual-keyed at L21 (Source: Tracks) @ webpack-internal:///(app-pages-browser)/./src/features/workout-engine/services/level-resolution.utils.ts:115
[  227506ms] [LOG] [HomeContext] Domain 'muscle_up' resolved to L21 (Source: Tracks) @ webpack-internal:///(app-pages-browser)/./src/features/workout-engine/services/level-resolution.utils.ts:117
[  227506ms] [LOG] [HomeContext] Domain 'human_flag' — no assessed level, left ABSENT (no invention) @ webpack-internal:///(app-pages-browser)/./src/features/workout-engine/services/level-resolution.utils.ts:104
[  227506ms] [LOG] [HomeContext] Domain 'one_arm_pullup' — no assessed level, left ABSENT (no invention) @ webpack-internal:///(app-pages-browser)/./src/features/workout-engine/services/level-resolution.utils.ts:104
[  227506ms] [LOG] [HomeContext] Domain 'handstand_pushup' — no assessed level, left ABSENT (no invention) @ webpack-internal:///(app-pages-browser)/./src/features/workout-engine/services/level-resolution.utils.ts:104
[  227506ms] [LOG] [HomeContext] Domain 'handstand' — no assessed level, left ABSENT (no invention) @ webpack-internal:///(app-pages-browser)/./src/features/workout-engine/services/level-resolution.utils.ts:104
[  227506ms] [LOG] [HomeContext] Domain 'legs' is L1 (max across tracks: L22) @ webpack-internal:///(app-pages-browser)/./src/features/workout-engine/services/level-resolution.utils.ts:185
[  227506ms] [LOG] [HomeContext] Domain 'core' is L1 (max across tracks: L22) @ webpack-internal:///(app-pages-browser)/./src/features/workout-engine/services/level-resolution.utils.ts:185
[  227506ms] [LOG] [HomeWorkout] 🏞️ No location specified → "park" (PARK FORCE active) @ webpack-internal:///(app-pages-browser)/./src/features/workout-engine/services/home-workout.service.ts:1223
[  227506ms] [LOG] [HomeWorkout] scheduledProgramIds normalised: [] → [full_body] @ webpack-internal:///(app-pages-browser)/./src/features/workout-engine/services/home-workout.service.ts:1236
[  227510ms] [LOG] ACTIVE CALENDAR FILE: MonthlyCalendarGrid.tsx {cellHeight: 60, engine: DayIconCell (unified with home screen), viewMode: rings} @ webpack-internal:///(app-pages-browser)/./src/features/home/components/calendar/MonthlyCalendarGrid.tsx:160
[  227511ms] [LOG] ACTIVE CALENDAR FILE: MonthlyCalendarGrid.tsx {cellHeight: 60, engine: DayIconCell (unified with home screen), viewMode: rings} @ webpack-internal:///(app-pages-browser)/./src/features/home/components/calendar/MonthlyCalendarGrid.tsx:160
[  227531ms] [LOG] [StatsOverview] targetDate changed → 2026-09-10, generation guard reset @ webpack-internal:///(app-pages-browser)/./src/features/home/components/StatsOverview.tsx:731
[  227536ms] [LOG] [StatsOverview] Context: requested=home → effective=home (source=non-park, gear=0) @ webpack-internal:///(app-pages-browser)/./src/features/home/components/StatsOverview.tsx:905
[  227558ms] [LOG] ACTIVE CALENDAR FILE: MonthlyCalendarGrid.tsx {cellHeight: 60, engine: DayIconCell (unified with home screen), viewMode: rings} @ webpack-internal:///(app-pages-browser)/./src/features/home/components/calendar/MonthlyCalendarGrid.tsx:160
[  227558ms] [LOG] ACTIVE CALENDAR FILE: MonthlyCalendarGrid.tsx {cellHeight: 60, engine: DayIconCell (unified with home screen), viewMode: rings} @ webpack-internal:///(app-pages-browser)/./src/features/home/components/calendar/MonthlyCalendarGrid.tsx:160
[  228075ms] [LOG] [buildIdToSlugMap] Built 14 entries: [EtY8YCol…→human_flag, J0fLpmJh…→push, H2279XsR…→full_body, kDMpobbK…→core, UPDBtTdC…→pull, cC0BOmm6…→one_arm_pullup, fTLWzjP9…→muscle_up, IOfBZFeo…→handstand, pCI5NHXp…→planche, 47smw26h…→upper_body, OrAmOH3F…→legs, mFcuYlNg…→front_lever, JCac76p4…→calisthenics_upper, PAxprHuT…→handstand_pushup] @ webpack-internal:///(app-pages-browser)/./src/features/workout-engine/services/program-hierarchy.utils.ts:121
[  228075ms] [LOG] [HomeWorkout:Trio] Domain 'legs' resolved to L1 (Source: Domains) @ webpack-internal:///(app-pages-browser)/./src/features/workout-engine/services/level-resolution.utils.ts:117
[  228075ms] [LOG] [HomeWorkout:Trio] Domain 'planche' resolved to L10 (Source: Tracks) @ webpack-internal:///(app-pages-browser)/./src/features/workout-engine/services/level-resolution.utils.ts:117
[  228075ms] [LOG] [HomeWorkout:Trio] Domain 'push' resolved to L12 (Source: Tracks) @ webpack-internal:///(app-pages-browser)/./src/features/workout-engine/services/level-resolution.utils.ts:117
[  228075ms] [LOG] [HomeWorkout:Trio] Domain 'front_lever' resolved to L13 (Source: Tracks) @ webpack-internal:///(app-pages-browser)/./src/features/workout-engine/services/level-resolution.utils.ts:117
[  228075ms] [LOG] [HomeWorkout:Trio] Domain 'pull' resolved to L22 (Source: Tracks) @ webpack-internal:///(app-pages-browser)/./src/features/workout-engine/services/level-resolution.utils.ts:117
[  228075ms] [LOG] [HomeWorkout:Trio] Domain 'core' resolved to L1 (Source: Domains) @ webpack-internal:///(app-pages-browser)/./src/features/workout-engine/services/level-resolution.utils.ts:117
[  228075ms] [LOG] [HomeWorkout:Trio] Domain 'calisthenics_upper' resolved to L13 (Source: Tracks) @ webpack-internal:///(app-pages-browser)/./src/features/workout-engine/services/level-resolution.utils.ts:117
[  228075ms] [LOG] [HomeWorkout:Trio] Domain 'upper_body' resolved to L21 (Source: Tracks) @ webpack-internal:///(app-pages-browser)/./src/features/workout-engine/services/level-resolution.utils.ts:117
[  228075ms] [LOG] [HomeWorkout:Trio] Skipping master program "47smw26hUyG5ZbE1bhr3" (display-only) @ webpack-internal:///(app-pages-browser)/./src/features/workout-engine/services/level-resolution.utils.ts:96
[  228075ms] [LOG] [HomeWorkout:Trio] Domain 'full_body' resolved to L15 (Source: Tracks) @ webpack-internal:///(app-pages-browser)/./src/features/workout-engine/services/level-resolution.utils.ts:117
[  228075ms] [LOG] [HomeWorkout:Trio] Skipping master program "H2279XsRGDg9G370J7S9" (display-only) @ webpack-internal:///(app-pages-browser)/./src/features/workout-engine/services/level-resolution.utils.ts:96
[  228075ms] [LOG] [HomeWorkout:Trio] Skipping master program "fTLWzjP9gH2VNpamyCZF" (display-only) @ webpack-internal:///(app-pages-browser)/./src/features/workout-engine/services/level-resolution.utils.ts:96
[  228075ms] [LOG] [HomeWorkout:Trio] Domain 'muscle_up' resolved to L21 (Source: Tracks) @ webpack-internal:///(app-pages-browser)/./src/features/workout-engine/services/level-resolution.utils.ts:117
[  228075ms] [LOG] [HomeWorkout:Trio] Domain 'human_flag' — no assessed level, left ABSENT (no invention) @ webpack-internal:///(app-pages-browser)/./src/features/workout-engine/services/level-resolution.utils.ts:104
[  228075ms] [LOG] [HomeWorkout:Trio] Domain 'one_arm_pullup' — no assessed level, left ABSENT (no invention) @ webpack-internal:///(app-pages-browser)/./src/features/workout-engine/services/level-resolution.utils.ts:104
[  228075ms] [LOG] [HomeWorkout:Trio] Domain 'handstand_pushup' — no assessed level, left ABSENT (no invention) @ webpack-internal:///(app-pages-browser)/./src/features/workout-engine/services/level-resolution.utils.ts:104
[  228075ms] [LOG] [HomeWorkout:Trio] Domain 'handstand' — no assessed level, left ABSENT (no invention) @ webpack-internal:///(app-pages-browser)/./src/features/workout-engine/services/level-resolution.utils.ts:104
[  228075ms] [LOG] [HomeWorkout:Trio] Domain 'legs' is L1 (max across tracks: L22) @ webpack-internal:///(app-pages-browser)/./src/features/workout-engine/services/level-resolution.utils.ts:185
[  228075ms] [LOG] [HomeWorkout:Trio] Domain 'core' is L1 (max across tracks: L22) @ webpack-internal:///(app-pages-browser)/./src/features/workout-engine/services/level-resolution.utils.ts:185
[  228075ms] [LOG] [HomeWorkout:Trio] [MasterDerive] "H2279XsRGDg9G370J7S9" → L12 (avg of [12,22,1] = 12, cap=15) @ webpack-internal:///(app-pages-browser)/./src/features/workout-engine/services/level-resolution.utils.ts:202
[  228075ms] [LOG] [HomeWorkout:Trio] [MasterDerive] "fTLWzjP9gH2VNpamyCZF" → L12 (avg of [12,22,1] = 12, cap=15) @ webpack-internal:///(app-pages-browser)/./src/features/workout-engine/services/level-resolution.utils.ts:202
[  228075ms] [LOG] [HomeWorkout:Trio] [MasterDerive] "47smw26hUyG5ZbE1bhr3" → L12 (avg of [12,22,1] = 12, cap=15) @ webpack-internal:///(app-pages-browser)/./src/features/workout-engine/services/level-resolution.utils.ts:202
[  228075ms] [LOG] [HomeWorkout:Trio] [MasterDerive] "JCac76p48XGZ5MVahLI2" → L12 (avg of [12,22,1] = 12, cap=15) @ webpack-internal:///(app-pages-browser)/./src/features/workout-engine/services/level-resolution.utils.ts:202
[  228076ms] [LOG] [HomeWorkout] Empty equipment profile for location "park" — defaulting to bodyweight @ webpack-internal:///(app-pages-browser)/./src/features/workout-engine/services/user-profile.utils.ts:148
[  228076ms] [WARNING] [InputSanitizer] ⚠️ No park inventory resolved — ESSENTIAL_PARK_GEAR fallback active @ webpack-internal:///(app-pages-browser)/./src/features/workout-engine/core/middleware/InputSanitizerMiddleware.ts:110
[  228076ms] [LOG] [buildIdToSlugMap] Built 14 entries: [EtY8YCol…→human_flag, J0fLpmJh…→push, H2279XsR…→full_body, kDMpobbK…→core, UPDBtTdC…→pull, cC0BOmm6…→one_arm_pullup, fTLWzjP9…→muscle_up, IOfBZFeo…→handstand, pCI5NHXp…→planche, 47smw26h…→upper_body, OrAmOH3F…→legs, mFcuYlNg…→front_lever, JCac76p4…→calisthenics_upper, PAxprHuT…→handstand_pushup] @ webpack-internal:///(app-pages-browser)/./src/features/workout-engine/services/program-hierarchy.utils.ts:121
[  228076ms] [LOG] [buildIdToSlugMap] Built 14 entries: [EtY8YCol…→human_flag, J0fLpmJh…→push, H2279XsR…→full_body, kDMpobbK…→core, UPDBtTdC…→pull, cC0BOmm6…→one_arm_pullup, fTLWzjP9…→muscle_up, IOfBZFeo…→handstand, pCI5NHXp…→planche, 47smw26h…→upper_body, OrAmOH3F…→legs, mFcuYlNg…→front_lever, JCac76p4…→calisthenics_upper, PAxprHuT…→handstand_pushup] @ webpack-internal:///(app-pages-browser)/./src/features/workout-engine/services/program-hierarchy.utils.ts:121
[  228076ms] [LOG] [buildIdToSlugMap] Built 14 entries: [EtY8YCol…→human_flag, J0fLpmJh…→push, H2279XsR…→full_body, kDMpobbK…→core, UPDBtTdC…→pull, cC0BOmm6…→one_arm_pullup, fTLWzjP9…→muscle_up, IOfBZFeo…→handstand, pCI5NHXp…→planche, 47smw26h…→upper_body, OrAmOH3F…→legs, mFcuYlNg…→front_lever, JCac76p4…→calisthenics_upper, PAxprHuT…→handstand_pushup] @ webpack-internal:///(app-pages-browser)/./src/features/workout-engine/services/program-hierarchy.utils.ts:121
[  228076ms] [LOG] [buildIdToSlugMap] Built 14 entries: [EtY8YCol…→human_flag, J0fLpmJh…→push, H2279XsR…→full_body, kDMpobbK…→core, UPDBtTdC…→pull, cC0BOmm6…→one_arm_pullup, fTLWzjP9…→muscle_up, IOfBZFeo…→handstand, pCI5NHXp…→planche, 47smw26h…→upper_body, OrAmOH3F…→legs, mFcuYlNg…→front_lever, JCac76p4…→calisthenics_upper, PAxprHuT…→handstand_pushup] @ webpack-internal:///(app-pages-browser)/./src/features/workout-engine/services/program-hierarchy.utils.ts:121
[  228076ms] [LOG] [buildIdToSlugMap] Built 14 entries: [EtY8YCol…→human_flag, J0fLpmJh…→push, H2279XsR…→full_body, kDMpobbK…→core, UPDBtTdC…→pull, cC0BOmm6…→one_arm_pullup, fTLWzjP9…→muscle_up, IOfBZFeo…→handstand, pCI5NHXp…→planche, 47smw26h…→upper_body, OrAmOH3F…→legs, mFcuYlNg…→front_lever, JCac76p4…→calisthenics_upper, PAxprHuT…→handstand_pushup] @ webpack-internal:///(app-pages-browser)/./src/features/workout-engine/services/program-hierarchy.utils.ts:121
[  228076ms] [LOG] [DomainBudget] activeProgramId="full_body" slug="full_body" resolvedChildDomains=[push, pull, legs, core] isFullBodyMaster=true isCalisthenicsUpperMaster=false isUpperBodyMaster=false @ webpack-internal:///(app-pages-browser)/./src/features/workout-engine/services/home-workout.service.ts:1387
[  228076ms] [LOG] [LeadProgram] push: resolved L12 via pattern(push) @ webpack-internal:///(app-pages-browser)/./src/features/workout-engine/services/lead-program.service.ts:264
[  228077ms] [LOG] [UTS] Schedule for 2026-09-10: type=training programs=[FULL_BODY] lateNight=false @ webpack-internal:///(app-pages-browser)/./src/features/home/components/StatsOverview.tsx:944
[  228077ms] [LOG] [HomeWorkout] 📍 location honored: using "home" (Park Force disabled) @ webpack-internal:///(app-pages-browser)/./src/features/workout-engine/services/home-workout.service.ts:1221
[  228077ms] [LOG] [HomeWorkout] scheduledProgramIds normalised: [FULL_BODY] → [full_body] @ webpack-internal:///(app-pages-browser)/./src/features/workout-engine/services/home-workout.service.ts:1236
[  228366ms] [LOG] [LeadProgram] pull: resolved L22 via pattern(pull) @ webpack-internal:///(app-pages-browser)/./src/features/workout-engine/services/lead-program.service.ts:264
[  228382ms] [LOG] [buildIdToSlugMap] Built 14 entries: [EtY8YCol…→human_flag, J0fLpmJh…→push, H2279XsR…→full_body, kDMpobbK…→core, UPDBtTdC…→pull, cC0BOmm6…→one_arm_pullup, fTLWzjP9…→muscle_up, IOfBZFeo…→handstand, pCI5NHXp…→planche, 47smw26h…→upper_body, OrAmOH3F…→legs, mFcuYlNg…→front_lever, JCac76p4…→calisthenics_upper, PAxprHuT…→handstand_pushup] @ webpack-internal:///(app-pages-browser)/./src/features/workout-engine/services/program-hierarchy.utils.ts:121
[  228382ms] [LOG] [HomeWorkout:Trio] Domain 'legs' resolved to L1 (Source: Domains) @ webpack-internal:///(app-pages-browser)/./src/features/workout-engine/services/level-resolution.utils.ts:117
[  228382ms] [LOG] [HomeWorkout:Trio] Domain 'planche' resolved to L10 (Source: Tracks) @ webpack-internal:///(app-pages-browser)/./src/features/workout-engine/services/level-resolution.utils.ts:117
[  228382ms] [LOG] [HomeWorkout:Trio] Domain 'push' resolved to L12 (Source: Tracks) @ webpack-internal:///(app-pages-browser)/./src/features/workout-engine/services/level-resolution.utils.ts:117
[  228382ms] [LOG] [HomeWorkout:Trio] Domain 'front_lever' resolved to L13 (Source: Tracks) @ webpack-internal:///(app-pages-browser)/./src/features/workout-engine/services/level-resolution.utils.ts:117
[  228382ms] [LOG] [HomeWorkout:Trio] Domain 'pull' resolved to L22 (Source: Tracks) @ webpack-internal:///(app-pages-browser)/./src/features/workout-engine/services/level-resolution.utils.ts:117
[  228383ms] [LOG] [HomeWorkout:Trio] Domain 'core' resolved to L1 (Source: Domains) @ webpack-internal:///(app-pages-browser)/./src/features/workout-engine/services/level-resolution.utils.ts:117
[  228383ms] [LOG] [HomeWorkout:Trio] Domain 'calisthenics_upper' resolved to L13 (Source: Tracks) @ webpack-internal:///(app-pages-browser)/./src/features/workout-engine/services/level-resolution.utils.ts:117
[  228383ms] [LOG] [HomeWorkout:Trio] Domain 'upper_body' resolved to L21 (Source: Tracks) @ webpack-internal:///(app-pages-browser)/./src/features/workout-engine/services/level-resolution.utils.ts:117
[  228383ms] [LOG] [HomeWorkout:Trio] Skipping master program "47smw26hUyG5ZbE1bhr3" (display-only) @ webpack-internal:///(app-pages-browser)/./src/features/workout-engine/services/level-resolution.utils.ts:96
[  228383ms] [LOG] [HomeWorkout:Trio] Domain 'full_body' resolved to L15 (Source: Tracks) @ webpack-internal:///(app-pages-browser)/./src/features/workout-engine/services/level-resolution.utils.ts:117
[  228383ms] [LOG] [HomeWorkout:Trio] Skipping master program "H2279XsRGDg9G370J7S9" (display-only) @ webpack-internal:///(app-pages-browser)/./src/features/workout-engine/services/level-resolution.utils.ts:96
[  228383ms] [LOG] [HomeWorkout:Trio] Skipping master program "fTLWzjP9gH2VNpamyCZF" (display-only) @ webpack-internal:///(app-pages-browser)/./src/features/workout-engine/services/level-resolution.utils.ts:96
[  228383ms] [LOG] [HomeWorkout:Trio] Domain 'muscle_up' resolved to L21 (Source: Tracks) @ webpack-internal:///(app-pages-browser)/./src/features/workout-engine/services/level-resolution.utils.ts:117
[  228383ms] [LOG] [HomeWorkout:Trio] Domain 'human_flag' — no assessed level, left ABSENT (no invention) @ webpack-internal:///(app-pages-browser)/./src/features/workout-engine/services/level-resolution.utils.ts:104
[  228383ms] [LOG] [HomeWorkout:Trio] Domain 'one_arm_pullup' — no assessed level, left ABSENT (no invention) @ webpack-internal:///(app-pages-browser)/./src/features/workout-engine/services/level-resolution.utils.ts:104
[  228383ms] [LOG] [HomeWorkout:Trio] Domain 'handstand_pushup' — no assessed level, left ABSENT (no invention) @ webpack-internal:///(app-pages-browser)/./src/features/workout-engine/services/level-resolution.utils.ts:104
[  228383ms] [LOG] [HomeWorkout:Trio] Domain 'handstand' — no assessed level, left ABSENT (no invention) @ webpack-internal:///(app-pages-browser)/./src/features/workout-engine/services/level-resolution.utils.ts:104
[  228383ms] [LOG] [HomeWorkout:Trio] Domain 'legs' is L1 (max across tracks: L22) @ webpack-internal:///(app-pages-browser)/./src/features/workout-engine/services/level-resolution.utils.ts:185
[  228383ms] [LOG] [HomeWorkout:Trio] Domain 'core' is L1 (max across tracks: L22) @ webpack-internal:///(app-pages-browser)/./src/features/workout-engine/services/level-resolution.utils.ts:185
[  228383ms] [LOG] [HomeWorkout:Trio] [MasterDerive] "H2279XsRGDg9G370J7S9" → L12 (avg of [12,22,1] = 12, cap=15) @ webpack-internal:///(app-pages-browser)/./src/features/workout-engine/services/level-resolution.utils.ts:202
[  228383ms] [LOG] [HomeWorkout:Trio] [MasterDerive] "fTLWzjP9gH2VNpamyCZF" → L12 (avg of [12,22,1] = 12, cap=15) @ webpack-internal:///(app-pages-browser)/./src/features/workout-engine/services/level-resolution.utils.ts:202
[  228383ms] [LOG] [HomeWorkout:Trio] [MasterDerive] "47smw26hUyG5ZbE1bhr3" → L12 (avg of [12,22,1] = 12, cap=15) @ webpack-internal:///(app-pages-browser)/./src/features/workout-engine/services/level-resolution.utils.ts:202
[  228383ms] [LOG] [HomeWorkout:Trio] [MasterDerive] "JCac76p48XGZ5MVahLI2" → L12 (avg of [12,22,1] = 12, cap=15) @ webpack-internal:///(app-pages-browser)/./src/features/workout-engine/services/level-resolution.utils.ts:202
[  228383ms] [LOG] [buildIdToSlugMap] Built 14 entries: [EtY8YCol…→human_flag, J0fLpmJh…→push, H2279XsR…→full_body, kDMpobbK…→core, UPDBtTdC…→pull, cC0BOmm6…→one_arm_pullup, fTLWzjP9…→muscle_up, IOfBZFeo…→handstand, pCI5NHXp…→planche, 47smw26h…→upper_body, OrAmOH3F…→legs, mFcuYlNg…→front_lever, JCac76p4…→calisthenics_upper, PAxprHuT…→handstand_pushup] @ webpack-internal:///(app-pages-browser)/./src/features/workout-engine/services/program-hierarchy.utils.ts:121
[  228383ms] [LOG] [buildIdToSlugMap] Built 14 entries: [EtY8YCol…→human_flag, J0fLpmJh…→push, H2279XsR…→full_body, kDMpobbK…→core, UPDBtTdC…→pull, cC0BOmm6…→one_arm_pullup, fTLWzjP9…→muscle_up, IOfBZFeo…→handstand, pCI5NHXp…→planche, 47smw26h…→upper_body, OrAmOH3F…→legs, mFcuYlNg…→front_lever, JCac76p4…→calisthenics_upper, PAxprHuT…→handstand_pushup] @ webpack-internal:///(app-pages-browser)/./src/features/workout-engine/services/program-hierarchy.utils.ts:121
[  228383ms] [LOG] [buildIdToSlugMap] Built 14 entries: [EtY8YCol…→human_flag, J0fLpmJh…→push, H2279XsR…→full_body, kDMpobbK…→core, UPDBtTdC…→pull, cC0BOmm6…→one_arm_pullup, fTLWzjP9…→muscle_up, IOfBZFeo…→handstand, pCI5NHXp…→planche, 47smw26h…→upper_body, OrAmOH3F…→legs, mFcuYlNg…→front_lever, JCac76p4…→calisthenics_upper, PAxprHuT…→handstand_pushup] @ webpack-internal:///(app-pages-browser)/./src/features/workout-engine/services/program-hierarchy.utils.ts:121
[  228383ms] [LOG] [buildIdToSlugMap] Built 14 entries: [EtY8YCol…→human_flag, J0fLpmJh…→push, H2279XsR…→full_body, kDMpobbK…→core, UPDBtTdC…→pull, cC0BOmm6…→one_arm_pullup, fTLWzjP9…→muscle_up, IOfBZFeo…→handstand, pCI5NHXp…→planche, 47smw26h…→upper_body, OrAmOH3F…→legs, mFcuYlNg…→front_lever, JCac76p4…→calisthenics_upper, PAxprHuT…→handstand_pushup] @ webpack-internal:///(app-pages-browser)/./src/features/workout-engine/services/program-hierarchy.utils.ts:121
[  228383ms] [LOG] [buildIdToSlugMap] Built 14 entries: [EtY8YCol…→human_flag, J0fLpmJh…→push, H2279XsR…→full_body, kDMpobbK…→core, UPDBtTdC…→pull, cC0BOmm6…→one_arm_pullup, fTLWzjP9…→muscle_up, IOfBZFeo…→handstand, pCI5NHXp…→planche, 47smw26h…→upper_body, OrAmOH3F…→legs, mFcuYlNg…→front_lever, JCac76p4…→calisthenics_upper, PAxprHuT…→handstand_pushup] @ webpack-internal:///(app-pages-browser)/./src/features/workout-engine/services/program-hierarchy.utils.ts:121
[  228383ms] [LOG] [DomainBudget] activeProgramId="full_body" slug="full_body" resolvedChildDomains=[push, pull, legs, core] isFullBodyMaster=true isCalisthenicsUpperMaster=false isUpperBodyMaster=false @ webpack-internal:///(app-pages-browser)/./src/features/workout-engine/services/home-workout.service.ts:1387
[  228383ms] [LOG] [LeadProgram] push: resolved L12 via pattern(push) @ webpack-internal:///(app-pages-browser)/./src/features/workout-engine/services/lead-program.service.ts:264
[  228383ms] [LOG] [LeadProgram] pull: resolved L22 via pattern(pull) @ webpack-internal:///(app-pages-browser)/./src/features/workout-engine/services/lead-program.service.ts:264
[  228606ms] [LOG] [LeadProgram] legs: resolved L1 via pattern(legs) @ webpack-internal:///(app-pages-browser)/./src/features/workout-engine/services/lead-program.service.ts:264
[  228606ms] [LOG] [LeadProgram] legs: resolved L1 via pattern(legs) @ webpack-internal:///(app-pages-browser)/./src/features/workout-engine/services/lead-program.service.ts:264
[  228729ms] [LOG] [LeadProgram] core: resolved L1 via pattern(core) @ webpack-internal:///(app-pages-browser)/./src/features/workout-engine/services/lead-program.service.ts:264
[  228729ms] [LOG] [LeadProgram] core: resolved L1 via pattern(core) @ webpack-internal:///(app-pages-browser)/./src/features/workout-engine/services/lead-program.service.ts:264
[  229077ms] [LOG] [DomainBudget] resolvedDomainBudgets set: [push=L12, pull=L22, legs=L1, core=L1] @ webpack-internal:///(app-pages-browser)/./src/features/workout-engine/services/home-workout.service.ts:1395
[  229078ms] [LOG] activeProgramId: full_body @ webpack-internal:///(app-pages-browser)/./src/features/workout-engine/services/split-decision/SplitDecisionService.ts:407
[  229078ms] [LOG] progression.tracks: {legs: Object, planche: Object, push: Object, front_lever: Object, pull: Object} @ webpack-internal:///(app-pages-browser)/./src/features/workout-engine/services/split-decision/SplitDecisionService.ts:409
[  229078ms] [LOG] progression.domains: {human_flag: Object, one_arm_pullup: Object, handstand_pushup: Object, handstand: Object, front_lever: Object} @ webpack-internal:///(app-pages-browser)/./src/features/workout-engine/services/split-decision/SplitDecisionService.ts:411
[  229078ms] [LOG] progression.activePrograms: [Object] @ webpack-internal:///(app-pages-browser)/./src/features/workout-engine/services/split-decision/SplitDecisionService.ts:413
[  229078ms] [LOG] progression.skillFocusIds: [front_lever, planche] @ webpack-internal:///(app-pages-browser)/./src/features/workout-engine/services/split-decision/SplitDecisionService.ts:415
[  229078ms] [LOG] progression.masterProgramSubLevels: (none) @ webpack-internal:///(app-pages-browser)/./src/features/workout-engine/services/split-decision/SplitDecisionService.ts:417
[  229078ms] [LOG] Derived userLevel (base): 22 @ webpack-internal:///(app-pages-browser)/./src/features/workout-engine/services/split-decision/SplitDecisionService.ts:418
[  229078ms] [LOG] scheduleDays count: 3 @ webpack-internal:///(app-pages-browser)/./src/features/workout-engine/services/split-decision/SplitDecisionService.ts:419
[  229078ms] [LOG] Source: Admin Panel (ProgramLevelSettings) per domain @ webpack-internal:///(app-pages-browser)/./src/features/workout-engine/services/split-decision/SplitDecisionService.ts:444
[  229078ms] [LOG] Schedule Days: 3 @ webpack-internal:///(app-pages-browser)/./src/features/workout-engine/services/split-decision/SplitDecisionService.ts:445
[  229078ms] [LOG]   push (L12): 17/3=6 @ webpack-internal:///(app-pages-browser)/./src/features/workout-engine/services/split-decision/SplitDecisionService.ts:447
[  229078ms] [LOG]   pull (L22): 23/3=8 @ webpack-internal:///(app-pages-browser)/./src/features/workout-engine/services/split-decision/SplitDecisionService.ts:447
[  229078ms] [LOG]   legs (L1): 10/3=4 @ webpack-internal:///(app-pages-browser)/./src/features/workout-engine/services/split-decision/SplitDecisionService.ts:447
[  229078ms] [LOG]   core (L1): 8/3=3 @ webpack-internal:///(app-pages-browser)/./src/features/workout-engine/services/split-decision/SplitDecisionService.ts:447
[  229078ms] [LOG] Total Daily Budget = 21 sets @ webpack-internal:///(app-pages-browser)/./src/features/workout-engine/services/split-decision/SplitDecisionService.ts:449
[  229079ms] [LOG] [SplitDecision] P1/P2 sort (gender=default/male): [planche, push, front_lever, pull, legs, core] @ webpack-internal:///(app-pages-browser)/./src/features/workout-engine/services/split-decision/SplitDecisionService.ts:296
[  229079ms] [LOG] [Periodization] Cycle clock: startDate=2026-07-08 daysSinceStart=54 → Week 3/5 @ webpack-internal:///(app-pages-browser)/./src/features/workout-engine/services/periodization.service.ts:86
[  229079ms] [LOG]   Inputs:        cycleWeek=3, gapDays=10 @ webpack-internal:///(app-pages-browser)/./src/features/workout-engine/services/periodization.service.ts:225
[  229079ms] [LOG]   Volume mult:   x0.5 (override=0.5) @ webpack-internal:///(app-pages-browser)/./src/features/workout-engine/services/periodization.service.ts:226
[  229079ms] [LOG]   Δ override:    -2 @ webpack-internal:///(app-pages-browser)/./src/features/workout-engine/services/periodization.service.ts:228
[  229080ms] [LOG]   Protocol mult: x0 @ webpack-internal:///(app-pages-browser)/./src/features/workout-engine/services/periodization.service.ts:229
[  229080ms] [LOG]   SA cap:        0.15 @ webpack-internal:///(app-pages-browser)/./src/features/workout-engine/services/periodization.service.ts:231
[  229080ms] [LOG]   Detraining:    true @ webpack-internal:///(app-pages-browser)/./src/features/workout-engine/services/periodization.service.ts:232
[  229080ms] [LOG]   Default focus: Easy(0) @ webpack-internal:///(app-pages-browser)/./src/features/workout-engine/services/periodization.service.ts:233
[  229080ms] [LOG]   Restart cycle: false @ webpack-internal:///(app-pages-browser)/./src/features/workout-engine/services/periodization.service.ts:238
[  229080ms] [LOG]   Coach cue:     "חזרת אחרי 10 ימים — מפעיל את הגוף שוב בשבוע שחזור." @ webpack-internal:///(app-pages-browser)/./src/features/workout-engine/services/periodization.service.ts:239
[  229081ms] [WARNING] [ParkGating] "כפיפת ברך כנגד גומייה" — 1 park method(s) all gated → exercise excluded Required gear not in park inventory: [Object] Available: [bodyweight, pullup_bar, dip_station, bench, low_bar, high_bar, step, park_bench, park_step] @ webpack-internal:///(app-pages-browser)/./src/features/workout-engine/shared/utils/method-selection.utils.ts:119
[  229081ms] [WARNING] [ParkGating] "שכיבות סמיכה קשתים עם רצועות" — 1 park method(s) all gated → exercise excluded Required gear not in park inventory: [Object] Available: [bodyweight, pullup_bar, dip_station, bench, low_bar, high_bar, step, park_bench, park_step] @ webpack-internal:///(app-pages-browser)/./src/features/workout-engine/shared/utils/method-selection.utils.ts:119
[  229081ms] [WARNING] [ParkGating] "מקבילים על טבעות" — 1 park method(s) all gated → exercise excluded Required gear not in park inventory: [Object] Available: [bodyweight, pullup_bar, dip_station, bench, low_bar, high_bar, step, park_bench, park_step] @ webpack-internal:///(app-pages-browser)/./src/features/workout-engine/shared/utils/method-selection.utils.ts:119
[  229081ms] [WARNING] [ParkGating] "מקבילים על טבעות בעזרת גומיה דקה" — 1 park method(s) all gated → exercise excluded Required gear not in park inventory: [Object] Available: [bodyweight, pullup_bar, dip_station, bench, low_bar, high_bar, step, park_bench, park_step] @ webpack-internal:///(app-pages-browser)/./src/features/workout-engine/shared/utils/method-selection.utils.ts:119
[  229081ms] [WARNING] [ParkGating] "מתח יד אחת עם גומייה" — 2 park method(s) all gated → exercise excluded Required gear not in park inventory: [Object, Object] Available: [bodyweight, pullup_bar, dip_station, bench, low_bar, high_bar, step, park_bench, park_step] @ webpack-internal:///(app-pages-browser)/./src/features/workout-engine/shared/utils/method-selection.utils.ts:119
[  229081ms] [WARNING] [ParkGating] "מקבילים עם גומייה דקה" — 1 park method(s) all gated → exercise excluded Required gear not in park inventory: [Object] Available: [bodyweight, pullup_bar, dip_station, bench, low_bar, high_bar, step, park_bench, park_step] @ webpack-internal:///(app-pages-browser)/./src/features/workout-engine/shared/utils/method-selection.utils.ts:119
[  229081ms] [WARNING] [ParkGating] "החזקת תמיכה על טבעות" — 1 park method(s) all gated → exercise excluded Required gear not in park inventory: [Object] Available: [bodyweight, pullup_bar, dip_station, bench, low_bar, high_bar, step, park_bench, park_step] @ webpack-internal:///(app-pages-browser)/./src/features/workout-engine/shared/utils/method-selection.utils.ts:119
[  229082ms] [WARNING] [ParkGating] "החזקת תמיכה על טבעות עם עזרה" — 1 park method(s) all gated → exercise excluded Required gear not in park inventory: [Object] Available: [bodyweight, pullup_bar, dip_station, bench, low_bar, high_bar, step, park_bench, park_step] @ webpack-internal:///(app-pages-browser)/./src/features/workout-engine/shared/utils/method-selection.utils.ts:119
[  229082ms] [WARNING] [ParkGating] "סקוואט כנגד גומייה" — 1 park method(s) all gated → exercise excluded Required gear not in park inventory: [Object] Available: [bodyweight, pullup_bar, dip_station, bench, low_bar, high_bar, step, park_bench, park_step] @ webpack-internal:///(app-pages-browser)/./src/features/workout-engine/shared/utils/method-selection.utils.ts:119
[  229082ms] [WARNING] [ParkGating] "דדליפט רומני בהתנגדות גומייה" — 1 park method(s) all gated → exercise excluded Required gear not in park inventory: [Object] Available: [bodyweight, pullup_bar, dip_station, bench, low_bar, high_bar, step, park_bench, park_step] @ webpack-internal:///(app-pages-browser)/./src/features/workout-engine/shared/utils/method-selection.utils.ts:119
[  229082ms] [WARNING] [ParkGating] "דדליפט רומני על הגבהה" — 2 park method(s) all gated → exercise excluded Required gear not in park inventory: [Object, Object] Available: [bodyweight, pullup_bar, dip_station, bench, low_bar, high_bar, step, park_bench, park_step] @ webpack-internal:///(app-pages-browser)/./src/features/workout-engine/shared/utils/method-selection.utils.ts:119
[  229082ms] [WARNING] [ParkGating] "עמידת פייק גובה ברך" — 1 park method(s) all gated → exercise excluded Required gear not in park inventory: [Object] Available: [bodyweight, pullup_bar, dip_station, bench, low_bar, high_bar, step, park_bench, park_step] @ webpack-internal:///(app-pages-browser)/./src/features/workout-engine/shared/utils/method-selection.utils.ts:119
[  229082ms] [WARNING] [ParkGating] "שכיבות סמיכה פייק גובה שוק" — 1 park method(s) all gated → exercise excluded Required gear not in park inventory: [Object] Available: [bodyweight, pullup_bar, dip_station, bench, low_bar, high_bar, step, park_bench, park_step] @ webpack-internal:///(app-pages-browser)/./src/features/workout-engine/shared/utils/method-selection.utils.ts:119
[  229082ms] [WARNING] [ParkGating] "פלאנץ׳ בטאק בעזרת גומייה דקה" — 1 park method(s) all gated → exercise excluded Required gear not in park inventory: [Object] Available: [bodyweight, pullup_bar, dip_station, bench, low_bar, high_bar, step, park_bench, park_step] @ webpack-internal:///(app-pages-browser)/./src/features/workout-engine/shared/utils/method-selection.utils.ts:119
[  229083ms] [WARNING] [ParkGating] "סקוואט בעזרת רצועות" — 1 park method(s) all gated → exercise excluded Required gear not in park inventory: [Object] Available: [bodyweight, pullup_bar, dip_station, bench, low_bar, high_bar, step, park_bench, park_step] @ webpack-internal:///(app-pages-browser)/./src/features/workout-engine/shared/utils/method-selection.utils.ts:119
[  229083ms] [WARNING] [ParkGating] "עליית מדרגה גובה קרסול" — 1 park method(s) all gated → exercise excluded Required gear not in park inventory: [Object] Available: [bodyweight, pullup_bar, dip_station, bench, low_bar, high_bar, step, park_bench, park_step] @ webpack-internal:///(app-pages-browser)/./src/features/workout-engine/shared/utils/method-selection.utils.ts:119
[  229083ms] [WARNING] [ParkGating] "פרונט לבר בפישוק עם גומייה" — 2 park method(s) all gated → exercise excluded Required gear not in park inventory: [Object, Object] Available: [bodyweight, pullup_bar, dip_station, bench, low_bar, high_bar, step, park_bench, park_step] @ webpack-internal:///(app-pages-browser)/./src/features/workout-engine/shared/utils/method-selection.utils.ts:119
[  229083ms] [LOG] [WorkoutTrio] Shared pipeline: 62 scored exercises (40 excluded), 372 total in DB @ webpack-internal:///(app-pages-browser)/./src/features/workout-engine/services/home-workout.service.ts:1786
[  229083ms] [LOG] [WorkoutTrio] Filter breakdown — program_filter: 0, level_tolerance: 23, skill_gate: 0, location: 17, injury: 0, passed: 62 @ webpack-internal:///(app-pages-browser)/./src/features/workout-engine/services/home-workout.service.ts:1789
[  229083ms] [LOG] [DomainBudget] resolvedDomainBudgets set: [push=L12, pull=L22, legs=L1, core=L1] @ webpack-internal:///(app-pages-browser)/./src/features/workout-engine/services/home-workout.service.ts:1395
[  229084ms] [LOG] activeProgramId: full_body @ webpack-internal:///(app-pages-browser)/./src/features/workout-engine/services/split-decision/SplitDecisionService.ts:407
[  229084ms] [LOG] progression.tracks: {legs: Object, planche: Object, push: Object, front_lever: Object, pull: Object} @ webpack-internal:///(app-pages-browser)/./src/features/workout-engine/services/split-decision/SplitDecisionService.ts:409
[  229084ms] [LOG] progression.domains: {human_flag: Object, one_arm_pullup: Object, handstand_pushup: Object, handstand: Object, front_lever: Object} @ webpack-internal:///(app-pages-browser)/./src/features/workout-engine/services/split-decision/SplitDecisionService.ts:411
[  229084ms] [LOG] progression.activePrograms: [Object] @ webpack-internal:///(app-pages-browser)/./src/features/workout-engine/services/split-decision/SplitDecisionService.ts:413
[  229084ms] [LOG] progression.skillFocusIds: [front_lever, planche] @ webpack-internal:///(app-pages-browser)/./src/features/workout-engine/services/split-decision/SplitDecisionService.ts:415
[  229084ms] [LOG] progression.masterProgramSubLevels: (none) @ webpack-internal:///(app-pages-browser)/./src/features/workout-engine/services/split-decision/SplitDecisionService.ts:417
[  229084ms] [LOG] Derived userLevel (base): 22 @ webpack-internal:///(app-pages-browser)/./src/features/workout-engine/services/split-decision/SplitDecisionService.ts:418
[  229084ms] [LOG] scheduleDays count: 3 @ webpack-internal:///(app-pages-browser)/./src/features/workout-engine/services/split-decision/SplitDecisionService.ts:419
[  229084ms] [LOG] Source: Admin Panel (ProgramLevelSettings) per domain @ webpack-internal:///(app-pages-browser)/./src/features/workout-engine/services/split-decision/SplitDecisionService.ts:444
[  229084ms] [LOG] Schedule Days: 3 @ webpack-internal:///(app-pages-browser)/./src/features/workout-engine/services/split-decision/SplitDecisionService.ts:445
[  229084ms] [LOG]   push (L12): 17/3=6 @ webpack-internal:///(app-pages-browser)/./src/features/workout-engine/services/split-decision/SplitDecisionService.ts:447
[  229084ms] [LOG]   pull (L22): 23/3=8 @ webpack-internal:///(app-pages-browser)/./src/features/workout-engine/services/split-decision/SplitDecisionService.ts:447
[  229084ms] [LOG]   legs (L1): 10/3=4 @ webpack-internal:///(app-pages-browser)/./src/features/workout-engine/services/split-decision/SplitDecisionService.ts:447
[  229084ms] [LOG]   core (L1): 8/3=3 @ webpack-internal:///(app-pages-browser)/./src/features/workout-engine/services/split-decision/SplitDecisionService.ts:447
[  229084ms] [LOG] Total Daily Budget = 21 sets @ webpack-internal:///(app-pages-browser)/./src/features/workout-engine/services/split-decision/SplitDecisionService.ts:449
[  229084ms] [LOG] [SplitDecision] P1/P2 sort (gender=default/male): [planche, push, front_lever, pull, legs, core] @ webpack-internal:///(app-pages-browser)/./src/features/workout-engine/services/split-decision/SplitDecisionService.ts:296
[  229084ms] [LOG] [Periodization] Cycle clock: startDate=2026-07-08 daysSinceStart=54 → Week 3/5 @ webpack-internal:///(app-pages-browser)/./src/features/workout-engine/services/periodization.service.ts:86
[  229084ms] [LOG]   Inputs:        cycleWeek=3, gapDays=10 @ webpack-internal:///(app-pages-browser)/./src/features/workout-engine/services/periodization.service.ts:225
[  229084ms] [LOG]   Volume mult:   x0.5 (override=0.5) @ webpack-internal:///(app-pages-browser)/./src/features/workout-engine/services/periodization.service.ts:226
[  229084ms] [LOG]   Δ override:    -2 @ webpack-internal:///(app-pages-browser)/./src/features/workout-engine/services/periodization.service.ts:228
[  229084ms] [LOG]   Protocol mult: x0 @ webpack-internal:///(app-pages-browser)/./src/features/workout-engine/services/periodization.service.ts:229
[  229084ms] [LOG]   SA cap:        0.15 @ webpack-internal:///(app-pages-browser)/./src/features/workout-engine/services/periodization.service.ts:231
[  229084ms] [LOG]   Detraining:    true @ webpack-internal:///(app-pages-browser)/./src/features/workout-engine/services/periodization.service.ts:232
[  229084ms] [LOG]   Default focus: Easy(0) @ webpack-internal:///(app-pages-browser)/./src/features/workout-engine/services/periodization.service.ts:233
[  229084ms] [LOG]   Restart cycle: false @ webpack-internal:///(app-pages-browser)/./src/features/workout-engine/services/periodization.service.ts:238
[  229084ms] [LOG]   Coach cue:     "חזרת אחרי 10 ימים — מפעיל את הגוף שוב בשבוע שחזור." @ webpack-internal:///(app-pages-browser)/./src/features/workout-engine/services/periodization.service.ts:239
[  229085ms] [LOG] [WorkoutTrio] Shared pipeline: 77 scored exercises (25 excluded), 372 total in DB @ webpack-internal:///(app-pages-browser)/./src/features/workout-engine/services/home-workout.service.ts:1786
[  229085ms] [LOG] [WorkoutTrio] Filter breakdown — program_filter: 0, level_tolerance: 23, skill_gate: 0, location: 0, injury: 0, passed: 77 @ webpack-internal:///(app-pages-browser)/./src/features/workout-engine/services/home-workout.service.ts:1789
[  230363ms] [LOG] [WorkoutTrio] Settings resolved → protocols: [emom, pyramid, antagonist_pair] from pull@L22 | goals: none | tabata: p=0.22 from pull@L22 @ webpack-internal:///(app-pages-browser)/./src/features/workout-engine/services/home-workout.service.ts:1941
[  230363ms] [LOG] [WorkoutTrio] Settings resolved → protocols: [emom, pyramid, antagonist_pair] from pull@L22 | goals: none | tabata: p=0.22 from pull@L22 @ webpack-internal:///(app-pages-browser)/./src/features/workout-engine/services/home-workout.service.ts:1941
[  230697ms] [LOG] [ExerciseHistory] Loaded history for 18/62 exercises (3 chunked 'in' queries) @ webpack-internal:///(app-pages-browser)/./src/features/workout-engine/services/exercise-history.service.ts:150
[  230697ms] [LOG] [WorkoutTrio] Exercise history loaded: 18/62 exercises have prior session data (David Staircase floor active). @ webpack-internal:///(app-pages-browser)/./src/features/workout-engine/services/home-workout.service.ts:1965
[  230698ms] [LOG] [WorkoutTrio] ⛔ PROTOCOLS KILLED by periodization: baseProb=1 × multiplier=0 = 0 (reason: long_gap_deload, week=5) @ webpack-internal:///(app-pages-browser)/./src/features/workout-engine/services/home-workout.service.ts:1998
[  230698ms] [LOG] [WorkoutTrio] Tabata finisher probability: 0.22 × 0 = 0.00 (from pull@L22) @ webpack-internal:///(app-pages-browser)/./src/features/workout-engine/services/home-workout.service.ts:2013
[  230698ms] [LOG] [Periodization] Straight-arm ratio capped: 0.4 → 0.15 (Deload tendon protection) @ webpack-internal:///(app-pages-browser)/./src/features/workout-engine/services/home-workout.service.ts:2033
[  230698ms] [LOG] [ExerciseHistory] Loaded history for 19/77 exercises (3 chunked 'in' queries) @ webpack-internal:///(app-pages-browser)/./src/features/workout-engine/services/exercise-history.service.ts:150
[  230698ms] [LOG] [WorkoutTrio] Exercise history loaded: 19/77 exercises have prior session data (David Staircase floor active). @ webpack-internal:///(app-pages-browser)/./src/features/workout-engine/services/home-workout.service.ts:1965
[  230698ms] [LOG] [WorkoutTrio] ⛔ PROTOCOLS KILLED by periodization: baseProb=1 × multiplier=0 = 0 (reason: long_gap_deload, week=5) @ webpack-internal:///(app-pages-browser)/./src/features/workout-engine/services/home-workout.service.ts:1998
[  230699ms] [LOG] [WorkoutTrio] Tabata finisher probability: 0.22 × 0 = 0.00 (from pull@L22) @ webpack-internal:///(app-pages-browser)/./src/features/workout-engine/services/home-workout.service.ts:2013
[  230699ms] [LOG] [Periodization] Straight-arm ratio capped: 0.4 → 0.15 (Deload tendon protection) @ webpack-internal:///(app-pages-browser)/./src/features/workout-engine/services/home-workout.service.ts:2033
[  230890ms] [LOG] [WorkoutTrio] No app_config/workout_trio doc → using pre-seeded Hebrew labels @ webpack-internal:///(app-pages-browser)/./src/features/workout-engine/services/trio-labels.service.ts:53
[  230890ms] [LOG] [WorkoutTrio] Labels (fallback): [מאוזן, עצים ומהיר, אימון פארק קליל] @ webpack-internal:///(app-pages-browser)/./src/features/workout-engine/services/home-workout.service.ts:774
[  230890ms] [LOG] [WorkoutTrio] Bolt2: honouring requested 30min (ceiling 45min) @ webpack-internal:///(app-pages-browser)/./src/features/workout-engine/services/home-workout.service.ts:843
[  230891ms] [LOG] [PipelineOrchestrator] Pool OK: 62 survivors at location=park (gear=9) → normal generation (sparse contexts degrade to bodyweight, not recovery). @ webpack-internal:///(app-pages-browser)/./src/features/workout-engine/core/pipeline/PipelineOrchestrator.ts:130
[  230891ms] [LOG] [PipelineOrchestrator] 🔓 Master-program bypass (full_body): skipping single-domain tolerance gate — ContextualEngine shared pass already scoped pool to all child domains. Pool size preserved: 62 exercises. @ webpack-internal:///(app-pages-browser)/./src/features/workout-engine/core/pipeline/PipelineOrchestrator.ts:233
[  230893ms] [LOG] [InputSanitizer:Periodization] Phase=DELOAD effectiveDifficulty=2 @ webpack-internal:///(app-pages-browser)/./src/features/workout-engine/core/middleware/InputSanitizerMiddleware.ts:447
[  230893ms] [LOG]   push L12: 6 sets/day (17/week) @ webpack-internal:///(app-pages-browser)/./src/features/workout-engine/logic/WorkoutGenerator.ts:445
[  230893ms] [LOG]   pull L22: 8 sets/day (23/week) @ webpack-internal:///(app-pages-browser)/./src/features/workout-engine/logic/WorkoutGenerator.ts:445
[  230893ms] [LOG]   legs L1: 4 sets/day (10/week) @ webpack-internal:///(app-pages-browser)/./src/features/workout-engine/logic/WorkoutGenerator.ts:445
[  230893ms] [LOG]   core L1: 3 sets/day (8/week) @ webpack-internal:///(app-pages-browser)/./src/features/workout-engine/logic/WorkoutGenerator.ts:445
[  230898ms] [LOG] Foundation Buffer: 17 exercises boosted (+30) — Pull-ups/Dips/Push-ups/Rows prioritised @ webpack-internal:///(app-pages-browser)/./src/features/workout-engine/logic/WorkoutGenerator.ts:1331
[  230898ms] [LOG] Vertical Preference: 2 exercises boosted (diminishing: 15/8) @ webpack-internal:///(app-pages-browser)/./src/features/workout-engine/logic/WorkoutGenerator.ts:1333
[  230898ms] [LOG] Naked Strength: 34 bodyweight exercises boosted (+8) @ webpack-internal:///(app-pages-browser)/./src/features/workout-engine/logic/WorkoutGenerator.ts:1334
[  230898ms] [LOG] Equipment Synergy: "step" dominant → 12 exercises boosted (+8) @ webpack-internal:///(app-pages-browser)/./src/features/workout-engine/logic/WorkoutGenerator.ts:1336
[  230898ms] [LOG] Modality Match: "none" dominant → 31 exercises boosted (+10) @ webpack-internal:///(app-pages-browser)/./src/features/workout-engine/logic/WorkoutGenerator.ts:1337
[  230899ms] [LOG] [LevelSync] DifficultyFilter: globalLevel=L22, domainLevels={push:L12, pull:L22, legs:L1, core:L1, planche:L10, front_lever:L13, calisthenics_upper:L13, upper_body:L21, full_body:L15, muscle_up:L21} @ webpack-internal:///(app-pages-browser)/./src/features/workout-engine/logic/workout-selection.utils.ts:308
[  230899ms] [LOG] [Bolt2Cap] per-domain [push→L13, pull→L23, legs→L2, core→L2] (activeProgram=full_body): filtered out 27 above-ceiling exercise(s). Pool: 62 → 35 @ webpack-internal:///(app-pages-browser)/./src/features/workout-engine/logic/WorkoutGenerator.ts:550
[  230900ms] [LOG] User base level (context.userLevel): 22 @ webpack-internal:///(app-pages-browser)/./src/features/workout-engine/logic/workout-selection.utils.ts:810
[  230900ms] [LOG] Target level per category — P1: [planche] | P2: [push] | P3: undefined @ webpack-internal:///(app-pages-browser)/./src/features/workout-engine/logic/workout-selection.utils.ts:811
[  230900ms] [LOG] Dominance ratio: {p1: 0.65, p2: 0.35, p3: 0} @ webpack-internal:///(app-pages-browser)/./src/features/workout-engine/logic/workout-selection.utils.ts:812
[  230901ms] [LOG] Daily set budget: 21 @ webpack-internal:///(app-pages-browser)/./src/features/workout-engine/logic/workout-selection.utils.ts:817
[  230901ms] [LOG] Exercise levels in pool (programLevel): {1: 9, 2: 4, 10: 7, 11: 1, 12: 1, 13: 3, 19: 4, 20: 3, 21: 2, 22: 1} @ webpack-internal:///(app-pages-browser)/./src/features/workout-engine/logic/workout-selection.utils.ts:824
[  230901ms] [WARNING] Level 1 or defaulted: 9 exercises. Reasons: programLevel undefined → defaults to 1; or Program mapping not found; or Defaulting due to missing progression. @ webpack-internal:///(app-pages-browser)/./src/features/workout-engine/logic/workout-selection.utils.ts:830
[  230901ms] [LOG]   - "גוד מורנינג בישיבה" programLevel=1 @ webpack-internal:///(app-pages-browser)/./src/features/workout-engine/logic/workout-selection.utils.ts:834
[  230901ms] [LOG]   - "סקוואט טווח חלקי (להגבהה)" programLevel=1 @ webpack-internal:///(app-pages-browser)/./src/features/workout-engine/logic/workout-selection.utils.ts:834
[  230901ms] [LOG]   - "שולחן הפוך" programLevel=1 @ webpack-internal:///(app-pages-browser)/./src/features/workout-engine/logic/workout-selection.utils.ts:834
[  230901ms] [LOG] [WorkoutGenerator] Dominance: P1=3 P2=2 accessory=-1 (budget: 13+7+1) @ webpack-internal:///(app-pages-browser)/./src/features/workout-engine/logic/workout-selection.utils.ts:899
[  230901ms] [LOG] [WorkoutGenerator] Budget allows: P1=13 sets, P2=7 sets @ webpack-internal:///(app-pages-browser)/./src/features/workout-engine/logic/workout-selection.utils.ts:900
[  230901ms] [LOG] [MGDiversity] Displaced 2 same-group duplicates → backfilled 2 (pool had 35 candidates) @ webpack-internal:///(app-pages-browser)/./src/features/workout-engine/logic/WorkoutGenerator.ts:733
[  230903ms] [LOG]   push L12: 6 sets ÷ 2 exercises = 3 sets/each @ webpack-internal:///(app-pages-browser)/./src/features/workout-engine/logic/workout-budgeting.utils.ts:693
[  230903ms] [LOG]   pull L22: 8 sets ÷ 0 exercises = 0 sets/each @ webpack-internal:///(app-pages-browser)/./src/features/workout-engine/logic/workout-budgeting.utils.ts:693
[  230903ms] [LOG]   legs L1: 4 sets ÷ 1 exercises = 4 sets/each @ webpack-internal:///(app-pages-browser)/./src/features/workout-engine/logic/workout-budgeting.utils.ts:693
[  230903ms] [LOG]   core L1: 3 sets ÷ 1 exercises = 3 sets/each @ webpack-internal:///(app-pages-browser)/./src/features/workout-engine/logic/workout-budgeting.utils.ts:693
[  230904ms] [LOG] [assignVolume] SkillCeiling "פשיטת מרפקים למתקדמים": 6 → 5 reps (priority=foundation, tier=hard) @ webpack-internal:///(app-pages-browser)/./src/features/workout-engine/logic/workout-budgeting.utils.ts:920
[  230904ms] [LOG] [findLevelSub] ✅ core: picked "שולחן הפוך" L1 (gap=0, radius=±2, domain=core L1, D2) @ webpack-internal:///(app-pages-browser)/./src/features/workout-engine/core/pipeline/PoolFactory.ts:242
[  230905ms] [LOG] [DavidRule] ✅ "כפיפות בטן חצי טווח" (L1) → "שולחן הפוך" (L1) [core, domain=core L1, target=L1(D2), radius=±2] @ webpack-internal:///(app-pages-browser)/./src/features/workout-engine/logic/WorkoutGenerator.ts:858
[  230905ms] [LOG] [findLevelSub] ✅ hinge: picked "היפ טראסט" L1 (gap=0, radius=±2, domain=legs L1, D2) @ webpack-internal:///(app-pages-browser)/./src/features/workout-engine/core/pipeline/PoolFactory.ts:242
[  230905ms] [LOG] [DavidRule] ✅ "גוד מורנינג בישיבה" (L1) → "היפ טראסט" (L1) [hinge, domain=legs L1, target=L1(D2), radius=±2] @ webpack-internal:///(app-pages-browser)/./src/features/workout-engine/logic/WorkoutGenerator.ts:858
[  230905ms] [LOG] [WorkoutGenerator][selectProtocol] difficulty=2 | adminProtocols=["emom","pyramid","antagonist_pair"] | adminProbability=0 | periodizationWeek=5 @ webpack-internal:///(app-pages-browser)/./src/features/workout-engine/logic/WorkoutGenerator.ts:1390
[  230905ms] [LOG] [WorkoutGenerator][selectProtocol] ⛔ Protocol probability = 0 (Deload/Rebuild week or protocolMultiplier killed it) — straight sets @ webpack-internal:///(app-pages-browser)/./src/features/workout-engine/logic/WorkoutGenerator.ts:1413
[  230905ms] [LOG] [findLevelSub] ✅ horizontal_pull: picked "פרונט לבר מלא" L22 (gap=0, radius=±2, domain=pull L22, D2) @ webpack-internal:///(app-pages-browser)/./src/features/workout-engine/core/pipeline/PoolFactory.ts:242
[  230906ms] [LOG] [HorizontalGuarantee] ✅ "היפ טראסט"(hinge) → "פרונט לבר מלא" (L22, domain=pull L22, gap=0) [horizontal_pull] @ webpack-internal:///(app-pages-browser)/./src/features/workout-engine/core/pipeline/GuaranteePassRunner.ts:199
[  230906ms] [LOG] [VerticalFoundation] ✅ "פרונט לבר מלא"(skill) → "החזקת מתח יד אחת ב-90°"(foundation, L19) [vertical_pull, domain=pull L22] @ webpack-internal:///(app-pages-browser)/./src/features/workout-engine/core/pipeline/GuaranteePassRunner.ts:310
[  230906ms] [LOG] [findLevelSub] ✅ squat: picked "סקוואט טווח חלקי (להגבהה)" L1 (gap=0, radius=±2, domain=legs L1, D2) @ webpack-internal:///(app-pages-browser)/./src/features/workout-engine/core/pipeline/PoolFactory.ts:242
[  230906ms] [LOG] [FullBodyGuarantee] ✅ legs missing → "סקוואט טווח חלקי (להגבהה)"(L1) replacing "שולחן הפוך" [mg=squat, gap=0] @ webpack-internal:///(app-pages-browser)/./src/features/workout-engine/core/pipeline/GuaranteePassRunner.ts:408
[  230906ms] [LOG] ┌─────────────┬────────────┬────────────┬────────────┐
│  Section    │  Work      │  Rest      │  Subtotal  │
├─────────────┼────────────┼────────────┼────────────┤
│  Warmup     │ 0m 0s      │ 0m 0s      │ 0m 0s      │  ← 0s rest, 5s transitions, cap=6m
│  Main       │ 5m 39s     │ 25m 4s     │ 30m 43s    │  ← 25m rest = 84% of main block
│  Cooldown   │ 0m 0s      │ 0m 0s      │ 0m 0s      │
├─────────────┼────────────┼────────────┼────────────┤
│  TOTAL(raw) │             │             │ 30m 43s    │
└─────────────┴────────────┴────────────┴────────────┘ @ webpack-internal:///(app-pages-browser)/./src/features/workout-engine/logic/workout-budgeting.utils.ts:1142
[  230906ms] [LOG]   + Main transitions (3 × 30s): 90s @ webpack-internal:///(app-pages-browser)/./src/features/workout-engine/logic/workout-budgeting.utils.ts:1143
[  230906ms] [LOG]   = Final Duration: 32 min @ webpack-internal:///(app-pages-browser)/./src/features/workout-engine/logic/workout-budgeting.utils.ts:1144
[  230906ms] [TABLE] [Object, Object, Object, Object] @ webpack-internal:///(app-pages-browser)/./src/features/workout-engine/logic/workout-budgeting.utils.ts:1147
[  230907ms] [LOG] ┌─────────────┬────────────┬────────────┬────────────┐
│  Section    │  Work      │  Rest      │  Subtotal  │
├─────────────┼────────────┼────────────┼────────────┤
│  Warmup     │ 0m 0s      │ 0m 0s      │ 0m 0s      │  ← 0s rest, 5s transitions, cap=6m
│  Main       │ 5m 39s     │ 25m 4s     │ 30m 43s    │  ← 25m rest = 84% of main block
│  Cooldown   │ 0m 0s      │ 0m 0s      │ 0m 0s      │
├─────────────┼────────────┼────────────┼────────────┤
│  TOTAL(raw) │             │             │ 30m 43s    │
└─────────────┴────────────┴────────────┴────────────┘ @ webpack-internal:///(app-pages-browser)/./src/features/workout-engine/logic/workout-budgeting.utils.ts:1142
[  230907ms] [LOG]   + Main transitions (3 × 30s): 90s @ webpack-internal:///(app-pages-browser)/./src/features/workout-engine/logic/workout-budgeting.utils.ts:1143
[  230907ms] [LOG]   = Final Duration: 32 min @ webpack-internal:///(app-pages-browser)/./src/features/workout-engine/logic/workout-budgeting.utils.ts:1144
[  230907ms] [TABLE] [Object, Object, Object, Object] @ webpack-internal:///(app-pages-browser)/./src/features/workout-engine/logic/workout-budgeting.utils.ts:1147
[  230907ms] [LOG] [Engine] Pool: 102→102→62→35→4(raw)→4(diverse) | Selected: 4 | Budget: ?/21 remaining/daily | Difficulty: 2 | Sets: 11 @ webpack-internal:///(app-pages-browser)/./src/features/workout-engine/logic/WorkoutGenerator.ts:1076
[  230907ms] [LOG] [1] החזקת מתח יד אחת ב-90° | programLevel=19 [LevelResolution] גוד מורנינג בישיבה → L1 via full_body | userDomainL=1 | Tier=match | Sets=3 Hold=30s Rest=130s | Video=YES @ webpack-internal:///(app-pages-browser)/./src/features/workout-engine/logic/WorkoutGenerator.ts:1087
[  230907ms] [LOG] [2] מקבילים | programLevel=10 [LevelResolution] מקבילים → L10 via push | userDomainL=12 | Tier=easy | Sets=2 Reps=6 Rest=92s | Video=YES @ webpack-internal:///(app-pages-browser)/./src/features/workout-engine/logic/WorkoutGenerator.ts:1087
[  230907ms] [LOG] [3] פשיטת מרפקים למתקדמים | programLevel=13 [LevelResolution] פשיטת מרפקים למתקדמים → L13 via push | userDomainL=12 | Tier=hard | Sets=3 Reps=5 Rest=169s | Video=YES @ webpack-internal:///(app-pages-browser)/./src/features/workout-engine/logic/WorkoutGenerator.ts:1087
[  230907ms] [LOG] [4] סקוואט טווח חלקי (להגבהה) | programLevel=1 [LevelResolution] כפיפות בטן חצי טווח → L1 via core | userDomainL=1 | Tier=match | Sets=3 Reps=12 Rest=141s | Video=YES @ webpack-internal:///(app-pages-browser)/./src/features/workout-engine/logic/WorkoutGenerator.ts:1087
[  230908ms] [LOG] [Warmup] Pool: 372 total | follow-along: 13 | role=warmup: 1 | mobility-tag: 0 @ webpack-internal:///(app-pages-browser)/./src/features/workout-engine/services/warmup.service.ts:555
[  230909ms] [WARNING] [ParkGating] "טבטה מאתגר " — 1 park method(s) all gated → exercise excluded Required gear not in park inventory: [Object] Available: [bodyweight, pullup_bar, dip_station, bench, low_bar, high_bar, step, park_bench, park_step] @ webpack-internal:///(app-pages-browser)/./src/features/workout-engine/shared/utils/method-selection.utils.ts:119
[  230909ms] [LOG] [Warmup] Stage 1: "טבטה מאתגר " selected (follow-along [location-matched]) @ webpack-internal:///(app-pages-browser)/./src/features/workout-engine/services/warmup.service.ts:619
[  230909ms] [LOG] [Warmup] David Scale: push(50%×3s), pull(25%×1s), full_body(25%×1s) @ webpack-internal:///(app-pages-browser)/./src/features/workout-engine/services/warmup.service.ts:648
[  230910ms] [WARNING] [ParkGating] "נורדיק אחורי בעזרת גומייה" — 1 park method(s) all gated → exercise excluded Required gear not in park inventory: [Object] Available: [bodyweight, pullup_bar, dip_station, bench, low_bar, high_bar, step, park_bench, park_step] @ webpack-internal:///(app-pages-browser)/./src/features/workout-engine/shared/utils/method-selection.utils.ts:119
[  230911ms] [WARNING] [ParkGating] "סקוואט כנגד גומייה" — 1 park method(s) all gated → exercise excluded Required gear not in park inventory: [Object] Available: [bodyweight, pullup_bar, dip_station, bench, low_bar, high_bar, step, park_bench, park_step] @ webpack-internal:///(app-pages-browser)/./src/features/workout-engine/shared/utils/method-selection.utils.ts:119
[  230911ms] [WARNING] [ParkGating] "שרימפ סקוואט טווח חלקי" — 1 park method(s) all gated → exercise excluded Required gear not in park inventory: [Object] Available: [bodyweight, pullup_bar, dip_station, bench, low_bar, high_bar, step, park_bench, park_step] @ webpack-internal:///(app-pages-browser)/./src/features/workout-engine/shared/utils/method-selection.utils.ts:119
[  230912ms] [WARNING] [ParkGating] "פיסטול סקוואט מוגבה" — 1 park method(s) all gated → exercise excluded Required gear not in park inventory: [Object] Available: [bodyweight, pullup_bar, dip_station, bench, low_bar, high_bar, step, park_bench, park_step] @ webpack-internal:///(app-pages-browser)/./src/features/workout-engine/shared/utils/method-selection.utils.ts:119
[  230912ms] [WARNING] [ParkGating] "דרגון סקוואט מוגבה" — 1 park method(s) all gated → exercise excluded Required gear not in park inventory: [Object] Available: [bodyweight, pullup_bar, dip_station, bench, low_bar, high_bar, step, park_bench, park_step] @ webpack-internal:///(app-pages-browser)/./src/features/workout-engine/shared/utils/method-selection.utils.ts:119
[  230912ms] [WARNING] [ParkGating] "סיסי סקוואט טווח חלקי" — 1 park method(s) all gated → exercise excluded Required gear not in park inventory: [Object] Available: [bodyweight, pullup_bar, dip_station, bench, low_bar, high_bar, step, park_bench, park_step] @ webpack-internal:///(app-pages-browser)/./src/features/workout-engine/shared/utils/method-selection.utils.ts:119
[  230912ms] [WARNING] [ParkGating] "סקוואט בעזרת רצועות" — 1 park method(s) all gated → exercise excluded Required gear not in park inventory: [Object] Available: [bodyweight, pullup_bar, dip_station, bench, low_bar, high_bar, step, park_bench, park_step] @ webpack-internal:///(app-pages-browser)/./src/features/workout-engine/shared/utils/method-selection.utils.ts:119
[  230912ms] [WARNING] [ParkGating] "עליית מדרגה גובה קרסול" — 1 park method(s) all gated → exercise excluded Required gear not in park inventory: [Object] Available: [bodyweight, pullup_bar, dip_station, bench, low_bar, high_bar, step, park_bench, park_step] @ webpack-internal:///(app-pages-browser)/./src/features/workout-engine/shared/utils/method-selection.utils.ts:119
[  230913ms] [WARNING] [ParkGating] "פיסטול סקוואט מוגבה טווח חלקי" — 1 park method(s) all gated → exercise excluded Required gear not in park inventory: [Object] Available: [bodyweight, pullup_bar, dip_station, bench, low_bar, high_bar, step, park_bench, park_step] @ webpack-internal:///(app-pages-browser)/./src/features/workout-engine/shared/utils/method-selection.utils.ts:119
[  230913ms] [WARNING] [ParkGating] "שרימפ סקוואט עמוק בלי ידיים" — 1 park method(s) all gated → exercise excluded Required gear not in park inventory: [Object] Available: [bodyweight, pullup_bar, dip_station, bench, low_bar, high_bar, step, park_bench, park_step] @ webpack-internal:///(app-pages-browser)/./src/features/workout-engine/shared/utils/method-selection.utils.ts:119
[  230913ms] [WARNING] [ParkGating] "שרימפ סקוואט בלי ידיים טווח חלקי" — 1 park method(s) all gated → exercise excluded Required gear not in park inventory: [Object] Available: [bodyweight, pullup_bar, dip_station, bench, low_bar, high_bar, step, park_bench, park_step] @ webpack-internal:///(app-pages-browser)/./src/features/workout-engine/shared/utils/method-selection.utils.ts:119
[  230914ms] [LOG] [Warmup] Priming full_body slot1/1 F2: "סקוואט טווח חלקי" L2 from 40 cands (zone [9–13], reps 3–5) @ webpack-internal:///(app-pages-browser)/./src/features/workout-engine/services/warmup.service.ts:808
[  230914ms] [WARNING] [ParkGating] "מתח לא שוויוני עם טבעות" — 1 park method(s) all gated → exercise excluded Required gear not in park inventory: [Object] Available: [bodyweight, pullup_bar, dip_station, bench, low_bar, high_bar, step, park_bench, park_step] @ webpack-internal:///(app-pages-browser)/./src/features/workout-engine/shared/utils/method-selection.utils.ts:119
[  230915ms] [WARNING] [ParkGating] "מתח יד אחת עם גומייה" — 2 park method(s) all gated → exercise excluded Required gear not in park inventory: [Object, Object] Available: [bodyweight, pullup_bar, dip_station, bench, low_bar, high_bar, step, park_bench, park_step] @ webpack-internal:///(app-pages-browser)/./src/features/workout-engine/shared/utils/method-selection.utils.ts:119
[  230915ms] [WARNING] [ParkGating] "מתח מתפרץ עם גומייה בינונית" — 1 park method(s) all gated → exercise excluded Required gear not in park inventory: [Object] Available: [bodyweight, pullup_bar, dip_station, bench, low_bar, high_bar, step, park_bench, park_step] @ webpack-internal:///(app-pages-browser)/./src/features/workout-engine/shared/utils/method-selection.utils.ts:119
[  230915ms] [WARNING] [ParkGating] "מתח מתפרץ עם טבעות" — 1 park method(s) all gated → exercise excluded Required gear not in park inventory: [Object] Available: [bodyweight, pullup_bar, dip_station, bench, low_bar, high_bar, step, park_bench, park_step] @ webpack-internal:///(app-pages-browser)/./src/features/workout-engine/shared/utils/method-selection.utils.ts:119
[  230915ms] [WARNING] [ParkGating] "תלייה באחיזה עמוקה" — 1 park method(s) all gated → exercise excluded Required gear not in park inventory: [Object] Available: [bodyweight, pullup_bar, dip_station, bench, low_bar, high_bar, step, park_bench, park_step] @ webpack-internal:///(app-pages-browser)/./src/features/workout-engine/shared/utils/method-selection.utils.ts:119
[  230915ms] [WARNING] [ParkGating] "עליית כוח בקפיצה עם טבעות" — 1 park method(s) all gated → exercise excluded Required gear not in park inventory: [Object] Available: [bodyweight, pullup_bar, dip_station, bench, low_bar, high_bar, step, park_bench, park_step] @ webpack-internal:///(app-pages-browser)/./src/features/workout-engine/shared/utils/method-selection.utils.ts:119
[  230915ms] [WARNING] [ParkGating] "עליית כוח אקצנטרי עם טבעות" — 1 park method(s) all gated → exercise excluded Required gear not in park inventory: [Object] Available: [bodyweight, pullup_bar, dip_station, bench, low_bar, high_bar, step, park_bench, park_step] @ webpack-internal:///(app-pages-browser)/./src/features/workout-engine/shared/utils/method-selection.utils.ts:119
[  230915ms] [WARNING] [ParkGating] "עליית כוח על טבעות בעזרת גומייה" — 1 park method(s) all gated → exercise excluded Required gear not in park inventory: [Object] Available: [bodyweight, pullup_bar, dip_station, bench, low_bar, high_bar, step, park_bench, park_step] @ webpack-internal:///(app-pages-browser)/./src/features/workout-engine/shared/utils/method-selection.utils.ts:119
[  230915ms] [WARNING] [ParkGating] "עליית כוח עם טבעות" — 1 park method(s) all gated → exercise excluded Required gear not in park inventory: [Object] Available: [bodyweight, pullup_bar, dip_station, bench, low_bar, high_bar, step, park_bench, park_step] @ webpack-internal:///(app-pages-browser)/./src/features/workout-engine/shared/utils/method-selection.utils.ts:119
[  230915ms] [WARNING] [ParkGating] "עליית כוח בעזרת גומייה" — 1 park method(s) all gated → exercise excluded Required gear not in park inventory: [Object] Available: [bodyweight, pullup_bar, dip_station, bench, low_bar, high_bar, step, park_bench, park_step] @ webpack-internal:///(app-pages-browser)/./src/features/workout-engine/shared/utils/method-selection.utils.ts:119
[  230915ms] [LOG] [Warmup] Priming pull slot1/1 F2: "מתח יד אחת בעזרת אצבעות" L17 from 13 cands (zone [13–19], reps 3–5) @ webpack-internal:///(app-pages-browser)/./src/features/workout-engine/services/warmup.service.ts:808
[  230916ms] [WARNING] [ParkGating] "החזקת מקבילים ב-15° עם גומייה" — 1 park method(s) all gated → exercise excluded Required gear not in park inventory: [Object] Available: [bodyweight, pullup_bar, dip_station, bench, low_bar, high_bar, step, park_bench, park_step] @ webpack-internal:///(app-pages-browser)/./src/features/workout-engine/shared/utils/method-selection.utils.ts:119
[  230916ms] [WARNING] [ParkGating] "החזקת מקבילים ב-120° עם גומייה" — 2 park method(s) all gated → exercise excluded Required gear not in park inventory: [Object, Object] Available: [bodyweight, pullup_bar, dip_station, bench, low_bar, high_bar, step, park_bench, park_step] @ webpack-internal:///(app-pages-browser)/./src/features/workout-engine/shared/utils/method-selection.utils.ts:119
[  230916ms] [WARNING] [ParkGating] "החזקת מקבילים ב-90° עם גומייה" — 2 park method(s) all gated → exercise excluded Required gear not in park inventory: [Object, Object] Available: [bodyweight, pullup_bar, dip_station, bench, low_bar, high_bar, step, park_bench, park_step] @ webpack-internal:///(app-pages-browser)/./src/features/workout-engine/shared/utils/method-selection.utils.ts:119
[  230916ms] [LOG] [Warmup] Activation push slot1/3 F2: "החזקת שכיבת סמיכה ב-90° במרפק" L3 from 11 cands (zone [3–5], reps 8–12) @ webpack-internal:///(app-pages-browser)/./src/features/workout-engine/services/warmup.service.ts:808
[  230916ms] [WARNING] [ParkGating] "החזקת מקבילים ב-15° עם גומייה" — 1 park method(s) all gated → exercise excluded Required gear not in park inventory: [Object] Available: [bodyweight, pullup_bar, dip_station, bench, low_bar, high_bar, step, park_bench, park_step] @ webpack-internal:///(app-pages-browser)/./src/features/workout-engine/shared/utils/method-selection.utils.ts:119
[  230916ms] [WARNING] [ParkGating] "פרפר רצועות ב-45°" — 1 park method(s) all gated → exercise excluded Required gear not in park inventory: [Object] Available: [bodyweight, pullup_bar, dip_station, bench, low_bar, high_bar, step, park_bench, park_step] @ webpack-internal:///(app-pages-browser)/./src/features/workout-engine/shared/utils/method-selection.utils.ts:119
[  230916ms] [WARNING] [ParkGating] "שכיבות סמיכה רצועות ב-45°" — 1 park method(s) all gated → exercise excluded Required gear not in park inventory: [Object] Available: [bodyweight, pullup_bar, dip_station, bench, low_bar, high_bar, step, park_bench, park_step] @ webpack-internal:///(app-pages-browser)/./src/features/workout-engine/shared/utils/method-selection.utils.ts:119
[  230916ms] [WARNING] [ParkGating] "מקבילים עם גומייה בינונית" — 1 park method(s) all gated → exercise excluded Required gear not in park inventory: [Object] Available: [bodyweight, pullup_bar, dip_station, bench, low_bar, high_bar, step, park_bench, park_step] @ webpack-internal:///(app-pages-browser)/./src/features/workout-engine/shared/utils/method-selection.utils.ts:119
[  230916ms] [WARNING] [ParkGating] "מקבילים עם גומייה עבה" — 1 park method(s) all gated → exercise excluded Required gear not in park inventory: [Object] Available: [bodyweight, pullup_bar, dip_station, bench, low_bar, high_bar, step, park_bench, park_step] @ webpack-internal:///(app-pages-browser)/./src/features/workout-engine/shared/utils/method-selection.utils.ts:119
[  230917ms] [WARNING] [ParkGating] "החזקת מקבילים ב-120° עם גומייה" — 2 park method(s) all gated → exercise excluded Required gear not in park inventory: [Object, Object] Available: [bodyweight, pullup_bar, dip_station, bench, low_bar, high_bar, step, park_bench, park_step] @ webpack-internal:///(app-pages-browser)/./src/features/workout-engine/shared/utils/method-selection.utils.ts:119
[  230917ms] [WARNING] [ParkGating] "החזקת מקבילים ב-90° עם גומייה" — 2 park method(s) all gated → exercise excluded Required gear not in park inventory: [Object, Object] Available: [bodyweight, pullup_bar, dip_station, bench, low_bar, high_bar, step, park_bench, park_step] @ webpack-internal:///(app-pages-browser)/./src/features/workout-engine/shared/utils/method-selection.utils.ts:119
[  230917ms] [LOG] [Warmup] Activation push slot2/3 F2: "שכיבות סמיכה בפישוק" L5 from 17 cands (zone [4–8], reps 8–12) @ webpack-internal:///(app-pages-browser)/./src/features/workout-engine/services/warmup.service.ts:808
[  230918ms] [WARNING] [ParkGating] "פרפר רצועות ב-45°" — 1 park method(s) all gated → exercise excluded Required gear not in park inventory: [Object] Available: [bodyweight, pullup_bar, dip_station, bench, low_bar, high_bar, step, park_bench, park_step] @ webpack-internal:///(app-pages-browser)/./src/features/workout-engine/shared/utils/method-selection.utils.ts:119
[  230918ms] [WARNING] [ParkGating] "שכיבות סמיכה רצועות ב-45°" — 1 park method(s) all gated → exercise excluded Required gear not in park inventory: [Object] Available: [bodyweight, pullup_bar, dip_station, bench, low_bar, high_bar, step, park_bench, park_step] @ webpack-internal:///(app-pages-browser)/./src/features/workout-engine/shared/utils/method-selection.utils.ts:119
[  230918ms] [WARNING] [ParkGating] "מקבילים עם גומייה דקה" — 1 park method(s) all gated → exercise excluded Required gear not in park inventory: [Object] Available: [bodyweight, pullup_bar, dip_station, bench, low_bar, high_bar, step, park_bench, park_step] @ webpack-internal:///(app-pages-browser)/./src/features/workout-engine/shared/utils/method-selection.utils.ts:119
[  230918ms] [WARNING] [ParkGating] "החזקת תמיכה על טבעות" — 1 park method(s) all gated → exercise excluded Required gear not in park inventory: [Object] Available: [bodyweight, pullup_bar, dip_station, bench, low_bar, high_bar, step, park_bench, park_step] @ webpack-internal:///(app-pages-browser)/./src/features/workout-engine/shared/utils/method-selection.utils.ts:119
[  230918ms] [WARNING] [ParkGating] "מקבילים עם גומייה בינונית" — 1 park method(s) all gated → exercise excluded Required gear not in park inventory: [Object] Available: [bodyweight, pullup_bar, dip_station, bench, low_bar, high_bar, step, park_bench, park_step] @ webpack-internal:///(app-pages-browser)/./src/features/workout-engine/shared/utils/method-selection.utils.ts:119
[  230918ms] [WARNING] [ParkGating] "החזקת תמיכה על טבעות עם עזרה" — 1 park method(s) all gated → exercise excluded Required gear not in park inventory: [Object] Available: [bodyweight, pullup_bar, dip_station, bench, low_bar, high_bar, step, park_bench, park_step] @ webpack-internal:///(app-pages-browser)/./src/features/workout-engine/shared/utils/method-selection.utils.ts:119
[  230919ms] [LOG] [Warmup] Priming push slot3/3 F2: "שכיבות סמיכה ספינקס" L11 from 15 cands (zone [7–11], reps 3–5) @ webpack-internal:///(app-pages-browser)/./src/features/workout-engine/services/warmup.service.ts:808
[  230919ms] [LOG] [Warmup] Stage 2 Patterns primed: [legs, pull, push] from active [pull, push, legs] — 5 slots total @ webpack-internal:///(app-pages-browser)/./src/features/workout-engine/services/warmup.service.ts:843
[  230919ms] [LOG] [Warmup] Time-aware trim: 5 → 3 slots (budget 3 for 30min, coverage-first) @ webpack-internal:///(app-pages-browser)/./src/features/workout-engine/services/warmup.service.ts:877
[  230919ms] [LOG] [Warmup] Block finalised: 1 general + 5 ladder slots = 3 total (budget 3) @ webpack-internal:///(app-pages-browser)/./src/features/workout-engine/services/warmup.service.ts:882
[  230919ms] [LOG]   ETMVVSpt0lIpeF3mkEn6 "מתיחות פלג גוף עליון לבדיקה": OK @ webpack-internal:///(app-pages-browser)/./src/features/workout-engine/services/cooldown.service.ts:78
[  230919ms] [LOG] ┌─────────────┬────────────┬────────────┬────────────┐
│  Section    │  Work      │  Rest      │  Subtotal  │
├─────────────┼────────────┼────────────┼────────────┤
│  Warmup     │ 3m 10s     │ 0m 0s      │ 3m 10s     │  ← 0s rest, 5s transitions, cap=6m
│  Main       │ 5m 39s     │ 25m 4s     │ 30m 43s    │  ← 25m rest = 84% of main block
│  Cooldown   │ 2m 30s     │ 0m 0s      │ 2m 30s     │
├─────────────┼────────────┼────────────┼────────────┤
│  TOTAL(raw) │             │             │ 34m 23s    │
└─────────────┴────────────┴────────────┴────────────┘ @ webpack-internal:///(app-pages-browser)/./src/features/workout-engine/logic/workout-budgeting.utils.ts:1142
[  230919ms] [LOG]   + Main transitions (4 × 30s): 120s @ webpack-internal:///(app-pages-browser)/./src/features/workout-engine/logic/workout-budgeting.utils.ts:1143
[  230919ms] [LOG]   = Final Duration: 37 min @ webpack-internal:///(app-pages-browser)/./src/features/workout-engine/logic/workout-budgeting.utils.ts:1144
[  230919ms] [TABLE] [Object, Object, Object, Object, Object, Object, Object, Object] @ webpack-internal:///(app-pages-browser)/./src/features/workout-engine/logic/workout-budgeting.utils.ts:1147
[  230920ms] [LOG] [PresentationFormatter.volumeCap] PhaseA: removed "סקוואט טווח חלקי (להגבהה)" (mg=squat, score=69) @ webpack-internal:///(app-pages-browser)/./src/features/workout-engine/core/presentation/PresentationFormatter.ts:373
[  230920ms] [LOG] ┌─────────────┬────────────┬────────────┬────────────┐
│  Section    │  Work      │  Rest      │  Subtotal  │
├─────────────┼────────────┼────────────┼────────────┤
│  Warmup     │ 3m 10s     │ 0m 0s      │ 3m 10s     │  ← 0s rest, 5s transitions, cap=6m
│  Main       │ 3m 51s     │ 18m 1s     │ 21m 52s    │  ← 18m rest = 86% of main block
│  Cooldown   │ 2m 30s     │ 0m 0s      │ 2m 30s     │
├─────────────┼────────────┼────────────┼────────────┤
│  TOTAL(raw) │             │             │ 26m 32s    │
└─────────────┴────────────┴────────────┴────────────┘ @ webpack-internal:///(app-pages-browser)/./src/features/workout-engine/logic/workout-budgeting.utils.ts:1142
[  230920ms] [LOG]   + Main transitions (3 × 30s): 90s @ webpack-internal:///(app-pages-browser)/./src/features/workout-engine/logic/workout-budgeting.utils.ts:1143
[  230920ms] [LOG]   = Final Duration: 28 min @ webpack-internal:///(app-pages-browser)/./src/features/workout-engine/logic/workout-budgeting.utils.ts:1144
[  230920ms] [TABLE] [Object, Object, Object, Object, Object, Object, Object] @ webpack-internal:///(app-pages-browser)/./src/features/workout-engine/logic/workout-budgeting.utils.ts:1147
[  230920ms] [LOG] [PresentationFormatter.volumeCap] Done after 1 step(s): 28m, 12 sets, 3 main exercises @ webpack-internal:///(app-pages-browser)/./src/features/workout-engine/core/presentation/PresentationFormatter.ts:430
[  230920ms] [LOG] [WorkoutTrio] No app_config/workout_trio doc → using pre-seeded Hebrew labels @ webpack-internal:///(app-pages-browser)/./src/features/workout-engine/services/trio-labels.service.ts:53
[  230920ms] [LOG] [WorkoutTrio] Labels (fallback): [מאוזן, עצים ומהיר, אימון פארק קליל] @ webpack-internal:///(app-pages-browser)/./src/features/workout-engine/services/home-workout.service.ts:774
[  230921ms] [LOG] [PipelineOrchestrator] Pool OK: 77 survivors at location=home (gear=6) → normal generation (sparse contexts degrade to bodyweight, not recovery). @ webpack-internal:///(app-pages-browser)/./src/features/workout-engine/core/pipeline/PipelineOrchestrator.ts:130
[  230921ms] [LOG] [PipelineOrchestrator] 🔓 Master-program bypass (full_body): skipping single-domain tolerance gate — ContextualEngine shared pass already scoped pool to all child domains. Pool size preserved: 77 exercises. @ webpack-internal:///(app-pages-browser)/./src/features/workout-engine/core/pipeline/PipelineOrchestrator.ts:233
[  230921ms] [LOG] [InputSanitizer:Periodization] Phase=DELOAD effectiveDifficulty=1 @ webpack-internal:///(app-pages-browser)/./src/features/workout-engine/core/middleware/InputSanitizerMiddleware.ts:447
[  230921ms] [LOG]   push L12: 6 sets/day (17/week) @ webpack-internal:///(app-pages-browser)/./src/features/workout-engine/logic/WorkoutGenerator.ts:445
[  230921ms] [LOG]   pull L22: 8 sets/day (23/week) @ webpack-internal:///(app-pages-browser)/./src/features/workout-engine/logic/WorkoutGenerator.ts:445
[  230921ms] [LOG]   legs L1: 4 sets/day (10/week) @ webpack-internal:///(app-pages-browser)/./src/features/workout-engine/logic/WorkoutGenerator.ts:445
[  230921ms] [LOG]   core L1: 3 sets/day (8/week) @ webpack-internal:///(app-pages-browser)/./src/features/workout-engine/logic/WorkoutGenerator.ts:445
[  230921ms] [LOG] Foundation Buffer: 24 exercises boosted (+30) — Pull-ups/Dips/Push-ups/Rows prioritised @ webpack-internal:///(app-pages-browser)/./src/features/workout-engine/logic/WorkoutGenerator.ts:1331
[  230921ms] [LOG] Vertical Preference: 2 exercises boosted (diminishing: 15/8) @ webpack-internal:///(app-pages-browser)/./src/features/workout-engine/logic/WorkoutGenerator.ts:1333
[  230921ms] [LOG] Naked Strength: 36 bodyweight exercises boosted (+8) @ webpack-internal:///(app-pages-browser)/./src/features/workout-engine/logic/WorkoutGenerator.ts:1334
[  230921ms] [LOG] Modality Match: "none" dominant → 36 exercises boosted (+10) @ webpack-internal:///(app-pages-browser)/./src/features/workout-engine/logic/WorkoutGenerator.ts:1337
[  230921ms] [LOG] Regression Bias (1-bolt): target=L13 — 25 boosted(+20), 0 penalized(-15) @ webpack-internal:///(app-pages-browser)/./src/features/workout-engine/logic/WorkoutGenerator.ts:1340
[  230922ms] [LOG] [LevelSync] DifficultyFilter: globalLevel=L22, domainLevels={push:L12, pull:L22, legs:L1, core:L1, planche:L10, front_lever:L13, calisthenics_upper:L13, upper_body:L21, full_body:L15, muscle_up:L21} @ webpack-internal:///(app-pages-browser)/./src/features/workout-engine/logic/workout-selection.utils.ts:308
[  230922ms] [LOG] [Bolt1Cap] Recovery window per-domain [push→[L9-L11], pull→[L19-L21], legs→[L1-L1], core→[L1-L1]] (activeProgram=full_body): filtered out 45 out-of-window exercise(s). Pool: 77 → 32 @ webpack-internal:///(app-pages-browser)/./src/features/workout-engine/logic/WorkoutGenerator.ts:630
[  230922ms] [LOG] User base level (context.userLevel): 22 @ webpack-internal:///(app-pages-browser)/./src/features/workout-engine/logic/workout-selection.utils.ts:810
[  230922ms] [LOG] Target level per category — P1: [planche] | P2: [push] | P3: undefined @ webpack-internal:///(app-pages-browser)/./src/features/workout-engine/logic/workout-selection.utils.ts:811
[  230922ms] [LOG] Dominance ratio: {p1: 0.65, p2: 0.35, p3: 0} @ webpack-internal:///(app-pages-browser)/./src/features/workout-engine/logic/workout-selection.utils.ts:812
[  230922ms] [LOG] Daily set budget: 21 @ webpack-internal:///(app-pages-browser)/./src/features/workout-engine/logic/workout-selection.utils.ts:817
[  230922ms] [LOG] Exercise levels in pool (programLevel): {1: 11, 9: 1, 10: 8, 11: 1, 19: 6, 20: 3, 21: 2} @ webpack-internal:///(app-pages-browser)/./src/features/workout-engine/logic/workout-selection.utils.ts:824
[  230922ms] [WARNING] Level 1 or defaulted: 11 exercises. Reasons: programLevel undefined → defaults to 1; or Program mapping not found; or Defaulting due to missing progression. @ webpack-internal:///(app-pages-browser)/./src/features/workout-engine/logic/workout-selection.utils.ts:830
[  230922ms] [LOG]   - "גוד מורנינג בישיבה" programLevel=1 @ webpack-internal:///(app-pages-browser)/./src/features/workout-engine/logic/workout-selection.utils.ts:834
[  230922ms] [LOG]   - "כפיפות בטן חצי טווח" programLevel=1 @ webpack-internal:///(app-pages-browser)/./src/features/workout-engine/logic/workout-selection.utils.ts:834
[  230922ms] [LOG]   - "סקוואט טווח חלקי (להגבהה)" programLevel=1 @ webpack-internal:///(app-pages-browser)/./src/features/workout-engine/logic/workout-selection.utils.ts:834
[  230922ms] [LOG] [WorkoutGenerator] Dominance: P1=4 P2=2 accessory=-1 (budget: 13+7+1) @ webpack-internal:///(app-pages-browser)/./src/features/workout-engine/logic/workout-selection.utils.ts:899
[  230922ms] [LOG] [WorkoutGenerator] Budget allows: P1=13 sets, P2=7 sets @ webpack-internal:///(app-pages-browser)/./src/features/workout-engine/logic/workout-selection.utils.ts:900
[  230922ms] [LOG] [MGDiversity] Displaced 3 same-group duplicates → backfilled 3 (pool had 32 candidates) @ webpack-internal:///(app-pages-browser)/./src/features/workout-engine/logic/WorkoutGenerator.ts:733
[  230922ms] [LOG] [assignVolume] Budget guard: push budget=6 ÷ 4 exercises (budgetCap=2) → consolidated to 2 receiver(s) @ webpack-internal:///(app-pages-browser)/./src/features/workout-engine/logic/workout-budgeting.utils.ts:680
[  230922ms] [LOG]   push L12: 6 sets ÷ 2 exercises = 3 sets/each @ webpack-internal:///(app-pages-browser)/./src/features/workout-engine/logic/workout-budgeting.utils.ts:693
[  230922ms] [LOG]   pull L22: 8 sets ÷ 1 exercises = 8 sets/each @ webpack-internal:///(app-pages-browser)/./src/features/workout-engine/logic/workout-budgeting.utils.ts:693
[  230922ms] [LOG]   legs L1: 4 sets ÷ 0 exercises = 0 sets/each @ webpack-internal:///(app-pages-browser)/./src/features/workout-engine/logic/workout-budgeting.utils.ts:693
[  230922ms] [LOG]   core L1: 3 sets ÷ 0 exercises = 0 sets/each @ webpack-internal:///(app-pages-browser)/./src/features/workout-engine/logic/workout-budgeting.utils.ts:693
[  230923ms] [LOG] [findLevelSub] ✅ core: picked "כפיפות בטן חצי טווח" L1 (gap=0, radius=±2, domain=core L1, D1) @ webpack-internal:///(app-pages-browser)/./src/features/workout-engine/core/pipeline/PoolFactory.ts:242
[  230923ms] [LOG] [DavidRule] ✅ "שולחן הפוך" (L1) → "כפיפות בטן חצי טווח" (L1) [core, domain=core L1, target=L1(D1), radius=±2] @ webpack-internal:///(app-pages-browser)/./src/features/workout-engine/logic/WorkoutGenerator.ts:858
[  230923ms] [LOG] [WorkoutGenerator][selectProtocol] difficulty=1 | adminProtocols=["emom","pyramid","antagonist_pair"] | adminProbability=0 | periodizationWeek=5 @ webpack-internal:///(app-pages-browser)/./src/features/workout-engine/logic/WorkoutGenerator.ts:1390
[  230923ms] [LOG] [WorkoutGenerator][selectProtocol] Bolt 1 → always straight sets @ webpack-internal:///(app-pages-browser)/./src/features/workout-engine/logic/WorkoutGenerator.ts:1392
[  230923ms] [LOG] [findLevelSub] ✅ horizontal_pull: picked "הרמות פרונט לבר רגל אחת" L20 (gap=0, radius=±2, domain=pull L20, D1) @ webpack-internal:///(app-pages-browser)/./src/features/workout-engine/core/pipeline/PoolFactory.ts:242
[  230923ms] [LOG] [HorizontalGuarantee] ✅ "מתח יד אחת עם גומייה"(vertical_pull) → "הרמות פרונט לבר רגל אחת" (L20, domain=pull L22, gap=2) [horizontal_pull] @ webpack-internal:///(app-pages-browser)/./src/features/workout-engine/core/pipeline/GuaranteePassRunner.ts:199
[  230923ms] [LOG] [VerticalFoundation] ✅ "הרמות פרונט לבר רגל אחת"(skill) → "מתח יד אחת עם גומייה"(foundation, L19) [vertical_pull, domain=pull L22] @ webpack-internal:///(app-pages-browser)/./src/features/workout-engine/core/pipeline/GuaranteePassRunner.ts:310
[  230923ms] [LOG] [findLevelSub] ✅ squat: picked "סקוואט טווח חלקי (להגבהה)" L1 (gap=0, radius=±2, domain=legs L1, D1) @ webpack-internal:///(app-pages-browser)/./src/features/workout-engine/core/pipeline/PoolFactory.ts:242
[  230923ms] [LOG] [FullBodyGuarantee] ✅ legs missing → "סקוואט טווח חלקי (להגבהה)"(L1) replacing "כפיפות בטן חצי טווח" [mg=squat, gap=0] @ webpack-internal:///(app-pages-browser)/./src/features/workout-engine/core/pipeline/GuaranteePassRunner.ts:408
[  230923ms] [LOG] ┌─────────────┬────────────┬────────────┬────────────┐
│  Section    │  Work      │  Rest      │  Subtotal  │
├─────────────┼────────────┼────────────┼────────────┤
│  Warmup     │ 0m 0s      │ 0m 0s      │ 0m 0s      │  ← 0s rest, 5s transitions, cap=6m
│  Main       │ 3m 12s     │ 16m 22s    │ 20m 34s    │  ← 16m rest = 84% of main block
│  Cooldown   │ 0m 0s      │ 0m 0s      │ 0m 0s      │
├─────────────┼────────────┼────────────┼────────────┤
│  TOTAL(raw) │             │             │ 20m 34s    │
└─────────────┴────────────┴────────────┴────────────┘ @ webpack-internal:///(app-pages-browser)/./src/features/workout-engine/logic/workout-budgeting.utils.ts:1142
[  230923ms] [LOG]   + Main transitions (4 × 30s): 120s @ webpack-internal:///(app-pages-browser)/./src/features/workout-engine/logic/workout-budgeting.utils.ts:1143
[  230923ms] [LOG]   = Final Duration: 22 min @ webpack-internal:///(app-pages-browser)/./src/features/workout-engine/logic/workout-budgeting.utils.ts:1144
[  230923ms] [TABLE] [Object, Object, Object, Object, Object] @ webpack-internal:///(app-pages-browser)/./src/features/workout-engine/logic/workout-budgeting.utils.ts:1147
[  230923ms] [LOG] ┌─────────────┬────────────┬────────────┬────────────┐
│  Section    │  Work      │  Rest      │  Subtotal  │
├─────────────┼────────────┼────────────┼────────────┤
│  Warmup     │ 0m 0s      │ 0m 0s      │ 0m 0s      │  ← 0s rest, 5s transitions, cap=6m
│  Main       │ 3m 12s     │ 16m 22s    │ 20m 34s    │  ← 16m rest = 84% of main block
│  Cooldown   │ 0m 0s      │ 0m 0s      │ 0m 0s      │
├─────────────┼────────────┼────────────┼────────────┤
│  TOTAL(raw) │             │             │ 20m 34s    │
└─────────────┴────────────┴────────────┴────────────┘ @ webpack-internal:///(app-pages-browser)/./src/features/workout-engine/logic/workout-budgeting.utils.ts:1142
[  230923ms] [LOG]   + Main transitions (4 × 30s): 120s @ webpack-internal:///(app-pages-browser)/./src/features/workout-engine/logic/workout-budgeting.utils.ts:1143
[  230923ms] [LOG]   = Final Duration: 22 min @ webpack-internal:///(app-pages-browser)/./src/features/workout-engine/logic/workout-budgeting.utils.ts:1144
[  230924ms] [TABLE] [Object, Object, Object, Object, Object] @ webpack-internal:///(app-pages-browser)/./src/features/workout-engine/logic/workout-budgeting.utils.ts:1147
[  230924ms] [LOG] [Engine] Pool: 102→102→77→32→5(raw)→5(diverse) | Selected: 5 | Budget: 44/21 remaining/daily | Difficulty: 1 | Sets: 10 @ webpack-internal:///(app-pages-browser)/./src/features/workout-engine/logic/WorkoutGenerator.ts:1076
[  230924ms] [LOG] [1] מתח יד אחת עם גומייה | programLevel=19 [LevelResolution] מתח יד אחת עם גומייה → L19 via pull | userDomainL=22 | Tier=flow | Sets=2 Reps=1 Rest=78s | Video=YES @ webpack-internal:///(app-pages-browser)/./src/features/workout-engine/logic/WorkoutGenerator.ts:1087
[  230924ms] [LOG] [2] מקבילים | programLevel=10 [LevelResolution] מקבילים → L10 via push | userDomainL=12 | Tier=easy | Sets=2 Reps=6 Rest=109s | Video=YES @ webpack-internal:///(app-pages-browser)/./src/features/workout-engine/logic/WorkoutGenerator.ts:1087
[  230924ms] [LOG] [3] שכיבות סמיכה ספינקס | programLevel=11 [LevelResolution] שכיבות סמיכה ספינקס → L11 via push | userDomainL=12 | Tier=easy | Sets=2 Reps=6 Rest=117s | Video=YES @ webpack-internal:///(app-pages-browser)/./src/features/workout-engine/logic/WorkoutGenerator.ts:1087
[  230924ms] [LOG] [4] שכיבות סמיכה מתפרץ | programLevel=10 [LevelResolution] שכיבות סמיכה מתפרץ → L10 via push | userDomainL=12 | Tier=easy | Sets=2 Reps=6 Rest=104s | Video=YES @ webpack-internal:///(app-pages-browser)/./src/features/workout-engine/logic/WorkoutGenerator.ts:1087
[  230924ms] [LOG] [5] סקוואט טווח חלקי (להגבהה) | programLevel=1 [LevelResolution] שולחן הפוך → L1 via full_body | userDomainL=1 | Tier=flow | Sets=2 Reps=12 Rest=83s | Video=YES @ webpack-internal:///(app-pages-browser)/./src/features/workout-engine/logic/WorkoutGenerator.ts:1087
[  230924ms] [LOG] [Warmup] Pool: 372 total | follow-along: 13 | role=warmup: 1 | mobility-tag: 0 @ webpack-internal:///(app-pages-browser)/./src/features/workout-engine/services/warmup.service.ts:555
[  230924ms] [LOG] [Warmup] Stage 1: "סשן התאוששות #1" selected (follow-along [location-matched]) @ webpack-internal:///(app-pages-browser)/./src/features/workout-engine/services/warmup.service.ts:619
[  230924ms] [LOG] [Warmup] David Scale: push(60%×1s), pull(20%×1s), full_body(20%×1s) @ webpack-internal:///(app-pages-browser)/./src/features/workout-engine/services/warmup.service.ts:648
[  230925ms] [LOG] [Warmup] Priming full_body slot1/1 F2: "סקוואט טווח חלקי" L2 from 40 cands (zone [9–13], reps 3–5) @ webpack-internal:///(app-pages-browser)/./src/features/workout-engine/services/warmup.service.ts:808
[  230925ms] [LOG] [Warmup] Priming pull slot1/1 F2: "תלייה באחיזה עמוקה" L13 from 8 cands (zone [13–19], reps 3–5) @ webpack-internal:///(app-pages-browser)/./src/features/workout-engine/services/warmup.service.ts:808
[  230925ms] [LOG] [Warmup] Priming push slot1/1 F2: "שכיבות סמיכה מרפקים צמודים" L7 from 12 cands (zone [7–11], reps 3–5) @ webpack-internal:///(app-pages-browser)/./src/features/workout-engine/services/warmup.service.ts:808
[  230926ms] [LOG] [Warmup] Stage 2 Patterns primed: [legs, pull, push] from active [pull, push, legs] — 3 slots total @ webpack-internal:///(app-pages-browser)/./src/features/workout-engine/services/warmup.service.ts:843
[  230926ms] [LOG] [Warmup] Time-aware trim: 4 → 3 slots (budget 3 for 30min, coverage-first) @ webpack-internal:///(app-pages-browser)/./src/features/workout-engine/services/warmup.service.ts:877
[  230926ms] [LOG] [Warmup] Block finalised: 1 general + 3 ladder slots = 3 total (budget 3) @ webpack-internal:///(app-pages-browser)/./src/features/workout-engine/services/warmup.service.ts:882
[  230926ms] [LOG]   ETMVVSpt0lIpeF3mkEn6 "מתיחות פלג גוף עליון לבדיקה": no method for location @ webpack-internal:///(app-pages-browser)/./src/features/workout-engine/services/cooldown.service.ts:78
[  230927ms] [LOG] [Cooldown] Strict bodyweight yielded 0 candidates → fallback to ANY cooldown for location @ webpack-internal:///(app-pages-browser)/./src/features/workout-engine/services/cooldown.service.ts:100
[  230929ms] [LOG] [WorkoutTrio] Flow: swapped 2/5 exercises (regression -1/-2/-3, floor=L7, reps unchanged) @ webpack-internal:///(app-pages-browser)/./src/features/workout-engine/services/trio-modifiers.service.ts:495
[  230929ms] [LOG] [NakedAudit] "מתח יד אחת עם גומייה" → gear:[9HVoe7t0PmaP5YJOYAlv,I1K30JehaxSx8dlBOZyd] gearFree=false keywordHit=true → FAIL ✗ @ webpack-internal:///(app-pages-browser)/./src/features/workout-engine/services/trio-modifiers.service.ts:551
[  230929ms] [LOG] [NakedAudit] "שכיבות סמיכה יהלום" → gear:[] gearFree=true keywordHit=false → PASS ✓ @ webpack-internal:///(app-pages-browser)/./src/features/workout-engine/services/trio-modifiers.service.ts:551
[  230929ms] [LOG] [NakedAudit] "שכיבות סמיכה ספינקס" → gear:[] gearFree=true keywordHit=false → PASS ✓ @ webpack-internal:///(app-pages-browser)/./src/features/workout-engine/services/trio-modifiers.service.ts:551
[  230930ms] [LOG] [NakedAudit] "שכיבות סמיכה מרפקים צמודים" → gear:[] gearFree=true keywordHit=false → PASS ✓ @ webpack-internal:///(app-pages-browser)/./src/features/workout-engine/services/trio-modifiers.service.ts:551
[  230930ms] [LOG] [NakedAudit] "סקוואט טווח חלקי (להגבהה)" → gear:[h3oFM4Xe6FE63OQzfh8x] gearFree=false keywordHit=false → FAIL ✗ @ webpack-internal:///(app-pages-browser)/./src/features/workout-engine/services/trio-modifiers.service.ts:551
[  230930ms] [LOG] [WorkoutTrio] Naked STRICT: removed 2 gear exercises, 0 violations caught, 3 bodyweight remain → 10 total sets, Non-essential gear: 0 (0 ✓) @ webpack-internal:///(app-pages-browser)/./src/features/workout-engine/services/trio-modifiers.service.ts:644
[  230930ms] [WARNING] [WorkoutTrio] Flow: warmup floor (1) < generated warmups (3) — floor enforcement active @ webpack-internal:///(app-pages-browser)/./src/features/workout-engine/services/trio-modifiers.service.ts:507
[  230930ms] [LOG] ┌─────────────┬────────────┬────────────┬────────────┐
│  Section    │  Work      │  Rest      │  Subtotal  │
├─────────────┼────────────┼────────────┼────────────┤
│  Warmup     │ 1m 0s      │ 0m 0s      │ 1m 0s      │  ← 0s rest, 5s transitions, cap=6m
│  Main       │ 2m 48s     │ 11m 0s     │ 13m 48s    │  ← 11m rest = 86% of main block
│  Cooldown   │ 2m 30s     │ 0m 0s      │ 2m 30s     │
├─────────────┼────────────┼────────────┼────────────┤
│  TOTAL(raw) │             │             │ 15m 18s    │
└─────────────┴────────────┴────────────┴────────────┘ @ webpack-internal:///(app-pages-browser)/./src/features/workout-engine/logic/workout-budgeting.utils.ts:1142
[  230930ms] [LOG]   + Main transitions (3 × 30s): 90s @ webpack-internal:///(app-pages-browser)/./src/features/workout-engine/logic/workout-budgeting.utils.ts:1143
[  230930ms] [LOG]   = Final Duration: 17 min @ webpack-internal:///(app-pages-browser)/./src/features/workout-engine/logic/workout-budgeting.utils.ts:1144
[  230930ms] [TABLE] [Object, Object, Object, Object, Object] @ webpack-internal:///(app-pages-browser)/./src/features/workout-engine/logic/workout-budgeting.utils.ts:1147
[  231261ms] [LOG] [WorkoutGenerator] Antagonist pairing complete: 1 push+pull, 0 quad+hamstring, 0 domain+core fallback @ webpack-internal:///(app-pages-browser)/./src/features/workout-engine/logic/workout-sorting.utils.ts:494
[  231261ms] [LOG] [applyAntagonistPairing] Buckets — push:2 pull:1 legs:0 other:0 pyramids:0 warmupCooldown:4 @ webpack-internal:///(app-pages-browser)/./src/features/workout-engine/logic/workout-sorting.utils.ts:516
[  231261ms] [LOG]   [Pair] "החזקת מתח יד אחת ב-90°" (id=WRY4OTLIfEYxdIWZ82hm) → pairedWith=PM16d9WoigHe5Z7SDRCt @ webpack-internal:///(app-pages-browser)/./src/features/workout-engine/logic/workout-sorting.utils.ts:520
[  231261ms] [LOG]   [Pair] "פשיטת מרפקים למתקדמים" (id=PM16d9WoigHe5Z7SDRCt) → pairedWith=WRY4OTLIfEYxdIWZ82hm @ webpack-internal:///(app-pages-browser)/./src/features/workout-engine/logic/workout-sorting.utils.ts:520
[  231261ms] [LOG]   [Pair] "מקבילים" (id=hSVTgimudJNF5uVF7DfM) → pairedWith=NONE @ webpack-internal:///(app-pages-browser)/./src/features/workout-engine/logic/workout-sorting.utils.ts:520
[  231261ms] [LOG] [PresentationFormatter] ✅ Re-applied antagonist pairing on final list (2 exercises have pairedWith, source: adminData, מאוזן) @ webpack-internal:///(app-pages-browser)/./src/features/workout-engine/core/presentation/PresentationFormatter.ts:284
[  231261ms] [LOG] [PresentationFormatter] 🪜 Final domain-priority sort applied (order changed, 7 exercises, מאוזן) @ webpack-internal:///(app-pages-browser)/./src/features/workout-engine/core/presentation/PresentationFormatter.ts:295
[  231262ms] [LOG] [WorkoutTrio] Option 2 (מאוזן): D2, 7 exercises, 12 sets, ~28min @ webpack-internal:///(app-pages-browser)/./src/features/workout-engine/services/home-workout.service.ts:1077
[  231262ms] [LOG] [WorkoutTrio] Single-option path — padded 3 slots with the same workout @ webpack-internal:///(app-pages-browser)/./src/features/workout-engine/services/home-workout.service.ts:1086
[  231262ms] [LOG]   Difficulty: 2 ⚡⚡ @ webpack-internal:///(app-pages-browser)/./src/features/workout-engine/services/trio-modifiers.service.ts:700
[  231262ms] [LOG]   Title: אימון כללי סוף יום בפארק @ webpack-internal:///(app-pages-browser)/./src/features/workout-engine/services/trio-modifiers.service.ts:701
[  231262ms] [LOG]   Duration: ~28 min @ webpack-internal:///(app-pages-browser)/./src/features/workout-engine/services/trio-modifiers.service.ts:702
[  231262ms] [LOG]   Warmups: 3 | Main: 3 | Sets: 12 @ webpack-internal:///(app-pages-browser)/./src/features/workout-engine/services/trio-modifiers.service.ts:703
[  231262ms] [LOG]   Gear: 3 ⚠️ [pKh30gGIGOKFcgLET2Fn, rsGezdRxG5hayY7x88pJ, VQoqHLfhHGhPsaz2zsQO] @ webpack-internal:///(app-pages-browser)/./src/features/workout-engine/services/trio-modifiers.service.ts:704
[  231262ms] [LOG]   Exercises: [פשיטת מרפקים למתקדמים, החזקת מתח יד אחת ב-90°, מקבילים] @ webpack-internal:///(app-pages-browser)/./src/features/workout-engine/services/trio-modifiers.service.ts:705
[  231262ms] [LOG]   Difficulty: 2 ⚡⚡ @ webpack-internal:///(app-pages-browser)/./src/features/workout-engine/services/trio-modifiers.service.ts:700
[  231262ms] [LOG]   Title: אימון כללי סוף יום בפארק @ webpack-internal:///(app-pages-browser)/./src/features/workout-engine/services/trio-modifiers.service.ts:701
[  231262ms] [LOG]   Duration: ~28 min @ webpack-internal:///(app-pages-browser)/./src/features/workout-engine/services/trio-modifiers.service.ts:702
[  231262ms] [LOG]   Warmups: 3 | Main: 3 | Sets: 12 @ webpack-internal:///(app-pages-browser)/./src/features/workout-engine/services/trio-modifiers.service.ts:703
[  231263ms] [LOG]   Gear: 3 ⚠️ [pKh30gGIGOKFcgLET2Fn, rsGezdRxG5hayY7x88pJ, VQoqHLfhHGhPsaz2zsQO] @ webpack-internal:///(app-pages-browser)/./src/features/workout-engine/services/trio-modifiers.service.ts:704
[  231263ms] [LOG]   Exercises: [פשיטת מרפקים למתקדמים, החזקת מתח יד אחת ב-90°, מקבילים] @ webpack-internal:///(app-pages-browser)/./src/features/workout-engine/services/trio-modifiers.service.ts:705
[  231263ms] [LOG]   Difficulty: 2 ⚡⚡ @ webpack-internal:///(app-pages-browser)/./src/features/workout-engine/services/trio-modifiers.service.ts:700
[  231263ms] [LOG]   Title: אימון כללי סוף יום בפארק @ webpack-internal:///(app-pages-browser)/./src/features/workout-engine/services/trio-modifiers.service.ts:701
[  231263ms] [LOG]   Duration: ~28 min @ webpack-internal:///(app-pages-browser)/./src/features/workout-engine/services/trio-modifiers.service.ts:702
[  231263ms] [LOG]   Warmups: 3 | Main: 3 | Sets: 12 @ webpack-internal:///(app-pages-browser)/./src/features/workout-engine/services/trio-modifiers.service.ts:703
[  231263ms] [LOG]   Gear: 3 ⚠️ [pKh30gGIGOKFcgLET2Fn, rsGezdRxG5hayY7x88pJ, VQoqHLfhHGhPsaz2zsQO] @ webpack-internal:///(app-pages-browser)/./src/features/workout-engine/services/trio-modifiers.service.ts:704
[  231263ms] [LOG]   Exercises: [פשיטת מרפקים למתקדמים, החזקת מתח יד אחת ב-90°, מקבילים] @ webpack-internal:///(app-pages-browser)/./src/features/workout-engine/services/trio-modifiers.service.ts:705
[  231263ms] [LOG] Overlap: 1↔2=3, 1↔3=3, 2↔3=3 @ webpack-internal:///(app-pages-browser)/./src/features/workout-engine/services/trio-modifiers.service.ts:710
[  231265ms] [LOG] [WorkoutGenerator] Antagonist pairing: singleDomain with 0 core exercises — 3 exercise(s) passed through as straight sets. @ webpack-internal:///(app-pages-browser)/./src/features/workout-engine/logic/workout-sorting.utils.ts:487
[  231265ms] [LOG] [WorkoutGenerator] ⚠️  Antagonist pairing: 0 pairs formed. push=3, pull=0, legs=0, other=0. pyramids=0, warmupCooldown=2. Likely cause: push-only pool — pull side missing (check calisthenics_upper additionalSlugs or exercise tagging). All exercises will show as straight sets (pairedWith=none). @ webpack-internal:///(app-pages-browser)/./src/features/workout-engine/logic/workout-sorting.utils.ts:496
[  231265ms] [LOG] [applyAntagonistPairing] Buckets — push:3 pull:0 legs:0 other:0 pyramids:0 warmupCooldown:2 @ webpack-internal:///(app-pages-browser)/./src/features/workout-engine/logic/workout-sorting.utils.ts:516
[  231265ms] [LOG]   [Pair] "שכיבות סמיכה ספינקס" (id=mDPDDIYx8JEqrwSamDqa) → pairedWith=NONE @ webpack-internal:///(app-pages-browser)/./src/features/workout-engine/logic/workout-sorting.utils.ts:520
[  231265ms] [LOG]   [Pair] "שכיבות סמיכה יהלום" (id=CybbIJXFkL7ZxvKkIiQE) → pairedWith=NONE @ webpack-internal:///(app-pages-browser)/./src/features/workout-engine/logic/workout-sorting.utils.ts:520
[  231265ms] [LOG]   [Pair] "שכיבות סמיכה מרפקים צמודים" (id=gZqAE68NQJnREu60C88S) → pairedWith=NONE @ webpack-internal:///(app-pages-browser)/./src/features/workout-engine/logic/workout-sorting.utils.ts:520
[  231265ms] [LOG] [PresentationFormatter] ✅ Re-applied antagonist pairing on final list (0 exercises have pairedWith, source: adminData, אימון פארק קליל) @ webpack-internal:///(app-pages-browser)/./src/features/workout-engine/core/presentation/PresentationFormatter.ts:284
[  231265ms] [LOG] [PresentationFormatter] 🪜 Final domain-priority sort applied (order changed, 5 exercises, אימון פארק קליל) @ webpack-internal:///(app-pages-browser)/./src/features/workout-engine/core/presentation/PresentationFormatter.ts:295
[  231265ms] [LOG] [WorkoutTrio] Option 1 (אימון פארק קליל): D1, 5 exercises, 10 sets, ~17min @ webpack-internal:///(app-pages-browser)/./src/features/workout-engine/services/home-workout.service.ts:1077
[  231265ms] [LOG] [WorkoutTrio] Single-option path — padded 3 slots with the same workout @ webpack-internal:///(app-pages-browser)/./src/features/workout-engine/services/home-workout.service.ts:1086
[  231265ms] [LOG]   Difficulty: 1 ⚡ @ webpack-internal:///(app-pages-browser)/./src/features/workout-engine/services/trio-modifiers.service.ts:700
[  231265ms] [LOG]   Title: בונה יסודות בבית: טכניקה וגוף מלא @ webpack-internal:///(app-pages-browser)/./src/features/workout-engine/services/trio-modifiers.service.ts:701
[  231265ms] [LOG]   Duration: ~17 min @ webpack-internal:///(app-pages-browser)/./src/features/workout-engine/services/trio-modifiers.service.ts:702
[  231265ms] [LOG]   Warmups: 1 | Main: 3 | Sets: 10 @ webpack-internal:///(app-pages-browser)/./src/features/workout-engine/services/trio-modifiers.service.ts:703
[  231265ms] [LOG]   Gear: 0 (0 Gear ✓) @ webpack-internal:///(app-pages-browser)/./src/features/workout-engine/services/trio-modifiers.service.ts:704
[  231265ms] [LOG]   Exercises: [שכיבות סמיכה ספינקס, שכיבות סמיכה יהלום, שכיבות סמיכה מרפקים צמודים] @ webpack-internal:///(app-pages-browser)/./src/features/workout-engine/services/trio-modifiers.service.ts:705
[  231265ms] [LOG]   Difficulty: 1 ⚡ @ webpack-internal:///(app-pages-browser)/./src/features/workout-engine/services/trio-modifiers.service.ts:700
[  231265ms] [LOG]   Title: בונה יסודות בבית: טכניקה וגוף מלא @ webpack-internal:///(app-pages-browser)/./src/features/workout-engine/services/trio-modifiers.service.ts:701
[  231265ms] [LOG]   Duration: ~17 min @ webpack-internal:///(app-pages-browser)/./src/features/workout-engine/services/trio-modifiers.service.ts:702
[  231265ms] [LOG]   Warmups: 1 | Main: 3 | Sets: 10 @ webpack-internal:///(app-pages-browser)/./src/features/workout-engine/services/trio-modifiers.service.ts:703
[  231265ms] [LOG]   Gear: 0 (0 Gear ✓) @ webpack-internal:///(app-pages-browser)/./src/features/workout-engine/services/trio-modifiers.service.ts:704
[  231265ms] [LOG]   Exercises: [שכיבות סמיכה ספינקס, שכיבות סמיכה יהלום, שכיבות סמיכה מרפקים צמודים] @ webpack-internal:///(app-pages-browser)/./src/features/workout-engine/services/trio-modifiers.service.ts:705
[  231265ms] [LOG]   Difficulty: 1 ⚡ @ webpack-internal:///(app-pages-browser)/./src/features/workout-engine/services/trio-modifiers.service.ts:700
[  231265ms] [LOG]   Title: בונה יסודות בבית: טכניקה וגוף מלא @ webpack-internal:///(app-pages-browser)/./src/features/workout-engine/services/trio-modifiers.service.ts:701
[  231265ms] [LOG]   Duration: ~17 min @ webpack-internal:///(app-pages-browser)/./src/features/workout-engine/services/trio-modifiers.service.ts:702
[  231265ms] [LOG]   Warmups: 1 | Main: 3 | Sets: 10 @ webpack-internal:///(app-pages-browser)/./src/features/workout-engine/services/trio-modifiers.service.ts:703
[  231265ms] [LOG]   Gear: 0 (0 Gear ✓) @ webpack-internal:///(app-pages-browser)/./src/features/workout-engine/services/trio-modifiers.service.ts:704
[  231266ms] [LOG]   Exercises: [שכיבות סמיכה ספינקס, שכיבות סמיכה יהלום, שכיבות סמיכה מרפקים צמודים] @ webpack-internal:///(app-pages-browser)/./src/features/workout-engine/services/trio-modifiers.service.ts:705
[  231266ms] [LOG] Overlap: 1↔2=3, 1↔3=3, 2↔3=3 @ webpack-internal:///(app-pages-browser)/./src/features/workout-engine/services/trio-modifiers.service.ts:710
[  231266ms] [LOG] [Periodization] Auto-focused carousel to option 0 (week=5, reason=חזרת אחרי 10 ימים — מפעיל את הגוף שוב בשבוע שחזור.) @ webpack-internal:///(app-pages-browser)/./src/features/home/components/StatsOverview.tsx:1019
[  231292ms] [LOG] ACTIVE CALENDAR FILE: MonthlyCalendarGrid.tsx {cellHeight: 60, engine: DayIconCell (unified with home screen), viewMode: rings} @ webpack-internal:///(app-pages-browser)/./src/features/home/components/calendar/MonthlyCalendarGrid.tsx:160
[  231294ms] [LOG] ACTIVE CALENDAR FILE: MonthlyCalendarGrid.tsx {cellHeight: 60, engine: DayIconCell (unified with home screen), viewMode: rings} @ webpack-internal:///(app-pages-browser)/./src/features/home/components/calendar/MonthlyCalendarGrid.tsx:160
[  231352ms] [LOG] [UI][groupSections] exercise="סשן התאוששות #1" role=warmup pairedWith=NONE @ webpack-internal:///(app-pages-browser)/./src/features/workouts/components/workout-preview-drawer/utils/section-grouping.utils.ts:48
[  231352ms] [LOG] [UI][groupSections] exercise="שכיבות סמיכה ספינקס" role=main pairedWith=NONE @ webpack-internal:///(app-pages-browser)/./src/features/workouts/components/workout-preview-drawer/utils/section-grouping.utils.ts:48
[  231352ms] [LOG] [UI][groupSections] exercise="שכיבות סמיכה יהלום" role=main pairedWith=NONE @ webpack-internal:///(app-pages-browser)/./src/features/workouts/components/workout-preview-drawer/utils/section-grouping.utils.ts:48
[  231352ms] [LOG] [UI][groupSections] exercise="שכיבות סמיכה מרפקים צמודים" role=main pairedWith=NONE @ webpack-internal:///(app-pages-browser)/./src/features/workouts/components/workout-preview-drawer/utils/section-grouping.utils.ts:48
[  231353ms] [LOG] [UI][groupSections] exercise="מתיחות פלג גוף עליון לבדיקה" role=cooldown pairedWith=NONE @ webpack-internal:///(app-pages-browser)/./src/features/workouts/components/workout-preview-drawer/utils/section-grouping.utils.ts:48
[  231353ms] [LOG] [UI][groupSections] result — warmup:1 pairs:0 pyramids:0 straight:3 cooldown:1 @ webpack-internal:///(app-pages-browser)/./src/features/workouts/components/workout-preview-drawer/utils/section-grouping.utils.ts:171
[  231353ms] [LOG] [UI][groupSections] exercise="סשן התאוששות #1" role=warmup pairedWith=NONE @ webpack-internal:///(app-pages-browser)/./src/features/workouts/components/workout-preview-drawer/utils/section-grouping.utils.ts:48
[  231353ms] [LOG] [UI][groupSections] exercise="שכיבות סמיכה ספינקס" role=main pairedWith=NONE @ webpack-internal:///(app-pages-browser)/./src/features/workouts/components/workout-preview-drawer/utils/section-grouping.utils.ts:48
[  231353ms] [LOG] [UI][groupSections] exercise="שכיבות סמיכה יהלום" role=main pairedWith=NONE @ webpack-internal:///(app-pages-browser)/./src/features/workouts/components/workout-preview-drawer/utils/section-grouping.utils.ts:48
[  231353ms] [LOG] [UI][groupSections] exercise="שכיבות סמיכה מרפקים צמודים" role=main pairedWith=NONE @ webpack-internal:///(app-pages-browser)/./src/features/workouts/components/workout-preview-drawer/utils/section-grouping.utils.ts:48
[  231353ms] [LOG] [UI][groupSections] exercise="מתיחות פלג גוף עליון לבדיקה" role=cooldown pairedWith=NONE @ webpack-internal:///(app-pages-browser)/./src/features/workouts/components/workout-preview-drawer/utils/section-grouping.utils.ts:48
[  231353ms] [LOG] [UI][groupSections] result — warmup:1 pairs:0 pyramids:0 straight:3 cooldown:1 @ webpack-internal:///(app-pages-browser)/./src/features/workouts/components/workout-preview-drawer/utils/section-grouping.utils.ts:171
[  231435ms] [LOG] ACTIVE CALENDAR FILE: MonthlyCalendarGrid.tsx {cellHeight: 60, engine: DayIconCell (unified with home screen), viewMode: rings} @ webpack-internal:///(app-pages-browser)/./src/features/home/components/calendar/MonthlyCalendarGrid.tsx:160
[  231436ms] [LOG] ACTIVE CALENDAR FILE: MonthlyCalendarGrid.tsx {cellHeight: 60, engine: DayIconCell (unified with home screen), viewMode: rings} @ webpack-internal:///(app-pages-browser)/./src/features/home/components/calendar/MonthlyCalendarGrid.tsx:160
[  243691ms] [LOG] ACTIVE CALENDAR FILE: MonthlyCalendarGrid.tsx {cellHeight: 60, engine: DayIconCell (unified with home screen), viewMode: rings} @ webpack-internal:///(app-pages-browser)/./src/features/home/components/calendar/MonthlyCalendarGrid.tsx:160
[  243691ms] [LOG] ACTIVE CALENDAR FILE: MonthlyCalendarGrid.tsx {cellHeight: 60, engine: DayIconCell (unified with home screen), viewMode: rings} @ webpack-internal:///(app-pages-browser)/./src/features/home/components/calendar/MonthlyCalendarGrid.tsx:160
