[     238ms] [WARNING] [2026-09-01T19:55:37.550Z]  @firebase/auth: Auth (12.6.0): Error while retrieving App Check token: FirebaseError: AppCheck: ReCAPTCHA error. (appCheck/recaptcha-error). @ https://outrun.co.il/_next/static/chunks/2532-16f59635ee5a761a.js:14
[     474ms] [WARNING] [2026-09-01T19:55:37.786Z]  @firebase/auth: Auth (12.6.0): Error while retrieving App Check token: FirebaseError: AppCheck: ReCAPTCHA error. (appCheck/recaptcha-error). @ https://outrun.co.il/_next/static/chunks/2532-16f59635ee5a761a.js:14
[     474ms] [WARNING] [2026-09-01T19:55:37.786Z]  @firebase/auth: Auth (12.6.0): Error while retrieving App Check token: FirebaseError: AppCheck: ReCAPTCHA error. (appCheck/recaptcha-error). @ https://outrun.co.il/_next/static/chunks/2532-16f59635ee5a761a.js:14
[    1214ms] [LOG] [getAuthoritiesByManager] Super Admin — returning all 79 top-level authorities @ https://outrun.co.il/_next/static/chunks/7034-dcf27cf9b9fea1db.js:0
[    1998ms] [LOG] [getAuthoritiesByManager] Super Admin — returning all 79 top-level authorities @ https://outrun.co.il/_next/static/chunks/7034-dcf27cf9b9fea1db.js:0
[    2388ms] [LOG] [getAuthoritiesByManager] Super Admin — returning all 79 top-level authorities @ https://outrun.co.il/_next/static/chunks/7034-dcf27cf9b9fea1db.js:0
[    4020ms] [LOG] [getAuthoritiesByManager] Super Admin — returning all 79 top-level authorities @ https://outrun.co.il/_next/static/chunks/7034-dcf27cf9b9fea1db.js:0
[    4129ms] [LOG] [getAuthoritiesByManager] Super Admin — returning all 79 top-level authorities @ https://outrun.co.il/_next/static/chunks/7034-dcf27cf9b9fea1db.js:0
[   18263ms] [LOG] [getAuthoritiesByManager] Super Admin — returning all 79 top-level authorities @ https://outrun.co.il/_next/static/chunks/7034-dcf27cf9b9fea1db.js:0
[ 1853025ms] [ERROR] Failed to load resource: net::ERR_NAME_NOT_RESOLVED @ https://www.google.com/recaptcha/enterprise/clr?k=6Lf3d9UsAAAAAILBqo6A909pmhyvtYmDoxaKtfMV:0
[ 1853178ms] [ERROR] Failed to load resource: net::ERR_INTERNET_DISCONNECTED @ https://www.google.com/recaptcha/enterprise/clr?k=6Lf3d9UsAAAAAILBqo6A909pmhyvtYmDoxaKtfMV:0
[ 1853216ms] [ERROR] Failed to load resource: net::ERR_INTERNET_DISCONNECTED @ https://firestore.googleapis.com/google.firestore.v1.Firestore/Listen/channel?VER=8&database=projects%2Fappout-1%2Fdatabases%2F(default)&gsessionid=FX5tAUgquEbv-rBgPeKopiZnar0yiZK6aMsyBrWsi6xmEEzwcLwneA&SID=vsyEBF-H_2ajwOaZFCUhpQ&RID=81737&TYPE=terminate&zx=cxbxzz9mbwk2:0
[ 1853216ms] [ERROR] Failed to load resource: net::ERR_INTERNET_DISCONNECTED @ https://www.google.com/recaptcha/enterprise/clr?k=6Lf3d9UsAAAAAILBqo6A909pmhyvtYmDoxaKtfMV:0
[ 1853223ms] [ERROR] Failed to load resource: net::ERR_INTERNET_DISCONNECTED @ https://firestore.googleapis.com/google.firestore.v1.Firestore/Listen/channel?VER=8&database=projects%2Fappout-1%2Fdatabases%2F(default)&RID=55337&CVER=22&X-HTTP-Session-Id=gsessionid&zx=k3tf7bjfu6u7&t=1:0
[ 1853224ms] [WARNING] [2026-09-01T20:26:30.536Z]  @firebase/firestore: Firestore (12.6.0): WebChannelConnection RPC 'Listen' stream 0x70864746 transport errored. Name: undefined Message: undefined @ https://outrun.co.il/_next/static/chunks/2532-16f59635ee5a761a.js:14
[ 1853233ms] [ERROR] Failed to load resource: net::ERR_INTERNET_DISCONNECTED @ https://www.google.com/recaptcha/enterprise/clr?k=6Lf3d9UsAAAAAILBqo6A909pmhyvtYmDoxaKtfMV:0
[ 1853244ms] [ERROR] Failed to load resource: net::ERR_INTERNET_DISCONNECTED @ https://www.google.com/recaptcha/enterprise/clr?k=6Lf3d9UsAAAAAILBqo6A909pmhyvtYmDoxaKtfMV:0
[ 1853246ms] [ERROR] Failed to load resource: net::ERR_INTERNET_DISCONNECTED @ https://www.google.com/images/cleardot.gif?zx=rqqhonzhgrxc:0
[ 1853255ms] [ERROR] Failed to load resource: net::ERR_INTERNET_DISCONNECTED @ https://www.google.com/recaptcha/enterprise/clr?k=6Lf3d9UsAAAAAILBqo6A909pmhyvtYmDoxaKtfMV:0
[ 1853275ms] [ERROR] Failed to load resource: net::ERR_INTERNET_DISCONNECTED @ https://www.google.com/recaptcha/enterprise/clr?k=6Lf3d9UsAAAAAILBqo6A909pmhyvtYmDoxaKtfMV:0
[ 1853283ms] [ERROR] Failed to load resource: net::ERR_INTERNET_DISCONNECTED @ https://www.google.com/recaptcha/enterprise/clr?k=6Lf3d9UsAAAAAILBqo6A909pmhyvtYmDoxaKtfMV:0
[ 1853306ms] [ERROR] Failed to load resource: net::ERR_INTERNET_DISCONNECTED @ https://firestore.googleapis.com/google.firestore.v1.Firestore/Listen/channel?VER=8&database=projects%2Fappout-1%2Fdatabases%2F(default)&RID=90309&CVER=22&X-HTTP-Session-Id=gsessionid&zx=cf1j8m4tl6td&t=1:0
[ 1853306ms] [WARNING] [2026-09-01T20:26:30.619Z]  @firebase/firestore: Firestore (12.6.0): WebChannelConnection RPC 'Listen' stream 0x70864747 transport errored. Name: undefined Message: undefined @ https://outrun.co.il/_next/static/chunks/2532-16f59635ee5a761a.js:14
[ 1853313ms] [ERROR] Failed to load resource: net::ERR_INTERNET_DISCONNECTED @ https://www.google.com/images/cleardot.gif?zx=pjfeh2nd2akz:0
[ 1853345ms] [ERROR] Failed to load resource: net::ERR_INTERNET_DISCONNECTED @ https://www.google.com/recaptcha/enterprise/clr?k=6Lf3d9UsAAAAAILBqo6A909pmhyvtYmDoxaKtfMV:0
[ 1853359ms] [ERROR] Failed to load resource: net::ERR_INTERNET_DISCONNECTED @ https://www.google.com/recaptcha/enterprise/clr?k=6Lf3d9UsAAAAAILBqo6A909pmhyvtYmDoxaKtfMV:0
[ 1853365ms] [ERROR] Failed to load resource: net::ERR_INTERNET_DISCONNECTED @ https://www.google.com/recaptcha/enterprise/clr?k=6Lf3d9UsAAAAAILBqo6A909pmhyvtYmDoxaKtfMV:0
[ 1853374ms] [ERROR] Failed to load resource: net::ERR_INTERNET_DISCONNECTED @ https://www.google.com/recaptcha/enterprise/clr?k=6Lf3d9UsAAAAAILBqo6A909pmhyvtYmDoxaKtfMV:0
[ 1854054ms] [ERROR] Failed to load resource: net::ERR_INTERNET_DISCONNECTED @ https://firestore.googleapis.com/google.firestore.v1.Firestore/Listen/channel?VER=8&database=projects%2Fappout-1%2Fdatabases%2F(default)&RID=3021&CVER=22&X-HTTP-Session-Id=gsessionid&zx=l2hmgt1xa3j8&t=1:0
[ 1854054ms] [WARNING] [2026-09-01T20:26:31.367Z]  @firebase/firestore: Firestore (12.6.0): WebChannelConnection RPC 'Listen' stream 0x70864748 transport errored. Name: undefined Message: undefined @ https://outrun.co.il/_next/static/chunks/2532-16f59635ee5a761a.js:14
[ 1854055ms] [ERROR] Failed to load resource: net::ERR_INTERNET_DISCONNECTED @ https://www.google.com/recaptcha/enterprise/clr?k=6Lf3d9UsAAAAAILBqo6A909pmhyvtYmDoxaKtfMV:0
[ 1854056ms] [ERROR] Failed to load resource: net::ERR_INTERNET_DISCONNECTED @ https://www.google.com/recaptcha/enterprise/clr?k=6Lf3d9UsAAAAAILBqo6A909pmhyvtYmDoxaKtfMV:0
[ 1854056ms] [ERROR] Failed to load resource: net::ERR_INTERNET_DISCONNECTED @ https://www.google.com/images/cleardot.gif?zx=31p3or7o51ra:0
[ 1854058ms] [ERROR] Failed to load resource: net::ERR_INTERNET_DISCONNECTED @ https://www.google.com/recaptcha/enterprise/clr?k=6Lf3d9UsAAAAAILBqo6A909pmhyvtYmDoxaKtfMV:0
[ 1854059ms] [ERROR] Failed to load resource: net::ERR_INTERNET_DISCONNECTED @ https://www.google.com/recaptcha/enterprise/clr?k=6Lf3d9UsAAAAAILBqo6A909pmhyvtYmDoxaKtfMV:0
[ 2782472ms] [ERROR] Failed to load resource: net::ERR_INTERNET_DISCONNECTED @ https://firestore.googleapis.com/google.firestore.v1.Firestore/Listen/channel?VER=8&database=projects%2Fappout-1%2Fdatabases%2F(default)&RID=38250&CVER=22&X-HTTP-Session-Id=gsessionid&zx=s1yrfj6ng71s&t=1:0
[ 2782475ms] [WARNING] [2026-09-01T20:41:59.787Z]  @firebase/firestore: Firestore (12.6.0): WebChannelConnection RPC 'Listen' stream 0x70864749 transport errored. Name: undefined Message: undefined @ https://outrun.co.il/_next/static/chunks/2532-16f59635ee5a761a.js:14
[ 2782476ms] [ERROR] Failed to load resource: net::ERR_INTERNET_DISCONNECTED @ https://www.google.com/recaptcha/enterprise/clr?k=6Lf3d9UsAAAAAILBqo6A909pmhyvtYmDoxaKtfMV:0
[ 2782480ms] [ERROR] Failed to load resource: net::ERR_INTERNET_DISCONNECTED @ https://www.google.com/images/cleardot.gif?zx=2qqoiafgsmxq:0
[ 2782480ms] [ERROR] Failed to load resource: net::ERR_INTERNET_DISCONNECTED @ https://www.google.com/recaptcha/enterprise/clr?k=6Lf3d9UsAAAAAILBqo6A909pmhyvtYmDoxaKtfMV:0
[ 2782484ms] [ERROR] Failed to load resource: net::ERR_INTERNET_DISCONNECTED @ https://www.google.com/recaptcha/enterprise/clr?k=6Lf3d9UsAAAAAILBqo6A909pmhyvtYmDoxaKtfMV:0
[ 2782484ms] [ERROR] Failed to load resource: net::ERR_INTERNET_DISCONNECTED @ https://firestore.googleapis.com/google.firestore.v1.Firestore/Listen/channel?VER=8&database=projects%2Fappout-1%2Fdatabases%2F(default)&RID=36855&CVER=22&X-HTTP-Session-Id=gsessionid&zx=jtjagvopk9uf&t=1:0
[ 2782484ms] [WARNING] [2026-09-01T20:41:59.797Z]  @firebase/firestore: Firestore (12.6.0): WebChannelConnection RPC 'Listen' stream 0x7086474a transport errored. Name: undefined Message: undefined @ https://outrun.co.il/_next/static/chunks/2532-16f59635ee5a761a.js:14
[ 2782485ms] [ERROR] Failed to load resource: net::ERR_INTERNET_DISCONNECTED @ https://www.google.com/recaptcha/enterprise/clr?k=6Lf3d9UsAAAAAILBqo6A909pmhyvtYmDoxaKtfMV:0
[ 2782486ms] [ERROR] Failed to load resource: net::ERR_INTERNET_DISCONNECTED @ https://www.google.com/recaptcha/enterprise/clr?k=6Lf3d9UsAAAAAILBqo6A909pmhyvtYmDoxaKtfMV:0
[ 2782486ms] [ERROR] Failed to load resource: net::ERR_INTERNET_DISCONNECTED @ https://www.google.com/images/cleardot.gif?zx=qp1k85paxjab:0
[ 2782488ms] [ERROR] Failed to load resource: net::ERR_INTERNET_DISCONNECTED @ https://www.google.com/recaptcha/enterprise/clr?k=6Lf3d9UsAAAAAILBqo6A909pmhyvtYmDoxaKtfMV:0
[ 2782490ms] [ERROR] Failed to load resource: net::ERR_INTERNET_DISCONNECTED @ https://www.google.com/recaptcha/enterprise/clr?k=6Lf3d9UsAAAAAILBqo6A909pmhyvtYmDoxaKtfMV:0
[ 2782495ms] [ERROR] Failed to load resource: net::ERR_INTERNET_DISCONNECTED @ https://www.google.com/recaptcha/enterprise/clr?k=6Lf3d9UsAAAAAILBqo6A909pmhyvtYmDoxaKtfMV:0
[ 2783555ms] [ERROR] Failed to load resource: net::ERR_INTERNET_DISCONNECTED @ https://www.google.com/recaptcha/enterprise/clr?k=6Lf3d9UsAAAAAILBqo6A909pmhyvtYmDoxaKtfMV:0
[ 2783555ms] [ERROR] Failed to load resource: net::ERR_INTERNET_DISCONNECTED @ https://firestore.googleapis.com/google.firestore.v1.Firestore/Listen/channel?VER=8&database=projects%2Fappout-1%2Fdatabases%2F(default)&RID=69918&CVER=22&X-HTTP-Session-Id=gsessionid&zx=2mph86x70136&t=1:0
[ 2783555ms] [WARNING] [2026-09-01T20:42:00.868Z]  @firebase/firestore: Firestore (12.6.0): WebChannelConnection RPC 'Listen' stream 0x7086474b transport errored. Name: undefined Message: undefined @ https://outrun.co.il/_next/static/chunks/2532-16f59635ee5a761a.js:14
[ 2783557ms] [ERROR] Failed to load resource: net::ERR_INTERNET_DISCONNECTED @ https://www.google.com/recaptcha/enterprise/clr?k=6Lf3d9UsAAAAAILBqo6A909pmhyvtYmDoxaKtfMV:0
[ 2783558ms] [ERROR] Failed to load resource: net::ERR_INTERNET_DISCONNECTED @ https://www.google.com/images/cleardot.gif?zx=pj9wqeiipqr8:0
[ 2783559ms] [ERROR] Failed to load resource: net::ERR_INTERNET_DISCONNECTED @ https://www.google.com/recaptcha/enterprise/clr?k=6Lf3d9UsAAAAAILBqo6A909pmhyvtYmDoxaKtfMV:0
[ 2783562ms] [ERROR] Failed to load resource: net::ERR_INTERNET_DISCONNECTED @ https://www.google.com/recaptcha/enterprise/clr?k=6Lf3d9UsAAAAAILBqo6A909pmhyvtYmDoxaKtfMV:0
[ 2785113ms] [ERROR] Failed to load resource: net::ERR_INTERNET_DISCONNECTED @ https://firestore.googleapis.com/google.firestore.v1.Firestore/Listen/channel?VER=8&database=projects%2Fappout-1%2Fdatabases%2F(default)&RID=59851&CVER=22&X-HTTP-Session-Id=gsessionid&zx=u26ae863fv28&t=1:0
[ 2785113ms] [WARNING] [2026-09-01T20:42:02.426Z]  @firebase/firestore: Firestore (12.6.0): WebChannelConnection RPC 'Listen' stream 0x7086474c transport errored. Name: undefined Message: undefined @ https://outrun.co.il/_next/static/chunks/2532-16f59635ee5a761a.js:14
[ 2785114ms] [ERROR] Failed to load resource: net::ERR_INTERNET_DISCONNECTED @ https://www.google.com/recaptcha/enterprise/clr?k=6Lf3d9UsAAAAAILBqo6A909pmhyvtYmDoxaKtfMV:0
[ 2785118ms] [ERROR] Failed to load resource: net::ERR_INTERNET_DISCONNECTED @ https://www.google.com/recaptcha/enterprise/clr?k=6Lf3d9UsAAAAAILBqo6A909pmhyvtYmDoxaKtfMV:0
[ 2785118ms] [ERROR] Failed to load resource: net::ERR_INTERNET_DISCONNECTED @ https://www.google.com/images/cleardot.gif?zx=lr983ofcoyym:0
[ 2785120ms] [ERROR] Failed to load resource: net::ERR_INTERNET_DISCONNECTED @ https://www.google.com/recaptcha/enterprise/clr?k=6Lf3d9UsAAAAAILBqo6A909pmhyvtYmDoxaKtfMV:0
[ 2785122ms] [ERROR] Failed to load resource: net::ERR_INTERNET_DISCONNECTED @ https://www.google.com/recaptcha/enterprise/clr?k=6Lf3d9UsAAAAAILBqo6A909pmhyvtYmDoxaKtfMV:0
[ 3841325ms] [WARNING] [2026-09-01T20:59:38.638Z]  @firebase/auth: Auth (12.6.0): Error while retrieving App Check token: FirebaseError: AppCheck: ReCAPTCHA error. (appCheck/recaptcha-error). @ https://outrun.co.il/_next/static/chunks/2532-16f59635ee5a761a.js:14
[ 3841329ms] [ERROR] Failed to load resource: net::ERR_INTERNET_DISCONNECTED @ https://securetoken.googleapis.com/v1/token?key=AIzaSyCezG55zVQEZWCEs-lHzx_yQldg-Ej2X60:0
[ 3841330ms] [ERROR] Failed to load resource: net::ERR_INTERNET_DISCONNECTED @ https://www.google.com/recaptcha/enterprise/clr?k=6Lf3d9UsAAAAAILBqo6A909pmhyvtYmDoxaKtfMV:0
[ 3841332ms] [ERROR] Failed to load resource: net::ERR_INTERNET_DISCONNECTED @ https://www.google.com/recaptcha/enterprise/clr?k=6Lf3d9UsAAAAAILBqo6A909pmhyvtYmDoxaKtfMV:0
[ 3841334ms] [ERROR] Failed to load resource: net::ERR_INTERNET_DISCONNECTED @ https://www.google.com/recaptcha/enterprise/clr?k=6Lf3d9UsAAAAAILBqo6A909pmhyvtYmDoxaKtfMV:0
[ 3841335ms] [ERROR] Failed to load resource: net::ERR_INTERNET_DISCONNECTED @ https://www.google.com/recaptcha/enterprise/clr?k=6Lf3d9UsAAAAAILBqo6A909pmhyvtYmDoxaKtfMV:0
[ 4891901ms] [WARNING] [2026-09-01T21:17:09.213Z]  @firebase/auth: Auth (12.6.0): Error while retrieving App Check token: FirebaseError: AppCheck: ReCAPTCHA error. (appCheck/recaptcha-error). @ https://outrun.co.il/_next/static/chunks/2532-16f59635ee5a761a.js:14
[ 4891904ms] [ERROR] Failed to load resource: net::ERR_INTERNET_DISCONNECTED @ https://www.google.com/recaptcha/enterprise/clr?k=6Lf3d9UsAAAAAILBqo6A909pmhyvtYmDoxaKtfMV:0
[ 4891904ms] [ERROR] Failed to load resource: net::ERR_INTERNET_DISCONNECTED @ https://securetoken.googleapis.com/v1/token?key=AIzaSyCezG55zVQEZWCEs-lHzx_yQldg-Ej2X60:0
[ 4891906ms] [WARNING] [2026-09-01T21:17:09.218Z]  @firebase/auth: Auth (12.6.0): Error while retrieving App Check token: FirebaseError: AppCheck: ReCAPTCHA error. (appCheck/recaptcha-error). @ https://outrun.co.il/_next/static/chunks/2532-16f59635ee5a761a.js:14
[ 4891906ms] [ERROR] Failed to load resource: net::ERR_INTERNET_DISCONNECTED @ https://www.google.com/recaptcha/enterprise/clr?k=6Lf3d9UsAAAAAILBqo6A909pmhyvtYmDoxaKtfMV:0
[ 4891908ms] [ERROR] Failed to load resource: net::ERR_INTERNET_DISCONNECTED @ https://securetoken.googleapis.com/v1/token?key=AIzaSyCezG55zVQEZWCEs-lHzx_yQldg-Ej2X60:0
[ 4891910ms] [ERROR] Failed to load resource: net::ERR_INTERNET_DISCONNECTED @ https://www.google.com/recaptcha/enterprise/clr?k=6Lf3d9UsAAAAAILBqo6A909pmhyvtYmDoxaKtfMV:0
[ 4891914ms] [ERROR] Failed to load resource: net::ERR_INTERNET_DISCONNECTED @ https://www.google.com/recaptcha/enterprise/clr?k=6Lf3d9UsAAAAAILBqo6A909pmhyvtYmDoxaKtfMV:0
[ 4891920ms] [ERROR] Failed to load resource: net::ERR_INTERNET_DISCONNECTED @ https://www.google.com/recaptcha/enterprise/clr?k=6Lf3d9UsAAAAAILBqo6A909pmhyvtYmDoxaKtfMV:0
[ 4891921ms] [ERROR] Failed to load resource: net::ERR_INTERNET_DISCONNECTED @ https://www.google.com/recaptcha/enterprise/clr?k=6Lf3d9UsAAAAAILBqo6A909pmhyvtYmDoxaKtfMV:0
[ 4891925ms] [ERROR] Failed to load resource: net::ERR_INTERNET_DISCONNECTED @ https://www.google.com/recaptcha/enterprise/clr?k=6Lf3d9UsAAAAAILBqo6A909pmhyvtYmDoxaKtfMV:0
[ 4891932ms] [ERROR] Failed to load resource: net::ERR_INTERNET_DISCONNECTED @ https://www.google.com/recaptcha/enterprise/clr?k=6Lf3d9UsAAAAAILBqo6A909pmhyvtYmDoxaKtfMV:0
[ 4893270ms] [WARNING] [2026-09-01T21:17:10.582Z]  @firebase/auth: Auth (12.6.0): Error while retrieving App Check token: FirebaseError: AppCheck: ReCAPTCHA error. (appCheck/recaptcha-error). @ https://outrun.co.il/_next/static/chunks/2532-16f59635ee5a761a.js:14
[ 4893273ms] [ERROR] Failed to load resource: net::ERR_INTERNET_DISCONNECTED @ https://www.google.com/recaptcha/enterprise/clr?k=6Lf3d9UsAAAAAILBqo6A909pmhyvtYmDoxaKtfMV:0
[ 4893273ms] [ERROR] Failed to load resource: net::ERR_INTERNET_DISCONNECTED @ https://securetoken.googleapis.com/v1/token?key=AIzaSyCezG55zVQEZWCEs-lHzx_yQldg-Ej2X60:0
[ 4893275ms] [ERROR] Failed to load resource: net::ERR_INTERNET_DISCONNECTED @ https://www.google.com/recaptcha/enterprise/clr?k=6Lf3d9UsAAAAAILBqo6A909pmhyvtYmDoxaKtfMV:0
[ 4893277ms] [ERROR] Failed to load resource: net::ERR_INTERNET_DISCONNECTED @ https://www.google.com/recaptcha/enterprise/clr?k=6Lf3d9UsAAAAAILBqo6A909pmhyvtYmDoxaKtfMV:0
[ 4893278ms] [ERROR] Failed to load resource: net::ERR_INTERNET_DISCONNECTED @ https://www.google.com/recaptcha/enterprise/clr?k=6Lf3d9UsAAAAAILBqo6A909pmhyvtYmDoxaKtfMV:0
[ 4894397ms] [WARNING] [2026-09-01T21:17:11.710Z]  @firebase/auth: Auth (12.6.0): Error while retrieving App Check token: FirebaseError: AppCheck: ReCAPTCHA error. (appCheck/recaptcha-error). @ https://outrun.co.il/_next/static/chunks/2532-16f59635ee5a761a.js:14
[ 4894403ms] [ERROR] Failed to load resource: net::ERR_INTERNET_DISCONNECTED @ https://securetoken.googleapis.com/v1/token?key=AIzaSyCezG55zVQEZWCEs-lHzx_yQldg-Ej2X60:0
[ 4894406ms] [ERROR] Failed to load resource: net::ERR_INTERNET_DISCONNECTED @ https://www.google.com/recaptcha/enterprise/clr?k=6Lf3d9UsAAAAAILBqo6A909pmhyvtYmDoxaKtfMV:0
[ 4894408ms] [ERROR] Failed to load resource: net::ERR_INTERNET_DISCONNECTED @ https://www.google.com/recaptcha/enterprise/clr?k=6Lf3d9UsAAAAAILBqo6A909pmhyvtYmDoxaKtfMV:0
[ 4894411ms] [ERROR] Failed to load resource: net::ERR_INTERNET_DISCONNECTED @ https://www.google.com/recaptcha/enterprise/clr?k=6Lf3d9UsAAAAAILBqo6A909pmhyvtYmDoxaKtfMV:0
[ 4894413ms] [ERROR] Failed to load resource: net::ERR_INTERNET_DISCONNECTED @ https://www.google.com/recaptcha/enterprise/clr?k=6Lf3d9UsAAAAAILBqo6A909pmhyvtYmDoxaKtfMV:0
[ 5820169ms] [WARNING] [2026-09-01T21:32:37.482Z]  @firebase/auth: Auth (12.6.0): Error while retrieving App Check token: FirebaseError: AppCheck: ReCAPTCHA error. (appCheck/recaptcha-error). @ https://outrun.co.il/_next/static/chunks/2532-16f59635ee5a761a.js:14
[ 5820174ms] [ERROR] Failed to load resource: net::ERR_INTERNET_DISCONNECTED @ https://securetoken.googleapis.com/v1/token?key=AIzaSyCezG55zVQEZWCEs-lHzx_yQldg-Ej2X60:0
[ 5820175ms] [ERROR] Failed to load resource: net::ERR_INTERNET_DISCONNECTED @ https://www.google.com/recaptcha/enterprise/clr?k=6Lf3d9UsAAAAAILBqo6A909pmhyvtYmDoxaKtfMV:0
[ 5820179ms] [ERROR] Failed to load resource: net::ERR_INTERNET_DISCONNECTED @ https://www.google.com/recaptcha/enterprise/clr?k=6Lf3d9UsAAAAAILBqo6A909pmhyvtYmDoxaKtfMV:0
[ 5820185ms] [ERROR] Failed to load resource: net::ERR_INTERNET_DISCONNECTED @ https://www.google.com/recaptcha/enterprise/clr?k=6Lf3d9UsAAAAAILBqo6A909pmhyvtYmDoxaKtfMV:0
[ 5820189ms] [ERROR] Failed to load resource: net::ERR_INTERNET_DISCONNECTED @ https://www.google.com/recaptcha/enterprise/clr?k=6Lf3d9UsAAAAAILBqo6A909pmhyvtYmDoxaKtfMV:0
[ 6825517ms] [WARNING] [2026-09-01T21:49:22.829Z]  @firebase/auth: Auth (12.6.0): Error while retrieving App Check token: FirebaseError: AppCheck: ReCAPTCHA error. (appCheck/recaptcha-error). @ https://outrun.co.il/_next/static/chunks/2532-16f59635ee5a761a.js:14
[ 6825523ms] [ERROR] Failed to load resource: net::ERR_INTERNET_DISCONNECTED @ https://securetoken.googleapis.com/v1/token?key=AIzaSyCezG55zVQEZWCEs-lHzx_yQldg-Ej2X60:0
[ 6825524ms] [ERROR] Failed to load resource: net::ERR_INTERNET_DISCONNECTED @ https://www.google.com/recaptcha/enterprise/clr?k=6Lf3d9UsAAAAAILBqo6A909pmhyvtYmDoxaKtfMV:0
[ 6825529ms] [ERROR] Failed to load resource: net::ERR_INTERNET_DISCONNECTED @ https://www.google.com/recaptcha/enterprise/clr?k=6Lf3d9UsAAAAAILBqo6A909pmhyvtYmDoxaKtfMV:0
[ 6825532ms] [ERROR] Failed to load resource: net::ERR_INTERNET_DISCONNECTED @ https://www.google.com/recaptcha/enterprise/clr?k=6Lf3d9UsAAAAAILBqo6A909pmhyvtYmDoxaKtfMV:0
[ 6825535ms] [ERROR] Failed to load resource: net::ERR_INTERNET_DISCONNECTED @ https://www.google.com/recaptcha/enterprise/clr?k=6Lf3d9UsAAAAAILBqo6A909pmhyvtYmDoxaKtfMV:0
[ 7770229ms] [WARNING] [2026-09-01T22:05:07.541Z]  @firebase/auth: Auth (12.6.0): Error while retrieving App Check token: FirebaseError: AppCheck: ReCAPTCHA error. (appCheck/recaptcha-error). @ https://outrun.co.il/_next/static/chunks/2532-16f59635ee5a761a.js:14
[ 7770235ms] [ERROR] Failed to load resource: net::ERR_INTERNET_DISCONNECTED @ https://securetoken.googleapis.com/v1/token?key=AIzaSyCezG55zVQEZWCEs-lHzx_yQldg-Ej2X60:0
[ 7770235ms] [ERROR] Failed to load resource: net::ERR_INTERNET_DISCONNECTED @ https://www.google.com/recaptcha/enterprise/clr?k=6Lf3d9UsAAAAAILBqo6A909pmhyvtYmDoxaKtfMV:0
[ 7770238ms] [WARNING] [2026-09-01T22:05:07.550Z]  @firebase/auth: Auth (12.6.0): Error while retrieving App Check token: FirebaseError: AppCheck: ReCAPTCHA error. (appCheck/recaptcha-error). @ https://outrun.co.il/_next/static/chunks/2532-16f59635ee5a761a.js:14
[ 7770238ms] [ERROR] Failed to load resource: net::ERR_INTERNET_DISCONNECTED @ https://www.google.com/recaptcha/enterprise/clr?k=6Lf3d9UsAAAAAILBqo6A909pmhyvtYmDoxaKtfMV:0
[ 7770241ms] [ERROR] Failed to load resource: net::ERR_INTERNET_DISCONNECTED @ https://securetoken.googleapis.com/v1/token?key=AIzaSyCezG55zVQEZWCEs-lHzx_yQldg-Ej2X60:0
[ 7770242ms] [ERROR] Failed to load resource: net::ERR_INTERNET_DISCONNECTED @ https://www.google.com/recaptcha/enterprise/clr?k=6Lf3d9UsAAAAAILBqo6A909pmhyvtYmDoxaKtfMV:0
[ 7770243ms] [ERROR] Failed to load resource: net::ERR_INTERNET_DISCONNECTED @ https://www.google.com/recaptcha/enterprise/clr?k=6Lf3d9UsAAAAAILBqo6A909pmhyvtYmDoxaKtfMV:0
[ 7770244ms] [ERROR] Failed to load resource: net::ERR_INTERNET_DISCONNECTED @ https://www.google.com/recaptcha/enterprise/clr?k=6Lf3d9UsAAAAAILBqo6A909pmhyvtYmDoxaKtfMV:0
[ 7770245ms] [ERROR] Failed to load resource: net::ERR_INTERNET_DISCONNECTED @ https://www.google.com/recaptcha/enterprise/clr?k=6Lf3d9UsAAAAAILBqo6A909pmhyvtYmDoxaKtfMV:0
[ 7770246ms] [ERROR] Failed to load resource: net::ERR_INTERNET_DISCONNECTED @ https://www.google.com/recaptcha/enterprise/clr?k=6Lf3d9UsAAAAAILBqo6A909pmhyvtYmDoxaKtfMV:0
[ 7770248ms] [ERROR] Failed to load resource: net::ERR_INTERNET_DISCONNECTED @ https://www.google.com/recaptcha/enterprise/clr?k=6Lf3d9UsAAAAAILBqo6A909pmhyvtYmDoxaKtfMV:0
[ 7771080ms] [WARNING] [2026-09-01T22:05:08.393Z]  @firebase/auth: Auth (12.6.0): Error while retrieving App Check token: FirebaseError: AppCheck: ReCAPTCHA error. (appCheck/recaptcha-error). @ https://outrun.co.il/_next/static/chunks/2532-16f59635ee5a761a.js:14
[ 7771086ms] [ERROR] Failed to load resource: net::ERR_INTERNET_DISCONNECTED @ https://securetoken.googleapis.com/v1/token?key=AIzaSyCezG55zVQEZWCEs-lHzx_yQldg-Ej2X60:0
[ 7771088ms] [ERROR] Failed to load resource: net::ERR_INTERNET_DISCONNECTED @ https://www.google.com/recaptcha/enterprise/clr?k=6Lf3d9UsAAAAAILBqo6A909pmhyvtYmDoxaKtfMV:0
[ 7771091ms] [ERROR] Failed to load resource: net::ERR_INTERNET_DISCONNECTED @ https://www.google.com/recaptcha/enterprise/clr?k=6Lf3d9UsAAAAAILBqo6A909pmhyvtYmDoxaKtfMV:0
[ 7771094ms] [ERROR] Failed to load resource: net::ERR_INTERNET_DISCONNECTED @ https://www.google.com/recaptcha/enterprise/clr?k=6Lf3d9UsAAAAAILBqo6A909pmhyvtYmDoxaKtfMV:0
[ 7771097ms] [ERROR] Failed to load resource: net::ERR_INTERNET_DISCONNECTED @ https://www.google.com/recaptcha/enterprise/clr?k=6Lf3d9UsAAAAAILBqo6A909pmhyvtYmDoxaKtfMV:0
[ 7773256ms] [WARNING] [2026-09-01T22:05:10.569Z]  @firebase/auth: Auth (12.6.0): Error while retrieving App Check token: FirebaseError: AppCheck: ReCAPTCHA error. (appCheck/recaptcha-error). @ https://outrun.co.il/_next/static/chunks/2532-16f59635ee5a761a.js:14
[ 7773262ms] [ERROR] Failed to load resource: net::ERR_INTERNET_DISCONNECTED @ https://securetoken.googleapis.com/v1/token?key=AIzaSyCezG55zVQEZWCEs-lHzx_yQldg-Ej2X60:0
[ 7773263ms] [ERROR] Failed to load resource: net::ERR_INTERNET_DISCONNECTED @ https://www.google.com/recaptcha/enterprise/clr?k=6Lf3d9UsAAAAAILBqo6A909pmhyvtYmDoxaKtfMV:0
[ 7773267ms] [ERROR] Failed to load resource: net::ERR_INTERNET_DISCONNECTED @ https://www.google.com/recaptcha/enterprise/clr?k=6Lf3d9UsAAAAAILBqo6A909pmhyvtYmDoxaKtfMV:0
[ 7773273ms] [ERROR] Failed to load resource: net::ERR_INTERNET_DISCONNECTED @ https://www.google.com/recaptcha/enterprise/clr?k=6Lf3d9UsAAAAAILBqo6A909pmhyvtYmDoxaKtfMV:0
[ 7773276ms] [ERROR] Failed to load resource: net::ERR_INTERNET_DISCONNECTED @ https://www.google.com/recaptcha/enterprise/clr?k=6Lf3d9UsAAAAAILBqo6A909pmhyvtYmDoxaKtfMV:0
[ 8043774ms] [WARNING] [2026-09-01T22:09:41.086Z]  @firebase/auth: Auth (12.6.0): Error while retrieving App Check token: FirebaseError: AppCheck: ReCAPTCHA error. (appCheck/recaptcha-error). @ https://outrun.co.il/_next/static/chunks/2532-16f59635ee5a761a.js:14
[ 8043779ms] [ERROR] Failed to load resource: net::ERR_INTERNET_DISCONNECTED @ https://securetoken.googleapis.com/v1/token?key=AIzaSyCezG55zVQEZWCEs-lHzx_yQldg-Ej2X60:0
[ 8043780ms] [ERROR] Failed to load resource: net::ERR_INTERNET_DISCONNECTED @ https://www.google.com/recaptcha/enterprise/clr?k=6Lf3d9UsAAAAAILBqo6A909pmhyvtYmDoxaKtfMV:0
[ 8043782ms] [ERROR] Failed to load resource: net::ERR_INTERNET_DISCONNECTED @ https://www.google.com/recaptcha/enterprise/clr?k=6Lf3d9UsAAAAAILBqo6A909pmhyvtYmDoxaKtfMV:0
[ 8043785ms] [ERROR] Failed to load resource: net::ERR_INTERNET_DISCONNECTED @ https://www.google.com/recaptcha/enterprise/clr?k=6Lf3d9UsAAAAAILBqo6A909pmhyvtYmDoxaKtfMV:0
[ 8043787ms] [ERROR] Failed to load resource: net::ERR_INTERNET_DISCONNECTED @ https://www.google.com/recaptcha/enterprise/clr?k=6Lf3d9UsAAAAAILBqo6A909pmhyvtYmDoxaKtfMV:0
[ 8045851ms] [WARNING] [2026-09-01T22:09:43.164Z]  @firebase/auth: Auth (12.6.0): Error while retrieving App Check token: FirebaseError: AppCheck: ReCAPTCHA error. (appCheck/recaptcha-error). @ https://outrun.co.il/_next/static/chunks/2532-16f59635ee5a761a.js:14
[ 8045857ms] [ERROR] Failed to load resource: net::ERR_INTERNET_DISCONNECTED @ https://securetoken.googleapis.com/v1/token?key=AIzaSyCezG55zVQEZWCEs-lHzx_yQldg-Ej2X60:0
[ 8045859ms] [ERROR] Failed to load resource: net::ERR_INTERNET_DISCONNECTED @ https://www.google.com/recaptcha/enterprise/clr?k=6Lf3d9UsAAAAAILBqo6A909pmhyvtYmDoxaKtfMV:0
[ 8045861ms] [ERROR] Failed to load resource: net::ERR_INTERNET_DISCONNECTED @ https://www.google.com/recaptcha/enterprise/clr?k=6Lf3d9UsAAAAAILBqo6A909pmhyvtYmDoxaKtfMV:0
[ 8045864ms] [ERROR] Failed to load resource: net::ERR_INTERNET_DISCONNECTED @ https://www.google.com/recaptcha/enterprise/clr?k=6Lf3d9UsAAAAAILBqo6A909pmhyvtYmDoxaKtfMV:0
[ 8045868ms] [ERROR] Failed to load resource: net::ERR_INTERNET_DISCONNECTED @ https://www.google.com/recaptcha/enterprise/clr?k=6Lf3d9UsAAAAAILBqo6A909pmhyvtYmDoxaKtfMV:0
[ 8052981ms] [WARNING] [2026-09-01T22:09:50.293Z]  @firebase/auth: Auth (12.6.0): Error while retrieving App Check token: FirebaseError: AppCheck: ReCAPTCHA error. (appCheck/recaptcha-error). @ https://outrun.co.il/_next/static/chunks/2532-16f59635ee5a761a.js:14
[ 8052985ms] [ERROR] Failed to load resource: net::ERR_INTERNET_DISCONNECTED @ https://securetoken.googleapis.com/v1/token?key=AIzaSyCezG55zVQEZWCEs-lHzx_yQldg-Ej2X60:0
[ 8052987ms] [ERROR] Failed to load resource: net::ERR_INTERNET_DISCONNECTED @ https://www.google.com/recaptcha/enterprise/clr?k=6Lf3d9UsAAAAAILBqo6A909pmhyvtYmDoxaKtfMV:0
[ 8052989ms] [ERROR] Failed to load resource: net::ERR_INTERNET_DISCONNECTED @ https://www.google.com/recaptcha/enterprise/clr?k=6Lf3d9UsAAAAAILBqo6A909pmhyvtYmDoxaKtfMV:0
[ 8052992ms] [ERROR] Failed to load resource: net::ERR_INTERNET_DISCONNECTED @ https://www.google.com/recaptcha/enterprise/clr?k=6Lf3d9UsAAAAAILBqo6A909pmhyvtYmDoxaKtfMV:0
[ 8052994ms] [ERROR] Failed to load resource: net::ERR_INTERNET_DISCONNECTED @ https://www.google.com/recaptcha/enterprise/clr?k=6Lf3d9UsAAAAAILBqo6A909pmhyvtYmDoxaKtfMV:0
[ 8059080ms] [WARNING] [2026-09-01T22:09:56.393Z]  @firebase/auth: Auth (12.6.0): Error while retrieving App Check token: FirebaseError: AppCheck: ReCAPTCHA error. (appCheck/recaptcha-error). @ https://outrun.co.il/_next/static/chunks/2532-16f59635ee5a761a.js:14
[ 8059089ms] [ERROR] Failed to load resource: net::ERR_INTERNET_DISCONNECTED @ https://www.google.com/recaptcha/enterprise/clr?k=6Lf3d9UsAAAAAILBqo6A909pmhyvtYmDoxaKtfMV:0
[ 8059090ms] [ERROR] Failed to load resource: net::ERR_INTERNET_DISCONNECTED @ https://securetoken.googleapis.com/v1/token?key=AIzaSyCezG55zVQEZWCEs-lHzx_yQldg-Ej2X60:0
[ 8059093ms] [ERROR] Failed to load resource: net::ERR_INTERNET_DISCONNECTED @ https://www.google.com/recaptcha/enterprise/clr?k=6Lf3d9UsAAAAAILBqo6A909pmhyvtYmDoxaKtfMV:0
[ 8059097ms] [ERROR] Failed to load resource: net::ERR_INTERNET_DISCONNECTED @ https://www.google.com/recaptcha/enterprise/clr?k=6Lf3d9UsAAAAAILBqo6A909pmhyvtYmDoxaKtfMV:0
[ 8059100ms] [ERROR] Failed to load resource: net::ERR_INTERNET_DISCONNECTED @ https://www.google.com/recaptcha/enterprise/clr?k=6Lf3d9UsAAAAAILBqo6A909pmhyvtYmDoxaKtfMV:0
[ 8075987ms] [WARNING] [2026-09-01T22:10:13.299Z]  @firebase/auth: Auth (12.6.0): Error while retrieving App Check token: FirebaseError: AppCheck: ReCAPTCHA error. (appCheck/recaptcha-error). @ https://outrun.co.il/_next/static/chunks/2532-16f59635ee5a761a.js:14
[ 8075992ms] [ERROR] Failed to load resource: net::ERR_INTERNET_DISCONNECTED @ https://securetoken.googleapis.com/v1/token?key=AIzaSyCezG55zVQEZWCEs-lHzx_yQldg-Ej2X60:0
[ 8075992ms] [ERROR] Failed to load resource: net::ERR_INTERNET_DISCONNECTED @ https://www.google.com/recaptcha/enterprise/clr?k=6Lf3d9UsAAAAAILBqo6A909pmhyvtYmDoxaKtfMV:0
[ 8075995ms] [ERROR] Failed to load resource: net::ERR_INTERNET_DISCONNECTED @ https://www.google.com/recaptcha/enterprise/clr?k=6Lf3d9UsAAAAAILBqo6A909pmhyvtYmDoxaKtfMV:0
[ 8075997ms] [ERROR] Failed to load resource: net::ERR_INTERNET_DISCONNECTED @ https://www.google.com/recaptcha/enterprise/clr?k=6Lf3d9UsAAAAAILBqo6A909pmhyvtYmDoxaKtfMV:0
[ 8076000ms] [ERROR] Failed to load resource: net::ERR_INTERNET_DISCONNECTED @ https://www.google.com/recaptcha/enterprise/clr?k=6Lf3d9UsAAAAAILBqo6A909pmhyvtYmDoxaKtfMV:0
[11094270ms] [WARNING] [2026-09-01T23:00:31.582Z]  @firebase/auth: Auth (12.6.0): Error while retrieving App Check token: FirebaseError: AppCheck: ReCAPTCHA error. (appCheck/recaptcha-error). @ https://outrun.co.il/_next/static/chunks/2532-16f59635ee5a761a.js:14
[11094275ms] [ERROR] Failed to load resource: net::ERR_INTERNET_DISCONNECTED @ https://securetoken.googleapis.com/v1/token?key=AIzaSyCezG55zVQEZWCEs-lHzx_yQldg-Ej2X60:0
[11094276ms] [ERROR] Failed to load resource: net::ERR_INTERNET_DISCONNECTED @ https://www.google.com/recaptcha/enterprise/clr?k=6Lf3d9UsAAAAAILBqo6A909pmhyvtYmDoxaKtfMV:0
[11094278ms] [ERROR] Failed to load resource: net::ERR_INTERNET_DISCONNECTED @ https://www.google.com/recaptcha/enterprise/clr?k=6Lf3d9UsAAAAAILBqo6A909pmhyvtYmDoxaKtfMV:0
[11094280ms] [ERROR] Failed to load resource: net::ERR_INTERNET_DISCONNECTED @ https://www.google.com/recaptcha/enterprise/clr?k=6Lf3d9UsAAAAAILBqo6A909pmhyvtYmDoxaKtfMV:0
[11094281ms] [ERROR] Failed to load resource: net::ERR_INTERNET_DISCONNECTED @ https://www.google.com/recaptcha/enterprise/clr?k=6Lf3d9UsAAAAAILBqo6A909pmhyvtYmDoxaKtfMV:0
[11998516ms] [WARNING] [2026-09-01T23:15:35.828Z]  @firebase/auth: Auth (12.6.0): Error while retrieving App Check token: FirebaseError: AppCheck: ReCAPTCHA error. (appCheck/recaptcha-error). @ https://outrun.co.il/_next/static/chunks/2532-16f59635ee5a761a.js:14
[11998521ms] [ERROR] Failed to load resource: net::ERR_INTERNET_DISCONNECTED @ https://securetoken.googleapis.com/v1/token?key=AIzaSyCezG55zVQEZWCEs-lHzx_yQldg-Ej2X60:0
[11998522ms] [ERROR] Failed to load resource: net::ERR_INTERNET_DISCONNECTED @ https://www.google.com/recaptcha/enterprise/clr?k=6Lf3d9UsAAAAAILBqo6A909pmhyvtYmDoxaKtfMV:0
[11998525ms] [WARNING] [2026-09-01T23:15:35.838Z]  @firebase/auth: Auth (12.6.0): Error while retrieving App Check token: FirebaseError: AppCheck: ReCAPTCHA error. (appCheck/recaptcha-error). @ https://outrun.co.il/_next/static/chunks/2532-16f59635ee5a761a.js:14
[11998526ms] [ERROR] Failed to load resource: net::ERR_INTERNET_DISCONNECTED @ https://www.google.com/recaptcha/enterprise/clr?k=6Lf3d9UsAAAAAILBqo6A909pmhyvtYmDoxaKtfMV:0
[11998529ms] [ERROR] Failed to load resource: net::ERR_INTERNET_DISCONNECTED @ https://securetoken.googleapis.com/v1/token?key=AIzaSyCezG55zVQEZWCEs-lHzx_yQldg-Ej2X60:0
[11998529ms] [ERROR] Failed to load resource: net::ERR_INTERNET_DISCONNECTED @ https://www.google.com/recaptcha/enterprise/clr?k=6Lf3d9UsAAAAAILBqo6A909pmhyvtYmDoxaKtfMV:0
[11998531ms] [ERROR] Failed to load resource: net::ERR_INTERNET_DISCONNECTED @ https://www.google.com/recaptcha/enterprise/clr?k=6Lf3d9UsAAAAAILBqo6A909pmhyvtYmDoxaKtfMV:0
[11998531ms] [ERROR] Failed to load resource: net::ERR_INTERNET_DISCONNECTED @ https://www.google.com/recaptcha/enterprise/clr?k=6Lf3d9UsAAAAAILBqo6A909pmhyvtYmDoxaKtfMV:0
[11998533ms] [ERROR] Failed to load resource: net::ERR_INTERNET_DISCONNECTED @ https://www.google.com/recaptcha/enterprise/clr?k=6Lf3d9UsAAAAAILBqo6A909pmhyvtYmDoxaKtfMV:0
[11998536ms] [ERROR] Failed to load resource: net::ERR_INTERNET_DISCONNECTED @ https://www.google.com/recaptcha/enterprise/clr?k=6Lf3d9UsAAAAAILBqo6A909pmhyvtYmDoxaKtfMV:0
[11998537ms] [ERROR] Failed to load resource: net::ERR_INTERNET_DISCONNECTED @ https://www.google.com/recaptcha/enterprise/clr?k=6Lf3d9UsAAAAAILBqo6A909pmhyvtYmDoxaKtfMV:0
[11999364ms] [WARNING] [2026-09-01T23:15:36.677Z]  @firebase/auth: Auth (12.6.0): Error while retrieving App Check token: FirebaseError: AppCheck: ReCAPTCHA error. (appCheck/recaptcha-error). @ https://outrun.co.il/_next/static/chunks/2532-16f59635ee5a761a.js:14
[11999369ms] [ERROR] Failed to load resource: net::ERR_INTERNET_DISCONNECTED @ https://securetoken.googleapis.com/v1/token?key=AIzaSyCezG55zVQEZWCEs-lHzx_yQldg-Ej2X60:0
[11999369ms] [ERROR] Failed to load resource: net::ERR_INTERNET_DISCONNECTED @ https://www.google.com/recaptcha/enterprise/clr?k=6Lf3d9UsAAAAAILBqo6A909pmhyvtYmDoxaKtfMV:0
[11999372ms] [ERROR] Failed to load resource: net::ERR_INTERNET_DISCONNECTED @ https://www.google.com/recaptcha/enterprise/clr?k=6Lf3d9UsAAAAAILBqo6A909pmhyvtYmDoxaKtfMV:0
[11999374ms] [ERROR] Failed to load resource: net::ERR_INTERNET_DISCONNECTED @ https://www.google.com/recaptcha/enterprise/clr?k=6Lf3d9UsAAAAAILBqo6A909pmhyvtYmDoxaKtfMV:0
[11999376ms] [ERROR] Failed to load resource: net::ERR_INTERNET_DISCONNECTED @ https://www.google.com/recaptcha/enterprise/clr?k=6Lf3d9UsAAAAAILBqo6A909pmhyvtYmDoxaKtfMV:0
[12000699ms] [WARNING] [2026-09-01T23:15:38.011Z]  @firebase/auth: Auth (12.6.0): Error while retrieving App Check token: FirebaseError: AppCheck: ReCAPTCHA error. (appCheck/recaptcha-error). @ https://outrun.co.il/_next/static/chunks/2532-16f59635ee5a761a.js:14
[12000703ms] [ERROR] Failed to load resource: net::ERR_INTERNET_DISCONNECTED @ https://www.google.com/recaptcha/enterprise/clr?k=6Lf3d9UsAAAAAILBqo6A909pmhyvtYmDoxaKtfMV:0
[12000704ms] [ERROR] Failed to load resource: net::ERR_INTERNET_DISCONNECTED @ https://securetoken.googleapis.com/v1/token?key=AIzaSyCezG55zVQEZWCEs-lHzx_yQldg-Ej2X60:0
[12000706ms] [ERROR] Failed to load resource: net::ERR_INTERNET_DISCONNECTED @ https://www.google.com/recaptcha/enterprise/clr?k=6Lf3d9UsAAAAAILBqo6A909pmhyvtYmDoxaKtfMV:0
[12000708ms] [ERROR] Failed to load resource: net::ERR_INTERNET_DISCONNECTED @ https://www.google.com/recaptcha/enterprise/clr?k=6Lf3d9UsAAAAAILBqo6A909pmhyvtYmDoxaKtfMV:0
[12000711ms] [ERROR] Failed to load resource: net::ERR_INTERNET_DISCONNECTED @ https://www.google.com/recaptcha/enterprise/clr?k=6Lf3d9UsAAAAAILBqo6A909pmhyvtYmDoxaKtfMV:0
[12958742ms] [WARNING] [2026-09-01T23:31:36.055Z]  @firebase/auth: Auth (12.6.0): Error while retrieving App Check token: FirebaseError: AppCheck: ReCAPTCHA error. (appCheck/recaptcha-error). @ https://outrun.co.il/_next/static/chunks/2532-16f59635ee5a761a.js:14
[12958749ms] [ERROR] Failed to load resource: net::ERR_INTERNET_DISCONNECTED @ https://securetoken.googleapis.com/v1/token?key=AIzaSyCezG55zVQEZWCEs-lHzx_yQldg-Ej2X60:0
[12958750ms] [ERROR] Failed to load resource: net::ERR_INTERNET_DISCONNECTED @ https://www.google.com/recaptcha/enterprise/clr?k=6Lf3d9UsAAAAAILBqo6A909pmhyvtYmDoxaKtfMV:0
[12958754ms] [ERROR] Failed to load resource: net::ERR_INTERNET_DISCONNECTED @ https://www.google.com/recaptcha/enterprise/clr?k=6Lf3d9UsAAAAAILBqo6A909pmhyvtYmDoxaKtfMV:0
[12958757ms] [ERROR] Failed to load resource: net::ERR_INTERNET_DISCONNECTED @ https://www.google.com/recaptcha/enterprise/clr?k=6Lf3d9UsAAAAAILBqo6A909pmhyvtYmDoxaKtfMV:0
[12958760ms] [ERROR] Failed to load resource: net::ERR_INTERNET_DISCONNECTED @ https://www.google.com/recaptcha/enterprise/clr?k=6Lf3d9UsAAAAAILBqo6A909pmhyvtYmDoxaKtfMV:0
[12961905ms] [WARNING] [2026-09-01T23:31:39.217Z]  @firebase/auth: Auth (12.6.0): Error while retrieving App Check token: FirebaseError: AppCheck: ReCAPTCHA error. (appCheck/recaptcha-error). @ https://outrun.co.il/_next/static/chunks/2532-16f59635ee5a761a.js:14
[12961910ms] [ERROR] Failed to load resource: net::ERR_INTERNET_DISCONNECTED @ https://securetoken.googleapis.com/v1/token?key=AIzaSyCezG55zVQEZWCEs-lHzx_yQldg-Ej2X60:0
[12961911ms] [ERROR] Failed to load resource: net::ERR_INTERNET_DISCONNECTED @ https://www.google.com/recaptcha/enterprise/clr?k=6Lf3d9UsAAAAAILBqo6A909pmhyvtYmDoxaKtfMV:0
[12961913ms] [ERROR] Failed to load resource: net::ERR_INTERNET_DISCONNECTED @ https://www.google.com/recaptcha/enterprise/clr?k=6Lf3d9UsAAAAAILBqo6A909pmhyvtYmDoxaKtfMV:0
[12961915ms] [ERROR] Failed to load resource: net::ERR_INTERNET_DISCONNECTED @ https://www.google.com/recaptcha/enterprise/clr?k=6Lf3d9UsAAAAAILBqo6A909pmhyvtYmDoxaKtfMV:0
[12961917ms] [ERROR] Failed to load resource: net::ERR_INTERNET_DISCONNECTED @ https://www.google.com/recaptcha/enterprise/clr?k=6Lf3d9UsAAAAAILBqo6A909pmhyvtYmDoxaKtfMV:0
[13947759ms] [WARNING] [2026-09-01T23:48:05.072Z]  @firebase/auth: Auth (12.6.0): Error while retrieving App Check token: FirebaseError: AppCheck: ReCAPTCHA error. (appCheck/recaptcha-error). @ https://outrun.co.il/_next/static/chunks/2532-16f59635ee5a761a.js:14
[13947763ms] [ERROR] Failed to load resource: net::ERR_INTERNET_DISCONNECTED @ https://securetoken.googleapis.com/v1/token?key=AIzaSyCezG55zVQEZWCEs-lHzx_yQldg-Ej2X60:0
[13947764ms] [ERROR] Failed to load resource: net::ERR_INTERNET_DISCONNECTED @ https://www.google.com/recaptcha/enterprise/clr?k=6Lf3d9UsAAAAAILBqo6A909pmhyvtYmDoxaKtfMV:0
[13947766ms] [ERROR] Failed to load resource: net::ERR_INTERNET_DISCONNECTED @ https://www.google.com/recaptcha/enterprise/clr?k=6Lf3d9UsAAAAAILBqo6A909pmhyvtYmDoxaKtfMV:0
[13947770ms] [ERROR] Failed to load resource: net::ERR_INTERNET_DISCONNECTED @ https://www.google.com/recaptcha/enterprise/clr?k=6Lf3d9UsAAAAAILBqo6A909pmhyvtYmDoxaKtfMV:0
[13947772ms] [ERROR] Failed to load resource: net::ERR_INTERNET_DISCONNECTED @ https://www.google.com/recaptcha/enterprise/clr?k=6Lf3d9UsAAAAAILBqo6A909pmhyvtYmDoxaKtfMV:0
[15901645ms] [WARNING] [2026-09-02T00:20:38.958Z]  @firebase/auth: Auth (12.6.0): Error while retrieving App Check token: FirebaseError: AppCheck: ReCAPTCHA error. (appCheck/recaptcha-error). @ https://outrun.co.il/_next/static/chunks/2532-16f59635ee5a761a.js:14
[15901654ms] [ERROR] Failed to load resource: net::ERR_INTERNET_DISCONNECTED @ https://securetoken.googleapis.com/v1/token?key=AIzaSyCezG55zVQEZWCEs-lHzx_yQldg-Ej2X60:0
[15901659ms] [ERROR] Failed to load resource: net::ERR_INTERNET_DISCONNECTED @ https://www.google.com/recaptcha/enterprise/clr?k=6Lf3d9UsAAAAAILBqo6A909pmhyvtYmDoxaKtfMV:0
[15901660ms] [WARNING] [2026-09-02T00:20:38.973Z]  @firebase/auth: Auth (12.6.0): Error while retrieving App Check token: FirebaseError: AppCheck: ReCAPTCHA error. (appCheck/recaptcha-error). @ https://outrun.co.il/_next/static/chunks/2532-16f59635ee5a761a.js:14
[15901663ms] [ERROR] Failed to load resource: net::ERR_INTERNET_DISCONNECTED @ https://www.google.com/recaptcha/enterprise/clr?k=6Lf3d9UsAAAAAILBqo6A909pmhyvtYmDoxaKtfMV:0
[15901663ms] [ERROR] Failed to load resource: net::ERR_INTERNET_DISCONNECTED @ https://securetoken.googleapis.com/v1/token?key=AIzaSyCezG55zVQEZWCEs-lHzx_yQldg-Ej2X60:0
[15901663ms] [ERROR] Failed to load resource: net::ERR_INTERNET_DISCONNECTED @ https://www.google.com/recaptcha/enterprise/clr?k=6Lf3d9UsAAAAAILBqo6A909pmhyvtYmDoxaKtfMV:0
[15901665ms] [ERROR] Failed to load resource: net::ERR_INTERNET_DISCONNECTED @ https://www.google.com/recaptcha/enterprise/clr?k=6Lf3d9UsAAAAAILBqo6A909pmhyvtYmDoxaKtfMV:0
[15901665ms] [ERROR] Failed to load resource: net::ERR_INTERNET_DISCONNECTED @ https://www.google.com/recaptcha/enterprise/clr?k=6Lf3d9UsAAAAAILBqo6A909pmhyvtYmDoxaKtfMV:0
[15901669ms] [ERROR] Failed to load resource: net::ERR_INTERNET_DISCONNECTED @ https://www.google.com/recaptcha/enterprise/clr?k=6Lf3d9UsAAAAAILBqo6A909pmhyvtYmDoxaKtfMV:0
[15901671ms] [ERROR] Failed to load resource: net::ERR_INTERNET_DISCONNECTED @ https://www.google.com/recaptcha/enterprise/clr?k=6Lf3d9UsAAAAAILBqo6A909pmhyvtYmDoxaKtfMV:0
[15901673ms] [ERROR] Failed to load resource: net::ERR_INTERNET_DISCONNECTED @ https://www.google.com/recaptcha/enterprise/clr?k=6Lf3d9UsAAAAAILBqo6A909pmhyvtYmDoxaKtfMV:0
[15903014ms] [WARNING] [2026-09-02T00:20:40.326Z]  @firebase/auth: Auth (12.6.0): Error while retrieving App Check token: FirebaseError: AppCheck: ReCAPTCHA error. (appCheck/recaptcha-error). @ https://outrun.co.il/_next/static/chunks/2532-16f59635ee5a761a.js:14
[15903021ms] [ERROR] Failed to load resource: net::ERR_INTERNET_DISCONNECTED @ https://securetoken.googleapis.com/v1/token?key=AIzaSyCezG55zVQEZWCEs-lHzx_yQldg-Ej2X60:0
[15903021ms] [ERROR] Failed to load resource: net::ERR_INTERNET_DISCONNECTED @ https://www.google.com/recaptcha/enterprise/clr?k=6Lf3d9UsAAAAAILBqo6A909pmhyvtYmDoxaKtfMV:0
[15903025ms] [ERROR] Failed to load resource: net::ERR_INTERNET_DISCONNECTED @ https://www.google.com/recaptcha/enterprise/clr?k=6Lf3d9UsAAAAAILBqo6A909pmhyvtYmDoxaKtfMV:0
[15903029ms] [ERROR] Failed to load resource: net::ERR_INTERNET_DISCONNECTED @ https://www.google.com/recaptcha/enterprise/clr?k=6Lf3d9UsAAAAAILBqo6A909pmhyvtYmDoxaKtfMV:0
[15903032ms] [ERROR] Failed to load resource: net::ERR_INTERNET_DISCONNECTED @ https://www.google.com/recaptcha/enterprise/clr?k=6Lf3d9UsAAAAAILBqo6A909pmhyvtYmDoxaKtfMV:0
[15903908ms] [WARNING] [2026-09-02T00:20:41.221Z]  @firebase/auth: Auth (12.6.0): Error while retrieving App Check token: FirebaseError: AppCheck: ReCAPTCHA error. (appCheck/recaptcha-error). @ https://outrun.co.il/_next/static/chunks/2532-16f59635ee5a761a.js:14
[15903914ms] [ERROR] Failed to load resource: net::ERR_INTERNET_DISCONNECTED @ https://securetoken.googleapis.com/v1/token?key=AIzaSyCezG55zVQEZWCEs-lHzx_yQldg-Ej2X60:0
[15903915ms] [ERROR] Failed to load resource: net::ERR_INTERNET_DISCONNECTED @ https://www.google.com/recaptcha/enterprise/clr?k=6Lf3d9UsAAAAAILBqo6A909pmhyvtYmDoxaKtfMV:0
[15903918ms] [ERROR] Failed to load resource: net::ERR_INTERNET_DISCONNECTED @ https://www.google.com/recaptcha/enterprise/clr?k=6Lf3d9UsAAAAAILBqo6A909pmhyvtYmDoxaKtfMV:0
[15903921ms] [ERROR] Failed to load resource: net::ERR_INTERNET_DISCONNECTED @ https://www.google.com/recaptcha/enterprise/clr?k=6Lf3d9UsAAAAAILBqo6A909pmhyvtYmDoxaKtfMV:0
[15903923ms] [ERROR] Failed to load resource: net::ERR_INTERNET_DISCONNECTED @ https://www.google.com/recaptcha/enterprise/clr?k=6Lf3d9UsAAAAAILBqo6A909pmhyvtYmDoxaKtfMV:0
[16907855ms] [WARNING] [2026-09-02T00:37:25.168Z]  @firebase/auth: Auth (12.6.0): Error while retrieving App Check token: FirebaseError: AppCheck: ReCAPTCHA error. (appCheck/recaptcha-error). @ https://outrun.co.il/_next/static/chunks/2532-16f59635ee5a761a.js:14
[16907860ms] [ERROR] Failed to load resource: net::ERR_INTERNET_DISCONNECTED @ https://securetoken.googleapis.com/v1/token?key=AIzaSyCezG55zVQEZWCEs-lHzx_yQldg-Ej2X60:0
[16907861ms] [ERROR] Failed to load resource: net::ERR_INTERNET_DISCONNECTED @ https://www.google.com/recaptcha/enterprise/clr?k=6Lf3d9UsAAAAAILBqo6A909pmhyvtYmDoxaKtfMV:0
[16907864ms] [ERROR] Failed to load resource: net::ERR_INTERNET_DISCONNECTED @ https://www.google.com/recaptcha/enterprise/clr?k=6Lf3d9UsAAAAAILBqo6A909pmhyvtYmDoxaKtfMV:0
[16907871ms] [ERROR] Failed to load resource: net::ERR_INTERNET_DISCONNECTED @ https://www.google.com/recaptcha/enterprise/clr?k=6Lf3d9UsAAAAAILBqo6A909pmhyvtYmDoxaKtfMV:0
[16907875ms] [ERROR] Failed to load resource: net::ERR_INTERNET_DISCONNECTED @ https://www.google.com/recaptcha/enterprise/clr?k=6Lf3d9UsAAAAAILBqo6A909pmhyvtYmDoxaKtfMV:0
[16910069ms] [WARNING] [2026-09-02T00:37:27.381Z]  @firebase/auth: Auth (12.6.0): Error while retrieving App Check token: FirebaseError: AppCheck: ReCAPTCHA error. (appCheck/recaptcha-error). @ https://outrun.co.il/_next/static/chunks/2532-16f59635ee5a761a.js:14
[16910073ms] [ERROR] Failed to load resource: net::ERR_INTERNET_DISCONNECTED @ https://securetoken.googleapis.com/v1/token?key=AIzaSyCezG55zVQEZWCEs-lHzx_yQldg-Ej2X60:0
[16910074ms] [ERROR] Failed to load resource: net::ERR_INTERNET_DISCONNECTED @ https://www.google.com/recaptcha/enterprise/clr?k=6Lf3d9UsAAAAAILBqo6A909pmhyvtYmDoxaKtfMV:0
[16910076ms] [ERROR] Failed to load resource: net::ERR_INTERNET_DISCONNECTED @ https://www.google.com/recaptcha/enterprise/clr?k=6Lf3d9UsAAAAAILBqo6A909pmhyvtYmDoxaKtfMV:0
[16910078ms] [ERROR] Failed to load resource: net::ERR_INTERNET_DISCONNECTED @ https://www.google.com/recaptcha/enterprise/clr?k=6Lf3d9UsAAAAAILBqo6A909pmhyvtYmDoxaKtfMV:0
[16910080ms] [ERROR] Failed to load resource: net::ERR_INTERNET_DISCONNECTED @ https://www.google.com/recaptcha/enterprise/clr?k=6Lf3d9UsAAAAAILBqo6A909pmhyvtYmDoxaKtfMV:0
[18924922ms] [WARNING] [2026-09-02T01:11:02.235Z]  @firebase/auth: Auth (12.6.0): Error while retrieving App Check token: FirebaseError: AppCheck: ReCAPTCHA error. (appCheck/recaptcha-error). @ https://outrun.co.il/_next/static/chunks/2532-16f59635ee5a761a.js:14
[18924927ms] [ERROR] Failed to load resource: net::ERR_INTERNET_DISCONNECTED @ https://www.google.com/recaptcha/enterprise/clr?k=6Lf3d9UsAAAAAILBqo6A909pmhyvtYmDoxaKtfMV:0
[18924929ms] [ERROR] Failed to load resource: net::ERR_INTERNET_DISCONNECTED @ https://securetoken.googleapis.com/v1/token?key=AIzaSyCezG55zVQEZWCEs-lHzx_yQldg-Ej2X60:0
[18924931ms] [ERROR] Failed to load resource: net::ERR_INTERNET_DISCONNECTED @ https://www.google.com/recaptcha/enterprise/clr?k=6Lf3d9UsAAAAAILBqo6A909pmhyvtYmDoxaKtfMV:0
[18924933ms] [WARNING] [2026-09-02T01:11:02.245Z]  @firebase/auth: Auth (12.6.0): Error while retrieving App Check token: FirebaseError: AppCheck: ReCAPTCHA error. (appCheck/recaptcha-error). @ https://outrun.co.il/_next/static/chunks/2532-16f59635ee5a761a.js:14
[18924935ms] [ERROR] Failed to load resource: net::ERR_INTERNET_DISCONNECTED @ https://www.google.com/recaptcha/enterprise/clr?k=6Lf3d9UsAAAAAILBqo6A909pmhyvtYmDoxaKtfMV:0
[18924935ms] [ERROR] Failed to load resource: net::ERR_INTERNET_DISCONNECTED @ https://securetoken.googleapis.com/v1/token?key=AIzaSyCezG55zVQEZWCEs-lHzx_yQldg-Ej2X60:0
[18924935ms] [ERROR] Failed to load resource: net::ERR_INTERNET_DISCONNECTED @ https://www.google.com/recaptcha/enterprise/clr?k=6Lf3d9UsAAAAAILBqo6A909pmhyvtYmDoxaKtfMV:0
[18924936ms] [ERROR] Failed to load resource: net::ERR_INTERNET_DISCONNECTED @ https://www.google.com/recaptcha/enterprise/clr?k=6Lf3d9UsAAAAAILBqo6A909pmhyvtYmDoxaKtfMV:0
[18924937ms] [ERROR] Failed to load resource: net::ERR_INTERNET_DISCONNECTED @ https://www.google.com/recaptcha/enterprise/clr?k=6Lf3d9UsAAAAAILBqo6A909pmhyvtYmDoxaKtfMV:0
[18924939ms] [ERROR] Failed to load resource: net::ERR_INTERNET_DISCONNECTED @ https://www.google.com/recaptcha/enterprise/clr?k=6Lf3d9UsAAAAAILBqo6A909pmhyvtYmDoxaKtfMV:0
[18924942ms] [ERROR] Failed to load resource: net::ERR_INTERNET_DISCONNECTED @ https://www.google.com/recaptcha/enterprise/clr?k=6Lf3d9UsAAAAAILBqo6A909pmhyvtYmDoxaKtfMV:0
[18926151ms] [WARNING] [2026-09-02T01:11:03.463Z]  @firebase/auth: Auth (12.6.0): Error while retrieving App Check token: FirebaseError: AppCheck: ReCAPTCHA error. (appCheck/recaptcha-error). @ https://outrun.co.il/_next/static/chunks/2532-16f59635ee5a761a.js:14
[18926155ms] [ERROR] Failed to load resource: net::ERR_INTERNET_DISCONNECTED @ https://securetoken.googleapis.com/v1/token?key=AIzaSyCezG55zVQEZWCEs-lHzx_yQldg-Ej2X60:0
[18926156ms] [ERROR] Failed to load resource: net::ERR_INTERNET_DISCONNECTED @ https://www.google.com/recaptcha/enterprise/clr?k=6Lf3d9UsAAAAAILBqo6A909pmhyvtYmDoxaKtfMV:0
[18926158ms] [ERROR] Failed to load resource: net::ERR_INTERNET_DISCONNECTED @ https://www.google.com/recaptcha/enterprise/clr?k=6Lf3d9UsAAAAAILBqo6A909pmhyvtYmDoxaKtfMV:0
[18926160ms] [ERROR] Failed to load resource: net::ERR_INTERNET_DISCONNECTED @ https://www.google.com/recaptcha/enterprise/clr?k=6Lf3d9UsAAAAAILBqo6A909pmhyvtYmDoxaKtfMV:0
[18926162ms] [ERROR] Failed to load resource: net::ERR_INTERNET_DISCONNECTED @ https://www.google.com/recaptcha/enterprise/clr?k=6Lf3d9UsAAAAAILBqo6A909pmhyvtYmDoxaKtfMV:0
[18926950ms] [WARNING] [2026-09-02T01:11:04.262Z]  @firebase/auth: Auth (12.6.0): Error while retrieving App Check token: FirebaseError: AppCheck: ReCAPTCHA error. (appCheck/recaptcha-error). @ https://outrun.co.il/_next/static/chunks/2532-16f59635ee5a761a.js:14
[18926954ms] [ERROR] Failed to load resource: net::ERR_INTERNET_DISCONNECTED @ https://securetoken.googleapis.com/v1/token?key=AIzaSyCezG55zVQEZWCEs-lHzx_yQldg-Ej2X60:0
[18926955ms] [ERROR] Failed to load resource: net::ERR_INTERNET_DISCONNECTED @ https://www.google.com/recaptcha/enterprise/clr?k=6Lf3d9UsAAAAAILBqo6A909pmhyvtYmDoxaKtfMV:0
[18926958ms] [ERROR] Failed to load resource: net::ERR_INTERNET_DISCONNECTED @ https://www.google.com/recaptcha/enterprise/clr?k=6Lf3d9UsAAAAAILBqo6A909pmhyvtYmDoxaKtfMV:0
[18926962ms] [ERROR] Failed to load resource: net::ERR_INTERNET_DISCONNECTED @ https://www.google.com/recaptcha/enterprise/clr?k=6Lf3d9UsAAAAAILBqo6A909pmhyvtYmDoxaKtfMV:0
[18926964ms] [ERROR] Failed to load resource: net::ERR_INTERNET_DISCONNECTED @ https://www.google.com/recaptcha/enterprise/clr?k=6Lf3d9UsAAAAAILBqo6A909pmhyvtYmDoxaKtfMV:0
[19975618ms] [WARNING] [2026-09-02T01:28:32.931Z]  @firebase/auth: Auth (12.6.0): Error while retrieving App Check token: FirebaseError: AppCheck: ReCAPTCHA error. (appCheck/recaptcha-error). @ https://outrun.co.il/_next/static/chunks/2532-16f59635ee5a761a.js:14
[19975627ms] [ERROR] Failed to load resource: net::ERR_INTERNET_DISCONNECTED @ https://securetoken.googleapis.com/v1/token?key=AIzaSyCezG55zVQEZWCEs-lHzx_yQldg-Ej2X60:0
[19975634ms] [ERROR] Failed to load resource: net::ERR_INTERNET_DISCONNECTED @ https://www.google.com/recaptcha/enterprise/clr?k=6Lf3d9UsAAAAAILBqo6A909pmhyvtYmDoxaKtfMV:0
[19975638ms] [ERROR] Failed to load resource: net::ERR_INTERNET_DISCONNECTED @ https://www.google.com/recaptcha/enterprise/clr?k=6Lf3d9UsAAAAAILBqo6A909pmhyvtYmDoxaKtfMV:0
[19975642ms] [ERROR] Failed to load resource: net::ERR_INTERNET_DISCONNECTED @ https://www.google.com/recaptcha/enterprise/clr?k=6Lf3d9UsAAAAAILBqo6A909pmhyvtYmDoxaKtfMV:0
[19975646ms] [ERROR] Failed to load resource: net::ERR_INTERNET_DISCONNECTED @ https://www.google.com/recaptcha/enterprise/clr?k=6Lf3d9UsAAAAAILBqo6A909pmhyvtYmDoxaKtfMV:0
[20999501ms] [WARNING] [2026-09-02T01:45:36.813Z]  @firebase/auth: Auth (12.6.0): Error while retrieving App Check token: FirebaseError: AppCheck: ReCAPTCHA error. (appCheck/recaptcha-error). @ https://outrun.co.il/_next/static/chunks/2532-16f59635ee5a761a.js:14
[20999507ms] [ERROR] Failed to load resource: net::ERR_INTERNET_DISCONNECTED @ https://securetoken.googleapis.com/v1/token?key=AIzaSyCezG55zVQEZWCEs-lHzx_yQldg-Ej2X60:0
[20999507ms] [ERROR] Failed to load resource: net::ERR_INTERNET_DISCONNECTED @ https://www.google.com/recaptcha/enterprise/clr?k=6Lf3d9UsAAAAAILBqo6A909pmhyvtYmDoxaKtfMV:0
[20999508ms] [ERROR] Failed to load resource: net::ERR_INTERNET_DISCONNECTED @ https://www.google.com/recaptcha/enterprise/clr?k=6Lf3d9UsAAAAAILBqo6A909pmhyvtYmDoxaKtfMV:0
[20999510ms] [ERROR] Failed to load resource: net::ERR_INTERNET_DISCONNECTED @ https://www.google.com/recaptcha/enterprise/clr?k=6Lf3d9UsAAAAAILBqo6A909pmhyvtYmDoxaKtfMV:0
[20999511ms] [ERROR] Failed to load resource: net::ERR_INTERNET_DISCONNECTED @ https://www.google.com/recaptcha/enterprise/clr?k=6Lf3d9UsAAAAAILBqo6A909pmhyvtYmDoxaKtfMV:0
[21808218ms] [WARNING] [2026-09-02T01:59:05.530Z]  @firebase/auth: Auth (12.6.0): Error while retrieving App Check token: FirebaseError: AppCheck: ReCAPTCHA error. (appCheck/recaptcha-error). @ https://outrun.co.il/_next/static/chunks/2532-16f59635ee5a761a.js:14
[21808223ms] [ERROR] Failed to load resource: net::ERR_INTERNET_DISCONNECTED @ https://www.google.com/recaptcha/enterprise/clr?k=6Lf3d9UsAAAAAILBqo6A909pmhyvtYmDoxaKtfMV:0
[21808224ms] [ERROR] Failed to load resource: net::ERR_INTERNET_DISCONNECTED @ https://securetoken.googleapis.com/v1/token?key=AIzaSyCezG55zVQEZWCEs-lHzx_yQldg-Ej2X60:0
[21808228ms] [WARNING] [2026-09-02T01:59:05.541Z]  @firebase/auth: Auth (12.6.0): Error while retrieving App Check token: FirebaseError: AppCheck: ReCAPTCHA error. (appCheck/recaptcha-error). @ https://outrun.co.il/_next/static/chunks/2532-16f59635ee5a761a.js:14
[21808229ms] [ERROR] Failed to load resource: net::ERR_INTERNET_DISCONNECTED @ https://www.google.com/recaptcha/enterprise/clr?k=6Lf3d9UsAAAAAILBqo6A909pmhyvtYmDoxaKtfMV:0
[21808231ms] [ERROR] Failed to load resource: net::ERR_INTERNET_DISCONNECTED @ https://securetoken.googleapis.com/v1/token?key=AIzaSyCezG55zVQEZWCEs-lHzx_yQldg-Ej2X60:0
[21808231ms] [ERROR] Failed to load resource: net::ERR_INTERNET_DISCONNECTED @ https://www.google.com/recaptcha/enterprise/clr?k=6Lf3d9UsAAAAAILBqo6A909pmhyvtYmDoxaKtfMV:0
[21808232ms] [ERROR] Failed to load resource: net::ERR_INTERNET_DISCONNECTED @ https://www.google.com/recaptcha/enterprise/clr?k=6Lf3d9UsAAAAAILBqo6A909pmhyvtYmDoxaKtfMV:0
[21808233ms] [ERROR] Failed to load resource: net::ERR_INTERNET_DISCONNECTED @ https://www.google.com/recaptcha/enterprise/clr?k=6Lf3d9UsAAAAAILBqo6A909pmhyvtYmDoxaKtfMV:0
[21808233ms] [ERROR] Failed to load resource: net::ERR_INTERNET_DISCONNECTED @ https://www.google.com/recaptcha/enterprise/clr?k=6Lf3d9UsAAAAAILBqo6A909pmhyvtYmDoxaKtfMV:0
[21808235ms] [ERROR] Failed to load resource: net::ERR_INTERNET_DISCONNECTED @ https://www.google.com/recaptcha/enterprise/clr?k=6Lf3d9UsAAAAAILBqo6A909pmhyvtYmDoxaKtfMV:0
[21808237ms] [ERROR] Failed to load resource: net::ERR_INTERNET_DISCONNECTED @ https://www.google.com/recaptcha/enterprise/clr?k=6Lf3d9UsAAAAAILBqo6A909pmhyvtYmDoxaKtfMV:0
[21809685ms] [WARNING] [2026-09-02T01:59:06.998Z]  @firebase/auth: Auth (12.6.0): Error while retrieving App Check token: FirebaseError: AppCheck: ReCAPTCHA error. (appCheck/recaptcha-error). @ https://outrun.co.il/_next/static/chunks/2532-16f59635ee5a761a.js:14
[21809690ms] [ERROR] Failed to load resource: net::ERR_INTERNET_DISCONNECTED @ https://securetoken.googleapis.com/v1/token?key=AIzaSyCezG55zVQEZWCEs-lHzx_yQldg-Ej2X60:0
[21809691ms] [ERROR] Failed to load resource: net::ERR_INTERNET_DISCONNECTED @ https://www.google.com/recaptcha/enterprise/clr?k=6Lf3d9UsAAAAAILBqo6A909pmhyvtYmDoxaKtfMV:0
[21809694ms] [ERROR] Failed to load resource: net::ERR_INTERNET_DISCONNECTED @ https://www.google.com/recaptcha/enterprise/clr?k=6Lf3d9UsAAAAAILBqo6A909pmhyvtYmDoxaKtfMV:0
[21809696ms] [ERROR] Failed to load resource: net::ERR_INTERNET_DISCONNECTED @ https://www.google.com/recaptcha/enterprise/clr?k=6Lf3d9UsAAAAAILBqo6A909pmhyvtYmDoxaKtfMV:0
[21809698ms] [ERROR] Failed to load resource: net::ERR_INTERNET_DISCONNECTED @ https://www.google.com/recaptcha/enterprise/clr?k=6Lf3d9UsAAAAAILBqo6A909pmhyvtYmDoxaKtfMV:0
[21811416ms] [WARNING] [2026-09-02T01:59:08.729Z]  @firebase/auth: Auth (12.6.0): Error while retrieving App Check token: FirebaseError: AppCheck: ReCAPTCHA error. (appCheck/recaptcha-error). @ https://outrun.co.il/_next/static/chunks/2532-16f59635ee5a761a.js:14
[21811422ms] [ERROR] Failed to load resource: net::ERR_INTERNET_DISCONNECTED @ https://securetoken.googleapis.com/v1/token?key=AIzaSyCezG55zVQEZWCEs-lHzx_yQldg-Ej2X60:0
[21811423ms] [ERROR] Failed to load resource: net::ERR_INTERNET_DISCONNECTED @ https://www.google.com/recaptcha/enterprise/clr?k=6Lf3d9UsAAAAAILBqo6A909pmhyvtYmDoxaKtfMV:0
[21811426ms] [ERROR] Failed to load resource: net::ERR_INTERNET_DISCONNECTED @ https://www.google.com/recaptcha/enterprise/clr?k=6Lf3d9UsAAAAAILBqo6A909pmhyvtYmDoxaKtfMV:0
[21811430ms] [ERROR] Failed to load resource: net::ERR_INTERNET_DISCONNECTED @ https://www.google.com/recaptcha/enterprise/clr?k=6Lf3d9UsAAAAAILBqo6A909pmhyvtYmDoxaKtfMV:0
[21811433ms] [ERROR] Failed to load resource: net::ERR_INTERNET_DISCONNECTED @ https://www.google.com/recaptcha/enterprise/clr?k=6Lf3d9UsAAAAAILBqo6A909pmhyvtYmDoxaKtfMV:0
[21813323ms] [WARNING] [2026-09-02T01:59:10.635Z]  @firebase/auth: Auth (12.6.0): Error while retrieving App Check token: FirebaseError: AppCheck: ReCAPTCHA error. (appCheck/recaptcha-error). @ https://outrun.co.il/_next/static/chunks/2532-16f59635ee5a761a.js:14
[21813327ms] [ERROR] Failed to load resource: net::ERR_INTERNET_DISCONNECTED @ https://securetoken.googleapis.com/v1/token?key=AIzaSyCezG55zVQEZWCEs-lHzx_yQldg-Ej2X60:0
[21813327ms] [ERROR] Failed to load resource: net::ERR_INTERNET_DISCONNECTED @ https://www.google.com/recaptcha/enterprise/clr?k=6Lf3d9UsAAAAAILBqo6A909pmhyvtYmDoxaKtfMV:0
[21813329ms] [ERROR] Failed to load resource: net::ERR_INTERNET_DISCONNECTED @ https://www.google.com/recaptcha/enterprise/clr?k=6Lf3d9UsAAAAAILBqo6A909pmhyvtYmDoxaKtfMV:0
[21813331ms] [ERROR] Failed to load resource: net::ERR_INTERNET_DISCONNECTED @ https://www.google.com/recaptcha/enterprise/clr?k=6Lf3d9UsAAAAAILBqo6A909pmhyvtYmDoxaKtfMV:0
[21813332ms] [ERROR] Failed to load resource: net::ERR_INTERNET_DISCONNECTED @ https://www.google.com/recaptcha/enterprise/clr?k=6Lf3d9UsAAAAAILBqo6A909pmhyvtYmDoxaKtfMV:0
[21815183ms] [WARNING] [2026-09-02T01:59:12.495Z]  @firebase/auth: Auth (12.6.0): Error while retrieving App Check token: FirebaseError: AppCheck: ReCAPTCHA error. (appCheck/recaptcha-error). @ https://outrun.co.il/_next/static/chunks/2532-16f59635ee5a761a.js:14
[21815188ms] [ERROR] Failed to load resource: net::ERR_INTERNET_DISCONNECTED @ https://securetoken.googleapis.com/v1/token?key=AIzaSyCezG55zVQEZWCEs-lHzx_yQldg-Ej2X60:0
[21815189ms] [ERROR] Failed to load resource: net::ERR_INTERNET_DISCONNECTED @ https://www.google.com/recaptcha/enterprise/clr?k=6Lf3d9UsAAAAAILBqo6A909pmhyvtYmDoxaKtfMV:0
[21815192ms] [ERROR] Failed to load resource: net::ERR_INTERNET_DISCONNECTED @ https://www.google.com/recaptcha/enterprise/clr?k=6Lf3d9UsAAAAAILBqo6A909pmhyvtYmDoxaKtfMV:0
[21815195ms] [ERROR] Failed to load resource: net::ERR_INTERNET_DISCONNECTED @ https://www.google.com/recaptcha/enterprise/clr?k=6Lf3d9UsAAAAAILBqo6A909pmhyvtYmDoxaKtfMV:0
[21815201ms] [ERROR] Failed to load resource: net::ERR_INTERNET_DISCONNECTED @ https://www.google.com/recaptcha/enterprise/clr?k=6Lf3d9UsAAAAAILBqo6A909pmhyvtYmDoxaKtfMV:0
[21821259ms] [WARNING] [2026-09-02T01:59:18.572Z]  @firebase/auth: Auth (12.6.0): Error while retrieving App Check token: FirebaseError: AppCheck: ReCAPTCHA error. (appCheck/recaptcha-error). @ https://outrun.co.il/_next/static/chunks/2532-16f59635ee5a761a.js:14
[21821264ms] [ERROR] Failed to load resource: net::ERR_INTERNET_DISCONNECTED @ https://securetoken.googleapis.com/v1/token?key=AIzaSyCezG55zVQEZWCEs-lHzx_yQldg-Ej2X60:0
[21821265ms] [ERROR] Failed to load resource: net::ERR_INTERNET_DISCONNECTED @ https://www.google.com/recaptcha/enterprise/clr?k=6Lf3d9UsAAAAAILBqo6A909pmhyvtYmDoxaKtfMV:0
[21821267ms] [ERROR] Failed to load resource: net::ERR_INTERNET_DISCONNECTED @ https://www.google.com/recaptcha/enterprise/clr?k=6Lf3d9UsAAAAAILBqo6A909pmhyvtYmDoxaKtfMV:0
[21821269ms] [ERROR] Failed to load resource: net::ERR_INTERNET_DISCONNECTED @ https://www.google.com/recaptcha/enterprise/clr?k=6Lf3d9UsAAAAAILBqo6A909pmhyvtYmDoxaKtfMV:0
[21821271ms] [ERROR] Failed to load resource: net::ERR_INTERNET_DISCONNECTED @ https://www.google.com/recaptcha/enterprise/clr?k=6Lf3d9UsAAAAAILBqo6A909pmhyvtYmDoxaKtfMV:0
[21832315ms] [WARNING] [2026-09-02T01:59:29.627Z]  @firebase/auth: Auth (12.6.0): Error while retrieving App Check token: FirebaseError: AppCheck: ReCAPTCHA error. (appCheck/recaptcha-error). @ https://outrun.co.il/_next/static/chunks/2532-16f59635ee5a761a.js:14
[21832320ms] [ERROR] Failed to load resource: net::ERR_INTERNET_DISCONNECTED @ https://securetoken.googleapis.com/v1/token?key=AIzaSyCezG55zVQEZWCEs-lHzx_yQldg-Ej2X60:0
[21832321ms] [ERROR] Failed to load resource: net::ERR_INTERNET_DISCONNECTED @ https://www.google.com/recaptcha/enterprise/clr?k=6Lf3d9UsAAAAAILBqo6A909pmhyvtYmDoxaKtfMV:0
[21832324ms] [ERROR] Failed to load resource: net::ERR_INTERNET_DISCONNECTED @ https://www.google.com/recaptcha/enterprise/clr?k=6Lf3d9UsAAAAAILBqo6A909pmhyvtYmDoxaKtfMV:0
[21832326ms] [ERROR] Failed to load resource: net::ERR_INTERNET_DISCONNECTED @ https://www.google.com/recaptcha/enterprise/clr?k=6Lf3d9UsAAAAAILBqo6A909pmhyvtYmDoxaKtfMV:0
[21832328ms] [ERROR] Failed to load resource: net::ERR_INTERNET_DISCONNECTED @ https://www.google.com/recaptcha/enterprise/clr?k=6Lf3d9UsAAAAAILBqo6A909pmhyvtYmDoxaKtfMV:0
[21847082ms] [WARNING] [2026-09-02T01:59:44.395Z]  @firebase/auth: Auth (12.6.0): Error while retrieving App Check token: FirebaseError: AppCheck: ReCAPTCHA error. (appCheck/recaptcha-error). @ https://outrun.co.il/_next/static/chunks/2532-16f59635ee5a761a.js:14
[21847087ms] [ERROR] Failed to load resource: net::ERR_INTERNET_DISCONNECTED @ https://securetoken.googleapis.com/v1/token?key=AIzaSyCezG55zVQEZWCEs-lHzx_yQldg-Ej2X60:0
[21847087ms] [ERROR] Failed to load resource: net::ERR_INTERNET_DISCONNECTED @ https://www.google.com/recaptcha/enterprise/clr?k=6Lf3d9UsAAAAAILBqo6A909pmhyvtYmDoxaKtfMV:0
[21847090ms] [ERROR] Failed to load resource: net::ERR_INTERNET_DISCONNECTED @ https://www.google.com/recaptcha/enterprise/clr?k=6Lf3d9UsAAAAAILBqo6A909pmhyvtYmDoxaKtfMV:0
[21847092ms] [ERROR] Failed to load resource: net::ERR_INTERNET_DISCONNECTED @ https://www.google.com/recaptcha/enterprise/clr?k=6Lf3d9UsAAAAAILBqo6A909pmhyvtYmDoxaKtfMV:0
[21847095ms] [ERROR] Failed to load resource: net::ERR_INTERNET_DISCONNECTED @ https://www.google.com/recaptcha/enterprise/clr?k=6Lf3d9UsAAAAAILBqo6A909pmhyvtYmDoxaKtfMV:0
[23920164ms] [WARNING] [2026-09-02T02:34:17.477Z]  @firebase/auth: Auth (12.6.0): Error while retrieving App Check token: FirebaseError: AppCheck: ReCAPTCHA error. (appCheck/recaptcha-error). @ https://outrun.co.il/_next/static/chunks/2532-16f59635ee5a761a.js:14
[23920171ms] [ERROR] Failed to load resource: net::ERR_INTERNET_DISCONNECTED @ https://securetoken.googleapis.com/v1/token?key=AIzaSyCezG55zVQEZWCEs-lHzx_yQldg-Ej2X60:0
[23920174ms] [WARNING] [2026-09-02T02:34:17.487Z]  @firebase/auth: Auth (12.6.0): Error while retrieving App Check token: FirebaseError: AppCheck: ReCAPTCHA error. (appCheck/recaptcha-error). @ https://outrun.co.il/_next/static/chunks/2532-16f59635ee5a761a.js:14
[23920175ms] [ERROR] Failed to load resource: net::ERR_INTERNET_DISCONNECTED @ https://www.google.com/recaptcha/enterprise/clr?k=6Lf3d9UsAAAAAILBqo6A909pmhyvtYmDoxaKtfMV:0
[23920178ms] [ERROR] Failed to load resource: net::ERR_INTERNET_DISCONNECTED @ https://securetoken.googleapis.com/v1/token?key=AIzaSyCezG55zVQEZWCEs-lHzx_yQldg-Ej2X60:0
[23920179ms] [ERROR] Failed to load resource: net::ERR_INTERNET_DISCONNECTED @ https://www.google.com/recaptcha/enterprise/clr?k=6Lf3d9UsAAAAAILBqo6A909pmhyvtYmDoxaKtfMV:0
[23920179ms] [ERROR] Failed to load resource: net::ERR_INTERNET_DISCONNECTED @ https://www.google.com/recaptcha/enterprise/clr?k=6Lf3d9UsAAAAAILBqo6A909pmhyvtYmDoxaKtfMV:0
[23920182ms] [ERROR] Failed to load resource: net::ERR_INTERNET_DISCONNECTED @ https://www.google.com/recaptcha/enterprise/clr?k=6Lf3d9UsAAAAAILBqo6A909pmhyvtYmDoxaKtfMV:0
[23920183ms] [ERROR] Failed to load resource: net::ERR_INTERNET_DISCONNECTED @ https://www.google.com/recaptcha/enterprise/clr?k=6Lf3d9UsAAAAAILBqo6A909pmhyvtYmDoxaKtfMV:0
[23920184ms] [ERROR] Failed to load resource: net::ERR_INTERNET_DISCONNECTED @ https://www.google.com/recaptcha/enterprise/clr?k=6Lf3d9UsAAAAAILBqo6A909pmhyvtYmDoxaKtfMV:0
[23920184ms] [ERROR] Failed to load resource: net::ERR_INTERNET_DISCONNECTED @ https://www.google.com/recaptcha/enterprise/clr?k=6Lf3d9UsAAAAAILBqo6A909pmhyvtYmDoxaKtfMV:0
[23920186ms] [ERROR] Failed to load resource: net::ERR_INTERNET_DISCONNECTED @ https://www.google.com/recaptcha/enterprise/clr?k=6Lf3d9UsAAAAAILBqo6A909pmhyvtYmDoxaKtfMV:0
[23920788ms] [WARNING] [2026-09-02T02:34:18.100Z]  @firebase/auth: Auth (12.6.0): Error while retrieving App Check token: FirebaseError: AppCheck: ReCAPTCHA error. (appCheck/recaptcha-error). @ https://outrun.co.il/_next/static/chunks/2532-16f59635ee5a761a.js:14
[23920793ms] [ERROR] Failed to load resource: net::ERR_INTERNET_DISCONNECTED @ https://securetoken.googleapis.com/v1/token?key=AIzaSyCezG55zVQEZWCEs-lHzx_yQldg-Ej2X60:0
[23920794ms] [ERROR] Failed to load resource: net::ERR_INTERNET_DISCONNECTED @ https://www.google.com/recaptcha/enterprise/clr?k=6Lf3d9UsAAAAAILBqo6A909pmhyvtYmDoxaKtfMV:0
[23920797ms] [ERROR] Failed to load resource: net::ERR_INTERNET_DISCONNECTED @ https://www.google.com/recaptcha/enterprise/clr?k=6Lf3d9UsAAAAAILBqo6A909pmhyvtYmDoxaKtfMV:0
[23920799ms] [ERROR] Failed to load resource: net::ERR_INTERNET_DISCONNECTED @ https://www.google.com/recaptcha/enterprise/clr?k=6Lf3d9UsAAAAAILBqo6A909pmhyvtYmDoxaKtfMV:0
[23920801ms] [ERROR] Failed to load resource: net::ERR_INTERNET_DISCONNECTED @ https://www.google.com/recaptcha/enterprise/clr?k=6Lf3d9UsAAAAAILBqo6A909pmhyvtYmDoxaKtfMV:0
[23923034ms] [WARNING] [2026-09-02T02:34:20.346Z]  @firebase/auth: Auth (12.6.0): Error while retrieving App Check token: FirebaseError: AppCheck: ReCAPTCHA error. (appCheck/recaptcha-error). @ https://outrun.co.il/_next/static/chunks/2532-16f59635ee5a761a.js:14
[23923040ms] [ERROR] Failed to load resource: net::ERR_INTERNET_DISCONNECTED @ https://www.google.com/recaptcha/enterprise/clr?k=6Lf3d9UsAAAAAILBqo6A909pmhyvtYmDoxaKtfMV:0
[23923040ms] [ERROR] Failed to load resource: net::ERR_INTERNET_DISCONNECTED @ https://securetoken.googleapis.com/v1/token?key=AIzaSyCezG55zVQEZWCEs-lHzx_yQldg-Ej2X60:0
[23923042ms] [ERROR] Failed to load resource: net::ERR_INTERNET_DISCONNECTED @ https://www.google.com/recaptcha/enterprise/clr?k=6Lf3d9UsAAAAAILBqo6A909pmhyvtYmDoxaKtfMV:0
[23923045ms] [ERROR] Failed to load resource: net::ERR_INTERNET_DISCONNECTED @ https://www.google.com/recaptcha/enterprise/clr?k=6Lf3d9UsAAAAAILBqo6A909pmhyvtYmDoxaKtfMV:0
[23923048ms] [ERROR] Failed to load resource: net::ERR_INTERNET_DISCONNECTED @ https://www.google.com/recaptcha/enterprise/clr?k=6Lf3d9UsAAAAAILBqo6A909pmhyvtYmDoxaKtfMV:0
[24128492ms] [WARNING] [2026-09-02T02:37:45.805Z]  @firebase/auth: Auth (12.6.0): Error while retrieving App Check token: FirebaseError: AppCheck: ReCAPTCHA error. (appCheck/recaptcha-error). @ https://outrun.co.il/_next/static/chunks/2532-16f59635ee5a761a.js:14
[24128499ms] [ERROR] Failed to load resource: net::ERR_INTERNET_DISCONNECTED @ https://www.google.com/recaptcha/enterprise/clr?k=6Lf3d9UsAAAAAILBqo6A909pmhyvtYmDoxaKtfMV:0
[24128500ms] [ERROR] Failed to load resource: net::ERR_INTERNET_DISCONNECTED @ https://securetoken.googleapis.com/v1/token?key=AIzaSyCezG55zVQEZWCEs-lHzx_yQldg-Ej2X60:0
[24128503ms] [ERROR] Failed to load resource: net::ERR_INTERNET_DISCONNECTED @ https://www.google.com/recaptcha/enterprise/clr?k=6Lf3d9UsAAAAAILBqo6A909pmhyvtYmDoxaKtfMV:0
[24128506ms] [ERROR] Failed to load resource: net::ERR_INTERNET_DISCONNECTED @ https://www.google.com/recaptcha/enterprise/clr?k=6Lf3d9UsAAAAAILBqo6A909pmhyvtYmDoxaKtfMV:0
[24128509ms] [ERROR] Failed to load resource: net::ERR_INTERNET_DISCONNECTED @ https://www.google.com/recaptcha/enterprise/clr?k=6Lf3d9UsAAAAAILBqo6A909pmhyvtYmDoxaKtfMV:0
[24133609ms] [WARNING] [2026-09-02T02:37:50.911Z]  @firebase/auth: Auth (12.6.0): Error while retrieving App Check token: FirebaseError: AppCheck: ReCAPTCHA error. (appCheck/recaptcha-error). @ https://outrun.co.il/_next/static/chunks/2532-16f59635ee5a761a.js:14
[24133736ms] [ERROR] Failed to load resource: net::ERR_INTERNET_DISCONNECTED @ https://www.google.com/recaptcha/enterprise/clr?k=6Lf3d9UsAAAAAILBqo6A909pmhyvtYmDoxaKtfMV:0
[24133738ms] [ERROR] Failed to load resource: net::ERR_INTERNET_DISCONNECTED @ https://securetoken.googleapis.com/v1/token?key=AIzaSyCezG55zVQEZWCEs-lHzx_yQldg-Ej2X60:0
[24133740ms] [ERROR] Failed to load resource: net::ERR_INTERNET_DISCONNECTED @ https://www.google.com/recaptcha/enterprise/clr?k=6Lf3d9UsAAAAAILBqo6A909pmhyvtYmDoxaKtfMV:0
[24133744ms] [ERROR] Failed to load resource: net::ERR_INTERNET_DISCONNECTED @ https://www.google.com/recaptcha/enterprise/clr?k=6Lf3d9UsAAAAAILBqo6A909pmhyvtYmDoxaKtfMV:0
[24133746ms] [ERROR] Failed to load resource: net::ERR_INTERNET_DISCONNECTED @ https://www.google.com/recaptcha/enterprise/clr?k=6Lf3d9UsAAAAAILBqo6A909pmhyvtYmDoxaKtfMV:0
[24136249ms] [WARNING] [2026-09-02T02:37:53.561Z]  @firebase/auth: Auth (12.6.0): Error while retrieving App Check token: FirebaseError: AppCheck: ReCAPTCHA error. (appCheck/recaptcha-error). @ https://outrun.co.il/_next/static/chunks/2532-16f59635ee5a761a.js:14
[24136258ms] [ERROR] Failed to load resource: net::ERR_INTERNET_DISCONNECTED @ https://securetoken.googleapis.com/v1/token?key=AIzaSyCezG55zVQEZWCEs-lHzx_yQldg-Ej2X60:0
[24136262ms] [ERROR] Failed to load resource: net::ERR_INTERNET_DISCONNECTED @ https://www.google.com/recaptcha/enterprise/clr?k=6Lf3d9UsAAAAAILBqo6A909pmhyvtYmDoxaKtfMV:0
[24136265ms] [ERROR] Failed to load resource: net::ERR_INTERNET_DISCONNECTED @ https://www.google.com/recaptcha/enterprise/clr?k=6Lf3d9UsAAAAAILBqo6A909pmhyvtYmDoxaKtfMV:0
[24136268ms] [ERROR] Failed to load resource: net::ERR_INTERNET_DISCONNECTED @ https://www.google.com/recaptcha/enterprise/clr?k=6Lf3d9UsAAAAAILBqo6A909pmhyvtYmDoxaKtfMV:0
[24136272ms] [ERROR] Failed to load resource: net::ERR_INTERNET_DISCONNECTED @ https://www.google.com/recaptcha/enterprise/clr?k=6Lf3d9UsAAAAAILBqo6A909pmhyvtYmDoxaKtfMV:0
[24147039ms] [WARNING] [2026-09-02T02:38:04.351Z]  @firebase/auth: Auth (12.6.0): Error while retrieving App Check token: FirebaseError: AppCheck: ReCAPTCHA error. (appCheck/recaptcha-error). @ https://outrun.co.il/_next/static/chunks/2532-16f59635ee5a761a.js:14
[24147045ms] [ERROR] Failed to load resource: net::ERR_INTERNET_DISCONNECTED @ https://securetoken.googleapis.com/v1/token?key=AIzaSyCezG55zVQEZWCEs-lHzx_yQldg-Ej2X60:0
[24147047ms] [ERROR] Failed to load resource: net::ERR_INTERNET_DISCONNECTED @ https://www.google.com/recaptcha/enterprise/clr?k=6Lf3d9UsAAAAAILBqo6A909pmhyvtYmDoxaKtfMV:0
[24147051ms] [ERROR] Failed to load resource: net::ERR_INTERNET_DISCONNECTED @ https://www.google.com/recaptcha/enterprise/clr?k=6Lf3d9UsAAAAAILBqo6A909pmhyvtYmDoxaKtfMV:0
[24147054ms] [ERROR] Failed to load resource: net::ERR_INTERNET_DISCONNECTED @ https://www.google.com/recaptcha/enterprise/clr?k=6Lf3d9UsAAAAAILBqo6A909pmhyvtYmDoxaKtfMV:0
[24147059ms] [ERROR] Failed to load resource: net::ERR_INTERNET_DISCONNECTED @ https://www.google.com/recaptcha/enterprise/clr?k=6Lf3d9UsAAAAAILBqo6A909pmhyvtYmDoxaKtfMV:0
[24153999ms] [WARNING] [2026-09-02T02:38:11.311Z]  @firebase/auth: Auth (12.6.0): Error while retrieving App Check token: FirebaseError: AppCheck: ReCAPTCHA error. (appCheck/recaptcha-error). @ https://outrun.co.il/_next/static/chunks/2532-16f59635ee5a761a.js:14
[24154007ms] [ERROR] Failed to load resource: net::ERR_INTERNET_DISCONNECTED @ https://securetoken.googleapis.com/v1/token?key=AIzaSyCezG55zVQEZWCEs-lHzx_yQldg-Ej2X60:0
[24154008ms] [ERROR] Failed to load resource: net::ERR_INTERNET_DISCONNECTED @ https://www.google.com/recaptcha/enterprise/clr?k=6Lf3d9UsAAAAAILBqo6A909pmhyvtYmDoxaKtfMV:0
[24154012ms] [ERROR] Failed to load resource: net::ERR_INTERNET_DISCONNECTED @ https://www.google.com/recaptcha/enterprise/clr?k=6Lf3d9UsAAAAAILBqo6A909pmhyvtYmDoxaKtfMV:0
[24154017ms] [ERROR] Failed to load resource: net::ERR_INTERNET_DISCONNECTED @ https://www.google.com/recaptcha/enterprise/clr?k=6Lf3d9UsAAAAAILBqo6A909pmhyvtYmDoxaKtfMV:0
[24154022ms] [ERROR] Failed to load resource: net::ERR_INTERNET_DISCONNECTED @ https://www.google.com/recaptcha/enterprise/clr?k=6Lf3d9UsAAAAAILBqo6A909pmhyvtYmDoxaKtfMV:0
[24171781ms] [WARNING] [2026-09-02T02:38:29.093Z]  @firebase/auth: Auth (12.6.0): Error while retrieving App Check token: FirebaseError: AppCheck: ReCAPTCHA error. (appCheck/recaptcha-error). @ https://outrun.co.il/_next/static/chunks/2532-16f59635ee5a761a.js:14
[24171829ms] [WARNING] [2026-09-02T02:38:29.142Z]  @firebase/auth: Auth (12.6.0): Error while retrieving App Check token: FirebaseError: AppCheck: ReCAPTCHA error. (appCheck/recaptcha-error). @ https://outrun.co.il/_next/static/chunks/2532-16f59635ee5a761a.js:14
[26466231ms] [WARNING] [2026-09-02T03:16:43.544Z]  @firebase/auth: Auth (12.6.0): Error while retrieving App Check token: FirebaseError: AppCheck: ReCAPTCHA error. (appCheck/recaptcha-error). @ https://outrun.co.il/_next/static/chunks/2532-16f59635ee5a761a.js:14
[26743964ms] [WARNING] [2026-09-02T03:21:21.277Z]  @firebase/auth: Auth (12.6.0): Error while retrieving App Check token: FirebaseError: AppCheck: ReCAPTCHA error. (appCheck/recaptcha-error). @ https://outrun.co.il/_next/static/chunks/2532-16f59635ee5a761a.js:14
[26765605ms] [WARNING] [2026-09-02T03:21:42.918Z]  @firebase/auth: Auth (12.6.0): Error while retrieving App Check token: FirebaseError: AppCheck: ReCAPTCHA error. (appCheck/recaptcha-error). @ https://outrun.co.il/_next/static/chunks/2532-16f59635ee5a761a.js:14
[29466199ms] [WARNING] [2026-09-02T04:06:43.512Z]  @firebase/auth: Auth (12.6.0): Error while retrieving App Check token: FirebaseError: AppCheck: ReCAPTCHA error. (appCheck/recaptcha-error). @ https://outrun.co.il/_next/static/chunks/2532-16f59635ee5a761a.js:14
[30044339ms] [WARNING] [2026-09-02T04:16:21.652Z]  @firebase/auth: Auth (12.6.0): Error while retrieving App Check token: FirebaseError: AppCheck: ReCAPTCHA error. (appCheck/recaptcha-error). @ https://outrun.co.il/_next/static/chunks/2532-16f59635ee5a761a.js:14
[30067137ms] [WARNING] [2026-09-02T04:16:44.449Z]  @firebase/auth: Auth (12.6.0): Error while retrieving App Check token: FirebaseError: AppCheck: ReCAPTCHA error. (appCheck/recaptcha-error). @ https://outrun.co.il/_next/static/chunks/2532-16f59635ee5a761a.js:14
[33057738ms] [ERROR] Failed to load resource: the server responded with a status of 400 () @ https://firestore.googleapis.com/google.firestore.v1.Firestore/Listen/channel?VER=8&database=projects%2Fappout-1%2Fdatabases%2F(default)&gsessionid=53WLpx_myugfRUxBi9keNOJ3Uiy2P0q-RvaFc3c9arRolkNeLK7HOQ&SID=P4QdmC8yL2Mn2uoEBsqozg&RID=24422&TYPE=terminate&zx=psn4oigs7dct:0
[33067528ms] [WARNING] [2026-09-02T05:06:44.835Z]  @firebase/auth: Auth (12.6.0): Error while retrieving App Check token: FirebaseError: AppCheck: ReCAPTCHA error. (appCheck/recaptcha-error). @ https://outrun.co.il/_next/static/chunks/2532-16f59635ee5a761a.js:14
[34883633ms] [WARNING] [2026-09-02T05:37:00.946Z]  @firebase/auth: Auth (12.6.0): Error while retrieving App Check token: FirebaseError: AppCheck: ReCAPTCHA error. (appCheck/recaptcha-error). @ https://outrun.co.il/_next/static/chunks/2532-16f59635ee5a761a.js:14
[34908345ms] [WARNING] [2026-09-02T05:37:25.657Z]  @firebase/auth: Auth (12.6.0): Error while retrieving App Check token: FirebaseError: AppCheck: ReCAPTCHA error. (appCheck/recaptcha-error). @ https://outrun.co.il/_next/static/chunks/2532-16f59635ee5a761a.js:14
[37005078ms] [WARNING] [2026-09-02T06:12:22.391Z]  @firebase/auth: Auth (12.6.0): Error while retrieving App Check token: FirebaseError: AppCheck: ReCAPTCHA error. (appCheck/recaptcha-error). @ https://outrun.co.il/_next/static/chunks/2532-16f59635ee5a761a.js:14
[38183985ms] [WARNING] [2026-09-02T06:32:01.297Z]  @firebase/auth: Auth (12.6.0): Error while retrieving App Check token: FirebaseError: AppCheck: ReCAPTCHA error. (appCheck/recaptcha-error). @ https://outrun.co.il/_next/static/chunks/2532-16f59635ee5a761a.js:14
[38211067ms] [WARNING] [2026-09-02T06:32:28.379Z]  @firebase/auth: Auth (12.6.0): Error while retrieving App Check token: FirebaseError: AppCheck: ReCAPTCHA error. (appCheck/recaptcha-error). @ https://outrun.co.il/_next/static/chunks/2532-16f59635ee5a761a.js:14
[40005105ms] [WARNING] [2026-09-02T07:02:22.416Z]  @firebase/auth: Auth (12.6.0): Error while retrieving App Check token: FirebaseError: AppCheck: ReCAPTCHA error. (appCheck/recaptcha-error). @ https://outrun.co.il/_next/static/chunks/2532-16f59635ee5a761a.js:14
[41484645ms] [WARNING] [2026-09-02T07:27:01.954Z]  @firebase/auth: Auth (12.6.0): Error while retrieving App Check token: FirebaseError: AppCheck: ReCAPTCHA error. (appCheck/recaptcha-error). @ https://outrun.co.il/_next/static/chunks/2532-16f59635ee5a761a.js:14
[41513262ms] [WARNING] [2026-09-02T07:27:30.575Z]  @firebase/auth: Auth (12.6.0): Error while retrieving App Check token: FirebaseError: AppCheck: ReCAPTCHA error. (appCheck/recaptcha-error). @ https://outrun.co.il/_next/static/chunks/2532-16f59635ee5a761a.js:14
[43005117ms] [WARNING] [2026-09-02T07:52:22.429Z]  @firebase/auth: Auth (12.6.0): Error while retrieving App Check token: FirebaseError: AppCheck: ReCAPTCHA error. (appCheck/recaptcha-error). @ https://outrun.co.il/_next/static/chunks/2532-16f59635ee5a761a.js:14
[44784897ms] [WARNING] [2026-09-02T08:22:02.209Z]  @firebase/auth: Auth (12.6.0): Error while retrieving App Check token: FirebaseError: AppCheck: ReCAPTCHA error. (appCheck/recaptcha-error). @ https://outrun.co.il/_next/static/chunks/2532-16f59635ee5a761a.js:14
[44816053ms] [WARNING] [2026-09-02T08:22:33.365Z]  @firebase/auth: Auth (12.6.0): Error while retrieving App Check token: FirebaseError: AppCheck: ReCAPTCHA error. (appCheck/recaptcha-error). @ https://outrun.co.il/_next/static/chunks/2532-16f59635ee5a761a.js:14
[46005066ms] [WARNING] [2026-09-02T08:42:22.378Z]  @firebase/auth: Auth (12.6.0): Error while retrieving App Check token: FirebaseError: AppCheck: ReCAPTCHA error. (appCheck/recaptcha-error). @ https://outrun.co.il/_next/static/chunks/2532-16f59635ee5a761a.js:14
[47531157ms] [ERROR] Failed to load resource: net::ERR_QUIC_PROTOCOL_ERROR.QUIC_TOO_MANY_RTOS @ https://firestore.googleapis.com/google.firestore.v1.Firestore/Listen/channel?gsessionid=EVMRfjDum3l6PqOwPnJA0ApT-EJL39-aEEs0j054EDLW3AHiKqq0cg&VER=8&database=projects%2Fappout-1%2Fdatabases%2F(default)&RID=rpc&SID=yDdBLTPDkeM6TGjg56n79g&AID=1412&CI=1&TYPE=xmlhttp&zx=hz1t9xgixouq&t=1:0
[47531158ms] [ERROR] Failed to load resource: net::ERR_QUIC_PROTOCOL_ERROR.QUIC_TOO_MANY_RTOS @ https://firestore.googleapis.com/google.firestore.v1.Firestore/Write/channel?gsessionid=YJmFcwuVJMpNI1tYNli9FsXKbuYodK6CHWIOLypmlqET4m4k8l-tPw&VER=8&database=projects%2Fappout-1%2Fdatabases%2F(default)&RID=rpc&SID=9c9Sis1-rBxSl9jKc773HQ&AID=0&CI=0&TYPE=xmlhttp&zx=9c4tk6r2lca9&t=1:0
[48085401ms] [WARNING] [2026-09-02T09:17:02.713Z]  @firebase/auth: Auth (12.6.0): Error while retrieving App Check token: FirebaseError: AppCheck: ReCAPTCHA error. (appCheck/recaptcha-error). @ https://outrun.co.il/_next/static/chunks/2532-16f59635ee5a761a.js:14
[48222725ms] [ERROR] Failed to load resource: net::ERR_INTERNET_DISCONNECTED @ https://firestore.googleapis.com/google.firestore.v1.Firestore/Listen/channel?VER=8&database=projects%2Fappout-1%2Fdatabases%2F(default)&gsessionid=_7SpVL1ZjHy61za1ftqgyHDMWBUCkLCHSadG5nu8x_4GFI_XKQUVXQ&SID=Q0rqVEUOtDpQALvPKQvKWQ&RID=80035&TYPE=terminate&zx=n1fwkrrbp8vz:0
[48222733ms] [ERROR] Failed to load resource: net::ERR_NAME_NOT_RESOLVED @ https://firestore.googleapis.com/google.firestore.v1.Firestore/Listen/channel?VER=8&database=projects%2Fappout-1%2Fdatabases%2F(default)&RID=54258&CVER=22&X-HTTP-Session-Id=gsessionid&zx=7fkles96os7&t=1:0
[48222734ms] [WARNING] [2026-09-02T09:19:20.046Z]  @firebase/firestore: Firestore (12.6.0): WebChannelConnection RPC 'Listen' stream 0x70864762 transport errored. Name: undefined Message: undefined @ https://outrun.co.il/_next/static/chunks/2532-16f59635ee5a761a.js:14
[48222734ms] [ERROR] Failed to load resource: net::ERR_NAME_NOT_RESOLVED @ https://www.google.com/recaptcha/enterprise/clr?k=6Lf3d9UsAAAAAILBqo6A909pmhyvtYmDoxaKtfMV:0
[48222748ms] [ERROR] Failed to load resource: net::ERR_INTERNET_DISCONNECTED @ https://www.google.com/images/cleardot.gif?zx=fdjaakvytdkz:0
[48222748ms] [ERROR] Failed to load resource: net::ERR_INTERNET_DISCONNECTED @ https://www.google.com/recaptcha/enterprise/clr?k=6Lf3d9UsAAAAAILBqo6A909pmhyvtYmDoxaKtfMV:0
[48222765ms] [ERROR] Failed to load resource: net::ERR_INTERNET_DISCONNECTED @ https://www.google.com/recaptcha/enterprise/clr?k=6Lf3d9UsAAAAAILBqo6A909pmhyvtYmDoxaKtfMV:0
[48222775ms] [ERROR] Failed to load resource: net::ERR_INTERNET_DISCONNECTED @ https://www.google.com/recaptcha/enterprise/clr?k=6Lf3d9UsAAAAAILBqo6A909pmhyvtYmDoxaKtfMV:0
[48222780ms] [ERROR] Failed to load resource: net::ERR_INTERNET_DISCONNECTED @ https://firestore.googleapis.com/google.firestore.v1.Firestore/Listen/channel?VER=8&database=projects%2Fappout-1%2Fdatabases%2F(default)&RID=13079&CVER=22&X-HTTP-Session-Id=gsessionid&zx=tox9uhuvh0su&t=1:0
[48222787ms] [WARNING] [2026-09-02T09:19:20.100Z]  @firebase/firestore: Firestore (12.6.0): WebChannelConnection RPC 'Listen' stream 0x70864763 transport errored. Name: undefined Message: undefined @ https://outrun.co.il/_next/static/chunks/2532-16f59635ee5a761a.js:14
[48222789ms] [ERROR] Failed to load resource: net::ERR_INTERNET_DISCONNECTED @ https://www.google.com/recaptcha/enterprise/clr?k=6Lf3d9UsAAAAAILBqo6A909pmhyvtYmDoxaKtfMV:0
[48222791ms] [ERROR] Failed to load resource: net::ERR_INTERNET_DISCONNECTED @ https://www.google.com/recaptcha/enterprise/clr?k=6Lf3d9UsAAAAAILBqo6A909pmhyvtYmDoxaKtfMV:0
[48222793ms] [ERROR] Failed to load resource: net::ERR_INTERNET_DISCONNECTED @ https://www.google.com/images/cleardot.gif?zx=zi1q0jnu3kmg:0
[48222794ms] [ERROR] Failed to load resource: net::ERR_INTERNET_DISCONNECTED @ https://www.google.com/recaptcha/enterprise/clr?k=6Lf3d9UsAAAAAILBqo6A909pmhyvtYmDoxaKtfMV:0
[48222840ms] [ERROR] Failed to load resource: net::ERR_INTERNET_DISCONNECTED @ https://www.google.com/recaptcha/enterprise/clr?k=6Lf3d9UsAAAAAILBqo6A909pmhyvtYmDoxaKtfMV:0
[48223699ms] [ERROR] Failed to load resource: net::ERR_INTERNET_DISCONNECTED @ https://firestore.googleapis.com/google.firestore.v1.Firestore/Listen/channel?VER=8&database=projects%2Fappout-1%2Fdatabases%2F(default)&RID=63158&CVER=22&X-HTTP-Session-Id=gsessionid&zx=9nvqsg4ash3n&t=1:0
[48223700ms] [WARNING] [2026-09-02T09:19:21.012Z]  @firebase/firestore: Firestore (12.6.0): WebChannelConnection RPC 'Listen' stream 0x70864764 transport errored. Name: undefined Message: undefined @ https://outrun.co.il/_next/static/chunks/2532-16f59635ee5a761a.js:14
[48223700ms] [ERROR] Failed to load resource: net::ERR_INTERNET_DISCONNECTED @ https://www.google.com/recaptcha/enterprise/clr?k=6Lf3d9UsAAAAAILBqo6A909pmhyvtYmDoxaKtfMV:0
[48223704ms] [ERROR] Failed to load resource: net::ERR_INTERNET_DISCONNECTED @ https://www.google.com/recaptcha/enterprise/clr?k=6Lf3d9UsAAAAAILBqo6A909pmhyvtYmDoxaKtfMV:0
[48223705ms] [ERROR] Failed to load resource: net::ERR_INTERNET_DISCONNECTED @ https://www.google.com/images/cleardot.gif?zx=gfrjcypk1gue:0
[48223707ms] [ERROR] Failed to load resource: net::ERR_INTERNET_DISCONNECTED @ https://www.google.com/recaptcha/enterprise/clr?k=6Lf3d9UsAAAAAILBqo6A909pmhyvtYmDoxaKtfMV:0
[48223708ms] [ERROR] Failed to load resource: net::ERR_INTERNET_DISCONNECTED @ https://www.google.com/recaptcha/enterprise/clr?k=6Lf3d9UsAAAAAILBqo6A909pmhyvtYmDoxaKtfMV:0
[48224895ms] [ERROR] Failed to load resource: net::ERR_INTERNET_DISCONNECTED @ https://www.google.com/recaptcha/enterprise/clr?k=6Lf3d9UsAAAAAILBqo6A909pmhyvtYmDoxaKtfMV:0
[48224896ms] [ERROR] Failed to load resource: net::ERR_INTERNET_DISCONNECTED @ https://firestore.googleapis.com/google.firestore.v1.Firestore/Listen/channel?VER=8&database=projects%2Fappout-1%2Fdatabases%2F(default)&RID=26665&CVER=22&X-HTTP-Session-Id=gsessionid&zx=106pcheajwqf&t=1:0
[48224897ms] [WARNING] [2026-09-02T09:19:22.210Z]  @firebase/firestore: Firestore (12.6.0): WebChannelConnection RPC 'Listen' stream 0x70864765 transport errored. Name: undefined Message: undefined @ https://outrun.co.il/_next/static/chunks/2532-16f59635ee5a761a.js:14
[48224906ms] [ERROR] Failed to load resource: net::ERR_INTERNET_DISCONNECTED @ https://www.google.com/recaptcha/enterprise/clr?k=6Lf3d9UsAAAAAILBqo6A909pmhyvtYmDoxaKtfMV:0
[48224909ms] [ERROR] Failed to load resource: net::ERR_INTERNET_DISCONNECTED @ https://www.google.com/images/cleardot.gif?zx=wvu7gjn5ve92:0
[48224912ms] [ERROR] Failed to load resource: net::ERR_INTERNET_DISCONNECTED @ https://www.google.com/recaptcha/enterprise/clr?k=6Lf3d9UsAAAAAILBqo6A909pmhyvtYmDoxaKtfMV:0
[48224915ms] [ERROR] Failed to load resource: net::ERR_INTERNET_DISCONNECTED @ https://www.google.com/recaptcha/enterprise/clr?k=6Lf3d9UsAAAAAILBqo6A909pmhyvtYmDoxaKtfMV:0
[48227824ms] [ERROR] Failed to load resource: net::ERR_INTERNET_DISCONNECTED @ https://www.google.com/recaptcha/enterprise/clr?k=6Lf3d9UsAAAAAILBqo6A909pmhyvtYmDoxaKtfMV:0
[48227825ms] [ERROR] Failed to load resource: net::ERR_INTERNET_DISCONNECTED @ https://firestore.googleapis.com/google.firestore.v1.Firestore/Listen/channel?VER=8&database=projects%2Fappout-1%2Fdatabases%2F(default)&RID=2611&CVER=22&X-HTTP-Session-Id=gsessionid&zx=gyhps5yqns1s&t=1:0
[48227826ms] [WARNING] [2026-09-02T09:19:25.139Z]  @firebase/firestore: Firestore (12.6.0): WebChannelConnection RPC 'Listen' stream 0x70864766 transport errored. Name: undefined Message: undefined @ https://outrun.co.il/_next/static/chunks/2532-16f59635ee5a761a.js:14
[48227833ms] [ERROR] Failed to load resource: net::ERR_INTERNET_DISCONNECTED @ https://www.google.com/recaptcha/enterprise/clr?k=6Lf3d9UsAAAAAILBqo6A909pmhyvtYmDoxaKtfMV:0
[48227957ms] [ERROR] Failed to load resource: net::ERR_INTERNET_DISCONNECTED @ https://www.google.com/images/cleardot.gif?zx=enzqo4dzw5ih:0
[48227967ms] [ERROR] Failed to load resource: net::ERR_INTERNET_DISCONNECTED @ https://www.google.com/recaptcha/enterprise/clr?k=6Lf3d9UsAAAAAILBqo6A909pmhyvtYmDoxaKtfMV:0
[48228658ms] [ERROR] Failed to load resource: net::ERR_INTERNET_DISCONNECTED @ https://www.google.com/recaptcha/enterprise/clr?k=6Lf3d9UsAAAAAILBqo6A909pmhyvtYmDoxaKtfMV:0
[48229640ms] [ERROR] Failed to load resource: net::ERR_INTERNET_DISCONNECTED @ https://firestore.googleapis.com/google.firestore.v1.Firestore/Listen/channel?VER=8&database=projects%2Fappout-1%2Fdatabases%2F(default)&RID=56656&CVER=22&X-HTTP-Session-Id=gsessionid&zx=u1lszv8azhrs&t=1:0
[48229655ms] [WARNING] [2026-09-02T09:19:26.966Z]  @firebase/firestore: Firestore (12.6.0): WebChannelConnection RPC 'Listen' stream 0x70864767 transport errored. Name: undefined Message: undefined @ https://outrun.co.il/_next/static/chunks/2532-16f59635ee5a761a.js:14
[48229656ms] [ERROR] Failed to load resource: net::ERR_INTERNET_DISCONNECTED @ https://www.google.com/recaptcha/enterprise/clr?k=6Lf3d9UsAAAAAILBqo6A909pmhyvtYmDoxaKtfMV:0
[48229672ms] [ERROR] Failed to load resource: net::ERR_INTERNET_DISCONNECTED @ https://www.google.com/recaptcha/enterprise/clr?k=6Lf3d9UsAAAAAILBqo6A909pmhyvtYmDoxaKtfMV:0
[48229674ms] [ERROR] Failed to load resource: net::ERR_INTERNET_DISCONNECTED @ https://www.google.com/images/cleardot.gif?zx=1grmhoszt7x4:0
[48229688ms] [ERROR] Failed to load resource: net::ERR_INTERNET_DISCONNECTED @ https://www.google.com/recaptcha/enterprise/clr?k=6Lf3d9UsAAAAAILBqo6A909pmhyvtYmDoxaKtfMV:0
[48229697ms] [ERROR] Failed to load resource: net::ERR_INTERNET_DISCONNECTED @ https://www.google.com/recaptcha/enterprise/clr?k=6Lf3d9UsAAAAAILBqo6A909pmhyvtYmDoxaKtfMV:0
[48235019ms] [ERROR] Failed to load resource: net::ERR_INTERNET_DISCONNECTED @ https://firestore.googleapis.com/google.firestore.v1.Firestore/Listen/channel?VER=8&database=projects%2Fappout-1%2Fdatabases%2F(default)&RID=81207&CVER=22&X-HTTP-Session-Id=gsessionid&zx=hlxz3piw2l8z&t=1:0
[48235022ms] [WARNING] [2026-09-02T09:19:32.334Z]  @firebase/firestore: Firestore (12.6.0): WebChannelConnection RPC 'Listen' stream 0x70864768 transport errored. Name: undefined Message: undefined @ https://outrun.co.il/_next/static/chunks/2532-16f59635ee5a761a.js:14
[48235023ms] [ERROR] Failed to load resource: net::ERR_INTERNET_DISCONNECTED @ https://www.google.com/recaptcha/enterprise/clr?k=6Lf3d9UsAAAAAILBqo6A909pmhyvtYmDoxaKtfMV:0
[48235027ms] [ERROR] Failed to load resource: net::ERR_INTERNET_DISCONNECTED @ https://www.google.com/images/cleardot.gif?zx=w9nqjkhjka6p:0
[48235028ms] [ERROR] Failed to load resource: net::ERR_INTERNET_DISCONNECTED @ https://www.google.com/recaptcha/enterprise/clr?k=6Lf3d9UsAAAAAILBqo6A909pmhyvtYmDoxaKtfMV:0
[48235031ms] [ERROR] Failed to load resource: net::ERR_INTERNET_DISCONNECTED @ https://www.google.com/recaptcha/enterprise/clr?k=6Lf3d9UsAAAAAILBqo6A909pmhyvtYmDoxaKtfMV:0
[48235034ms] [ERROR] Failed to load resource: net::ERR_INTERNET_DISCONNECTED @ https://www.google.com/recaptcha/enterprise/clr?k=6Lf3d9UsAAAAAILBqo6A909pmhyvtYmDoxaKtfMV:0
[48246030ms] [ERROR] Failed to load resource: net::ERR_INTERNET_DISCONNECTED @ https://firestore.googleapis.com/google.firestore.v1.Firestore/Listen/channel?VER=8&database=projects%2Fappout-1%2Fdatabases%2F(default)&RID=1137&CVER=22&X-HTTP-Session-Id=gsessionid&zx=dt4ya8yv3n7z&t=1:0
[48246031ms] [WARNING] [2026-09-02T09:19:43.343Z]  @firebase/firestore: Firestore (12.6.0): WebChannelConnection RPC 'Listen' stream 0x70864769 transport errored. Name: undefined Message: undefined @ https://outrun.co.il/_next/static/chunks/2532-16f59635ee5a761a.js:14
[48246031ms] [ERROR] Failed to load resource: net::ERR_INTERNET_DISCONNECTED @ https://www.google.com/recaptcha/enterprise/clr?k=6Lf3d9UsAAAAAILBqo6A909pmhyvtYmDoxaKtfMV:0
[48246035ms] [ERROR] Failed to load resource: net::ERR_INTERNET_DISCONNECTED @ https://www.google.com/recaptcha/enterprise/clr?k=6Lf3d9UsAAAAAILBqo6A909pmhyvtYmDoxaKtfMV:0
[48246037ms] [ERROR] Failed to load resource: net::ERR_INTERNET_DISCONNECTED @ https://www.google.com/images/cleardot.gif?zx=9t3vfxgzmdbq:0
[48246041ms] [ERROR] Failed to load resource: net::ERR_INTERNET_DISCONNECTED @ https://www.google.com/recaptcha/enterprise/clr?k=6Lf3d9UsAAAAAILBqo6A909pmhyvtYmDoxaKtfMV:0
[48246044ms] [ERROR] Failed to load resource: net::ERR_INTERNET_DISCONNECTED @ https://www.google.com/recaptcha/enterprise/clr?k=6Lf3d9UsAAAAAILBqo6A909pmhyvtYmDoxaKtfMV:0
[48249053ms] [WARNING] [2026-09-02T09:19:46.366Z]  @firebase/auth: Auth (12.6.0): Error while retrieving App Check token: FirebaseError: AppCheck: ReCAPTCHA error. (appCheck/recaptcha-error). @ https://outrun.co.il/_next/static/chunks/2532-16f59635ee5a761a.js:14
[48249060ms] [ERROR] Failed to load resource: net::ERR_INTERNET_DISCONNECTED @ https://securetoken.googleapis.com/v1/token?key=AIzaSyCezG55zVQEZWCEs-lHzx_yQldg-Ej2X60:0
[48249061ms] [WARNING] [session] silent refresh failed: FirebaseError: Firebase: Error (auth/network-request-failed).
    at _ (https://outrun.co.il/_next/static/chunks/ebf8faf4-4b21e6e1cecfd8ac.js:1:2449)
    at d (https://outrun.co.il/_next/static/chunks/ebf8faf4-4b21e6e1cecfd8ac.js:1:1774)
    at O (https://outrun.co.il/_next/static/chunks/ebf8faf4-4b21e6e1cecfd8ac.js:1:8154)
    at async et (https://outrun.co.il/_next/static/chunks/ebf8faf4-4b21e6e1cecfd8ac.js:1:13604)
    at async er.refresh (https://outrun.co.il/_next/static/chunks/ebf8faf4-4b21e6e1cecfd8ac.js:1:15036)
    at async er.getToken (https://outrun.co.il/_next/static/chunks/ebf8faf4-4b21e6e1cecfd8ac.js:1:14848)
    at async B (https://outrun.co.il/_next/static/chunks/ebf8faf4-4b21e6e1cecfd8ac.js:1:11368)
    at async es.getIdToken (https://outrun.co.il/_next/static/chunks/ebf8faf4-4b21e6e1cecfd8ac.js:1:16560)
    at async https://outrun.co.il/_next/static/chunks/app/admin/layout-19dbfc67bfe16a74.js:1:7218 @ https://outrun.co.il/_next/static/chunks/app/admin/layout-19dbfc67bfe16a74.js:0
[48249063ms] [ERROR] Failed to load resource: net::ERR_INTERNET_DISCONNECTED @ https://www.google.com/recaptcha/enterprise/clr?k=6Lf3d9UsAAAAAILBqo6A909pmhyvtYmDoxaKtfMV:0
[48249065ms] [ERROR] Failed to load resource: net::ERR_INTERNET_DISCONNECTED @ https://www.google.com/recaptcha/enterprise/clr?k=6Lf3d9UsAAAAAILBqo6A909pmhyvtYmDoxaKtfMV:0
[48249067ms] [ERROR] Failed to load resource: net::ERR_INTERNET_DISCONNECTED @ https://www.google.com/recaptcha/enterprise/clr?k=6Lf3d9UsAAAAAILBqo6A909pmhyvtYmDoxaKtfMV:0
[48249070ms] [ERROR] Failed to load resource: net::ERR_INTERNET_DISCONNECTED @ https://www.google.com/recaptcha/enterprise/clr?k=6Lf3d9UsAAAAAILBqo6A909pmhyvtYmDoxaKtfMV:0
[48257645ms] [ERROR] Failed to load resource: net::ERR_INTERNET_DISCONNECTED @ https://firestore.googleapis.com/google.firestore.v1.Firestore/Listen/channel?VER=8&database=projects%2Fappout-1%2Fdatabases%2F(default)&RID=18810&CVER=22&X-HTTP-Session-Id=gsessionid&zx=6y8y5pmz4x41&t=1:0
[48257646ms] [WARNING] [2026-09-02T09:19:54.958Z]  @firebase/firestore: Firestore (12.6.0): WebChannelConnection RPC 'Listen' stream 0x7086476a transport errored. Name: undefined Message: undefined @ https://outrun.co.il/_next/static/chunks/2532-16f59635ee5a761a.js:14
[48257646ms] [ERROR] Failed to load resource: net::ERR_INTERNET_DISCONNECTED @ https://www.google.com/recaptcha/enterprise/clr?k=6Lf3d9UsAAAAAILBqo6A909pmhyvtYmDoxaKtfMV:0
[48257649ms] [ERROR] Failed to load resource: net::ERR_INTERNET_DISCONNECTED @ https://www.google.com/images/cleardot.gif?zx=5bymhgvts2rd:0
[48257649ms] [ERROR] Failed to load resource: net::ERR_INTERNET_DISCONNECTED @ https://www.google.com/recaptcha/enterprise/clr?k=6Lf3d9UsAAAAAILBqo6A909pmhyvtYmDoxaKtfMV:0
[48257652ms] [ERROR] Failed to load resource: net::ERR_INTERNET_DISCONNECTED @ https://www.google.com/recaptcha/enterprise/clr?k=6Lf3d9UsAAAAAILBqo6A909pmhyvtYmDoxaKtfMV:0
[48257654ms] [ERROR] Failed to load resource: net::ERR_INTERNET_DISCONNECTED @ https://www.google.com/recaptcha/enterprise/clr?k=6Lf3d9UsAAAAAILBqo6A909pmhyvtYmDoxaKtfMV:0
[50707446ms] [ERROR] Failed to load resource: net::ERR_INTERNET_DISCONNECTED @ https://firestore.googleapis.com/google.firestore.v1.Firestore/Listen/channel?VER=8&database=projects%2Fappout-1%2Fdatabases%2F(default)&RID=35643&CVER=22&X-HTTP-Session-Id=gsessionid&zx=kwrnx4wrttbl&t=1:0
[50707447ms] [WARNING] [2026-09-02T10:00:44.759Z]  @firebase/firestore: Firestore (12.6.0): WebChannelConnection RPC 'Listen' stream 0x7086476b transport errored. Name: undefined Message: undefined @ https://outrun.co.il/_next/static/chunks/2532-16f59635ee5a761a.js:14
[50707447ms] [ERROR] Failed to load resource: net::ERR_INTERNET_DISCONNECTED @ https://www.google.com/recaptcha/enterprise/clr?k=6Lf3d9UsAAAAAILBqo6A909pmhyvtYmDoxaKtfMV:0
[50707449ms] [ERROR] Failed to load resource: net::ERR_INTERNET_DISCONNECTED @ https://www.google.com/recaptcha/enterprise/clr?k=6Lf3d9UsAAAAAILBqo6A909pmhyvtYmDoxaKtfMV:0
[50707450ms] [ERROR] Failed to load resource: net::ERR_INTERNET_DISCONNECTED @ https://www.google.com/images/cleardot.gif?zx=d9pz9x7q3ltk:0
[50707452ms] [ERROR] Failed to load resource: net::ERR_INTERNET_DISCONNECTED @ https://www.google.com/recaptcha/enterprise/clr?k=6Lf3d9UsAAAAAILBqo6A909pmhyvtYmDoxaKtfMV:0
[50707454ms] [ERROR] Failed to load resource: net::ERR_INTERNET_DISCONNECTED @ https://www.google.com/recaptcha/enterprise/clr?k=6Lf3d9UsAAAAAILBqo6A909pmhyvtYmDoxaKtfMV:0
[50739763ms] [ERROR] Failed to load resource: net::ERR_INTERNET_DISCONNECTED @ https://firestore.googleapis.com/google.firestore.v1.Firestore/Listen/channel?VER=8&database=projects%2Fappout-1%2Fdatabases%2F(default)&RID=33456&CVER=22&X-HTTP-Session-Id=gsessionid&zx=6zuzy4dnfgsi&t=1:0
[50739764ms] [WARNING] [2026-09-02T10:01:17.076Z]  @firebase/firestore: Firestore (12.6.0): WebChannelConnection RPC 'Listen' stream 0x7086476c transport errored. Name: undefined Message: undefined @ https://outrun.co.il/_next/static/chunks/2532-16f59635ee5a761a.js:14
[50739765ms] [ERROR] Failed to load resource: net::ERR_INTERNET_DISCONNECTED @ https://www.google.com/recaptcha/enterprise/clr?k=6Lf3d9UsAAAAAILBqo6A909pmhyvtYmDoxaKtfMV:0
[50739768ms] [ERROR] Failed to load resource: net::ERR_INTERNET_DISCONNECTED @ https://www.google.com/recaptcha/enterprise/clr?k=6Lf3d9UsAAAAAILBqo6A909pmhyvtYmDoxaKtfMV:0
[50739769ms] [ERROR] Failed to load resource: net::ERR_INTERNET_DISCONNECTED @ https://www.google.com/images/cleardot.gif?zx=y0jykowi3ghe:0
[50739771ms] [ERROR] Failed to load resource: net::ERR_INTERNET_DISCONNECTED @ https://www.google.com/recaptcha/enterprise/clr?k=6Lf3d9UsAAAAAILBqo6A909pmhyvtYmDoxaKtfMV:0
[50739774ms] [ERROR] Failed to load resource: net::ERR_INTERNET_DISCONNECTED @ https://www.google.com/recaptcha/enterprise/clr?k=6Lf3d9UsAAAAAILBqo6A909pmhyvtYmDoxaKtfMV:0
[50782207ms] [ERROR] Failed to load resource: net::ERR_INTERNET_DISCONNECTED @ https://firestore.googleapis.com/google.firestore.v1.Firestore/Listen/channel?VER=8&database=projects%2Fappout-1%2Fdatabases%2F(default)&RID=88014&CVER=22&X-HTTP-Session-Id=gsessionid&zx=qzpmmdmy0e6i&t=1:0
[50782207ms] [WARNING] [2026-09-02T10:01:59.519Z]  @firebase/firestore: Firestore (12.6.0): WebChannelConnection RPC 'Listen' stream 0x7086476d transport errored. Name: undefined Message: undefined @ https://outrun.co.il/_next/static/chunks/2532-16f59635ee5a761a.js:14
[50782207ms] [ERROR] Failed to load resource: net::ERR_INTERNET_DISCONNECTED @ https://www.google.com/recaptcha/enterprise/clr?k=6Lf3d9UsAAAAAILBqo6A909pmhyvtYmDoxaKtfMV:0
[50782210ms] [ERROR] Failed to load resource: net::ERR_INTERNET_DISCONNECTED @ https://www.google.com/recaptcha/enterprise/clr?k=6Lf3d9UsAAAAAILBqo6A909pmhyvtYmDoxaKtfMV:0
[50782213ms] [ERROR] Failed to load resource: net::ERR_INTERNET_DISCONNECTED @ https://www.google.com/images/cleardot.gif?zx=e5egkct8qnt5:0
[50782214ms] [ERROR] Failed to load resource: net::ERR_INTERNET_DISCONNECTED @ https://www.google.com/recaptcha/enterprise/clr?k=6Lf3d9UsAAAAAILBqo6A909pmhyvtYmDoxaKtfMV:0
[50782216ms] [ERROR] Failed to load resource: net::ERR_INTERNET_DISCONNECTED @ https://www.google.com/recaptcha/enterprise/clr?k=6Lf3d9UsAAAAAILBqo6A909pmhyvtYmDoxaKtfMV:0
[51561774ms] [WARNING] [2026-09-02T10:14:59.086Z]  @firebase/auth: Auth (12.6.0): Error while retrieving App Check token: FirebaseError: AppCheck: ReCAPTCHA error. (appCheck/recaptcha-error). @ https://outrun.co.il/_next/static/chunks/2532-16f59635ee5a761a.js:14
[53942514ms] [WARNING] [2026-09-02T10:54:39.826Z]  @firebase/auth: Auth (12.6.0): Error while retrieving App Check token: FirebaseError: AppCheck: ReCAPTCHA error. (appCheck/recaptcha-error). @ https://outrun.co.il/_next/static/chunks/2532-16f59635ee5a761a.js:14
[53976641ms] [WARNING] [2026-09-02T10:55:13.953Z]  @firebase/auth: Auth (12.6.0): Error while retrieving App Check token: FirebaseError: AppCheck: ReCAPTCHA error. (appCheck/recaptcha-error). @ https://outrun.co.il/_next/static/chunks/2532-16f59635ee5a761a.js:14
[54561776ms] [WARNING] [2026-09-02T11:04:59.088Z]  @firebase/auth: Auth (12.6.0): Error while retrieving App Check token: FirebaseError: AppCheck: ReCAPTCHA error. (appCheck/recaptcha-error). @ https://outrun.co.il/_next/static/chunks/2532-16f59635ee5a761a.js:14
[57243049ms] [WARNING] [2026-09-02T11:49:40.361Z]  @firebase/auth: Auth (12.6.0): Error while retrieving App Check token: FirebaseError: AppCheck: ReCAPTCHA error. (appCheck/recaptcha-error). @ https://outrun.co.il/_next/static/chunks/2532-16f59635ee5a761a.js:14
[57279757ms] [WARNING] [2026-09-02T11:50:17.069Z]  @firebase/auth: Auth (12.6.0): Error while retrieving App Check token: FirebaseError: AppCheck: ReCAPTCHA error. (appCheck/recaptcha-error). @ https://outrun.co.il/_next/static/chunks/2532-16f59635ee5a761a.js:14
[57561681ms] [WARNING] [2026-09-02T11:54:58.993Z]  @firebase/auth: Auth (12.6.0): Error while retrieving App Check token: FirebaseError: AppCheck: ReCAPTCHA error. (appCheck/recaptcha-error). @ https://outrun.co.il/_next/static/chunks/2532-16f59635ee5a761a.js:14
[59207255ms] [ERROR] Failed to load resource: net::ERR_QUIC_PROTOCOL_ERROR.QUIC_TOO_MANY_RTOS @ https://firestore.googleapis.com/google.firestore.v1.Firestore/Listen/channel?gsessionid=v9n-siSRh_YVHoO4VbH-t0zZyXmhmW2t5VQVlm0hP2ec9rsC89q7QQ&VER=8&database=projects%2Fappout-1%2Fdatabases%2F(default)&RID=rpc&SID=RqGURwzkkkm292tpgqtydQ&AID=14&CI=0&TYPE=xmlhttp&zx=g0c2fjqmupt0&t=1:0
[60543506ms] [WARNING] [2026-09-02T12:44:40.819Z]  @firebase/auth: Auth (12.6.0): Error while retrieving App Check token: FirebaseError: AppCheck: ReCAPTCHA error. (appCheck/recaptcha-error). @ https://outrun.co.il/_next/static/chunks/2532-16f59635ee5a761a.js:14
[60561718ms] [WARNING] [2026-09-02T12:44:59.030Z]  @firebase/auth: Auth (12.6.0): Error while retrieving App Check token: FirebaseError: AppCheck: ReCAPTCHA error. (appCheck/recaptcha-error). @ https://outrun.co.il/_next/static/chunks/2532-16f59635ee5a761a.js:14
[60582976ms] [WARNING] [2026-09-02T12:45:20.289Z]  @firebase/auth: Auth (12.6.0): Error while retrieving App Check token: FirebaseError: AppCheck: ReCAPTCHA error. (appCheck/recaptcha-error). @ https://outrun.co.il/_next/static/chunks/2532-16f59635ee5a761a.js:14
[63561704ms] [WARNING] [2026-09-02T13:34:59.016Z]  @firebase/auth: Auth (12.6.0): Error while retrieving App Check token: FirebaseError: AppCheck: ReCAPTCHA error. (appCheck/recaptcha-error). @ https://outrun.co.il/_next/static/chunks/2532-16f59635ee5a761a.js:14
[63844122ms] [WARNING] [2026-09-02T13:39:41.435Z]  @firebase/auth: Auth (12.6.0): Error while retrieving App Check token: FirebaseError: AppCheck: ReCAPTCHA error. (appCheck/recaptcha-error). @ https://outrun.co.il/_next/static/chunks/2532-16f59635ee5a761a.js:14
[63883696ms] [WARNING] [2026-09-02T13:40:21.008Z]  @firebase/auth: Auth (12.6.0): Error while retrieving App Check token: FirebaseError: AppCheck: ReCAPTCHA error. (appCheck/recaptcha-error). @ https://outrun.co.il/_next/static/chunks/2532-16f59635ee5a761a.js:14
