[    2958ms] [ERROR] Access to manifest at 'https://vercel.com/sso-api?url=https%3A%2F%2Fout-run-6kaq1gnpv-davids-projects-0d6e1f97.vercel.app%2Fmanifest.json&nonce=a37fb2311851c7effffdb38c2d3bc059d1619a5e4d0cac5fe6a2ab62e4988659' (redirected from 'https://out-run-6kaq1gnpv-davids-projects-0d6e1f97.vercel.app/manifest.json') from origin 'https://out-run-6kaq1gnpv-davids-projects-0d6e1f97.vercel.app' has been blocked by CORS policy: No 'Access-Control-Allow-Origin' header is present on the requested resource. @ https://out-run-6kaq1gnpv-davids-projects-0d6e1f97.vercel.app/gateway:0
[    2958ms] [ERROR] Failed to load resource: net::ERR_FAILED @ https://vercel.com/sso-api?url=https%3A%2F%2Fout-run-6kaq1gnpv-davids-projects-0d6e1f97.vercel.app%2Fmanifest.json&nonce=a37fb2311851c7effffdb38c2d3bc059d1619a5e4d0cac5fe6a2ab62e4988659:0
[    3602ms] [ERROR] Access to manifest at 'https://vercel.com/sso-api?url=https%3A%2F%2Fout-run-6kaq1gnpv-davids-projects-0d6e1f97.vercel.app%2Fmanifest.json&nonce=29319cdc303d602f8e740dc606171183582f9d7f97791bd67adf53a41c8f6f41' (redirected from 'https://out-run-6kaq1gnpv-davids-projects-0d6e1f97.vercel.app/manifest.json') from origin 'https://out-run-6kaq1gnpv-davids-projects-0d6e1f97.vercel.app' has been blocked by CORS policy: No 'Access-Control-Allow-Origin' header is present on the requested resource. @ https://out-run-6kaq1gnpv-davids-projects-0d6e1f97.vercel.app/gateway:0
[    3602ms] [ERROR] Failed to load resource: net::ERR_FAILED @ https://vercel.com/sso-api?url=https%3A%2F%2Fout-run-6kaq1gnpv-davids-projects-0d6e1f97.vercel.app%2Fmanifest.json&nonce=29319cdc303d602f8e740dc606171183582f9d7f97791bd67adf53a41c8f6f41:0
[   12054ms] [WARNING] [2026-09-22T16:22:13.287Z]  @firebase/auth: Auth (12.6.0): Error while retrieving App Check token: FirebaseError: AppCheck: ReCAPTCHA error. (appCheck/recaptcha-error). @ https://out-run-6kaq1gnpv-davids-projects-0d6e1f97.vercel.app/_next/static/chunks/2532-16f59635ee5a761a.js:14
[   12859ms] [WARNING] [2026-09-22T16:22:14.092Z]  @firebase/auth: Auth (12.6.0): Error while retrieving App Check token: FirebaseError: AppCheck: ReCAPTCHA error. (appCheck/recaptcha-error). @ https://out-run-6kaq1gnpv-davids-projects-0d6e1f97.vercel.app/_next/static/chunks/2532-16f59635ee5a761a.js:14
[   34800ms] [INFO] [User Service] User ehhmTtu2bkWizhKVuLwl0j5SBUy2 has missing or empty equipment profile. This may affect Smart Swap functionality. Please update user equipment in the admin panel. @ https://out-run-6kaq1gnpv-davids-projects-0d6e1f97.vercel.app/_next/static/chunks/9140-1ff4a1a79b8079de.js:0
[   78853ms] [LOG] [DEBUG-PAGE] pathConfig.path: body_focus | categories passed to VisualSlider: [planche, muscle_up, hspu, legs, core] | skipTier: true @ https://out-run-6kaq1gnpv-davids-projects-0d6e1f97.vercel.app/_next/static/chunks/app/onboarding-new/assessment-visual/page-409b79241f638119.js:0
[   78856ms] [LOG] [DEBUG-RESOLVER] Incoming Category: muscle_up Resolved Candidate IDs: [muscle_up, fTLWzjP9gH2VNpamyCZF] @ https://out-run-6kaq1gnpv-davids-projects-0d6e1f97.vercel.app/_next/static/chunks/5677-ee8c386e1a9c5532.js:0
[   79057ms] [LOG] [DEBUG-RESOLVER] loadCategoryMap built: {human_flag: EtY8YCol0qpF6DzgcTx1, push: J0fLpmJhG0KDN2tQouxh, core: kDMpobbKsuVTByTIKUpe, pull: UPDBtTdCvX748dtBlWYj, one_arm_pullup: cC0BOmm6KIqYAyQynEIo} @ https://out-run-6kaq1gnpv-davids-projects-0d6e1f97.vercel.app/_next/static/chunks/5677-ee8c386e1a9c5532.js:0
[   79057ms] [LOG] [DEBUG-RESOLVER] Incoming Category: planche Resolved Candidate IDs: [planche, pCI5NHXpowu2ySucqDn8] @ https://out-run-6kaq1gnpv-davids-projects-0d6e1f97.vercel.app/_next/static/chunks/5677-ee8c386e1a9c5532.js:0
[   79057ms] [LOG] [DEBUG-RESOLVER] loadCategoryMap built: {human_flag: EtY8YCol0qpF6DzgcTx1, push: J0fLpmJhG0KDN2tQouxh, core: kDMpobbKsuVTByTIKUpe, pull: UPDBtTdCvX748dtBlWYj, one_arm_pullup: cC0BOmm6KIqYAyQynEIo} @ https://out-run-6kaq1gnpv-davids-projects-0d6e1f97.vercel.app/_next/static/chunks/5677-ee8c386e1a9c5532.js:0
[   79057ms] [LOG] [DEBUG-RESOLVER] Incoming Category: hspu Resolved Candidate IDs: [hspu] @ https://out-run-6kaq1gnpv-davids-projects-0d6e1f97.vercel.app/_next/static/chunks/5677-ee8c386e1a9c5532.js:0
[   79057ms] [LOG] [DEBUG-RESOLVER] loadCategoryMap built: {human_flag: EtY8YCol0qpF6DzgcTx1, push: J0fLpmJhG0KDN2tQouxh, core: kDMpobbKsuVTByTIKUpe, pull: UPDBtTdCvX748dtBlWYj, one_arm_pullup: cC0BOmm6KIqYAyQynEIo} @ https://out-run-6kaq1gnpv-davids-projects-0d6e1f97.vercel.app/_next/static/chunks/5677-ee8c386e1a9c5532.js:0
[   79058ms] [LOG] [DEBUG-RESOLVER] Incoming Category: legs Resolved Candidate IDs: [legs, OrAmOH3F375dVio5yGdU] @ https://out-run-6kaq1gnpv-davids-projects-0d6e1f97.vercel.app/_next/static/chunks/5677-ee8c386e1a9c5532.js:0
[   79058ms] [LOG] [DEBUG-RESOLVER] loadCategoryMap built: {human_flag: EtY8YCol0qpF6DzgcTx1, push: J0fLpmJhG0KDN2tQouxh, core: kDMpobbKsuVTByTIKUpe, pull: UPDBtTdCvX748dtBlWYj, one_arm_pullup: cC0BOmm6KIqYAyQynEIo} @ https://out-run-6kaq1gnpv-davids-projects-0d6e1f97.vercel.app/_next/static/chunks/5677-ee8c386e1a9c5532.js:0
[   79058ms] [LOG] [DEBUG-RESOLVER] Incoming Category: core Resolved Candidate IDs: [core, kDMpobbKsuVTByTIKUpe] @ https://out-run-6kaq1gnpv-davids-projects-0d6e1f97.vercel.app/_next/static/chunks/5677-ee8c386e1a9c5532.js:0
[   79058ms] [LOG] [DEBUG-FIRESTORE] Querying IDs: [muscle_up, fTLWzjP9gH2VNpamyCZF] Snapshot size returned: 0 @ https://out-run-6kaq1gnpv-davids-projects-0d6e1f97.vercel.app/_next/static/chunks/5677-ee8c386e1a9c5532.js:0
[   79058ms] [LOG] [DEBUG-FIRESTORE] showInOnboarding=true levels: [] (0 total) @ https://out-run-6kaq1gnpv-davids-projects-0d6e1f97.vercel.app/_next/static/chunks/5677-ee8c386e1a9c5532.js:0
[   79058ms] [LOG] [DEBUG-RESOLVER] Final onboarding levels for "muscle_up": [] (0 total) @ https://out-run-6kaq1gnpv-davids-projects-0d6e1f97.vercel.app/_next/static/chunks/5677-ee8c386e1a9c5532.js:0
[   79058ms] [LOG] [DEBUG-RESOLVER] resolveContent("muscle_up", 1) → programId="fTLWzjP9gH2VNpamyCZF" @ https://out-run-6kaq1gnpv-davids-projects-0d6e1f97.vercel.app/_next/static/chunks/5677-ee8c386e1a9c5532.js:0
[   79212ms] [LOG] [DEBUG-FIRESTORE] Querying IDs: [planche, pCI5NHXpowu2ySucqDn8] Snapshot size returned: 15 @ https://out-run-6kaq1gnpv-davids-projects-0d6e1f97.vercel.app/_next/static/chunks/5677-ee8c386e1a9c5532.js:0
[   79212ms] [LOG] [DEBUG-FIRESTORE] showInOnboarding=true levels: [1, 3, 5, 7, 10, 12, 13, 14, 15] (9 total) @ https://out-run-6kaq1gnpv-davids-projects-0d6e1f97.vercel.app/_next/static/chunks/5677-ee8c386e1a9c5532.js:0
[   79212ms] [LOG] [DEBUG-RESOLVER] Final onboarding levels for "planche": [1, 3, 5, 7, 10, 12, 13, 14, 15] (9 total) @ https://out-run-6kaq1gnpv-davids-projects-0d6e1f97.vercel.app/_next/static/chunks/5677-ee8c386e1a9c5532.js:0
[   79212ms] [LOG] [DEBUG-RESOLVER] resolveContent("planche", 1) → programId="pCI5NHXpowu2ySucqDn8" @ https://out-run-6kaq1gnpv-davids-projects-0d6e1f97.vercel.app/_next/static/chunks/5677-ee8c386e1a9c5532.js:0
[   79212ms] [LOG] [DEBUG-RESOLVER] resolveContent("planche", 3) → programId="pCI5NHXpowu2ySucqDn8" @ https://out-run-6kaq1gnpv-davids-projects-0d6e1f97.vercel.app/_next/static/chunks/5677-ee8c386e1a9c5532.js:0
[   79298ms] [LOG] [DEBUG-FIRESTORE] Querying IDs: [hspu] Snapshot size returned: 0 @ https://out-run-6kaq1gnpv-davids-projects-0d6e1f97.vercel.app/_next/static/chunks/5677-ee8c386e1a9c5532.js:0
[   79298ms] [LOG] [DEBUG-FIRESTORE] showInOnboarding=true levels: [] (0 total) @ https://out-run-6kaq1gnpv-davids-projects-0d6e1f97.vercel.app/_next/static/chunks/5677-ee8c386e1a9c5532.js:0
[   79298ms] [LOG] [DEBUG-RESOLVER] Final onboarding levels for "hspu": [] (0 total) @ https://out-run-6kaq1gnpv-davids-projects-0d6e1f97.vercel.app/_next/static/chunks/5677-ee8c386e1a9c5532.js:0
[   79298ms] [LOG] [DEBUG-RESOLVER] resolveContent("hspu", 1) → programId="hspu" @ https://out-run-6kaq1gnpv-davids-projects-0d6e1f97.vercel.app/_next/static/chunks/5677-ee8c386e1a9c5532.js:0
[   79299ms] [LOG] [DEBUG-FIRESTORE] Querying IDs: [legs, OrAmOH3F375dVio5yGdU] Snapshot size returned: 15 @ https://out-run-6kaq1gnpv-davids-projects-0d6e1f97.vercel.app/_next/static/chunks/5677-ee8c386e1a9c5532.js:0
[   79299ms] [LOG] [DEBUG-FIRESTORE] showInOnboarding=true levels: [1, 3, 6, 8, 10, 12] (6 total) @ https://out-run-6kaq1gnpv-davids-projects-0d6e1f97.vercel.app/_next/static/chunks/5677-ee8c386e1a9c5532.js:0
[   79299ms] [LOG] [DEBUG-RESOLVER] Final onboarding levels for "legs": [1, 3, 6, 8, 10, 12] (6 total) @ https://out-run-6kaq1gnpv-davids-projects-0d6e1f97.vercel.app/_next/static/chunks/5677-ee8c386e1a9c5532.js:0
[   79299ms] [LOG] [DEBUG-RESOLVER] resolveContent("legs", 1) → programId="OrAmOH3F375dVio5yGdU" @ https://out-run-6kaq1gnpv-davids-projects-0d6e1f97.vercel.app/_next/static/chunks/5677-ee8c386e1a9c5532.js:0
[   79299ms] [LOG] [DEBUG-RESOLVER] resolveContent("legs", 3) → programId="OrAmOH3F375dVio5yGdU" @ https://out-run-6kaq1gnpv-davids-projects-0d6e1f97.vercel.app/_next/static/chunks/5677-ee8c386e1a9c5532.js:0
[   79299ms] [LOG] [DEBUG-FIRESTORE] Querying IDs: [core, kDMpobbKsuVTByTIKUpe] Snapshot size returned: 20 @ https://out-run-6kaq1gnpv-davids-projects-0d6e1f97.vercel.app/_next/static/chunks/5677-ee8c386e1a9c5532.js:0
[   79299ms] [LOG] [DEBUG-FIRESTORE] showInOnboarding=true levels: [1, 3, 5, 7, 8, 10, 11, 14] (8 total) @ https://out-run-6kaq1gnpv-davids-projects-0d6e1f97.vercel.app/_next/static/chunks/5677-ee8c386e1a9c5532.js:0
[   79299ms] [LOG] [DEBUG-RESOLVER] Final onboarding levels for "core": [1, 3, 5, 7, 8, 10, 11, 14] (8 total) @ https://out-run-6kaq1gnpv-davids-projects-0d6e1f97.vercel.app/_next/static/chunks/5677-ee8c386e1a9c5532.js:0
[   79299ms] [LOG] [DEBUG-RESOLVER] resolveContent("core", 1) → programId="kDMpobbKsuVTByTIKUpe" @ https://out-run-6kaq1gnpv-davids-projects-0d6e1f97.vercel.app/_next/static/chunks/5677-ee8c386e1a9c5532.js:0
[   79299ms] [LOG] [DEBUG-RESOLVER] resolveContent("core", 3) → programId="kDMpobbKsuVTByTIKUpe" @ https://out-run-6kaq1gnpv-davids-projects-0d6e1f97.vercel.app/_next/static/chunks/5677-ee8c386e1a9c5532.js:0
[   79303ms] [LOG] [DEBUG-RESOLVER] attempt1 getVisualContentItem("fTLWzjP9gH2VNpamyCZF", 1) → null @ https://out-run-6kaq1gnpv-davids-projects-0d6e1f97.vercel.app/_next/static/chunks/5677-ee8c386e1a9c5532.js:0
[   79348ms] [LOG] [VisualContentService] docToContent "pCI5NHXpowu2ySucqDn8_1": {hasVideoVariantsField: true, hasVariantsField: false, rawType: array[0], parsedVariantsCount: 0, allTopLevelKeys: Array(14)} @ https://out-run-6kaq1gnpv-davids-projects-0d6e1f97.vercel.app/_next/static/chunks/5677-ee8c386e1a9c5532.js:0
[   79348ms] [LOG] [DEBUG-RESOLVER] attempt1 getVisualContentItem("pCI5NHXpowu2ySucqDn8", 1) → FOUND @ https://out-run-6kaq1gnpv-davids-projects-0d6e1f97.vercel.app/_next/static/chunks/5677-ee8c386e1a9c5532.js:0
[   79402ms] [LOG] [VisualContentService] docToContent "pCI5NHXpowu2ySucqDn8_3": {hasVideoVariantsField: true, hasVariantsField: false, rawType: array[0], parsedVariantsCount: 0, allTopLevelKeys: Array(14)} @ https://out-run-6kaq1gnpv-davids-projects-0d6e1f97.vercel.app/_next/static/chunks/5677-ee8c386e1a9c5532.js:0
[   79402ms] [LOG] [DEBUG-RESOLVER] attempt1 getVisualContentItem("pCI5NHXpowu2ySucqDn8", 3) → FOUND @ https://out-run-6kaq1gnpv-davids-projects-0d6e1f97.vercel.app/_next/static/chunks/5677-ee8c386e1a9c5532.js:0
[   79429ms] [LOG] [DEBUG-RESOLVER] attempt1 getVisualContentItem("hspu", 1) → null @ https://out-run-6kaq1gnpv-davids-projects-0d6e1f97.vercel.app/_next/static/chunks/5677-ee8c386e1a9c5532.js:0
[   79482ms] [LOG] [VisualContentService] docToContent "OrAmOH3F375dVio5yGdU_1": {hasVideoVariantsField: true, hasVariantsField: false, rawType: array[0], parsedVariantsCount: 0, allTopLevelKeys: Array(14)} @ https://out-run-6kaq1gnpv-davids-projects-0d6e1f97.vercel.app/_next/static/chunks/5677-ee8c386e1a9c5532.js:0
[   79482ms] [LOG] [DEBUG-RESOLVER] attempt1 getVisualContentItem("OrAmOH3F375dVio5yGdU", 1) → FOUND @ https://out-run-6kaq1gnpv-davids-projects-0d6e1f97.vercel.app/_next/static/chunks/5677-ee8c386e1a9c5532.js:0
[   79482ms] [LOG] [VisualContentService] docToContent "OrAmOH3F375dVio5yGdU_3": {hasVideoVariantsField: true, hasVariantsField: false, rawType: array[0], parsedVariantsCount: 0, allTopLevelKeys: Array(12)} @ https://out-run-6kaq1gnpv-davids-projects-0d6e1f97.vercel.app/_next/static/chunks/5677-ee8c386e1a9c5532.js:0
[   79482ms] [LOG] [DEBUG-RESOLVER] attempt1 getVisualContentItem("OrAmOH3F375dVio5yGdU", 3) → FOUND @ https://out-run-6kaq1gnpv-davids-projects-0d6e1f97.vercel.app/_next/static/chunks/5677-ee8c386e1a9c5532.js:0
[   79482ms] [LOG] [VisualContentService] docToContent "kDMpobbKsuVTByTIKUpe_1": {hasVideoVariantsField: true, hasVariantsField: false, rawType: array[0], parsedVariantsCount: 0, allTopLevelKeys: Array(14)} @ https://out-run-6kaq1gnpv-davids-projects-0d6e1f97.vercel.app/_next/static/chunks/5677-ee8c386e1a9c5532.js:0
[   79482ms] [LOG] [DEBUG-RESOLVER] attempt1 getVisualContentItem("kDMpobbKsuVTByTIKUpe", 1) → FOUND @ https://out-run-6kaq1gnpv-davids-projects-0d6e1f97.vercel.app/_next/static/chunks/5677-ee8c386e1a9c5532.js:0
[   79482ms] [LOG] [VisualContentService] docToContent "kDMpobbKsuVTByTIKUpe_3": {hasVideoVariantsField: true, hasVariantsField: false, rawType: array[0], parsedVariantsCount: 0, allTopLevelKeys: Array(14)} @ https://out-run-6kaq1gnpv-davids-projects-0d6e1f97.vercel.app/_next/static/chunks/5677-ee8c386e1a9c5532.js:0
[   79482ms] [LOG] [DEBUG-RESOLVER] attempt1 getVisualContentItem("kDMpobbKsuVTByTIKUpe", 3) → FOUND @ https://out-run-6kaq1gnpv-davids-projects-0d6e1f97.vercel.app/_next/static/chunks/5677-ee8c386e1a9c5532.js:0
[   79482ms] [LOG] [DEBUG-RESOLVER] attempt2 getVisualContentItem("muscle_up", 1) → null @ https://out-run-6kaq1gnpv-davids-projects-0d6e1f97.vercel.app/_next/static/chunks/5677-ee8c386e1a9c5532.js:0
[   79483ms] [LOG] [DEBUG-PAGE] pathConfig.path: body_focus | categories passed to VisualSlider: [planche, muscle_up, hspu, legs, core] | skipTier: true @ https://out-run-6kaq1gnpv-davids-projects-0d6e1f97.vercel.app/_next/static/chunks/app/onboarding-new/assessment-visual/page-409b79241f638119.js:0
[   79483ms] [LOG] [DEBUG-RESOLVER] Incoming Category: muscle_up Resolved Candidate IDs: [muscle_up, fTLWzjP9gH2VNpamyCZF] @ https://out-run-6kaq1gnpv-davids-projects-0d6e1f97.vercel.app/_next/static/chunks/5677-ee8c386e1a9c5532.js:0
[   79483ms] [LOG] [DEBUG-RESOLVER] Incoming Category: planche Resolved Candidate IDs: [planche, pCI5NHXpowu2ySucqDn8] @ https://out-run-6kaq1gnpv-davids-projects-0d6e1f97.vercel.app/_next/static/chunks/5677-ee8c386e1a9c5532.js:0
[   79483ms] [LOG] [DEBUG-RESOLVER] Incoming Category: hspu Resolved Candidate IDs: [hspu] @ https://out-run-6kaq1gnpv-davids-projects-0d6e1f97.vercel.app/_next/static/chunks/5677-ee8c386e1a9c5532.js:0
[   79483ms] [LOG] [DEBUG-RESOLVER] Incoming Category: legs Resolved Candidate IDs: [legs, OrAmOH3F375dVio5yGdU] @ https://out-run-6kaq1gnpv-davids-projects-0d6e1f97.vercel.app/_next/static/chunks/5677-ee8c386e1a9c5532.js:0
[   79484ms] [LOG] [DEBUG-RESOLVER] Incoming Category: core Resolved Candidate IDs: [core, kDMpobbKsuVTByTIKUpe] @ https://out-run-6kaq1gnpv-davids-projects-0d6e1f97.vercel.app/_next/static/chunks/5677-ee8c386e1a9c5532.js:0
[   79509ms] [LOG] [ContentResolver] Level 1 — exercise video resolved: "מקבילים" → https://vz-b17872ab-7a7.b-cdn.net/726dd77e-6f84-4862-a7ab-cd… @ https://out-run-6kaq1gnpv-davids-projects-0d6e1f97.vercel.app/_next/static/chunks/5677-ee8c386e1a9c5532.js:0
[   79787ms] [LOG] [ContentResolver] Level 3 — exercise video resolved: "שכיבות סמיכה פייק" → https://vz-b17872ab-7a7.b-cdn.net/0fa11ec8-3148-470b-86f5-67… @ https://out-run-6kaq1gnpv-davids-projects-0d6e1f97.vercel.app/_next/static/chunks/5677-ee8c386e1a9c5532.js:0
[   79787ms] [LOG] [ContentResolver] Level 1 — exercise video resolved: "סקוואט טווח חלקי (להגבהה)" → https://vz-b17872ab-7a7.b-cdn.net/8286f82c-fdf8-4f05-8961-a0… @ https://out-run-6kaq1gnpv-davids-projects-0d6e1f97.vercel.app/_next/static/chunks/5677-ee8c386e1a9c5532.js:0
[   79788ms] [LOG] [ContentResolver] Level 3 — exercise video resolved: "סקוואט קפיצה" → https://vz-b17872ab-7a7.b-cdn.net/57d8348b-3788-4dd1-880a-8b… @ https://out-run-6kaq1gnpv-davids-projects-0d6e1f97.vercel.app/_next/static/chunks/5677-ee8c386e1a9c5532.js:0
[   79788ms] [LOG] [ContentResolver] Level 1 — exercise video resolved: "פלאנק על הברכיים" → https://vz-b17872ab-7a7.b-cdn.net/3011b6ff-f251-4c7b-81f4-e2… @ https://out-run-6kaq1gnpv-davids-projects-0d6e1f97.vercel.app/_next/static/chunks/5677-ee8c386e1a9c5532.js:0
[   79788ms] [LOG] [ContentResolver] Level 3 — exercise video resolved: "פלאנק עליות ונגיעות בכתפיים" → https://vz-b17872ab-7a7.b-cdn.net/4d5bc37c-3994-4574-ace7-12… @ https://out-run-6kaq1gnpv-davids-projects-0d6e1f97.vercel.app/_next/static/chunks/5677-ee8c386e1a9c5532.js:0
[   79788ms] [LOG] [DEBUG-FIRESTORE] Querying IDs: [muscle_up, fTLWzjP9gH2VNpamyCZF] Snapshot size returned: 0 @ https://out-run-6kaq1gnpv-davids-projects-0d6e1f97.vercel.app/_next/static/chunks/5677-ee8c386e1a9c5532.js:0
[   79789ms] [LOG] [DEBUG-FIRESTORE] showInOnboarding=true levels: [] (0 total) @ https://out-run-6kaq1gnpv-davids-projects-0d6e1f97.vercel.app/_next/static/chunks/5677-ee8c386e1a9c5532.js:0
[   79789ms] [LOG] [DEBUG-RESOLVER] Final onboarding levels for "muscle_up": [] (0 total) @ https://out-run-6kaq1gnpv-davids-projects-0d6e1f97.vercel.app/_next/static/chunks/5677-ee8c386e1a9c5532.js:0
[   79789ms] [LOG] [DEBUG-RESOLVER] resolveContent("muscle_up", 1) → programId="fTLWzjP9gH2VNpamyCZF" @ https://out-run-6kaq1gnpv-davids-projects-0d6e1f97.vercel.app/_next/static/chunks/5677-ee8c386e1a9c5532.js:0
[   79789ms] [LOG] [DEBUG-FIRESTORE] Querying IDs: [planche, pCI5NHXpowu2ySucqDn8] Snapshot size returned: 15 @ https://out-run-6kaq1gnpv-davids-projects-0d6e1f97.vercel.app/_next/static/chunks/5677-ee8c386e1a9c5532.js:0
[   79789ms] [LOG] [DEBUG-FIRESTORE] showInOnboarding=true levels: [1, 3, 5, 7, 10, 12, 13, 14, 15] (9 total) @ https://out-run-6kaq1gnpv-davids-projects-0d6e1f97.vercel.app/_next/static/chunks/5677-ee8c386e1a9c5532.js:0
[   79789ms] [LOG] [DEBUG-RESOLVER] Final onboarding levels for "planche": [1, 3, 5, 7, 10, 12, 13, 14, 15] (9 total) @ https://out-run-6kaq1gnpv-davids-projects-0d6e1f97.vercel.app/_next/static/chunks/5677-ee8c386e1a9c5532.js:0
[   79789ms] [LOG] [DEBUG-RESOLVER] resolveContent("planche", 1) → programId="pCI5NHXpowu2ySucqDn8" @ https://out-run-6kaq1gnpv-davids-projects-0d6e1f97.vercel.app/_next/static/chunks/5677-ee8c386e1a9c5532.js:0
[   79789ms] [LOG] [DEBUG-RESOLVER] resolveContent("planche", 3) → programId="pCI5NHXpowu2ySucqDn8" @ https://out-run-6kaq1gnpv-davids-projects-0d6e1f97.vercel.app/_next/static/chunks/5677-ee8c386e1a9c5532.js:0
[   80132ms] [LOG] [DEBUG-FIRESTORE] Querying IDs: [hspu] Snapshot size returned: 0 @ https://out-run-6kaq1gnpv-davids-projects-0d6e1f97.vercel.app/_next/static/chunks/5677-ee8c386e1a9c5532.js:0
[   80132ms] [LOG] [DEBUG-FIRESTORE] showInOnboarding=true levels: [] (0 total) @ https://out-run-6kaq1gnpv-davids-projects-0d6e1f97.vercel.app/_next/static/chunks/5677-ee8c386e1a9c5532.js:0
[   80132ms] [LOG] [DEBUG-RESOLVER] Final onboarding levels for "hspu": [] (0 total) @ https://out-run-6kaq1gnpv-davids-projects-0d6e1f97.vercel.app/_next/static/chunks/5677-ee8c386e1a9c5532.js:0
[   80132ms] [LOG] [DEBUG-RESOLVER] resolveContent("hspu", 1) → programId="hspu" @ https://out-run-6kaq1gnpv-davids-projects-0d6e1f97.vercel.app/_next/static/chunks/5677-ee8c386e1a9c5532.js:0
[   80132ms] [LOG] [DEBUG-FIRESTORE] Querying IDs: [legs, OrAmOH3F375dVio5yGdU] Snapshot size returned: 15 @ https://out-run-6kaq1gnpv-davids-projects-0d6e1f97.vercel.app/_next/static/chunks/5677-ee8c386e1a9c5532.js:0
[   80133ms] [LOG] [DEBUG-FIRESTORE] showInOnboarding=true levels: [1, 3, 6, 8, 10, 12] (6 total) @ https://out-run-6kaq1gnpv-davids-projects-0d6e1f97.vercel.app/_next/static/chunks/5677-ee8c386e1a9c5532.js:0
[   80133ms] [LOG] [DEBUG-RESOLVER] Final onboarding levels for "legs": [1, 3, 6, 8, 10, 12] (6 total) @ https://out-run-6kaq1gnpv-davids-projects-0d6e1f97.vercel.app/_next/static/chunks/5677-ee8c386e1a9c5532.js:0
[   80133ms] [LOG] [DEBUG-RESOLVER] resolveContent("legs", 1) → programId="OrAmOH3F375dVio5yGdU" @ https://out-run-6kaq1gnpv-davids-projects-0d6e1f97.vercel.app/_next/static/chunks/5677-ee8c386e1a9c5532.js:0
[   80133ms] [LOG] [DEBUG-RESOLVER] resolveContent("legs", 3) → programId="OrAmOH3F375dVio5yGdU" @ https://out-run-6kaq1gnpv-davids-projects-0d6e1f97.vercel.app/_next/static/chunks/5677-ee8c386e1a9c5532.js:0
[   80133ms] [LOG] [DEBUG-FIRESTORE] Querying IDs: [core, kDMpobbKsuVTByTIKUpe] Snapshot size returned: 20 @ https://out-run-6kaq1gnpv-davids-projects-0d6e1f97.vercel.app/_next/static/chunks/5677-ee8c386e1a9c5532.js:0
[   80134ms] [LOG] [DEBUG-FIRESTORE] showInOnboarding=true levels: [1, 3, 5, 7, 8, 10, 11, 14] (8 total) @ https://out-run-6kaq1gnpv-davids-projects-0d6e1f97.vercel.app/_next/static/chunks/5677-ee8c386e1a9c5532.js:0
[   80134ms] [LOG] [DEBUG-RESOLVER] Final onboarding levels for "core": [1, 3, 5, 7, 8, 10, 11, 14] (8 total) @ https://out-run-6kaq1gnpv-davids-projects-0d6e1f97.vercel.app/_next/static/chunks/5677-ee8c386e1a9c5532.js:0
[   80134ms] [LOG] [DEBUG-RESOLVER] resolveContent("core", 1) → programId="kDMpobbKsuVTByTIKUpe" @ https://out-run-6kaq1gnpv-davids-projects-0d6e1f97.vercel.app/_next/static/chunks/5677-ee8c386e1a9c5532.js:0
[   80134ms] [LOG] [DEBUG-RESOLVER] resolveContent("core", 3) → programId="kDMpobbKsuVTByTIKUpe" @ https://out-run-6kaq1gnpv-davids-projects-0d6e1f97.vercel.app/_next/static/chunks/5677-ee8c386e1a9c5532.js:0
[   85820ms] [LOG] [DEBUG-RESOLVER] Incoming Category: planche Resolved Candidate IDs: [planche, pCI5NHXpowu2ySucqDn8] @ https://out-run-6kaq1gnpv-davids-projects-0d6e1f97.vercel.app/_next/static/chunks/5677-ee8c386e1a9c5532.js:0
[   85959ms] [LOG] [DEBUG-FIRESTORE] Querying IDs: [planche, pCI5NHXpowu2ySucqDn8] Snapshot size returned: 15 @ https://out-run-6kaq1gnpv-davids-projects-0d6e1f97.vercel.app/_next/static/chunks/5677-ee8c386e1a9c5532.js:0
[   85959ms] [LOG] [DEBUG-FIRESTORE] showInOnboarding=true levels: [1, 3, 5, 7, 10, 12, 13, 14, 15] (9 total) @ https://out-run-6kaq1gnpv-davids-projects-0d6e1f97.vercel.app/_next/static/chunks/5677-ee8c386e1a9c5532.js:0
[   85959ms] [LOG] [DEBUG-RESOLVER] Final onboarding levels for "planche": [1, 3, 5, 7, 10, 12, 13, 14, 15] (9 total) @ https://out-run-6kaq1gnpv-davids-projects-0d6e1f97.vercel.app/_next/static/chunks/5677-ee8c386e1a9c5532.js:0
[   85963ms] [LOG] [DEBUG-RESOLVER] resolveContent("planche", 1) → programId="pCI5NHXpowu2ySucqDn8" @ https://out-run-6kaq1gnpv-davids-projects-0d6e1f97.vercel.app/_next/static/chunks/5677-ee8c386e1a9c5532.js:0
[   85963ms] [LOG] [DEBUG-RESOLVER] resolveContent("planche", 3) → programId="pCI5NHXpowu2ySucqDn8" @ https://out-run-6kaq1gnpv-davids-projects-0d6e1f97.vercel.app/_next/static/chunks/5677-ee8c386e1a9c5532.js:0
[   85963ms] [LOG] [DEBUG-RESOLVER] resolveContent("planche", 5) → programId="pCI5NHXpowu2ySucqDn8" @ https://out-run-6kaq1gnpv-davids-projects-0d6e1f97.vercel.app/_next/static/chunks/5677-ee8c386e1a9c5532.js:0
[   85963ms] [LOG] [DEBUG-RESOLVER] resolveContent("planche", 7) → programId="pCI5NHXpowu2ySucqDn8" @ https://out-run-6kaq1gnpv-davids-projects-0d6e1f97.vercel.app/_next/static/chunks/5677-ee8c386e1a9c5532.js:0
[   85963ms] [LOG] [DEBUG-RESOLVER] resolveContent("planche", 10) → programId="pCI5NHXpowu2ySucqDn8" @ https://out-run-6kaq1gnpv-davids-projects-0d6e1f97.vercel.app/_next/static/chunks/5677-ee8c386e1a9c5532.js:0
[   85963ms] [LOG] [DEBUG-RESOLVER] resolveContent("planche", 12) → programId="pCI5NHXpowu2ySucqDn8" @ https://out-run-6kaq1gnpv-davids-projects-0d6e1f97.vercel.app/_next/static/chunks/5677-ee8c386e1a9c5532.js:0
[   85963ms] [LOG] [DEBUG-RESOLVER] resolveContent("planche", 13) → programId="pCI5NHXpowu2ySucqDn8" @ https://out-run-6kaq1gnpv-davids-projects-0d6e1f97.vercel.app/_next/static/chunks/5677-ee8c386e1a9c5532.js:0
[   85963ms] [LOG] [DEBUG-RESOLVER] resolveContent("planche", 14) → programId="pCI5NHXpowu2ySucqDn8" @ https://out-run-6kaq1gnpv-davids-projects-0d6e1f97.vercel.app/_next/static/chunks/5677-ee8c386e1a9c5532.js:0
[   85963ms] [LOG] [DEBUG-RESOLVER] resolveContent("planche", 15) → programId="pCI5NHXpowu2ySucqDn8" @ https://out-run-6kaq1gnpv-davids-projects-0d6e1f97.vercel.app/_next/static/chunks/5677-ee8c386e1a9c5532.js:0
[   85964ms] [LOG] [DEBUG-RESOLVER] resolveContent("planche", 1) → programId="pCI5NHXpowu2ySucqDn8" @ https://out-run-6kaq1gnpv-davids-projects-0d6e1f97.vercel.app/_next/static/chunks/5677-ee8c386e1a9c5532.js:0
[   85965ms] [LOG] [DEBUG-RESOLVER] resolveContent("planche", 2) → programId="pCI5NHXpowu2ySucqDn8" @ https://out-run-6kaq1gnpv-davids-projects-0d6e1f97.vercel.app/_next/static/chunks/5677-ee8c386e1a9c5532.js:0
[   85965ms] [LOG] [DEBUG-RESOLVER] resolveContent("planche", 2) → programId="pCI5NHXpowu2ySucqDn8" @ https://out-run-6kaq1gnpv-davids-projects-0d6e1f97.vercel.app/_next/static/chunks/5677-ee8c386e1a9c5532.js:0
[   86163ms] [LOG] [VisualContentService] docToContent "pCI5NHXpowu2ySucqDn8_5": {hasVideoVariantsField: true, hasVariantsField: false, rawType: array[0], parsedVariantsCount: 0, allTopLevelKeys: Array(14)} @ https://out-run-6kaq1gnpv-davids-projects-0d6e1f97.vercel.app/_next/static/chunks/5677-ee8c386e1a9c5532.js:0
[   86164ms] [LOG] [DEBUG-RESOLVER] attempt1 getVisualContentItem("pCI5NHXpowu2ySucqDn8", 5) → FOUND @ https://out-run-6kaq1gnpv-davids-projects-0d6e1f97.vercel.app/_next/static/chunks/5677-ee8c386e1a9c5532.js:0
[   86164ms] [LOG] [VisualContentService] docToContent "pCI5NHXpowu2ySucqDn8_7": {hasVideoVariantsField: true, hasVariantsField: false, rawType: array[0], parsedVariantsCount: 0, allTopLevelKeys: Array(14)} @ https://out-run-6kaq1gnpv-davids-projects-0d6e1f97.vercel.app/_next/static/chunks/5677-ee8c386e1a9c5532.js:0
[   86164ms] [LOG] [DEBUG-RESOLVER] attempt1 getVisualContentItem("pCI5NHXpowu2ySucqDn8", 7) → FOUND @ https://out-run-6kaq1gnpv-davids-projects-0d6e1f97.vercel.app/_next/static/chunks/5677-ee8c386e1a9c5532.js:0
[   86164ms] [LOG] [VisualContentService] docToContent "pCI5NHXpowu2ySucqDn8_10": {hasVideoVariantsField: true, hasVariantsField: false, rawType: array[0], parsedVariantsCount: 0, allTopLevelKeys: Array(14)} @ https://out-run-6kaq1gnpv-davids-projects-0d6e1f97.vercel.app/_next/static/chunks/5677-ee8c386e1a9c5532.js:0
[   86164ms] [LOG] [DEBUG-RESOLVER] attempt1 getVisualContentItem("pCI5NHXpowu2ySucqDn8", 10) → FOUND @ https://out-run-6kaq1gnpv-davids-projects-0d6e1f97.vercel.app/_next/static/chunks/5677-ee8c386e1a9c5532.js:0
[   86164ms] [LOG] [VisualContentService] docToContent "pCI5NHXpowu2ySucqDn8_12": {hasVideoVariantsField: true, hasVariantsField: false, rawType: array[0], parsedVariantsCount: 0, allTopLevelKeys: Array(14)} @ https://out-run-6kaq1gnpv-davids-projects-0d6e1f97.vercel.app/_next/static/chunks/5677-ee8c386e1a9c5532.js:0
[   86164ms] [LOG] [DEBUG-RESOLVER] attempt1 getVisualContentItem("pCI5NHXpowu2ySucqDn8", 12) → FOUND @ https://out-run-6kaq1gnpv-davids-projects-0d6e1f97.vercel.app/_next/static/chunks/5677-ee8c386e1a9c5532.js:0
[   86164ms] [LOG] [VisualContentService] docToContent "pCI5NHXpowu2ySucqDn8_13": {hasVideoVariantsField: true, hasVariantsField: false, rawType: array[0], parsedVariantsCount: 0, allTopLevelKeys: Array(14)} @ https://out-run-6kaq1gnpv-davids-projects-0d6e1f97.vercel.app/_next/static/chunks/5677-ee8c386e1a9c5532.js:0
[   86164ms] [LOG] [DEBUG-RESOLVER] attempt1 getVisualContentItem("pCI5NHXpowu2ySucqDn8", 13) → FOUND @ https://out-run-6kaq1gnpv-davids-projects-0d6e1f97.vercel.app/_next/static/chunks/5677-ee8c386e1a9c5532.js:0
[   86164ms] [LOG] [VisualContentService] docToContent "pCI5NHXpowu2ySucqDn8_14": {hasVideoVariantsField: true, hasVariantsField: false, rawType: array[0], parsedVariantsCount: 0, allTopLevelKeys: Array(14)} @ https://out-run-6kaq1gnpv-davids-projects-0d6e1f97.vercel.app/_next/static/chunks/5677-ee8c386e1a9c5532.js:0
[   86164ms] [LOG] [DEBUG-RESOLVER] attempt1 getVisualContentItem("pCI5NHXpowu2ySucqDn8", 14) → FOUND @ https://out-run-6kaq1gnpv-davids-projects-0d6e1f97.vercel.app/_next/static/chunks/5677-ee8c386e1a9c5532.js:0
[   86164ms] [LOG] [VisualContentService] docToContent "pCI5NHXpowu2ySucqDn8_15": {hasVideoVariantsField: true, hasVariantsField: false, rawType: array[0], parsedVariantsCount: 0, allTopLevelKeys: Array(14)} @ https://out-run-6kaq1gnpv-davids-projects-0d6e1f97.vercel.app/_next/static/chunks/5677-ee8c386e1a9c5532.js:0
[   86164ms] [LOG] [DEBUG-RESOLVER] attempt1 getVisualContentItem("pCI5NHXpowu2ySucqDn8", 15) → FOUND @ https://out-run-6kaq1gnpv-davids-projects-0d6e1f97.vercel.app/_next/static/chunks/5677-ee8c386e1a9c5532.js:0
[   86164ms] [LOG] [VisualContentService] docToContent "pCI5NHXpowu2ySucqDn8_2": {hasVideoVariantsField: true, hasVariantsField: false, rawType: array[0], parsedVariantsCount: 0, allTopLevelKeys: Array(14)} @ https://out-run-6kaq1gnpv-davids-projects-0d6e1f97.vercel.app/_next/static/chunks/5677-ee8c386e1a9c5532.js:0
[   86164ms] [LOG] [DEBUG-RESOLVER] attempt1 getVisualContentItem("pCI5NHXpowu2ySucqDn8", 2) → FOUND @ https://out-run-6kaq1gnpv-davids-projects-0d6e1f97.vercel.app/_next/static/chunks/5677-ee8c386e1a9c5532.js:0
[   86164ms] [LOG] [VisualContentService] docToContent "pCI5NHXpowu2ySucqDn8_2": {hasVideoVariantsField: true, hasVariantsField: false, rawType: array[0], parsedVariantsCount: 0, allTopLevelKeys: Array(14)} @ https://out-run-6kaq1gnpv-davids-projects-0d6e1f97.vercel.app/_next/static/chunks/5677-ee8c386e1a9c5532.js:0
[   86164ms] [LOG] [DEBUG-RESOLVER] attempt1 getVisualContentItem("pCI5NHXpowu2ySucqDn8", 2) → FOUND @ https://out-run-6kaq1gnpv-davids-projects-0d6e1f97.vercel.app/_next/static/chunks/5677-ee8c386e1a9c5532.js:0
[   86406ms] [LOG] [ContentResolver] Level 5 — exercise video resolved: "שכיבות סמיכה פייק גובה ברך" → https://vz-b17872ab-7a7.b-cdn.net/dd052f3a-2677-4fa8-af31-0d… @ https://out-run-6kaq1gnpv-davids-projects-0d6e1f97.vercel.app/_next/static/chunks/5677-ee8c386e1a9c5532.js:0
[   86407ms] [LOG] [ContentResolver] Level 7 — exercise video resolved: "פלאנץ׳ בטאק" → https://vz-b17872ab-7a7.b-cdn.net/912c9beb-a881-4593-980b-38… @ https://out-run-6kaq1gnpv-davids-projects-0d6e1f97.vercel.app/_next/static/chunks/5677-ee8c386e1a9c5532.js:0
[   86407ms] [LOG] [ContentResolver] Level 10 — exercise video resolved: "פלאנץ׳ בטאק מתקדם " → https://vz-b17872ab-7a7.b-cdn.net/a4325b8a-be75-455b-a793-ca… @ https://out-run-6kaq1gnpv-davids-projects-0d6e1f97.vercel.app/_next/static/chunks/5677-ee8c386e1a9c5532.js:0
[   86407ms] [LOG] [VisualContentService] docToContent "pCI5NHXpowu2ySucqDn8_11": {hasVideoVariantsField: true, hasVariantsField: false, rawType: array[0], parsedVariantsCount: 0, allTopLevelKeys: Array(14)} @ https://out-run-6kaq1gnpv-davids-projects-0d6e1f97.vercel.app/_next/static/chunks/5677-ee8c386e1a9c5532.js:0
[   86407ms] [LOG] [VisualContentService] docToContent "pCI5NHXpowu2ySucqDn8_12": {hasVideoVariantsField: true, hasVariantsField: false, rawType: array[0], parsedVariantsCount: 0, allTopLevelKeys: Array(14)} @ https://out-run-6kaq1gnpv-davids-projects-0d6e1f97.vercel.app/_next/static/chunks/5677-ee8c386e1a9c5532.js:0
[   86412ms] [LOG] [VisualContentService] docToContent "pCI5NHXpowu2ySucqDn8_13": {hasVideoVariantsField: true, hasVariantsField: false, rawType: array[0], parsedVariantsCount: 0, allTopLevelKeys: Array(14)} @ https://out-run-6kaq1gnpv-davids-projects-0d6e1f97.vercel.app/_next/static/chunks/5677-ee8c386e1a9c5532.js:0
[   86412ms] [LOG] [VisualContentService] docToContent "pCI5NHXpowu2ySucqDn8_14": {hasVideoVariantsField: true, hasVariantsField: false, rawType: array[0], parsedVariantsCount: 0, allTopLevelKeys: Array(14)} @ https://out-run-6kaq1gnpv-davids-projects-0d6e1f97.vercel.app/_next/static/chunks/5677-ee8c386e1a9c5532.js:0
[   86413ms] [LOG] [ContentResolver] Level 2 — exercise video resolved: "שכיבות סמיכה סופינציה" → https://vz-b17872ab-7a7.b-cdn.net/9817c4dc-0765-4be0-af69-74… @ https://out-run-6kaq1gnpv-davids-projects-0d6e1f97.vercel.app/_next/static/chunks/5677-ee8c386e1a9c5532.js:0
[   86413ms] [LOG] [ContentResolver] Level 2 — exercise video resolved: "שכיבות סמיכה סופינציה" → https://vz-b17872ab-7a7.b-cdn.net/9817c4dc-0765-4be0-af69-74… @ https://out-run-6kaq1gnpv-davids-projects-0d6e1f97.vercel.app/_next/static/chunks/5677-ee8c386e1a9c5532.js:0
[   86554ms] [LOG] [VisualContentService] docToContent "pCI5NHXpowu2ySucqDn8_10": {hasVideoVariantsField: true, hasVariantsField: false, rawType: array[0], parsedVariantsCount: 0, allTopLevelKeys: Array(14)} @ https://out-run-6kaq1gnpv-davids-projects-0d6e1f97.vercel.app/_next/static/chunks/5677-ee8c386e1a9c5532.js:0
[   86554ms] [LOG] [VisualContentService] docToContent "pCI5NHXpowu2ySucqDn8_11": {hasVideoVariantsField: true, hasVariantsField: false, rawType: array[0], parsedVariantsCount: 0, allTopLevelKeys: Array(14)} @ https://out-run-6kaq1gnpv-davids-projects-0d6e1f97.vercel.app/_next/static/chunks/5677-ee8c386e1a9c5532.js:0
[   86554ms] [LOG] [VisualContentService] docToContent "pCI5NHXpowu2ySucqDn8_12": {hasVideoVariantsField: true, hasVariantsField: false, rawType: array[0], parsedVariantsCount: 0, allTopLevelKeys: Array(14)} @ https://out-run-6kaq1gnpv-davids-projects-0d6e1f97.vercel.app/_next/static/chunks/5677-ee8c386e1a9c5532.js:0
[   86631ms] [LOG] [VisualContentService] docToContent "pCI5NHXpowu2ySucqDn8_13": {hasVideoVariantsField: true, hasVariantsField: false, rawType: array[0], parsedVariantsCount: 0, allTopLevelKeys: Array(14)} @ https://out-run-6kaq1gnpv-davids-projects-0d6e1f97.vercel.app/_next/static/chunks/5677-ee8c386e1a9c5532.js:0
[   86670ms] [LOG] [VisualContentService] docToContent "pCI5NHXpowu2ySucqDn8_9": {hasVideoVariantsField: true, hasVariantsField: false, rawType: array[0], parsedVariantsCount: 0, allTopLevelKeys: Array(14)} @ https://out-run-6kaq1gnpv-davids-projects-0d6e1f97.vercel.app/_next/static/chunks/5677-ee8c386e1a9c5532.js:0
[   86671ms] [LOG] [VisualContentService] docToContent "pCI5NHXpowu2ySucqDn8_10": {hasVideoVariantsField: true, hasVariantsField: false, rawType: array[0], parsedVariantsCount: 0, allTopLevelKeys: Array(14)} @ https://out-run-6kaq1gnpv-davids-projects-0d6e1f97.vercel.app/_next/static/chunks/5677-ee8c386e1a9c5532.js:0
[   86709ms] [LOG] [VisualContentService] docToContent "pCI5NHXpowu2ySucqDn8_11": {hasVideoVariantsField: true, hasVariantsField: false, rawType: array[0], parsedVariantsCount: 0, allTopLevelKeys: Array(14)} @ https://out-run-6kaq1gnpv-davids-projects-0d6e1f97.vercel.app/_next/static/chunks/5677-ee8c386e1a9c5532.js:0
[   86771ms] [LOG] [VisualContentService] docToContent "pCI5NHXpowu2ySucqDn8_12": {hasVideoVariantsField: true, hasVariantsField: false, rawType: array[0], parsedVariantsCount: 0, allTopLevelKeys: Array(14)} @ https://out-run-6kaq1gnpv-davids-projects-0d6e1f97.vercel.app/_next/static/chunks/5677-ee8c386e1a9c5532.js:0
[   86787ms] [LOG] [VisualContentService] docToContent "pCI5NHXpowu2ySucqDn8_8": {hasVideoVariantsField: true, hasVariantsField: false, rawType: array[0], parsedVariantsCount: 0, allTopLevelKeys: Array(14)} @ https://out-run-6kaq1gnpv-davids-projects-0d6e1f97.vercel.app/_next/static/chunks/5677-ee8c386e1a9c5532.js:0
[   86788ms] [LOG] [VisualContentService] docToContent "pCI5NHXpowu2ySucqDn8_9": {hasVideoVariantsField: true, hasVariantsField: false, rawType: array[0], parsedVariantsCount: 0, allTopLevelKeys: Array(14)} @ https://out-run-6kaq1gnpv-davids-projects-0d6e1f97.vercel.app/_next/static/chunks/5677-ee8c386e1a9c5532.js:0
[   86832ms] [LOG] [VisualContentService] docToContent "pCI5NHXpowu2ySucqDn8_10": {hasVideoVariantsField: true, hasVariantsField: false, rawType: array[0], parsedVariantsCount: 0, allTopLevelKeys: Array(14)} @ https://out-run-6kaq1gnpv-davids-projects-0d6e1f97.vercel.app/_next/static/chunks/5677-ee8c386e1a9c5532.js:0
[   86985ms] [LOG] [VisualContentService] docToContent "pCI5NHXpowu2ySucqDn8_11": {hasVideoVariantsField: true, hasVariantsField: false, rawType: array[0], parsedVariantsCount: 0, allTopLevelKeys: Array(14)} @ https://out-run-6kaq1gnpv-davids-projects-0d6e1f97.vercel.app/_next/static/chunks/5677-ee8c386e1a9c5532.js:0
[   86986ms] [LOG] [VisualContentService] docToContent "pCI5NHXpowu2ySucqDn8_7": {hasVideoVariantsField: true, hasVariantsField: false, rawType: array[0], parsedVariantsCount: 0, allTopLevelKeys: Array(14)} @ https://out-run-6kaq1gnpv-davids-projects-0d6e1f97.vercel.app/_next/static/chunks/5677-ee8c386e1a9c5532.js:0
[   86986ms] [LOG] [VisualContentService] docToContent "pCI5NHXpowu2ySucqDn8_8": {hasVideoVariantsField: true, hasVariantsField: false, rawType: array[0], parsedVariantsCount: 0, allTopLevelKeys: Array(14)} @ https://out-run-6kaq1gnpv-davids-projects-0d6e1f97.vercel.app/_next/static/chunks/5677-ee8c386e1a9c5532.js:0
[   86986ms] [LOG] [VisualContentService] docToContent "pCI5NHXpowu2ySucqDn8_9": {hasVideoVariantsField: true, hasVariantsField: false, rawType: array[0], parsedVariantsCount: 0, allTopLevelKeys: Array(14)} @ https://out-run-6kaq1gnpv-davids-projects-0d6e1f97.vercel.app/_next/static/chunks/5677-ee8c386e1a9c5532.js:0
[   87105ms] [LOG] [VisualContentService] docToContent "pCI5NHXpowu2ySucqDn8_10": {hasVideoVariantsField: true, hasVariantsField: false, rawType: array[0], parsedVariantsCount: 0, allTopLevelKeys: Array(14)} @ https://out-run-6kaq1gnpv-davids-projects-0d6e1f97.vercel.app/_next/static/chunks/5677-ee8c386e1a9c5532.js:0
[   87160ms] [LOG] [VisualContentService] docToContent "pCI5NHXpowu2ySucqDn8_6": {hasVideoVariantsField: true, hasVariantsField: false, rawType: array[0], parsedVariantsCount: 0, allTopLevelKeys: Array(14)} @ https://out-run-6kaq1gnpv-davids-projects-0d6e1f97.vercel.app/_next/static/chunks/5677-ee8c386e1a9c5532.js:0
[   87160ms] [LOG] [VisualContentService] docToContent "pCI5NHXpowu2ySucqDn8_7": {hasVideoVariantsField: true, hasVariantsField: false, rawType: array[0], parsedVariantsCount: 0, allTopLevelKeys: Array(14)} @ https://out-run-6kaq1gnpv-davids-projects-0d6e1f97.vercel.app/_next/static/chunks/5677-ee8c386e1a9c5532.js:0
[   87160ms] [LOG] [VisualContentService] docToContent "pCI5NHXpowu2ySucqDn8_8": {hasVideoVariantsField: true, hasVariantsField: false, rawType: array[0], parsedVariantsCount: 0, allTopLevelKeys: Array(14)} @ https://out-run-6kaq1gnpv-davids-projects-0d6e1f97.vercel.app/_next/static/chunks/5677-ee8c386e1a9c5532.js:0
[   87276ms] [LOG] [VisualContentService] docToContent "pCI5NHXpowu2ySucqDn8_9": {hasVideoVariantsField: true, hasVariantsField: false, rawType: array[0], parsedVariantsCount: 0, allTopLevelKeys: Array(14)} @ https://out-run-6kaq1gnpv-davids-projects-0d6e1f97.vercel.app/_next/static/chunks/5677-ee8c386e1a9c5532.js:0
[   87324ms] [LOG] [VisualContentService] docToContent "pCI5NHXpowu2ySucqDn8_5": {hasVideoVariantsField: true, hasVariantsField: false, rawType: array[0], parsedVariantsCount: 0, allTopLevelKeys: Array(14)} @ https://out-run-6kaq1gnpv-davids-projects-0d6e1f97.vercel.app/_next/static/chunks/5677-ee8c386e1a9c5532.js:0
[   87325ms] [LOG] [VisualContentService] docToContent "pCI5NHXpowu2ySucqDn8_6": {hasVideoVariantsField: true, hasVariantsField: false, rawType: array[0], parsedVariantsCount: 0, allTopLevelKeys: Array(14)} @ https://out-run-6kaq1gnpv-davids-projects-0d6e1f97.vercel.app/_next/static/chunks/5677-ee8c386e1a9c5532.js:0
[   87340ms] [LOG] [VisualContentService] docToContent "pCI5NHXpowu2ySucqDn8_7": {hasVideoVariantsField: true, hasVariantsField: false, rawType: array[0], parsedVariantsCount: 0, allTopLevelKeys: Array(14)} @ https://out-run-6kaq1gnpv-davids-projects-0d6e1f97.vercel.app/_next/static/chunks/5677-ee8c386e1a9c5532.js:0
[   87406ms] [LOG] [VisualContentService] docToContent "pCI5NHXpowu2ySucqDn8_8": {hasVideoVariantsField: true, hasVariantsField: false, rawType: array[0], parsedVariantsCount: 0, allTopLevelKeys: Array(14)} @ https://out-run-6kaq1gnpv-davids-projects-0d6e1f97.vercel.app/_next/static/chunks/5677-ee8c386e1a9c5532.js:0
[   87454ms] [LOG] [VisualContentService] docToContent "pCI5NHXpowu2ySucqDn8_4": {hasVideoVariantsField: true, hasVariantsField: false, rawType: array[0], parsedVariantsCount: 0, allTopLevelKeys: Array(14)} @ https://out-run-6kaq1gnpv-davids-projects-0d6e1f97.vercel.app/_next/static/chunks/5677-ee8c386e1a9c5532.js:0
[   87454ms] [LOG] [VisualContentService] docToContent "pCI5NHXpowu2ySucqDn8_5": {hasVideoVariantsField: true, hasVariantsField: false, rawType: array[0], parsedVariantsCount: 0, allTopLevelKeys: Array(14)} @ https://out-run-6kaq1gnpv-davids-projects-0d6e1f97.vercel.app/_next/static/chunks/5677-ee8c386e1a9c5532.js:0
[   87454ms] [LOG] [VisualContentService] docToContent "pCI5NHXpowu2ySucqDn8_6": {hasVideoVariantsField: true, hasVariantsField: false, rawType: array[0], parsedVariantsCount: 0, allTopLevelKeys: Array(14)} @ https://out-run-6kaq1gnpv-davids-projects-0d6e1f97.vercel.app/_next/static/chunks/5677-ee8c386e1a9c5532.js:0
[   87528ms] [LOG] [VisualContentService] docToContent "pCI5NHXpowu2ySucqDn8_7": {hasVideoVariantsField: true, hasVariantsField: false, rawType: array[0], parsedVariantsCount: 0, allTopLevelKeys: Array(14)} @ https://out-run-6kaq1gnpv-davids-projects-0d6e1f97.vercel.app/_next/static/chunks/5677-ee8c386e1a9c5532.js:0
[   87581ms] [LOG] [VisualContentService] docToContent "pCI5NHXpowu2ySucqDn8_3": {hasVideoVariantsField: true, hasVariantsField: false, rawType: array[0], parsedVariantsCount: 0, allTopLevelKeys: Array(14)} @ https://out-run-6kaq1gnpv-davids-projects-0d6e1f97.vercel.app/_next/static/chunks/5677-ee8c386e1a9c5532.js:0
[   87581ms] [LOG] [VisualContentService] docToContent "pCI5NHXpowu2ySucqDn8_4": {hasVideoVariantsField: true, hasVariantsField: false, rawType: array[0], parsedVariantsCount: 0, allTopLevelKeys: Array(14)} @ https://out-run-6kaq1gnpv-davids-projects-0d6e1f97.vercel.app/_next/static/chunks/5677-ee8c386e1a9c5532.js:0
[   87581ms] [LOG] [VisualContentService] docToContent "pCI5NHXpowu2ySucqDn8_5": {hasVideoVariantsField: true, hasVariantsField: false, rawType: array[0], parsedVariantsCount: 0, allTopLevelKeys: Array(14)} @ https://out-run-6kaq1gnpv-davids-projects-0d6e1f97.vercel.app/_next/static/chunks/5677-ee8c386e1a9c5532.js:0
[   87780ms] [LOG] [VisualContentService] docToContent "pCI5NHXpowu2ySucqDn8_6": {hasVideoVariantsField: true, hasVariantsField: false, rawType: array[0], parsedVariantsCount: 0, allTopLevelKeys: Array(14)} @ https://out-run-6kaq1gnpv-davids-projects-0d6e1f97.vercel.app/_next/static/chunks/5677-ee8c386e1a9c5532.js:0
[   87780ms] [LOG] [VisualContentService] docToContent "pCI5NHXpowu2ySucqDn8_3": {hasVideoVariantsField: true, hasVariantsField: false, rawType: array[0], parsedVariantsCount: 0, allTopLevelKeys: Array(14)} @ https://out-run-6kaq1gnpv-davids-projects-0d6e1f97.vercel.app/_next/static/chunks/5677-ee8c386e1a9c5532.js:0
[   87780ms] [LOG] [VisualContentService] docToContent "pCI5NHXpowu2ySucqDn8_4": {hasVideoVariantsField: true, hasVariantsField: false, rawType: array[0], parsedVariantsCount: 0, allTopLevelKeys: Array(14)} @ https://out-run-6kaq1gnpv-davids-projects-0d6e1f97.vercel.app/_next/static/chunks/5677-ee8c386e1a9c5532.js:0
[   87782ms] [LOG] [VisualContentService] docToContent "pCI5NHXpowu2ySucqDn8_2": {hasVideoVariantsField: true, hasVariantsField: false, rawType: array[0], parsedVariantsCount: 0, allTopLevelKeys: Array(14)} @ https://out-run-6kaq1gnpv-davids-projects-0d6e1f97.vercel.app/_next/static/chunks/5677-ee8c386e1a9c5532.js:0
[   87785ms] [LOG] [VisualContentService] docToContent "pCI5NHXpowu2ySucqDn8_2": {hasVideoVariantsField: true, hasVariantsField: false, rawType: array[0], parsedVariantsCount: 0, allTopLevelKeys: Array(14)} @ https://out-run-6kaq1gnpv-davids-projects-0d6e1f97.vercel.app/_next/static/chunks/5677-ee8c386e1a9c5532.js:0
[   87939ms] [LOG] [VisualContentService] docToContent "pCI5NHXpowu2ySucqDn8_5": {hasVideoVariantsField: true, hasVariantsField: false, rawType: array[0], parsedVariantsCount: 0, allTopLevelKeys: Array(14)} @ https://out-run-6kaq1gnpv-davids-projects-0d6e1f97.vercel.app/_next/static/chunks/5677-ee8c386e1a9c5532.js:0
[   87939ms] [LOG] [VisualContentService] docToContent "pCI5NHXpowu2ySucqDn8_3": {hasVideoVariantsField: true, hasVariantsField: false, rawType: array[0], parsedVariantsCount: 0, allTopLevelKeys: Array(14)} @ https://out-run-6kaq1gnpv-davids-projects-0d6e1f97.vercel.app/_next/static/chunks/5677-ee8c386e1a9c5532.js:0
[   87940ms] [LOG] [VisualContentService] docToContent "pCI5NHXpowu2ySucqDn8_1": {hasVideoVariantsField: true, hasVariantsField: false, rawType: array[0], parsedVariantsCount: 0, allTopLevelKeys: Array(14)} @ https://out-run-6kaq1gnpv-davids-projects-0d6e1f97.vercel.app/_next/static/chunks/5677-ee8c386e1a9c5532.js:0
[   87940ms] [LOG] [VisualContentService] docToContent "pCI5NHXpowu2ySucqDn8_1": {hasVideoVariantsField: true, hasVariantsField: false, rawType: array[0], parsedVariantsCount: 0, allTopLevelKeys: Array(14)} @ https://out-run-6kaq1gnpv-davids-projects-0d6e1f97.vercel.app/_next/static/chunks/5677-ee8c386e1a9c5532.js:0
[   88105ms] [LOG] [VisualContentService] docToContent "pCI5NHXpowu2ySucqDn8_4": {hasVideoVariantsField: true, hasVariantsField: false, rawType: array[0], parsedVariantsCount: 0, allTopLevelKeys: Array(14)} @ https://out-run-6kaq1gnpv-davids-projects-0d6e1f97.vercel.app/_next/static/chunks/5677-ee8c386e1a9c5532.js:0
[   88105ms] [LOG] [VisualContentService] docToContent "pCI5NHXpowu2ySucqDn8_2": {hasVideoVariantsField: true, hasVariantsField: false, rawType: array[0], parsedVariantsCount: 0, allTopLevelKeys: Array(14)} @ https://out-run-6kaq1gnpv-davids-projects-0d6e1f97.vercel.app/_next/static/chunks/5677-ee8c386e1a9c5532.js:0
[   88298ms] [LOG] [VisualContentService] docToContent "pCI5NHXpowu2ySucqDn8_3": {hasVideoVariantsField: true, hasVariantsField: false, rawType: array[0], parsedVariantsCount: 0, allTopLevelKeys: Array(14)} @ https://out-run-6kaq1gnpv-davids-projects-0d6e1f97.vercel.app/_next/static/chunks/5677-ee8c386e1a9c5532.js:0
[   88299ms] [LOG] [VisualContentService] docToContent "pCI5NHXpowu2ySucqDn8_1": {hasVideoVariantsField: true, hasVariantsField: false, rawType: array[0], parsedVariantsCount: 0, allTopLevelKeys: Array(14)} @ https://out-run-6kaq1gnpv-davids-projects-0d6e1f97.vercel.app/_next/static/chunks/5677-ee8c386e1a9c5532.js:0
[   88839ms] [LOG] [VisualContentService] docToContent "pCI5NHXpowu2ySucqDn8_2": {hasVideoVariantsField: true, hasVariantsField: false, rawType: array[0], parsedVariantsCount: 0, allTopLevelKeys: Array(14)} @ https://out-run-6kaq1gnpv-davids-projects-0d6e1f97.vercel.app/_next/static/chunks/5677-ee8c386e1a9c5532.js:0
[   88987ms] [LOG] [VisualContentService] docToContent "pCI5NHXpowu2ySucqDn8_1": {hasVideoVariantsField: true, hasVariantsField: false, rawType: array[0], parsedVariantsCount: 0, allTopLevelKeys: Array(14)} @ https://out-run-6kaq1gnpv-davids-projects-0d6e1f97.vercel.app/_next/static/chunks/5677-ee8c386e1a9c5532.js:0
[  107773ms] [LOG] [DEBUG-RESOLVER] resolveContent("planche", 5) → programId="pCI5NHXpowu2ySucqDn8" @ https://out-run-6kaq1gnpv-davids-projects-0d6e1f97.vercel.app/_next/static/chunks/5677-ee8c386e1a9c5532.js:0
[  107773ms] [LOG] [DEBUG-RESOLVER] resolveContent("planche", 4) → programId="pCI5NHXpowu2ySucqDn8" @ https://out-run-6kaq1gnpv-davids-projects-0d6e1f97.vercel.app/_next/static/chunks/5677-ee8c386e1a9c5532.js:0
[  107774ms] [LOG] [DEBUG-RESOLVER] resolveContent("planche", 6) → programId="pCI5NHXpowu2ySucqDn8" @ https://out-run-6kaq1gnpv-davids-projects-0d6e1f97.vercel.app/_next/static/chunks/5677-ee8c386e1a9c5532.js:0
[  107774ms] [LOG] [DEBUG-RESOLVER] resolveContent("planche", 6) → programId="pCI5NHXpowu2ySucqDn8" @ https://out-run-6kaq1gnpv-davids-projects-0d6e1f97.vercel.app/_next/static/chunks/5677-ee8c386e1a9c5532.js:0
[  107931ms] [LOG] [VisualContentService] docToContent "pCI5NHXpowu2ySucqDn8_4": {hasVideoVariantsField: true, hasVariantsField: false, rawType: array[0], parsedVariantsCount: 0, allTopLevelKeys: Array(14)} @ https://out-run-6kaq1gnpv-davids-projects-0d6e1f97.vercel.app/_next/static/chunks/5677-ee8c386e1a9c5532.js:0
[  107931ms] [LOG] [DEBUG-RESOLVER] attempt1 getVisualContentItem("pCI5NHXpowu2ySucqDn8", 4) → FOUND @ https://out-run-6kaq1gnpv-davids-projects-0d6e1f97.vercel.app/_next/static/chunks/5677-ee8c386e1a9c5532.js:0
[  107982ms] [LOG] [VisualContentService] docToContent "pCI5NHXpowu2ySucqDn8_6": {hasVideoVariantsField: true, hasVariantsField: false, rawType: array[0], parsedVariantsCount: 0, allTopLevelKeys: Array(14)} @ https://out-run-6kaq1gnpv-davids-projects-0d6e1f97.vercel.app/_next/static/chunks/5677-ee8c386e1a9c5532.js:0
[  107982ms] [LOG] [DEBUG-RESOLVER] attempt1 getVisualContentItem("pCI5NHXpowu2ySucqDn8", 6) → FOUND @ https://out-run-6kaq1gnpv-davids-projects-0d6e1f97.vercel.app/_next/static/chunks/5677-ee8c386e1a9c5532.js:0
[  107982ms] [LOG] [VisualContentService] docToContent "pCI5NHXpowu2ySucqDn8_6": {hasVideoVariantsField: true, hasVariantsField: false, rawType: array[0], parsedVariantsCount: 0, allTopLevelKeys: Array(14)} @ https://out-run-6kaq1gnpv-davids-projects-0d6e1f97.vercel.app/_next/static/chunks/5677-ee8c386e1a9c5532.js:0
[  107982ms] [LOG] [DEBUG-RESOLVER] attempt1 getVisualContentItem("pCI5NHXpowu2ySucqDn8", 6) → FOUND @ https://out-run-6kaq1gnpv-davids-projects-0d6e1f97.vercel.app/_next/static/chunks/5677-ee8c386e1a9c5532.js:0
[  108050ms] [LOG] [ContentResolver] Level 4 — exercise video resolved: "עמידת פייק גובה ברך" → https://vz-b17872ab-7a7.b-cdn.net/6579bf6b-6527-4637-b9bc-03… @ https://out-run-6kaq1gnpv-davids-projects-0d6e1f97.vercel.app/_next/static/chunks/5677-ee8c386e1a9c5532.js:0
[  108127ms] [LOG] [ContentResolver] Level 6 — exercise video resolved: "פלאנץ׳ בטאק בעזרת גומייה דקה" → https://vz-b17872ab-7a7.b-cdn.net/a4c64ee4-9fd0-4765-93e0-45… @ https://out-run-6kaq1gnpv-davids-projects-0d6e1f97.vercel.app/_next/static/chunks/5677-ee8c386e1a9c5532.js:0
[  108127ms] [LOG] [ContentResolver] Level 6 — exercise video resolved: "פלאנץ׳ בטאק בעזרת גומייה דקה" → https://vz-b17872ab-7a7.b-cdn.net/a4c64ee4-9fd0-4765-93e0-45… @ https://out-run-6kaq1gnpv-davids-projects-0d6e1f97.vercel.app/_next/static/chunks/5677-ee8c386e1a9c5532.js:0
[  119871ms] [LOG] [DEBUG-RESOLVER] Incoming Category: muscle_up Resolved Candidate IDs: [muscle_up, fTLWzjP9gH2VNpamyCZF] @ https://out-run-6kaq1gnpv-davids-projects-0d6e1f97.vercel.app/_next/static/chunks/5677-ee8c386e1a9c5532.js:0
[  120011ms] [LOG] [DEBUG-FIRESTORE] Querying IDs: [muscle_up, fTLWzjP9gH2VNpamyCZF] Snapshot size returned: 0 @ https://out-run-6kaq1gnpv-davids-projects-0d6e1f97.vercel.app/_next/static/chunks/5677-ee8c386e1a9c5532.js:0
[  120011ms] [LOG] [DEBUG-FIRESTORE] showInOnboarding=true levels: [] (0 total) @ https://out-run-6kaq1gnpv-davids-projects-0d6e1f97.vercel.app/_next/static/chunks/5677-ee8c386e1a9c5532.js:0
[  120011ms] [LOG] [DEBUG-RESOLVER] Final onboarding levels for "muscle_up": [] (0 total) @ https://out-run-6kaq1gnpv-davids-projects-0d6e1f97.vercel.app/_next/static/chunks/5677-ee8c386e1a9c5532.js:0
[  120014ms] [LOG] [DEBUG-RESOLVER] resolveContent("muscle_up", 1) → programId="fTLWzjP9gH2VNpamyCZF" @ https://out-run-6kaq1gnpv-davids-projects-0d6e1f97.vercel.app/_next/static/chunks/5677-ee8c386e1a9c5532.js:0
[  120014ms] [LOG] [DEBUG-RESOLVER] resolveContent("muscle_up", 2) → programId="fTLWzjP9gH2VNpamyCZF" @ https://out-run-6kaq1gnpv-davids-projects-0d6e1f97.vercel.app/_next/static/chunks/5677-ee8c386e1a9c5532.js:0
[  120014ms] [LOG] [DEBUG-RESOLVER] resolveContent("muscle_up", 2) → programId="fTLWzjP9gH2VNpamyCZF" @ https://out-run-6kaq1gnpv-davids-projects-0d6e1f97.vercel.app/_next/static/chunks/5677-ee8c386e1a9c5532.js:0
[  120171ms] [LOG] [DEBUG-RESOLVER] attempt1 getVisualContentItem("fTLWzjP9gH2VNpamyCZF", 2) → null @ https://out-run-6kaq1gnpv-davids-projects-0d6e1f97.vercel.app/_next/static/chunks/5677-ee8c386e1a9c5532.js:0
[  120171ms] [LOG] [DEBUG-RESOLVER] attempt1 getVisualContentItem("fTLWzjP9gH2VNpamyCZF", 2) → null @ https://out-run-6kaq1gnpv-davids-projects-0d6e1f97.vercel.app/_next/static/chunks/5677-ee8c386e1a9c5532.js:0
[  120311ms] [LOG] [DEBUG-RESOLVER] attempt2 getVisualContentItem("muscle_up", 2) → null @ https://out-run-6kaq1gnpv-davids-projects-0d6e1f97.vercel.app/_next/static/chunks/5677-ee8c386e1a9c5532.js:0
[  120311ms] [LOG] [DEBUG-RESOLVER] attempt2 getVisualContentItem("muscle_up", 2) → null @ https://out-run-6kaq1gnpv-davids-projects-0d6e1f97.vercel.app/_next/static/chunks/5677-ee8c386e1a9c5532.js:0
[  128971ms] [LOG] [DEBUG-RESOLVER] Incoming Category: hspu Resolved Candidate IDs: [hspu] @ https://out-run-6kaq1gnpv-davids-projects-0d6e1f97.vercel.app/_next/static/chunks/5677-ee8c386e1a9c5532.js:0
[  129218ms] [LOG] [DEBUG-FIRESTORE] Querying IDs: [hspu] Snapshot size returned: 0 @ https://out-run-6kaq1gnpv-davids-projects-0d6e1f97.vercel.app/_next/static/chunks/5677-ee8c386e1a9c5532.js:0
[  129219ms] [LOG] [DEBUG-FIRESTORE] showInOnboarding=true levels: [] (0 total) @ https://out-run-6kaq1gnpv-davids-projects-0d6e1f97.vercel.app/_next/static/chunks/5677-ee8c386e1a9c5532.js:0
[  129219ms] [LOG] [DEBUG-RESOLVER] Final onboarding levels for "hspu": [] (0 total) @ https://out-run-6kaq1gnpv-davids-projects-0d6e1f97.vercel.app/_next/static/chunks/5677-ee8c386e1a9c5532.js:0
[  129223ms] [LOG] [DEBUG-RESOLVER] resolveContent("hspu", 1) → programId="hspu" @ https://out-run-6kaq1gnpv-davids-projects-0d6e1f97.vercel.app/_next/static/chunks/5677-ee8c386e1a9c5532.js:0
[  129223ms] [LOG] [DEBUG-RESOLVER] resolveContent("hspu", 2) → programId="hspu" @ https://out-run-6kaq1gnpv-davids-projects-0d6e1f97.vercel.app/_next/static/chunks/5677-ee8c386e1a9c5532.js:0
[  129223ms] [LOG] [DEBUG-RESOLVER] resolveContent("hspu", 2) → programId="hspu" @ https://out-run-6kaq1gnpv-davids-projects-0d6e1f97.vercel.app/_next/static/chunks/5677-ee8c386e1a9c5532.js:0
[  129338ms] [LOG] [DEBUG-RESOLVER] attempt1 getVisualContentItem("hspu", 2) → null @ https://out-run-6kaq1gnpv-davids-projects-0d6e1f97.vercel.app/_next/static/chunks/5677-ee8c386e1a9c5532.js:0
[  129339ms] [LOG] [DEBUG-RESOLVER] attempt1 getVisualContentItem("hspu", 2) → null @ https://out-run-6kaq1gnpv-davids-projects-0d6e1f97.vercel.app/_next/static/chunks/5677-ee8c386e1a9c5532.js:0
[  141654ms] [LOG] [DEBUG-RESOLVER] Incoming Category: legs Resolved Candidate IDs: [legs, OrAmOH3F375dVio5yGdU] @ https://out-run-6kaq1gnpv-davids-projects-0d6e1f97.vercel.app/_next/static/chunks/5677-ee8c386e1a9c5532.js:0
[  141795ms] [LOG] [DEBUG-FIRESTORE] Querying IDs: [legs, OrAmOH3F375dVio5yGdU] Snapshot size returned: 15 @ https://out-run-6kaq1gnpv-davids-projects-0d6e1f97.vercel.app/_next/static/chunks/5677-ee8c386e1a9c5532.js:0
[  141795ms] [LOG] [DEBUG-FIRESTORE] showInOnboarding=true levels: [1, 3, 6, 8, 10, 12] (6 total) @ https://out-run-6kaq1gnpv-davids-projects-0d6e1f97.vercel.app/_next/static/chunks/5677-ee8c386e1a9c5532.js:0
[  141795ms] [LOG] [DEBUG-RESOLVER] Final onboarding levels for "legs": [1, 3, 6, 8, 10, 12] (6 total) @ https://out-run-6kaq1gnpv-davids-projects-0d6e1f97.vercel.app/_next/static/chunks/5677-ee8c386e1a9c5532.js:0
[  141796ms] [LOG] [DEBUG-RESOLVER] resolveContent("legs", 1) → programId="OrAmOH3F375dVio5yGdU" @ https://out-run-6kaq1gnpv-davids-projects-0d6e1f97.vercel.app/_next/static/chunks/5677-ee8c386e1a9c5532.js:0
[  141796ms] [LOG] [DEBUG-RESOLVER] resolveContent("legs", 3) → programId="OrAmOH3F375dVio5yGdU" @ https://out-run-6kaq1gnpv-davids-projects-0d6e1f97.vercel.app/_next/static/chunks/5677-ee8c386e1a9c5532.js:0
[  141796ms] [LOG] [DEBUG-RESOLVER] resolveContent("legs", 6) → programId="OrAmOH3F375dVio5yGdU" @ https://out-run-6kaq1gnpv-davids-projects-0d6e1f97.vercel.app/_next/static/chunks/5677-ee8c386e1a9c5532.js:0
[  141797ms] [LOG] [DEBUG-RESOLVER] resolveContent("legs", 8) → programId="OrAmOH3F375dVio5yGdU" @ https://out-run-6kaq1gnpv-davids-projects-0d6e1f97.vercel.app/_next/static/chunks/5677-ee8c386e1a9c5532.js:0
[  141797ms] [LOG] [DEBUG-RESOLVER] resolveContent("legs", 10) → programId="OrAmOH3F375dVio5yGdU" @ https://out-run-6kaq1gnpv-davids-projects-0d6e1f97.vercel.app/_next/static/chunks/5677-ee8c386e1a9c5532.js:0
[  141797ms] [LOG] [DEBUG-RESOLVER] resolveContent("legs", 12) → programId="OrAmOH3F375dVio5yGdU" @ https://out-run-6kaq1gnpv-davids-projects-0d6e1f97.vercel.app/_next/static/chunks/5677-ee8c386e1a9c5532.js:0
[  141797ms] [LOG] [DEBUG-RESOLVER] resolveContent("legs", 1) → programId="OrAmOH3F375dVio5yGdU" @ https://out-run-6kaq1gnpv-davids-projects-0d6e1f97.vercel.app/_next/static/chunks/5677-ee8c386e1a9c5532.js:0
[  141797ms] [LOG] [DEBUG-RESOLVER] resolveContent("legs", 2) → programId="OrAmOH3F375dVio5yGdU" @ https://out-run-6kaq1gnpv-davids-projects-0d6e1f97.vercel.app/_next/static/chunks/5677-ee8c386e1a9c5532.js:0
[  141797ms] [LOG] [DEBUG-RESOLVER] resolveContent("legs", 2) → programId="OrAmOH3F375dVio5yGdU" @ https://out-run-6kaq1gnpv-davids-projects-0d6e1f97.vercel.app/_next/static/chunks/5677-ee8c386e1a9c5532.js:0
[  141984ms] [LOG] [VisualContentService] docToContent "OrAmOH3F375dVio5yGdU_6": {hasVideoVariantsField: true, hasVariantsField: false, rawType: array[0], parsedVariantsCount: 0, allTopLevelKeys: Array(14)} @ https://out-run-6kaq1gnpv-davids-projects-0d6e1f97.vercel.app/_next/static/chunks/5677-ee8c386e1a9c5532.js:0
[  141984ms] [LOG] [DEBUG-RESOLVER] attempt1 getVisualContentItem("OrAmOH3F375dVio5yGdU", 6) → FOUND @ https://out-run-6kaq1gnpv-davids-projects-0d6e1f97.vercel.app/_next/static/chunks/5677-ee8c386e1a9c5532.js:0
[  141984ms] [LOG] [VisualContentService] docToContent "OrAmOH3F375dVio5yGdU_8": {hasVideoVariantsField: true, hasVariantsField: false, rawType: array[0], parsedVariantsCount: 0, allTopLevelKeys: Array(14)} @ https://out-run-6kaq1gnpv-davids-projects-0d6e1f97.vercel.app/_next/static/chunks/5677-ee8c386e1a9c5532.js:0
[  141984ms] [LOG] [DEBUG-RESOLVER] attempt1 getVisualContentItem("OrAmOH3F375dVio5yGdU", 8) → FOUND @ https://out-run-6kaq1gnpv-davids-projects-0d6e1f97.vercel.app/_next/static/chunks/5677-ee8c386e1a9c5532.js:0
[  141984ms] [LOG] [VisualContentService] docToContent "OrAmOH3F375dVio5yGdU_10": {hasVideoVariantsField: true, hasVariantsField: false, rawType: array[0], parsedVariantsCount: 0, allTopLevelKeys: Array(14)} @ https://out-run-6kaq1gnpv-davids-projects-0d6e1f97.vercel.app/_next/static/chunks/5677-ee8c386e1a9c5532.js:0
[  141984ms] [LOG] [DEBUG-RESOLVER] attempt1 getVisualContentItem("OrAmOH3F375dVio5yGdU", 10) → FOUND @ https://out-run-6kaq1gnpv-davids-projects-0d6e1f97.vercel.app/_next/static/chunks/5677-ee8c386e1a9c5532.js:0
[  141984ms] [LOG] [VisualContentService] docToContent "OrAmOH3F375dVio5yGdU_12": {hasVideoVariantsField: true, hasVariantsField: false, rawType: array[0], parsedVariantsCount: 0, allTopLevelKeys: Array(14)} @ https://out-run-6kaq1gnpv-davids-projects-0d6e1f97.vercel.app/_next/static/chunks/5677-ee8c386e1a9c5532.js:0
[  141984ms] [LOG] [DEBUG-RESOLVER] attempt1 getVisualContentItem("OrAmOH3F375dVio5yGdU", 12) → FOUND @ https://out-run-6kaq1gnpv-davids-projects-0d6e1f97.vercel.app/_next/static/chunks/5677-ee8c386e1a9c5532.js:0
[  141984ms] [LOG] [VisualContentService] docToContent "OrAmOH3F375dVio5yGdU_2": {hasVideoVariantsField: true, hasVariantsField: false, rawType: array[0], parsedVariantsCount: 0, allTopLevelKeys: Array(12)} @ https://out-run-6kaq1gnpv-davids-projects-0d6e1f97.vercel.app/_next/static/chunks/5677-ee8c386e1a9c5532.js:0
[  141984ms] [LOG] [DEBUG-RESOLVER] attempt1 getVisualContentItem("OrAmOH3F375dVio5yGdU", 2) → FOUND @ https://out-run-6kaq1gnpv-davids-projects-0d6e1f97.vercel.app/_next/static/chunks/5677-ee8c386e1a9c5532.js:0
[  141984ms] [LOG] [VisualContentService] docToContent "OrAmOH3F375dVio5yGdU_2": {hasVideoVariantsField: true, hasVariantsField: false, rawType: array[0], parsedVariantsCount: 0, allTopLevelKeys: Array(12)} @ https://out-run-6kaq1gnpv-davids-projects-0d6e1f97.vercel.app/_next/static/chunks/5677-ee8c386e1a9c5532.js:0
[  141984ms] [LOG] [DEBUG-RESOLVER] attempt1 getVisualContentItem("OrAmOH3F375dVio5yGdU", 2) → FOUND @ https://out-run-6kaq1gnpv-davids-projects-0d6e1f97.vercel.app/_next/static/chunks/5677-ee8c386e1a9c5532.js:0
[  142174ms] [LOG] [ContentResolver] Level 6 — exercise video resolved: "פיסטול סקוואט טווח חלקי (להגבהה)" → https://vz-b17872ab-7a7.b-cdn.net/de775009-ca63-44c7-b2ab-fa… @ https://out-run-6kaq1gnpv-davids-projects-0d6e1f97.vercel.app/_next/static/chunks/5677-ee8c386e1a9c5532.js:0
[  142175ms] [LOG] [ContentResolver] Level 8 — exercise video resolved: "סקוואט קשתים" → https://vz-b17872ab-7a7.b-cdn.net/65426bb8-991f-450e-b85a-22… @ https://out-run-6kaq1gnpv-davids-projects-0d6e1f97.vercel.app/_next/static/chunks/5677-ee8c386e1a9c5532.js:0
[  142175ms] [LOG] [ContentResolver] Level 10 — exercise video resolved: "פיסטול סקוואט" → https://vz-b17872ab-7a7.b-cdn.net/c51ca5b7-c182-4fec-9dbe-d5… @ https://out-run-6kaq1gnpv-davids-projects-0d6e1f97.vercel.app/_next/static/chunks/5677-ee8c386e1a9c5532.js:0
[  142175ms] [LOG] [ContentResolver] Level 12 — exercise video resolved: "דרגון סקוואט" → https://vz-b17872ab-7a7.b-cdn.net/1b85355d-ea49-485c-8103-c5… @ https://out-run-6kaq1gnpv-davids-projects-0d6e1f97.vercel.app/_next/static/chunks/5677-ee8c386e1a9c5532.js:0
[  142175ms] [LOG] [ContentResolver] Level 2 — exercise video resolved: "היפ טראסט רגל אחת" → https://vz-b17872ab-7a7.b-cdn.net/cf09b02d-edd1-434e-8be6-36… @ https://out-run-6kaq1gnpv-davids-projects-0d6e1f97.vercel.app/_next/static/chunks/5677-ee8c386e1a9c5532.js:0
[  142175ms] [LOG] [ContentResolver] Level 2 — exercise video resolved: "היפ טראסט רגל אחת" → https://vz-b17872ab-7a7.b-cdn.net/cf09b02d-edd1-434e-8be6-36… @ https://out-run-6kaq1gnpv-davids-projects-0d6e1f97.vercel.app/_next/static/chunks/5677-ee8c386e1a9c5532.js:0
[  347339ms] [LOG] [DEBUG-RESOLVER] Incoming Category: core Resolved Candidate IDs: [core, kDMpobbKsuVTByTIKUpe] @ https://out-run-6kaq1gnpv-davids-projects-0d6e1f97.vercel.app/_next/static/chunks/5677-ee8c386e1a9c5532.js:0
[  347489ms] [LOG] [DEBUG-FIRESTORE] Querying IDs: [core, kDMpobbKsuVTByTIKUpe] Snapshot size returned: 20 @ https://out-run-6kaq1gnpv-davids-projects-0d6e1f97.vercel.app/_next/static/chunks/5677-ee8c386e1a9c5532.js:0
[  347489ms] [LOG] [DEBUG-FIRESTORE] showInOnboarding=true levels: [1, 3, 5, 7, 8, 10, 11, 14] (8 total) @ https://out-run-6kaq1gnpv-davids-projects-0d6e1f97.vercel.app/_next/static/chunks/5677-ee8c386e1a9c5532.js:0
[  347489ms] [LOG] [DEBUG-RESOLVER] Final onboarding levels for "core": [1, 3, 5, 7, 8, 10, 11, 14] (8 total) @ https://out-run-6kaq1gnpv-davids-projects-0d6e1f97.vercel.app/_next/static/chunks/5677-ee8c386e1a9c5532.js:0
[  347491ms] [LOG] [DEBUG-RESOLVER] resolveContent("core", 1) → programId="kDMpobbKsuVTByTIKUpe" @ https://out-run-6kaq1gnpv-davids-projects-0d6e1f97.vercel.app/_next/static/chunks/5677-ee8c386e1a9c5532.js:0
[  347491ms] [LOG] [DEBUG-RESOLVER] resolveContent("core", 3) → programId="kDMpobbKsuVTByTIKUpe" @ https://out-run-6kaq1gnpv-davids-projects-0d6e1f97.vercel.app/_next/static/chunks/5677-ee8c386e1a9c5532.js:0
[  347491ms] [LOG] [DEBUG-RESOLVER] resolveContent("core", 5) → programId="kDMpobbKsuVTByTIKUpe" @ https://out-run-6kaq1gnpv-davids-projects-0d6e1f97.vercel.app/_next/static/chunks/5677-ee8c386e1a9c5532.js:0
[  347491ms] [LOG] [DEBUG-RESOLVER] resolveContent("core", 7) → programId="kDMpobbKsuVTByTIKUpe" @ https://out-run-6kaq1gnpv-davids-projects-0d6e1f97.vercel.app/_next/static/chunks/5677-ee8c386e1a9c5532.js:0
[  347491ms] [LOG] [DEBUG-RESOLVER] resolveContent("core", 8) → programId="kDMpobbKsuVTByTIKUpe" @ https://out-run-6kaq1gnpv-davids-projects-0d6e1f97.vercel.app/_next/static/chunks/5677-ee8c386e1a9c5532.js:0
[  347491ms] [LOG] [DEBUG-RESOLVER] resolveContent("core", 10) → programId="kDMpobbKsuVTByTIKUpe" @ https://out-run-6kaq1gnpv-davids-projects-0d6e1f97.vercel.app/_next/static/chunks/5677-ee8c386e1a9c5532.js:0
[  347491ms] [LOG] [DEBUG-RESOLVER] resolveContent("core", 11) → programId="kDMpobbKsuVTByTIKUpe" @ https://out-run-6kaq1gnpv-davids-projects-0d6e1f97.vercel.app/_next/static/chunks/5677-ee8c386e1a9c5532.js:0
[  347491ms] [LOG] [DEBUG-RESOLVER] resolveContent("core", 14) → programId="kDMpobbKsuVTByTIKUpe" @ https://out-run-6kaq1gnpv-davids-projects-0d6e1f97.vercel.app/_next/static/chunks/5677-ee8c386e1a9c5532.js:0
[  347491ms] [LOG] [DEBUG-RESOLVER] resolveContent("core", 1) → programId="kDMpobbKsuVTByTIKUpe" @ https://out-run-6kaq1gnpv-davids-projects-0d6e1f97.vercel.app/_next/static/chunks/5677-ee8c386e1a9c5532.js:0
[  347645ms] [LOG] [VisualContentService] docToContent "kDMpobbKsuVTByTIKUpe_1": {hasVideoVariantsField: true, hasVariantsField: false, rawType: array[0], parsedVariantsCount: 0, allTopLevelKeys: Array(14)} @ https://out-run-6kaq1gnpv-davids-projects-0d6e1f97.vercel.app/_next/static/chunks/5677-ee8c386e1a9c5532.js:0
[  347646ms] [LOG] [DEBUG-RESOLVER] attempt1 getVisualContentItem("kDMpobbKsuVTByTIKUpe", 1) → FOUND @ https://out-run-6kaq1gnpv-davids-projects-0d6e1f97.vercel.app/_next/static/chunks/5677-ee8c386e1a9c5532.js:0
[  347646ms] [LOG] [VisualContentService] docToContent "kDMpobbKsuVTByTIKUpe_1": {hasVideoVariantsField: true, hasVariantsField: false, rawType: array[0], parsedVariantsCount: 0, allTopLevelKeys: Array(14)} @ https://out-run-6kaq1gnpv-davids-projects-0d6e1f97.vercel.app/_next/static/chunks/5677-ee8c386e1a9c5532.js:0
[  347646ms] [LOG] [DEBUG-RESOLVER] attempt1 getVisualContentItem("kDMpobbKsuVTByTIKUpe", 1) → FOUND @ https://out-run-6kaq1gnpv-davids-projects-0d6e1f97.vercel.app/_next/static/chunks/5677-ee8c386e1a9c5532.js:0
[  347646ms] [LOG] [VisualContentService] docToContent "kDMpobbKsuVTByTIKUpe_3": {hasVideoVariantsField: true, hasVariantsField: false, rawType: array[0], parsedVariantsCount: 0, allTopLevelKeys: Array(14)} @ https://out-run-6kaq1gnpv-davids-projects-0d6e1f97.vercel.app/_next/static/chunks/5677-ee8c386e1a9c5532.js:0
[  347646ms] [LOG] [DEBUG-RESOLVER] attempt1 getVisualContentItem("kDMpobbKsuVTByTIKUpe", 3) → FOUND @ https://out-run-6kaq1gnpv-davids-projects-0d6e1f97.vercel.app/_next/static/chunks/5677-ee8c386e1a9c5532.js:0
[  347646ms] [LOG] [VisualContentService] docToContent "kDMpobbKsuVTByTIKUpe_5": {hasVideoVariantsField: true, hasVariantsField: false, rawType: array[0], parsedVariantsCount: 0, allTopLevelKeys: Array(14)} @ https://out-run-6kaq1gnpv-davids-projects-0d6e1f97.vercel.app/_next/static/chunks/5677-ee8c386e1a9c5532.js:0
[  347646ms] [LOG] [DEBUG-RESOLVER] attempt1 getVisualContentItem("kDMpobbKsuVTByTIKUpe", 5) → FOUND @ https://out-run-6kaq1gnpv-davids-projects-0d6e1f97.vercel.app/_next/static/chunks/5677-ee8c386e1a9c5532.js:0
[  347646ms] [LOG] [VisualContentService] docToContent "kDMpobbKsuVTByTIKUpe_7": {hasVideoVariantsField: true, hasVariantsField: false, rawType: array[0], parsedVariantsCount: 0, allTopLevelKeys: Array(14)} @ https://out-run-6kaq1gnpv-davids-projects-0d6e1f97.vercel.app/_next/static/chunks/5677-ee8c386e1a9c5532.js:0
[  347646ms] [LOG] [DEBUG-RESOLVER] attempt1 getVisualContentItem("kDMpobbKsuVTByTIKUpe", 7) → FOUND @ https://out-run-6kaq1gnpv-davids-projects-0d6e1f97.vercel.app/_next/static/chunks/5677-ee8c386e1a9c5532.js:0
[  347646ms] [LOG] [VisualContentService] docToContent "kDMpobbKsuVTByTIKUpe_8": {hasVideoVariantsField: true, hasVariantsField: false, rawType: array[0], parsedVariantsCount: 0, allTopLevelKeys: Array(14)} @ https://out-run-6kaq1gnpv-davids-projects-0d6e1f97.vercel.app/_next/static/chunks/5677-ee8c386e1a9c5532.js:0
[  347646ms] [LOG] [DEBUG-RESOLVER] attempt1 getVisualContentItem("kDMpobbKsuVTByTIKUpe", 8) → FOUND @ https://out-run-6kaq1gnpv-davids-projects-0d6e1f97.vercel.app/_next/static/chunks/5677-ee8c386e1a9c5532.js:0
[  347646ms] [LOG] [VisualContentService] docToContent "kDMpobbKsuVTByTIKUpe_10": {hasVideoVariantsField: true, hasVariantsField: false, rawType: array[0], parsedVariantsCount: 0, allTopLevelKeys: Array(14)} @ https://out-run-6kaq1gnpv-davids-projects-0d6e1f97.vercel.app/_next/static/chunks/5677-ee8c386e1a9c5532.js:0
[  347646ms] [LOG] [DEBUG-RESOLVER] attempt1 getVisualContentItem("kDMpobbKsuVTByTIKUpe", 10) → FOUND @ https://out-run-6kaq1gnpv-davids-projects-0d6e1f97.vercel.app/_next/static/chunks/5677-ee8c386e1a9c5532.js:0
[  347646ms] [LOG] [VisualContentService] docToContent "kDMpobbKsuVTByTIKUpe_11": {hasVideoVariantsField: true, hasVariantsField: false, rawType: array[0], parsedVariantsCount: 0, allTopLevelKeys: Array(14)} @ https://out-run-6kaq1gnpv-davids-projects-0d6e1f97.vercel.app/_next/static/chunks/5677-ee8c386e1a9c5532.js:0
[  347646ms] [LOG] [DEBUG-RESOLVER] attempt1 getVisualContentItem("kDMpobbKsuVTByTIKUpe", 11) → FOUND @ https://out-run-6kaq1gnpv-davids-projects-0d6e1f97.vercel.app/_next/static/chunks/5677-ee8c386e1a9c5532.js:0
[  347646ms] [LOG] [VisualContentService] docToContent "kDMpobbKsuVTByTIKUpe_14": {hasVideoVariantsField: true, hasVariantsField: false, rawType: array[0], parsedVariantsCount: 0, allTopLevelKeys: Array(14)} @ https://out-run-6kaq1gnpv-davids-projects-0d6e1f97.vercel.app/_next/static/chunks/5677-ee8c386e1a9c5532.js:0
[  347646ms] [LOG] [DEBUG-RESOLVER] attempt1 getVisualContentItem("kDMpobbKsuVTByTIKUpe", 14) → FOUND @ https://out-run-6kaq1gnpv-davids-projects-0d6e1f97.vercel.app/_next/static/chunks/5677-ee8c386e1a9c5532.js:0
[  347805ms] [LOG] [ContentResolver] Level 1 — exercise video resolved: "פלאנק על הברכיים" → https://vz-b17872ab-7a7.b-cdn.net/3011b6ff-f251-4c7b-81f4-e2… @ https://out-run-6kaq1gnpv-davids-projects-0d6e1f97.vercel.app/_next/static/chunks/5677-ee8c386e1a9c5532.js:0
[  347805ms] [LOG] [ContentResolver] Level 1 — exercise video resolved: "פלאנק על הברכיים" → https://vz-b17872ab-7a7.b-cdn.net/3011b6ff-f251-4c7b-81f4-e2… @ https://out-run-6kaq1gnpv-davids-projects-0d6e1f97.vercel.app/_next/static/chunks/5677-ee8c386e1a9c5532.js:0
[  347805ms] [LOG] [DEBUG-RESOLVER] resolveContent("core", 2) → programId="kDMpobbKsuVTByTIKUpe" @ https://out-run-6kaq1gnpv-davids-projects-0d6e1f97.vercel.app/_next/static/chunks/5677-ee8c386e1a9c5532.js:0
[  347805ms] [LOG] [DEBUG-RESOLVER] resolveContent("core", 2) → programId="kDMpobbKsuVTByTIKUpe" @ https://out-run-6kaq1gnpv-davids-projects-0d6e1f97.vercel.app/_next/static/chunks/5677-ee8c386e1a9c5532.js:0
[  347805ms] [LOG] [ContentResolver] Level 3 — exercise video resolved: "פלאנק עליות ונגיעות בכתפיים" → https://vz-b17872ab-7a7.b-cdn.net/4d5bc37c-3994-4574-ace7-12… @ https://out-run-6kaq1gnpv-davids-projects-0d6e1f97.vercel.app/_next/static/chunks/5677-ee8c386e1a9c5532.js:0
[  347806ms] [LOG] [ContentResolver] Level 5 — exercise video resolved: "ספר ברכיים כפופת" → https://vz-b17872ab-7a7.b-cdn.net/3f3b6664-ceb7-488c-a227-a8… @ https://out-run-6kaq1gnpv-davids-projects-0d6e1f97.vercel.app/_next/static/chunks/5677-ee8c386e1a9c5532.js:0
[  347806ms] [LOG] [ContentResolver] Level 7 — exercise video resolved: "ישיבת L ברכיים כפופות" → https://vz-b17872ab-7a7.b-cdn.net/d4e3274f-791d-4218-ba19-b1… @ https://out-run-6kaq1gnpv-davids-projects-0d6e1f97.vercel.app/_next/static/chunks/5677-ee8c386e1a9c5532.js:0
[  347806ms] [LOG] [ContentResolver] Level 8 — exercise video resolved: "עליות ברכיים כפופות בתלייה" → https://vz-b17872ab-7a7.b-cdn.net/4e483f34-7eee-4b7e-9fb6-44… @ https://out-run-6kaq1gnpv-davids-projects-0d6e1f97.vercel.app/_next/static/chunks/5677-ee8c386e1a9c5532.js:0
[  347919ms] [LOG] [ContentResolver] Level 10 — exercise video resolved: "ישיבת L רגל אחת" → https://vz-b17872ab-7a7.b-cdn.net/05902e32-806b-42df-9335-81… @ https://out-run-6kaq1gnpv-davids-projects-0d6e1f97.vercel.app/_next/static/chunks/5677-ee8c386e1a9c5532.js:0
[  347919ms] [LOG] [ContentResolver] Level 11 — exercise video resolved: "עליות l בתלייה" → https://vz-b17872ab-7a7.b-cdn.net/a3d1b6cf-5d30-4354-b419-e0… @ https://out-run-6kaq1gnpv-davids-projects-0d6e1f97.vercel.app/_next/static/chunks/5677-ee8c386e1a9c5532.js:0
[  347920ms] [LOG] [ContentResolver] Level 14 — exercise video resolved: "דרגון פלאג בפישוק" → https://vz-b17872ab-7a7.b-cdn.net/0b520ec4-d441-4d92-9b0d-79… @ https://out-run-6kaq1gnpv-davids-projects-0d6e1f97.vercel.app/_next/static/chunks/5677-ee8c386e1a9c5532.js:0
[  347953ms] [LOG] [VisualContentService] docToContent "kDMpobbKsuVTByTIKUpe_2": {hasVideoVariantsField: true, hasVariantsField: false, rawType: array[0], parsedVariantsCount: 0, allTopLevelKeys: Array(14)} @ https://out-run-6kaq1gnpv-davids-projects-0d6e1f97.vercel.app/_next/static/chunks/5677-ee8c386e1a9c5532.js:0
[  347953ms] [LOG] [DEBUG-RESOLVER] attempt1 getVisualContentItem("kDMpobbKsuVTByTIKUpe", 2) → FOUND @ https://out-run-6kaq1gnpv-davids-projects-0d6e1f97.vercel.app/_next/static/chunks/5677-ee8c386e1a9c5532.js:0
[  347953ms] [LOG] [VisualContentService] docToContent "kDMpobbKsuVTByTIKUpe_2": {hasVideoVariantsField: true, hasVariantsField: false, rawType: array[0], parsedVariantsCount: 0, allTopLevelKeys: Array(14)} @ https://out-run-6kaq1gnpv-davids-projects-0d6e1f97.vercel.app/_next/static/chunks/5677-ee8c386e1a9c5532.js:0
[  347953ms] [LOG] [DEBUG-RESOLVER] attempt1 getVisualContentItem("kDMpobbKsuVTByTIKUpe", 2) → FOUND @ https://out-run-6kaq1gnpv-davids-projects-0d6e1f97.vercel.app/_next/static/chunks/5677-ee8c386e1a9c5532.js:0
[  348174ms] [LOG] [ContentResolver] Level 2 — exercise video resolved: "כפיפות בטן" → https://vz-b17872ab-7a7.b-cdn.net/cc132d16-7560-4dbb-841e-9f… @ https://out-run-6kaq1gnpv-davids-projects-0d6e1f97.vercel.app/_next/static/chunks/5677-ee8c386e1a9c5532.js:0
[  348174ms] [LOG] [ContentResolver] Level 2 — exercise video resolved: "כפיפות בטן" → https://vz-b17872ab-7a7.b-cdn.net/cc132d16-7560-4dbb-841e-9f… @ https://out-run-6kaq1gnpv-davids-projects-0d6e1f97.vercel.app/_next/static/chunks/5677-ee8c386e1a9c5532.js:0
[  379890ms] [LOG] [DEBUG-RESOLVER] resolveContent("core", 8) → programId="kDMpobbKsuVTByTIKUpe" @ https://out-run-6kaq1gnpv-davids-projects-0d6e1f97.vercel.app/_next/static/chunks/5677-ee8c386e1a9c5532.js:0
[  379890ms] [LOG] [DEBUG-RESOLVER] resolveContent("core", 7) → programId="kDMpobbKsuVTByTIKUpe" @ https://out-run-6kaq1gnpv-davids-projects-0d6e1f97.vercel.app/_next/static/chunks/5677-ee8c386e1a9c5532.js:0
[  379890ms] [LOG] [DEBUG-RESOLVER] resolveContent("core", 9) → programId="kDMpobbKsuVTByTIKUpe" @ https://out-run-6kaq1gnpv-davids-projects-0d6e1f97.vercel.app/_next/static/chunks/5677-ee8c386e1a9c5532.js:0
[  379890ms] [LOG] [DEBUG-RESOLVER] resolveContent("core", 9) → programId="kDMpobbKsuVTByTIKUpe" @ https://out-run-6kaq1gnpv-davids-projects-0d6e1f97.vercel.app/_next/static/chunks/5677-ee8c386e1a9c5532.js:0
[  380005ms] [LOG] [VisualContentService] docToContent "kDMpobbKsuVTByTIKUpe_9": {hasVideoVariantsField: true, hasVariantsField: false, rawType: array[0], parsedVariantsCount: 0, allTopLevelKeys: Array(14)} @ https://out-run-6kaq1gnpv-davids-projects-0d6e1f97.vercel.app/_next/static/chunks/5677-ee8c386e1a9c5532.js:0
[  380005ms] [LOG] [DEBUG-RESOLVER] attempt1 getVisualContentItem("kDMpobbKsuVTByTIKUpe", 9) → FOUND @ https://out-run-6kaq1gnpv-davids-projects-0d6e1f97.vercel.app/_next/static/chunks/5677-ee8c386e1a9c5532.js:0
[  380005ms] [LOG] [VisualContentService] docToContent "kDMpobbKsuVTByTIKUpe_9": {hasVideoVariantsField: true, hasVariantsField: false, rawType: array[0], parsedVariantsCount: 0, allTopLevelKeys: Array(14)} @ https://out-run-6kaq1gnpv-davids-projects-0d6e1f97.vercel.app/_next/static/chunks/5677-ee8c386e1a9c5532.js:0
[  380005ms] [LOG] [DEBUG-RESOLVER] attempt1 getVisualContentItem("kDMpobbKsuVTByTIKUpe", 9) → FOUND @ https://out-run-6kaq1gnpv-davids-projects-0d6e1f97.vercel.app/_next/static/chunks/5677-ee8c386e1a9c5532.js:0
[  380111ms] [LOG] [ContentResolver] Level 9 — exercise video resolved: "כפיפות ברכיים בתלייה אלכסונים" → https://vz-b17872ab-7a7.b-cdn.net/dcb6710b-f51b-4bb1-bf1d-45… @ https://out-run-6kaq1gnpv-davids-projects-0d6e1f97.vercel.app/_next/static/chunks/5677-ee8c386e1a9c5532.js:0
[  380112ms] [LOG] [ContentResolver] Level 9 — exercise video resolved: "כפיפות ברכיים בתלייה אלכסונים" → https://vz-b17872ab-7a7.b-cdn.net/dcb6710b-f51b-4bb1-bf1d-45… @ https://out-run-6kaq1gnpv-davids-projects-0d6e1f97.vercel.app/_next/static/chunks/5677-ee8c386e1a9c5532.js:0
[  388155ms] [LOG] [DEBUG-RESOLVER] Incoming Category: legs Resolved Candidate IDs: [legs, OrAmOH3F375dVio5yGdU] @ https://out-run-6kaq1gnpv-davids-projects-0d6e1f97.vercel.app/_next/static/chunks/5677-ee8c386e1a9c5532.js:0
[  388316ms] [LOG] [DEBUG-FIRESTORE] Querying IDs: [legs, OrAmOH3F375dVio5yGdU] Snapshot size returned: 15 @ https://out-run-6kaq1gnpv-davids-projects-0d6e1f97.vercel.app/_next/static/chunks/5677-ee8c386e1a9c5532.js:0
[  388316ms] [LOG] [DEBUG-FIRESTORE] showInOnboarding=true levels: [1, 3, 6, 8, 10, 12] (6 total) @ https://out-run-6kaq1gnpv-davids-projects-0d6e1f97.vercel.app/_next/static/chunks/5677-ee8c386e1a9c5532.js:0
[  388316ms] [LOG] [DEBUG-RESOLVER] Final onboarding levels for "legs": [1, 3, 6, 8, 10, 12] (6 total) @ https://out-run-6kaq1gnpv-davids-projects-0d6e1f97.vercel.app/_next/static/chunks/5677-ee8c386e1a9c5532.js:0
[  388318ms] [LOG] [DEBUG-RESOLVER] resolveContent("legs", 1) → programId="OrAmOH3F375dVio5yGdU" @ https://out-run-6kaq1gnpv-davids-projects-0d6e1f97.vercel.app/_next/static/chunks/5677-ee8c386e1a9c5532.js:0
[  388318ms] [LOG] [DEBUG-RESOLVER] resolveContent("legs", 3) → programId="OrAmOH3F375dVio5yGdU" @ https://out-run-6kaq1gnpv-davids-projects-0d6e1f97.vercel.app/_next/static/chunks/5677-ee8c386e1a9c5532.js:0
[  388318ms] [LOG] [DEBUG-RESOLVER] resolveContent("legs", 6) → programId="OrAmOH3F375dVio5yGdU" @ https://out-run-6kaq1gnpv-davids-projects-0d6e1f97.vercel.app/_next/static/chunks/5677-ee8c386e1a9c5532.js:0
[  388318ms] [LOG] [DEBUG-RESOLVER] resolveContent("legs", 8) → programId="OrAmOH3F375dVio5yGdU" @ https://out-run-6kaq1gnpv-davids-projects-0d6e1f97.vercel.app/_next/static/chunks/5677-ee8c386e1a9c5532.js:0
[  388318ms] [LOG] [DEBUG-RESOLVER] resolveContent("legs", 10) → programId="OrAmOH3F375dVio5yGdU" @ https://out-run-6kaq1gnpv-davids-projects-0d6e1f97.vercel.app/_next/static/chunks/5677-ee8c386e1a9c5532.js:0
[  388318ms] [LOG] [DEBUG-RESOLVER] resolveContent("legs", 12) → programId="OrAmOH3F375dVio5yGdU" @ https://out-run-6kaq1gnpv-davids-projects-0d6e1f97.vercel.app/_next/static/chunks/5677-ee8c386e1a9c5532.js:0
[  388318ms] [LOG] [DEBUG-RESOLVER] resolveContent("legs", 1) → programId="OrAmOH3F375dVio5yGdU" @ https://out-run-6kaq1gnpv-davids-projects-0d6e1f97.vercel.app/_next/static/chunks/5677-ee8c386e1a9c5532.js:0
[  388489ms] [LOG] [VisualContentService] docToContent "OrAmOH3F375dVio5yGdU_1": {hasVideoVariantsField: true, hasVariantsField: false, rawType: array[0], parsedVariantsCount: 0, allTopLevelKeys: Array(14)} @ https://out-run-6kaq1gnpv-davids-projects-0d6e1f97.vercel.app/_next/static/chunks/5677-ee8c386e1a9c5532.js:0
[  388489ms] [LOG] [DEBUG-RESOLVER] attempt1 getVisualContentItem("OrAmOH3F375dVio5yGdU", 1) → FOUND @ https://out-run-6kaq1gnpv-davids-projects-0d6e1f97.vercel.app/_next/static/chunks/5677-ee8c386e1a9c5532.js:0
[  388489ms] [LOG] [VisualContentService] docToContent "OrAmOH3F375dVio5yGdU_1": {hasVideoVariantsField: true, hasVariantsField: false, rawType: array[0], parsedVariantsCount: 0, allTopLevelKeys: Array(14)} @ https://out-run-6kaq1gnpv-davids-projects-0d6e1f97.vercel.app/_next/static/chunks/5677-ee8c386e1a9c5532.js:0
[  388489ms] [LOG] [DEBUG-RESOLVER] attempt1 getVisualContentItem("OrAmOH3F375dVio5yGdU", 1) → FOUND @ https://out-run-6kaq1gnpv-davids-projects-0d6e1f97.vercel.app/_next/static/chunks/5677-ee8c386e1a9c5532.js:0
[  388489ms] [LOG] [VisualContentService] docToContent "OrAmOH3F375dVio5yGdU_3": {hasVideoVariantsField: true, hasVariantsField: false, rawType: array[0], parsedVariantsCount: 0, allTopLevelKeys: Array(12)} @ https://out-run-6kaq1gnpv-davids-projects-0d6e1f97.vercel.app/_next/static/chunks/5677-ee8c386e1a9c5532.js:0
[  388489ms] [LOG] [DEBUG-RESOLVER] attempt1 getVisualContentItem("OrAmOH3F375dVio5yGdU", 3) → FOUND @ https://out-run-6kaq1gnpv-davids-projects-0d6e1f97.vercel.app/_next/static/chunks/5677-ee8c386e1a9c5532.js:0
[  388490ms] [LOG] [VisualContentService] docToContent "OrAmOH3F375dVio5yGdU_6": {hasVideoVariantsField: true, hasVariantsField: false, rawType: array[0], parsedVariantsCount: 0, allTopLevelKeys: Array(14)} @ https://out-run-6kaq1gnpv-davids-projects-0d6e1f97.vercel.app/_next/static/chunks/5677-ee8c386e1a9c5532.js:0
[  388490ms] [LOG] [DEBUG-RESOLVER] attempt1 getVisualContentItem("OrAmOH3F375dVio5yGdU", 6) → FOUND @ https://out-run-6kaq1gnpv-davids-projects-0d6e1f97.vercel.app/_next/static/chunks/5677-ee8c386e1a9c5532.js:0
[  388490ms] [LOG] [VisualContentService] docToContent "OrAmOH3F375dVio5yGdU_8": {hasVideoVariantsField: true, hasVariantsField: false, rawType: array[0], parsedVariantsCount: 0, allTopLevelKeys: Array(14)} @ https://out-run-6kaq1gnpv-davids-projects-0d6e1f97.vercel.app/_next/static/chunks/5677-ee8c386e1a9c5532.js:0
[  388490ms] [LOG] [DEBUG-RESOLVER] attempt1 getVisualContentItem("OrAmOH3F375dVio5yGdU", 8) → FOUND @ https://out-run-6kaq1gnpv-davids-projects-0d6e1f97.vercel.app/_next/static/chunks/5677-ee8c386e1a9c5532.js:0
[  388490ms] [LOG] [VisualContentService] docToContent "OrAmOH3F375dVio5yGdU_10": {hasVideoVariantsField: true, hasVariantsField: false, rawType: array[0], parsedVariantsCount: 0, allTopLevelKeys: Array(14)} @ https://out-run-6kaq1gnpv-davids-projects-0d6e1f97.vercel.app/_next/static/chunks/5677-ee8c386e1a9c5532.js:0
[  388490ms] [LOG] [DEBUG-RESOLVER] attempt1 getVisualContentItem("OrAmOH3F375dVio5yGdU", 10) → FOUND @ https://out-run-6kaq1gnpv-davids-projects-0d6e1f97.vercel.app/_next/static/chunks/5677-ee8c386e1a9c5532.js:0
[  388490ms] [LOG] [VisualContentService] docToContent "OrAmOH3F375dVio5yGdU_12": {hasVideoVariantsField: true, hasVariantsField: false, rawType: array[0], parsedVariantsCount: 0, allTopLevelKeys: Array(14)} @ https://out-run-6kaq1gnpv-davids-projects-0d6e1f97.vercel.app/_next/static/chunks/5677-ee8c386e1a9c5532.js:0
[  388490ms] [LOG] [DEBUG-RESOLVER] attempt1 getVisualContentItem("OrAmOH3F375dVio5yGdU", 12) → FOUND @ https://out-run-6kaq1gnpv-davids-projects-0d6e1f97.vercel.app/_next/static/chunks/5677-ee8c386e1a9c5532.js:0
[  388641ms] [LOG] [ContentResolver] Level 1 — exercise video resolved: "סקוואט טווח חלקי (להגבהה)" → https://vz-b17872ab-7a7.b-cdn.net/8286f82c-fdf8-4f05-8961-a0… @ https://out-run-6kaq1gnpv-davids-projects-0d6e1f97.vercel.app/_next/static/chunks/5677-ee8c386e1a9c5532.js:0
[  388641ms] [LOG] [ContentResolver] Level 1 — exercise video resolved: "סקוואט טווח חלקי (להגבהה)" → https://vz-b17872ab-7a7.b-cdn.net/8286f82c-fdf8-4f05-8961-a0… @ https://out-run-6kaq1gnpv-davids-projects-0d6e1f97.vercel.app/_next/static/chunks/5677-ee8c386e1a9c5532.js:0
[  388641ms] [LOG] [DEBUG-RESOLVER] resolveContent("legs", 2) → programId="OrAmOH3F375dVio5yGdU" @ https://out-run-6kaq1gnpv-davids-projects-0d6e1f97.vercel.app/_next/static/chunks/5677-ee8c386e1a9c5532.js:0
[  388641ms] [LOG] [DEBUG-RESOLVER] resolveContent("legs", 2) → programId="OrAmOH3F375dVio5yGdU" @ https://out-run-6kaq1gnpv-davids-projects-0d6e1f97.vercel.app/_next/static/chunks/5677-ee8c386e1a9c5532.js:0
[  388641ms] [LOG] [ContentResolver] Level 3 — exercise video resolved: "סקוואט קפיצה" → https://vz-b17872ab-7a7.b-cdn.net/57d8348b-3788-4dd1-880a-8b… @ https://out-run-6kaq1gnpv-davids-projects-0d6e1f97.vercel.app/_next/static/chunks/5677-ee8c386e1a9c5532.js:0
[  388642ms] [LOG] [ContentResolver] Level 6 — exercise video resolved: "פיסטול סקוואט טווח חלקי (להגבהה)" → https://vz-b17872ab-7a7.b-cdn.net/de775009-ca63-44c7-b2ab-fa… @ https://out-run-6kaq1gnpv-davids-projects-0d6e1f97.vercel.app/_next/static/chunks/5677-ee8c386e1a9c5532.js:0
[  388642ms] [LOG] [ContentResolver] Level 8 — exercise video resolved: "סקוואט קשתים" → https://vz-b17872ab-7a7.b-cdn.net/65426bb8-991f-450e-b85a-22… @ https://out-run-6kaq1gnpv-davids-projects-0d6e1f97.vercel.app/_next/static/chunks/5677-ee8c386e1a9c5532.js:0
[  388642ms] [LOG] [ContentResolver] Level 10 — exercise video resolved: "פיסטול סקוואט" → https://vz-b17872ab-7a7.b-cdn.net/c51ca5b7-c182-4fec-9dbe-d5… @ https://out-run-6kaq1gnpv-davids-projects-0d6e1f97.vercel.app/_next/static/chunks/5677-ee8c386e1a9c5532.js:0
[  388700ms] [LOG] [ContentResolver] Level 12 — exercise video resolved: "דרגון סקוואט" → https://vz-b17872ab-7a7.b-cdn.net/1b85355d-ea49-485c-8103-c5… @ https://out-run-6kaq1gnpv-davids-projects-0d6e1f97.vercel.app/_next/static/chunks/5677-ee8c386e1a9c5532.js:0
[  388767ms] [LOG] [VisualContentService] docToContent "OrAmOH3F375dVio5yGdU_2": {hasVideoVariantsField: true, hasVariantsField: false, rawType: array[0], parsedVariantsCount: 0, allTopLevelKeys: Array(12)} @ https://out-run-6kaq1gnpv-davids-projects-0d6e1f97.vercel.app/_next/static/chunks/5677-ee8c386e1a9c5532.js:0
[  388767ms] [LOG] [DEBUG-RESOLVER] attempt1 getVisualContentItem("OrAmOH3F375dVio5yGdU", 2) → FOUND @ https://out-run-6kaq1gnpv-davids-projects-0d6e1f97.vercel.app/_next/static/chunks/5677-ee8c386e1a9c5532.js:0
[  388767ms] [LOG] [VisualContentService] docToContent "OrAmOH3F375dVio5yGdU_2": {hasVideoVariantsField: true, hasVariantsField: false, rawType: array[0], parsedVariantsCount: 0, allTopLevelKeys: Array(12)} @ https://out-run-6kaq1gnpv-davids-projects-0d6e1f97.vercel.app/_next/static/chunks/5677-ee8c386e1a9c5532.js:0
[  388767ms] [LOG] [DEBUG-RESOLVER] attempt1 getVisualContentItem("OrAmOH3F375dVio5yGdU", 2) → FOUND @ https://out-run-6kaq1gnpv-davids-projects-0d6e1f97.vercel.app/_next/static/chunks/5677-ee8c386e1a9c5532.js:0
[  388904ms] [LOG] [ContentResolver] Level 2 — exercise video resolved: "היפ טראסט רגל אחת" → https://vz-b17872ab-7a7.b-cdn.net/cf09b02d-edd1-434e-8be6-36… @ https://out-run-6kaq1gnpv-davids-projects-0d6e1f97.vercel.app/_next/static/chunks/5677-ee8c386e1a9c5532.js:0
[  388904ms] [LOG] [ContentResolver] Level 2 — exercise video resolved: "היפ טראסט רגל אחת" → https://vz-b17872ab-7a7.b-cdn.net/cf09b02d-edd1-434e-8be6-36… @ https://out-run-6kaq1gnpv-davids-projects-0d6e1f97.vercel.app/_next/static/chunks/5677-ee8c386e1a9c5532.js:0
[  398138ms] [LOG] [DEBUG-RESOLVER] Incoming Category: hspu Resolved Candidate IDs: [hspu] @ https://out-run-6kaq1gnpv-davids-projects-0d6e1f97.vercel.app/_next/static/chunks/5677-ee8c386e1a9c5532.js:0
[  398253ms] [LOG] [DEBUG-FIRESTORE] Querying IDs: [hspu] Snapshot size returned: 0 @ https://out-run-6kaq1gnpv-davids-projects-0d6e1f97.vercel.app/_next/static/chunks/5677-ee8c386e1a9c5532.js:0
[  398253ms] [LOG] [DEBUG-FIRESTORE] showInOnboarding=true levels: [] (0 total) @ https://out-run-6kaq1gnpv-davids-projects-0d6e1f97.vercel.app/_next/static/chunks/5677-ee8c386e1a9c5532.js:0
[  398253ms] [LOG] [DEBUG-RESOLVER] Final onboarding levels for "hspu": [] (0 total) @ https://out-run-6kaq1gnpv-davids-projects-0d6e1f97.vercel.app/_next/static/chunks/5677-ee8c386e1a9c5532.js:0
[  398254ms] [LOG] [DEBUG-RESOLVER] resolveContent("hspu", 1) → programId="hspu" @ https://out-run-6kaq1gnpv-davids-projects-0d6e1f97.vercel.app/_next/static/chunks/5677-ee8c386e1a9c5532.js:0
[  398380ms] [LOG] [DEBUG-RESOLVER] attempt1 getVisualContentItem("hspu", 1) → null @ https://out-run-6kaq1gnpv-davids-projects-0d6e1f97.vercel.app/_next/static/chunks/5677-ee8c386e1a9c5532.js:0
[  398380ms] [LOG] [DEBUG-RESOLVER] resolveContent("hspu", 2) → programId="hspu" @ https://out-run-6kaq1gnpv-davids-projects-0d6e1f97.vercel.app/_next/static/chunks/5677-ee8c386e1a9c5532.js:0
[  398380ms] [LOG] [DEBUG-RESOLVER] resolveContent("hspu", 2) → programId="hspu" @ https://out-run-6kaq1gnpv-davids-projects-0d6e1f97.vercel.app/_next/static/chunks/5677-ee8c386e1a9c5532.js:0
[  398510ms] [LOG] [DEBUG-RESOLVER] attempt1 getVisualContentItem("hspu", 2) → null @ https://out-run-6kaq1gnpv-davids-projects-0d6e1f97.vercel.app/_next/static/chunks/5677-ee8c386e1a9c5532.js:0
[  398510ms] [LOG] [DEBUG-RESOLVER] attempt1 getVisualContentItem("hspu", 2) → null @ https://out-run-6kaq1gnpv-davids-projects-0d6e1f97.vercel.app/_next/static/chunks/5677-ee8c386e1a9c5532.js:0
[  404403ms] [LOG] [DEBUG-RESOLVER] Incoming Category: muscle_up Resolved Candidate IDs: [muscle_up, fTLWzjP9gH2VNpamyCZF] @ https://out-run-6kaq1gnpv-davids-projects-0d6e1f97.vercel.app/_next/static/chunks/5677-ee8c386e1a9c5532.js:0
[  404532ms] [LOG] [DEBUG-FIRESTORE] Querying IDs: [muscle_up, fTLWzjP9gH2VNpamyCZF] Snapshot size returned: 0 @ https://out-run-6kaq1gnpv-davids-projects-0d6e1f97.vercel.app/_next/static/chunks/5677-ee8c386e1a9c5532.js:0
[  404532ms] [LOG] [DEBUG-FIRESTORE] showInOnboarding=true levels: [] (0 total) @ https://out-run-6kaq1gnpv-davids-projects-0d6e1f97.vercel.app/_next/static/chunks/5677-ee8c386e1a9c5532.js:0
[  404532ms] [LOG] [DEBUG-RESOLVER] Final onboarding levels for "muscle_up": [] (0 total) @ https://out-run-6kaq1gnpv-davids-projects-0d6e1f97.vercel.app/_next/static/chunks/5677-ee8c386e1a9c5532.js:0
[  404533ms] [LOG] [DEBUG-RESOLVER] resolveContent("muscle_up", 1) → programId="fTLWzjP9gH2VNpamyCZF" @ https://out-run-6kaq1gnpv-davids-projects-0d6e1f97.vercel.app/_next/static/chunks/5677-ee8c386e1a9c5532.js:0
[  404647ms] [LOG] [DEBUG-RESOLVER] attempt1 getVisualContentItem("fTLWzjP9gH2VNpamyCZF", 1) → null @ https://out-run-6kaq1gnpv-davids-projects-0d6e1f97.vercel.app/_next/static/chunks/5677-ee8c386e1a9c5532.js:0
[  404767ms] [LOG] [DEBUG-RESOLVER] attempt2 getVisualContentItem("muscle_up", 1) → null @ https://out-run-6kaq1gnpv-davids-projects-0d6e1f97.vercel.app/_next/static/chunks/5677-ee8c386e1a9c5532.js:0
[  404767ms] [LOG] [DEBUG-RESOLVER] resolveContent("muscle_up", 2) → programId="fTLWzjP9gH2VNpamyCZF" @ https://out-run-6kaq1gnpv-davids-projects-0d6e1f97.vercel.app/_next/static/chunks/5677-ee8c386e1a9c5532.js:0
[  404767ms] [LOG] [DEBUG-RESOLVER] resolveContent("muscle_up", 2) → programId="fTLWzjP9gH2VNpamyCZF" @ https://out-run-6kaq1gnpv-davids-projects-0d6e1f97.vercel.app/_next/static/chunks/5677-ee8c386e1a9c5532.js:0
[  404901ms] [LOG] [DEBUG-RESOLVER] attempt1 getVisualContentItem("fTLWzjP9gH2VNpamyCZF", 2) → null @ https://out-run-6kaq1gnpv-davids-projects-0d6e1f97.vercel.app/_next/static/chunks/5677-ee8c386e1a9c5532.js:0
[  404901ms] [LOG] [DEBUG-RESOLVER] attempt1 getVisualContentItem("fTLWzjP9gH2VNpamyCZF", 2) → null @ https://out-run-6kaq1gnpv-davids-projects-0d6e1f97.vercel.app/_next/static/chunks/5677-ee8c386e1a9c5532.js:0
[  405021ms] [LOG] [DEBUG-RESOLVER] attempt2 getVisualContentItem("muscle_up", 2) → null @ https://out-run-6kaq1gnpv-davids-projects-0d6e1f97.vercel.app/_next/static/chunks/5677-ee8c386e1a9c5532.js:0
[  405021ms] [LOG] [DEBUG-RESOLVER] attempt2 getVisualContentItem("muscle_up", 2) → null @ https://out-run-6kaq1gnpv-davids-projects-0d6e1f97.vercel.app/_next/static/chunks/5677-ee8c386e1a9c5532.js:0
[  411653ms] [LOG] [DEBUG-RESOLVER] Incoming Category: planche Resolved Candidate IDs: [planche, pCI5NHXpowu2ySucqDn8] @ https://out-run-6kaq1gnpv-davids-projects-0d6e1f97.vercel.app/_next/static/chunks/5677-ee8c386e1a9c5532.js:0
[  411822ms] [LOG] [DEBUG-FIRESTORE] Querying IDs: [planche, pCI5NHXpowu2ySucqDn8] Snapshot size returned: 15 @ https://out-run-6kaq1gnpv-davids-projects-0d6e1f97.vercel.app/_next/static/chunks/5677-ee8c386e1a9c5532.js:0
[  411822ms] [LOG] [DEBUG-FIRESTORE] showInOnboarding=true levels: [1, 3, 5, 7, 10, 12, 13, 14, 15] (9 total) @ https://out-run-6kaq1gnpv-davids-projects-0d6e1f97.vercel.app/_next/static/chunks/5677-ee8c386e1a9c5532.js:0
[  411822ms] [LOG] [DEBUG-RESOLVER] Final onboarding levels for "planche": [1, 3, 5, 7, 10, 12, 13, 14, 15] (9 total) @ https://out-run-6kaq1gnpv-davids-projects-0d6e1f97.vercel.app/_next/static/chunks/5677-ee8c386e1a9c5532.js:0
[  411823ms] [LOG] [DEBUG-RESOLVER] resolveContent("planche", 1) → programId="pCI5NHXpowu2ySucqDn8" @ https://out-run-6kaq1gnpv-davids-projects-0d6e1f97.vercel.app/_next/static/chunks/5677-ee8c386e1a9c5532.js:0
[  411823ms] [LOG] [DEBUG-RESOLVER] resolveContent("planche", 3) → programId="pCI5NHXpowu2ySucqDn8" @ https://out-run-6kaq1gnpv-davids-projects-0d6e1f97.vercel.app/_next/static/chunks/5677-ee8c386e1a9c5532.js:0
[  411823ms] [LOG] [DEBUG-RESOLVER] resolveContent("planche", 5) → programId="pCI5NHXpowu2ySucqDn8" @ https://out-run-6kaq1gnpv-davids-projects-0d6e1f97.vercel.app/_next/static/chunks/5677-ee8c386e1a9c5532.js:0
[  411823ms] [LOG] [DEBUG-RESOLVER] resolveContent("planche", 7) → programId="pCI5NHXpowu2ySucqDn8" @ https://out-run-6kaq1gnpv-davids-projects-0d6e1f97.vercel.app/_next/static/chunks/5677-ee8c386e1a9c5532.js:0
[  411823ms] [LOG] [DEBUG-RESOLVER] resolveContent("planche", 10) → programId="pCI5NHXpowu2ySucqDn8" @ https://out-run-6kaq1gnpv-davids-projects-0d6e1f97.vercel.app/_next/static/chunks/5677-ee8c386e1a9c5532.js:0
[  411823ms] [LOG] [DEBUG-RESOLVER] resolveContent("planche", 12) → programId="pCI5NHXpowu2ySucqDn8" @ https://out-run-6kaq1gnpv-davids-projects-0d6e1f97.vercel.app/_next/static/chunks/5677-ee8c386e1a9c5532.js:0
[  411823ms] [LOG] [DEBUG-RESOLVER] resolveContent("planche", 13) → programId="pCI5NHXpowu2ySucqDn8" @ https://out-run-6kaq1gnpv-davids-projects-0d6e1f97.vercel.app/_next/static/chunks/5677-ee8c386e1a9c5532.js:0
[  411823ms] [LOG] [DEBUG-RESOLVER] resolveContent("planche", 14) → programId="pCI5NHXpowu2ySucqDn8" @ https://out-run-6kaq1gnpv-davids-projects-0d6e1f97.vercel.app/_next/static/chunks/5677-ee8c386e1a9c5532.js:0
[  411823ms] [LOG] [DEBUG-RESOLVER] resolveContent("planche", 15) → programId="pCI5NHXpowu2ySucqDn8" @ https://out-run-6kaq1gnpv-davids-projects-0d6e1f97.vercel.app/_next/static/chunks/5677-ee8c386e1a9c5532.js:0
[  411823ms] [LOG] [DEBUG-RESOLVER] resolveContent("planche", 1) → programId="pCI5NHXpowu2ySucqDn8" @ https://out-run-6kaq1gnpv-davids-projects-0d6e1f97.vercel.app/_next/static/chunks/5677-ee8c386e1a9c5532.js:0
[  411986ms] [LOG] [VisualContentService] docToContent "pCI5NHXpowu2ySucqDn8_1": {hasVideoVariantsField: true, hasVariantsField: false, rawType: array[0], parsedVariantsCount: 0, allTopLevelKeys: Array(14)} @ https://out-run-6kaq1gnpv-davids-projects-0d6e1f97.vercel.app/_next/static/chunks/5677-ee8c386e1a9c5532.js:0
[  411987ms] [LOG] [DEBUG-RESOLVER] attempt1 getVisualContentItem("pCI5NHXpowu2ySucqDn8", 1) → FOUND @ https://out-run-6kaq1gnpv-davids-projects-0d6e1f97.vercel.app/_next/static/chunks/5677-ee8c386e1a9c5532.js:0
[  411987ms] [LOG] [VisualContentService] docToContent "pCI5NHXpowu2ySucqDn8_1": {hasVideoVariantsField: true, hasVariantsField: false, rawType: array[0], parsedVariantsCount: 0, allTopLevelKeys: Array(14)} @ https://out-run-6kaq1gnpv-davids-projects-0d6e1f97.vercel.app/_next/static/chunks/5677-ee8c386e1a9c5532.js:0
[  411987ms] [LOG] [DEBUG-RESOLVER] attempt1 getVisualContentItem("pCI5NHXpowu2ySucqDn8", 1) → FOUND @ https://out-run-6kaq1gnpv-davids-projects-0d6e1f97.vercel.app/_next/static/chunks/5677-ee8c386e1a9c5532.js:0
[  411987ms] [LOG] [VisualContentService] docToContent "pCI5NHXpowu2ySucqDn8_3": {hasVideoVariantsField: true, hasVariantsField: false, rawType: array[0], parsedVariantsCount: 0, allTopLevelKeys: Array(14)} @ https://out-run-6kaq1gnpv-davids-projects-0d6e1f97.vercel.app/_next/static/chunks/5677-ee8c386e1a9c5532.js:0
[  411987ms] [LOG] [DEBUG-RESOLVER] attempt1 getVisualContentItem("pCI5NHXpowu2ySucqDn8", 3) → FOUND @ https://out-run-6kaq1gnpv-davids-projects-0d6e1f97.vercel.app/_next/static/chunks/5677-ee8c386e1a9c5532.js:0
[  411987ms] [LOG] [VisualContentService] docToContent "pCI5NHXpowu2ySucqDn8_5": {hasVideoVariantsField: true, hasVariantsField: false, rawType: array[0], parsedVariantsCount: 0, allTopLevelKeys: Array(14)} @ https://out-run-6kaq1gnpv-davids-projects-0d6e1f97.vercel.app/_next/static/chunks/5677-ee8c386e1a9c5532.js:0
[  411987ms] [LOG] [DEBUG-RESOLVER] attempt1 getVisualContentItem("pCI5NHXpowu2ySucqDn8", 5) → FOUND @ https://out-run-6kaq1gnpv-davids-projects-0d6e1f97.vercel.app/_next/static/chunks/5677-ee8c386e1a9c5532.js:0
[  411987ms] [LOG] [VisualContentService] docToContent "pCI5NHXpowu2ySucqDn8_7": {hasVideoVariantsField: true, hasVariantsField: false, rawType: array[0], parsedVariantsCount: 0, allTopLevelKeys: Array(14)} @ https://out-run-6kaq1gnpv-davids-projects-0d6e1f97.vercel.app/_next/static/chunks/5677-ee8c386e1a9c5532.js:0
[  411987ms] [LOG] [DEBUG-RESOLVER] attempt1 getVisualContentItem("pCI5NHXpowu2ySucqDn8", 7) → FOUND @ https://out-run-6kaq1gnpv-davids-projects-0d6e1f97.vercel.app/_next/static/chunks/5677-ee8c386e1a9c5532.js:0
[  411987ms] [LOG] [VisualContentService] docToContent "pCI5NHXpowu2ySucqDn8_10": {hasVideoVariantsField: true, hasVariantsField: false, rawType: array[0], parsedVariantsCount: 0, allTopLevelKeys: Array(14)} @ https://out-run-6kaq1gnpv-davids-projects-0d6e1f97.vercel.app/_next/static/chunks/5677-ee8c386e1a9c5532.js:0
[  411987ms] [LOG] [DEBUG-RESOLVER] attempt1 getVisualContentItem("pCI5NHXpowu2ySucqDn8", 10) → FOUND @ https://out-run-6kaq1gnpv-davids-projects-0d6e1f97.vercel.app/_next/static/chunks/5677-ee8c386e1a9c5532.js:0
[  411987ms] [LOG] [VisualContentService] docToContent "pCI5NHXpowu2ySucqDn8_12": {hasVideoVariantsField: true, hasVariantsField: false, rawType: array[0], parsedVariantsCount: 0, allTopLevelKeys: Array(14)} @ https://out-run-6kaq1gnpv-davids-projects-0d6e1f97.vercel.app/_next/static/chunks/5677-ee8c386e1a9c5532.js:0
[  411987ms] [LOG] [DEBUG-RESOLVER] attempt1 getVisualContentItem("pCI5NHXpowu2ySucqDn8", 12) → FOUND @ https://out-run-6kaq1gnpv-davids-projects-0d6e1f97.vercel.app/_next/static/chunks/5677-ee8c386e1a9c5532.js:0
[  411987ms] [LOG] [VisualContentService] docToContent "pCI5NHXpowu2ySucqDn8_13": {hasVideoVariantsField: true, hasVariantsField: false, rawType: array[0], parsedVariantsCount: 0, allTopLevelKeys: Array(14)} @ https://out-run-6kaq1gnpv-davids-projects-0d6e1f97.vercel.app/_next/static/chunks/5677-ee8c386e1a9c5532.js:0
[  411987ms] [LOG] [DEBUG-RESOLVER] attempt1 getVisualContentItem("pCI5NHXpowu2ySucqDn8", 13) → FOUND @ https://out-run-6kaq1gnpv-davids-projects-0d6e1f97.vercel.app/_next/static/chunks/5677-ee8c386e1a9c5532.js:0
[  411987ms] [LOG] [VisualContentService] docToContent "pCI5NHXpowu2ySucqDn8_14": {hasVideoVariantsField: true, hasVariantsField: false, rawType: array[0], parsedVariantsCount: 0, allTopLevelKeys: Array(14)} @ https://out-run-6kaq1gnpv-davids-projects-0d6e1f97.vercel.app/_next/static/chunks/5677-ee8c386e1a9c5532.js:0
[  411987ms] [LOG] [DEBUG-RESOLVER] attempt1 getVisualContentItem("pCI5NHXpowu2ySucqDn8", 14) → FOUND @ https://out-run-6kaq1gnpv-davids-projects-0d6e1f97.vercel.app/_next/static/chunks/5677-ee8c386e1a9c5532.js:0
[  411987ms] [LOG] [VisualContentService] docToContent "pCI5NHXpowu2ySucqDn8_15": {hasVideoVariantsField: true, hasVariantsField: false, rawType: array[0], parsedVariantsCount: 0, allTopLevelKeys: Array(14)} @ https://out-run-6kaq1gnpv-davids-projects-0d6e1f97.vercel.app/_next/static/chunks/5677-ee8c386e1a9c5532.js:0
[  411987ms] [LOG] [DEBUG-RESOLVER] attempt1 getVisualContentItem("pCI5NHXpowu2ySucqDn8", 15) → FOUND @ https://out-run-6kaq1gnpv-davids-projects-0d6e1f97.vercel.app/_next/static/chunks/5677-ee8c386e1a9c5532.js:0
[  412123ms] [LOG] [ContentResolver] Level 1 — exercise video resolved: "מקבילים" → https://vz-b17872ab-7a7.b-cdn.net/726dd77e-6f84-4862-a7ab-cd… @ https://out-run-6kaq1gnpv-davids-projects-0d6e1f97.vercel.app/_next/static/chunks/5677-ee8c386e1a9c5532.js:0
[  412123ms] [LOG] [ContentResolver] Level 1 — exercise video resolved: "מקבילים" → https://vz-b17872ab-7a7.b-cdn.net/726dd77e-6f84-4862-a7ab-cd… @ https://out-run-6kaq1gnpv-davids-projects-0d6e1f97.vercel.app/_next/static/chunks/5677-ee8c386e1a9c5532.js:0
[  412123ms] [LOG] [DEBUG-RESOLVER] resolveContent("planche", 2) → programId="pCI5NHXpowu2ySucqDn8" @ https://out-run-6kaq1gnpv-davids-projects-0d6e1f97.vercel.app/_next/static/chunks/5677-ee8c386e1a9c5532.js:0
[  412123ms] [LOG] [DEBUG-RESOLVER] resolveContent("planche", 2) → programId="pCI5NHXpowu2ySucqDn8" @ https://out-run-6kaq1gnpv-davids-projects-0d6e1f97.vercel.app/_next/static/chunks/5677-ee8c386e1a9c5532.js:0
[  412124ms] [LOG] [ContentResolver] Level 3 — exercise video resolved: "שכיבות סמיכה פייק" → https://vz-b17872ab-7a7.b-cdn.net/0fa11ec8-3148-470b-86f5-67… @ https://out-run-6kaq1gnpv-davids-projects-0d6e1f97.vercel.app/_next/static/chunks/5677-ee8c386e1a9c5532.js:0
[  412124ms] [LOG] [ContentResolver] Level 5 — exercise video resolved: "שכיבות סמיכה פייק גובה ברך" → https://vz-b17872ab-7a7.b-cdn.net/dd052f3a-2677-4fa8-af31-0d… @ https://out-run-6kaq1gnpv-davids-projects-0d6e1f97.vercel.app/_next/static/chunks/5677-ee8c386e1a9c5532.js:0
[  412124ms] [LOG] [ContentResolver] Level 7 — exercise video resolved: "פלאנץ׳ בטאק" → https://vz-b17872ab-7a7.b-cdn.net/912c9beb-a881-4593-980b-38… @ https://out-run-6kaq1gnpv-davids-projects-0d6e1f97.vercel.app/_next/static/chunks/5677-ee8c386e1a9c5532.js:0
[  412124ms] [LOG] [ContentResolver] Level 10 — exercise video resolved: "פלאנץ׳ בטאק מתקדם " → https://vz-b17872ab-7a7.b-cdn.net/a4325b8a-be75-455b-a793-ca… @ https://out-run-6kaq1gnpv-davids-projects-0d6e1f97.vercel.app/_next/static/chunks/5677-ee8c386e1a9c5532.js:0
[  412210ms] [LOG] [VisualContentService] docToContent "pCI5NHXpowu2ySucqDn8_11": {hasVideoVariantsField: true, hasVariantsField: false, rawType: array[0], parsedVariantsCount: 0, allTopLevelKeys: Array(14)} @ https://out-run-6kaq1gnpv-davids-projects-0d6e1f97.vercel.app/_next/static/chunks/5677-ee8c386e1a9c5532.js:0
[  412210ms] [LOG] [VisualContentService] docToContent "pCI5NHXpowu2ySucqDn8_12": {hasVideoVariantsField: true, hasVariantsField: false, rawType: array[0], parsedVariantsCount: 0, allTopLevelKeys: Array(14)} @ https://out-run-6kaq1gnpv-davids-projects-0d6e1f97.vercel.app/_next/static/chunks/5677-ee8c386e1a9c5532.js:0
[  412210ms] [LOG] [VisualContentService] docToContent "pCI5NHXpowu2ySucqDn8_13": {hasVideoVariantsField: true, hasVariantsField: false, rawType: array[0], parsedVariantsCount: 0, allTopLevelKeys: Array(14)} @ https://out-run-6kaq1gnpv-davids-projects-0d6e1f97.vercel.app/_next/static/chunks/5677-ee8c386e1a9c5532.js:0
[  412210ms] [LOG] [VisualContentService] docToContent "pCI5NHXpowu2ySucqDn8_14": {hasVideoVariantsField: true, hasVariantsField: false, rawType: array[0], parsedVariantsCount: 0, allTopLevelKeys: Array(14)} @ https://out-run-6kaq1gnpv-davids-projects-0d6e1f97.vercel.app/_next/static/chunks/5677-ee8c386e1a9c5532.js:0
[  412274ms] [LOG] [VisualContentService] docToContent "pCI5NHXpowu2ySucqDn8_2": {hasVideoVariantsField: true, hasVariantsField: false, rawType: array[0], parsedVariantsCount: 0, allTopLevelKeys: Array(14)} @ https://out-run-6kaq1gnpv-davids-projects-0d6e1f97.vercel.app/_next/static/chunks/5677-ee8c386e1a9c5532.js:0
[  412274ms] [LOG] [DEBUG-RESOLVER] attempt1 getVisualContentItem("pCI5NHXpowu2ySucqDn8", 2) → FOUND @ https://out-run-6kaq1gnpv-davids-projects-0d6e1f97.vercel.app/_next/static/chunks/5677-ee8c386e1a9c5532.js:0
[  412274ms] [LOG] [VisualContentService] docToContent "pCI5NHXpowu2ySucqDn8_2": {hasVideoVariantsField: true, hasVariantsField: false, rawType: array[0], parsedVariantsCount: 0, allTopLevelKeys: Array(14)} @ https://out-run-6kaq1gnpv-davids-projects-0d6e1f97.vercel.app/_next/static/chunks/5677-ee8c386e1a9c5532.js:0
[  412274ms] [LOG] [DEBUG-RESOLVER] attempt1 getVisualContentItem("pCI5NHXpowu2ySucqDn8", 2) → FOUND @ https://out-run-6kaq1gnpv-davids-projects-0d6e1f97.vercel.app/_next/static/chunks/5677-ee8c386e1a9c5532.js:0
[  412361ms] [LOG] [VisualContentService] docToContent "pCI5NHXpowu2ySucqDn8_10": {hasVideoVariantsField: true, hasVariantsField: false, rawType: array[0], parsedVariantsCount: 0, allTopLevelKeys: Array(14)} @ https://out-run-6kaq1gnpv-davids-projects-0d6e1f97.vercel.app/_next/static/chunks/5677-ee8c386e1a9c5532.js:0
[  412361ms] [LOG] [VisualContentService] docToContent "pCI5NHXpowu2ySucqDn8_11": {hasVideoVariantsField: true, hasVariantsField: false, rawType: array[0], parsedVariantsCount: 0, allTopLevelKeys: Array(14)} @ https://out-run-6kaq1gnpv-davids-projects-0d6e1f97.vercel.app/_next/static/chunks/5677-ee8c386e1a9c5532.js:0
[  412361ms] [LOG] [VisualContentService] docToContent "pCI5NHXpowu2ySucqDn8_12": {hasVideoVariantsField: true, hasVariantsField: false, rawType: array[0], parsedVariantsCount: 0, allTopLevelKeys: Array(14)} @ https://out-run-6kaq1gnpv-davids-projects-0d6e1f97.vercel.app/_next/static/chunks/5677-ee8c386e1a9c5532.js:0
[  412361ms] [LOG] [VisualContentService] docToContent "pCI5NHXpowu2ySucqDn8_13": {hasVideoVariantsField: true, hasVariantsField: false, rawType: array[0], parsedVariantsCount: 0, allTopLevelKeys: Array(14)} @ https://out-run-6kaq1gnpv-davids-projects-0d6e1f97.vercel.app/_next/static/chunks/5677-ee8c386e1a9c5532.js:0
[  412377ms] [LOG] [ContentResolver] Level 2 — exercise video resolved: "שכיבות סמיכה סופינציה" → https://vz-b17872ab-7a7.b-cdn.net/9817c4dc-0765-4be0-af69-74… @ https://out-run-6kaq1gnpv-davids-projects-0d6e1f97.vercel.app/_next/static/chunks/5677-ee8c386e1a9c5532.js:0
[  412377ms] [LOG] [ContentResolver] Level 2 — exercise video resolved: "שכיבות סמיכה סופינציה" → https://vz-b17872ab-7a7.b-cdn.net/9817c4dc-0765-4be0-af69-74… @ https://out-run-6kaq1gnpv-davids-projects-0d6e1f97.vercel.app/_next/static/chunks/5677-ee8c386e1a9c5532.js:0
[  412492ms] [LOG] [VisualContentService] docToContent "pCI5NHXpowu2ySucqDn8_9": {hasVideoVariantsField: true, hasVariantsField: false, rawType: array[0], parsedVariantsCount: 0, allTopLevelKeys: Array(14)} @ https://out-run-6kaq1gnpv-davids-projects-0d6e1f97.vercel.app/_next/static/chunks/5677-ee8c386e1a9c5532.js:0
[  412492ms] [LOG] [VisualContentService] docToContent "pCI5NHXpowu2ySucqDn8_10": {hasVideoVariantsField: true, hasVariantsField: false, rawType: array[0], parsedVariantsCount: 0, allTopLevelKeys: Array(14)} @ https://out-run-6kaq1gnpv-davids-projects-0d6e1f97.vercel.app/_next/static/chunks/5677-ee8c386e1a9c5532.js:0
[  412492ms] [LOG] [VisualContentService] docToContent "pCI5NHXpowu2ySucqDn8_11": {hasVideoVariantsField: true, hasVariantsField: false, rawType: array[0], parsedVariantsCount: 0, allTopLevelKeys: Array(14)} @ https://out-run-6kaq1gnpv-davids-projects-0d6e1f97.vercel.app/_next/static/chunks/5677-ee8c386e1a9c5532.js:0
[  412492ms] [LOG] [VisualContentService] docToContent "pCI5NHXpowu2ySucqDn8_12": {hasVideoVariantsField: true, hasVariantsField: false, rawType: array[0], parsedVariantsCount: 0, allTopLevelKeys: Array(14)} @ https://out-run-6kaq1gnpv-davids-projects-0d6e1f97.vercel.app/_next/static/chunks/5677-ee8c386e1a9c5532.js:0
[  412611ms] [LOG] [VisualContentService] docToContent "pCI5NHXpowu2ySucqDn8_8": {hasVideoVariantsField: true, hasVariantsField: false, rawType: array[0], parsedVariantsCount: 0, allTopLevelKeys: Array(14)} @ https://out-run-6kaq1gnpv-davids-projects-0d6e1f97.vercel.app/_next/static/chunks/5677-ee8c386e1a9c5532.js:0
[  412611ms] [LOG] [VisualContentService] docToContent "pCI5NHXpowu2ySucqDn8_9": {hasVideoVariantsField: true, hasVariantsField: false, rawType: array[0], parsedVariantsCount: 0, allTopLevelKeys: Array(14)} @ https://out-run-6kaq1gnpv-davids-projects-0d6e1f97.vercel.app/_next/static/chunks/5677-ee8c386e1a9c5532.js:0
[  412611ms] [LOG] [VisualContentService] docToContent "pCI5NHXpowu2ySucqDn8_10": {hasVideoVariantsField: true, hasVariantsField: false, rawType: array[0], parsedVariantsCount: 0, allTopLevelKeys: Array(14)} @ https://out-run-6kaq1gnpv-davids-projects-0d6e1f97.vercel.app/_next/static/chunks/5677-ee8c386e1a9c5532.js:0
[  412611ms] [LOG] [VisualContentService] docToContent "pCI5NHXpowu2ySucqDn8_11": {hasVideoVariantsField: true, hasVariantsField: false, rawType: array[0], parsedVariantsCount: 0, allTopLevelKeys: Array(14)} @ https://out-run-6kaq1gnpv-davids-projects-0d6e1f97.vercel.app/_next/static/chunks/5677-ee8c386e1a9c5532.js:0
[  412731ms] [LOG] [VisualContentService] docToContent "pCI5NHXpowu2ySucqDn8_7": {hasVideoVariantsField: true, hasVariantsField: false, rawType: array[0], parsedVariantsCount: 0, allTopLevelKeys: Array(14)} @ https://out-run-6kaq1gnpv-davids-projects-0d6e1f97.vercel.app/_next/static/chunks/5677-ee8c386e1a9c5532.js:0
[  412731ms] [LOG] [VisualContentService] docToContent "pCI5NHXpowu2ySucqDn8_8": {hasVideoVariantsField: true, hasVariantsField: false, rawType: array[0], parsedVariantsCount: 0, allTopLevelKeys: Array(14)} @ https://out-run-6kaq1gnpv-davids-projects-0d6e1f97.vercel.app/_next/static/chunks/5677-ee8c386e1a9c5532.js:0
[  412731ms] [LOG] [VisualContentService] docToContent "pCI5NHXpowu2ySucqDn8_9": {hasVideoVariantsField: true, hasVariantsField: false, rawType: array[0], parsedVariantsCount: 0, allTopLevelKeys: Array(14)} @ https://out-run-6kaq1gnpv-davids-projects-0d6e1f97.vercel.app/_next/static/chunks/5677-ee8c386e1a9c5532.js:0
[  412731ms] [LOG] [VisualContentService] docToContent "pCI5NHXpowu2ySucqDn8_10": {hasVideoVariantsField: true, hasVariantsField: false, rawType: array[0], parsedVariantsCount: 0, allTopLevelKeys: Array(14)} @ https://out-run-6kaq1gnpv-davids-projects-0d6e1f97.vercel.app/_next/static/chunks/5677-ee8c386e1a9c5532.js:0
[  412862ms] [LOG] [VisualContentService] docToContent "pCI5NHXpowu2ySucqDn8_6": {hasVideoVariantsField: true, hasVariantsField: false, rawType: array[0], parsedVariantsCount: 0, allTopLevelKeys: Array(14)} @ https://out-run-6kaq1gnpv-davids-projects-0d6e1f97.vercel.app/_next/static/chunks/5677-ee8c386e1a9c5532.js:0
[  412862ms] [LOG] [VisualContentService] docToContent "pCI5NHXpowu2ySucqDn8_7": {hasVideoVariantsField: true, hasVariantsField: false, rawType: array[0], parsedVariantsCount: 0, allTopLevelKeys: Array(14)} @ https://out-run-6kaq1gnpv-davids-projects-0d6e1f97.vercel.app/_next/static/chunks/5677-ee8c386e1a9c5532.js:0
[  412862ms] [LOG] [VisualContentService] docToContent "pCI5NHXpowu2ySucqDn8_8": {hasVideoVariantsField: true, hasVariantsField: false, rawType: array[0], parsedVariantsCount: 0, allTopLevelKeys: Array(14)} @ https://out-run-6kaq1gnpv-davids-projects-0d6e1f97.vercel.app/_next/static/chunks/5677-ee8c386e1a9c5532.js:0
[  412862ms] [LOG] [VisualContentService] docToContent "pCI5NHXpowu2ySucqDn8_9": {hasVideoVariantsField: true, hasVariantsField: false, rawType: array[0], parsedVariantsCount: 0, allTopLevelKeys: Array(14)} @ https://out-run-6kaq1gnpv-davids-projects-0d6e1f97.vercel.app/_next/static/chunks/5677-ee8c386e1a9c5532.js:0
[  412990ms] [LOG] [VisualContentService] docToContent "pCI5NHXpowu2ySucqDn8_5": {hasVideoVariantsField: true, hasVariantsField: false, rawType: array[0], parsedVariantsCount: 0, allTopLevelKeys: Array(14)} @ https://out-run-6kaq1gnpv-davids-projects-0d6e1f97.vercel.app/_next/static/chunks/5677-ee8c386e1a9c5532.js:0
[  412990ms] [LOG] [VisualContentService] docToContent "pCI5NHXpowu2ySucqDn8_6": {hasVideoVariantsField: true, hasVariantsField: false, rawType: array[0], parsedVariantsCount: 0, allTopLevelKeys: Array(14)} @ https://out-run-6kaq1gnpv-davids-projects-0d6e1f97.vercel.app/_next/static/chunks/5677-ee8c386e1a9c5532.js:0
[  412990ms] [LOG] [VisualContentService] docToContent "pCI5NHXpowu2ySucqDn8_7": {hasVideoVariantsField: true, hasVariantsField: false, rawType: array[0], parsedVariantsCount: 0, allTopLevelKeys: Array(14)} @ https://out-run-6kaq1gnpv-davids-projects-0d6e1f97.vercel.app/_next/static/chunks/5677-ee8c386e1a9c5532.js:0
[  412990ms] [LOG] [VisualContentService] docToContent "pCI5NHXpowu2ySucqDn8_8": {hasVideoVariantsField: true, hasVariantsField: false, rawType: array[0], parsedVariantsCount: 0, allTopLevelKeys: Array(14)} @ https://out-run-6kaq1gnpv-davids-projects-0d6e1f97.vercel.app/_next/static/chunks/5677-ee8c386e1a9c5532.js:0
[  413097ms] [LOG] [VisualContentService] docToContent "pCI5NHXpowu2ySucqDn8_4": {hasVideoVariantsField: true, hasVariantsField: false, rawType: array[0], parsedVariantsCount: 0, allTopLevelKeys: Array(14)} @ https://out-run-6kaq1gnpv-davids-projects-0d6e1f97.vercel.app/_next/static/chunks/5677-ee8c386e1a9c5532.js:0
[  413097ms] [LOG] [VisualContentService] docToContent "pCI5NHXpowu2ySucqDn8_5": {hasVideoVariantsField: true, hasVariantsField: false, rawType: array[0], parsedVariantsCount: 0, allTopLevelKeys: Array(14)} @ https://out-run-6kaq1gnpv-davids-projects-0d6e1f97.vercel.app/_next/static/chunks/5677-ee8c386e1a9c5532.js:0
[  413097ms] [LOG] [VisualContentService] docToContent "pCI5NHXpowu2ySucqDn8_6": {hasVideoVariantsField: true, hasVariantsField: false, rawType: array[0], parsedVariantsCount: 0, allTopLevelKeys: Array(14)} @ https://out-run-6kaq1gnpv-davids-projects-0d6e1f97.vercel.app/_next/static/chunks/5677-ee8c386e1a9c5532.js:0
[  413097ms] [LOG] [VisualContentService] docToContent "pCI5NHXpowu2ySucqDn8_7": {hasVideoVariantsField: true, hasVariantsField: false, rawType: array[0], parsedVariantsCount: 0, allTopLevelKeys: Array(14)} @ https://out-run-6kaq1gnpv-davids-projects-0d6e1f97.vercel.app/_next/static/chunks/5677-ee8c386e1a9c5532.js:0
[  413226ms] [LOG] [VisualContentService] docToContent "pCI5NHXpowu2ySucqDn8_3": {hasVideoVariantsField: true, hasVariantsField: false, rawType: array[0], parsedVariantsCount: 0, allTopLevelKeys: Array(14)} @ https://out-run-6kaq1gnpv-davids-projects-0d6e1f97.vercel.app/_next/static/chunks/5677-ee8c386e1a9c5532.js:0
[  413226ms] [LOG] [VisualContentService] docToContent "pCI5NHXpowu2ySucqDn8_4": {hasVideoVariantsField: true, hasVariantsField: false, rawType: array[0], parsedVariantsCount: 0, allTopLevelKeys: Array(14)} @ https://out-run-6kaq1gnpv-davids-projects-0d6e1f97.vercel.app/_next/static/chunks/5677-ee8c386e1a9c5532.js:0
[  413226ms] [LOG] [VisualContentService] docToContent "pCI5NHXpowu2ySucqDn8_5": {hasVideoVariantsField: true, hasVariantsField: false, rawType: array[0], parsedVariantsCount: 0, allTopLevelKeys: Array(14)} @ https://out-run-6kaq1gnpv-davids-projects-0d6e1f97.vercel.app/_next/static/chunks/5677-ee8c386e1a9c5532.js:0
[  413226ms] [LOG] [VisualContentService] docToContent "pCI5NHXpowu2ySucqDn8_6": {hasVideoVariantsField: true, hasVariantsField: false, rawType: array[0], parsedVariantsCount: 0, allTopLevelKeys: Array(14)} @ https://out-run-6kaq1gnpv-davids-projects-0d6e1f97.vercel.app/_next/static/chunks/5677-ee8c386e1a9c5532.js:0
[  413335ms] [LOG] [VisualContentService] docToContent "pCI5NHXpowu2ySucqDn8_3": {hasVideoVariantsField: true, hasVariantsField: false, rawType: array[0], parsedVariantsCount: 0, allTopLevelKeys: Array(14)} @ https://out-run-6kaq1gnpv-davids-projects-0d6e1f97.vercel.app/_next/static/chunks/5677-ee8c386e1a9c5532.js:0
[  413335ms] [LOG] [VisualContentService] docToContent "pCI5NHXpowu2ySucqDn8_4": {hasVideoVariantsField: true, hasVariantsField: false, rawType: array[0], parsedVariantsCount: 0, allTopLevelKeys: Array(14)} @ https://out-run-6kaq1gnpv-davids-projects-0d6e1f97.vercel.app/_next/static/chunks/5677-ee8c386e1a9c5532.js:0
[  413336ms] [LOG] [VisualContentService] docToContent "pCI5NHXpowu2ySucqDn8_2": {hasVideoVariantsField: true, hasVariantsField: false, rawType: array[0], parsedVariantsCount: 0, allTopLevelKeys: Array(14)} @ https://out-run-6kaq1gnpv-davids-projects-0d6e1f97.vercel.app/_next/static/chunks/5677-ee8c386e1a9c5532.js:0
[  413337ms] [LOG] [VisualContentService] docToContent "pCI5NHXpowu2ySucqDn8_2": {hasVideoVariantsField: true, hasVariantsField: false, rawType: array[0], parsedVariantsCount: 0, allTopLevelKeys: Array(14)} @ https://out-run-6kaq1gnpv-davids-projects-0d6e1f97.vercel.app/_next/static/chunks/5677-ee8c386e1a9c5532.js:0
[  413339ms] [LOG] [VisualContentService] docToContent "pCI5NHXpowu2ySucqDn8_5": {hasVideoVariantsField: true, hasVariantsField: false, rawType: array[0], parsedVariantsCount: 0, allTopLevelKeys: Array(14)} @ https://out-run-6kaq1gnpv-davids-projects-0d6e1f97.vercel.app/_next/static/chunks/5677-ee8c386e1a9c5532.js:0
[  413478ms] [LOG] [VisualContentService] docToContent "pCI5NHXpowu2ySucqDn8_3": {hasVideoVariantsField: true, hasVariantsField: false, rawType: array[0], parsedVariantsCount: 0, allTopLevelKeys: Array(14)} @ https://out-run-6kaq1gnpv-davids-projects-0d6e1f97.vercel.app/_next/static/chunks/5677-ee8c386e1a9c5532.js:0
[  413479ms] [LOG] [VisualContentService] docToContent "pCI5NHXpowu2ySucqDn8_1": {hasVideoVariantsField: true, hasVariantsField: false, rawType: array[0], parsedVariantsCount: 0, allTopLevelKeys: Array(14)} @ https://out-run-6kaq1gnpv-davids-projects-0d6e1f97.vercel.app/_next/static/chunks/5677-ee8c386e1a9c5532.js:0
[  413479ms] [LOG] [VisualContentService] docToContent "pCI5NHXpowu2ySucqDn8_1": {hasVideoVariantsField: true, hasVariantsField: false, rawType: array[0], parsedVariantsCount: 0, allTopLevelKeys: Array(14)} @ https://out-run-6kaq1gnpv-davids-projects-0d6e1f97.vercel.app/_next/static/chunks/5677-ee8c386e1a9c5532.js:0
[  413479ms] [LOG] [VisualContentService] docToContent "pCI5NHXpowu2ySucqDn8_4": {hasVideoVariantsField: true, hasVariantsField: false, rawType: array[0], parsedVariantsCount: 0, allTopLevelKeys: Array(14)} @ https://out-run-6kaq1gnpv-davids-projects-0d6e1f97.vercel.app/_next/static/chunks/5677-ee8c386e1a9c5532.js:0
[  413600ms] [LOG] [VisualContentService] docToContent "pCI5NHXpowu2ySucqDn8_2": {hasVideoVariantsField: true, hasVariantsField: false, rawType: array[0], parsedVariantsCount: 0, allTopLevelKeys: Array(14)} @ https://out-run-6kaq1gnpv-davids-projects-0d6e1f97.vercel.app/_next/static/chunks/5677-ee8c386e1a9c5532.js:0
[  413600ms] [LOG] [VisualContentService] docToContent "pCI5NHXpowu2ySucqDn8_3": {hasVideoVariantsField: true, hasVariantsField: false, rawType: array[0], parsedVariantsCount: 0, allTopLevelKeys: Array(14)} @ https://out-run-6kaq1gnpv-davids-projects-0d6e1f97.vercel.app/_next/static/chunks/5677-ee8c386e1a9c5532.js:0
[  413738ms] [LOG] [VisualContentService] docToContent "pCI5NHXpowu2ySucqDn8_1": {hasVideoVariantsField: true, hasVariantsField: false, rawType: array[0], parsedVariantsCount: 0, allTopLevelKeys: Array(14)} @ https://out-run-6kaq1gnpv-davids-projects-0d6e1f97.vercel.app/_next/static/chunks/5677-ee8c386e1a9c5532.js:0
[  413788ms] [LOG] [VisualContentService] docToContent "pCI5NHXpowu2ySucqDn8_2": {hasVideoVariantsField: true, hasVariantsField: false, rawType: array[0], parsedVariantsCount: 0, allTopLevelKeys: Array(14)} @ https://out-run-6kaq1gnpv-davids-projects-0d6e1f97.vercel.app/_next/static/chunks/5677-ee8c386e1a9c5532.js:0
[  413889ms] [LOG] [VisualContentService] docToContent "pCI5NHXpowu2ySucqDn8_1": {hasVideoVariantsField: true, hasVariantsField: false, rawType: array[0], parsedVariantsCount: 0, allTopLevelKeys: Array(14)} @ https://out-run-6kaq1gnpv-davids-projects-0d6e1f97.vercel.app/_next/static/chunks/5677-ee8c386e1a9c5532.js:0
[  423226ms] [LOG] [DEBUG-RESOLVER] resolveContent("planche", 15) → programId="pCI5NHXpowu2ySucqDn8" @ https://out-run-6kaq1gnpv-davids-projects-0d6e1f97.vercel.app/_next/static/chunks/5677-ee8c386e1a9c5532.js:0
[  423226ms] [LOG] [DEBUG-RESOLVER] resolveContent("planche", 14) → programId="pCI5NHXpowu2ySucqDn8" @ https://out-run-6kaq1gnpv-davids-projects-0d6e1f97.vercel.app/_next/static/chunks/5677-ee8c386e1a9c5532.js:0
[  423226ms] [LOG] [DEBUG-RESOLVER] resolveContent("planche", 14) → programId="pCI5NHXpowu2ySucqDn8" @ https://out-run-6kaq1gnpv-davids-projects-0d6e1f97.vercel.app/_next/static/chunks/5677-ee8c386e1a9c5532.js:0
[  447889ms] [LOG] [DEBUG-RESOLVER] resolveContent("planche", 1) → programId="pCI5NHXpowu2ySucqDn8" @ https://out-run-6kaq1gnpv-davids-projects-0d6e1f97.vercel.app/_next/static/chunks/5677-ee8c386e1a9c5532.js:0
[  447889ms] [LOG] [DEBUG-RESOLVER] resolveContent("planche", 2) → programId="pCI5NHXpowu2ySucqDn8" @ https://out-run-6kaq1gnpv-davids-projects-0d6e1f97.vercel.app/_next/static/chunks/5677-ee8c386e1a9c5532.js:0
[  447889ms] [LOG] [DEBUG-RESOLVER] resolveContent("planche", 2) → programId="pCI5NHXpowu2ySucqDn8" @ https://out-run-6kaq1gnpv-davids-projects-0d6e1f97.vercel.app/_next/static/chunks/5677-ee8c386e1a9c5532.js:0
[  448769ms] [LOG] [DEBUG-RESOLVER] resolveContent("planche", 13) → programId="pCI5NHXpowu2ySucqDn8" @ https://out-run-6kaq1gnpv-davids-projects-0d6e1f97.vercel.app/_next/static/chunks/5677-ee8c386e1a9c5532.js:0
[  448769ms] [LOG] [DEBUG-RESOLVER] resolveContent("planche", 12) → programId="pCI5NHXpowu2ySucqDn8" @ https://out-run-6kaq1gnpv-davids-projects-0d6e1f97.vercel.app/_next/static/chunks/5677-ee8c386e1a9c5532.js:0
[  448769ms] [LOG] [DEBUG-RESOLVER] resolveContent("planche", 14) → programId="pCI5NHXpowu2ySucqDn8" @ https://out-run-6kaq1gnpv-davids-projects-0d6e1f97.vercel.app/_next/static/chunks/5677-ee8c386e1a9c5532.js:0
[  448769ms] [LOG] [DEBUG-RESOLVER] resolveContent("planche", 14) → programId="pCI5NHXpowu2ySucqDn8" @ https://out-run-6kaq1gnpv-davids-projects-0d6e1f97.vercel.app/_next/static/chunks/5677-ee8c386e1a9c5532.js:0
[  450136ms] [LOG] [DEBUG-RESOLVER] resolveContent("planche", 15) → programId="pCI5NHXpowu2ySucqDn8" @ https://out-run-6kaq1gnpv-davids-projects-0d6e1f97.vercel.app/_next/static/chunks/5677-ee8c386e1a9c5532.js:0
[  450136ms] [LOG] [DEBUG-RESOLVER] resolveContent("planche", 14) → programId="pCI5NHXpowu2ySucqDn8" @ https://out-run-6kaq1gnpv-davids-projects-0d6e1f97.vercel.app/_next/static/chunks/5677-ee8c386e1a9c5532.js:0
[  450136ms] [LOG] [DEBUG-RESOLVER] resolveContent("planche", 14) → programId="pCI5NHXpowu2ySucqDn8" @ https://out-run-6kaq1gnpv-davids-projects-0d6e1f97.vercel.app/_next/static/chunks/5677-ee8c386e1a9c5532.js:0
[  499556ms] [LOG] [DEBUG-RESOLVER] resolveContent("planche", 1) → programId="pCI5NHXpowu2ySucqDn8" @ https://out-run-6kaq1gnpv-davids-projects-0d6e1f97.vercel.app/_next/static/chunks/5677-ee8c386e1a9c5532.js:0
[  499557ms] [LOG] [DEBUG-RESOLVER] resolveContent("planche", 2) → programId="pCI5NHXpowu2ySucqDn8" @ https://out-run-6kaq1gnpv-davids-projects-0d6e1f97.vercel.app/_next/static/chunks/5677-ee8c386e1a9c5532.js:0
[  499557ms] [LOG] [DEBUG-RESOLVER] resolveContent("planche", 2) → programId="pCI5NHXpowu2ySucqDn8" @ https://out-run-6kaq1gnpv-davids-projects-0d6e1f97.vercel.app/_next/static/chunks/5677-ee8c386e1a9c5532.js:0
[ 2637251ms] [ERROR] Failed to load resource: net::ERR_QUIC_PROTOCOL_ERROR.QUIC_PACKET_WRITE_ERROR @ https://firestore.googleapis.com/google.firestore.v1.Firestore/Listen/channel?gsessionid=kfvxRseLKxVeLrRf0RyvE2z5mbYUmYwcT_MuiYouEZsKbVBWFagzng&VER=8&database=projects%2Fappout-1%2Fdatabases%2F(default)&RID=rpc&SID=xn7w6th6DeU9DPZHMYMOng&AID=1548&CI=0&TYPE=xmlhttp&zx=coxz0y73yqn2&t=1:0
[ 3312765ms] [WARNING] [2026-09-22T17:17:13.997Z]  @firebase/auth: Auth (12.6.0): Error while retrieving App Check token: FirebaseError: AppCheck: ReCAPTCHA error. (appCheck/recaptcha-error). @ https://out-run-6kaq1gnpv-davids-projects-0d6e1f97.vercel.app/_next/static/chunks/2532-16f59635ee5a761a.js:14
[ 4692667ms] [LOG] [DEBUG-RESOLVER] resolveContent("planche", 3) → programId="pCI5NHXpowu2ySucqDn8" @ https://out-run-6kaq1gnpv-davids-projects-0d6e1f97.vercel.app/_next/static/chunks/5677-ee8c386e1a9c5532.js:0
[ 4692892ms] [LOG] [VisualContentService] docToContent "pCI5NHXpowu2ySucqDn8_3": {hasVideoVariantsField: true, hasVariantsField: false, rawType: array[0], parsedVariantsCount: 0, allTopLevelKeys: Array(14)} @ https://out-run-6kaq1gnpv-davids-projects-0d6e1f97.vercel.app/_next/static/chunks/5677-ee8c386e1a9c5532.js:0
[ 4692896ms] [LOG] [DEBUG-RESOLVER] attempt1 getVisualContentItem("pCI5NHXpowu2ySucqDn8", 3) → FOUND @ https://out-run-6kaq1gnpv-davids-projects-0d6e1f97.vercel.app/_next/static/chunks/5677-ee8c386e1a9c5532.js:0
[ 4693078ms] [LOG] [ContentResolver] Level 3 — exercise video resolved: "שכיבות סמיכה פייק" → https://vz-b17872ab-7a7.b-cdn.net/0fa11ec8-3148-470b-86f5-67… @ https://out-run-6kaq1gnpv-davids-projects-0d6e1f97.vercel.app/_next/static/chunks/5677-ee8c386e1a9c5532.js:0
[ 4693079ms] [LOG] [DEBUG-RESOLVER] resolveContent("planche", 2) → programId="pCI5NHXpowu2ySucqDn8" @ https://out-run-6kaq1gnpv-davids-projects-0d6e1f97.vercel.app/_next/static/chunks/5677-ee8c386e1a9c5532.js:0
[ 4693079ms] [LOG] [DEBUG-RESOLVER] resolveContent("planche", 4) → programId="pCI5NHXpowu2ySucqDn8" @ https://out-run-6kaq1gnpv-davids-projects-0d6e1f97.vercel.app/_next/static/chunks/5677-ee8c386e1a9c5532.js:0
[ 4693079ms] [LOG] [DEBUG-RESOLVER] resolveContent("planche", 4) → programId="pCI5NHXpowu2ySucqDn8" @ https://out-run-6kaq1gnpv-davids-projects-0d6e1f97.vercel.app/_next/static/chunks/5677-ee8c386e1a9c5532.js:0
[ 4693270ms] [LOG] [VisualContentService] docToContent "pCI5NHXpowu2ySucqDn8_2": {hasVideoVariantsField: true, hasVariantsField: false, rawType: array[0], parsedVariantsCount: 0, allTopLevelKeys: Array(14)} @ https://out-run-6kaq1gnpv-davids-projects-0d6e1f97.vercel.app/_next/static/chunks/5677-ee8c386e1a9c5532.js:0
[ 4693270ms] [LOG] [DEBUG-RESOLVER] attempt1 getVisualContentItem("pCI5NHXpowu2ySucqDn8", 2) → FOUND @ https://out-run-6kaq1gnpv-davids-projects-0d6e1f97.vercel.app/_next/static/chunks/5677-ee8c386e1a9c5532.js:0
[ 4693270ms] [LOG] [VisualContentService] docToContent "pCI5NHXpowu2ySucqDn8_4": {hasVideoVariantsField: true, hasVariantsField: false, rawType: array[0], parsedVariantsCount: 0, allTopLevelKeys: Array(14)} @ https://out-run-6kaq1gnpv-davids-projects-0d6e1f97.vercel.app/_next/static/chunks/5677-ee8c386e1a9c5532.js:0
[ 4693270ms] [LOG] [DEBUG-RESOLVER] attempt1 getVisualContentItem("pCI5NHXpowu2ySucqDn8", 4) → FOUND @ https://out-run-6kaq1gnpv-davids-projects-0d6e1f97.vercel.app/_next/static/chunks/5677-ee8c386e1a9c5532.js:0
[ 4693270ms] [LOG] [VisualContentService] docToContent "pCI5NHXpowu2ySucqDn8_4": {hasVideoVariantsField: true, hasVariantsField: false, rawType: array[0], parsedVariantsCount: 0, allTopLevelKeys: Array(14)} @ https://out-run-6kaq1gnpv-davids-projects-0d6e1f97.vercel.app/_next/static/chunks/5677-ee8c386e1a9c5532.js:0
[ 4693270ms] [LOG] [DEBUG-RESOLVER] attempt1 getVisualContentItem("pCI5NHXpowu2ySucqDn8", 4) → FOUND @ https://out-run-6kaq1gnpv-davids-projects-0d6e1f97.vercel.app/_next/static/chunks/5677-ee8c386e1a9c5532.js:0
[ 4693410ms] [LOG] [ContentResolver] Level 2 — exercise video resolved: "שכיבות סמיכה סופינציה" → https://vz-b17872ab-7a7.b-cdn.net/9817c4dc-0765-4be0-af69-74… @ https://out-run-6kaq1gnpv-davids-projects-0d6e1f97.vercel.app/_next/static/chunks/5677-ee8c386e1a9c5532.js:0
[ 4693410ms] [LOG] [ContentResolver] Level 4 — exercise video resolved: "עמידת פייק גובה ברך" → https://vz-b17872ab-7a7.b-cdn.net/6579bf6b-6527-4637-b9bc-03… @ https://out-run-6kaq1gnpv-davids-projects-0d6e1f97.vercel.app/_next/static/chunks/5677-ee8c386e1a9c5532.js:0
[ 4693410ms] [LOG] [ContentResolver] Level 4 — exercise video resolved: "עמידת פייק גובה ברך" → https://vz-b17872ab-7a7.b-cdn.net/6579bf6b-6527-4637-b9bc-03… @ https://out-run-6kaq1gnpv-davids-projects-0d6e1f97.vercel.app/_next/static/chunks/5677-ee8c386e1a9c5532.js:0
[ 4700674ms] [LOG] [DEBUG-RESOLVER] resolveContent("planche", 7) → programId="pCI5NHXpowu2ySucqDn8" @ https://out-run-6kaq1gnpv-davids-projects-0d6e1f97.vercel.app/_next/static/chunks/5677-ee8c386e1a9c5532.js:0
[ 4700953ms] [LOG] [VisualContentService] docToContent "pCI5NHXpowu2ySucqDn8_7": {hasVideoVariantsField: true, hasVariantsField: false, rawType: array[0], parsedVariantsCount: 0, allTopLevelKeys: Array(14)} @ https://out-run-6kaq1gnpv-davids-projects-0d6e1f97.vercel.app/_next/static/chunks/5677-ee8c386e1a9c5532.js:0
[ 4700953ms] [LOG] [DEBUG-RESOLVER] attempt1 getVisualContentItem("pCI5NHXpowu2ySucqDn8", 7) → FOUND @ https://out-run-6kaq1gnpv-davids-projects-0d6e1f97.vercel.app/_next/static/chunks/5677-ee8c386e1a9c5532.js:0
[ 4701069ms] [LOG] [ContentResolver] Level 7 — exercise video resolved: "פלאנץ׳ בטאק" → https://vz-b17872ab-7a7.b-cdn.net/912c9beb-a881-4593-980b-38… @ https://out-run-6kaq1gnpv-davids-projects-0d6e1f97.vercel.app/_next/static/chunks/5677-ee8c386e1a9c5532.js:0
[ 4701070ms] [LOG] [DEBUG-RESOLVER] resolveContent("planche", 6) → programId="pCI5NHXpowu2ySucqDn8" @ https://out-run-6kaq1gnpv-davids-projects-0d6e1f97.vercel.app/_next/static/chunks/5677-ee8c386e1a9c5532.js:0
[ 4701070ms] [LOG] [DEBUG-RESOLVER] resolveContent("planche", 8) → programId="pCI5NHXpowu2ySucqDn8" @ https://out-run-6kaq1gnpv-davids-projects-0d6e1f97.vercel.app/_next/static/chunks/5677-ee8c386e1a9c5532.js:0
[ 4701070ms] [LOG] [DEBUG-RESOLVER] resolveContent("planche", 8) → programId="pCI5NHXpowu2ySucqDn8" @ https://out-run-6kaq1gnpv-davids-projects-0d6e1f97.vercel.app/_next/static/chunks/5677-ee8c386e1a9c5532.js:0
[ 4701233ms] [LOG] [VisualContentService] docToContent "pCI5NHXpowu2ySucqDn8_6": {hasVideoVariantsField: true, hasVariantsField: false, rawType: array[0], parsedVariantsCount: 0, allTopLevelKeys: Array(14)} @ https://out-run-6kaq1gnpv-davids-projects-0d6e1f97.vercel.app/_next/static/chunks/5677-ee8c386e1a9c5532.js:0
[ 4701233ms] [LOG] [DEBUG-RESOLVER] attempt1 getVisualContentItem("pCI5NHXpowu2ySucqDn8", 6) → FOUND @ https://out-run-6kaq1gnpv-davids-projects-0d6e1f97.vercel.app/_next/static/chunks/5677-ee8c386e1a9c5532.js:0
[ 4701233ms] [LOG] [VisualContentService] docToContent "pCI5NHXpowu2ySucqDn8_8": {hasVideoVariantsField: true, hasVariantsField: false, rawType: array[0], parsedVariantsCount: 0, allTopLevelKeys: Array(14)} @ https://out-run-6kaq1gnpv-davids-projects-0d6e1f97.vercel.app/_next/static/chunks/5677-ee8c386e1a9c5532.js:0
[ 4701233ms] [LOG] [DEBUG-RESOLVER] attempt1 getVisualContentItem("pCI5NHXpowu2ySucqDn8", 8) → FOUND @ https://out-run-6kaq1gnpv-davids-projects-0d6e1f97.vercel.app/_next/static/chunks/5677-ee8c386e1a9c5532.js:0
[ 4701233ms] [LOG] [VisualContentService] docToContent "pCI5NHXpowu2ySucqDn8_8": {hasVideoVariantsField: true, hasVariantsField: false, rawType: array[0], parsedVariantsCount: 0, allTopLevelKeys: Array(14)} @ https://out-run-6kaq1gnpv-davids-projects-0d6e1f97.vercel.app/_next/static/chunks/5677-ee8c386e1a9c5532.js:0
[ 4701233ms] [LOG] [DEBUG-RESOLVER] attempt1 getVisualContentItem("pCI5NHXpowu2ySucqDn8", 8) → FOUND @ https://out-run-6kaq1gnpv-davids-projects-0d6e1f97.vercel.app/_next/static/chunks/5677-ee8c386e1a9c5532.js:0
[ 4701405ms] [LOG] [ContentResolver] Level 6 — exercise video resolved: "פלאנץ׳ בטאק בעזרת גומייה דקה" → https://vz-b17872ab-7a7.b-cdn.net/a4c64ee4-9fd0-4765-93e0-45… @ https://out-run-6kaq1gnpv-davids-projects-0d6e1f97.vercel.app/_next/static/chunks/5677-ee8c386e1a9c5532.js:0
[ 4701405ms] [LOG] [ContentResolver] Level 8 — exercise video resolved: "לחיצה מישיבת L לפייק" → https://vz-b17872ab-7a7.b-cdn.net/342be4cc-77b0-4802-855c-1c… @ https://out-run-6kaq1gnpv-davids-projects-0d6e1f97.vercel.app/_next/static/chunks/5677-ee8c386e1a9c5532.js:0
[ 4701405ms] [LOG] [ContentResolver] Level 8 — exercise video resolved: "לחיצה מישיבת L לפייק" → https://vz-b17872ab-7a7.b-cdn.net/342be4cc-77b0-4802-855c-1c… @ https://out-run-6kaq1gnpv-davids-projects-0d6e1f97.vercel.app/_next/static/chunks/5677-ee8c386e1a9c5532.js:0
[ 4702223ms] [LOG] [DEBUG-RESOLVER] resolveContent("planche", 5) → programId="pCI5NHXpowu2ySucqDn8" @ https://out-run-6kaq1gnpv-davids-projects-0d6e1f97.vercel.app/_next/static/chunks/5677-ee8c386e1a9c5532.js:0
[ 4702407ms] [LOG] [VisualContentService] docToContent "pCI5NHXpowu2ySucqDn8_5": {hasVideoVariantsField: true, hasVariantsField: false, rawType: array[0], parsedVariantsCount: 0, allTopLevelKeys: Array(14)} @ https://out-run-6kaq1gnpv-davids-projects-0d6e1f97.vercel.app/_next/static/chunks/5677-ee8c386e1a9c5532.js:0
[ 4702408ms] [LOG] [DEBUG-RESOLVER] attempt1 getVisualContentItem("pCI5NHXpowu2ySucqDn8", 5) → FOUND @ https://out-run-6kaq1gnpv-davids-projects-0d6e1f97.vercel.app/_next/static/chunks/5677-ee8c386e1a9c5532.js:0
[ 4702535ms] [LOG] [ContentResolver] Level 5 — exercise video resolved: "שכיבות סמיכה פייק גובה ברך" → https://vz-b17872ab-7a7.b-cdn.net/dd052f3a-2677-4fa8-af31-0d… @ https://out-run-6kaq1gnpv-davids-projects-0d6e1f97.vercel.app/_next/static/chunks/5677-ee8c386e1a9c5532.js:0
[ 4702536ms] [LOG] [DEBUG-RESOLVER] resolveContent("planche", 4) → programId="pCI5NHXpowu2ySucqDn8" @ https://out-run-6kaq1gnpv-davids-projects-0d6e1f97.vercel.app/_next/static/chunks/5677-ee8c386e1a9c5532.js:0
[ 4702536ms] [LOG] [DEBUG-RESOLVER] resolveContent("planche", 6) → programId="pCI5NHXpowu2ySucqDn8" @ https://out-run-6kaq1gnpv-davids-projects-0d6e1f97.vercel.app/_next/static/chunks/5677-ee8c386e1a9c5532.js:0
[ 4702536ms] [LOG] [DEBUG-RESOLVER] resolveContent("planche", 6) → programId="pCI5NHXpowu2ySucqDn8" @ https://out-run-6kaq1gnpv-davids-projects-0d6e1f97.vercel.app/_next/static/chunks/5677-ee8c386e1a9c5532.js:0
[ 4703958ms] [LOG] [DEBUG-RESOLVER] resolveContent("planche", 3) → programId="pCI5NHXpowu2ySucqDn8" @ https://out-run-6kaq1gnpv-davids-projects-0d6e1f97.vercel.app/_next/static/chunks/5677-ee8c386e1a9c5532.js:0
[ 4703959ms] [LOG] [DEBUG-RESOLVER] resolveContent("planche", 2) → programId="pCI5NHXpowu2ySucqDn8" @ https://out-run-6kaq1gnpv-davids-projects-0d6e1f97.vercel.app/_next/static/chunks/5677-ee8c386e1a9c5532.js:0
[ 4703959ms] [LOG] [DEBUG-RESOLVER] resolveContent("planche", 4) → programId="pCI5NHXpowu2ySucqDn8" @ https://out-run-6kaq1gnpv-davids-projects-0d6e1f97.vercel.app/_next/static/chunks/5677-ee8c386e1a9c5532.js:0
[ 4703959ms] [LOG] [DEBUG-RESOLVER] resolveContent("planche", 4) → programId="pCI5NHXpowu2ySucqDn8" @ https://out-run-6kaq1gnpv-davids-projects-0d6e1f97.vercel.app/_next/static/chunks/5677-ee8c386e1a9c5532.js:0
[ 4706197ms] [LOG] [DEBUG-RESOLVER] resolveContent("planche", 1) → programId="pCI5NHXpowu2ySucqDn8" @ https://out-run-6kaq1gnpv-davids-projects-0d6e1f97.vercel.app/_next/static/chunks/5677-ee8c386e1a9c5532.js:0
[ 4706328ms] [LOG] [VisualContentService] docToContent "pCI5NHXpowu2ySucqDn8_1": {hasVideoVariantsField: true, hasVariantsField: false, rawType: array[0], parsedVariantsCount: 0, allTopLevelKeys: Array(14)} @ https://out-run-6kaq1gnpv-davids-projects-0d6e1f97.vercel.app/_next/static/chunks/5677-ee8c386e1a9c5532.js:0
[ 4706328ms] [LOG] [DEBUG-RESOLVER] attempt1 getVisualContentItem("pCI5NHXpowu2ySucqDn8", 1) → FOUND @ https://out-run-6kaq1gnpv-davids-projects-0d6e1f97.vercel.app/_next/static/chunks/5677-ee8c386e1a9c5532.js:0
[ 4706469ms] [LOG] [ContentResolver] Level 1 — exercise video resolved: "מקבילים" → https://vz-b17872ab-7a7.b-cdn.net/726dd77e-6f84-4862-a7ab-cd… @ https://out-run-6kaq1gnpv-davids-projects-0d6e1f97.vercel.app/_next/static/chunks/5677-ee8c386e1a9c5532.js:0
[ 4706470ms] [LOG] [DEBUG-RESOLVER] resolveContent("planche", 2) → programId="pCI5NHXpowu2ySucqDn8" @ https://out-run-6kaq1gnpv-davids-projects-0d6e1f97.vercel.app/_next/static/chunks/5677-ee8c386e1a9c5532.js:0
[ 4706470ms] [LOG] [DEBUG-RESOLVER] resolveContent("planche", 2) → programId="pCI5NHXpowu2ySucqDn8" @ https://out-run-6kaq1gnpv-davids-projects-0d6e1f97.vercel.app/_next/static/chunks/5677-ee8c386e1a9c5532.js:0
[ 4718473ms] [LOG] [DEBUG-RESOLVER] resolveContent("planche", 3) → programId="pCI5NHXpowu2ySucqDn8" @ https://out-run-6kaq1gnpv-davids-projects-0d6e1f97.vercel.app/_next/static/chunks/5677-ee8c386e1a9c5532.js:0
[ 4718473ms] [LOG] [DEBUG-RESOLVER] resolveContent("planche", 2) → programId="pCI5NHXpowu2ySucqDn8" @ https://out-run-6kaq1gnpv-davids-projects-0d6e1f97.vercel.app/_next/static/chunks/5677-ee8c386e1a9c5532.js:0
[ 4718473ms] [LOG] [DEBUG-RESOLVER] resolveContent("planche", 4) → programId="pCI5NHXpowu2ySucqDn8" @ https://out-run-6kaq1gnpv-davids-projects-0d6e1f97.vercel.app/_next/static/chunks/5677-ee8c386e1a9c5532.js:0
[ 4718474ms] [LOG] [DEBUG-RESOLVER] resolveContent("planche", 4) → programId="pCI5NHXpowu2ySucqDn8" @ https://out-run-6kaq1gnpv-davids-projects-0d6e1f97.vercel.app/_next/static/chunks/5677-ee8c386e1a9c5532.js:0
[ 4719439ms] [LOG] [DEBUG-RESOLVER] resolveContent("planche", 5) → programId="pCI5NHXpowu2ySucqDn8" @ https://out-run-6kaq1gnpv-davids-projects-0d6e1f97.vercel.app/_next/static/chunks/5677-ee8c386e1a9c5532.js:0
[ 4719440ms] [LOG] [DEBUG-RESOLVER] resolveContent("planche", 4) → programId="pCI5NHXpowu2ySucqDn8" @ https://out-run-6kaq1gnpv-davids-projects-0d6e1f97.vercel.app/_next/static/chunks/5677-ee8c386e1a9c5532.js:0
[ 4719440ms] [LOG] [DEBUG-RESOLVER] resolveContent("planche", 6) → programId="pCI5NHXpowu2ySucqDn8" @ https://out-run-6kaq1gnpv-davids-projects-0d6e1f97.vercel.app/_next/static/chunks/5677-ee8c386e1a9c5532.js:0
[ 4719440ms] [LOG] [DEBUG-RESOLVER] resolveContent("planche", 6) → programId="pCI5NHXpowu2ySucqDn8" @ https://out-run-6kaq1gnpv-davids-projects-0d6e1f97.vercel.app/_next/static/chunks/5677-ee8c386e1a9c5532.js:0
[ 4722273ms] [LOG] [DEBUG-RESOLVER] resolveContent("planche", 7) → programId="pCI5NHXpowu2ySucqDn8" @ https://out-run-6kaq1gnpv-davids-projects-0d6e1f97.vercel.app/_next/static/chunks/5677-ee8c386e1a9c5532.js:0
[ 4722274ms] [LOG] [DEBUG-RESOLVER] resolveContent("planche", 6) → programId="pCI5NHXpowu2ySucqDn8" @ https://out-run-6kaq1gnpv-davids-projects-0d6e1f97.vercel.app/_next/static/chunks/5677-ee8c386e1a9c5532.js:0
[ 4722274ms] [LOG] [DEBUG-RESOLVER] resolveContent("planche", 8) → programId="pCI5NHXpowu2ySucqDn8" @ https://out-run-6kaq1gnpv-davids-projects-0d6e1f97.vercel.app/_next/static/chunks/5677-ee8c386e1a9c5532.js:0
[ 4722274ms] [LOG] [DEBUG-RESOLVER] resolveContent("planche", 8) → programId="pCI5NHXpowu2ySucqDn8" @ https://out-run-6kaq1gnpv-davids-projects-0d6e1f97.vercel.app/_next/static/chunks/5677-ee8c386e1a9c5532.js:0
[ 4723972ms] [LOG] [DEBUG-RESOLVER] resolveContent("planche", 10) → programId="pCI5NHXpowu2ySucqDn8" @ https://out-run-6kaq1gnpv-davids-projects-0d6e1f97.vercel.app/_next/static/chunks/5677-ee8c386e1a9c5532.js:0
[ 4724125ms] [LOG] [VisualContentService] docToContent "pCI5NHXpowu2ySucqDn8_10": {hasVideoVariantsField: true, hasVariantsField: false, rawType: array[0], parsedVariantsCount: 0, allTopLevelKeys: Array(14)} @ https://out-run-6kaq1gnpv-davids-projects-0d6e1f97.vercel.app/_next/static/chunks/5677-ee8c386e1a9c5532.js:0
[ 4724125ms] [LOG] [DEBUG-RESOLVER] attempt1 getVisualContentItem("pCI5NHXpowu2ySucqDn8", 10) → FOUND @ https://out-run-6kaq1gnpv-davids-projects-0d6e1f97.vercel.app/_next/static/chunks/5677-ee8c386e1a9c5532.js:0
[ 4724291ms] [LOG] [ContentResolver] Level 10 — exercise video resolved: "פלאנץ׳ בטאק מתקדם " → https://vz-b17872ab-7a7.b-cdn.net/a4325b8a-be75-455b-a793-ca… @ https://out-run-6kaq1gnpv-davids-projects-0d6e1f97.vercel.app/_next/static/chunks/5677-ee8c386e1a9c5532.js:0
[ 4724291ms] [LOG] [DEBUG-RESOLVER] resolveContent("planche", 9) → programId="pCI5NHXpowu2ySucqDn8" @ https://out-run-6kaq1gnpv-davids-projects-0d6e1f97.vercel.app/_next/static/chunks/5677-ee8c386e1a9c5532.js:0
[ 4724291ms] [LOG] [DEBUG-RESOLVER] resolveContent("planche", 11) → programId="pCI5NHXpowu2ySucqDn8" @ https://out-run-6kaq1gnpv-davids-projects-0d6e1f97.vercel.app/_next/static/chunks/5677-ee8c386e1a9c5532.js:0
[ 4724291ms] [LOG] [DEBUG-RESOLVER] resolveContent("planche", 11) → programId="pCI5NHXpowu2ySucqDn8" @ https://out-run-6kaq1gnpv-davids-projects-0d6e1f97.vercel.app/_next/static/chunks/5677-ee8c386e1a9c5532.js:0
[ 4724460ms] [LOG] [VisualContentService] docToContent "pCI5NHXpowu2ySucqDn8_9": {hasVideoVariantsField: true, hasVariantsField: false, rawType: array[0], parsedVariantsCount: 0, allTopLevelKeys: Array(14)} @ https://out-run-6kaq1gnpv-davids-projects-0d6e1f97.vercel.app/_next/static/chunks/5677-ee8c386e1a9c5532.js:0
[ 4724460ms] [LOG] [DEBUG-RESOLVER] attempt1 getVisualContentItem("pCI5NHXpowu2ySucqDn8", 9) → FOUND @ https://out-run-6kaq1gnpv-davids-projects-0d6e1f97.vercel.app/_next/static/chunks/5677-ee8c386e1a9c5532.js:0
[ 4724460ms] [LOG] [VisualContentService] docToContent "pCI5NHXpowu2ySucqDn8_11": {hasVideoVariantsField: true, hasVariantsField: false, rawType: array[0], parsedVariantsCount: 0, allTopLevelKeys: Array(14)} @ https://out-run-6kaq1gnpv-davids-projects-0d6e1f97.vercel.app/_next/static/chunks/5677-ee8c386e1a9c5532.js:0
[ 4724460ms] [LOG] [DEBUG-RESOLVER] attempt1 getVisualContentItem("pCI5NHXpowu2ySucqDn8", 11) → FOUND @ https://out-run-6kaq1gnpv-davids-projects-0d6e1f97.vercel.app/_next/static/chunks/5677-ee8c386e1a9c5532.js:0
[ 4724460ms] [LOG] [VisualContentService] docToContent "pCI5NHXpowu2ySucqDn8_11": {hasVideoVariantsField: true, hasVariantsField: false, rawType: array[0], parsedVariantsCount: 0, allTopLevelKeys: Array(14)} @ https://out-run-6kaq1gnpv-davids-projects-0d6e1f97.vercel.app/_next/static/chunks/5677-ee8c386e1a9c5532.js:0
[ 4724460ms] [LOG] [DEBUG-RESOLVER] attempt1 getVisualContentItem("pCI5NHXpowu2ySucqDn8", 11) → FOUND @ https://out-run-6kaq1gnpv-davids-projects-0d6e1f97.vercel.app/_next/static/chunks/5677-ee8c386e1a9c5532.js:0
[ 4724616ms] [LOG] [ContentResolver] Level 9 — exercise video resolved: "שכיבות סמיכה פלאנץ׳ טאק" → https://vz-b17872ab-7a7.b-cdn.net/849d609d-13fd-4bf6-ad46-7d… @ https://out-run-6kaq1gnpv-davids-projects-0d6e1f97.vercel.app/_next/static/chunks/5677-ee8c386e1a9c5532.js:0
[ 4724616ms] [LOG] [ContentResolver] Level 11 — exercise video resolved: "שכיבות סמיכה פלאנץ׳ בטאק מתקדם" → https://vz-b17872ab-7a7.b-cdn.net/eeb3aed1-5a23-4689-9ad9-59… @ https://out-run-6kaq1gnpv-davids-projects-0d6e1f97.vercel.app/_next/static/chunks/5677-ee8c386e1a9c5532.js:0
[ 4724616ms] [LOG] [ContentResolver] Level 11 — exercise video resolved: "שכיבות סמיכה פלאנץ׳ בטאק מתקדם" → https://vz-b17872ab-7a7.b-cdn.net/eeb3aed1-5a23-4689-9ad9-59… @ https://out-run-6kaq1gnpv-davids-projects-0d6e1f97.vercel.app/_next/static/chunks/5677-ee8c386e1a9c5532.js:0
[ 4725338ms] [LOG] [DEBUG-RESOLVER] resolveContent("planche", 1) → programId="pCI5NHXpowu2ySucqDn8" @ https://out-run-6kaq1gnpv-davids-projects-0d6e1f97.vercel.app/_next/static/chunks/5677-ee8c386e1a9c5532.js:0
[ 4725339ms] [LOG] [DEBUG-RESOLVER] resolveContent("planche", 2) → programId="pCI5NHXpowu2ySucqDn8" @ https://out-run-6kaq1gnpv-davids-projects-0d6e1f97.vercel.app/_next/static/chunks/5677-ee8c386e1a9c5532.js:0
[ 4725339ms] [LOG] [DEBUG-RESOLVER] resolveContent("planche", 2) → programId="pCI5NHXpowu2ySucqDn8" @ https://out-run-6kaq1gnpv-davids-projects-0d6e1f97.vercel.app/_next/static/chunks/5677-ee8c386e1a9c5532.js:0
[ 4726356ms] [LOG] [DEBUG-RESOLVER] resolveContent("planche", 3) → programId="pCI5NHXpowu2ySucqDn8" @ https://out-run-6kaq1gnpv-davids-projects-0d6e1f97.vercel.app/_next/static/chunks/5677-ee8c386e1a9c5532.js:0
[ 4726356ms] [LOG] [DEBUG-RESOLVER] resolveContent("planche", 2) → programId="pCI5NHXpowu2ySucqDn8" @ https://out-run-6kaq1gnpv-davids-projects-0d6e1f97.vercel.app/_next/static/chunks/5677-ee8c386e1a9c5532.js:0
[ 4726357ms] [LOG] [DEBUG-RESOLVER] resolveContent("planche", 4) → programId="pCI5NHXpowu2ySucqDn8" @ https://out-run-6kaq1gnpv-davids-projects-0d6e1f97.vercel.app/_next/static/chunks/5677-ee8c386e1a9c5532.js:0
[ 4726357ms] [LOG] [DEBUG-RESOLVER] resolveContent("planche", 4) → programId="pCI5NHXpowu2ySucqDn8" @ https://out-run-6kaq1gnpv-davids-projects-0d6e1f97.vercel.app/_next/static/chunks/5677-ee8c386e1a9c5532.js:0
[ 4742764ms] [LOG] [DEBUG-RESOLVER] resolveContent("planche", 5) → programId="pCI5NHXpowu2ySucqDn8" @ https://out-run-6kaq1gnpv-davids-projects-0d6e1f97.vercel.app/_next/static/chunks/5677-ee8c386e1a9c5532.js:0
[ 4742765ms] [LOG] [DEBUG-RESOLVER] resolveContent("planche", 4) → programId="pCI5NHXpowu2ySucqDn8" @ https://out-run-6kaq1gnpv-davids-projects-0d6e1f97.vercel.app/_next/static/chunks/5677-ee8c386e1a9c5532.js:0
[ 4742765ms] [LOG] [DEBUG-RESOLVER] resolveContent("planche", 6) → programId="pCI5NHXpowu2ySucqDn8" @ https://out-run-6kaq1gnpv-davids-projects-0d6e1f97.vercel.app/_next/static/chunks/5677-ee8c386e1a9c5532.js:0
[ 4742765ms] [LOG] [DEBUG-RESOLVER] resolveContent("planche", 6) → programId="pCI5NHXpowu2ySucqDn8" @ https://out-run-6kaq1gnpv-davids-projects-0d6e1f97.vercel.app/_next/static/chunks/5677-ee8c386e1a9c5532.js:0
[ 4746230ms] [LOG] [DEBUG-RESOLVER] resolveContent("planche", 7) → programId="pCI5NHXpowu2ySucqDn8" @ https://out-run-6kaq1gnpv-davids-projects-0d6e1f97.vercel.app/_next/static/chunks/5677-ee8c386e1a9c5532.js:0
[ 4746231ms] [LOG] [DEBUG-RESOLVER] resolveContent("planche", 6) → programId="pCI5NHXpowu2ySucqDn8" @ https://out-run-6kaq1gnpv-davids-projects-0d6e1f97.vercel.app/_next/static/chunks/5677-ee8c386e1a9c5532.js:0
[ 4746231ms] [LOG] [DEBUG-RESOLVER] resolveContent("planche", 8) → programId="pCI5NHXpowu2ySucqDn8" @ https://out-run-6kaq1gnpv-davids-projects-0d6e1f97.vercel.app/_next/static/chunks/5677-ee8c386e1a9c5532.js:0
[ 4746231ms] [LOG] [DEBUG-RESOLVER] resolveContent("planche", 8) → programId="pCI5NHXpowu2ySucqDn8" @ https://out-run-6kaq1gnpv-davids-projects-0d6e1f97.vercel.app/_next/static/chunks/5677-ee8c386e1a9c5532.js:0
