[    3192ms] [ERROR] Access to manifest at 'https://vercel.com/sso-api?url=https%3A%2F%2Fout-run-aoxyq4uip-davids-projects-0d6e1f97.vercel.app%2Fmanifest.json&nonce=13718534a9c68ef7a1f940ef12ecc4e1ad5367ecf418448614817ac5479d04c0' (redirected from 'https://out-run-aoxyq4uip-davids-projects-0d6e1f97.vercel.app/manifest.json') from origin 'https://out-run-aoxyq4uip-davids-projects-0d6e1f97.vercel.app' has been blocked by CORS policy: No 'Access-Control-Allow-Origin' header is present on the requested resource. @ https://out-run-aoxyq4uip-davids-projects-0d6e1f97.vercel.app/gateway:0
[    3194ms] [ERROR] Failed to load resource: net::ERR_FAILED @ https://vercel.com/sso-api?url=https%3A%2F%2Fout-run-aoxyq4uip-davids-projects-0d6e1f97.vercel.app%2Fmanifest.json&nonce=13718534a9c68ef7a1f940ef12ecc4e1ad5367ecf418448614817ac5479d04c0:0
[    4491ms] [ERROR] Access to manifest at 'https://vercel.com/sso-api?url=https%3A%2F%2Fout-run-aoxyq4uip-davids-projects-0d6e1f97.vercel.app%2Fmanifest.json&nonce=89b6f1a119c7156299555a8a2bf5c4dc968180696c8f1d3338ea00e5ac8cf4ee' (redirected from 'https://out-run-aoxyq4uip-davids-projects-0d6e1f97.vercel.app/manifest.json') from origin 'https://out-run-aoxyq4uip-davids-projects-0d6e1f97.vercel.app' has been blocked by CORS policy: No 'Access-Control-Allow-Origin' header is present on the requested resource. @ https://out-run-aoxyq4uip-davids-projects-0d6e1f97.vercel.app/gateway:0
[    4491ms] [ERROR] Failed to load resource: net::ERR_FAILED @ https://vercel.com/sso-api?url=https%3A%2F%2Fout-run-aoxyq4uip-davids-projects-0d6e1f97.vercel.app%2Fmanifest.json&nonce=89b6f1a119c7156299555a8a2bf5c4dc968180696c8f1d3338ea00e5ac8cf4ee:0
[   19441ms] [WARNING] [2026-09-22T15:51:09.637Z]  @firebase/auth: Auth (12.6.0): Error while retrieving App Check token: FirebaseError: AppCheck: ReCAPTCHA error. (appCheck/recaptcha-error). @ https://out-run-aoxyq4uip-davids-projects-0d6e1f97.vercel.app/_next/static/chunks/2532-16f59635ee5a761a.js:14
[   20188ms] [WARNING] [2026-09-22T15:51:10.385Z]  @firebase/auth: Auth (12.6.0): Error while retrieving App Check token: FirebaseError: AppCheck: ReCAPTCHA error. (appCheck/recaptcha-error). @ https://out-run-aoxyq4uip-davids-projects-0d6e1f97.vercel.app/_next/static/chunks/2532-16f59635ee5a761a.js:14
[   38807ms] [INFO] [User Service] User amR5l6NleTckI2octZKvnWeclM53 has missing or empty equipment profile. This may affect Smart Swap functionality. Please update user equipment in the admin panel. @ https://out-run-aoxyq4uip-davids-projects-0d6e1f97.vercel.app/_next/static/chunks/9140-1ff4a1a79b8079de.js:0
[   80252ms] [LOG] [DEBUG-PAGE] pathConfig.path: body_focus | categories passed to VisualSlider: [planche, muscle_up, hspu, legs, core] | skipTier: true @ https://out-run-aoxyq4uip-davids-projects-0d6e1f97.vercel.app/_next/static/chunks/app/onboarding-new/assessment-visual/page-409b79241f638119.js:0
[   80255ms] [LOG] [DEBUG-RESOLVER] Incoming Category: muscle_up Resolved Candidate IDs: [muscle_up, fTLWzjP9gH2VNpamyCZF] @ https://out-run-aoxyq4uip-davids-projects-0d6e1f97.vercel.app/_next/static/chunks/5677-e194dbb9c52cb011.js:0
[   80487ms] [LOG] [DEBUG-RESOLVER] loadCategoryMap built: {human_flag: EtY8YCol0qpF6DzgcTx1, push: J0fLpmJhG0KDN2tQouxh, core: kDMpobbKsuVTByTIKUpe, pull: UPDBtTdCvX748dtBlWYj, one_arm_pullup: cC0BOmm6KIqYAyQynEIo} @ https://out-run-aoxyq4uip-davids-projects-0d6e1f97.vercel.app/_next/static/chunks/5677-e194dbb9c52cb011.js:0
[   80487ms] [LOG] [DEBUG-RESOLVER] Incoming Category: planche Resolved Candidate IDs: [planche, pCI5NHXpowu2ySucqDn8] @ https://out-run-aoxyq4uip-davids-projects-0d6e1f97.vercel.app/_next/static/chunks/5677-e194dbb9c52cb011.js:0
[   80487ms] [LOG] [DEBUG-RESOLVER] loadCategoryMap built: {human_flag: EtY8YCol0qpF6DzgcTx1, push: J0fLpmJhG0KDN2tQouxh, core: kDMpobbKsuVTByTIKUpe, pull: UPDBtTdCvX748dtBlWYj, one_arm_pullup: cC0BOmm6KIqYAyQynEIo} @ https://out-run-aoxyq4uip-davids-projects-0d6e1f97.vercel.app/_next/static/chunks/5677-e194dbb9c52cb011.js:0
[   80487ms] [LOG] [DEBUG-RESOLVER] Incoming Category: hspu Resolved Candidate IDs: [hspu] @ https://out-run-aoxyq4uip-davids-projects-0d6e1f97.vercel.app/_next/static/chunks/5677-e194dbb9c52cb011.js:0
[   80487ms] [LOG] [DEBUG-RESOLVER] loadCategoryMap built: {human_flag: EtY8YCol0qpF6DzgcTx1, push: J0fLpmJhG0KDN2tQouxh, core: kDMpobbKsuVTByTIKUpe, pull: UPDBtTdCvX748dtBlWYj, one_arm_pullup: cC0BOmm6KIqYAyQynEIo} @ https://out-run-aoxyq4uip-davids-projects-0d6e1f97.vercel.app/_next/static/chunks/5677-e194dbb9c52cb011.js:0
[   80487ms] [LOG] [DEBUG-RESOLVER] Incoming Category: legs Resolved Candidate IDs: [legs, OrAmOH3F375dVio5yGdU] @ https://out-run-aoxyq4uip-davids-projects-0d6e1f97.vercel.app/_next/static/chunks/5677-e194dbb9c52cb011.js:0
[   80488ms] [LOG] [DEBUG-RESOLVER] loadCategoryMap built: {human_flag: EtY8YCol0qpF6DzgcTx1, push: J0fLpmJhG0KDN2tQouxh, core: kDMpobbKsuVTByTIKUpe, pull: UPDBtTdCvX748dtBlWYj, one_arm_pullup: cC0BOmm6KIqYAyQynEIo} @ https://out-run-aoxyq4uip-davids-projects-0d6e1f97.vercel.app/_next/static/chunks/5677-e194dbb9c52cb011.js:0
[   80488ms] [LOG] [DEBUG-RESOLVER] Incoming Category: core Resolved Candidate IDs: [core, kDMpobbKsuVTByTIKUpe] @ https://out-run-aoxyq4uip-davids-projects-0d6e1f97.vercel.app/_next/static/chunks/5677-e194dbb9c52cb011.js:0
[   80488ms] [LOG] [DEBUG-FIRESTORE] Querying IDs: [muscle_up, fTLWzjP9gH2VNpamyCZF] Snapshot size returned: 0 @ https://out-run-aoxyq4uip-davids-projects-0d6e1f97.vercel.app/_next/static/chunks/5677-e194dbb9c52cb011.js:0
[   80488ms] [LOG] [DEBUG-FIRESTORE] showInOnboarding=true levels: [] (0 total) @ https://out-run-aoxyq4uip-davids-projects-0d6e1f97.vercel.app/_next/static/chunks/5677-e194dbb9c52cb011.js:0
[   80488ms] [LOG] [DEBUG-RESOLVER] Final onboarding levels for "muscle_up": [] (0 total) @ https://out-run-aoxyq4uip-davids-projects-0d6e1f97.vercel.app/_next/static/chunks/5677-e194dbb9c52cb011.js:0
[   80488ms] [LOG] [DEBUG-RESOLVER] resolveContent("muscle_up", 1) → programId="fTLWzjP9gH2VNpamyCZF" @ https://out-run-aoxyq4uip-davids-projects-0d6e1f97.vercel.app/_next/static/chunks/5677-e194dbb9c52cb011.js:0
[   80794ms] [LOG] [DEBUG-FIRESTORE] Querying IDs: [planche, pCI5NHXpowu2ySucqDn8] Snapshot size returned: 15 @ https://out-run-aoxyq4uip-davids-projects-0d6e1f97.vercel.app/_next/static/chunks/5677-e194dbb9c52cb011.js:0
[   80794ms] [LOG] [DEBUG-FIRESTORE] showInOnboarding=true levels: [1, 3, 5, 7, 10, 12, 13, 14, 15] (9 total) @ https://out-run-aoxyq4uip-davids-projects-0d6e1f97.vercel.app/_next/static/chunks/5677-e194dbb9c52cb011.js:0
[   80794ms] [LOG] [DEBUG-RESOLVER] Final onboarding levels for "planche": [1, 3, 5, 7, 10, 12, 13, 14, 15] (9 total) @ https://out-run-aoxyq4uip-davids-projects-0d6e1f97.vercel.app/_next/static/chunks/5677-e194dbb9c52cb011.js:0
[   80794ms] [LOG] [DEBUG-RESOLVER] resolveContent("planche", 1) → programId="pCI5NHXpowu2ySucqDn8" @ https://out-run-aoxyq4uip-davids-projects-0d6e1f97.vercel.app/_next/static/chunks/5677-e194dbb9c52cb011.js:0
[   80795ms] [LOG] [DEBUG-RESOLVER] resolveContent("planche", 3) → programId="pCI5NHXpowu2ySucqDn8" @ https://out-run-aoxyq4uip-davids-projects-0d6e1f97.vercel.app/_next/static/chunks/5677-e194dbb9c52cb011.js:0
[   80795ms] [LOG] [DEBUG-FIRESTORE] Querying IDs: [hspu] Snapshot size returned: 0 @ https://out-run-aoxyq4uip-davids-projects-0d6e1f97.vercel.app/_next/static/chunks/5677-e194dbb9c52cb011.js:0
[   80795ms] [LOG] [DEBUG-FIRESTORE] showInOnboarding=true levels: [] (0 total) @ https://out-run-aoxyq4uip-davids-projects-0d6e1f97.vercel.app/_next/static/chunks/5677-e194dbb9c52cb011.js:0
[   80795ms] [LOG] [DEBUG-RESOLVER] Final onboarding levels for "hspu": [] (0 total) @ https://out-run-aoxyq4uip-davids-projects-0d6e1f97.vercel.app/_next/static/chunks/5677-e194dbb9c52cb011.js:0
[   80795ms] [LOG] [DEBUG-RESOLVER] resolveContent("hspu", 1) → programId="hspu" @ https://out-run-aoxyq4uip-davids-projects-0d6e1f97.vercel.app/_next/static/chunks/5677-e194dbb9c52cb011.js:0
[   80795ms] [LOG] [DEBUG-FIRESTORE] Querying IDs: [legs, OrAmOH3F375dVio5yGdU] Snapshot size returned: 15 @ https://out-run-aoxyq4uip-davids-projects-0d6e1f97.vercel.app/_next/static/chunks/5677-e194dbb9c52cb011.js:0
[   80795ms] [LOG] [DEBUG-FIRESTORE] showInOnboarding=true levels: [1, 3, 6, 8, 10, 12] (6 total) @ https://out-run-aoxyq4uip-davids-projects-0d6e1f97.vercel.app/_next/static/chunks/5677-e194dbb9c52cb011.js:0
[   80795ms] [LOG] [DEBUG-RESOLVER] Final onboarding levels for "legs": [1, 3, 6, 8, 10, 12] (6 total) @ https://out-run-aoxyq4uip-davids-projects-0d6e1f97.vercel.app/_next/static/chunks/5677-e194dbb9c52cb011.js:0
[   80795ms] [LOG] [DEBUG-RESOLVER] resolveContent("legs", 1) → programId="OrAmOH3F375dVio5yGdU" @ https://out-run-aoxyq4uip-davids-projects-0d6e1f97.vercel.app/_next/static/chunks/5677-e194dbb9c52cb011.js:0
[   80795ms] [LOG] [DEBUG-RESOLVER] resolveContent("legs", 3) → programId="OrAmOH3F375dVio5yGdU" @ https://out-run-aoxyq4uip-davids-projects-0d6e1f97.vercel.app/_next/static/chunks/5677-e194dbb9c52cb011.js:0
[   80864ms] [LOG] [DEBUG-FIRESTORE] Querying IDs: [core, kDMpobbKsuVTByTIKUpe] Snapshot size returned: 20 @ https://out-run-aoxyq4uip-davids-projects-0d6e1f97.vercel.app/_next/static/chunks/5677-e194dbb9c52cb011.js:0
[   80864ms] [LOG] [DEBUG-FIRESTORE] showInOnboarding=true levels: [1, 3, 5, 7, 8, 10, 11, 14] (8 total) @ https://out-run-aoxyq4uip-davids-projects-0d6e1f97.vercel.app/_next/static/chunks/5677-e194dbb9c52cb011.js:0
[   80864ms] [LOG] [DEBUG-RESOLVER] Final onboarding levels for "core": [1, 3, 5, 7, 8, 10, 11, 14] (8 total) @ https://out-run-aoxyq4uip-davids-projects-0d6e1f97.vercel.app/_next/static/chunks/5677-e194dbb9c52cb011.js:0
[   80864ms] [LOG] [DEBUG-RESOLVER] resolveContent("core", 1) → programId="kDMpobbKsuVTByTIKUpe" @ https://out-run-aoxyq4uip-davids-projects-0d6e1f97.vercel.app/_next/static/chunks/5677-e194dbb9c52cb011.js:0
[   80864ms] [LOG] [DEBUG-RESOLVER] resolveContent("core", 3) → programId="kDMpobbKsuVTByTIKUpe" @ https://out-run-aoxyq4uip-davids-projects-0d6e1f97.vercel.app/_next/static/chunks/5677-e194dbb9c52cb011.js:0
[   80865ms] [LOG] [DEBUG-RESOLVER] attempt1 getVisualContentItem("fTLWzjP9gH2VNpamyCZF", 1) → null @ https://out-run-aoxyq4uip-davids-projects-0d6e1f97.vercel.app/_next/static/chunks/5677-e194dbb9c52cb011.js:0
[   80961ms] [LOG] [VisualContentService] docToContent "pCI5NHXpowu2ySucqDn8_1": {hasVideoVariantsField: true, hasVariantsField: false, rawType: array[0], parsedVariantsCount: 0, allTopLevelKeys: Array(14)} @ https://out-run-aoxyq4uip-davids-projects-0d6e1f97.vercel.app/_next/static/chunks/5677-e194dbb9c52cb011.js:0
[   80961ms] [LOG] [DEBUG-RESOLVER] attempt1 getVisualContentItem("pCI5NHXpowu2ySucqDn8", 1) → FOUND @ https://out-run-aoxyq4uip-davids-projects-0d6e1f97.vercel.app/_next/static/chunks/5677-e194dbb9c52cb011.js:0
[   80961ms] [LOG] [VisualContentService] docToContent "pCI5NHXpowu2ySucqDn8_3": {hasVideoVariantsField: true, hasVariantsField: false, rawType: array[0], parsedVariantsCount: 0, allTopLevelKeys: Array(14)} @ https://out-run-aoxyq4uip-davids-projects-0d6e1f97.vercel.app/_next/static/chunks/5677-e194dbb9c52cb011.js:0
[   80961ms] [LOG] [DEBUG-RESOLVER] attempt1 getVisualContentItem("pCI5NHXpowu2ySucqDn8", 3) → FOUND @ https://out-run-aoxyq4uip-davids-projects-0d6e1f97.vercel.app/_next/static/chunks/5677-e194dbb9c52cb011.js:0
[   80961ms] [LOG] [DEBUG-RESOLVER] attempt1 getVisualContentItem("hspu", 1) → null @ https://out-run-aoxyq4uip-davids-projects-0d6e1f97.vercel.app/_next/static/chunks/5677-e194dbb9c52cb011.js:0
[   80961ms] [LOG] [VisualContentService] docToContent "OrAmOH3F375dVio5yGdU_1": {hasVideoVariantsField: true, hasVariantsField: false, rawType: array[0], parsedVariantsCount: 0, allTopLevelKeys: Array(14)} @ https://out-run-aoxyq4uip-davids-projects-0d6e1f97.vercel.app/_next/static/chunks/5677-e194dbb9c52cb011.js:0
[   80961ms] [LOG] [DEBUG-RESOLVER] attempt1 getVisualContentItem("OrAmOH3F375dVio5yGdU", 1) → FOUND @ https://out-run-aoxyq4uip-davids-projects-0d6e1f97.vercel.app/_next/static/chunks/5677-e194dbb9c52cb011.js:0
[   81003ms] [LOG] [VisualContentService] docToContent "OrAmOH3F375dVio5yGdU_3": {hasVideoVariantsField: true, hasVariantsField: false, rawType: array[0], parsedVariantsCount: 0, allTopLevelKeys: Array(12)} @ https://out-run-aoxyq4uip-davids-projects-0d6e1f97.vercel.app/_next/static/chunks/5677-e194dbb9c52cb011.js:0
[   81003ms] [LOG] [DEBUG-RESOLVER] attempt1 getVisualContentItem("OrAmOH3F375dVio5yGdU", 3) → FOUND @ https://out-run-aoxyq4uip-davids-projects-0d6e1f97.vercel.app/_next/static/chunks/5677-e194dbb9c52cb011.js:0
[   81058ms] [LOG] [VisualContentService] docToContent "kDMpobbKsuVTByTIKUpe_1": {hasVideoVariantsField: true, hasVariantsField: false, rawType: array[0], parsedVariantsCount: 0, allTopLevelKeys: Array(14)} @ https://out-run-aoxyq4uip-davids-projects-0d6e1f97.vercel.app/_next/static/chunks/5677-e194dbb9c52cb011.js:0
[   81058ms] [LOG] [DEBUG-RESOLVER] attempt1 getVisualContentItem("kDMpobbKsuVTByTIKUpe", 1) → FOUND @ https://out-run-aoxyq4uip-davids-projects-0d6e1f97.vercel.app/_next/static/chunks/5677-e194dbb9c52cb011.js:0
[   81058ms] [LOG] [VisualContentService] docToContent "kDMpobbKsuVTByTIKUpe_3": {hasVideoVariantsField: true, hasVariantsField: false, rawType: array[0], parsedVariantsCount: 0, allTopLevelKeys: Array(14)} @ https://out-run-aoxyq4uip-davids-projects-0d6e1f97.vercel.app/_next/static/chunks/5677-e194dbb9c52cb011.js:0
[   81058ms] [LOG] [DEBUG-RESOLVER] attempt1 getVisualContentItem("kDMpobbKsuVTByTIKUpe", 3) → FOUND @ https://out-run-aoxyq4uip-davids-projects-0d6e1f97.vercel.app/_next/static/chunks/5677-e194dbb9c52cb011.js:0
[   81058ms] [LOG] [DEBUG-RESOLVER] attempt2 getVisualContentItem("muscle_up", 1) → null @ https://out-run-aoxyq4uip-davids-projects-0d6e1f97.vercel.app/_next/static/chunks/5677-e194dbb9c52cb011.js:0
[   81136ms] [LOG] [ContentResolver] Level 1 — exercise video resolved: "מקבילים" → https://vz-b17872ab-7a7.b-cdn.net/726dd77e-6f84-4862-a7ab-cd… @ https://out-run-aoxyq4uip-davids-projects-0d6e1f97.vercel.app/_next/static/chunks/5677-e194dbb9c52cb011.js:0
[   81137ms] [LOG] [ContentResolver] Level 3 — exercise video resolved: "שכיבות סמיכה פייק" → https://vz-b17872ab-7a7.b-cdn.net/0fa11ec8-3148-470b-86f5-67… @ https://out-run-aoxyq4uip-davids-projects-0d6e1f97.vercel.app/_next/static/chunks/5677-e194dbb9c52cb011.js:0
[   81137ms] [LOG] [ContentResolver] Level 1 — exercise video resolved: "סקוואט טווח חלקי (להגבהה)" → https://vz-b17872ab-7a7.b-cdn.net/8286f82c-fdf8-4f05-8961-a0… @ https://out-run-aoxyq4uip-davids-projects-0d6e1f97.vercel.app/_next/static/chunks/5677-e194dbb9c52cb011.js:0
[   81138ms] [LOG] [DEBUG-PAGE] pathConfig.path: body_focus | categories passed to VisualSlider: [planche, muscle_up, hspu, legs, core] | skipTier: true @ https://out-run-aoxyq4uip-davids-projects-0d6e1f97.vercel.app/_next/static/chunks/app/onboarding-new/assessment-visual/page-409b79241f638119.js:0
[   81138ms] [LOG] [DEBUG-RESOLVER] Incoming Category: muscle_up Resolved Candidate IDs: [muscle_up, fTLWzjP9gH2VNpamyCZF] @ https://out-run-aoxyq4uip-davids-projects-0d6e1f97.vercel.app/_next/static/chunks/5677-e194dbb9c52cb011.js:0
[   81138ms] [LOG] [DEBUG-RESOLVER] Incoming Category: planche Resolved Candidate IDs: [planche, pCI5NHXpowu2ySucqDn8] @ https://out-run-aoxyq4uip-davids-projects-0d6e1f97.vercel.app/_next/static/chunks/5677-e194dbb9c52cb011.js:0
[   81138ms] [LOG] [DEBUG-RESOLVER] Incoming Category: hspu Resolved Candidate IDs: [hspu] @ https://out-run-aoxyq4uip-davids-projects-0d6e1f97.vercel.app/_next/static/chunks/5677-e194dbb9c52cb011.js:0
[   81139ms] [LOG] [DEBUG-RESOLVER] Incoming Category: legs Resolved Candidate IDs: [legs, OrAmOH3F375dVio5yGdU] @ https://out-run-aoxyq4uip-davids-projects-0d6e1f97.vercel.app/_next/static/chunks/5677-e194dbb9c52cb011.js:0
[   81139ms] [LOG] [DEBUG-RESOLVER] Incoming Category: core Resolved Candidate IDs: [core, kDMpobbKsuVTByTIKUpe] @ https://out-run-aoxyq4uip-davids-projects-0d6e1f97.vercel.app/_next/static/chunks/5677-e194dbb9c52cb011.js:0
[   81141ms] [LOG] [ContentResolver] Level 3 — exercise video resolved: "סקוואט קפיצה" → https://vz-b17872ab-7a7.b-cdn.net/57d8348b-3788-4dd1-880a-8b… @ https://out-run-aoxyq4uip-davids-projects-0d6e1f97.vercel.app/_next/static/chunks/5677-e194dbb9c52cb011.js:0
[   81196ms] [LOG] [ContentResolver] Level 1 — exercise video resolved: "פלאנק על הברכיים" → https://vz-b17872ab-7a7.b-cdn.net/3011b6ff-f251-4c7b-81f4-e2… @ https://out-run-aoxyq4uip-davids-projects-0d6e1f97.vercel.app/_next/static/chunks/5677-e194dbb9c52cb011.js:0
[   81196ms] [LOG] [ContentResolver] Level 3 — exercise video resolved: "פלאנק עליות ונגיעות בכתפיים" → https://vz-b17872ab-7a7.b-cdn.net/4d5bc37c-3994-4574-ace7-12… @ https://out-run-aoxyq4uip-davids-projects-0d6e1f97.vercel.app/_next/static/chunks/5677-e194dbb9c52cb011.js:0
[   81313ms] [LOG] [DEBUG-FIRESTORE] Querying IDs: [muscle_up, fTLWzjP9gH2VNpamyCZF] Snapshot size returned: 0 @ https://out-run-aoxyq4uip-davids-projects-0d6e1f97.vercel.app/_next/static/chunks/5677-e194dbb9c52cb011.js:0
[   81313ms] [LOG] [DEBUG-FIRESTORE] showInOnboarding=true levels: [] (0 total) @ https://out-run-aoxyq4uip-davids-projects-0d6e1f97.vercel.app/_next/static/chunks/5677-e194dbb9c52cb011.js:0
[   81313ms] [LOG] [DEBUG-RESOLVER] Final onboarding levels for "muscle_up": [] (0 total) @ https://out-run-aoxyq4uip-davids-projects-0d6e1f97.vercel.app/_next/static/chunks/5677-e194dbb9c52cb011.js:0
[   81313ms] [LOG] [DEBUG-RESOLVER] resolveContent("muscle_up", 1) → programId="fTLWzjP9gH2VNpamyCZF" @ https://out-run-aoxyq4uip-davids-projects-0d6e1f97.vercel.app/_next/static/chunks/5677-e194dbb9c52cb011.js:0
[   81314ms] [LOG] [DEBUG-FIRESTORE] Querying IDs: [planche, pCI5NHXpowu2ySucqDn8] Snapshot size returned: 15 @ https://out-run-aoxyq4uip-davids-projects-0d6e1f97.vercel.app/_next/static/chunks/5677-e194dbb9c52cb011.js:0
[   81314ms] [LOG] [DEBUG-FIRESTORE] showInOnboarding=true levels: [1, 3, 5, 7, 10, 12, 13, 14, 15] (9 total) @ https://out-run-aoxyq4uip-davids-projects-0d6e1f97.vercel.app/_next/static/chunks/5677-e194dbb9c52cb011.js:0
[   81314ms] [LOG] [DEBUG-RESOLVER] Final onboarding levels for "planche": [1, 3, 5, 7, 10, 12, 13, 14, 15] (9 total) @ https://out-run-aoxyq4uip-davids-projects-0d6e1f97.vercel.app/_next/static/chunks/5677-e194dbb9c52cb011.js:0
[   81314ms] [LOG] [DEBUG-RESOLVER] resolveContent("planche", 1) → programId="pCI5NHXpowu2ySucqDn8" @ https://out-run-aoxyq4uip-davids-projects-0d6e1f97.vercel.app/_next/static/chunks/5677-e194dbb9c52cb011.js:0
[   81314ms] [LOG] [DEBUG-RESOLVER] resolveContent("planche", 3) → programId="pCI5NHXpowu2ySucqDn8" @ https://out-run-aoxyq4uip-davids-projects-0d6e1f97.vercel.app/_next/static/chunks/5677-e194dbb9c52cb011.js:0
[   81314ms] [LOG] [DEBUG-FIRESTORE] Querying IDs: [hspu] Snapshot size returned: 0 @ https://out-run-aoxyq4uip-davids-projects-0d6e1f97.vercel.app/_next/static/chunks/5677-e194dbb9c52cb011.js:0
[   81314ms] [LOG] [DEBUG-FIRESTORE] showInOnboarding=true levels: [] (0 total) @ https://out-run-aoxyq4uip-davids-projects-0d6e1f97.vercel.app/_next/static/chunks/5677-e194dbb9c52cb011.js:0
[   81314ms] [LOG] [DEBUG-RESOLVER] Final onboarding levels for "hspu": [] (0 total) @ https://out-run-aoxyq4uip-davids-projects-0d6e1f97.vercel.app/_next/static/chunks/5677-e194dbb9c52cb011.js:0
[   81314ms] [LOG] [DEBUG-RESOLVER] resolveContent("hspu", 1) → programId="hspu" @ https://out-run-aoxyq4uip-davids-projects-0d6e1f97.vercel.app/_next/static/chunks/5677-e194dbb9c52cb011.js:0
[   81314ms] [LOG] [DEBUG-FIRESTORE] Querying IDs: [legs, OrAmOH3F375dVio5yGdU] Snapshot size returned: 15 @ https://out-run-aoxyq4uip-davids-projects-0d6e1f97.vercel.app/_next/static/chunks/5677-e194dbb9c52cb011.js:0
[   81314ms] [LOG] [DEBUG-FIRESTORE] showInOnboarding=true levels: [1, 3, 6, 8, 10, 12] (6 total) @ https://out-run-aoxyq4uip-davids-projects-0d6e1f97.vercel.app/_next/static/chunks/5677-e194dbb9c52cb011.js:0
[   81314ms] [LOG] [DEBUG-RESOLVER] Final onboarding levels for "legs": [1, 3, 6, 8, 10, 12] (6 total) @ https://out-run-aoxyq4uip-davids-projects-0d6e1f97.vercel.app/_next/static/chunks/5677-e194dbb9c52cb011.js:0
[   81314ms] [LOG] [DEBUG-RESOLVER] resolveContent("legs", 1) → programId="OrAmOH3F375dVio5yGdU" @ https://out-run-aoxyq4uip-davids-projects-0d6e1f97.vercel.app/_next/static/chunks/5677-e194dbb9c52cb011.js:0
[   81314ms] [LOG] [DEBUG-RESOLVER] resolveContent("legs", 3) → programId="OrAmOH3F375dVio5yGdU" @ https://out-run-aoxyq4uip-davids-projects-0d6e1f97.vercel.app/_next/static/chunks/5677-e194dbb9c52cb011.js:0
[   81315ms] [LOG] [DEBUG-FIRESTORE] Querying IDs: [core, kDMpobbKsuVTByTIKUpe] Snapshot size returned: 20 @ https://out-run-aoxyq4uip-davids-projects-0d6e1f97.vercel.app/_next/static/chunks/5677-e194dbb9c52cb011.js:0
[   81315ms] [LOG] [DEBUG-FIRESTORE] showInOnboarding=true levels: [1, 3, 5, 7, 8, 10, 11, 14] (8 total) @ https://out-run-aoxyq4uip-davids-projects-0d6e1f97.vercel.app/_next/static/chunks/5677-e194dbb9c52cb011.js:0
[   81315ms] [LOG] [DEBUG-RESOLVER] Final onboarding levels for "core": [1, 3, 5, 7, 8, 10, 11, 14] (8 total) @ https://out-run-aoxyq4uip-davids-projects-0d6e1f97.vercel.app/_next/static/chunks/5677-e194dbb9c52cb011.js:0
[   81315ms] [LOG] [DEBUG-RESOLVER] resolveContent("core", 1) → programId="kDMpobbKsuVTByTIKUpe" @ https://out-run-aoxyq4uip-davids-projects-0d6e1f97.vercel.app/_next/static/chunks/5677-e194dbb9c52cb011.js:0
[   81315ms] [LOG] [DEBUG-RESOLVER] resolveContent("core", 3) → programId="kDMpobbKsuVTByTIKUpe" @ https://out-run-aoxyq4uip-davids-projects-0d6e1f97.vercel.app/_next/static/chunks/5677-e194dbb9c52cb011.js:0
[   93034ms] [LOG] [DEBUG-RESOLVER] Incoming Category: planche Resolved Candidate IDs: [planche, pCI5NHXpowu2ySucqDn8] @ https://out-run-aoxyq4uip-davids-projects-0d6e1f97.vercel.app/_next/static/chunks/5677-e194dbb9c52cb011.js:0
[   93244ms] [LOG] [DEBUG-FIRESTORE] Querying IDs: [planche, pCI5NHXpowu2ySucqDn8] Snapshot size returned: 15 @ https://out-run-aoxyq4uip-davids-projects-0d6e1f97.vercel.app/_next/static/chunks/5677-e194dbb9c52cb011.js:0
[   93244ms] [LOG] [DEBUG-FIRESTORE] showInOnboarding=true levels: [1, 3, 5, 7, 10, 12, 13, 14, 15] (9 total) @ https://out-run-aoxyq4uip-davids-projects-0d6e1f97.vercel.app/_next/static/chunks/5677-e194dbb9c52cb011.js:0
[   93244ms] [LOG] [DEBUG-RESOLVER] Final onboarding levels for "planche": [1, 3, 5, 7, 10, 12, 13, 14, 15] (9 total) @ https://out-run-aoxyq4uip-davids-projects-0d6e1f97.vercel.app/_next/static/chunks/5677-e194dbb9c52cb011.js:0
[   93262ms] [LOG] [DEBUG-RESOLVER] resolveContent("planche", 1) → programId="pCI5NHXpowu2ySucqDn8" @ https://out-run-aoxyq4uip-davids-projects-0d6e1f97.vercel.app/_next/static/chunks/5677-e194dbb9c52cb011.js:0
[   93262ms] [LOG] [DEBUG-RESOLVER] resolveContent("planche", 3) → programId="pCI5NHXpowu2ySucqDn8" @ https://out-run-aoxyq4uip-davids-projects-0d6e1f97.vercel.app/_next/static/chunks/5677-e194dbb9c52cb011.js:0
[   93263ms] [LOG] [DEBUG-RESOLVER] resolveContent("planche", 5) → programId="pCI5NHXpowu2ySucqDn8" @ https://out-run-aoxyq4uip-davids-projects-0d6e1f97.vercel.app/_next/static/chunks/5677-e194dbb9c52cb011.js:0
[   93263ms] [LOG] [DEBUG-RESOLVER] resolveContent("planche", 7) → programId="pCI5NHXpowu2ySucqDn8" @ https://out-run-aoxyq4uip-davids-projects-0d6e1f97.vercel.app/_next/static/chunks/5677-e194dbb9c52cb011.js:0
[   93263ms] [LOG] [DEBUG-RESOLVER] resolveContent("planche", 10) → programId="pCI5NHXpowu2ySucqDn8" @ https://out-run-aoxyq4uip-davids-projects-0d6e1f97.vercel.app/_next/static/chunks/5677-e194dbb9c52cb011.js:0
[   93263ms] [LOG] [DEBUG-RESOLVER] resolveContent("planche", 12) → programId="pCI5NHXpowu2ySucqDn8" @ https://out-run-aoxyq4uip-davids-projects-0d6e1f97.vercel.app/_next/static/chunks/5677-e194dbb9c52cb011.js:0
[   93263ms] [LOG] [DEBUG-RESOLVER] resolveContent("planche", 13) → programId="pCI5NHXpowu2ySucqDn8" @ https://out-run-aoxyq4uip-davids-projects-0d6e1f97.vercel.app/_next/static/chunks/5677-e194dbb9c52cb011.js:0
[   93263ms] [LOG] [DEBUG-RESOLVER] resolveContent("planche", 14) → programId="pCI5NHXpowu2ySucqDn8" @ https://out-run-aoxyq4uip-davids-projects-0d6e1f97.vercel.app/_next/static/chunks/5677-e194dbb9c52cb011.js:0
[   93263ms] [LOG] [DEBUG-RESOLVER] resolveContent("planche", 15) → programId="pCI5NHXpowu2ySucqDn8" @ https://out-run-aoxyq4uip-davids-projects-0d6e1f97.vercel.app/_next/static/chunks/5677-e194dbb9c52cb011.js:0
[   93263ms] [LOG] [DEBUG-RESOLVER] resolveContent("planche", 1) → programId="pCI5NHXpowu2ySucqDn8" @ https://out-run-aoxyq4uip-davids-projects-0d6e1f97.vercel.app/_next/static/chunks/5677-e194dbb9c52cb011.js:0
[   93264ms] [LOG] [DEBUG-RESOLVER] resolveContent("planche", 2) → programId="pCI5NHXpowu2ySucqDn8" @ https://out-run-aoxyq4uip-davids-projects-0d6e1f97.vercel.app/_next/static/chunks/5677-e194dbb9c52cb011.js:0
[   93264ms] [LOG] [DEBUG-RESOLVER] resolveContent("planche", 2) → programId="pCI5NHXpowu2ySucqDn8" @ https://out-run-aoxyq4uip-davids-projects-0d6e1f97.vercel.app/_next/static/chunks/5677-e194dbb9c52cb011.js:0
[   93451ms] [LOG] [VisualContentService] docToContent "pCI5NHXpowu2ySucqDn8_5": {hasVideoVariantsField: true, hasVariantsField: false, rawType: array[0], parsedVariantsCount: 0, allTopLevelKeys: Array(14)} @ https://out-run-aoxyq4uip-davids-projects-0d6e1f97.vercel.app/_next/static/chunks/5677-e194dbb9c52cb011.js:0
[   93451ms] [LOG] [DEBUG-RESOLVER] attempt1 getVisualContentItem("pCI5NHXpowu2ySucqDn8", 5) → FOUND @ https://out-run-aoxyq4uip-davids-projects-0d6e1f97.vercel.app/_next/static/chunks/5677-e194dbb9c52cb011.js:0
[   93451ms] [LOG] [VisualContentService] docToContent "pCI5NHXpowu2ySucqDn8_7": {hasVideoVariantsField: true, hasVariantsField: false, rawType: array[0], parsedVariantsCount: 0, allTopLevelKeys: Array(14)} @ https://out-run-aoxyq4uip-davids-projects-0d6e1f97.vercel.app/_next/static/chunks/5677-e194dbb9c52cb011.js:0
[   93451ms] [LOG] [DEBUG-RESOLVER] attempt1 getVisualContentItem("pCI5NHXpowu2ySucqDn8", 7) → FOUND @ https://out-run-aoxyq4uip-davids-projects-0d6e1f97.vercel.app/_next/static/chunks/5677-e194dbb9c52cb011.js:0
[   93451ms] [LOG] [VisualContentService] docToContent "pCI5NHXpowu2ySucqDn8_10": {hasVideoVariantsField: true, hasVariantsField: false, rawType: array[0], parsedVariantsCount: 0, allTopLevelKeys: Array(14)} @ https://out-run-aoxyq4uip-davids-projects-0d6e1f97.vercel.app/_next/static/chunks/5677-e194dbb9c52cb011.js:0
[   93451ms] [LOG] [DEBUG-RESOLVER] attempt1 getVisualContentItem("pCI5NHXpowu2ySucqDn8", 10) → FOUND @ https://out-run-aoxyq4uip-davids-projects-0d6e1f97.vercel.app/_next/static/chunks/5677-e194dbb9c52cb011.js:0
[   93451ms] [LOG] [VisualContentService] docToContent "pCI5NHXpowu2ySucqDn8_12": {hasVideoVariantsField: true, hasVariantsField: false, rawType: array[0], parsedVariantsCount: 0, allTopLevelKeys: Array(14)} @ https://out-run-aoxyq4uip-davids-projects-0d6e1f97.vercel.app/_next/static/chunks/5677-e194dbb9c52cb011.js:0
[   93451ms] [LOG] [DEBUG-RESOLVER] attempt1 getVisualContentItem("pCI5NHXpowu2ySucqDn8", 12) → FOUND @ https://out-run-aoxyq4uip-davids-projects-0d6e1f97.vercel.app/_next/static/chunks/5677-e194dbb9c52cb011.js:0
[   93451ms] [LOG] [VisualContentService] docToContent "pCI5NHXpowu2ySucqDn8_13": {hasVideoVariantsField: true, hasVariantsField: false, rawType: array[0], parsedVariantsCount: 0, allTopLevelKeys: Array(14)} @ https://out-run-aoxyq4uip-davids-projects-0d6e1f97.vercel.app/_next/static/chunks/5677-e194dbb9c52cb011.js:0
[   93451ms] [LOG] [DEBUG-RESOLVER] attempt1 getVisualContentItem("pCI5NHXpowu2ySucqDn8", 13) → FOUND @ https://out-run-aoxyq4uip-davids-projects-0d6e1f97.vercel.app/_next/static/chunks/5677-e194dbb9c52cb011.js:0
[   93451ms] [LOG] [VisualContentService] docToContent "pCI5NHXpowu2ySucqDn8_14": {hasVideoVariantsField: true, hasVariantsField: false, rawType: array[0], parsedVariantsCount: 0, allTopLevelKeys: Array(14)} @ https://out-run-aoxyq4uip-davids-projects-0d6e1f97.vercel.app/_next/static/chunks/5677-e194dbb9c52cb011.js:0
[   93451ms] [LOG] [DEBUG-RESOLVER] attempt1 getVisualContentItem("pCI5NHXpowu2ySucqDn8", 14) → FOUND @ https://out-run-aoxyq4uip-davids-projects-0d6e1f97.vercel.app/_next/static/chunks/5677-e194dbb9c52cb011.js:0
[   93451ms] [LOG] [VisualContentService] docToContent "pCI5NHXpowu2ySucqDn8_15": {hasVideoVariantsField: true, hasVariantsField: false, rawType: array[0], parsedVariantsCount: 0, allTopLevelKeys: Array(14)} @ https://out-run-aoxyq4uip-davids-projects-0d6e1f97.vercel.app/_next/static/chunks/5677-e194dbb9c52cb011.js:0
[   93451ms] [LOG] [DEBUG-RESOLVER] attempt1 getVisualContentItem("pCI5NHXpowu2ySucqDn8", 15) → FOUND @ https://out-run-aoxyq4uip-davids-projects-0d6e1f97.vercel.app/_next/static/chunks/5677-e194dbb9c52cb011.js:0
[   93451ms] [LOG] [VisualContentService] docToContent "pCI5NHXpowu2ySucqDn8_2": {hasVideoVariantsField: true, hasVariantsField: false, rawType: array[0], parsedVariantsCount: 0, allTopLevelKeys: Array(14)} @ https://out-run-aoxyq4uip-davids-projects-0d6e1f97.vercel.app/_next/static/chunks/5677-e194dbb9c52cb011.js:0
[   93451ms] [LOG] [DEBUG-RESOLVER] attempt1 getVisualContentItem("pCI5NHXpowu2ySucqDn8", 2) → FOUND @ https://out-run-aoxyq4uip-davids-projects-0d6e1f97.vercel.app/_next/static/chunks/5677-e194dbb9c52cb011.js:0
[   93451ms] [LOG] [VisualContentService] docToContent "pCI5NHXpowu2ySucqDn8_2": {hasVideoVariantsField: true, hasVariantsField: false, rawType: array[0], parsedVariantsCount: 0, allTopLevelKeys: Array(14)} @ https://out-run-aoxyq4uip-davids-projects-0d6e1f97.vercel.app/_next/static/chunks/5677-e194dbb9c52cb011.js:0
[   93452ms] [LOG] [DEBUG-RESOLVER] attempt1 getVisualContentItem("pCI5NHXpowu2ySucqDn8", 2) → FOUND @ https://out-run-aoxyq4uip-davids-projects-0d6e1f97.vercel.app/_next/static/chunks/5677-e194dbb9c52cb011.js:0
[   93620ms] [LOG] [ContentResolver] Level 5 — exercise video resolved: "שכיבות סמיכה פייק גובה ברך" → https://vz-b17872ab-7a7.b-cdn.net/dd052f3a-2677-4fa8-af31-0d… @ https://out-run-aoxyq4uip-davids-projects-0d6e1f97.vercel.app/_next/static/chunks/5677-e194dbb9c52cb011.js:0
[   93620ms] [LOG] [ContentResolver] Level 7 — exercise video resolved: "פלאנץ׳ בטאק" → https://vz-b17872ab-7a7.b-cdn.net/912c9beb-a881-4593-980b-38… @ https://out-run-aoxyq4uip-davids-projects-0d6e1f97.vercel.app/_next/static/chunks/5677-e194dbb9c52cb011.js:0
[   93620ms] [LOG] [ContentResolver] Level 10 — exercise video resolved: "פלאנץ׳ בטאק מתקדם " → https://vz-b17872ab-7a7.b-cdn.net/a4325b8a-be75-455b-a793-ca… @ https://out-run-aoxyq4uip-davids-projects-0d6e1f97.vercel.app/_next/static/chunks/5677-e194dbb9c52cb011.js:0
[   93620ms] [LOG] [VisualContentService] docToContent "pCI5NHXpowu2ySucqDn8_11": {hasVideoVariantsField: true, hasVariantsField: false, rawType: array[0], parsedVariantsCount: 0, allTopLevelKeys: Array(14)} @ https://out-run-aoxyq4uip-davids-projects-0d6e1f97.vercel.app/_next/static/chunks/5677-e194dbb9c52cb011.js:0
[   93621ms] [LOG] [VisualContentService] docToContent "pCI5NHXpowu2ySucqDn8_12": {hasVideoVariantsField: true, hasVariantsField: false, rawType: array[0], parsedVariantsCount: 0, allTopLevelKeys: Array(14)} @ https://out-run-aoxyq4uip-davids-projects-0d6e1f97.vercel.app/_next/static/chunks/5677-e194dbb9c52cb011.js:0
[   93693ms] [LOG] [VisualContentService] docToContent "pCI5NHXpowu2ySucqDn8_13": {hasVideoVariantsField: true, hasVariantsField: false, rawType: array[0], parsedVariantsCount: 0, allTopLevelKeys: Array(14)} @ https://out-run-aoxyq4uip-davids-projects-0d6e1f97.vercel.app/_next/static/chunks/5677-e194dbb9c52cb011.js:0
[   93693ms] [LOG] [VisualContentService] docToContent "pCI5NHXpowu2ySucqDn8_14": {hasVideoVariantsField: true, hasVariantsField: false, rawType: array[0], parsedVariantsCount: 0, allTopLevelKeys: Array(14)} @ https://out-run-aoxyq4uip-davids-projects-0d6e1f97.vercel.app/_next/static/chunks/5677-e194dbb9c52cb011.js:0
[   93693ms] [LOG] [ContentResolver] Level 2 — exercise video resolved: "שכיבות סמיכה סופינציה" → https://vz-b17872ab-7a7.b-cdn.net/9817c4dc-0765-4be0-af69-74… @ https://out-run-aoxyq4uip-davids-projects-0d6e1f97.vercel.app/_next/static/chunks/5677-e194dbb9c52cb011.js:0
[   93693ms] [LOG] [ContentResolver] Level 2 — exercise video resolved: "שכיבות סמיכה סופינציה" → https://vz-b17872ab-7a7.b-cdn.net/9817c4dc-0765-4be0-af69-74… @ https://out-run-aoxyq4uip-davids-projects-0d6e1f97.vercel.app/_next/static/chunks/5677-e194dbb9c52cb011.js:0
[   93763ms] [LOG] [VisualContentService] docToContent "pCI5NHXpowu2ySucqDn8_10": {hasVideoVariantsField: true, hasVariantsField: false, rawType: array[0], parsedVariantsCount: 0, allTopLevelKeys: Array(14)} @ https://out-run-aoxyq4uip-davids-projects-0d6e1f97.vercel.app/_next/static/chunks/5677-e194dbb9c52cb011.js:0
[   93763ms] [LOG] [VisualContentService] docToContent "pCI5NHXpowu2ySucqDn8_11": {hasVideoVariantsField: true, hasVariantsField: false, rawType: array[0], parsedVariantsCount: 0, allTopLevelKeys: Array(14)} @ https://out-run-aoxyq4uip-davids-projects-0d6e1f97.vercel.app/_next/static/chunks/5677-e194dbb9c52cb011.js:0
[   93839ms] [LOG] [VisualContentService] docToContent "pCI5NHXpowu2ySucqDn8_12": {hasVideoVariantsField: true, hasVariantsField: false, rawType: array[0], parsedVariantsCount: 0, allTopLevelKeys: Array(14)} @ https://out-run-aoxyq4uip-davids-projects-0d6e1f97.vercel.app/_next/static/chunks/5677-e194dbb9c52cb011.js:0
[   93840ms] [LOG] [VisualContentService] docToContent "pCI5NHXpowu2ySucqDn8_13": {hasVideoVariantsField: true, hasVariantsField: false, rawType: array[0], parsedVariantsCount: 0, allTopLevelKeys: Array(14)} @ https://out-run-aoxyq4uip-davids-projects-0d6e1f97.vercel.app/_next/static/chunks/5677-e194dbb9c52cb011.js:0
[   93915ms] [LOG] [VisualContentService] docToContent "pCI5NHXpowu2ySucqDn8_9": {hasVideoVariantsField: true, hasVariantsField: false, rawType: array[0], parsedVariantsCount: 0, allTopLevelKeys: Array(14)} @ https://out-run-aoxyq4uip-davids-projects-0d6e1f97.vercel.app/_next/static/chunks/5677-e194dbb9c52cb011.js:0
[   93915ms] [LOG] [VisualContentService] docToContent "pCI5NHXpowu2ySucqDn8_10": {hasVideoVariantsField: true, hasVariantsField: false, rawType: array[0], parsedVariantsCount: 0, allTopLevelKeys: Array(14)} @ https://out-run-aoxyq4uip-davids-projects-0d6e1f97.vercel.app/_next/static/chunks/5677-e194dbb9c52cb011.js:0
[   93945ms] [LOG] [VisualContentService] docToContent "pCI5NHXpowu2ySucqDn8_11": {hasVideoVariantsField: true, hasVariantsField: false, rawType: array[0], parsedVariantsCount: 0, allTopLevelKeys: Array(14)} @ https://out-run-aoxyq4uip-davids-projects-0d6e1f97.vercel.app/_next/static/chunks/5677-e194dbb9c52cb011.js:0
[   93945ms] [LOG] [VisualContentService] docToContent "pCI5NHXpowu2ySucqDn8_12": {hasVideoVariantsField: true, hasVariantsField: false, rawType: array[0], parsedVariantsCount: 0, allTopLevelKeys: Array(14)} @ https://out-run-aoxyq4uip-davids-projects-0d6e1f97.vercel.app/_next/static/chunks/5677-e194dbb9c52cb011.js:0
[   94075ms] [LOG] [VisualContentService] docToContent "pCI5NHXpowu2ySucqDn8_8": {hasVideoVariantsField: true, hasVariantsField: false, rawType: array[0], parsedVariantsCount: 0, allTopLevelKeys: Array(14)} @ https://out-run-aoxyq4uip-davids-projects-0d6e1f97.vercel.app/_next/static/chunks/5677-e194dbb9c52cb011.js:0
[   94075ms] [LOG] [VisualContentService] docToContent "pCI5NHXpowu2ySucqDn8_9": {hasVideoVariantsField: true, hasVariantsField: false, rawType: array[0], parsedVariantsCount: 0, allTopLevelKeys: Array(14)} @ https://out-run-aoxyq4uip-davids-projects-0d6e1f97.vercel.app/_next/static/chunks/5677-e194dbb9c52cb011.js:0
[   94075ms] [LOG] [VisualContentService] docToContent "pCI5NHXpowu2ySucqDn8_10": {hasVideoVariantsField: true, hasVariantsField: false, rawType: array[0], parsedVariantsCount: 0, allTopLevelKeys: Array(14)} @ https://out-run-aoxyq4uip-davids-projects-0d6e1f97.vercel.app/_next/static/chunks/5677-e194dbb9c52cb011.js:0
[   94075ms] [LOG] [VisualContentService] docToContent "pCI5NHXpowu2ySucqDn8_11": {hasVideoVariantsField: true, hasVariantsField: false, rawType: array[0], parsedVariantsCount: 0, allTopLevelKeys: Array(14)} @ https://out-run-aoxyq4uip-davids-projects-0d6e1f97.vercel.app/_next/static/chunks/5677-e194dbb9c52cb011.js:0
[   94185ms] [LOG] [VisualContentService] docToContent "pCI5NHXpowu2ySucqDn8_8": {hasVideoVariantsField: true, hasVariantsField: false, rawType: array[0], parsedVariantsCount: 0, allTopLevelKeys: Array(14)} @ https://out-run-aoxyq4uip-davids-projects-0d6e1f97.vercel.app/_next/static/chunks/5677-e194dbb9c52cb011.js:0
[   94185ms] [LOG] [VisualContentService] docToContent "pCI5NHXpowu2ySucqDn8_9": {hasVideoVariantsField: true, hasVariantsField: false, rawType: array[0], parsedVariantsCount: 0, allTopLevelKeys: Array(14)} @ https://out-run-aoxyq4uip-davids-projects-0d6e1f97.vercel.app/_next/static/chunks/5677-e194dbb9c52cb011.js:0
[   94185ms] [LOG] [VisualContentService] docToContent "pCI5NHXpowu2ySucqDn8_10": {hasVideoVariantsField: true, hasVariantsField: false, rawType: array[0], parsedVariantsCount: 0, allTopLevelKeys: Array(14)} @ https://out-run-aoxyq4uip-davids-projects-0d6e1f97.vercel.app/_next/static/chunks/5677-e194dbb9c52cb011.js:0
[   94207ms] [LOG] [VisualContentService] docToContent "pCI5NHXpowu2ySucqDn8_7": {hasVideoVariantsField: true, hasVariantsField: false, rawType: array[0], parsedVariantsCount: 0, allTopLevelKeys: Array(14)} @ https://out-run-aoxyq4uip-davids-projects-0d6e1f97.vercel.app/_next/static/chunks/5677-e194dbb9c52cb011.js:0
[   94207ms] [LOG] [VisualContentService] docToContent "pCI5NHXpowu2ySucqDn8_7": {hasVideoVariantsField: true, hasVariantsField: false, rawType: array[0], parsedVariantsCount: 0, allTopLevelKeys: Array(14)} @ https://out-run-aoxyq4uip-davids-projects-0d6e1f97.vercel.app/_next/static/chunks/5677-e194dbb9c52cb011.js:0
[   94352ms] [LOG] [VisualContentService] docToContent "pCI5NHXpowu2ySucqDn8_8": {hasVideoVariantsField: true, hasVariantsField: false, rawType: array[0], parsedVariantsCount: 0, allTopLevelKeys: Array(14)} @ https://out-run-aoxyq4uip-davids-projects-0d6e1f97.vercel.app/_next/static/chunks/5677-e194dbb9c52cb011.js:0
[   94352ms] [LOG] [VisualContentService] docToContent "pCI5NHXpowu2ySucqDn8_9": {hasVideoVariantsField: true, hasVariantsField: false, rawType: array[0], parsedVariantsCount: 0, allTopLevelKeys: Array(14)} @ https://out-run-aoxyq4uip-davids-projects-0d6e1f97.vercel.app/_next/static/chunks/5677-e194dbb9c52cb011.js:0
[   94352ms] [LOG] [VisualContentService] docToContent "pCI5NHXpowu2ySucqDn8_6": {hasVideoVariantsField: true, hasVariantsField: false, rawType: array[0], parsedVariantsCount: 0, allTopLevelKeys: Array(14)} @ https://out-run-aoxyq4uip-davids-projects-0d6e1f97.vercel.app/_next/static/chunks/5677-e194dbb9c52cb011.js:0
[   94353ms] [LOG] [VisualContentService] docToContent "pCI5NHXpowu2ySucqDn8_6": {hasVideoVariantsField: true, hasVariantsField: false, rawType: array[0], parsedVariantsCount: 0, allTopLevelKeys: Array(14)} @ https://out-run-aoxyq4uip-davids-projects-0d6e1f97.vercel.app/_next/static/chunks/5677-e194dbb9c52cb011.js:0
[   94487ms] [LOG] [VisualContentService] docToContent "pCI5NHXpowu2ySucqDn8_7": {hasVideoVariantsField: true, hasVariantsField: false, rawType: array[0], parsedVariantsCount: 0, allTopLevelKeys: Array(14)} @ https://out-run-aoxyq4uip-davids-projects-0d6e1f97.vercel.app/_next/static/chunks/5677-e194dbb9c52cb011.js:0
[   94487ms] [LOG] [VisualContentService] docToContent "pCI5NHXpowu2ySucqDn8_8": {hasVideoVariantsField: true, hasVariantsField: false, rawType: array[0], parsedVariantsCount: 0, allTopLevelKeys: Array(14)} @ https://out-run-aoxyq4uip-davids-projects-0d6e1f97.vercel.app/_next/static/chunks/5677-e194dbb9c52cb011.js:0
[   94487ms] [LOG] [VisualContentService] docToContent "pCI5NHXpowu2ySucqDn8_5": {hasVideoVariantsField: true, hasVariantsField: false, rawType: array[0], parsedVariantsCount: 0, allTopLevelKeys: Array(14)} @ https://out-run-aoxyq4uip-davids-projects-0d6e1f97.vercel.app/_next/static/chunks/5677-e194dbb9c52cb011.js:0
[   94487ms] [LOG] [VisualContentService] docToContent "pCI5NHXpowu2ySucqDn8_5": {hasVideoVariantsField: true, hasVariantsField: false, rawType: array[0], parsedVariantsCount: 0, allTopLevelKeys: Array(14)} @ https://out-run-aoxyq4uip-davids-projects-0d6e1f97.vercel.app/_next/static/chunks/5677-e194dbb9c52cb011.js:0
[   94620ms] [LOG] [VisualContentService] docToContent "pCI5NHXpowu2ySucqDn8_6": {hasVideoVariantsField: true, hasVariantsField: false, rawType: array[0], parsedVariantsCount: 0, allTopLevelKeys: Array(14)} @ https://out-run-aoxyq4uip-davids-projects-0d6e1f97.vercel.app/_next/static/chunks/5677-e194dbb9c52cb011.js:0
[   94620ms] [LOG] [VisualContentService] docToContent "pCI5NHXpowu2ySucqDn8_7": {hasVideoVariantsField: true, hasVariantsField: false, rawType: array[0], parsedVariantsCount: 0, allTopLevelKeys: Array(14)} @ https://out-run-aoxyq4uip-davids-projects-0d6e1f97.vercel.app/_next/static/chunks/5677-e194dbb9c52cb011.js:0
[   94620ms] [LOG] [VisualContentService] docToContent "pCI5NHXpowu2ySucqDn8_4": {hasVideoVariantsField: true, hasVariantsField: false, rawType: array[0], parsedVariantsCount: 0, allTopLevelKeys: Array(14)} @ https://out-run-aoxyq4uip-davids-projects-0d6e1f97.vercel.app/_next/static/chunks/5677-e194dbb9c52cb011.js:0
[   94620ms] [LOG] [VisualContentService] docToContent "pCI5NHXpowu2ySucqDn8_4": {hasVideoVariantsField: true, hasVariantsField: false, rawType: array[0], parsedVariantsCount: 0, allTopLevelKeys: Array(14)} @ https://out-run-aoxyq4uip-davids-projects-0d6e1f97.vercel.app/_next/static/chunks/5677-e194dbb9c52cb011.js:0
[   94759ms] [LOG] [VisualContentService] docToContent "pCI5NHXpowu2ySucqDn8_5": {hasVideoVariantsField: true, hasVariantsField: false, rawType: array[0], parsedVariantsCount: 0, allTopLevelKeys: Array(14)} @ https://out-run-aoxyq4uip-davids-projects-0d6e1f97.vercel.app/_next/static/chunks/5677-e194dbb9c52cb011.js:0
[   94759ms] [LOG] [VisualContentService] docToContent "pCI5NHXpowu2ySucqDn8_6": {hasVideoVariantsField: true, hasVariantsField: false, rawType: array[0], parsedVariantsCount: 0, allTopLevelKeys: Array(14)} @ https://out-run-aoxyq4uip-davids-projects-0d6e1f97.vercel.app/_next/static/chunks/5677-e194dbb9c52cb011.js:0
[   94759ms] [LOG] [VisualContentService] docToContent "pCI5NHXpowu2ySucqDn8_3": {hasVideoVariantsField: true, hasVariantsField: false, rawType: array[0], parsedVariantsCount: 0, allTopLevelKeys: Array(14)} @ https://out-run-aoxyq4uip-davids-projects-0d6e1f97.vercel.app/_next/static/chunks/5677-e194dbb9c52cb011.js:0
[   94759ms] [LOG] [VisualContentService] docToContent "pCI5NHXpowu2ySucqDn8_3": {hasVideoVariantsField: true, hasVariantsField: false, rawType: array[0], parsedVariantsCount: 0, allTopLevelKeys: Array(14)} @ https://out-run-aoxyq4uip-davids-projects-0d6e1f97.vercel.app/_next/static/chunks/5677-e194dbb9c52cb011.js:0
[   94896ms] [LOG] [VisualContentService] docToContent "pCI5NHXpowu2ySucqDn8_4": {hasVideoVariantsField: true, hasVariantsField: false, rawType: array[0], parsedVariantsCount: 0, allTopLevelKeys: Array(14)} @ https://out-run-aoxyq4uip-davids-projects-0d6e1f97.vercel.app/_next/static/chunks/5677-e194dbb9c52cb011.js:0
[   94896ms] [LOG] [VisualContentService] docToContent "pCI5NHXpowu2ySucqDn8_5": {hasVideoVariantsField: true, hasVariantsField: false, rawType: array[0], parsedVariantsCount: 0, allTopLevelKeys: Array(14)} @ https://out-run-aoxyq4uip-davids-projects-0d6e1f97.vercel.app/_next/static/chunks/5677-e194dbb9c52cb011.js:0
[   94896ms] [LOG] [VisualContentService] docToContent "pCI5NHXpowu2ySucqDn8_2": {hasVideoVariantsField: true, hasVariantsField: false, rawType: array[0], parsedVariantsCount: 0, allTopLevelKeys: Array(14)} @ https://out-run-aoxyq4uip-davids-projects-0d6e1f97.vercel.app/_next/static/chunks/5677-e194dbb9c52cb011.js:0
[   94896ms] [LOG] [VisualContentService] docToContent "pCI5NHXpowu2ySucqDn8_2": {hasVideoVariantsField: true, hasVariantsField: false, rawType: array[0], parsedVariantsCount: 0, allTopLevelKeys: Array(14)} @ https://out-run-aoxyq4uip-davids-projects-0d6e1f97.vercel.app/_next/static/chunks/5677-e194dbb9c52cb011.js:0
[   95047ms] [LOG] [VisualContentService] docToContent "pCI5NHXpowu2ySucqDn8_3": {hasVideoVariantsField: true, hasVariantsField: false, rawType: array[0], parsedVariantsCount: 0, allTopLevelKeys: Array(14)} @ https://out-run-aoxyq4uip-davids-projects-0d6e1f97.vercel.app/_next/static/chunks/5677-e194dbb9c52cb011.js:0
[   95047ms] [LOG] [VisualContentService] docToContent "pCI5NHXpowu2ySucqDn8_4": {hasVideoVariantsField: true, hasVariantsField: false, rawType: array[0], parsedVariantsCount: 0, allTopLevelKeys: Array(14)} @ https://out-run-aoxyq4uip-davids-projects-0d6e1f97.vercel.app/_next/static/chunks/5677-e194dbb9c52cb011.js:0
[   95048ms] [LOG] [VisualContentService] docToContent "pCI5NHXpowu2ySucqDn8_1": {hasVideoVariantsField: true, hasVariantsField: false, rawType: array[0], parsedVariantsCount: 0, allTopLevelKeys: Array(14)} @ https://out-run-aoxyq4uip-davids-projects-0d6e1f97.vercel.app/_next/static/chunks/5677-e194dbb9c52cb011.js:0
[   95048ms] [LOG] [VisualContentService] docToContent "pCI5NHXpowu2ySucqDn8_1": {hasVideoVariantsField: true, hasVariantsField: false, rawType: array[0], parsedVariantsCount: 0, allTopLevelKeys: Array(14)} @ https://out-run-aoxyq4uip-davids-projects-0d6e1f97.vercel.app/_next/static/chunks/5677-e194dbb9c52cb011.js:0
[   95197ms] [LOG] [VisualContentService] docToContent "pCI5NHXpowu2ySucqDn8_2": {hasVideoVariantsField: true, hasVariantsField: false, rawType: array[0], parsedVariantsCount: 0, allTopLevelKeys: Array(14)} @ https://out-run-aoxyq4uip-davids-projects-0d6e1f97.vercel.app/_next/static/chunks/5677-e194dbb9c52cb011.js:0
[   95197ms] [LOG] [VisualContentService] docToContent "pCI5NHXpowu2ySucqDn8_3": {hasVideoVariantsField: true, hasVariantsField: false, rawType: array[0], parsedVariantsCount: 0, allTopLevelKeys: Array(14)} @ https://out-run-aoxyq4uip-davids-projects-0d6e1f97.vercel.app/_next/static/chunks/5677-e194dbb9c52cb011.js:0
[   95372ms] [LOG] [VisualContentService] docToContent "pCI5NHXpowu2ySucqDn8_1": {hasVideoVariantsField: true, hasVariantsField: false, rawType: array[0], parsedVariantsCount: 0, allTopLevelKeys: Array(14)} @ https://out-run-aoxyq4uip-davids-projects-0d6e1f97.vercel.app/_next/static/chunks/5677-e194dbb9c52cb011.js:0
[   95372ms] [LOG] [VisualContentService] docToContent "pCI5NHXpowu2ySucqDn8_2": {hasVideoVariantsField: true, hasVariantsField: false, rawType: array[0], parsedVariantsCount: 0, allTopLevelKeys: Array(14)} @ https://out-run-aoxyq4uip-davids-projects-0d6e1f97.vercel.app/_next/static/chunks/5677-e194dbb9c52cb011.js:0
[   95517ms] [LOG] [VisualContentService] docToContent "pCI5NHXpowu2ySucqDn8_1": {hasVideoVariantsField: true, hasVariantsField: false, rawType: array[0], parsedVariantsCount: 0, allTopLevelKeys: Array(14)} @ https://out-run-aoxyq4uip-davids-projects-0d6e1f97.vercel.app/_next/static/chunks/5677-e194dbb9c52cb011.js:0
[  136111ms] [LOG] [DEBUG-RESOLVER] resolveContent("planche", 3) → programId="pCI5NHXpowu2ySucqDn8" @ https://out-run-aoxyq4uip-davids-projects-0d6e1f97.vercel.app/_next/static/chunks/5677-e194dbb9c52cb011.js:0
[  136111ms] [LOG] [DEBUG-RESOLVER] resolveContent("planche", 2) → programId="pCI5NHXpowu2ySucqDn8" @ https://out-run-aoxyq4uip-davids-projects-0d6e1f97.vercel.app/_next/static/chunks/5677-e194dbb9c52cb011.js:0
[  136111ms] [LOG] [DEBUG-RESOLVER] resolveContent("planche", 4) → programId="pCI5NHXpowu2ySucqDn8" @ https://out-run-aoxyq4uip-davids-projects-0d6e1f97.vercel.app/_next/static/chunks/5677-e194dbb9c52cb011.js:0
[  136111ms] [LOG] [DEBUG-RESOLVER] resolveContent("planche", 4) → programId="pCI5NHXpowu2ySucqDn8" @ https://out-run-aoxyq4uip-davids-projects-0d6e1f97.vercel.app/_next/static/chunks/5677-e194dbb9c52cb011.js:0
[  136278ms] [LOG] [VisualContentService] docToContent "pCI5NHXpowu2ySucqDn8_4": {hasVideoVariantsField: true, hasVariantsField: false, rawType: array[0], parsedVariantsCount: 0, allTopLevelKeys: Array(14)} @ https://out-run-aoxyq4uip-davids-projects-0d6e1f97.vercel.app/_next/static/chunks/5677-e194dbb9c52cb011.js:0
[  136278ms] [LOG] [DEBUG-RESOLVER] attempt1 getVisualContentItem("pCI5NHXpowu2ySucqDn8", 4) → FOUND @ https://out-run-aoxyq4uip-davids-projects-0d6e1f97.vercel.app/_next/static/chunks/5677-e194dbb9c52cb011.js:0
[  136278ms] [LOG] [VisualContentService] docToContent "pCI5NHXpowu2ySucqDn8_4": {hasVideoVariantsField: true, hasVariantsField: false, rawType: array[0], parsedVariantsCount: 0, allTopLevelKeys: Array(14)} @ https://out-run-aoxyq4uip-davids-projects-0d6e1f97.vercel.app/_next/static/chunks/5677-e194dbb9c52cb011.js:0
[  136278ms] [LOG] [DEBUG-RESOLVER] attempt1 getVisualContentItem("pCI5NHXpowu2ySucqDn8", 4) → FOUND @ https://out-run-aoxyq4uip-davids-projects-0d6e1f97.vercel.app/_next/static/chunks/5677-e194dbb9c52cb011.js:0
[  136412ms] [LOG] [ContentResolver] Level 4 — exercise video resolved: "עמידת פייק גובה ברך" → https://vz-b17872ab-7a7.b-cdn.net/6579bf6b-6527-4637-b9bc-03… @ https://out-run-aoxyq4uip-davids-projects-0d6e1f97.vercel.app/_next/static/chunks/5677-e194dbb9c52cb011.js:0
[  136412ms] [LOG] [ContentResolver] Level 4 — exercise video resolved: "עמידת פייק גובה ברך" → https://vz-b17872ab-7a7.b-cdn.net/6579bf6b-6527-4637-b9bc-03… @ https://out-run-aoxyq4uip-davids-projects-0d6e1f97.vercel.app/_next/static/chunks/5677-e194dbb9c52cb011.js:0
[  143718ms] [LOG] [DEBUG-RESOLVER] resolveContent("planche", 1) → programId="pCI5NHXpowu2ySucqDn8" @ https://out-run-aoxyq4uip-davids-projects-0d6e1f97.vercel.app/_next/static/chunks/5677-e194dbb9c52cb011.js:0
[  143718ms] [LOG] [DEBUG-RESOLVER] resolveContent("planche", 2) → programId="pCI5NHXpowu2ySucqDn8" @ https://out-run-aoxyq4uip-davids-projects-0d6e1f97.vercel.app/_next/static/chunks/5677-e194dbb9c52cb011.js:0
[  143719ms] [LOG] [DEBUG-RESOLVER] resolveContent("planche", 2) → programId="pCI5NHXpowu2ySucqDn8" @ https://out-run-aoxyq4uip-davids-projects-0d6e1f97.vercel.app/_next/static/chunks/5677-e194dbb9c52cb011.js:0
[  144784ms] [LOG] [DEBUG-RESOLVER] resolveContent("planche", 7) → programId="pCI5NHXpowu2ySucqDn8" @ https://out-run-aoxyq4uip-davids-projects-0d6e1f97.vercel.app/_next/static/chunks/5677-e194dbb9c52cb011.js:0
[  144785ms] [LOG] [DEBUG-RESOLVER] resolveContent("planche", 6) → programId="pCI5NHXpowu2ySucqDn8" @ https://out-run-aoxyq4uip-davids-projects-0d6e1f97.vercel.app/_next/static/chunks/5677-e194dbb9c52cb011.js:0
[  144785ms] [LOG] [DEBUG-RESOLVER] resolveContent("planche", 8) → programId="pCI5NHXpowu2ySucqDn8" @ https://out-run-aoxyq4uip-davids-projects-0d6e1f97.vercel.app/_next/static/chunks/5677-e194dbb9c52cb011.js:0
[  144785ms] [LOG] [DEBUG-RESOLVER] resolveContent("planche", 8) → programId="pCI5NHXpowu2ySucqDn8" @ https://out-run-aoxyq4uip-davids-projects-0d6e1f97.vercel.app/_next/static/chunks/5677-e194dbb9c52cb011.js:0
[  144993ms] [LOG] [VisualContentService] docToContent "pCI5NHXpowu2ySucqDn8_6": {hasVideoVariantsField: true, hasVariantsField: false, rawType: array[0], parsedVariantsCount: 0, allTopLevelKeys: Array(14)} @ https://out-run-aoxyq4uip-davids-projects-0d6e1f97.vercel.app/_next/static/chunks/5677-e194dbb9c52cb011.js:0
[  144993ms] [LOG] [DEBUG-RESOLVER] attempt1 getVisualContentItem("pCI5NHXpowu2ySucqDn8", 6) → FOUND @ https://out-run-aoxyq4uip-davids-projects-0d6e1f97.vercel.app/_next/static/chunks/5677-e194dbb9c52cb011.js:0
[  144993ms] [LOG] [VisualContentService] docToContent "pCI5NHXpowu2ySucqDn8_8": {hasVideoVariantsField: true, hasVariantsField: false, rawType: array[0], parsedVariantsCount: 0, allTopLevelKeys: Array(14)} @ https://out-run-aoxyq4uip-davids-projects-0d6e1f97.vercel.app/_next/static/chunks/5677-e194dbb9c52cb011.js:0
[  144993ms] [LOG] [DEBUG-RESOLVER] attempt1 getVisualContentItem("pCI5NHXpowu2ySucqDn8", 8) → FOUND @ https://out-run-aoxyq4uip-davids-projects-0d6e1f97.vercel.app/_next/static/chunks/5677-e194dbb9c52cb011.js:0
[  144993ms] [LOG] [VisualContentService] docToContent "pCI5NHXpowu2ySucqDn8_8": {hasVideoVariantsField: true, hasVariantsField: false, rawType: array[0], parsedVariantsCount: 0, allTopLevelKeys: Array(14)} @ https://out-run-aoxyq4uip-davids-projects-0d6e1f97.vercel.app/_next/static/chunks/5677-e194dbb9c52cb011.js:0
[  144993ms] [LOG] [DEBUG-RESOLVER] attempt1 getVisualContentItem("pCI5NHXpowu2ySucqDn8", 8) → FOUND @ https://out-run-aoxyq4uip-davids-projects-0d6e1f97.vercel.app/_next/static/chunks/5677-e194dbb9c52cb011.js:0
[  145123ms] [LOG] [ContentResolver] Level 6 — exercise video resolved: "פלאנץ׳ בטאק בעזרת גומייה דקה" → https://vz-b17872ab-7a7.b-cdn.net/a4c64ee4-9fd0-4765-93e0-45… @ https://out-run-aoxyq4uip-davids-projects-0d6e1f97.vercel.app/_next/static/chunks/5677-e194dbb9c52cb011.js:0
[  145123ms] [LOG] [ContentResolver] Level 8 — exercise video resolved: "לחיצה מישיבת L לפייק" → https://vz-b17872ab-7a7.b-cdn.net/342be4cc-77b0-4802-855c-1c… @ https://out-run-aoxyq4uip-davids-projects-0d6e1f97.vercel.app/_next/static/chunks/5677-e194dbb9c52cb011.js:0
[  145123ms] [LOG] [ContentResolver] Level 8 — exercise video resolved: "לחיצה מישיבת L לפייק" → https://vz-b17872ab-7a7.b-cdn.net/342be4cc-77b0-4802-855c-1c… @ https://out-run-aoxyq4uip-davids-projects-0d6e1f97.vercel.app/_next/static/chunks/5677-e194dbb9c52cb011.js:0
[  147152ms] [LOG] [DEBUG-RESOLVER] resolveContent("planche", 1) → programId="pCI5NHXpowu2ySucqDn8" @ https://out-run-aoxyq4uip-davids-projects-0d6e1f97.vercel.app/_next/static/chunks/5677-e194dbb9c52cb011.js:0
[  147152ms] [LOG] [DEBUG-RESOLVER] resolveContent("planche", 2) → programId="pCI5NHXpowu2ySucqDn8" @ https://out-run-aoxyq4uip-davids-projects-0d6e1f97.vercel.app/_next/static/chunks/5677-e194dbb9c52cb011.js:0
[  147152ms] [LOG] [DEBUG-RESOLVER] resolveContent("planche", 2) → programId="pCI5NHXpowu2ySucqDn8" @ https://out-run-aoxyq4uip-davids-projects-0d6e1f97.vercel.app/_next/static/chunks/5677-e194dbb9c52cb011.js:0
[  151352ms] [LOG] [DEBUG-RESOLVER] resolveContent("planche", 3) → programId="pCI5NHXpowu2ySucqDn8" @ https://out-run-aoxyq4uip-davids-projects-0d6e1f97.vercel.app/_next/static/chunks/5677-e194dbb9c52cb011.js:0
[  151353ms] [LOG] [DEBUG-RESOLVER] resolveContent("planche", 2) → programId="pCI5NHXpowu2ySucqDn8" @ https://out-run-aoxyq4uip-davids-projects-0d6e1f97.vercel.app/_next/static/chunks/5677-e194dbb9c52cb011.js:0
[  151353ms] [LOG] [DEBUG-RESOLVER] resolveContent("planche", 4) → programId="pCI5NHXpowu2ySucqDn8" @ https://out-run-aoxyq4uip-davids-projects-0d6e1f97.vercel.app/_next/static/chunks/5677-e194dbb9c52cb011.js:0
[  151353ms] [LOG] [DEBUG-RESOLVER] resolveContent("planche", 4) → programId="pCI5NHXpowu2ySucqDn8" @ https://out-run-aoxyq4uip-davids-projects-0d6e1f97.vercel.app/_next/static/chunks/5677-e194dbb9c52cb011.js:0
[  154301ms] [LOG] [DEBUG-RESOLVER] resolveContent("planche", 1) → programId="pCI5NHXpowu2ySucqDn8" @ https://out-run-aoxyq4uip-davids-projects-0d6e1f97.vercel.app/_next/static/chunks/5677-e194dbb9c52cb011.js:0
[  154301ms] [LOG] [DEBUG-RESOLVER] resolveContent("planche", 2) → programId="pCI5NHXpowu2ySucqDn8" @ https://out-run-aoxyq4uip-davids-projects-0d6e1f97.vercel.app/_next/static/chunks/5677-e194dbb9c52cb011.js:0
[  154301ms] [LOG] [DEBUG-RESOLVER] resolveContent("planche", 2) → programId="pCI5NHXpowu2ySucqDn8" @ https://out-run-aoxyq4uip-davids-projects-0d6e1f97.vercel.app/_next/static/chunks/5677-e194dbb9c52cb011.js:0
[  157785ms] [LOG] [DEBUG-RESOLVER] resolveContent("planche", 13) → programId="pCI5NHXpowu2ySucqDn8" @ https://out-run-aoxyq4uip-davids-projects-0d6e1f97.vercel.app/_next/static/chunks/5677-e194dbb9c52cb011.js:0
[  157785ms] [LOG] [DEBUG-RESOLVER] resolveContent("planche", 12) → programId="pCI5NHXpowu2ySucqDn8" @ https://out-run-aoxyq4uip-davids-projects-0d6e1f97.vercel.app/_next/static/chunks/5677-e194dbb9c52cb011.js:0
[  157785ms] [LOG] [DEBUG-RESOLVER] resolveContent("planche", 14) → programId="pCI5NHXpowu2ySucqDn8" @ https://out-run-aoxyq4uip-davids-projects-0d6e1f97.vercel.app/_next/static/chunks/5677-e194dbb9c52cb011.js:0
[  157785ms] [LOG] [DEBUG-RESOLVER] resolveContent("planche", 14) → programId="pCI5NHXpowu2ySucqDn8" @ https://out-run-aoxyq4uip-davids-projects-0d6e1f97.vercel.app/_next/static/chunks/5677-e194dbb9c52cb011.js:0
[  160468ms] [LOG] [DEBUG-RESOLVER] resolveContent("planche", 15) → programId="pCI5NHXpowu2ySucqDn8" @ https://out-run-aoxyq4uip-davids-projects-0d6e1f97.vercel.app/_next/static/chunks/5677-e194dbb9c52cb011.js:0
[  160468ms] [LOG] [DEBUG-RESOLVER] resolveContent("planche", 14) → programId="pCI5NHXpowu2ySucqDn8" @ https://out-run-aoxyq4uip-davids-projects-0d6e1f97.vercel.app/_next/static/chunks/5677-e194dbb9c52cb011.js:0
[  160468ms] [LOG] [DEBUG-RESOLVER] resolveContent("planche", 14) → programId="pCI5NHXpowu2ySucqDn8" @ https://out-run-aoxyq4uip-davids-projects-0d6e1f97.vercel.app/_next/static/chunks/5677-e194dbb9c52cb011.js:0
[  161934ms] [LOG] [DEBUG-RESOLVER] resolveContent("planche", 10) → programId="pCI5NHXpowu2ySucqDn8" @ https://out-run-aoxyq4uip-davids-projects-0d6e1f97.vercel.app/_next/static/chunks/5677-e194dbb9c52cb011.js:0
[  161934ms] [LOG] [DEBUG-RESOLVER] resolveContent("planche", 9) → programId="pCI5NHXpowu2ySucqDn8" @ https://out-run-aoxyq4uip-davids-projects-0d6e1f97.vercel.app/_next/static/chunks/5677-e194dbb9c52cb011.js:0
[  161934ms] [LOG] [DEBUG-RESOLVER] resolveContent("planche", 11) → programId="pCI5NHXpowu2ySucqDn8" @ https://out-run-aoxyq4uip-davids-projects-0d6e1f97.vercel.app/_next/static/chunks/5677-e194dbb9c52cb011.js:0
[  161934ms] [LOG] [DEBUG-RESOLVER] resolveContent("planche", 11) → programId="pCI5NHXpowu2ySucqDn8" @ https://out-run-aoxyq4uip-davids-projects-0d6e1f97.vercel.app/_next/static/chunks/5677-e194dbb9c52cb011.js:0
[  162073ms] [LOG] [VisualContentService] docToContent "pCI5NHXpowu2ySucqDn8_9": {hasVideoVariantsField: true, hasVariantsField: false, rawType: array[0], parsedVariantsCount: 0, allTopLevelKeys: Array(14)} @ https://out-run-aoxyq4uip-davids-projects-0d6e1f97.vercel.app/_next/static/chunks/5677-e194dbb9c52cb011.js:0
[  162073ms] [LOG] [DEBUG-RESOLVER] attempt1 getVisualContentItem("pCI5NHXpowu2ySucqDn8", 9) → FOUND @ https://out-run-aoxyq4uip-davids-projects-0d6e1f97.vercel.app/_next/static/chunks/5677-e194dbb9c52cb011.js:0
[  162073ms] [LOG] [VisualContentService] docToContent "pCI5NHXpowu2ySucqDn8_11": {hasVideoVariantsField: true, hasVariantsField: false, rawType: array[0], parsedVariantsCount: 0, allTopLevelKeys: Array(14)} @ https://out-run-aoxyq4uip-davids-projects-0d6e1f97.vercel.app/_next/static/chunks/5677-e194dbb9c52cb011.js:0
[  162074ms] [LOG] [DEBUG-RESOLVER] attempt1 getVisualContentItem("pCI5NHXpowu2ySucqDn8", 11) → FOUND @ https://out-run-aoxyq4uip-davids-projects-0d6e1f97.vercel.app/_next/static/chunks/5677-e194dbb9c52cb011.js:0
[  162074ms] [LOG] [VisualContentService] docToContent "pCI5NHXpowu2ySucqDn8_11": {hasVideoVariantsField: true, hasVariantsField: false, rawType: array[0], parsedVariantsCount: 0, allTopLevelKeys: Array(14)} @ https://out-run-aoxyq4uip-davids-projects-0d6e1f97.vercel.app/_next/static/chunks/5677-e194dbb9c52cb011.js:0
[  162074ms] [LOG] [DEBUG-RESOLVER] attempt1 getVisualContentItem("pCI5NHXpowu2ySucqDn8", 11) → FOUND @ https://out-run-aoxyq4uip-davids-projects-0d6e1f97.vercel.app/_next/static/chunks/5677-e194dbb9c52cb011.js:0
[  162221ms] [LOG] [ContentResolver] Level 9 — exercise video resolved: "שכיבות סמיכה פלאנץ׳ טאק" → https://vz-b17872ab-7a7.b-cdn.net/849d609d-13fd-4bf6-ad46-7d… @ https://out-run-aoxyq4uip-davids-projects-0d6e1f97.vercel.app/_next/static/chunks/5677-e194dbb9c52cb011.js:0
[  162222ms] [LOG] [ContentResolver] Level 11 — exercise video resolved: "שכיבות סמיכה פלאנץ׳ בטאק מתקדם" → https://vz-b17872ab-7a7.b-cdn.net/eeb3aed1-5a23-4689-9ad9-59… @ https://out-run-aoxyq4uip-davids-projects-0d6e1f97.vercel.app/_next/static/chunks/5677-e194dbb9c52cb011.js:0
[  162222ms] [LOG] [ContentResolver] Level 11 — exercise video resolved: "שכיבות סמיכה פלאנץ׳ בטאק מתקדם" → https://vz-b17872ab-7a7.b-cdn.net/eeb3aed1-5a23-4689-9ad9-59… @ https://out-run-aoxyq4uip-davids-projects-0d6e1f97.vercel.app/_next/static/chunks/5677-e194dbb9c52cb011.js:0
[  164701ms] [LOG] [DEBUG-RESOLVER] resolveContent("planche", 7) → programId="pCI5NHXpowu2ySucqDn8" @ https://out-run-aoxyq4uip-davids-projects-0d6e1f97.vercel.app/_next/static/chunks/5677-e194dbb9c52cb011.js:0
[  164701ms] [LOG] [DEBUG-RESOLVER] resolveContent("planche", 6) → programId="pCI5NHXpowu2ySucqDn8" @ https://out-run-aoxyq4uip-davids-projects-0d6e1f97.vercel.app/_next/static/chunks/5677-e194dbb9c52cb011.js:0
[  164701ms] [LOG] [DEBUG-RESOLVER] resolveContent("planche", 8) → programId="pCI5NHXpowu2ySucqDn8" @ https://out-run-aoxyq4uip-davids-projects-0d6e1f97.vercel.app/_next/static/chunks/5677-e194dbb9c52cb011.js:0
[  164701ms] [LOG] [DEBUG-RESOLVER] resolveContent("planche", 8) → programId="pCI5NHXpowu2ySucqDn8" @ https://out-run-aoxyq4uip-davids-projects-0d6e1f97.vercel.app/_next/static/chunks/5677-e194dbb9c52cb011.js:0
[  168667ms] [LOG] [DEBUG-RESOLVER] resolveContent("planche", 12) → programId="pCI5NHXpowu2ySucqDn8" @ https://out-run-aoxyq4uip-davids-projects-0d6e1f97.vercel.app/_next/static/chunks/5677-e194dbb9c52cb011.js:0
[  168667ms] [LOG] [DEBUG-RESOLVER] resolveContent("planche", 11) → programId="pCI5NHXpowu2ySucqDn8" @ https://out-run-aoxyq4uip-davids-projects-0d6e1f97.vercel.app/_next/static/chunks/5677-e194dbb9c52cb011.js:0
[  168667ms] [LOG] [DEBUG-RESOLVER] resolveContent("planche", 13) → programId="pCI5NHXpowu2ySucqDn8" @ https://out-run-aoxyq4uip-davids-projects-0d6e1f97.vercel.app/_next/static/chunks/5677-e194dbb9c52cb011.js:0
[  168667ms] [LOG] [DEBUG-RESOLVER] resolveContent("planche", 13) → programId="pCI5NHXpowu2ySucqDn8" @ https://out-run-aoxyq4uip-davids-projects-0d6e1f97.vercel.app/_next/static/chunks/5677-e194dbb9c52cb011.js:0
[  171050ms] [LOG] [DEBUG-RESOLVER] resolveContent("planche", 14) → programId="pCI5NHXpowu2ySucqDn8" @ https://out-run-aoxyq4uip-davids-projects-0d6e1f97.vercel.app/_next/static/chunks/5677-e194dbb9c52cb011.js:0
[  171050ms] [LOG] [DEBUG-RESOLVER] resolveContent("planche", 13) → programId="pCI5NHXpowu2ySucqDn8" @ https://out-run-aoxyq4uip-davids-projects-0d6e1f97.vercel.app/_next/static/chunks/5677-e194dbb9c52cb011.js:0
[  171050ms] [LOG] [DEBUG-RESOLVER] resolveContent("planche", 15) → programId="pCI5NHXpowu2ySucqDn8" @ https://out-run-aoxyq4uip-davids-projects-0d6e1f97.vercel.app/_next/static/chunks/5677-e194dbb9c52cb011.js:0
[  171050ms] [LOG] [DEBUG-RESOLVER] resolveContent("planche", 15) → programId="pCI5NHXpowu2ySucqDn8" @ https://out-run-aoxyq4uip-davids-projects-0d6e1f97.vercel.app/_next/static/chunks/5677-e194dbb9c52cb011.js:0
[  173119ms] [LOG] [DEBUG-RESOLVER] resolveContent("planche", 1) → programId="pCI5NHXpowu2ySucqDn8" @ https://out-run-aoxyq4uip-davids-projects-0d6e1f97.vercel.app/_next/static/chunks/5677-e194dbb9c52cb011.js:0
[  173119ms] [LOG] [DEBUG-RESOLVER] resolveContent("planche", 2) → programId="pCI5NHXpowu2ySucqDn8" @ https://out-run-aoxyq4uip-davids-projects-0d6e1f97.vercel.app/_next/static/chunks/5677-e194dbb9c52cb011.js:0
[  173119ms] [LOG] [DEBUG-RESOLVER] resolveContent("planche", 2) → programId="pCI5NHXpowu2ySucqDn8" @ https://out-run-aoxyq4uip-davids-projects-0d6e1f97.vercel.app/_next/static/chunks/5677-e194dbb9c52cb011.js:0
[  176618ms] [LOG] [DEBUG-RESOLVER] resolveContent("planche", 3) → programId="pCI5NHXpowu2ySucqDn8" @ https://out-run-aoxyq4uip-davids-projects-0d6e1f97.vercel.app/_next/static/chunks/5677-e194dbb9c52cb011.js:0
[  176618ms] [LOG] [DEBUG-RESOLVER] resolveContent("planche", 2) → programId="pCI5NHXpowu2ySucqDn8" @ https://out-run-aoxyq4uip-davids-projects-0d6e1f97.vercel.app/_next/static/chunks/5677-e194dbb9c52cb011.js:0
[  176618ms] [LOG] [DEBUG-RESOLVER] resolveContent("planche", 4) → programId="pCI5NHXpowu2ySucqDn8" @ https://out-run-aoxyq4uip-davids-projects-0d6e1f97.vercel.app/_next/static/chunks/5677-e194dbb9c52cb011.js:0
[  176618ms] [LOG] [DEBUG-RESOLVER] resolveContent("planche", 4) → programId="pCI5NHXpowu2ySucqDn8" @ https://out-run-aoxyq4uip-davids-projects-0d6e1f97.vercel.app/_next/static/chunks/5677-e194dbb9c52cb011.js:0
[  179884ms] [LOG] [DEBUG-RESOLVER] resolveContent("planche", 7) → programId="pCI5NHXpowu2ySucqDn8" @ https://out-run-aoxyq4uip-davids-projects-0d6e1f97.vercel.app/_next/static/chunks/5677-e194dbb9c52cb011.js:0
[  179884ms] [LOG] [DEBUG-RESOLVER] resolveContent("planche", 6) → programId="pCI5NHXpowu2ySucqDn8" @ https://out-run-aoxyq4uip-davids-projects-0d6e1f97.vercel.app/_next/static/chunks/5677-e194dbb9c52cb011.js:0
[  179884ms] [LOG] [DEBUG-RESOLVER] resolveContent("planche", 8) → programId="pCI5NHXpowu2ySucqDn8" @ https://out-run-aoxyq4uip-davids-projects-0d6e1f97.vercel.app/_next/static/chunks/5677-e194dbb9c52cb011.js:0
[  179884ms] [LOG] [DEBUG-RESOLVER] resolveContent("planche", 8) → programId="pCI5NHXpowu2ySucqDn8" @ https://out-run-aoxyq4uip-davids-projects-0d6e1f97.vercel.app/_next/static/chunks/5677-e194dbb9c52cb011.js:0
[  184518ms] [LOG] [DEBUG-RESOLVER] resolveContent("planche", 10) → programId="pCI5NHXpowu2ySucqDn8" @ https://out-run-aoxyq4uip-davids-projects-0d6e1f97.vercel.app/_next/static/chunks/5677-e194dbb9c52cb011.js:0
[  184518ms] [LOG] [DEBUG-RESOLVER] resolveContent("planche", 9) → programId="pCI5NHXpowu2ySucqDn8" @ https://out-run-aoxyq4uip-davids-projects-0d6e1f97.vercel.app/_next/static/chunks/5677-e194dbb9c52cb011.js:0
[  184518ms] [LOG] [DEBUG-RESOLVER] resolveContent("planche", 11) → programId="pCI5NHXpowu2ySucqDn8" @ https://out-run-aoxyq4uip-davids-projects-0d6e1f97.vercel.app/_next/static/chunks/5677-e194dbb9c52cb011.js:0
[  184518ms] [LOG] [DEBUG-RESOLVER] resolveContent("planche", 11) → programId="pCI5NHXpowu2ySucqDn8" @ https://out-run-aoxyq4uip-davids-projects-0d6e1f97.vercel.app/_next/static/chunks/5677-e194dbb9c52cb011.js:0
[  190018ms] [LOG] [DEBUG-RESOLVER] resolveContent("planche", 1) → programId="pCI5NHXpowu2ySucqDn8" @ https://out-run-aoxyq4uip-davids-projects-0d6e1f97.vercel.app/_next/static/chunks/5677-e194dbb9c52cb011.js:0
[  190018ms] [LOG] [DEBUG-RESOLVER] resolveContent("planche", 2) → programId="pCI5NHXpowu2ySucqDn8" @ https://out-run-aoxyq4uip-davids-projects-0d6e1f97.vercel.app/_next/static/chunks/5677-e194dbb9c52cb011.js:0
[  190018ms] [LOG] [DEBUG-RESOLVER] resolveContent("planche", 2) → programId="pCI5NHXpowu2ySucqDn8" @ https://out-run-aoxyq4uip-davids-projects-0d6e1f97.vercel.app/_next/static/chunks/5677-e194dbb9c52cb011.js:0
[  194618ms] [LOG] [DEBUG-RESOLVER] resolveContent("planche", 3) → programId="pCI5NHXpowu2ySucqDn8" @ https://out-run-aoxyq4uip-davids-projects-0d6e1f97.vercel.app/_next/static/chunks/5677-e194dbb9c52cb011.js:0
[  194619ms] [LOG] [DEBUG-RESOLVER] resolveContent("planche", 2) → programId="pCI5NHXpowu2ySucqDn8" @ https://out-run-aoxyq4uip-davids-projects-0d6e1f97.vercel.app/_next/static/chunks/5677-e194dbb9c52cb011.js:0
[  194619ms] [LOG] [DEBUG-RESOLVER] resolveContent("planche", 4) → programId="pCI5NHXpowu2ySucqDn8" @ https://out-run-aoxyq4uip-davids-projects-0d6e1f97.vercel.app/_next/static/chunks/5677-e194dbb9c52cb011.js:0
[  194619ms] [LOG] [DEBUG-RESOLVER] resolveContent("planche", 4) → programId="pCI5NHXpowu2ySucqDn8" @ https://out-run-aoxyq4uip-davids-projects-0d6e1f97.vercel.app/_next/static/chunks/5677-e194dbb9c52cb011.js:0
[  199134ms] [LOG] [DEBUG-RESOLVER] resolveContent("planche", 5) → programId="pCI5NHXpowu2ySucqDn8" @ https://out-run-aoxyq4uip-davids-projects-0d6e1f97.vercel.app/_next/static/chunks/5677-e194dbb9c52cb011.js:0
[  199134ms] [LOG] [DEBUG-RESOLVER] resolveContent("planche", 4) → programId="pCI5NHXpowu2ySucqDn8" @ https://out-run-aoxyq4uip-davids-projects-0d6e1f97.vercel.app/_next/static/chunks/5677-e194dbb9c52cb011.js:0
[  199134ms] [LOG] [DEBUG-RESOLVER] resolveContent("planche", 6) → programId="pCI5NHXpowu2ySucqDn8" @ https://out-run-aoxyq4uip-davids-projects-0d6e1f97.vercel.app/_next/static/chunks/5677-e194dbb9c52cb011.js:0
[  199134ms] [LOG] [DEBUG-RESOLVER] resolveContent("planche", 6) → programId="pCI5NHXpowu2ySucqDn8" @ https://out-run-aoxyq4uip-davids-projects-0d6e1f97.vercel.app/_next/static/chunks/5677-e194dbb9c52cb011.js:0
[  201302ms] [LOG] [DEBUG-RESOLVER] resolveContent("planche", 7) → programId="pCI5NHXpowu2ySucqDn8" @ https://out-run-aoxyq4uip-davids-projects-0d6e1f97.vercel.app/_next/static/chunks/5677-e194dbb9c52cb011.js:0
[  201302ms] [LOG] [DEBUG-RESOLVER] resolveContent("planche", 6) → programId="pCI5NHXpowu2ySucqDn8" @ https://out-run-aoxyq4uip-davids-projects-0d6e1f97.vercel.app/_next/static/chunks/5677-e194dbb9c52cb011.js:0
[  201302ms] [LOG] [DEBUG-RESOLVER] resolveContent("planche", 8) → programId="pCI5NHXpowu2ySucqDn8" @ https://out-run-aoxyq4uip-davids-projects-0d6e1f97.vercel.app/_next/static/chunks/5677-e194dbb9c52cb011.js:0
[  201302ms] [LOG] [DEBUG-RESOLVER] resolveContent("planche", 8) → programId="pCI5NHXpowu2ySucqDn8" @ https://out-run-aoxyq4uip-davids-projects-0d6e1f97.vercel.app/_next/static/chunks/5677-e194dbb9c52cb011.js:0
[  203335ms] [LOG] [DEBUG-RESOLVER] resolveContent("planche", 10) → programId="pCI5NHXpowu2ySucqDn8" @ https://out-run-aoxyq4uip-davids-projects-0d6e1f97.vercel.app/_next/static/chunks/5677-e194dbb9c52cb011.js:0
[  203336ms] [LOG] [DEBUG-RESOLVER] resolveContent("planche", 9) → programId="pCI5NHXpowu2ySucqDn8" @ https://out-run-aoxyq4uip-davids-projects-0d6e1f97.vercel.app/_next/static/chunks/5677-e194dbb9c52cb011.js:0
[  203336ms] [LOG] [DEBUG-RESOLVER] resolveContent("planche", 11) → programId="pCI5NHXpowu2ySucqDn8" @ https://out-run-aoxyq4uip-davids-projects-0d6e1f97.vercel.app/_next/static/chunks/5677-e194dbb9c52cb011.js:0
[  203336ms] [LOG] [DEBUG-RESOLVER] resolveContent("planche", 11) → programId="pCI5NHXpowu2ySucqDn8" @ https://out-run-aoxyq4uip-davids-projects-0d6e1f97.vercel.app/_next/static/chunks/5677-e194dbb9c52cb011.js:0
[  205236ms] [LOG] [DEBUG-RESOLVER] resolveContent("planche", 1) → programId="pCI5NHXpowu2ySucqDn8" @ https://out-run-aoxyq4uip-davids-projects-0d6e1f97.vercel.app/_next/static/chunks/5677-e194dbb9c52cb011.js:0
[  205381ms] [LOG] [VisualContentService] docToContent "pCI5NHXpowu2ySucqDn8_1": {hasVideoVariantsField: true, hasVariantsField: false, rawType: array[0], parsedVariantsCount: 0, allTopLevelKeys: Array(14)} @ https://out-run-aoxyq4uip-davids-projects-0d6e1f97.vercel.app/_next/static/chunks/5677-e194dbb9c52cb011.js:0
[  205382ms] [LOG] [DEBUG-RESOLVER] attempt1 getVisualContentItem("pCI5NHXpowu2ySucqDn8", 1) → FOUND @ https://out-run-aoxyq4uip-davids-projects-0d6e1f97.vercel.app/_next/static/chunks/5677-e194dbb9c52cb011.js:0
[  205539ms] [LOG] [ContentResolver] Level 1 — exercise video resolved: "מקבילים" → https://vz-b17872ab-7a7.b-cdn.net/726dd77e-6f84-4862-a7ab-cd… @ https://out-run-aoxyq4uip-davids-projects-0d6e1f97.vercel.app/_next/static/chunks/5677-e194dbb9c52cb011.js:0
[  205540ms] [LOG] [DEBUG-RESOLVER] resolveContent("planche", 2) → programId="pCI5NHXpowu2ySucqDn8" @ https://out-run-aoxyq4uip-davids-projects-0d6e1f97.vercel.app/_next/static/chunks/5677-e194dbb9c52cb011.js:0
[  205540ms] [LOG] [DEBUG-RESOLVER] resolveContent("planche", 2) → programId="pCI5NHXpowu2ySucqDn8" @ https://out-run-aoxyq4uip-davids-projects-0d6e1f97.vercel.app/_next/static/chunks/5677-e194dbb9c52cb011.js:0
[  208985ms] [LOG] [DEBUG-RESOLVER] resolveContent("planche", 3) → programId="pCI5NHXpowu2ySucqDn8" @ https://out-run-aoxyq4uip-davids-projects-0d6e1f97.vercel.app/_next/static/chunks/5677-e194dbb9c52cb011.js:0
[  209170ms] [LOG] [VisualContentService] docToContent "pCI5NHXpowu2ySucqDn8_3": {hasVideoVariantsField: true, hasVariantsField: false, rawType: array[0], parsedVariantsCount: 0, allTopLevelKeys: Array(14)} @ https://out-run-aoxyq4uip-davids-projects-0d6e1f97.vercel.app/_next/static/chunks/5677-e194dbb9c52cb011.js:0
[  209171ms] [LOG] [DEBUG-RESOLVER] attempt1 getVisualContentItem("pCI5NHXpowu2ySucqDn8", 3) → FOUND @ https://out-run-aoxyq4uip-davids-projects-0d6e1f97.vercel.app/_next/static/chunks/5677-e194dbb9c52cb011.js:0
[  209454ms] [LOG] [ContentResolver] Level 3 — exercise video resolved: "שכיבות סמיכה פייק" → https://vz-b17872ab-7a7.b-cdn.net/0fa11ec8-3148-470b-86f5-67… @ https://out-run-aoxyq4uip-davids-projects-0d6e1f97.vercel.app/_next/static/chunks/5677-e194dbb9c52cb011.js:0
[  209455ms] [LOG] [DEBUG-RESOLVER] resolveContent("planche", 2) → programId="pCI5NHXpowu2ySucqDn8" @ https://out-run-aoxyq4uip-davids-projects-0d6e1f97.vercel.app/_next/static/chunks/5677-e194dbb9c52cb011.js:0
[  209455ms] [LOG] [DEBUG-RESOLVER] resolveContent("planche", 4) → programId="pCI5NHXpowu2ySucqDn8" @ https://out-run-aoxyq4uip-davids-projects-0d6e1f97.vercel.app/_next/static/chunks/5677-e194dbb9c52cb011.js:0
[  209455ms] [LOG] [DEBUG-RESOLVER] resolveContent("planche", 4) → programId="pCI5NHXpowu2ySucqDn8" @ https://out-run-aoxyq4uip-davids-projects-0d6e1f97.vercel.app/_next/static/chunks/5677-e194dbb9c52cb011.js:0
[  210854ms] [LOG] [DEBUG-RESOLVER] resolveContent("planche", 15) → programId="pCI5NHXpowu2ySucqDn8" @ https://out-run-aoxyq4uip-davids-projects-0d6e1f97.vercel.app/_next/static/chunks/5677-e194dbb9c52cb011.js:0
[  210854ms] [LOG] [DEBUG-RESOLVER] resolveContent("planche", 14) → programId="pCI5NHXpowu2ySucqDn8" @ https://out-run-aoxyq4uip-davids-projects-0d6e1f97.vercel.app/_next/static/chunks/5677-e194dbb9c52cb011.js:0
[  210854ms] [LOG] [DEBUG-RESOLVER] resolveContent("planche", 14) → programId="pCI5NHXpowu2ySucqDn8" @ https://out-run-aoxyq4uip-davids-projects-0d6e1f97.vercel.app/_next/static/chunks/5677-e194dbb9c52cb011.js:0
[  238036ms] [LOG] [DEBUG-RESOLVER] resolveContent("planche", 1) → programId="pCI5NHXpowu2ySucqDn8" @ https://out-run-aoxyq4uip-davids-projects-0d6e1f97.vercel.app/_next/static/chunks/5677-e194dbb9c52cb011.js:0
[  238037ms] [LOG] [DEBUG-RESOLVER] resolveContent("planche", 2) → programId="pCI5NHXpowu2ySucqDn8" @ https://out-run-aoxyq4uip-davids-projects-0d6e1f97.vercel.app/_next/static/chunks/5677-e194dbb9c52cb011.js:0
[  238037ms] [LOG] [DEBUG-RESOLVER] resolveContent("planche", 2) → programId="pCI5NHXpowu2ySucqDn8" @ https://out-run-aoxyq4uip-davids-projects-0d6e1f97.vercel.app/_next/static/chunks/5677-e194dbb9c52cb011.js:0
[  238287ms] [LOG] [VisualContentService] docToContent "pCI5NHXpowu2ySucqDn8_2": {hasVideoVariantsField: true, hasVariantsField: false, rawType: array[0], parsedVariantsCount: 0, allTopLevelKeys: Array(14)} @ https://out-run-aoxyq4uip-davids-projects-0d6e1f97.vercel.app/_next/static/chunks/5677-e194dbb9c52cb011.js:0
[  238287ms] [LOG] [DEBUG-RESOLVER] attempt1 getVisualContentItem("pCI5NHXpowu2ySucqDn8", 2) → FOUND @ https://out-run-aoxyq4uip-davids-projects-0d6e1f97.vercel.app/_next/static/chunks/5677-e194dbb9c52cb011.js:0
[  238287ms] [LOG] [VisualContentService] docToContent "pCI5NHXpowu2ySucqDn8_2": {hasVideoVariantsField: true, hasVariantsField: false, rawType: array[0], parsedVariantsCount: 0, allTopLevelKeys: Array(14)} @ https://out-run-aoxyq4uip-davids-projects-0d6e1f97.vercel.app/_next/static/chunks/5677-e194dbb9c52cb011.js:0
[  238287ms] [LOG] [DEBUG-RESOLVER] attempt1 getVisualContentItem("pCI5NHXpowu2ySucqDn8", 2) → FOUND @ https://out-run-aoxyq4uip-davids-projects-0d6e1f97.vercel.app/_next/static/chunks/5677-e194dbb9c52cb011.js:0
[  238425ms] [LOG] [ContentResolver] Level 2 — exercise video resolved: "שכיבות סמיכה סופינציה" → https://vz-b17872ab-7a7.b-cdn.net/9817c4dc-0765-4be0-af69-74… @ https://out-run-aoxyq4uip-davids-projects-0d6e1f97.vercel.app/_next/static/chunks/5677-e194dbb9c52cb011.js:0
[  238426ms] [LOG] [ContentResolver] Level 2 — exercise video resolved: "שכיבות סמיכה סופינציה" → https://vz-b17872ab-7a7.b-cdn.net/9817c4dc-0765-4be0-af69-74… @ https://out-run-aoxyq4uip-davids-projects-0d6e1f97.vercel.app/_next/static/chunks/5677-e194dbb9c52cb011.js:0
[  264981ms] [LOG] [DEBUG-RESOLVER] resolveContent("planche", 3) → programId="pCI5NHXpowu2ySucqDn8" @ https://out-run-aoxyq4uip-davids-projects-0d6e1f97.vercel.app/_next/static/chunks/5677-e194dbb9c52cb011.js:0
[  264982ms] [LOG] [DEBUG-RESOLVER] resolveContent("planche", 2) → programId="pCI5NHXpowu2ySucqDn8" @ https://out-run-aoxyq4uip-davids-projects-0d6e1f97.vercel.app/_next/static/chunks/5677-e194dbb9c52cb011.js:0
[  264982ms] [LOG] [DEBUG-RESOLVER] resolveContent("planche", 4) → programId="pCI5NHXpowu2ySucqDn8" @ https://out-run-aoxyq4uip-davids-projects-0d6e1f97.vercel.app/_next/static/chunks/5677-e194dbb9c52cb011.js:0
[  264982ms] [LOG] [DEBUG-RESOLVER] resolveContent("planche", 4) → programId="pCI5NHXpowu2ySucqDn8" @ https://out-run-aoxyq4uip-davids-projects-0d6e1f97.vercel.app/_next/static/chunks/5677-e194dbb9c52cb011.js:0
[  265280ms] [LOG] [VisualContentService] docToContent "pCI5NHXpowu2ySucqDn8_4": {hasVideoVariantsField: true, hasVariantsField: false, rawType: array[0], parsedVariantsCount: 0, allTopLevelKeys: Array(14)} @ https://out-run-aoxyq4uip-davids-projects-0d6e1f97.vercel.app/_next/static/chunks/5677-e194dbb9c52cb011.js:0
[  265280ms] [LOG] [DEBUG-RESOLVER] attempt1 getVisualContentItem("pCI5NHXpowu2ySucqDn8", 4) → FOUND @ https://out-run-aoxyq4uip-davids-projects-0d6e1f97.vercel.app/_next/static/chunks/5677-e194dbb9c52cb011.js:0
[  265280ms] [LOG] [VisualContentService] docToContent "pCI5NHXpowu2ySucqDn8_4": {hasVideoVariantsField: true, hasVariantsField: false, rawType: array[0], parsedVariantsCount: 0, allTopLevelKeys: Array(14)} @ https://out-run-aoxyq4uip-davids-projects-0d6e1f97.vercel.app/_next/static/chunks/5677-e194dbb9c52cb011.js:0
[  265280ms] [LOG] [DEBUG-RESOLVER] attempt1 getVisualContentItem("pCI5NHXpowu2ySucqDn8", 4) → FOUND @ https://out-run-aoxyq4uip-davids-projects-0d6e1f97.vercel.app/_next/static/chunks/5677-e194dbb9c52cb011.js:0
[  265396ms] [LOG] [ContentResolver] Level 4 — exercise video resolved: "עמידת פייק גובה ברך" → https://vz-b17872ab-7a7.b-cdn.net/6579bf6b-6527-4637-b9bc-03… @ https://out-run-aoxyq4uip-davids-projects-0d6e1f97.vercel.app/_next/static/chunks/5677-e194dbb9c52cb011.js:0
[  265396ms] [LOG] [ContentResolver] Level 4 — exercise video resolved: "עמידת פייק גובה ברך" → https://vz-b17872ab-7a7.b-cdn.net/6579bf6b-6527-4637-b9bc-03… @ https://out-run-aoxyq4uip-davids-projects-0d6e1f97.vercel.app/_next/static/chunks/5677-e194dbb9c52cb011.js:0
[  267131ms] [LOG] [DEBUG-RESOLVER] resolveContent("planche", 5) → programId="pCI5NHXpowu2ySucqDn8" @ https://out-run-aoxyq4uip-davids-projects-0d6e1f97.vercel.app/_next/static/chunks/5677-e194dbb9c52cb011.js:0
[  267264ms] [LOG] [VisualContentService] docToContent "pCI5NHXpowu2ySucqDn8_5": {hasVideoVariantsField: true, hasVariantsField: false, rawType: array[0], parsedVariantsCount: 0, allTopLevelKeys: Array(14)} @ https://out-run-aoxyq4uip-davids-projects-0d6e1f97.vercel.app/_next/static/chunks/5677-e194dbb9c52cb011.js:0
[  267264ms] [LOG] [DEBUG-RESOLVER] attempt1 getVisualContentItem("pCI5NHXpowu2ySucqDn8", 5) → FOUND @ https://out-run-aoxyq4uip-davids-projects-0d6e1f97.vercel.app/_next/static/chunks/5677-e194dbb9c52cb011.js:0
[  267407ms] [LOG] [ContentResolver] Level 5 — exercise video resolved: "שכיבות סמיכה פייק גובה ברך" → https://vz-b17872ab-7a7.b-cdn.net/dd052f3a-2677-4fa8-af31-0d… @ https://out-run-aoxyq4uip-davids-projects-0d6e1f97.vercel.app/_next/static/chunks/5677-e194dbb9c52cb011.js:0
[  267407ms] [LOG] [DEBUG-RESOLVER] resolveContent("planche", 4) → programId="pCI5NHXpowu2ySucqDn8" @ https://out-run-aoxyq4uip-davids-projects-0d6e1f97.vercel.app/_next/static/chunks/5677-e194dbb9c52cb011.js:0
[  267407ms] [LOG] [DEBUG-RESOLVER] resolveContent("planche", 6) → programId="pCI5NHXpowu2ySucqDn8" @ https://out-run-aoxyq4uip-davids-projects-0d6e1f97.vercel.app/_next/static/chunks/5677-e194dbb9c52cb011.js:0
[  267407ms] [LOG] [DEBUG-RESOLVER] resolveContent("planche", 6) → programId="pCI5NHXpowu2ySucqDn8" @ https://out-run-aoxyq4uip-davids-projects-0d6e1f97.vercel.app/_next/static/chunks/5677-e194dbb9c52cb011.js:0
[  267543ms] [LOG] [VisualContentService] docToContent "pCI5NHXpowu2ySucqDn8_6": {hasVideoVariantsField: true, hasVariantsField: false, rawType: array[0], parsedVariantsCount: 0, allTopLevelKeys: Array(14)} @ https://out-run-aoxyq4uip-davids-projects-0d6e1f97.vercel.app/_next/static/chunks/5677-e194dbb9c52cb011.js:0
[  267543ms] [LOG] [DEBUG-RESOLVER] attempt1 getVisualContentItem("pCI5NHXpowu2ySucqDn8", 6) → FOUND @ https://out-run-aoxyq4uip-davids-projects-0d6e1f97.vercel.app/_next/static/chunks/5677-e194dbb9c52cb011.js:0
[  267543ms] [LOG] [VisualContentService] docToContent "pCI5NHXpowu2ySucqDn8_6": {hasVideoVariantsField: true, hasVariantsField: false, rawType: array[0], parsedVariantsCount: 0, allTopLevelKeys: Array(14)} @ https://out-run-aoxyq4uip-davids-projects-0d6e1f97.vercel.app/_next/static/chunks/5677-e194dbb9c52cb011.js:0
[  267543ms] [LOG] [DEBUG-RESOLVER] attempt1 getVisualContentItem("pCI5NHXpowu2ySucqDn8", 6) → FOUND @ https://out-run-aoxyq4uip-davids-projects-0d6e1f97.vercel.app/_next/static/chunks/5677-e194dbb9c52cb011.js:0
[  267686ms] [LOG] [ContentResolver] Level 6 — exercise video resolved: "פלאנץ׳ בטאק בעזרת גומייה דקה" → https://vz-b17872ab-7a7.b-cdn.net/a4c64ee4-9fd0-4765-93e0-45… @ https://out-run-aoxyq4uip-davids-projects-0d6e1f97.vercel.app/_next/static/chunks/5677-e194dbb9c52cb011.js:0
[  267686ms] [LOG] [ContentResolver] Level 6 — exercise video resolved: "פלאנץ׳ בטאק בעזרת גומייה דקה" → https://vz-b17872ab-7a7.b-cdn.net/a4c64ee4-9fd0-4765-93e0-45… @ https://out-run-aoxyq4uip-davids-projects-0d6e1f97.vercel.app/_next/static/chunks/5677-e194dbb9c52cb011.js:0
[  272386ms] [LOG] [DEBUG-RESOLVER] resolveContent("planche", 10) → programId="pCI5NHXpowu2ySucqDn8" @ https://out-run-aoxyq4uip-davids-projects-0d6e1f97.vercel.app/_next/static/chunks/5677-e194dbb9c52cb011.js:0
[  272522ms] [LOG] [VisualContentService] docToContent "pCI5NHXpowu2ySucqDn8_10": {hasVideoVariantsField: true, hasVariantsField: false, rawType: array[0], parsedVariantsCount: 0, allTopLevelKeys: Array(14)} @ https://out-run-aoxyq4uip-davids-projects-0d6e1f97.vercel.app/_next/static/chunks/5677-e194dbb9c52cb011.js:0
[  272522ms] [LOG] [DEBUG-RESOLVER] attempt1 getVisualContentItem("pCI5NHXpowu2ySucqDn8", 10) → FOUND @ https://out-run-aoxyq4uip-davids-projects-0d6e1f97.vercel.app/_next/static/chunks/5677-e194dbb9c52cb011.js:0
[  272664ms] [LOG] [ContentResolver] Level 10 — exercise video resolved: "פלאנץ׳ בטאק מתקדם " → https://vz-b17872ab-7a7.b-cdn.net/a4325b8a-be75-455b-a793-ca… @ https://out-run-aoxyq4uip-davids-projects-0d6e1f97.vercel.app/_next/static/chunks/5677-e194dbb9c52cb011.js:0
[  272665ms] [LOG] [DEBUG-RESOLVER] resolveContent("planche", 9) → programId="pCI5NHXpowu2ySucqDn8" @ https://out-run-aoxyq4uip-davids-projects-0d6e1f97.vercel.app/_next/static/chunks/5677-e194dbb9c52cb011.js:0
[  272665ms] [LOG] [DEBUG-RESOLVER] resolveContent("planche", 11) → programId="pCI5NHXpowu2ySucqDn8" @ https://out-run-aoxyq4uip-davids-projects-0d6e1f97.vercel.app/_next/static/chunks/5677-e194dbb9c52cb011.js:0
[  272665ms] [LOG] [DEBUG-RESOLVER] resolveContent("planche", 11) → programId="pCI5NHXpowu2ySucqDn8" @ https://out-run-aoxyq4uip-davids-projects-0d6e1f97.vercel.app/_next/static/chunks/5677-e194dbb9c52cb011.js:0
[  272692ms] [LOG] [DEBUG-RESOLVER] resolveContent("planche", 1) → programId="pCI5NHXpowu2ySucqDn8" @ https://out-run-aoxyq4uip-davids-projects-0d6e1f97.vercel.app/_next/static/chunks/5677-e194dbb9c52cb011.js:0
[  272692ms] [LOG] [DEBUG-RESOLVER] resolveContent("planche", 2) → programId="pCI5NHXpowu2ySucqDn8" @ https://out-run-aoxyq4uip-davids-projects-0d6e1f97.vercel.app/_next/static/chunks/5677-e194dbb9c52cb011.js:0
[  272692ms] [LOG] [DEBUG-RESOLVER] resolveContent("planche", 2) → programId="pCI5NHXpowu2ySucqDn8" @ https://out-run-aoxyq4uip-davids-projects-0d6e1f97.vercel.app/_next/static/chunks/5677-e194dbb9c52cb011.js:0
[  412653ms] [LOG] [DEBUG-RESOLVER] resolveContent("planche", 5) → programId="pCI5NHXpowu2ySucqDn8" @ https://out-run-aoxyq4uip-davids-projects-0d6e1f97.vercel.app/_next/static/chunks/5677-e194dbb9c52cb011.js:0
[  412801ms] [LOG] [VisualContentService] docToContent "pCI5NHXpowu2ySucqDn8_5": {hasVideoVariantsField: true, hasVariantsField: false, rawType: array[0], parsedVariantsCount: 0, allTopLevelKeys: Array(14)} @ https://out-run-aoxyq4uip-davids-projects-0d6e1f97.vercel.app/_next/static/chunks/5677-e194dbb9c52cb011.js:0
[  412802ms] [LOG] [DEBUG-RESOLVER] attempt1 getVisualContentItem("pCI5NHXpowu2ySucqDn8", 5) → FOUND @ https://out-run-aoxyq4uip-davids-projects-0d6e1f97.vercel.app/_next/static/chunks/5677-e194dbb9c52cb011.js:0
[  412921ms] [LOG] [ContentResolver] Level 5 — exercise video resolved: "שכיבות סמיכה פייק גובה ברך" → https://vz-b17872ab-7a7.b-cdn.net/dd052f3a-2677-4fa8-af31-0d… @ https://out-run-aoxyq4uip-davids-projects-0d6e1f97.vercel.app/_next/static/chunks/5677-e194dbb9c52cb011.js:0
[  412921ms] [LOG] [DEBUG-RESOLVER] resolveContent("planche", 4) → programId="pCI5NHXpowu2ySucqDn8" @ https://out-run-aoxyq4uip-davids-projects-0d6e1f97.vercel.app/_next/static/chunks/5677-e194dbb9c52cb011.js:0
[  412921ms] [LOG] [DEBUG-RESOLVER] resolveContent("planche", 6) → programId="pCI5NHXpowu2ySucqDn8" @ https://out-run-aoxyq4uip-davids-projects-0d6e1f97.vercel.app/_next/static/chunks/5677-e194dbb9c52cb011.js:0
[  412921ms] [LOG] [DEBUG-RESOLVER] resolveContent("planche", 6) → programId="pCI5NHXpowu2ySucqDn8" @ https://out-run-aoxyq4uip-davids-projects-0d6e1f97.vercel.app/_next/static/chunks/5677-e194dbb9c52cb011.js:0
[  413055ms] [LOG] [VisualContentService] docToContent "pCI5NHXpowu2ySucqDn8_4": {hasVideoVariantsField: true, hasVariantsField: false, rawType: array[0], parsedVariantsCount: 0, allTopLevelKeys: Array(14)} @ https://out-run-aoxyq4uip-davids-projects-0d6e1f97.vercel.app/_next/static/chunks/5677-e194dbb9c52cb011.js:0
[  413055ms] [LOG] [DEBUG-RESOLVER] attempt1 getVisualContentItem("pCI5NHXpowu2ySucqDn8", 4) → FOUND @ https://out-run-aoxyq4uip-davids-projects-0d6e1f97.vercel.app/_next/static/chunks/5677-e194dbb9c52cb011.js:0
[  413055ms] [LOG] [VisualContentService] docToContent "pCI5NHXpowu2ySucqDn8_6": {hasVideoVariantsField: true, hasVariantsField: false, rawType: array[0], parsedVariantsCount: 0, allTopLevelKeys: Array(14)} @ https://out-run-aoxyq4uip-davids-projects-0d6e1f97.vercel.app/_next/static/chunks/5677-e194dbb9c52cb011.js:0
[  413055ms] [LOG] [DEBUG-RESOLVER] attempt1 getVisualContentItem("pCI5NHXpowu2ySucqDn8", 6) → FOUND @ https://out-run-aoxyq4uip-davids-projects-0d6e1f97.vercel.app/_next/static/chunks/5677-e194dbb9c52cb011.js:0
[  413055ms] [LOG] [VisualContentService] docToContent "pCI5NHXpowu2ySucqDn8_6": {hasVideoVariantsField: true, hasVariantsField: false, rawType: array[0], parsedVariantsCount: 0, allTopLevelKeys: Array(14)} @ https://out-run-aoxyq4uip-davids-projects-0d6e1f97.vercel.app/_next/static/chunks/5677-e194dbb9c52cb011.js:0
[  413055ms] [LOG] [DEBUG-RESOLVER] attempt1 getVisualContentItem("pCI5NHXpowu2ySucqDn8", 6) → FOUND @ https://out-run-aoxyq4uip-davids-projects-0d6e1f97.vercel.app/_next/static/chunks/5677-e194dbb9c52cb011.js:0
[  413215ms] [LOG] [ContentResolver] Level 4 — exercise video resolved: "עמידת פייק גובה ברך" → https://vz-b17872ab-7a7.b-cdn.net/6579bf6b-6527-4637-b9bc-03… @ https://out-run-aoxyq4uip-davids-projects-0d6e1f97.vercel.app/_next/static/chunks/5677-e194dbb9c52cb011.js:0
[  413215ms] [LOG] [ContentResolver] Level 6 — exercise video resolved: "פלאנץ׳ בטאק בעזרת גומייה דקה" → https://vz-b17872ab-7a7.b-cdn.net/a4c64ee4-9fd0-4765-93e0-45… @ https://out-run-aoxyq4uip-davids-projects-0d6e1f97.vercel.app/_next/static/chunks/5677-e194dbb9c52cb011.js:0
[  413216ms] [LOG] [ContentResolver] Level 6 — exercise video resolved: "פלאנץ׳ בטאק בעזרת גומייה דקה" → https://vz-b17872ab-7a7.b-cdn.net/a4c64ee4-9fd0-4765-93e0-45… @ https://out-run-aoxyq4uip-davids-projects-0d6e1f97.vercel.app/_next/static/chunks/5677-e194dbb9c52cb011.js:0
[  436207ms] [LOG] [DEBUG-RESOLVER] resolveContent("planche", 12) → programId="pCI5NHXpowu2ySucqDn8" @ https://out-run-aoxyq4uip-davids-projects-0d6e1f97.vercel.app/_next/static/chunks/5677-e194dbb9c52cb011.js:0
[  436357ms] [LOG] [VisualContentService] docToContent "pCI5NHXpowu2ySucqDn8_12": {hasVideoVariantsField: true, hasVariantsField: false, rawType: array[0], parsedVariantsCount: 0, allTopLevelKeys: Array(14)} @ https://out-run-aoxyq4uip-davids-projects-0d6e1f97.vercel.app/_next/static/chunks/5677-e194dbb9c52cb011.js:0
[  436357ms] [LOG] [DEBUG-RESOLVER] attempt1 getVisualContentItem("pCI5NHXpowu2ySucqDn8", 12) → FOUND @ https://out-run-aoxyq4uip-davids-projects-0d6e1f97.vercel.app/_next/static/chunks/5677-e194dbb9c52cb011.js:0
[  436531ms] [LOG] [VisualContentService] docToContent "pCI5NHXpowu2ySucqDn8_11": {hasVideoVariantsField: true, hasVariantsField: false, rawType: array[0], parsedVariantsCount: 0, allTopLevelKeys: Array(14)} @ https://out-run-aoxyq4uip-davids-projects-0d6e1f97.vercel.app/_next/static/chunks/5677-e194dbb9c52cb011.js:0
[  436652ms] [LOG] [VisualContentService] docToContent "pCI5NHXpowu2ySucqDn8_10": {hasVideoVariantsField: true, hasVariantsField: false, rawType: array[0], parsedVariantsCount: 0, allTopLevelKeys: Array(14)} @ https://out-run-aoxyq4uip-davids-projects-0d6e1f97.vercel.app/_next/static/chunks/5677-e194dbb9c52cb011.js:0
[  436817ms] [LOG] [VisualContentService] docToContent "pCI5NHXpowu2ySucqDn8_9": {hasVideoVariantsField: true, hasVariantsField: false, rawType: array[0], parsedVariantsCount: 0, allTopLevelKeys: Array(14)} @ https://out-run-aoxyq4uip-davids-projects-0d6e1f97.vercel.app/_next/static/chunks/5677-e194dbb9c52cb011.js:0
[  436959ms] [LOG] [VisualContentService] docToContent "pCI5NHXpowu2ySucqDn8_8": {hasVideoVariantsField: true, hasVariantsField: false, rawType: array[0], parsedVariantsCount: 0, allTopLevelKeys: Array(14)} @ https://out-run-aoxyq4uip-davids-projects-0d6e1f97.vercel.app/_next/static/chunks/5677-e194dbb9c52cb011.js:0
[  437124ms] [LOG] [VisualContentService] docToContent "pCI5NHXpowu2ySucqDn8_7": {hasVideoVariantsField: true, hasVariantsField: false, rawType: array[0], parsedVariantsCount: 0, allTopLevelKeys: Array(14)} @ https://out-run-aoxyq4uip-davids-projects-0d6e1f97.vercel.app/_next/static/chunks/5677-e194dbb9c52cb011.js:0
[  437409ms] [LOG] [VisualContentService] docToContent "pCI5NHXpowu2ySucqDn8_6": {hasVideoVariantsField: true, hasVariantsField: false, rawType: array[0], parsedVariantsCount: 0, allTopLevelKeys: Array(14)} @ https://out-run-aoxyq4uip-davids-projects-0d6e1f97.vercel.app/_next/static/chunks/5677-e194dbb9c52cb011.js:0
[  437542ms] [LOG] [VisualContentService] docToContent "pCI5NHXpowu2ySucqDn8_5": {hasVideoVariantsField: true, hasVariantsField: false, rawType: array[0], parsedVariantsCount: 0, allTopLevelKeys: Array(14)} @ https://out-run-aoxyq4uip-davids-projects-0d6e1f97.vercel.app/_next/static/chunks/5677-e194dbb9c52cb011.js:0
[  437677ms] [LOG] [VisualContentService] docToContent "pCI5NHXpowu2ySucqDn8_4": {hasVideoVariantsField: true, hasVariantsField: false, rawType: array[0], parsedVariantsCount: 0, allTopLevelKeys: Array(14)} @ https://out-run-aoxyq4uip-davids-projects-0d6e1f97.vercel.app/_next/static/chunks/5677-e194dbb9c52cb011.js:0
[  437823ms] [LOG] [VisualContentService] docToContent "pCI5NHXpowu2ySucqDn8_3": {hasVideoVariantsField: true, hasVariantsField: false, rawType: array[0], parsedVariantsCount: 0, allTopLevelKeys: Array(14)} @ https://out-run-aoxyq4uip-davids-projects-0d6e1f97.vercel.app/_next/static/chunks/5677-e194dbb9c52cb011.js:0
[  437974ms] [LOG] [VisualContentService] docToContent "pCI5NHXpowu2ySucqDn8_2": {hasVideoVariantsField: true, hasVariantsField: false, rawType: array[0], parsedVariantsCount: 0, allTopLevelKeys: Array(14)} @ https://out-run-aoxyq4uip-davids-projects-0d6e1f97.vercel.app/_next/static/chunks/5677-e194dbb9c52cb011.js:0
[  438109ms] [LOG] [VisualContentService] docToContent "pCI5NHXpowu2ySucqDn8_1": {hasVideoVariantsField: true, hasVariantsField: false, rawType: array[0], parsedVariantsCount: 0, allTopLevelKeys: Array(14)} @ https://out-run-aoxyq4uip-davids-projects-0d6e1f97.vercel.app/_next/static/chunks/5677-e194dbb9c52cb011.js:0
[  439574ms] [LOG] [DEBUG-RESOLVER] resolveContent("planche", 11) → programId="pCI5NHXpowu2ySucqDn8" @ https://out-run-aoxyq4uip-davids-projects-0d6e1f97.vercel.app/_next/static/chunks/5677-e194dbb9c52cb011.js:0
[  439574ms] [LOG] [DEBUG-RESOLVER] resolveContent("planche", 13) → programId="pCI5NHXpowu2ySucqDn8" @ https://out-run-aoxyq4uip-davids-projects-0d6e1f97.vercel.app/_next/static/chunks/5677-e194dbb9c52cb011.js:0
[  439574ms] [LOG] [DEBUG-RESOLVER] resolveContent("planche", 13) → programId="pCI5NHXpowu2ySucqDn8" @ https://out-run-aoxyq4uip-davids-projects-0d6e1f97.vercel.app/_next/static/chunks/5677-e194dbb9c52cb011.js:0
[  439712ms] [LOG] [VisualContentService] docToContent "pCI5NHXpowu2ySucqDn8_11": {hasVideoVariantsField: true, hasVariantsField: false, rawType: array[0], parsedVariantsCount: 0, allTopLevelKeys: Array(14)} @ https://out-run-aoxyq4uip-davids-projects-0d6e1f97.vercel.app/_next/static/chunks/5677-e194dbb9c52cb011.js:0
[  439712ms] [LOG] [DEBUG-RESOLVER] attempt1 getVisualContentItem("pCI5NHXpowu2ySucqDn8", 11) → FOUND @ https://out-run-aoxyq4uip-davids-projects-0d6e1f97.vercel.app/_next/static/chunks/5677-e194dbb9c52cb011.js:0
[  439712ms] [LOG] [VisualContentService] docToContent "pCI5NHXpowu2ySucqDn8_13": {hasVideoVariantsField: true, hasVariantsField: false, rawType: array[0], parsedVariantsCount: 0, allTopLevelKeys: Array(14)} @ https://out-run-aoxyq4uip-davids-projects-0d6e1f97.vercel.app/_next/static/chunks/5677-e194dbb9c52cb011.js:0
[  439712ms] [LOG] [DEBUG-RESOLVER] attempt1 getVisualContentItem("pCI5NHXpowu2ySucqDn8", 13) → FOUND @ https://out-run-aoxyq4uip-davids-projects-0d6e1f97.vercel.app/_next/static/chunks/5677-e194dbb9c52cb011.js:0
[  439712ms] [LOG] [VisualContentService] docToContent "pCI5NHXpowu2ySucqDn8_13": {hasVideoVariantsField: true, hasVariantsField: false, rawType: array[0], parsedVariantsCount: 0, allTopLevelKeys: Array(14)} @ https://out-run-aoxyq4uip-davids-projects-0d6e1f97.vercel.app/_next/static/chunks/5677-e194dbb9c52cb011.js:0
[  439712ms] [LOG] [DEBUG-RESOLVER] attempt1 getVisualContentItem("pCI5NHXpowu2ySucqDn8", 13) → FOUND @ https://out-run-aoxyq4uip-davids-projects-0d6e1f97.vercel.app/_next/static/chunks/5677-e194dbb9c52cb011.js:0
[  439877ms] [LOG] [ContentResolver] Level 11 — exercise video resolved: "שכיבות סמיכה פלאנץ׳ בטאק מתקדם" → https://vz-b17872ab-7a7.b-cdn.net/eeb3aed1-5a23-4689-9ad9-59… @ https://out-run-aoxyq4uip-davids-projects-0d6e1f97.vercel.app/_next/static/chunks/5677-e194dbb9c52cb011.js:0
[  439877ms] [LOG] [VisualContentService] docToContent "pCI5NHXpowu2ySucqDn8_12": {hasVideoVariantsField: true, hasVariantsField: false, rawType: array[0], parsedVariantsCount: 0, allTopLevelKeys: Array(14)} @ https://out-run-aoxyq4uip-davids-projects-0d6e1f97.vercel.app/_next/static/chunks/5677-e194dbb9c52cb011.js:0
[  439877ms] [LOG] [VisualContentService] docToContent "pCI5NHXpowu2ySucqDn8_12": {hasVideoVariantsField: true, hasVariantsField: false, rawType: array[0], parsedVariantsCount: 0, allTopLevelKeys: Array(14)} @ https://out-run-aoxyq4uip-davids-projects-0d6e1f97.vercel.app/_next/static/chunks/5677-e194dbb9c52cb011.js:0
[  440005ms] [LOG] [VisualContentService] docToContent "pCI5NHXpowu2ySucqDn8_11": {hasVideoVariantsField: true, hasVariantsField: false, rawType: array[0], parsedVariantsCount: 0, allTopLevelKeys: Array(14)} @ https://out-run-aoxyq4uip-davids-projects-0d6e1f97.vercel.app/_next/static/chunks/5677-e194dbb9c52cb011.js:0
[  440005ms] [LOG] [VisualContentService] docToContent "pCI5NHXpowu2ySucqDn8_11": {hasVideoVariantsField: true, hasVariantsField: false, rawType: array[0], parsedVariantsCount: 0, allTopLevelKeys: Array(14)} @ https://out-run-aoxyq4uip-davids-projects-0d6e1f97.vercel.app/_next/static/chunks/5677-e194dbb9c52cb011.js:0
[  440142ms] [LOG] [VisualContentService] docToContent "pCI5NHXpowu2ySucqDn8_10": {hasVideoVariantsField: true, hasVariantsField: false, rawType: array[0], parsedVariantsCount: 0, allTopLevelKeys: Array(14)} @ https://out-run-aoxyq4uip-davids-projects-0d6e1f97.vercel.app/_next/static/chunks/5677-e194dbb9c52cb011.js:0
[  440143ms] [LOG] [VisualContentService] docToContent "pCI5NHXpowu2ySucqDn8_10": {hasVideoVariantsField: true, hasVariantsField: false, rawType: array[0], parsedVariantsCount: 0, allTopLevelKeys: Array(14)} @ https://out-run-aoxyq4uip-davids-projects-0d6e1f97.vercel.app/_next/static/chunks/5677-e194dbb9c52cb011.js:0
[  440252ms] [LOG] [VisualContentService] docToContent "pCI5NHXpowu2ySucqDn8_9": {hasVideoVariantsField: true, hasVariantsField: false, rawType: array[0], parsedVariantsCount: 0, allTopLevelKeys: Array(14)} @ https://out-run-aoxyq4uip-davids-projects-0d6e1f97.vercel.app/_next/static/chunks/5677-e194dbb9c52cb011.js:0
[  440253ms] [LOG] [VisualContentService] docToContent "pCI5NHXpowu2ySucqDn8_9": {hasVideoVariantsField: true, hasVariantsField: false, rawType: array[0], parsedVariantsCount: 0, allTopLevelKeys: Array(14)} @ https://out-run-aoxyq4uip-davids-projects-0d6e1f97.vercel.app/_next/static/chunks/5677-e194dbb9c52cb011.js:0
[  440393ms] [LOG] [VisualContentService] docToContent "pCI5NHXpowu2ySucqDn8_8": {hasVideoVariantsField: true, hasVariantsField: false, rawType: array[0], parsedVariantsCount: 0, allTopLevelKeys: Array(14)} @ https://out-run-aoxyq4uip-davids-projects-0d6e1f97.vercel.app/_next/static/chunks/5677-e194dbb9c52cb011.js:0
[  440393ms] [LOG] [VisualContentService] docToContent "pCI5NHXpowu2ySucqDn8_8": {hasVideoVariantsField: true, hasVariantsField: false, rawType: array[0], parsedVariantsCount: 0, allTopLevelKeys: Array(14)} @ https://out-run-aoxyq4uip-davids-projects-0d6e1f97.vercel.app/_next/static/chunks/5677-e194dbb9c52cb011.js:0
[  440506ms] [LOG] [VisualContentService] docToContent "pCI5NHXpowu2ySucqDn8_7": {hasVideoVariantsField: true, hasVariantsField: false, rawType: array[0], parsedVariantsCount: 0, allTopLevelKeys: Array(14)} @ https://out-run-aoxyq4uip-davids-projects-0d6e1f97.vercel.app/_next/static/chunks/5677-e194dbb9c52cb011.js:0
[  440506ms] [LOG] [VisualContentService] docToContent "pCI5NHXpowu2ySucqDn8_7": {hasVideoVariantsField: true, hasVariantsField: false, rawType: array[0], parsedVariantsCount: 0, allTopLevelKeys: Array(14)} @ https://out-run-aoxyq4uip-davids-projects-0d6e1f97.vercel.app/_next/static/chunks/5677-e194dbb9c52cb011.js:0
[  440611ms] [LOG] [VisualContentService] docToContent "pCI5NHXpowu2ySucqDn8_6": {hasVideoVariantsField: true, hasVariantsField: false, rawType: array[0], parsedVariantsCount: 0, allTopLevelKeys: Array(14)} @ https://out-run-aoxyq4uip-davids-projects-0d6e1f97.vercel.app/_next/static/chunks/5677-e194dbb9c52cb011.js:0
[  440612ms] [LOG] [VisualContentService] docToContent "pCI5NHXpowu2ySucqDn8_6": {hasVideoVariantsField: true, hasVariantsField: false, rawType: array[0], parsedVariantsCount: 0, allTopLevelKeys: Array(14)} @ https://out-run-aoxyq4uip-davids-projects-0d6e1f97.vercel.app/_next/static/chunks/5677-e194dbb9c52cb011.js:0
[  440740ms] [LOG] [VisualContentService] docToContent "pCI5NHXpowu2ySucqDn8_5": {hasVideoVariantsField: true, hasVariantsField: false, rawType: array[0], parsedVariantsCount: 0, allTopLevelKeys: Array(14)} @ https://out-run-aoxyq4uip-davids-projects-0d6e1f97.vercel.app/_next/static/chunks/5677-e194dbb9c52cb011.js:0
[  440740ms] [LOG] [VisualContentService] docToContent "pCI5NHXpowu2ySucqDn8_5": {hasVideoVariantsField: true, hasVariantsField: false, rawType: array[0], parsedVariantsCount: 0, allTopLevelKeys: Array(14)} @ https://out-run-aoxyq4uip-davids-projects-0d6e1f97.vercel.app/_next/static/chunks/5677-e194dbb9c52cb011.js:0
[  440878ms] [LOG] [VisualContentService] docToContent "pCI5NHXpowu2ySucqDn8_4": {hasVideoVariantsField: true, hasVariantsField: false, rawType: array[0], parsedVariantsCount: 0, allTopLevelKeys: Array(14)} @ https://out-run-aoxyq4uip-davids-projects-0d6e1f97.vercel.app/_next/static/chunks/5677-e194dbb9c52cb011.js:0
[  440878ms] [LOG] [VisualContentService] docToContent "pCI5NHXpowu2ySucqDn8_4": {hasVideoVariantsField: true, hasVariantsField: false, rawType: array[0], parsedVariantsCount: 0, allTopLevelKeys: Array(14)} @ https://out-run-aoxyq4uip-davids-projects-0d6e1f97.vercel.app/_next/static/chunks/5677-e194dbb9c52cb011.js:0
[  441161ms] [LOG] [VisualContentService] docToContent "pCI5NHXpowu2ySucqDn8_3": {hasVideoVariantsField: true, hasVariantsField: false, rawType: array[0], parsedVariantsCount: 0, allTopLevelKeys: Array(14)} @ https://out-run-aoxyq4uip-davids-projects-0d6e1f97.vercel.app/_next/static/chunks/5677-e194dbb9c52cb011.js:0
[  441161ms] [LOG] [VisualContentService] docToContent "pCI5NHXpowu2ySucqDn8_3": {hasVideoVariantsField: true, hasVariantsField: false, rawType: array[0], parsedVariantsCount: 0, allTopLevelKeys: Array(14)} @ https://out-run-aoxyq4uip-davids-projects-0d6e1f97.vercel.app/_next/static/chunks/5677-e194dbb9c52cb011.js:0
[  441331ms] [LOG] [VisualContentService] docToContent "pCI5NHXpowu2ySucqDn8_2": {hasVideoVariantsField: true, hasVariantsField: false, rawType: array[0], parsedVariantsCount: 0, allTopLevelKeys: Array(14)} @ https://out-run-aoxyq4uip-davids-projects-0d6e1f97.vercel.app/_next/static/chunks/5677-e194dbb9c52cb011.js:0
[  441331ms] [LOG] [VisualContentService] docToContent "pCI5NHXpowu2ySucqDn8_2": {hasVideoVariantsField: true, hasVariantsField: false, rawType: array[0], parsedVariantsCount: 0, allTopLevelKeys: Array(14)} @ https://out-run-aoxyq4uip-davids-projects-0d6e1f97.vercel.app/_next/static/chunks/5677-e194dbb9c52cb011.js:0
[  441455ms] [LOG] [VisualContentService] docToContent "pCI5NHXpowu2ySucqDn8_1": {hasVideoVariantsField: true, hasVariantsField: false, rawType: array[0], parsedVariantsCount: 0, allTopLevelKeys: Array(14)} @ https://out-run-aoxyq4uip-davids-projects-0d6e1f97.vercel.app/_next/static/chunks/5677-e194dbb9c52cb011.js:0
[  441456ms] [LOG] [VisualContentService] docToContent "pCI5NHXpowu2ySucqDn8_1": {hasVideoVariantsField: true, hasVariantsField: false, rawType: array[0], parsedVariantsCount: 0, allTopLevelKeys: Array(14)} @ https://out-run-aoxyq4uip-davids-projects-0d6e1f97.vercel.app/_next/static/chunks/5677-e194dbb9c52cb011.js:0
[  462275ms] [LOG] [DEBUG-RESOLVER] Incoming Category: muscle_up Resolved Candidate IDs: [muscle_up, fTLWzjP9gH2VNpamyCZF] @ https://out-run-aoxyq4uip-davids-projects-0d6e1f97.vercel.app/_next/static/chunks/5677-e194dbb9c52cb011.js:0
[  462504ms] [LOG] [DEBUG-FIRESTORE] Querying IDs: [muscle_up, fTLWzjP9gH2VNpamyCZF] Snapshot size returned: 0 @ https://out-run-aoxyq4uip-davids-projects-0d6e1f97.vercel.app/_next/static/chunks/5677-e194dbb9c52cb011.js:0
[  462504ms] [LOG] [DEBUG-FIRESTORE] showInOnboarding=true levels: [] (0 total) @ https://out-run-aoxyq4uip-davids-projects-0d6e1f97.vercel.app/_next/static/chunks/5677-e194dbb9c52cb011.js:0
[  462504ms] [LOG] [DEBUG-RESOLVER] Final onboarding levels for "muscle_up": [] (0 total) @ https://out-run-aoxyq4uip-davids-projects-0d6e1f97.vercel.app/_next/static/chunks/5677-e194dbb9c52cb011.js:0
[  462506ms] [LOG] [DEBUG-RESOLVER] resolveContent("muscle_up", 1) → programId="fTLWzjP9gH2VNpamyCZF" @ https://out-run-aoxyq4uip-davids-projects-0d6e1f97.vercel.app/_next/static/chunks/5677-e194dbb9c52cb011.js:0
[  462687ms] [LOG] [DEBUG-RESOLVER] attempt1 getVisualContentItem("fTLWzjP9gH2VNpamyCZF", 1) → null @ https://out-run-aoxyq4uip-davids-projects-0d6e1f97.vercel.app/_next/static/chunks/5677-e194dbb9c52cb011.js:0
[  462844ms] [LOG] [DEBUG-RESOLVER] attempt2 getVisualContentItem("muscle_up", 1) → null @ https://out-run-aoxyq4uip-davids-projects-0d6e1f97.vercel.app/_next/static/chunks/5677-e194dbb9c52cb011.js:0
[  462844ms] [LOG] [DEBUG-RESOLVER] resolveContent("muscle_up", 2) → programId="fTLWzjP9gH2VNpamyCZF" @ https://out-run-aoxyq4uip-davids-projects-0d6e1f97.vercel.app/_next/static/chunks/5677-e194dbb9c52cb011.js:0
[  462844ms] [LOG] [DEBUG-RESOLVER] resolveContent("muscle_up", 2) → programId="fTLWzjP9gH2VNpamyCZF" @ https://out-run-aoxyq4uip-davids-projects-0d6e1f97.vercel.app/_next/static/chunks/5677-e194dbb9c52cb011.js:0
[  462975ms] [LOG] [DEBUG-RESOLVER] attempt1 getVisualContentItem("fTLWzjP9gH2VNpamyCZF", 2) → null @ https://out-run-aoxyq4uip-davids-projects-0d6e1f97.vercel.app/_next/static/chunks/5677-e194dbb9c52cb011.js:0
[  462975ms] [LOG] [DEBUG-RESOLVER] attempt1 getVisualContentItem("fTLWzjP9gH2VNpamyCZF", 2) → null @ https://out-run-aoxyq4uip-davids-projects-0d6e1f97.vercel.app/_next/static/chunks/5677-e194dbb9c52cb011.js:0
[  463097ms] [LOG] [DEBUG-RESOLVER] attempt2 getVisualContentItem("muscle_up", 2) → null @ https://out-run-aoxyq4uip-davids-projects-0d6e1f97.vercel.app/_next/static/chunks/5677-e194dbb9c52cb011.js:0
[  463098ms] [LOG] [DEBUG-RESOLVER] attempt2 getVisualContentItem("muscle_up", 2) → null @ https://out-run-aoxyq4uip-davids-projects-0d6e1f97.vercel.app/_next/static/chunks/5677-e194dbb9c52cb011.js:0
[  485806ms] [LOG] [DEBUG-RESOLVER] Incoming Category: hspu Resolved Candidate IDs: [hspu] @ https://out-run-aoxyq4uip-davids-projects-0d6e1f97.vercel.app/_next/static/chunks/5677-e194dbb9c52cb011.js:0
[  485971ms] [LOG] [DEBUG-FIRESTORE] Querying IDs: [hspu] Snapshot size returned: 0 @ https://out-run-aoxyq4uip-davids-projects-0d6e1f97.vercel.app/_next/static/chunks/5677-e194dbb9c52cb011.js:0
[  485971ms] [LOG] [DEBUG-FIRESTORE] showInOnboarding=true levels: [] (0 total) @ https://out-run-aoxyq4uip-davids-projects-0d6e1f97.vercel.app/_next/static/chunks/5677-e194dbb9c52cb011.js:0
[  485971ms] [LOG] [DEBUG-RESOLVER] Final onboarding levels for "hspu": [] (0 total) @ https://out-run-aoxyq4uip-davids-projects-0d6e1f97.vercel.app/_next/static/chunks/5677-e194dbb9c52cb011.js:0
[  485973ms] [LOG] [DEBUG-RESOLVER] resolveContent("hspu", 1) → programId="hspu" @ https://out-run-aoxyq4uip-davids-projects-0d6e1f97.vercel.app/_next/static/chunks/5677-e194dbb9c52cb011.js:0
[  486132ms] [LOG] [DEBUG-RESOLVER] attempt1 getVisualContentItem("hspu", 1) → null @ https://out-run-aoxyq4uip-davids-projects-0d6e1f97.vercel.app/_next/static/chunks/5677-e194dbb9c52cb011.js:0
[  486132ms] [LOG] [DEBUG-RESOLVER] resolveContent("hspu", 2) → programId="hspu" @ https://out-run-aoxyq4uip-davids-projects-0d6e1f97.vercel.app/_next/static/chunks/5677-e194dbb9c52cb011.js:0
[  486132ms] [LOG] [DEBUG-RESOLVER] resolveContent("hspu", 2) → programId="hspu" @ https://out-run-aoxyq4uip-davids-projects-0d6e1f97.vercel.app/_next/static/chunks/5677-e194dbb9c52cb011.js:0
[  486262ms] [LOG] [DEBUG-RESOLVER] attempt1 getVisualContentItem("hspu", 2) → null @ https://out-run-aoxyq4uip-davids-projects-0d6e1f97.vercel.app/_next/static/chunks/5677-e194dbb9c52cb011.js:0
[  486262ms] [LOG] [DEBUG-RESOLVER] attempt1 getVisualContentItem("hspu", 2) → null @ https://out-run-aoxyq4uip-davids-projects-0d6e1f97.vercel.app/_next/static/chunks/5677-e194dbb9c52cb011.js:0
[  501470ms] [LOG] [DEBUG-RESOLVER] Incoming Category: legs Resolved Candidate IDs: [legs, OrAmOH3F375dVio5yGdU] @ https://out-run-aoxyq4uip-davids-projects-0d6e1f97.vercel.app/_next/static/chunks/5677-e194dbb9c52cb011.js:0
[  501878ms] [LOG] [DEBUG-FIRESTORE] Querying IDs: [legs, OrAmOH3F375dVio5yGdU] Snapshot size returned: 15 @ https://out-run-aoxyq4uip-davids-projects-0d6e1f97.vercel.app/_next/static/chunks/5677-e194dbb9c52cb011.js:0
[  501878ms] [LOG] [DEBUG-FIRESTORE] showInOnboarding=true levels: [1, 3, 6, 8, 10, 12] (6 total) @ https://out-run-aoxyq4uip-davids-projects-0d6e1f97.vercel.app/_next/static/chunks/5677-e194dbb9c52cb011.js:0
[  501878ms] [LOG] [DEBUG-RESOLVER] Final onboarding levels for "legs": [1, 3, 6, 8, 10, 12] (6 total) @ https://out-run-aoxyq4uip-davids-projects-0d6e1f97.vercel.app/_next/static/chunks/5677-e194dbb9c52cb011.js:0
[  501881ms] [LOG] [DEBUG-RESOLVER] resolveContent("legs", 1) → programId="OrAmOH3F375dVio5yGdU" @ https://out-run-aoxyq4uip-davids-projects-0d6e1f97.vercel.app/_next/static/chunks/5677-e194dbb9c52cb011.js:0
[  501881ms] [LOG] [DEBUG-RESOLVER] resolveContent("legs", 3) → programId="OrAmOH3F375dVio5yGdU" @ https://out-run-aoxyq4uip-davids-projects-0d6e1f97.vercel.app/_next/static/chunks/5677-e194dbb9c52cb011.js:0
[  501881ms] [LOG] [DEBUG-RESOLVER] resolveContent("legs", 6) → programId="OrAmOH3F375dVio5yGdU" @ https://out-run-aoxyq4uip-davids-projects-0d6e1f97.vercel.app/_next/static/chunks/5677-e194dbb9c52cb011.js:0
[  501881ms] [LOG] [DEBUG-RESOLVER] resolveContent("legs", 8) → programId="OrAmOH3F375dVio5yGdU" @ https://out-run-aoxyq4uip-davids-projects-0d6e1f97.vercel.app/_next/static/chunks/5677-e194dbb9c52cb011.js:0
[  501881ms] [LOG] [DEBUG-RESOLVER] resolveContent("legs", 10) → programId="OrAmOH3F375dVio5yGdU" @ https://out-run-aoxyq4uip-davids-projects-0d6e1f97.vercel.app/_next/static/chunks/5677-e194dbb9c52cb011.js:0
[  501881ms] [LOG] [DEBUG-RESOLVER] resolveContent("legs", 12) → programId="OrAmOH3F375dVio5yGdU" @ https://out-run-aoxyq4uip-davids-projects-0d6e1f97.vercel.app/_next/static/chunks/5677-e194dbb9c52cb011.js:0
[  501881ms] [LOG] [DEBUG-RESOLVER] resolveContent("legs", 1) → programId="OrAmOH3F375dVio5yGdU" @ https://out-run-aoxyq4uip-davids-projects-0d6e1f97.vercel.app/_next/static/chunks/5677-e194dbb9c52cb011.js:0
[  502038ms] [LOG] [VisualContentService] docToContent "OrAmOH3F375dVio5yGdU_1": {hasVideoVariantsField: true, hasVariantsField: false, rawType: array[0], parsedVariantsCount: 0, allTopLevelKeys: Array(14)} @ https://out-run-aoxyq4uip-davids-projects-0d6e1f97.vercel.app/_next/static/chunks/5677-e194dbb9c52cb011.js:0
[  502038ms] [LOG] [DEBUG-RESOLVER] attempt1 getVisualContentItem("OrAmOH3F375dVio5yGdU", 1) → FOUND @ https://out-run-aoxyq4uip-davids-projects-0d6e1f97.vercel.app/_next/static/chunks/5677-e194dbb9c52cb011.js:0
[  502038ms] [LOG] [VisualContentService] docToContent "OrAmOH3F375dVio5yGdU_1": {hasVideoVariantsField: true, hasVariantsField: false, rawType: array[0], parsedVariantsCount: 0, allTopLevelKeys: Array(14)} @ https://out-run-aoxyq4uip-davids-projects-0d6e1f97.vercel.app/_next/static/chunks/5677-e194dbb9c52cb011.js:0
[  502039ms] [LOG] [DEBUG-RESOLVER] attempt1 getVisualContentItem("OrAmOH3F375dVio5yGdU", 1) → FOUND @ https://out-run-aoxyq4uip-davids-projects-0d6e1f97.vercel.app/_next/static/chunks/5677-e194dbb9c52cb011.js:0
[  502039ms] [LOG] [VisualContentService] docToContent "OrAmOH3F375dVio5yGdU_3": {hasVideoVariantsField: true, hasVariantsField: false, rawType: array[0], parsedVariantsCount: 0, allTopLevelKeys: Array(12)} @ https://out-run-aoxyq4uip-davids-projects-0d6e1f97.vercel.app/_next/static/chunks/5677-e194dbb9c52cb011.js:0
[  502039ms] [LOG] [DEBUG-RESOLVER] attempt1 getVisualContentItem("OrAmOH3F375dVio5yGdU", 3) → FOUND @ https://out-run-aoxyq4uip-davids-projects-0d6e1f97.vercel.app/_next/static/chunks/5677-e194dbb9c52cb011.js:0
[  502039ms] [LOG] [VisualContentService] docToContent "OrAmOH3F375dVio5yGdU_6": {hasVideoVariantsField: true, hasVariantsField: false, rawType: array[0], parsedVariantsCount: 0, allTopLevelKeys: Array(14)} @ https://out-run-aoxyq4uip-davids-projects-0d6e1f97.vercel.app/_next/static/chunks/5677-e194dbb9c52cb011.js:0
[  502039ms] [LOG] [DEBUG-RESOLVER] attempt1 getVisualContentItem("OrAmOH3F375dVio5yGdU", 6) → FOUND @ https://out-run-aoxyq4uip-davids-projects-0d6e1f97.vercel.app/_next/static/chunks/5677-e194dbb9c52cb011.js:0
[  502039ms] [LOG] [VisualContentService] docToContent "OrAmOH3F375dVio5yGdU_8": {hasVideoVariantsField: true, hasVariantsField: false, rawType: array[0], parsedVariantsCount: 0, allTopLevelKeys: Array(14)} @ https://out-run-aoxyq4uip-davids-projects-0d6e1f97.vercel.app/_next/static/chunks/5677-e194dbb9c52cb011.js:0
[  502039ms] [LOG] [DEBUG-RESOLVER] attempt1 getVisualContentItem("OrAmOH3F375dVio5yGdU", 8) → FOUND @ https://out-run-aoxyq4uip-davids-projects-0d6e1f97.vercel.app/_next/static/chunks/5677-e194dbb9c52cb011.js:0
[  502076ms] [LOG] [VisualContentService] docToContent "OrAmOH3F375dVio5yGdU_10": {hasVideoVariantsField: true, hasVariantsField: false, rawType: array[0], parsedVariantsCount: 0, allTopLevelKeys: Array(14)} @ https://out-run-aoxyq4uip-davids-projects-0d6e1f97.vercel.app/_next/static/chunks/5677-e194dbb9c52cb011.js:0
[  502076ms] [LOG] [DEBUG-RESOLVER] attempt1 getVisualContentItem("OrAmOH3F375dVio5yGdU", 10) → FOUND @ https://out-run-aoxyq4uip-davids-projects-0d6e1f97.vercel.app/_next/static/chunks/5677-e194dbb9c52cb011.js:0
[  502076ms] [LOG] [VisualContentService] docToContent "OrAmOH3F375dVio5yGdU_12": {hasVideoVariantsField: true, hasVariantsField: false, rawType: array[0], parsedVariantsCount: 0, allTopLevelKeys: Array(14)} @ https://out-run-aoxyq4uip-davids-projects-0d6e1f97.vercel.app/_next/static/chunks/5677-e194dbb9c52cb011.js:0
[  502076ms] [LOG] [DEBUG-RESOLVER] attempt1 getVisualContentItem("OrAmOH3F375dVio5yGdU", 12) → FOUND @ https://out-run-aoxyq4uip-davids-projects-0d6e1f97.vercel.app/_next/static/chunks/5677-e194dbb9c52cb011.js:0
[  502204ms] [LOG] [DEBUG-RESOLVER] resolveContent("legs", 1) → programId="OrAmOH3F375dVio5yGdU" @ https://out-run-aoxyq4uip-davids-projects-0d6e1f97.vercel.app/_next/static/chunks/5677-e194dbb9c52cb011.js:0
[  502218ms] [LOG] [ContentResolver] Level 1 — exercise video resolved: "סקוואט טווח חלקי (להגבהה)" → https://vz-b17872ab-7a7.b-cdn.net/8286f82c-fdf8-4f05-8961-a0… @ https://out-run-aoxyq4uip-davids-projects-0d6e1f97.vercel.app/_next/static/chunks/5677-e194dbb9c52cb011.js:0
[  502219ms] [LOG] [ContentResolver] Level 1 — exercise video resolved: "סקוואט טווח חלקי (להגבהה)" → https://vz-b17872ab-7a7.b-cdn.net/8286f82c-fdf8-4f05-8961-a0… @ https://out-run-aoxyq4uip-davids-projects-0d6e1f97.vercel.app/_next/static/chunks/5677-e194dbb9c52cb011.js:0
[  502219ms] [LOG] [ContentResolver] Level 3 — exercise video resolved: "סקוואט קפיצה" → https://vz-b17872ab-7a7.b-cdn.net/57d8348b-3788-4dd1-880a-8b… @ https://out-run-aoxyq4uip-davids-projects-0d6e1f97.vercel.app/_next/static/chunks/5677-e194dbb9c52cb011.js:0
[  502219ms] [LOG] [ContentResolver] Level 6 — exercise video resolved: "פיסטול סקוואט טווח חלקי (להגבהה)" → https://vz-b17872ab-7a7.b-cdn.net/de775009-ca63-44c7-b2ab-fa… @ https://out-run-aoxyq4uip-davids-projects-0d6e1f97.vercel.app/_next/static/chunks/5677-e194dbb9c52cb011.js:0
[  502219ms] [LOG] [ContentResolver] Level 8 — exercise video resolved: "סקוואט קשתים" → https://vz-b17872ab-7a7.b-cdn.net/65426bb8-991f-450e-b85a-22… @ https://out-run-aoxyq4uip-davids-projects-0d6e1f97.vercel.app/_next/static/chunks/5677-e194dbb9c52cb011.js:0
[  502514ms] [LOG] [ContentResolver] Level 10 — exercise video resolved: "פיסטול סקוואט" → https://vz-b17872ab-7a7.b-cdn.net/c51ca5b7-c182-4fec-9dbe-d5… @ https://out-run-aoxyq4uip-davids-projects-0d6e1f97.vercel.app/_next/static/chunks/5677-e194dbb9c52cb011.js:0
[  502515ms] [LOG] [ContentResolver] Level 12 — exercise video resolved: "דרגון סקוואט" → https://vz-b17872ab-7a7.b-cdn.net/1b85355d-ea49-485c-8103-c5… @ https://out-run-aoxyq4uip-davids-projects-0d6e1f97.vercel.app/_next/static/chunks/5677-e194dbb9c52cb011.js:0
[  502515ms] [LOG] [VisualContentService] docToContent "OrAmOH3F375dVio5yGdU_1": {hasVideoVariantsField: true, hasVariantsField: false, rawType: array[0], parsedVariantsCount: 0, allTopLevelKeys: Array(14)} @ https://out-run-aoxyq4uip-davids-projects-0d6e1f97.vercel.app/_next/static/chunks/5677-e194dbb9c52cb011.js:0
[  502515ms] [LOG] [DEBUG-RESOLVER] attempt1 getVisualContentItem("OrAmOH3F375dVio5yGdU", 1) → FOUND @ https://out-run-aoxyq4uip-davids-projects-0d6e1f97.vercel.app/_next/static/chunks/5677-e194dbb9c52cb011.js:0
[  502701ms] [LOG] [ContentResolver] Level 1 — exercise video resolved: "סקוואט טווח חלקי (להגבהה)" → https://vz-b17872ab-7a7.b-cdn.net/8286f82c-fdf8-4f05-8961-a0… @ https://out-run-aoxyq4uip-davids-projects-0d6e1f97.vercel.app/_next/static/chunks/5677-e194dbb9c52cb011.js:0
[  502701ms] [LOG] [DEBUG-RESOLVER] resolveContent("legs", 2) → programId="OrAmOH3F375dVio5yGdU" @ https://out-run-aoxyq4uip-davids-projects-0d6e1f97.vercel.app/_next/static/chunks/5677-e194dbb9c52cb011.js:0
[  502701ms] [LOG] [DEBUG-RESOLVER] resolveContent("legs", 2) → programId="OrAmOH3F375dVio5yGdU" @ https://out-run-aoxyq4uip-davids-projects-0d6e1f97.vercel.app/_next/static/chunks/5677-e194dbb9c52cb011.js:0
[  502735ms] [LOG] [DEBUG-RESOLVER] resolveContent("legs", 12) → programId="OrAmOH3F375dVio5yGdU" @ https://out-run-aoxyq4uip-davids-projects-0d6e1f97.vercel.app/_next/static/chunks/5677-e194dbb9c52cb011.js:0
[  502735ms] [LOG] [DEBUG-RESOLVER] resolveContent("legs", 11) → programId="OrAmOH3F375dVio5yGdU" @ https://out-run-aoxyq4uip-davids-projects-0d6e1f97.vercel.app/_next/static/chunks/5677-e194dbb9c52cb011.js:0
[  502735ms] [LOG] [DEBUG-RESOLVER] resolveContent("legs", 13) → programId="OrAmOH3F375dVio5yGdU" @ https://out-run-aoxyq4uip-davids-projects-0d6e1f97.vercel.app/_next/static/chunks/5677-e194dbb9c52cb011.js:0
[  502735ms] [LOG] [DEBUG-RESOLVER] resolveContent("legs", 13) → programId="OrAmOH3F375dVio5yGdU" @ https://out-run-aoxyq4uip-davids-projects-0d6e1f97.vercel.app/_next/static/chunks/5677-e194dbb9c52cb011.js:0
[  502883ms] [LOG] [VisualContentService] docToContent "OrAmOH3F375dVio5yGdU_2": {hasVideoVariantsField: true, hasVariantsField: false, rawType: array[0], parsedVariantsCount: 0, allTopLevelKeys: Array(12)} @ https://out-run-aoxyq4uip-davids-projects-0d6e1f97.vercel.app/_next/static/chunks/5677-e194dbb9c52cb011.js:0
[  502883ms] [LOG] [DEBUG-RESOLVER] attempt1 getVisualContentItem("OrAmOH3F375dVio5yGdU", 2) → FOUND @ https://out-run-aoxyq4uip-davids-projects-0d6e1f97.vercel.app/_next/static/chunks/5677-e194dbb9c52cb011.js:0
[  502883ms] [LOG] [VisualContentService] docToContent "OrAmOH3F375dVio5yGdU_2": {hasVideoVariantsField: true, hasVariantsField: false, rawType: array[0], parsedVariantsCount: 0, allTopLevelKeys: Array(12)} @ https://out-run-aoxyq4uip-davids-projects-0d6e1f97.vercel.app/_next/static/chunks/5677-e194dbb9c52cb011.js:0
[  502883ms] [LOG] [DEBUG-RESOLVER] attempt1 getVisualContentItem("OrAmOH3F375dVio5yGdU", 2) → FOUND @ https://out-run-aoxyq4uip-davids-projects-0d6e1f97.vercel.app/_next/static/chunks/5677-e194dbb9c52cb011.js:0
[  502883ms] [LOG] [VisualContentService] docToContent "OrAmOH3F375dVio5yGdU_11": {hasVideoVariantsField: true, hasVariantsField: false, rawType: array[0], parsedVariantsCount: 0, allTopLevelKeys: Array(14)} @ https://out-run-aoxyq4uip-davids-projects-0d6e1f97.vercel.app/_next/static/chunks/5677-e194dbb9c52cb011.js:0
[  502883ms] [LOG] [DEBUG-RESOLVER] attempt1 getVisualContentItem("OrAmOH3F375dVio5yGdU", 11) → FOUND @ https://out-run-aoxyq4uip-davids-projects-0d6e1f97.vercel.app/_next/static/chunks/5677-e194dbb9c52cb011.js:0
[  502883ms] [LOG] [VisualContentService] docToContent "OrAmOH3F375dVio5yGdU_13": {hasVideoVariantsField: true, hasVariantsField: false, rawType: array[0], parsedVariantsCount: 0, allTopLevelKeys: Array(14)} @ https://out-run-aoxyq4uip-davids-projects-0d6e1f97.vercel.app/_next/static/chunks/5677-e194dbb9c52cb011.js:0
[  502883ms] [LOG] [DEBUG-RESOLVER] attempt1 getVisualContentItem("OrAmOH3F375dVio5yGdU", 13) → FOUND @ https://out-run-aoxyq4uip-davids-projects-0d6e1f97.vercel.app/_next/static/chunks/5677-e194dbb9c52cb011.js:0
[  502883ms] [LOG] [VisualContentService] docToContent "OrAmOH3F375dVio5yGdU_13": {hasVideoVariantsField: true, hasVariantsField: false, rawType: array[0], parsedVariantsCount: 0, allTopLevelKeys: Array(14)} @ https://out-run-aoxyq4uip-davids-projects-0d6e1f97.vercel.app/_next/static/chunks/5677-e194dbb9c52cb011.js:0
[  502883ms] [LOG] [DEBUG-RESOLVER] attempt1 getVisualContentItem("OrAmOH3F375dVio5yGdU", 13) → FOUND @ https://out-run-aoxyq4uip-davids-projects-0d6e1f97.vercel.app/_next/static/chunks/5677-e194dbb9c52cb011.js:0
[  503036ms] [LOG] [ContentResolver] Level 2 — exercise video resolved: "היפ טראסט רגל אחת" → https://vz-b17872ab-7a7.b-cdn.net/cf09b02d-edd1-434e-8be6-36… @ https://out-run-aoxyq4uip-davids-projects-0d6e1f97.vercel.app/_next/static/chunks/5677-e194dbb9c52cb011.js:0
[  503036ms] [LOG] [ContentResolver] Level 2 — exercise video resolved: "היפ טראסט רגל אחת" → https://vz-b17872ab-7a7.b-cdn.net/cf09b02d-edd1-434e-8be6-36… @ https://out-run-aoxyq4uip-davids-projects-0d6e1f97.vercel.app/_next/static/chunks/5677-e194dbb9c52cb011.js:0
[  503036ms] [LOG] [ContentResolver] Level 11 — exercise video resolved: "סיסי סקוואט" → https://vz-b17872ab-7a7.b-cdn.net/c8b3ed8c-7106-4f00-b2ab-35… @ https://out-run-aoxyq4uip-davids-projects-0d6e1f97.vercel.app/_next/static/chunks/5677-e194dbb9c52cb011.js:0
[  503036ms] [LOG] [ContentResolver] Level 13 — exercise video resolved: "כפיפת נורדיק" → https://vz-b17872ab-7a7.b-cdn.net/abbdac97-8426-4e04-90c7-09… @ https://out-run-aoxyq4uip-davids-projects-0d6e1f97.vercel.app/_next/static/chunks/5677-e194dbb9c52cb011.js:0
[  503036ms] [LOG] [ContentResolver] Level 13 — exercise video resolved: "כפיפת נורדיק" → https://vz-b17872ab-7a7.b-cdn.net/abbdac97-8426-4e04-90c7-09… @ https://out-run-aoxyq4uip-davids-projects-0d6e1f97.vercel.app/_next/static/chunks/5677-e194dbb9c52cb011.js:0
