[     489ms] [INFO] %cDownload the React DevTools for a better development experience: https://reactjs.org/link/react-devtools font-weight:bold @ webpack-internal:///(app-pages-browser)/./node_modules/next/dist/compiled/react-dom/cjs/react-dom.development.js:38559
[    1721ms] [INFO] [firebase] App Check bypass: hostname="localhost" treated as local development. initializeAppCheck() will NOT be invoked — this prevents reCAPTCHA Enterprise 403s from crashing the Firestore snapshot listener. Set NEXT_PUBLIC_APP_CHECK_DEBUG_TOKEN to a token registered in the Firebase console (App Check → Apps → Manage debug tokens) if you need a real App Check handshake. @ webpack-internal:///(app-pages-browser)/./src/lib/firebase.ts:125
[    2121ms] [WARNING] Geolocation permission has been blocked as the user has ignored the permission prompt several times. This can be reset in Page Info which can be accessed by clicking the tune icon next to the URL. See https://www.chromestatus.com/feature/6443143280984064 for more information. @ http://localhost:3000/home:0
[    2639ms] [LOG] [ActivityStore] Updated from Firestore real-time @ webpack-internal:///(app-pages-browser)/./src/features/activity/store/useActivityStore.ts:875
[    2957ms] [LOG] [buildIdToSlugMap] Built 14 entries: [EtY8YCol…→human_flag, J0fLpmJh…→push, H2279XsR…→full_body, kDMpobbK…→core, UPDBtTdC…→pull, cC0BOmm6…→one_arm_pullup, fTLWzjP9…→muscle_up, IOfBZFeo…→handstand, pCI5NHXp…→planche, 47smw26h…→upper_body, OrAmOH3F…→legs, mFcuYlNg…→front_lever, JCac76p4…→calisthenics_upper, PAxprHuT…→handstand_pushup] @ webpack-internal:///(app-pages-browser)/./src/features/workout-engine/services/program-hierarchy.utils.ts:121
[    3011ms] [LOG] [HomeContext] Domain 'core' resolved to L3 (Source: Domains) @ webpack-internal:///(app-pages-browser)/./src/features/workout-engine/services/level-resolution.utils.ts:117
[    3011ms] [LOG] [HomeContext] Domain 'pull' resolved to L4 (Source: Domains) @ webpack-internal:///(app-pages-browser)/./src/features/workout-engine/services/level-resolution.utils.ts:117
[    3011ms] [LOG] [HomeContext] Domain 'legs' resolved to L3 (Source: Domains) @ webpack-internal:///(app-pages-browser)/./src/features/workout-engine/services/level-resolution.utils.ts:117
[    3011ms] [LOG] [HomeContext] Domain 'push' resolved to L4 (Source: Domains) @ webpack-internal:///(app-pages-browser)/./src/features/workout-engine/services/level-resolution.utils.ts:117
[    3012ms] [LOG] [home] scoreBreakdown "full-strength" (score=30): {goalMatch: 30, gapFilling: 0, stepDeficit: 0, preferenceMatch: 0, recoveryMatch: 0} @ webpack-internal:///(app-pages-browser)/./src/app/home/page.tsx:1332
[    3013ms] [LOG] [HomeWorkout] 🏞️ No location specified → "park" (PARK FORCE active) @ webpack-internal:///(app-pages-browser)/./src/features/workout-engine/services/home-workout.service.ts:1223
[    3013ms] [LOG] [HomeWorkout] scheduledProgramIds normalised: [] → [] @ webpack-internal:///(app-pages-browser)/./src/features/workout-engine/services/home-workout.service.ts:1236
[    3013ms] [LOG] [home] scoreBreakdown "safety-net" (score=0): {goalMatch: 0, gapFilling: 0, stepDeficit: 0, preferenceMatch: 0, recoveryMatch: 0} @ webpack-internal:///(app-pages-browser)/./src/app/home/page.tsx:1332
[    3014ms] [LOG] [ActivityStore] Loaded today from Firestore: 2026-08-31 @ webpack-internal:///(app-pages-browser)/./src/features/activity/store/useActivityStore.ts:668
[    3014ms] [LOG] [ActivityStore] Loaded today from Firestore: 2026-08-31 @ webpack-internal:///(app-pages-browser)/./src/features/activity/store/useActivityStore.ts:668
[    3014ms] [LOG] [ActivityStore] Loaded today from Firestore: 2026-08-31 @ webpack-internal:///(app-pages-browser)/./src/features/activity/store/useActivityStore.ts:668
[    3435ms] [LOG] [buildIdToSlugMap] Built 14 entries: [EtY8YCol…→human_flag, J0fLpmJh…→push, H2279XsR…→full_body, kDMpobbK…→core, UPDBtTdC…→pull, cC0BOmm6…→one_arm_pullup, fTLWzjP9…→muscle_up, IOfBZFeo…→handstand, pCI5NHXp…→planche, 47smw26h…→upper_body, OrAmOH3F…→legs, mFcuYlNg…→front_lever, JCac76p4…→calisthenics_upper, PAxprHuT…→handstand_pushup] @ webpack-internal:///(app-pages-browser)/./src/features/workout-engine/services/program-hierarchy.utils.ts:121
[    3435ms] [LOG] [HomeWorkout:Trio] Domain 'core' resolved to L3 (Source: Domains) @ webpack-internal:///(app-pages-browser)/./src/features/workout-engine/services/level-resolution.utils.ts:117
[    3435ms] [LOG] [HomeWorkout:Trio] Domain 'pull' resolved to L4 (Source: Domains) @ webpack-internal:///(app-pages-browser)/./src/features/workout-engine/services/level-resolution.utils.ts:117
[    3435ms] [LOG] [HomeWorkout:Trio] Domain 'legs' resolved to L3 (Source: Domains) @ webpack-internal:///(app-pages-browser)/./src/features/workout-engine/services/level-resolution.utils.ts:117
[    3435ms] [LOG] [HomeWorkout:Trio] Domain 'push' resolved to L4 (Source: Domains) @ webpack-internal:///(app-pages-browser)/./src/features/workout-engine/services/level-resolution.utils.ts:117
[    3435ms] [LOG] [HomeWorkout:Trio] [MasterDerive] "H2279XsRGDg9G370J7S9" → L4 (avg of [4,4,3] = 4, cap=15) @ webpack-internal:///(app-pages-browser)/./src/features/workout-engine/services/level-resolution.utils.ts:202
[    3435ms] [LOG] [HomeWorkout:Trio] [MasterDerive] "fTLWzjP9gH2VNpamyCZF" → L4 (avg of [4,4,3] = 4, cap=15) @ webpack-internal:///(app-pages-browser)/./src/features/workout-engine/services/level-resolution.utils.ts:202
[    3435ms] [LOG] [HomeWorkout:Trio] [MasterDerive] "47smw26hUyG5ZbE1bhr3" → L4 (avg of [4,4,3] = 4, cap=15) @ webpack-internal:///(app-pages-browser)/./src/features/workout-engine/services/level-resolution.utils.ts:202
[    3435ms] [LOG] [HomeWorkout:Trio] [MasterDerive] "JCac76p48XGZ5MVahLI2" → L4 (avg of [4,4,3] = 4, cap=15) @ webpack-internal:///(app-pages-browser)/./src/features/workout-engine/services/level-resolution.utils.ts:202
[    3436ms] [LOG] [HomeWorkout] Empty equipment profile for location "park" — defaulting to bodyweight @ webpack-internal:///(app-pages-browser)/./src/features/workout-engine/services/user-profile.utils.ts:148
[    3436ms] [WARNING] [InputSanitizer] ⚠️ No park inventory resolved — ESSENTIAL_PARK_GEAR fallback active @ webpack-internal:///(app-pages-browser)/./src/features/workout-engine/core/middleware/InputSanitizerMiddleware.ts:110
[    3436ms] [LOG] [buildIdToSlugMap] Built 14 entries: [EtY8YCol…→human_flag, J0fLpmJh…→push, H2279XsR…→full_body, kDMpobbK…→core, UPDBtTdC…→pull, cC0BOmm6…→one_arm_pullup, fTLWzjP9…→muscle_up, IOfBZFeo…→handstand, pCI5NHXp…→planche, 47smw26h…→upper_body, OrAmOH3F…→legs, mFcuYlNg…→front_lever, JCac76p4…→calisthenics_upper, PAxprHuT…→handstand_pushup] @ webpack-internal:///(app-pages-browser)/./src/features/workout-engine/services/program-hierarchy.utils.ts:121
[    3436ms] [LOG] [buildIdToSlugMap] Built 14 entries: [EtY8YCol…→human_flag, J0fLpmJh…→push, H2279XsR…→full_body, kDMpobbK…→core, UPDBtTdC…→pull, cC0BOmm6…→one_arm_pullup, fTLWzjP9…→muscle_up, IOfBZFeo…→handstand, pCI5NHXp…→planche, 47smw26h…→upper_body, OrAmOH3F…→legs, mFcuYlNg…→front_lever, JCac76p4…→calisthenics_upper, PAxprHuT…→handstand_pushup] @ webpack-internal:///(app-pages-browser)/./src/features/workout-engine/services/program-hierarchy.utils.ts:121
[    3436ms] [LOG] [buildIdToSlugMap] Built 14 entries: [EtY8YCol…→human_flag, J0fLpmJh…→push, H2279XsR…→full_body, kDMpobbK…→core, UPDBtTdC…→pull, cC0BOmm6…→one_arm_pullup, fTLWzjP9…→muscle_up, IOfBZFeo…→handstand, pCI5NHXp…→planche, 47smw26h…→upper_body, OrAmOH3F…→legs, mFcuYlNg…→front_lever, JCac76p4…→calisthenics_upper, PAxprHuT…→handstand_pushup] @ webpack-internal:///(app-pages-browser)/./src/features/workout-engine/services/program-hierarchy.utils.ts:121
[    3436ms] [LOG] [buildIdToSlugMap] Built 14 entries: [EtY8YCol…→human_flag, J0fLpmJh…→push, H2279XsR…→full_body, kDMpobbK…→core, UPDBtTdC…→pull, cC0BOmm6…→one_arm_pullup, fTLWzjP9…→muscle_up, IOfBZFeo…→handstand, pCI5NHXp…→planche, 47smw26h…→upper_body, OrAmOH3F…→legs, mFcuYlNg…→front_lever, JCac76p4…→calisthenics_upper, PAxprHuT…→handstand_pushup] @ webpack-internal:///(app-pages-browser)/./src/features/workout-engine/services/program-hierarchy.utils.ts:121
[    3436ms] [LOG] [buildIdToSlugMap] Built 14 entries: [EtY8YCol…→human_flag, J0fLpmJh…→push, H2279XsR…→full_body, kDMpobbK…→core, UPDBtTdC…→pull, cC0BOmm6…→one_arm_pullup, fTLWzjP9…→muscle_up, IOfBZFeo…→handstand, pCI5NHXp…→planche, 47smw26h…→upper_body, OrAmOH3F…→legs, mFcuYlNg…→front_lever, JCac76p4…→calisthenics_upper, PAxprHuT…→handstand_pushup] @ webpack-internal:///(app-pages-browser)/./src/features/workout-engine/services/program-hierarchy.utils.ts:121
[    3436ms] [LOG] [DomainBudget] activeProgramId="undefined" slug="" resolvedChildDomains=[] isFullBodyMaster=false isCalisthenicsUpperMaster=false isUpperBodyMaster=false @ webpack-internal:///(app-pages-browser)/./src/features/workout-engine/services/home-workout.service.ts:1387
[    3437ms] [LOG] activeProgramId: undefined @ webpack-internal:///(app-pages-browser)/./src/features/workout-engine/services/split-decision/SplitDecisionService.ts:407
[    3437ms] [LOG] progression.tracks: (none) @ webpack-internal:///(app-pages-browser)/./src/features/workout-engine/services/split-decision/SplitDecisionService.ts:409
[    3437ms] [LOG] progression.domains: {core: Object, pull: Object, legs: Object, push: Object} @ webpack-internal:///(app-pages-browser)/./src/features/workout-engine/services/split-decision/SplitDecisionService.ts:411
[    3437ms] [LOG] progression.activePrograms: [] @ webpack-internal:///(app-pages-browser)/./src/features/workout-engine/services/split-decision/SplitDecisionService.ts:413
[    3437ms] [LOG] progression.skillFocusIds: (none) @ webpack-internal:///(app-pages-browser)/./src/features/workout-engine/services/split-decision/SplitDecisionService.ts:415
[    3437ms] [LOG] progression.masterProgramSubLevels: (none) @ webpack-internal:///(app-pages-browser)/./src/features/workout-engine/services/split-decision/SplitDecisionService.ts:417
[    3437ms] [LOG] Derived userLevel (base): 4 @ webpack-internal:///(app-pages-browser)/./src/features/workout-engine/services/split-decision/SplitDecisionService.ts:418
[    3437ms] [LOG] scheduleDays count: 3 @ webpack-internal:///(app-pages-browser)/./src/features/workout-engine/services/split-decision/SplitDecisionService.ts:419
[    3437ms] [LOG] Base User Level: 4 @ webpack-internal:///(app-pages-browser)/./src/features/workout-engine/services/split-decision/SplitDecisionService.ts:490
[    3437ms] [LOG] Schedule Days (total / remaining): 3 / 3 @ webpack-internal:///(app-pages-browser)/./src/features/workout-engine/services/split-decision/SplitDecisionService.ts:491
[    3437ms] [LOG] Source: Admin Panel (ProgramLevelSettings) @ webpack-internal:///(app-pages-browser)/./src/features/workout-engine/services/split-decision/SplitDecisionService.ts:492
[    3437ms] [LOG] Effective Weekly Budget: 8 @ webpack-internal:///(app-pages-browser)/./src/features/workout-engine/services/split-decision/SplitDecisionService.ts:493
[    3437ms] [LOG] Completed This Week (all domains): 0 @ webpack-internal:///(app-pages-browser)/./src/features/workout-engine/services/split-decision/SplitDecisionService.ts:494
[    3437ms] [LOG] Remaining Sets: 8 = 8 − 0 @ webpack-internal:///(app-pages-browser)/./src/features/workout-engine/services/split-decision/SplitDecisionService.ts:495
[    3437ms] [LOG] Daily Budget: ceil(8 / 3) = 3 @ webpack-internal:///(app-pages-browser)/./src/features/workout-engine/services/split-decision/SplitDecisionService.ts:496
[    3437ms] [LOG] Final dailySetBudget (min 2): 3 @ webpack-internal:///(app-pages-browser)/./src/features/workout-engine/services/split-decision/SplitDecisionService.ts:497
[    3438ms] [LOG] [Periodization] No active program startDate — defaulting to Week 1 (Build) @ webpack-internal:///(app-pages-browser)/./src/features/workout-engine/services/periodization.service.ts:44
[    3438ms] [LOG]   Inputs:        cycleWeek=1, gapDays=0 @ webpack-internal:///(app-pages-browser)/./src/features/workout-engine/services/periodization.service.ts:225
[    3438ms] [LOG]   Volume mult:   x1 @ webpack-internal:///(app-pages-browser)/./src/features/workout-engine/services/periodization.service.ts:226
[    3438ms] [LOG]   Δ override:    none @ webpack-internal:///(app-pages-browser)/./src/features/workout-engine/services/periodization.service.ts:228
[    3438ms] [LOG]   Protocol mult: x1 @ webpack-internal:///(app-pages-browser)/./src/features/workout-engine/services/periodization.service.ts:229
[    3438ms] [LOG]   SA cap:        none @ webpack-internal:///(app-pages-browser)/./src/features/workout-engine/services/periodization.service.ts:231
[    3438ms] [LOG]   Detraining:    false @ webpack-internal:///(app-pages-browser)/./src/features/workout-engine/services/periodization.service.ts:232
[    3438ms] [LOG]   Default focus: Normal(1) @ webpack-internal:///(app-pages-browser)/./src/features/workout-engine/services/periodization.service.ts:233
[    3438ms] [LOG]   Restart cycle: false @ webpack-internal:///(app-pages-browser)/./src/features/workout-engine/services/periodization.service.ts:238
[    3439ms] [LOG] [ShadowLevel] TARGET PROGRAM: "גוד מורנינג בישיבה" → program="OrAmOH3F375dVio5yGdU" (slug="legs") userLevel=3 (adminTag=1) (movementGroup=hinge, muscle=hamstrings) @ webpack-internal:///(app-pages-browser)/./src/features/workout-engine/services/shadow-level.utils.ts:414
[    3439ms] [LOG] [ShadowLevel] TARGET PROGRAM: "גמישות קרסול לעמוד" → program="OrAmOH3F375dVio5yGdU" (slug="legs") userLevel=3 (adminTag=5) (movementGroup=isolation, muscle=calves) @ webpack-internal:///(app-pages-browser)/./src/features/workout-engine/services/shadow-level.utils.ts:414
[    3439ms] [LOG] [ShadowLevel] TARGET PROGRAM: "דגל פלאנק צידי" → program="UPDBtTdCvX748dtBlWYj" (slug="pull") userLevel=4 (adminTag=12) (movementGroup=core, muscle=shoulders) @ webpack-internal:///(app-pages-browser)/./src/features/workout-engine/services/shadow-level.utils.ts:414
[    3439ms] [LOG] [ShadowLevel] TARGET PROGRAM: "החזקת הולו באדי" → program="kDMpobbKsuVTByTIKUpe" (slug="core") userLevel=3 (adminTag=6) (movementGroup=core, muscle=abs) @ webpack-internal:///(app-pages-browser)/./src/features/workout-engine/services/shadow-level.utils.ts:414
[    3439ms] [LOG] [ShadowLevel] TARGET PROGRAM: "החזקת מקבילים ב-15° עם גומייה" → program="J0fLpmJhG0KDN2tQouxh" (slug="push") userLevel=4 (adminTag=5) (movementGroup=vertical_push, muscle=chest) @ webpack-internal:///(app-pages-browser)/./src/features/workout-engine/services/shadow-level.utils.ts:414
[    3439ms] [WARNING] [ParkGating] "החזקת מקבילים ב-15° עם גומייה" — 1 park method(s) all gated → exercise excluded Required gear not in park inventory: [Object] Available: [bodyweight, pullup_bar, dip_station, bench, low_bar, high_bar, step, park_bench, park_step] @ webpack-internal:///(app-pages-browser)/./src/features/workout-engine/shared/utils/method-selection.utils.ts:119
[    3440ms] [LOG] [ShadowLevel] TARGET PROGRAM: "החזקת מתח ב-15° עם תמיכה" → program="UPDBtTdCvX748dtBlWYj" (slug="pull") userLevel=4 (adminTag=5) (movementGroup=vertical_pull, muscle=back) @ webpack-internal:///(app-pages-browser)/./src/features/workout-engine/services/shadow-level.utils.ts:414
[    3440ms] [LOG] [ShadowLevel] TARGET PROGRAM: "הישענות פסודו פלאנץ׳" → program="J0fLpmJhG0KDN2tQouxh" (slug="push") userLevel=4 (adminTag=13) (movementGroup=horizontal_push, muscle=shoulders) @ webpack-internal:///(app-pages-browser)/./src/features/workout-engine/services/shadow-level.utils.ts:414
[    3440ms] [LOG] [ShadowLevel] TARGET PROGRAM: "חתירות ב-75°" → program="UPDBtTdCvX748dtBlWYj" (slug="pull") userLevel=4 (adminTag=1) (movementGroup=horizontal_pull, muscle=back) @ webpack-internal:///(app-pages-browser)/./src/features/workout-engine/services/shadow-level.utils.ts:414
[    3440ms] [WARNING] [ParkGating] "חתירות ב-75°" — 3 park method(s) all gated → exercise excluded Required gear not in park inventory: [Object, Object, Object] Available: [bodyweight, pullup_bar, dip_station, bench, low_bar, high_bar, step, park_bench, park_step] @ webpack-internal:///(app-pages-browser)/./src/features/workout-engine/shared/utils/method-selection.utils.ts:119
[    3440ms] [LOG] [ShadowLevel] TARGET PROGRAM: "חתירות פרונט לבר בטאק" → program="UPDBtTdCvX748dtBlWYj" (slug="pull") userLevel=4 (adminTag=16) (movementGroup=horizontal_pull, muscle=back) @ webpack-internal:///(app-pages-browser)/./src/features/workout-engine/services/shadow-level.utils.ts:414
[    3440ms] [LOG] [ShadowLevel] TARGET PROGRAM: "טבטה" → program="kDMpobbKsuVTByTIKUpe" (slug="core") userLevel=3 (adminTag=4) (movementGroup=core, muscle=abs) @ webpack-internal:///(app-pages-browser)/./src/features/workout-engine/services/shadow-level.utils.ts:414
[    3440ms] [LOG] [ShadowLevel] TARGET PROGRAM: "ישיבת L בתמיכת הרגליים" → program="kDMpobbKsuVTByTIKUpe" (slug="core") userLevel=3 (adminTag=3) (movementGroup=core, muscle=abs) @ webpack-internal:///(app-pages-browser)/./src/features/workout-engine/services/shadow-level.utils.ts:414
[    3440ms] [LOG] [ShadowLevel] TARGET PROGRAM: "כפיפות בטן" → program="kDMpobbKsuVTByTIKUpe" (slug="core") userLevel=3 (adminTag=2) (movementGroup=core, muscle=abs) @ webpack-internal:///(app-pages-browser)/./src/features/workout-engine/services/shadow-level.utils.ts:414
[    3440ms] [LOG] [ShadowLevel] TARGET PROGRAM: "כפיפות בטן אלכוסונים" → program="kDMpobbKsuVTByTIKUpe" (slug="core") userLevel=3 (adminTag=3) (movementGroup=core, muscle=obliques) @ webpack-internal:///(app-pages-browser)/./src/features/workout-engine/services/shadow-level.utils.ts:414
[    3440ms] [LOG] [ShadowLevel] TARGET PROGRAM: "כפיפות בטן חצי טווח" → program="kDMpobbKsuVTByTIKUpe" (slug="core") userLevel=3 (adminTag=1) (movementGroup=core, muscle=abs) @ webpack-internal:///(app-pages-browser)/./src/features/workout-engine/services/shadow-level.utils.ts:414
[    3440ms] [LOG] [ShadowLevel] TARGET PROGRAM: "כפיפות ברכים בפלאנק על trx" → program="kDMpobbKsuVTByTIKUpe" (slug="core") userLevel=3 (adminTag=6) (movementGroup=core, muscle=abs) @ webpack-internal:///(app-pages-browser)/./src/features/workout-engine/services/shadow-level.utils.ts:414
[    3440ms] [LOG] [ShadowLevel] TARGET PROGRAM: "כפיפת ברך כנגד גומייה" → program="OrAmOH3F375dVio5yGdU" (slug="legs") userLevel=3 (adminTag=4) (movementGroup=undefined, muscle=undefined) @ webpack-internal:///(app-pages-browser)/./src/features/workout-engine/services/shadow-level.utils.ts:414
[    3440ms] [WARNING] [ParkGating] "כפיפת ברך כנגד גומייה" — 1 park method(s) all gated → exercise excluded Required gear not in park inventory: [Object] Available: [bodyweight, pullup_bar, dip_station, bench, low_bar, high_bar, step, park_bench, park_step] @ webpack-internal:///(app-pages-browser)/./src/features/workout-engine/shared/utils/method-selection.utils.ts:119
[    3440ms] [LOG] [ShadowLevel] TARGET PROGRAM: "כפיפת ירך על הגבהה" → program="OrAmOH3F375dVio5yGdU" (slug="legs") userLevel=3 (adminTag=4) (movementGroup=core, muscle=quads) @ webpack-internal:///(app-pages-browser)/./src/features/workout-engine/services/shadow-level.utils.ts:414
[    3440ms] [LOG] [ShadowLevel] TARGET PROGRAM: "כפיפת מרפקים במשקל גוף 45°" → program="UPDBtTdCvX748dtBlWYj" (slug="pull") userLevel=4 (adminTag=13) (movementGroup=isolation, muscle=biceps) @ webpack-internal:///(app-pages-browser)/./src/features/workout-engine/services/shadow-level.utils.ts:414
[    3440ms] [LOG] [ShadowLevel] TARGET PROGRAM: "כפיפת נורדיק בירך" → program="OrAmOH3F375dVio5yGdU" (slug="legs") userLevel=3 (adminTag=6) (movementGroup=hinge, muscle=hamstrings) @ webpack-internal:///(app-pages-browser)/./src/features/workout-engine/services/shadow-level.utils.ts:414
[    3440ms] [LOG] [ShadowLevel] TARGET PROGRAM: "לחיצה מישיבת L לפלנאץ׳ בטאק" → program="J0fLpmJhG0KDN2tQouxh" (slug="push") userLevel=4 (adminTag=16) (movementGroup=horizontal_push, muscle=shoulders) @ webpack-internal:///(app-pages-browser)/./src/features/workout-engine/services/shadow-level.utils.ts:414
[    3440ms] [LOG] [ShadowLevel] TARGET PROGRAM: "מטפס הרים" → program="kDMpobbKsuVTByTIKUpe" (slug="core") userLevel=3 (adminTag=4) (movementGroup=core, muscle=abs) @ webpack-internal:///(app-pages-browser)/./src/features/workout-engine/services/shadow-level.utils.ts:414
[    3440ms] [LOG] [ShadowLevel] TARGET PROGRAM: "מספריים אופקיים בשכיבה" → program="kDMpobbKsuVTByTIKUpe" (slug="core") userLevel=3 (adminTag=4) (movementGroup=core, muscle=abs) @ webpack-internal:///(app-pages-browser)/./src/features/workout-engine/services/shadow-level.utils.ts:414
[    3440ms] [LOG] [ShadowLevel] TARGET PROGRAM: "מספרים בשכיבה" → program="kDMpobbKsuVTByTIKUpe" (slug="core") userLevel=3 (adminTag=4) (movementGroup=undefined, muscle=abs) @ webpack-internal:///(app-pages-browser)/./src/features/workout-engine/services/shadow-level.utils.ts:414
[    3440ms] [LOG] [ShadowLevel] TARGET PROGRAM: "נדנוד הכנה לעליית כוח" → program="UPDBtTdCvX748dtBlWYj" (slug="pull") userLevel=4 (adminTag=12) (movementGroup=vertical_pull, muscle=back) @ webpack-internal:///(app-pages-browser)/./src/features/workout-engine/services/shadow-level.utils.ts:414
[    3440ms] [LOG] [ShadowLevel] TARGET PROGRAM: "סיבובי רגליים בשכיבה" → program="kDMpobbKsuVTByTIKUpe" (slug="core") userLevel=3 (adminTag=6) (movementGroup=core, muscle=abs) @ webpack-internal:///(app-pages-browser)/./src/features/workout-engine/services/shadow-level.utils.ts:414
[    3440ms] [LOG] [ShadowLevel] TARGET PROGRAM: "סיסי לאנג׳" → program="OrAmOH3F375dVio5yGdU" (slug="legs") userLevel=3 (adminTag=5) (movementGroup=squat, muscle=quads) @ webpack-internal:///(app-pages-browser)/./src/features/workout-engine/services/shadow-level.utils.ts:414
[    3440ms] [LOG] [ShadowLevel] TARGET PROGRAM: "ספר ברכיים כפופת" → program="kDMpobbKsuVTByTIKUpe" (slug="core") userLevel=3 (adminTag=5) (movementGroup=core, muscle=abs) @ webpack-internal:///(app-pages-browser)/./src/features/workout-engine/services/shadow-level.utils.ts:414
[    3440ms] [LOG] [ShadowLevel] TARGET PROGRAM: "סקוואט טווח חלקי (להגבהה)" → program="OrAmOH3F375dVio5yGdU" (slug="legs") userLevel=3 (adminTag=1) (movementGroup=squat, muscle=glutes) @ webpack-internal:///(app-pages-browser)/./src/features/workout-engine/services/shadow-level.utils.ts:414
[    3440ms] [LOG] [ShadowLevel] TARGET PROGRAM: "עליות מספרים בשכיבה" → program="kDMpobbKsuVTByTIKUpe" (slug="core") userLevel=3 (adminTag=5) (movementGroup=core, muscle=abs) @ webpack-internal:///(app-pages-browser)/./src/features/workout-engine/services/shadow-level.utils.ts:414
[    3441ms] [LOG] [ShadowLevel] TARGET PROGRAM: "עליות רגליים בשכיבה" → program="kDMpobbKsuVTByTIKUpe" (slug="core") userLevel=3 (adminTag=5) (movementGroup=core, muscle=abs) @ webpack-internal:///(app-pages-browser)/./src/features/workout-engine/services/shadow-level.utils.ts:414
[    3441ms] [LOG] [ShadowLevel] TARGET PROGRAM: "עמידת פייק" → program="J0fLpmJhG0KDN2tQouxh" (slug="push") userLevel=4 (adminTag=7) (movementGroup=vertical_push, muscle=shoulders) @ webpack-internal:///(app-pages-browser)/./src/features/workout-engine/services/shadow-level.utils.ts:414
[    3441ms] [LOG] [ShadowLevel] TARGET PROGRAM: "פינגווינים" → program="kDMpobbKsuVTByTIKUpe" (slug="core") userLevel=3 (adminTag=3) (movementGroup=core, muscle=obliques) @ webpack-internal:///(app-pages-browser)/./src/features/workout-engine/services/shadow-level.utils.ts:414
[    3441ms] [LOG] [ShadowLevel] TARGET PROGRAM: "פיסטול סקוואט טווח חלקי (להגבהה)" → program="OrAmOH3F375dVio5yGdU" (slug="legs") userLevel=3 (adminTag=6) (movementGroup=squat, muscle=glutes) @ webpack-internal:///(app-pages-browser)/./src/features/workout-engine/services/shadow-level.utils.ts:414
[    3441ms] [LOG] [ShadowLevel] TARGET PROGRAM: "פלאנק על הברכיים" → program="J0fLpmJhG0KDN2tQouxh" (slug="push") userLevel=4 (adminTag=1) (movementGroup=core, muscle=abs) @ webpack-internal:///(app-pages-browser)/./src/features/workout-engine/services/shadow-level.utils.ts:414
[    3441ms] [LOG] [ShadowLevel] TARGET PROGRAM: "פלאנק רגל ויד נגדית" → program="kDMpobbKsuVTByTIKUpe" (slug="core") userLevel=3 (adminTag=5) (movementGroup=core, muscle=abs) @ webpack-internal:///(app-pages-browser)/./src/features/workout-engine/services/shadow-level.utils.ts:414
[    3441ms] [LOG] [ShadowLevel] TARGET PROGRAM: "פרונט לבר בטאק" → program="UPDBtTdCvX748dtBlWYj" (slug="pull") userLevel=4 (adminTag=14) (movementGroup=horizontal_pull, muscle=back) @ webpack-internal:///(app-pages-browser)/./src/features/workout-engine/services/shadow-level.utils.ts:414
[    3441ms] [LOG] [ShadowLevel] TARGET PROGRAM: "פשיטת מרפקים על הרצפה" → program="J0fLpmJhG0KDN2tQouxh" (slug="push") userLevel=4 (adminTag=1) (movementGroup=horizontal_push, muscle=triceps) @ webpack-internal:///(app-pages-browser)/./src/features/workout-engine/services/shadow-level.utils.ts:414
[    3441ms] [LOG] [ShadowLevel] TARGET PROGRAM: "קראנץ" → program="kDMpobbKsuVTByTIKUpe" (slug="core") userLevel=3 (adminTag=2) (movementGroup=core, muscle=abs) @ webpack-internal:///(app-pages-browser)/./src/features/workout-engine/services/shadow-level.utils.ts:414
[    3441ms] [LOG] [ShadowLevel] TARGET PROGRAM: "שולחן הפוך" → program="J0fLpmJhG0KDN2tQouxh" (slug="push") userLevel=4 (adminTag=1) (movementGroup=core, muscle=shoulders) @ webpack-internal:///(app-pages-browser)/./src/features/workout-engine/services/shadow-level.utils.ts:414
[    3441ms] [LOG] [ShadowLevel] TARGET PROGRAM: "תלייה פסיבית בתמיכת הרגליים" → program="UPDBtTdCvX748dtBlWYj" (slug="pull") userLevel=4 (adminTag=1) (movementGroup=vertical_pull, muscle=shoulders) @ webpack-internal:///(app-pages-browser)/./src/features/workout-engine/services/shadow-level.utils.ts:414
[    3441ms] [LOG] [ShadowLevel] TARGET PROGRAM: "שכיבות סמיכה ספינקס" → program="J0fLpmJhG0KDN2tQouxh" (slug="push") userLevel=4 (adminTag=11) (movementGroup=horizontal_push, muscle=triceps) @ webpack-internal:///(app-pages-browser)/./src/features/workout-engine/services/shadow-level.utils.ts:414
[    3441ms] [LOG] [ShadowLevel] TARGET PROGRAM: "שכיבות סמיכה סופינציה" → program="J0fLpmJhG0KDN2tQouxh" (slug="push") userLevel=4 (adminTag=10) (movementGroup=horizontal_push, muscle=chest) @ webpack-internal:///(app-pages-browser)/./src/features/workout-engine/services/shadow-level.utils.ts:414
[    3441ms] [LOG] [ShadowLevel] TARGET PROGRAM: "שכיבות סמיכה מתפרץ" → program="J0fLpmJhG0KDN2tQouxh" (slug="push") userLevel=4 (adminTag=10) (movementGroup=horizontal_push, muscle=chest) @ webpack-internal:///(app-pages-browser)/./src/features/workout-engine/services/shadow-level.utils.ts:414
[    3441ms] [LOG] [ShadowLevel] TARGET PROGRAM: "שכיבות סמיכה רחבות" → program="J0fLpmJhG0KDN2tQouxh" (slug="push") userLevel=4 (adminTag=10) (movementGroup=horizontal_push, muscle=chest) @ webpack-internal:///(app-pages-browser)/./src/features/workout-engine/services/shadow-level.utils.ts:414
[    3442ms] [LOG] [ShadowLevel] TARGET PROGRAM: "פרפר רצועות ב-45°" → program="J0fLpmJhG0KDN2tQouxh" (slug="push") userLevel=4 (adminTag=7) (movementGroup=horizontal_push, muscle=chest) @ webpack-internal:///(app-pages-browser)/./src/features/workout-engine/services/shadow-level.utils.ts:414
[    3442ms] [WARNING] [ParkGating] "פרפר רצועות ב-45°" — 1 park method(s) all gated → exercise excluded Required gear not in park inventory: [Object] Available: [bodyweight, pullup_bar, dip_station, bench, low_bar, high_bar, step, park_bench, park_step] @ webpack-internal:///(app-pages-browser)/./src/features/workout-engine/shared/utils/method-selection.utils.ts:119
[    3442ms] [LOG] [ShadowLevel] TARGET PROGRAM: "שכיבות סמיכה מרפקים צמודים" → program="J0fLpmJhG0KDN2tQouxh" (slug="push") userLevel=4 (adminTag=7) (movementGroup=horizontal_push, muscle=chest) @ webpack-internal:///(app-pages-browser)/./src/features/workout-engine/services/shadow-level.utils.ts:414
[    3442ms] [LOG] [ShadowLevel] TARGET PROGRAM: "שכיבות סמיכה רצועות ב-45°" → program="J0fLpmJhG0KDN2tQouxh" (slug="push") userLevel=4 (adminTag=7) (movementGroup=horizontal_push, muscle=chest) @ webpack-internal:///(app-pages-browser)/./src/features/workout-engine/services/shadow-level.utils.ts:414
[    3442ms] [WARNING] [ParkGating] "שכיבות סמיכה רצועות ב-45°" — 1 park method(s) all gated → exercise excluded Required gear not in park inventory: [Object] Available: [bodyweight, pullup_bar, dip_station, bench, low_bar, high_bar, step, park_bench, park_step] @ webpack-internal:///(app-pages-browser)/./src/features/workout-engine/shared/utils/method-selection.utils.ts:119
[    3442ms] [LOG] [ShadowLevel] TARGET PROGRAM: "שכיבות סמיכה שיפוע שלילי" → program="J0fLpmJhG0KDN2tQouxh" (slug="push") userLevel=4 (adminTag=10) (movementGroup=horizontal_push, muscle=chest) @ webpack-internal:///(app-pages-browser)/./src/features/workout-engine/services/shadow-level.utils.ts:414
[    3442ms] [LOG] [ShadowLevel] TARGET PROGRAM: "מקבילים על טבעות" → program="J0fLpmJhG0KDN2tQouxh" (slug="push") userLevel=4 (adminTag=14) (movementGroup=vertical_push, muscle=chest) @ webpack-internal:///(app-pages-browser)/./src/features/workout-engine/services/shadow-level.utils.ts:414
[    3442ms] [LOG] [ShadowLevel] TARGET PROGRAM: "שכיבות סמיכה" → program="J0fLpmJhG0KDN2tQouxh" (slug="push") userLevel=4 (adminTag=5) (movementGroup=horizontal_push, muscle=chest) @ webpack-internal:///(app-pages-browser)/./src/features/workout-engine/services/shadow-level.utils.ts:414
[    3442ms] [LOG] [ShadowLevel] TARGET PROGRAM: "מקבילים על טבעות בעזרת גומיה דקה" → program="J0fLpmJhG0KDN2tQouxh" (slug="push") userLevel=4 (adminTag=12) (movementGroup=vertical_push, muscle=chest) @ webpack-internal:///(app-pages-browser)/./src/features/workout-engine/services/shadow-level.utils.ts:414
[    3442ms] [LOG] [ShadowLevel] TARGET PROGRAM: "מתח צר" → program="UPDBtTdCvX748dtBlWYj" (slug="pull") userLevel=4 (adminTag=12) (movementGroup=vertical_pull, muscle=back) @ webpack-internal:///(app-pages-browser)/./src/features/workout-engine/services/shadow-level.utils.ts:414
[    3442ms] [LOG] [ShadowLevel] TARGET PROGRAM: "שכיבות סמיכה בפישוק" → program="J0fLpmJhG0KDN2tQouxh" (slug="push") userLevel=4 (adminTag=5) (movementGroup=horizontal_push, muscle=chest) @ webpack-internal:///(app-pages-browser)/./src/features/workout-engine/services/shadow-level.utils.ts:414
[    3442ms] [LOG] [ShadowLevel] TARGET PROGRAM: "החזקות מקבילים אקצנטרי" → program="J0fLpmJhG0KDN2tQouxh" (slug="push") userLevel=4 (adminTag=10) (movementGroup=vertical_push, muscle=chest) @ webpack-internal:///(app-pages-browser)/./src/features/workout-engine/services/shadow-level.utils.ts:414
[    3442ms] [LOG] [ShadowLevel] TARGET PROGRAM: "מקבילים" → program="J0fLpmJhG0KDN2tQouxh" (slug="push") userLevel=4 (adminTag=10) (movementGroup=vertical_push, muscle=chest) @ webpack-internal:///(app-pages-browser)/./src/features/workout-engine/services/shadow-level.utils.ts:414
[    3442ms] [LOG] [ShadowLevel] TARGET PROGRAM: "מקבילים על מוט" → program="J0fLpmJhG0KDN2tQouxh" (slug="push") userLevel=4 (adminTag=16) (movementGroup=vertical_push, muscle=chest) @ webpack-internal:///(app-pages-browser)/./src/features/workout-engine/services/shadow-level.utils.ts:414
[    3442ms] [LOG] [ShadowLevel] TARGET PROGRAM: "מתח באחיזה מעורבת" → program="UPDBtTdCvX748dtBlWYj" (slug="pull") userLevel=4 (adminTag=13) (movementGroup=vertical_pull, muscle=back) @ webpack-internal:///(app-pages-browser)/./src/features/workout-engine/services/shadow-level.utils.ts:414
[    3442ms] [LOG] [ShadowLevel] TARGET PROGRAM: "מתח מכונת כתיבה (Typewriter)" → program="UPDBtTdCvX748dtBlWYj" (slug="pull") userLevel=4 (adminTag=16) (movementGroup=vertical_pull, muscle=back) @ webpack-internal:///(app-pages-browser)/./src/features/workout-engine/services/shadow-level.utils.ts:414
[    3442ms] [LOG] [ShadowLevel] TARGET PROGRAM: "מתח קומנדו" → program="UPDBtTdCvX748dtBlWYj" (slug="pull") userLevel=4 (adminTag=11) (movementGroup=vertical_pull, muscle=back) @ webpack-internal:///(app-pages-browser)/./src/features/workout-engine/services/shadow-level.utils.ts:414
[    3442ms] [LOG] [ShadowLevel] TARGET PROGRAM: "מתח רחב" → program="UPDBtTdCvX748dtBlWYj" (slug="pull") userLevel=4 (adminTag=12) (movementGroup=vertical_pull, muscle=back) @ webpack-internal:///(app-pages-browser)/./src/features/workout-engine/services/shadow-level.utils.ts:414
[    3442ms] [LOG] [ShadowLevel] TARGET PROGRAM: "מתח יד אחת עם חולצה" → program="UPDBtTdCvX748dtBlWYj" (slug="pull") userLevel=4 (adminTag=16) (movementGroup=vertical_pull, muscle=back) @ webpack-internal:///(app-pages-browser)/./src/features/workout-engine/services/shadow-level.utils.ts:414
[    3442ms] [LOG] [ShadowLevel] TARGET PROGRAM: "שכיבות סמיכה ברכיים" → program="J0fLpmJhG0KDN2tQouxh" (slug="push") userLevel=4 (adminTag=4) (movementGroup=horizontal_push, muscle=chest) @ webpack-internal:///(app-pages-browser)/./src/features/workout-engine/services/shadow-level.utils.ts:414
[    3442ms] [LOG] [ShadowLevel] TARGET PROGRAM: "מתח" → program="UPDBtTdCvX748dtBlWYj" (slug="pull") userLevel=4 (adminTag=11) (movementGroup=vertical_pull, muscle=back) @ webpack-internal:///(app-pages-browser)/./src/features/workout-engine/services/shadow-level.utils.ts:414
[    3442ms] [LOG] [ShadowLevel] TARGET PROGRAM: "מתח סופינציה מתפרץ" → program="UPDBtTdCvX748dtBlWYj" (slug="pull") userLevel=4 (adminTag=12) (movementGroup=vertical_pull, muscle=back) @ webpack-internal:///(app-pages-browser)/./src/features/workout-engine/services/shadow-level.utils.ts:414
[    3442ms] [LOG] [ShadowLevel] TARGET PROGRAM: "מתח קשתים" → program="UPDBtTdCvX748dtBlWYj" (slug="pull") userLevel=4 (adminTag=16) (movementGroup=vertical_pull, muscle=back) @ webpack-internal:///(app-pages-browser)/./src/features/workout-engine/services/shadow-level.utils.ts:414
[    3442ms] [LOG] [ShadowLevel] TARGET PROGRAM: "שכיבות סמיכה אקצנרטי" → program="J0fLpmJhG0KDN2tQouxh" (slug="push") userLevel=4 (adminTag=4) (movementGroup=horizontal_push, muscle=undefined) @ webpack-internal:///(app-pages-browser)/./src/features/workout-engine/services/shadow-level.utils.ts:414
[    3442ms] [LOG] [ShadowLevel] TARGET PROGRAM: "מתח סופינציה" → program="UPDBtTdCvX748dtBlWYj" (slug="pull") userLevel=4 (adminTag=10) (movementGroup=vertical_pull, muscle=back) @ webpack-internal:///(app-pages-browser)/./src/features/workout-engine/services/shadow-level.utils.ts:414
[    3442ms] [LOG] [ShadowLevel] TARGET PROGRAM: "משיכות Y" → program="UPDBtTdCvX748dtBlWYj" (slug="pull") userLevel=4 (adminTag=10) (movementGroup=horizontal_pull, muscle=shoulders) @ webpack-internal:///(app-pages-browser)/./src/features/workout-engine/services/shadow-level.utils.ts:414
[    3442ms] [LOG] [ShadowLevel] TARGET PROGRAM: "פרפר הפוך" → program="UPDBtTdCvX748dtBlWYj" (slug="pull") userLevel=4 (adminTag=10) (movementGroup=horizontal_pull, muscle=shoulders) @ webpack-internal:///(app-pages-browser)/./src/features/workout-engine/services/shadow-level.utils.ts:414
[    3442ms] [LOG] [ShadowLevel] TARGET PROGRAM: "שכיבות סמיכה טווח תחתון" → program="J0fLpmJhG0KDN2tQouxh" (slug="push") userLevel=4 (adminTag=4) (movementGroup=horizontal_push, muscle=undefined) @ webpack-internal:///(app-pages-browser)/./src/features/workout-engine/services/shadow-level.utils.ts:414
[    3442ms] [LOG] [ShadowLevel] TARGET PROGRAM: "חתירות באחיזה עמוקה" → program="UPDBtTdCvX748dtBlWYj" (slug="pull") userLevel=4 (adminTag=12) (movementGroup=horizontal_pull, muscle=back) @ webpack-internal:///(app-pages-browser)/./src/features/workout-engine/services/shadow-level.utils.ts:414
[    3442ms] [LOG] [ShadowLevel] TARGET PROGRAM: "שכיבות סמיכה טווח עליון" → program="J0fLpmJhG0KDN2tQouxh" (slug="push") userLevel=4 (adminTag=4) (movementGroup=horizontal_push, muscle=undefined) @ webpack-internal:///(app-pages-browser)/./src/features/workout-engine/services/shadow-level.utils.ts:414
[    3443ms] [LOG] [ShadowLevel] TARGET PROGRAM: "סקוואט קשתים טווח חלקי" → program="OrAmOH3F375dVio5yGdU" (slug="legs") userLevel=3 (adminTag=6) (movementGroup=squat, muscle=glutes) @ webpack-internal:///(app-pages-browser)/./src/features/workout-engine/services/shadow-level.utils.ts:414
[    3443ms] [LOG] [ShadowLevel] TARGET PROGRAM: "עמידת ידיים חזה לקיר" → program="J0fLpmJhG0KDN2tQouxh" (slug="push") userLevel=4 (adminTag=15) (movementGroup=vertical_push, muscle=shoulders) @ webpack-internal:///(app-pages-browser)/./src/features/workout-engine/services/shadow-level.utils.ts:414
[    3443ms] [LOG] [ShadowLevel] TARGET PROGRAM: "מתח טווח עליון" → program="UPDBtTdCvX748dtBlWYj" (slug="pull") userLevel=4 (adminTag=7) (movementGroup=vertical_pull, muscle=back) @ webpack-internal:///(app-pages-browser)/./src/features/workout-engine/services/shadow-level.utils.ts:414
[    3443ms] [LOG] [ShadowLevel] TARGET PROGRAM: "החזקת שכיבת סמיכה ב-90° במרפק" → program="J0fLpmJhG0KDN2tQouxh" (slug="push") userLevel=4 (adminTag=3) (movementGroup=horizontal_push, muscle=chest) @ webpack-internal:///(app-pages-browser)/./src/features/workout-engine/services/shadow-level.utils.ts:414
[    3443ms] [LOG] [ShadowLevel] TARGET PROGRAM: "חתירות ב-15°" → program="UPDBtTdCvX748dtBlWYj" (slug="pull") userLevel=4 (adminTag=5) (movementGroup=horizontal_pull, muscle=back) @ webpack-internal:///(app-pages-browser)/./src/features/workout-engine/services/shadow-level.utils.ts:414
[    3443ms] [WARNING] [ParkGating] "חתירות ב-15°" — 3 park method(s) all gated → exercise excluded Required gear not in park inventory: [Object, Object, Object] Available: [bodyweight, pullup_bar, dip_station, bench, low_bar, high_bar, step, park_bench, park_step] @ webpack-internal:///(app-pages-browser)/./src/features/workout-engine/shared/utils/method-selection.utils.ts:119
[    3443ms] [LOG] [ShadowLevel] TARGET PROGRAM: "שכיבות סמיכה ב-15°" → program="J0fLpmJhG0KDN2tQouxh" (slug="push") userLevel=4 (adminTag=4) (movementGroup=horizontal_push, muscle=undefined) @ webpack-internal:///(app-pages-browser)/./src/features/workout-engine/services/shadow-level.utils.ts:414
[    3443ms] [LOG] [ShadowLevel] TARGET PROGRAM: "היפ טראסט מוגבה רגל אחת" → program="OrAmOH3F375dVio5yGdU" (slug="legs") userLevel=3 (adminTag=6) (movementGroup=hinge, muscle=glutes) @ webpack-internal:///(app-pages-browser)/./src/features/workout-engine/services/shadow-level.utils.ts:414
[    3443ms] [WARNING] [ParkGating] "היפ טראסט מוגבה רגל אחת" — 1 park method(s) all gated → exercise excluded Required gear not in park inventory: [Object] Available: [bodyweight, pullup_bar, dip_station, bench, low_bar, high_bar, step, park_bench, park_step] @ webpack-internal:///(app-pages-browser)/./src/features/workout-engine/shared/utils/method-selection.utils.ts:119
[    3443ms] [LOG] [ShadowLevel] TARGET PROGRAM: "לאנג׳ בהצלבה" → program="OrAmOH3F375dVio5yGdU" (slug="legs") userLevel=3 (adminTag=4) (movementGroup=squat, muscle=glutes) @ webpack-internal:///(app-pages-browser)/./src/features/workout-engine/services/shadow-level.utils.ts:414
[    3443ms] [LOG] [ShadowLevel] TARGET PROGRAM: "לאנג׳ בולגרי" → program="OrAmOH3F375dVio5yGdU" (slug="legs") userLevel=3 (adminTag=5) (movementGroup=squat, muscle=glutes) @ webpack-internal:///(app-pages-browser)/./src/features/workout-engine/services/shadow-level.utils.ts:414
[    3443ms] [LOG] [ShadowLevel] TARGET PROGRAM: "סומו סקוואט" → program="OrAmOH3F375dVio5yGdU" (slug="legs") userLevel=3 (adminTag=4) (movementGroup=squat, muscle=glutes) @ webpack-internal:///(app-pages-browser)/./src/features/workout-engine/services/shadow-level.utils.ts:414
[    3443ms] [LOG] [ShadowLevel] TARGET PROGRAM: "קפיצה גובה אגן" → program="OrAmOH3F375dVio5yGdU" (slug="legs") userLevel=3 (adminTag=6) (movementGroup=squat, muscle=glutes) @ webpack-internal:///(app-pages-browser)/./src/features/workout-engine/services/shadow-level.utils.ts:414
[    3443ms] [LOG] [ShadowLevel] TARGET PROGRAM: "עמידת ידיים חזה לקיר ב-45°" → program="J0fLpmJhG0KDN2tQouxh" (slug="push") userLevel=4 (adminTag=14) (movementGroup=vertical_push, muscle=shoulders) @ webpack-internal:///(app-pages-browser)/./src/features/workout-engine/services/shadow-level.utils.ts:414
[    3443ms] [LOG] [ShadowLevel] TARGET PROGRAM: "שכיבות סמיכה פייק עמוקות גובה אגן" → program="J0fLpmJhG0KDN2tQouxh" (slug="push") userLevel=4 (adminTag=16) (movementGroup=vertical_push, muscle=shoulders) @ webpack-internal:///(app-pages-browser)/./src/features/workout-engine/services/shadow-level.utils.ts:414
[    3443ms] [LOG] [ShadowLevel] TARGET PROGRAM: "מתח שכמות יד אחת" → program="UPDBtTdCvX748dtBlWYj" (slug="pull") userLevel=4 (adminTag=15) (movementGroup=vertical_pull, muscle=traps) @ webpack-internal:///(app-pages-browser)/./src/features/workout-engine/services/shadow-level.utils.ts:414
[    3443ms] [LOG] [ShadowLevel] TARGET PROGRAM: "דדליפט רגל אחת כנגד גומייה" → program="OrAmOH3F375dVio5yGdU" (slug="legs") userLevel=3 (adminTag=5) (movementGroup=hinge, muscle=hamstrings) @ webpack-internal:///(app-pages-browser)/./src/features/workout-engine/services/shadow-level.utils.ts:414
[    3443ms] [WARNING] [ParkGating] "דדליפט רגל אחת כנגד גומייה" — 1 park method(s) all gated → exercise excluded Required gear not in park inventory: [Object] Available: [bodyweight, pullup_bar, dip_station, bench, low_bar, high_bar, step, park_bench, park_step] @ webpack-internal:///(app-pages-browser)/./src/features/workout-engine/shared/utils/method-selection.utils.ts:119
[    3443ms] [LOG] [ShadowLevel] TARGET PROGRAM: "החזקת תמיכה על טבעות" → program="J0fLpmJhG0KDN2tQouxh" (slug="push") userLevel=4 (adminTag=10) (movementGroup=vertical_push, muscle=chest) @ webpack-internal:///(app-pages-browser)/./src/features/workout-engine/services/shadow-level.utils.ts:414
[    3443ms] [LOG] [ShadowLevel] TARGET PROGRAM: "מקבילים עם גומייה בינונית" → program="J0fLpmJhG0KDN2tQouxh" (slug="push") userLevel=4 (adminTag=7) (movementGroup=vertical_push, muscle=chest) @ webpack-internal:///(app-pages-browser)/./src/features/workout-engine/services/shadow-level.utils.ts:414
[    3443ms] [WARNING] [ParkGating] "מקבילים עם גומייה בינונית" — 1 park method(s) all gated → exercise excluded Required gear not in park inventory: [Object] Available: [bodyweight, pullup_bar, dip_station, bench, low_bar, high_bar, step, park_bench, park_step] @ webpack-internal:///(app-pages-browser)/./src/features/workout-engine/shared/utils/method-selection.utils.ts:119
[    3443ms] [LOG] [ShadowLevel] TARGET PROGRAM: "מתח מתפרץ עם גומייה בינונית" → program="UPDBtTdCvX748dtBlWYj" (slug="pull") userLevel=4 (adminTag=13) (movementGroup=vertical_pull, muscle=back) @ webpack-internal:///(app-pages-browser)/./src/features/workout-engine/services/shadow-level.utils.ts:414
[    3443ms] [LOG] [ShadowLevel] TARGET PROGRAM: "מתח עם החזקות" → program="UPDBtTdCvX748dtBlWYj" (slug="pull") userLevel=4 (adminTag=14) (movementGroup=vertical_pull, muscle=back) @ webpack-internal:///(app-pages-browser)/./src/features/workout-engine/services/shadow-level.utils.ts:414
[    3443ms] [LOG] [ShadowLevel] TARGET PROGRAM: "מתח מתפרץ גבוה" → program="UPDBtTdCvX748dtBlWYj" (slug="pull") userLevel=4 (adminTag=16) (movementGroup=vertical_pull, muscle=back) @ webpack-internal:///(app-pages-browser)/./src/features/workout-engine/services/shadow-level.utils.ts:414
[    3443ms] [LOG] [ShadowLevel] TARGET PROGRAM: "מתח מתפרץ עם טבעות" → program="UPDBtTdCvX748dtBlWYj" (slug="pull") userLevel=4 (adminTag=16) (movementGroup=vertical_pull, muscle=back) @ webpack-internal:///(app-pages-browser)/./src/features/workout-engine/services/shadow-level.utils.ts:414
[    3443ms] [LOG] [ShadowLevel] TARGET PROGRAM: "החזקת חתירה ב-90° מעלות במרפק" → program="UPDBtTdCvX748dtBlWYj" (slug="pull") userLevel=4 (adminTag=3) (movementGroup=horizontal_pull, muscle=back) @ webpack-internal:///(app-pages-browser)/./src/features/workout-engine/services/shadow-level.utils.ts:414
[    3443ms] [LOG] [ShadowLevel] TARGET PROGRAM: "חתירות ב-15° עם ברכיים כפופות" → program="UPDBtTdCvX748dtBlWYj" (slug="pull") userLevel=4 (adminTag=4) (movementGroup=horizontal_pull, muscle=back) @ webpack-internal:///(app-pages-browser)/./src/features/workout-engine/services/shadow-level.utils.ts:414
[    3444ms] [WARNING] [ParkGating] "חתירות ב-15° עם ברכיים כפופות" — 3 park method(s) all gated → exercise excluded Required gear not in park inventory: [Object, Object, Object] Available: [bodyweight, pullup_bar, dip_station, bench, low_bar, high_bar, step, park_bench, park_step] @ webpack-internal:///(app-pages-browser)/./src/features/workout-engine/shared/utils/method-selection.utils.ts:119
[    3444ms] [LOG] [ShadowLevel] TARGET PROGRAM: "שכיבות סמיכה ב-30°" → program="J0fLpmJhG0KDN2tQouxh" (slug="push") userLevel=4 (adminTag=3) (movementGroup=horizontal_push, muscle=undefined) @ webpack-internal:///(app-pages-browser)/./src/features/workout-engine/services/shadow-level.utils.ts:414
[    3444ms] [LOG] [ShadowLevel] TARGET PROGRAM: "היפ טראסט מוגבה" → program="OrAmOH3F375dVio5yGdU" (slug="legs") userLevel=3 (adminTag=5) (movementGroup=hinge, muscle=glutes) @ webpack-internal:///(app-pages-browser)/./src/features/workout-engine/services/shadow-level.utils.ts:414
[    3444ms] [WARNING] [ParkGating] "היפ טראסט מוגבה" — 1 park method(s) all gated → exercise excluded Required gear not in park inventory: [Object] Available: [bodyweight, pullup_bar, dip_station, bench, low_bar, high_bar, step, park_bench, park_step] @ webpack-internal:///(app-pages-browser)/./src/features/workout-engine/shared/utils/method-selection.utils.ts:119
[    3444ms] [LOG] [ShadowLevel] TARGET PROGRAM: "היפ טראסט רגל אחת" → program="OrAmOH3F375dVio5yGdU" (slug="legs") userLevel=3 (adminTag=2) (movementGroup=hinge, muscle=glutes) @ webpack-internal:///(app-pages-browser)/./src/features/workout-engine/services/shadow-level.utils.ts:414
[    3444ms] [LOG] [ShadowLevel] TARGET PROGRAM: "הליכות היפ טראסט" → program="OrAmOH3F375dVio5yGdU" (slug="legs") userLevel=3 (adminTag=6) (movementGroup=hinge, muscle=glutes) @ webpack-internal:///(app-pages-browser)/./src/features/workout-engine/services/shadow-level.utils.ts:414
[    3444ms] [LOG] [ShadowLevel] TARGET PROGRAM: "הרמות תאומים טווח מלא רגל אחת" → program="OrAmOH3F375dVio5yGdU" (slug="legs") userLevel=3 (adminTag=5) (movementGroup=isolation, muscle=calves) @ webpack-internal:///(app-pages-browser)/./src/features/workout-engine/services/shadow-level.utils.ts:414
[    3444ms] [WARNING] [ParkGating] "הרמות תאומים טווח מלא רגל אחת" — 1 park method(s) all gated → exercise excluded Required gear not in park inventory: [Object] Available: [bodyweight, pullup_bar, dip_station, bench, low_bar, high_bar, step, park_bench, park_step] @ webpack-internal:///(app-pages-browser)/./src/features/workout-engine/shared/utils/method-selection.utils.ts:119
[    3444ms] [LOG] [ShadowLevel] TARGET PROGRAM: "לאנג׳ בולגרי טווח חלקי" → program="OrAmOH3F375dVio5yGdU" (slug="legs") userLevel=3 (adminTag=4) (movementGroup=squat, muscle=glutes) @ webpack-internal:///(app-pages-browser)/./src/features/workout-engine/services/shadow-level.utils.ts:414
[    3444ms] [LOG] [ShadowLevel] TARGET PROGRAM: "סקוואט עמוק" → program="OrAmOH3F375dVio5yGdU" (slug="legs") userLevel=3 (adminTag=4) (movementGroup=squat, muscle=glutes) @ webpack-internal:///(app-pages-browser)/./src/features/workout-engine/services/shadow-level.utils.ts:414
[    3444ms] [LOG] [ShadowLevel] TARGET PROGRAM: "קפיצה גובה ברך" → program="OrAmOH3F375dVio5yGdU" (slug="legs") userLevel=3 (adminTag=5) (movementGroup=squat, muscle=glutes) @ webpack-internal:///(app-pages-browser)/./src/features/workout-engine/services/shadow-level.utils.ts:414
[    3444ms] [LOG] [ShadowLevel] TARGET PROGRAM: "הליכות קיר" → program="J0fLpmJhG0KDN2tQouxh" (slug="push") userLevel=4 (adminTag=14) (movementGroup=vertical_push, muscle=shoulders) @ webpack-internal:///(app-pages-browser)/./src/features/workout-engine/services/shadow-level.utils.ts:414
[    3444ms] [LOG] [ShadowLevel] TARGET PROGRAM: "שכיבות סמיכה פייק גובה אגן" → program="J0fLpmJhG0KDN2tQouxh" (slug="push") userLevel=4 (adminTag=15) (movementGroup=vertical_push, muscle=shoulders) @ webpack-internal:///(app-pages-browser)/./src/features/workout-engine/services/shadow-level.utils.ts:414
[    3444ms] [LOG] [ShadowLevel] TARGET PROGRAM: "מתח שכמות יד אחת עם תמיכה" → program="UPDBtTdCvX748dtBlWYj" (slug="pull") userLevel=4 (adminTag=12) (movementGroup=vertical_pull, muscle=traps) @ webpack-internal:///(app-pages-browser)/./src/features/workout-engine/services/shadow-level.utils.ts:414
[    3444ms] [LOG] [ShadowLevel] TARGET PROGRAM: "דדליפט רגל אחת" → program="OrAmOH3F375dVio5yGdU" (slug="legs") userLevel=3 (adminTag=4) (movementGroup=hinge, muscle=hamstrings) @ webpack-internal:///(app-pages-browser)/./src/features/workout-engine/services/shadow-level.utils.ts:414
[    3444ms] [LOG] [ShadowLevel] TARGET PROGRAM: "דגל בטאק" → program="UPDBtTdCvX748dtBlWYj" (slug="pull") userLevel=4 (adminTag=16) (movementGroup=core, muscle=shoulders) @ webpack-internal:///(app-pages-browser)/./src/features/workout-engine/services/shadow-level.utils.ts:414
[    3444ms] [LOG] [ShadowLevel] TARGET PROGRAM: "החזקת מקבילים ב-120°" → program="J0fLpmJhG0KDN2tQouxh" (slug="push") userLevel=4 (adminTag=6) (movementGroup=vertical_push, muscle=chest) @ webpack-internal:///(app-pages-browser)/./src/features/workout-engine/services/shadow-level.utils.ts:414
[    3444ms] [LOG] [ShadowLevel] TARGET PROGRAM: "מקבילים עם גומייה עבה" → program="J0fLpmJhG0KDN2tQouxh" (slug="push") userLevel=4 (adminTag=6) (movementGroup=vertical_push, muscle=chest) @ webpack-internal:///(app-pages-browser)/./src/features/workout-engine/services/shadow-level.utils.ts:414
[    3444ms] [WARNING] [ParkGating] "מקבילים עם גומייה עבה" — 1 park method(s) all gated → exercise excluded Required gear not in park inventory: [Object] Available: [bodyweight, pullup_bar, dip_station, bench, low_bar, high_bar, step, park_bench, park_step] @ webpack-internal:///(app-pages-browser)/./src/features/workout-engine/shared/utils/method-selection.utils.ts:119
[    3444ms] [LOG] [ShadowLevel] TARGET PROGRAM: "החזקת מתח ב-120°" → program="UPDBtTdCvX748dtBlWYj" (slug="pull") userLevel=4 (adminTag=6) (movementGroup=vertical_pull, muscle=back) @ webpack-internal:///(app-pages-browser)/./src/features/workout-engine/services/shadow-level.utils.ts:414
[    3444ms] [LOG] [ShadowLevel] TARGET PROGRAM: "מתח עם גומייה בינונית" → program="UPDBtTdCvX748dtBlWYj" (slug="pull") userLevel=4 (adminTag=7) (movementGroup=vertical_pull, muscle=back) @ webpack-internal:///(app-pages-browser)/./src/features/workout-engine/services/shadow-level.utils.ts:414
[    3444ms] [WARNING] [ParkGating] "מתח עם גומייה בינונית" — 2 park method(s) all gated → exercise excluded Required gear not in park inventory: [Object, Object] Available: [bodyweight, pullup_bar, dip_station, bench, low_bar, high_bar, step, park_bench, park_step] @ webpack-internal:///(app-pages-browser)/./src/features/workout-engine/shared/utils/method-selection.utils.ts:119
[    3444ms] [LOG] [ShadowLevel] TARGET PROGRAM: "חתירות ב-30°" → program="UPDBtTdCvX748dtBlWYj" (slug="pull") userLevel=4 (adminTag=3) (movementGroup=horizontal_pull, muscle=back) @ webpack-internal:///(app-pages-browser)/./src/features/workout-engine/services/shadow-level.utils.ts:414
[    3444ms] [LOG] [ShadowLevel] TARGET PROGRAM: "חתירות יד אחת ב-45°" → program="UPDBtTdCvX748dtBlWYj" (slug="pull") userLevel=4 (adminTag=15) (movementGroup=horizontal_pull, muscle=back) @ webpack-internal:///(app-pages-browser)/./src/features/workout-engine/services/shadow-level.utils.ts:414
[    3444ms] [LOG] [ShadowLevel] TARGET PROGRAM: "חתירות קשתים ב-45°" → program="UPDBtTdCvX748dtBlWYj" (slug="pull") userLevel=4 (adminTag=12) (movementGroup=horizontal_pull, muscle=back) @ webpack-internal:///(app-pages-browser)/./src/features/workout-engine/services/shadow-level.utils.ts:414
[    3444ms] [LOG] [ShadowLevel] TARGET PROGRAM: "מתח אוסטרלי ב-15° מעלות" → program="UPDBtTdCvX748dtBlWYj" (slug="pull") userLevel=4 (adminTag=5) (movementGroup=horizontal_pull, muscle=back) @ webpack-internal:///(app-pages-browser)/./src/features/workout-engine/services/shadow-level.utils.ts:414
[    3445ms] [LOG] [ShadowLevel] TARGET PROGRAM: "מתח אוסטרלי ב-60° מעלות" → program="UPDBtTdCvX748dtBlWYj" (slug="pull") userLevel=4 (adminTag=1) (movementGroup=horizontal_pull, muscle=back) @ webpack-internal:///(app-pages-browser)/./src/features/workout-engine/services/shadow-level.utils.ts:414
[    3445ms] [LOG] [ShadowLevel] TARGET PROGRAM: "שכיבות סמיכה ב-45°" → program="J0fLpmJhG0KDN2tQouxh" (slug="push") userLevel=4 (adminTag=2) (movementGroup=horizontal_push, muscle=undefined) @ webpack-internal:///(app-pages-browser)/./src/features/workout-engine/services/shadow-level.utils.ts:414
[    3445ms] [LOG] [ShadowLevel] TARGET PROGRAM: "היפ טראסט" → program="OrAmOH3F375dVio5yGdU" (slug="legs") userLevel=3 (adminTag=1) (movementGroup=hinge, muscle=glutes) @ webpack-internal:///(app-pages-browser)/./src/features/workout-engine/services/shadow-level.utils.ts:414
[    3445ms] [LOG] [ShadowLevel] TARGET PROGRAM: "הרמות תאומים טווח מלא" → program="OrAmOH3F375dVio5yGdU" (slug="legs") userLevel=3 (adminTag=3) (movementGroup=isolation, muscle=calves) @ webpack-internal:///(app-pages-browser)/./src/features/workout-engine/services/shadow-level.utils.ts:414
[    3445ms] [LOG] [ShadowLevel] TARGET PROGRAM: "לאנג׳ קדמי" → program="OrAmOH3F375dVio5yGdU" (slug="legs") userLevel=3 (adminTag=1) (movementGroup=squat, muscle=glutes) @ webpack-internal:///(app-pages-browser)/./src/features/workout-engine/services/shadow-level.utils.ts:414
[    3445ms] [LOG] [ShadowLevel] TARGET PROGRAM: "סקוואט בהונות" → program="OrAmOH3F375dVio5yGdU" (slug="legs") userLevel=3 (adminTag=6) (movementGroup=squat, muscle=quads) @ webpack-internal:///(app-pages-browser)/./src/features/workout-engine/services/shadow-level.utils.ts:414
[    3445ms] [LOG] [ShadowLevel] TARGET PROGRAM: "סקוואט כנגד גומייה" → program="OrAmOH3F375dVio5yGdU" (slug="legs") userLevel=3 (adminTag=4) (movementGroup=squat, muscle=glutes) @ webpack-internal:///(app-pages-browser)/./src/features/workout-engine/services/shadow-level.utils.ts:414
[    3445ms] [WARNING] [ParkGating] "סקוואט כנגד גומייה" — 1 park method(s) all gated → exercise excluded Required gear not in park inventory: [Object] Available: [bodyweight, pullup_bar, dip_station, bench, low_bar, high_bar, step, park_bench, park_step] @ webpack-internal:///(app-pages-browser)/./src/features/workout-engine/shared/utils/method-selection.utils.ts:119
[    3445ms] [LOG] [ShadowLevel] TARGET PROGRAM: "סקוואט קפיצה" → program="OrAmOH3F375dVio5yGdU" (slug="legs") userLevel=3 (adminTag=3) (movementGroup=squat, muscle=glutes) @ webpack-internal:///(app-pages-browser)/./src/features/workout-engine/services/shadow-level.utils.ts:414
[    3445ms] [LOG] [ShadowLevel] TARGET PROGRAM: "קפיצה גובה שוק" → program="OrAmOH3F375dVio5yGdU" (slug="legs") userLevel=3 (adminTag=3) (movementGroup=squat, muscle=glutes) @ webpack-internal:///(app-pages-browser)/./src/features/workout-engine/services/shadow-level.utils.ts:414
[    3445ms] [LOG] [ShadowLevel] TARGET PROGRAM: "עמידת פייק גובה אגן" → program="J0fLpmJhG0KDN2tQouxh" (slug="push") userLevel=4 (adminTag=14) (movementGroup=vertical_push, muscle=shoulders) @ webpack-internal:///(app-pages-browser)/./src/features/workout-engine/services/shadow-level.utils.ts:414
[    3445ms] [LOG] [ShadowLevel] TARGET PROGRAM: "שכיבות סמיכה פייק גובה ברך" → program="J0fLpmJhG0KDN2tQouxh" (slug="push") userLevel=4 (adminTag=14) (movementGroup=vertical_push, muscle=shoulders) @ webpack-internal:///(app-pages-browser)/./src/features/workout-engine/services/shadow-level.utils.ts:414
[    3445ms] [LOG] [ShadowLevel] TARGET PROGRAM: "בננה סופרמן על המתח" → program="UPDBtTdCvX748dtBlWYj" (slug="pull") userLevel=4 (adminTag=10) (movementGroup=vertical_pull, muscle=shoulders) @ webpack-internal:///(app-pages-browser)/./src/features/workout-engine/services/shadow-level.utils.ts:414
[    3445ms] [LOG] [ShadowLevel] TARGET PROGRAM: "מתח שכמות קשתים" → program="UPDBtTdCvX748dtBlWYj" (slug="pull") userLevel=4 (adminTag=11) (movementGroup=vertical_pull, muscle=traps) @ webpack-internal:///(app-pages-browser)/./src/features/workout-engine/services/shadow-level.utils.ts:414
[    3445ms] [LOG] [ShadowLevel] TARGET PROGRAM: "דדליפט רומני בהתנגדות גומייה" → program="OrAmOH3F375dVio5yGdU" (slug="legs") userLevel=3 (adminTag=3) (movementGroup=hinge, muscle=hamstrings) @ webpack-internal:///(app-pages-browser)/./src/features/workout-engine/services/shadow-level.utils.ts:414
[    3445ms] [WARNING] [ParkGating] "דדליפט רומני בהתנגדות גומייה" — 1 park method(s) all gated → exercise excluded Required gear not in park inventory: [Object] Available: [bodyweight, pullup_bar, dip_station, bench, low_bar, high_bar, step, park_bench, park_step] @ webpack-internal:///(app-pages-browser)/./src/features/workout-engine/shared/utils/method-selection.utils.ts:119
[    3445ms] [LOG] [ShadowLevel] TARGET PROGRAM: "דדליפט רומני על הגבהה" → program="OrAmOH3F375dVio5yGdU" (slug="legs") userLevel=3 (adminTag=2) (movementGroup=hinge, muscle=hamstrings) @ webpack-internal:///(app-pages-browser)/./src/features/workout-engine/services/shadow-level.utils.ts:414
[    3445ms] [WARNING] [ParkGating] "דדליפט רומני על הגבהה" — 2 park method(s) all gated → exercise excluded Required gear not in park inventory: [Object, Object] Available: [bodyweight, pullup_bar, dip_station, bench, low_bar, high_bar, step, park_bench, park_step] @ webpack-internal:///(app-pages-browser)/./src/features/workout-engine/shared/utils/method-selection.utils.ts:119
[    3445ms] [LOG] [ShadowLevel] TARGET PROGRAM: "פשיטת ירך אחורית" → program="OrAmOH3F375dVio5yGdU" (slug="legs") userLevel=3 (adminTag=5) (movementGroup=hinge, muscle=hamstrings) @ webpack-internal:///(app-pages-browser)/./src/features/workout-engine/services/shadow-level.utils.ts:414
[    3445ms] [WARNING] [ParkGating] "פשיטת ירך אחורית" — 1 park method(s) all gated → exercise excluded Required gear not in park inventory: [Object] Available: [bodyweight, pullup_bar, dip_station, bench, low_bar, high_bar, step, park_bench, park_step] @ webpack-internal:///(app-pages-browser)/./src/features/workout-engine/shared/utils/method-selection.utils.ts:119
[    3445ms] [LOG] [ShadowLevel] TARGET PROGRAM: "דגל נמוך" → program="UPDBtTdCvX748dtBlWYj" (slug="pull") userLevel=4 (adminTag=14) (movementGroup=core, muscle=shoulders) @ webpack-internal:///(app-pages-browser)/./src/features/workout-engine/services/shadow-level.utils.ts:414
[    3445ms] [LOG] [ShadowLevel] TARGET PROGRAM: "החזקת מתח ב-120° עם תמיכה" → program="UPDBtTdCvX748dtBlWYj" (slug="pull") userLevel=4 (adminTag=5) (movementGroup=vertical_pull, muscle=back) @ webpack-internal:///(app-pages-browser)/./src/features/workout-engine/services/shadow-level.utils.ts:414
[    3445ms] [LOG] [ShadowLevel] TARGET PROGRAM: "החזקת מקבילים" → program="J0fLpmJhG0KDN2tQouxh" (slug="push") userLevel=4 (adminTag=5) (movementGroup=vertical_push, muscle=chest) @ webpack-internal:///(app-pages-browser)/./src/features/workout-engine/services/shadow-level.utils.ts:414
[    3445ms] [LOG] [ShadowLevel] TARGET PROGRAM: "החזקת מקבילים ב-120° עם גומייה" → program="J0fLpmJhG0KDN2tQouxh" (slug="push") userLevel=4 (adminTag=5) (movementGroup=vertical_push, muscle=chest) @ webpack-internal:///(app-pages-browser)/./src/features/workout-engine/services/shadow-level.utils.ts:414
[    3445ms] [WARNING] [ParkGating] "החזקת מקבילים ב-120° עם גומייה" — 2 park method(s) all gated → exercise excluded Required gear not in park inventory: [Object, Object] Available: [bodyweight, pullup_bar, dip_station, bench, low_bar, high_bar, step, park_bench, park_step] @ webpack-internal:///(app-pages-browser)/./src/features/workout-engine/shared/utils/method-selection.utils.ts:119
[    3445ms] [LOG] [ShadowLevel] TARGET PROGRAM: "החזקת מקבילים ב-90°" → program="J0fLpmJhG0KDN2tQouxh" (slug="push") userLevel=4 (adminTag=7) (movementGroup=vertical_push, muscle=chest) @ webpack-internal:///(app-pages-browser)/./src/features/workout-engine/services/shadow-level.utils.ts:414
[    3446ms] [LOG] [ShadowLevel] TARGET PROGRAM: "החזקת מתח ב-90°" → program="UPDBtTdCvX748dtBlWYj" (slug="pull") userLevel=4 (adminTag=7) (movementGroup=vertical_pull, muscle=back) @ webpack-internal:///(app-pages-browser)/./src/features/workout-engine/services/shadow-level.utils.ts:414
[    3446ms] [LOG] [ShadowLevel] TARGET PROGRAM: "מתח עם גומייה עבה" → program="UPDBtTdCvX748dtBlWYj" (slug="pull") userLevel=4 (adminTag=6) (movementGroup=vertical_pull, muscle=back) @ webpack-internal:///(app-pages-browser)/./src/features/workout-engine/services/shadow-level.utils.ts:414
[    3446ms] [WARNING] [ParkGating] "מתח עם גומייה עבה" — 2 park method(s) all gated → exercise excluded Required gear not in park inventory: [Object, Object] Available: [bodyweight, pullup_bar, dip_station, bench, low_bar, high_bar, step, park_bench, park_step] @ webpack-internal:///(app-pages-browser)/./src/features/workout-engine/shared/utils/method-selection.utils.ts:119
[    3446ms] [LOG] [ShadowLevel] TARGET PROGRAM: "פלאנץ׳ בטאק" → program="J0fLpmJhG0KDN2tQouxh" (slug="push") userLevel=4 (adminTag=16) (movementGroup=horizontal_push, muscle=shoulders) @ webpack-internal:///(app-pages-browser)/./src/features/workout-engine/services/shadow-level.utils.ts:414
[    3446ms] [LOG] [ShadowLevel] TARGET PROGRAM: "חתירות ב-45°" → program="UPDBtTdCvX748dtBlWYj" (slug="pull") userLevel=4 (adminTag=2) (movementGroup=horizontal_pull, muscle=back) @ webpack-internal:///(app-pages-browser)/./src/features/workout-engine/services/shadow-level.utils.ts:414
[    3446ms] [LOG] [ShadowLevel] TARGET PROGRAM: "מתח אוסטרלי ב-30° מעלות" → program="UPDBtTdCvX748dtBlWYj" (slug="pull") userLevel=4 (adminTag=3) (movementGroup=horizontal_pull, muscle=back) @ webpack-internal:///(app-pages-browser)/./src/features/workout-engine/services/shadow-level.utils.ts:414
[    3446ms] [LOG] [ShadowLevel] TARGET PROGRAM: "שכיבות סמיכה ב-60°" → program="J0fLpmJhG0KDN2tQouxh" (slug="push") userLevel=4 (adminTag=1) (movementGroup=horizontal_push, muscle=chest) @ webpack-internal:///(app-pages-browser)/./src/features/workout-engine/services/shadow-level.utils.ts:414
[    3446ms] [LOG] [ShadowLevel] TARGET PROGRAM: "הרמות רגליים בישיבת פייק/L" → program="kDMpobbKsuVTByTIKUpe" (slug="core") userLevel=3 (adminTag=8) (movementGroup=core, muscle=abs) @ webpack-internal:///(app-pages-browser)/./src/features/workout-engine/services/shadow-level.utils.ts:414
[    3446ms] [LOG] [ShadowLevel] TARGET PROGRAM: "ישיבת L ברכיים כפופות" → program="kDMpobbKsuVTByTIKUpe" (slug="core") userLevel=3 (adminTag=7) (movementGroup=core, muscle=abs) @ webpack-internal:///(app-pages-browser)/./src/features/workout-engine/services/shadow-level.utils.ts:414
[    3446ms] [LOG] [ShadowLevel] TARGET PROGRAM: "עליית כוח בקפיצה" → program="UPDBtTdCvX748dtBlWYj" (slug="pull") userLevel=4 (adminTag=16) (movementGroup=vertical_pull, muscle=back) @ webpack-internal:///(app-pages-browser)/./src/features/workout-engine/services/shadow-level.utils.ts:414
[    3446ms] [LOG] [ShadowLevel] TARGET PROGRAM: "לאנג׳ אחורי" → program="OrAmOH3F375dVio5yGdU" (slug="legs") userLevel=3 (adminTag=1) (movementGroup=squat, muscle=glutes) @ webpack-internal:///(app-pages-browser)/./src/features/workout-engine/services/shadow-level.utils.ts:414
[    3446ms] [LOG] [ShadowLevel] TARGET PROGRAM: "סקוואט" → program="OrAmOH3F375dVio5yGdU" (slug="legs") userLevel=3 (adminTag=3) (movementGroup=squat, muscle=glutes) @ webpack-internal:///(app-pages-browser)/./src/features/workout-engine/services/shadow-level.utils.ts:414
[    3446ms] [LOG] [ShadowLevel] TARGET PROGRAM: "סקוואט כנגד קיר רגל אחת" → program="OrAmOH3F375dVio5yGdU" (slug="legs") userLevel=3 (adminTag=5) (movementGroup=squat, muscle=quads) @ webpack-internal:///(app-pages-browser)/./src/features/workout-engine/services/shadow-level.utils.ts:414
[    3446ms] [LOG] [ShadowLevel] TARGET PROGRAM: "עליות תאומים" → program="OrAmOH3F375dVio5yGdU" (slug="legs") userLevel=3 (adminTag=1) (movementGroup=isolation, muscle=calves) @ webpack-internal:///(app-pages-browser)/./src/features/workout-engine/services/shadow-level.utils.ts:414
[    3446ms] [LOG] [ShadowLevel] TARGET PROGRAM: "עליית מדרגה גובה ברך" → program="OrAmOH3F375dVio5yGdU" (slug="legs") userLevel=3 (adminTag=3) (movementGroup=squat, muscle=glutes) @ webpack-internal:///(app-pages-browser)/./src/features/workout-engine/services/shadow-level.utils.ts:414
[    3446ms] [LOG] [ShadowLevel] TARGET PROGRAM: "עמידת פייק גובה ברך" → program="J0fLpmJhG0KDN2tQouxh" (slug="push") userLevel=4 (adminTag=13) (movementGroup=vertical_push, muscle=shoulders) @ webpack-internal:///(app-pages-browser)/./src/features/workout-engine/services/shadow-level.utils.ts:414
[    3446ms] [LOG] [ShadowLevel] TARGET PROGRAM: "שכיבות סמיכה פייק גובה שוק" → program="J0fLpmJhG0KDN2tQouxh" (slug="push") userLevel=4 (adminTag=13) (movementGroup=vertical_push, muscle=shoulders) @ webpack-internal:///(app-pages-browser)/./src/features/workout-engine/services/shadow-level.utils.ts:414
[    3446ms] [LOG] [ShadowLevel] TARGET PROGRAM: "פלאנק גבוה טבעות" → program="J0fLpmJhG0KDN2tQouxh" (slug="push") userLevel=4 (adminTag=7) (movementGroup=core, muscle=abs) @ webpack-internal:///(app-pages-browser)/./src/features/workout-engine/services/shadow-level.utils.ts:414
[    3446ms] [WARNING] [ParkGating] "פלאנק גבוה טבעות" — 1 park method(s) all gated → exercise excluded Required gear not in park inventory: [Object] Available: [bodyweight, pullup_bar, dip_station, bench, low_bar, high_bar, step, park_bench, park_step] @ webpack-internal:///(app-pages-browser)/./src/features/workout-engine/shared/utils/method-selection.utils.ts:119
[    3446ms] [LOG] [ShadowLevel] TARGET PROGRAM: "פלאנק עליות ונגיעות בכתפיים" → program="J0fLpmJhG0KDN2tQouxh" (slug="push") userLevel=4 (adminTag=3) (movementGroup=core, muscle=shoulders) @ webpack-internal:///(app-pages-browser)/./src/features/workout-engine/services/shadow-level.utils.ts:414
[    3446ms] [LOG] [ShadowLevel] TARGET PROGRAM: "דדליפט הפוך" → program="UPDBtTdCvX748dtBlWYj" (slug="pull") userLevel=4 (adminTag=16) (movementGroup=horizontal_pull, muscle=back) @ webpack-internal:///(app-pages-browser)/./src/features/workout-engine/services/shadow-level.utils.ts:414
[    3446ms] [LOG] [ShadowLevel] TARGET PROGRAM: "שרימפ סקוואט בתמיכת רגל" → program="OrAmOH3F375dVio5yGdU" (slug="legs") userLevel=3 (adminTag=6) (movementGroup=squat, muscle=quads) @ webpack-internal:///(app-pages-browser)/./src/features/workout-engine/services/shadow-level.utils.ts:414
[    3446ms] [LOG] [ShadowLevel] TARGET PROGRAM: "מתח שכמות (תלייה אקטיבית פסיבית)" → program="UPDBtTdCvX748dtBlWYj" (slug="pull") userLevel=4 (adminTag=5) (movementGroup=vertical_pull, muscle=shoulders) @ webpack-internal:///(app-pages-browser)/./src/features/workout-engine/services/shadow-level.utils.ts:414
[    3446ms] [LOG] [ShadowLevel] TARGET PROGRAM: "תלייה באחיזה עמוקה" → program="UPDBtTdCvX748dtBlWYj" (slug="pull") userLevel=4 (adminTag=13) (movementGroup=vertical_pull, muscle=forearms) @ webpack-internal:///(app-pages-browser)/./src/features/workout-engine/services/shadow-level.utils.ts:414
[    3446ms] [LOG] [ShadowLevel] TARGET PROGRAM: "דדליפט רומני" → program="OrAmOH3F375dVio5yGdU" (slug="legs") userLevel=3 (adminTag=1) (movementGroup=hinge, muscle=hamstrings) @ webpack-internal:///(app-pages-browser)/./src/features/workout-engine/services/shadow-level.utils.ts:414
[    3446ms] [LOG] [ShadowLevel] TARGET PROGRAM: "דגל ב-45°" → program="UPDBtTdCvX748dtBlWYj" (slug="pull") userLevel=4 (adminTag=13) (movementGroup=core, muscle=shoulders) @ webpack-internal:///(app-pages-browser)/./src/features/workout-engine/services/shadow-level.utils.ts:414
[    3446ms] [LOG] [ShadowLevel] TARGET PROGRAM: "דרגון סקוואט טווח חלקי" → program="OrAmOH3F375dVio5yGdU" (slug="legs") userLevel=3 (adminTag=6) (movementGroup=squat, muscle=glutes) @ webpack-internal:///(app-pages-browser)/./src/features/workout-engine/services/shadow-level.utils.ts:414
[    3446ms] [LOG] [ShadowLevel] TARGET PROGRAM: "החזקת מתח ב-90° עם תמיכה" → program="UPDBtTdCvX748dtBlWYj" (slug="pull") userLevel=4 (adminTag=5) (movementGroup=vertical_pull, muscle=back) @ webpack-internal:///(app-pages-browser)/./src/features/workout-engine/services/shadow-level.utils.ts:414
[    3446ms] [LOG] [ShadowLevel] TARGET PROGRAM: "החזקת מקבילים ב-15°" → program="J0fLpmJhG0KDN2tQouxh" (slug="push") userLevel=4 (adminTag=7) (movementGroup=vertical_push, muscle=chest) @ webpack-internal:///(app-pages-browser)/./src/features/workout-engine/services/shadow-level.utils.ts:414
[    3446ms] [LOG] [ShadowLevel] TARGET PROGRAM: "החזקת מקבילים ב-90° עם גומייה" → program="J0fLpmJhG0KDN2tQouxh" (slug="push") userLevel=4 (adminTag=5) (movementGroup=vertical_push, muscle=chest) @ webpack-internal:///(app-pages-browser)/./src/features/workout-engine/services/shadow-level.utils.ts:414
[    3446ms] [WARNING] [ParkGating] "החזקת מקבילים ב-90° עם גומייה" — 2 park method(s) all gated → exercise excluded Required gear not in park inventory: [Object, Object] Available: [bodyweight, pullup_bar, dip_station, bench, low_bar, high_bar, step, park_bench, park_step] @ webpack-internal:///(app-pages-browser)/./src/features/workout-engine/shared/utils/method-selection.utils.ts:119
[    3446ms] [LOG] [ShadowLevel] TARGET PROGRAM: "החזקת מתח ב-15°" → program="UPDBtTdCvX748dtBlWYj" (slug="pull") userLevel=4 (adminTag=6) (movementGroup=vertical_pull, muscle=back) @ webpack-internal:///(app-pages-browser)/./src/features/workout-engine/services/shadow-level.utils.ts:414
[    3447ms] [LOG] [ShadowLevel] TARGET PROGRAM: "מתח אקצנטרי עם תמיכה" → program="UPDBtTdCvX748dtBlWYj" (slug="pull") userLevel=4 (adminTag=5) (movementGroup=vertical_pull, muscle=back) @ webpack-internal:///(app-pages-browser)/./src/features/workout-engine/services/shadow-level.utils.ts:414
[    3447ms] [WARNING] [ParkGating] "מתח אקצנטרי עם תמיכה" — 2 park method(s) all gated → exercise excluded Required gear not in park inventory: [Object, Object] Available: [bodyweight, pullup_bar, dip_station, bench, low_bar, high_bar, step, park_bench, park_step] @ webpack-internal:///(app-pages-browser)/./src/features/workout-engine/shared/utils/method-selection.utils.ts:119
[    3447ms] [LOG] [ShadowLevel] TARGET PROGRAM: "פלאנץ׳ בטאק בעזרת גומייה דקה" → program="J0fLpmJhG0KDN2tQouxh" (slug="push") userLevel=4 (adminTag=15) (movementGroup=horizontal_push, muscle=shoulders) @ webpack-internal:///(app-pages-browser)/./src/features/workout-engine/services/shadow-level.utils.ts:414
[    3447ms] [LOG] [ShadowLevel] TARGET PROGRAM: "שכיבות סמיכה פסודו פלאנץ׳" → program="J0fLpmJhG0KDN2tQouxh" (slug="push") userLevel=4 (adminTag=15) (movementGroup=horizontal_push, muscle=shoulders) @ webpack-internal:///(app-pages-browser)/./src/features/workout-engine/services/shadow-level.utils.ts:414
[    3447ms] [LOG] [ShadowLevel] TARGET PROGRAM: "חתירות ב-60°" → program="UPDBtTdCvX748dtBlWYj" (slug="pull") userLevel=4 (adminTag=1) (movementGroup=horizontal_pull, muscle=back) @ webpack-internal:///(app-pages-browser)/./src/features/workout-engine/services/shadow-level.utils.ts:414
[    3447ms] [LOG] [ShadowLevel] TARGET PROGRAM: "שכיבות סמיכה ב-75°" → program="J0fLpmJhG0KDN2tQouxh" (slug="push") userLevel=4 (adminTag=1) (movementGroup=horizontal_push, muscle=chest) @ webpack-internal:///(app-pages-browser)/./src/features/workout-engine/services/shadow-level.utils.ts:414
[    3447ms] [LOG] [ShadowLevel] TARGET PROGRAM: "הרמות רגל אחת בישיבת L" → program="kDMpobbKsuVTByTIKUpe" (slug="core") userLevel=3 (adminTag=4) (movementGroup=core, muscle=abs) @ webpack-internal:///(app-pages-browser)/./src/features/workout-engine/services/shadow-level.utils.ts:414
[    3447ms] [LOG] [ShadowLevel] TARGET PROGRAM: "כפיפת מרפקים במשקל גוף 30°" → program="UPDBtTdCvX748dtBlWYj" (slug="pull") userLevel=4 (adminTag=15) (movementGroup=isolation, muscle=biceps) @ webpack-internal:///(app-pages-browser)/./src/features/workout-engine/services/shadow-level.utils.ts:414
[    3447ms] [LOG] [ShadowLevel] TARGET PROGRAM: "עליית כוח בקפיצה עם טבעות" → program="UPDBtTdCvX748dtBlWYj" (slug="pull") userLevel=4 (adminTag=15) (movementGroup=vertical_pull, muscle=back) @ webpack-internal:///(app-pages-browser)/./src/features/workout-engine/services/shadow-level.utils.ts:414
[    3447ms] [LOG] [ShadowLevel] TARGET PROGRAM: "לחיצת רגליים כנגד עמוד" → program="OrAmOH3F375dVio5yGdU" (slug="legs") userLevel=3 (adminTag=6) (movementGroup=squat, muscle=quads) @ webpack-internal:///(app-pages-browser)/./src/features/workout-engine/services/shadow-level.utils.ts:414
[    3447ms] [LOG] [ShadowLevel] TARGET PROGRAM: "סקוואט בעזרת רצועות" → program="OrAmOH3F375dVio5yGdU" (slug="legs") userLevel=3 (adminTag=1) (movementGroup=squat, muscle=glutes) @ webpack-internal:///(app-pages-browser)/./src/features/workout-engine/services/shadow-level.utils.ts:414
[    3447ms] [WARNING] [ParkGating] "סקוואט בעזרת רצועות" — 1 park method(s) all gated → exercise excluded Required gear not in park inventory: [Object] Available: [bodyweight, pullup_bar, dip_station, bench, low_bar, high_bar, step, park_bench, park_step] @ webpack-internal:///(app-pages-browser)/./src/features/workout-engine/shared/utils/method-selection.utils.ts:119
[    3447ms] [LOG] [ShadowLevel] TARGET PROGRAM: "סקוואט טווח חלקי" → program="OrAmOH3F375dVio5yGdU" (slug="legs") userLevel=3 (adminTag=2) (movementGroup=squat, muscle=glutes) @ webpack-internal:///(app-pages-browser)/./src/features/workout-engine/services/shadow-level.utils.ts:414
[    3447ms] [LOG] [ShadowLevel] TARGET PROGRAM: "עליית מדרגה גובה קרסול" → program="OrAmOH3F375dVio5yGdU" (slug="legs") userLevel=3 (adminTag=1) (movementGroup=squat, muscle=glutes) @ webpack-internal:///(app-pages-browser)/./src/features/workout-engine/services/shadow-level.utils.ts:414
[    3447ms] [WARNING] [ParkGating] "עליית מדרגה גובה קרסול" — 1 park method(s) all gated → exercise excluded Required gear not in park inventory: [Object] Available: [bodyweight, pullup_bar, dip_station, bench, low_bar, high_bar, step, park_bench, park_step] @ webpack-internal:///(app-pages-browser)/./src/features/workout-engine/shared/utils/method-selection.utils.ts:119
[    3447ms] [LOG] [ShadowLevel] TARGET PROGRAM: "עמידת פייק גובה שוק" → program="J0fLpmJhG0KDN2tQouxh" (slug="push") userLevel=4 (adminTag=10) (movementGroup=vertical_push, muscle=shoulders) @ webpack-internal:///(app-pages-browser)/./src/features/workout-engine/services/shadow-level.utils.ts:414
[    3447ms] [LOG] [ShadowLevel] TARGET PROGRAM: "שכיבות סמיכה פייק" → program="J0fLpmJhG0KDN2tQouxh" (slug="push") userLevel=4 (adminTag=12) (movementGroup=vertical_push, muscle=shoulders) @ webpack-internal:///(app-pages-browser)/./src/features/workout-engine/services/shadow-level.utils.ts:414
[    3447ms] [LOG] [ShadowLevel] TARGET PROGRAM: "פלאנק" → program="J0fLpmJhG0KDN2tQouxh" (slug="push") userLevel=4 (adminTag=2) (movementGroup=core, muscle=abs) @ webpack-internal:///(app-pages-browser)/./src/features/workout-engine/services/shadow-level.utils.ts:414
[    3447ms] [LOG] [ShadowLevel] TARGET PROGRAM: "הרמות פרונט לבר בטאק" → program="UPDBtTdCvX748dtBlWYj" (slug="pull") userLevel=4 (adminTag=14) (movementGroup=horizontal_pull, muscle=back) @ webpack-internal:///(app-pages-browser)/./src/features/workout-engine/services/shadow-level.utils.ts:414
[    3447ms] [LOG] [ShadowLevel] TARGET PROGRAM: "פרונט לבר בטאק מתקדם עם גומייה" → program="UPDBtTdCvX748dtBlWYj" (slug="pull") userLevel=4 (adminTag=15) (movementGroup=horizontal_pull, muscle=back) @ webpack-internal:///(app-pages-browser)/./src/features/workout-engine/services/shadow-level.utils.ts:414
[    3447ms] [LOG] [ShadowLevel] TARGET PROGRAM: "פשיטת מרפקים על ספסל" → program="J0fLpmJhG0KDN2tQouxh" (slug="push") userLevel=4 (adminTag=3) (movementGroup=horizontal_push, muscle=triceps) @ webpack-internal:///(app-pages-browser)/./src/features/workout-engine/services/shadow-level.utils.ts:414
[    3447ms] [LOG] [ShadowLevel] TARGET PROGRAM: "שרימפ סקוואט בלי ידיים טווח חלקי" → program="OrAmOH3F375dVio5yGdU" (slug="legs") userLevel=3 (adminTag=5) (movementGroup=squat, muscle=glutes) @ webpack-internal:///(app-pages-browser)/./src/features/workout-engine/services/shadow-level.utils.ts:414
[    3447ms] [WARNING] [ParkGating] "שרימפ סקוואט בלי ידיים טווח חלקי" — 1 park method(s) all gated → exercise excluded Required gear not in park inventory: [Object] Available: [bodyweight, pullup_bar, dip_station, bench, low_bar, high_bar, step, park_bench, park_step] @ webpack-internal:///(app-pages-browser)/./src/features/workout-engine/shared/utils/method-selection.utils.ts:119
[    3447ms] [LOG] [ShadowLevel] TARGET PROGRAM: "שרימפ סקוואט בעזרת עמוד" → program="OrAmOH3F375dVio5yGdU" (slug="legs") userLevel=3 (adminTag=5) (movementGroup=squat, muscle=quads) @ webpack-internal:///(app-pages-browser)/./src/features/workout-engine/services/shadow-level.utils.ts:414
[    3447ms] [LOG] [ShadowLevel] TARGET PROGRAM: "תלייה פסיבית" → program="UPDBtTdCvX748dtBlWYj" (slug="pull") userLevel=4 (adminTag=2) (movementGroup=vertical_pull, muscle=shoulders) @ webpack-internal:///(app-pages-browser)/./src/features/workout-engine/services/shadow-level.utils.ts:414
[    3447ms] [LOG] [ShadowLevel] TARGET PROGRAM: "פרונט לבר בטאק מתקדם" → program="UPDBtTdCvX748dtBlWYj" (slug="pull") userLevel=4 (adminTag=16) (movementGroup=horizontal_pull, muscle=back) @ webpack-internal:///(app-pages-browser)/./src/features/workout-engine/services/shadow-level.utils.ts:414
[    3448ms] [LOG] [ShadowLevel] TARGET PROGRAM: "גוד מורנינג בישיבה" → program="OrAmOH3F375dVio5yGdU" (slug="legs") userLevel=3 (adminTag=1) (movementGroup=hinge, muscle=hamstrings) @ webpack-internal:///(app-pages-browser)/./src/features/workout-engine/services/shadow-level.utils.ts:414
[    3448ms] [LOG] [ShadowLevel] TARGET PROGRAM: "גמישות קרסול לעמוד" → program="OrAmOH3F375dVio5yGdU" (slug="legs") userLevel=3 (adminTag=5) (movementGroup=isolation, muscle=calves) @ webpack-internal:///(app-pages-browser)/./src/features/workout-engine/services/shadow-level.utils.ts:414
[    3448ms] [LOG] [ShadowLevel] TARGET PROGRAM: "החזקת הולו באדי" → program="kDMpobbKsuVTByTIKUpe" (slug="core") userLevel=3 (adminTag=6) (movementGroup=core, muscle=abs) @ webpack-internal:///(app-pages-browser)/./src/features/workout-engine/services/shadow-level.utils.ts:414
[    3448ms] [LOG] [ShadowLevel] TARGET PROGRAM: "החזקת מתח ב-15° עם תמיכה" → program="UPDBtTdCvX748dtBlWYj" (slug="pull") userLevel=4 (adminTag=5) (movementGroup=vertical_pull, muscle=back) @ webpack-internal:///(app-pages-browser)/./src/features/workout-engine/services/shadow-level.utils.ts:414
[    3448ms] [LOG] [ShadowLevel] TARGET PROGRAM: "טבטה" → program="kDMpobbKsuVTByTIKUpe" (slug="core") userLevel=3 (adminTag=4) (movementGroup=core, muscle=abs) @ webpack-internal:///(app-pages-browser)/./src/features/workout-engine/services/shadow-level.utils.ts:414
[    3448ms] [LOG] [ShadowLevel] TARGET PROGRAM: "ישיבת L בתמיכת הרגליים" → program="kDMpobbKsuVTByTIKUpe" (slug="core") userLevel=3 (adminTag=3) (movementGroup=core, muscle=abs) @ webpack-internal:///(app-pages-browser)/./src/features/workout-engine/services/shadow-level.utils.ts:414
[    3448ms] [LOG] [ShadowLevel] TARGET PROGRAM: "כפיפות בטן" → program="kDMpobbKsuVTByTIKUpe" (slug="core") userLevel=3 (adminTag=2) (movementGroup=core, muscle=abs) @ webpack-internal:///(app-pages-browser)/./src/features/workout-engine/services/shadow-level.utils.ts:414
[    3448ms] [LOG] [ShadowLevel] TARGET PROGRAM: "כפיפות בטן אלכוסונים" → program="kDMpobbKsuVTByTIKUpe" (slug="core") userLevel=3 (adminTag=3) (movementGroup=core, muscle=obliques) @ webpack-internal:///(app-pages-browser)/./src/features/workout-engine/services/shadow-level.utils.ts:414
[    3448ms] [LOG] [ShadowLevel] TARGET PROGRAM: "כפיפות בטן חצי טווח" → program="kDMpobbKsuVTByTIKUpe" (slug="core") userLevel=3 (adminTag=1) (movementGroup=core, muscle=abs) @ webpack-internal:///(app-pages-browser)/./src/features/workout-engine/services/shadow-level.utils.ts:414
[    3448ms] [LOG] [ShadowLevel] TARGET PROGRAM: "כפיפות ברכים בפלאנק על trx" → program="kDMpobbKsuVTByTIKUpe" (slug="core") userLevel=3 (adminTag=6) (movementGroup=core, muscle=abs) @ webpack-internal:///(app-pages-browser)/./src/features/workout-engine/services/shadow-level.utils.ts:414
[    3448ms] [LOG] [ShadowLevel] TARGET PROGRAM: "כפיפת ירך על הגבהה" → program="OrAmOH3F375dVio5yGdU" (slug="legs") userLevel=3 (adminTag=4) (movementGroup=core, muscle=quads) @ webpack-internal:///(app-pages-browser)/./src/features/workout-engine/services/shadow-level.utils.ts:414
[    3448ms] [LOG] [ShadowLevel] TARGET PROGRAM: "כפיפת נורדיק בירך" → program="OrAmOH3F375dVio5yGdU" (slug="legs") userLevel=3 (adminTag=6) (movementGroup=hinge, muscle=hamstrings) @ webpack-internal:///(app-pages-browser)/./src/features/workout-engine/services/shadow-level.utils.ts:414
[    3448ms] [LOG] [ShadowLevel] TARGET PROGRAM: "מטפס הרים" → program="kDMpobbKsuVTByTIKUpe" (slug="core") userLevel=3 (adminTag=4) (movementGroup=core, muscle=abs) @ webpack-internal:///(app-pages-browser)/./src/features/workout-engine/services/shadow-level.utils.ts:414
[    3448ms] [LOG] [ShadowLevel] TARGET PROGRAM: "מספריים אופקיים בשכיבה" → program="kDMpobbKsuVTByTIKUpe" (slug="core") userLevel=3 (adminTag=4) (movementGroup=core, muscle=abs) @ webpack-internal:///(app-pages-browser)/./src/features/workout-engine/services/shadow-level.utils.ts:414
[    3448ms] [LOG] [ShadowLevel] TARGET PROGRAM: "מספרים בשכיבה" → program="kDMpobbKsuVTByTIKUpe" (slug="core") userLevel=3 (adminTag=4) (movementGroup=undefined, muscle=abs) @ webpack-internal:///(app-pages-browser)/./src/features/workout-engine/services/shadow-level.utils.ts:414
[    3448ms] [LOG] [ShadowLevel] TARGET PROGRAM: "סיבובי רגליים בשכיבה" → program="kDMpobbKsuVTByTIKUpe" (slug="core") userLevel=3 (adminTag=6) (movementGroup=core, muscle=abs) @ webpack-internal:///(app-pages-browser)/./src/features/workout-engine/services/shadow-level.utils.ts:414
[    3448ms] [LOG] [ShadowLevel] TARGET PROGRAM: "סיסי לאנג׳" → program="OrAmOH3F375dVio5yGdU" (slug="legs") userLevel=3 (adminTag=5) (movementGroup=squat, muscle=quads) @ webpack-internal:///(app-pages-browser)/./src/features/workout-engine/services/shadow-level.utils.ts:414
[    3448ms] [LOG] [ShadowLevel] TARGET PROGRAM: "ספר ברכיים כפופת" → program="kDMpobbKsuVTByTIKUpe" (slug="core") userLevel=3 (adminTag=5) (movementGroup=core, muscle=abs) @ webpack-internal:///(app-pages-browser)/./src/features/workout-engine/services/shadow-level.utils.ts:414
[    3448ms] [LOG] [ShadowLevel] TARGET PROGRAM: "סקוואט טווח חלקי (להגבהה)" → program="OrAmOH3F375dVio5yGdU" (slug="legs") userLevel=3 (adminTag=1) (movementGroup=squat, muscle=glutes) @ webpack-internal:///(app-pages-browser)/./src/features/workout-engine/services/shadow-level.utils.ts:414
[    3448ms] [LOG] [ShadowLevel] TARGET PROGRAM: "עליות מספרים בשכיבה" → program="kDMpobbKsuVTByTIKUpe" (slug="core") userLevel=3 (adminTag=5) (movementGroup=core, muscle=abs) @ webpack-internal:///(app-pages-browser)/./src/features/workout-engine/services/shadow-level.utils.ts:414
[    3448ms] [LOG] [ShadowLevel] TARGET PROGRAM: "עליות רגליים בשכיבה" → program="kDMpobbKsuVTByTIKUpe" (slug="core") userLevel=3 (adminTag=5) (movementGroup=core, muscle=abs) @ webpack-internal:///(app-pages-browser)/./src/features/workout-engine/services/shadow-level.utils.ts:414
[    3448ms] [LOG] [ShadowLevel] TARGET PROGRAM: "עמידת פייק" → program="J0fLpmJhG0KDN2tQouxh" (slug="push") userLevel=4 (adminTag=7) (movementGroup=vertical_push, muscle=shoulders) @ webpack-internal:///(app-pages-browser)/./src/features/workout-engine/services/shadow-level.utils.ts:414
[    3448ms] [LOG] [ShadowLevel] TARGET PROGRAM: "פינגווינים" → program="kDMpobbKsuVTByTIKUpe" (slug="core") userLevel=3 (adminTag=3) (movementGroup=core, muscle=obliques) @ webpack-internal:///(app-pages-browser)/./src/features/workout-engine/services/shadow-level.utils.ts:414
[    3448ms] [LOG] [ShadowLevel] TARGET PROGRAM: "פיסטול סקוואט טווח חלקי (להגבהה)" → program="OrAmOH3F375dVio5yGdU" (slug="legs") userLevel=3 (adminTag=6) (movementGroup=squat, muscle=glutes) @ webpack-internal:///(app-pages-browser)/./src/features/workout-engine/services/shadow-level.utils.ts:414
[    3448ms] [LOG] [ShadowLevel] TARGET PROGRAM: "פלאנק על הברכיים" → program="J0fLpmJhG0KDN2tQouxh" (slug="push") userLevel=4 (adminTag=1) (movementGroup=core, muscle=abs) @ webpack-internal:///(app-pages-browser)/./src/features/workout-engine/services/shadow-level.utils.ts:414
[    3448ms] [LOG] [ShadowLevel] TARGET PROGRAM: "פלאנק רגל ויד נגדית" → program="kDMpobbKsuVTByTIKUpe" (slug="core") userLevel=3 (adminTag=5) (movementGroup=core, muscle=abs) @ webpack-internal:///(app-pages-browser)/./src/features/workout-engine/services/shadow-level.utils.ts:414
[    3448ms] [LOG] [ShadowLevel] TARGET PROGRAM: "פשיטת מרפקים על הרצפה" → program="J0fLpmJhG0KDN2tQouxh" (slug="push") userLevel=4 (adminTag=1) (movementGroup=horizontal_push, muscle=triceps) @ webpack-internal:///(app-pages-browser)/./src/features/workout-engine/services/shadow-level.utils.ts:414
[    3448ms] [LOG] [ShadowLevel] TARGET PROGRAM: "קראנץ" → program="kDMpobbKsuVTByTIKUpe" (slug="core") userLevel=3 (adminTag=2) (movementGroup=core, muscle=abs) @ webpack-internal:///(app-pages-browser)/./src/features/workout-engine/services/shadow-level.utils.ts:414
[    3448ms] [LOG] [ShadowLevel] TARGET PROGRAM: "שולחן הפוך" → program="J0fLpmJhG0KDN2tQouxh" (slug="push") userLevel=4 (adminTag=1) (movementGroup=core, muscle=shoulders) @ webpack-internal:///(app-pages-browser)/./src/features/workout-engine/services/shadow-level.utils.ts:414
[    3448ms] [LOG] [ShadowLevel] TARGET PROGRAM: "תלייה פסיבית בתמיכת הרגליים" → program="UPDBtTdCvX748dtBlWYj" (slug="pull") userLevel=4 (adminTag=1) (movementGroup=vertical_pull, muscle=shoulders) @ webpack-internal:///(app-pages-browser)/./src/features/workout-engine/services/shadow-level.utils.ts:414
[    3448ms] [LOG] [ShadowLevel] TARGET PROGRAM: "שכיבות סמיכה מרפקים צמודים" → program="J0fLpmJhG0KDN2tQouxh" (slug="push") userLevel=4 (adminTag=7) (movementGroup=horizontal_push, muscle=chest) @ webpack-internal:///(app-pages-browser)/./src/features/workout-engine/services/shadow-level.utils.ts:414
[    3448ms] [LOG] [ShadowLevel] TARGET PROGRAM: "שכיבות סמיכה" → program="J0fLpmJhG0KDN2tQouxh" (slug="push") userLevel=4 (adminTag=5) (movementGroup=horizontal_push, muscle=chest) @ webpack-internal:///(app-pages-browser)/./src/features/workout-engine/services/shadow-level.utils.ts:414
[    3448ms] [LOG] [ShadowLevel] TARGET PROGRAM: "שכיבות סמיכה בפישוק" → program="J0fLpmJhG0KDN2tQouxh" (slug="push") userLevel=4 (adminTag=5) (movementGroup=horizontal_push, muscle=chest) @ webpack-internal:///(app-pages-browser)/./src/features/workout-engine/services/shadow-level.utils.ts:414
[    3448ms] [LOG] [ShadowLevel] TARGET PROGRAM: "שכיבות סמיכה ברכיים" → program="J0fLpmJhG0KDN2tQouxh" (slug="push") userLevel=4 (adminTag=4) (movementGroup=horizontal_push, muscle=chest) @ webpack-internal:///(app-pages-browser)/./src/features/workout-engine/services/shadow-level.utils.ts:414
[    3449ms] [LOG] [ShadowLevel] TARGET PROGRAM: "שכיבות סמיכה אקצנרטי" → program="J0fLpmJhG0KDN2tQouxh" (slug="push") userLevel=4 (adminTag=4) (movementGroup=horizontal_push, muscle=undefined) @ webpack-internal:///(app-pages-browser)/./src/features/workout-engine/services/shadow-level.utils.ts:414
[    3449ms] [LOG] [ShadowLevel] TARGET PROGRAM: "שכיבות סמיכה טווח תחתון" → program="J0fLpmJhG0KDN2tQouxh" (slug="push") userLevel=4 (adminTag=4) (movementGroup=horizontal_push, muscle=undefined) @ webpack-internal:///(app-pages-browser)/./src/features/workout-engine/services/shadow-level.utils.ts:414
[    3449ms] [LOG] [ShadowLevel] TARGET PROGRAM: "שכיבות סמיכה טווח עליון" → program="J0fLpmJhG0KDN2tQouxh" (slug="push") userLevel=4 (adminTag=4) (movementGroup=horizontal_push, muscle=undefined) @ webpack-internal:///(app-pages-browser)/./src/features/workout-engine/services/shadow-level.utils.ts:414
[    3449ms] [LOG] [ShadowLevel] TARGET PROGRAM: "סקוואט קשתים טווח חלקי" → program="OrAmOH3F375dVio5yGdU" (slug="legs") userLevel=3 (adminTag=6) (movementGroup=squat, muscle=glutes) @ webpack-internal:///(app-pages-browser)/./src/features/workout-engine/services/shadow-level.utils.ts:414
[    3449ms] [LOG] [ShadowLevel] TARGET PROGRAM: "מתח טווח עליון" → program="UPDBtTdCvX748dtBlWYj" (slug="pull") userLevel=4 (adminTag=7) (movementGroup=vertical_pull, muscle=back) @ webpack-internal:///(app-pages-browser)/./src/features/workout-engine/services/shadow-level.utils.ts:414
[    3449ms] [LOG] [ShadowLevel] TARGET PROGRAM: "החזקת שכיבת סמיכה ב-90° במרפק" → program="J0fLpmJhG0KDN2tQouxh" (slug="push") userLevel=4 (adminTag=3) (movementGroup=horizontal_push, muscle=chest) @ webpack-internal:///(app-pages-browser)/./src/features/workout-engine/services/shadow-level.utils.ts:414
[    3449ms] [LOG] [ShadowLevel] TARGET PROGRAM: "שכיבות סמיכה ב-15°" → program="J0fLpmJhG0KDN2tQouxh" (slug="push") userLevel=4 (adminTag=4) (movementGroup=horizontal_push, muscle=undefined) @ webpack-internal:///(app-pages-browser)/./src/features/workout-engine/services/shadow-level.utils.ts:414
[    3449ms] [LOG] [ShadowLevel] TARGET PROGRAM: "לאנג׳ בהצלבה" → program="OrAmOH3F375dVio5yGdU" (slug="legs") userLevel=3 (adminTag=4) (movementGroup=squat, muscle=glutes) @ webpack-internal:///(app-pages-browser)/./src/features/workout-engine/services/shadow-level.utils.ts:414
[    3449ms] [LOG] [ShadowLevel] TARGET PROGRAM: "לאנג׳ בולגרי" → program="OrAmOH3F375dVio5yGdU" (slug="legs") userLevel=3 (adminTag=5) (movementGroup=squat, muscle=glutes) @ webpack-internal:///(app-pages-browser)/./src/features/workout-engine/services/shadow-level.utils.ts:414
[    3449ms] [LOG] [ShadowLevel] TARGET PROGRAM: "סומו סקוואט" → program="OrAmOH3F375dVio5yGdU" (slug="legs") userLevel=3 (adminTag=4) (movementGroup=squat, muscle=glutes) @ webpack-internal:///(app-pages-browser)/./src/features/workout-engine/services/shadow-level.utils.ts:414
[    3449ms] [LOG] [ShadowLevel] TARGET PROGRAM: "קפיצה גובה אגן" → program="OrAmOH3F375dVio5yGdU" (slug="legs") userLevel=3 (adminTag=6) (movementGroup=squat, muscle=glutes) @ webpack-internal:///(app-pages-browser)/./src/features/workout-engine/services/shadow-level.utils.ts:414
[    3449ms] [LOG] [ShadowLevel] TARGET PROGRAM: "החזקת חתירה ב-90° מעלות במרפק" → program="UPDBtTdCvX748dtBlWYj" (slug="pull") userLevel=4 (adminTag=3) (movementGroup=horizontal_pull, muscle=back) @ webpack-internal:///(app-pages-browser)/./src/features/workout-engine/services/shadow-level.utils.ts:414
[    3449ms] [LOG] [ShadowLevel] TARGET PROGRAM: "שכיבות סמיכה ב-30°" → program="J0fLpmJhG0KDN2tQouxh" (slug="push") userLevel=4 (adminTag=3) (movementGroup=horizontal_push, muscle=undefined) @ webpack-internal:///(app-pages-browser)/./src/features/workout-engine/services/shadow-level.utils.ts:414
[    3449ms] [LOG] [ShadowLevel] TARGET PROGRAM: "היפ טראסט רגל אחת" → program="OrAmOH3F375dVio5yGdU" (slug="legs") userLevel=3 (adminTag=2) (movementGroup=hinge, muscle=glutes) @ webpack-internal:///(app-pages-browser)/./src/features/workout-engine/services/shadow-level.utils.ts:414
[    3449ms] [LOG] [ShadowLevel] TARGET PROGRAM: "הליכות היפ טראסט" → program="OrAmOH3F375dVio5yGdU" (slug="legs") userLevel=3 (adminTag=6) (movementGroup=hinge, muscle=glutes) @ webpack-internal:///(app-pages-browser)/./src/features/workout-engine/services/shadow-level.utils.ts:414
[    3449ms] [LOG] [ShadowLevel] TARGET PROGRAM: "לאנג׳ בולגרי טווח חלקי" → program="OrAmOH3F375dVio5yGdU" (slug="legs") userLevel=3 (adminTag=4) (movementGroup=squat, muscle=glutes) @ webpack-internal:///(app-pages-browser)/./src/features/workout-engine/services/shadow-level.utils.ts:414
[    3449ms] [LOG] [ShadowLevel] TARGET PROGRAM: "סקוואט עמוק" → program="OrAmOH3F375dVio5yGdU" (slug="legs") userLevel=3 (adminTag=4) (movementGroup=squat, muscle=glutes) @ webpack-internal:///(app-pages-browser)/./src/features/workout-engine/services/shadow-level.utils.ts:414
[    3449ms] [LOG] [ShadowLevel] TARGET PROGRAM: "קפיצה גובה ברך" → program="OrAmOH3F375dVio5yGdU" (slug="legs") userLevel=3 (adminTag=5) (movementGroup=squat, muscle=glutes) @ webpack-internal:///(app-pages-browser)/./src/features/workout-engine/services/shadow-level.utils.ts:414
[    3449ms] [LOG] [ShadowLevel] TARGET PROGRAM: "דדליפט רגל אחת" → program="OrAmOH3F375dVio5yGdU" (slug="legs") userLevel=3 (adminTag=4) (movementGroup=hinge, muscle=hamstrings) @ webpack-internal:///(app-pages-browser)/./src/features/workout-engine/services/shadow-level.utils.ts:414
[    3449ms] [LOG] [ShadowLevel] TARGET PROGRAM: "החזקת מקבילים ב-120°" → program="J0fLpmJhG0KDN2tQouxh" (slug="push") userLevel=4 (adminTag=6) (movementGroup=vertical_push, muscle=chest) @ webpack-internal:///(app-pages-browser)/./src/features/workout-engine/services/shadow-level.utils.ts:414
[    3449ms] [LOG] [ShadowLevel] TARGET PROGRAM: "החזקת מתח ב-120°" → program="UPDBtTdCvX748dtBlWYj" (slug="pull") userLevel=4 (adminTag=6) (movementGroup=vertical_pull, muscle=back) @ webpack-internal:///(app-pages-browser)/./src/features/workout-engine/services/shadow-level.utils.ts:414
[    3449ms] [LOG] [ShadowLevel] TARGET PROGRAM: "חתירות ב-30°" → program="UPDBtTdCvX748dtBlWYj" (slug="pull") userLevel=4 (adminTag=3) (movementGroup=horizontal_pull, muscle=back) @ webpack-internal:///(app-pages-browser)/./src/features/workout-engine/services/shadow-level.utils.ts:414
[    3449ms] [LOG] [ShadowLevel] TARGET PROGRAM: "מתח אוסטרלי ב-15° מעלות" → program="UPDBtTdCvX748dtBlWYj" (slug="pull") userLevel=4 (adminTag=5) (movementGroup=horizontal_pull, muscle=back) @ webpack-internal:///(app-pages-browser)/./src/features/workout-engine/services/shadow-level.utils.ts:414
[    3449ms] [LOG] [ShadowLevel] TARGET PROGRAM: "מתח אוסטרלי ב-60° מעלות" → program="UPDBtTdCvX748dtBlWYj" (slug="pull") userLevel=4 (adminTag=1) (movementGroup=horizontal_pull, muscle=back) @ webpack-internal:///(app-pages-browser)/./src/features/workout-engine/services/shadow-level.utils.ts:414
[    3449ms] [LOG] [ShadowLevel] TARGET PROGRAM: "שכיבות סמיכה ב-45°" → program="J0fLpmJhG0KDN2tQouxh" (slug="push") userLevel=4 (adminTag=2) (movementGroup=horizontal_push, muscle=undefined) @ webpack-internal:///(app-pages-browser)/./src/features/workout-engine/services/shadow-level.utils.ts:414
[    3449ms] [LOG] [ShadowLevel] TARGET PROGRAM: "היפ טראסט" → program="OrAmOH3F375dVio5yGdU" (slug="legs") userLevel=3 (adminTag=1) (movementGroup=hinge, muscle=glutes) @ webpack-internal:///(app-pages-browser)/./src/features/workout-engine/services/shadow-level.utils.ts:414
[    3449ms] [LOG] [ShadowLevel] TARGET PROGRAM: "הרמות תאומים טווח מלא" → program="OrAmOH3F375dVio5yGdU" (slug="legs") userLevel=3 (adminTag=3) (movementGroup=isolation, muscle=calves) @ webpack-internal:///(app-pages-browser)/./src/features/workout-engine/services/shadow-level.utils.ts:414
[    3449ms] [LOG] [ShadowLevel] TARGET PROGRAM: "לאנג׳ קדמי" → program="OrAmOH3F375dVio5yGdU" (slug="legs") userLevel=3 (adminTag=1) (movementGroup=squat, muscle=glutes) @ webpack-internal:///(app-pages-browser)/./src/features/workout-engine/services/shadow-level.utils.ts:414
[    3449ms] [LOG] [ShadowLevel] TARGET PROGRAM: "סקוואט בהונות" → program="OrAmOH3F375dVio5yGdU" (slug="legs") userLevel=3 (adminTag=6) (movementGroup=squat, muscle=quads) @ webpack-internal:///(app-pages-browser)/./src/features/workout-engine/services/shadow-level.utils.ts:414
[    3449ms] [LOG] [ShadowLevel] TARGET PROGRAM: "סקוואט קפיצה" → program="OrAmOH3F375dVio5yGdU" (slug="legs") userLevel=3 (adminTag=3) (movementGroup=squat, muscle=glutes) @ webpack-internal:///(app-pages-browser)/./src/features/workout-engine/services/shadow-level.utils.ts:414
[    3449ms] [LOG] [ShadowLevel] TARGET PROGRAM: "קפיצה גובה שוק" → program="OrAmOH3F375dVio5yGdU" (slug="legs") userLevel=3 (adminTag=3) (movementGroup=squat, muscle=glutes) @ webpack-internal:///(app-pages-browser)/./src/features/workout-engine/services/shadow-level.utils.ts:414
[    3449ms] [LOG] [ShadowLevel] TARGET PROGRAM: "החזקת מתח ב-120° עם תמיכה" → program="UPDBtTdCvX748dtBlWYj" (slug="pull") userLevel=4 (adminTag=5) (movementGroup=vertical_pull, muscle=back) @ webpack-internal:///(app-pages-browser)/./src/features/workout-engine/services/shadow-level.utils.ts:414
[    3449ms] [LOG] [ShadowLevel] TARGET PROGRAM: "החזקת מקבילים" → program="J0fLpmJhG0KDN2tQouxh" (slug="push") userLevel=4 (adminTag=5) (movementGroup=vertical_push, muscle=chest) @ webpack-internal:///(app-pages-browser)/./src/features/workout-engine/services/shadow-level.utils.ts:414
[    3449ms] [LOG] [ShadowLevel] TARGET PROGRAM: "החזקת מקבילים ב-90°" → program="J0fLpmJhG0KDN2tQouxh" (slug="push") userLevel=4 (adminTag=7) (movementGroup=vertical_push, muscle=chest) @ webpack-internal:///(app-pages-browser)/./src/features/workout-engine/services/shadow-level.utils.ts:414
[    3450ms] [LOG] [ShadowLevel] TARGET PROGRAM: "החזקת מתח ב-90°" → program="UPDBtTdCvX748dtBlWYj" (slug="pull") userLevel=4 (adminTag=7) (movementGroup=vertical_pull, muscle=back) @ webpack-internal:///(app-pages-browser)/./src/features/workout-engine/services/shadow-level.utils.ts:414
[    3450ms] [LOG] [ShadowLevel] TARGET PROGRAM: "חתירות ב-45°" → program="UPDBtTdCvX748dtBlWYj" (slug="pull") userLevel=4 (adminTag=2) (movementGroup=horizontal_pull, muscle=back) @ webpack-internal:///(app-pages-browser)/./src/features/workout-engine/services/shadow-level.utils.ts:414
[    3450ms] [LOG] [ShadowLevel] TARGET PROGRAM: "מתח אוסטרלי ב-30° מעלות" → program="UPDBtTdCvX748dtBlWYj" (slug="pull") userLevel=4 (adminTag=3) (movementGroup=horizontal_pull, muscle=back) @ webpack-internal:///(app-pages-browser)/./src/features/workout-engine/services/shadow-level.utils.ts:414
[    3450ms] [LOG] [ShadowLevel] TARGET PROGRAM: "שכיבות סמיכה ב-60°" → program="J0fLpmJhG0KDN2tQouxh" (slug="push") userLevel=4 (adminTag=1) (movementGroup=horizontal_push, muscle=chest) @ webpack-internal:///(app-pages-browser)/./src/features/workout-engine/services/shadow-level.utils.ts:414
[    3450ms] [LOG] [ShadowLevel] TARGET PROGRAM: "לאנג׳ אחורי" → program="OrAmOH3F375dVio5yGdU" (slug="legs") userLevel=3 (adminTag=1) (movementGroup=squat, muscle=glutes) @ webpack-internal:///(app-pages-browser)/./src/features/workout-engine/services/shadow-level.utils.ts:414
[    3450ms] [LOG] [ShadowLevel] TARGET PROGRAM: "סקוואט" → program="OrAmOH3F375dVio5yGdU" (slug="legs") userLevel=3 (adminTag=3) (movementGroup=squat, muscle=glutes) @ webpack-internal:///(app-pages-browser)/./src/features/workout-engine/services/shadow-level.utils.ts:414
[    3450ms] [LOG] [ShadowLevel] TARGET PROGRAM: "סקוואט כנגד קיר רגל אחת" → program="OrAmOH3F375dVio5yGdU" (slug="legs") userLevel=3 (adminTag=5) (movementGroup=squat, muscle=quads) @ webpack-internal:///(app-pages-browser)/./src/features/workout-engine/services/shadow-level.utils.ts:414
[    3450ms] [LOG] [ShadowLevel] TARGET PROGRAM: "עליות תאומים" → program="OrAmOH3F375dVio5yGdU" (slug="legs") userLevel=3 (adminTag=1) (movementGroup=isolation, muscle=calves) @ webpack-internal:///(app-pages-browser)/./src/features/workout-engine/services/shadow-level.utils.ts:414
[    3450ms] [LOG] [ShadowLevel] TARGET PROGRAM: "עליית מדרגה גובה ברך" → program="OrAmOH3F375dVio5yGdU" (slug="legs") userLevel=3 (adminTag=3) (movementGroup=squat, muscle=glutes) @ webpack-internal:///(app-pages-browser)/./src/features/workout-engine/services/shadow-level.utils.ts:414
[    3450ms] [LOG] [ShadowLevel] TARGET PROGRAM: "פלאנק עליות ונגיעות בכתפיים" → program="J0fLpmJhG0KDN2tQouxh" (slug="push") userLevel=4 (adminTag=3) (movementGroup=core, muscle=shoulders) @ webpack-internal:///(app-pages-browser)/./src/features/workout-engine/services/shadow-level.utils.ts:414
[    3450ms] [LOG] [ShadowLevel] TARGET PROGRAM: "שרימפ סקוואט בתמיכת רגל" → program="OrAmOH3F375dVio5yGdU" (slug="legs") userLevel=3 (adminTag=6) (movementGroup=squat, muscle=quads) @ webpack-internal:///(app-pages-browser)/./src/features/workout-engine/services/shadow-level.utils.ts:414
[    3450ms] [LOG] [ShadowLevel] TARGET PROGRAM: "מתח שכמות (תלייה אקטיבית פסיבית)" → program="UPDBtTdCvX748dtBlWYj" (slug="pull") userLevel=4 (adminTag=5) (movementGroup=vertical_pull, muscle=shoulders) @ webpack-internal:///(app-pages-browser)/./src/features/workout-engine/services/shadow-level.utils.ts:414
[    3450ms] [LOG] [ShadowLevel] TARGET PROGRAM: "דדליפט רומני" → program="OrAmOH3F375dVio5yGdU" (slug="legs") userLevel=3 (adminTag=1) (movementGroup=hinge, muscle=hamstrings) @ webpack-internal:///(app-pages-browser)/./src/features/workout-engine/services/shadow-level.utils.ts:414
[    3450ms] [LOG] [ShadowLevel] TARGET PROGRAM: "דרגון סקוואט טווח חלקי" → program="OrAmOH3F375dVio5yGdU" (slug="legs") userLevel=3 (adminTag=6) (movementGroup=squat, muscle=glutes) @ webpack-internal:///(app-pages-browser)/./src/features/workout-engine/services/shadow-level.utils.ts:414
[    3450ms] [LOG] [ShadowLevel] TARGET PROGRAM: "החזקת מתח ב-90° עם תמיכה" → program="UPDBtTdCvX748dtBlWYj" (slug="pull") userLevel=4 (adminTag=5) (movementGroup=vertical_pull, muscle=back) @ webpack-internal:///(app-pages-browser)/./src/features/workout-engine/services/shadow-level.utils.ts:414
[    3450ms] [LOG] [ShadowLevel] TARGET PROGRAM: "החזקת מקבילים ב-15°" → program="J0fLpmJhG0KDN2tQouxh" (slug="push") userLevel=4 (adminTag=7) (movementGroup=vertical_push, muscle=chest) @ webpack-internal:///(app-pages-browser)/./src/features/workout-engine/services/shadow-level.utils.ts:414
[    3450ms] [LOG] [ShadowLevel] TARGET PROGRAM: "החזקת מתח ב-15°" → program="UPDBtTdCvX748dtBlWYj" (slug="pull") userLevel=4 (adminTag=6) (movementGroup=vertical_pull, muscle=back) @ webpack-internal:///(app-pages-browser)/./src/features/workout-engine/services/shadow-level.utils.ts:414
[    3450ms] [LOG] [ShadowLevel] TARGET PROGRAM: "חתירות ב-60°" → program="UPDBtTdCvX748dtBlWYj" (slug="pull") userLevel=4 (adminTag=1) (movementGroup=horizontal_pull, muscle=back) @ webpack-internal:///(app-pages-browser)/./src/features/workout-engine/services/shadow-level.utils.ts:414
[    3450ms] [LOG] [ShadowLevel] TARGET PROGRAM: "שכיבות סמיכה ב-75°" → program="J0fLpmJhG0KDN2tQouxh" (slug="push") userLevel=4 (adminTag=1) (movementGroup=horizontal_push, muscle=chest) @ webpack-internal:///(app-pages-browser)/./src/features/workout-engine/services/shadow-level.utils.ts:414
[    3450ms] [LOG] [ShadowLevel] TARGET PROGRAM: "הרמות רגל אחת בישיבת L" → program="kDMpobbKsuVTByTIKUpe" (slug="core") userLevel=3 (adminTag=4) (movementGroup=core, muscle=abs) @ webpack-internal:///(app-pages-browser)/./src/features/workout-engine/services/shadow-level.utils.ts:414
[    3450ms] [LOG] [ShadowLevel] TARGET PROGRAM: "לחיצת רגליים כנגד עמוד" → program="OrAmOH3F375dVio5yGdU" (slug="legs") userLevel=3 (adminTag=6) (movementGroup=squat, muscle=quads) @ webpack-internal:///(app-pages-browser)/./src/features/workout-engine/services/shadow-level.utils.ts:414
[    3450ms] [LOG] [ShadowLevel] TARGET PROGRAM: "סקוואט טווח חלקי" → program="OrAmOH3F375dVio5yGdU" (slug="legs") userLevel=3 (adminTag=2) (movementGroup=squat, muscle=glutes) @ webpack-internal:///(app-pages-browser)/./src/features/workout-engine/services/shadow-level.utils.ts:414
[    3450ms] [LOG] [ShadowLevel] TARGET PROGRAM: "פלאנק" → program="J0fLpmJhG0KDN2tQouxh" (slug="push") userLevel=4 (adminTag=2) (movementGroup=core, muscle=abs) @ webpack-internal:///(app-pages-browser)/./src/features/workout-engine/services/shadow-level.utils.ts:414
[    3450ms] [LOG] [ShadowLevel] TARGET PROGRAM: "פשיטת מרפקים על ספסל" → program="J0fLpmJhG0KDN2tQouxh" (slug="push") userLevel=4 (adminTag=3) (movementGroup=horizontal_push, muscle=triceps) @ webpack-internal:///(app-pages-browser)/./src/features/workout-engine/services/shadow-level.utils.ts:414
[    3450ms] [LOG] [ShadowLevel] TARGET PROGRAM: "שרימפ סקוואט בעזרת עמוד" → program="OrAmOH3F375dVio5yGdU" (slug="legs") userLevel=3 (adminTag=5) (movementGroup=squat, muscle=quads) @ webpack-internal:///(app-pages-browser)/./src/features/workout-engine/services/shadow-level.utils.ts:414
[    3450ms] [LOG] [ShadowLevel] TARGET PROGRAM: "תלייה פסיבית" → program="UPDBtTdCvX748dtBlWYj" (slug="pull") userLevel=4 (adminTag=2) (movementGroup=vertical_pull, muscle=shoulders) @ webpack-internal:///(app-pages-browser)/./src/features/workout-engine/services/shadow-level.utils.ts:414
[    3450ms] [LOG] [WorkoutTrio] Shared pipeline: 94 scored exercises (96 excluded), 372 total in DB @ webpack-internal:///(app-pages-browser)/./src/features/workout-engine/services/home-workout.service.ts:1786
[    3450ms] [LOG] [WorkoutTrio] Filter breakdown — program_filter: 2, level_tolerance: 68, skill_gate: 0, location: 26, injury: 0, passed: 94 @ webpack-internal:///(app-pages-browser)/./src/features/workout-engine/services/home-workout.service.ts:1789
[    3451ms] [LOG] [ActivityStore] Loaded from Firestore - Streak: 1 @ webpack-internal:///(app-pages-browser)/./src/features/activity/store/useActivityStore.ts:805
[    3456ms] [LOG] [ActivityStore] Loaded from Firestore - Streak: 1 @ webpack-internal:///(app-pages-browser)/./src/features/activity/store/useActivityStore.ts:805
[    3460ms] [LOG] [ActivityStore] Loaded from Firestore - Streak: 1 @ webpack-internal:///(app-pages-browser)/./src/features/activity/store/useActivityStore.ts:805
[    3470ms] [LOG] [WorkoutTrio] No app_config/workout_trio doc → using pre-seeded Hebrew labels @ webpack-internal:///(app-pages-browser)/./src/features/workout-engine/services/trio-labels.service.ts:53
[    3470ms] [LOG] [WorkoutTrio] Rest-day fast path: 3 options from pool of 7 (targeted query, full pipeline skipped) @ webpack-internal:///(app-pages-browser)/./src/features/workout-engine/services/home-workout.service.ts:448
[    3470ms] [LOG] [home] scoreBreakdown "recovery-follow-up" (score=0): {goalMatch: 0, gapFilling: 0, stepDeficit: 0, preferenceMatch: 0, recoveryMatch: 0} @ webpack-internal:///(app-pages-browser)/./src/app/home/page.tsx:1332
[    3779ms] [LOG] [HomeContext] Domain 'core' resolved to L3 (Source: Domains) @ webpack-internal:///(app-pages-browser)/./src/features/workout-engine/services/level-resolution.utils.ts:117
[    3779ms] [LOG] [HomeContext] Domain 'pull' resolved to L4 (Source: Domains) @ webpack-internal:///(app-pages-browser)/./src/features/workout-engine/services/level-resolution.utils.ts:117
[    3779ms] [LOG] [HomeContext] Domain 'legs' resolved to L3 (Source: Domains) @ webpack-internal:///(app-pages-browser)/./src/features/workout-engine/services/level-resolution.utils.ts:117
[    3779ms] [LOG] [HomeContext] Domain 'push' resolved to L4 (Source: Domains) @ webpack-internal:///(app-pages-browser)/./src/features/workout-engine/services/level-resolution.utils.ts:117
[    3976ms] [LOG] [ActivityStore] Loaded today from Firestore: 2026-08-31 @ webpack-internal:///(app-pages-browser)/./src/features/activity/store/useActivityStore.ts:668
[    3976ms] [LOG] [ActivityStore] Loaded today from Firestore: 2026-08-31 @ webpack-internal:///(app-pages-browser)/./src/features/activity/store/useActivityStore.ts:668
[    3976ms] [LOG] [ActivityStore] Loaded today from Firestore: 2026-08-31 @ webpack-internal:///(app-pages-browser)/./src/features/activity/store/useActivityStore.ts:668
[    4136ms] [LOG] [ActivityStore] Loaded from Firestore - Streak: 1 @ webpack-internal:///(app-pages-browser)/./src/features/activity/store/useActivityStore.ts:805
[    4140ms] [LOG] [ActivityStore] Loaded from Firestore - Streak: 1 @ webpack-internal:///(app-pages-browser)/./src/features/activity/store/useActivityStore.ts:805
[    4143ms] [LOG] [ActivityStore] Loaded from Firestore - Streak: 1 @ webpack-internal:///(app-pages-browser)/./src/features/activity/store/useActivityStore.ts:805
[    4325ms] [LOG] [WorkoutTrio] Settings resolved → protocols: ⚠️  none (straight sets — check Firestore doc) | goals: 1 exercises from pull@L4 | tabata: p=0.12 from pull@L4 @ webpack-internal:///(app-pages-browser)/./src/features/workout-engine/services/home-workout.service.ts:1941
[    4637ms] [LOG] [ExerciseHistory] Loaded history for 0/94 exercises (4 chunked 'in' queries) @ webpack-internal:///(app-pages-browser)/./src/features/workout-engine/services/exercise-history.service.ts:150
[    4637ms] [LOG] [WorkoutTrio] Exercise history loaded: 0/94 exercises have prior session data (David Staircase floor active). @ webpack-internal:///(app-pages-browser)/./src/features/workout-engine/services/home-workout.service.ts:1965
[    4637ms] [LOG] [WorkoutTrio] Protocol probability passed to generator: 0.00 (base=0, multiplier=1, week=1) @ webpack-internal:///(app-pages-browser)/./src/features/workout-engine/services/home-workout.service.ts:2002
[    4637ms] [LOG] [WorkoutTrio] Tabata finisher probability: 0.12 × 1 = 0.12 (from pull@L4) @ webpack-internal:///(app-pages-browser)/./src/features/workout-engine/services/home-workout.service.ts:2013
[    4842ms] [LOG] [WorkoutTrio] No app_config/workout_trio doc → using pre-seeded Hebrew labels @ webpack-internal:///(app-pages-browser)/./src/features/workout-engine/services/trio-labels.service.ts:53
[    4842ms] [LOG] [WorkoutTrio] Labels (fallback): [מאוזן, עצים ומהיר, אימון פארק קליל] @ webpack-internal:///(app-pages-browser)/./src/features/workout-engine/services/home-workout.service.ts:774
[    4842ms] [LOG] [WorkoutTrio] Bolt2: honouring requested 30min (ceiling 45min) @ webpack-internal:///(app-pages-browser)/./src/features/workout-engine/services/home-workout.service.ts:843
[    4842ms] [LOG] [PipelineOrchestrator] Pool OK: 94 survivors at location=park (gear=9) → normal generation (sparse contexts degrade to bodyweight, not recovery). @ webpack-internal:///(app-pages-browser)/./src/features/workout-engine/core/pipeline/PipelineOrchestrator.ts:130
[    4844ms] [LOG] [InputSanitizer:Periodization] Phase=BUILD(W1) effectiveDifficulty=2 @ webpack-internal:///(app-pages-browser)/./src/features/workout-engine/core/middleware/InputSanitizerMiddleware.ts:447
[    4846ms] [LOG] Foundation Buffer: 34 exercises boosted (+30) — Pull-ups/Dips/Push-ups/Rows prioritised @ webpack-internal:///(app-pages-browser)/./src/features/workout-engine/logic/WorkoutGenerator.ts:1331
[    4846ms] [LOG] Vertical Preference: 7 exercises boosted (diminishing: 15/8) @ webpack-internal:///(app-pages-browser)/./src/features/workout-engine/logic/WorkoutGenerator.ts:1333
[    4846ms] [LOG] Naked Strength: 48 bodyweight exercises boosted (+8) @ webpack-internal:///(app-pages-browser)/./src/features/workout-engine/logic/WorkoutGenerator.ts:1334
[    4846ms] [LOG] Equipment Synergy: "step" dominant → 14 exercises boosted (+8) @ webpack-internal:///(app-pages-browser)/./src/features/workout-engine/logic/WorkoutGenerator.ts:1336
[    4846ms] [LOG] Modality Match: "none" dominant → 56 exercises boosted (+10) @ webpack-internal:///(app-pages-browser)/./src/features/workout-engine/logic/WorkoutGenerator.ts:1337
[    4847ms] [LOG] [LevelSync] DifficultyFilter: globalLevel=L4, domainLevels={core:L3, pull:L4, legs:L3, push:L4} @ webpack-internal:///(app-pages-browser)/./src/features/workout-engine/logic/workout-selection.utils.ts:308
[    4847ms] [LOG] [Bolt2Cap] L5 (activeProgram=none): filtered out 21 above-ceiling exercise(s). Pool: 94 → 73 @ webpack-internal:///(app-pages-browser)/./src/features/workout-engine/logic/WorkoutGenerator.ts:550
[    4847ms] [LOG] [MGDiversity] Displaced 2 same-group duplicates → backfilled 2 (pool had 73 candidates) @ webpack-internal:///(app-pages-browser)/./src/features/workout-engine/logic/WorkoutGenerator.ts:733
[    4848ms] [LOG] [WorkoutGenerator][selectProtocol] difficulty=2 | adminProtocols=null | adminProbability=0 | periodizationWeek=1 @ webpack-internal:///(app-pages-browser)/./src/features/workout-engine/logic/WorkoutGenerator.ts:1390
[    4848ms] [LOG] [WorkoutGenerator][selectProtocol] No protocols configured — straight sets @ webpack-internal:///(app-pages-browser)/./src/features/workout-engine/logic/WorkoutGenerator.ts:1404
[    4850ms] [LOG] [VerticalFoundation] ✅ "קראנץ"(accessory) → "החזקת מתח ב-15° עם תמיכה"(foundation, L5) [vertical_pull, domain=pull L4] @ webpack-internal:///(app-pages-browser)/./src/features/workout-engine/core/pipeline/GuaranteePassRunner.ts:310
[    4850ms] [LOG] [findLevelSub] ✅ squat: picked "סקוואט קפיצה" L3 (gap=0, radius=±2, domain=legs L3, D2) @ webpack-internal:///(app-pages-browser)/./src/features/workout-engine/core/pipeline/PoolFactory.ts:242
[    4851ms] [WARNING] [FullBodyGuarantee] ⚠️ Could not guarantee legs domain — no candidate within ±6 of L3 @ webpack-internal:///(app-pages-browser)/./src/features/workout-engine/core/pipeline/GuaranteePassRunner.ts:413
[    4852ms] [LOG] [TabataBlock] ✅ pool-injected 4 conditioning member(s): [הליכת סרטן (park/[object Object]), סמוך קום (park/[object Object]), הליכות דוב (park/[object Object]), הליכות זחל (park/[object Object])] @ webpack-internal:///(app-pages-browser)/./src/features/workout-engine/logic/protocols/tabata.block.ts:202
[    4852ms] [LOG] ┌─────────────┬────────────┬────────────┬────────────┐
│  Section    │  Work      │  Rest      │  Subtotal  │
├─────────────┼────────────┼────────────┼────────────┤
│  Warmup     │ 0m 0s      │ 0m 0s      │ 0m 0s      │  ← 0s rest, 5s transitions, cap=6m
│  Main       │ 4m 54s     │ 21m 54s    │ 25m 48s    │  ← 21m rest = 84% of main block
│  Cooldown   │ 0m 0s      │ 0m 0s      │ 0m 0s      │
├─────────────┼────────────┼────────────┼────────────┤
│  TOTAL(raw) │             │             │ 29m 48s    │
└─────────────┴────────────┴────────────┴────────────┘ @ webpack-internal:///(app-pages-browser)/./src/features/workout-engine/logic/workout-budgeting.utils.ts:1142
[    4852ms] [LOG]   + Main transitions (3 × 30s): 120s @ webpack-internal:///(app-pages-browser)/./src/features/workout-engine/logic/workout-budgeting.utils.ts:1143
[    4852ms] [LOG]   = Final Duration: 31 min @ webpack-internal:///(app-pages-browser)/./src/features/workout-engine/logic/workout-budgeting.utils.ts:1144
[    4852ms] [TABLE] [Object, Object, Object, Object, Object] @ webpack-internal:///(app-pages-browser)/./src/features/workout-engine/logic/workout-budgeting.utils.ts:1147
[    4852ms] [LOG] ┌─────────────┬────────────┬────────────┬────────────┐
│  Section    │  Work      │  Rest      │  Subtotal  │
├─────────────┼────────────┼────────────┼────────────┤
│  Warmup     │ 0m 0s      │ 0m 0s      │ 0m 0s      │  ← 0s rest, 5s transitions, cap=6m
│  Main       │ 4m 54s     │ 21m 54s    │ 25m 48s    │  ← 21m rest = 84% of main block
│  Cooldown   │ 0m 0s      │ 0m 0s      │ 0m 0s      │
├─────────────┼────────────┼────────────┼────────────┤
│  TOTAL(raw) │             │             │ 29m 48s    │
└─────────────┴────────────┴────────────┴────────────┘ @ webpack-internal:///(app-pages-browser)/./src/features/workout-engine/logic/workout-budgeting.utils.ts:1142
[    4852ms] [LOG]   + Main transitions (3 × 30s): 120s @ webpack-internal:///(app-pages-browser)/./src/features/workout-engine/logic/workout-budgeting.utils.ts:1143
[    4853ms] [LOG]   = Final Duration: 31 min @ webpack-internal:///(app-pages-browser)/./src/features/workout-engine/logic/workout-budgeting.utils.ts:1144
[    4853ms] [TABLE] [Object, Object, Object, Object, Object] @ webpack-internal:///(app-pages-browser)/./src/features/workout-engine/logic/workout-budgeting.utils.ts:1147
[    4853ms] [LOG] [Engine] Pool: 190→188→94→73→4(raw)→4(diverse) | Selected: 8 | Budget: ?/3 remaining/daily | Difficulty: 2 | Sets: 15 @ webpack-internal:///(app-pages-browser)/./src/features/workout-engine/logic/WorkoutGenerator.ts:1076
[    4853ms] [LOG] [1] החזקת מקבילים | programLevel=5 [LevelResolution] החזקת מקבילים → L5 via push | userDomainL=4 | Tier=hard | Sets=2 Hold=15s Rest=171s | Video=YES @ webpack-internal:///(app-pages-browser)/./src/features/workout-engine/logic/WorkoutGenerator.ts:1087
[    4853ms] [LOG] [2] החזקת מתח ב-15° עם תמיכה | programLevel=5 [LevelResolution] קראנץ → L2 via core | userDomainL=3 | Tier=easy | Sets=3 Hold=30s Rest=91s | Video=YES @ webpack-internal:///(app-pages-browser)/./src/features/workout-engine/logic/WorkoutGenerator.ts:1087
[    4853ms] [LOG] [3] החזקת חתירה ב-90° מעלות במרפק | programLevel=3 [LevelResolution] החזקת חתירה ב-90° מעלות במרפק → L3 via pull | userDomainL=4 | Tier=easy | Sets=3 Hold=17s Rest=102s | Video=YES @ webpack-internal:///(app-pages-browser)/./src/features/workout-engine/logic/WorkoutGenerator.ts:1087
[    4853ms] [LOG] [4] שכיבות סמיכה ב-45° | programLevel=2 [LevelResolution] שכיבות סמיכה ב-45° → L2 via push | userDomainL=4 | Tier=easy | Sets=3 Reps=7 Rest=111s | Video=YES @ webpack-internal:///(app-pages-browser)/./src/features/workout-engine/logic/WorkoutGenerator.ts:1087
[    4853ms] [LOG] [5] הליכת סרטן | programLevel=1  | Tier=match | Sets=1 Reps=20 Rest=10s | Video=YES @ webpack-internal:///(app-pages-browser)/./src/features/workout-engine/logic/WorkoutGenerator.ts:1087
[    4853ms] [LOG] [6] סמוך קום | programLevel=1  | Tier=match | Sets=1 Reps=20 Rest=10s | Video=YES @ webpack-internal:///(app-pages-browser)/./src/features/workout-engine/logic/WorkoutGenerator.ts:1087
[    4853ms] [LOG] [7] הליכות דוב | programLevel=1  | Tier=match | Sets=1 Reps=20 Rest=10s | Video=YES @ webpack-internal:///(app-pages-browser)/./src/features/workout-engine/logic/WorkoutGenerator.ts:1087
[    4853ms] [LOG] [8] הליכות זחל | programLevel=1  | Tier=match | Sets=1 Reps=20 Rest=10s | Video=YES @ webpack-internal:///(app-pages-browser)/./src/features/workout-engine/logic/WorkoutGenerator.ts:1087
[    4853ms] [LOG] [BudgetDistributor.reapplyCaps] reapply_daily: 15→15 (cap=3) @ webpack-internal:///(app-pages-browser)/./src/features/workout-engine/core/pipeline/BudgetDistributor.ts:624
[    4854ms] [LOG] [Warmup] Pool: 372 total | follow-along: 13 | role=warmup: 1 | mobility-tag: 0 @ webpack-internal:///(app-pages-browser)/./src/features/workout-engine/services/warmup.service.ts:555
[    4855ms] [LOG] [Warmup] Stage 1: "טבטה +" selected (follow-along [location-matched]) @ webpack-internal:///(app-pages-browser)/./src/features/workout-engine/services/warmup.service.ts:619
[    4855ms] [LOG] [Warmup] David Scale: other(50%×1s), push(25%×1s), pull(25%×1s) @ webpack-internal:///(app-pages-browser)/./src/features/workout-engine/services/warmup.service.ts:648
[    4855ms] [WARNING] [ParkGating] "חתירות ב-15° עם ברכיים כפופות" — 3 park method(s) all gated → exercise excluded Required gear not in park inventory: [Object, Object, Object] Available: [bodyweight, pullup_bar, dip_station, bench, low_bar, high_bar, step, park_bench, park_step] @ webpack-internal:///(app-pages-browser)/./src/features/workout-engine/shared/utils/method-selection.utils.ts:119
[    4856ms] [LOG] [Warmup] Priming pull slot1/1 F2: "חתירות ב-30°" L3 from 2 cands (zone [2–4], reps 3–5) @ webpack-internal:///(app-pages-browser)/./src/features/workout-engine/services/warmup.service.ts:808
[    4856ms] [LOG] [Warmup] Priming push slot1/1 F2: "שכיבות סמיכה ברכיים" L4 from 8 cands (zone [2–4], reps 3–5) @ webpack-internal:///(app-pages-browser)/./src/features/workout-engine/services/warmup.service.ts:808
[    4856ms] [LOG] [Warmup] Stage 2 Patterns primed: [pull, push] from active [push, pull] — 2 slots total @ webpack-internal:///(app-pages-browser)/./src/features/workout-engine/services/warmup.service.ts:843
[    4856ms] [LOG] [Warmup] Block finalised: 1 general + 2 ladder slots = 3 total (budget 3) @ webpack-internal:///(app-pages-browser)/./src/features/workout-engine/services/warmup.service.ts:882
[    4856ms] [LOG]   ETMVVSpt0lIpeF3mkEn6 "מתיחות פלג גוף עליון לבדיקה": OK @ webpack-internal:///(app-pages-browser)/./src/features/workout-engine/services/cooldown.service.ts:78
[    4857ms] [LOG] ┌─────────────┬────────────┬────────────┬────────────┐
│  Section    │  Work      │  Rest      │  Subtotal  │
├─────────────┼────────────┼────────────┼────────────┤
│  Warmup     │ 3m 10s     │ 0m 0s      │ 3m 10s     │  ← 0s rest, 5s transitions, cap=6m
│  Main       │ 4m 54s     │ 21m 54s    │ 25m 48s    │  ← 21m rest = 84% of main block
│  Cooldown   │ 2m 30s     │ 0m 0s      │ 2m 30s     │
├─────────────┼────────────┼────────────┼────────────┤
│  TOTAL(raw) │             │             │ 33m 28s    │
└─────────────┴────────────┴────────────┴────────────┘ @ webpack-internal:///(app-pages-browser)/./src/features/workout-engine/logic/workout-budgeting.utils.ts:1142
[    4857ms] [LOG]   + Main transitions (4 × 30s): 150s @ webpack-internal:///(app-pages-browser)/./src/features/workout-engine/logic/workout-budgeting.utils.ts:1143
[    4857ms] [LOG]   = Final Duration: 36 min @ webpack-internal:///(app-pages-browser)/./src/features/workout-engine/logic/workout-budgeting.utils.ts:1144
[    4857ms] [TABLE] [Object, Object, Object, Object, Object, Object, Object, Object, Object] @ webpack-internal:///(app-pages-browser)/./src/features/workout-engine/logic/workout-budgeting.utils.ts:1147
[    4857ms] [LOG] [PresentationFormatter.volumeCap] PhaseA: removed "החזקת מתח ב-15° עם תמיכה" (mg=vertical_pull, score=68) @ webpack-internal:///(app-pages-browser)/./src/features/workout-engine/core/presentation/PresentationFormatter.ts:373
[    4857ms] [LOG] ┌─────────────┬────────────┬────────────┬────────────┐
│  Section    │  Work      │  Rest      │  Subtotal  │
├─────────────┼────────────┼────────────┼────────────┤
│  Warmup     │ 3m 10s     │ 0m 0s      │ 3m 10s     │  ← 0s rest, 5s transitions, cap=6m
│  Main       │ 2m 24s     │ 16m 21s    │ 19m 45s    │  ← 16m rest = 87% of main block
│  Cooldown   │ 2m 30s     │ 0m 0s      │ 2m 30s     │
├─────────────┼────────────┼────────────┼────────────┤
│  TOTAL(raw) │             │             │ 27m 25s    │
└─────────────┴────────────┴────────────┴────────────┘ @ webpack-internal:///(app-pages-browser)/./src/features/workout-engine/logic/workout-budgeting.utils.ts:1142
[    4857ms] [LOG]   + Main transitions (3 × 30s): 120s @ webpack-internal:///(app-pages-browser)/./src/features/workout-engine/logic/workout-budgeting.utils.ts:1143
[    4857ms] [LOG]   = Final Duration: 30 min @ webpack-internal:///(app-pages-browser)/./src/features/workout-engine/logic/workout-budgeting.utils.ts:1144
[    4857ms] [TABLE] [Object, Object, Object, Object, Object, Object, Object, Object] @ webpack-internal:///(app-pages-browser)/./src/features/workout-engine/logic/workout-budgeting.utils.ts:1147
[    4857ms] [LOG] [PresentationFormatter.volumeCap] Done after 1 step(s): 30m, 16 sets, 7 main exercises @ webpack-internal:///(app-pages-browser)/./src/features/workout-engine/core/presentation/PresentationFormatter.ts:430
[    5267ms] [LOG] [PresentationFormatter] 🪜 Final domain-priority sort applied (order changed, 11 exercises, מאוזן) @ webpack-internal:///(app-pages-browser)/./src/features/workout-engine/core/presentation/PresentationFormatter.ts:295
[    5267ms] [LOG] [WorkoutTrio] Option 2 (מאוזן): D2, 11 exercises, 16 sets, ~30min @ webpack-internal:///(app-pages-browser)/./src/features/workout-engine/services/home-workout.service.ts:1077
[    5267ms] [LOG] [WorkoutTrio] Single-option path — padded 3 slots with the same workout @ webpack-internal:///(app-pages-browser)/./src/features/workout-engine/services/home-workout.service.ts:1086
[    5267ms] [LOG]   Difficulty: 2 ⚡⚡ @ webpack-internal:///(app-pages-browser)/./src/features/workout-engine/services/trio-modifiers.service.ts:700
[    5267ms] [LOG]   Title: אתגר כל הרמות_הבאה בפארק @ webpack-internal:///(app-pages-browser)/./src/features/workout-engine/services/trio-modifiers.service.ts:701
[    5267ms] [LOG]   Duration: ~30 min @ webpack-internal:///(app-pages-browser)/./src/features/workout-engine/services/trio-modifiers.service.ts:702
[    5267ms] [LOG]   Warmups: 3 | Main: 7 | Sets: 16 @ webpack-internal:///(app-pages-browser)/./src/features/workout-engine/services/trio-modifiers.service.ts:703
[    5267ms] [LOG]   Gear: 2 ⚠️ [VQoqHLfhHGhPsaz2zsQO, pKh30gGIGOKFcgLET2Fn] @ webpack-internal:///(app-pages-browser)/./src/features/workout-engine/services/trio-modifiers.service.ts:704
[    5267ms] [LOG]   Exercises: [החזקת מקבילים, הליכת סרטן, סמוך קום, הליכות דוב, הליכות זחל, החזקת חתירה ב-90° מעלות במרפק, שכיבות סמיכה ב-45°] @ webpack-internal:///(app-pages-browser)/./src/features/workout-engine/services/trio-modifiers.service.ts:705
[    5267ms] [LOG]   Difficulty: 2 ⚡⚡ @ webpack-internal:///(app-pages-browser)/./src/features/workout-engine/services/trio-modifiers.service.ts:700
[    5267ms] [LOG]   Title: אתגר כל הרמות_הבאה בפארק @ webpack-internal:///(app-pages-browser)/./src/features/workout-engine/services/trio-modifiers.service.ts:701
[    5267ms] [LOG]   Duration: ~30 min @ webpack-internal:///(app-pages-browser)/./src/features/workout-engine/services/trio-modifiers.service.ts:702
[    5267ms] [LOG]   Warmups: 3 | Main: 7 | Sets: 16 @ webpack-internal:///(app-pages-browser)/./src/features/workout-engine/services/trio-modifiers.service.ts:703
[    5267ms] [LOG]   Gear: 2 ⚠️ [VQoqHLfhHGhPsaz2zsQO, pKh30gGIGOKFcgLET2Fn] @ webpack-internal:///(app-pages-browser)/./src/features/workout-engine/services/trio-modifiers.service.ts:704
[    5267ms] [LOG]   Exercises: [החזקת מקבילים, הליכת סרטן, סמוך קום, הליכות דוב, הליכות זחל, החזקת חתירה ב-90° מעלות במרפק, שכיבות סמיכה ב-45°] @ webpack-internal:///(app-pages-browser)/./src/features/workout-engine/services/trio-modifiers.service.ts:705
[    5267ms] [LOG]   Difficulty: 2 ⚡⚡ @ webpack-internal:///(app-pages-browser)/./src/features/workout-engine/services/trio-modifiers.service.ts:700
[    5267ms] [LOG]   Title: אתגר כל הרמות_הבאה בפארק @ webpack-internal:///(app-pages-browser)/./src/features/workout-engine/services/trio-modifiers.service.ts:701
[    5267ms] [LOG]   Duration: ~30 min @ webpack-internal:///(app-pages-browser)/./src/features/workout-engine/services/trio-modifiers.service.ts:702
[    5267ms] [LOG]   Warmups: 3 | Main: 7 | Sets: 16 @ webpack-internal:///(app-pages-browser)/./src/features/workout-engine/services/trio-modifiers.service.ts:703
[    5267ms] [LOG]   Gear: 2 ⚠️ [VQoqHLfhHGhPsaz2zsQO, pKh30gGIGOKFcgLET2Fn] @ webpack-internal:///(app-pages-browser)/./src/features/workout-engine/services/trio-modifiers.service.ts:704
[    5267ms] [LOG]   Exercises: [החזקת מקבילים, הליכת סרטן, סמוך קום, הליכות דוב, הליכות זחל, החזקת חתירה ב-90° מעלות במרפק, שכיבות סמיכה ב-45°] @ webpack-internal:///(app-pages-browser)/./src/features/workout-engine/services/trio-modifiers.service.ts:705
[    5268ms] [LOG] Overlap: 1↔2=7, 1↔3=7, 2↔3=7 @ webpack-internal:///(app-pages-browser)/./src/features/workout-engine/services/trio-modifiers.service.ts:710
[   27141ms] [LOG] ACTIVE CALENDAR FILE: MonthlyCalendarGrid.tsx {cellHeight: 60, engine: DayIconCell (unified with home screen), viewMode: rings} @ webpack-internal:///(app-pages-browser)/./src/features/home/components/calendar/MonthlyCalendarGrid.tsx:160
[   27142ms] [LOG] ACTIVE CALENDAR FILE: MonthlyCalendarGrid.tsx {cellHeight: 60, engine: DayIconCell (unified with home screen), viewMode: rings} @ webpack-internal:///(app-pages-browser)/./src/features/home/components/calendar/MonthlyCalendarGrid.tsx:160
[   27528ms] [LOG] ACTIVE CALENDAR FILE: MonthlyCalendarGrid.tsx {cellHeight: 60, engine: DayIconCell (unified with home screen), viewMode: rings} @ webpack-internal:///(app-pages-browser)/./src/features/home/components/calendar/MonthlyCalendarGrid.tsx:160
[   27528ms] [LOG] ACTIVE CALENDAR FILE: MonthlyCalendarGrid.tsx {cellHeight: 60, engine: DayIconCell (unified with home screen), viewMode: rings} @ webpack-internal:///(app-pages-browser)/./src/features/home/components/calendar/MonthlyCalendarGrid.tsx:160
[   27719ms] [LOG] [DIAG-temp] batch keys: [2026-08-02, 2026-08-04, 2026-08-06, 2026-08-09, 2026-08-11, 2026-08-13, 2026-08-16, 2026-08-18, 2026-08-20, 2026-08-23, 2026-08-25, 2026-08-27, 2026-08-30, undefined] resolveAuthUid vs userId: w4Uph9w0p7TNDfuf4LuqAl1PqfU2 @ webpack-internal:///(app-pages-browser)/./src/features/home/components/calendar/MonthlyCalendarGrid.tsx:232
[   27720ms] [LOG] ACTIVE CALENDAR FILE: MonthlyCalendarGrid.tsx {cellHeight: 60, engine: DayIconCell (unified with home screen), viewMode: rings} @ webpack-internal:///(app-pages-browser)/./src/features/home/components/calendar/MonthlyCalendarGrid.tsx:160
[   27720ms] [LOG] ACTIVE CALENDAR FILE: MonthlyCalendarGrid.tsx {cellHeight: 60, engine: DayIconCell (unified with home screen), viewMode: rings} @ webpack-internal:///(app-pages-browser)/./src/features/home/components/calendar/MonthlyCalendarGrid.tsx:160
[   62090ms] [LOG] ACTIVE CALENDAR FILE: MonthlyCalendarGrid.tsx {cellHeight: 60, engine: DayIconCell (unified with home screen), viewMode: rings} @ webpack-internal:///(app-pages-browser)/./src/features/home/components/calendar/MonthlyCalendarGrid.tsx:160
[   62090ms] [LOG] ACTIVE CALENDAR FILE: MonthlyCalendarGrid.tsx {cellHeight: 60, engine: DayIconCell (unified with home screen), viewMode: rings} @ webpack-internal:///(app-pages-browser)/./src/features/home/components/calendar/MonthlyCalendarGrid.tsx:160
[  122097ms] [LOG] ACTIVE CALENDAR FILE: MonthlyCalendarGrid.tsx {cellHeight: 60, engine: DayIconCell (unified with home screen), viewMode: rings} @ webpack-internal:///(app-pages-browser)/./src/features/home/components/calendar/MonthlyCalendarGrid.tsx:160
[  122097ms] [LOG] ACTIVE CALENDAR FILE: MonthlyCalendarGrid.tsx {cellHeight: 60, engine: DayIconCell (unified with home screen), viewMode: rings} @ webpack-internal:///(app-pages-browser)/./src/features/home/components/calendar/MonthlyCalendarGrid.tsx:160
[  133379ms] [LOG] [Fast Refresh] rebuilding @ webpack-internal:///(app-pages-browser)/./node_modules/next/dist/client/components/react-dev-overlay/app/hot-reloader-client.js:186
[  136638ms] [LOG] ACTIVE CALENDAR FILE: MonthlyCalendarGrid.tsx {cellHeight: 60, engine: DayIconCell (unified with home screen), viewMode: rings} @ webpack-internal:///(app-pages-browser)/./src/features/home/components/calendar/MonthlyCalendarGrid.tsx:160
[  136639ms] [LOG] ACTIVE CALENDAR FILE: MonthlyCalendarGrid.tsx {cellHeight: 60, engine: DayIconCell (unified with home screen), viewMode: rings} @ webpack-internal:///(app-pages-browser)/./src/features/home/components/calendar/MonthlyCalendarGrid.tsx:160
[  136643ms] [LOG] [Fast Refresh] done in 3264ms @ webpack-internal:///(app-pages-browser)/./node_modules/next/dist/client/components/react-dev-overlay/app/hot-reloader-client.js:43
[  136644ms] [LOG] ACTIVE CALENDAR FILE: MonthlyCalendarGrid.tsx {cellHeight: 60, engine: DayIconCell (unified with home screen), viewMode: rings} @ webpack-internal:///(app-pages-browser)/./src/features/home/components/calendar/MonthlyCalendarGrid.tsx:160
[  136644ms] [LOG] ACTIVE CALENDAR FILE: MonthlyCalendarGrid.tsx {cellHeight: 60, engine: DayIconCell (unified with home screen), viewMode: rings} @ webpack-internal:///(app-pages-browser)/./src/features/home/components/calendar/MonthlyCalendarGrid.tsx:160
[  136887ms] [LOG] ACTIVE CALENDAR FILE: MonthlyCalendarGrid.tsx {cellHeight: 60, engine: DayIconCell (unified with home screen), viewMode: rings} @ webpack-internal:///(app-pages-browser)/./src/features/home/components/calendar/MonthlyCalendarGrid.tsx:160
[  136888ms] [LOG] ACTIVE CALENDAR FILE: MonthlyCalendarGrid.tsx {cellHeight: 60, engine: DayIconCell (unified with home screen), viewMode: rings} @ webpack-internal:///(app-pages-browser)/./src/features/home/components/calendar/MonthlyCalendarGrid.tsx:160
[  137230ms] [LOG] ACTIVE CALENDAR FILE: MonthlyCalendarGrid.tsx {cellHeight: 60, engine: DayIconCell (unified with home screen), viewMode: rings} @ webpack-internal:///(app-pages-browser)/./src/features/home/components/calendar/MonthlyCalendarGrid.tsx:160
[  137230ms] [LOG] ACTIVE CALENDAR FILE: MonthlyCalendarGrid.tsx {cellHeight: 60, engine: DayIconCell (unified with home screen), viewMode: rings} @ webpack-internal:///(app-pages-browser)/./src/features/home/components/calendar/MonthlyCalendarGrid.tsx:160
