persona,hour,event,extra_state,daily_count,push_fired,channel,suppressed_reason,deep_link_route
parent,0,friend-published-nearby,has_partner=true;has_nearby=true;privacy_mode=verified_global,0,NONE,community,quiet_hours,/map?openPark=<id> (or openRoute=<id>)
parent,0,friend-published-nearby,has_partner=true;has_nearby=true;privacy_mode=verified_global,1,NONE,community,quiet_hours,/map?openPark=<id> (or openRoute=<id>)
parent,0,friend-published-nearby,has_partner=true;has_nearby=true;privacy_mode=verified_global,2,NONE,community,quiet_hours,/map?openPark=<id> (or openRoute=<id>)
parent,0,friend-published-nearby,has_partner=true;has_nearby=true;privacy_mode=verified_global,3,NONE,community,quiet_hours,/map?openPark=<id> (or openRoute=<id>)
parent,0,friend-published-nearby,has_partner=true;has_nearby=true;privacy_mode=squad,0,NONE,community,quiet_hours,/map?openPark=<id> (or openRoute=<id>)
parent,0,friend-published-nearby,has_partner=true;has_nearby=true;privacy_mode=squad,1,NONE,community,quiet_hours,/map?openPark=<id> (or openRoute=<id>)
parent,0,friend-published-nearby,has_partner=true;has_nearby=true;privacy_mode=squad,2,NONE,community,quiet_hours,/map?openPark=<id> (or openRoute=<id>)
parent,0,friend-published-nearby,has_partner=true;has_nearby=true;privacy_mode=squad,3,NONE,community,quiet_hours,/map?openPark=<id> (or openRoute=<id>)
parent,0,friend-published-nearby,has_partner=true;has_nearby=true;privacy_mode=ghost,0,NONE,community,no_recipients,/map?openPark=<id> (or openRoute=<id>)
parent,0,friend-published-nearby,has_partner=true;has_nearby=true;privacy_mode=ghost,1,NONE,community,no_recipients,/map?openPark=<id> (or openRoute=<id>)
parent,0,friend-published-nearby,has_partner=true;has_nearby=true;privacy_mode=ghost,2,NONE,community,no_recipients,/map?openPark=<id> (or openRoute=<id>)
parent,0,friend-published-nearby,has_partner=true;has_nearby=true;privacy_mode=ghost,3,NONE,community,no_recipients,/map?openPark=<id> (or openRoute=<id>)
parent,0,friend-published-nearby,has_partner=true;has_nearby=false;privacy_mode=verified_global,0,NONE,community,quiet_hours,/map?openPark=<id> (or openRoute=<id>)
parent,0,friend-published-nearby,has_partner=true;has_nearby=false;privacy_mode=verified_global,1,NONE,community,quiet_hours,/map?openPark=<id> (or openRoute=<id>)
parent,0,friend-published-nearby,has_partner=true;has_nearby=false;privacy_mode=verified_global,2,NONE,community,quiet_hours,/map?openPark=<id> (or openRoute=<id>)
parent,0,friend-published-nearby,has_partner=true;has_nearby=false;privacy_mode=verified_global,3,NONE,community,quiet_hours,/map?openPark=<id> (or openRoute=<id>)
parent,0,friend-published-nearby,has_partner=true;has_nearby=false;privacy_mode=squad,0,NONE,community,quiet_hours,/map?openPark=<id> (or openRoute=<id>)
parent,0,friend-published-nearby,has_partner=true;has_nearby=false;privacy_mode=squad,1,NONE,community,quiet_hours,/map?openPark=<id> (or openRoute=<id>)
parent,0,friend-published-nearby,has_partner=true;has_nearby=false;privacy_mode=squad,2,NONE,community,quiet_hours,/map?openPark=<id> (or openRoute=<id>)
parent,0,friend-published-nearby,has_partner=true;has_nearby=false;privacy_mode=squad,3,NONE,community,quiet_hours,/map?openPark=<id> (or openRoute=<id>)
parent,0,friend-published-nearby,has_partner=true;has_nearby=false;privacy_mode=ghost,0,NONE,community,no_recipients,/map?openPark=<id> (or openRoute=<id>)
parent,0,friend-published-nearby,has_partner=true;has_nearby=false;privacy_mode=ghost,1,NONE,community,no_recipients,/map?openPark=<id> (or openRoute=<id>)
parent,0,friend-published-nearby,has_partner=true;has_nearby=false;privacy_mode=ghost,2,NONE,community,no_recipients,/map?openPark=<id> (or openRoute=<id>)
parent,0,friend-published-nearby,has_partner=true;has_nearby=false;privacy_mode=ghost,3,NONE,community,no_recipients,/map?openPark=<id> (or openRoute=<id>)
parent,0,friend-published-nearby,has_partner=false;has_nearby=true;privacy_mode=verified_global,0,NONE,community,quiet_hours,/map?openPark=<id> (or openRoute=<id>)
parent,0,friend-published-nearby,has_partner=false;has_nearby=true;privacy_mode=verified_global,1,NONE,community,quiet_hours,/map?openPark=<id> (or openRoute=<id>)
parent,0,friend-published-nearby,has_partner=false;has_nearby=true;privacy_mode=verified_global,2,NONE,community,quiet_hours,/map?openPark=<id> (or openRoute=<id>)
parent,0,friend-published-nearby,has_partner=false;has_nearby=true;privacy_mode=verified_global,3,NONE,community,quiet_hours,/map?openPark=<id> (or openRoute=<id>)
parent,0,friend-published-nearby,has_partner=false;has_nearby=true;privacy_mode=squad,0,NONE,community,no_recipients,/map?openPark=<id> (or openRoute=<id>)
parent,0,friend-published-nearby,has_partner=false;has_nearby=true;privacy_mode=squad,1,NONE,community,no_recipients,/map?openPark=<id> (or openRoute=<id>)
parent,0,friend-published-nearby,has_partner=false;has_nearby=true;privacy_mode=squad,2,NONE,community,no_recipients,/map?openPark=<id> (or openRoute=<id>)
parent,0,friend-published-nearby,has_partner=false;has_nearby=true;privacy_mode=squad,3,NONE,community,no_recipients,/map?openPark=<id> (or openRoute=<id>)
parent,0,friend-published-nearby,has_partner=false;has_nearby=true;privacy_mode=ghost,0,NONE,community,no_recipients,/map?openPark=<id> (or openRoute=<id>)
parent,0,friend-published-nearby,has_partner=false;has_nearby=true;privacy_mode=ghost,1,NONE,community,no_recipients,/map?openPark=<id> (or openRoute=<id>)
parent,0,friend-published-nearby,has_partner=false;has_nearby=true;privacy_mode=ghost,2,NONE,community,no_recipients,/map?openPark=<id> (or openRoute=<id>)
parent,0,friend-published-nearby,has_partner=false;has_nearby=true;privacy_mode=ghost,3,NONE,community,no_recipients,/map?openPark=<id> (or openRoute=<id>)
parent,0,friend-published-nearby,has_partner=false;has_nearby=false;privacy_mode=verified_global,0,NONE,community,no_recipients,/map?openPark=<id> (or openRoute=<id>)
parent,0,friend-published-nearby,has_partner=false;has_nearby=false;privacy_mode=verified_global,1,NONE,community,no_recipients,/map?openPark=<id> (or openRoute=<id>)
parent,0,friend-published-nearby,has_partner=false;has_nearby=false;privacy_mode=verified_global,2,NONE,community,no_recipients,/map?openPark=<id> (or openRoute=<id>)
parent,0,friend-published-nearby,has_partner=false;has_nearby=false;privacy_mode=verified_global,3,NONE,community,no_recipients,/map?openPark=<id> (or openRoute=<id>)
parent,0,friend-published-nearby,has_partner=false;has_nearby=false;privacy_mode=squad,0,NONE,community,no_recipients,/map?openPark=<id> (or openRoute=<id>)
parent,0,friend-published-nearby,has_partner=false;has_nearby=false;privacy_mode=squad,1,NONE,community,no_recipients,/map?openPark=<id> (or openRoute=<id>)
parent,0,friend-published-nearby,has_partner=false;has_nearby=false;privacy_mode=squad,2,NONE,community,no_recipients,/map?openPark=<id> (or openRoute=<id>)
parent,0,friend-published-nearby,has_partner=false;has_nearby=false;privacy_mode=squad,3,NONE,community,no_recipients,/map?openPark=<id> (or openRoute=<id>)
parent,0,friend-published-nearby,has_partner=false;has_nearby=false;privacy_mode=ghost,0,NONE,community,no_recipients,/map?openPark=<id> (or openRoute=<id>)
parent,0,friend-published-nearby,has_partner=false;has_nearby=false;privacy_mode=ghost,1,NONE,community,no_recipients,/map?openPark=<id> (or openRoute=<id>)
parent,0,friend-published-nearby,has_partner=false;has_nearby=false;privacy_mode=ghost,2,NONE,community,no_recipients,/map?openPark=<id> (or openRoute=<id>)
parent,0,friend-published-nearby,has_partner=false;has_nearby=false;privacy_mode=ghost,3,NONE,community,no_recipients,/map?openPark=<id> (or openRoute=<id>)
parent,1,friend-published-nearby,has_partner=true;has_nearby=true;privacy_mode=verified_global,0,NONE,community,quiet_hours,/map?openPark=<id> (or openRoute=<id>)
parent,1,friend-published-nearby,has_partner=true;has_nearby=true;privacy_mode=verified_global,1,NONE,community,quiet_hours,/map?openPark=<id> (or openRoute=<id>)
parent,1,friend-published-nearby,has_partner=true;has_nearby=true;privacy_mode=verified_global,2,NONE,community,quiet_hours,/map?openPark=<id> (or openRoute=<id>)
parent,1,friend-published-nearby,has_partner=true;has_nearby=true;privacy_mode=verified_global,3,NONE,community,quiet_hours,/map?openPark=<id> (or openRoute=<id>)
parent,1,friend-published-nearby,has_partner=true;has_nearby=true;privacy_mode=squad,0,NONE,community,quiet_hours,/map?openPark=<id> (or openRoute=<id>)
parent,1,friend-published-nearby,has_partner=true;has_nearby=true;privacy_mode=squad,1,NONE,community,quiet_hours,/map?openPark=<id> (or openRoute=<id>)
parent,1,friend-published-nearby,has_partner=true;has_nearby=true;privacy_mode=squad,2,NONE,community,quiet_hours,/map?openPark=<id> (or openRoute=<id>)
parent,1,friend-published-nearby,has_partner=true;has_nearby=true;privacy_mode=squad,3,NONE,community,quiet_hours,/map?openPark=<id> (or openRoute=<id>)
parent,1,friend-published-nearby,has_partner=true;has_nearby=true;privacy_mode=ghost,0,NONE,community,no_recipients,/map?openPark=<id> (or openRoute=<id>)
parent,1,friend-published-nearby,has_partner=true;has_nearby=true;privacy_mode=ghost,1,NONE,community,no_recipients,/map?openPark=<id> (or openRoute=<id>)
parent,1,friend-published-nearby,has_partner=true;has_nearby=true;privacy_mode=ghost,2,NONE,community,no_recipients,/map?openPark=<id> (or openRoute=<id>)
parent,1,friend-published-nearby,has_partner=true;has_nearby=true;privacy_mode=ghost,3,NONE,community,no_recipients,/map?openPark=<id> (or openRoute=<id>)
parent,1,friend-published-nearby,has_partner=true;has_nearby=false;privacy_mode=verified_global,0,NONE,community,quiet_hours,/map?openPark=<id> (or openRoute=<id>)
parent,1,friend-published-nearby,has_partner=true;has_nearby=false;privacy_mode=verified_global,1,NONE,community,quiet_hours,/map?openPark=<id> (or openRoute=<id>)
parent,1,friend-published-nearby,has_partner=true;has_nearby=false;privacy_mode=verified_global,2,NONE,community,quiet_hours,/map?openPark=<id> (or openRoute=<id>)
parent,1,friend-published-nearby,has_partner=true;has_nearby=false;privacy_mode=verified_global,3,NONE,community,quiet_hours,/map?openPark=<id> (or openRoute=<id>)
parent,1,friend-published-nearby,has_partner=true;has_nearby=false;privacy_mode=squad,0,NONE,community,quiet_hours,/map?openPark=<id> (or openRoute=<id>)
parent,1,friend-published-nearby,has_partner=true;has_nearby=false;privacy_mode=squad,1,NONE,community,quiet_hours,/map?openPark=<id> (or openRoute=<id>)
parent,1,friend-published-nearby,has_partner=true;has_nearby=false;privacy_mode=squad,2,NONE,community,quiet_hours,/map?openPark=<id> (or openRoute=<id>)
parent,1,friend-published-nearby,has_partner=true;has_nearby=false;privacy_mode=squad,3,NONE,community,quiet_hours,/map?openPark=<id> (or openRoute=<id>)
parent,1,friend-published-nearby,has_partner=true;has_nearby=false;privacy_mode=ghost,0,NONE,community,no_recipients,/map?openPark=<id> (or openRoute=<id>)
parent,1,friend-published-nearby,has_partner=true;has_nearby=false;privacy_mode=ghost,1,NONE,community,no_recipients,/map?openPark=<id> (or openRoute=<id>)
parent,1,friend-published-nearby,has_partner=true;has_nearby=false;privacy_mode=ghost,2,NONE,community,no_recipients,/map?openPark=<id> (or openRoute=<id>)
parent,1,friend-published-nearby,has_partner=true;has_nearby=false;privacy_mode=ghost,3,NONE,community,no_recipients,/map?openPark=<id> (or openRoute=<id>)
parent,1,friend-published-nearby,has_partner=false;has_nearby=true;privacy_mode=verified_global,0,NONE,community,quiet_hours,/map?openPark=<id> (or openRoute=<id>)
parent,1,friend-published-nearby,has_partner=false;has_nearby=true;privacy_mode=verified_global,1,NONE,community,quiet_hours,/map?openPark=<id> (or openRoute=<id>)
parent,1,friend-published-nearby,has_partner=false;has_nearby=true;privacy_mode=verified_global,2,NONE,community,quiet_hours,/map?openPark=<id> (or openRoute=<id>)
parent,1,friend-published-nearby,has_partner=false;has_nearby=true;privacy_mode=verified_global,3,NONE,community,quiet_hours,/map?openPark=<id> (or openRoute=<id>)
parent,1,friend-published-nearby,has_partner=false;has_nearby=true;privacy_mode=squad,0,NONE,community,no_recipients,/map?openPark=<id> (or openRoute=<id>)
parent,1,friend-published-nearby,has_partner=false;has_nearby=true;privacy_mode=squad,1,NONE,community,no_recipients,/map?openPark=<id> (or openRoute=<id>)
parent,1,friend-published-nearby,has_partner=false;has_nearby=true;privacy_mode=squad,2,NONE,community,no_recipients,/map?openPark=<id> (or openRoute=<id>)
parent,1,friend-published-nearby,has_partner=false;has_nearby=true;privacy_mode=squad,3,NONE,community,no_recipients,/map?openPark=<id> (or openRoute=<id>)
parent,1,friend-published-nearby,has_partner=false;has_nearby=true;privacy_mode=ghost,0,NONE,community,no_recipients,/map?openPark=<id> (or openRoute=<id>)
parent,1,friend-published-nearby,has_partner=false;has_nearby=true;privacy_mode=ghost,1,NONE,community,no_recipients,/map?openPark=<id> (or openRoute=<id>)
parent,1,friend-published-nearby,has_partner=false;has_nearby=true;privacy_mode=ghost,2,NONE,community,no_recipients,/map?openPark=<id> (or openRoute=<id>)
parent,1,friend-published-nearby,has_partner=false;has_nearby=true;privacy_mode=ghost,3,NONE,community,no_recipients,/map?openPark=<id> (or openRoute=<id>)
parent,1,friend-published-nearby,has_partner=false;has_nearby=false;privacy_mode=verified_global,0,NONE,community,no_recipients,/map?openPark=<id> (or openRoute=<id>)
parent,1,friend-published-nearby,has_partner=false;has_nearby=false;privacy_mode=verified_global,1,NONE,community,no_recipients,/map?openPark=<id> (or openRoute=<id>)
parent,1,friend-published-nearby,has_partner=false;has_nearby=false;privacy_mode=verified_global,2,NONE,community,no_recipients,/map?openPark=<id> (or openRoute=<id>)
parent,1,friend-published-nearby,has_partner=false;has_nearby=false;privacy_mode=verified_global,3,NONE,community,no_recipients,/map?openPark=<id> (or openRoute=<id>)
parent,1,friend-published-nearby,has_partner=false;has_nearby=false;privacy_mode=squad,0,NONE,community,no_recipients,/map?openPark=<id> (or openRoute=<id>)
parent,1,friend-published-nearby,has_partner=false;has_nearby=false;privacy_mode=squad,1,NONE,community,no_recipients,/map?openPark=<id> (or openRoute=<id>)
parent,1,friend-published-nearby,has_partner=false;has_nearby=false;privacy_mode=squad,2,NONE,community,no_recipients,/map?openPark=<id> (or openRoute=<id>)
parent,1,friend-published-nearby,has_partner=false;has_nearby=false;privacy_mode=squad,3,NONE,community,no_recipients,/map?openPark=<id> (or openRoute=<id>)
parent,1,friend-published-nearby,has_partner=false;has_nearby=false;privacy_mode=ghost,0,NONE,community,no_recipients,/map?openPark=<id> (or openRoute=<id>)
parent,1,friend-published-nearby,has_partner=false;has_nearby=false;privacy_mode=ghost,1,NONE,community,no_recipients,/map?openPark=<id> (or openRoute=<id>)
parent,1,friend-published-nearby,has_partner=false;has_nearby=false;privacy_mode=ghost,2,NONE,community,no_recipients,/map?openPark=<id> (or openRoute=<id>)
parent,1,friend-published-nearby,has_partner=false;has_nearby=false;privacy_mode=ghost,3,NONE,community,no_recipients,/map?openPark=<id> (or openRoute=<id>)
parent,2,friend-published-nearby,has_partner=true;has_nearby=true;privacy_mode=verified_global,0,NONE,community,quiet_hours,/map?openPark=<id> (or openRoute=<id>)
parent,2,friend-published-nearby,has_partner=true;has_nearby=true;privacy_mode=verified_global,1,NONE,community,quiet_hours,/map?openPark=<id> (or openRoute=<id>)
parent,2,friend-published-nearby,has_partner=true;has_nearby=true;privacy_mode=verified_global,2,NONE,community,quiet_hours,/map?openPark=<id> (or openRoute=<id>)
parent,2,friend-published-nearby,has_partner=true;has_nearby=true;privacy_mode=verified_global,3,NONE,community,quiet_hours,/map?openPark=<id> (or openRoute=<id>)
parent,2,friend-published-nearby,has_partner=true;has_nearby=true;privacy_mode=squad,0,NONE,community,quiet_hours,/map?openPark=<id> (or openRoute=<id>)
parent,2,friend-published-nearby,has_partner=true;has_nearby=true;privacy_mode=squad,1,NONE,community,quiet_hours,/map?openPark=<id> (or openRoute=<id>)
parent,2,friend-published-nearby,has_partner=true;has_nearby=true;privacy_mode=squad,2,NONE,community,quiet_hours,/map?openPark=<id> (or openRoute=<id>)
parent,2,friend-published-nearby,has_partner=true;has_nearby=true;privacy_mode=squad,3,NONE,community,quiet_hours,/map?openPark=<id> (or openRoute=<id>)
parent,2,friend-published-nearby,has_partner=true;has_nearby=true;privacy_mode=ghost,0,NONE,community,no_recipients,/map?openPark=<id> (or openRoute=<id>)
parent,2,friend-published-nearby,has_partner=true;has_nearby=true;privacy_mode=ghost,1,NONE,community,no_recipients,/map?openPark=<id> (or openRoute=<id>)
parent,2,friend-published-nearby,has_partner=true;has_nearby=true;privacy_mode=ghost,2,NONE,community,no_recipients,/map?openPark=<id> (or openRoute=<id>)
parent,2,friend-published-nearby,has_partner=true;has_nearby=true;privacy_mode=ghost,3,NONE,community,no_recipients,/map?openPark=<id> (or openRoute=<id>)
parent,2,friend-published-nearby,has_partner=true;has_nearby=false;privacy_mode=verified_global,0,NONE,community,quiet_hours,/map?openPark=<id> (or openRoute=<id>)
parent,2,friend-published-nearby,has_partner=true;has_nearby=false;privacy_mode=verified_global,1,NONE,community,quiet_hours,/map?openPark=<id> (or openRoute=<id>)
parent,2,friend-published-nearby,has_partner=true;has_nearby=false;privacy_mode=verified_global,2,NONE,community,quiet_hours,/map?openPark=<id> (or openRoute=<id>)
parent,2,friend-published-nearby,has_partner=true;has_nearby=false;privacy_mode=verified_global,3,NONE,community,quiet_hours,/map?openPark=<id> (or openRoute=<id>)
parent,2,friend-published-nearby,has_partner=true;has_nearby=false;privacy_mode=squad,0,NONE,community,quiet_hours,/map?openPark=<id> (or openRoute=<id>)
parent,2,friend-published-nearby,has_partner=true;has_nearby=false;privacy_mode=squad,1,NONE,community,quiet_hours,/map?openPark=<id> (or openRoute=<id>)
parent,2,friend-published-nearby,has_partner=true;has_nearby=false;privacy_mode=squad,2,NONE,community,quiet_hours,/map?openPark=<id> (or openRoute=<id>)
parent,2,friend-published-nearby,has_partner=true;has_nearby=false;privacy_mode=squad,3,NONE,community,quiet_hours,/map?openPark=<id> (or openRoute=<id>)
parent,2,friend-published-nearby,has_partner=true;has_nearby=false;privacy_mode=ghost,0,NONE,community,no_recipients,/map?openPark=<id> (or openRoute=<id>)
parent,2,friend-published-nearby,has_partner=true;has_nearby=false;privacy_mode=ghost,1,NONE,community,no_recipients,/map?openPark=<id> (or openRoute=<id>)
parent,2,friend-published-nearby,has_partner=true;has_nearby=false;privacy_mode=ghost,2,NONE,community,no_recipients,/map?openPark=<id> (or openRoute=<id>)
parent,2,friend-published-nearby,has_partner=true;has_nearby=false;privacy_mode=ghost,3,NONE,community,no_recipients,/map?openPark=<id> (or openRoute=<id>)
parent,2,friend-published-nearby,has_partner=false;has_nearby=true;privacy_mode=verified_global,0,NONE,community,quiet_hours,/map?openPark=<id> (or openRoute=<id>)
parent,2,friend-published-nearby,has_partner=false;has_nearby=true;privacy_mode=verified_global,1,NONE,community,quiet_hours,/map?openPark=<id> (or openRoute=<id>)
parent,2,friend-published-nearby,has_partner=false;has_nearby=true;privacy_mode=verified_global,2,NONE,community,quiet_hours,/map?openPark=<id> (or openRoute=<id>)
parent,2,friend-published-nearby,has_partner=false;has_nearby=true;privacy_mode=verified_global,3,NONE,community,quiet_hours,/map?openPark=<id> (or openRoute=<id>)
parent,2,friend-published-nearby,has_partner=false;has_nearby=true;privacy_mode=squad,0,NONE,community,no_recipients,/map?openPark=<id> (or openRoute=<id>)
parent,2,friend-published-nearby,has_partner=false;has_nearby=true;privacy_mode=squad,1,NONE,community,no_recipients,/map?openPark=<id> (or openRoute=<id>)
parent,2,friend-published-nearby,has_partner=false;has_nearby=true;privacy_mode=squad,2,NONE,community,no_recipients,/map?openPark=<id> (or openRoute=<id>)
parent,2,friend-published-nearby,has_partner=false;has_nearby=true;privacy_mode=squad,3,NONE,community,no_recipients,/map?openPark=<id> (or openRoute=<id>)
parent,2,friend-published-nearby,has_partner=false;has_nearby=true;privacy_mode=ghost,0,NONE,community,no_recipients,/map?openPark=<id> (or openRoute=<id>)
parent,2,friend-published-nearby,has_partner=false;has_nearby=true;privacy_mode=ghost,1,NONE,community,no_recipients,/map?openPark=<id> (or openRoute=<id>)
parent,2,friend-published-nearby,has_partner=false;has_nearby=true;privacy_mode=ghost,2,NONE,community,no_recipients,/map?openPark=<id> (or openRoute=<id>)
parent,2,friend-published-nearby,has_partner=false;has_nearby=true;privacy_mode=ghost,3,NONE,community,no_recipients,/map?openPark=<id> (or openRoute=<id>)
parent,2,friend-published-nearby,has_partner=false;has_nearby=false;privacy_mode=verified_global,0,NONE,community,no_recipients,/map?openPark=<id> (or openRoute=<id>)
parent,2,friend-published-nearby,has_partner=false;has_nearby=false;privacy_mode=verified_global,1,NONE,community,no_recipients,/map?openPark=<id> (or openRoute=<id>)
parent,2,friend-published-nearby,has_partner=false;has_nearby=false;privacy_mode=verified_global,2,NONE,community,no_recipients,/map?openPark=<id> (or openRoute=<id>)
parent,2,friend-published-nearby,has_partner=false;has_nearby=false;privacy_mode=verified_global,3,NONE,community,no_recipients,/map?openPark=<id> (or openRoute=<id>)
parent,2,friend-published-nearby,has_partner=false;has_nearby=false;privacy_mode=squad,0,NONE,community,no_recipients,/map?openPark=<id> (or openRoute=<id>)
parent,2,friend-published-nearby,has_partner=false;has_nearby=false;privacy_mode=squad,1,NONE,community,no_recipients,/map?openPark=<id> (or openRoute=<id>)
parent,2,friend-published-nearby,has_partner=false;has_nearby=false;privacy_mode=squad,2,NONE,community,no_recipients,/map?openPark=<id> (or openRoute=<id>)
parent,2,friend-published-nearby,has_partner=false;has_nearby=false;privacy_mode=squad,3,NONE,community,no_recipients,/map?openPark=<id> (or openRoute=<id>)
parent,2,friend-published-nearby,has_partner=false;has_nearby=false;privacy_mode=ghost,0,NONE,community,no_recipients,/map?openPark=<id> (or openRoute=<id>)
parent,2,friend-published-nearby,has_partner=false;has_nearby=false;privacy_mode=ghost,1,NONE,community,no_recipients,/map?openPark=<id> (or openRoute=<id>)
parent,2,friend-published-nearby,has_partner=false;has_nearby=false;privacy_mode=ghost,2,NONE,community,no_recipients,/map?openPark=<id> (or openRoute=<id>)
parent,2,friend-published-nearby,has_partner=false;has_nearby=false;privacy_mode=ghost,3,NONE,community,no_recipients,/map?openPark=<id> (or openRoute=<id>)
parent,3,friend-published-nearby,has_partner=true;has_nearby=true;privacy_mode=verified_global,0,NONE,community,quiet_hours,/map?openPark=<id> (or openRoute=<id>)
parent,3,friend-published-nearby,has_partner=true;has_nearby=true;privacy_mode=verified_global,1,NONE,community,quiet_hours,/map?openPark=<id> (or openRoute=<id>)
parent,3,friend-published-nearby,has_partner=true;has_nearby=true;privacy_mode=verified_global,2,NONE,community,quiet_hours,/map?openPark=<id> (or openRoute=<id>)
parent,3,friend-published-nearby,has_partner=true;has_nearby=true;privacy_mode=verified_global,3,NONE,community,quiet_hours,/map?openPark=<id> (or openRoute=<id>)
parent,3,friend-published-nearby,has_partner=true;has_nearby=true;privacy_mode=squad,0,NONE,community,quiet_hours,/map?openPark=<id> (or openRoute=<id>)
parent,3,friend-published-nearby,has_partner=true;has_nearby=true;privacy_mode=squad,1,NONE,community,quiet_hours,/map?openPark=<id> (or openRoute=<id>)
parent,3,friend-published-nearby,has_partner=true;has_nearby=true;privacy_mode=squad,2,NONE,community,quiet_hours,/map?openPark=<id> (or openRoute=<id>)
parent,3,friend-published-nearby,has_partner=true;has_nearby=true;privacy_mode=squad,3,NONE,community,quiet_hours,/map?openPark=<id> (or openRoute=<id>)
parent,3,friend-published-nearby,has_partner=true;has_nearby=true;privacy_mode=ghost,0,NONE,community,no_recipients,/map?openPark=<id> (or openRoute=<id>)
parent,3,friend-published-nearby,has_partner=true;has_nearby=true;privacy_mode=ghost,1,NONE,community,no_recipients,/map?openPark=<id> (or openRoute=<id>)
parent,3,friend-published-nearby,has_partner=true;has_nearby=true;privacy_mode=ghost,2,NONE,community,no_recipients,/map?openPark=<id> (or openRoute=<id>)
parent,3,friend-published-nearby,has_partner=true;has_nearby=true;privacy_mode=ghost,3,NONE,community,no_recipients,/map?openPark=<id> (or openRoute=<id>)
parent,3,friend-published-nearby,has_partner=true;has_nearby=false;privacy_mode=verified_global,0,NONE,community,quiet_hours,/map?openPark=<id> (or openRoute=<id>)
parent,3,friend-published-nearby,has_partner=true;has_nearby=false;privacy_mode=verified_global,1,NONE,community,quiet_hours,/map?openPark=<id> (or openRoute=<id>)
parent,3,friend-published-nearby,has_partner=true;has_nearby=false;privacy_mode=verified_global,2,NONE,community,quiet_hours,/map?openPark=<id> (or openRoute=<id>)
parent,3,friend-published-nearby,has_partner=true;has_nearby=false;privacy_mode=verified_global,3,NONE,community,quiet_hours,/map?openPark=<id> (or openRoute=<id>)
parent,3,friend-published-nearby,has_partner=true;has_nearby=false;privacy_mode=squad,0,NONE,community,quiet_hours,/map?openPark=<id> (or openRoute=<id>)
parent,3,friend-published-nearby,has_partner=true;has_nearby=false;privacy_mode=squad,1,NONE,community,quiet_hours,/map?openPark=<id> (or openRoute=<id>)
parent,3,friend-published-nearby,has_partner=true;has_nearby=false;privacy_mode=squad,2,NONE,community,quiet_hours,/map?openPark=<id> (or openRoute=<id>)
parent,3,friend-published-nearby,has_partner=true;has_nearby=false;privacy_mode=squad,3,NONE,community,quiet_hours,/map?openPark=<id> (or openRoute=<id>)
parent,3,friend-published-nearby,has_partner=true;has_nearby=false;privacy_mode=ghost,0,NONE,community,no_recipients,/map?openPark=<id> (or openRoute=<id>)
parent,3,friend-published-nearby,has_partner=true;has_nearby=false;privacy_mode=ghost,1,NONE,community,no_recipients,/map?openPark=<id> (or openRoute=<id>)
parent,3,friend-published-nearby,has_partner=true;has_nearby=false;privacy_mode=ghost,2,NONE,community,no_recipients,/map?openPark=<id> (or openRoute=<id>)
parent,3,friend-published-nearby,has_partner=true;has_nearby=false;privacy_mode=ghost,3,NONE,community,no_recipients,/map?openPark=<id> (or openRoute=<id>)
parent,3,friend-published-nearby,has_partner=false;has_nearby=true;privacy_mode=verified_global,0,NONE,community,quiet_hours,/map?openPark=<id> (or openRoute=<id>)
parent,3,friend-published-nearby,has_partner=false;has_nearby=true;privacy_mode=verified_global,1,NONE,community,quiet_hours,/map?openPark=<id> (or openRoute=<id>)
parent,3,friend-published-nearby,has_partner=false;has_nearby=true;privacy_mode=verified_global,2,NONE,community,quiet_hours,/map?openPark=<id> (or openRoute=<id>)
parent,3,friend-published-nearby,has_partner=false;has_nearby=true;privacy_mode=verified_global,3,NONE,community,quiet_hours,/map?openPark=<id> (or openRoute=<id>)
parent,3,friend-published-nearby,has_partner=false;has_nearby=true;privacy_mode=squad,0,NONE,community,no_recipients,/map?openPark=<id> (or openRoute=<id>)
parent,3,friend-published-nearby,has_partner=false;has_nearby=true;privacy_mode=squad,1,NONE,community,no_recipients,/map?openPark=<id> (or openRoute=<id>)
parent,3,friend-published-nearby,has_partner=false;has_nearby=true;privacy_mode=squad,2,NONE,community,no_recipients,/map?openPark=<id> (or openRoute=<id>)
parent,3,friend-published-nearby,has_partner=false;has_nearby=true;privacy_mode=squad,3,NONE,community,no_recipients,/map?openPark=<id> (or openRoute=<id>)
parent,3,friend-published-nearby,has_partner=false;has_nearby=true;privacy_mode=ghost,0,NONE,community,no_recipients,/map?openPark=<id> (or openRoute=<id>)
parent,3,friend-published-nearby,has_partner=false;has_nearby=true;privacy_mode=ghost,1,NONE,community,no_recipients,/map?openPark=<id> (or openRoute=<id>)
parent,3,friend-published-nearby,has_partner=false;has_nearby=true;privacy_mode=ghost,2,NONE,community,no_recipients,/map?openPark=<id> (or openRoute=<id>)
parent,3,friend-published-nearby,has_partner=false;has_nearby=true;privacy_mode=ghost,3,NONE,community,no_recipients,/map?openPark=<id> (or openRoute=<id>)
parent,3,friend-published-nearby,has_partner=false;has_nearby=false;privacy_mode=verified_global,0,NONE,community,no_recipients,/map?openPark=<id> (or openRoute=<id>)
parent,3,friend-published-nearby,has_partner=false;has_nearby=false;privacy_mode=verified_global,1,NONE,community,no_recipients,/map?openPark=<id> (or openRoute=<id>)
parent,3,friend-published-nearby,has_partner=false;has_nearby=false;privacy_mode=verified_global,2,NONE,community,no_recipients,/map?openPark=<id> (or openRoute=<id>)
parent,3,friend-published-nearby,has_partner=false;has_nearby=false;privacy_mode=verified_global,3,NONE,community,no_recipients,/map?openPark=<id> (or openRoute=<id>)
parent,3,friend-published-nearby,has_partner=false;has_nearby=false;privacy_mode=squad,0,NONE,community,no_recipients,/map?openPark=<id> (or openRoute=<id>)
parent,3,friend-published-nearby,has_partner=false;has_nearby=false;privacy_mode=squad,1,NONE,community,no_recipients,/map?openPark=<id> (or openRoute=<id>)
parent,3,friend-published-nearby,has_partner=false;has_nearby=false;privacy_mode=squad,2,NONE,community,no_recipients,/map?openPark=<id> (or openRoute=<id>)
parent,3,friend-published-nearby,has_partner=false;has_nearby=false;privacy_mode=squad,3,NONE,community,no_recipients,/map?openPark=<id> (or openRoute=<id>)
parent,3,friend-published-nearby,has_partner=false;has_nearby=false;privacy_mode=ghost,0,NONE,community,no_recipients,/map?openPark=<id> (or openRoute=<id>)
parent,3,friend-published-nearby,has_partner=false;has_nearby=false;privacy_mode=ghost,1,NONE,community,no_recipients,/map?openPark=<id> (or openRoute=<id>)
parent,3,friend-published-nearby,has_partner=false;has_nearby=false;privacy_mode=ghost,2,NONE,community,no_recipients,/map?openPark=<id> (or openRoute=<id>)
parent,3,friend-published-nearby,has_partner=false;has_nearby=false;privacy_mode=ghost,3,NONE,community,no_recipients,/map?openPark=<id> (or openRoute=<id>)
parent,4,friend-published-nearby,has_partner=true;has_nearby=true;privacy_mode=verified_global,0,NONE,community,quiet_hours,/map?openPark=<id> (or openRoute=<id>)
parent,4,friend-published-nearby,has_partner=true;has_nearby=true;privacy_mode=verified_global,1,NONE,community,quiet_hours,/map?openPark=<id> (or openRoute=<id>)
parent,4,friend-published-nearby,has_partner=true;has_nearby=true;privacy_mode=verified_global,2,NONE,community,quiet_hours,/map?openPark=<id> (or openRoute=<id>)
parent,4,friend-published-nearby,has_partner=true;has_nearby=true;privacy_mode=verified_global,3,NONE,community,quiet_hours,/map?openPark=<id> (or openRoute=<id>)
parent,4,friend-published-nearby,has_partner=true;has_nearby=true;privacy_mode=squad,0,NONE,community,quiet_hours,/map?openPark=<id> (or openRoute=<id>)
parent,4,friend-published-nearby,has_partner=true;has_nearby=true;privacy_mode=squad,1,NONE,community,quiet_hours,/map?openPark=<id> (or openRoute=<id>)
parent,4,friend-published-nearby,has_partner=true;has_nearby=true;privacy_mode=squad,2,NONE,community,quiet_hours,/map?openPark=<id> (or openRoute=<id>)
parent,4,friend-published-nearby,has_partner=true;has_nearby=true;privacy_mode=squad,3,NONE,community,quiet_hours,/map?openPark=<id> (or openRoute=<id>)
parent,4,friend-published-nearby,has_partner=true;has_nearby=true;privacy_mode=ghost,0,NONE,community,no_recipients,/map?openPark=<id> (or openRoute=<id>)
parent,4,friend-published-nearby,has_partner=true;has_nearby=true;privacy_mode=ghost,1,NONE,community,no_recipients,/map?openPark=<id> (or openRoute=<id>)
parent,4,friend-published-nearby,has_partner=true;has_nearby=true;privacy_mode=ghost,2,NONE,community,no_recipients,/map?openPark=<id> (or openRoute=<id>)
parent,4,friend-published-nearby,has_partner=true;has_nearby=true;privacy_mode=ghost,3,NONE,community,no_recipients,/map?openPark=<id> (or openRoute=<id>)
parent,4,friend-published-nearby,has_partner=true;has_nearby=false;privacy_mode=verified_global,0,NONE,community,quiet_hours,/map?openPark=<id> (or openRoute=<id>)
parent,4,friend-published-nearby,has_partner=true;has_nearby=false;privacy_mode=verified_global,1,NONE,community,quiet_hours,/map?openPark=<id> (or openRoute=<id>)
parent,4,friend-published-nearby,has_partner=true;has_nearby=false;privacy_mode=verified_global,2,NONE,community,quiet_hours,/map?openPark=<id> (or openRoute=<id>)
parent,4,friend-published-nearby,has_partner=true;has_nearby=false;privacy_mode=verified_global,3,NONE,community,quiet_hours,/map?openPark=<id> (or openRoute=<id>)
parent,4,friend-published-nearby,has_partner=true;has_nearby=false;privacy_mode=squad,0,NONE,community,quiet_hours,/map?openPark=<id> (or openRoute=<id>)
parent,4,friend-published-nearby,has_partner=true;has_nearby=false;privacy_mode=squad,1,NONE,community,quiet_hours,/map?openPark=<id> (or openRoute=<id>)
parent,4,friend-published-nearby,has_partner=true;has_nearby=false;privacy_mode=squad,2,NONE,community,quiet_hours,/map?openPark=<id> (or openRoute=<id>)
parent,4,friend-published-nearby,has_partner=true;has_nearby=false;privacy_mode=squad,3,NONE,community,quiet_hours,/map?openPark=<id> (or openRoute=<id>)
parent,4,friend-published-nearby,has_partner=true;has_nearby=false;privacy_mode=ghost,0,NONE,community,no_recipients,/map?openPark=<id> (or openRoute=<id>)
parent,4,friend-published-nearby,has_partner=true;has_nearby=false;privacy_mode=ghost,1,NONE,community,no_recipients,/map?openPark=<id> (or openRoute=<id>)
parent,4,friend-published-nearby,has_partner=true;has_nearby=false;privacy_mode=ghost,2,NONE,community,no_recipients,/map?openPark=<id> (or openRoute=<id>)
parent,4,friend-published-nearby,has_partner=true;has_nearby=false;privacy_mode=ghost,3,NONE,community,no_recipients,/map?openPark=<id> (or openRoute=<id>)
parent,4,friend-published-nearby,has_partner=false;has_nearby=true;privacy_mode=verified_global,0,NONE,community,quiet_hours,/map?openPark=<id> (or openRoute=<id>)
parent,4,friend-published-nearby,has_partner=false;has_nearby=true;privacy_mode=verified_global,1,NONE,community,quiet_hours,/map?openPark=<id> (or openRoute=<id>)
parent,4,friend-published-nearby,has_partner=false;has_nearby=true;privacy_mode=verified_global,2,NONE,community,quiet_hours,/map?openPark=<id> (or openRoute=<id>)
parent,4,friend-published-nearby,has_partner=false;has_nearby=true;privacy_mode=verified_global,3,NONE,community,quiet_hours,/map?openPark=<id> (or openRoute=<id>)
parent,4,friend-published-nearby,has_partner=false;has_nearby=true;privacy_mode=squad,0,NONE,community,no_recipients,/map?openPark=<id> (or openRoute=<id>)
parent,4,friend-published-nearby,has_partner=false;has_nearby=true;privacy_mode=squad,1,NONE,community,no_recipients,/map?openPark=<id> (or openRoute=<id>)
parent,4,friend-published-nearby,has_partner=false;has_nearby=true;privacy_mode=squad,2,NONE,community,no_recipients,/map?openPark=<id> (or openRoute=<id>)
parent,4,friend-published-nearby,has_partner=false;has_nearby=true;privacy_mode=squad,3,NONE,community,no_recipients,/map?openPark=<id> (or openRoute=<id>)
parent,4,friend-published-nearby,has_partner=false;has_nearby=true;privacy_mode=ghost,0,NONE,community,no_recipients,/map?openPark=<id> (or openRoute=<id>)
parent,4,friend-published-nearby,has_partner=false;has_nearby=true;privacy_mode=ghost,1,NONE,community,no_recipients,/map?openPark=<id> (or openRoute=<id>)
parent,4,friend-published-nearby,has_partner=false;has_nearby=true;privacy_mode=ghost,2,NONE,community,no_recipients,/map?openPark=<id> (or openRoute=<id>)
parent,4,friend-published-nearby,has_partner=false;has_nearby=true;privacy_mode=ghost,3,NONE,community,no_recipients,/map?openPark=<id> (or openRoute=<id>)
parent,4,friend-published-nearby,has_partner=false;has_nearby=false;privacy_mode=verified_global,0,NONE,community,no_recipients,/map?openPark=<id> (or openRoute=<id>)
parent,4,friend-published-nearby,has_partner=false;has_nearby=false;privacy_mode=verified_global,1,NONE,community,no_recipients,/map?openPark=<id> (or openRoute=<id>)
parent,4,friend-published-nearby,has_partner=false;has_nearby=false;privacy_mode=verified_global,2,NONE,community,no_recipients,/map?openPark=<id> (or openRoute=<id>)
parent,4,friend-published-nearby,has_partner=false;has_nearby=false;privacy_mode=verified_global,3,NONE,community,no_recipients,/map?openPark=<id> (or openRoute=<id>)
parent,4,friend-published-nearby,has_partner=false;has_nearby=false;privacy_mode=squad,0,NONE,community,no_recipients,/map?openPark=<id> (or openRoute=<id>)
parent,4,friend-published-nearby,has_partner=false;has_nearby=false;privacy_mode=squad,1,NONE,community,no_recipients,/map?openPark=<id> (or openRoute=<id>)
parent,4,friend-published-nearby,has_partner=false;has_nearby=false;privacy_mode=squad,2,NONE,community,no_recipients,/map?openPark=<id> (or openRoute=<id>)
parent,4,friend-published-nearby,has_partner=false;has_nearby=false;privacy_mode=squad,3,NONE,community,no_recipients,/map?openPark=<id> (or openRoute=<id>)
parent,4,friend-published-nearby,has_partner=false;has_nearby=false;privacy_mode=ghost,0,NONE,community,no_recipients,/map?openPark=<id> (or openRoute=<id>)
parent,4,friend-published-nearby,has_partner=false;has_nearby=false;privacy_mode=ghost,1,NONE,community,no_recipients,/map?openPark=<id> (or openRoute=<id>)
parent,4,friend-published-nearby,has_partner=false;has_nearby=false;privacy_mode=ghost,2,NONE,community,no_recipients,/map?openPark=<id> (or openRoute=<id>)
parent,4,friend-published-nearby,has_partner=false;has_nearby=false;privacy_mode=ghost,3,NONE,community,no_recipients,/map?openPark=<id> (or openRoute=<id>)
parent,5,friend-published-nearby,has_partner=true;has_nearby=true;privacy_mode=verified_global,0,NONE,community,quiet_hours,/map?openPark=<id> (or openRoute=<id>)
parent,5,friend-published-nearby,has_partner=true;has_nearby=true;privacy_mode=verified_global,1,NONE,community,quiet_hours,/map?openPark=<id> (or openRoute=<id>)
parent,5,friend-published-nearby,has_partner=true;has_nearby=true;privacy_mode=verified_global,2,NONE,community,quiet_hours,/map?openPark=<id> (or openRoute=<id>)
parent,5,friend-published-nearby,has_partner=true;has_nearby=true;privacy_mode=verified_global,3,NONE,community,quiet_hours,/map?openPark=<id> (or openRoute=<id>)
parent,5,friend-published-nearby,has_partner=true;has_nearby=true;privacy_mode=squad,0,NONE,community,quiet_hours,/map?openPark=<id> (or openRoute=<id>)
parent,5,friend-published-nearby,has_partner=true;has_nearby=true;privacy_mode=squad,1,NONE,community,quiet_hours,/map?openPark=<id> (or openRoute=<id>)
parent,5,friend-published-nearby,has_partner=true;has_nearby=true;privacy_mode=squad,2,NONE,community,quiet_hours,/map?openPark=<id> (or openRoute=<id>)
parent,5,friend-published-nearby,has_partner=true;has_nearby=true;privacy_mode=squad,3,NONE,community,quiet_hours,/map?openPark=<id> (or openRoute=<id>)
parent,5,friend-published-nearby,has_partner=true;has_nearby=true;privacy_mode=ghost,0,NONE,community,no_recipients,/map?openPark=<id> (or openRoute=<id>)
parent,5,friend-published-nearby,has_partner=true;has_nearby=true;privacy_mode=ghost,1,NONE,community,no_recipients,/map?openPark=<id> (or openRoute=<id>)
parent,5,friend-published-nearby,has_partner=true;has_nearby=true;privacy_mode=ghost,2,NONE,community,no_recipients,/map?openPark=<id> (or openRoute=<id>)
parent,5,friend-published-nearby,has_partner=true;has_nearby=true;privacy_mode=ghost,3,NONE,community,no_recipients,/map?openPark=<id> (or openRoute=<id>)
parent,5,friend-published-nearby,has_partner=true;has_nearby=false;privacy_mode=verified_global,0,NONE,community,quiet_hours,/map?openPark=<id> (or openRoute=<id>)
parent,5,friend-published-nearby,has_partner=true;has_nearby=false;privacy_mode=verified_global,1,NONE,community,quiet_hours,/map?openPark=<id> (or openRoute=<id>)
parent,5,friend-published-nearby,has_partner=true;has_nearby=false;privacy_mode=verified_global,2,NONE,community,quiet_hours,/map?openPark=<id> (or openRoute=<id>)
parent,5,friend-published-nearby,has_partner=true;has_nearby=false;privacy_mode=verified_global,3,NONE,community,quiet_hours,/map?openPark=<id> (or openRoute=<id>)
parent,5,friend-published-nearby,has_partner=true;has_nearby=false;privacy_mode=squad,0,NONE,community,quiet_hours,/map?openPark=<id> (or openRoute=<id>)
parent,5,friend-published-nearby,has_partner=true;has_nearby=false;privacy_mode=squad,1,NONE,community,quiet_hours,/map?openPark=<id> (or openRoute=<id>)
parent,5,friend-published-nearby,has_partner=true;has_nearby=false;privacy_mode=squad,2,NONE,community,quiet_hours,/map?openPark=<id> (or openRoute=<id>)
parent,5,friend-published-nearby,has_partner=true;has_nearby=false;privacy_mode=squad,3,NONE,community,quiet_hours,/map?openPark=<id> (or openRoute=<id>)
parent,5,friend-published-nearby,has_partner=true;has_nearby=false;privacy_mode=ghost,0,NONE,community,no_recipients,/map?openPark=<id> (or openRoute=<id>)
parent,5,friend-published-nearby,has_partner=true;has_nearby=false;privacy_mode=ghost,1,NONE,community,no_recipients,/map?openPark=<id> (or openRoute=<id>)
parent,5,friend-published-nearby,has_partner=true;has_nearby=false;privacy_mode=ghost,2,NONE,community,no_recipients,/map?openPark=<id> (or openRoute=<id>)
parent,5,friend-published-nearby,has_partner=true;has_nearby=false;privacy_mode=ghost,3,NONE,community,no_recipients,/map?openPark=<id> (or openRoute=<id>)
parent,5,friend-published-nearby,has_partner=false;has_nearby=true;privacy_mode=verified_global,0,NONE,community,quiet_hours,/map?openPark=<id> (or openRoute=<id>)
parent,5,friend-published-nearby,has_partner=false;has_nearby=true;privacy_mode=verified_global,1,NONE,community,quiet_hours,/map?openPark=<id> (or openRoute=<id>)
parent,5,friend-published-nearby,has_partner=false;has_nearby=true;privacy_mode=verified_global,2,NONE,community,quiet_hours,/map?openPark=<id> (or openRoute=<id>)
parent,5,friend-published-nearby,has_partner=false;has_nearby=true;privacy_mode=verified_global,3,NONE,community,quiet_hours,/map?openPark=<id> (or openRoute=<id>)
parent,5,friend-published-nearby,has_partner=false;has_nearby=true;privacy_mode=squad,0,NONE,community,no_recipients,/map?openPark=<id> (or openRoute=<id>)
parent,5,friend-published-nearby,has_partner=false;has_nearby=true;privacy_mode=squad,1,NONE,community,no_recipients,/map?openPark=<id> (or openRoute=<id>)
parent,5,friend-published-nearby,has_partner=false;has_nearby=true;privacy_mode=squad,2,NONE,community,no_recipients,/map?openPark=<id> (or openRoute=<id>)
parent,5,friend-published-nearby,has_partner=false;has_nearby=true;privacy_mode=squad,3,NONE,community,no_recipients,/map?openPark=<id> (or openRoute=<id>)
parent,5,friend-published-nearby,has_partner=false;has_nearby=true;privacy_mode=ghost,0,NONE,community,no_recipients,/map?openPark=<id> (or openRoute=<id>)
parent,5,friend-published-nearby,has_partner=false;has_nearby=true;privacy_mode=ghost,1,NONE,community,no_recipients,/map?openPark=<id> (or openRoute=<id>)
parent,5,friend-published-nearby,has_partner=false;has_nearby=true;privacy_mode=ghost,2,NONE,community,no_recipients,/map?openPark=<id> (or openRoute=<id>)
parent,5,friend-published-nearby,has_partner=false;has_nearby=true;privacy_mode=ghost,3,NONE,community,no_recipients,/map?openPark=<id> (or openRoute=<id>)
parent,5,friend-published-nearby,has_partner=false;has_nearby=false;privacy_mode=verified_global,0,NONE,community,no_recipients,/map?openPark=<id> (or openRoute=<id>)
parent,5,friend-published-nearby,has_partner=false;has_nearby=false;privacy_mode=verified_global,1,NONE,community,no_recipients,/map?openPark=<id> (or openRoute=<id>)
parent,5,friend-published-nearby,has_partner=false;has_nearby=false;privacy_mode=verified_global,2,NONE,community,no_recipients,/map?openPark=<id> (or openRoute=<id>)
parent,5,friend-published-nearby,has_partner=false;has_nearby=false;privacy_mode=verified_global,3,NONE,community,no_recipients,/map?openPark=<id> (or openRoute=<id>)
parent,5,friend-published-nearby,has_partner=false;has_nearby=false;privacy_mode=squad,0,NONE,community,no_recipients,/map?openPark=<id> (or openRoute=<id>)
parent,5,friend-published-nearby,has_partner=false;has_nearby=false;privacy_mode=squad,1,NONE,community,no_recipients,/map?openPark=<id> (or openRoute=<id>)
parent,5,friend-published-nearby,has_partner=false;has_nearby=false;privacy_mode=squad,2,NONE,community,no_recipients,/map?openPark=<id> (or openRoute=<id>)
parent,5,friend-published-nearby,has_partner=false;has_nearby=false;privacy_mode=squad,3,NONE,community,no_recipients,/map?openPark=<id> (or openRoute=<id>)
parent,5,friend-published-nearby,has_partner=false;has_nearby=false;privacy_mode=ghost,0,NONE,community,no_recipients,/map?openPark=<id> (or openRoute=<id>)
parent,5,friend-published-nearby,has_partner=false;has_nearby=false;privacy_mode=ghost,1,NONE,community,no_recipients,/map?openPark=<id> (or openRoute=<id>)
parent,5,friend-published-nearby,has_partner=false;has_nearby=false;privacy_mode=ghost,2,NONE,community,no_recipients,/map?openPark=<id> (or openRoute=<id>)
parent,5,friend-published-nearby,has_partner=false;has_nearby=false;privacy_mode=ghost,3,NONE,community,no_recipients,/map?openPark=<id> (or openRoute=<id>)
parent,6,friend-published-nearby,has_partner=true;has_nearby=true;privacy_mode=verified_global,0,NONE,community,quiet_hours,/map?openPark=<id> (or openRoute=<id>)
parent,6,friend-published-nearby,has_partner=true;has_nearby=true;privacy_mode=verified_global,1,NONE,community,quiet_hours,/map?openPark=<id> (or openRoute=<id>)
parent,6,friend-published-nearby,has_partner=true;has_nearby=true;privacy_mode=verified_global,2,NONE,community,quiet_hours,/map?openPark=<id> (or openRoute=<id>)
parent,6,friend-published-nearby,has_partner=true;has_nearby=true;privacy_mode=verified_global,3,NONE,community,quiet_hours,/map?openPark=<id> (or openRoute=<id>)
parent,6,friend-published-nearby,has_partner=true;has_nearby=true;privacy_mode=squad,0,NONE,community,quiet_hours,/map?openPark=<id> (or openRoute=<id>)
parent,6,friend-published-nearby,has_partner=true;has_nearby=true;privacy_mode=squad,1,NONE,community,quiet_hours,/map?openPark=<id> (or openRoute=<id>)
parent,6,friend-published-nearby,has_partner=true;has_nearby=true;privacy_mode=squad,2,NONE,community,quiet_hours,/map?openPark=<id> (or openRoute=<id>)
parent,6,friend-published-nearby,has_partner=true;has_nearby=true;privacy_mode=squad,3,NONE,community,quiet_hours,/map?openPark=<id> (or openRoute=<id>)
parent,6,friend-published-nearby,has_partner=true;has_nearby=true;privacy_mode=ghost,0,NONE,community,no_recipients,/map?openPark=<id> (or openRoute=<id>)
parent,6,friend-published-nearby,has_partner=true;has_nearby=true;privacy_mode=ghost,1,NONE,community,no_recipients,/map?openPark=<id> (or openRoute=<id>)
parent,6,friend-published-nearby,has_partner=true;has_nearby=true;privacy_mode=ghost,2,NONE,community,no_recipients,/map?openPark=<id> (or openRoute=<id>)
parent,6,friend-published-nearby,has_partner=true;has_nearby=true;privacy_mode=ghost,3,NONE,community,no_recipients,/map?openPark=<id> (or openRoute=<id>)
parent,6,friend-published-nearby,has_partner=true;has_nearby=false;privacy_mode=verified_global,0,NONE,community,quiet_hours,/map?openPark=<id> (or openRoute=<id>)
parent,6,friend-published-nearby,has_partner=true;has_nearby=false;privacy_mode=verified_global,1,NONE,community,quiet_hours,/map?openPark=<id> (or openRoute=<id>)
parent,6,friend-published-nearby,has_partner=true;has_nearby=false;privacy_mode=verified_global,2,NONE,community,quiet_hours,/map?openPark=<id> (or openRoute=<id>)
parent,6,friend-published-nearby,has_partner=true;has_nearby=false;privacy_mode=verified_global,3,NONE,community,quiet_hours,/map?openPark=<id> (or openRoute=<id>)
parent,6,friend-published-nearby,has_partner=true;has_nearby=false;privacy_mode=squad,0,NONE,community,quiet_hours,/map?openPark=<id> (or openRoute=<id>)
parent,6,friend-published-nearby,has_partner=true;has_nearby=false;privacy_mode=squad,1,NONE,community,quiet_hours,/map?openPark=<id> (or openRoute=<id>)
parent,6,friend-published-nearby,has_partner=true;has_nearby=false;privacy_mode=squad,2,NONE,community,quiet_hours,/map?openPark=<id> (or openRoute=<id>)
parent,6,friend-published-nearby,has_partner=true;has_nearby=false;privacy_mode=squad,3,NONE,community,quiet_hours,/map?openPark=<id> (or openRoute=<id>)
parent,6,friend-published-nearby,has_partner=true;has_nearby=false;privacy_mode=ghost,0,NONE,community,no_recipients,/map?openPark=<id> (or openRoute=<id>)
parent,6,friend-published-nearby,has_partner=true;has_nearby=false;privacy_mode=ghost,1,NONE,community,no_recipients,/map?openPark=<id> (or openRoute=<id>)
parent,6,friend-published-nearby,has_partner=true;has_nearby=false;privacy_mode=ghost,2,NONE,community,no_recipients,/map?openPark=<id> (or openRoute=<id>)
parent,6,friend-published-nearby,has_partner=true;has_nearby=false;privacy_mode=ghost,3,NONE,community,no_recipients,/map?openPark=<id> (or openRoute=<id>)
parent,6,friend-published-nearby,has_partner=false;has_nearby=true;privacy_mode=verified_global,0,NONE,community,quiet_hours,/map?openPark=<id> (or openRoute=<id>)
parent,6,friend-published-nearby,has_partner=false;has_nearby=true;privacy_mode=verified_global,1,NONE,community,quiet_hours,/map?openPark=<id> (or openRoute=<id>)
parent,6,friend-published-nearby,has_partner=false;has_nearby=true;privacy_mode=verified_global,2,NONE,community,quiet_hours,/map?openPark=<id> (or openRoute=<id>)
parent,6,friend-published-nearby,has_partner=false;has_nearby=true;privacy_mode=verified_global,3,NONE,community,quiet_hours,/map?openPark=<id> (or openRoute=<id>)
parent,6,friend-published-nearby,has_partner=false;has_nearby=true;privacy_mode=squad,0,NONE,community,no_recipients,/map?openPark=<id> (or openRoute=<id>)
parent,6,friend-published-nearby,has_partner=false;has_nearby=true;privacy_mode=squad,1,NONE,community,no_recipients,/map?openPark=<id> (or openRoute=<id>)
parent,6,friend-published-nearby,has_partner=false;has_nearby=true;privacy_mode=squad,2,NONE,community,no_recipients,/map?openPark=<id> (or openRoute=<id>)
parent,6,friend-published-nearby,has_partner=false;has_nearby=true;privacy_mode=squad,3,NONE,community,no_recipients,/map?openPark=<id> (or openRoute=<id>)
parent,6,friend-published-nearby,has_partner=false;has_nearby=true;privacy_mode=ghost,0,NONE,community,no_recipients,/map?openPark=<id> (or openRoute=<id>)
parent,6,friend-published-nearby,has_partner=false;has_nearby=true;privacy_mode=ghost,1,NONE,community,no_recipients,/map?openPark=<id> (or openRoute=<id>)
parent,6,friend-published-nearby,has_partner=false;has_nearby=true;privacy_mode=ghost,2,NONE,community,no_recipients,/map?openPark=<id> (or openRoute=<id>)
parent,6,friend-published-nearby,has_partner=false;has_nearby=true;privacy_mode=ghost,3,NONE,community,no_recipients,/map?openPark=<id> (or openRoute=<id>)
parent,6,friend-published-nearby,has_partner=false;has_nearby=false;privacy_mode=verified_global,0,NONE,community,no_recipients,/map?openPark=<id> (or openRoute=<id>)
parent,6,friend-published-nearby,has_partner=false;has_nearby=false;privacy_mode=verified_global,1,NONE,community,no_recipients,/map?openPark=<id> (or openRoute=<id>)
parent,6,friend-published-nearby,has_partner=false;has_nearby=false;privacy_mode=verified_global,2,NONE,community,no_recipients,/map?openPark=<id> (or openRoute=<id>)
parent,6,friend-published-nearby,has_partner=false;has_nearby=false;privacy_mode=verified_global,3,NONE,community,no_recipients,/map?openPark=<id> (or openRoute=<id>)
parent,6,friend-published-nearby,has_partner=false;has_nearby=false;privacy_mode=squad,0,NONE,community,no_recipients,/map?openPark=<id> (or openRoute=<id>)
parent,6,friend-published-nearby,has_partner=false;has_nearby=false;privacy_mode=squad,1,NONE,community,no_recipients,/map?openPark=<id> (or openRoute=<id>)
parent,6,friend-published-nearby,has_partner=false;has_nearby=false;privacy_mode=squad,2,NONE,community,no_recipients,/map?openPark=<id> (or openRoute=<id>)
parent,6,friend-published-nearby,has_partner=false;has_nearby=false;privacy_mode=squad,3,NONE,community,no_recipients,/map?openPark=<id> (or openRoute=<id>)
parent,6,friend-published-nearby,has_partner=false;has_nearby=false;privacy_mode=ghost,0,NONE,community,no_recipients,/map?openPark=<id> (or openRoute=<id>)
parent,6,friend-published-nearby,has_partner=false;has_nearby=false;privacy_mode=ghost,1,NONE,community,no_recipients,/map?openPark=<id> (or openRoute=<id>)
parent,6,friend-published-nearby,has_partner=false;has_nearby=false;privacy_mode=ghost,2,NONE,community,no_recipients,/map?openPark=<id> (or openRoute=<id>)
parent,6,friend-published-nearby,has_partner=false;has_nearby=false;privacy_mode=ghost,3,NONE,community,no_recipients,/map?openPark=<id> (or openRoute=<id>)
parent,7,friend-published-nearby,has_partner=true;has_nearby=true;privacy_mode=verified_global,0,community,community,n/a,/map?openPark=<id> (or openRoute=<id>)
parent,7,friend-published-nearby,has_partner=true;has_nearby=true;privacy_mode=verified_global,1,community,community,n/a,/map?openPark=<id> (or openRoute=<id>)
parent,7,friend-published-nearby,has_partner=true;has_nearby=true;privacy_mode=verified_global,2,community,community,n/a,/map?openPark=<id> (or openRoute=<id>)
parent,7,friend-published-nearby,has_partner=true;has_nearby=true;privacy_mode=verified_global,3,NONE,community,daily_cap,/map?openPark=<id> (or openRoute=<id>)
parent,7,friend-published-nearby,has_partner=true;has_nearby=true;privacy_mode=squad,0,community,community,n/a,/map?openPark=<id> (or openRoute=<id>)
parent,7,friend-published-nearby,has_partner=true;has_nearby=true;privacy_mode=squad,1,community,community,n/a,/map?openPark=<id> (or openRoute=<id>)
parent,7,friend-published-nearby,has_partner=true;has_nearby=true;privacy_mode=squad,2,community,community,n/a,/map?openPark=<id> (or openRoute=<id>)
parent,7,friend-published-nearby,has_partner=true;has_nearby=true;privacy_mode=squad,3,NONE,community,daily_cap,/map?openPark=<id> (or openRoute=<id>)
parent,7,friend-published-nearby,has_partner=true;has_nearby=true;privacy_mode=ghost,0,NONE,community,no_recipients,/map?openPark=<id> (or openRoute=<id>)
parent,7,friend-published-nearby,has_partner=true;has_nearby=true;privacy_mode=ghost,1,NONE,community,no_recipients,/map?openPark=<id> (or openRoute=<id>)
parent,7,friend-published-nearby,has_partner=true;has_nearby=true;privacy_mode=ghost,2,NONE,community,no_recipients,/map?openPark=<id> (or openRoute=<id>)
parent,7,friend-published-nearby,has_partner=true;has_nearby=true;privacy_mode=ghost,3,NONE,community,no_recipients,/map?openPark=<id> (or openRoute=<id>)
parent,7,friend-published-nearby,has_partner=true;has_nearby=false;privacy_mode=verified_global,0,community,community,n/a,/map?openPark=<id> (or openRoute=<id>)
parent,7,friend-published-nearby,has_partner=true;has_nearby=false;privacy_mode=verified_global,1,community,community,n/a,/map?openPark=<id> (or openRoute=<id>)
parent,7,friend-published-nearby,has_partner=true;has_nearby=false;privacy_mode=verified_global,2,community,community,n/a,/map?openPark=<id> (or openRoute=<id>)
parent,7,friend-published-nearby,has_partner=true;has_nearby=false;privacy_mode=verified_global,3,NONE,community,daily_cap,/map?openPark=<id> (or openRoute=<id>)
parent,7,friend-published-nearby,has_partner=true;has_nearby=false;privacy_mode=squad,0,community,community,n/a,/map?openPark=<id> (or openRoute=<id>)
parent,7,friend-published-nearby,has_partner=true;has_nearby=false;privacy_mode=squad,1,community,community,n/a,/map?openPark=<id> (or openRoute=<id>)
parent,7,friend-published-nearby,has_partner=true;has_nearby=false;privacy_mode=squad,2,community,community,n/a,/map?openPark=<id> (or openRoute=<id>)
parent,7,friend-published-nearby,has_partner=true;has_nearby=false;privacy_mode=squad,3,NONE,community,daily_cap,/map?openPark=<id> (or openRoute=<id>)
parent,7,friend-published-nearby,has_partner=true;has_nearby=false;privacy_mode=ghost,0,NONE,community,no_recipients,/map?openPark=<id> (or openRoute=<id>)
parent,7,friend-published-nearby,has_partner=true;has_nearby=false;privacy_mode=ghost,1,NONE,community,no_recipients,/map?openPark=<id> (or openRoute=<id>)
parent,7,friend-published-nearby,has_partner=true;has_nearby=false;privacy_mode=ghost,2,NONE,community,no_recipients,/map?openPark=<id> (or openRoute=<id>)
parent,7,friend-published-nearby,has_partner=true;has_nearby=false;privacy_mode=ghost,3,NONE,community,no_recipients,/map?openPark=<id> (or openRoute=<id>)
parent,7,friend-published-nearby,has_partner=false;has_nearby=true;privacy_mode=verified_global,0,community,community,n/a,/map?openPark=<id> (or openRoute=<id>)
parent,7,friend-published-nearby,has_partner=false;has_nearby=true;privacy_mode=verified_global,1,community,community,n/a,/map?openPark=<id> (or openRoute=<id>)
parent,7,friend-published-nearby,has_partner=false;has_nearby=true;privacy_mode=verified_global,2,community,community,n/a,/map?openPark=<id> (or openRoute=<id>)
parent,7,friend-published-nearby,has_partner=false;has_nearby=true;privacy_mode=verified_global,3,NONE,community,daily_cap,/map?openPark=<id> (or openRoute=<id>)
parent,7,friend-published-nearby,has_partner=false;has_nearby=true;privacy_mode=squad,0,NONE,community,no_recipients,/map?openPark=<id> (or openRoute=<id>)
parent,7,friend-published-nearby,has_partner=false;has_nearby=true;privacy_mode=squad,1,NONE,community,no_recipients,/map?openPark=<id> (or openRoute=<id>)
parent,7,friend-published-nearby,has_partner=false;has_nearby=true;privacy_mode=squad,2,NONE,community,no_recipients,/map?openPark=<id> (or openRoute=<id>)
parent,7,friend-published-nearby,has_partner=false;has_nearby=true;privacy_mode=squad,3,NONE,community,no_recipients,/map?openPark=<id> (or openRoute=<id>)
parent,7,friend-published-nearby,has_partner=false;has_nearby=true;privacy_mode=ghost,0,NONE,community,no_recipients,/map?openPark=<id> (or openRoute=<id>)
parent,7,friend-published-nearby,has_partner=false;has_nearby=true;privacy_mode=ghost,1,NONE,community,no_recipients,/map?openPark=<id> (or openRoute=<id>)
parent,7,friend-published-nearby,has_partner=false;has_nearby=true;privacy_mode=ghost,2,NONE,community,no_recipients,/map?openPark=<id> (or openRoute=<id>)
parent,7,friend-published-nearby,has_partner=false;has_nearby=true;privacy_mode=ghost,3,NONE,community,no_recipients,/map?openPark=<id> (or openRoute=<id>)
parent,7,friend-published-nearby,has_partner=false;has_nearby=false;privacy_mode=verified_global,0,NONE,community,no_recipients,/map?openPark=<id> (or openRoute=<id>)
parent,7,friend-published-nearby,has_partner=false;has_nearby=false;privacy_mode=verified_global,1,NONE,community,no_recipients,/map?openPark=<id> (or openRoute=<id>)
parent,7,friend-published-nearby,has_partner=false;has_nearby=false;privacy_mode=verified_global,2,NONE,community,no_recipients,/map?openPark=<id> (or openRoute=<id>)
parent,7,friend-published-nearby,has_partner=false;has_nearby=false;privacy_mode=verified_global,3,NONE,community,no_recipients,/map?openPark=<id> (or openRoute=<id>)
parent,7,friend-published-nearby,has_partner=false;has_nearby=false;privacy_mode=squad,0,NONE,community,no_recipients,/map?openPark=<id> (or openRoute=<id>)
parent,7,friend-published-nearby,has_partner=false;has_nearby=false;privacy_mode=squad,1,NONE,community,no_recipients,/map?openPark=<id> (or openRoute=<id>)
parent,7,friend-published-nearby,has_partner=false;has_nearby=false;privacy_mode=squad,2,NONE,community,no_recipients,/map?openPark=<id> (or openRoute=<id>)
parent,7,friend-published-nearby,has_partner=false;has_nearby=false;privacy_mode=squad,3,NONE,community,no_recipients,/map?openPark=<id> (or openRoute=<id>)
parent,7,friend-published-nearby,has_partner=false;has_nearby=false;privacy_mode=ghost,0,NONE,community,no_recipients,/map?openPark=<id> (or openRoute=<id>)
parent,7,friend-published-nearby,has_partner=false;has_nearby=false;privacy_mode=ghost,1,NONE,community,no_recipients,/map?openPark=<id> (or openRoute=<id>)
parent,7,friend-published-nearby,has_partner=false;has_nearby=false;privacy_mode=ghost,2,NONE,community,no_recipients,/map?openPark=<id> (or openRoute=<id>)
parent,7,friend-published-nearby,has_partner=false;has_nearby=false;privacy_mode=ghost,3,NONE,community,no_recipients,/map?openPark=<id> (or openRoute=<id>)
parent,8,friend-published-nearby,has_partner=true;has_nearby=true;privacy_mode=verified_global,0,community,community,n/a,/map?openPark=<id> (or openRoute=<id>)
parent,8,friend-published-nearby,has_partner=true;has_nearby=true;privacy_mode=verified_global,1,community,community,n/a,/map?openPark=<id> (or openRoute=<id>)
parent,8,friend-published-nearby,has_partner=true;has_nearby=true;privacy_mode=verified_global,2,community,community,n/a,/map?openPark=<id> (or openRoute=<id>)
parent,8,friend-published-nearby,has_partner=true;has_nearby=true;privacy_mode=verified_global,3,NONE,community,daily_cap,/map?openPark=<id> (or openRoute=<id>)
parent,8,friend-published-nearby,has_partner=true;has_nearby=true;privacy_mode=squad,0,community,community,n/a,/map?openPark=<id> (or openRoute=<id>)
parent,8,friend-published-nearby,has_partner=true;has_nearby=true;privacy_mode=squad,1,community,community,n/a,/map?openPark=<id> (or openRoute=<id>)
parent,8,friend-published-nearby,has_partner=true;has_nearby=true;privacy_mode=squad,2,community,community,n/a,/map?openPark=<id> (or openRoute=<id>)
parent,8,friend-published-nearby,has_partner=true;has_nearby=true;privacy_mode=squad,3,NONE,community,daily_cap,/map?openPark=<id> (or openRoute=<id>)
parent,8,friend-published-nearby,has_partner=true;has_nearby=true;privacy_mode=ghost,0,NONE,community,no_recipients,/map?openPark=<id> (or openRoute=<id>)
parent,8,friend-published-nearby,has_partner=true;has_nearby=true;privacy_mode=ghost,1,NONE,community,no_recipients,/map?openPark=<id> (or openRoute=<id>)
parent,8,friend-published-nearby,has_partner=true;has_nearby=true;privacy_mode=ghost,2,NONE,community,no_recipients,/map?openPark=<id> (or openRoute=<id>)
parent,8,friend-published-nearby,has_partner=true;has_nearby=true;privacy_mode=ghost,3,NONE,community,no_recipients,/map?openPark=<id> (or openRoute=<id>)
parent,8,friend-published-nearby,has_partner=true;has_nearby=false;privacy_mode=verified_global,0,community,community,n/a,/map?openPark=<id> (or openRoute=<id>)
parent,8,friend-published-nearby,has_partner=true;has_nearby=false;privacy_mode=verified_global,1,community,community,n/a,/map?openPark=<id> (or openRoute=<id>)
parent,8,friend-published-nearby,has_partner=true;has_nearby=false;privacy_mode=verified_global,2,community,community,n/a,/map?openPark=<id> (or openRoute=<id>)
parent,8,friend-published-nearby,has_partner=true;has_nearby=false;privacy_mode=verified_global,3,NONE,community,daily_cap,/map?openPark=<id> (or openRoute=<id>)
parent,8,friend-published-nearby,has_partner=true;has_nearby=false;privacy_mode=squad,0,community,community,n/a,/map?openPark=<id> (or openRoute=<id>)
parent,8,friend-published-nearby,has_partner=true;has_nearby=false;privacy_mode=squad,1,community,community,n/a,/map?openPark=<id> (or openRoute=<id>)
parent,8,friend-published-nearby,has_partner=true;has_nearby=false;privacy_mode=squad,2,community,community,n/a,/map?openPark=<id> (or openRoute=<id>)
parent,8,friend-published-nearby,has_partner=true;has_nearby=false;privacy_mode=squad,3,NONE,community,daily_cap,/map?openPark=<id> (or openRoute=<id>)
parent,8,friend-published-nearby,has_partner=true;has_nearby=false;privacy_mode=ghost,0,NONE,community,no_recipients,/map?openPark=<id> (or openRoute=<id>)
parent,8,friend-published-nearby,has_partner=true;has_nearby=false;privacy_mode=ghost,1,NONE,community,no_recipients,/map?openPark=<id> (or openRoute=<id>)
parent,8,friend-published-nearby,has_partner=true;has_nearby=false;privacy_mode=ghost,2,NONE,community,no_recipients,/map?openPark=<id> (or openRoute=<id>)
parent,8,friend-published-nearby,has_partner=true;has_nearby=false;privacy_mode=ghost,3,NONE,community,no_recipients,/map?openPark=<id> (or openRoute=<id>)
parent,8,friend-published-nearby,has_partner=false;has_nearby=true;privacy_mode=verified_global,0,community,community,n/a,/map?openPark=<id> (or openRoute=<id>)
parent,8,friend-published-nearby,has_partner=false;has_nearby=true;privacy_mode=verified_global,1,community,community,n/a,/map?openPark=<id> (or openRoute=<id>)
parent,8,friend-published-nearby,has_partner=false;has_nearby=true;privacy_mode=verified_global,2,community,community,n/a,/map?openPark=<id> (or openRoute=<id>)
parent,8,friend-published-nearby,has_partner=false;has_nearby=true;privacy_mode=verified_global,3,NONE,community,daily_cap,/map?openPark=<id> (or openRoute=<id>)
parent,8,friend-published-nearby,has_partner=false;has_nearby=true;privacy_mode=squad,0,NONE,community,no_recipients,/map?openPark=<id> (or openRoute=<id>)
parent,8,friend-published-nearby,has_partner=false;has_nearby=true;privacy_mode=squad,1,NONE,community,no_recipients,/map?openPark=<id> (or openRoute=<id>)
parent,8,friend-published-nearby,has_partner=false;has_nearby=true;privacy_mode=squad,2,NONE,community,no_recipients,/map?openPark=<id> (or openRoute=<id>)
parent,8,friend-published-nearby,has_partner=false;has_nearby=true;privacy_mode=squad,3,NONE,community,no_recipients,/map?openPark=<id> (or openRoute=<id>)
parent,8,friend-published-nearby,has_partner=false;has_nearby=true;privacy_mode=ghost,0,NONE,community,no_recipients,/map?openPark=<id> (or openRoute=<id>)
parent,8,friend-published-nearby,has_partner=false;has_nearby=true;privacy_mode=ghost,1,NONE,community,no_recipients,/map?openPark=<id> (or openRoute=<id>)
parent,8,friend-published-nearby,has_partner=false;has_nearby=true;privacy_mode=ghost,2,NONE,community,no_recipients,/map?openPark=<id> (or openRoute=<id>)
parent,8,friend-published-nearby,has_partner=false;has_nearby=true;privacy_mode=ghost,3,NONE,community,no_recipients,/map?openPark=<id> (or openRoute=<id>)
parent,8,friend-published-nearby,has_partner=false;has_nearby=false;privacy_mode=verified_global,0,NONE,community,no_recipients,/map?openPark=<id> (or openRoute=<id>)
parent,8,friend-published-nearby,has_partner=false;has_nearby=false;privacy_mode=verified_global,1,NONE,community,no_recipients,/map?openPark=<id> (or openRoute=<id>)
parent,8,friend-published-nearby,has_partner=false;has_nearby=false;privacy_mode=verified_global,2,NONE,community,no_recipients,/map?openPark=<id> (or openRoute=<id>)
parent,8,friend-published-nearby,has_partner=false;has_nearby=false;privacy_mode=verified_global,3,NONE,community,no_recipients,/map?openPark=<id> (or openRoute=<id>)
parent,8,friend-published-nearby,has_partner=false;has_nearby=false;privacy_mode=squad,0,NONE,community,no_recipients,/map?openPark=<id> (or openRoute=<id>)
parent,8,friend-published-nearby,has_partner=false;has_nearby=false;privacy_mode=squad,1,NONE,community,no_recipients,/map?openPark=<id> (or openRoute=<id>)
parent,8,friend-published-nearby,has_partner=false;has_nearby=false;privacy_mode=squad,2,NONE,community,no_recipients,/map?openPark=<id> (or openRoute=<id>)
parent,8,friend-published-nearby,has_partner=false;has_nearby=false;privacy_mode=squad,3,NONE,community,no_recipients,/map?openPark=<id> (or openRoute=<id>)
parent,8,friend-published-nearby,has_partner=false;has_nearby=false;privacy_mode=ghost,0,NONE,community,no_recipients,/map?openPark=<id> (or openRoute=<id>)
parent,8,friend-published-nearby,has_partner=false;has_nearby=false;privacy_mode=ghost,1,NONE,community,no_recipients,/map?openPark=<id> (or openRoute=<id>)
parent,8,friend-published-nearby,has_partner=false;has_nearby=false;privacy_mode=ghost,2,NONE,community,no_recipients,/map?openPark=<id> (or openRoute=<id>)
parent,8,friend-published-nearby,has_partner=false;has_nearby=false;privacy_mode=ghost,3,NONE,community,no_recipients,/map?openPark=<id> (or openRoute=<id>)
parent,9,friend-published-nearby,has_partner=true;has_nearby=true;privacy_mode=verified_global,0,community,community,n/a,/map?openPark=<id> (or openRoute=<id>)
parent,9,friend-published-nearby,has_partner=true;has_nearby=true;privacy_mode=verified_global,1,community,community,n/a,/map?openPark=<id> (or openRoute=<id>)
parent,9,friend-published-nearby,has_partner=true;has_nearby=true;privacy_mode=verified_global,2,community,community,n/a,/map?openPark=<id> (or openRoute=<id>)
parent,9,friend-published-nearby,has_partner=true;has_nearby=true;privacy_mode=verified_global,3,NONE,community,daily_cap,/map?openPark=<id> (or openRoute=<id>)
parent,9,friend-published-nearby,has_partner=true;has_nearby=true;privacy_mode=squad,0,community,community,n/a,/map?openPark=<id> (or openRoute=<id>)
parent,9,friend-published-nearby,has_partner=true;has_nearby=true;privacy_mode=squad,1,community,community,n/a,/map?openPark=<id> (or openRoute=<id>)
parent,9,friend-published-nearby,has_partner=true;has_nearby=true;privacy_mode=squad,2,community,community,n/a,/map?openPark=<id> (or openRoute=<id>)
parent,9,friend-published-nearby,has_partner=true;has_nearby=true;privacy_mode=squad,3,NONE,community,daily_cap,/map?openPark=<id> (or openRoute=<id>)
parent,9,friend-published-nearby,has_partner=true;has_nearby=true;privacy_mode=ghost,0,NONE,community,no_recipients,/map?openPark=<id> (or openRoute=<id>)
parent,9,friend-published-nearby,has_partner=true;has_nearby=true;privacy_mode=ghost,1,NONE,community,no_recipients,/map?openPark=<id> (or openRoute=<id>)
parent,9,friend-published-nearby,has_partner=true;has_nearby=true;privacy_mode=ghost,2,NONE,community,no_recipients,/map?openPark=<id> (or openRoute=<id>)
parent,9,friend-published-nearby,has_partner=true;has_nearby=true;privacy_mode=ghost,3,NONE,community,no_recipients,/map?openPark=<id> (or openRoute=<id>)
parent,9,friend-published-nearby,has_partner=true;has_nearby=false;privacy_mode=verified_global,0,community,community,n/a,/map?openPark=<id> (or openRoute=<id>)
parent,9,friend-published-nearby,has_partner=true;has_nearby=false;privacy_mode=verified_global,1,community,community,n/a,/map?openPark=<id> (or openRoute=<id>)
parent,9,friend-published-nearby,has_partner=true;has_nearby=false;privacy_mode=verified_global,2,community,community,n/a,/map?openPark=<id> (or openRoute=<id>)
parent,9,friend-published-nearby,has_partner=true;has_nearby=false;privacy_mode=verified_global,3,NONE,community,daily_cap,/map?openPark=<id> (or openRoute=<id>)
parent,9,friend-published-nearby,has_partner=true;has_nearby=false;privacy_mode=squad,0,community,community,n/a,/map?openPark=<id> (or openRoute=<id>)
parent,9,friend-published-nearby,has_partner=true;has_nearby=false;privacy_mode=squad,1,community,community,n/a,/map?openPark=<id> (or openRoute=<id>)
parent,9,friend-published-nearby,has_partner=true;has_nearby=false;privacy_mode=squad,2,community,community,n/a,/map?openPark=<id> (or openRoute=<id>)
parent,9,friend-published-nearby,has_partner=true;has_nearby=false;privacy_mode=squad,3,NONE,community,daily_cap,/map?openPark=<id> (or openRoute=<id>)
parent,9,friend-published-nearby,has_partner=true;has_nearby=false;privacy_mode=ghost,0,NONE,community,no_recipients,/map?openPark=<id> (or openRoute=<id>)
parent,9,friend-published-nearby,has_partner=true;has_nearby=false;privacy_mode=ghost,1,NONE,community,no_recipients,/map?openPark=<id> (or openRoute=<id>)
parent,9,friend-published-nearby,has_partner=true;has_nearby=false;privacy_mode=ghost,2,NONE,community,no_recipients,/map?openPark=<id> (or openRoute=<id>)
parent,9,friend-published-nearby,has_partner=true;has_nearby=false;privacy_mode=ghost,3,NONE,community,no_recipients,/map?openPark=<id> (or openRoute=<id>)
parent,9,friend-published-nearby,has_partner=false;has_nearby=true;privacy_mode=verified_global,0,community,community,n/a,/map?openPark=<id> (or openRoute=<id>)
parent,9,friend-published-nearby,has_partner=false;has_nearby=true;privacy_mode=verified_global,1,community,community,n/a,/map?openPark=<id> (or openRoute=<id>)
parent,9,friend-published-nearby,has_partner=false;has_nearby=true;privacy_mode=verified_global,2,community,community,n/a,/map?openPark=<id> (or openRoute=<id>)
parent,9,friend-published-nearby,has_partner=false;has_nearby=true;privacy_mode=verified_global,3,NONE,community,daily_cap,/map?openPark=<id> (or openRoute=<id>)
parent,9,friend-published-nearby,has_partner=false;has_nearby=true;privacy_mode=squad,0,NONE,community,no_recipients,/map?openPark=<id> (or openRoute=<id>)
parent,9,friend-published-nearby,has_partner=false;has_nearby=true;privacy_mode=squad,1,NONE,community,no_recipients,/map?openPark=<id> (or openRoute=<id>)
parent,9,friend-published-nearby,has_partner=false;has_nearby=true;privacy_mode=squad,2,NONE,community,no_recipients,/map?openPark=<id> (or openRoute=<id>)
parent,9,friend-published-nearby,has_partner=false;has_nearby=true;privacy_mode=squad,3,NONE,community,no_recipients,/map?openPark=<id> (or openRoute=<id>)
parent,9,friend-published-nearby,has_partner=false;has_nearby=true;privacy_mode=ghost,0,NONE,community,no_recipients,/map?openPark=<id> (or openRoute=<id>)
parent,9,friend-published-nearby,has_partner=false;has_nearby=true;privacy_mode=ghost,1,NONE,community,no_recipients,/map?openPark=<id> (or openRoute=<id>)
parent,9,friend-published-nearby,has_partner=false;has_nearby=true;privacy_mode=ghost,2,NONE,community,no_recipients,/map?openPark=<id> (or openRoute=<id>)
parent,9,friend-published-nearby,has_partner=false;has_nearby=true;privacy_mode=ghost,3,NONE,community,no_recipients,/map?openPark=<id> (or openRoute=<id>)
parent,9,friend-published-nearby,has_partner=false;has_nearby=false;privacy_mode=verified_global,0,NONE,community,no_recipients,/map?openPark=<id> (or openRoute=<id>)
parent,9,friend-published-nearby,has_partner=false;has_nearby=false;privacy_mode=verified_global,1,NONE,community,no_recipients,/map?openPark=<id> (or openRoute=<id>)
parent,9,friend-published-nearby,has_partner=false;has_nearby=false;privacy_mode=verified_global,2,NONE,community,no_recipients,/map?openPark=<id> (or openRoute=<id>)
parent,9,friend-published-nearby,has_partner=false;has_nearby=false;privacy_mode=verified_global,3,NONE,community,no_recipients,/map?openPark=<id> (or openRoute=<id>)
parent,9,friend-published-nearby,has_partner=false;has_nearby=false;privacy_mode=squad,0,NONE,community,no_recipients,/map?openPark=<id> (or openRoute=<id>)
parent,9,friend-published-nearby,has_partner=false;has_nearby=false;privacy_mode=squad,1,NONE,community,no_recipients,/map?openPark=<id> (or openRoute=<id>)
parent,9,friend-published-nearby,has_partner=false;has_nearby=false;privacy_mode=squad,2,NONE,community,no_recipients,/map?openPark=<id> (or openRoute=<id>)
parent,9,friend-published-nearby,has_partner=false;has_nearby=false;privacy_mode=squad,3,NONE,community,no_recipients,/map?openPark=<id> (or openRoute=<id>)
parent,9,friend-published-nearby,has_partner=false;has_nearby=false;privacy_mode=ghost,0,NONE,community,no_recipients,/map?openPark=<id> (or openRoute=<id>)
parent,9,friend-published-nearby,has_partner=false;has_nearby=false;privacy_mode=ghost,1,NONE,community,no_recipients,/map?openPark=<id> (or openRoute=<id>)
parent,9,friend-published-nearby,has_partner=false;has_nearby=false;privacy_mode=ghost,2,NONE,community,no_recipients,/map?openPark=<id> (or openRoute=<id>)
parent,9,friend-published-nearby,has_partner=false;has_nearby=false;privacy_mode=ghost,3,NONE,community,no_recipients,/map?openPark=<id> (or openRoute=<id>)
parent,10,friend-published-nearby,has_partner=true;has_nearby=true;privacy_mode=verified_global,0,community,community,n/a,/map?openPark=<id> (or openRoute=<id>)
parent,10,friend-published-nearby,has_partner=true;has_nearby=true;privacy_mode=verified_global,1,community,community,n/a,/map?openPark=<id> (or openRoute=<id>)
parent,10,friend-published-nearby,has_partner=true;has_nearby=true;privacy_mode=verified_global,2,community,community,n/a,/map?openPark=<id> (or openRoute=<id>)
parent,10,friend-published-nearby,has_partner=true;has_nearby=true;privacy_mode=verified_global,3,NONE,community,daily_cap,/map?openPark=<id> (or openRoute=<id>)
parent,10,friend-published-nearby,has_partner=true;has_nearby=true;privacy_mode=squad,0,community,community,n/a,/map?openPark=<id> (or openRoute=<id>)
parent,10,friend-published-nearby,has_partner=true;has_nearby=true;privacy_mode=squad,1,community,community,n/a,/map?openPark=<id> (or openRoute=<id>)
parent,10,friend-published-nearby,has_partner=true;has_nearby=true;privacy_mode=squad,2,community,community,n/a,/map?openPark=<id> (or openRoute=<id>)
parent,10,friend-published-nearby,has_partner=true;has_nearby=true;privacy_mode=squad,3,NONE,community,daily_cap,/map?openPark=<id> (or openRoute=<id>)
parent,10,friend-published-nearby,has_partner=true;has_nearby=true;privacy_mode=ghost,0,NONE,community,no_recipients,/map?openPark=<id> (or openRoute=<id>)
parent,10,friend-published-nearby,has_partner=true;has_nearby=true;privacy_mode=ghost,1,NONE,community,no_recipients,/map?openPark=<id> (or openRoute=<id>)
parent,10,friend-published-nearby,has_partner=true;has_nearby=true;privacy_mode=ghost,2,NONE,community,no_recipients,/map?openPark=<id> (or openRoute=<id>)
parent,10,friend-published-nearby,has_partner=true;has_nearby=true;privacy_mode=ghost,3,NONE,community,no_recipients,/map?openPark=<id> (or openRoute=<id>)
parent,10,friend-published-nearby,has_partner=true;has_nearby=false;privacy_mode=verified_global,0,community,community,n/a,/map?openPark=<id> (or openRoute=<id>)
parent,10,friend-published-nearby,has_partner=true;has_nearby=false;privacy_mode=verified_global,1,community,community,n/a,/map?openPark=<id> (or openRoute=<id>)
parent,10,friend-published-nearby,has_partner=true;has_nearby=false;privacy_mode=verified_global,2,community,community,n/a,/map?openPark=<id> (or openRoute=<id>)
parent,10,friend-published-nearby,has_partner=true;has_nearby=false;privacy_mode=verified_global,3,NONE,community,daily_cap,/map?openPark=<id> (or openRoute=<id>)
parent,10,friend-published-nearby,has_partner=true;has_nearby=false;privacy_mode=squad,0,community,community,n/a,/map?openPark=<id> (or openRoute=<id>)
parent,10,friend-published-nearby,has_partner=true;has_nearby=false;privacy_mode=squad,1,community,community,n/a,/map?openPark=<id> (or openRoute=<id>)
parent,10,friend-published-nearby,has_partner=true;has_nearby=false;privacy_mode=squad,2,community,community,n/a,/map?openPark=<id> (or openRoute=<id>)
parent,10,friend-published-nearby,has_partner=true;has_nearby=false;privacy_mode=squad,3,NONE,community,daily_cap,/map?openPark=<id> (or openRoute=<id>)
parent,10,friend-published-nearby,has_partner=true;has_nearby=false;privacy_mode=ghost,0,NONE,community,no_recipients,/map?openPark=<id> (or openRoute=<id>)
parent,10,friend-published-nearby,has_partner=true;has_nearby=false;privacy_mode=ghost,1,NONE,community,no_recipients,/map?openPark=<id> (or openRoute=<id>)
parent,10,friend-published-nearby,has_partner=true;has_nearby=false;privacy_mode=ghost,2,NONE,community,no_recipients,/map?openPark=<id> (or openRoute=<id>)
parent,10,friend-published-nearby,has_partner=true;has_nearby=false;privacy_mode=ghost,3,NONE,community,no_recipients,/map?openPark=<id> (or openRoute=<id>)
parent,10,friend-published-nearby,has_partner=false;has_nearby=true;privacy_mode=verified_global,0,community,community,n/a,/map?openPark=<id> (or openRoute=<id>)
parent,10,friend-published-nearby,has_partner=false;has_nearby=true;privacy_mode=verified_global,1,community,community,n/a,/map?openPark=<id> (or openRoute=<id>)
parent,10,friend-published-nearby,has_partner=false;has_nearby=true;privacy_mode=verified_global,2,community,community,n/a,/map?openPark=<id> (or openRoute=<id>)
parent,10,friend-published-nearby,has_partner=false;has_nearby=true;privacy_mode=verified_global,3,NONE,community,daily_cap,/map?openPark=<id> (or openRoute=<id>)
parent,10,friend-published-nearby,has_partner=false;has_nearby=true;privacy_mode=squad,0,NONE,community,no_recipients,/map?openPark=<id> (or openRoute=<id>)
parent,10,friend-published-nearby,has_partner=false;has_nearby=true;privacy_mode=squad,1,NONE,community,no_recipients,/map?openPark=<id> (or openRoute=<id>)
parent,10,friend-published-nearby,has_partner=false;has_nearby=true;privacy_mode=squad,2,NONE,community,no_recipients,/map?openPark=<id> (or openRoute=<id>)
parent,10,friend-published-nearby,has_partner=false;has_nearby=true;privacy_mode=squad,3,NONE,community,no_recipients,/map?openPark=<id> (or openRoute=<id>)
parent,10,friend-published-nearby,has_partner=false;has_nearby=true;privacy_mode=ghost,0,NONE,community,no_recipients,/map?openPark=<id> (or openRoute=<id>)
parent,10,friend-published-nearby,has_partner=false;has_nearby=true;privacy_mode=ghost,1,NONE,community,no_recipients,/map?openPark=<id> (or openRoute=<id>)
parent,10,friend-published-nearby,has_partner=false;has_nearby=true;privacy_mode=ghost,2,NONE,community,no_recipients,/map?openPark=<id> (or openRoute=<id>)
parent,10,friend-published-nearby,has_partner=false;has_nearby=true;privacy_mode=ghost,3,NONE,community,no_recipients,/map?openPark=<id> (or openRoute=<id>)
parent,10,friend-published-nearby,has_partner=false;has_nearby=false;privacy_mode=verified_global,0,NONE,community,no_recipients,/map?openPark=<id> (or openRoute=<id>)
parent,10,friend-published-nearby,has_partner=false;has_nearby=false;privacy_mode=verified_global,1,NONE,community,no_recipients,/map?openPark=<id> (or openRoute=<id>)
parent,10,friend-published-nearby,has_partner=false;has_nearby=false;privacy_mode=verified_global,2,NONE,community,no_recipients,/map?openPark=<id> (or openRoute=<id>)
parent,10,friend-published-nearby,has_partner=false;has_nearby=false;privacy_mode=verified_global,3,NONE,community,no_recipients,/map?openPark=<id> (or openRoute=<id>)
parent,10,friend-published-nearby,has_partner=false;has_nearby=false;privacy_mode=squad,0,NONE,community,no_recipients,/map?openPark=<id> (or openRoute=<id>)
parent,10,friend-published-nearby,has_partner=false;has_nearby=false;privacy_mode=squad,1,NONE,community,no_recipients,/map?openPark=<id> (or openRoute=<id>)
parent,10,friend-published-nearby,has_partner=false;has_nearby=false;privacy_mode=squad,2,NONE,community,no_recipients,/map?openPark=<id> (or openRoute=<id>)
parent,10,friend-published-nearby,has_partner=false;has_nearby=false;privacy_mode=squad,3,NONE,community,no_recipients,/map?openPark=<id> (or openRoute=<id>)
parent,10,friend-published-nearby,has_partner=false;has_nearby=false;privacy_mode=ghost,0,NONE,community,no_recipients,/map?openPark=<id> (or openRoute=<id>)
parent,10,friend-published-nearby,has_partner=false;has_nearby=false;privacy_mode=ghost,1,NONE,community,no_recipients,/map?openPark=<id> (or openRoute=<id>)
parent,10,friend-published-nearby,has_partner=false;has_nearby=false;privacy_mode=ghost,2,NONE,community,no_recipients,/map?openPark=<id> (or openRoute=<id>)
parent,10,friend-published-nearby,has_partner=false;has_nearby=false;privacy_mode=ghost,3,NONE,community,no_recipients,/map?openPark=<id> (or openRoute=<id>)
parent,11,friend-published-nearby,has_partner=true;has_nearby=true;privacy_mode=verified_global,0,community,community,n/a,/map?openPark=<id> (or openRoute=<id>)
parent,11,friend-published-nearby,has_partner=true;has_nearby=true;privacy_mode=verified_global,1,community,community,n/a,/map?openPark=<id> (or openRoute=<id>)
parent,11,friend-published-nearby,has_partner=true;has_nearby=true;privacy_mode=verified_global,2,community,community,n/a,/map?openPark=<id> (or openRoute=<id>)
parent,11,friend-published-nearby,has_partner=true;has_nearby=true;privacy_mode=verified_global,3,NONE,community,daily_cap,/map?openPark=<id> (or openRoute=<id>)
parent,11,friend-published-nearby,has_partner=true;has_nearby=true;privacy_mode=squad,0,community,community,n/a,/map?openPark=<id> (or openRoute=<id>)
parent,11,friend-published-nearby,has_partner=true;has_nearby=true;privacy_mode=squad,1,community,community,n/a,/map?openPark=<id> (or openRoute=<id>)
parent,11,friend-published-nearby,has_partner=true;has_nearby=true;privacy_mode=squad,2,community,community,n/a,/map?openPark=<id> (or openRoute=<id>)
parent,11,friend-published-nearby,has_partner=true;has_nearby=true;privacy_mode=squad,3,NONE,community,daily_cap,/map?openPark=<id> (or openRoute=<id>)
parent,11,friend-published-nearby,has_partner=true;has_nearby=true;privacy_mode=ghost,0,NONE,community,no_recipients,/map?openPark=<id> (or openRoute=<id>)
parent,11,friend-published-nearby,has_partner=true;has_nearby=true;privacy_mode=ghost,1,NONE,community,no_recipients,/map?openPark=<id> (or openRoute=<id>)
parent,11,friend-published-nearby,has_partner=true;has_nearby=true;privacy_mode=ghost,2,NONE,community,no_recipients,/map?openPark=<id> (or openRoute=<id>)
parent,11,friend-published-nearby,has_partner=true;has_nearby=true;privacy_mode=ghost,3,NONE,community,no_recipients,/map?openPark=<id> (or openRoute=<id>)
parent,11,friend-published-nearby,has_partner=true;has_nearby=false;privacy_mode=verified_global,0,community,community,n/a,/map?openPark=<id> (or openRoute=<id>)
parent,11,friend-published-nearby,has_partner=true;has_nearby=false;privacy_mode=verified_global,1,community,community,n/a,/map?openPark=<id> (or openRoute=<id>)
parent,11,friend-published-nearby,has_partner=true;has_nearby=false;privacy_mode=verified_global,2,community,community,n/a,/map?openPark=<id> (or openRoute=<id>)
parent,11,friend-published-nearby,has_partner=true;has_nearby=false;privacy_mode=verified_global,3,NONE,community,daily_cap,/map?openPark=<id> (or openRoute=<id>)
parent,11,friend-published-nearby,has_partner=true;has_nearby=false;privacy_mode=squad,0,community,community,n/a,/map?openPark=<id> (or openRoute=<id>)
parent,11,friend-published-nearby,has_partner=true;has_nearby=false;privacy_mode=squad,1,community,community,n/a,/map?openPark=<id> (or openRoute=<id>)
parent,11,friend-published-nearby,has_partner=true;has_nearby=false;privacy_mode=squad,2,community,community,n/a,/map?openPark=<id> (or openRoute=<id>)
parent,11,friend-published-nearby,has_partner=true;has_nearby=false;privacy_mode=squad,3,NONE,community,daily_cap,/map?openPark=<id> (or openRoute=<id>)
parent,11,friend-published-nearby,has_partner=true;has_nearby=false;privacy_mode=ghost,0,NONE,community,no_recipients,/map?openPark=<id> (or openRoute=<id>)
parent,11,friend-published-nearby,has_partner=true;has_nearby=false;privacy_mode=ghost,1,NONE,community,no_recipients,/map?openPark=<id> (or openRoute=<id>)
parent,11,friend-published-nearby,has_partner=true;has_nearby=false;privacy_mode=ghost,2,NONE,community,no_recipients,/map?openPark=<id> (or openRoute=<id>)
parent,11,friend-published-nearby,has_partner=true;has_nearby=false;privacy_mode=ghost,3,NONE,community,no_recipients,/map?openPark=<id> (or openRoute=<id>)
parent,11,friend-published-nearby,has_partner=false;has_nearby=true;privacy_mode=verified_global,0,community,community,n/a,/map?openPark=<id> (or openRoute=<id>)
parent,11,friend-published-nearby,has_partner=false;has_nearby=true;privacy_mode=verified_global,1,community,community,n/a,/map?openPark=<id> (or openRoute=<id>)
parent,11,friend-published-nearby,has_partner=false;has_nearby=true;privacy_mode=verified_global,2,community,community,n/a,/map?openPark=<id> (or openRoute=<id>)
parent,11,friend-published-nearby,has_partner=false;has_nearby=true;privacy_mode=verified_global,3,NONE,community,daily_cap,/map?openPark=<id> (or openRoute=<id>)
parent,11,friend-published-nearby,has_partner=false;has_nearby=true;privacy_mode=squad,0,NONE,community,no_recipients,/map?openPark=<id> (or openRoute=<id>)
parent,11,friend-published-nearby,has_partner=false;has_nearby=true;privacy_mode=squad,1,NONE,community,no_recipients,/map?openPark=<id> (or openRoute=<id>)
parent,11,friend-published-nearby,has_partner=false;has_nearby=true;privacy_mode=squad,2,NONE,community,no_recipients,/map?openPark=<id> (or openRoute=<id>)
parent,11,friend-published-nearby,has_partner=false;has_nearby=true;privacy_mode=squad,3,NONE,community,no_recipients,/map?openPark=<id> (or openRoute=<id>)
parent,11,friend-published-nearby,has_partner=false;has_nearby=true;privacy_mode=ghost,0,NONE,community,no_recipients,/map?openPark=<id> (or openRoute=<id>)
parent,11,friend-published-nearby,has_partner=false;has_nearby=true;privacy_mode=ghost,1,NONE,community,no_recipients,/map?openPark=<id> (or openRoute=<id>)
parent,11,friend-published-nearby,has_partner=false;has_nearby=true;privacy_mode=ghost,2,NONE,community,no_recipients,/map?openPark=<id> (or openRoute=<id>)
parent,11,friend-published-nearby,has_partner=false;has_nearby=true;privacy_mode=ghost,3,NONE,community,no_recipients,/map?openPark=<id> (or openRoute=<id>)
parent,11,friend-published-nearby,has_partner=false;has_nearby=false;privacy_mode=verified_global,0,NONE,community,no_recipients,/map?openPark=<id> (or openRoute=<id>)
parent,11,friend-published-nearby,has_partner=false;has_nearby=false;privacy_mode=verified_global,1,NONE,community,no_recipients,/map?openPark=<id> (or openRoute=<id>)
parent,11,friend-published-nearby,has_partner=false;has_nearby=false;privacy_mode=verified_global,2,NONE,community,no_recipients,/map?openPark=<id> (or openRoute=<id>)
parent,11,friend-published-nearby,has_partner=false;has_nearby=false;privacy_mode=verified_global,3,NONE,community,no_recipients,/map?openPark=<id> (or openRoute=<id>)
parent,11,friend-published-nearby,has_partner=false;has_nearby=false;privacy_mode=squad,0,NONE,community,no_recipients,/map?openPark=<id> (or openRoute=<id>)
parent,11,friend-published-nearby,has_partner=false;has_nearby=false;privacy_mode=squad,1,NONE,community,no_recipients,/map?openPark=<id> (or openRoute=<id>)
parent,11,friend-published-nearby,has_partner=false;has_nearby=false;privacy_mode=squad,2,NONE,community,no_recipients,/map?openPark=<id> (or openRoute=<id>)
parent,11,friend-published-nearby,has_partner=false;has_nearby=false;privacy_mode=squad,3,NONE,community,no_recipients,/map?openPark=<id> (or openRoute=<id>)
parent,11,friend-published-nearby,has_partner=false;has_nearby=false;privacy_mode=ghost,0,NONE,community,no_recipients,/map?openPark=<id> (or openRoute=<id>)
parent,11,friend-published-nearby,has_partner=false;has_nearby=false;privacy_mode=ghost,1,NONE,community,no_recipients,/map?openPark=<id> (or openRoute=<id>)
parent,11,friend-published-nearby,has_partner=false;has_nearby=false;privacy_mode=ghost,2,NONE,community,no_recipients,/map?openPark=<id> (or openRoute=<id>)
parent,11,friend-published-nearby,has_partner=false;has_nearby=false;privacy_mode=ghost,3,NONE,community,no_recipients,/map?openPark=<id> (or openRoute=<id>)
parent,12,friend-published-nearby,has_partner=true;has_nearby=true;privacy_mode=verified_global,0,community,community,n/a,/map?openPark=<id> (or openRoute=<id>)
parent,12,friend-published-nearby,has_partner=true;has_nearby=true;privacy_mode=verified_global,1,community,community,n/a,/map?openPark=<id> (or openRoute=<id>)
parent,12,friend-published-nearby,has_partner=true;has_nearby=true;privacy_mode=verified_global,2,community,community,n/a,/map?openPark=<id> (or openRoute=<id>)
parent,12,friend-published-nearby,has_partner=true;has_nearby=true;privacy_mode=verified_global,3,NONE,community,daily_cap,/map?openPark=<id> (or openRoute=<id>)
parent,12,friend-published-nearby,has_partner=true;has_nearby=true;privacy_mode=squad,0,community,community,n/a,/map?openPark=<id> (or openRoute=<id>)
parent,12,friend-published-nearby,has_partner=true;has_nearby=true;privacy_mode=squad,1,community,community,n/a,/map?openPark=<id> (or openRoute=<id>)
parent,12,friend-published-nearby,has_partner=true;has_nearby=true;privacy_mode=squad,2,community,community,n/a,/map?openPark=<id> (or openRoute=<id>)
parent,12,friend-published-nearby,has_partner=true;has_nearby=true;privacy_mode=squad,3,NONE,community,daily_cap,/map?openPark=<id> (or openRoute=<id>)
parent,12,friend-published-nearby,has_partner=true;has_nearby=true;privacy_mode=ghost,0,NONE,community,no_recipients,/map?openPark=<id> (or openRoute=<id>)
parent,12,friend-published-nearby,has_partner=true;has_nearby=true;privacy_mode=ghost,1,NONE,community,no_recipients,/map?openPark=<id> (or openRoute=<id>)
parent,12,friend-published-nearby,has_partner=true;has_nearby=true;privacy_mode=ghost,2,NONE,community,no_recipients,/map?openPark=<id> (or openRoute=<id>)
parent,12,friend-published-nearby,has_partner=true;has_nearby=true;privacy_mode=ghost,3,NONE,community,no_recipients,/map?openPark=<id> (or openRoute=<id>)
parent,12,friend-published-nearby,has_partner=true;has_nearby=false;privacy_mode=verified_global,0,community,community,n/a,/map?openPark=<id> (or openRoute=<id>)
parent,12,friend-published-nearby,has_partner=true;has_nearby=false;privacy_mode=verified_global,1,community,community,n/a,/map?openPark=<id> (or openRoute=<id>)
parent,12,friend-published-nearby,has_partner=true;has_nearby=false;privacy_mode=verified_global,2,community,community,n/a,/map?openPark=<id> (or openRoute=<id>)
parent,12,friend-published-nearby,has_partner=true;has_nearby=false;privacy_mode=verified_global,3,NONE,community,daily_cap,/map?openPark=<id> (or openRoute=<id>)
parent,12,friend-published-nearby,has_partner=true;has_nearby=false;privacy_mode=squad,0,community,community,n/a,/map?openPark=<id> (or openRoute=<id>)
parent,12,friend-published-nearby,has_partner=true;has_nearby=false;privacy_mode=squad,1,community,community,n/a,/map?openPark=<id> (or openRoute=<id>)
parent,12,friend-published-nearby,has_partner=true;has_nearby=false;privacy_mode=squad,2,community,community,n/a,/map?openPark=<id> (or openRoute=<id>)
parent,12,friend-published-nearby,has_partner=true;has_nearby=false;privacy_mode=squad,3,NONE,community,daily_cap,/map?openPark=<id> (or openRoute=<id>)
parent,12,friend-published-nearby,has_partner=true;has_nearby=false;privacy_mode=ghost,0,NONE,community,no_recipients,/map?openPark=<id> (or openRoute=<id>)
parent,12,friend-published-nearby,has_partner=true;has_nearby=false;privacy_mode=ghost,1,NONE,community,no_recipients,/map?openPark=<id> (or openRoute=<id>)
parent,12,friend-published-nearby,has_partner=true;has_nearby=false;privacy_mode=ghost,2,NONE,community,no_recipients,/map?openPark=<id> (or openRoute=<id>)
parent,12,friend-published-nearby,has_partner=true;has_nearby=false;privacy_mode=ghost,3,NONE,community,no_recipients,/map?openPark=<id> (or openRoute=<id>)
parent,12,friend-published-nearby,has_partner=false;has_nearby=true;privacy_mode=verified_global,0,community,community,n/a,/map?openPark=<id> (or openRoute=<id>)
parent,12,friend-published-nearby,has_partner=false;has_nearby=true;privacy_mode=verified_global,1,community,community,n/a,/map?openPark=<id> (or openRoute=<id>)
parent,12,friend-published-nearby,has_partner=false;has_nearby=true;privacy_mode=verified_global,2,community,community,n/a,/map?openPark=<id> (or openRoute=<id>)
parent,12,friend-published-nearby,has_partner=false;has_nearby=true;privacy_mode=verified_global,3,NONE,community,daily_cap,/map?openPark=<id> (or openRoute=<id>)
parent,12,friend-published-nearby,has_partner=false;has_nearby=true;privacy_mode=squad,0,NONE,community,no_recipients,/map?openPark=<id> (or openRoute=<id>)
parent,12,friend-published-nearby,has_partner=false;has_nearby=true;privacy_mode=squad,1,NONE,community,no_recipients,/map?openPark=<id> (or openRoute=<id>)
parent,12,friend-published-nearby,has_partner=false;has_nearby=true;privacy_mode=squad,2,NONE,community,no_recipients,/map?openPark=<id> (or openRoute=<id>)
parent,12,friend-published-nearby,has_partner=false;has_nearby=true;privacy_mode=squad,3,NONE,community,no_recipients,/map?openPark=<id> (or openRoute=<id>)
parent,12,friend-published-nearby,has_partner=false;has_nearby=true;privacy_mode=ghost,0,NONE,community,no_recipients,/map?openPark=<id> (or openRoute=<id>)
parent,12,friend-published-nearby,has_partner=false;has_nearby=true;privacy_mode=ghost,1,NONE,community,no_recipients,/map?openPark=<id> (or openRoute=<id>)
parent,12,friend-published-nearby,has_partner=false;has_nearby=true;privacy_mode=ghost,2,NONE,community,no_recipients,/map?openPark=<id> (or openRoute=<id>)
parent,12,friend-published-nearby,has_partner=false;has_nearby=true;privacy_mode=ghost,3,NONE,community,no_recipients,/map?openPark=<id> (or openRoute=<id>)
parent,12,friend-published-nearby,has_partner=false;has_nearby=false;privacy_mode=verified_global,0,NONE,community,no_recipients,/map?openPark=<id> (or openRoute=<id>)
parent,12,friend-published-nearby,has_partner=false;has_nearby=false;privacy_mode=verified_global,1,NONE,community,no_recipients,/map?openPark=<id> (or openRoute=<id>)
parent,12,friend-published-nearby,has_partner=false;has_nearby=false;privacy_mode=verified_global,2,NONE,community,no_recipients,/map?openPark=<id> (or openRoute=<id>)
parent,12,friend-published-nearby,has_partner=false;has_nearby=false;privacy_mode=verified_global,3,NONE,community,no_recipients,/map?openPark=<id> (or openRoute=<id>)
parent,12,friend-published-nearby,has_partner=false;has_nearby=false;privacy_mode=squad,0,NONE,community,no_recipients,/map?openPark=<id> (or openRoute=<id>)
parent,12,friend-published-nearby,has_partner=false;has_nearby=false;privacy_mode=squad,1,NONE,community,no_recipients,/map?openPark=<id> (or openRoute=<id>)
parent,12,friend-published-nearby,has_partner=false;has_nearby=false;privacy_mode=squad,2,NONE,community,no_recipients,/map?openPark=<id> (or openRoute=<id>)
parent,12,friend-published-nearby,has_partner=false;has_nearby=false;privacy_mode=squad,3,NONE,community,no_recipients,/map?openPark=<id> (or openRoute=<id>)
parent,12,friend-published-nearby,has_partner=false;has_nearby=false;privacy_mode=ghost,0,NONE,community,no_recipients,/map?openPark=<id> (or openRoute=<id>)
parent,12,friend-published-nearby,has_partner=false;has_nearby=false;privacy_mode=ghost,1,NONE,community,no_recipients,/map?openPark=<id> (or openRoute=<id>)
parent,12,friend-published-nearby,has_partner=false;has_nearby=false;privacy_mode=ghost,2,NONE,community,no_recipients,/map?openPark=<id> (or openRoute=<id>)
parent,12,friend-published-nearby,has_partner=false;has_nearby=false;privacy_mode=ghost,3,NONE,community,no_recipients,/map?openPark=<id> (or openRoute=<id>)
parent,13,friend-published-nearby,has_partner=true;has_nearby=true;privacy_mode=verified_global,0,community,community,n/a,/map?openPark=<id> (or openRoute=<id>)
parent,13,friend-published-nearby,has_partner=true;has_nearby=true;privacy_mode=verified_global,1,community,community,n/a,/map?openPark=<id> (or openRoute=<id>)
parent,13,friend-published-nearby,has_partner=true;has_nearby=true;privacy_mode=verified_global,2,community,community,n/a,/map?openPark=<id> (or openRoute=<id>)
parent,13,friend-published-nearby,has_partner=true;has_nearby=true;privacy_mode=verified_global,3,NONE,community,daily_cap,/map?openPark=<id> (or openRoute=<id>)
parent,13,friend-published-nearby,has_partner=true;has_nearby=true;privacy_mode=squad,0,community,community,n/a,/map?openPark=<id> (or openRoute=<id>)
parent,13,friend-published-nearby,has_partner=true;has_nearby=true;privacy_mode=squad,1,community,community,n/a,/map?openPark=<id> (or openRoute=<id>)
parent,13,friend-published-nearby,has_partner=true;has_nearby=true;privacy_mode=squad,2,community,community,n/a,/map?openPark=<id> (or openRoute=<id>)
parent,13,friend-published-nearby,has_partner=true;has_nearby=true;privacy_mode=squad,3,NONE,community,daily_cap,/map?openPark=<id> (or openRoute=<id>)
parent,13,friend-published-nearby,has_partner=true;has_nearby=true;privacy_mode=ghost,0,NONE,community,no_recipients,/map?openPark=<id> (or openRoute=<id>)
parent,13,friend-published-nearby,has_partner=true;has_nearby=true;privacy_mode=ghost,1,NONE,community,no_recipients,/map?openPark=<id> (or openRoute=<id>)
parent,13,friend-published-nearby,has_partner=true;has_nearby=true;privacy_mode=ghost,2,NONE,community,no_recipients,/map?openPark=<id> (or openRoute=<id>)
parent,13,friend-published-nearby,has_partner=true;has_nearby=true;privacy_mode=ghost,3,NONE,community,no_recipients,/map?openPark=<id> (or openRoute=<id>)
parent,13,friend-published-nearby,has_partner=true;has_nearby=false;privacy_mode=verified_global,0,community,community,n/a,/map?openPark=<id> (or openRoute=<id>)
parent,13,friend-published-nearby,has_partner=true;has_nearby=false;privacy_mode=verified_global,1,community,community,n/a,/map?openPark=<id> (or openRoute=<id>)
parent,13,friend-published-nearby,has_partner=true;has_nearby=false;privacy_mode=verified_global,2,community,community,n/a,/map?openPark=<id> (or openRoute=<id>)
parent,13,friend-published-nearby,has_partner=true;has_nearby=false;privacy_mode=verified_global,3,NONE,community,daily_cap,/map?openPark=<id> (or openRoute=<id>)
parent,13,friend-published-nearby,has_partner=true;has_nearby=false;privacy_mode=squad,0,community,community,n/a,/map?openPark=<id> (or openRoute=<id>)
parent,13,friend-published-nearby,has_partner=true;has_nearby=false;privacy_mode=squad,1,community,community,n/a,/map?openPark=<id> (or openRoute=<id>)
parent,13,friend-published-nearby,has_partner=true;has_nearby=false;privacy_mode=squad,2,community,community,n/a,/map?openPark=<id> (or openRoute=<id>)
parent,13,friend-published-nearby,has_partner=true;has_nearby=false;privacy_mode=squad,3,NONE,community,daily_cap,/map?openPark=<id> (or openRoute=<id>)
parent,13,friend-published-nearby,has_partner=true;has_nearby=false;privacy_mode=ghost,0,NONE,community,no_recipients,/map?openPark=<id> (or openRoute=<id>)
parent,13,friend-published-nearby,has_partner=true;has_nearby=false;privacy_mode=ghost,1,NONE,community,no_recipients,/map?openPark=<id> (or openRoute=<id>)
parent,13,friend-published-nearby,has_partner=true;has_nearby=false;privacy_mode=ghost,2,NONE,community,no_recipients,/map?openPark=<id> (or openRoute=<id>)
parent,13,friend-published-nearby,has_partner=true;has_nearby=false;privacy_mode=ghost,3,NONE,community,no_recipients,/map?openPark=<id> (or openRoute=<id>)
parent,13,friend-published-nearby,has_partner=false;has_nearby=true;privacy_mode=verified_global,0,community,community,n/a,/map?openPark=<id> (or openRoute=<id>)
parent,13,friend-published-nearby,has_partner=false;has_nearby=true;privacy_mode=verified_global,1,community,community,n/a,/map?openPark=<id> (or openRoute=<id>)
parent,13,friend-published-nearby,has_partner=false;has_nearby=true;privacy_mode=verified_global,2,community,community,n/a,/map?openPark=<id> (or openRoute=<id>)
parent,13,friend-published-nearby,has_partner=false;has_nearby=true;privacy_mode=verified_global,3,NONE,community,daily_cap,/map?openPark=<id> (or openRoute=<id>)
parent,13,friend-published-nearby,has_partner=false;has_nearby=true;privacy_mode=squad,0,NONE,community,no_recipients,/map?openPark=<id> (or openRoute=<id>)
parent,13,friend-published-nearby,has_partner=false;has_nearby=true;privacy_mode=squad,1,NONE,community,no_recipients,/map?openPark=<id> (or openRoute=<id>)
parent,13,friend-published-nearby,has_partner=false;has_nearby=true;privacy_mode=squad,2,NONE,community,no_recipients,/map?openPark=<id> (or openRoute=<id>)
parent,13,friend-published-nearby,has_partner=false;has_nearby=true;privacy_mode=squad,3,NONE,community,no_recipients,/map?openPark=<id> (or openRoute=<id>)
parent,13,friend-published-nearby,has_partner=false;has_nearby=true;privacy_mode=ghost,0,NONE,community,no_recipients,/map?openPark=<id> (or openRoute=<id>)
parent,13,friend-published-nearby,has_partner=false;has_nearby=true;privacy_mode=ghost,1,NONE,community,no_recipients,/map?openPark=<id> (or openRoute=<id>)
parent,13,friend-published-nearby,has_partner=false;has_nearby=true;privacy_mode=ghost,2,NONE,community,no_recipients,/map?openPark=<id> (or openRoute=<id>)
parent,13,friend-published-nearby,has_partner=false;has_nearby=true;privacy_mode=ghost,3,NONE,community,no_recipients,/map?openPark=<id> (or openRoute=<id>)
parent,13,friend-published-nearby,has_partner=false;has_nearby=false;privacy_mode=verified_global,0,NONE,community,no_recipients,/map?openPark=<id> (or openRoute=<id>)
parent,13,friend-published-nearby,has_partner=false;has_nearby=false;privacy_mode=verified_global,1,NONE,community,no_recipients,/map?openPark=<id> (or openRoute=<id>)
parent,13,friend-published-nearby,has_partner=false;has_nearby=false;privacy_mode=verified_global,2,NONE,community,no_recipients,/map?openPark=<id> (or openRoute=<id>)
parent,13,friend-published-nearby,has_partner=false;has_nearby=false;privacy_mode=verified_global,3,NONE,community,no_recipients,/map?openPark=<id> (or openRoute=<id>)
parent,13,friend-published-nearby,has_partner=false;has_nearby=false;privacy_mode=squad,0,NONE,community,no_recipients,/map?openPark=<id> (or openRoute=<id>)
parent,13,friend-published-nearby,has_partner=false;has_nearby=false;privacy_mode=squad,1,NONE,community,no_recipients,/map?openPark=<id> (or openRoute=<id>)
parent,13,friend-published-nearby,has_partner=false;has_nearby=false;privacy_mode=squad,2,NONE,community,no_recipients,/map?openPark=<id> (or openRoute=<id>)
parent,13,friend-published-nearby,has_partner=false;has_nearby=false;privacy_mode=squad,3,NONE,community,no_recipients,/map?openPark=<id> (or openRoute=<id>)
parent,13,friend-published-nearby,has_partner=false;has_nearby=false;privacy_mode=ghost,0,NONE,community,no_recipients,/map?openPark=<id> (or openRoute=<id>)
parent,13,friend-published-nearby,has_partner=false;has_nearby=false;privacy_mode=ghost,1,NONE,community,no_recipients,/map?openPark=<id> (or openRoute=<id>)
parent,13,friend-published-nearby,has_partner=false;has_nearby=false;privacy_mode=ghost,2,NONE,community,no_recipients,/map?openPark=<id> (or openRoute=<id>)
parent,13,friend-published-nearby,has_partner=false;has_nearby=false;privacy_mode=ghost,3,NONE,community,no_recipients,/map?openPark=<id> (or openRoute=<id>)
parent,14,friend-published-nearby,has_partner=true;has_nearby=true;privacy_mode=verified_global,0,community,community,n/a,/map?openPark=<id> (or openRoute=<id>)
parent,14,friend-published-nearby,has_partner=true;has_nearby=true;privacy_mode=verified_global,1,community,community,n/a,/map?openPark=<id> (or openRoute=<id>)
parent,14,friend-published-nearby,has_partner=true;has_nearby=true;privacy_mode=verified_global,2,community,community,n/a,/map?openPark=<id> (or openRoute=<id>)
parent,14,friend-published-nearby,has_partner=true;has_nearby=true;privacy_mode=verified_global,3,NONE,community,daily_cap,/map?openPark=<id> (or openRoute=<id>)
parent,14,friend-published-nearby,has_partner=true;has_nearby=true;privacy_mode=squad,0,community,community,n/a,/map?openPark=<id> (or openRoute=<id>)
parent,14,friend-published-nearby,has_partner=true;has_nearby=true;privacy_mode=squad,1,community,community,n/a,/map?openPark=<id> (or openRoute=<id>)
parent,14,friend-published-nearby,has_partner=true;has_nearby=true;privacy_mode=squad,2,community,community,n/a,/map?openPark=<id> (or openRoute=<id>)
parent,14,friend-published-nearby,has_partner=true;has_nearby=true;privacy_mode=squad,3,NONE,community,daily_cap,/map?openPark=<id> (or openRoute=<id>)
parent,14,friend-published-nearby,has_partner=true;has_nearby=true;privacy_mode=ghost,0,NONE,community,no_recipients,/map?openPark=<id> (or openRoute=<id>)
parent,14,friend-published-nearby,has_partner=true;has_nearby=true;privacy_mode=ghost,1,NONE,community,no_recipients,/map?openPark=<id> (or openRoute=<id>)
parent,14,friend-published-nearby,has_partner=true;has_nearby=true;privacy_mode=ghost,2,NONE,community,no_recipients,/map?openPark=<id> (or openRoute=<id>)
parent,14,friend-published-nearby,has_partner=true;has_nearby=true;privacy_mode=ghost,3,NONE,community,no_recipients,/map?openPark=<id> (or openRoute=<id>)
parent,14,friend-published-nearby,has_partner=true;has_nearby=false;privacy_mode=verified_global,0,community,community,n/a,/map?openPark=<id> (or openRoute=<id>)
parent,14,friend-published-nearby,has_partner=true;has_nearby=false;privacy_mode=verified_global,1,community,community,n/a,/map?openPark=<id> (or openRoute=<id>)
parent,14,friend-published-nearby,has_partner=true;has_nearby=false;privacy_mode=verified_global,2,community,community,n/a,/map?openPark=<id> (or openRoute=<id>)
parent,14,friend-published-nearby,has_partner=true;has_nearby=false;privacy_mode=verified_global,3,NONE,community,daily_cap,/map?openPark=<id> (or openRoute=<id>)
parent,14,friend-published-nearby,has_partner=true;has_nearby=false;privacy_mode=squad,0,community,community,n/a,/map?openPark=<id> (or openRoute=<id>)
parent,14,friend-published-nearby,has_partner=true;has_nearby=false;privacy_mode=squad,1,community,community,n/a,/map?openPark=<id> (or openRoute=<id>)
parent,14,friend-published-nearby,has_partner=true;has_nearby=false;privacy_mode=squad,2,community,community,n/a,/map?openPark=<id> (or openRoute=<id>)
parent,14,friend-published-nearby,has_partner=true;has_nearby=false;privacy_mode=squad,3,NONE,community,daily_cap,/map?openPark=<id> (or openRoute=<id>)
parent,14,friend-published-nearby,has_partner=true;has_nearby=false;privacy_mode=ghost,0,NONE,community,no_recipients,/map?openPark=<id> (or openRoute=<id>)
parent,14,friend-published-nearby,has_partner=true;has_nearby=false;privacy_mode=ghost,1,NONE,community,no_recipients,/map?openPark=<id> (or openRoute=<id>)
parent,14,friend-published-nearby,has_partner=true;has_nearby=false;privacy_mode=ghost,2,NONE,community,no_recipients,/map?openPark=<id> (or openRoute=<id>)
parent,14,friend-published-nearby,has_partner=true;has_nearby=false;privacy_mode=ghost,3,NONE,community,no_recipients,/map?openPark=<id> (or openRoute=<id>)
parent,14,friend-published-nearby,has_partner=false;has_nearby=true;privacy_mode=verified_global,0,community,community,n/a,/map?openPark=<id> (or openRoute=<id>)
parent,14,friend-published-nearby,has_partner=false;has_nearby=true;privacy_mode=verified_global,1,community,community,n/a,/map?openPark=<id> (or openRoute=<id>)
parent,14,friend-published-nearby,has_partner=false;has_nearby=true;privacy_mode=verified_global,2,community,community,n/a,/map?openPark=<id> (or openRoute=<id>)
parent,14,friend-published-nearby,has_partner=false;has_nearby=true;privacy_mode=verified_global,3,NONE,community,daily_cap,/map?openPark=<id> (or openRoute=<id>)
parent,14,friend-published-nearby,has_partner=false;has_nearby=true;privacy_mode=squad,0,NONE,community,no_recipients,/map?openPark=<id> (or openRoute=<id>)
parent,14,friend-published-nearby,has_partner=false;has_nearby=true;privacy_mode=squad,1,NONE,community,no_recipients,/map?openPark=<id> (or openRoute=<id>)
parent,14,friend-published-nearby,has_partner=false;has_nearby=true;privacy_mode=squad,2,NONE,community,no_recipients,/map?openPark=<id> (or openRoute=<id>)
parent,14,friend-published-nearby,has_partner=false;has_nearby=true;privacy_mode=squad,3,NONE,community,no_recipients,/map?openPark=<id> (or openRoute=<id>)
parent,14,friend-published-nearby,has_partner=false;has_nearby=true;privacy_mode=ghost,0,NONE,community,no_recipients,/map?openPark=<id> (or openRoute=<id>)
parent,14,friend-published-nearby,has_partner=false;has_nearby=true;privacy_mode=ghost,1,NONE,community,no_recipients,/map?openPark=<id> (or openRoute=<id>)
parent,14,friend-published-nearby,has_partner=false;has_nearby=true;privacy_mode=ghost,2,NONE,community,no_recipients,/map?openPark=<id> (or openRoute=<id>)
parent,14,friend-published-nearby,has_partner=false;has_nearby=true;privacy_mode=ghost,3,NONE,community,no_recipients,/map?openPark=<id> (or openRoute=<id>)
parent,14,friend-published-nearby,has_partner=false;has_nearby=false;privacy_mode=verified_global,0,NONE,community,no_recipients,/map?openPark=<id> (or openRoute=<id>)
parent,14,friend-published-nearby,has_partner=false;has_nearby=false;privacy_mode=verified_global,1,NONE,community,no_recipients,/map?openPark=<id> (or openRoute=<id>)
parent,14,friend-published-nearby,has_partner=false;has_nearby=false;privacy_mode=verified_global,2,NONE,community,no_recipients,/map?openPark=<id> (or openRoute=<id>)
parent,14,friend-published-nearby,has_partner=false;has_nearby=false;privacy_mode=verified_global,3,NONE,community,no_recipients,/map?openPark=<id> (or openRoute=<id>)
parent,14,friend-published-nearby,has_partner=false;has_nearby=false;privacy_mode=squad,0,NONE,community,no_recipients,/map?openPark=<id> (or openRoute=<id>)
parent,14,friend-published-nearby,has_partner=false;has_nearby=false;privacy_mode=squad,1,NONE,community,no_recipients,/map?openPark=<id> (or openRoute=<id>)
parent,14,friend-published-nearby,has_partner=false;has_nearby=false;privacy_mode=squad,2,NONE,community,no_recipients,/map?openPark=<id> (or openRoute=<id>)
parent,14,friend-published-nearby,has_partner=false;has_nearby=false;privacy_mode=squad,3,NONE,community,no_recipients,/map?openPark=<id> (or openRoute=<id>)
parent,14,friend-published-nearby,has_partner=false;has_nearby=false;privacy_mode=ghost,0,NONE,community,no_recipients,/map?openPark=<id> (or openRoute=<id>)
parent,14,friend-published-nearby,has_partner=false;has_nearby=false;privacy_mode=ghost,1,NONE,community,no_recipients,/map?openPark=<id> (or openRoute=<id>)
parent,14,friend-published-nearby,has_partner=false;has_nearby=false;privacy_mode=ghost,2,NONE,community,no_recipients,/map?openPark=<id> (or openRoute=<id>)
parent,14,friend-published-nearby,has_partner=false;has_nearby=false;privacy_mode=ghost,3,NONE,community,no_recipients,/map?openPark=<id> (or openRoute=<id>)
parent,15,friend-published-nearby,has_partner=true;has_nearby=true;privacy_mode=verified_global,0,community,community,n/a,/map?openPark=<id> (or openRoute=<id>)
parent,15,friend-published-nearby,has_partner=true;has_nearby=true;privacy_mode=verified_global,1,community,community,n/a,/map?openPark=<id> (or openRoute=<id>)
parent,15,friend-published-nearby,has_partner=true;has_nearby=true;privacy_mode=verified_global,2,community,community,n/a,/map?openPark=<id> (or openRoute=<id>)
parent,15,friend-published-nearby,has_partner=true;has_nearby=true;privacy_mode=verified_global,3,NONE,community,daily_cap,/map?openPark=<id> (or openRoute=<id>)
parent,15,friend-published-nearby,has_partner=true;has_nearby=true;privacy_mode=squad,0,community,community,n/a,/map?openPark=<id> (or openRoute=<id>)
parent,15,friend-published-nearby,has_partner=true;has_nearby=true;privacy_mode=squad,1,community,community,n/a,/map?openPark=<id> (or openRoute=<id>)
parent,15,friend-published-nearby,has_partner=true;has_nearby=true;privacy_mode=squad,2,community,community,n/a,/map?openPark=<id> (or openRoute=<id>)
parent,15,friend-published-nearby,has_partner=true;has_nearby=true;privacy_mode=squad,3,NONE,community,daily_cap,/map?openPark=<id> (or openRoute=<id>)
parent,15,friend-published-nearby,has_partner=true;has_nearby=true;privacy_mode=ghost,0,NONE,community,no_recipients,/map?openPark=<id> (or openRoute=<id>)
parent,15,friend-published-nearby,has_partner=true;has_nearby=true;privacy_mode=ghost,1,NONE,community,no_recipients,/map?openPark=<id> (or openRoute=<id>)
parent,15,friend-published-nearby,has_partner=true;has_nearby=true;privacy_mode=ghost,2,NONE,community,no_recipients,/map?openPark=<id> (or openRoute=<id>)
parent,15,friend-published-nearby,has_partner=true;has_nearby=true;privacy_mode=ghost,3,NONE,community,no_recipients,/map?openPark=<id> (or openRoute=<id>)
parent,15,friend-published-nearby,has_partner=true;has_nearby=false;privacy_mode=verified_global,0,community,community,n/a,/map?openPark=<id> (or openRoute=<id>)
parent,15,friend-published-nearby,has_partner=true;has_nearby=false;privacy_mode=verified_global,1,community,community,n/a,/map?openPark=<id> (or openRoute=<id>)
parent,15,friend-published-nearby,has_partner=true;has_nearby=false;privacy_mode=verified_global,2,community,community,n/a,/map?openPark=<id> (or openRoute=<id>)
parent,15,friend-published-nearby,has_partner=true;has_nearby=false;privacy_mode=verified_global,3,NONE,community,daily_cap,/map?openPark=<id> (or openRoute=<id>)
parent,15,friend-published-nearby,has_partner=true;has_nearby=false;privacy_mode=squad,0,community,community,n/a,/map?openPark=<id> (or openRoute=<id>)
parent,15,friend-published-nearby,has_partner=true;has_nearby=false;privacy_mode=squad,1,community,community,n/a,/map?openPark=<id> (or openRoute=<id>)
parent,15,friend-published-nearby,has_partner=true;has_nearby=false;privacy_mode=squad,2,community,community,n/a,/map?openPark=<id> (or openRoute=<id>)
parent,15,friend-published-nearby,has_partner=true;has_nearby=false;privacy_mode=squad,3,NONE,community,daily_cap,/map?openPark=<id> (or openRoute=<id>)
parent,15,friend-published-nearby,has_partner=true;has_nearby=false;privacy_mode=ghost,0,NONE,community,no_recipients,/map?openPark=<id> (or openRoute=<id>)
parent,15,friend-published-nearby,has_partner=true;has_nearby=false;privacy_mode=ghost,1,NONE,community,no_recipients,/map?openPark=<id> (or openRoute=<id>)
parent,15,friend-published-nearby,has_partner=true;has_nearby=false;privacy_mode=ghost,2,NONE,community,no_recipients,/map?openPark=<id> (or openRoute=<id>)
parent,15,friend-published-nearby,has_partner=true;has_nearby=false;privacy_mode=ghost,3,NONE,community,no_recipients,/map?openPark=<id> (or openRoute=<id>)
parent,15,friend-published-nearby,has_partner=false;has_nearby=true;privacy_mode=verified_global,0,community,community,n/a,/map?openPark=<id> (or openRoute=<id>)
parent,15,friend-published-nearby,has_partner=false;has_nearby=true;privacy_mode=verified_global,1,community,community,n/a,/map?openPark=<id> (or openRoute=<id>)
parent,15,friend-published-nearby,has_partner=false;has_nearby=true;privacy_mode=verified_global,2,community,community,n/a,/map?openPark=<id> (or openRoute=<id>)
parent,15,friend-published-nearby,has_partner=false;has_nearby=true;privacy_mode=verified_global,3,NONE,community,daily_cap,/map?openPark=<id> (or openRoute=<id>)
parent,15,friend-published-nearby,has_partner=false;has_nearby=true;privacy_mode=squad,0,NONE,community,no_recipients,/map?openPark=<id> (or openRoute=<id>)
parent,15,friend-published-nearby,has_partner=false;has_nearby=true;privacy_mode=squad,1,NONE,community,no_recipients,/map?openPark=<id> (or openRoute=<id>)
parent,15,friend-published-nearby,has_partner=false;has_nearby=true;privacy_mode=squad,2,NONE,community,no_recipients,/map?openPark=<id> (or openRoute=<id>)
parent,15,friend-published-nearby,has_partner=false;has_nearby=true;privacy_mode=squad,3,NONE,community,no_recipients,/map?openPark=<id> (or openRoute=<id>)
parent,15,friend-published-nearby,has_partner=false;has_nearby=true;privacy_mode=ghost,0,NONE,community,no_recipients,/map?openPark=<id> (or openRoute=<id>)
parent,15,friend-published-nearby,has_partner=false;has_nearby=true;privacy_mode=ghost,1,NONE,community,no_recipients,/map?openPark=<id> (or openRoute=<id>)
parent,15,friend-published-nearby,has_partner=false;has_nearby=true;privacy_mode=ghost,2,NONE,community,no_recipients,/map?openPark=<id> (or openRoute=<id>)
parent,15,friend-published-nearby,has_partner=false;has_nearby=true;privacy_mode=ghost,3,NONE,community,no_recipients,/map?openPark=<id> (or openRoute=<id>)
parent,15,friend-published-nearby,has_partner=false;has_nearby=false;privacy_mode=verified_global,0,NONE,community,no_recipients,/map?openPark=<id> (or openRoute=<id>)
parent,15,friend-published-nearby,has_partner=false;has_nearby=false;privacy_mode=verified_global,1,NONE,community,no_recipients,/map?openPark=<id> (or openRoute=<id>)
parent,15,friend-published-nearby,has_partner=false;has_nearby=false;privacy_mode=verified_global,2,NONE,community,no_recipients,/map?openPark=<id> (or openRoute=<id>)
parent,15,friend-published-nearby,has_partner=false;has_nearby=false;privacy_mode=verified_global,3,NONE,community,no_recipients,/map?openPark=<id> (or openRoute=<id>)
parent,15,friend-published-nearby,has_partner=false;has_nearby=false;privacy_mode=squad,0,NONE,community,no_recipients,/map?openPark=<id> (or openRoute=<id>)
parent,15,friend-published-nearby,has_partner=false;has_nearby=false;privacy_mode=squad,1,NONE,community,no_recipients,/map?openPark=<id> (or openRoute=<id>)
parent,15,friend-published-nearby,has_partner=false;has_nearby=false;privacy_mode=squad,2,NONE,community,no_recipients,/map?openPark=<id> (or openRoute=<id>)
parent,15,friend-published-nearby,has_partner=false;has_nearby=false;privacy_mode=squad,3,NONE,community,no_recipients,/map?openPark=<id> (or openRoute=<id>)
parent,15,friend-published-nearby,has_partner=false;has_nearby=false;privacy_mode=ghost,0,NONE,community,no_recipients,/map?openPark=<id> (or openRoute=<id>)
parent,15,friend-published-nearby,has_partner=false;has_nearby=false;privacy_mode=ghost,1,NONE,community,no_recipients,/map?openPark=<id> (or openRoute=<id>)
parent,15,friend-published-nearby,has_partner=false;has_nearby=false;privacy_mode=ghost,2,NONE,community,no_recipients,/map?openPark=<id> (or openRoute=<id>)
parent,15,friend-published-nearby,has_partner=false;has_nearby=false;privacy_mode=ghost,3,NONE,community,no_recipients,/map?openPark=<id> (or openRoute=<id>)
parent,16,friend-published-nearby,has_partner=true;has_nearby=true;privacy_mode=verified_global,0,community,community,n/a,/map?openPark=<id> (or openRoute=<id>)
parent,16,friend-published-nearby,has_partner=true;has_nearby=true;privacy_mode=verified_global,1,community,community,n/a,/map?openPark=<id> (or openRoute=<id>)
parent,16,friend-published-nearby,has_partner=true;has_nearby=true;privacy_mode=verified_global,2,community,community,n/a,/map?openPark=<id> (or openRoute=<id>)
parent,16,friend-published-nearby,has_partner=true;has_nearby=true;privacy_mode=verified_global,3,NONE,community,daily_cap,/map?openPark=<id> (or openRoute=<id>)
parent,16,friend-published-nearby,has_partner=true;has_nearby=true;privacy_mode=squad,0,community,community,n/a,/map?openPark=<id> (or openRoute=<id>)
parent,16,friend-published-nearby,has_partner=true;has_nearby=true;privacy_mode=squad,1,community,community,n/a,/map?openPark=<id> (or openRoute=<id>)
parent,16,friend-published-nearby,has_partner=true;has_nearby=true;privacy_mode=squad,2,community,community,n/a,/map?openPark=<id> (or openRoute=<id>)
parent,16,friend-published-nearby,has_partner=true;has_nearby=true;privacy_mode=squad,3,NONE,community,daily_cap,/map?openPark=<id> (or openRoute=<id>)
parent,16,friend-published-nearby,has_partner=true;has_nearby=true;privacy_mode=ghost,0,NONE,community,no_recipients,/map?openPark=<id> (or openRoute=<id>)
parent,16,friend-published-nearby,has_partner=true;has_nearby=true;privacy_mode=ghost,1,NONE,community,no_recipients,/map?openPark=<id> (or openRoute=<id>)
parent,16,friend-published-nearby,has_partner=true;has_nearby=true;privacy_mode=ghost,2,NONE,community,no_recipients,/map?openPark=<id> (or openRoute=<id>)
parent,16,friend-published-nearby,has_partner=true;has_nearby=true;privacy_mode=ghost,3,NONE,community,no_recipients,/map?openPark=<id> (or openRoute=<id>)
parent,16,friend-published-nearby,has_partner=true;has_nearby=false;privacy_mode=verified_global,0,community,community,n/a,/map?openPark=<id> (or openRoute=<id>)
parent,16,friend-published-nearby,has_partner=true;has_nearby=false;privacy_mode=verified_global,1,community,community,n/a,/map?openPark=<id> (or openRoute=<id>)
parent,16,friend-published-nearby,has_partner=true;has_nearby=false;privacy_mode=verified_global,2,community,community,n/a,/map?openPark=<id> (or openRoute=<id>)
parent,16,friend-published-nearby,has_partner=true;has_nearby=false;privacy_mode=verified_global,3,NONE,community,daily_cap,/map?openPark=<id> (or openRoute=<id>)
parent,16,friend-published-nearby,has_partner=true;has_nearby=false;privacy_mode=squad,0,community,community,n/a,/map?openPark=<id> (or openRoute=<id>)
parent,16,friend-published-nearby,has_partner=true;has_nearby=false;privacy_mode=squad,1,community,community,n/a,/map?openPark=<id> (or openRoute=<id>)
parent,16,friend-published-nearby,has_partner=true;has_nearby=false;privacy_mode=squad,2,community,community,n/a,/map?openPark=<id> (or openRoute=<id>)
parent,16,friend-published-nearby,has_partner=true;has_nearby=false;privacy_mode=squad,3,NONE,community,daily_cap,/map?openPark=<id> (or openRoute=<id>)
parent,16,friend-published-nearby,has_partner=true;has_nearby=false;privacy_mode=ghost,0,NONE,community,no_recipients,/map?openPark=<id> (or openRoute=<id>)
parent,16,friend-published-nearby,has_partner=true;has_nearby=false;privacy_mode=ghost,1,NONE,community,no_recipients,/map?openPark=<id> (or openRoute=<id>)
parent,16,friend-published-nearby,has_partner=true;has_nearby=false;privacy_mode=ghost,2,NONE,community,no_recipients,/map?openPark=<id> (or openRoute=<id>)
parent,16,friend-published-nearby,has_partner=true;has_nearby=false;privacy_mode=ghost,3,NONE,community,no_recipients,/map?openPark=<id> (or openRoute=<id>)
parent,16,friend-published-nearby,has_partner=false;has_nearby=true;privacy_mode=verified_global,0,community,community,n/a,/map?openPark=<id> (or openRoute=<id>)
parent,16,friend-published-nearby,has_partner=false;has_nearby=true;privacy_mode=verified_global,1,community,community,n/a,/map?openPark=<id> (or openRoute=<id>)
parent,16,friend-published-nearby,has_partner=false;has_nearby=true;privacy_mode=verified_global,2,community,community,n/a,/map?openPark=<id> (or openRoute=<id>)
parent,16,friend-published-nearby,has_partner=false;has_nearby=true;privacy_mode=verified_global,3,NONE,community,daily_cap,/map?openPark=<id> (or openRoute=<id>)
parent,16,friend-published-nearby,has_partner=false;has_nearby=true;privacy_mode=squad,0,NONE,community,no_recipients,/map?openPark=<id> (or openRoute=<id>)
parent,16,friend-published-nearby,has_partner=false;has_nearby=true;privacy_mode=squad,1,NONE,community,no_recipients,/map?openPark=<id> (or openRoute=<id>)
parent,16,friend-published-nearby,has_partner=false;has_nearby=true;privacy_mode=squad,2,NONE,community,no_recipients,/map?openPark=<id> (or openRoute=<id>)
parent,16,friend-published-nearby,has_partner=false;has_nearby=true;privacy_mode=squad,3,NONE,community,no_recipients,/map?openPark=<id> (or openRoute=<id>)
parent,16,friend-published-nearby,has_partner=false;has_nearby=true;privacy_mode=ghost,0,NONE,community,no_recipients,/map?openPark=<id> (or openRoute=<id>)
parent,16,friend-published-nearby,has_partner=false;has_nearby=true;privacy_mode=ghost,1,NONE,community,no_recipients,/map?openPark=<id> (or openRoute=<id>)
parent,16,friend-published-nearby,has_partner=false;has_nearby=true;privacy_mode=ghost,2,NONE,community,no_recipients,/map?openPark=<id> (or openRoute=<id>)
parent,16,friend-published-nearby,has_partner=false;has_nearby=true;privacy_mode=ghost,3,NONE,community,no_recipients,/map?openPark=<id> (or openRoute=<id>)
parent,16,friend-published-nearby,has_partner=false;has_nearby=false;privacy_mode=verified_global,0,NONE,community,no_recipients,/map?openPark=<id> (or openRoute=<id>)
parent,16,friend-published-nearby,has_partner=false;has_nearby=false;privacy_mode=verified_global,1,NONE,community,no_recipients,/map?openPark=<id> (or openRoute=<id>)
parent,16,friend-published-nearby,has_partner=false;has_nearby=false;privacy_mode=verified_global,2,NONE,community,no_recipients,/map?openPark=<id> (or openRoute=<id>)
parent,16,friend-published-nearby,has_partner=false;has_nearby=false;privacy_mode=verified_global,3,NONE,community,no_recipients,/map?openPark=<id> (or openRoute=<id>)
parent,16,friend-published-nearby,has_partner=false;has_nearby=false;privacy_mode=squad,0,NONE,community,no_recipients,/map?openPark=<id> (or openRoute=<id>)
parent,16,friend-published-nearby,has_partner=false;has_nearby=false;privacy_mode=squad,1,NONE,community,no_recipients,/map?openPark=<id> (or openRoute=<id>)
parent,16,friend-published-nearby,has_partner=false;has_nearby=false;privacy_mode=squad,2,NONE,community,no_recipients,/map?openPark=<id> (or openRoute=<id>)
parent,16,friend-published-nearby,has_partner=false;has_nearby=false;privacy_mode=squad,3,NONE,community,no_recipients,/map?openPark=<id> (or openRoute=<id>)
parent,16,friend-published-nearby,has_partner=false;has_nearby=false;privacy_mode=ghost,0,NONE,community,no_recipients,/map?openPark=<id> (or openRoute=<id>)
parent,16,friend-published-nearby,has_partner=false;has_nearby=false;privacy_mode=ghost,1,NONE,community,no_recipients,/map?openPark=<id> (or openRoute=<id>)
parent,16,friend-published-nearby,has_partner=false;has_nearby=false;privacy_mode=ghost,2,NONE,community,no_recipients,/map?openPark=<id> (or openRoute=<id>)
parent,16,friend-published-nearby,has_partner=false;has_nearby=false;privacy_mode=ghost,3,NONE,community,no_recipients,/map?openPark=<id> (or openRoute=<id>)
parent,17,friend-published-nearby,has_partner=true;has_nearby=true;privacy_mode=verified_global,0,community,community,n/a,/map?openPark=<id> (or openRoute=<id>)
parent,17,friend-published-nearby,has_partner=true;has_nearby=true;privacy_mode=verified_global,1,community,community,n/a,/map?openPark=<id> (or openRoute=<id>)
parent,17,friend-published-nearby,has_partner=true;has_nearby=true;privacy_mode=verified_global,2,community,community,n/a,/map?openPark=<id> (or openRoute=<id>)
parent,17,friend-published-nearby,has_partner=true;has_nearby=true;privacy_mode=verified_global,3,NONE,community,daily_cap,/map?openPark=<id> (or openRoute=<id>)
parent,17,friend-published-nearby,has_partner=true;has_nearby=true;privacy_mode=squad,0,community,community,n/a,/map?openPark=<id> (or openRoute=<id>)
parent,17,friend-published-nearby,has_partner=true;has_nearby=true;privacy_mode=squad,1,community,community,n/a,/map?openPark=<id> (or openRoute=<id>)
parent,17,friend-published-nearby,has_partner=true;has_nearby=true;privacy_mode=squad,2,community,community,n/a,/map?openPark=<id> (or openRoute=<id>)
parent,17,friend-published-nearby,has_partner=true;has_nearby=true;privacy_mode=squad,3,NONE,community,daily_cap,/map?openPark=<id> (or openRoute=<id>)
parent,17,friend-published-nearby,has_partner=true;has_nearby=true;privacy_mode=ghost,0,NONE,community,no_recipients,/map?openPark=<id> (or openRoute=<id>)
parent,17,friend-published-nearby,has_partner=true;has_nearby=true;privacy_mode=ghost,1,NONE,community,no_recipients,/map?openPark=<id> (or openRoute=<id>)
parent,17,friend-published-nearby,has_partner=true;has_nearby=true;privacy_mode=ghost,2,NONE,community,no_recipients,/map?openPark=<id> (or openRoute=<id>)
parent,17,friend-published-nearby,has_partner=true;has_nearby=true;privacy_mode=ghost,3,NONE,community,no_recipients,/map?openPark=<id> (or openRoute=<id>)
parent,17,friend-published-nearby,has_partner=true;has_nearby=false;privacy_mode=verified_global,0,community,community,n/a,/map?openPark=<id> (or openRoute=<id>)
parent,17,friend-published-nearby,has_partner=true;has_nearby=false;privacy_mode=verified_global,1,community,community,n/a,/map?openPark=<id> (or openRoute=<id>)
parent,17,friend-published-nearby,has_partner=true;has_nearby=false;privacy_mode=verified_global,2,community,community,n/a,/map?openPark=<id> (or openRoute=<id>)
parent,17,friend-published-nearby,has_partner=true;has_nearby=false;privacy_mode=verified_global,3,NONE,community,daily_cap,/map?openPark=<id> (or openRoute=<id>)
parent,17,friend-published-nearby,has_partner=true;has_nearby=false;privacy_mode=squad,0,community,community,n/a,/map?openPark=<id> (or openRoute=<id>)
parent,17,friend-published-nearby,has_partner=true;has_nearby=false;privacy_mode=squad,1,community,community,n/a,/map?openPark=<id> (or openRoute=<id>)
parent,17,friend-published-nearby,has_partner=true;has_nearby=false;privacy_mode=squad,2,community,community,n/a,/map?openPark=<id> (or openRoute=<id>)
parent,17,friend-published-nearby,has_partner=true;has_nearby=false;privacy_mode=squad,3,NONE,community,daily_cap,/map?openPark=<id> (or openRoute=<id>)
parent,17,friend-published-nearby,has_partner=true;has_nearby=false;privacy_mode=ghost,0,NONE,community,no_recipients,/map?openPark=<id> (or openRoute=<id>)
parent,17,friend-published-nearby,has_partner=true;has_nearby=false;privacy_mode=ghost,1,NONE,community,no_recipients,/map?openPark=<id> (or openRoute=<id>)
parent,17,friend-published-nearby,has_partner=true;has_nearby=false;privacy_mode=ghost,2,NONE,community,no_recipients,/map?openPark=<id> (or openRoute=<id>)
parent,17,friend-published-nearby,has_partner=true;has_nearby=false;privacy_mode=ghost,3,NONE,community,no_recipients,/map?openPark=<id> (or openRoute=<id>)
parent,17,friend-published-nearby,has_partner=false;has_nearby=true;privacy_mode=verified_global,0,community,community,n/a,/map?openPark=<id> (or openRoute=<id>)
parent,17,friend-published-nearby,has_partner=false;has_nearby=true;privacy_mode=verified_global,1,community,community,n/a,/map?openPark=<id> (or openRoute=<id>)
parent,17,friend-published-nearby,has_partner=false;has_nearby=true;privacy_mode=verified_global,2,community,community,n/a,/map?openPark=<id> (or openRoute=<id>)
parent,17,friend-published-nearby,has_partner=false;has_nearby=true;privacy_mode=verified_global,3,NONE,community,daily_cap,/map?openPark=<id> (or openRoute=<id>)
parent,17,friend-published-nearby,has_partner=false;has_nearby=true;privacy_mode=squad,0,NONE,community,no_recipients,/map?openPark=<id> (or openRoute=<id>)
parent,17,friend-published-nearby,has_partner=false;has_nearby=true;privacy_mode=squad,1,NONE,community,no_recipients,/map?openPark=<id> (or openRoute=<id>)
parent,17,friend-published-nearby,has_partner=false;has_nearby=true;privacy_mode=squad,2,NONE,community,no_recipients,/map?openPark=<id> (or openRoute=<id>)
parent,17,friend-published-nearby,has_partner=false;has_nearby=true;privacy_mode=squad,3,NONE,community,no_recipients,/map?openPark=<id> (or openRoute=<id>)
parent,17,friend-published-nearby,has_partner=false;has_nearby=true;privacy_mode=ghost,0,NONE,community,no_recipients,/map?openPark=<id> (or openRoute=<id>)
parent,17,friend-published-nearby,has_partner=false;has_nearby=true;privacy_mode=ghost,1,NONE,community,no_recipients,/map?openPark=<id> (or openRoute=<id>)
parent,17,friend-published-nearby,has_partner=false;has_nearby=true;privacy_mode=ghost,2,NONE,community,no_recipients,/map?openPark=<id> (or openRoute=<id>)
parent,17,friend-published-nearby,has_partner=false;has_nearby=true;privacy_mode=ghost,3,NONE,community,no_recipients,/map?openPark=<id> (or openRoute=<id>)
parent,17,friend-published-nearby,has_partner=false;has_nearby=false;privacy_mode=verified_global,0,NONE,community,no_recipients,/map?openPark=<id> (or openRoute=<id>)
parent,17,friend-published-nearby,has_partner=false;has_nearby=false;privacy_mode=verified_global,1,NONE,community,no_recipients,/map?openPark=<id> (or openRoute=<id>)
parent,17,friend-published-nearby,has_partner=false;has_nearby=false;privacy_mode=verified_global,2,NONE,community,no_recipients,/map?openPark=<id> (or openRoute=<id>)
parent,17,friend-published-nearby,has_partner=false;has_nearby=false;privacy_mode=verified_global,3,NONE,community,no_recipients,/map?openPark=<id> (or openRoute=<id>)
parent,17,friend-published-nearby,has_partner=false;has_nearby=false;privacy_mode=squad,0,NONE,community,no_recipients,/map?openPark=<id> (or openRoute=<id>)
parent,17,friend-published-nearby,has_partner=false;has_nearby=false;privacy_mode=squad,1,NONE,community,no_recipients,/map?openPark=<id> (or openRoute=<id>)
parent,17,friend-published-nearby,has_partner=false;has_nearby=false;privacy_mode=squad,2,NONE,community,no_recipients,/map?openPark=<id> (or openRoute=<id>)
parent,17,friend-published-nearby,has_partner=false;has_nearby=false;privacy_mode=squad,3,NONE,community,no_recipients,/map?openPark=<id> (or openRoute=<id>)
parent,17,friend-published-nearby,has_partner=false;has_nearby=false;privacy_mode=ghost,0,NONE,community,no_recipients,/map?openPark=<id> (or openRoute=<id>)
parent,17,friend-published-nearby,has_partner=false;has_nearby=false;privacy_mode=ghost,1,NONE,community,no_recipients,/map?openPark=<id> (or openRoute=<id>)
parent,17,friend-published-nearby,has_partner=false;has_nearby=false;privacy_mode=ghost,2,NONE,community,no_recipients,/map?openPark=<id> (or openRoute=<id>)
parent,17,friend-published-nearby,has_partner=false;has_nearby=false;privacy_mode=ghost,3,NONE,community,no_recipients,/map?openPark=<id> (or openRoute=<id>)
parent,18,friend-published-nearby,has_partner=true;has_nearby=true;privacy_mode=verified_global,0,community,community,n/a,/map?openPark=<id> (or openRoute=<id>)
parent,18,friend-published-nearby,has_partner=true;has_nearby=true;privacy_mode=verified_global,1,community,community,n/a,/map?openPark=<id> (or openRoute=<id>)
parent,18,friend-published-nearby,has_partner=true;has_nearby=true;privacy_mode=verified_global,2,community,community,n/a,/map?openPark=<id> (or openRoute=<id>)
parent,18,friend-published-nearby,has_partner=true;has_nearby=true;privacy_mode=verified_global,3,NONE,community,daily_cap,/map?openPark=<id> (or openRoute=<id>)
parent,18,friend-published-nearby,has_partner=true;has_nearby=true;privacy_mode=squad,0,community,community,n/a,/map?openPark=<id> (or openRoute=<id>)
parent,18,friend-published-nearby,has_partner=true;has_nearby=true;privacy_mode=squad,1,community,community,n/a,/map?openPark=<id> (or openRoute=<id>)
parent,18,friend-published-nearby,has_partner=true;has_nearby=true;privacy_mode=squad,2,community,community,n/a,/map?openPark=<id> (or openRoute=<id>)
parent,18,friend-published-nearby,has_partner=true;has_nearby=true;privacy_mode=squad,3,NONE,community,daily_cap,/map?openPark=<id> (or openRoute=<id>)
parent,18,friend-published-nearby,has_partner=true;has_nearby=true;privacy_mode=ghost,0,NONE,community,no_recipients,/map?openPark=<id> (or openRoute=<id>)
parent,18,friend-published-nearby,has_partner=true;has_nearby=true;privacy_mode=ghost,1,NONE,community,no_recipients,/map?openPark=<id> (or openRoute=<id>)
parent,18,friend-published-nearby,has_partner=true;has_nearby=true;privacy_mode=ghost,2,NONE,community,no_recipients,/map?openPark=<id> (or openRoute=<id>)
parent,18,friend-published-nearby,has_partner=true;has_nearby=true;privacy_mode=ghost,3,NONE,community,no_recipients,/map?openPark=<id> (or openRoute=<id>)
parent,18,friend-published-nearby,has_partner=true;has_nearby=false;privacy_mode=verified_global,0,community,community,n/a,/map?openPark=<id> (or openRoute=<id>)
parent,18,friend-published-nearby,has_partner=true;has_nearby=false;privacy_mode=verified_global,1,community,community,n/a,/map?openPark=<id> (or openRoute=<id>)
parent,18,friend-published-nearby,has_partner=true;has_nearby=false;privacy_mode=verified_global,2,community,community,n/a,/map?openPark=<id> (or openRoute=<id>)
parent,18,friend-published-nearby,has_partner=true;has_nearby=false;privacy_mode=verified_global,3,NONE,community,daily_cap,/map?openPark=<id> (or openRoute=<id>)
parent,18,friend-published-nearby,has_partner=true;has_nearby=false;privacy_mode=squad,0,community,community,n/a,/map?openPark=<id> (or openRoute=<id>)
parent,18,friend-published-nearby,has_partner=true;has_nearby=false;privacy_mode=squad,1,community,community,n/a,/map?openPark=<id> (or openRoute=<id>)
parent,18,friend-published-nearby,has_partner=true;has_nearby=false;privacy_mode=squad,2,community,community,n/a,/map?openPark=<id> (or openRoute=<id>)
parent,18,friend-published-nearby,has_partner=true;has_nearby=false;privacy_mode=squad,3,NONE,community,daily_cap,/map?openPark=<id> (or openRoute=<id>)
parent,18,friend-published-nearby,has_partner=true;has_nearby=false;privacy_mode=ghost,0,NONE,community,no_recipients,/map?openPark=<id> (or openRoute=<id>)
parent,18,friend-published-nearby,has_partner=true;has_nearby=false;privacy_mode=ghost,1,NONE,community,no_recipients,/map?openPark=<id> (or openRoute=<id>)
parent,18,friend-published-nearby,has_partner=true;has_nearby=false;privacy_mode=ghost,2,NONE,community,no_recipients,/map?openPark=<id> (or openRoute=<id>)
parent,18,friend-published-nearby,has_partner=true;has_nearby=false;privacy_mode=ghost,3,NONE,community,no_recipients,/map?openPark=<id> (or openRoute=<id>)
parent,18,friend-published-nearby,has_partner=false;has_nearby=true;privacy_mode=verified_global,0,community,community,n/a,/map?openPark=<id> (or openRoute=<id>)
parent,18,friend-published-nearby,has_partner=false;has_nearby=true;privacy_mode=verified_global,1,community,community,n/a,/map?openPark=<id> (or openRoute=<id>)
parent,18,friend-published-nearby,has_partner=false;has_nearby=true;privacy_mode=verified_global,2,community,community,n/a,/map?openPark=<id> (or openRoute=<id>)
parent,18,friend-published-nearby,has_partner=false;has_nearby=true;privacy_mode=verified_global,3,NONE,community,daily_cap,/map?openPark=<id> (or openRoute=<id>)
parent,18,friend-published-nearby,has_partner=false;has_nearby=true;privacy_mode=squad,0,NONE,community,no_recipients,/map?openPark=<id> (or openRoute=<id>)
parent,18,friend-published-nearby,has_partner=false;has_nearby=true;privacy_mode=squad,1,NONE,community,no_recipients,/map?openPark=<id> (or openRoute=<id>)
parent,18,friend-published-nearby,has_partner=false;has_nearby=true;privacy_mode=squad,2,NONE,community,no_recipients,/map?openPark=<id> (or openRoute=<id>)
parent,18,friend-published-nearby,has_partner=false;has_nearby=true;privacy_mode=squad,3,NONE,community,no_recipients,/map?openPark=<id> (or openRoute=<id>)
parent,18,friend-published-nearby,has_partner=false;has_nearby=true;privacy_mode=ghost,0,NONE,community,no_recipients,/map?openPark=<id> (or openRoute=<id>)
parent,18,friend-published-nearby,has_partner=false;has_nearby=true;privacy_mode=ghost,1,NONE,community,no_recipients,/map?openPark=<id> (or openRoute=<id>)
parent,18,friend-published-nearby,has_partner=false;has_nearby=true;privacy_mode=ghost,2,NONE,community,no_recipients,/map?openPark=<id> (or openRoute=<id>)
parent,18,friend-published-nearby,has_partner=false;has_nearby=true;privacy_mode=ghost,3,NONE,community,no_recipients,/map?openPark=<id> (or openRoute=<id>)
parent,18,friend-published-nearby,has_partner=false;has_nearby=false;privacy_mode=verified_global,0,NONE,community,no_recipients,/map?openPark=<id> (or openRoute=<id>)
parent,18,friend-published-nearby,has_partner=false;has_nearby=false;privacy_mode=verified_global,1,NONE,community,no_recipients,/map?openPark=<id> (or openRoute=<id>)
parent,18,friend-published-nearby,has_partner=false;has_nearby=false;privacy_mode=verified_global,2,NONE,community,no_recipients,/map?openPark=<id> (or openRoute=<id>)
parent,18,friend-published-nearby,has_partner=false;has_nearby=false;privacy_mode=verified_global,3,NONE,community,no_recipients,/map?openPark=<id> (or openRoute=<id>)
parent,18,friend-published-nearby,has_partner=false;has_nearby=false;privacy_mode=squad,0,NONE,community,no_recipients,/map?openPark=<id> (or openRoute=<id>)
parent,18,friend-published-nearby,has_partner=false;has_nearby=false;privacy_mode=squad,1,NONE,community,no_recipients,/map?openPark=<id> (or openRoute=<id>)
parent,18,friend-published-nearby,has_partner=false;has_nearby=false;privacy_mode=squad,2,NONE,community,no_recipients,/map?openPark=<id> (or openRoute=<id>)
parent,18,friend-published-nearby,has_partner=false;has_nearby=false;privacy_mode=squad,3,NONE,community,no_recipients,/map?openPark=<id> (or openRoute=<id>)
parent,18,friend-published-nearby,has_partner=false;has_nearby=false;privacy_mode=ghost,0,NONE,community,no_recipients,/map?openPark=<id> (or openRoute=<id>)
parent,18,friend-published-nearby,has_partner=false;has_nearby=false;privacy_mode=ghost,1,NONE,community,no_recipients,/map?openPark=<id> (or openRoute=<id>)
parent,18,friend-published-nearby,has_partner=false;has_nearby=false;privacy_mode=ghost,2,NONE,community,no_recipients,/map?openPark=<id> (or openRoute=<id>)
parent,18,friend-published-nearby,has_partner=false;has_nearby=false;privacy_mode=ghost,3,NONE,community,no_recipients,/map?openPark=<id> (or openRoute=<id>)
parent,19,friend-published-nearby,has_partner=true;has_nearby=true;privacy_mode=verified_global,0,community,community,n/a,/map?openPark=<id> (or openRoute=<id>)
parent,19,friend-published-nearby,has_partner=true;has_nearby=true;privacy_mode=verified_global,1,community,community,n/a,/map?openPark=<id> (or openRoute=<id>)
parent,19,friend-published-nearby,has_partner=true;has_nearby=true;privacy_mode=verified_global,2,community,community,n/a,/map?openPark=<id> (or openRoute=<id>)
parent,19,friend-published-nearby,has_partner=true;has_nearby=true;privacy_mode=verified_global,3,NONE,community,daily_cap,/map?openPark=<id> (or openRoute=<id>)
parent,19,friend-published-nearby,has_partner=true;has_nearby=true;privacy_mode=squad,0,community,community,n/a,/map?openPark=<id> (or openRoute=<id>)
parent,19,friend-published-nearby,has_partner=true;has_nearby=true;privacy_mode=squad,1,community,community,n/a,/map?openPark=<id> (or openRoute=<id>)
parent,19,friend-published-nearby,has_partner=true;has_nearby=true;privacy_mode=squad,2,community,community,n/a,/map?openPark=<id> (or openRoute=<id>)
parent,19,friend-published-nearby,has_partner=true;has_nearby=true;privacy_mode=squad,3,NONE,community,daily_cap,/map?openPark=<id> (or openRoute=<id>)
parent,19,friend-published-nearby,has_partner=true;has_nearby=true;privacy_mode=ghost,0,NONE,community,no_recipients,/map?openPark=<id> (or openRoute=<id>)
parent,19,friend-published-nearby,has_partner=true;has_nearby=true;privacy_mode=ghost,1,NONE,community,no_recipients,/map?openPark=<id> (or openRoute=<id>)
parent,19,friend-published-nearby,has_partner=true;has_nearby=true;privacy_mode=ghost,2,NONE,community,no_recipients,/map?openPark=<id> (or openRoute=<id>)
parent,19,friend-published-nearby,has_partner=true;has_nearby=true;privacy_mode=ghost,3,NONE,community,no_recipients,/map?openPark=<id> (or openRoute=<id>)
parent,19,friend-published-nearby,has_partner=true;has_nearby=false;privacy_mode=verified_global,0,community,community,n/a,/map?openPark=<id> (or openRoute=<id>)
parent,19,friend-published-nearby,has_partner=true;has_nearby=false;privacy_mode=verified_global,1,community,community,n/a,/map?openPark=<id> (or openRoute=<id>)
parent,19,friend-published-nearby,has_partner=true;has_nearby=false;privacy_mode=verified_global,2,community,community,n/a,/map?openPark=<id> (or openRoute=<id>)
parent,19,friend-published-nearby,has_partner=true;has_nearby=false;privacy_mode=verified_global,3,NONE,community,daily_cap,/map?openPark=<id> (or openRoute=<id>)
parent,19,friend-published-nearby,has_partner=true;has_nearby=false;privacy_mode=squad,0,community,community,n/a,/map?openPark=<id> (or openRoute=<id>)
parent,19,friend-published-nearby,has_partner=true;has_nearby=false;privacy_mode=squad,1,community,community,n/a,/map?openPark=<id> (or openRoute=<id>)
parent,19,friend-published-nearby,has_partner=true;has_nearby=false;privacy_mode=squad,2,community,community,n/a,/map?openPark=<id> (or openRoute=<id>)
parent,19,friend-published-nearby,has_partner=true;has_nearby=false;privacy_mode=squad,3,NONE,community,daily_cap,/map?openPark=<id> (or openRoute=<id>)
parent,19,friend-published-nearby,has_partner=true;has_nearby=false;privacy_mode=ghost,0,NONE,community,no_recipients,/map?openPark=<id> (or openRoute=<id>)
parent,19,friend-published-nearby,has_partner=true;has_nearby=false;privacy_mode=ghost,1,NONE,community,no_recipients,/map?openPark=<id> (or openRoute=<id>)
parent,19,friend-published-nearby,has_partner=true;has_nearby=false;privacy_mode=ghost,2,NONE,community,no_recipients,/map?openPark=<id> (or openRoute=<id>)
parent,19,friend-published-nearby,has_partner=true;has_nearby=false;privacy_mode=ghost,3,NONE,community,no_recipients,/map?openPark=<id> (or openRoute=<id>)
parent,19,friend-published-nearby,has_partner=false;has_nearby=true;privacy_mode=verified_global,0,community,community,n/a,/map?openPark=<id> (or openRoute=<id>)
parent,19,friend-published-nearby,has_partner=false;has_nearby=true;privacy_mode=verified_global,1,community,community,n/a,/map?openPark=<id> (or openRoute=<id>)
parent,19,friend-published-nearby,has_partner=false;has_nearby=true;privacy_mode=verified_global,2,community,community,n/a,/map?openPark=<id> (or openRoute=<id>)
parent,19,friend-published-nearby,has_partner=false;has_nearby=true;privacy_mode=verified_global,3,NONE,community,daily_cap,/map?openPark=<id> (or openRoute=<id>)
parent,19,friend-published-nearby,has_partner=false;has_nearby=true;privacy_mode=squad,0,NONE,community,no_recipients,/map?openPark=<id> (or openRoute=<id>)
parent,19,friend-published-nearby,has_partner=false;has_nearby=true;privacy_mode=squad,1,NONE,community,no_recipients,/map?openPark=<id> (or openRoute=<id>)
parent,19,friend-published-nearby,has_partner=false;has_nearby=true;privacy_mode=squad,2,NONE,community,no_recipients,/map?openPark=<id> (or openRoute=<id>)
parent,19,friend-published-nearby,has_partner=false;has_nearby=true;privacy_mode=squad,3,NONE,community,no_recipients,/map?openPark=<id> (or openRoute=<id>)
parent,19,friend-published-nearby,has_partner=false;has_nearby=true;privacy_mode=ghost,0,NONE,community,no_recipients,/map?openPark=<id> (or openRoute=<id>)
parent,19,friend-published-nearby,has_partner=false;has_nearby=true;privacy_mode=ghost,1,NONE,community,no_recipients,/map?openPark=<id> (or openRoute=<id>)
parent,19,friend-published-nearby,has_partner=false;has_nearby=true;privacy_mode=ghost,2,NONE,community,no_recipients,/map?openPark=<id> (or openRoute=<id>)
parent,19,friend-published-nearby,has_partner=false;has_nearby=true;privacy_mode=ghost,3,NONE,community,no_recipients,/map?openPark=<id> (or openRoute=<id>)
parent,19,friend-published-nearby,has_partner=false;has_nearby=false;privacy_mode=verified_global,0,NONE,community,no_recipients,/map?openPark=<id> (or openRoute=<id>)
parent,19,friend-published-nearby,has_partner=false;has_nearby=false;privacy_mode=verified_global,1,NONE,community,no_recipients,/map?openPark=<id> (or openRoute=<id>)
parent,19,friend-published-nearby,has_partner=false;has_nearby=false;privacy_mode=verified_global,2,NONE,community,no_recipients,/map?openPark=<id> (or openRoute=<id>)
parent,19,friend-published-nearby,has_partner=false;has_nearby=false;privacy_mode=verified_global,3,NONE,community,no_recipients,/map?openPark=<id> (or openRoute=<id>)
parent,19,friend-published-nearby,has_partner=false;has_nearby=false;privacy_mode=squad,0,NONE,community,no_recipients,/map?openPark=<id> (or openRoute=<id>)
parent,19,friend-published-nearby,has_partner=false;has_nearby=false;privacy_mode=squad,1,NONE,community,no_recipients,/map?openPark=<id> (or openRoute=<id>)
parent,19,friend-published-nearby,has_partner=false;has_nearby=false;privacy_mode=squad,2,NONE,community,no_recipients,/map?openPark=<id> (or openRoute=<id>)
parent,19,friend-published-nearby,has_partner=false;has_nearby=false;privacy_mode=squad,3,NONE,community,no_recipients,/map?openPark=<id> (or openRoute=<id>)
parent,19,friend-published-nearby,has_partner=false;has_nearby=false;privacy_mode=ghost,0,NONE,community,no_recipients,/map?openPark=<id> (or openRoute=<id>)
parent,19,friend-published-nearby,has_partner=false;has_nearby=false;privacy_mode=ghost,1,NONE,community,no_recipients,/map?openPark=<id> (or openRoute=<id>)
parent,19,friend-published-nearby,has_partner=false;has_nearby=false;privacy_mode=ghost,2,NONE,community,no_recipients,/map?openPark=<id> (or openRoute=<id>)
parent,19,friend-published-nearby,has_partner=false;has_nearby=false;privacy_mode=ghost,3,NONE,community,no_recipients,/map?openPark=<id> (or openRoute=<id>)
parent,20,friend-published-nearby,has_partner=true;has_nearby=true;privacy_mode=verified_global,0,community,community,n/a,/map?openPark=<id> (or openRoute=<id>)
parent,20,friend-published-nearby,has_partner=true;has_nearby=true;privacy_mode=verified_global,1,community,community,n/a,/map?openPark=<id> (or openRoute=<id>)
parent,20,friend-published-nearby,has_partner=true;has_nearby=true;privacy_mode=verified_global,2,community,community,n/a,/map?openPark=<id> (or openRoute=<id>)
parent,20,friend-published-nearby,has_partner=true;has_nearby=true;privacy_mode=verified_global,3,NONE,community,daily_cap,/map?openPark=<id> (or openRoute=<id>)
parent,20,friend-published-nearby,has_partner=true;has_nearby=true;privacy_mode=squad,0,community,community,n/a,/map?openPark=<id> (or openRoute=<id>)
parent,20,friend-published-nearby,has_partner=true;has_nearby=true;privacy_mode=squad,1,community,community,n/a,/map?openPark=<id> (or openRoute=<id>)
parent,20,friend-published-nearby,has_partner=true;has_nearby=true;privacy_mode=squad,2,community,community,n/a,/map?openPark=<id> (or openRoute=<id>)
parent,20,friend-published-nearby,has_partner=true;has_nearby=true;privacy_mode=squad,3,NONE,community,daily_cap,/map?openPark=<id> (or openRoute=<id>)
parent,20,friend-published-nearby,has_partner=true;has_nearby=true;privacy_mode=ghost,0,NONE,community,no_recipients,/map?openPark=<id> (or openRoute=<id>)
parent,20,friend-published-nearby,has_partner=true;has_nearby=true;privacy_mode=ghost,1,NONE,community,no_recipients,/map?openPark=<id> (or openRoute=<id>)
parent,20,friend-published-nearby,has_partner=true;has_nearby=true;privacy_mode=ghost,2,NONE,community,no_recipients,/map?openPark=<id> (or openRoute=<id>)
parent,20,friend-published-nearby,has_partner=true;has_nearby=true;privacy_mode=ghost,3,NONE,community,no_recipients,/map?openPark=<id> (or openRoute=<id>)
parent,20,friend-published-nearby,has_partner=true;has_nearby=false;privacy_mode=verified_global,0,community,community,n/a,/map?openPark=<id> (or openRoute=<id>)
parent,20,friend-published-nearby,has_partner=true;has_nearby=false;privacy_mode=verified_global,1,community,community,n/a,/map?openPark=<id> (or openRoute=<id>)
parent,20,friend-published-nearby,has_partner=true;has_nearby=false;privacy_mode=verified_global,2,community,community,n/a,/map?openPark=<id> (or openRoute=<id>)
parent,20,friend-published-nearby,has_partner=true;has_nearby=false;privacy_mode=verified_global,3,NONE,community,daily_cap,/map?openPark=<id> (or openRoute=<id>)
parent,20,friend-published-nearby,has_partner=true;has_nearby=false;privacy_mode=squad,0,community,community,n/a,/map?openPark=<id> (or openRoute=<id>)
parent,20,friend-published-nearby,has_partner=true;has_nearby=false;privacy_mode=squad,1,community,community,n/a,/map?openPark=<id> (or openRoute=<id>)
parent,20,friend-published-nearby,has_partner=true;has_nearby=false;privacy_mode=squad,2,community,community,n/a,/map?openPark=<id> (or openRoute=<id>)
parent,20,friend-published-nearby,has_partner=true;has_nearby=false;privacy_mode=squad,3,NONE,community,daily_cap,/map?openPark=<id> (or openRoute=<id>)
parent,20,friend-published-nearby,has_partner=true;has_nearby=false;privacy_mode=ghost,0,NONE,community,no_recipients,/map?openPark=<id> (or openRoute=<id>)
parent,20,friend-published-nearby,has_partner=true;has_nearby=false;privacy_mode=ghost,1,NONE,community,no_recipients,/map?openPark=<id> (or openRoute=<id>)
parent,20,friend-published-nearby,has_partner=true;has_nearby=false;privacy_mode=ghost,2,NONE,community,no_recipients,/map?openPark=<id> (or openRoute=<id>)
parent,20,friend-published-nearby,has_partner=true;has_nearby=false;privacy_mode=ghost,3,NONE,community,no_recipients,/map?openPark=<id> (or openRoute=<id>)
parent,20,friend-published-nearby,has_partner=false;has_nearby=true;privacy_mode=verified_global,0,community,community,n/a,/map?openPark=<id> (or openRoute=<id>)
parent,20,friend-published-nearby,has_partner=false;has_nearby=true;privacy_mode=verified_global,1,community,community,n/a,/map?openPark=<id> (or openRoute=<id>)
parent,20,friend-published-nearby,has_partner=false;has_nearby=true;privacy_mode=verified_global,2,community,community,n/a,/map?openPark=<id> (or openRoute=<id>)
parent,20,friend-published-nearby,has_partner=false;has_nearby=true;privacy_mode=verified_global,3,NONE,community,daily_cap,/map?openPark=<id> (or openRoute=<id>)
parent,20,friend-published-nearby,has_partner=false;has_nearby=true;privacy_mode=squad,0,NONE,community,no_recipients,/map?openPark=<id> (or openRoute=<id>)
parent,20,friend-published-nearby,has_partner=false;has_nearby=true;privacy_mode=squad,1,NONE,community,no_recipients,/map?openPark=<id> (or openRoute=<id>)
parent,20,friend-published-nearby,has_partner=false;has_nearby=true;privacy_mode=squad,2,NONE,community,no_recipients,/map?openPark=<id> (or openRoute=<id>)
parent,20,friend-published-nearby,has_partner=false;has_nearby=true;privacy_mode=squad,3,NONE,community,no_recipients,/map?openPark=<id> (or openRoute=<id>)
parent,20,friend-published-nearby,has_partner=false;has_nearby=true;privacy_mode=ghost,0,NONE,community,no_recipients,/map?openPark=<id> (or openRoute=<id>)
parent,20,friend-published-nearby,has_partner=false;has_nearby=true;privacy_mode=ghost,1,NONE,community,no_recipients,/map?openPark=<id> (or openRoute=<id>)
parent,20,friend-published-nearby,has_partner=false;has_nearby=true;privacy_mode=ghost,2,NONE,community,no_recipients,/map?openPark=<id> (or openRoute=<id>)
parent,20,friend-published-nearby,has_partner=false;has_nearby=true;privacy_mode=ghost,3,NONE,community,no_recipients,/map?openPark=<id> (or openRoute=<id>)
parent,20,friend-published-nearby,has_partner=false;has_nearby=false;privacy_mode=verified_global,0,NONE,community,no_recipients,/map?openPark=<id> (or openRoute=<id>)
parent,20,friend-published-nearby,has_partner=false;has_nearby=false;privacy_mode=verified_global,1,NONE,community,no_recipients,/map?openPark=<id> (or openRoute=<id>)
parent,20,friend-published-nearby,has_partner=false;has_nearby=false;privacy_mode=verified_global,2,NONE,community,no_recipients,/map?openPark=<id> (or openRoute=<id>)
parent,20,friend-published-nearby,has_partner=false;has_nearby=false;privacy_mode=verified_global,3,NONE,community,no_recipients,/map?openPark=<id> (or openRoute=<id>)
parent,20,friend-published-nearby,has_partner=false;has_nearby=false;privacy_mode=squad,0,NONE,community,no_recipients,/map?openPark=<id> (or openRoute=<id>)
parent,20,friend-published-nearby,has_partner=false;has_nearby=false;privacy_mode=squad,1,NONE,community,no_recipients,/map?openPark=<id> (or openRoute=<id>)
parent,20,friend-published-nearby,has_partner=false;has_nearby=false;privacy_mode=squad,2,NONE,community,no_recipients,/map?openPark=<id> (or openRoute=<id>)
parent,20,friend-published-nearby,has_partner=false;has_nearby=false;privacy_mode=squad,3,NONE,community,no_recipients,/map?openPark=<id> (or openRoute=<id>)
parent,20,friend-published-nearby,has_partner=false;has_nearby=false;privacy_mode=ghost,0,NONE,community,no_recipients,/map?openPark=<id> (or openRoute=<id>)
parent,20,friend-published-nearby,has_partner=false;has_nearby=false;privacy_mode=ghost,1,NONE,community,no_recipients,/map?openPark=<id> (or openRoute=<id>)
parent,20,friend-published-nearby,has_partner=false;has_nearby=false;privacy_mode=ghost,2,NONE,community,no_recipients,/map?openPark=<id> (or openRoute=<id>)
parent,20,friend-published-nearby,has_partner=false;has_nearby=false;privacy_mode=ghost,3,NONE,community,no_recipients,/map?openPark=<id> (or openRoute=<id>)
parent,21,friend-published-nearby,has_partner=true;has_nearby=true;privacy_mode=verified_global,0,community,community,n/a,/map?openPark=<id> (or openRoute=<id>)
parent,21,friend-published-nearby,has_partner=true;has_nearby=true;privacy_mode=verified_global,1,community,community,n/a,/map?openPark=<id> (or openRoute=<id>)
parent,21,friend-published-nearby,has_partner=true;has_nearby=true;privacy_mode=verified_global,2,community,community,n/a,/map?openPark=<id> (or openRoute=<id>)
parent,21,friend-published-nearby,has_partner=true;has_nearby=true;privacy_mode=verified_global,3,NONE,community,daily_cap,/map?openPark=<id> (or openRoute=<id>)
parent,21,friend-published-nearby,has_partner=true;has_nearby=true;privacy_mode=squad,0,community,community,n/a,/map?openPark=<id> (or openRoute=<id>)
parent,21,friend-published-nearby,has_partner=true;has_nearby=true;privacy_mode=squad,1,community,community,n/a,/map?openPark=<id> (or openRoute=<id>)
parent,21,friend-published-nearby,has_partner=true;has_nearby=true;privacy_mode=squad,2,community,community,n/a,/map?openPark=<id> (or openRoute=<id>)
parent,21,friend-published-nearby,has_partner=true;has_nearby=true;privacy_mode=squad,3,NONE,community,daily_cap,/map?openPark=<id> (or openRoute=<id>)
parent,21,friend-published-nearby,has_partner=true;has_nearby=true;privacy_mode=ghost,0,NONE,community,no_recipients,/map?openPark=<id> (or openRoute=<id>)
parent,21,friend-published-nearby,has_partner=true;has_nearby=true;privacy_mode=ghost,1,NONE,community,no_recipients,/map?openPark=<id> (or openRoute=<id>)
parent,21,friend-published-nearby,has_partner=true;has_nearby=true;privacy_mode=ghost,2,NONE,community,no_recipients,/map?openPark=<id> (or openRoute=<id>)
parent,21,friend-published-nearby,has_partner=true;has_nearby=true;privacy_mode=ghost,3,NONE,community,no_recipients,/map?openPark=<id> (or openRoute=<id>)
parent,21,friend-published-nearby,has_partner=true;has_nearby=false;privacy_mode=verified_global,0,community,community,n/a,/map?openPark=<id> (or openRoute=<id>)
parent,21,friend-published-nearby,has_partner=true;has_nearby=false;privacy_mode=verified_global,1,community,community,n/a,/map?openPark=<id> (or openRoute=<id>)
parent,21,friend-published-nearby,has_partner=true;has_nearby=false;privacy_mode=verified_global,2,community,community,n/a,/map?openPark=<id> (or openRoute=<id>)
parent,21,friend-published-nearby,has_partner=true;has_nearby=false;privacy_mode=verified_global,3,NONE,community,daily_cap,/map?openPark=<id> (or openRoute=<id>)
parent,21,friend-published-nearby,has_partner=true;has_nearby=false;privacy_mode=squad,0,community,community,n/a,/map?openPark=<id> (or openRoute=<id>)
parent,21,friend-published-nearby,has_partner=true;has_nearby=false;privacy_mode=squad,1,community,community,n/a,/map?openPark=<id> (or openRoute=<id>)
parent,21,friend-published-nearby,has_partner=true;has_nearby=false;privacy_mode=squad,2,community,community,n/a,/map?openPark=<id> (or openRoute=<id>)
parent,21,friend-published-nearby,has_partner=true;has_nearby=false;privacy_mode=squad,3,NONE,community,daily_cap,/map?openPark=<id> (or openRoute=<id>)
parent,21,friend-published-nearby,has_partner=true;has_nearby=false;privacy_mode=ghost,0,NONE,community,no_recipients,/map?openPark=<id> (or openRoute=<id>)
parent,21,friend-published-nearby,has_partner=true;has_nearby=false;privacy_mode=ghost,1,NONE,community,no_recipients,/map?openPark=<id> (or openRoute=<id>)
parent,21,friend-published-nearby,has_partner=true;has_nearby=false;privacy_mode=ghost,2,NONE,community,no_recipients,/map?openPark=<id> (or openRoute=<id>)
parent,21,friend-published-nearby,has_partner=true;has_nearby=false;privacy_mode=ghost,3,NONE,community,no_recipients,/map?openPark=<id> (or openRoute=<id>)
parent,21,friend-published-nearby,has_partner=false;has_nearby=true;privacy_mode=verified_global,0,community,community,n/a,/map?openPark=<id> (or openRoute=<id>)
parent,21,friend-published-nearby,has_partner=false;has_nearby=true;privacy_mode=verified_global,1,community,community,n/a,/map?openPark=<id> (or openRoute=<id>)
parent,21,friend-published-nearby,has_partner=false;has_nearby=true;privacy_mode=verified_global,2,community,community,n/a,/map?openPark=<id> (or openRoute=<id>)
parent,21,friend-published-nearby,has_partner=false;has_nearby=true;privacy_mode=verified_global,3,NONE,community,daily_cap,/map?openPark=<id> (or openRoute=<id>)
parent,21,friend-published-nearby,has_partner=false;has_nearby=true;privacy_mode=squad,0,NONE,community,no_recipients,/map?openPark=<id> (or openRoute=<id>)
parent,21,friend-published-nearby,has_partner=false;has_nearby=true;privacy_mode=squad,1,NONE,community,no_recipients,/map?openPark=<id> (or openRoute=<id>)
parent,21,friend-published-nearby,has_partner=false;has_nearby=true;privacy_mode=squad,2,NONE,community,no_recipients,/map?openPark=<id> (or openRoute=<id>)
parent,21,friend-published-nearby,has_partner=false;has_nearby=true;privacy_mode=squad,3,NONE,community,no_recipients,/map?openPark=<id> (or openRoute=<id>)
parent,21,friend-published-nearby,has_partner=false;has_nearby=true;privacy_mode=ghost,0,NONE,community,no_recipients,/map?openPark=<id> (or openRoute=<id>)
parent,21,friend-published-nearby,has_partner=false;has_nearby=true;privacy_mode=ghost,1,NONE,community,no_recipients,/map?openPark=<id> (or openRoute=<id>)
parent,21,friend-published-nearby,has_partner=false;has_nearby=true;privacy_mode=ghost,2,NONE,community,no_recipients,/map?openPark=<id> (or openRoute=<id>)
parent,21,friend-published-nearby,has_partner=false;has_nearby=true;privacy_mode=ghost,3,NONE,community,no_recipients,/map?openPark=<id> (or openRoute=<id>)
parent,21,friend-published-nearby,has_partner=false;has_nearby=false;privacy_mode=verified_global,0,NONE,community,no_recipients,/map?openPark=<id> (or openRoute=<id>)
parent,21,friend-published-nearby,has_partner=false;has_nearby=false;privacy_mode=verified_global,1,NONE,community,no_recipients,/map?openPark=<id> (or openRoute=<id>)
parent,21,friend-published-nearby,has_partner=false;has_nearby=false;privacy_mode=verified_global,2,NONE,community,no_recipients,/map?openPark=<id> (or openRoute=<id>)
parent,21,friend-published-nearby,has_partner=false;has_nearby=false;privacy_mode=verified_global,3,NONE,community,no_recipients,/map?openPark=<id> (or openRoute=<id>)
parent,21,friend-published-nearby,has_partner=false;has_nearby=false;privacy_mode=squad,0,NONE,community,no_recipients,/map?openPark=<id> (or openRoute=<id>)
parent,21,friend-published-nearby,has_partner=false;has_nearby=false;privacy_mode=squad,1,NONE,community,no_recipients,/map?openPark=<id> (or openRoute=<id>)
parent,21,friend-published-nearby,has_partner=false;has_nearby=false;privacy_mode=squad,2,NONE,community,no_recipients,/map?openPark=<id> (or openRoute=<id>)
parent,21,friend-published-nearby,has_partner=false;has_nearby=false;privacy_mode=squad,3,NONE,community,no_recipients,/map?openPark=<id> (or openRoute=<id>)
parent,21,friend-published-nearby,has_partner=false;has_nearby=false;privacy_mode=ghost,0,NONE,community,no_recipients,/map?openPark=<id> (or openRoute=<id>)
parent,21,friend-published-nearby,has_partner=false;has_nearby=false;privacy_mode=ghost,1,NONE,community,no_recipients,/map?openPark=<id> (or openRoute=<id>)
parent,21,friend-published-nearby,has_partner=false;has_nearby=false;privacy_mode=ghost,2,NONE,community,no_recipients,/map?openPark=<id> (or openRoute=<id>)
parent,21,friend-published-nearby,has_partner=false;has_nearby=false;privacy_mode=ghost,3,NONE,community,no_recipients,/map?openPark=<id> (or openRoute=<id>)
parent,22,friend-published-nearby,has_partner=true;has_nearby=true;privacy_mode=verified_global,0,NONE,community,quiet_hours,/map?openPark=<id> (or openRoute=<id>)
parent,22,friend-published-nearby,has_partner=true;has_nearby=true;privacy_mode=verified_global,1,NONE,community,quiet_hours,/map?openPark=<id> (or openRoute=<id>)
parent,22,friend-published-nearby,has_partner=true;has_nearby=true;privacy_mode=verified_global,2,NONE,community,quiet_hours,/map?openPark=<id> (or openRoute=<id>)
parent,22,friend-published-nearby,has_partner=true;has_nearby=true;privacy_mode=verified_global,3,NONE,community,quiet_hours,/map?openPark=<id> (or openRoute=<id>)
parent,22,friend-published-nearby,has_partner=true;has_nearby=true;privacy_mode=squad,0,NONE,community,quiet_hours,/map?openPark=<id> (or openRoute=<id>)
parent,22,friend-published-nearby,has_partner=true;has_nearby=true;privacy_mode=squad,1,NONE,community,quiet_hours,/map?openPark=<id> (or openRoute=<id>)
parent,22,friend-published-nearby,has_partner=true;has_nearby=true;privacy_mode=squad,2,NONE,community,quiet_hours,/map?openPark=<id> (or openRoute=<id>)
parent,22,friend-published-nearby,has_partner=true;has_nearby=true;privacy_mode=squad,3,NONE,community,quiet_hours,/map?openPark=<id> (or openRoute=<id>)
parent,22,friend-published-nearby,has_partner=true;has_nearby=true;privacy_mode=ghost,0,NONE,community,no_recipients,/map?openPark=<id> (or openRoute=<id>)
parent,22,friend-published-nearby,has_partner=true;has_nearby=true;privacy_mode=ghost,1,NONE,community,no_recipients,/map?openPark=<id> (or openRoute=<id>)
parent,22,friend-published-nearby,has_partner=true;has_nearby=true;privacy_mode=ghost,2,NONE,community,no_recipients,/map?openPark=<id> (or openRoute=<id>)
parent,22,friend-published-nearby,has_partner=true;has_nearby=true;privacy_mode=ghost,3,NONE,community,no_recipients,/map?openPark=<id> (or openRoute=<id>)
parent,22,friend-published-nearby,has_partner=true;has_nearby=false;privacy_mode=verified_global,0,NONE,community,quiet_hours,/map?openPark=<id> (or openRoute=<id>)
parent,22,friend-published-nearby,has_partner=true;has_nearby=false;privacy_mode=verified_global,1,NONE,community,quiet_hours,/map?openPark=<id> (or openRoute=<id>)
parent,22,friend-published-nearby,has_partner=true;has_nearby=false;privacy_mode=verified_global,2,NONE,community,quiet_hours,/map?openPark=<id> (or openRoute=<id>)
parent,22,friend-published-nearby,has_partner=true;has_nearby=false;privacy_mode=verified_global,3,NONE,community,quiet_hours,/map?openPark=<id> (or openRoute=<id>)
parent,22,friend-published-nearby,has_partner=true;has_nearby=false;privacy_mode=squad,0,NONE,community,quiet_hours,/map?openPark=<id> (or openRoute=<id>)
parent,22,friend-published-nearby,has_partner=true;has_nearby=false;privacy_mode=squad,1,NONE,community,quiet_hours,/map?openPark=<id> (or openRoute=<id>)
parent,22,friend-published-nearby,has_partner=true;has_nearby=false;privacy_mode=squad,2,NONE,community,quiet_hours,/map?openPark=<id> (or openRoute=<id>)
parent,22,friend-published-nearby,has_partner=true;has_nearby=false;privacy_mode=squad,3,NONE,community,quiet_hours,/map?openPark=<id> (or openRoute=<id>)
parent,22,friend-published-nearby,has_partner=true;has_nearby=false;privacy_mode=ghost,0,NONE,community,no_recipients,/map?openPark=<id> (or openRoute=<id>)
parent,22,friend-published-nearby,has_partner=true;has_nearby=false;privacy_mode=ghost,1,NONE,community,no_recipients,/map?openPark=<id> (or openRoute=<id>)
parent,22,friend-published-nearby,has_partner=true;has_nearby=false;privacy_mode=ghost,2,NONE,community,no_recipients,/map?openPark=<id> (or openRoute=<id>)
parent,22,friend-published-nearby,has_partner=true;has_nearby=false;privacy_mode=ghost,3,NONE,community,no_recipients,/map?openPark=<id> (or openRoute=<id>)
parent,22,friend-published-nearby,has_partner=false;has_nearby=true;privacy_mode=verified_global,0,NONE,community,quiet_hours,/map?openPark=<id> (or openRoute=<id>)
parent,22,friend-published-nearby,has_partner=false;has_nearby=true;privacy_mode=verified_global,1,NONE,community,quiet_hours,/map?openPark=<id> (or openRoute=<id>)
parent,22,friend-published-nearby,has_partner=false;has_nearby=true;privacy_mode=verified_global,2,NONE,community,quiet_hours,/map?openPark=<id> (or openRoute=<id>)
parent,22,friend-published-nearby,has_partner=false;has_nearby=true;privacy_mode=verified_global,3,NONE,community,quiet_hours,/map?openPark=<id> (or openRoute=<id>)
parent,22,friend-published-nearby,has_partner=false;has_nearby=true;privacy_mode=squad,0,NONE,community,no_recipients,/map?openPark=<id> (or openRoute=<id>)
parent,22,friend-published-nearby,has_partner=false;has_nearby=true;privacy_mode=squad,1,NONE,community,no_recipients,/map?openPark=<id> (or openRoute=<id>)
parent,22,friend-published-nearby,has_partner=false;has_nearby=true;privacy_mode=squad,2,NONE,community,no_recipients,/map?openPark=<id> (or openRoute=<id>)
parent,22,friend-published-nearby,has_partner=false;has_nearby=true;privacy_mode=squad,3,NONE,community,no_recipients,/map?openPark=<id> (or openRoute=<id>)
parent,22,friend-published-nearby,has_partner=false;has_nearby=true;privacy_mode=ghost,0,NONE,community,no_recipients,/map?openPark=<id> (or openRoute=<id>)
parent,22,friend-published-nearby,has_partner=false;has_nearby=true;privacy_mode=ghost,1,NONE,community,no_recipients,/map?openPark=<id> (or openRoute=<id>)
parent,22,friend-published-nearby,has_partner=false;has_nearby=true;privacy_mode=ghost,2,NONE,community,no_recipients,/map?openPark=<id> (or openRoute=<id>)
parent,22,friend-published-nearby,has_partner=false;has_nearby=true;privacy_mode=ghost,3,NONE,community,no_recipients,/map?openPark=<id> (or openRoute=<id>)
parent,22,friend-published-nearby,has_partner=false;has_nearby=false;privacy_mode=verified_global,0,NONE,community,no_recipients,/map?openPark=<id> (or openRoute=<id>)
parent,22,friend-published-nearby,has_partner=false;has_nearby=false;privacy_mode=verified_global,1,NONE,community,no_recipients,/map?openPark=<id> (or openRoute=<id>)
parent,22,friend-published-nearby,has_partner=false;has_nearby=false;privacy_mode=verified_global,2,NONE,community,no_recipients,/map?openPark=<id> (or openRoute=<id>)
parent,22,friend-published-nearby,has_partner=false;has_nearby=false;privacy_mode=verified_global,3,NONE,community,no_recipients,/map?openPark=<id> (or openRoute=<id>)
parent,22,friend-published-nearby,has_partner=false;has_nearby=false;privacy_mode=squad,0,NONE,community,no_recipients,/map?openPark=<id> (or openRoute=<id>)
parent,22,friend-published-nearby,has_partner=false;has_nearby=false;privacy_mode=squad,1,NONE,community,no_recipients,/map?openPark=<id> (or openRoute=<id>)
parent,22,friend-published-nearby,has_partner=false;has_nearby=false;privacy_mode=squad,2,NONE,community,no_recipients,/map?openPark=<id> (or openRoute=<id>)
parent,22,friend-published-nearby,has_partner=false;has_nearby=false;privacy_mode=squad,3,NONE,community,no_recipients,/map?openPark=<id> (or openRoute=<id>)
parent,22,friend-published-nearby,has_partner=false;has_nearby=false;privacy_mode=ghost,0,NONE,community,no_recipients,/map?openPark=<id> (or openRoute=<id>)
parent,22,friend-published-nearby,has_partner=false;has_nearby=false;privacy_mode=ghost,1,NONE,community,no_recipients,/map?openPark=<id> (or openRoute=<id>)
parent,22,friend-published-nearby,has_partner=false;has_nearby=false;privacy_mode=ghost,2,NONE,community,no_recipients,/map?openPark=<id> (or openRoute=<id>)
parent,22,friend-published-nearby,has_partner=false;has_nearby=false;privacy_mode=ghost,3,NONE,community,no_recipients,/map?openPark=<id> (or openRoute=<id>)
parent,23,friend-published-nearby,has_partner=true;has_nearby=true;privacy_mode=verified_global,0,NONE,community,quiet_hours,/map?openPark=<id> (or openRoute=<id>)
parent,23,friend-published-nearby,has_partner=true;has_nearby=true;privacy_mode=verified_global,1,NONE,community,quiet_hours,/map?openPark=<id> (or openRoute=<id>)
parent,23,friend-published-nearby,has_partner=true;has_nearby=true;privacy_mode=verified_global,2,NONE,community,quiet_hours,/map?openPark=<id> (or openRoute=<id>)
parent,23,friend-published-nearby,has_partner=true;has_nearby=true;privacy_mode=verified_global,3,NONE,community,quiet_hours,/map?openPark=<id> (or openRoute=<id>)
parent,23,friend-published-nearby,has_partner=true;has_nearby=true;privacy_mode=squad,0,NONE,community,quiet_hours,/map?openPark=<id> (or openRoute=<id>)
parent,23,friend-published-nearby,has_partner=true;has_nearby=true;privacy_mode=squad,1,NONE,community,quiet_hours,/map?openPark=<id> (or openRoute=<id>)
parent,23,friend-published-nearby,has_partner=true;has_nearby=true;privacy_mode=squad,2,NONE,community,quiet_hours,/map?openPark=<id> (or openRoute=<id>)
parent,23,friend-published-nearby,has_partner=true;has_nearby=true;privacy_mode=squad,3,NONE,community,quiet_hours,/map?openPark=<id> (or openRoute=<id>)
parent,23,friend-published-nearby,has_partner=true;has_nearby=true;privacy_mode=ghost,0,NONE,community,no_recipients,/map?openPark=<id> (or openRoute=<id>)
parent,23,friend-published-nearby,has_partner=true;has_nearby=true;privacy_mode=ghost,1,NONE,community,no_recipients,/map?openPark=<id> (or openRoute=<id>)
parent,23,friend-published-nearby,has_partner=true;has_nearby=true;privacy_mode=ghost,2,NONE,community,no_recipients,/map?openPark=<id> (or openRoute=<id>)
parent,23,friend-published-nearby,has_partner=true;has_nearby=true;privacy_mode=ghost,3,NONE,community,no_recipients,/map?openPark=<id> (or openRoute=<id>)
parent,23,friend-published-nearby,has_partner=true;has_nearby=false;privacy_mode=verified_global,0,NONE,community,quiet_hours,/map?openPark=<id> (or openRoute=<id>)
parent,23,friend-published-nearby,has_partner=true;has_nearby=false;privacy_mode=verified_global,1,NONE,community,quiet_hours,/map?openPark=<id> (or openRoute=<id>)
parent,23,friend-published-nearby,has_partner=true;has_nearby=false;privacy_mode=verified_global,2,NONE,community,quiet_hours,/map?openPark=<id> (or openRoute=<id>)
parent,23,friend-published-nearby,has_partner=true;has_nearby=false;privacy_mode=verified_global,3,NONE,community,quiet_hours,/map?openPark=<id> (or openRoute=<id>)
parent,23,friend-published-nearby,has_partner=true;has_nearby=false;privacy_mode=squad,0,NONE,community,quiet_hours,/map?openPark=<id> (or openRoute=<id>)
parent,23,friend-published-nearby,has_partner=true;has_nearby=false;privacy_mode=squad,1,NONE,community,quiet_hours,/map?openPark=<id> (or openRoute=<id>)
parent,23,friend-published-nearby,has_partner=true;has_nearby=false;privacy_mode=squad,2,NONE,community,quiet_hours,/map?openPark=<id> (or openRoute=<id>)
parent,23,friend-published-nearby,has_partner=true;has_nearby=false;privacy_mode=squad,3,NONE,community,quiet_hours,/map?openPark=<id> (or openRoute=<id>)
parent,23,friend-published-nearby,has_partner=true;has_nearby=false;privacy_mode=ghost,0,NONE,community,no_recipients,/map?openPark=<id> (or openRoute=<id>)
parent,23,friend-published-nearby,has_partner=true;has_nearby=false;privacy_mode=ghost,1,NONE,community,no_recipients,/map?openPark=<id> (or openRoute=<id>)
parent,23,friend-published-nearby,has_partner=true;has_nearby=false;privacy_mode=ghost,2,NONE,community,no_recipients,/map?openPark=<id> (or openRoute=<id>)
parent,23,friend-published-nearby,has_partner=true;has_nearby=false;privacy_mode=ghost,3,NONE,community,no_recipients,/map?openPark=<id> (or openRoute=<id>)
parent,23,friend-published-nearby,has_partner=false;has_nearby=true;privacy_mode=verified_global,0,NONE,community,quiet_hours,/map?openPark=<id> (or openRoute=<id>)
parent,23,friend-published-nearby,has_partner=false;has_nearby=true;privacy_mode=verified_global,1,NONE,community,quiet_hours,/map?openPark=<id> (or openRoute=<id>)
parent,23,friend-published-nearby,has_partner=false;has_nearby=true;privacy_mode=verified_global,2,NONE,community,quiet_hours,/map?openPark=<id> (or openRoute=<id>)
parent,23,friend-published-nearby,has_partner=false;has_nearby=true;privacy_mode=verified_global,3,NONE,community,quiet_hours,/map?openPark=<id> (or openRoute=<id>)
parent,23,friend-published-nearby,has_partner=false;has_nearby=true;privacy_mode=squad,0,NONE,community,no_recipients,/map?openPark=<id> (or openRoute=<id>)
parent,23,friend-published-nearby,has_partner=false;has_nearby=true;privacy_mode=squad,1,NONE,community,no_recipients,/map?openPark=<id> (or openRoute=<id>)
parent,23,friend-published-nearby,has_partner=false;has_nearby=true;privacy_mode=squad,2,NONE,community,no_recipients,/map?openPark=<id> (or openRoute=<id>)
parent,23,friend-published-nearby,has_partner=false;has_nearby=true;privacy_mode=squad,3,NONE,community,no_recipients,/map?openPark=<id> (or openRoute=<id>)
parent,23,friend-published-nearby,has_partner=false;has_nearby=true;privacy_mode=ghost,0,NONE,community,no_recipients,/map?openPark=<id> (or openRoute=<id>)
parent,23,friend-published-nearby,has_partner=false;has_nearby=true;privacy_mode=ghost,1,NONE,community,no_recipients,/map?openPark=<id> (or openRoute=<id>)
parent,23,friend-published-nearby,has_partner=false;has_nearby=true;privacy_mode=ghost,2,NONE,community,no_recipients,/map?openPark=<id> (or openRoute=<id>)
parent,23,friend-published-nearby,has_partner=false;has_nearby=true;privacy_mode=ghost,3,NONE,community,no_recipients,/map?openPark=<id> (or openRoute=<id>)
parent,23,friend-published-nearby,has_partner=false;has_nearby=false;privacy_mode=verified_global,0,NONE,community,no_recipients,/map?openPark=<id> (or openRoute=<id>)
parent,23,friend-published-nearby,has_partner=false;has_nearby=false;privacy_mode=verified_global,1,NONE,community,no_recipients,/map?openPark=<id> (or openRoute=<id>)
parent,23,friend-published-nearby,has_partner=false;has_nearby=false;privacy_mode=verified_global,2,NONE,community,no_recipients,/map?openPark=<id> (or openRoute=<id>)
parent,23,friend-published-nearby,has_partner=false;has_nearby=false;privacy_mode=verified_global,3,NONE,community,no_recipients,/map?openPark=<id> (or openRoute=<id>)
parent,23,friend-published-nearby,has_partner=false;has_nearby=false;privacy_mode=squad,0,NONE,community,no_recipients,/map?openPark=<id> (or openRoute=<id>)
parent,23,friend-published-nearby,has_partner=false;has_nearby=false;privacy_mode=squad,1,NONE,community,no_recipients,/map?openPark=<id> (or openRoute=<id>)
parent,23,friend-published-nearby,has_partner=false;has_nearby=false;privacy_mode=squad,2,NONE,community,no_recipients,/map?openPark=<id> (or openRoute=<id>)
parent,23,friend-published-nearby,has_partner=false;has_nearby=false;privacy_mode=squad,3,NONE,community,no_recipients,/map?openPark=<id> (or openRoute=<id>)
parent,23,friend-published-nearby,has_partner=false;has_nearby=false;privacy_mode=ghost,0,NONE,community,no_recipients,/map?openPark=<id> (or openRoute=<id>)
parent,23,friend-published-nearby,has_partner=false;has_nearby=false;privacy_mode=ghost,1,NONE,community,no_recipients,/map?openPark=<id> (or openRoute=<id>)
parent,23,friend-published-nearby,has_partner=false;has_nearby=false;privacy_mode=ghost,2,NONE,community,no_recipients,/map?openPark=<id> (or openRoute=<id>)
parent,23,friend-published-nearby,has_partner=false;has_nearby=false;privacy_mode=ghost,3,NONE,community,no_recipients,/map?openPark=<id> (or openRoute=<id>)
parent,0,kudos-received,n/a,n/a,NONE,social,quiet_hours,/activity
parent,1,kudos-received,n/a,n/a,NONE,social,quiet_hours,/activity
parent,2,kudos-received,n/a,n/a,NONE,social,quiet_hours,/activity
parent,3,kudos-received,n/a,n/a,NONE,social,quiet_hours,/activity
parent,4,kudos-received,n/a,n/a,NONE,social,quiet_hours,/activity
parent,5,kudos-received,n/a,n/a,NONE,social,quiet_hours,/activity
parent,6,kudos-received,n/a,n/a,NONE,social,quiet_hours,/activity
parent,7,kudos-received,n/a,n/a,social,social,n/a,/activity
parent,8,kudos-received,n/a,n/a,social,social,n/a,/activity
parent,9,kudos-received,n/a,n/a,social,social,n/a,/activity
parent,10,kudos-received,n/a,n/a,social,social,n/a,/activity
parent,11,kudos-received,n/a,n/a,social,social,n/a,/activity
parent,12,kudos-received,n/a,n/a,social,social,n/a,/activity
parent,13,kudos-received,n/a,n/a,social,social,n/a,/activity
parent,14,kudos-received,n/a,n/a,social,social,n/a,/activity
parent,15,kudos-received,n/a,n/a,social,social,n/a,/activity
parent,16,kudos-received,n/a,n/a,social,social,n/a,/activity
parent,17,kudos-received,n/a,n/a,social,social,n/a,/activity
parent,18,kudos-received,n/a,n/a,social,social,n/a,/activity
parent,19,kudos-received,n/a,n/a,social,social,n/a,/activity
parent,20,kudos-received,n/a,n/a,social,social,n/a,/activity
parent,21,kudos-received,n/a,n/a,social,social,n/a,/activity
parent,22,kudos-received,n/a,n/a,NONE,social,quiet_hours,/activity
parent,23,kudos-received,n/a,n/a,NONE,social,quiet_hours,/activity
parent,0,group-join,role=joiner,n/a,NONE,social,quiet_hours,/community/<groupId>
parent,0,group-join,role=admin,n/a,NONE,social,quiet_hours,/community/<groupId>
parent,1,group-join,role=joiner,n/a,NONE,social,quiet_hours,/community/<groupId>
parent,1,group-join,role=admin,n/a,NONE,social,quiet_hours,/community/<groupId>
parent,2,group-join,role=joiner,n/a,NONE,social,quiet_hours,/community/<groupId>
parent,2,group-join,role=admin,n/a,NONE,social,quiet_hours,/community/<groupId>
parent,3,group-join,role=joiner,n/a,NONE,social,quiet_hours,/community/<groupId>
parent,3,group-join,role=admin,n/a,NONE,social,quiet_hours,/community/<groupId>
parent,4,group-join,role=joiner,n/a,NONE,social,quiet_hours,/community/<groupId>
parent,4,group-join,role=admin,n/a,NONE,social,quiet_hours,/community/<groupId>
parent,5,group-join,role=joiner,n/a,NONE,social,quiet_hours,/community/<groupId>
parent,5,group-join,role=admin,n/a,NONE,social,quiet_hours,/community/<groupId>
parent,6,group-join,role=joiner,n/a,NONE,social,quiet_hours,/community/<groupId>
parent,6,group-join,role=admin,n/a,NONE,social,quiet_hours,/community/<groupId>
parent,7,group-join,role=joiner,n/a,social,social,n/a,/community/<groupId>
parent,7,group-join,role=admin,n/a,social,social,n/a,/community/<groupId>
parent,8,group-join,role=joiner,n/a,social,social,n/a,/community/<groupId>
parent,8,group-join,role=admin,n/a,social,social,n/a,/community/<groupId>
parent,9,group-join,role=joiner,n/a,social,social,n/a,/community/<groupId>
parent,9,group-join,role=admin,n/a,social,social,n/a,/community/<groupId>
parent,10,group-join,role=joiner,n/a,social,social,n/a,/community/<groupId>
parent,10,group-join,role=admin,n/a,social,social,n/a,/community/<groupId>
parent,11,group-join,role=joiner,n/a,social,social,n/a,/community/<groupId>
parent,11,group-join,role=admin,n/a,social,social,n/a,/community/<groupId>
parent,12,group-join,role=joiner,n/a,social,social,n/a,/community/<groupId>
parent,12,group-join,role=admin,n/a,social,social,n/a,/community/<groupId>
parent,13,group-join,role=joiner,n/a,social,social,n/a,/community/<groupId>
parent,13,group-join,role=admin,n/a,social,social,n/a,/community/<groupId>
parent,14,group-join,role=joiner,n/a,social,social,n/a,/community/<groupId>
parent,14,group-join,role=admin,n/a,social,social,n/a,/community/<groupId>
parent,15,group-join,role=joiner,n/a,social,social,n/a,/community/<groupId>
parent,15,group-join,role=admin,n/a,social,social,n/a,/community/<groupId>
parent,16,group-join,role=joiner,n/a,social,social,n/a,/community/<groupId>
parent,16,group-join,role=admin,n/a,social,social,n/a,/community/<groupId>
parent,17,group-join,role=joiner,n/a,social,social,n/a,/community/<groupId>
parent,17,group-join,role=admin,n/a,social,social,n/a,/community/<groupId>
parent,18,group-join,role=joiner,n/a,social,social,n/a,/community/<groupId>
parent,18,group-join,role=admin,n/a,social,social,n/a,/community/<groupId>
parent,19,group-join,role=joiner,n/a,social,social,n/a,/community/<groupId>
parent,19,group-join,role=admin,n/a,social,social,n/a,/community/<groupId>
parent,20,group-join,role=joiner,n/a,social,social,n/a,/community/<groupId>
parent,20,group-join,role=admin,n/a,social,social,n/a,/community/<groupId>
parent,21,group-join,role=joiner,n/a,social,social,n/a,/community/<groupId>
parent,21,group-join,role=admin,n/a,social,social,n/a,/community/<groupId>
parent,22,group-join,role=joiner,n/a,NONE,social,quiet_hours,/community/<groupId>
parent,22,group-join,role=admin,n/a,NONE,social,quiet_hours,/community/<groupId>
parent,23,group-join,role=joiner,n/a,NONE,social,quiet_hours,/community/<groupId>
parent,23,group-join,role=admin,n/a,NONE,social,quiet_hours,/community/<groupId>
parent,0,level-up,n/a,n/a,NONE,progression,quiet_hours,/
parent,1,level-up,n/a,n/a,NONE,progression,quiet_hours,/
parent,2,level-up,n/a,n/a,NONE,progression,quiet_hours,/
parent,3,level-up,n/a,n/a,NONE,progression,quiet_hours,/
parent,4,level-up,n/a,n/a,NONE,progression,quiet_hours,/
parent,5,level-up,n/a,n/a,NONE,progression,quiet_hours,/
parent,6,level-up,n/a,n/a,NONE,progression,quiet_hours,/
parent,7,level-up,n/a,n/a,progression,progression,n/a,/
parent,8,level-up,n/a,n/a,progression,progression,n/a,/
parent,9,level-up,n/a,n/a,progression,progression,n/a,/
parent,10,level-up,n/a,n/a,progression,progression,n/a,/
parent,11,level-up,n/a,n/a,progression,progression,n/a,/
parent,12,level-up,n/a,n/a,progression,progression,n/a,/
parent,13,level-up,n/a,n/a,progression,progression,n/a,/
parent,14,level-up,n/a,n/a,progression,progression,n/a,/
parent,15,level-up,n/a,n/a,progression,progression,n/a,/
parent,16,level-up,n/a,n/a,progression,progression,n/a,/
parent,17,level-up,n/a,n/a,progression,progression,n/a,/
parent,18,level-up,n/a,n/a,progression,progression,n/a,/
parent,19,level-up,n/a,n/a,progression,progression,n/a,/
parent,20,level-up,n/a,n/a,progression,progression,n/a,/
parent,21,level-up,n/a,n/a,progression,progression,n/a,/
parent,22,level-up,n/a,n/a,NONE,progression,quiet_hours,/
parent,23,level-up,n/a,n/a,NONE,progression,quiet_hours,/
parent,0,scheduled-training-reminder,has_incomplete_session_today=true,0,training_reminder,training_reminder,n/a,/
parent,0,scheduled-training-reminder,has_incomplete_session_today=true,1,training_reminder,training_reminder,n/a,/
parent,0,scheduled-training-reminder,has_incomplete_session_today=true,2,training_reminder,training_reminder,n/a,/
parent,0,scheduled-training-reminder,has_incomplete_session_today=true,3,NONE,training_reminder,daily_cap,/
parent,0,scheduled-training-reminder,has_incomplete_session_today=false,0,NONE,training_reminder,no_recipients,/
parent,0,scheduled-training-reminder,has_incomplete_session_today=false,1,NONE,training_reminder,no_recipients,/
parent,0,scheduled-training-reminder,has_incomplete_session_today=false,2,NONE,training_reminder,no_recipients,/
parent,0,scheduled-training-reminder,has_incomplete_session_today=false,3,NONE,training_reminder,no_recipients,/
parent,1,scheduled-training-reminder,has_incomplete_session_today=true,0,training_reminder,training_reminder,n/a,/
parent,1,scheduled-training-reminder,has_incomplete_session_today=true,1,training_reminder,training_reminder,n/a,/
parent,1,scheduled-training-reminder,has_incomplete_session_today=true,2,training_reminder,training_reminder,n/a,/
parent,1,scheduled-training-reminder,has_incomplete_session_today=true,3,NONE,training_reminder,daily_cap,/
parent,1,scheduled-training-reminder,has_incomplete_session_today=false,0,NONE,training_reminder,no_recipients,/
parent,1,scheduled-training-reminder,has_incomplete_session_today=false,1,NONE,training_reminder,no_recipients,/
parent,1,scheduled-training-reminder,has_incomplete_session_today=false,2,NONE,training_reminder,no_recipients,/
parent,1,scheduled-training-reminder,has_incomplete_session_today=false,3,NONE,training_reminder,no_recipients,/
parent,2,scheduled-training-reminder,has_incomplete_session_today=true,0,training_reminder,training_reminder,n/a,/
parent,2,scheduled-training-reminder,has_incomplete_session_today=true,1,training_reminder,training_reminder,n/a,/
parent,2,scheduled-training-reminder,has_incomplete_session_today=true,2,training_reminder,training_reminder,n/a,/
parent,2,scheduled-training-reminder,has_incomplete_session_today=true,3,NONE,training_reminder,daily_cap,/
parent,2,scheduled-training-reminder,has_incomplete_session_today=false,0,NONE,training_reminder,no_recipients,/
parent,2,scheduled-training-reminder,has_incomplete_session_today=false,1,NONE,training_reminder,no_recipients,/
parent,2,scheduled-training-reminder,has_incomplete_session_today=false,2,NONE,training_reminder,no_recipients,/
parent,2,scheduled-training-reminder,has_incomplete_session_today=false,3,NONE,training_reminder,no_recipients,/
parent,3,scheduled-training-reminder,has_incomplete_session_today=true,0,training_reminder,training_reminder,n/a,/
parent,3,scheduled-training-reminder,has_incomplete_session_today=true,1,training_reminder,training_reminder,n/a,/
parent,3,scheduled-training-reminder,has_incomplete_session_today=true,2,training_reminder,training_reminder,n/a,/
parent,3,scheduled-training-reminder,has_incomplete_session_today=true,3,NONE,training_reminder,daily_cap,/
parent,3,scheduled-training-reminder,has_incomplete_session_today=false,0,NONE,training_reminder,no_recipients,/
parent,3,scheduled-training-reminder,has_incomplete_session_today=false,1,NONE,training_reminder,no_recipients,/
parent,3,scheduled-training-reminder,has_incomplete_session_today=false,2,NONE,training_reminder,no_recipients,/
parent,3,scheduled-training-reminder,has_incomplete_session_today=false,3,NONE,training_reminder,no_recipients,/
parent,4,scheduled-training-reminder,has_incomplete_session_today=true,0,training_reminder,training_reminder,n/a,/
parent,4,scheduled-training-reminder,has_incomplete_session_today=true,1,training_reminder,training_reminder,n/a,/
parent,4,scheduled-training-reminder,has_incomplete_session_today=true,2,training_reminder,training_reminder,n/a,/
parent,4,scheduled-training-reminder,has_incomplete_session_today=true,3,NONE,training_reminder,daily_cap,/
parent,4,scheduled-training-reminder,has_incomplete_session_today=false,0,NONE,training_reminder,no_recipients,/
parent,4,scheduled-training-reminder,has_incomplete_session_today=false,1,NONE,training_reminder,no_recipients,/
parent,4,scheduled-training-reminder,has_incomplete_session_today=false,2,NONE,training_reminder,no_recipients,/
parent,4,scheduled-training-reminder,has_incomplete_session_today=false,3,NONE,training_reminder,no_recipients,/
parent,5,scheduled-training-reminder,has_incomplete_session_today=true,0,training_reminder,training_reminder,n/a,/
parent,5,scheduled-training-reminder,has_incomplete_session_today=true,1,training_reminder,training_reminder,n/a,/
parent,5,scheduled-training-reminder,has_incomplete_session_today=true,2,training_reminder,training_reminder,n/a,/
parent,5,scheduled-training-reminder,has_incomplete_session_today=true,3,NONE,training_reminder,daily_cap,/
parent,5,scheduled-training-reminder,has_incomplete_session_today=false,0,NONE,training_reminder,no_recipients,/
parent,5,scheduled-training-reminder,has_incomplete_session_today=false,1,NONE,training_reminder,no_recipients,/
parent,5,scheduled-training-reminder,has_incomplete_session_today=false,2,NONE,training_reminder,no_recipients,/
parent,5,scheduled-training-reminder,has_incomplete_session_today=false,3,NONE,training_reminder,no_recipients,/
parent,6,scheduled-training-reminder,has_incomplete_session_today=true,0,training_reminder,training_reminder,n/a,/
parent,6,scheduled-training-reminder,has_incomplete_session_today=true,1,training_reminder,training_reminder,n/a,/
parent,6,scheduled-training-reminder,has_incomplete_session_today=true,2,training_reminder,training_reminder,n/a,/
parent,6,scheduled-training-reminder,has_incomplete_session_today=true,3,NONE,training_reminder,daily_cap,/
parent,6,scheduled-training-reminder,has_incomplete_session_today=false,0,NONE,training_reminder,no_recipients,/
parent,6,scheduled-training-reminder,has_incomplete_session_today=false,1,NONE,training_reminder,no_recipients,/
parent,6,scheduled-training-reminder,has_incomplete_session_today=false,2,NONE,training_reminder,no_recipients,/
parent,6,scheduled-training-reminder,has_incomplete_session_today=false,3,NONE,training_reminder,no_recipients,/
parent,7,scheduled-training-reminder,has_incomplete_session_today=true,0,training_reminder,training_reminder,n/a,/
parent,7,scheduled-training-reminder,has_incomplete_session_today=true,1,training_reminder,training_reminder,n/a,/
parent,7,scheduled-training-reminder,has_incomplete_session_today=true,2,training_reminder,training_reminder,n/a,/
parent,7,scheduled-training-reminder,has_incomplete_session_today=true,3,NONE,training_reminder,daily_cap,/
parent,7,scheduled-training-reminder,has_incomplete_session_today=false,0,NONE,training_reminder,no_recipients,/
parent,7,scheduled-training-reminder,has_incomplete_session_today=false,1,NONE,training_reminder,no_recipients,/
parent,7,scheduled-training-reminder,has_incomplete_session_today=false,2,NONE,training_reminder,no_recipients,/
parent,7,scheduled-training-reminder,has_incomplete_session_today=false,3,NONE,training_reminder,no_recipients,/
parent,8,scheduled-training-reminder,has_incomplete_session_today=true,0,training_reminder,training_reminder,n/a,/
parent,8,scheduled-training-reminder,has_incomplete_session_today=true,1,training_reminder,training_reminder,n/a,/
parent,8,scheduled-training-reminder,has_incomplete_session_today=true,2,training_reminder,training_reminder,n/a,/
parent,8,scheduled-training-reminder,has_incomplete_session_today=true,3,NONE,training_reminder,daily_cap,/
parent,8,scheduled-training-reminder,has_incomplete_session_today=false,0,NONE,training_reminder,no_recipients,/
parent,8,scheduled-training-reminder,has_incomplete_session_today=false,1,NONE,training_reminder,no_recipients,/
parent,8,scheduled-training-reminder,has_incomplete_session_today=false,2,NONE,training_reminder,no_recipients,/
parent,8,scheduled-training-reminder,has_incomplete_session_today=false,3,NONE,training_reminder,no_recipients,/
parent,9,scheduled-training-reminder,has_incomplete_session_today=true,0,training_reminder,training_reminder,n/a,/
parent,9,scheduled-training-reminder,has_incomplete_session_today=true,1,training_reminder,training_reminder,n/a,/
parent,9,scheduled-training-reminder,has_incomplete_session_today=true,2,training_reminder,training_reminder,n/a,/
parent,9,scheduled-training-reminder,has_incomplete_session_today=true,3,NONE,training_reminder,daily_cap,/
parent,9,scheduled-training-reminder,has_incomplete_session_today=false,0,NONE,training_reminder,no_recipients,/
parent,9,scheduled-training-reminder,has_incomplete_session_today=false,1,NONE,training_reminder,no_recipients,/
parent,9,scheduled-training-reminder,has_incomplete_session_today=false,2,NONE,training_reminder,no_recipients,/
parent,9,scheduled-training-reminder,has_incomplete_session_today=false,3,NONE,training_reminder,no_recipients,/
parent,10,scheduled-training-reminder,has_incomplete_session_today=true,0,training_reminder,training_reminder,n/a,/
parent,10,scheduled-training-reminder,has_incomplete_session_today=true,1,training_reminder,training_reminder,n/a,/
parent,10,scheduled-training-reminder,has_incomplete_session_today=true,2,training_reminder,training_reminder,n/a,/
parent,10,scheduled-training-reminder,has_incomplete_session_today=true,3,NONE,training_reminder,daily_cap,/
parent,10,scheduled-training-reminder,has_incomplete_session_today=false,0,NONE,training_reminder,no_recipients,/
parent,10,scheduled-training-reminder,has_incomplete_session_today=false,1,NONE,training_reminder,no_recipients,/
parent,10,scheduled-training-reminder,has_incomplete_session_today=false,2,NONE,training_reminder,no_recipients,/
parent,10,scheduled-training-reminder,has_incomplete_session_today=false,3,NONE,training_reminder,no_recipients,/
parent,11,scheduled-training-reminder,has_incomplete_session_today=true,0,training_reminder,training_reminder,n/a,/
parent,11,scheduled-training-reminder,has_incomplete_session_today=true,1,training_reminder,training_reminder,n/a,/
parent,11,scheduled-training-reminder,has_incomplete_session_today=true,2,training_reminder,training_reminder,n/a,/
parent,11,scheduled-training-reminder,has_incomplete_session_today=true,3,NONE,training_reminder,daily_cap,/
parent,11,scheduled-training-reminder,has_incomplete_session_today=false,0,NONE,training_reminder,no_recipients,/
parent,11,scheduled-training-reminder,has_incomplete_session_today=false,1,NONE,training_reminder,no_recipients,/
parent,11,scheduled-training-reminder,has_incomplete_session_today=false,2,NONE,training_reminder,no_recipients,/
parent,11,scheduled-training-reminder,has_incomplete_session_today=false,3,NONE,training_reminder,no_recipients,/
parent,12,scheduled-training-reminder,has_incomplete_session_today=true,0,training_reminder,training_reminder,n/a,/
parent,12,scheduled-training-reminder,has_incomplete_session_today=true,1,training_reminder,training_reminder,n/a,/
parent,12,scheduled-training-reminder,has_incomplete_session_today=true,2,training_reminder,training_reminder,n/a,/
parent,12,scheduled-training-reminder,has_incomplete_session_today=true,3,NONE,training_reminder,daily_cap,/
parent,12,scheduled-training-reminder,has_incomplete_session_today=false,0,NONE,training_reminder,no_recipients,/
parent,12,scheduled-training-reminder,has_incomplete_session_today=false,1,NONE,training_reminder,no_recipients,/
parent,12,scheduled-training-reminder,has_incomplete_session_today=false,2,NONE,training_reminder,no_recipients,/
parent,12,scheduled-training-reminder,has_incomplete_session_today=false,3,NONE,training_reminder,no_recipients,/
parent,13,scheduled-training-reminder,has_incomplete_session_today=true,0,training_reminder,training_reminder,n/a,/
parent,13,scheduled-training-reminder,has_incomplete_session_today=true,1,training_reminder,training_reminder,n/a,/
parent,13,scheduled-training-reminder,has_incomplete_session_today=true,2,training_reminder,training_reminder,n/a,/
parent,13,scheduled-training-reminder,has_incomplete_session_today=true,3,NONE,training_reminder,daily_cap,/
parent,13,scheduled-training-reminder,has_incomplete_session_today=false,0,NONE,training_reminder,no_recipients,/
parent,13,scheduled-training-reminder,has_incomplete_session_today=false,1,NONE,training_reminder,no_recipients,/
parent,13,scheduled-training-reminder,has_incomplete_session_today=false,2,NONE,training_reminder,no_recipients,/
parent,13,scheduled-training-reminder,has_incomplete_session_today=false,3,NONE,training_reminder,no_recipients,/
parent,14,scheduled-training-reminder,has_incomplete_session_today=true,0,training_reminder,training_reminder,n/a,/
parent,14,scheduled-training-reminder,has_incomplete_session_today=true,1,training_reminder,training_reminder,n/a,/
parent,14,scheduled-training-reminder,has_incomplete_session_today=true,2,training_reminder,training_reminder,n/a,/
parent,14,scheduled-training-reminder,has_incomplete_session_today=true,3,NONE,training_reminder,daily_cap,/
parent,14,scheduled-training-reminder,has_incomplete_session_today=false,0,NONE,training_reminder,no_recipients,/
parent,14,scheduled-training-reminder,has_incomplete_session_today=false,1,NONE,training_reminder,no_recipients,/
parent,14,scheduled-training-reminder,has_incomplete_session_today=false,2,NONE,training_reminder,no_recipients,/
parent,14,scheduled-training-reminder,has_incomplete_session_today=false,3,NONE,training_reminder,no_recipients,/
parent,15,scheduled-training-reminder,has_incomplete_session_today=true,0,training_reminder,training_reminder,n/a,/
parent,15,scheduled-training-reminder,has_incomplete_session_today=true,1,training_reminder,training_reminder,n/a,/
parent,15,scheduled-training-reminder,has_incomplete_session_today=true,2,training_reminder,training_reminder,n/a,/
parent,15,scheduled-training-reminder,has_incomplete_session_today=true,3,NONE,training_reminder,daily_cap,/
parent,15,scheduled-training-reminder,has_incomplete_session_today=false,0,NONE,training_reminder,no_recipients,/
parent,15,scheduled-training-reminder,has_incomplete_session_today=false,1,NONE,training_reminder,no_recipients,/
parent,15,scheduled-training-reminder,has_incomplete_session_today=false,2,NONE,training_reminder,no_recipients,/
parent,15,scheduled-training-reminder,has_incomplete_session_today=false,3,NONE,training_reminder,no_recipients,/
parent,16,scheduled-training-reminder,has_incomplete_session_today=true,0,training_reminder,training_reminder,n/a,/
parent,16,scheduled-training-reminder,has_incomplete_session_today=true,1,training_reminder,training_reminder,n/a,/
parent,16,scheduled-training-reminder,has_incomplete_session_today=true,2,training_reminder,training_reminder,n/a,/
parent,16,scheduled-training-reminder,has_incomplete_session_today=true,3,NONE,training_reminder,daily_cap,/
parent,16,scheduled-training-reminder,has_incomplete_session_today=false,0,NONE,training_reminder,no_recipients,/
parent,16,scheduled-training-reminder,has_incomplete_session_today=false,1,NONE,training_reminder,no_recipients,/
parent,16,scheduled-training-reminder,has_incomplete_session_today=false,2,NONE,training_reminder,no_recipients,/
parent,16,scheduled-training-reminder,has_incomplete_session_today=false,3,NONE,training_reminder,no_recipients,/
parent,17,scheduled-training-reminder,has_incomplete_session_today=true,0,training_reminder,training_reminder,n/a,/
parent,17,scheduled-training-reminder,has_incomplete_session_today=true,1,training_reminder,training_reminder,n/a,/
parent,17,scheduled-training-reminder,has_incomplete_session_today=true,2,training_reminder,training_reminder,n/a,/
parent,17,scheduled-training-reminder,has_incomplete_session_today=true,3,NONE,training_reminder,daily_cap,/
parent,17,scheduled-training-reminder,has_incomplete_session_today=false,0,NONE,training_reminder,no_recipients,/
parent,17,scheduled-training-reminder,has_incomplete_session_today=false,1,NONE,training_reminder,no_recipients,/
parent,17,scheduled-training-reminder,has_incomplete_session_today=false,2,NONE,training_reminder,no_recipients,/
parent,17,scheduled-training-reminder,has_incomplete_session_today=false,3,NONE,training_reminder,no_recipients,/
parent,18,scheduled-training-reminder,has_incomplete_session_today=true,0,training_reminder,training_reminder,n/a,/
parent,18,scheduled-training-reminder,has_incomplete_session_today=true,1,training_reminder,training_reminder,n/a,/
parent,18,scheduled-training-reminder,has_incomplete_session_today=true,2,training_reminder,training_reminder,n/a,/
parent,18,scheduled-training-reminder,has_incomplete_session_today=true,3,NONE,training_reminder,daily_cap,/
parent,18,scheduled-training-reminder,has_incomplete_session_today=false,0,NONE,training_reminder,no_recipients,/
parent,18,scheduled-training-reminder,has_incomplete_session_today=false,1,NONE,training_reminder,no_recipients,/
parent,18,scheduled-training-reminder,has_incomplete_session_today=false,2,NONE,training_reminder,no_recipients,/
parent,18,scheduled-training-reminder,has_incomplete_session_today=false,3,NONE,training_reminder,no_recipients,/
parent,19,scheduled-training-reminder,has_incomplete_session_today=true,0,training_reminder,training_reminder,n/a,/
parent,19,scheduled-training-reminder,has_incomplete_session_today=true,1,training_reminder,training_reminder,n/a,/
parent,19,scheduled-training-reminder,has_incomplete_session_today=true,2,training_reminder,training_reminder,n/a,/
parent,19,scheduled-training-reminder,has_incomplete_session_today=true,3,NONE,training_reminder,daily_cap,/
parent,19,scheduled-training-reminder,has_incomplete_session_today=false,0,NONE,training_reminder,no_recipients,/
parent,19,scheduled-training-reminder,has_incomplete_session_today=false,1,NONE,training_reminder,no_recipients,/
parent,19,scheduled-training-reminder,has_incomplete_session_today=false,2,NONE,training_reminder,no_recipients,/
parent,19,scheduled-training-reminder,has_incomplete_session_today=false,3,NONE,training_reminder,no_recipients,/
parent,20,scheduled-training-reminder,has_incomplete_session_today=true,0,training_reminder,training_reminder,n/a,/
parent,20,scheduled-training-reminder,has_incomplete_session_today=true,1,training_reminder,training_reminder,n/a,/
parent,20,scheduled-training-reminder,has_incomplete_session_today=true,2,training_reminder,training_reminder,n/a,/
parent,20,scheduled-training-reminder,has_incomplete_session_today=true,3,NONE,training_reminder,daily_cap,/
parent,20,scheduled-training-reminder,has_incomplete_session_today=false,0,NONE,training_reminder,no_recipients,/
parent,20,scheduled-training-reminder,has_incomplete_session_today=false,1,NONE,training_reminder,no_recipients,/
parent,20,scheduled-training-reminder,has_incomplete_session_today=false,2,NONE,training_reminder,no_recipients,/
parent,20,scheduled-training-reminder,has_incomplete_session_today=false,3,NONE,training_reminder,no_recipients,/
parent,21,scheduled-training-reminder,has_incomplete_session_today=true,0,training_reminder,training_reminder,n/a,/
parent,21,scheduled-training-reminder,has_incomplete_session_today=true,1,training_reminder,training_reminder,n/a,/
parent,21,scheduled-training-reminder,has_incomplete_session_today=true,2,training_reminder,training_reminder,n/a,/
parent,21,scheduled-training-reminder,has_incomplete_session_today=true,3,NONE,training_reminder,daily_cap,/
parent,21,scheduled-training-reminder,has_incomplete_session_today=false,0,NONE,training_reminder,no_recipients,/
parent,21,scheduled-training-reminder,has_incomplete_session_today=false,1,NONE,training_reminder,no_recipients,/
parent,21,scheduled-training-reminder,has_incomplete_session_today=false,2,NONE,training_reminder,no_recipients,/
parent,21,scheduled-training-reminder,has_incomplete_session_today=false,3,NONE,training_reminder,no_recipients,/
parent,22,scheduled-training-reminder,has_incomplete_session_today=true,0,training_reminder,training_reminder,n/a,/
parent,22,scheduled-training-reminder,has_incomplete_session_today=true,1,training_reminder,training_reminder,n/a,/
parent,22,scheduled-training-reminder,has_incomplete_session_today=true,2,training_reminder,training_reminder,n/a,/
parent,22,scheduled-training-reminder,has_incomplete_session_today=true,3,NONE,training_reminder,daily_cap,/
parent,22,scheduled-training-reminder,has_incomplete_session_today=false,0,NONE,training_reminder,no_recipients,/
parent,22,scheduled-training-reminder,has_incomplete_session_today=false,1,NONE,training_reminder,no_recipients,/
parent,22,scheduled-training-reminder,has_incomplete_session_today=false,2,NONE,training_reminder,no_recipients,/
parent,22,scheduled-training-reminder,has_incomplete_session_today=false,3,NONE,training_reminder,no_recipients,/
parent,23,scheduled-training-reminder,has_incomplete_session_today=true,0,training_reminder,training_reminder,n/a,/
parent,23,scheduled-training-reminder,has_incomplete_session_today=true,1,training_reminder,training_reminder,n/a,/
parent,23,scheduled-training-reminder,has_incomplete_session_today=true,2,training_reminder,training_reminder,n/a,/
parent,23,scheduled-training-reminder,has_incomplete_session_today=true,3,NONE,training_reminder,daily_cap,/
parent,23,scheduled-training-reminder,has_incomplete_session_today=false,0,NONE,training_reminder,no_recipients,/
parent,23,scheduled-training-reminder,has_incomplete_session_today=false,1,NONE,training_reminder,no_recipients,/
parent,23,scheduled-training-reminder,has_incomplete_session_today=false,2,NONE,training_reminder,no_recipients,/
parent,23,scheduled-training-reminder,has_incomplete_session_today=false,3,NONE,training_reminder,no_recipients,/
parent,0,step-goal,below_goal=true,0,health_milestone,health_milestone,n/a,/map?openRun=walking&targetSteps=<n>
parent,0,step-goal,below_goal=true,1,health_milestone,health_milestone,n/a,/map?openRun=walking&targetSteps=<n>
parent,0,step-goal,below_goal=true,2,health_milestone,health_milestone,n/a,/map?openRun=walking&targetSteps=<n>
parent,0,step-goal,below_goal=true,3,NONE,health_milestone,daily_cap,/map?openRun=walking&targetSteps=<n>
parent,0,step-goal,below_goal=false,0,NONE,health_milestone,no_recipients,/map?openRun=walking&targetSteps=<n>
parent,0,step-goal,below_goal=false,1,NONE,health_milestone,no_recipients,/map?openRun=walking&targetSteps=<n>
parent,0,step-goal,below_goal=false,2,NONE,health_milestone,no_recipients,/map?openRun=walking&targetSteps=<n>
parent,0,step-goal,below_goal=false,3,NONE,health_milestone,no_recipients,/map?openRun=walking&targetSteps=<n>
parent,1,step-goal,below_goal=true,0,health_milestone,health_milestone,n/a,/map?openRun=walking&targetSteps=<n>
parent,1,step-goal,below_goal=true,1,health_milestone,health_milestone,n/a,/map?openRun=walking&targetSteps=<n>
parent,1,step-goal,below_goal=true,2,health_milestone,health_milestone,n/a,/map?openRun=walking&targetSteps=<n>
parent,1,step-goal,below_goal=true,3,NONE,health_milestone,daily_cap,/map?openRun=walking&targetSteps=<n>
parent,1,step-goal,below_goal=false,0,NONE,health_milestone,no_recipients,/map?openRun=walking&targetSteps=<n>
parent,1,step-goal,below_goal=false,1,NONE,health_milestone,no_recipients,/map?openRun=walking&targetSteps=<n>
parent,1,step-goal,below_goal=false,2,NONE,health_milestone,no_recipients,/map?openRun=walking&targetSteps=<n>
parent,1,step-goal,below_goal=false,3,NONE,health_milestone,no_recipients,/map?openRun=walking&targetSteps=<n>
parent,2,step-goal,below_goal=true,0,health_milestone,health_milestone,n/a,/map?openRun=walking&targetSteps=<n>
parent,2,step-goal,below_goal=true,1,health_milestone,health_milestone,n/a,/map?openRun=walking&targetSteps=<n>
parent,2,step-goal,below_goal=true,2,health_milestone,health_milestone,n/a,/map?openRun=walking&targetSteps=<n>
parent,2,step-goal,below_goal=true,3,NONE,health_milestone,daily_cap,/map?openRun=walking&targetSteps=<n>
parent,2,step-goal,below_goal=false,0,NONE,health_milestone,no_recipients,/map?openRun=walking&targetSteps=<n>
parent,2,step-goal,below_goal=false,1,NONE,health_milestone,no_recipients,/map?openRun=walking&targetSteps=<n>
parent,2,step-goal,below_goal=false,2,NONE,health_milestone,no_recipients,/map?openRun=walking&targetSteps=<n>
parent,2,step-goal,below_goal=false,3,NONE,health_milestone,no_recipients,/map?openRun=walking&targetSteps=<n>
parent,3,step-goal,below_goal=true,0,health_milestone,health_milestone,n/a,/map?openRun=walking&targetSteps=<n>
parent,3,step-goal,below_goal=true,1,health_milestone,health_milestone,n/a,/map?openRun=walking&targetSteps=<n>
parent,3,step-goal,below_goal=true,2,health_milestone,health_milestone,n/a,/map?openRun=walking&targetSteps=<n>
parent,3,step-goal,below_goal=true,3,NONE,health_milestone,daily_cap,/map?openRun=walking&targetSteps=<n>
parent,3,step-goal,below_goal=false,0,NONE,health_milestone,no_recipients,/map?openRun=walking&targetSteps=<n>
parent,3,step-goal,below_goal=false,1,NONE,health_milestone,no_recipients,/map?openRun=walking&targetSteps=<n>
parent,3,step-goal,below_goal=false,2,NONE,health_milestone,no_recipients,/map?openRun=walking&targetSteps=<n>
parent,3,step-goal,below_goal=false,3,NONE,health_milestone,no_recipients,/map?openRun=walking&targetSteps=<n>
parent,4,step-goal,below_goal=true,0,health_milestone,health_milestone,n/a,/map?openRun=walking&targetSteps=<n>
parent,4,step-goal,below_goal=true,1,health_milestone,health_milestone,n/a,/map?openRun=walking&targetSteps=<n>
parent,4,step-goal,below_goal=true,2,health_milestone,health_milestone,n/a,/map?openRun=walking&targetSteps=<n>
parent,4,step-goal,below_goal=true,3,NONE,health_milestone,daily_cap,/map?openRun=walking&targetSteps=<n>
parent,4,step-goal,below_goal=false,0,NONE,health_milestone,no_recipients,/map?openRun=walking&targetSteps=<n>
parent,4,step-goal,below_goal=false,1,NONE,health_milestone,no_recipients,/map?openRun=walking&targetSteps=<n>
parent,4,step-goal,below_goal=false,2,NONE,health_milestone,no_recipients,/map?openRun=walking&targetSteps=<n>
parent,4,step-goal,below_goal=false,3,NONE,health_milestone,no_recipients,/map?openRun=walking&targetSteps=<n>
parent,5,step-goal,below_goal=true,0,health_milestone,health_milestone,n/a,/map?openRun=walking&targetSteps=<n>
parent,5,step-goal,below_goal=true,1,health_milestone,health_milestone,n/a,/map?openRun=walking&targetSteps=<n>
parent,5,step-goal,below_goal=true,2,health_milestone,health_milestone,n/a,/map?openRun=walking&targetSteps=<n>
parent,5,step-goal,below_goal=true,3,NONE,health_milestone,daily_cap,/map?openRun=walking&targetSteps=<n>
parent,5,step-goal,below_goal=false,0,NONE,health_milestone,no_recipients,/map?openRun=walking&targetSteps=<n>
parent,5,step-goal,below_goal=false,1,NONE,health_milestone,no_recipients,/map?openRun=walking&targetSteps=<n>
parent,5,step-goal,below_goal=false,2,NONE,health_milestone,no_recipients,/map?openRun=walking&targetSteps=<n>
parent,5,step-goal,below_goal=false,3,NONE,health_milestone,no_recipients,/map?openRun=walking&targetSteps=<n>
parent,6,step-goal,below_goal=true,0,health_milestone,health_milestone,n/a,/map?openRun=walking&targetSteps=<n>
parent,6,step-goal,below_goal=true,1,health_milestone,health_milestone,n/a,/map?openRun=walking&targetSteps=<n>
parent,6,step-goal,below_goal=true,2,health_milestone,health_milestone,n/a,/map?openRun=walking&targetSteps=<n>
parent,6,step-goal,below_goal=true,3,NONE,health_milestone,daily_cap,/map?openRun=walking&targetSteps=<n>
parent,6,step-goal,below_goal=false,0,NONE,health_milestone,no_recipients,/map?openRun=walking&targetSteps=<n>
parent,6,step-goal,below_goal=false,1,NONE,health_milestone,no_recipients,/map?openRun=walking&targetSteps=<n>
parent,6,step-goal,below_goal=false,2,NONE,health_milestone,no_recipients,/map?openRun=walking&targetSteps=<n>
parent,6,step-goal,below_goal=false,3,NONE,health_milestone,no_recipients,/map?openRun=walking&targetSteps=<n>
parent,7,step-goal,below_goal=true,0,health_milestone,health_milestone,n/a,/map?openRun=walking&targetSteps=<n>
parent,7,step-goal,below_goal=true,1,health_milestone,health_milestone,n/a,/map?openRun=walking&targetSteps=<n>
parent,7,step-goal,below_goal=true,2,health_milestone,health_milestone,n/a,/map?openRun=walking&targetSteps=<n>
parent,7,step-goal,below_goal=true,3,NONE,health_milestone,daily_cap,/map?openRun=walking&targetSteps=<n>
parent,7,step-goal,below_goal=false,0,NONE,health_milestone,no_recipients,/map?openRun=walking&targetSteps=<n>
parent,7,step-goal,below_goal=false,1,NONE,health_milestone,no_recipients,/map?openRun=walking&targetSteps=<n>
parent,7,step-goal,below_goal=false,2,NONE,health_milestone,no_recipients,/map?openRun=walking&targetSteps=<n>
parent,7,step-goal,below_goal=false,3,NONE,health_milestone,no_recipients,/map?openRun=walking&targetSteps=<n>
parent,8,step-goal,below_goal=true,0,health_milestone,health_milestone,n/a,/map?openRun=walking&targetSteps=<n>
parent,8,step-goal,below_goal=true,1,health_milestone,health_milestone,n/a,/map?openRun=walking&targetSteps=<n>
parent,8,step-goal,below_goal=true,2,health_milestone,health_milestone,n/a,/map?openRun=walking&targetSteps=<n>
parent,8,step-goal,below_goal=true,3,NONE,health_milestone,daily_cap,/map?openRun=walking&targetSteps=<n>
parent,8,step-goal,below_goal=false,0,NONE,health_milestone,no_recipients,/map?openRun=walking&targetSteps=<n>
parent,8,step-goal,below_goal=false,1,NONE,health_milestone,no_recipients,/map?openRun=walking&targetSteps=<n>
parent,8,step-goal,below_goal=false,2,NONE,health_milestone,no_recipients,/map?openRun=walking&targetSteps=<n>
parent,8,step-goal,below_goal=false,3,NONE,health_milestone,no_recipients,/map?openRun=walking&targetSteps=<n>
parent,9,step-goal,below_goal=true,0,health_milestone,health_milestone,n/a,/map?openRun=walking&targetSteps=<n>
parent,9,step-goal,below_goal=true,1,health_milestone,health_milestone,n/a,/map?openRun=walking&targetSteps=<n>
parent,9,step-goal,below_goal=true,2,health_milestone,health_milestone,n/a,/map?openRun=walking&targetSteps=<n>
parent,9,step-goal,below_goal=true,3,NONE,health_milestone,daily_cap,/map?openRun=walking&targetSteps=<n>
parent,9,step-goal,below_goal=false,0,NONE,health_milestone,no_recipients,/map?openRun=walking&targetSteps=<n>
parent,9,step-goal,below_goal=false,1,NONE,health_milestone,no_recipients,/map?openRun=walking&targetSteps=<n>
parent,9,step-goal,below_goal=false,2,NONE,health_milestone,no_recipients,/map?openRun=walking&targetSteps=<n>
parent,9,step-goal,below_goal=false,3,NONE,health_milestone,no_recipients,/map?openRun=walking&targetSteps=<n>
parent,10,step-goal,below_goal=true,0,health_milestone,health_milestone,n/a,/map?openRun=walking&targetSteps=<n>
parent,10,step-goal,below_goal=true,1,health_milestone,health_milestone,n/a,/map?openRun=walking&targetSteps=<n>
parent,10,step-goal,below_goal=true,2,health_milestone,health_milestone,n/a,/map?openRun=walking&targetSteps=<n>
parent,10,step-goal,below_goal=true,3,NONE,health_milestone,daily_cap,/map?openRun=walking&targetSteps=<n>
parent,10,step-goal,below_goal=false,0,NONE,health_milestone,no_recipients,/map?openRun=walking&targetSteps=<n>
parent,10,step-goal,below_goal=false,1,NONE,health_milestone,no_recipients,/map?openRun=walking&targetSteps=<n>
parent,10,step-goal,below_goal=false,2,NONE,health_milestone,no_recipients,/map?openRun=walking&targetSteps=<n>
parent,10,step-goal,below_goal=false,3,NONE,health_milestone,no_recipients,/map?openRun=walking&targetSteps=<n>
parent,11,step-goal,below_goal=true,0,health_milestone,health_milestone,n/a,/map?openRun=walking&targetSteps=<n>
parent,11,step-goal,below_goal=true,1,health_milestone,health_milestone,n/a,/map?openRun=walking&targetSteps=<n>
parent,11,step-goal,below_goal=true,2,health_milestone,health_milestone,n/a,/map?openRun=walking&targetSteps=<n>
parent,11,step-goal,below_goal=true,3,NONE,health_milestone,daily_cap,/map?openRun=walking&targetSteps=<n>
parent,11,step-goal,below_goal=false,0,NONE,health_milestone,no_recipients,/map?openRun=walking&targetSteps=<n>
parent,11,step-goal,below_goal=false,1,NONE,health_milestone,no_recipients,/map?openRun=walking&targetSteps=<n>
parent,11,step-goal,below_goal=false,2,NONE,health_milestone,no_recipients,/map?openRun=walking&targetSteps=<n>
parent,11,step-goal,below_goal=false,3,NONE,health_milestone,no_recipients,/map?openRun=walking&targetSteps=<n>
parent,12,step-goal,below_goal=true,0,health_milestone,health_milestone,n/a,/map?openRun=walking&targetSteps=<n>
parent,12,step-goal,below_goal=true,1,health_milestone,health_milestone,n/a,/map?openRun=walking&targetSteps=<n>
parent,12,step-goal,below_goal=true,2,health_milestone,health_milestone,n/a,/map?openRun=walking&targetSteps=<n>
parent,12,step-goal,below_goal=true,3,NONE,health_milestone,daily_cap,/map?openRun=walking&targetSteps=<n>
parent,12,step-goal,below_goal=false,0,NONE,health_milestone,no_recipients,/map?openRun=walking&targetSteps=<n>
parent,12,step-goal,below_goal=false,1,NONE,health_milestone,no_recipients,/map?openRun=walking&targetSteps=<n>
parent,12,step-goal,below_goal=false,2,NONE,health_milestone,no_recipients,/map?openRun=walking&targetSteps=<n>
parent,12,step-goal,below_goal=false,3,NONE,health_milestone,no_recipients,/map?openRun=walking&targetSteps=<n>
parent,13,step-goal,below_goal=true,0,health_milestone,health_milestone,n/a,/map?openRun=walking&targetSteps=<n>
parent,13,step-goal,below_goal=true,1,health_milestone,health_milestone,n/a,/map?openRun=walking&targetSteps=<n>
parent,13,step-goal,below_goal=true,2,health_milestone,health_milestone,n/a,/map?openRun=walking&targetSteps=<n>
parent,13,step-goal,below_goal=true,3,NONE,health_milestone,daily_cap,/map?openRun=walking&targetSteps=<n>
parent,13,step-goal,below_goal=false,0,NONE,health_milestone,no_recipients,/map?openRun=walking&targetSteps=<n>
parent,13,step-goal,below_goal=false,1,NONE,health_milestone,no_recipients,/map?openRun=walking&targetSteps=<n>
parent,13,step-goal,below_goal=false,2,NONE,health_milestone,no_recipients,/map?openRun=walking&targetSteps=<n>
parent,13,step-goal,below_goal=false,3,NONE,health_milestone,no_recipients,/map?openRun=walking&targetSteps=<n>
parent,14,step-goal,below_goal=true,0,health_milestone,health_milestone,n/a,/map?openRun=walking&targetSteps=<n>
parent,14,step-goal,below_goal=true,1,health_milestone,health_milestone,n/a,/map?openRun=walking&targetSteps=<n>
parent,14,step-goal,below_goal=true,2,health_milestone,health_milestone,n/a,/map?openRun=walking&targetSteps=<n>
parent,14,step-goal,below_goal=true,3,NONE,health_milestone,daily_cap,/map?openRun=walking&targetSteps=<n>
parent,14,step-goal,below_goal=false,0,NONE,health_milestone,no_recipients,/map?openRun=walking&targetSteps=<n>
parent,14,step-goal,below_goal=false,1,NONE,health_milestone,no_recipients,/map?openRun=walking&targetSteps=<n>
parent,14,step-goal,below_goal=false,2,NONE,health_milestone,no_recipients,/map?openRun=walking&targetSteps=<n>
parent,14,step-goal,below_goal=false,3,NONE,health_milestone,no_recipients,/map?openRun=walking&targetSteps=<n>
parent,15,step-goal,below_goal=true,0,health_milestone,health_milestone,n/a,/map?openRun=walking&targetSteps=<n>
parent,15,step-goal,below_goal=true,1,health_milestone,health_milestone,n/a,/map?openRun=walking&targetSteps=<n>
parent,15,step-goal,below_goal=true,2,health_milestone,health_milestone,n/a,/map?openRun=walking&targetSteps=<n>
parent,15,step-goal,below_goal=true,3,NONE,health_milestone,daily_cap,/map?openRun=walking&targetSteps=<n>
parent,15,step-goal,below_goal=false,0,NONE,health_milestone,no_recipients,/map?openRun=walking&targetSteps=<n>
parent,15,step-goal,below_goal=false,1,NONE,health_milestone,no_recipients,/map?openRun=walking&targetSteps=<n>
parent,15,step-goal,below_goal=false,2,NONE,health_milestone,no_recipients,/map?openRun=walking&targetSteps=<n>
parent,15,step-goal,below_goal=false,3,NONE,health_milestone,no_recipients,/map?openRun=walking&targetSteps=<n>
parent,16,step-goal,below_goal=true,0,health_milestone,health_milestone,n/a,/map?openRun=walking&targetSteps=<n>
parent,16,step-goal,below_goal=true,1,health_milestone,health_milestone,n/a,/map?openRun=walking&targetSteps=<n>
parent,16,step-goal,below_goal=true,2,health_milestone,health_milestone,n/a,/map?openRun=walking&targetSteps=<n>
parent,16,step-goal,below_goal=true,3,NONE,health_milestone,daily_cap,/map?openRun=walking&targetSteps=<n>
parent,16,step-goal,below_goal=false,0,NONE,health_milestone,no_recipients,/map?openRun=walking&targetSteps=<n>
parent,16,step-goal,below_goal=false,1,NONE,health_milestone,no_recipients,/map?openRun=walking&targetSteps=<n>
parent,16,step-goal,below_goal=false,2,NONE,health_milestone,no_recipients,/map?openRun=walking&targetSteps=<n>
parent,16,step-goal,below_goal=false,3,NONE,health_milestone,no_recipients,/map?openRun=walking&targetSteps=<n>
parent,17,step-goal,below_goal=true,0,health_milestone,health_milestone,n/a,/map?openRun=walking&targetSteps=<n>
parent,17,step-goal,below_goal=true,1,health_milestone,health_milestone,n/a,/map?openRun=walking&targetSteps=<n>
parent,17,step-goal,below_goal=true,2,health_milestone,health_milestone,n/a,/map?openRun=walking&targetSteps=<n>
parent,17,step-goal,below_goal=true,3,NONE,health_milestone,daily_cap,/map?openRun=walking&targetSteps=<n>
parent,17,step-goal,below_goal=false,0,NONE,health_milestone,no_recipients,/map?openRun=walking&targetSteps=<n>
parent,17,step-goal,below_goal=false,1,NONE,health_milestone,no_recipients,/map?openRun=walking&targetSteps=<n>
parent,17,step-goal,below_goal=false,2,NONE,health_milestone,no_recipients,/map?openRun=walking&targetSteps=<n>
parent,17,step-goal,below_goal=false,3,NONE,health_milestone,no_recipients,/map?openRun=walking&targetSteps=<n>
parent,18,step-goal,below_goal=true,0,health_milestone,health_milestone,n/a,/map?openRun=walking&targetSteps=<n>
parent,18,step-goal,below_goal=true,1,health_milestone,health_milestone,n/a,/map?openRun=walking&targetSteps=<n>
parent,18,step-goal,below_goal=true,2,health_milestone,health_milestone,n/a,/map?openRun=walking&targetSteps=<n>
parent,18,step-goal,below_goal=true,3,NONE,health_milestone,daily_cap,/map?openRun=walking&targetSteps=<n>
parent,18,step-goal,below_goal=false,0,NONE,health_milestone,no_recipients,/map?openRun=walking&targetSteps=<n>
parent,18,step-goal,below_goal=false,1,NONE,health_milestone,no_recipients,/map?openRun=walking&targetSteps=<n>
parent,18,step-goal,below_goal=false,2,NONE,health_milestone,no_recipients,/map?openRun=walking&targetSteps=<n>
parent,18,step-goal,below_goal=false,3,NONE,health_milestone,no_recipients,/map?openRun=walking&targetSteps=<n>
parent,19,step-goal,below_goal=true,0,health_milestone,health_milestone,n/a,/map?openRun=walking&targetSteps=<n>
parent,19,step-goal,below_goal=true,1,health_milestone,health_milestone,n/a,/map?openRun=walking&targetSteps=<n>
parent,19,step-goal,below_goal=true,2,health_milestone,health_milestone,n/a,/map?openRun=walking&targetSteps=<n>
parent,19,step-goal,below_goal=true,3,NONE,health_milestone,daily_cap,/map?openRun=walking&targetSteps=<n>
parent,19,step-goal,below_goal=false,0,NONE,health_milestone,no_recipients,/map?openRun=walking&targetSteps=<n>
parent,19,step-goal,below_goal=false,1,NONE,health_milestone,no_recipients,/map?openRun=walking&targetSteps=<n>
parent,19,step-goal,below_goal=false,2,NONE,health_milestone,no_recipients,/map?openRun=walking&targetSteps=<n>
parent,19,step-goal,below_goal=false,3,NONE,health_milestone,no_recipients,/map?openRun=walking&targetSteps=<n>
parent,20,step-goal,below_goal=true,0,health_milestone,health_milestone,n/a,/map?openRun=walking&targetSteps=<n>
parent,20,step-goal,below_goal=true,1,health_milestone,health_milestone,n/a,/map?openRun=walking&targetSteps=<n>
parent,20,step-goal,below_goal=true,2,health_milestone,health_milestone,n/a,/map?openRun=walking&targetSteps=<n>
parent,20,step-goal,below_goal=true,3,NONE,health_milestone,daily_cap,/map?openRun=walking&targetSteps=<n>
parent,20,step-goal,below_goal=false,0,NONE,health_milestone,no_recipients,/map?openRun=walking&targetSteps=<n>
parent,20,step-goal,below_goal=false,1,NONE,health_milestone,no_recipients,/map?openRun=walking&targetSteps=<n>
parent,20,step-goal,below_goal=false,2,NONE,health_milestone,no_recipients,/map?openRun=walking&targetSteps=<n>
parent,20,step-goal,below_goal=false,3,NONE,health_milestone,no_recipients,/map?openRun=walking&targetSteps=<n>
parent,21,step-goal,below_goal=true,0,health_milestone,health_milestone,n/a,/map?openRun=walking&targetSteps=<n>
parent,21,step-goal,below_goal=true,1,health_milestone,health_milestone,n/a,/map?openRun=walking&targetSteps=<n>
parent,21,step-goal,below_goal=true,2,health_milestone,health_milestone,n/a,/map?openRun=walking&targetSteps=<n>
parent,21,step-goal,below_goal=true,3,NONE,health_milestone,daily_cap,/map?openRun=walking&targetSteps=<n>
parent,21,step-goal,below_goal=false,0,NONE,health_milestone,no_recipients,/map?openRun=walking&targetSteps=<n>
parent,21,step-goal,below_goal=false,1,NONE,health_milestone,no_recipients,/map?openRun=walking&targetSteps=<n>
parent,21,step-goal,below_goal=false,2,NONE,health_milestone,no_recipients,/map?openRun=walking&targetSteps=<n>
parent,21,step-goal,below_goal=false,3,NONE,health_milestone,no_recipients,/map?openRun=walking&targetSteps=<n>
parent,22,step-goal,below_goal=true,0,health_milestone,health_milestone,n/a,/map?openRun=walking&targetSteps=<n>
parent,22,step-goal,below_goal=true,1,health_milestone,health_milestone,n/a,/map?openRun=walking&targetSteps=<n>
parent,22,step-goal,below_goal=true,2,health_milestone,health_milestone,n/a,/map?openRun=walking&targetSteps=<n>
parent,22,step-goal,below_goal=true,3,NONE,health_milestone,daily_cap,/map?openRun=walking&targetSteps=<n>
parent,22,step-goal,below_goal=false,0,NONE,health_milestone,no_recipients,/map?openRun=walking&targetSteps=<n>
parent,22,step-goal,below_goal=false,1,NONE,health_milestone,no_recipients,/map?openRun=walking&targetSteps=<n>
parent,22,step-goal,below_goal=false,2,NONE,health_milestone,no_recipients,/map?openRun=walking&targetSteps=<n>
parent,22,step-goal,below_goal=false,3,NONE,health_milestone,no_recipients,/map?openRun=walking&targetSteps=<n>
parent,23,step-goal,below_goal=true,0,health_milestone,health_milestone,n/a,/map?openRun=walking&targetSteps=<n>
parent,23,step-goal,below_goal=true,1,health_milestone,health_milestone,n/a,/map?openRun=walking&targetSteps=<n>
parent,23,step-goal,below_goal=true,2,health_milestone,health_milestone,n/a,/map?openRun=walking&targetSteps=<n>
parent,23,step-goal,below_goal=true,3,NONE,health_milestone,daily_cap,/map?openRun=walking&targetSteps=<n>
parent,23,step-goal,below_goal=false,0,NONE,health_milestone,no_recipients,/map?openRun=walking&targetSteps=<n>
parent,23,step-goal,below_goal=false,1,NONE,health_milestone,no_recipients,/map?openRun=walking&targetSteps=<n>
parent,23,step-goal,below_goal=false,2,NONE,health_milestone,no_recipients,/map?openRun=walking&targetSteps=<n>
parent,23,step-goal,below_goal=false,3,NONE,health_milestone,no_recipients,/map?openRun=walking&targetSteps=<n>
parent,0,onboarding-dropoff,onboarding_state=stale_incomplete,0,onboarding_dropoff,onboarding_dropoff,n/a,/onboarding-new/selection
parent,0,onboarding-dropoff,onboarding_state=stale_incomplete,1,onboarding_dropoff,onboarding_dropoff,n/a,/onboarding-new/selection
parent,0,onboarding-dropoff,onboarding_state=stale_incomplete,2,onboarding_dropoff,onboarding_dropoff,n/a,/onboarding-new/selection
parent,0,onboarding-dropoff,onboarding_state=stale_incomplete,3,NONE,onboarding_dropoff,daily_cap,/onboarding-new/selection
parent,0,onboarding-dropoff,onboarding_state=fresh_incomplete,0,NONE,onboarding_dropoff,no_recipients,/onboarding-new/selection
parent,0,onboarding-dropoff,onboarding_state=fresh_incomplete,1,NONE,onboarding_dropoff,no_recipients,/onboarding-new/selection
parent,0,onboarding-dropoff,onboarding_state=fresh_incomplete,2,NONE,onboarding_dropoff,no_recipients,/onboarding-new/selection
parent,0,onboarding-dropoff,onboarding_state=fresh_incomplete,3,NONE,onboarding_dropoff,no_recipients,/onboarding-new/selection
parent,0,onboarding-dropoff,onboarding_state=completed,0,NONE,onboarding_dropoff,no_recipients,/onboarding-new/selection
parent,0,onboarding-dropoff,onboarding_state=completed,1,NONE,onboarding_dropoff,no_recipients,/onboarding-new/selection
parent,0,onboarding-dropoff,onboarding_state=completed,2,NONE,onboarding_dropoff,no_recipients,/onboarding-new/selection
parent,0,onboarding-dropoff,onboarding_state=completed,3,NONE,onboarding_dropoff,no_recipients,/onboarding-new/selection
parent,1,onboarding-dropoff,onboarding_state=stale_incomplete,0,onboarding_dropoff,onboarding_dropoff,n/a,/onboarding-new/selection
parent,1,onboarding-dropoff,onboarding_state=stale_incomplete,1,onboarding_dropoff,onboarding_dropoff,n/a,/onboarding-new/selection
parent,1,onboarding-dropoff,onboarding_state=stale_incomplete,2,onboarding_dropoff,onboarding_dropoff,n/a,/onboarding-new/selection
parent,1,onboarding-dropoff,onboarding_state=stale_incomplete,3,NONE,onboarding_dropoff,daily_cap,/onboarding-new/selection
parent,1,onboarding-dropoff,onboarding_state=fresh_incomplete,0,NONE,onboarding_dropoff,no_recipients,/onboarding-new/selection
parent,1,onboarding-dropoff,onboarding_state=fresh_incomplete,1,NONE,onboarding_dropoff,no_recipients,/onboarding-new/selection
parent,1,onboarding-dropoff,onboarding_state=fresh_incomplete,2,NONE,onboarding_dropoff,no_recipients,/onboarding-new/selection
parent,1,onboarding-dropoff,onboarding_state=fresh_incomplete,3,NONE,onboarding_dropoff,no_recipients,/onboarding-new/selection
parent,1,onboarding-dropoff,onboarding_state=completed,0,NONE,onboarding_dropoff,no_recipients,/onboarding-new/selection
parent,1,onboarding-dropoff,onboarding_state=completed,1,NONE,onboarding_dropoff,no_recipients,/onboarding-new/selection
parent,1,onboarding-dropoff,onboarding_state=completed,2,NONE,onboarding_dropoff,no_recipients,/onboarding-new/selection
parent,1,onboarding-dropoff,onboarding_state=completed,3,NONE,onboarding_dropoff,no_recipients,/onboarding-new/selection
parent,2,onboarding-dropoff,onboarding_state=stale_incomplete,0,onboarding_dropoff,onboarding_dropoff,n/a,/onboarding-new/selection
parent,2,onboarding-dropoff,onboarding_state=stale_incomplete,1,onboarding_dropoff,onboarding_dropoff,n/a,/onboarding-new/selection
parent,2,onboarding-dropoff,onboarding_state=stale_incomplete,2,onboarding_dropoff,onboarding_dropoff,n/a,/onboarding-new/selection
parent,2,onboarding-dropoff,onboarding_state=stale_incomplete,3,NONE,onboarding_dropoff,daily_cap,/onboarding-new/selection
parent,2,onboarding-dropoff,onboarding_state=fresh_incomplete,0,NONE,onboarding_dropoff,no_recipients,/onboarding-new/selection
parent,2,onboarding-dropoff,onboarding_state=fresh_incomplete,1,NONE,onboarding_dropoff,no_recipients,/onboarding-new/selection
parent,2,onboarding-dropoff,onboarding_state=fresh_incomplete,2,NONE,onboarding_dropoff,no_recipients,/onboarding-new/selection
parent,2,onboarding-dropoff,onboarding_state=fresh_incomplete,3,NONE,onboarding_dropoff,no_recipients,/onboarding-new/selection
parent,2,onboarding-dropoff,onboarding_state=completed,0,NONE,onboarding_dropoff,no_recipients,/onboarding-new/selection
parent,2,onboarding-dropoff,onboarding_state=completed,1,NONE,onboarding_dropoff,no_recipients,/onboarding-new/selection
parent,2,onboarding-dropoff,onboarding_state=completed,2,NONE,onboarding_dropoff,no_recipients,/onboarding-new/selection
parent,2,onboarding-dropoff,onboarding_state=completed,3,NONE,onboarding_dropoff,no_recipients,/onboarding-new/selection
parent,3,onboarding-dropoff,onboarding_state=stale_incomplete,0,onboarding_dropoff,onboarding_dropoff,n/a,/onboarding-new/selection
parent,3,onboarding-dropoff,onboarding_state=stale_incomplete,1,onboarding_dropoff,onboarding_dropoff,n/a,/onboarding-new/selection
parent,3,onboarding-dropoff,onboarding_state=stale_incomplete,2,onboarding_dropoff,onboarding_dropoff,n/a,/onboarding-new/selection
parent,3,onboarding-dropoff,onboarding_state=stale_incomplete,3,NONE,onboarding_dropoff,daily_cap,/onboarding-new/selection
parent,3,onboarding-dropoff,onboarding_state=fresh_incomplete,0,NONE,onboarding_dropoff,no_recipients,/onboarding-new/selection
parent,3,onboarding-dropoff,onboarding_state=fresh_incomplete,1,NONE,onboarding_dropoff,no_recipients,/onboarding-new/selection
parent,3,onboarding-dropoff,onboarding_state=fresh_incomplete,2,NONE,onboarding_dropoff,no_recipients,/onboarding-new/selection
parent,3,onboarding-dropoff,onboarding_state=fresh_incomplete,3,NONE,onboarding_dropoff,no_recipients,/onboarding-new/selection
parent,3,onboarding-dropoff,onboarding_state=completed,0,NONE,onboarding_dropoff,no_recipients,/onboarding-new/selection
parent,3,onboarding-dropoff,onboarding_state=completed,1,NONE,onboarding_dropoff,no_recipients,/onboarding-new/selection
parent,3,onboarding-dropoff,onboarding_state=completed,2,NONE,onboarding_dropoff,no_recipients,/onboarding-new/selection
parent,3,onboarding-dropoff,onboarding_state=completed,3,NONE,onboarding_dropoff,no_recipients,/onboarding-new/selection
parent,4,onboarding-dropoff,onboarding_state=stale_incomplete,0,onboarding_dropoff,onboarding_dropoff,n/a,/onboarding-new/selection
parent,4,onboarding-dropoff,onboarding_state=stale_incomplete,1,onboarding_dropoff,onboarding_dropoff,n/a,/onboarding-new/selection
parent,4,onboarding-dropoff,onboarding_state=stale_incomplete,2,onboarding_dropoff,onboarding_dropoff,n/a,/onboarding-new/selection
parent,4,onboarding-dropoff,onboarding_state=stale_incomplete,3,NONE,onboarding_dropoff,daily_cap,/onboarding-new/selection
parent,4,onboarding-dropoff,onboarding_state=fresh_incomplete,0,NONE,onboarding_dropoff,no_recipients,/onboarding-new/selection
parent,4,onboarding-dropoff,onboarding_state=fresh_incomplete,1,NONE,onboarding_dropoff,no_recipients,/onboarding-new/selection
parent,4,onboarding-dropoff,onboarding_state=fresh_incomplete,2,NONE,onboarding_dropoff,no_recipients,/onboarding-new/selection
parent,4,onboarding-dropoff,onboarding_state=fresh_incomplete,3,NONE,onboarding_dropoff,no_recipients,/onboarding-new/selection
parent,4,onboarding-dropoff,onboarding_state=completed,0,NONE,onboarding_dropoff,no_recipients,/onboarding-new/selection
parent,4,onboarding-dropoff,onboarding_state=completed,1,NONE,onboarding_dropoff,no_recipients,/onboarding-new/selection
parent,4,onboarding-dropoff,onboarding_state=completed,2,NONE,onboarding_dropoff,no_recipients,/onboarding-new/selection
parent,4,onboarding-dropoff,onboarding_state=completed,3,NONE,onboarding_dropoff,no_recipients,/onboarding-new/selection
parent,5,onboarding-dropoff,onboarding_state=stale_incomplete,0,onboarding_dropoff,onboarding_dropoff,n/a,/onboarding-new/selection
parent,5,onboarding-dropoff,onboarding_state=stale_incomplete,1,onboarding_dropoff,onboarding_dropoff,n/a,/onboarding-new/selection
parent,5,onboarding-dropoff,onboarding_state=stale_incomplete,2,onboarding_dropoff,onboarding_dropoff,n/a,/onboarding-new/selection
parent,5,onboarding-dropoff,onboarding_state=stale_incomplete,3,NONE,onboarding_dropoff,daily_cap,/onboarding-new/selection
parent,5,onboarding-dropoff,onboarding_state=fresh_incomplete,0,NONE,onboarding_dropoff,no_recipients,/onboarding-new/selection
parent,5,onboarding-dropoff,onboarding_state=fresh_incomplete,1,NONE,onboarding_dropoff,no_recipients,/onboarding-new/selection
parent,5,onboarding-dropoff,onboarding_state=fresh_incomplete,2,NONE,onboarding_dropoff,no_recipients,/onboarding-new/selection
parent,5,onboarding-dropoff,onboarding_state=fresh_incomplete,3,NONE,onboarding_dropoff,no_recipients,/onboarding-new/selection
parent,5,onboarding-dropoff,onboarding_state=completed,0,NONE,onboarding_dropoff,no_recipients,/onboarding-new/selection
parent,5,onboarding-dropoff,onboarding_state=completed,1,NONE,onboarding_dropoff,no_recipients,/onboarding-new/selection
parent,5,onboarding-dropoff,onboarding_state=completed,2,NONE,onboarding_dropoff,no_recipients,/onboarding-new/selection
parent,5,onboarding-dropoff,onboarding_state=completed,3,NONE,onboarding_dropoff,no_recipients,/onboarding-new/selection
parent,6,onboarding-dropoff,onboarding_state=stale_incomplete,0,onboarding_dropoff,onboarding_dropoff,n/a,/onboarding-new/selection
parent,6,onboarding-dropoff,onboarding_state=stale_incomplete,1,onboarding_dropoff,onboarding_dropoff,n/a,/onboarding-new/selection
parent,6,onboarding-dropoff,onboarding_state=stale_incomplete,2,onboarding_dropoff,onboarding_dropoff,n/a,/onboarding-new/selection
parent,6,onboarding-dropoff,onboarding_state=stale_incomplete,3,NONE,onboarding_dropoff,daily_cap,/onboarding-new/selection
parent,6,onboarding-dropoff,onboarding_state=fresh_incomplete,0,NONE,onboarding_dropoff,no_recipients,/onboarding-new/selection
parent,6,onboarding-dropoff,onboarding_state=fresh_incomplete,1,NONE,onboarding_dropoff,no_recipients,/onboarding-new/selection
parent,6,onboarding-dropoff,onboarding_state=fresh_incomplete,2,NONE,onboarding_dropoff,no_recipients,/onboarding-new/selection
parent,6,onboarding-dropoff,onboarding_state=fresh_incomplete,3,NONE,onboarding_dropoff,no_recipients,/onboarding-new/selection
parent,6,onboarding-dropoff,onboarding_state=completed,0,NONE,onboarding_dropoff,no_recipients,/onboarding-new/selection
parent,6,onboarding-dropoff,onboarding_state=completed,1,NONE,onboarding_dropoff,no_recipients,/onboarding-new/selection
parent,6,onboarding-dropoff,onboarding_state=completed,2,NONE,onboarding_dropoff,no_recipients,/onboarding-new/selection
parent,6,onboarding-dropoff,onboarding_state=completed,3,NONE,onboarding_dropoff,no_recipients,/onboarding-new/selection
parent,7,onboarding-dropoff,onboarding_state=stale_incomplete,0,onboarding_dropoff,onboarding_dropoff,n/a,/onboarding-new/selection
parent,7,onboarding-dropoff,onboarding_state=stale_incomplete,1,onboarding_dropoff,onboarding_dropoff,n/a,/onboarding-new/selection
parent,7,onboarding-dropoff,onboarding_state=stale_incomplete,2,onboarding_dropoff,onboarding_dropoff,n/a,/onboarding-new/selection
parent,7,onboarding-dropoff,onboarding_state=stale_incomplete,3,NONE,onboarding_dropoff,daily_cap,/onboarding-new/selection
parent,7,onboarding-dropoff,onboarding_state=fresh_incomplete,0,NONE,onboarding_dropoff,no_recipients,/onboarding-new/selection
parent,7,onboarding-dropoff,onboarding_state=fresh_incomplete,1,NONE,onboarding_dropoff,no_recipients,/onboarding-new/selection
parent,7,onboarding-dropoff,onboarding_state=fresh_incomplete,2,NONE,onboarding_dropoff,no_recipients,/onboarding-new/selection
parent,7,onboarding-dropoff,onboarding_state=fresh_incomplete,3,NONE,onboarding_dropoff,no_recipients,/onboarding-new/selection
parent,7,onboarding-dropoff,onboarding_state=completed,0,NONE,onboarding_dropoff,no_recipients,/onboarding-new/selection
parent,7,onboarding-dropoff,onboarding_state=completed,1,NONE,onboarding_dropoff,no_recipients,/onboarding-new/selection
parent,7,onboarding-dropoff,onboarding_state=completed,2,NONE,onboarding_dropoff,no_recipients,/onboarding-new/selection
parent,7,onboarding-dropoff,onboarding_state=completed,3,NONE,onboarding_dropoff,no_recipients,/onboarding-new/selection
parent,8,onboarding-dropoff,onboarding_state=stale_incomplete,0,onboarding_dropoff,onboarding_dropoff,n/a,/onboarding-new/selection
parent,8,onboarding-dropoff,onboarding_state=stale_incomplete,1,onboarding_dropoff,onboarding_dropoff,n/a,/onboarding-new/selection
parent,8,onboarding-dropoff,onboarding_state=stale_incomplete,2,onboarding_dropoff,onboarding_dropoff,n/a,/onboarding-new/selection
parent,8,onboarding-dropoff,onboarding_state=stale_incomplete,3,NONE,onboarding_dropoff,daily_cap,/onboarding-new/selection
parent,8,onboarding-dropoff,onboarding_state=fresh_incomplete,0,NONE,onboarding_dropoff,no_recipients,/onboarding-new/selection
parent,8,onboarding-dropoff,onboarding_state=fresh_incomplete,1,NONE,onboarding_dropoff,no_recipients,/onboarding-new/selection
parent,8,onboarding-dropoff,onboarding_state=fresh_incomplete,2,NONE,onboarding_dropoff,no_recipients,/onboarding-new/selection
parent,8,onboarding-dropoff,onboarding_state=fresh_incomplete,3,NONE,onboarding_dropoff,no_recipients,/onboarding-new/selection
parent,8,onboarding-dropoff,onboarding_state=completed,0,NONE,onboarding_dropoff,no_recipients,/onboarding-new/selection
parent,8,onboarding-dropoff,onboarding_state=completed,1,NONE,onboarding_dropoff,no_recipients,/onboarding-new/selection
parent,8,onboarding-dropoff,onboarding_state=completed,2,NONE,onboarding_dropoff,no_recipients,/onboarding-new/selection
parent,8,onboarding-dropoff,onboarding_state=completed,3,NONE,onboarding_dropoff,no_recipients,/onboarding-new/selection
parent,9,onboarding-dropoff,onboarding_state=stale_incomplete,0,onboarding_dropoff,onboarding_dropoff,n/a,/onboarding-new/selection
parent,9,onboarding-dropoff,onboarding_state=stale_incomplete,1,onboarding_dropoff,onboarding_dropoff,n/a,/onboarding-new/selection
parent,9,onboarding-dropoff,onboarding_state=stale_incomplete,2,onboarding_dropoff,onboarding_dropoff,n/a,/onboarding-new/selection
parent,9,onboarding-dropoff,onboarding_state=stale_incomplete,3,NONE,onboarding_dropoff,daily_cap,/onboarding-new/selection
parent,9,onboarding-dropoff,onboarding_state=fresh_incomplete,0,NONE,onboarding_dropoff,no_recipients,/onboarding-new/selection
parent,9,onboarding-dropoff,onboarding_state=fresh_incomplete,1,NONE,onboarding_dropoff,no_recipients,/onboarding-new/selection
parent,9,onboarding-dropoff,onboarding_state=fresh_incomplete,2,NONE,onboarding_dropoff,no_recipients,/onboarding-new/selection
parent,9,onboarding-dropoff,onboarding_state=fresh_incomplete,3,NONE,onboarding_dropoff,no_recipients,/onboarding-new/selection
parent,9,onboarding-dropoff,onboarding_state=completed,0,NONE,onboarding_dropoff,no_recipients,/onboarding-new/selection
parent,9,onboarding-dropoff,onboarding_state=completed,1,NONE,onboarding_dropoff,no_recipients,/onboarding-new/selection
parent,9,onboarding-dropoff,onboarding_state=completed,2,NONE,onboarding_dropoff,no_recipients,/onboarding-new/selection
parent,9,onboarding-dropoff,onboarding_state=completed,3,NONE,onboarding_dropoff,no_recipients,/onboarding-new/selection
parent,10,onboarding-dropoff,onboarding_state=stale_incomplete,0,onboarding_dropoff,onboarding_dropoff,n/a,/onboarding-new/selection
parent,10,onboarding-dropoff,onboarding_state=stale_incomplete,1,onboarding_dropoff,onboarding_dropoff,n/a,/onboarding-new/selection
parent,10,onboarding-dropoff,onboarding_state=stale_incomplete,2,onboarding_dropoff,onboarding_dropoff,n/a,/onboarding-new/selection
parent,10,onboarding-dropoff,onboarding_state=stale_incomplete,3,NONE,onboarding_dropoff,daily_cap,/onboarding-new/selection
parent,10,onboarding-dropoff,onboarding_state=fresh_incomplete,0,NONE,onboarding_dropoff,no_recipients,/onboarding-new/selection
parent,10,onboarding-dropoff,onboarding_state=fresh_incomplete,1,NONE,onboarding_dropoff,no_recipients,/onboarding-new/selection
parent,10,onboarding-dropoff,onboarding_state=fresh_incomplete,2,NONE,onboarding_dropoff,no_recipients,/onboarding-new/selection
parent,10,onboarding-dropoff,onboarding_state=fresh_incomplete,3,NONE,onboarding_dropoff,no_recipients,/onboarding-new/selection
parent,10,onboarding-dropoff,onboarding_state=completed,0,NONE,onboarding_dropoff,no_recipients,/onboarding-new/selection
parent,10,onboarding-dropoff,onboarding_state=completed,1,NONE,onboarding_dropoff,no_recipients,/onboarding-new/selection
parent,10,onboarding-dropoff,onboarding_state=completed,2,NONE,onboarding_dropoff,no_recipients,/onboarding-new/selection
parent,10,onboarding-dropoff,onboarding_state=completed,3,NONE,onboarding_dropoff,no_recipients,/onboarding-new/selection
parent,11,onboarding-dropoff,onboarding_state=stale_incomplete,0,onboarding_dropoff,onboarding_dropoff,n/a,/onboarding-new/selection
parent,11,onboarding-dropoff,onboarding_state=stale_incomplete,1,onboarding_dropoff,onboarding_dropoff,n/a,/onboarding-new/selection
parent,11,onboarding-dropoff,onboarding_state=stale_incomplete,2,onboarding_dropoff,onboarding_dropoff,n/a,/onboarding-new/selection
parent,11,onboarding-dropoff,onboarding_state=stale_incomplete,3,NONE,onboarding_dropoff,daily_cap,/onboarding-new/selection
parent,11,onboarding-dropoff,onboarding_state=fresh_incomplete,0,NONE,onboarding_dropoff,no_recipients,/onboarding-new/selection
parent,11,onboarding-dropoff,onboarding_state=fresh_incomplete,1,NONE,onboarding_dropoff,no_recipients,/onboarding-new/selection
parent,11,onboarding-dropoff,onboarding_state=fresh_incomplete,2,NONE,onboarding_dropoff,no_recipients,/onboarding-new/selection
parent,11,onboarding-dropoff,onboarding_state=fresh_incomplete,3,NONE,onboarding_dropoff,no_recipients,/onboarding-new/selection
parent,11,onboarding-dropoff,onboarding_state=completed,0,NONE,onboarding_dropoff,no_recipients,/onboarding-new/selection
parent,11,onboarding-dropoff,onboarding_state=completed,1,NONE,onboarding_dropoff,no_recipients,/onboarding-new/selection
parent,11,onboarding-dropoff,onboarding_state=completed,2,NONE,onboarding_dropoff,no_recipients,/onboarding-new/selection
parent,11,onboarding-dropoff,onboarding_state=completed,3,NONE,onboarding_dropoff,no_recipients,/onboarding-new/selection
parent,12,onboarding-dropoff,onboarding_state=stale_incomplete,0,onboarding_dropoff,onboarding_dropoff,n/a,/onboarding-new/selection
parent,12,onboarding-dropoff,onboarding_state=stale_incomplete,1,onboarding_dropoff,onboarding_dropoff,n/a,/onboarding-new/selection
parent,12,onboarding-dropoff,onboarding_state=stale_incomplete,2,onboarding_dropoff,onboarding_dropoff,n/a,/onboarding-new/selection
parent,12,onboarding-dropoff,onboarding_state=stale_incomplete,3,NONE,onboarding_dropoff,daily_cap,/onboarding-new/selection
parent,12,onboarding-dropoff,onboarding_state=fresh_incomplete,0,NONE,onboarding_dropoff,no_recipients,/onboarding-new/selection
parent,12,onboarding-dropoff,onboarding_state=fresh_incomplete,1,NONE,onboarding_dropoff,no_recipients,/onboarding-new/selection
parent,12,onboarding-dropoff,onboarding_state=fresh_incomplete,2,NONE,onboarding_dropoff,no_recipients,/onboarding-new/selection
parent,12,onboarding-dropoff,onboarding_state=fresh_incomplete,3,NONE,onboarding_dropoff,no_recipients,/onboarding-new/selection
parent,12,onboarding-dropoff,onboarding_state=completed,0,NONE,onboarding_dropoff,no_recipients,/onboarding-new/selection
parent,12,onboarding-dropoff,onboarding_state=completed,1,NONE,onboarding_dropoff,no_recipients,/onboarding-new/selection
parent,12,onboarding-dropoff,onboarding_state=completed,2,NONE,onboarding_dropoff,no_recipients,/onboarding-new/selection
parent,12,onboarding-dropoff,onboarding_state=completed,3,NONE,onboarding_dropoff,no_recipients,/onboarding-new/selection
parent,13,onboarding-dropoff,onboarding_state=stale_incomplete,0,onboarding_dropoff,onboarding_dropoff,n/a,/onboarding-new/selection
parent,13,onboarding-dropoff,onboarding_state=stale_incomplete,1,onboarding_dropoff,onboarding_dropoff,n/a,/onboarding-new/selection
parent,13,onboarding-dropoff,onboarding_state=stale_incomplete,2,onboarding_dropoff,onboarding_dropoff,n/a,/onboarding-new/selection
parent,13,onboarding-dropoff,onboarding_state=stale_incomplete,3,NONE,onboarding_dropoff,daily_cap,/onboarding-new/selection
parent,13,onboarding-dropoff,onboarding_state=fresh_incomplete,0,NONE,onboarding_dropoff,no_recipients,/onboarding-new/selection
parent,13,onboarding-dropoff,onboarding_state=fresh_incomplete,1,NONE,onboarding_dropoff,no_recipients,/onboarding-new/selection
parent,13,onboarding-dropoff,onboarding_state=fresh_incomplete,2,NONE,onboarding_dropoff,no_recipients,/onboarding-new/selection
parent,13,onboarding-dropoff,onboarding_state=fresh_incomplete,3,NONE,onboarding_dropoff,no_recipients,/onboarding-new/selection
parent,13,onboarding-dropoff,onboarding_state=completed,0,NONE,onboarding_dropoff,no_recipients,/onboarding-new/selection
parent,13,onboarding-dropoff,onboarding_state=completed,1,NONE,onboarding_dropoff,no_recipients,/onboarding-new/selection
parent,13,onboarding-dropoff,onboarding_state=completed,2,NONE,onboarding_dropoff,no_recipients,/onboarding-new/selection
parent,13,onboarding-dropoff,onboarding_state=completed,3,NONE,onboarding_dropoff,no_recipients,/onboarding-new/selection
parent,14,onboarding-dropoff,onboarding_state=stale_incomplete,0,onboarding_dropoff,onboarding_dropoff,n/a,/onboarding-new/selection
parent,14,onboarding-dropoff,onboarding_state=stale_incomplete,1,onboarding_dropoff,onboarding_dropoff,n/a,/onboarding-new/selection
parent,14,onboarding-dropoff,onboarding_state=stale_incomplete,2,onboarding_dropoff,onboarding_dropoff,n/a,/onboarding-new/selection
parent,14,onboarding-dropoff,onboarding_state=stale_incomplete,3,NONE,onboarding_dropoff,daily_cap,/onboarding-new/selection
parent,14,onboarding-dropoff,onboarding_state=fresh_incomplete,0,NONE,onboarding_dropoff,no_recipients,/onboarding-new/selection
parent,14,onboarding-dropoff,onboarding_state=fresh_incomplete,1,NONE,onboarding_dropoff,no_recipients,/onboarding-new/selection
parent,14,onboarding-dropoff,onboarding_state=fresh_incomplete,2,NONE,onboarding_dropoff,no_recipients,/onboarding-new/selection
parent,14,onboarding-dropoff,onboarding_state=fresh_incomplete,3,NONE,onboarding_dropoff,no_recipients,/onboarding-new/selection
parent,14,onboarding-dropoff,onboarding_state=completed,0,NONE,onboarding_dropoff,no_recipients,/onboarding-new/selection
parent,14,onboarding-dropoff,onboarding_state=completed,1,NONE,onboarding_dropoff,no_recipients,/onboarding-new/selection
parent,14,onboarding-dropoff,onboarding_state=completed,2,NONE,onboarding_dropoff,no_recipients,/onboarding-new/selection
parent,14,onboarding-dropoff,onboarding_state=completed,3,NONE,onboarding_dropoff,no_recipients,/onboarding-new/selection
parent,15,onboarding-dropoff,onboarding_state=stale_incomplete,0,onboarding_dropoff,onboarding_dropoff,n/a,/onboarding-new/selection
parent,15,onboarding-dropoff,onboarding_state=stale_incomplete,1,onboarding_dropoff,onboarding_dropoff,n/a,/onboarding-new/selection
parent,15,onboarding-dropoff,onboarding_state=stale_incomplete,2,onboarding_dropoff,onboarding_dropoff,n/a,/onboarding-new/selection
parent,15,onboarding-dropoff,onboarding_state=stale_incomplete,3,NONE,onboarding_dropoff,daily_cap,/onboarding-new/selection
parent,15,onboarding-dropoff,onboarding_state=fresh_incomplete,0,NONE,onboarding_dropoff,no_recipients,/onboarding-new/selection
parent,15,onboarding-dropoff,onboarding_state=fresh_incomplete,1,NONE,onboarding_dropoff,no_recipients,/onboarding-new/selection
parent,15,onboarding-dropoff,onboarding_state=fresh_incomplete,2,NONE,onboarding_dropoff,no_recipients,/onboarding-new/selection
parent,15,onboarding-dropoff,onboarding_state=fresh_incomplete,3,NONE,onboarding_dropoff,no_recipients,/onboarding-new/selection
parent,15,onboarding-dropoff,onboarding_state=completed,0,NONE,onboarding_dropoff,no_recipients,/onboarding-new/selection
parent,15,onboarding-dropoff,onboarding_state=completed,1,NONE,onboarding_dropoff,no_recipients,/onboarding-new/selection
parent,15,onboarding-dropoff,onboarding_state=completed,2,NONE,onboarding_dropoff,no_recipients,/onboarding-new/selection
parent,15,onboarding-dropoff,onboarding_state=completed,3,NONE,onboarding_dropoff,no_recipients,/onboarding-new/selection
parent,16,onboarding-dropoff,onboarding_state=stale_incomplete,0,onboarding_dropoff,onboarding_dropoff,n/a,/onboarding-new/selection
parent,16,onboarding-dropoff,onboarding_state=stale_incomplete,1,onboarding_dropoff,onboarding_dropoff,n/a,/onboarding-new/selection
parent,16,onboarding-dropoff,onboarding_state=stale_incomplete,2,onboarding_dropoff,onboarding_dropoff,n/a,/onboarding-new/selection
parent,16,onboarding-dropoff,onboarding_state=stale_incomplete,3,NONE,onboarding_dropoff,daily_cap,/onboarding-new/selection
parent,16,onboarding-dropoff,onboarding_state=fresh_incomplete,0,NONE,onboarding_dropoff,no_recipients,/onboarding-new/selection
parent,16,onboarding-dropoff,onboarding_state=fresh_incomplete,1,NONE,onboarding_dropoff,no_recipients,/onboarding-new/selection
parent,16,onboarding-dropoff,onboarding_state=fresh_incomplete,2,NONE,onboarding_dropoff,no_recipients,/onboarding-new/selection
parent,16,onboarding-dropoff,onboarding_state=fresh_incomplete,3,NONE,onboarding_dropoff,no_recipients,/onboarding-new/selection
parent,16,onboarding-dropoff,onboarding_state=completed,0,NONE,onboarding_dropoff,no_recipients,/onboarding-new/selection
parent,16,onboarding-dropoff,onboarding_state=completed,1,NONE,onboarding_dropoff,no_recipients,/onboarding-new/selection
parent,16,onboarding-dropoff,onboarding_state=completed,2,NONE,onboarding_dropoff,no_recipients,/onboarding-new/selection
parent,16,onboarding-dropoff,onboarding_state=completed,3,NONE,onboarding_dropoff,no_recipients,/onboarding-new/selection
parent,17,onboarding-dropoff,onboarding_state=stale_incomplete,0,onboarding_dropoff,onboarding_dropoff,n/a,/onboarding-new/selection
parent,17,onboarding-dropoff,onboarding_state=stale_incomplete,1,onboarding_dropoff,onboarding_dropoff,n/a,/onboarding-new/selection
parent,17,onboarding-dropoff,onboarding_state=stale_incomplete,2,onboarding_dropoff,onboarding_dropoff,n/a,/onboarding-new/selection
parent,17,onboarding-dropoff,onboarding_state=stale_incomplete,3,NONE,onboarding_dropoff,daily_cap,/onboarding-new/selection
parent,17,onboarding-dropoff,onboarding_state=fresh_incomplete,0,NONE,onboarding_dropoff,no_recipients,/onboarding-new/selection
parent,17,onboarding-dropoff,onboarding_state=fresh_incomplete,1,NONE,onboarding_dropoff,no_recipients,/onboarding-new/selection
parent,17,onboarding-dropoff,onboarding_state=fresh_incomplete,2,NONE,onboarding_dropoff,no_recipients,/onboarding-new/selection
parent,17,onboarding-dropoff,onboarding_state=fresh_incomplete,3,NONE,onboarding_dropoff,no_recipients,/onboarding-new/selection
parent,17,onboarding-dropoff,onboarding_state=completed,0,NONE,onboarding_dropoff,no_recipients,/onboarding-new/selection
parent,17,onboarding-dropoff,onboarding_state=completed,1,NONE,onboarding_dropoff,no_recipients,/onboarding-new/selection
parent,17,onboarding-dropoff,onboarding_state=completed,2,NONE,onboarding_dropoff,no_recipients,/onboarding-new/selection
parent,17,onboarding-dropoff,onboarding_state=completed,3,NONE,onboarding_dropoff,no_recipients,/onboarding-new/selection
parent,18,onboarding-dropoff,onboarding_state=stale_incomplete,0,onboarding_dropoff,onboarding_dropoff,n/a,/onboarding-new/selection
parent,18,onboarding-dropoff,onboarding_state=stale_incomplete,1,onboarding_dropoff,onboarding_dropoff,n/a,/onboarding-new/selection
parent,18,onboarding-dropoff,onboarding_state=stale_incomplete,2,onboarding_dropoff,onboarding_dropoff,n/a,/onboarding-new/selection
parent,18,onboarding-dropoff,onboarding_state=stale_incomplete,3,NONE,onboarding_dropoff,daily_cap,/onboarding-new/selection
parent,18,onboarding-dropoff,onboarding_state=fresh_incomplete,0,NONE,onboarding_dropoff,no_recipients,/onboarding-new/selection
parent,18,onboarding-dropoff,onboarding_state=fresh_incomplete,1,NONE,onboarding_dropoff,no_recipients,/onboarding-new/selection
parent,18,onboarding-dropoff,onboarding_state=fresh_incomplete,2,NONE,onboarding_dropoff,no_recipients,/onboarding-new/selection
parent,18,onboarding-dropoff,onboarding_state=fresh_incomplete,3,NONE,onboarding_dropoff,no_recipients,/onboarding-new/selection
parent,18,onboarding-dropoff,onboarding_state=completed,0,NONE,onboarding_dropoff,no_recipients,/onboarding-new/selection
parent,18,onboarding-dropoff,onboarding_state=completed,1,NONE,onboarding_dropoff,no_recipients,/onboarding-new/selection
parent,18,onboarding-dropoff,onboarding_state=completed,2,NONE,onboarding_dropoff,no_recipients,/onboarding-new/selection
parent,18,onboarding-dropoff,onboarding_state=completed,3,NONE,onboarding_dropoff,no_recipients,/onboarding-new/selection
parent,19,onboarding-dropoff,onboarding_state=stale_incomplete,0,onboarding_dropoff,onboarding_dropoff,n/a,/onboarding-new/selection
parent,19,onboarding-dropoff,onboarding_state=stale_incomplete,1,onboarding_dropoff,onboarding_dropoff,n/a,/onboarding-new/selection
parent,19,onboarding-dropoff,onboarding_state=stale_incomplete,2,onboarding_dropoff,onboarding_dropoff,n/a,/onboarding-new/selection
parent,19,onboarding-dropoff,onboarding_state=stale_incomplete,3,NONE,onboarding_dropoff,daily_cap,/onboarding-new/selection
parent,19,onboarding-dropoff,onboarding_state=fresh_incomplete,0,NONE,onboarding_dropoff,no_recipients,/onboarding-new/selection
parent,19,onboarding-dropoff,onboarding_state=fresh_incomplete,1,NONE,onboarding_dropoff,no_recipients,/onboarding-new/selection
parent,19,onboarding-dropoff,onboarding_state=fresh_incomplete,2,NONE,onboarding_dropoff,no_recipients,/onboarding-new/selection
parent,19,onboarding-dropoff,onboarding_state=fresh_incomplete,3,NONE,onboarding_dropoff,no_recipients,/onboarding-new/selection
parent,19,onboarding-dropoff,onboarding_state=completed,0,NONE,onboarding_dropoff,no_recipients,/onboarding-new/selection
parent,19,onboarding-dropoff,onboarding_state=completed,1,NONE,onboarding_dropoff,no_recipients,/onboarding-new/selection
parent,19,onboarding-dropoff,onboarding_state=completed,2,NONE,onboarding_dropoff,no_recipients,/onboarding-new/selection
parent,19,onboarding-dropoff,onboarding_state=completed,3,NONE,onboarding_dropoff,no_recipients,/onboarding-new/selection
parent,20,onboarding-dropoff,onboarding_state=stale_incomplete,0,onboarding_dropoff,onboarding_dropoff,n/a,/onboarding-new/selection
parent,20,onboarding-dropoff,onboarding_state=stale_incomplete,1,onboarding_dropoff,onboarding_dropoff,n/a,/onboarding-new/selection
parent,20,onboarding-dropoff,onboarding_state=stale_incomplete,2,onboarding_dropoff,onboarding_dropoff,n/a,/onboarding-new/selection
parent,20,onboarding-dropoff,onboarding_state=stale_incomplete,3,NONE,onboarding_dropoff,daily_cap,/onboarding-new/selection
parent,20,onboarding-dropoff,onboarding_state=fresh_incomplete,0,NONE,onboarding_dropoff,no_recipients,/onboarding-new/selection
parent,20,onboarding-dropoff,onboarding_state=fresh_incomplete,1,NONE,onboarding_dropoff,no_recipients,/onboarding-new/selection
parent,20,onboarding-dropoff,onboarding_state=fresh_incomplete,2,NONE,onboarding_dropoff,no_recipients,/onboarding-new/selection
parent,20,onboarding-dropoff,onboarding_state=fresh_incomplete,3,NONE,onboarding_dropoff,no_recipients,/onboarding-new/selection
parent,20,onboarding-dropoff,onboarding_state=completed,0,NONE,onboarding_dropoff,no_recipients,/onboarding-new/selection
parent,20,onboarding-dropoff,onboarding_state=completed,1,NONE,onboarding_dropoff,no_recipients,/onboarding-new/selection
parent,20,onboarding-dropoff,onboarding_state=completed,2,NONE,onboarding_dropoff,no_recipients,/onboarding-new/selection
parent,20,onboarding-dropoff,onboarding_state=completed,3,NONE,onboarding_dropoff,no_recipients,/onboarding-new/selection
parent,21,onboarding-dropoff,onboarding_state=stale_incomplete,0,onboarding_dropoff,onboarding_dropoff,n/a,/onboarding-new/selection
parent,21,onboarding-dropoff,onboarding_state=stale_incomplete,1,onboarding_dropoff,onboarding_dropoff,n/a,/onboarding-new/selection
parent,21,onboarding-dropoff,onboarding_state=stale_incomplete,2,onboarding_dropoff,onboarding_dropoff,n/a,/onboarding-new/selection
parent,21,onboarding-dropoff,onboarding_state=stale_incomplete,3,NONE,onboarding_dropoff,daily_cap,/onboarding-new/selection
parent,21,onboarding-dropoff,onboarding_state=fresh_incomplete,0,NONE,onboarding_dropoff,no_recipients,/onboarding-new/selection
parent,21,onboarding-dropoff,onboarding_state=fresh_incomplete,1,NONE,onboarding_dropoff,no_recipients,/onboarding-new/selection
parent,21,onboarding-dropoff,onboarding_state=fresh_incomplete,2,NONE,onboarding_dropoff,no_recipients,/onboarding-new/selection
parent,21,onboarding-dropoff,onboarding_state=fresh_incomplete,3,NONE,onboarding_dropoff,no_recipients,/onboarding-new/selection
parent,21,onboarding-dropoff,onboarding_state=completed,0,NONE,onboarding_dropoff,no_recipients,/onboarding-new/selection
parent,21,onboarding-dropoff,onboarding_state=completed,1,NONE,onboarding_dropoff,no_recipients,/onboarding-new/selection
parent,21,onboarding-dropoff,onboarding_state=completed,2,NONE,onboarding_dropoff,no_recipients,/onboarding-new/selection
parent,21,onboarding-dropoff,onboarding_state=completed,3,NONE,onboarding_dropoff,no_recipients,/onboarding-new/selection
parent,22,onboarding-dropoff,onboarding_state=stale_incomplete,0,onboarding_dropoff,onboarding_dropoff,n/a,/onboarding-new/selection
parent,22,onboarding-dropoff,onboarding_state=stale_incomplete,1,onboarding_dropoff,onboarding_dropoff,n/a,/onboarding-new/selection
parent,22,onboarding-dropoff,onboarding_state=stale_incomplete,2,onboarding_dropoff,onboarding_dropoff,n/a,/onboarding-new/selection
parent,22,onboarding-dropoff,onboarding_state=stale_incomplete,3,NONE,onboarding_dropoff,daily_cap,/onboarding-new/selection
parent,22,onboarding-dropoff,onboarding_state=fresh_incomplete,0,NONE,onboarding_dropoff,no_recipients,/onboarding-new/selection
parent,22,onboarding-dropoff,onboarding_state=fresh_incomplete,1,NONE,onboarding_dropoff,no_recipients,/onboarding-new/selection
parent,22,onboarding-dropoff,onboarding_state=fresh_incomplete,2,NONE,onboarding_dropoff,no_recipients,/onboarding-new/selection
parent,22,onboarding-dropoff,onboarding_state=fresh_incomplete,3,NONE,onboarding_dropoff,no_recipients,/onboarding-new/selection
parent,22,onboarding-dropoff,onboarding_state=completed,0,NONE,onboarding_dropoff,no_recipients,/onboarding-new/selection
parent,22,onboarding-dropoff,onboarding_state=completed,1,NONE,onboarding_dropoff,no_recipients,/onboarding-new/selection
parent,22,onboarding-dropoff,onboarding_state=completed,2,NONE,onboarding_dropoff,no_recipients,/onboarding-new/selection
parent,22,onboarding-dropoff,onboarding_state=completed,3,NONE,onboarding_dropoff,no_recipients,/onboarding-new/selection
parent,23,onboarding-dropoff,onboarding_state=stale_incomplete,0,onboarding_dropoff,onboarding_dropoff,n/a,/onboarding-new/selection
parent,23,onboarding-dropoff,onboarding_state=stale_incomplete,1,onboarding_dropoff,onboarding_dropoff,n/a,/onboarding-new/selection
parent,23,onboarding-dropoff,onboarding_state=stale_incomplete,2,onboarding_dropoff,onboarding_dropoff,n/a,/onboarding-new/selection
parent,23,onboarding-dropoff,onboarding_state=stale_incomplete,3,NONE,onboarding_dropoff,daily_cap,/onboarding-new/selection
parent,23,onboarding-dropoff,onboarding_state=fresh_incomplete,0,NONE,onboarding_dropoff,no_recipients,/onboarding-new/selection
parent,23,onboarding-dropoff,onboarding_state=fresh_incomplete,1,NONE,onboarding_dropoff,no_recipients,/onboarding-new/selection
parent,23,onboarding-dropoff,onboarding_state=fresh_incomplete,2,NONE,onboarding_dropoff,no_recipients,/onboarding-new/selection
parent,23,onboarding-dropoff,onboarding_state=fresh_incomplete,3,NONE,onboarding_dropoff,no_recipients,/onboarding-new/selection
parent,23,onboarding-dropoff,onboarding_state=completed,0,NONE,onboarding_dropoff,no_recipients,/onboarding-new/selection
parent,23,onboarding-dropoff,onboarding_state=completed,1,NONE,onboarding_dropoff,no_recipients,/onboarding-new/selection
parent,23,onboarding-dropoff,onboarding_state=completed,2,NONE,onboarding_dropoff,no_recipients,/onboarding-new/selection
parent,23,onboarding-dropoff,onboarding_state=completed,3,NONE,onboarding_dropoff,no_recipients,/onboarding-new/selection
parent,0,inactivity-retention,days_inactive=0,0,NONE,retention,no_recipients,/
parent,0,inactivity-retention,days_inactive=0,1,NONE,retention,no_recipients,/
parent,0,inactivity-retention,days_inactive=0,2,NONE,retention,no_recipients,/
parent,0,inactivity-retention,days_inactive=0,3,NONE,retention,no_recipients,/
parent,0,inactivity-retention,days_inactive=1,0,NONE,retention,no_recipients,/
parent,0,inactivity-retention,days_inactive=1,1,NONE,retention,no_recipients,/
parent,0,inactivity-retention,days_inactive=1,2,NONE,retention,no_recipients,/
parent,0,inactivity-retention,days_inactive=1,3,NONE,retention,no_recipients,/
parent,0,inactivity-retention,days_inactive=2,0,NONE,retention,no_recipients,/
parent,0,inactivity-retention,days_inactive=2,1,NONE,retention,no_recipients,/
parent,0,inactivity-retention,days_inactive=2,2,NONE,retention,no_recipients,/
parent,0,inactivity-retention,days_inactive=2,3,NONE,retention,no_recipients,/
parent,0,inactivity-retention,days_inactive=3,0,NONE,retention,no_recipients,/
parent,0,inactivity-retention,days_inactive=3,1,NONE,retention,no_recipients,/
parent,0,inactivity-retention,days_inactive=3,2,NONE,retention,no_recipients,/
parent,0,inactivity-retention,days_inactive=3,3,NONE,retention,no_recipients,/
parent,0,inactivity-retention,days_inactive=7,0,retention,retention,n/a,/
parent,0,inactivity-retention,days_inactive=7,1,retention,retention,n/a,/
parent,0,inactivity-retention,days_inactive=7,2,retention,retention,n/a,/
parent,0,inactivity-retention,days_inactive=7,3,NONE,retention,daily_cap,/
parent,1,inactivity-retention,days_inactive=0,0,NONE,retention,no_recipients,/
parent,1,inactivity-retention,days_inactive=0,1,NONE,retention,no_recipients,/
parent,1,inactivity-retention,days_inactive=0,2,NONE,retention,no_recipients,/
parent,1,inactivity-retention,days_inactive=0,3,NONE,retention,no_recipients,/
parent,1,inactivity-retention,days_inactive=1,0,NONE,retention,no_recipients,/
parent,1,inactivity-retention,days_inactive=1,1,NONE,retention,no_recipients,/
parent,1,inactivity-retention,days_inactive=1,2,NONE,retention,no_recipients,/
parent,1,inactivity-retention,days_inactive=1,3,NONE,retention,no_recipients,/
parent,1,inactivity-retention,days_inactive=2,0,NONE,retention,no_recipients,/
parent,1,inactivity-retention,days_inactive=2,1,NONE,retention,no_recipients,/
parent,1,inactivity-retention,days_inactive=2,2,NONE,retention,no_recipients,/
parent,1,inactivity-retention,days_inactive=2,3,NONE,retention,no_recipients,/
parent,1,inactivity-retention,days_inactive=3,0,NONE,retention,no_recipients,/
parent,1,inactivity-retention,days_inactive=3,1,NONE,retention,no_recipients,/
parent,1,inactivity-retention,days_inactive=3,2,NONE,retention,no_recipients,/
parent,1,inactivity-retention,days_inactive=3,3,NONE,retention,no_recipients,/
parent,1,inactivity-retention,days_inactive=7,0,retention,retention,n/a,/
parent,1,inactivity-retention,days_inactive=7,1,retention,retention,n/a,/
parent,1,inactivity-retention,days_inactive=7,2,retention,retention,n/a,/
parent,1,inactivity-retention,days_inactive=7,3,NONE,retention,daily_cap,/
parent,2,inactivity-retention,days_inactive=0,0,NONE,retention,no_recipients,/
parent,2,inactivity-retention,days_inactive=0,1,NONE,retention,no_recipients,/
parent,2,inactivity-retention,days_inactive=0,2,NONE,retention,no_recipients,/
parent,2,inactivity-retention,days_inactive=0,3,NONE,retention,no_recipients,/
parent,2,inactivity-retention,days_inactive=1,0,NONE,retention,no_recipients,/
parent,2,inactivity-retention,days_inactive=1,1,NONE,retention,no_recipients,/
parent,2,inactivity-retention,days_inactive=1,2,NONE,retention,no_recipients,/
parent,2,inactivity-retention,days_inactive=1,3,NONE,retention,no_recipients,/
parent,2,inactivity-retention,days_inactive=2,0,NONE,retention,no_recipients,/
parent,2,inactivity-retention,days_inactive=2,1,NONE,retention,no_recipients,/
parent,2,inactivity-retention,days_inactive=2,2,NONE,retention,no_recipients,/
parent,2,inactivity-retention,days_inactive=2,3,NONE,retention,no_recipients,/
parent,2,inactivity-retention,days_inactive=3,0,NONE,retention,no_recipients,/
parent,2,inactivity-retention,days_inactive=3,1,NONE,retention,no_recipients,/
parent,2,inactivity-retention,days_inactive=3,2,NONE,retention,no_recipients,/
parent,2,inactivity-retention,days_inactive=3,3,NONE,retention,no_recipients,/
parent,2,inactivity-retention,days_inactive=7,0,retention,retention,n/a,/
parent,2,inactivity-retention,days_inactive=7,1,retention,retention,n/a,/
parent,2,inactivity-retention,days_inactive=7,2,retention,retention,n/a,/
parent,2,inactivity-retention,days_inactive=7,3,NONE,retention,daily_cap,/
parent,3,inactivity-retention,days_inactive=0,0,NONE,retention,no_recipients,/
parent,3,inactivity-retention,days_inactive=0,1,NONE,retention,no_recipients,/
parent,3,inactivity-retention,days_inactive=0,2,NONE,retention,no_recipients,/
parent,3,inactivity-retention,days_inactive=0,3,NONE,retention,no_recipients,/
parent,3,inactivity-retention,days_inactive=1,0,NONE,retention,no_recipients,/
parent,3,inactivity-retention,days_inactive=1,1,NONE,retention,no_recipients,/
parent,3,inactivity-retention,days_inactive=1,2,NONE,retention,no_recipients,/
parent,3,inactivity-retention,days_inactive=1,3,NONE,retention,no_recipients,/
parent,3,inactivity-retention,days_inactive=2,0,NONE,retention,no_recipients,/
parent,3,inactivity-retention,days_inactive=2,1,NONE,retention,no_recipients,/
parent,3,inactivity-retention,days_inactive=2,2,NONE,retention,no_recipients,/
parent,3,inactivity-retention,days_inactive=2,3,NONE,retention,no_recipients,/
parent,3,inactivity-retention,days_inactive=3,0,NONE,retention,no_recipients,/
parent,3,inactivity-retention,days_inactive=3,1,NONE,retention,no_recipients,/
parent,3,inactivity-retention,days_inactive=3,2,NONE,retention,no_recipients,/
parent,3,inactivity-retention,days_inactive=3,3,NONE,retention,no_recipients,/
parent,3,inactivity-retention,days_inactive=7,0,retention,retention,n/a,/
parent,3,inactivity-retention,days_inactive=7,1,retention,retention,n/a,/
parent,3,inactivity-retention,days_inactive=7,2,retention,retention,n/a,/
parent,3,inactivity-retention,days_inactive=7,3,NONE,retention,daily_cap,/
parent,4,inactivity-retention,days_inactive=0,0,NONE,retention,no_recipients,/
parent,4,inactivity-retention,days_inactive=0,1,NONE,retention,no_recipients,/
parent,4,inactivity-retention,days_inactive=0,2,NONE,retention,no_recipients,/
parent,4,inactivity-retention,days_inactive=0,3,NONE,retention,no_recipients,/
parent,4,inactivity-retention,days_inactive=1,0,NONE,retention,no_recipients,/
parent,4,inactivity-retention,days_inactive=1,1,NONE,retention,no_recipients,/
parent,4,inactivity-retention,days_inactive=1,2,NONE,retention,no_recipients,/
parent,4,inactivity-retention,days_inactive=1,3,NONE,retention,no_recipients,/
parent,4,inactivity-retention,days_inactive=2,0,NONE,retention,no_recipients,/
parent,4,inactivity-retention,days_inactive=2,1,NONE,retention,no_recipients,/
parent,4,inactivity-retention,days_inactive=2,2,NONE,retention,no_recipients,/
parent,4,inactivity-retention,days_inactive=2,3,NONE,retention,no_recipients,/
parent,4,inactivity-retention,days_inactive=3,0,NONE,retention,no_recipients,/
parent,4,inactivity-retention,days_inactive=3,1,NONE,retention,no_recipients,/
parent,4,inactivity-retention,days_inactive=3,2,NONE,retention,no_recipients,/
parent,4,inactivity-retention,days_inactive=3,3,NONE,retention,no_recipients,/
parent,4,inactivity-retention,days_inactive=7,0,retention,retention,n/a,/
parent,4,inactivity-retention,days_inactive=7,1,retention,retention,n/a,/
parent,4,inactivity-retention,days_inactive=7,2,retention,retention,n/a,/
parent,4,inactivity-retention,days_inactive=7,3,NONE,retention,daily_cap,/
parent,5,inactivity-retention,days_inactive=0,0,NONE,retention,no_recipients,/
parent,5,inactivity-retention,days_inactive=0,1,NONE,retention,no_recipients,/
parent,5,inactivity-retention,days_inactive=0,2,NONE,retention,no_recipients,/
parent,5,inactivity-retention,days_inactive=0,3,NONE,retention,no_recipients,/
parent,5,inactivity-retention,days_inactive=1,0,NONE,retention,no_recipients,/
parent,5,inactivity-retention,days_inactive=1,1,NONE,retention,no_recipients,/
parent,5,inactivity-retention,days_inactive=1,2,NONE,retention,no_recipients,/
parent,5,inactivity-retention,days_inactive=1,3,NONE,retention,no_recipients,/
parent,5,inactivity-retention,days_inactive=2,0,NONE,retention,no_recipients,/
parent,5,inactivity-retention,days_inactive=2,1,NONE,retention,no_recipients,/
parent,5,inactivity-retention,days_inactive=2,2,NONE,retention,no_recipients,/
parent,5,inactivity-retention,days_inactive=2,3,NONE,retention,no_recipients,/
parent,5,inactivity-retention,days_inactive=3,0,NONE,retention,no_recipients,/
parent,5,inactivity-retention,days_inactive=3,1,NONE,retention,no_recipients,/
parent,5,inactivity-retention,days_inactive=3,2,NONE,retention,no_recipients,/
parent,5,inactivity-retention,days_inactive=3,3,NONE,retention,no_recipients,/
parent,5,inactivity-retention,days_inactive=7,0,retention,retention,n/a,/
parent,5,inactivity-retention,days_inactive=7,1,retention,retention,n/a,/
parent,5,inactivity-retention,days_inactive=7,2,retention,retention,n/a,/
parent,5,inactivity-retention,days_inactive=7,3,NONE,retention,daily_cap,/
parent,6,inactivity-retention,days_inactive=0,0,NONE,retention,no_recipients,/
parent,6,inactivity-retention,days_inactive=0,1,NONE,retention,no_recipients,/
parent,6,inactivity-retention,days_inactive=0,2,NONE,retention,no_recipients,/
parent,6,inactivity-retention,days_inactive=0,3,NONE,retention,no_recipients,/
parent,6,inactivity-retention,days_inactive=1,0,NONE,retention,no_recipients,/
parent,6,inactivity-retention,days_inactive=1,1,NONE,retention,no_recipients,/
parent,6,inactivity-retention,days_inactive=1,2,NONE,retention,no_recipients,/
parent,6,inactivity-retention,days_inactive=1,3,NONE,retention,no_recipients,/
parent,6,inactivity-retention,days_inactive=2,0,NONE,retention,no_recipients,/
parent,6,inactivity-retention,days_inactive=2,1,NONE,retention,no_recipients,/
parent,6,inactivity-retention,days_inactive=2,2,NONE,retention,no_recipients,/
parent,6,inactivity-retention,days_inactive=2,3,NONE,retention,no_recipients,/
parent,6,inactivity-retention,days_inactive=3,0,NONE,retention,no_recipients,/
parent,6,inactivity-retention,days_inactive=3,1,NONE,retention,no_recipients,/
parent,6,inactivity-retention,days_inactive=3,2,NONE,retention,no_recipients,/
parent,6,inactivity-retention,days_inactive=3,3,NONE,retention,no_recipients,/
parent,6,inactivity-retention,days_inactive=7,0,retention,retention,n/a,/
parent,6,inactivity-retention,days_inactive=7,1,retention,retention,n/a,/
parent,6,inactivity-retention,days_inactive=7,2,retention,retention,n/a,/
parent,6,inactivity-retention,days_inactive=7,3,NONE,retention,daily_cap,/
parent,7,inactivity-retention,days_inactive=0,0,NONE,retention,no_recipients,/
parent,7,inactivity-retention,days_inactive=0,1,NONE,retention,no_recipients,/
parent,7,inactivity-retention,days_inactive=0,2,NONE,retention,no_recipients,/
parent,7,inactivity-retention,days_inactive=0,3,NONE,retention,no_recipients,/
parent,7,inactivity-retention,days_inactive=1,0,NONE,retention,no_recipients,/
parent,7,inactivity-retention,days_inactive=1,1,NONE,retention,no_recipients,/
parent,7,inactivity-retention,days_inactive=1,2,NONE,retention,no_recipients,/
parent,7,inactivity-retention,days_inactive=1,3,NONE,retention,no_recipients,/
parent,7,inactivity-retention,days_inactive=2,0,NONE,retention,no_recipients,/
parent,7,inactivity-retention,days_inactive=2,1,NONE,retention,no_recipients,/
parent,7,inactivity-retention,days_inactive=2,2,NONE,retention,no_recipients,/
parent,7,inactivity-retention,days_inactive=2,3,NONE,retention,no_recipients,/
parent,7,inactivity-retention,days_inactive=3,0,NONE,retention,no_recipients,/
parent,7,inactivity-retention,days_inactive=3,1,NONE,retention,no_recipients,/
parent,7,inactivity-retention,days_inactive=3,2,NONE,retention,no_recipients,/
parent,7,inactivity-retention,days_inactive=3,3,NONE,retention,no_recipients,/
parent,7,inactivity-retention,days_inactive=7,0,retention,retention,n/a,/
parent,7,inactivity-retention,days_inactive=7,1,retention,retention,n/a,/
parent,7,inactivity-retention,days_inactive=7,2,retention,retention,n/a,/
parent,7,inactivity-retention,days_inactive=7,3,NONE,retention,daily_cap,/
parent,8,inactivity-retention,days_inactive=0,0,NONE,retention,no_recipients,/
parent,8,inactivity-retention,days_inactive=0,1,NONE,retention,no_recipients,/
parent,8,inactivity-retention,days_inactive=0,2,NONE,retention,no_recipients,/
parent,8,inactivity-retention,days_inactive=0,3,NONE,retention,no_recipients,/
parent,8,inactivity-retention,days_inactive=1,0,NONE,retention,no_recipients,/
parent,8,inactivity-retention,days_inactive=1,1,NONE,retention,no_recipients,/
parent,8,inactivity-retention,days_inactive=1,2,NONE,retention,no_recipients,/
parent,8,inactivity-retention,days_inactive=1,3,NONE,retention,no_recipients,/
parent,8,inactivity-retention,days_inactive=2,0,NONE,retention,no_recipients,/
parent,8,inactivity-retention,days_inactive=2,1,NONE,retention,no_recipients,/
parent,8,inactivity-retention,days_inactive=2,2,NONE,retention,no_recipients,/
parent,8,inactivity-retention,days_inactive=2,3,NONE,retention,no_recipients,/
parent,8,inactivity-retention,days_inactive=3,0,NONE,retention,no_recipients,/
parent,8,inactivity-retention,days_inactive=3,1,NONE,retention,no_recipients,/
parent,8,inactivity-retention,days_inactive=3,2,NONE,retention,no_recipients,/
parent,8,inactivity-retention,days_inactive=3,3,NONE,retention,no_recipients,/
parent,8,inactivity-retention,days_inactive=7,0,retention,retention,n/a,/
parent,8,inactivity-retention,days_inactive=7,1,retention,retention,n/a,/
parent,8,inactivity-retention,days_inactive=7,2,retention,retention,n/a,/
parent,8,inactivity-retention,days_inactive=7,3,NONE,retention,daily_cap,/
parent,9,inactivity-retention,days_inactive=0,0,NONE,retention,no_recipients,/
parent,9,inactivity-retention,days_inactive=0,1,NONE,retention,no_recipients,/
parent,9,inactivity-retention,days_inactive=0,2,NONE,retention,no_recipients,/
parent,9,inactivity-retention,days_inactive=0,3,NONE,retention,no_recipients,/
parent,9,inactivity-retention,days_inactive=1,0,NONE,retention,no_recipients,/
parent,9,inactivity-retention,days_inactive=1,1,NONE,retention,no_recipients,/
parent,9,inactivity-retention,days_inactive=1,2,NONE,retention,no_recipients,/
parent,9,inactivity-retention,days_inactive=1,3,NONE,retention,no_recipients,/
parent,9,inactivity-retention,days_inactive=2,0,NONE,retention,no_recipients,/
parent,9,inactivity-retention,days_inactive=2,1,NONE,retention,no_recipients,/
parent,9,inactivity-retention,days_inactive=2,2,NONE,retention,no_recipients,/
parent,9,inactivity-retention,days_inactive=2,3,NONE,retention,no_recipients,/
parent,9,inactivity-retention,days_inactive=3,0,NONE,retention,no_recipients,/
parent,9,inactivity-retention,days_inactive=3,1,NONE,retention,no_recipients,/
parent,9,inactivity-retention,days_inactive=3,2,NONE,retention,no_recipients,/
parent,9,inactivity-retention,days_inactive=3,3,NONE,retention,no_recipients,/
parent,9,inactivity-retention,days_inactive=7,0,retention,retention,n/a,/
parent,9,inactivity-retention,days_inactive=7,1,retention,retention,n/a,/
parent,9,inactivity-retention,days_inactive=7,2,retention,retention,n/a,/
parent,9,inactivity-retention,days_inactive=7,3,NONE,retention,daily_cap,/
parent,10,inactivity-retention,days_inactive=0,0,NONE,retention,no_recipients,/
parent,10,inactivity-retention,days_inactive=0,1,NONE,retention,no_recipients,/
parent,10,inactivity-retention,days_inactive=0,2,NONE,retention,no_recipients,/
parent,10,inactivity-retention,days_inactive=0,3,NONE,retention,no_recipients,/
parent,10,inactivity-retention,days_inactive=1,0,NONE,retention,no_recipients,/
parent,10,inactivity-retention,days_inactive=1,1,NONE,retention,no_recipients,/
parent,10,inactivity-retention,days_inactive=1,2,NONE,retention,no_recipients,/
parent,10,inactivity-retention,days_inactive=1,3,NONE,retention,no_recipients,/
parent,10,inactivity-retention,days_inactive=2,0,NONE,retention,no_recipients,/
parent,10,inactivity-retention,days_inactive=2,1,NONE,retention,no_recipients,/
parent,10,inactivity-retention,days_inactive=2,2,NONE,retention,no_recipients,/
parent,10,inactivity-retention,days_inactive=2,3,NONE,retention,no_recipients,/
parent,10,inactivity-retention,days_inactive=3,0,NONE,retention,no_recipients,/
parent,10,inactivity-retention,days_inactive=3,1,NONE,retention,no_recipients,/
parent,10,inactivity-retention,days_inactive=3,2,NONE,retention,no_recipients,/
parent,10,inactivity-retention,days_inactive=3,3,NONE,retention,no_recipients,/
parent,10,inactivity-retention,days_inactive=7,0,retention,retention,n/a,/
parent,10,inactivity-retention,days_inactive=7,1,retention,retention,n/a,/
parent,10,inactivity-retention,days_inactive=7,2,retention,retention,n/a,/
parent,10,inactivity-retention,days_inactive=7,3,NONE,retention,daily_cap,/
parent,11,inactivity-retention,days_inactive=0,0,NONE,retention,no_recipients,/
parent,11,inactivity-retention,days_inactive=0,1,NONE,retention,no_recipients,/
parent,11,inactivity-retention,days_inactive=0,2,NONE,retention,no_recipients,/
parent,11,inactivity-retention,days_inactive=0,3,NONE,retention,no_recipients,/
parent,11,inactivity-retention,days_inactive=1,0,NONE,retention,no_recipients,/
parent,11,inactivity-retention,days_inactive=1,1,NONE,retention,no_recipients,/
parent,11,inactivity-retention,days_inactive=1,2,NONE,retention,no_recipients,/
parent,11,inactivity-retention,days_inactive=1,3,NONE,retention,no_recipients,/
parent,11,inactivity-retention,days_inactive=2,0,NONE,retention,no_recipients,/
parent,11,inactivity-retention,days_inactive=2,1,NONE,retention,no_recipients,/
parent,11,inactivity-retention,days_inactive=2,2,NONE,retention,no_recipients,/
parent,11,inactivity-retention,days_inactive=2,3,NONE,retention,no_recipients,/
parent,11,inactivity-retention,days_inactive=3,0,NONE,retention,no_recipients,/
parent,11,inactivity-retention,days_inactive=3,1,NONE,retention,no_recipients,/
parent,11,inactivity-retention,days_inactive=3,2,NONE,retention,no_recipients,/
parent,11,inactivity-retention,days_inactive=3,3,NONE,retention,no_recipients,/
parent,11,inactivity-retention,days_inactive=7,0,retention,retention,n/a,/
parent,11,inactivity-retention,days_inactive=7,1,retention,retention,n/a,/
parent,11,inactivity-retention,days_inactive=7,2,retention,retention,n/a,/
parent,11,inactivity-retention,days_inactive=7,3,NONE,retention,daily_cap,/
parent,12,inactivity-retention,days_inactive=0,0,NONE,retention,no_recipients,/
parent,12,inactivity-retention,days_inactive=0,1,NONE,retention,no_recipients,/
parent,12,inactivity-retention,days_inactive=0,2,NONE,retention,no_recipients,/
parent,12,inactivity-retention,days_inactive=0,3,NONE,retention,no_recipients,/
parent,12,inactivity-retention,days_inactive=1,0,NONE,retention,no_recipients,/
parent,12,inactivity-retention,days_inactive=1,1,NONE,retention,no_recipients,/
parent,12,inactivity-retention,days_inactive=1,2,NONE,retention,no_recipients,/
parent,12,inactivity-retention,days_inactive=1,3,NONE,retention,no_recipients,/
parent,12,inactivity-retention,days_inactive=2,0,NONE,retention,no_recipients,/
parent,12,inactivity-retention,days_inactive=2,1,NONE,retention,no_recipients,/
parent,12,inactivity-retention,days_inactive=2,2,NONE,retention,no_recipients,/
parent,12,inactivity-retention,days_inactive=2,3,NONE,retention,no_recipients,/
parent,12,inactivity-retention,days_inactive=3,0,NONE,retention,no_recipients,/
parent,12,inactivity-retention,days_inactive=3,1,NONE,retention,no_recipients,/
parent,12,inactivity-retention,days_inactive=3,2,NONE,retention,no_recipients,/
parent,12,inactivity-retention,days_inactive=3,3,NONE,retention,no_recipients,/
parent,12,inactivity-retention,days_inactive=7,0,retention,retention,n/a,/
parent,12,inactivity-retention,days_inactive=7,1,retention,retention,n/a,/
parent,12,inactivity-retention,days_inactive=7,2,retention,retention,n/a,/
parent,12,inactivity-retention,days_inactive=7,3,NONE,retention,daily_cap,/
parent,13,inactivity-retention,days_inactive=0,0,NONE,retention,no_recipients,/
parent,13,inactivity-retention,days_inactive=0,1,NONE,retention,no_recipients,/
parent,13,inactivity-retention,days_inactive=0,2,NONE,retention,no_recipients,/
parent,13,inactivity-retention,days_inactive=0,3,NONE,retention,no_recipients,/
parent,13,inactivity-retention,days_inactive=1,0,NONE,retention,no_recipients,/
parent,13,inactivity-retention,days_inactive=1,1,NONE,retention,no_recipients,/
parent,13,inactivity-retention,days_inactive=1,2,NONE,retention,no_recipients,/
parent,13,inactivity-retention,days_inactive=1,3,NONE,retention,no_recipients,/
parent,13,inactivity-retention,days_inactive=2,0,NONE,retention,no_recipients,/
parent,13,inactivity-retention,days_inactive=2,1,NONE,retention,no_recipients,/
parent,13,inactivity-retention,days_inactive=2,2,NONE,retention,no_recipients,/
parent,13,inactivity-retention,days_inactive=2,3,NONE,retention,no_recipients,/
parent,13,inactivity-retention,days_inactive=3,0,NONE,retention,no_recipients,/
parent,13,inactivity-retention,days_inactive=3,1,NONE,retention,no_recipients,/
parent,13,inactivity-retention,days_inactive=3,2,NONE,retention,no_recipients,/
parent,13,inactivity-retention,days_inactive=3,3,NONE,retention,no_recipients,/
parent,13,inactivity-retention,days_inactive=7,0,retention,retention,n/a,/
parent,13,inactivity-retention,days_inactive=7,1,retention,retention,n/a,/
parent,13,inactivity-retention,days_inactive=7,2,retention,retention,n/a,/
parent,13,inactivity-retention,days_inactive=7,3,NONE,retention,daily_cap,/
parent,14,inactivity-retention,days_inactive=0,0,NONE,retention,no_recipients,/
parent,14,inactivity-retention,days_inactive=0,1,NONE,retention,no_recipients,/
parent,14,inactivity-retention,days_inactive=0,2,NONE,retention,no_recipients,/
parent,14,inactivity-retention,days_inactive=0,3,NONE,retention,no_recipients,/
parent,14,inactivity-retention,days_inactive=1,0,NONE,retention,no_recipients,/
parent,14,inactivity-retention,days_inactive=1,1,NONE,retention,no_recipients,/
parent,14,inactivity-retention,days_inactive=1,2,NONE,retention,no_recipients,/
parent,14,inactivity-retention,days_inactive=1,3,NONE,retention,no_recipients,/
parent,14,inactivity-retention,days_inactive=2,0,NONE,retention,no_recipients,/
parent,14,inactivity-retention,days_inactive=2,1,NONE,retention,no_recipients,/
parent,14,inactivity-retention,days_inactive=2,2,NONE,retention,no_recipients,/
parent,14,inactivity-retention,days_inactive=2,3,NONE,retention,no_recipients,/
parent,14,inactivity-retention,days_inactive=3,0,NONE,retention,no_recipients,/
parent,14,inactivity-retention,days_inactive=3,1,NONE,retention,no_recipients,/
parent,14,inactivity-retention,days_inactive=3,2,NONE,retention,no_recipients,/
parent,14,inactivity-retention,days_inactive=3,3,NONE,retention,no_recipients,/
parent,14,inactivity-retention,days_inactive=7,0,retention,retention,n/a,/
parent,14,inactivity-retention,days_inactive=7,1,retention,retention,n/a,/
parent,14,inactivity-retention,days_inactive=7,2,retention,retention,n/a,/
parent,14,inactivity-retention,days_inactive=7,3,NONE,retention,daily_cap,/
parent,15,inactivity-retention,days_inactive=0,0,NONE,retention,no_recipients,/
parent,15,inactivity-retention,days_inactive=0,1,NONE,retention,no_recipients,/
parent,15,inactivity-retention,days_inactive=0,2,NONE,retention,no_recipients,/
parent,15,inactivity-retention,days_inactive=0,3,NONE,retention,no_recipients,/
parent,15,inactivity-retention,days_inactive=1,0,NONE,retention,no_recipients,/
parent,15,inactivity-retention,days_inactive=1,1,NONE,retention,no_recipients,/
parent,15,inactivity-retention,days_inactive=1,2,NONE,retention,no_recipients,/
parent,15,inactivity-retention,days_inactive=1,3,NONE,retention,no_recipients,/
parent,15,inactivity-retention,days_inactive=2,0,NONE,retention,no_recipients,/
parent,15,inactivity-retention,days_inactive=2,1,NONE,retention,no_recipients,/
parent,15,inactivity-retention,days_inactive=2,2,NONE,retention,no_recipients,/
parent,15,inactivity-retention,days_inactive=2,3,NONE,retention,no_recipients,/
parent,15,inactivity-retention,days_inactive=3,0,NONE,retention,no_recipients,/
parent,15,inactivity-retention,days_inactive=3,1,NONE,retention,no_recipients,/
parent,15,inactivity-retention,days_inactive=3,2,NONE,retention,no_recipients,/
parent,15,inactivity-retention,days_inactive=3,3,NONE,retention,no_recipients,/
parent,15,inactivity-retention,days_inactive=7,0,retention,retention,n/a,/
parent,15,inactivity-retention,days_inactive=7,1,retention,retention,n/a,/
parent,15,inactivity-retention,days_inactive=7,2,retention,retention,n/a,/
parent,15,inactivity-retention,days_inactive=7,3,NONE,retention,daily_cap,/
parent,16,inactivity-retention,days_inactive=0,0,NONE,retention,no_recipients,/
parent,16,inactivity-retention,days_inactive=0,1,NONE,retention,no_recipients,/
parent,16,inactivity-retention,days_inactive=0,2,NONE,retention,no_recipients,/
parent,16,inactivity-retention,days_inactive=0,3,NONE,retention,no_recipients,/
parent,16,inactivity-retention,days_inactive=1,0,NONE,retention,no_recipients,/
parent,16,inactivity-retention,days_inactive=1,1,NONE,retention,no_recipients,/
parent,16,inactivity-retention,days_inactive=1,2,NONE,retention,no_recipients,/
parent,16,inactivity-retention,days_inactive=1,3,NONE,retention,no_recipients,/
parent,16,inactivity-retention,days_inactive=2,0,NONE,retention,no_recipients,/
parent,16,inactivity-retention,days_inactive=2,1,NONE,retention,no_recipients,/
parent,16,inactivity-retention,days_inactive=2,2,NONE,retention,no_recipients,/
parent,16,inactivity-retention,days_inactive=2,3,NONE,retention,no_recipients,/
parent,16,inactivity-retention,days_inactive=3,0,NONE,retention,no_recipients,/
parent,16,inactivity-retention,days_inactive=3,1,NONE,retention,no_recipients,/
parent,16,inactivity-retention,days_inactive=3,2,NONE,retention,no_recipients,/
parent,16,inactivity-retention,days_inactive=3,3,NONE,retention,no_recipients,/
parent,16,inactivity-retention,days_inactive=7,0,retention,retention,n/a,/
parent,16,inactivity-retention,days_inactive=7,1,retention,retention,n/a,/
parent,16,inactivity-retention,days_inactive=7,2,retention,retention,n/a,/
parent,16,inactivity-retention,days_inactive=7,3,NONE,retention,daily_cap,/
parent,17,inactivity-retention,days_inactive=0,0,NONE,retention,no_recipients,/
parent,17,inactivity-retention,days_inactive=0,1,NONE,retention,no_recipients,/
parent,17,inactivity-retention,days_inactive=0,2,NONE,retention,no_recipients,/
parent,17,inactivity-retention,days_inactive=0,3,NONE,retention,no_recipients,/
parent,17,inactivity-retention,days_inactive=1,0,NONE,retention,no_recipients,/
parent,17,inactivity-retention,days_inactive=1,1,NONE,retention,no_recipients,/
parent,17,inactivity-retention,days_inactive=1,2,NONE,retention,no_recipients,/
parent,17,inactivity-retention,days_inactive=1,3,NONE,retention,no_recipients,/
parent,17,inactivity-retention,days_inactive=2,0,NONE,retention,no_recipients,/
parent,17,inactivity-retention,days_inactive=2,1,NONE,retention,no_recipients,/
parent,17,inactivity-retention,days_inactive=2,2,NONE,retention,no_recipients,/
parent,17,inactivity-retention,days_inactive=2,3,NONE,retention,no_recipients,/
parent,17,inactivity-retention,days_inactive=3,0,NONE,retention,no_recipients,/
parent,17,inactivity-retention,days_inactive=3,1,NONE,retention,no_recipients,/
parent,17,inactivity-retention,days_inactive=3,2,NONE,retention,no_recipients,/
parent,17,inactivity-retention,days_inactive=3,3,NONE,retention,no_recipients,/
parent,17,inactivity-retention,days_inactive=7,0,retention,retention,n/a,/
parent,17,inactivity-retention,days_inactive=7,1,retention,retention,n/a,/
parent,17,inactivity-retention,days_inactive=7,2,retention,retention,n/a,/
parent,17,inactivity-retention,days_inactive=7,3,NONE,retention,daily_cap,/
parent,18,inactivity-retention,days_inactive=0,0,NONE,retention,no_recipients,/
parent,18,inactivity-retention,days_inactive=0,1,NONE,retention,no_recipients,/
parent,18,inactivity-retention,days_inactive=0,2,NONE,retention,no_recipients,/
parent,18,inactivity-retention,days_inactive=0,3,NONE,retention,no_recipients,/
parent,18,inactivity-retention,days_inactive=1,0,NONE,retention,no_recipients,/
parent,18,inactivity-retention,days_inactive=1,1,NONE,retention,no_recipients,/
parent,18,inactivity-retention,days_inactive=1,2,NONE,retention,no_recipients,/
parent,18,inactivity-retention,days_inactive=1,3,NONE,retention,no_recipients,/
parent,18,inactivity-retention,days_inactive=2,0,NONE,retention,no_recipients,/
parent,18,inactivity-retention,days_inactive=2,1,NONE,retention,no_recipients,/
parent,18,inactivity-retention,days_inactive=2,2,NONE,retention,no_recipients,/
parent,18,inactivity-retention,days_inactive=2,3,NONE,retention,no_recipients,/
parent,18,inactivity-retention,days_inactive=3,0,NONE,retention,no_recipients,/
parent,18,inactivity-retention,days_inactive=3,1,NONE,retention,no_recipients,/
parent,18,inactivity-retention,days_inactive=3,2,NONE,retention,no_recipients,/
parent,18,inactivity-retention,days_inactive=3,3,NONE,retention,no_recipients,/
parent,18,inactivity-retention,days_inactive=7,0,retention,retention,n/a,/
parent,18,inactivity-retention,days_inactive=7,1,retention,retention,n/a,/
parent,18,inactivity-retention,days_inactive=7,2,retention,retention,n/a,/
parent,18,inactivity-retention,days_inactive=7,3,NONE,retention,daily_cap,/
parent,19,inactivity-retention,days_inactive=0,0,NONE,retention,no_recipients,/
parent,19,inactivity-retention,days_inactive=0,1,NONE,retention,no_recipients,/
parent,19,inactivity-retention,days_inactive=0,2,NONE,retention,no_recipients,/
parent,19,inactivity-retention,days_inactive=0,3,NONE,retention,no_recipients,/
parent,19,inactivity-retention,days_inactive=1,0,NONE,retention,no_recipients,/
parent,19,inactivity-retention,days_inactive=1,1,NONE,retention,no_recipients,/
parent,19,inactivity-retention,days_inactive=1,2,NONE,retention,no_recipients,/
parent,19,inactivity-retention,days_inactive=1,3,NONE,retention,no_recipients,/
parent,19,inactivity-retention,days_inactive=2,0,NONE,retention,no_recipients,/
parent,19,inactivity-retention,days_inactive=2,1,NONE,retention,no_recipients,/
parent,19,inactivity-retention,days_inactive=2,2,NONE,retention,no_recipients,/
parent,19,inactivity-retention,days_inactive=2,3,NONE,retention,no_recipients,/
parent,19,inactivity-retention,days_inactive=3,0,NONE,retention,no_recipients,/
parent,19,inactivity-retention,days_inactive=3,1,NONE,retention,no_recipients,/
parent,19,inactivity-retention,days_inactive=3,2,NONE,retention,no_recipients,/
parent,19,inactivity-retention,days_inactive=3,3,NONE,retention,no_recipients,/
parent,19,inactivity-retention,days_inactive=7,0,retention,retention,n/a,/
parent,19,inactivity-retention,days_inactive=7,1,retention,retention,n/a,/
parent,19,inactivity-retention,days_inactive=7,2,retention,retention,n/a,/
parent,19,inactivity-retention,days_inactive=7,3,NONE,retention,daily_cap,/
parent,20,inactivity-retention,days_inactive=0,0,NONE,retention,no_recipients,/
parent,20,inactivity-retention,days_inactive=0,1,NONE,retention,no_recipients,/
parent,20,inactivity-retention,days_inactive=0,2,NONE,retention,no_recipients,/
parent,20,inactivity-retention,days_inactive=0,3,NONE,retention,no_recipients,/
parent,20,inactivity-retention,days_inactive=1,0,NONE,retention,no_recipients,/
parent,20,inactivity-retention,days_inactive=1,1,NONE,retention,no_recipients,/
parent,20,inactivity-retention,days_inactive=1,2,NONE,retention,no_recipients,/
parent,20,inactivity-retention,days_inactive=1,3,NONE,retention,no_recipients,/
parent,20,inactivity-retention,days_inactive=2,0,NONE,retention,no_recipients,/
parent,20,inactivity-retention,days_inactive=2,1,NONE,retention,no_recipients,/
parent,20,inactivity-retention,days_inactive=2,2,NONE,retention,no_recipients,/
parent,20,inactivity-retention,days_inactive=2,3,NONE,retention,no_recipients,/
parent,20,inactivity-retention,days_inactive=3,0,NONE,retention,no_recipients,/
parent,20,inactivity-retention,days_inactive=3,1,NONE,retention,no_recipients,/
parent,20,inactivity-retention,days_inactive=3,2,NONE,retention,no_recipients,/
parent,20,inactivity-retention,days_inactive=3,3,NONE,retention,no_recipients,/
parent,20,inactivity-retention,days_inactive=7,0,retention,retention,n/a,/
parent,20,inactivity-retention,days_inactive=7,1,retention,retention,n/a,/
parent,20,inactivity-retention,days_inactive=7,2,retention,retention,n/a,/
parent,20,inactivity-retention,days_inactive=7,3,NONE,retention,daily_cap,/
parent,21,inactivity-retention,days_inactive=0,0,NONE,retention,no_recipients,/
parent,21,inactivity-retention,days_inactive=0,1,NONE,retention,no_recipients,/
parent,21,inactivity-retention,days_inactive=0,2,NONE,retention,no_recipients,/
parent,21,inactivity-retention,days_inactive=0,3,NONE,retention,no_recipients,/
parent,21,inactivity-retention,days_inactive=1,0,NONE,retention,no_recipients,/
parent,21,inactivity-retention,days_inactive=1,1,NONE,retention,no_recipients,/
parent,21,inactivity-retention,days_inactive=1,2,NONE,retention,no_recipients,/
parent,21,inactivity-retention,days_inactive=1,3,NONE,retention,no_recipients,/
parent,21,inactivity-retention,days_inactive=2,0,NONE,retention,no_recipients,/
parent,21,inactivity-retention,days_inactive=2,1,NONE,retention,no_recipients,/
parent,21,inactivity-retention,days_inactive=2,2,NONE,retention,no_recipients,/
parent,21,inactivity-retention,days_inactive=2,3,NONE,retention,no_recipients,/
parent,21,inactivity-retention,days_inactive=3,0,NONE,retention,no_recipients,/
parent,21,inactivity-retention,days_inactive=3,1,NONE,retention,no_recipients,/
parent,21,inactivity-retention,days_inactive=3,2,NONE,retention,no_recipients,/
parent,21,inactivity-retention,days_inactive=3,3,NONE,retention,no_recipients,/
parent,21,inactivity-retention,days_inactive=7,0,retention,retention,n/a,/
parent,21,inactivity-retention,days_inactive=7,1,retention,retention,n/a,/
parent,21,inactivity-retention,days_inactive=7,2,retention,retention,n/a,/
parent,21,inactivity-retention,days_inactive=7,3,NONE,retention,daily_cap,/
parent,22,inactivity-retention,days_inactive=0,0,NONE,retention,no_recipients,/
parent,22,inactivity-retention,days_inactive=0,1,NONE,retention,no_recipients,/
parent,22,inactivity-retention,days_inactive=0,2,NONE,retention,no_recipients,/
parent,22,inactivity-retention,days_inactive=0,3,NONE,retention,no_recipients,/
parent,22,inactivity-retention,days_inactive=1,0,NONE,retention,no_recipients,/
parent,22,inactivity-retention,days_inactive=1,1,NONE,retention,no_recipients,/
parent,22,inactivity-retention,days_inactive=1,2,NONE,retention,no_recipients,/
parent,22,inactivity-retention,days_inactive=1,3,NONE,retention,no_recipients,/
parent,22,inactivity-retention,days_inactive=2,0,NONE,retention,no_recipients,/
parent,22,inactivity-retention,days_inactive=2,1,NONE,retention,no_recipients,/
parent,22,inactivity-retention,days_inactive=2,2,NONE,retention,no_recipients,/
parent,22,inactivity-retention,days_inactive=2,3,NONE,retention,no_recipients,/
parent,22,inactivity-retention,days_inactive=3,0,NONE,retention,no_recipients,/
parent,22,inactivity-retention,days_inactive=3,1,NONE,retention,no_recipients,/
parent,22,inactivity-retention,days_inactive=3,2,NONE,retention,no_recipients,/
parent,22,inactivity-retention,days_inactive=3,3,NONE,retention,no_recipients,/
parent,22,inactivity-retention,days_inactive=7,0,retention,retention,n/a,/
parent,22,inactivity-retention,days_inactive=7,1,retention,retention,n/a,/
parent,22,inactivity-retention,days_inactive=7,2,retention,retention,n/a,/
parent,22,inactivity-retention,days_inactive=7,3,NONE,retention,daily_cap,/
parent,23,inactivity-retention,days_inactive=0,0,NONE,retention,no_recipients,/
parent,23,inactivity-retention,days_inactive=0,1,NONE,retention,no_recipients,/
parent,23,inactivity-retention,days_inactive=0,2,NONE,retention,no_recipients,/
parent,23,inactivity-retention,days_inactive=0,3,NONE,retention,no_recipients,/
parent,23,inactivity-retention,days_inactive=1,0,NONE,retention,no_recipients,/
parent,23,inactivity-retention,days_inactive=1,1,NONE,retention,no_recipients,/
parent,23,inactivity-retention,days_inactive=1,2,NONE,retention,no_recipients,/
parent,23,inactivity-retention,days_inactive=1,3,NONE,retention,no_recipients,/
parent,23,inactivity-retention,days_inactive=2,0,NONE,retention,no_recipients,/
parent,23,inactivity-retention,days_inactive=2,1,NONE,retention,no_recipients,/
parent,23,inactivity-retention,days_inactive=2,2,NONE,retention,no_recipients,/
parent,23,inactivity-retention,days_inactive=2,3,NONE,retention,no_recipients,/
parent,23,inactivity-retention,days_inactive=3,0,NONE,retention,no_recipients,/
parent,23,inactivity-retention,days_inactive=3,1,NONE,retention,no_recipients,/
parent,23,inactivity-retention,days_inactive=3,2,NONE,retention,no_recipients,/
parent,23,inactivity-retention,days_inactive=3,3,NONE,retention,no_recipients,/
parent,23,inactivity-retention,days_inactive=7,0,retention,retention,n/a,/
parent,23,inactivity-retention,days_inactive=7,1,retention,retention,n/a,/
parent,23,inactivity-retention,days_inactive=7,2,retention,retention,n/a,/
parent,23,inactivity-retention,days_inactive=7,3,NONE,retention,daily_cap,/
parent,0,admin-broadcast,audience_type=all;channel_choice=encouragement,0,encouragement,encouragement,n/a,n/a (admin-typed per broadcast; empty = no navigation)
parent,0,admin-broadcast,audience_type=all;channel_choice=encouragement,1,encouragement,encouragement,n/a,n/a (admin-typed per broadcast; empty = no navigation)
parent,0,admin-broadcast,audience_type=all;channel_choice=encouragement,2,encouragement,encouragement,n/a,n/a (admin-typed per broadcast; empty = no navigation)
parent,0,admin-broadcast,audience_type=all;channel_choice=encouragement,3,encouragement,encouragement,n/a,n/a (admin-typed per broadcast; empty = no navigation)
parent,0,admin-broadcast,audience_type=all;channel_choice=community,0,community,community,n/a,n/a (admin-typed per broadcast; empty = no navigation)
parent,0,admin-broadcast,audience_type=all;channel_choice=community,1,community,community,n/a,n/a (admin-typed per broadcast; empty = no navigation)
parent,0,admin-broadcast,audience_type=all;channel_choice=community,2,community,community,n/a,n/a (admin-typed per broadcast; empty = no navigation)
parent,0,admin-broadcast,audience_type=all;channel_choice=community,3,NONE,community,daily_cap,n/a (admin-typed per broadcast; empty = no navigation)
parent,0,admin-broadcast,audience_type=active_users;channel_choice=encouragement,0,encouragement,encouragement,n/a,n/a (admin-typed per broadcast; empty = no navigation)
parent,0,admin-broadcast,audience_type=active_users;channel_choice=encouragement,1,encouragement,encouragement,n/a,n/a (admin-typed per broadcast; empty = no navigation)
parent,0,admin-broadcast,audience_type=active_users;channel_choice=encouragement,2,encouragement,encouragement,n/a,n/a (admin-typed per broadcast; empty = no navigation)
parent,0,admin-broadcast,audience_type=active_users;channel_choice=encouragement,3,encouragement,encouragement,n/a,n/a (admin-typed per broadcast; empty = no navigation)
parent,0,admin-broadcast,audience_type=active_users;channel_choice=community,0,community,community,n/a,n/a (admin-typed per broadcast; empty = no navigation)
parent,0,admin-broadcast,audience_type=active_users;channel_choice=community,1,community,community,n/a,n/a (admin-typed per broadcast; empty = no navigation)
parent,0,admin-broadcast,audience_type=active_users;channel_choice=community,2,community,community,n/a,n/a (admin-typed per broadcast; empty = no navigation)
parent,0,admin-broadcast,audience_type=active_users;channel_choice=community,3,NONE,community,daily_cap,n/a (admin-typed per broadcast; empty = no navigation)
parent,0,admin-broadcast,audience_type=inactive_users;channel_choice=encouragement,0,encouragement,encouragement,n/a,n/a (admin-typed per broadcast; empty = no navigation)
parent,0,admin-broadcast,audience_type=inactive_users;channel_choice=encouragement,1,encouragement,encouragement,n/a,n/a (admin-typed per broadcast; empty = no navigation)
parent,0,admin-broadcast,audience_type=inactive_users;channel_choice=encouragement,2,encouragement,encouragement,n/a,n/a (admin-typed per broadcast; empty = no navigation)
parent,0,admin-broadcast,audience_type=inactive_users;channel_choice=encouragement,3,encouragement,encouragement,n/a,n/a (admin-typed per broadcast; empty = no navigation)
parent,0,admin-broadcast,audience_type=inactive_users;channel_choice=community,0,community,community,n/a,n/a (admin-typed per broadcast; empty = no navigation)
parent,0,admin-broadcast,audience_type=inactive_users;channel_choice=community,1,community,community,n/a,n/a (admin-typed per broadcast; empty = no navigation)
parent,0,admin-broadcast,audience_type=inactive_users;channel_choice=community,2,community,community,n/a,n/a (admin-typed per broadcast; empty = no navigation)
parent,0,admin-broadcast,audience_type=inactive_users;channel_choice=community,3,NONE,community,daily_cap,n/a (admin-typed per broadcast; empty = no navigation)
parent,0,admin-broadcast,audience_type=park_users;channel_choice=encouragement,0,encouragement,encouragement,n/a,n/a (admin-typed per broadcast; empty = no navigation)
parent,0,admin-broadcast,audience_type=park_users;channel_choice=encouragement,1,encouragement,encouragement,n/a,n/a (admin-typed per broadcast; empty = no navigation)
parent,0,admin-broadcast,audience_type=park_users;channel_choice=encouragement,2,encouragement,encouragement,n/a,n/a (admin-typed per broadcast; empty = no navigation)
parent,0,admin-broadcast,audience_type=park_users;channel_choice=encouragement,3,encouragement,encouragement,n/a,n/a (admin-typed per broadcast; empty = no navigation)
parent,0,admin-broadcast,audience_type=park_users;channel_choice=community,0,community,community,n/a,n/a (admin-typed per broadcast; empty = no navigation)
parent,0,admin-broadcast,audience_type=park_users;channel_choice=community,1,community,community,n/a,n/a (admin-typed per broadcast; empty = no navigation)
parent,0,admin-broadcast,audience_type=park_users;channel_choice=community,2,community,community,n/a,n/a (admin-typed per broadcast; empty = no navigation)
parent,0,admin-broadcast,audience_type=park_users;channel_choice=community,3,NONE,community,daily_cap,n/a (admin-typed per broadcast; empty = no navigation)
parent,1,admin-broadcast,audience_type=all;channel_choice=encouragement,0,encouragement,encouragement,n/a,n/a (admin-typed per broadcast; empty = no navigation)
parent,1,admin-broadcast,audience_type=all;channel_choice=encouragement,1,encouragement,encouragement,n/a,n/a (admin-typed per broadcast; empty = no navigation)
parent,1,admin-broadcast,audience_type=all;channel_choice=encouragement,2,encouragement,encouragement,n/a,n/a (admin-typed per broadcast; empty = no navigation)
parent,1,admin-broadcast,audience_type=all;channel_choice=encouragement,3,encouragement,encouragement,n/a,n/a (admin-typed per broadcast; empty = no navigation)
parent,1,admin-broadcast,audience_type=all;channel_choice=community,0,community,community,n/a,n/a (admin-typed per broadcast; empty = no navigation)
parent,1,admin-broadcast,audience_type=all;channel_choice=community,1,community,community,n/a,n/a (admin-typed per broadcast; empty = no navigation)
parent,1,admin-broadcast,audience_type=all;channel_choice=community,2,community,community,n/a,n/a (admin-typed per broadcast; empty = no navigation)
parent,1,admin-broadcast,audience_type=all;channel_choice=community,3,NONE,community,daily_cap,n/a (admin-typed per broadcast; empty = no navigation)
parent,1,admin-broadcast,audience_type=active_users;channel_choice=encouragement,0,encouragement,encouragement,n/a,n/a (admin-typed per broadcast; empty = no navigation)
parent,1,admin-broadcast,audience_type=active_users;channel_choice=encouragement,1,encouragement,encouragement,n/a,n/a (admin-typed per broadcast; empty = no navigation)
parent,1,admin-broadcast,audience_type=active_users;channel_choice=encouragement,2,encouragement,encouragement,n/a,n/a (admin-typed per broadcast; empty = no navigation)
parent,1,admin-broadcast,audience_type=active_users;channel_choice=encouragement,3,encouragement,encouragement,n/a,n/a (admin-typed per broadcast; empty = no navigation)
parent,1,admin-broadcast,audience_type=active_users;channel_choice=community,0,community,community,n/a,n/a (admin-typed per broadcast; empty = no navigation)
parent,1,admin-broadcast,audience_type=active_users;channel_choice=community,1,community,community,n/a,n/a (admin-typed per broadcast; empty = no navigation)
parent,1,admin-broadcast,audience_type=active_users;channel_choice=community,2,community,community,n/a,n/a (admin-typed per broadcast; empty = no navigation)
parent,1,admin-broadcast,audience_type=active_users;channel_choice=community,3,NONE,community,daily_cap,n/a (admin-typed per broadcast; empty = no navigation)
parent,1,admin-broadcast,audience_type=inactive_users;channel_choice=encouragement,0,encouragement,encouragement,n/a,n/a (admin-typed per broadcast; empty = no navigation)
parent,1,admin-broadcast,audience_type=inactive_users;channel_choice=encouragement,1,encouragement,encouragement,n/a,n/a (admin-typed per broadcast; empty = no navigation)
parent,1,admin-broadcast,audience_type=inactive_users;channel_choice=encouragement,2,encouragement,encouragement,n/a,n/a (admin-typed per broadcast; empty = no navigation)
parent,1,admin-broadcast,audience_type=inactive_users;channel_choice=encouragement,3,encouragement,encouragement,n/a,n/a (admin-typed per broadcast; empty = no navigation)
parent,1,admin-broadcast,audience_type=inactive_users;channel_choice=community,0,community,community,n/a,n/a (admin-typed per broadcast; empty = no navigation)
parent,1,admin-broadcast,audience_type=inactive_users;channel_choice=community,1,community,community,n/a,n/a (admin-typed per broadcast; empty = no navigation)
parent,1,admin-broadcast,audience_type=inactive_users;channel_choice=community,2,community,community,n/a,n/a (admin-typed per broadcast; empty = no navigation)
parent,1,admin-broadcast,audience_type=inactive_users;channel_choice=community,3,NONE,community,daily_cap,n/a (admin-typed per broadcast; empty = no navigation)
parent,1,admin-broadcast,audience_type=park_users;channel_choice=encouragement,0,encouragement,encouragement,n/a,n/a (admin-typed per broadcast; empty = no navigation)
parent,1,admin-broadcast,audience_type=park_users;channel_choice=encouragement,1,encouragement,encouragement,n/a,n/a (admin-typed per broadcast; empty = no navigation)
parent,1,admin-broadcast,audience_type=park_users;channel_choice=encouragement,2,encouragement,encouragement,n/a,n/a (admin-typed per broadcast; empty = no navigation)
parent,1,admin-broadcast,audience_type=park_users;channel_choice=encouragement,3,encouragement,encouragement,n/a,n/a (admin-typed per broadcast; empty = no navigation)
parent,1,admin-broadcast,audience_type=park_users;channel_choice=community,0,community,community,n/a,n/a (admin-typed per broadcast; empty = no navigation)
parent,1,admin-broadcast,audience_type=park_users;channel_choice=community,1,community,community,n/a,n/a (admin-typed per broadcast; empty = no navigation)
parent,1,admin-broadcast,audience_type=park_users;channel_choice=community,2,community,community,n/a,n/a (admin-typed per broadcast; empty = no navigation)
parent,1,admin-broadcast,audience_type=park_users;channel_choice=community,3,NONE,community,daily_cap,n/a (admin-typed per broadcast; empty = no navigation)
parent,2,admin-broadcast,audience_type=all;channel_choice=encouragement,0,encouragement,encouragement,n/a,n/a (admin-typed per broadcast; empty = no navigation)
parent,2,admin-broadcast,audience_type=all;channel_choice=encouragement,1,encouragement,encouragement,n/a,n/a (admin-typed per broadcast; empty = no navigation)
parent,2,admin-broadcast,audience_type=all;channel_choice=encouragement,2,encouragement,encouragement,n/a,n/a (admin-typed per broadcast; empty = no navigation)
parent,2,admin-broadcast,audience_type=all;channel_choice=encouragement,3,encouragement,encouragement,n/a,n/a (admin-typed per broadcast; empty = no navigation)
parent,2,admin-broadcast,audience_type=all;channel_choice=community,0,community,community,n/a,n/a (admin-typed per broadcast; empty = no navigation)
parent,2,admin-broadcast,audience_type=all;channel_choice=community,1,community,community,n/a,n/a (admin-typed per broadcast; empty = no navigation)
parent,2,admin-broadcast,audience_type=all;channel_choice=community,2,community,community,n/a,n/a (admin-typed per broadcast; empty = no navigation)
parent,2,admin-broadcast,audience_type=all;channel_choice=community,3,NONE,community,daily_cap,n/a (admin-typed per broadcast; empty = no navigation)
parent,2,admin-broadcast,audience_type=active_users;channel_choice=encouragement,0,encouragement,encouragement,n/a,n/a (admin-typed per broadcast; empty = no navigation)
parent,2,admin-broadcast,audience_type=active_users;channel_choice=encouragement,1,encouragement,encouragement,n/a,n/a (admin-typed per broadcast; empty = no navigation)
parent,2,admin-broadcast,audience_type=active_users;channel_choice=encouragement,2,encouragement,encouragement,n/a,n/a (admin-typed per broadcast; empty = no navigation)
parent,2,admin-broadcast,audience_type=active_users;channel_choice=encouragement,3,encouragement,encouragement,n/a,n/a (admin-typed per broadcast; empty = no navigation)
parent,2,admin-broadcast,audience_type=active_users;channel_choice=community,0,community,community,n/a,n/a (admin-typed per broadcast; empty = no navigation)
parent,2,admin-broadcast,audience_type=active_users;channel_choice=community,1,community,community,n/a,n/a (admin-typed per broadcast; empty = no navigation)
parent,2,admin-broadcast,audience_type=active_users;channel_choice=community,2,community,community,n/a,n/a (admin-typed per broadcast; empty = no navigation)
parent,2,admin-broadcast,audience_type=active_users;channel_choice=community,3,NONE,community,daily_cap,n/a (admin-typed per broadcast; empty = no navigation)
parent,2,admin-broadcast,audience_type=inactive_users;channel_choice=encouragement,0,encouragement,encouragement,n/a,n/a (admin-typed per broadcast; empty = no navigation)
parent,2,admin-broadcast,audience_type=inactive_users;channel_choice=encouragement,1,encouragement,encouragement,n/a,n/a (admin-typed per broadcast; empty = no navigation)
parent,2,admin-broadcast,audience_type=inactive_users;channel_choice=encouragement,2,encouragement,encouragement,n/a,n/a (admin-typed per broadcast; empty = no navigation)
parent,2,admin-broadcast,audience_type=inactive_users;channel_choice=encouragement,3,encouragement,encouragement,n/a,n/a (admin-typed per broadcast; empty = no navigation)
parent,2,admin-broadcast,audience_type=inactive_users;channel_choice=community,0,community,community,n/a,n/a (admin-typed per broadcast; empty = no navigation)
parent,2,admin-broadcast,audience_type=inactive_users;channel_choice=community,1,community,community,n/a,n/a (admin-typed per broadcast; empty = no navigation)
parent,2,admin-broadcast,audience_type=inactive_users;channel_choice=community,2,community,community,n/a,n/a (admin-typed per broadcast; empty = no navigation)
parent,2,admin-broadcast,audience_type=inactive_users;channel_choice=community,3,NONE,community,daily_cap,n/a (admin-typed per broadcast; empty = no navigation)
parent,2,admin-broadcast,audience_type=park_users;channel_choice=encouragement,0,encouragement,encouragement,n/a,n/a (admin-typed per broadcast; empty = no navigation)
parent,2,admin-broadcast,audience_type=park_users;channel_choice=encouragement,1,encouragement,encouragement,n/a,n/a (admin-typed per broadcast; empty = no navigation)
parent,2,admin-broadcast,audience_type=park_users;channel_choice=encouragement,2,encouragement,encouragement,n/a,n/a (admin-typed per broadcast; empty = no navigation)
parent,2,admin-broadcast,audience_type=park_users;channel_choice=encouragement,3,encouragement,encouragement,n/a,n/a (admin-typed per broadcast; empty = no navigation)
parent,2,admin-broadcast,audience_type=park_users;channel_choice=community,0,community,community,n/a,n/a (admin-typed per broadcast; empty = no navigation)
parent,2,admin-broadcast,audience_type=park_users;channel_choice=community,1,community,community,n/a,n/a (admin-typed per broadcast; empty = no navigation)
parent,2,admin-broadcast,audience_type=park_users;channel_choice=community,2,community,community,n/a,n/a (admin-typed per broadcast; empty = no navigation)
parent,2,admin-broadcast,audience_type=park_users;channel_choice=community,3,NONE,community,daily_cap,n/a (admin-typed per broadcast; empty = no navigation)
parent,3,admin-broadcast,audience_type=all;channel_choice=encouragement,0,encouragement,encouragement,n/a,n/a (admin-typed per broadcast; empty = no navigation)
parent,3,admin-broadcast,audience_type=all;channel_choice=encouragement,1,encouragement,encouragement,n/a,n/a (admin-typed per broadcast; empty = no navigation)
parent,3,admin-broadcast,audience_type=all;channel_choice=encouragement,2,encouragement,encouragement,n/a,n/a (admin-typed per broadcast; empty = no navigation)
parent,3,admin-broadcast,audience_type=all;channel_choice=encouragement,3,encouragement,encouragement,n/a,n/a (admin-typed per broadcast; empty = no navigation)
parent,3,admin-broadcast,audience_type=all;channel_choice=community,0,community,community,n/a,n/a (admin-typed per broadcast; empty = no navigation)
parent,3,admin-broadcast,audience_type=all;channel_choice=community,1,community,community,n/a,n/a (admin-typed per broadcast; empty = no navigation)
parent,3,admin-broadcast,audience_type=all;channel_choice=community,2,community,community,n/a,n/a (admin-typed per broadcast; empty = no navigation)
parent,3,admin-broadcast,audience_type=all;channel_choice=community,3,NONE,community,daily_cap,n/a (admin-typed per broadcast; empty = no navigation)
parent,3,admin-broadcast,audience_type=active_users;channel_choice=encouragement,0,encouragement,encouragement,n/a,n/a (admin-typed per broadcast; empty = no navigation)
parent,3,admin-broadcast,audience_type=active_users;channel_choice=encouragement,1,encouragement,encouragement,n/a,n/a (admin-typed per broadcast; empty = no navigation)
parent,3,admin-broadcast,audience_type=active_users;channel_choice=encouragement,2,encouragement,encouragement,n/a,n/a (admin-typed per broadcast; empty = no navigation)
parent,3,admin-broadcast,audience_type=active_users;channel_choice=encouragement,3,encouragement,encouragement,n/a,n/a (admin-typed per broadcast; empty = no navigation)
parent,3,admin-broadcast,audience_type=active_users;channel_choice=community,0,community,community,n/a,n/a (admin-typed per broadcast; empty = no navigation)
parent,3,admin-broadcast,audience_type=active_users;channel_choice=community,1,community,community,n/a,n/a (admin-typed per broadcast; empty = no navigation)
parent,3,admin-broadcast,audience_type=active_users;channel_choice=community,2,community,community,n/a,n/a (admin-typed per broadcast; empty = no navigation)
parent,3,admin-broadcast,audience_type=active_users;channel_choice=community,3,NONE,community,daily_cap,n/a (admin-typed per broadcast; empty = no navigation)
parent,3,admin-broadcast,audience_type=inactive_users;channel_choice=encouragement,0,encouragement,encouragement,n/a,n/a (admin-typed per broadcast; empty = no navigation)
parent,3,admin-broadcast,audience_type=inactive_users;channel_choice=encouragement,1,encouragement,encouragement,n/a,n/a (admin-typed per broadcast; empty = no navigation)
parent,3,admin-broadcast,audience_type=inactive_users;channel_choice=encouragement,2,encouragement,encouragement,n/a,n/a (admin-typed per broadcast; empty = no navigation)
parent,3,admin-broadcast,audience_type=inactive_users;channel_choice=encouragement,3,encouragement,encouragement,n/a,n/a (admin-typed per broadcast; empty = no navigation)
parent,3,admin-broadcast,audience_type=inactive_users;channel_choice=community,0,community,community,n/a,n/a (admin-typed per broadcast; empty = no navigation)
parent,3,admin-broadcast,audience_type=inactive_users;channel_choice=community,1,community,community,n/a,n/a (admin-typed per broadcast; empty = no navigation)
parent,3,admin-broadcast,audience_type=inactive_users;channel_choice=community,2,community,community,n/a,n/a (admin-typed per broadcast; empty = no navigation)
parent,3,admin-broadcast,audience_type=inactive_users;channel_choice=community,3,NONE,community,daily_cap,n/a (admin-typed per broadcast; empty = no navigation)
parent,3,admin-broadcast,audience_type=park_users;channel_choice=encouragement,0,encouragement,encouragement,n/a,n/a (admin-typed per broadcast; empty = no navigation)
parent,3,admin-broadcast,audience_type=park_users;channel_choice=encouragement,1,encouragement,encouragement,n/a,n/a (admin-typed per broadcast; empty = no navigation)
parent,3,admin-broadcast,audience_type=park_users;channel_choice=encouragement,2,encouragement,encouragement,n/a,n/a (admin-typed per broadcast; empty = no navigation)
parent,3,admin-broadcast,audience_type=park_users;channel_choice=encouragement,3,encouragement,encouragement,n/a,n/a (admin-typed per broadcast; empty = no navigation)
parent,3,admin-broadcast,audience_type=park_users;channel_choice=community,0,community,community,n/a,n/a (admin-typed per broadcast; empty = no navigation)
parent,3,admin-broadcast,audience_type=park_users;channel_choice=community,1,community,community,n/a,n/a (admin-typed per broadcast; empty = no navigation)
parent,3,admin-broadcast,audience_type=park_users;channel_choice=community,2,community,community,n/a,n/a (admin-typed per broadcast; empty = no navigation)
parent,3,admin-broadcast,audience_type=park_users;channel_choice=community,3,NONE,community,daily_cap,n/a (admin-typed per broadcast; empty = no navigation)
parent,4,admin-broadcast,audience_type=all;channel_choice=encouragement,0,encouragement,encouragement,n/a,n/a (admin-typed per broadcast; empty = no navigation)
parent,4,admin-broadcast,audience_type=all;channel_choice=encouragement,1,encouragement,encouragement,n/a,n/a (admin-typed per broadcast; empty = no navigation)
parent,4,admin-broadcast,audience_type=all;channel_choice=encouragement,2,encouragement,encouragement,n/a,n/a (admin-typed per broadcast; empty = no navigation)
parent,4,admin-broadcast,audience_type=all;channel_choice=encouragement,3,encouragement,encouragement,n/a,n/a (admin-typed per broadcast; empty = no navigation)
parent,4,admin-broadcast,audience_type=all;channel_choice=community,0,community,community,n/a,n/a (admin-typed per broadcast; empty = no navigation)
parent,4,admin-broadcast,audience_type=all;channel_choice=community,1,community,community,n/a,n/a (admin-typed per broadcast; empty = no navigation)
parent,4,admin-broadcast,audience_type=all;channel_choice=community,2,community,community,n/a,n/a (admin-typed per broadcast; empty = no navigation)
parent,4,admin-broadcast,audience_type=all;channel_choice=community,3,NONE,community,daily_cap,n/a (admin-typed per broadcast; empty = no navigation)
parent,4,admin-broadcast,audience_type=active_users;channel_choice=encouragement,0,encouragement,encouragement,n/a,n/a (admin-typed per broadcast; empty = no navigation)
parent,4,admin-broadcast,audience_type=active_users;channel_choice=encouragement,1,encouragement,encouragement,n/a,n/a (admin-typed per broadcast; empty = no navigation)
parent,4,admin-broadcast,audience_type=active_users;channel_choice=encouragement,2,encouragement,encouragement,n/a,n/a (admin-typed per broadcast; empty = no navigation)
parent,4,admin-broadcast,audience_type=active_users;channel_choice=encouragement,3,encouragement,encouragement,n/a,n/a (admin-typed per broadcast; empty = no navigation)
parent,4,admin-broadcast,audience_type=active_users;channel_choice=community,0,community,community,n/a,n/a (admin-typed per broadcast; empty = no navigation)
parent,4,admin-broadcast,audience_type=active_users;channel_choice=community,1,community,community,n/a,n/a (admin-typed per broadcast; empty = no navigation)
parent,4,admin-broadcast,audience_type=active_users;channel_choice=community,2,community,community,n/a,n/a (admin-typed per broadcast; empty = no navigation)
parent,4,admin-broadcast,audience_type=active_users;channel_choice=community,3,NONE,community,daily_cap,n/a (admin-typed per broadcast; empty = no navigation)
parent,4,admin-broadcast,audience_type=inactive_users;channel_choice=encouragement,0,encouragement,encouragement,n/a,n/a (admin-typed per broadcast; empty = no navigation)
parent,4,admin-broadcast,audience_type=inactive_users;channel_choice=encouragement,1,encouragement,encouragement,n/a,n/a (admin-typed per broadcast; empty = no navigation)
parent,4,admin-broadcast,audience_type=inactive_users;channel_choice=encouragement,2,encouragement,encouragement,n/a,n/a (admin-typed per broadcast; empty = no navigation)
parent,4,admin-broadcast,audience_type=inactive_users;channel_choice=encouragement,3,encouragement,encouragement,n/a,n/a (admin-typed per broadcast; empty = no navigation)
parent,4,admin-broadcast,audience_type=inactive_users;channel_choice=community,0,community,community,n/a,n/a (admin-typed per broadcast; empty = no navigation)
parent,4,admin-broadcast,audience_type=inactive_users;channel_choice=community,1,community,community,n/a,n/a (admin-typed per broadcast; empty = no navigation)
parent,4,admin-broadcast,audience_type=inactive_users;channel_choice=community,2,community,community,n/a,n/a (admin-typed per broadcast; empty = no navigation)
parent,4,admin-broadcast,audience_type=inactive_users;channel_choice=community,3,NONE,community,daily_cap,n/a (admin-typed per broadcast; empty = no navigation)
parent,4,admin-broadcast,audience_type=park_users;channel_choice=encouragement,0,encouragement,encouragement,n/a,n/a (admin-typed per broadcast; empty = no navigation)
parent,4,admin-broadcast,audience_type=park_users;channel_choice=encouragement,1,encouragement,encouragement,n/a,n/a (admin-typed per broadcast; empty = no navigation)
parent,4,admin-broadcast,audience_type=park_users;channel_choice=encouragement,2,encouragement,encouragement,n/a,n/a (admin-typed per broadcast; empty = no navigation)
parent,4,admin-broadcast,audience_type=park_users;channel_choice=encouragement,3,encouragement,encouragement,n/a,n/a (admin-typed per broadcast; empty = no navigation)
parent,4,admin-broadcast,audience_type=park_users;channel_choice=community,0,community,community,n/a,n/a (admin-typed per broadcast; empty = no navigation)
parent,4,admin-broadcast,audience_type=park_users;channel_choice=community,1,community,community,n/a,n/a (admin-typed per broadcast; empty = no navigation)
parent,4,admin-broadcast,audience_type=park_users;channel_choice=community,2,community,community,n/a,n/a (admin-typed per broadcast; empty = no navigation)
parent,4,admin-broadcast,audience_type=park_users;channel_choice=community,3,NONE,community,daily_cap,n/a (admin-typed per broadcast; empty = no navigation)
parent,5,admin-broadcast,audience_type=all;channel_choice=encouragement,0,encouragement,encouragement,n/a,n/a (admin-typed per broadcast; empty = no navigation)
parent,5,admin-broadcast,audience_type=all;channel_choice=encouragement,1,encouragement,encouragement,n/a,n/a (admin-typed per broadcast; empty = no navigation)
parent,5,admin-broadcast,audience_type=all;channel_choice=encouragement,2,encouragement,encouragement,n/a,n/a (admin-typed per broadcast; empty = no navigation)
parent,5,admin-broadcast,audience_type=all;channel_choice=encouragement,3,encouragement,encouragement,n/a,n/a (admin-typed per broadcast; empty = no navigation)
parent,5,admin-broadcast,audience_type=all;channel_choice=community,0,community,community,n/a,n/a (admin-typed per broadcast; empty = no navigation)
parent,5,admin-broadcast,audience_type=all;channel_choice=community,1,community,community,n/a,n/a (admin-typed per broadcast; empty = no navigation)
parent,5,admin-broadcast,audience_type=all;channel_choice=community,2,community,community,n/a,n/a (admin-typed per broadcast; empty = no navigation)
parent,5,admin-broadcast,audience_type=all;channel_choice=community,3,NONE,community,daily_cap,n/a (admin-typed per broadcast; empty = no navigation)
parent,5,admin-broadcast,audience_type=active_users;channel_choice=encouragement,0,encouragement,encouragement,n/a,n/a (admin-typed per broadcast; empty = no navigation)
parent,5,admin-broadcast,audience_type=active_users;channel_choice=encouragement,1,encouragement,encouragement,n/a,n/a (admin-typed per broadcast; empty = no navigation)
parent,5,admin-broadcast,audience_type=active_users;channel_choice=encouragement,2,encouragement,encouragement,n/a,n/a (admin-typed per broadcast; empty = no navigation)
parent,5,admin-broadcast,audience_type=active_users;channel_choice=encouragement,3,encouragement,encouragement,n/a,n/a (admin-typed per broadcast; empty = no navigation)
parent,5,admin-broadcast,audience_type=active_users;channel_choice=community,0,community,community,n/a,n/a (admin-typed per broadcast; empty = no navigation)
parent,5,admin-broadcast,audience_type=active_users;channel_choice=community,1,community,community,n/a,n/a (admin-typed per broadcast; empty = no navigation)
parent,5,admin-broadcast,audience_type=active_users;channel_choice=community,2,community,community,n/a,n/a (admin-typed per broadcast; empty = no navigation)
parent,5,admin-broadcast,audience_type=active_users;channel_choice=community,3,NONE,community,daily_cap,n/a (admin-typed per broadcast; empty = no navigation)
parent,5,admin-broadcast,audience_type=inactive_users;channel_choice=encouragement,0,encouragement,encouragement,n/a,n/a (admin-typed per broadcast; empty = no navigation)
parent,5,admin-broadcast,audience_type=inactive_users;channel_choice=encouragement,1,encouragement,encouragement,n/a,n/a (admin-typed per broadcast; empty = no navigation)
parent,5,admin-broadcast,audience_type=inactive_users;channel_choice=encouragement,2,encouragement,encouragement,n/a,n/a (admin-typed per broadcast; empty = no navigation)
parent,5,admin-broadcast,audience_type=inactive_users;channel_choice=encouragement,3,encouragement,encouragement,n/a,n/a (admin-typed per broadcast; empty = no navigation)
parent,5,admin-broadcast,audience_type=inactive_users;channel_choice=community,0,community,community,n/a,n/a (admin-typed per broadcast; empty = no navigation)
parent,5,admin-broadcast,audience_type=inactive_users;channel_choice=community,1,community,community,n/a,n/a (admin-typed per broadcast; empty = no navigation)
parent,5,admin-broadcast,audience_type=inactive_users;channel_choice=community,2,community,community,n/a,n/a (admin-typed per broadcast; empty = no navigation)
parent,5,admin-broadcast,audience_type=inactive_users;channel_choice=community,3,NONE,community,daily_cap,n/a (admin-typed per broadcast; empty = no navigation)
parent,5,admin-broadcast,audience_type=park_users;channel_choice=encouragement,0,encouragement,encouragement,n/a,n/a (admin-typed per broadcast; empty = no navigation)
parent,5,admin-broadcast,audience_type=park_users;channel_choice=encouragement,1,encouragement,encouragement,n/a,n/a (admin-typed per broadcast; empty = no navigation)
parent,5,admin-broadcast,audience_type=park_users;channel_choice=encouragement,2,encouragement,encouragement,n/a,n/a (admin-typed per broadcast; empty = no navigation)
parent,5,admin-broadcast,audience_type=park_users;channel_choice=encouragement,3,encouragement,encouragement,n/a,n/a (admin-typed per broadcast; empty = no navigation)
parent,5,admin-broadcast,audience_type=park_users;channel_choice=community,0,community,community,n/a,n/a (admin-typed per broadcast; empty = no navigation)
parent,5,admin-broadcast,audience_type=park_users;channel_choice=community,1,community,community,n/a,n/a (admin-typed per broadcast; empty = no navigation)
parent,5,admin-broadcast,audience_type=park_users;channel_choice=community,2,community,community,n/a,n/a (admin-typed per broadcast; empty = no navigation)
parent,5,admin-broadcast,audience_type=park_users;channel_choice=community,3,NONE,community,daily_cap,n/a (admin-typed per broadcast; empty = no navigation)
parent,6,admin-broadcast,audience_type=all;channel_choice=encouragement,0,encouragement,encouragement,n/a,n/a (admin-typed per broadcast; empty = no navigation)
parent,6,admin-broadcast,audience_type=all;channel_choice=encouragement,1,encouragement,encouragement,n/a,n/a (admin-typed per broadcast; empty = no navigation)
parent,6,admin-broadcast,audience_type=all;channel_choice=encouragement,2,encouragement,encouragement,n/a,n/a (admin-typed per broadcast; empty = no navigation)
parent,6,admin-broadcast,audience_type=all;channel_choice=encouragement,3,encouragement,encouragement,n/a,n/a (admin-typed per broadcast; empty = no navigation)
parent,6,admin-broadcast,audience_type=all;channel_choice=community,0,community,community,n/a,n/a (admin-typed per broadcast; empty = no navigation)
parent,6,admin-broadcast,audience_type=all;channel_choice=community,1,community,community,n/a,n/a (admin-typed per broadcast; empty = no navigation)
parent,6,admin-broadcast,audience_type=all;channel_choice=community,2,community,community,n/a,n/a (admin-typed per broadcast; empty = no navigation)
parent,6,admin-broadcast,audience_type=all;channel_choice=community,3,NONE,community,daily_cap,n/a (admin-typed per broadcast; empty = no navigation)
parent,6,admin-broadcast,audience_type=active_users;channel_choice=encouragement,0,encouragement,encouragement,n/a,n/a (admin-typed per broadcast; empty = no navigation)
parent,6,admin-broadcast,audience_type=active_users;channel_choice=encouragement,1,encouragement,encouragement,n/a,n/a (admin-typed per broadcast; empty = no navigation)
parent,6,admin-broadcast,audience_type=active_users;channel_choice=encouragement,2,encouragement,encouragement,n/a,n/a (admin-typed per broadcast; empty = no navigation)
parent,6,admin-broadcast,audience_type=active_users;channel_choice=encouragement,3,encouragement,encouragement,n/a,n/a (admin-typed per broadcast; empty = no navigation)
parent,6,admin-broadcast,audience_type=active_users;channel_choice=community,0,community,community,n/a,n/a (admin-typed per broadcast; empty = no navigation)
parent,6,admin-broadcast,audience_type=active_users;channel_choice=community,1,community,community,n/a,n/a (admin-typed per broadcast; empty = no navigation)
parent,6,admin-broadcast,audience_type=active_users;channel_choice=community,2,community,community,n/a,n/a (admin-typed per broadcast; empty = no navigation)
parent,6,admin-broadcast,audience_type=active_users;channel_choice=community,3,NONE,community,daily_cap,n/a (admin-typed per broadcast; empty = no navigation)
parent,6,admin-broadcast,audience_type=inactive_users;channel_choice=encouragement,0,encouragement,encouragement,n/a,n/a (admin-typed per broadcast; empty = no navigation)
parent,6,admin-broadcast,audience_type=inactive_users;channel_choice=encouragement,1,encouragement,encouragement,n/a,n/a (admin-typed per broadcast; empty = no navigation)
parent,6,admin-broadcast,audience_type=inactive_users;channel_choice=encouragement,2,encouragement,encouragement,n/a,n/a (admin-typed per broadcast; empty = no navigation)
parent,6,admin-broadcast,audience_type=inactive_users;channel_choice=encouragement,3,encouragement,encouragement,n/a,n/a (admin-typed per broadcast; empty = no navigation)
parent,6,admin-broadcast,audience_type=inactive_users;channel_choice=community,0,community,community,n/a,n/a (admin-typed per broadcast; empty = no navigation)
parent,6,admin-broadcast,audience_type=inactive_users;channel_choice=community,1,community,community,n/a,n/a (admin-typed per broadcast; empty = no navigation)
parent,6,admin-broadcast,audience_type=inactive_users;channel_choice=community,2,community,community,n/a,n/a (admin-typed per broadcast; empty = no navigation)
parent,6,admin-broadcast,audience_type=inactive_users;channel_choice=community,3,NONE,community,daily_cap,n/a (admin-typed per broadcast; empty = no navigation)
parent,6,admin-broadcast,audience_type=park_users;channel_choice=encouragement,0,encouragement,encouragement,n/a,n/a (admin-typed per broadcast; empty = no navigation)
parent,6,admin-broadcast,audience_type=park_users;channel_choice=encouragement,1,encouragement,encouragement,n/a,n/a (admin-typed per broadcast; empty = no navigation)
parent,6,admin-broadcast,audience_type=park_users;channel_choice=encouragement,2,encouragement,encouragement,n/a,n/a (admin-typed per broadcast; empty = no navigation)
parent,6,admin-broadcast,audience_type=park_users;channel_choice=encouragement,3,encouragement,encouragement,n/a,n/a (admin-typed per broadcast; empty = no navigation)
parent,6,admin-broadcast,audience_type=park_users;channel_choice=community,0,community,community,n/a,n/a (admin-typed per broadcast; empty = no navigation)
parent,6,admin-broadcast,audience_type=park_users;channel_choice=community,1,community,community,n/a,n/a (admin-typed per broadcast; empty = no navigation)
parent,6,admin-broadcast,audience_type=park_users;channel_choice=community,2,community,community,n/a,n/a (admin-typed per broadcast; empty = no navigation)
parent,6,admin-broadcast,audience_type=park_users;channel_choice=community,3,NONE,community,daily_cap,n/a (admin-typed per broadcast; empty = no navigation)
parent,7,admin-broadcast,audience_type=all;channel_choice=encouragement,0,encouragement,encouragement,n/a,n/a (admin-typed per broadcast; empty = no navigation)
parent,7,admin-broadcast,audience_type=all;channel_choice=encouragement,1,encouragement,encouragement,n/a,n/a (admin-typed per broadcast; empty = no navigation)
parent,7,admin-broadcast,audience_type=all;channel_choice=encouragement,2,encouragement,encouragement,n/a,n/a (admin-typed per broadcast; empty = no navigation)
parent,7,admin-broadcast,audience_type=all;channel_choice=encouragement,3,encouragement,encouragement,n/a,n/a (admin-typed per broadcast; empty = no navigation)
parent,7,admin-broadcast,audience_type=all;channel_choice=community,0,community,community,n/a,n/a (admin-typed per broadcast; empty = no navigation)
parent,7,admin-broadcast,audience_type=all;channel_choice=community,1,community,community,n/a,n/a (admin-typed per broadcast; empty = no navigation)
parent,7,admin-broadcast,audience_type=all;channel_choice=community,2,community,community,n/a,n/a (admin-typed per broadcast; empty = no navigation)
parent,7,admin-broadcast,audience_type=all;channel_choice=community,3,NONE,community,daily_cap,n/a (admin-typed per broadcast; empty = no navigation)
parent,7,admin-broadcast,audience_type=active_users;channel_choice=encouragement,0,encouragement,encouragement,n/a,n/a (admin-typed per broadcast; empty = no navigation)
parent,7,admin-broadcast,audience_type=active_users;channel_choice=encouragement,1,encouragement,encouragement,n/a,n/a (admin-typed per broadcast; empty = no navigation)
parent,7,admin-broadcast,audience_type=active_users;channel_choice=encouragement,2,encouragement,encouragement,n/a,n/a (admin-typed per broadcast; empty = no navigation)
parent,7,admin-broadcast,audience_type=active_users;channel_choice=encouragement,3,encouragement,encouragement,n/a,n/a (admin-typed per broadcast; empty = no navigation)
parent,7,admin-broadcast,audience_type=active_users;channel_choice=community,0,community,community,n/a,n/a (admin-typed per broadcast; empty = no navigation)
parent,7,admin-broadcast,audience_type=active_users;channel_choice=community,1,community,community,n/a,n/a (admin-typed per broadcast; empty = no navigation)
parent,7,admin-broadcast,audience_type=active_users;channel_choice=community,2,community,community,n/a,n/a (admin-typed per broadcast; empty = no navigation)
parent,7,admin-broadcast,audience_type=active_users;channel_choice=community,3,NONE,community,daily_cap,n/a (admin-typed per broadcast; empty = no navigation)
parent,7,admin-broadcast,audience_type=inactive_users;channel_choice=encouragement,0,encouragement,encouragement,n/a,n/a (admin-typed per broadcast; empty = no navigation)
parent,7,admin-broadcast,audience_type=inactive_users;channel_choice=encouragement,1,encouragement,encouragement,n/a,n/a (admin-typed per broadcast; empty = no navigation)
parent,7,admin-broadcast,audience_type=inactive_users;channel_choice=encouragement,2,encouragement,encouragement,n/a,n/a (admin-typed per broadcast; empty = no navigation)
parent,7,admin-broadcast,audience_type=inactive_users;channel_choice=encouragement,3,encouragement,encouragement,n/a,n/a (admin-typed per broadcast; empty = no navigation)
parent,7,admin-broadcast,audience_type=inactive_users;channel_choice=community,0,community,community,n/a,n/a (admin-typed per broadcast; empty = no navigation)
parent,7,admin-broadcast,audience_type=inactive_users;channel_choice=community,1,community,community,n/a,n/a (admin-typed per broadcast; empty = no navigation)
parent,7,admin-broadcast,audience_type=inactive_users;channel_choice=community,2,community,community,n/a,n/a (admin-typed per broadcast; empty = no navigation)
parent,7,admin-broadcast,audience_type=inactive_users;channel_choice=community,3,NONE,community,daily_cap,n/a (admin-typed per broadcast; empty = no navigation)
parent,7,admin-broadcast,audience_type=park_users;channel_choice=encouragement,0,encouragement,encouragement,n/a,n/a (admin-typed per broadcast; empty = no navigation)
parent,7,admin-broadcast,audience_type=park_users;channel_choice=encouragement,1,encouragement,encouragement,n/a,n/a (admin-typed per broadcast; empty = no navigation)
parent,7,admin-broadcast,audience_type=park_users;channel_choice=encouragement,2,encouragement,encouragement,n/a,n/a (admin-typed per broadcast; empty = no navigation)
parent,7,admin-broadcast,audience_type=park_users;channel_choice=encouragement,3,encouragement,encouragement,n/a,n/a (admin-typed per broadcast; empty = no navigation)
parent,7,admin-broadcast,audience_type=park_users;channel_choice=community,0,community,community,n/a,n/a (admin-typed per broadcast; empty = no navigation)
parent,7,admin-broadcast,audience_type=park_users;channel_choice=community,1,community,community,n/a,n/a (admin-typed per broadcast; empty = no navigation)
parent,7,admin-broadcast,audience_type=park_users;channel_choice=community,2,community,community,n/a,n/a (admin-typed per broadcast; empty = no navigation)
parent,7,admin-broadcast,audience_type=park_users;channel_choice=community,3,NONE,community,daily_cap,n/a (admin-typed per broadcast; empty = no navigation)
parent,8,admin-broadcast,audience_type=all;channel_choice=encouragement,0,encouragement,encouragement,n/a,n/a (admin-typed per broadcast; empty = no navigation)
parent,8,admin-broadcast,audience_type=all;channel_choice=encouragement,1,encouragement,encouragement,n/a,n/a (admin-typed per broadcast; empty = no navigation)
parent,8,admin-broadcast,audience_type=all;channel_choice=encouragement,2,encouragement,encouragement,n/a,n/a (admin-typed per broadcast; empty = no navigation)
parent,8,admin-broadcast,audience_type=all;channel_choice=encouragement,3,encouragement,encouragement,n/a,n/a (admin-typed per broadcast; empty = no navigation)
parent,8,admin-broadcast,audience_type=all;channel_choice=community,0,community,community,n/a,n/a (admin-typed per broadcast; empty = no navigation)
parent,8,admin-broadcast,audience_type=all;channel_choice=community,1,community,community,n/a,n/a (admin-typed per broadcast; empty = no navigation)
parent,8,admin-broadcast,audience_type=all;channel_choice=community,2,community,community,n/a,n/a (admin-typed per broadcast; empty = no navigation)
parent,8,admin-broadcast,audience_type=all;channel_choice=community,3,NONE,community,daily_cap,n/a (admin-typed per broadcast; empty = no navigation)
parent,8,admin-broadcast,audience_type=active_users;channel_choice=encouragement,0,encouragement,encouragement,n/a,n/a (admin-typed per broadcast; empty = no navigation)
parent,8,admin-broadcast,audience_type=active_users;channel_choice=encouragement,1,encouragement,encouragement,n/a,n/a (admin-typed per broadcast; empty = no navigation)
parent,8,admin-broadcast,audience_type=active_users;channel_choice=encouragement,2,encouragement,encouragement,n/a,n/a (admin-typed per broadcast; empty = no navigation)
parent,8,admin-broadcast,audience_type=active_users;channel_choice=encouragement,3,encouragement,encouragement,n/a,n/a (admin-typed per broadcast; empty = no navigation)
parent,8,admin-broadcast,audience_type=active_users;channel_choice=community,0,community,community,n/a,n/a (admin-typed per broadcast; empty = no navigation)
parent,8,admin-broadcast,audience_type=active_users;channel_choice=community,1,community,community,n/a,n/a (admin-typed per broadcast; empty = no navigation)
parent,8,admin-broadcast,audience_type=active_users;channel_choice=community,2,community,community,n/a,n/a (admin-typed per broadcast; empty = no navigation)
parent,8,admin-broadcast,audience_type=active_users;channel_choice=community,3,NONE,community,daily_cap,n/a (admin-typed per broadcast; empty = no navigation)
parent,8,admin-broadcast,audience_type=inactive_users;channel_choice=encouragement,0,encouragement,encouragement,n/a,n/a (admin-typed per broadcast; empty = no navigation)
parent,8,admin-broadcast,audience_type=inactive_users;channel_choice=encouragement,1,encouragement,encouragement,n/a,n/a (admin-typed per broadcast; empty = no navigation)
parent,8,admin-broadcast,audience_type=inactive_users;channel_choice=encouragement,2,encouragement,encouragement,n/a,n/a (admin-typed per broadcast; empty = no navigation)
parent,8,admin-broadcast,audience_type=inactive_users;channel_choice=encouragement,3,encouragement,encouragement,n/a,n/a (admin-typed per broadcast; empty = no navigation)
parent,8,admin-broadcast,audience_type=inactive_users;channel_choice=community,0,community,community,n/a,n/a (admin-typed per broadcast; empty = no navigation)
parent,8,admin-broadcast,audience_type=inactive_users;channel_choice=community,1,community,community,n/a,n/a (admin-typed per broadcast; empty = no navigation)
parent,8,admin-broadcast,audience_type=inactive_users;channel_choice=community,2,community,community,n/a,n/a (admin-typed per broadcast; empty = no navigation)
parent,8,admin-broadcast,audience_type=inactive_users;channel_choice=community,3,NONE,community,daily_cap,n/a (admin-typed per broadcast; empty = no navigation)
parent,8,admin-broadcast,audience_type=park_users;channel_choice=encouragement,0,encouragement,encouragement,n/a,n/a (admin-typed per broadcast; empty = no navigation)
parent,8,admin-broadcast,audience_type=park_users;channel_choice=encouragement,1,encouragement,encouragement,n/a,n/a (admin-typed per broadcast; empty = no navigation)
parent,8,admin-broadcast,audience_type=park_users;channel_choice=encouragement,2,encouragement,encouragement,n/a,n/a (admin-typed per broadcast; empty = no navigation)
parent,8,admin-broadcast,audience_type=park_users;channel_choice=encouragement,3,encouragement,encouragement,n/a,n/a (admin-typed per broadcast; empty = no navigation)
parent,8,admin-broadcast,audience_type=park_users;channel_choice=community,0,community,community,n/a,n/a (admin-typed per broadcast; empty = no navigation)
parent,8,admin-broadcast,audience_type=park_users;channel_choice=community,1,community,community,n/a,n/a (admin-typed per broadcast; empty = no navigation)
parent,8,admin-broadcast,audience_type=park_users;channel_choice=community,2,community,community,n/a,n/a (admin-typed per broadcast; empty = no navigation)
parent,8,admin-broadcast,audience_type=park_users;channel_choice=community,3,NONE,community,daily_cap,n/a (admin-typed per broadcast; empty = no navigation)
parent,9,admin-broadcast,audience_type=all;channel_choice=encouragement,0,encouragement,encouragement,n/a,n/a (admin-typed per broadcast; empty = no navigation)
parent,9,admin-broadcast,audience_type=all;channel_choice=encouragement,1,encouragement,encouragement,n/a,n/a (admin-typed per broadcast; empty = no navigation)
parent,9,admin-broadcast,audience_type=all;channel_choice=encouragement,2,encouragement,encouragement,n/a,n/a (admin-typed per broadcast; empty = no navigation)
parent,9,admin-broadcast,audience_type=all;channel_choice=encouragement,3,encouragement,encouragement,n/a,n/a (admin-typed per broadcast; empty = no navigation)
parent,9,admin-broadcast,audience_type=all;channel_choice=community,0,community,community,n/a,n/a (admin-typed per broadcast; empty = no navigation)
parent,9,admin-broadcast,audience_type=all;channel_choice=community,1,community,community,n/a,n/a (admin-typed per broadcast; empty = no navigation)
parent,9,admin-broadcast,audience_type=all;channel_choice=community,2,community,community,n/a,n/a (admin-typed per broadcast; empty = no navigation)
parent,9,admin-broadcast,audience_type=all;channel_choice=community,3,NONE,community,daily_cap,n/a (admin-typed per broadcast; empty = no navigation)
parent,9,admin-broadcast,audience_type=active_users;channel_choice=encouragement,0,encouragement,encouragement,n/a,n/a (admin-typed per broadcast; empty = no navigation)
parent,9,admin-broadcast,audience_type=active_users;channel_choice=encouragement,1,encouragement,encouragement,n/a,n/a (admin-typed per broadcast; empty = no navigation)
parent,9,admin-broadcast,audience_type=active_users;channel_choice=encouragement,2,encouragement,encouragement,n/a,n/a (admin-typed per broadcast; empty = no navigation)
parent,9,admin-broadcast,audience_type=active_users;channel_choice=encouragement,3,encouragement,encouragement,n/a,n/a (admin-typed per broadcast; empty = no navigation)
parent,9,admin-broadcast,audience_type=active_users;channel_choice=community,0,community,community,n/a,n/a (admin-typed per broadcast; empty = no navigation)
parent,9,admin-broadcast,audience_type=active_users;channel_choice=community,1,community,community,n/a,n/a (admin-typed per broadcast; empty = no navigation)
parent,9,admin-broadcast,audience_type=active_users;channel_choice=community,2,community,community,n/a,n/a (admin-typed per broadcast; empty = no navigation)
parent,9,admin-broadcast,audience_type=active_users;channel_choice=community,3,NONE,community,daily_cap,n/a (admin-typed per broadcast; empty = no navigation)
parent,9,admin-broadcast,audience_type=inactive_users;channel_choice=encouragement,0,encouragement,encouragement,n/a,n/a (admin-typed per broadcast; empty = no navigation)
parent,9,admin-broadcast,audience_type=inactive_users;channel_choice=encouragement,1,encouragement,encouragement,n/a,n/a (admin-typed per broadcast; empty = no navigation)
parent,9,admin-broadcast,audience_type=inactive_users;channel_choice=encouragement,2,encouragement,encouragement,n/a,n/a (admin-typed per broadcast; empty = no navigation)
parent,9,admin-broadcast,audience_type=inactive_users;channel_choice=encouragement,3,encouragement,encouragement,n/a,n/a (admin-typed per broadcast; empty = no navigation)
parent,9,admin-broadcast,audience_type=inactive_users;channel_choice=community,0,community,community,n/a,n/a (admin-typed per broadcast; empty = no navigation)
parent,9,admin-broadcast,audience_type=inactive_users;channel_choice=community,1,community,community,n/a,n/a (admin-typed per broadcast; empty = no navigation)
parent,9,admin-broadcast,audience_type=inactive_users;channel_choice=community,2,community,community,n/a,n/a (admin-typed per broadcast; empty = no navigation)
parent,9,admin-broadcast,audience_type=inactive_users;channel_choice=community,3,NONE,community,daily_cap,n/a (admin-typed per broadcast; empty = no navigation)
parent,9,admin-broadcast,audience_type=park_users;channel_choice=encouragement,0,encouragement,encouragement,n/a,n/a (admin-typed per broadcast; empty = no navigation)
parent,9,admin-broadcast,audience_type=park_users;channel_choice=encouragement,1,encouragement,encouragement,n/a,n/a (admin-typed per broadcast; empty = no navigation)
parent,9,admin-broadcast,audience_type=park_users;channel_choice=encouragement,2,encouragement,encouragement,n/a,n/a (admin-typed per broadcast; empty = no navigation)
parent,9,admin-broadcast,audience_type=park_users;channel_choice=encouragement,3,encouragement,encouragement,n/a,n/a (admin-typed per broadcast; empty = no navigation)
parent,9,admin-broadcast,audience_type=park_users;channel_choice=community,0,community,community,n/a,n/a (admin-typed per broadcast; empty = no navigation)
parent,9,admin-broadcast,audience_type=park_users;channel_choice=community,1,community,community,n/a,n/a (admin-typed per broadcast; empty = no navigation)
parent,9,admin-broadcast,audience_type=park_users;channel_choice=community,2,community,community,n/a,n/a (admin-typed per broadcast; empty = no navigation)
parent,9,admin-broadcast,audience_type=park_users;channel_choice=community,3,NONE,community,daily_cap,n/a (admin-typed per broadcast; empty = no navigation)
parent,10,admin-broadcast,audience_type=all;channel_choice=encouragement,0,encouragement,encouragement,n/a,n/a (admin-typed per broadcast; empty = no navigation)
parent,10,admin-broadcast,audience_type=all;channel_choice=encouragement,1,encouragement,encouragement,n/a,n/a (admin-typed per broadcast; empty = no navigation)
parent,10,admin-broadcast,audience_type=all;channel_choice=encouragement,2,encouragement,encouragement,n/a,n/a (admin-typed per broadcast; empty = no navigation)
parent,10,admin-broadcast,audience_type=all;channel_choice=encouragement,3,encouragement,encouragement,n/a,n/a (admin-typed per broadcast; empty = no navigation)
parent,10,admin-broadcast,audience_type=all;channel_choice=community,0,community,community,n/a,n/a (admin-typed per broadcast; empty = no navigation)
parent,10,admin-broadcast,audience_type=all;channel_choice=community,1,community,community,n/a,n/a (admin-typed per broadcast; empty = no navigation)
parent,10,admin-broadcast,audience_type=all;channel_choice=community,2,community,community,n/a,n/a (admin-typed per broadcast; empty = no navigation)
parent,10,admin-broadcast,audience_type=all;channel_choice=community,3,NONE,community,daily_cap,n/a (admin-typed per broadcast; empty = no navigation)
parent,10,admin-broadcast,audience_type=active_users;channel_choice=encouragement,0,encouragement,encouragement,n/a,n/a (admin-typed per broadcast; empty = no navigation)
parent,10,admin-broadcast,audience_type=active_users;channel_choice=encouragement,1,encouragement,encouragement,n/a,n/a (admin-typed per broadcast; empty = no navigation)
parent,10,admin-broadcast,audience_type=active_users;channel_choice=encouragement,2,encouragement,encouragement,n/a,n/a (admin-typed per broadcast; empty = no navigation)
parent,10,admin-broadcast,audience_type=active_users;channel_choice=encouragement,3,encouragement,encouragement,n/a,n/a (admin-typed per broadcast; empty = no navigation)
parent,10,admin-broadcast,audience_type=active_users;channel_choice=community,0,community,community,n/a,n/a (admin-typed per broadcast; empty = no navigation)
parent,10,admin-broadcast,audience_type=active_users;channel_choice=community,1,community,community,n/a,n/a (admin-typed per broadcast; empty = no navigation)
parent,10,admin-broadcast,audience_type=active_users;channel_choice=community,2,community,community,n/a,n/a (admin-typed per broadcast; empty = no navigation)
parent,10,admin-broadcast,audience_type=active_users;channel_choice=community,3,NONE,community,daily_cap,n/a (admin-typed per broadcast; empty = no navigation)
parent,10,admin-broadcast,audience_type=inactive_users;channel_choice=encouragement,0,encouragement,encouragement,n/a,n/a (admin-typed per broadcast; empty = no navigation)
parent,10,admin-broadcast,audience_type=inactive_users;channel_choice=encouragement,1,encouragement,encouragement,n/a,n/a (admin-typed per broadcast; empty = no navigation)
parent,10,admin-broadcast,audience_type=inactive_users;channel_choice=encouragement,2,encouragement,encouragement,n/a,n/a (admin-typed per broadcast; empty = no navigation)
parent,10,admin-broadcast,audience_type=inactive_users;channel_choice=encouragement,3,encouragement,encouragement,n/a,n/a (admin-typed per broadcast; empty = no navigation)
parent,10,admin-broadcast,audience_type=inactive_users;channel_choice=community,0,community,community,n/a,n/a (admin-typed per broadcast; empty = no navigation)
parent,10,admin-broadcast,audience_type=inactive_users;channel_choice=community,1,community,community,n/a,n/a (admin-typed per broadcast; empty = no navigation)
parent,10,admin-broadcast,audience_type=inactive_users;channel_choice=community,2,community,community,n/a,n/a (admin-typed per broadcast; empty = no navigation)
parent,10,admin-broadcast,audience_type=inactive_users;channel_choice=community,3,NONE,community,daily_cap,n/a (admin-typed per broadcast; empty = no navigation)
parent,10,admin-broadcast,audience_type=park_users;channel_choice=encouragement,0,encouragement,encouragement,n/a,n/a (admin-typed per broadcast; empty = no navigation)
parent,10,admin-broadcast,audience_type=park_users;channel_choice=encouragement,1,encouragement,encouragement,n/a,n/a (admin-typed per broadcast; empty = no navigation)
parent,10,admin-broadcast,audience_type=park_users;channel_choice=encouragement,2,encouragement,encouragement,n/a,n/a (admin-typed per broadcast; empty = no navigation)
parent,10,admin-broadcast,audience_type=park_users;channel_choice=encouragement,3,encouragement,encouragement,n/a,n/a (admin-typed per broadcast; empty = no navigation)
parent,10,admin-broadcast,audience_type=park_users;channel_choice=community,0,community,community,n/a,n/a (admin-typed per broadcast; empty = no navigation)
parent,10,admin-broadcast,audience_type=park_users;channel_choice=community,1,community,community,n/a,n/a (admin-typed per broadcast; empty = no navigation)
parent,10,admin-broadcast,audience_type=park_users;channel_choice=community,2,community,community,n/a,n/a (admin-typed per broadcast; empty = no navigation)
parent,10,admin-broadcast,audience_type=park_users;channel_choice=community,3,NONE,community,daily_cap,n/a (admin-typed per broadcast; empty = no navigation)
parent,11,admin-broadcast,audience_type=all;channel_choice=encouragement,0,encouragement,encouragement,n/a,n/a (admin-typed per broadcast; empty = no navigation)
parent,11,admin-broadcast,audience_type=all;channel_choice=encouragement,1,encouragement,encouragement,n/a,n/a (admin-typed per broadcast; empty = no navigation)
parent,11,admin-broadcast,audience_type=all;channel_choice=encouragement,2,encouragement,encouragement,n/a,n/a (admin-typed per broadcast; empty = no navigation)
parent,11,admin-broadcast,audience_type=all;channel_choice=encouragement,3,encouragement,encouragement,n/a,n/a (admin-typed per broadcast; empty = no navigation)
parent,11,admin-broadcast,audience_type=all;channel_choice=community,0,community,community,n/a,n/a (admin-typed per broadcast; empty = no navigation)
parent,11,admin-broadcast,audience_type=all;channel_choice=community,1,community,community,n/a,n/a (admin-typed per broadcast; empty = no navigation)
parent,11,admin-broadcast,audience_type=all;channel_choice=community,2,community,community,n/a,n/a (admin-typed per broadcast; empty = no navigation)
parent,11,admin-broadcast,audience_type=all;channel_choice=community,3,NONE,community,daily_cap,n/a (admin-typed per broadcast; empty = no navigation)
parent,11,admin-broadcast,audience_type=active_users;channel_choice=encouragement,0,encouragement,encouragement,n/a,n/a (admin-typed per broadcast; empty = no navigation)
parent,11,admin-broadcast,audience_type=active_users;channel_choice=encouragement,1,encouragement,encouragement,n/a,n/a (admin-typed per broadcast; empty = no navigation)
parent,11,admin-broadcast,audience_type=active_users;channel_choice=encouragement,2,encouragement,encouragement,n/a,n/a (admin-typed per broadcast; empty = no navigation)
parent,11,admin-broadcast,audience_type=active_users;channel_choice=encouragement,3,encouragement,encouragement,n/a,n/a (admin-typed per broadcast; empty = no navigation)
parent,11,admin-broadcast,audience_type=active_users;channel_choice=community,0,community,community,n/a,n/a (admin-typed per broadcast; empty = no navigation)
parent,11,admin-broadcast,audience_type=active_users;channel_choice=community,1,community,community,n/a,n/a (admin-typed per broadcast; empty = no navigation)
parent,11,admin-broadcast,audience_type=active_users;channel_choice=community,2,community,community,n/a,n/a (admin-typed per broadcast; empty = no navigation)
parent,11,admin-broadcast,audience_type=active_users;channel_choice=community,3,NONE,community,daily_cap,n/a (admin-typed per broadcast; empty = no navigation)
parent,11,admin-broadcast,audience_type=inactive_users;channel_choice=encouragement,0,encouragement,encouragement,n/a,n/a (admin-typed per broadcast; empty = no navigation)
parent,11,admin-broadcast,audience_type=inactive_users;channel_choice=encouragement,1,encouragement,encouragement,n/a,n/a (admin-typed per broadcast; empty = no navigation)
parent,11,admin-broadcast,audience_type=inactive_users;channel_choice=encouragement,2,encouragement,encouragement,n/a,n/a (admin-typed per broadcast; empty = no navigation)
parent,11,admin-broadcast,audience_type=inactive_users;channel_choice=encouragement,3,encouragement,encouragement,n/a,n/a (admin-typed per broadcast; empty = no navigation)
parent,11,admin-broadcast,audience_type=inactive_users;channel_choice=community,0,community,community,n/a,n/a (admin-typed per broadcast; empty = no navigation)
parent,11,admin-broadcast,audience_type=inactive_users;channel_choice=community,1,community,community,n/a,n/a (admin-typed per broadcast; empty = no navigation)
parent,11,admin-broadcast,audience_type=inactive_users;channel_choice=community,2,community,community,n/a,n/a (admin-typed per broadcast; empty = no navigation)
parent,11,admin-broadcast,audience_type=inactive_users;channel_choice=community,3,NONE,community,daily_cap,n/a (admin-typed per broadcast; empty = no navigation)
parent,11,admin-broadcast,audience_type=park_users;channel_choice=encouragement,0,encouragement,encouragement,n/a,n/a (admin-typed per broadcast; empty = no navigation)
parent,11,admin-broadcast,audience_type=park_users;channel_choice=encouragement,1,encouragement,encouragement,n/a,n/a (admin-typed per broadcast; empty = no navigation)
parent,11,admin-broadcast,audience_type=park_users;channel_choice=encouragement,2,encouragement,encouragement,n/a,n/a (admin-typed per broadcast; empty = no navigation)
parent,11,admin-broadcast,audience_type=park_users;channel_choice=encouragement,3,encouragement,encouragement,n/a,n/a (admin-typed per broadcast; empty = no navigation)
parent,11,admin-broadcast,audience_type=park_users;channel_choice=community,0,community,community,n/a,n/a (admin-typed per broadcast; empty = no navigation)
parent,11,admin-broadcast,audience_type=park_users;channel_choice=community,1,community,community,n/a,n/a (admin-typed per broadcast; empty = no navigation)
parent,11,admin-broadcast,audience_type=park_users;channel_choice=community,2,community,community,n/a,n/a (admin-typed per broadcast; empty = no navigation)
parent,11,admin-broadcast,audience_type=park_users;channel_choice=community,3,NONE,community,daily_cap,n/a (admin-typed per broadcast; empty = no navigation)
parent,12,admin-broadcast,audience_type=all;channel_choice=encouragement,0,encouragement,encouragement,n/a,n/a (admin-typed per broadcast; empty = no navigation)
parent,12,admin-broadcast,audience_type=all;channel_choice=encouragement,1,encouragement,encouragement,n/a,n/a (admin-typed per broadcast; empty = no navigation)
parent,12,admin-broadcast,audience_type=all;channel_choice=encouragement,2,encouragement,encouragement,n/a,n/a (admin-typed per broadcast; empty = no navigation)
parent,12,admin-broadcast,audience_type=all;channel_choice=encouragement,3,encouragement,encouragement,n/a,n/a (admin-typed per broadcast; empty = no navigation)
parent,12,admin-broadcast,audience_type=all;channel_choice=community,0,community,community,n/a,n/a (admin-typed per broadcast; empty = no navigation)
parent,12,admin-broadcast,audience_type=all;channel_choice=community,1,community,community,n/a,n/a (admin-typed per broadcast; empty = no navigation)
parent,12,admin-broadcast,audience_type=all;channel_choice=community,2,community,community,n/a,n/a (admin-typed per broadcast; empty = no navigation)
parent,12,admin-broadcast,audience_type=all;channel_choice=community,3,NONE,community,daily_cap,n/a (admin-typed per broadcast; empty = no navigation)
parent,12,admin-broadcast,audience_type=active_users;channel_choice=encouragement,0,encouragement,encouragement,n/a,n/a (admin-typed per broadcast; empty = no navigation)
parent,12,admin-broadcast,audience_type=active_users;channel_choice=encouragement,1,encouragement,encouragement,n/a,n/a (admin-typed per broadcast; empty = no navigation)
parent,12,admin-broadcast,audience_type=active_users;channel_choice=encouragement,2,encouragement,encouragement,n/a,n/a (admin-typed per broadcast; empty = no navigation)
parent,12,admin-broadcast,audience_type=active_users;channel_choice=encouragement,3,encouragement,encouragement,n/a,n/a (admin-typed per broadcast; empty = no navigation)
parent,12,admin-broadcast,audience_type=active_users;channel_choice=community,0,community,community,n/a,n/a (admin-typed per broadcast; empty = no navigation)
parent,12,admin-broadcast,audience_type=active_users;channel_choice=community,1,community,community,n/a,n/a (admin-typed per broadcast; empty = no navigation)
parent,12,admin-broadcast,audience_type=active_users;channel_choice=community,2,community,community,n/a,n/a (admin-typed per broadcast; empty = no navigation)
parent,12,admin-broadcast,audience_type=active_users;channel_choice=community,3,NONE,community,daily_cap,n/a (admin-typed per broadcast; empty = no navigation)
parent,12,admin-broadcast,audience_type=inactive_users;channel_choice=encouragement,0,encouragement,encouragement,n/a,n/a (admin-typed per broadcast; empty = no navigation)
parent,12,admin-broadcast,audience_type=inactive_users;channel_choice=encouragement,1,encouragement,encouragement,n/a,n/a (admin-typed per broadcast; empty = no navigation)
parent,12,admin-broadcast,audience_type=inactive_users;channel_choice=encouragement,2,encouragement,encouragement,n/a,n/a (admin-typed per broadcast; empty = no navigation)
parent,12,admin-broadcast,audience_type=inactive_users;channel_choice=encouragement,3,encouragement,encouragement,n/a,n/a (admin-typed per broadcast; empty = no navigation)
parent,12,admin-broadcast,audience_type=inactive_users;channel_choice=community,0,community,community,n/a,n/a (admin-typed per broadcast; empty = no navigation)
parent,12,admin-broadcast,audience_type=inactive_users;channel_choice=community,1,community,community,n/a,n/a (admin-typed per broadcast; empty = no navigation)
parent,12,admin-broadcast,audience_type=inactive_users;channel_choice=community,2,community,community,n/a,n/a (admin-typed per broadcast; empty = no navigation)
parent,12,admin-broadcast,audience_type=inactive_users;channel_choice=community,3,NONE,community,daily_cap,n/a (admin-typed per broadcast; empty = no navigation)
parent,12,admin-broadcast,audience_type=park_users;channel_choice=encouragement,0,encouragement,encouragement,n/a,n/a (admin-typed per broadcast; empty = no navigation)
parent,12,admin-broadcast,audience_type=park_users;channel_choice=encouragement,1,encouragement,encouragement,n/a,n/a (admin-typed per broadcast; empty = no navigation)
parent,12,admin-broadcast,audience_type=park_users;channel_choice=encouragement,2,encouragement,encouragement,n/a,n/a (admin-typed per broadcast; empty = no navigation)
parent,12,admin-broadcast,audience_type=park_users;channel_choice=encouragement,3,encouragement,encouragement,n/a,n/a (admin-typed per broadcast; empty = no navigation)
parent,12,admin-broadcast,audience_type=park_users;channel_choice=community,0,community,community,n/a,n/a (admin-typed per broadcast; empty = no navigation)
parent,12,admin-broadcast,audience_type=park_users;channel_choice=community,1,community,community,n/a,n/a (admin-typed per broadcast; empty = no navigation)
parent,12,admin-broadcast,audience_type=park_users;channel_choice=community,2,community,community,n/a,n/a (admin-typed per broadcast; empty = no navigation)
parent,12,admin-broadcast,audience_type=park_users;channel_choice=community,3,NONE,community,daily_cap,n/a (admin-typed per broadcast; empty = no navigation)
parent,13,admin-broadcast,audience_type=all;channel_choice=encouragement,0,encouragement,encouragement,n/a,n/a (admin-typed per broadcast; empty = no navigation)
parent,13,admin-broadcast,audience_type=all;channel_choice=encouragement,1,encouragement,encouragement,n/a,n/a (admin-typed per broadcast; empty = no navigation)
parent,13,admin-broadcast,audience_type=all;channel_choice=encouragement,2,encouragement,encouragement,n/a,n/a (admin-typed per broadcast; empty = no navigation)
parent,13,admin-broadcast,audience_type=all;channel_choice=encouragement,3,encouragement,encouragement,n/a,n/a (admin-typed per broadcast; empty = no navigation)
parent,13,admin-broadcast,audience_type=all;channel_choice=community,0,community,community,n/a,n/a (admin-typed per broadcast; empty = no navigation)
parent,13,admin-broadcast,audience_type=all;channel_choice=community,1,community,community,n/a,n/a (admin-typed per broadcast; empty = no navigation)
parent,13,admin-broadcast,audience_type=all;channel_choice=community,2,community,community,n/a,n/a (admin-typed per broadcast; empty = no navigation)
parent,13,admin-broadcast,audience_type=all;channel_choice=community,3,NONE,community,daily_cap,n/a (admin-typed per broadcast; empty = no navigation)
parent,13,admin-broadcast,audience_type=active_users;channel_choice=encouragement,0,encouragement,encouragement,n/a,n/a (admin-typed per broadcast; empty = no navigation)
parent,13,admin-broadcast,audience_type=active_users;channel_choice=encouragement,1,encouragement,encouragement,n/a,n/a (admin-typed per broadcast; empty = no navigation)
parent,13,admin-broadcast,audience_type=active_users;channel_choice=encouragement,2,encouragement,encouragement,n/a,n/a (admin-typed per broadcast; empty = no navigation)
parent,13,admin-broadcast,audience_type=active_users;channel_choice=encouragement,3,encouragement,encouragement,n/a,n/a (admin-typed per broadcast; empty = no navigation)
parent,13,admin-broadcast,audience_type=active_users;channel_choice=community,0,community,community,n/a,n/a (admin-typed per broadcast; empty = no navigation)
parent,13,admin-broadcast,audience_type=active_users;channel_choice=community,1,community,community,n/a,n/a (admin-typed per broadcast; empty = no navigation)
parent,13,admin-broadcast,audience_type=active_users;channel_choice=community,2,community,community,n/a,n/a (admin-typed per broadcast; empty = no navigation)
parent,13,admin-broadcast,audience_type=active_users;channel_choice=community,3,NONE,community,daily_cap,n/a (admin-typed per broadcast; empty = no navigation)
parent,13,admin-broadcast,audience_type=inactive_users;channel_choice=encouragement,0,encouragement,encouragement,n/a,n/a (admin-typed per broadcast; empty = no navigation)
parent,13,admin-broadcast,audience_type=inactive_users;channel_choice=encouragement,1,encouragement,encouragement,n/a,n/a (admin-typed per broadcast; empty = no navigation)
parent,13,admin-broadcast,audience_type=inactive_users;channel_choice=encouragement,2,encouragement,encouragement,n/a,n/a (admin-typed per broadcast; empty = no navigation)
parent,13,admin-broadcast,audience_type=inactive_users;channel_choice=encouragement,3,encouragement,encouragement,n/a,n/a (admin-typed per broadcast; empty = no navigation)
parent,13,admin-broadcast,audience_type=inactive_users;channel_choice=community,0,community,community,n/a,n/a (admin-typed per broadcast; empty = no navigation)
parent,13,admin-broadcast,audience_type=inactive_users;channel_choice=community,1,community,community,n/a,n/a (admin-typed per broadcast; empty = no navigation)
parent,13,admin-broadcast,audience_type=inactive_users;channel_choice=community,2,community,community,n/a,n/a (admin-typed per broadcast; empty = no navigation)
parent,13,admin-broadcast,audience_type=inactive_users;channel_choice=community,3,NONE,community,daily_cap,n/a (admin-typed per broadcast; empty = no navigation)
parent,13,admin-broadcast,audience_type=park_users;channel_choice=encouragement,0,encouragement,encouragement,n/a,n/a (admin-typed per broadcast; empty = no navigation)
parent,13,admin-broadcast,audience_type=park_users;channel_choice=encouragement,1,encouragement,encouragement,n/a,n/a (admin-typed per broadcast; empty = no navigation)
parent,13,admin-broadcast,audience_type=park_users;channel_choice=encouragement,2,encouragement,encouragement,n/a,n/a (admin-typed per broadcast; empty = no navigation)
parent,13,admin-broadcast,audience_type=park_users;channel_choice=encouragement,3,encouragement,encouragement,n/a,n/a (admin-typed per broadcast; empty = no navigation)
parent,13,admin-broadcast,audience_type=park_users;channel_choice=community,0,community,community,n/a,n/a (admin-typed per broadcast; empty = no navigation)
parent,13,admin-broadcast,audience_type=park_users;channel_choice=community,1,community,community,n/a,n/a (admin-typed per broadcast; empty = no navigation)
parent,13,admin-broadcast,audience_type=park_users;channel_choice=community,2,community,community,n/a,n/a (admin-typed per broadcast; empty = no navigation)
parent,13,admin-broadcast,audience_type=park_users;channel_choice=community,3,NONE,community,daily_cap,n/a (admin-typed per broadcast; empty = no navigation)
parent,14,admin-broadcast,audience_type=all;channel_choice=encouragement,0,encouragement,encouragement,n/a,n/a (admin-typed per broadcast; empty = no navigation)
parent,14,admin-broadcast,audience_type=all;channel_choice=encouragement,1,encouragement,encouragement,n/a,n/a (admin-typed per broadcast; empty = no navigation)
parent,14,admin-broadcast,audience_type=all;channel_choice=encouragement,2,encouragement,encouragement,n/a,n/a (admin-typed per broadcast; empty = no navigation)
parent,14,admin-broadcast,audience_type=all;channel_choice=encouragement,3,encouragement,encouragement,n/a,n/a (admin-typed per broadcast; empty = no navigation)
parent,14,admin-broadcast,audience_type=all;channel_choice=community,0,community,community,n/a,n/a (admin-typed per broadcast; empty = no navigation)
parent,14,admin-broadcast,audience_type=all;channel_choice=community,1,community,community,n/a,n/a (admin-typed per broadcast; empty = no navigation)
parent,14,admin-broadcast,audience_type=all;channel_choice=community,2,community,community,n/a,n/a (admin-typed per broadcast; empty = no navigation)
parent,14,admin-broadcast,audience_type=all;channel_choice=community,3,NONE,community,daily_cap,n/a (admin-typed per broadcast; empty = no navigation)
parent,14,admin-broadcast,audience_type=active_users;channel_choice=encouragement,0,encouragement,encouragement,n/a,n/a (admin-typed per broadcast; empty = no navigation)
parent,14,admin-broadcast,audience_type=active_users;channel_choice=encouragement,1,encouragement,encouragement,n/a,n/a (admin-typed per broadcast; empty = no navigation)
parent,14,admin-broadcast,audience_type=active_users;channel_choice=encouragement,2,encouragement,encouragement,n/a,n/a (admin-typed per broadcast; empty = no navigation)
parent,14,admin-broadcast,audience_type=active_users;channel_choice=encouragement,3,encouragement,encouragement,n/a,n/a (admin-typed per broadcast; empty = no navigation)
parent,14,admin-broadcast,audience_type=active_users;channel_choice=community,0,community,community,n/a,n/a (admin-typed per broadcast; empty = no navigation)
parent,14,admin-broadcast,audience_type=active_users;channel_choice=community,1,community,community,n/a,n/a (admin-typed per broadcast; empty = no navigation)
parent,14,admin-broadcast,audience_type=active_users;channel_choice=community,2,community,community,n/a,n/a (admin-typed per broadcast; empty = no navigation)
parent,14,admin-broadcast,audience_type=active_users;channel_choice=community,3,NONE,community,daily_cap,n/a (admin-typed per broadcast; empty = no navigation)
parent,14,admin-broadcast,audience_type=inactive_users;channel_choice=encouragement,0,encouragement,encouragement,n/a,n/a (admin-typed per broadcast; empty = no navigation)
parent,14,admin-broadcast,audience_type=inactive_users;channel_choice=encouragement,1,encouragement,encouragement,n/a,n/a (admin-typed per broadcast; empty = no navigation)
parent,14,admin-broadcast,audience_type=inactive_users;channel_choice=encouragement,2,encouragement,encouragement,n/a,n/a (admin-typed per broadcast; empty = no navigation)
parent,14,admin-broadcast,audience_type=inactive_users;channel_choice=encouragement,3,encouragement,encouragement,n/a,n/a (admin-typed per broadcast; empty = no navigation)
parent,14,admin-broadcast,audience_type=inactive_users;channel_choice=community,0,community,community,n/a,n/a (admin-typed per broadcast; empty = no navigation)
parent,14,admin-broadcast,audience_type=inactive_users;channel_choice=community,1,community,community,n/a,n/a (admin-typed per broadcast; empty = no navigation)
parent,14,admin-broadcast,audience_type=inactive_users;channel_choice=community,2,community,community,n/a,n/a (admin-typed per broadcast; empty = no navigation)
parent,14,admin-broadcast,audience_type=inactive_users;channel_choice=community,3,NONE,community,daily_cap,n/a (admin-typed per broadcast; empty = no navigation)
parent,14,admin-broadcast,audience_type=park_users;channel_choice=encouragement,0,encouragement,encouragement,n/a,n/a (admin-typed per broadcast; empty = no navigation)
parent,14,admin-broadcast,audience_type=park_users;channel_choice=encouragement,1,encouragement,encouragement,n/a,n/a (admin-typed per broadcast; empty = no navigation)
parent,14,admin-broadcast,audience_type=park_users;channel_choice=encouragement,2,encouragement,encouragement,n/a,n/a (admin-typed per broadcast; empty = no navigation)
parent,14,admin-broadcast,audience_type=park_users;channel_choice=encouragement,3,encouragement,encouragement,n/a,n/a (admin-typed per broadcast; empty = no navigation)
parent,14,admin-broadcast,audience_type=park_users;channel_choice=community,0,community,community,n/a,n/a (admin-typed per broadcast; empty = no navigation)
parent,14,admin-broadcast,audience_type=park_users;channel_choice=community,1,community,community,n/a,n/a (admin-typed per broadcast; empty = no navigation)
parent,14,admin-broadcast,audience_type=park_users;channel_choice=community,2,community,community,n/a,n/a (admin-typed per broadcast; empty = no navigation)
parent,14,admin-broadcast,audience_type=park_users;channel_choice=community,3,NONE,community,daily_cap,n/a (admin-typed per broadcast; empty = no navigation)
parent,15,admin-broadcast,audience_type=all;channel_choice=encouragement,0,encouragement,encouragement,n/a,n/a (admin-typed per broadcast; empty = no navigation)
parent,15,admin-broadcast,audience_type=all;channel_choice=encouragement,1,encouragement,encouragement,n/a,n/a (admin-typed per broadcast; empty = no navigation)
parent,15,admin-broadcast,audience_type=all;channel_choice=encouragement,2,encouragement,encouragement,n/a,n/a (admin-typed per broadcast; empty = no navigation)
parent,15,admin-broadcast,audience_type=all;channel_choice=encouragement,3,encouragement,encouragement,n/a,n/a (admin-typed per broadcast; empty = no navigation)
parent,15,admin-broadcast,audience_type=all;channel_choice=community,0,community,community,n/a,n/a (admin-typed per broadcast; empty = no navigation)
parent,15,admin-broadcast,audience_type=all;channel_choice=community,1,community,community,n/a,n/a (admin-typed per broadcast; empty = no navigation)
parent,15,admin-broadcast,audience_type=all;channel_choice=community,2,community,community,n/a,n/a (admin-typed per broadcast; empty = no navigation)
parent,15,admin-broadcast,audience_type=all;channel_choice=community,3,NONE,community,daily_cap,n/a (admin-typed per broadcast; empty = no navigation)
parent,15,admin-broadcast,audience_type=active_users;channel_choice=encouragement,0,encouragement,encouragement,n/a,n/a (admin-typed per broadcast; empty = no navigation)
parent,15,admin-broadcast,audience_type=active_users;channel_choice=encouragement,1,encouragement,encouragement,n/a,n/a (admin-typed per broadcast; empty = no navigation)
parent,15,admin-broadcast,audience_type=active_users;channel_choice=encouragement,2,encouragement,encouragement,n/a,n/a (admin-typed per broadcast; empty = no navigation)
parent,15,admin-broadcast,audience_type=active_users;channel_choice=encouragement,3,encouragement,encouragement,n/a,n/a (admin-typed per broadcast; empty = no navigation)
parent,15,admin-broadcast,audience_type=active_users;channel_choice=community,0,community,community,n/a,n/a (admin-typed per broadcast; empty = no navigation)
parent,15,admin-broadcast,audience_type=active_users;channel_choice=community,1,community,community,n/a,n/a (admin-typed per broadcast; empty = no navigation)
parent,15,admin-broadcast,audience_type=active_users;channel_choice=community,2,community,community,n/a,n/a (admin-typed per broadcast; empty = no navigation)
parent,15,admin-broadcast,audience_type=active_users;channel_choice=community,3,NONE,community,daily_cap,n/a (admin-typed per broadcast; empty = no navigation)
parent,15,admin-broadcast,audience_type=inactive_users;channel_choice=encouragement,0,encouragement,encouragement,n/a,n/a (admin-typed per broadcast; empty = no navigation)
parent,15,admin-broadcast,audience_type=inactive_users;channel_choice=encouragement,1,encouragement,encouragement,n/a,n/a (admin-typed per broadcast; empty = no navigation)
parent,15,admin-broadcast,audience_type=inactive_users;channel_choice=encouragement,2,encouragement,encouragement,n/a,n/a (admin-typed per broadcast; empty = no navigation)
parent,15,admin-broadcast,audience_type=inactive_users;channel_choice=encouragement,3,encouragement,encouragement,n/a,n/a (admin-typed per broadcast; empty = no navigation)
parent,15,admin-broadcast,audience_type=inactive_users;channel_choice=community,0,community,community,n/a,n/a (admin-typed per broadcast; empty = no navigation)
parent,15,admin-broadcast,audience_type=inactive_users;channel_choice=community,1,community,community,n/a,n/a (admin-typed per broadcast; empty = no navigation)
parent,15,admin-broadcast,audience_type=inactive_users;channel_choice=community,2,community,community,n/a,n/a (admin-typed per broadcast; empty = no navigation)
parent,15,admin-broadcast,audience_type=inactive_users;channel_choice=community,3,NONE,community,daily_cap,n/a (admin-typed per broadcast; empty = no navigation)
parent,15,admin-broadcast,audience_type=park_users;channel_choice=encouragement,0,encouragement,encouragement,n/a,n/a (admin-typed per broadcast; empty = no navigation)
parent,15,admin-broadcast,audience_type=park_users;channel_choice=encouragement,1,encouragement,encouragement,n/a,n/a (admin-typed per broadcast; empty = no navigation)
parent,15,admin-broadcast,audience_type=park_users;channel_choice=encouragement,2,encouragement,encouragement,n/a,n/a (admin-typed per broadcast; empty = no navigation)
parent,15,admin-broadcast,audience_type=park_users;channel_choice=encouragement,3,encouragement,encouragement,n/a,n/a (admin-typed per broadcast; empty = no navigation)
parent,15,admin-broadcast,audience_type=park_users;channel_choice=community,0,community,community,n/a,n/a (admin-typed per broadcast; empty = no navigation)
parent,15,admin-broadcast,audience_type=park_users;channel_choice=community,1,community,community,n/a,n/a (admin-typed per broadcast; empty = no navigation)
parent,15,admin-broadcast,audience_type=park_users;channel_choice=community,2,community,community,n/a,n/a (admin-typed per broadcast; empty = no navigation)
parent,15,admin-broadcast,audience_type=park_users;channel_choice=community,3,NONE,community,daily_cap,n/a (admin-typed per broadcast; empty = no navigation)
parent,16,admin-broadcast,audience_type=all;channel_choice=encouragement,0,encouragement,encouragement,n/a,n/a (admin-typed per broadcast; empty = no navigation)
parent,16,admin-broadcast,audience_type=all;channel_choice=encouragement,1,encouragement,encouragement,n/a,n/a (admin-typed per broadcast; empty = no navigation)
parent,16,admin-broadcast,audience_type=all;channel_choice=encouragement,2,encouragement,encouragement,n/a,n/a (admin-typed per broadcast; empty = no navigation)
parent,16,admin-broadcast,audience_type=all;channel_choice=encouragement,3,encouragement,encouragement,n/a,n/a (admin-typed per broadcast; empty = no navigation)
parent,16,admin-broadcast,audience_type=all;channel_choice=community,0,community,community,n/a,n/a (admin-typed per broadcast; empty = no navigation)
parent,16,admin-broadcast,audience_type=all;channel_choice=community,1,community,community,n/a,n/a (admin-typed per broadcast; empty = no navigation)
parent,16,admin-broadcast,audience_type=all;channel_choice=community,2,community,community,n/a,n/a (admin-typed per broadcast; empty = no navigation)
parent,16,admin-broadcast,audience_type=all;channel_choice=community,3,NONE,community,daily_cap,n/a (admin-typed per broadcast; empty = no navigation)
parent,16,admin-broadcast,audience_type=active_users;channel_choice=encouragement,0,encouragement,encouragement,n/a,n/a (admin-typed per broadcast; empty = no navigation)
parent,16,admin-broadcast,audience_type=active_users;channel_choice=encouragement,1,encouragement,encouragement,n/a,n/a (admin-typed per broadcast; empty = no navigation)
parent,16,admin-broadcast,audience_type=active_users;channel_choice=encouragement,2,encouragement,encouragement,n/a,n/a (admin-typed per broadcast; empty = no navigation)
parent,16,admin-broadcast,audience_type=active_users;channel_choice=encouragement,3,encouragement,encouragement,n/a,n/a (admin-typed per broadcast; empty = no navigation)
parent,16,admin-broadcast,audience_type=active_users;channel_choice=community,0,community,community,n/a,n/a (admin-typed per broadcast; empty = no navigation)
parent,16,admin-broadcast,audience_type=active_users;channel_choice=community,1,community,community,n/a,n/a (admin-typed per broadcast; empty = no navigation)
parent,16,admin-broadcast,audience_type=active_users;channel_choice=community,2,community,community,n/a,n/a (admin-typed per broadcast; empty = no navigation)
parent,16,admin-broadcast,audience_type=active_users;channel_choice=community,3,NONE,community,daily_cap,n/a (admin-typed per broadcast; empty = no navigation)
parent,16,admin-broadcast,audience_type=inactive_users;channel_choice=encouragement,0,encouragement,encouragement,n/a,n/a (admin-typed per broadcast; empty = no navigation)
parent,16,admin-broadcast,audience_type=inactive_users;channel_choice=encouragement,1,encouragement,encouragement,n/a,n/a (admin-typed per broadcast; empty = no navigation)
parent,16,admin-broadcast,audience_type=inactive_users;channel_choice=encouragement,2,encouragement,encouragement,n/a,n/a (admin-typed per broadcast; empty = no navigation)
parent,16,admin-broadcast,audience_type=inactive_users;channel_choice=encouragement,3,encouragement,encouragement,n/a,n/a (admin-typed per broadcast; empty = no navigation)
parent,16,admin-broadcast,audience_type=inactive_users;channel_choice=community,0,community,community,n/a,n/a (admin-typed per broadcast; empty = no navigation)
parent,16,admin-broadcast,audience_type=inactive_users;channel_choice=community,1,community,community,n/a,n/a (admin-typed per broadcast; empty = no navigation)
parent,16,admin-broadcast,audience_type=inactive_users;channel_choice=community,2,community,community,n/a,n/a (admin-typed per broadcast; empty = no navigation)
parent,16,admin-broadcast,audience_type=inactive_users;channel_choice=community,3,NONE,community,daily_cap,n/a (admin-typed per broadcast; empty = no navigation)
parent,16,admin-broadcast,audience_type=park_users;channel_choice=encouragement,0,encouragement,encouragement,n/a,n/a (admin-typed per broadcast; empty = no navigation)
parent,16,admin-broadcast,audience_type=park_users;channel_choice=encouragement,1,encouragement,encouragement,n/a,n/a (admin-typed per broadcast; empty = no navigation)
parent,16,admin-broadcast,audience_type=park_users;channel_choice=encouragement,2,encouragement,encouragement,n/a,n/a (admin-typed per broadcast; empty = no navigation)
parent,16,admin-broadcast,audience_type=park_users;channel_choice=encouragement,3,encouragement,encouragement,n/a,n/a (admin-typed per broadcast; empty = no navigation)
parent,16,admin-broadcast,audience_type=park_users;channel_choice=community,0,community,community,n/a,n/a (admin-typed per broadcast; empty = no navigation)
parent,16,admin-broadcast,audience_type=park_users;channel_choice=community,1,community,community,n/a,n/a (admin-typed per broadcast; empty = no navigation)
parent,16,admin-broadcast,audience_type=park_users;channel_choice=community,2,community,community,n/a,n/a (admin-typed per broadcast; empty = no navigation)
parent,16,admin-broadcast,audience_type=park_users;channel_choice=community,3,NONE,community,daily_cap,n/a (admin-typed per broadcast; empty = no navigation)
parent,17,admin-broadcast,audience_type=all;channel_choice=encouragement,0,encouragement,encouragement,n/a,n/a (admin-typed per broadcast; empty = no navigation)
parent,17,admin-broadcast,audience_type=all;channel_choice=encouragement,1,encouragement,encouragement,n/a,n/a (admin-typed per broadcast; empty = no navigation)
parent,17,admin-broadcast,audience_type=all;channel_choice=encouragement,2,encouragement,encouragement,n/a,n/a (admin-typed per broadcast; empty = no navigation)
parent,17,admin-broadcast,audience_type=all;channel_choice=encouragement,3,encouragement,encouragement,n/a,n/a (admin-typed per broadcast; empty = no navigation)
parent,17,admin-broadcast,audience_type=all;channel_choice=community,0,community,community,n/a,n/a (admin-typed per broadcast; empty = no navigation)
parent,17,admin-broadcast,audience_type=all;channel_choice=community,1,community,community,n/a,n/a (admin-typed per broadcast; empty = no navigation)
parent,17,admin-broadcast,audience_type=all;channel_choice=community,2,community,community,n/a,n/a (admin-typed per broadcast; empty = no navigation)
parent,17,admin-broadcast,audience_type=all;channel_choice=community,3,NONE,community,daily_cap,n/a (admin-typed per broadcast; empty = no navigation)
parent,17,admin-broadcast,audience_type=active_users;channel_choice=encouragement,0,encouragement,encouragement,n/a,n/a (admin-typed per broadcast; empty = no navigation)
parent,17,admin-broadcast,audience_type=active_users;channel_choice=encouragement,1,encouragement,encouragement,n/a,n/a (admin-typed per broadcast; empty = no navigation)
parent,17,admin-broadcast,audience_type=active_users;channel_choice=encouragement,2,encouragement,encouragement,n/a,n/a (admin-typed per broadcast; empty = no navigation)
parent,17,admin-broadcast,audience_type=active_users;channel_choice=encouragement,3,encouragement,encouragement,n/a,n/a (admin-typed per broadcast; empty = no navigation)
parent,17,admin-broadcast,audience_type=active_users;channel_choice=community,0,community,community,n/a,n/a (admin-typed per broadcast; empty = no navigation)
parent,17,admin-broadcast,audience_type=active_users;channel_choice=community,1,community,community,n/a,n/a (admin-typed per broadcast; empty = no navigation)
parent,17,admin-broadcast,audience_type=active_users;channel_choice=community,2,community,community,n/a,n/a (admin-typed per broadcast; empty = no navigation)
parent,17,admin-broadcast,audience_type=active_users;channel_choice=community,3,NONE,community,daily_cap,n/a (admin-typed per broadcast; empty = no navigation)
parent,17,admin-broadcast,audience_type=inactive_users;channel_choice=encouragement,0,encouragement,encouragement,n/a,n/a (admin-typed per broadcast; empty = no navigation)
parent,17,admin-broadcast,audience_type=inactive_users;channel_choice=encouragement,1,encouragement,encouragement,n/a,n/a (admin-typed per broadcast; empty = no navigation)
parent,17,admin-broadcast,audience_type=inactive_users;channel_choice=encouragement,2,encouragement,encouragement,n/a,n/a (admin-typed per broadcast; empty = no navigation)
parent,17,admin-broadcast,audience_type=inactive_users;channel_choice=encouragement,3,encouragement,encouragement,n/a,n/a (admin-typed per broadcast; empty = no navigation)
parent,17,admin-broadcast,audience_type=inactive_users;channel_choice=community,0,community,community,n/a,n/a (admin-typed per broadcast; empty = no navigation)
parent,17,admin-broadcast,audience_type=inactive_users;channel_choice=community,1,community,community,n/a,n/a (admin-typed per broadcast; empty = no navigation)
parent,17,admin-broadcast,audience_type=inactive_users;channel_choice=community,2,community,community,n/a,n/a (admin-typed per broadcast; empty = no navigation)
parent,17,admin-broadcast,audience_type=inactive_users;channel_choice=community,3,NONE,community,daily_cap,n/a (admin-typed per broadcast; empty = no navigation)
parent,17,admin-broadcast,audience_type=park_users;channel_choice=encouragement,0,encouragement,encouragement,n/a,n/a (admin-typed per broadcast; empty = no navigation)
parent,17,admin-broadcast,audience_type=park_users;channel_choice=encouragement,1,encouragement,encouragement,n/a,n/a (admin-typed per broadcast; empty = no navigation)
parent,17,admin-broadcast,audience_type=park_users;channel_choice=encouragement,2,encouragement,encouragement,n/a,n/a (admin-typed per broadcast; empty = no navigation)
parent,17,admin-broadcast,audience_type=park_users;channel_choice=encouragement,3,encouragement,encouragement,n/a,n/a (admin-typed per broadcast; empty = no navigation)
parent,17,admin-broadcast,audience_type=park_users;channel_choice=community,0,community,community,n/a,n/a (admin-typed per broadcast; empty = no navigation)
parent,17,admin-broadcast,audience_type=park_users;channel_choice=community,1,community,community,n/a,n/a (admin-typed per broadcast; empty = no navigation)
parent,17,admin-broadcast,audience_type=park_users;channel_choice=community,2,community,community,n/a,n/a (admin-typed per broadcast; empty = no navigation)
parent,17,admin-broadcast,audience_type=park_users;channel_choice=community,3,NONE,community,daily_cap,n/a (admin-typed per broadcast; empty = no navigation)
parent,18,admin-broadcast,audience_type=all;channel_choice=encouragement,0,encouragement,encouragement,n/a,n/a (admin-typed per broadcast; empty = no navigation)
parent,18,admin-broadcast,audience_type=all;channel_choice=encouragement,1,encouragement,encouragement,n/a,n/a (admin-typed per broadcast; empty = no navigation)
parent,18,admin-broadcast,audience_type=all;channel_choice=encouragement,2,encouragement,encouragement,n/a,n/a (admin-typed per broadcast; empty = no navigation)
parent,18,admin-broadcast,audience_type=all;channel_choice=encouragement,3,encouragement,encouragement,n/a,n/a (admin-typed per broadcast; empty = no navigation)
parent,18,admin-broadcast,audience_type=all;channel_choice=community,0,community,community,n/a,n/a (admin-typed per broadcast; empty = no navigation)
parent,18,admin-broadcast,audience_type=all;channel_choice=community,1,community,community,n/a,n/a (admin-typed per broadcast; empty = no navigation)
parent,18,admin-broadcast,audience_type=all;channel_choice=community,2,community,community,n/a,n/a (admin-typed per broadcast; empty = no navigation)
parent,18,admin-broadcast,audience_type=all;channel_choice=community,3,NONE,community,daily_cap,n/a (admin-typed per broadcast; empty = no navigation)
parent,18,admin-broadcast,audience_type=active_users;channel_choice=encouragement,0,encouragement,encouragement,n/a,n/a (admin-typed per broadcast; empty = no navigation)
parent,18,admin-broadcast,audience_type=active_users;channel_choice=encouragement,1,encouragement,encouragement,n/a,n/a (admin-typed per broadcast; empty = no navigation)
parent,18,admin-broadcast,audience_type=active_users;channel_choice=encouragement,2,encouragement,encouragement,n/a,n/a (admin-typed per broadcast; empty = no navigation)
parent,18,admin-broadcast,audience_type=active_users;channel_choice=encouragement,3,encouragement,encouragement,n/a,n/a (admin-typed per broadcast; empty = no navigation)
parent,18,admin-broadcast,audience_type=active_users;channel_choice=community,0,community,community,n/a,n/a (admin-typed per broadcast; empty = no navigation)
parent,18,admin-broadcast,audience_type=active_users;channel_choice=community,1,community,community,n/a,n/a (admin-typed per broadcast; empty = no navigation)
parent,18,admin-broadcast,audience_type=active_users;channel_choice=community,2,community,community,n/a,n/a (admin-typed per broadcast; empty = no navigation)
parent,18,admin-broadcast,audience_type=active_users;channel_choice=community,3,NONE,community,daily_cap,n/a (admin-typed per broadcast; empty = no navigation)
parent,18,admin-broadcast,audience_type=inactive_users;channel_choice=encouragement,0,encouragement,encouragement,n/a,n/a (admin-typed per broadcast; empty = no navigation)
parent,18,admin-broadcast,audience_type=inactive_users;channel_choice=encouragement,1,encouragement,encouragement,n/a,n/a (admin-typed per broadcast; empty = no navigation)
parent,18,admin-broadcast,audience_type=inactive_users;channel_choice=encouragement,2,encouragement,encouragement,n/a,n/a (admin-typed per broadcast; empty = no navigation)
parent,18,admin-broadcast,audience_type=inactive_users;channel_choice=encouragement,3,encouragement,encouragement,n/a,n/a (admin-typed per broadcast; empty = no navigation)
parent,18,admin-broadcast,audience_type=inactive_users;channel_choice=community,0,community,community,n/a,n/a (admin-typed per broadcast; empty = no navigation)
parent,18,admin-broadcast,audience_type=inactive_users;channel_choice=community,1,community,community,n/a,n/a (admin-typed per broadcast; empty = no navigation)
parent,18,admin-broadcast,audience_type=inactive_users;channel_choice=community,2,community,community,n/a,n/a (admin-typed per broadcast; empty = no navigation)
parent,18,admin-broadcast,audience_type=inactive_users;channel_choice=community,3,NONE,community,daily_cap,n/a (admin-typed per broadcast; empty = no navigation)
parent,18,admin-broadcast,audience_type=park_users;channel_choice=encouragement,0,encouragement,encouragement,n/a,n/a (admin-typed per broadcast; empty = no navigation)
parent,18,admin-broadcast,audience_type=park_users;channel_choice=encouragement,1,encouragement,encouragement,n/a,n/a (admin-typed per broadcast; empty = no navigation)
parent,18,admin-broadcast,audience_type=park_users;channel_choice=encouragement,2,encouragement,encouragement,n/a,n/a (admin-typed per broadcast; empty = no navigation)
parent,18,admin-broadcast,audience_type=park_users;channel_choice=encouragement,3,encouragement,encouragement,n/a,n/a (admin-typed per broadcast; empty = no navigation)
parent,18,admin-broadcast,audience_type=park_users;channel_choice=community,0,community,community,n/a,n/a (admin-typed per broadcast; empty = no navigation)
parent,18,admin-broadcast,audience_type=park_users;channel_choice=community,1,community,community,n/a,n/a (admin-typed per broadcast; empty = no navigation)
parent,18,admin-broadcast,audience_type=park_users;channel_choice=community,2,community,community,n/a,n/a (admin-typed per broadcast; empty = no navigation)
parent,18,admin-broadcast,audience_type=park_users;channel_choice=community,3,NONE,community,daily_cap,n/a (admin-typed per broadcast; empty = no navigation)
parent,19,admin-broadcast,audience_type=all;channel_choice=encouragement,0,encouragement,encouragement,n/a,n/a (admin-typed per broadcast; empty = no navigation)
parent,19,admin-broadcast,audience_type=all;channel_choice=encouragement,1,encouragement,encouragement,n/a,n/a (admin-typed per broadcast; empty = no navigation)
parent,19,admin-broadcast,audience_type=all;channel_choice=encouragement,2,encouragement,encouragement,n/a,n/a (admin-typed per broadcast; empty = no navigation)
parent,19,admin-broadcast,audience_type=all;channel_choice=encouragement,3,encouragement,encouragement,n/a,n/a (admin-typed per broadcast; empty = no navigation)
parent,19,admin-broadcast,audience_type=all;channel_choice=community,0,community,community,n/a,n/a (admin-typed per broadcast; empty = no navigation)
parent,19,admin-broadcast,audience_type=all;channel_choice=community,1,community,community,n/a,n/a (admin-typed per broadcast; empty = no navigation)
parent,19,admin-broadcast,audience_type=all;channel_choice=community,2,community,community,n/a,n/a (admin-typed per broadcast; empty = no navigation)
parent,19,admin-broadcast,audience_type=all;channel_choice=community,3,NONE,community,daily_cap,n/a (admin-typed per broadcast; empty = no navigation)
parent,19,admin-broadcast,audience_type=active_users;channel_choice=encouragement,0,encouragement,encouragement,n/a,n/a (admin-typed per broadcast; empty = no navigation)
parent,19,admin-broadcast,audience_type=active_users;channel_choice=encouragement,1,encouragement,encouragement,n/a,n/a (admin-typed per broadcast; empty = no navigation)
parent,19,admin-broadcast,audience_type=active_users;channel_choice=encouragement,2,encouragement,encouragement,n/a,n/a (admin-typed per broadcast; empty = no navigation)
parent,19,admin-broadcast,audience_type=active_users;channel_choice=encouragement,3,encouragement,encouragement,n/a,n/a (admin-typed per broadcast; empty = no navigation)
parent,19,admin-broadcast,audience_type=active_users;channel_choice=community,0,community,community,n/a,n/a (admin-typed per broadcast; empty = no navigation)
parent,19,admin-broadcast,audience_type=active_users;channel_choice=community,1,community,community,n/a,n/a (admin-typed per broadcast; empty = no navigation)
parent,19,admin-broadcast,audience_type=active_users;channel_choice=community,2,community,community,n/a,n/a (admin-typed per broadcast; empty = no navigation)
parent,19,admin-broadcast,audience_type=active_users;channel_choice=community,3,NONE,community,daily_cap,n/a (admin-typed per broadcast; empty = no navigation)
parent,19,admin-broadcast,audience_type=inactive_users;channel_choice=encouragement,0,encouragement,encouragement,n/a,n/a (admin-typed per broadcast; empty = no navigation)
parent,19,admin-broadcast,audience_type=inactive_users;channel_choice=encouragement,1,encouragement,encouragement,n/a,n/a (admin-typed per broadcast; empty = no navigation)
parent,19,admin-broadcast,audience_type=inactive_users;channel_choice=encouragement,2,encouragement,encouragement,n/a,n/a (admin-typed per broadcast; empty = no navigation)
parent,19,admin-broadcast,audience_type=inactive_users;channel_choice=encouragement,3,encouragement,encouragement,n/a,n/a (admin-typed per broadcast; empty = no navigation)
parent,19,admin-broadcast,audience_type=inactive_users;channel_choice=community,0,community,community,n/a,n/a (admin-typed per broadcast; empty = no navigation)
parent,19,admin-broadcast,audience_type=inactive_users;channel_choice=community,1,community,community,n/a,n/a (admin-typed per broadcast; empty = no navigation)
parent,19,admin-broadcast,audience_type=inactive_users;channel_choice=community,2,community,community,n/a,n/a (admin-typed per broadcast; empty = no navigation)
parent,19,admin-broadcast,audience_type=inactive_users;channel_choice=community,3,NONE,community,daily_cap,n/a (admin-typed per broadcast; empty = no navigation)
parent,19,admin-broadcast,audience_type=park_users;channel_choice=encouragement,0,encouragement,encouragement,n/a,n/a (admin-typed per broadcast; empty = no navigation)
parent,19,admin-broadcast,audience_type=park_users;channel_choice=encouragement,1,encouragement,encouragement,n/a,n/a (admin-typed per broadcast; empty = no navigation)
parent,19,admin-broadcast,audience_type=park_users;channel_choice=encouragement,2,encouragement,encouragement,n/a,n/a (admin-typed per broadcast; empty = no navigation)
parent,19,admin-broadcast,audience_type=park_users;channel_choice=encouragement,3,encouragement,encouragement,n/a,n/a (admin-typed per broadcast; empty = no navigation)
parent,19,admin-broadcast,audience_type=park_users;channel_choice=community,0,community,community,n/a,n/a (admin-typed per broadcast; empty = no navigation)
parent,19,admin-broadcast,audience_type=park_users;channel_choice=community,1,community,community,n/a,n/a (admin-typed per broadcast; empty = no navigation)
parent,19,admin-broadcast,audience_type=park_users;channel_choice=community,2,community,community,n/a,n/a (admin-typed per broadcast; empty = no navigation)
parent,19,admin-broadcast,audience_type=park_users;channel_choice=community,3,NONE,community,daily_cap,n/a (admin-typed per broadcast; empty = no navigation)
parent,20,admin-broadcast,audience_type=all;channel_choice=encouragement,0,encouragement,encouragement,n/a,n/a (admin-typed per broadcast; empty = no navigation)
parent,20,admin-broadcast,audience_type=all;channel_choice=encouragement,1,encouragement,encouragement,n/a,n/a (admin-typed per broadcast; empty = no navigation)
parent,20,admin-broadcast,audience_type=all;channel_choice=encouragement,2,encouragement,encouragement,n/a,n/a (admin-typed per broadcast; empty = no navigation)
parent,20,admin-broadcast,audience_type=all;channel_choice=encouragement,3,encouragement,encouragement,n/a,n/a (admin-typed per broadcast; empty = no navigation)
parent,20,admin-broadcast,audience_type=all;channel_choice=community,0,community,community,n/a,n/a (admin-typed per broadcast; empty = no navigation)
parent,20,admin-broadcast,audience_type=all;channel_choice=community,1,community,community,n/a,n/a (admin-typed per broadcast; empty = no navigation)
parent,20,admin-broadcast,audience_type=all;channel_choice=community,2,community,community,n/a,n/a (admin-typed per broadcast; empty = no navigation)
parent,20,admin-broadcast,audience_type=all;channel_choice=community,3,NONE,community,daily_cap,n/a (admin-typed per broadcast; empty = no navigation)
parent,20,admin-broadcast,audience_type=active_users;channel_choice=encouragement,0,encouragement,encouragement,n/a,n/a (admin-typed per broadcast; empty = no navigation)
parent,20,admin-broadcast,audience_type=active_users;channel_choice=encouragement,1,encouragement,encouragement,n/a,n/a (admin-typed per broadcast; empty = no navigation)
parent,20,admin-broadcast,audience_type=active_users;channel_choice=encouragement,2,encouragement,encouragement,n/a,n/a (admin-typed per broadcast; empty = no navigation)
parent,20,admin-broadcast,audience_type=active_users;channel_choice=encouragement,3,encouragement,encouragement,n/a,n/a (admin-typed per broadcast; empty = no navigation)
parent,20,admin-broadcast,audience_type=active_users;channel_choice=community,0,community,community,n/a,n/a (admin-typed per broadcast; empty = no navigation)
parent,20,admin-broadcast,audience_type=active_users;channel_choice=community,1,community,community,n/a,n/a (admin-typed per broadcast; empty = no navigation)
parent,20,admin-broadcast,audience_type=active_users;channel_choice=community,2,community,community,n/a,n/a (admin-typed per broadcast; empty = no navigation)
parent,20,admin-broadcast,audience_type=active_users;channel_choice=community,3,NONE,community,daily_cap,n/a (admin-typed per broadcast; empty = no navigation)
parent,20,admin-broadcast,audience_type=inactive_users;channel_choice=encouragement,0,encouragement,encouragement,n/a,n/a (admin-typed per broadcast; empty = no navigation)
parent,20,admin-broadcast,audience_type=inactive_users;channel_choice=encouragement,1,encouragement,encouragement,n/a,n/a (admin-typed per broadcast; empty = no navigation)
parent,20,admin-broadcast,audience_type=inactive_users;channel_choice=encouragement,2,encouragement,encouragement,n/a,n/a (admin-typed per broadcast; empty = no navigation)
parent,20,admin-broadcast,audience_type=inactive_users;channel_choice=encouragement,3,encouragement,encouragement,n/a,n/a (admin-typed per broadcast; empty = no navigation)
parent,20,admin-broadcast,audience_type=inactive_users;channel_choice=community,0,community,community,n/a,n/a (admin-typed per broadcast; empty = no navigation)
parent,20,admin-broadcast,audience_type=inactive_users;channel_choice=community,1,community,community,n/a,n/a (admin-typed per broadcast; empty = no navigation)
parent,20,admin-broadcast,audience_type=inactive_users;channel_choice=community,2,community,community,n/a,n/a (admin-typed per broadcast; empty = no navigation)
parent,20,admin-broadcast,audience_type=inactive_users;channel_choice=community,3,NONE,community,daily_cap,n/a (admin-typed per broadcast; empty = no navigation)
parent,20,admin-broadcast,audience_type=park_users;channel_choice=encouragement,0,encouragement,encouragement,n/a,n/a (admin-typed per broadcast; empty = no navigation)
parent,20,admin-broadcast,audience_type=park_users;channel_choice=encouragement,1,encouragement,encouragement,n/a,n/a (admin-typed per broadcast; empty = no navigation)
parent,20,admin-broadcast,audience_type=park_users;channel_choice=encouragement,2,encouragement,encouragement,n/a,n/a (admin-typed per broadcast; empty = no navigation)
parent,20,admin-broadcast,audience_type=park_users;channel_choice=encouragement,3,encouragement,encouragement,n/a,n/a (admin-typed per broadcast; empty = no navigation)
parent,20,admin-broadcast,audience_type=park_users;channel_choice=community,0,community,community,n/a,n/a (admin-typed per broadcast; empty = no navigation)
parent,20,admin-broadcast,audience_type=park_users;channel_choice=community,1,community,community,n/a,n/a (admin-typed per broadcast; empty = no navigation)
parent,20,admin-broadcast,audience_type=park_users;channel_choice=community,2,community,community,n/a,n/a (admin-typed per broadcast; empty = no navigation)
parent,20,admin-broadcast,audience_type=park_users;channel_choice=community,3,NONE,community,daily_cap,n/a (admin-typed per broadcast; empty = no navigation)
parent,21,admin-broadcast,audience_type=all;channel_choice=encouragement,0,encouragement,encouragement,n/a,n/a (admin-typed per broadcast; empty = no navigation)
parent,21,admin-broadcast,audience_type=all;channel_choice=encouragement,1,encouragement,encouragement,n/a,n/a (admin-typed per broadcast; empty = no navigation)
parent,21,admin-broadcast,audience_type=all;channel_choice=encouragement,2,encouragement,encouragement,n/a,n/a (admin-typed per broadcast; empty = no navigation)
parent,21,admin-broadcast,audience_type=all;channel_choice=encouragement,3,encouragement,encouragement,n/a,n/a (admin-typed per broadcast; empty = no navigation)
parent,21,admin-broadcast,audience_type=all;channel_choice=community,0,community,community,n/a,n/a (admin-typed per broadcast; empty = no navigation)
parent,21,admin-broadcast,audience_type=all;channel_choice=community,1,community,community,n/a,n/a (admin-typed per broadcast; empty = no navigation)
parent,21,admin-broadcast,audience_type=all;channel_choice=community,2,community,community,n/a,n/a (admin-typed per broadcast; empty = no navigation)
parent,21,admin-broadcast,audience_type=all;channel_choice=community,3,NONE,community,daily_cap,n/a (admin-typed per broadcast; empty = no navigation)
parent,21,admin-broadcast,audience_type=active_users;channel_choice=encouragement,0,encouragement,encouragement,n/a,n/a (admin-typed per broadcast; empty = no navigation)
parent,21,admin-broadcast,audience_type=active_users;channel_choice=encouragement,1,encouragement,encouragement,n/a,n/a (admin-typed per broadcast; empty = no navigation)
parent,21,admin-broadcast,audience_type=active_users;channel_choice=encouragement,2,encouragement,encouragement,n/a,n/a (admin-typed per broadcast; empty = no navigation)
parent,21,admin-broadcast,audience_type=active_users;channel_choice=encouragement,3,encouragement,encouragement,n/a,n/a (admin-typed per broadcast; empty = no navigation)
parent,21,admin-broadcast,audience_type=active_users;channel_choice=community,0,community,community,n/a,n/a (admin-typed per broadcast; empty = no navigation)
parent,21,admin-broadcast,audience_type=active_users;channel_choice=community,1,community,community,n/a,n/a (admin-typed per broadcast; empty = no navigation)
parent,21,admin-broadcast,audience_type=active_users;channel_choice=community,2,community,community,n/a,n/a (admin-typed per broadcast; empty = no navigation)
parent,21,admin-broadcast,audience_type=active_users;channel_choice=community,3,NONE,community,daily_cap,n/a (admin-typed per broadcast; empty = no navigation)
parent,21,admin-broadcast,audience_type=inactive_users;channel_choice=encouragement,0,encouragement,encouragement,n/a,n/a (admin-typed per broadcast; empty = no navigation)
parent,21,admin-broadcast,audience_type=inactive_users;channel_choice=encouragement,1,encouragement,encouragement,n/a,n/a (admin-typed per broadcast; empty = no navigation)
parent,21,admin-broadcast,audience_type=inactive_users;channel_choice=encouragement,2,encouragement,encouragement,n/a,n/a (admin-typed per broadcast; empty = no navigation)
parent,21,admin-broadcast,audience_type=inactive_users;channel_choice=encouragement,3,encouragement,encouragement,n/a,n/a (admin-typed per broadcast; empty = no navigation)
parent,21,admin-broadcast,audience_type=inactive_users;channel_choice=community,0,community,community,n/a,n/a (admin-typed per broadcast; empty = no navigation)
parent,21,admin-broadcast,audience_type=inactive_users;channel_choice=community,1,community,community,n/a,n/a (admin-typed per broadcast; empty = no navigation)
parent,21,admin-broadcast,audience_type=inactive_users;channel_choice=community,2,community,community,n/a,n/a (admin-typed per broadcast; empty = no navigation)
parent,21,admin-broadcast,audience_type=inactive_users;channel_choice=community,3,NONE,community,daily_cap,n/a (admin-typed per broadcast; empty = no navigation)
parent,21,admin-broadcast,audience_type=park_users;channel_choice=encouragement,0,encouragement,encouragement,n/a,n/a (admin-typed per broadcast; empty = no navigation)
parent,21,admin-broadcast,audience_type=park_users;channel_choice=encouragement,1,encouragement,encouragement,n/a,n/a (admin-typed per broadcast; empty = no navigation)
parent,21,admin-broadcast,audience_type=park_users;channel_choice=encouragement,2,encouragement,encouragement,n/a,n/a (admin-typed per broadcast; empty = no navigation)
parent,21,admin-broadcast,audience_type=park_users;channel_choice=encouragement,3,encouragement,encouragement,n/a,n/a (admin-typed per broadcast; empty = no navigation)
parent,21,admin-broadcast,audience_type=park_users;channel_choice=community,0,community,community,n/a,n/a (admin-typed per broadcast; empty = no navigation)
parent,21,admin-broadcast,audience_type=park_users;channel_choice=community,1,community,community,n/a,n/a (admin-typed per broadcast; empty = no navigation)
parent,21,admin-broadcast,audience_type=park_users;channel_choice=community,2,community,community,n/a,n/a (admin-typed per broadcast; empty = no navigation)
parent,21,admin-broadcast,audience_type=park_users;channel_choice=community,3,NONE,community,daily_cap,n/a (admin-typed per broadcast; empty = no navigation)
parent,22,admin-broadcast,audience_type=all;channel_choice=encouragement,0,encouragement,encouragement,n/a,n/a (admin-typed per broadcast; empty = no navigation)
parent,22,admin-broadcast,audience_type=all;channel_choice=encouragement,1,encouragement,encouragement,n/a,n/a (admin-typed per broadcast; empty = no navigation)
parent,22,admin-broadcast,audience_type=all;channel_choice=encouragement,2,encouragement,encouragement,n/a,n/a (admin-typed per broadcast; empty = no navigation)
parent,22,admin-broadcast,audience_type=all;channel_choice=encouragement,3,encouragement,encouragement,n/a,n/a (admin-typed per broadcast; empty = no navigation)
parent,22,admin-broadcast,audience_type=all;channel_choice=community,0,community,community,n/a,n/a (admin-typed per broadcast; empty = no navigation)
parent,22,admin-broadcast,audience_type=all;channel_choice=community,1,community,community,n/a,n/a (admin-typed per broadcast; empty = no navigation)
parent,22,admin-broadcast,audience_type=all;channel_choice=community,2,community,community,n/a,n/a (admin-typed per broadcast; empty = no navigation)
parent,22,admin-broadcast,audience_type=all;channel_choice=community,3,NONE,community,daily_cap,n/a (admin-typed per broadcast; empty = no navigation)
parent,22,admin-broadcast,audience_type=active_users;channel_choice=encouragement,0,encouragement,encouragement,n/a,n/a (admin-typed per broadcast; empty = no navigation)
parent,22,admin-broadcast,audience_type=active_users;channel_choice=encouragement,1,encouragement,encouragement,n/a,n/a (admin-typed per broadcast; empty = no navigation)
parent,22,admin-broadcast,audience_type=active_users;channel_choice=encouragement,2,encouragement,encouragement,n/a,n/a (admin-typed per broadcast; empty = no navigation)
parent,22,admin-broadcast,audience_type=active_users;channel_choice=encouragement,3,encouragement,encouragement,n/a,n/a (admin-typed per broadcast; empty = no navigation)
parent,22,admin-broadcast,audience_type=active_users;channel_choice=community,0,community,community,n/a,n/a (admin-typed per broadcast; empty = no navigation)
parent,22,admin-broadcast,audience_type=active_users;channel_choice=community,1,community,community,n/a,n/a (admin-typed per broadcast; empty = no navigation)
parent,22,admin-broadcast,audience_type=active_users;channel_choice=community,2,community,community,n/a,n/a (admin-typed per broadcast; empty = no navigation)
parent,22,admin-broadcast,audience_type=active_users;channel_choice=community,3,NONE,community,daily_cap,n/a (admin-typed per broadcast; empty = no navigation)
parent,22,admin-broadcast,audience_type=inactive_users;channel_choice=encouragement,0,encouragement,encouragement,n/a,n/a (admin-typed per broadcast; empty = no navigation)
parent,22,admin-broadcast,audience_type=inactive_users;channel_choice=encouragement,1,encouragement,encouragement,n/a,n/a (admin-typed per broadcast; empty = no navigation)
parent,22,admin-broadcast,audience_type=inactive_users;channel_choice=encouragement,2,encouragement,encouragement,n/a,n/a (admin-typed per broadcast; empty = no navigation)
parent,22,admin-broadcast,audience_type=inactive_users;channel_choice=encouragement,3,encouragement,encouragement,n/a,n/a (admin-typed per broadcast; empty = no navigation)
parent,22,admin-broadcast,audience_type=inactive_users;channel_choice=community,0,community,community,n/a,n/a (admin-typed per broadcast; empty = no navigation)
parent,22,admin-broadcast,audience_type=inactive_users;channel_choice=community,1,community,community,n/a,n/a (admin-typed per broadcast; empty = no navigation)
parent,22,admin-broadcast,audience_type=inactive_users;channel_choice=community,2,community,community,n/a,n/a (admin-typed per broadcast; empty = no navigation)
parent,22,admin-broadcast,audience_type=inactive_users;channel_choice=community,3,NONE,community,daily_cap,n/a (admin-typed per broadcast; empty = no navigation)
parent,22,admin-broadcast,audience_type=park_users;channel_choice=encouragement,0,encouragement,encouragement,n/a,n/a (admin-typed per broadcast; empty = no navigation)
parent,22,admin-broadcast,audience_type=park_users;channel_choice=encouragement,1,encouragement,encouragement,n/a,n/a (admin-typed per broadcast; empty = no navigation)
parent,22,admin-broadcast,audience_type=park_users;channel_choice=encouragement,2,encouragement,encouragement,n/a,n/a (admin-typed per broadcast; empty = no navigation)
parent,22,admin-broadcast,audience_type=park_users;channel_choice=encouragement,3,encouragement,encouragement,n/a,n/a (admin-typed per broadcast; empty = no navigation)
parent,22,admin-broadcast,audience_type=park_users;channel_choice=community,0,community,community,n/a,n/a (admin-typed per broadcast; empty = no navigation)
parent,22,admin-broadcast,audience_type=park_users;channel_choice=community,1,community,community,n/a,n/a (admin-typed per broadcast; empty = no navigation)
parent,22,admin-broadcast,audience_type=park_users;channel_choice=community,2,community,community,n/a,n/a (admin-typed per broadcast; empty = no navigation)
parent,22,admin-broadcast,audience_type=park_users;channel_choice=community,3,NONE,community,daily_cap,n/a (admin-typed per broadcast; empty = no navigation)
parent,23,admin-broadcast,audience_type=all;channel_choice=encouragement,0,encouragement,encouragement,n/a,n/a (admin-typed per broadcast; empty = no navigation)
parent,23,admin-broadcast,audience_type=all;channel_choice=encouragement,1,encouragement,encouragement,n/a,n/a (admin-typed per broadcast; empty = no navigation)
parent,23,admin-broadcast,audience_type=all;channel_choice=encouragement,2,encouragement,encouragement,n/a,n/a (admin-typed per broadcast; empty = no navigation)
parent,23,admin-broadcast,audience_type=all;channel_choice=encouragement,3,encouragement,encouragement,n/a,n/a (admin-typed per broadcast; empty = no navigation)
parent,23,admin-broadcast,audience_type=all;channel_choice=community,0,community,community,n/a,n/a (admin-typed per broadcast; empty = no navigation)
parent,23,admin-broadcast,audience_type=all;channel_choice=community,1,community,community,n/a,n/a (admin-typed per broadcast; empty = no navigation)
parent,23,admin-broadcast,audience_type=all;channel_choice=community,2,community,community,n/a,n/a (admin-typed per broadcast; empty = no navigation)
parent,23,admin-broadcast,audience_type=all;channel_choice=community,3,NONE,community,daily_cap,n/a (admin-typed per broadcast; empty = no navigation)
parent,23,admin-broadcast,audience_type=active_users;channel_choice=encouragement,0,encouragement,encouragement,n/a,n/a (admin-typed per broadcast; empty = no navigation)
parent,23,admin-broadcast,audience_type=active_users;channel_choice=encouragement,1,encouragement,encouragement,n/a,n/a (admin-typed per broadcast; empty = no navigation)
parent,23,admin-broadcast,audience_type=active_users;channel_choice=encouragement,2,encouragement,encouragement,n/a,n/a (admin-typed per broadcast; empty = no navigation)
parent,23,admin-broadcast,audience_type=active_users;channel_choice=encouragement,3,encouragement,encouragement,n/a,n/a (admin-typed per broadcast; empty = no navigation)
parent,23,admin-broadcast,audience_type=active_users;channel_choice=community,0,community,community,n/a,n/a (admin-typed per broadcast; empty = no navigation)
parent,23,admin-broadcast,audience_type=active_users;channel_choice=community,1,community,community,n/a,n/a (admin-typed per broadcast; empty = no navigation)
parent,23,admin-broadcast,audience_type=active_users;channel_choice=community,2,community,community,n/a,n/a (admin-typed per broadcast; empty = no navigation)
parent,23,admin-broadcast,audience_type=active_users;channel_choice=community,3,NONE,community,daily_cap,n/a (admin-typed per broadcast; empty = no navigation)
parent,23,admin-broadcast,audience_type=inactive_users;channel_choice=encouragement,0,encouragement,encouragement,n/a,n/a (admin-typed per broadcast; empty = no navigation)
parent,23,admin-broadcast,audience_type=inactive_users;channel_choice=encouragement,1,encouragement,encouragement,n/a,n/a (admin-typed per broadcast; empty = no navigation)
parent,23,admin-broadcast,audience_type=inactive_users;channel_choice=encouragement,2,encouragement,encouragement,n/a,n/a (admin-typed per broadcast; empty = no navigation)
parent,23,admin-broadcast,audience_type=inactive_users;channel_choice=encouragement,3,encouragement,encouragement,n/a,n/a (admin-typed per broadcast; empty = no navigation)
parent,23,admin-broadcast,audience_type=inactive_users;channel_choice=community,0,community,community,n/a,n/a (admin-typed per broadcast; empty = no navigation)
parent,23,admin-broadcast,audience_type=inactive_users;channel_choice=community,1,community,community,n/a,n/a (admin-typed per broadcast; empty = no navigation)
parent,23,admin-broadcast,audience_type=inactive_users;channel_choice=community,2,community,community,n/a,n/a (admin-typed per broadcast; empty = no navigation)
parent,23,admin-broadcast,audience_type=inactive_users;channel_choice=community,3,NONE,community,daily_cap,n/a (admin-typed per broadcast; empty = no navigation)
parent,23,admin-broadcast,audience_type=park_users;channel_choice=encouragement,0,encouragement,encouragement,n/a,n/a (admin-typed per broadcast; empty = no navigation)
parent,23,admin-broadcast,audience_type=park_users;channel_choice=encouragement,1,encouragement,encouragement,n/a,n/a (admin-typed per broadcast; empty = no navigation)
parent,23,admin-broadcast,audience_type=park_users;channel_choice=encouragement,2,encouragement,encouragement,n/a,n/a (admin-typed per broadcast; empty = no navigation)
parent,23,admin-broadcast,audience_type=park_users;channel_choice=encouragement,3,encouragement,encouragement,n/a,n/a (admin-typed per broadcast; empty = no navigation)
parent,23,admin-broadcast,audience_type=park_users;channel_choice=community,0,community,community,n/a,n/a (admin-typed per broadcast; empty = no navigation)
parent,23,admin-broadcast,audience_type=park_users;channel_choice=community,1,community,community,n/a,n/a (admin-typed per broadcast; empty = no navigation)
parent,23,admin-broadcast,audience_type=park_users;channel_choice=community,2,community,community,n/a,n/a (admin-typed per broadcast; empty = no navigation)
parent,23,admin-broadcast,audience_type=park_users;channel_choice=community,3,NONE,community,daily_cap,n/a (admin-typed per broadcast; empty = no navigation)
